// Conceito02  320 x 240  (RGB565)
const uint16_t Conceito02[] PROGMEM = {
  0x0005, 0x0005, 0x0005, 0x0005, 0x0005, 0x0006, 0x0006, 0x0006, 0x0006, 0x0006, 0x0006, 0x0006,
  0x0006, 0x0006, 0x0006, 0x0006, 0x0006, 0x0006, 0x0006, 0x0006, 0x0006, 0x0006, 0x0006, 0x0006,
  0x0006, 0x0006, 0x0006, 0x0006, 0x0006, 0x0006, 0x0006, 0x0007, 0x0007, 0x0007, 0x0007, 0x0007,
  0x0007, 0x0007, 0x0007, 0x0007, 0x0007, 0x0007, 0x0007, 0x0007, 0x0007, 0x0007, 0x0007, 0x0007,
  0x0007, 0x0007, 0x0007, 0x0007, 0x0007, 0x0007, 0x0007, 0x0007, 0x0007, 0x0007, 0x0007, 0x0007,
  0x0007, 0x0007, 0x0007, 0x0007, 0x0007, 0x0007, 0x0007, 0x0007, 0x0007, 0x0007, 0x0007, 0x0007,
  0x0007, 0x0007, 0x0007, 0x0007, 0x0007, 0x0007, 0x0007, 0x0007, 0x0007, 0x0007, 0x0006, 0x0006,
  0x0006, 0x0006, 0x0006, 0x0006, 0x0006, 0x0006, 0x0006, 0x0006, 0x0006, 0x0006, 0x0006, 0x0006,
  0x0006, 0x0006, 0x0006, 0x0006, 0x0006, 0x0006, 0x0006, 0x0006, 0x0006, 0x0006, 0x0006, 0x0006,
  0x0006, 0x0006, 0x0006, 0x0006, 0x0006, 0x0006, 0x0006, 0x0006, 0x0006, 0x0006, 0x0006, 0x0006,
  0x0006, 0x0006, 0x0006, 0x0006, 0x0006, 0x0006, 0x0006, 0x0006, 0x0006, 0x0006, 0x0807, 0x0807,
  0x0807, 0x0807, 0x0807, 0x0807, 0x0807, 0x0807, 0x0807, 0x0807, 0x0807, 0x0807, 0x0807, 0x0807,
  0x0827, 0x0827, 0x0828, 0x0828, 0x0828, 0x0828, 0x0828, 0x1028, 0x1028, 0x0828, 0x1028, 0x1028,
  0x1028, 0x1028, 0x1028, 0x1028, 0x1028, 0x1028, 0x1028, 0x1028, 0x1028, 0x1028, 0x1028, 0x1028,
  0x1028, 0x1028, 0x1028, 0x1028, 0x1028, 0x1028, 0x1028, 0x1028, 0x1028, 0x1028, 0x1028, 0x1028,
  0x1028, 0x1028, 0x1028, 0x1028, 0x1028, 0x1028, 0x1028, 0x1028, 0x1028, 0x1028, 0x1028, 0x1028,
  0x1028, 0x1028, 0x1028, 0x1028, 0x1028, 0x1028, 0x1028, 0x0828, 0x0828, 0x0827, 0x0827, 0x0827,
  0x0827, 0x0827, 0x0807, 0x0807, 0x0807, 0x0807, 0x0807, 0x0807, 0x0807, 0x0807, 0x0807, 0x0807,
  0x0807, 0x0807, 0x0007, 0x0807, 0x0007, 0x0007, 0x0007, 0x0007, 0x0007, 0x0007, 0x0007, 0x0007,
  0x0007, 0x0007, 0x0007, 0x0007, 0x0007, 0x0007, 0x0007, 0x0007, 0x0007, 0x0007, 0x0007, 0x0007,
  0x0007, 0x0007, 0x0007, 0x0007, 0x0008, 0x0008, 0x0008, 0x0008, 0x0008, 0x0008, 0x0008, 0x0008,
  0x0008, 0x0009, 0x0009, 0x0009, 0x0809, 0x0809, 0x0809, 0x080A, 0x080A, 0x080A, 0x080A, 0x080A,
  0x080A, 0x082B, 0x080B, 0x082B, 0x080B, 0x082B, 0x082C, 0x082C, 0x082C, 0x082C, 0x082C, 0x082C,
  0x102D, 0x102D, 0x102D, 0x102D, 0x102D, 0x102D, 0x102E, 0x102E, 0x102E, 0x102E, 0x102E, 0x102E,
  0x102E, 0x104F, 0x104F, 0x104F, 0x102F, 0x104F, 0x104F, 0x104F, 0x104F, 0x104F, 0x104F, 0x104F,
  0x104F, 0x104F, 0x1050, 0x1050, 0x1050, 0x1050, 0x1050, 0x1050, 0x104F, 0x104F, 0x104F, 0x104F,
  0x104F, 0x104F, 0x104F, 0x104F, 0x104F, 0x104F, 0x102F, 0x102F, 0x0005, 0x0005, 0x0006, 0x0005,
  0x0006, 0x0005, 0x0006, 0x0006, 0x0006, 0x0006, 0x0806, 0x3145, 0x0806, 0x0006, 0x0006, 0x0006,
  0x0006, 0x0006, 0x0006, 0x0006, 0x0006, 0x0006, 0x0006, 0x0006, 0x0006, 0x0006, 0x0006, 0x0006,
  0x0006, 0x0006, 0x0007, 0x0007, 0x0007, 0x0007, 0x0007, 0x0007, 0x0007, 0x0007, 0x0007, 0x0007,
  0x0007, 0x0007, 0x0007, 0x0007, 0x0007, 0x0007, 0x0007, 0x0007, 0x0007, 0x0007, 0x0007, 0x0007,
  0x0007, 0x0007, 0x0007, 0x0007, 0x0007, 0x0007, 0x0007, 0x0007, 0x0007, 0x0007, 0x0007, 0x0007,
  0x0007, 0x0007, 0x0007, 0x0007, 0x0007, 0x0007, 0x0007, 0x0007, 0x0007, 0x0007, 0x0007, 0x0007,
  0x0007, 0x0007, 0x0007, 0x0007, 0x0007, 0x0007, 0x0007, 0x0006, 0x0006, 0x0006, 0x0006, 0x0006,
  0x0006, 0x0006, 0x0006, 0x0006, 0x0006, 0x0006, 0x0006, 0x0006, 0x0006, 0x0006, 0x0006, 0x0006,
  0x0006, 0x0006, 0x0006, 0x0006, 0x0006, 0x0006, 0x0006, 0x0006, 0x0006, 0x0006, 0x0006, 0x0006,
  0x0006, 0x0006, 0x0006, 0x0006, 0x0006, 0x0006, 0x0006, 0x0006, 0x0006, 0x0006, 0x0006, 0x0006,
  0x0006, 0x0006, 0x0006, 0x0006, 0x0006, 0x0006, 0x0807, 0x0807, 0x0807, 0x0807, 0x0807, 0x0807,
  0x0807, 0x0807, 0x0807, 0x0807, 0x0807, 0x0807, 0x0807, 0x0827, 0x0807, 0x0827, 0x0827, 0x0827,
  0x0828, 0x0828, 0x0828, 0x0828, 0x1028, 0x1028, 0x1028, 0x1028, 0x1028, 0x1028, 0x1028, 0x1028,
  0x1028, 0x1028, 0x1028, 0x1028, 0x1028, 0x1028, 0x1028, 0x1028, 0x1028, 0x1028, 0x1028, 0x1028,
  0x1028, 0x1028, 0x1028, 0x1028, 0x1028, 0x1028, 0x1028, 0x1028, 0x1028, 0x1028, 0x1028, 0x1028,
  0x1028, 0x1028, 0x1028, 0x1028, 0x1028, 0x1028, 0x1028, 0x1028, 0x1028, 0x1028, 0x1028, 0x1028,
  0x1028, 0x1028, 0x0828, 0x0828, 0x0827, 0x0828, 0x0827, 0x0827, 0x0827, 0x0827, 0x0807, 0x0807,
  0x0807, 0x0807, 0x0807, 0x0807, 0x0807, 0x0807, 0x0807, 0x0807, 0x0807, 0x0807, 0x0007, 0x0007,
  0x0807, 0x0007, 0x0007, 0x0007, 0x0007, 0x0007, 0x0007, 0x0007, 0x0007, 0x0007, 0x0007, 0x0007,
  0x0007, 0x0007, 0x0007, 0x0007, 0x0007, 0x0007, 0x0007, 0x0007, 0x0007, 0x0007, 0x0007, 0x0007,
  0x0008, 0x0008, 0x0008, 0x0008, 0x0008, 0x0008, 0x0008, 0x0008, 0x0008, 0x0009, 0x0009, 0x0009,
  0x0809, 0x0809, 0x0809, 0x080A, 0x080A, 0x080A, 0x080A, 0x080A, 0x080A, 0x082B, 0x080B, 0x082B,
  0x080B, 0x082B, 0x082B, 0x082C, 0x082C, 0x082C, 0x102C, 0x082C, 0x082D, 0x102D, 0x102D, 0x102D,
  0x102D, 0x102D, 0x102E, 0x102E, 0x102E, 0x102E, 0x102E, 0x104E, 0x102F, 0x104F, 0x104F, 0x104F,
  0x102F, 0x104F, 0x104F, 0x104F, 0x104F, 0x104F, 0x104F, 0x104F, 0x1050, 0x1050, 0x104F, 0x104F,
  0x104F, 0x104F, 0x104F, 0x104F, 0x1050, 0x1050, 0x104F, 0x104F, 0x104F, 0x104F, 0x104F, 0x104F,
  0x104F, 0x104F, 0x104F, 0x102F, 0x0005, 0x0005, 0x0005, 0x0005, 0x0006, 0x0006, 0x0006, 0x0006,
  0x0006, 0x0806, 0x9C04, 0xB4A3, 0x9C04, 0x0806, 0x0006, 0x0006, 0x0006, 0x0006, 0x0006, 0x0006,
  0x0006, 0x0006, 0x0006, 0x0006, 0x0006, 0x0006, 0x0006, 0x0006, 0x0006, 0x0007, 0x0007, 0x0007,
  0x0007, 0x0007, 0x0007, 0x0007, 0x0007, 0x0007, 0x0007, 0x0007, 0x0007, 0x0007, 0x0007, 0x0007,
  0x0007, 0x0007, 0x0007, 0x0007, 0x0007, 0x0007, 0x0007, 0x0007, 0x0007, 0x0007, 0x0007, 0x0007,
  0x0007, 0x0007, 0x0007, 0x0007, 0x0007, 0x0007, 0x0007, 0x0007, 0x0007, 0x0007, 0x0007, 0x0007,
  0x0007, 0x0007, 0x0007, 0x0007, 0x0007, 0x0007, 0x0007, 0x0007, 0x0007, 0x0007, 0x0007, 0x0007,
  0x0007, 0x0007, 0x0007, 0x0007, 0x0006, 0x0006, 0x0006, 0x0006, 0x0006, 0x0006, 0x0006, 0x0006,
  0x0006, 0x0006, 0x0006, 0x0006, 0x0006, 0x0006, 0x0006, 0x0006, 0x0006, 0x0006, 0x0006, 0x0006,
  0x0006, 0x0006, 0x0006, 0x0006, 0x0006, 0x0006, 0x0006, 0x0006, 0x0006, 0x0006, 0x0006, 0x0006,
  0x0006, 0x0006, 0x0006, 0x0006, 0x0006, 0x0006, 0x0006, 0x0006, 0x0006, 0x0006, 0x0006, 0x0006,
  0x0006, 0x0007, 0x0007, 0x0807, 0x0807, 0x0807, 0x0807, 0x0807, 0x0807, 0x0807, 0x0807, 0x0807,
  0x0807, 0x0827, 0x0807, 0x0827, 0x0827, 0x0827, 0x0827, 0x0827, 0x0828, 0x0828, 0x0828, 0x1028,
  0x1028, 0x1028, 0x1028, 0x1028, 0x1028, 0x1028, 0x1028, 0x1028, 0x1028, 0x1028, 0x1028, 0x1028,
  0x1028, 0x1028, 0x1028, 0x1028, 0x1028, 0x1028, 0x1028, 0x1028, 0x1028, 0x1028, 0x1028, 0x1028,
  0x1028, 0x1028, 0x1028, 0x1028, 0x1028, 0x1028, 0x1028, 0x1028, 0x1028, 0x1028, 0x1028, 0x1028,
  0x1028, 0x1028, 0x1028, 0x1028, 0x1028, 0x1028, 0x1028, 0x1028, 0x1028, 0x1028, 0x1028, 0x0828,
  0x0827, 0x0827, 0x0827, 0x0827, 0x0827, 0x0807, 0x0807, 0x0807, 0x0807, 0x0807, 0x0807, 0x0807,
  0x0807, 0x0807, 0x0807, 0x0807, 0x0807, 0x0807, 0x0007, 0x0007, 0x0807, 0x0007, 0x0007, 0x0007,
  0x0007, 0x0007, 0x0007, 0x0007, 0x0007, 0x0007, 0x0007, 0x0007, 0x0007, 0x0007, 0x0007, 0x0007,
  0x0007, 0x0007, 0x0007, 0x0007, 0x0007, 0x0007, 0x0007, 0x0007, 0x0008, 0x0008, 0x0008, 0x0008,
  0x0008, 0x0008, 0x0008, 0x0008, 0x0009, 0x0009, 0x0009, 0x0009, 0x0809, 0x0809, 0x0809, 0x080A,
  0x080A, 0x080A, 0x080A, 0x080A, 0x080A, 0x082B, 0x080B, 0x082B, 0x080B, 0x082B, 0x082C, 0x082C,
  0x082C, 0x082C, 0x102C, 0x082C, 0x082D, 0x102D, 0x102D, 0x102D, 0x102D, 0x102E, 0x102E, 0x102E,
  0x102E, 0x102E, 0x102E, 0x104E, 0x102E, 0x104F, 0x104F, 0x104F, 0x104F, 0x104F, 0x104F, 0x104F,
  0x104F, 0x104F, 0x104F, 0x1050, 0x1050, 0x104F, 0x1050, 0x1050, 0x1050, 0x1050, 0x1050, 0x1050,
  0x1050, 0x104F, 0x1050, 0x104F, 0x104F, 0x104F, 0x104F, 0x104F, 0x104F, 0x104F, 0x104F, 0x104F,
  0x0005, 0x0006, 0x0005, 0x0006, 0x0006, 0x0006, 0x0006, 0x0006, 0x0006, 0x5205, 0xB4A3, 0x93C7,
  0xB4A3, 0x8B64, 0x0006, 0x0006, 0x0006, 0x0006, 0x0006, 0x0006, 0x0006, 0x0006, 0x0006, 0x0006,
  0x0006, 0x0006, 0x0006, 0x0006, 0x0007, 0x0007, 0x0007, 0x0007, 0x0007, 0x0007, 0x0007, 0x0007,
  0x0007, 0x0007, 0x0007, 0x0007, 0x0007, 0x0007, 0x0007, 0x0007, 0x0007, 0x0007, 0x0007, 0x0007,
  0x0007, 0x0007, 0x0007, 0x0007, 0x0007, 0x0007, 0x0007, 0x0007, 0x0007, 0x0007, 0x0007, 0x0007,
  0x0007, 0x0007, 0x0007, 0x0007, 0x0007, 0x0007, 0x0007, 0x0007, 0x0007, 0x0007, 0x0007, 0x0007,
  0x0007, 0x0007, 0x0007, 0x0007, 0x0007, 0x0007, 0x0007, 0x0007, 0x0007, 0x0007, 0x0007, 0x0007,
  0x0007, 0x0006, 0x0006, 0x0006, 0x0006, 0x0006, 0x0006, 0x0006, 0x0006, 0x0006, 0x0006, 0x0006,
  0x0006, 0x0006, 0x0006, 0x0006, 0x0006, 0x0006, 0x0006, 0x0006, 0x0006, 0x0006, 0x0006, 0x0006,
  0x0006, 0x0006, 0x0006, 0x0006, 0x0006, 0x0006, 0x0006, 0x0006, 0x0006, 0x0006, 0x0006, 0x0006,
  0x0006, 0x0006, 0x0006, 0x0006, 0x0006, 0x0006, 0x0006, 0x0006, 0x0006, 0x0007, 0x0007, 0x0807,
  0x0807, 0x0807, 0x0807, 0x0807, 0x0807, 0x0807, 0x0807, 0x0807, 0x0807, 0x0827, 0x0827, 0x0827,
  0x0827, 0x0827, 0x0827, 0x0828, 0x0828, 0x0828, 0x0828, 0x0828, 0x1028, 0x1028, 0x1028, 0x1028,
  0x1028, 0x1028, 0x1028, 0x1028, 0x1028, 0x1028, 0x1028, 0x1028, 0x1028, 0x1028, 0x1028, 0x1028,
  0x1028, 0x1028, 0x1028, 0x1028, 0x1028, 0x1028, 0x1028, 0x1028, 0x1028, 0x1028, 0x1028, 0x1028,
  0x1028, 0x1028, 0x1028, 0x1028, 0x1028, 0x1028, 0x1028, 0x1028, 0x1028, 0x1028, 0x1028, 0x1028,
  0x1028, 0x1028, 0x1028, 0x0828, 0x1028, 0x0828, 0x0828, 0x0828, 0x0827, 0x0827, 0x0827, 0x0827,
  0x0827, 0x0807, 0x0807, 0x0807, 0x0827, 0x0807, 0x0807, 0x0807, 0x0807, 0x0807, 0x0807, 0x0807,
  0x0807, 0x0807, 0x0807, 0x0007, 0x0807, 0x0007, 0x0007, 0x0007, 0x0007, 0x0007, 0x0007, 0x0007,
  0x0007, 0x0007, 0x0007, 0x0007, 0x0007, 0x0007, 0x0007, 0x0007, 0x0007, 0x0007, 0x0007, 0x0007,
  0x0007, 0x0007, 0x0007, 0x0007, 0x0008, 0x0008, 0x0008, 0x0008, 0x0008, 0x0008, 0x0008, 0x0008,
  0x0009, 0x0009, 0x0009, 0x0009, 0x0809, 0x0809, 0x0809, 0x080A, 0x080A, 0x080A, 0x080A, 0x080A,
  0x080A, 0x082B, 0x080B, 0x082B, 0x080B, 0x082B, 0x082C, 0x082C, 0x082C, 0x082C, 0x082C, 0x082C,
  0x102D, 0x102D, 0x102D, 0x102D, 0x102D, 0x102E, 0x102E, 0x102E, 0x102E, 0x102E, 0x102E, 0x102E,
  0x104F, 0x104F, 0x104F, 0x102F, 0x104F, 0x104F, 0x104F, 0x104F, 0x104F, 0x104F, 0x1050, 0x1050,
  0x1050, 0x1050, 0x1050, 0x1050, 0x1050, 0x1050, 0x1050, 0x1050, 0x1050, 0x1050, 0x104F, 0x1050,
  0x104F, 0x104F, 0x104F, 0x104F, 0x104F, 0x104F, 0x104F, 0x104F, 0x0005, 0x0005, 0x0005, 0x0006,
  0x0006, 0x0006, 0x0006, 0x0006, 0x0006, 0x7B24, 0xB4A3, 0x5A8B, 0x9C25, 0xB4A3, 0x72E5, 0x0006,
  0x0006, 0x0006, 0x0006, 0x0006, 0x0006, 0x0006, 0x0006, 0x0006, 0x0006, 0x0006, 0x0006, 0x0007,
  0x0007, 0x0007, 0x0007, 0x0007, 0x0007, 0x0007, 0x0007, 0x0007, 0x0007, 0x0007, 0x0007, 0x0007,
  0x0007, 0x0007, 0x0007, 0x0007, 0x0007, 0x0007, 0x0007, 0x0007, 0x0007, 0x0007, 0x0007, 0x0007,
  0x0007, 0x0007, 0x0007, 0x0007, 0x0007, 0x0007, 0x0007, 0x0007, 0x0007, 0x0007, 0x0007, 0x0007,
  0x0007, 0x0007, 0x0007, 0x0007, 0x0007, 0x0007, 0x0007, 0x0007, 0x0007, 0x0007, 0x0007, 0x0007,
  0x0007, 0x0007, 0x0007, 0x0007, 0x0007, 0x0007, 0x0007, 0x0007, 0x0007, 0x0007, 0x0006, 0x0006,
  0x0006, 0x0006, 0x0006, 0x0006, 0x0006, 0x0006, 0x0006, 0x0006, 0x0006, 0x0006, 0x0006, 0x0006,
  0x0006, 0x0006, 0x0006, 0x0006, 0x0006, 0x0006, 0x0006, 0x0006, 0x0006, 0x0006, 0x0006, 0x0006,
  0x0006, 0x0006, 0x0006, 0x0006, 0x0006, 0x0006, 0x0006, 0x0006, 0x0006, 0x0006, 0x0006, 0x0006,
  0x0006, 0x0006, 0x0006, 0x0006, 0x0007, 0x0007, 0x0007, 0x0807, 0x0807, 0x0807, 0x0807, 0x0807,
  0x0807, 0x0807, 0x0807, 0x0807, 0x0807, 0x0807, 0x0827, 0x0827, 0x0827, 0x0827, 0x0827, 0x0827,
  0x0827, 0x1028, 0x1028, 0x1028, 0x1028, 0x1028, 0x1028, 0x1028, 0x1028, 0x1028, 0x1028, 0x1028,
  0x1028, 0x1028, 0x1028, 0x1028, 0x1028, 0x1028, 0x1028, 0x1028, 0x1028, 0x1028, 0x1028, 0x1028,
  0x1028, 0x1028, 0x1028, 0x1028, 0x1028, 0x1028, 0x1028, 0x1028, 0x1028, 0x1028, 0x1028, 0x1028,
  0x1028, 0x1028, 0x1028, 0x1028, 0x1028, 0x1028, 0x1028, 0x1028, 0x1028, 0x1028, 0x1028, 0x1028,
  0x1028, 0x0827, 0x0828, 0x0828, 0x0828, 0x0827, 0x0827, 0x0827, 0x0827, 0x0807, 0x0807, 0x0807,
  0x0807, 0x0807, 0x0807, 0x0807, 0x0807, 0x0807, 0x0807, 0x0807, 0x0807, 0x0007, 0x0807, 0x0007,
  0x0007, 0x0007, 0x0007, 0x0007, 0x0007, 0x0007, 0x0007, 0x0007, 0x0007, 0x0007, 0x0007, 0x0007,
  0x0007, 0x0007, 0x0007, 0x0007, 0x0007, 0x0007, 0x0007, 0x0007, 0x0007, 0x0007, 0x0007, 0x0007,
  0x0008, 0x0008, 0x0008, 0x0008, 0x0008, 0x0008, 0x0008, 0x0008, 0x0009, 0x0009, 0x0009, 0x0009,
  0x0809, 0x0809, 0x0809, 0x080A, 0x080A, 0x080A, 0x080A, 0x080A, 0x080A, 0x082B, 0x080B, 0x080B,
  0x082B, 0x082B, 0x082C, 0x082C, 0x082C, 0x082C, 0x082C, 0x082C, 0x102D, 0x102D, 0x102D, 0x102D,
  0x102E, 0x102E, 0x102E, 0x102E, 0x102E, 0x102E, 0x104E, 0x102F, 0x104F, 0x104F, 0x104F, 0x104F,
  0x104F, 0x104F, 0x104F, 0x104F, 0x104F, 0x104F, 0x1050, 0x1050, 0x1050, 0x1050, 0x1050, 0x1050,
  0x1050, 0x1050, 0x1050, 0x1050, 0x1050, 0x1050, 0x1050, 0x104F, 0x1050, 0x104F, 0x104F, 0x104F,
  0x104F, 0x104F, 0x104F, 0x104F, 0x0006, 0x0005, 0x0006, 0x0005, 0x0006, 0x0006, 0x0006, 0x0006,
  0x0006, 0x6AA5, 0xB4A3, 0x6AEA, 0x4A2C, 0xAC84, 0xB4A3, 0x3986, 0x0006, 0x0006, 0x0006, 0x0006,
  0x0006, 0x0006, 0x0006, 0x0006, 0x0006, 0x0006, 0x0007, 0x0007, 0x0007, 0x0007, 0x0007, 0x0007,
  0x0007, 0x0007, 0x0007, 0x0007, 0x0007, 0x0007, 0x0007, 0x0007, 0x0007, 0x0007, 0x0007, 0x0007,
  0x0007, 0x0007, 0x0007, 0x0007, 0x0007, 0x0007, 0x0007, 0x0007, 0x0007, 0x0007, 0x0007, 0x0007,
  0x0007, 0x0007, 0x0007, 0x0007, 0x0007, 0x0007, 0x0007, 0x0007, 0x0007, 0x0007, 0x0007, 0x0007,
  0x0007, 0x0007, 0x0007, 0x0007, 0x0007, 0x0007, 0x0007, 0x0007, 0x0007, 0x0007, 0x0007, 0x0007,
  0x0007, 0x0007, 0x0007, 0x0007, 0x0007, 0x0007, 0x0007, 0x0006, 0x0006, 0x0006, 0x0006, 0x0006,
  0x0006, 0x0006, 0x0006, 0x0006, 0x0006, 0x0006, 0x0006, 0x0006, 0x0006, 0x0006, 0x0006, 0x0006,
  0x0006, 0x0006, 0x0006, 0x0006, 0x0006, 0x0006, 0x0006, 0x0006, 0x0006, 0x0006, 0x0006, 0x0006,
  0x0006, 0x0006, 0x0006, 0x0006, 0x0006, 0x0006, 0x0006, 0x0006, 0x0006, 0x0006, 0x0006, 0x0006,
  0x0807, 0x0007, 0x0007, 0x0807, 0x0807, 0x0807, 0x0807, 0x0807, 0x0807, 0x0807, 0x0807, 0x0807,
  0x0807, 0x0807, 0x0827, 0x0827, 0x0827, 0x0827, 0x0827, 0x0827, 0x0827, 0x0828, 0x0828, 0x1028,
  0x0828, 0x1028, 0x1028, 0x1028, 0x1028, 0x1028, 0x1028, 0x1028, 0x1028, 0x1028, 0x1028, 0x1028,
  0x1028, 0x1028, 0x1028, 0x1028, 0x1028, 0x1028, 0x1028, 0x1028, 0x1028, 0x1028, 0x1028, 0x1028,
  0x1028, 0x1028, 0x1028, 0x1028, 0x1028, 0x1028, 0x1028, 0x1028, 0x1028, 0x1028, 0x1028, 0x1028,
  0x1028, 0x1028, 0x1028, 0x1028, 0x1028, 0x1028, 0x0828, 0x1028, 0x1028, 0x0828, 0x0828, 0x0827,
  0x0827, 0x0827, 0x0827, 0x0827, 0x0807, 0x0807, 0x0807, 0x0807, 0x0807, 0x0807, 0x0807, 0x0807,
  0x0807, 0x0807, 0x0807, 0x0807, 0x0807, 0x0007, 0x0007, 0x0807, 0x0007, 0x0007, 0x0007, 0x0007,
  0x0007, 0x0007, 0x0006, 0x0007, 0x0007, 0x0007, 0x0007, 0x0007, 0x0007, 0x0007, 0x0007, 0x0007,
  0x0007, 0x0007, 0x0007, 0x0007, 0x0007, 0x0007, 0x0007, 0x0007, 0x0008, 0x0008, 0x0008, 0x0008,
  0x0008, 0x0008, 0x0008, 0x0008, 0x0009, 0x0009, 0x0009, 0x0809, 0x0809, 0x0809, 0x0809, 0x080A,
  0x080A, 0x080A, 0x080A, 0x080A, 0x080B, 0x082B, 0x082B, 0x080B, 0x082B, 0x082C, 0x082C, 0x082C,
  0x082C, 0x082C, 0x082C, 0x102D, 0x102D, 0x102D, 0x102D, 0x102D, 0x102D, 0x102E, 0x102E, 0x102E,
  0x102E, 0x102E, 0x104E, 0x102E, 0x104F, 0x104F, 0x102F, 0x104F, 0x104F, 0x104F, 0x104F, 0x104F,
  0x104F, 0x1050, 0x1050, 0x1050, 0x1050, 0x1050, 0x1850, 0x1850, 0x1850, 0x1850, 0x1850, 0x1850,
  0x1050, 0x1050, 0x1050, 0x1050, 0x104F, 0x1050, 0x104F, 0x104F, 0x104F, 0x104F, 0x104F, 0x104F,
  0x0005, 0x0005, 0x0006, 0x0006, 0x0006, 0x0006, 0x0006, 0x0006, 0x0006, 0x49E5, 0xB4A3, 0x8368,
  0x318D, 0x6AE9, 0xB4A3, 0xA424, 0x1046, 0x0006, 0x0006, 0x0006, 0x0006, 0x0006, 0x0006, 0x0006,
  0x0006, 0x0007, 0x0007, 0x0007, 0x0007, 0x0007, 0x0007, 0x0007, 0x0007, 0x0007, 0x0007, 0x0007,
  0x0007, 0x0007, 0x0007, 0x0007, 0x0007, 0x0007, 0x0007, 0x0007, 0x0007, 0x0007, 0x0007, 0x0007,
  0x0007, 0x0007, 0x0007, 0x0007, 0x0007, 0x0007, 0x0007, 0x0007, 0x0007, 0x0007, 0x0007, 0x0007,
  0x0007, 0x0007, 0x0007, 0x0007, 0x0007, 0x0007, 0x0007, 0x0007, 0x0007, 0x0007, 0x0007, 0x0007,
  0x0007, 0x0007, 0x0007, 0x0007, 0x0007, 0x0007, 0x0007, 0x0007, 0x0007, 0x0007, 0x0007, 0x0007,
  0x0007, 0x0007, 0x0007, 0x0007, 0x0006, 0x0007, 0x0006, 0x0006, 0x0006, 0x0006, 0x0006, 0x0006,
  0x0006, 0x0006, 0x0006, 0x0006, 0x0006, 0x0006, 0x0006, 0x0006, 0x0006, 0x0006, 0x0006, 0x0006,
  0x0006, 0x0006, 0x0006, 0x0006, 0x0006, 0x0006, 0x0006, 0x0006, 0x0006, 0x0006, 0x0006, 0x0006,
  0x0006, 0x0006, 0x0006, 0x0006, 0x0006, 0x0006, 0x0006, 0x0006, 0x0007, 0x0006, 0x0007, 0x0007,
  0x0807, 0x0807, 0x0807, 0x0807, 0x0807, 0x0807, 0x0807, 0x0807, 0x0807, 0x0807, 0x0827, 0x0827,
  0x0827, 0x0827, 0x0827, 0x0827, 0x0827, 0x0827, 0x1028, 0x1028, 0x1028, 0x1028, 0x1028, 0x1028,
  0x1028, 0x1028, 0x1028, 0x1028, 0x1028, 0x1028, 0x1028, 0x1028, 0x1028, 0x1028, 0x1028, 0x1028,
  0x1028, 0x1028, 0x1028, 0x1028, 0x1028, 0x1028, 0x1028, 0x1028, 0x1028, 0x1028, 0x1028, 0x1028,
  0x1028, 0x1028, 0x1028, 0x1028, 0x1028, 0x1028, 0x1028, 0x1028, 0x1028, 0x1028, 0x1028, 0x1028,
  0x1028, 0x1028, 0x1028, 0x1028, 0x0827, 0x0828, 0x0828, 0x0828, 0x0827, 0x0827, 0x0827, 0x0827,
  0x0807, 0x0807, 0x0807, 0x0827, 0x0807, 0x0807, 0x0807, 0x0807, 0x0807, 0x0807, 0x0807, 0x0807,
  0x0807, 0x0007, 0x0007, 0x0807, 0x0007, 0x0007, 0x0007, 0x0007, 0x0007, 0x0007, 0x0007, 0x0007,
  0x0007, 0x0007, 0x0007, 0x0007, 0x0007, 0x0007, 0x0007, 0x0007, 0x0007, 0x0007, 0x0007, 0x0007,
  0x0007, 0x0007, 0x0007, 0x0007, 0x0008, 0x0008, 0x0008, 0x0008, 0x0008, 0x0008, 0x0008, 0x0008,
  0x0009, 0x0009, 0x0009, 0x0809, 0x0809, 0x0809, 0x080A, 0x080A, 0x080A, 0x080A, 0x080A, 0x080A,
  0x080B, 0x080B, 0x082B, 0x080B, 0x082B, 0x082C, 0x082C, 0x082C, 0x082C, 0x082C, 0x082C, 0x082D,
  0x102D, 0x102D, 0x102D, 0x102D, 0x102E, 0x102E, 0x102E, 0x102E, 0x102E, 0x102E, 0x102E, 0x104F,
  0x104F, 0x104F, 0x104F, 0x104F, 0x104F, 0x104F, 0x104F, 0x104F, 0x1050, 0x1050, 0x1050, 0x1050,
  0x1850, 0x1850, 0x1850, 0x1850, 0x1850, 0x1850, 0x1850, 0x1850, 0x1850, 0x1850, 0x1050, 0x1050,
  0x1050, 0x104F, 0x1050, 0x104F, 0x104F, 0x104F, 0x104F, 0x104F, 0x0005, 0x0006, 0x0005, 0x0006,
  0x0006, 0x0006, 0x0006, 0x0006, 0x0006, 0x2906, 0xB4A3, 0x93E6, 0x316D, 0x318D, 0x8BA7, 0xB4A3,
  0x7B25, 0x0006, 0x0006, 0x0006, 0x0006, 0x0006, 0x0006, 0x0006, 0x0007, 0x0007, 0x0007, 0x0007,
  0x0007, 0x0007, 0x0007, 0x0007, 0x0007, 0x0007, 0x0007, 0x0007, 0x0007, 0x0007, 0x0007, 0x0007,
  0x0007, 0x0007, 0x0007, 0x0007, 0x0007, 0x0007, 0x0007, 0x0007, 0x0007, 0x0007, 0x0007, 0x0007,
  0x0007, 0x0007, 0x0007, 0x0007, 0x0007, 0x0007, 0x0007, 0x0007, 0x0007, 0x0007, 0x0007, 0x0007,
  0x0007, 0x0007, 0x0007, 0x0007, 0x0007, 0x0007, 0x0007, 0x0007, 0x0007, 0x0007, 0x0007, 0x0007,
  0x0007, 0x0007, 0x0007, 0x0007, 0x0007, 0x0007, 0x0007, 0x0007, 0x0007, 0x0007, 0x0007, 0x0007,
  0x0007, 0x0006, 0x0007, 0x0006, 0x0006, 0x0006, 0x0006, 0x0006, 0x0006, 0x0006, 0x0006, 0x0006,
  0x0006, 0x0006, 0x0006, 0x0006, 0x0006, 0x0006, 0x0006, 0x0006, 0x0006, 0x0006, 0x0006, 0x0006,
  0x0006, 0x0006, 0x0006, 0x0006, 0x0006, 0x0006, 0x0006, 0x0006, 0x0006, 0x0006, 0x0006, 0x0006,
  0x0006, 0x0006, 0x0006, 0x0006, 0x0007, 0x0006, 0x0007, 0x0007, 0x0807, 0x0807, 0x0807, 0x0807,
  0x0807, 0x0807, 0x0807, 0x0807, 0x0807, 0x0807, 0x0807, 0x0827, 0x0827, 0x0827, 0x0827, 0x0827,
  0x0828, 0x0828, 0x0828, 0x1028, 0x1028, 0x1028, 0x1028, 0x1028, 0x1028, 0x1028, 0x1028, 0x1028,
  0x1028, 0x1028, 0x1028, 0x1028, 0x1028, 0x1028, 0x1028, 0x1028, 0x1028, 0x1028, 0x1028, 0x1028,
  0x1028, 0x1028, 0x1028, 0x1028, 0x1028, 0x1028, 0x1028, 0x1028, 0x1028, 0x1028, 0x1028, 0x1028,
  0x1028, 0x1028, 0x1028, 0x1028, 0x1028, 0x1028, 0x1028, 0x1028, 0x1028, 0x1028, 0x1028, 0x1028,
  0x0828, 0x0828, 0x0827, 0x0827, 0x0827, 0x0827, 0x0827, 0x0807, 0x0807, 0x0807, 0x0807, 0x0807,
  0x0807, 0x0807, 0x0807, 0x0807, 0x0807, 0x0807, 0x0807, 0x0807, 0x0807, 0x0807, 0x0007, 0x0807,
  0x0007, 0x0007, 0x0007, 0x0007, 0x0007, 0x0006, 0x0007, 0x0007, 0x0007, 0x0007, 0x0007, 0x0007,
  0x0007, 0x0007, 0x0007, 0x0007, 0x0007, 0x0007, 0x0007, 0x0007, 0x0007, 0x0007, 0x0007, 0x0007,
  0x0008, 0x0008, 0x0008, 0x0008, 0x0008, 0x0008, 0x0008, 0x0008, 0x0009, 0x0009, 0x0009, 0x0809,
  0x0809, 0x0809, 0x080A, 0x080A, 0x080A, 0x080A, 0x080A, 0x080A, 0x082B, 0x080B, 0x082B, 0x080B,
  0x082B, 0x082B, 0x082C, 0x082C, 0x082C, 0x102C, 0x082C, 0x082D, 0x102D, 0x102D, 0x102D, 0x102D,
  0x102E, 0x102E, 0x102E, 0x102E, 0x102E, 0x104E, 0x102F, 0x104F, 0x104F, 0x104F, 0x104F, 0x104F,
  0x104F, 0x104F, 0x104F, 0x104F, 0x104F, 0x1050, 0x1050, 0x1850, 0x1850, 0x1850, 0x1850, 0x1850,
  0x1850, 0x1850, 0x1850, 0x1850, 0x1850, 0x1850, 0x1850, 0x1050, 0x1050, 0x1050, 0x104F, 0x1050,
  0x104F, 0x104F, 0x104F, 0x104F, 0x0005, 0x0006, 0x0006, 0x0006, 0x0006, 0x0006, 0x0006, 0x0006,
  0x0006, 0x1026, 0xB4A3, 0xAC64, 0x318D, 0x316D, 0x39CD, 0xA444, 0xB4A3, 0x6AC5, 0x0006, 0x0006,
  0x0006, 0x0006, 0x0006, 0x0007, 0x0007, 0x0007, 0x0007, 0x0007, 0x0007, 0x0007, 0x0007, 0x0007,
  0x0007, 0x0007, 0x0007, 0x0007, 0x0007, 0x0007, 0x0007, 0x0007, 0x0007, 0x0007, 0x0007, 0x0007,
  0x0007, 0x0007, 0x0007, 0x0007, 0x0007, 0x0007, 0x0007, 0x0008, 0x0008, 0x0008, 0x0007, 0x0007,
  0x0007, 0x0008, 0x0008, 0x0008, 0x0007, 0x0007, 0x0007, 0x0007, 0x0007, 0x0007, 0x0007, 0x0007,
  0x0007, 0x0007, 0x0007, 0x0007, 0x0007, 0x0007, 0x0007, 0x0007, 0x0007, 0x0007, 0x0007, 0x0007,
  0x0007, 0x0007, 0x0007, 0x0007, 0x0007, 0x0007, 0x0007, 0x0007, 0x0007, 0x0007, 0x0006, 0x0007,
  0x0006, 0x0006, 0x0006, 0x0006, 0x0006, 0x0006, 0x0006, 0x0006, 0x0006, 0x0006, 0x0006, 0x0006,
  0x0006, 0x0006, 0x0006, 0x0006, 0x0006, 0x0006, 0x0006, 0x0006, 0x0006, 0x0006, 0x0006, 0x0006,
  0x0006, 0x0006, 0x0006, 0x0006, 0x0006, 0x0006, 0x0006, 0x0006, 0x0006, 0x0006, 0x0006, 0x0006,
  0x0006, 0x0006, 0x0007, 0x0007, 0x0807, 0x0807, 0x0807, 0x0807, 0x0807, 0x0807, 0x0807, 0x0807,
  0x0807, 0x0807, 0x0807, 0x0827, 0x0827, 0x0827, 0x0827, 0x0828, 0x0827, 0x0827, 0x0828, 0x1028,
  0x1028, 0x1028, 0x0828, 0x1028, 0x1028, 0x1028, 0x1028, 0x1028, 0x1028, 0x1028, 0x1028, 0x1028,
  0x1028, 0x1028, 0x1028, 0x1028, 0x1028, 0x1028, 0x1028, 0x1028, 0x1028, 0x1028, 0x1028, 0x1028,
  0x1028, 0x1028, 0x1028, 0x1028, 0x1028, 0x1028, 0x1028, 0x1028, 0x1028, 0x1028, 0x1028, 0x1028,
  0x1028, 0x1028, 0x1028, 0x1028, 0x1028, 0x1028, 0x1028, 0x1028, 0x0828, 0x0827, 0x0827, 0x0827,
  0x0827, 0x0827, 0x0827, 0x0807, 0x0807, 0x0807, 0x0827, 0x0807, 0x0807, 0x0807, 0x0807, 0x0807,
  0x0807, 0x0807, 0x0807, 0x0807, 0x0007, 0x0807, 0x0007, 0x0007, 0x0007, 0x0007, 0x0007, 0x0007,
  0x0007, 0x0006, 0x0007, 0x0007, 0x0007, 0x0007, 0x0007, 0x0007, 0x0007, 0x0007, 0x0007, 0x0007,
  0x0007, 0x0007, 0x0007, 0x0007, 0x0007, 0x0007, 0x0007, 0x0007, 0x0008, 0x0008, 0x0008, 0x0008,
  0x0008, 0x0008, 0x0008, 0x0008, 0x0009, 0x0009, 0x0009, 0x0809, 0x0809, 0x0809, 0x080A, 0x080A,
  0x080A, 0x080A, 0x080A, 0x080A, 0x082B, 0x080B, 0x082B, 0x080B, 0x082B, 0x082C, 0x082C, 0x082C,
  0x082C, 0x082C, 0x082C, 0x102D, 0x102D, 0x102D, 0x102D, 0x102D, 0x102E, 0x102E, 0x102E, 0x102E,
  0x102E, 0x104E, 0x102F, 0x104F, 0x104F, 0x102F, 0x104F, 0x104F, 0x104F, 0x104F, 0x104F, 0x1050,
  0x1050, 0x1050, 0x1850, 0x1850, 0x1850, 0x1850, 0x1850, 0x1850, 0x1850, 0x1850, 0x1850, 0x1850,
  0x1850, 0x1850, 0x1850, 0x1850, 0x1050, 0x1050, 0x1050, 0x1050, 0x104F, 0x104F, 0x104F, 0x104F,
  0x0006, 0x0005, 0x0006, 0x0006, 0x0006, 0x0006, 0x0006, 0x0006, 0x0006, 0x0006, 0xA443, 0xB4A3,
  0x39AD, 0x316D, 0x316D, 0x524B, 0xB483, 0xB4A3, 0x2906, 0x0006, 0x0006, 0x0006, 0x0007, 0x0007,
  0x0007, 0x0007, 0x0007, 0x0007, 0x0007, 0x0007, 0x0007, 0x0007, 0x0007, 0x0007, 0x0007, 0x0007,
  0x0007, 0x0007, 0x0007, 0x0007, 0x0007, 0x0007, 0x0007, 0x0007, 0x0007, 0x0007, 0x0007, 0x0007,
  0x0007, 0x0007, 0x0008, 0x0008, 0x0008, 0x0008, 0x0008, 0x0008, 0x0008, 0x0008, 0x0008, 0x0008,
  0x0007, 0x0007, 0x0007, 0x0008, 0x0007, 0x0007, 0x0007, 0x0007, 0x0007, 0x0007, 0x0007, 0x0007,
  0x0007, 0x0007, 0x0007, 0x0007, 0x0007, 0x0007, 0x0007, 0x0007, 0x0007, 0x0007, 0x0007, 0x0007,
  0x0007, 0x0007, 0x0007, 0x0007, 0x0007, 0x0007, 0x0007, 0x0006, 0x0007, 0x0006, 0x0006, 0x0006,
  0x0006, 0x0006, 0x0006, 0x0006, 0x0006, 0x0006, 0x0006, 0x0006, 0x0006, 0x0006, 0x0006, 0x0006,
  0x0006, 0x0006, 0x0006, 0x0006, 0x0006, 0x0006, 0x0006, 0x0006, 0x0006, 0x0006, 0x0006, 0x0006,
  0x0006, 0x0006, 0x0006, 0x0006, 0x0006, 0x0006, 0x0007, 0x0006, 0x0007, 0x0007, 0x0007, 0x0807,
  0x0007, 0x0807, 0x0807, 0x0807, 0x0807, 0x0807, 0x0807, 0x0807, 0x0807, 0x0807, 0x0807, 0x0807,
  0x0827, 0x0827, 0x0827, 0x0827, 0x0827, 0x0828, 0x0828, 0x0828, 0x1028, 0x1028, 0x1028, 0x1028,
  0x1028, 0x1028, 0x1028, 0x1028, 0x1028, 0x1028, 0x1028, 0x1028, 0x1028, 0x1028, 0x1028, 0x1028,
  0x1028, 0x1028, 0x1028, 0x1028, 0x1028, 0x1028, 0x1028, 0x1028, 0x1028, 0x1028, 0x1028, 0x1028,
  0x1028, 0x1028, 0x1028, 0x1028, 0x1028, 0x1028, 0x1028, 0x1028, 0x1028, 0x1028, 0x1028, 0x0828,
  0x1028, 0x1028, 0x1028, 0x0828, 0x0828, 0x0828, 0x0827, 0x0827, 0x0827, 0x0827, 0x0807, 0x0827,
  0x0807, 0x0807, 0x0807, 0x0807, 0x0807, 0x0807, 0x0807, 0x0807, 0x0807, 0x0807, 0x0807, 0x0807,
  0x0807, 0x0007, 0x0807, 0x0007, 0x0006, 0x0007, 0x0007, 0x0007, 0x0006, 0x0007, 0x0007, 0x0006,
  0x0007, 0x0007, 0x0007, 0x0007, 0x0007, 0x0007, 0x0007, 0x0007, 0x0007, 0x0007, 0x0007, 0x0007,
  0x0007, 0x0007, 0x0007, 0x0007, 0x0008, 0x0008, 0x0008, 0x0008, 0x0008, 0x0008, 0x0008, 0x0008,
  0x0009, 0x0009, 0x0009, 0x0809, 0x0809, 0x0809, 0x080A, 0x080A, 0x080A, 0x080A, 0x080A, 0x080A,
  0x082B, 0x080B, 0x082B, 0x080B, 0x082B, 0x082C, 0x082C, 0x082C, 0x082C, 0x082C, 0x082C, 0x102D,
  0x102D, 0x102D, 0x102D, 0x102D, 0x102E, 0x102E, 0x102E, 0x102E, 0x102E, 0x104E, 0x102F, 0x104F,
  0x104F, 0x104F, 0x104F, 0x104F, 0x104F, 0x104F, 0x104F, 0x104F, 0x1050, 0x1050, 0x1850, 0x1850,
  0x1850, 0x1850, 0x1850, 0x1850, 0x1850, 0x1850, 0x1850, 0x1850, 0x1850, 0x1850, 0x1850, 0x1850,
  0x1850, 0x1050, 0x1050, 0x1050, 0x1050, 0x104F, 0x104F, 0x104F, 0x0006, 0x0006, 0x0006, 0x0006,
  0x0006, 0x0006, 0x0006, 0x0006, 0x0006, 0x0006, 0x8B84, 0xB4A3, 0x4A2B, 0x316D, 0x316D, 0x316D,
  0x7328, 0xB4A3, 0x93C4, 0x0806, 0x0006, 0x0007, 0x0007, 0x0007, 0x0007, 0x0007, 0x0007, 0x0007,
  0x0007, 0x0007, 0x0007, 0x0007, 0x0007, 0x0007, 0x0007, 0x0007, 0x0007, 0x0007, 0x0007, 0x0007,
  0x0007, 0x0007, 0x0007, 0x0007, 0x0007, 0x0007, 0x0008, 0x0008, 0x0008, 0x0007, 0x0008, 0x0008,
  0x0008, 0x0008, 0x0008, 0x0008, 0x0008, 0x0008, 0x0008, 0x0008, 0x0008, 0x0008, 0x0008, 0x0008,
  0x0007, 0x0007, 0x0007, 0x0007, 0x0007, 0x0007, 0x0007, 0x0007, 0x0007, 0x0007, 0x0007, 0x0007,
  0x0007, 0x0007, 0x0007, 0x0007, 0x0007, 0x0007, 0x0007, 0x0007, 0x0007, 0x0007, 0x0007, 0x0007,
  0x0007, 0x0007, 0x0007, 0x0007, 0x0006, 0x0007, 0x0006, 0x0007, 0x0006, 0x0006, 0x0006, 0x0006,
  0x0006, 0x0006, 0x0006, 0x0006, 0x0006, 0x0006, 0x0006, 0x0006, 0x0006, 0x0006, 0x0006, 0x0006,
  0x0006, 0x0006, 0x0006, 0x0006, 0x0006, 0x0006, 0x0006, 0x0006, 0x0006, 0x0006, 0x0006, 0x0006,
  0x0006, 0x0006, 0x0007, 0x0006, 0x0007, 0x0007, 0x0007, 0x0807, 0x0807, 0x0807, 0x0807, 0x0807,
  0x0807, 0x0807, 0x0807, 0x0807, 0x0807, 0x0807, 0x0807, 0x0807, 0x0827, 0x0827, 0x0827, 0x0827,
  0x0827, 0x0827, 0x0828, 0x0828, 0x0828, 0x1028, 0x1028, 0x1028, 0x1028, 0x1028, 0x1028, 0x1028,
  0x1028, 0x1028, 0x1028, 0x1028, 0x1028, 0x1028, 0x1028, 0x1028, 0x1028, 0x1028, 0x1028, 0x1028,
  0x1028, 0x1028, 0x1028, 0x1028, 0x1028, 0x1028, 0x1028, 0x1028, 0x1028, 0x1028, 0x1028, 0x1028,
  0x1028, 0x1028, 0x1028, 0x1028, 0x1028, 0x1028, 0x0828, 0x1028, 0x1028, 0x0828, 0x0828, 0x0828,
  0x0828, 0x0828, 0x0827, 0x0827, 0x0827, 0x0827, 0x0807, 0x0807, 0x0807, 0x0827, 0x0807, 0x0807,
  0x0807, 0x0807, 0x0807, 0x0807, 0x0807, 0x0807, 0x0807, 0x0007, 0x0807, 0x0007, 0x0807, 0x0007,
  0x0007, 0x0007, 0x0007, 0x0007, 0x0006, 0x0007, 0x0007, 0x0007, 0x0007, 0x0007, 0x0007, 0x0007,
  0x0007, 0x0007, 0x0007, 0x0007, 0x0007, 0x0007, 0x0007, 0x0007, 0x0007, 0x0007, 0x0007, 0x0007,
  0x0008, 0x0008, 0x0008, 0x0008, 0x0008, 0x0008, 0x0008, 0x0008, 0x0009, 0x0009, 0x0009, 0x0809,
  0x0809, 0x0809, 0x080A, 0x080A, 0x080A, 0x080A, 0x080A, 0x080A, 0x082B, 0x080B, 0x082B, 0x080B,
  0x082B, 0x082C, 0x082C, 0x082C, 0x082C, 0x082C, 0x102D, 0x102D, 0x102D, 0x102D, 0x102D, 0x102D,
  0x102E, 0x102E, 0x102E, 0x102E, 0x102E, 0x102E, 0x104F, 0x104F, 0x104F, 0x104F, 0x104F, 0x104F,
  0x104F, 0x104F, 0x1050, 0x1050, 0x1050, 0x1850, 0x1850, 0x1850, 0x1850, 0x1850, 0x1050, 0x1050,
  0x1050, 0x1050, 0x1050, 0x1050, 0x1850, 0x1850, 0x1850, 0x1850, 0x1850, 0x1050, 0x1050, 0x1050,
  0x104F, 0x104F, 0x104F, 0x104F, 0x0005, 0x0006, 0x0006, 0x0006, 0x0006, 0x0006, 0x0006, 0x0006,
  0x0006, 0x0006, 0x6AC5, 0xB4A3, 0x62AA, 0x296D, 0x296D, 0x296D, 0x316D, 0x93E6, 0xB4A3, 0x7305,
  0x0007, 0x0007, 0x0007, 0x0007, 0x0007, 0x0007, 0x0007, 0x0007, 0x0007, 0x0007, 0x0007, 0x0007,
  0x0007, 0x0007, 0x0007, 0x0007, 0x0007, 0x0007, 0x0007, 0x0007, 0x0007, 0x0008, 0x0007, 0x0007,
  0x0008, 0x0008, 0x0008, 0x0008, 0x0008, 0x0008, 0x0008, 0x0008, 0x0008, 0x0008, 0x0008, 0x0008,
  0x0008, 0x0008, 0x0008, 0x0008, 0x0008, 0x0008, 0x0008, 0x0008, 0x0008, 0x0008, 0x0008, 0x0007,
  0x0007, 0x0008, 0x0007, 0x0007, 0x0007, 0x0007, 0x0007, 0x0007, 0x0007, 0x0007, 0x0007, 0x0007,
  0x0007, 0x0007, 0x0007, 0x0007, 0x0007, 0x0007, 0x0007, 0x0007, 0x0007, 0x0007, 0x0007, 0x0007,
  0x0007, 0x0006, 0x0007, 0x0006, 0x0007, 0x0006, 0x0006, 0x0006, 0x0006, 0x0006, 0x0006, 0x0006,
  0x0006, 0x0006, 0x0006, 0x0006, 0x0006, 0x0006, 0x0006, 0x0006, 0x0006, 0x0006, 0x0006, 0x0006,
  0x0006, 0x0006, 0x0006, 0x0006, 0x0006, 0x0006, 0x0006, 0x0006, 0x0006, 0x0006, 0x0006, 0x0006,
  0x0007, 0x0007, 0x0807, 0x0007, 0x0807, 0x0807, 0x0807, 0x0807, 0x0807, 0x0807, 0x0807, 0x0807,
  0x0807, 0x0807, 0x0807, 0x0807, 0x0807, 0x0827, 0x0827, 0x0827, 0x0827, 0x0828, 0x0828, 0x0828,
  0x0828, 0x0828, 0x1028, 0x1028, 0x1028, 0x1028, 0x1028, 0x1028, 0x1028, 0x1028, 0x1028, 0x1028,
  0x1028, 0x1028, 0x1028, 0x1028, 0x1028, 0x1028, 0x1028, 0x1028, 0x1028, 0x1028, 0x1028, 0x1028,
  0x1028, 0x1028, 0x1028, 0x1028, 0x1028, 0x1028, 0x1028, 0x1028, 0x1028, 0x1028, 0x1028, 0x1028,
  0x1028, 0x1028, 0x1028, 0x1028, 0x0828, 0x0828, 0x0828, 0x0828, 0x0828, 0x0827, 0x0828, 0x0827,
  0x0827, 0x0807, 0x0807, 0x0807, 0x0807, 0x0807, 0x0807, 0x0807, 0x0807, 0x0807, 0x0807, 0x0807,
  0x0807, 0x0807, 0x0807, 0x0007, 0x0807, 0x0807, 0x0007, 0x0007, 0x0007, 0x0007, 0x0007, 0x0006,
  0x0007, 0x0007, 0x0006, 0x0007, 0x0007, 0x0007, 0x0007, 0x0007, 0x0007, 0x0007, 0x0007, 0x0007,
  0x0007, 0x0007, 0x0007, 0x0007, 0x0007, 0x0007, 0x0007, 0x0007, 0x0008, 0x0008, 0x0008, 0x0008,
  0x0008, 0x0008, 0x0008, 0x0008, 0x0009, 0x0009, 0x0009, 0x0809, 0x0809, 0x0809, 0x080A, 0x080A,
  0x080A, 0x080A, 0x080A, 0x080A, 0x082B, 0x080B, 0x080B, 0x082B, 0x082B, 0x082C, 0x082C, 0x082C,
  0x082C, 0x082C, 0x102D, 0x102D, 0x102D, 0x102D, 0x102D, 0x102E, 0x102E, 0x102E, 0x102E, 0x102E,
  0x102E, 0x102F, 0x104F, 0x104F, 0x102F, 0x104F, 0x104F, 0x104F, 0x104F, 0x104F, 0x104F, 0x1050,
  0x1050, 0x1850, 0x1850, 0x1850, 0x1850, 0x1050, 0x1050, 0x1050, 0x1050, 0x1050, 0x1050, 0x1050,
  0x1050, 0x1850, 0x1850, 0x1850, 0x1850, 0x1850, 0x1050, 0x1050, 0x1050, 0x1050, 0x104F, 0x104F,
  0x0006, 0x0006, 0x0006, 0x0006, 0x0006, 0x0006, 0x0006, 0x0006, 0x0006, 0x0006, 0x5205, 0xB4A3,
  0x7B28, 0x296D, 0x296D, 0x294D, 0x294D, 0x39CC, 0xAC64, 0xB4A3, 0x49E6, 0x0007, 0x0007, 0x0007,
  0x0007, 0x0007, 0x0007, 0x0007, 0x0007, 0x0007, 0x0007, 0x0007, 0x0007, 0x0007, 0x0007, 0x0007,
  0x0007, 0x0007, 0x0007, 0x0008, 0x0007, 0x0008, 0x0008, 0x0008, 0x0008, 0x0008, 0x0008, 0x0008,
  0x0008, 0x0008, 0x0008, 0x0008, 0x0008, 0x0008, 0x0008, 0x0008, 0x0008, 0x0008, 0x0008, 0x0008,
  0x0008, 0x0008, 0x0008, 0x0008, 0x0008, 0x0008, 0x0008, 0x0008, 0x0008, 0x0008, 0x0007, 0x0008,
  0x0007, 0x0007, 0x0007, 0x0007, 0x0007, 0x0007, 0x0007, 0x0007, 0x0007, 0x0007, 0x0007, 0x0007,
  0x0007, 0x0007, 0x0007, 0x0007, 0x0007, 0x0007, 0x0007, 0x0007, 0x0007, 0x0007, 0x0006, 0x0007,
  0x0006, 0x0006, 0x0006, 0x0006, 0x0006, 0x0006, 0x0006, 0x0006, 0x0006, 0x0006, 0x0006, 0x0006,
  0x0006, 0x0006, 0x0006, 0x0006, 0x0006, 0x0006, 0x0006, 0x0006, 0x0006, 0x0006, 0x0006, 0x0006,
  0x0006, 0x0006, 0x0006, 0x0006, 0x0006, 0x0006, 0x0006, 0x0006, 0x0006, 0x0007, 0x0007, 0x0807,
  0x0807, 0x0807, 0x0807, 0x0807, 0x0807, 0x0807, 0x0807, 0x0807, 0x0807, 0x0807, 0x0807, 0x0807,
  0x0807, 0x0827, 0x0827, 0x0827, 0x0827, 0x0828, 0x0827, 0x0828, 0x0828, 0x0828, 0x1028, 0x1028,
  0x1028, 0x1028, 0x1028, 0x1028, 0x1028, 0x1028, 0x1028, 0x1028, 0x1028, 0x1028, 0x1028, 0x1028,
  0x1028, 0x1028, 0x1028, 0x1028, 0x1028, 0x1028, 0x1028, 0x1028, 0x1028, 0x1028, 0x1028, 0x1028,
  0x1028, 0x1028, 0x1028, 0x1028, 0x1028, 0x1028, 0x1028, 0x1028, 0x1028, 0x1028, 0x1028, 0x0828,
  0x0828, 0x0828, 0x0828, 0x0828, 0x0828, 0x0828, 0x0827, 0x0827, 0x0807, 0x0827, 0x0807, 0x0807,
  0x0827, 0x0807, 0x0807, 0x0807, 0x0807, 0x0807, 0x0807, 0x0807, 0x0807, 0x0807, 0x0007, 0x0807,
  0x0007, 0x0807, 0x0007, 0x0007, 0x0006, 0x0007, 0x0006, 0x0006, 0x0007, 0x0006, 0x0007, 0x0007,
  0x0007, 0x0007, 0x0007, 0x0007, 0x0007, 0x0007, 0x0007, 0x0007, 0x0007, 0x0007, 0x0007, 0x0007,
  0x0007, 0x0007, 0x0007, 0x0007, 0x0008, 0x0008, 0x0008, 0x0008, 0x0008, 0x0008, 0x0008, 0x0008,
  0x0009, 0x0009, 0x0009, 0x0809, 0x0809, 0x0809, 0x080A, 0x080A, 0x080A, 0x080A, 0x080A, 0x080A,
  0x082B, 0x080B, 0x080B, 0x082B, 0x082C, 0x082C, 0x082C, 0x082C, 0x082C, 0x082C, 0x082D, 0x102D,
  0x102D, 0x102D, 0x102D, 0x102E, 0x102E, 0x102E, 0x102E, 0x102E, 0x104E, 0x102F, 0x104F, 0x104F,
  0x102F, 0x104F, 0x104F, 0x104F, 0x104F, 0x1050, 0x1850, 0x1050, 0x1850, 0x1850, 0x1850, 0x1850,
  0x1050, 0x1050, 0x1050, 0x1050, 0x1050, 0x1050, 0x1050, 0x1050, 0x1050, 0x1050, 0x1850, 0x1850,
  0x1850, 0x1850, 0x1850, 0x1050, 0x1050, 0x1050, 0x104F, 0x104F, 0x0006, 0x0006, 0x0006, 0x0006,
  0x0006, 0x0006, 0x0006, 0x0006, 0x0006, 0x0006, 0x3126, 0xB4A3, 0x8BC6, 0x294D, 0x294D, 0x294D,
  0x294D, 0x294D, 0x5A6A, 0xB4A3, 0xAC83, 0x1886, 0x0007, 0x0007, 0x0007, 0x0007, 0x0007, 0x0007,
  0x0007, 0x0007, 0x0007, 0x0007, 0x0007, 0x0007, 0x0007, 0x0007, 0x0007, 0x0007, 0x0007, 0x0008,
  0x0008, 0x0008, 0x0008, 0x0008, 0x0008, 0x0008, 0x0008, 0x0008, 0x0008, 0x0008, 0x0008, 0x0008,
  0x0008, 0x0008, 0x0008, 0x0008, 0x0008, 0x0008, 0x0008, 0x0008, 0x0008, 0x0008, 0x0008, 0x0008,
  0x0008, 0x0008, 0x0008, 0x0008, 0x0008, 0x0008, 0x0008, 0x0008, 0x0007, 0x0007, 0x0007, 0x0007,
  0x0007, 0x0007, 0x0007, 0x0007, 0x0007, 0x0007, 0x0007, 0x0007, 0x0007, 0x0007, 0x0007, 0x0007,
  0x0007, 0x0007, 0x0007, 0x0007, 0x0007, 0x0007, 0x0007, 0x0007, 0x0007, 0x0006, 0x0006, 0x0006,
  0x0006, 0x0006, 0x0006, 0x0006, 0x0006, 0x0006, 0x0006, 0x0006, 0x0006, 0x0006, 0x0006, 0x0006,
  0x0006, 0x0006, 0x0006, 0x0006, 0x0006, 0x0006, 0x0006, 0x0006, 0x0006, 0x0006, 0x0006, 0x0006,
  0x0006, 0x0007, 0x0007, 0x0007, 0x0007, 0x0007, 0x0007, 0x0807, 0x0807, 0x0807, 0x0807, 0x0807,
  0x0807, 0x0807, 0x0807, 0x0807, 0x0807, 0x0827, 0x0807, 0x0807, 0x0827, 0x0807, 0x0827, 0x0827,
  0x0828, 0x0827, 0x0828, 0x0828, 0x0828, 0x0828, 0x0828, 0x1028, 0x1028, 0x1028, 0x1028, 0x1028,
  0x1028, 0x1028, 0x1028, 0x1028, 0x1028, 0x1028, 0x1028, 0x1028, 0x1028, 0x1028, 0x1028, 0x1028,
  0x1028, 0x1028, 0x1028, 0x1028, 0x1028, 0x1028, 0x1028, 0x1028, 0x1028, 0x1028, 0x1028, 0x1028,
  0x1028, 0x1028, 0x1028, 0x1028, 0x1028, 0x1028, 0x1028, 0x0828, 0x0828, 0x0828, 0x0828, 0x0828,
  0x0827, 0x0827, 0x0827, 0x0827, 0x0807, 0x0807, 0x0807, 0x0827, 0x0807, 0x0807, 0x0807, 0x0807,
  0x0807, 0x0807, 0x0807, 0x0807, 0x0807, 0x0807, 0x0007, 0x0807, 0x0806, 0x0007, 0x0007, 0x0007,
  0x0007, 0x0007, 0x0006, 0x0007, 0x0006, 0x0006, 0x0007, 0x0007, 0x0006, 0x0006, 0x0007, 0x0007,
  0x0007, 0x0007, 0x0007, 0x0007, 0x0007, 0x0007, 0x0007, 0x0007, 0x0007, 0x0007, 0x0007, 0x0007,
  0x0008, 0x0008, 0x0008, 0x0008, 0x0008, 0x0008, 0x0008, 0x0008, 0x0009, 0x0009, 0x0009, 0x0809,
  0x0809, 0x0809, 0x080A, 0x080A, 0x080A, 0x080A, 0x080A, 0x080A, 0x082B, 0x082B, 0x080B, 0x082B,
  0x082C, 0x082C, 0x082C, 0x082C, 0x082C, 0x082C, 0x082D, 0x102D, 0x102D, 0x102D, 0x102D, 0x102E,
  0x102E, 0x102E, 0x102E, 0x102E, 0x104E, 0x102E, 0x104F, 0x104F, 0x104F, 0x104F, 0x104F, 0x104F,
  0x104F, 0x1050, 0x1050, 0x1050, 0x1850, 0x1850, 0x1850, 0x1850, 0x1050, 0x1050, 0x1050, 0x1070,
  0x1070, 0x1070, 0x1070, 0x1050, 0x1050, 0x1050, 0x1050, 0x1850, 0x1850, 0x1850, 0x1850, 0x1050,
  0x1050, 0x104F, 0x1050, 0x104F, 0x0006, 0x0006, 0x0006, 0x0006, 0x0006, 0x0006, 0x0006, 0x0006,
  0x0006, 0x0006, 0x1066, 0xB4A3, 0xA445, 0x294D, 0x294D, 0x294D, 0x294D, 0x294D, 0x294D, 0x8368,
  0xB4A3, 0x8385, 0x0007, 0x0007, 0x0007, 0x0007, 0x0007, 0x0007, 0x0007, 0x0007, 0x0007, 0x0007,
  0x0007, 0x0007, 0x0007, 0x0007, 0x0008, 0x0007, 0x0008, 0x0008, 0x0008, 0x0008, 0x0008, 0x0008,
  0x0008, 0x0008, 0x0008, 0x0008, 0x0008, 0x0008, 0x0008, 0x0008, 0x0008, 0x0008, 0x0008, 0x0008,
  0x0008, 0x0008, 0x0008, 0x0008, 0x0008, 0x0008, 0x0008, 0x0008, 0x0008, 0x0008, 0x0008, 0x0008,
  0x0008, 0x0008, 0x0008, 0x0008, 0x0008, 0x0007, 0x0007, 0x0007, 0x0007, 0x0007, 0x0007, 0x0007,
  0x0007, 0x0007, 0x0007, 0x0007, 0x0007, 0x0007, 0x0007, 0x0007, 0x0007, 0x0007, 0x0007, 0x0007,
  0x0007, 0x0007, 0x0007, 0x0007, 0x0007, 0x0006, 0x0007, 0x0006, 0x0006, 0x0006, 0x0006, 0x0006,
  0x0006, 0x0006, 0x0006, 0x0006, 0x0006, 0x0006, 0x0006, 0x0006, 0x0006, 0x0006, 0x0006, 0x0006,
  0x0006, 0x0006, 0x0006, 0x0006, 0x0006, 0x0006, 0x0006, 0x0006, 0x0006, 0x0006, 0x0006, 0x0006,
  0x0007, 0x0007, 0x0007, 0x0007, 0x0807, 0x0807, 0x0807, 0x0807, 0x0807, 0x0807, 0x0807, 0x0807,
  0x0807, 0x0807, 0x0827, 0x0807, 0x0807, 0x0807, 0x0807, 0x0827, 0x0827, 0x0827, 0x0828, 0x0828,
  0x0828, 0x0828, 0x0828, 0x0828, 0x1028, 0x1028, 0x1028, 0x1028, 0x1028, 0x1028, 0x1028, 0x1028,
  0x1028, 0x1028, 0x1028, 0x1028, 0x1028, 0x1028, 0x1028, 0x1028, 0x1028, 0x1028, 0x1028, 0x1028,
  0x1028, 0x1028, 0x1028, 0x1028, 0x1028, 0x1028, 0x1028, 0x1028, 0x1028, 0x1028, 0x1028, 0x1028,
  0x1028, 0x1028, 0x1028, 0x0828, 0x0828, 0x0828, 0x0828, 0x0827, 0x0827, 0x0827, 0x0827, 0x0807,
  0x0807, 0x0807, 0x0807, 0x0807, 0x0807, 0x0807, 0x0807, 0x0807, 0x0807, 0x0807, 0x0807, 0x0807,
  0x0807, 0x0007, 0x0807, 0x0007, 0x0807, 0x0007, 0x0007, 0x0006, 0x0007, 0x0006, 0x0007, 0x0006,
  0x0006, 0x0007, 0x0007, 0x0006, 0x0006, 0x0007, 0x0007, 0x0007, 0x0007, 0x0007, 0x0007, 0x0007,
  0x0007, 0x0007, 0x0007, 0x0007, 0x0007, 0x0007, 0x0007, 0x0007, 0x0008, 0x0008, 0x0008, 0x0008,
  0x0008, 0x0008, 0x0008, 0x0009, 0x0009, 0x0009, 0x0009, 0x0809, 0x0809, 0x0809, 0x080A, 0x080A,
  0x080A, 0x080A, 0x080A, 0x080B, 0x082B, 0x082B, 0x080B, 0x082B, 0x082C, 0x082C, 0x082C, 0x082C,
  0x082C, 0x082C, 0x082D, 0x102D, 0x102D, 0x102D, 0x102D, 0x102E, 0x102E, 0x102E, 0x102E, 0x102E,
  0x104E, 0x102F, 0x104F, 0x104F, 0x104F, 0x104F, 0x104F, 0x104F, 0x104F, 0x1050, 0x1050, 0x1050,
  0x1850, 0x1850, 0x1850, 0x1050, 0x1050, 0x1050, 0x1070, 0x1070, 0x1070, 0x1070, 0x1070, 0x1070,
  0x1050, 0x1050, 0x1050, 0x1850, 0x1850, 0x1850, 0x1850, 0x1050, 0x1050, 0x1050, 0x1050, 0x104F,
  0x0006, 0x0006, 0x0006, 0x0006, 0x0006, 0x0006, 0x0006, 0x0006, 0x0006, 0x0006, 0x0006, 0xAC63,
  0xB4A3, 0x316C, 0x294D, 0x294D, 0x294D, 0x294D, 0x294D, 0x316C, 0x9C25, 0xB4A3, 0x72E5, 0x0007,
  0x0007, 0x0007, 0x0007, 0x0007, 0x0007, 0x0007, 0x0007, 0x0007, 0x0007, 0x0007, 0x0007, 0x0007,
  0x0008, 0x0007, 0x0008, 0x0008, 0x0008, 0x0008, 0x0008, 0x0008, 0x0008, 0x0008, 0x0008, 0x0008,
  0x0008, 0x0008, 0x0008, 0x0008, 0x0008, 0x0008, 0x0008, 0x0008, 0x0008, 0x0008, 0x0008, 0x0008,
  0x0008, 0x0008, 0x0008, 0x0008, 0x0008, 0x0008, 0x0008, 0x0008, 0x0008, 0x0008, 0x0008, 0x0008,
  0x0008, 0x0007, 0x0008, 0x0007, 0x0007, 0x0007, 0x0007, 0x0007, 0x0007, 0x0007, 0x0007, 0x0007,
  0x0007, 0x0007, 0x0007, 0x0007, 0x0007, 0x0007, 0x0007, 0x0007, 0x0007, 0x0007, 0x0007, 0x0007,
  0x0007, 0x0007, 0x0006, 0x0007, 0x0006, 0x0006, 0x0006, 0x0006, 0x0006, 0x0006, 0x0006, 0x0006,
  0x0006, 0x0006, 0x0006, 0x0006, 0x0006, 0x0006, 0x0006, 0x0006, 0x0006, 0x0006, 0x0006, 0x0006,
  0x0006, 0x0006, 0x0006, 0x0006, 0x0006, 0x0006, 0x0007, 0x0007, 0x0007, 0x0007, 0x0007, 0x0007,
  0x0807, 0x0807, 0x0807, 0x0807, 0x0807, 0x0807, 0x0807, 0x0807, 0x0807, 0x0807, 0x0807, 0x0807,
  0x0807, 0x0807, 0x0807, 0x0827, 0x0827, 0x0827, 0x0827, 0x0828, 0x0827, 0x0828, 0x0828, 0x0828,
  0x0828, 0x1028, 0x1028, 0x1028, 0x1028, 0x1028, 0x1028, 0x1028, 0x1028, 0x1028, 0x1028, 0x1028,
  0x1028, 0x1028, 0x1028, 0x1028, 0x1028, 0x1028, 0x1028, 0x1028, 0x1028, 0x1028, 0x1028, 0x1028,
  0x1028, 0x1028, 0x1028, 0x1028, 0x1028, 0x1028, 0x1028, 0x1028, 0x0828, 0x1028, 0x1028, 0x0828,
  0x0828, 0x0828, 0x0827, 0x0827, 0x0827, 0x0827, 0x0807, 0x0827, 0x0807, 0x0807, 0x0827, 0x0807,
  0x0807, 0x0807, 0x0807, 0x0807, 0x0807, 0x0807, 0x0807, 0x0807, 0x0807, 0x0807, 0x0007, 0x0807,
  0x0007, 0x0007, 0x0006, 0x0007, 0x0006, 0x0006, 0x0006, 0x0006, 0x0006, 0x0006, 0x0006, 0x0006,
  0x0007, 0x0007, 0x0007, 0x0007, 0x0007, 0x0007, 0x0007, 0x0007, 0x0007, 0x0007, 0x0007, 0x0007,
  0x0007, 0x0007, 0x0007, 0x0007, 0x0008, 0x0008, 0x0008, 0x0008, 0x0008, 0x0008, 0x0008, 0x0009,
  0x0009, 0x0009, 0x0009, 0x0809, 0x0809, 0x0809, 0x080A, 0x080A, 0x080A, 0x080A, 0x080A, 0x080B,
  0x082B, 0x082B, 0x080B, 0x082B, 0x082C, 0x082C, 0x082C, 0x082C, 0x102C, 0x082C, 0x082D, 0x102D,
  0x102D, 0x102D, 0x102D, 0x102E, 0x102E, 0x102E, 0x102E, 0x102E, 0x104E, 0x102F, 0x104F, 0x104F,
  0x104F, 0x104F, 0x104F, 0x104F, 0x104F, 0x104F, 0x1050, 0x1050, 0x1850, 0x1850, 0x1850, 0x1850,
  0x1050, 0x1070, 0x1070, 0x1070, 0x1070, 0x1070, 0x1070, 0x1070, 0x1070, 0x1050, 0x1850, 0x1850,
  0x1850, 0x1850, 0x1850, 0x1850, 0x1050, 0x1050, 0x1050, 0x104F, 0x0006, 0x0006, 0x0006, 0x0006,
  0x0006, 0x0006, 0x0006, 0x0006, 0x0006, 0x0006, 0x0006, 0x8BA4, 0xB4A3, 0x4A0B, 0x294C, 0x294C,
  0x294D, 0x294D, 0x294C, 0x294C, 0x41EB, 0xAC84, 0xB4A3, 0x3986, 0x0007, 0x0007, 0x0007, 0x0007,
  0x0007, 0x0007, 0x0007, 0x0007, 0x0007, 0x0008, 0x0007, 0x0008, 0x0008, 0x0008, 0x0008, 0x0008,
  0x0008, 0x0008, 0x0008, 0x0008, 0x0008, 0x0008, 0x0008, 0x0008, 0x0008, 0x0008, 0x0008, 0x0008,
  0x0008, 0x0008, 0x0008, 0x0008, 0x0008, 0x0008, 0x0008, 0x0008, 0x0008, 0x0008, 0x0008, 0x0008,
  0x0008, 0x0008, 0x0008, 0x0008, 0x0008, 0x0008, 0x0008, 0x0008, 0x0008, 0x0008, 0x0008, 0x0008,
  0x0007, 0x0008, 0x0007, 0x0007, 0x0007, 0x0007, 0x0007, 0x0007, 0x0007, 0x0007, 0x0007, 0x0007,
  0x0007, 0x0007, 0x0007, 0x0007, 0x0007, 0x0007, 0x0007, 0x0007, 0x0007, 0x0007, 0x0007, 0x0007,
  0x0007, 0x0006, 0x0007, 0x0006, 0x0006, 0x0006, 0x0006, 0x0006, 0x0006, 0x0006, 0x0006, 0x0006,
  0x0006, 0x0006, 0x0006, 0x0006, 0x0006, 0x0006, 0x0006, 0x0006, 0x0006, 0x0006, 0x0006, 0x0006,
  0x0007, 0x0007, 0x0006, 0x0007, 0x0007, 0x0007, 0x0807, 0x0807, 0x0807, 0x0807, 0x0807, 0x0807,
  0x0807, 0x0807, 0x0807, 0x0807, 0x0807, 0x0807, 0x0807, 0x0827, 0x0807, 0x0807, 0x0827, 0x0807,
  0x0827, 0x0827, 0x0827, 0x0827, 0x0828, 0x0827, 0x0828, 0x1028, 0x0828, 0x0828, 0x0828, 0x1028,
  0x1028, 0x1028, 0x1028, 0x1028, 0x1028, 0x1028, 0x1028, 0x1028, 0x1028, 0x1028, 0x1028, 0x1028,
  0x1028, 0x1028, 0x1028, 0x1028, 0x1028, 0x1028, 0x1028, 0x1028, 0x1028, 0x1028, 0x1028, 0x1028,
  0x1028, 0x1028, 0x0828, 0x1028, 0x1028, 0x1028, 0x1028, 0x0828, 0x0827, 0x0828, 0x0827, 0x0827,
  0x0827, 0x0807, 0x0827, 0x0807, 0x0807, 0x0827, 0x0807, 0x0807, 0x0807, 0x0807, 0x0807, 0x0807,
  0x0807, 0x0807, 0x0807, 0x0807, 0x0007, 0x0807, 0x0807, 0x0807, 0x0007, 0x0006, 0x0006, 0x0006,
  0x0006, 0x0006, 0x0006, 0x0006, 0x0006, 0x0006, 0x0006, 0x0007, 0x0007, 0x0007, 0x0007, 0x0007,
  0x0007, 0x0007, 0x0007, 0x0007, 0x0007, 0x0007, 0x0007, 0x0007, 0x0007, 0x0007, 0x0007, 0x0007,
  0x0008, 0x0008, 0x0008, 0x0008, 0x0008, 0x0008, 0x0008, 0x0008, 0x0009, 0x0009, 0x0009, 0x0809,
  0x0809, 0x0809, 0x080A, 0x080A, 0x080A, 0x080A, 0x080A, 0x080B, 0x082B, 0x082B, 0x080B, 0x082B,
  0x082C, 0x082C, 0x082C, 0x082C, 0x102C, 0x082C, 0x082D, 0x102D, 0x102D, 0x102D, 0x102D, 0x102E,
  0x102E, 0x102E, 0x102E, 0x102E, 0x104E, 0x102F, 0x104F, 0x104F, 0x104F, 0x104F, 0x104F, 0x104F,
  0x104F, 0x104F, 0x1050, 0x1850, 0x1850, 0x1850, 0x1850, 0x1850, 0x1050, 0x1070, 0x1070, 0x1070,
  0x1070, 0x1070, 0x1070, 0x1070, 0x1070, 0x1050, 0x1850, 0x1850, 0x1850, 0x1850, 0x1850, 0x1850,
  0x1050, 0x1050, 0x1050, 0x104F, 0x0006, 0x0006, 0x0006, 0x0006, 0x0006, 0x0006, 0x0006, 0x0006,
  0x0006, 0x0006, 0x0006, 0x72E5, 0xB4A3, 0x5A8A, 0x292C, 0x212C, 0x292C, 0x212C, 0x292C, 0x212C,
  0x292C, 0x62A9, 0xB4A3, 0xA424, 0x1047, 0x0007, 0x0007, 0x0007, 0x0007, 0x0007, 0x0007, 0x0007,
  0x0008, 0x0008, 0x0008, 0x0008, 0x0008, 0x0008, 0x0008, 0x0008, 0x0008, 0x0008, 0x0008, 0x0008,
  0x0008, 0x0008, 0x0008, 0x0008, 0x0008, 0x0008, 0x0008, 0x0008, 0x0008, 0x0008, 0x0008, 0x0008,
  0x0008, 0x0008, 0x0008, 0x0008, 0x0008, 0x0008, 0x0008, 0x0008, 0x0008, 0x0008, 0x0008, 0x0008,
  0x0008, 0x0008, 0x0008, 0x0008, 0x0008, 0x0008, 0x0008, 0x0008, 0x0007, 0x0008, 0x0007, 0x0007,
  0x0007, 0x0007, 0x0007, 0x0007, 0x0007, 0x0007, 0x0007, 0x0007, 0x0007, 0x0007, 0x0007, 0x0007,
  0x0007, 0x0007, 0x0007, 0x0007, 0x0007, 0x0007, 0x0007, 0x0007, 0x0007, 0x0006, 0x0007, 0x0006,
  0x0006, 0x0006, 0x0006, 0x0006, 0x0006, 0x0006, 0x0006, 0x0006, 0x0006, 0x0006, 0x0006, 0x0006,
  0x0006, 0x0006, 0x0006, 0x0006, 0x0006, 0x0006, 0x0007, 0x0006, 0x0006, 0x0007, 0x0007, 0x0007,
  0x0007, 0x0807, 0x0007, 0x0807, 0x0007, 0x0807, 0x0807, 0x0807, 0x0807, 0x0807, 0x0807, 0x0807,
  0x0807, 0x0807, 0x0807, 0x0807, 0x0827, 0x0827, 0x0827, 0x0827, 0x0827, 0x0828, 0x0827, 0x0828,
  0x0828, 0x0828, 0x0828, 0x0828, 0x1028, 0x0828, 0x0828, 0x0828, 0x1028, 0x1028, 0x1028, 0x1028,
  0x1028, 0x1028, 0x1028, 0x1028, 0x1028, 0x1028, 0x1028, 0x1028, 0x1028, 0x1028, 0x1028, 0x1028,
  0x1028, 0x1028, 0x1028, 0x1028, 0x1028, 0x1028, 0x1028, 0x1028, 0x0828, 0x1028, 0x1028, 0x1028,
  0x0828, 0x1028, 0x0828, 0x0827, 0x0828, 0x0827, 0x0827, 0x0827, 0x0807, 0x0827, 0x0807, 0x0807,
  0x0827, 0x0807, 0x0807, 0x0807, 0x0807, 0x0807, 0x0807, 0x0807, 0x0807, 0x0807, 0x0807, 0x0007,
  0x0807, 0x0007, 0x0807, 0x0007, 0x0007, 0x0007, 0x0006, 0x0006, 0x0006, 0x0006, 0x0006, 0x0006,
  0x0006, 0x0006, 0x0007, 0x0006, 0x0006, 0x0006, 0x0006, 0x0007, 0x0007, 0x0007, 0x0007, 0x0007,
  0x0007, 0x0007, 0x0007, 0x0007, 0x0007, 0x0007, 0x0007, 0x0007, 0x0008, 0x0008, 0x0008, 0x0008,
  0x0008, 0x0008, 0x0008, 0x0008, 0x0009, 0x0009, 0x0009, 0x0809, 0x0809, 0x0809, 0x080A, 0x080A,
  0x080A, 0x080A, 0x080A, 0x080B, 0x082B, 0x082B, 0x080B, 0x082B, 0x082C, 0x082C, 0x082C, 0x082C,
  0x102C, 0x082C, 0x082D, 0x102D, 0x102D, 0x102D, 0x102D, 0x102E, 0x102E, 0x102E, 0x102E, 0x102E,
  0x104E, 0x102F, 0x104F, 0x104F, 0x104F, 0x104F, 0x104F, 0x104F, 0x104F, 0x104F, 0x1050, 0x1850,
  0x1850, 0x1850, 0x1850, 0x1850, 0x1050, 0x1070, 0x1070, 0x1070, 0x1070, 0x1070, 0x1070, 0x1070,
  0x1070, 0x1050, 0x1850, 0x1850, 0x1850, 0x1850, 0x1850, 0x1850, 0x1050, 0x1050, 0x1050, 0x104F,
  0x0006, 0x0006, 0x0006, 0x0006, 0x0006, 0x0006, 0x0006, 0x0006, 0x0006, 0x0006, 0x0006, 0x5225,
  0xB4A3, 0x7308, 0x212C, 0x212C, 0x212C, 0x212C, 0x212C, 0x212C, 0x212C, 0x212C, 0x8BA7, 0xB4A3,
  0x7B25, 0x0007, 0x0007, 0x0007, 0x0007, 0x0007, 0x0007, 0x0007, 0x0008, 0x0008, 0x0008, 0x0008,
  0x0008, 0x0008, 0x0008, 0x0008, 0x0008, 0x0008, 0x0008, 0x0008, 0x0008, 0x0008, 0x0008, 0x0008,
  0x0008, 0x0008, 0x0008, 0x0008, 0x0008, 0x0008, 0x0008, 0x0008, 0x0008, 0x0008, 0x0008, 0x0008,
  0x0008, 0x0008, 0x0008, 0x0008, 0x0008, 0x0008, 0x0008, 0x0008, 0x0008, 0x0008, 0x0008, 0x0008,
  0x0008, 0x0008, 0x0008, 0x0008, 0x0008, 0x0008, 0x0008, 0x0007, 0x0007, 0x0007, 0x0007, 0x0007,
  0x0007, 0x0007, 0x0007, 0x0007, 0x0007, 0x0007, 0x0007, 0x0007, 0x0007, 0x0007, 0x0007, 0x0007,
  0x0007, 0x0007, 0x0007, 0x0007, 0x0007, 0x0007, 0x0006, 0x0007, 0x0006, 0x0007, 0x0006, 0x0006,
  0x0006, 0x0006, 0x0006, 0x0006, 0x0006, 0x0006, 0x0006, 0x0006, 0x0006, 0x0006, 0x0006, 0x0006,
  0x0006, 0x0006, 0x0006, 0x0007, 0x0007, 0x0007, 0x0007, 0x0007, 0x0007, 0x0007, 0x0807, 0x0807,
  0x0807, 0x0807, 0x0807, 0x0807, 0x0807, 0x0807, 0x0807, 0x0807, 0x0807, 0x0807, 0x0807, 0x0807,
  0x0807, 0x0827, 0x0827, 0x0827, 0x0827, 0x0827, 0x0828, 0x0827, 0x0828, 0x0828, 0x0828, 0x0828,
  0x0828, 0x1028, 0x1028, 0x1028, 0x1028, 0x0828, 0x1028, 0x1028, 0x1028, 0x1028, 0x1028, 0x1028,
  0x1028, 0x1028, 0x1028, 0x1028, 0x1028, 0x1028, 0x1028, 0x1028, 0x1028, 0x1028, 0x1028, 0x1028,
  0x1028, 0x0828, 0x1028, 0x1028, 0x1028, 0x1028, 0x1028, 0x1028, 0x0828, 0x0827, 0x0828, 0x0828,
  0x0827, 0x0827, 0x0827, 0x0827, 0x0827, 0x0807, 0x0807, 0x0827, 0x0807, 0x0807, 0x0807, 0x0807,
  0x0807, 0x0807, 0x0807, 0x0807, 0x0807, 0x0807, 0x0807, 0x0807, 0x0007, 0x0807, 0x0007, 0x0007,
  0x0007, 0x0007, 0x0006, 0x0006, 0x0006, 0x0006, 0x0006, 0x0006, 0x0006, 0x0006, 0x0006, 0x0006,
  0x0006, 0x0006, 0x0007, 0x0007, 0x0007, 0x0007, 0x0007, 0x0007, 0x0007, 0x0007, 0x0007, 0x0007,
  0x0007, 0x0007, 0x0007, 0x0007, 0x0008, 0x0008, 0x0008, 0x0008, 0x0008, 0x0008, 0x0008, 0x0008,
  0x0009, 0x0009, 0x0009, 0x0809, 0x0809, 0x0809, 0x080A, 0x080A, 0x080A, 0x080A, 0x080A, 0x080B,
  0x082B, 0x082B, 0x080B, 0x082B, 0x082C, 0x082C, 0x082C, 0x082C, 0x082C, 0x082C, 0x082D, 0x102D,
  0x102D, 0x102D, 0x102D, 0x102E, 0x102E, 0x102E, 0x102E, 0x102E, 0x104E, 0x102F, 0x104F, 0x104F,
  0x104F, 0x104F, 0x104F, 0x104F, 0x104F, 0x104F, 0x1050, 0x1050, 0x1850, 0x1850, 0x1850, 0x1050,
  0x1050, 0x1070, 0x1070, 0x1070, 0x1070, 0x1070, 0x1070, 0x1070, 0x1070, 0x1050, 0x1050, 0x1850,
  0x1850, 0x1850, 0x1850, 0x1850, 0x1050, 0x1050, 0x1050, 0x104F, 0x0006, 0x0006, 0x0006, 0x0006,
  0x0006, 0x0006, 0x0006, 0x0006, 0x0006, 0x0006, 0x0006, 0x3946, 0xB4A3, 0x8BA7, 0x212C, 0x212C,
  0x212C, 0x212C, 0x212C, 0x212C, 0x212C, 0x212C, 0x316C, 0xA445, 0xB4A3, 0x6AC5, 0x0007, 0x0007,
  0x0007, 0x0007, 0x0007, 0x0008, 0x0008, 0x0008, 0x0008, 0x0008, 0x0008, 0x0008, 0x0008, 0x0008,
  0x0008, 0x0008, 0x0008, 0x0008, 0x0008, 0x0008, 0x0008, 0x0008, 0x0008, 0x0008, 0x0008, 0x0008,
  0x0008, 0x0008, 0x0008, 0x0008, 0x0008, 0x0008, 0x0008, 0x0008, 0x0008, 0x0008, 0x0008, 0x0008,
  0x0008, 0x0008, 0x0008, 0x0008, 0x0008, 0x0008, 0x0008, 0x0008, 0x0008, 0x0008, 0x0008, 0x0008,
  0x0008, 0x0008, 0x0008, 0x0008, 0x0008, 0x0007, 0x0007, 0x0007, 0x0007, 0x0007, 0x0007, 0x0007,
  0x0007, 0x0007, 0x0007, 0x0007, 0x0007, 0x0007, 0x0007, 0x0007, 0x0007, 0x0007, 0x0007, 0x0007,
  0x0007, 0x0007, 0x0007, 0x0007, 0x0007, 0x0006, 0x0007, 0x0006, 0x0006, 0x0006, 0x0006, 0x0006,
  0x0006, 0x0006, 0x0006, 0x0006, 0x0006, 0x0006, 0x0006, 0x0006, 0x0006, 0x0006, 0x0006, 0x0007,
  0x0007, 0x0007, 0x0007, 0x0007, 0x0007, 0x0007, 0x0007, 0x0807, 0x0807, 0x0807, 0x0807, 0x0807,
  0x0807, 0x0807, 0x0807, 0x0807, 0x0807, 0x0807, 0x0807, 0x0807, 0x0807, 0x0807, 0x0827, 0x0827,
  0x0827, 0x0827, 0x0828, 0x0827, 0x0827, 0x0828, 0x0828, 0x0828, 0x0828, 0x0828, 0x0828, 0x1028,
  0x1028, 0x1028, 0x1028, 0x1028, 0x1028, 0x1028, 0x1028, 0x1028, 0x1028, 0x1028, 0x1028, 0x1028,
  0x1028, 0x1028, 0x1028, 0x1028, 0x1028, 0x1028, 0x1028, 0x1028, 0x1028, 0x1028, 0x1028, 0x1028,
  0x1028, 0x1028, 0x0828, 0x0828, 0x0828, 0x0828, 0x0828, 0x0827, 0x0827, 0x0827, 0x0827, 0x0827,
  0x0827, 0x0827, 0x0827, 0x0807, 0x0807, 0x0807, 0x0807, 0x0807, 0x0807, 0x0807, 0x0807, 0x0807,
  0x0807, 0x0807, 0x0007, 0x0807, 0x0807, 0x0007, 0x0007, 0x0006, 0x0007, 0x0006, 0x0006, 0x0006,
  0x0006, 0x0006, 0x0006, 0x0006, 0x0006, 0x0006, 0x0006, 0x0006, 0x0007, 0x0007, 0x0007, 0x0007,
  0x0007, 0x0007, 0x0007, 0x0007, 0x0007, 0x0007, 0x0007, 0x0007, 0x0007, 0x0007, 0x0007, 0x0007,
  0x0008, 0x0008, 0x0008, 0x0008, 0x0008, 0x0008, 0x0008, 0x0008, 0x0009, 0x0009, 0x0009, 0x0809,
  0x0809, 0x0809, 0x080A, 0x080A, 0x080A, 0x080A, 0x080A, 0x080B, 0x082B, 0x080B, 0x080B, 0x082B,
  0x082C, 0x082C, 0x082C, 0x082C, 0x082C, 0x082C, 0x082D, 0x102D, 0x102D, 0x102D, 0x102D, 0x102E,
  0x102E, 0x102E, 0x102E, 0x102E, 0x104E, 0x102F, 0x104F, 0x104F, 0x104F, 0x104F, 0x104F, 0x104F,
  0x104F, 0x1050, 0x1050, 0x1050, 0x1850, 0x1850, 0x1850, 0x1050, 0x1050, 0x1050, 0x1070, 0x1070,
  0x1070, 0x1070, 0x1070, 0x1070, 0x1050, 0x1050, 0x1050, 0x1850, 0x1850, 0x1850, 0x1850, 0x1050,
  0x1050, 0x1050, 0x1050, 0x104F, 0x0006, 0x0006, 0x0006, 0x0006, 0x0006, 0x0006, 0x0006, 0x0006,
  0x0006, 0x0006, 0x0006, 0x1886, 0xB4A3, 0x9C25, 0x212C, 0x210C, 0x212C, 0x212C, 0x212C, 0x212C,
  0x210C, 0x212C, 0x212C, 0x4A0A, 0xB483, 0xB4A3, 0x2907, 0x0007, 0x0007, 0x0007, 0x0008, 0x0008,
  0x0008, 0x0008, 0x0008, 0x0008, 0x0008, 0x0008, 0x0008, 0x0008, 0x0008, 0x0008, 0x0008, 0x0008,
  0x0008, 0x0008, 0x0008, 0x0008, 0x0008, 0x0008, 0x0008, 0x0008, 0x0008, 0x0008, 0x0008, 0x0008,
  0x0008, 0x0008, 0x0008, 0x0008, 0x0008, 0x0008, 0x0008, 0x0008, 0x0008, 0x0008, 0x0008, 0x0008,
  0x0008, 0x0008, 0x0008, 0x0008, 0x0008, 0x0008, 0x0008, 0x0008, 0x0008, 0x0008, 0x0008, 0x0008,
  0x0008, 0x0008, 0x0007, 0x0007, 0x0007, 0x0007, 0x0007, 0x0007, 0x0007, 0x0007, 0x0007, 0x0007,
  0x0007, 0x0007, 0x0007, 0x0007, 0x0007, 0x0007, 0x0007, 0x0007, 0x0007, 0x0007, 0x0007, 0x0007,
  0x0007, 0x0006, 0x0007, 0x0006, 0x0006, 0x0006, 0x0006, 0x0006, 0x0006, 0x0006, 0x0006, 0x0006,
  0x0006, 0x0007, 0x0007, 0x0007, 0x0007, 0x0006, 0x0006, 0x0006, 0x0007, 0x0007, 0x0007, 0x0007,
  0x0007, 0x0007, 0x0007, 0x0807, 0x0807, 0x0807, 0x0807, 0x0807, 0x0807, 0x0807, 0x0807, 0x0807,
  0x0807, 0x0807, 0x0807, 0x0807, 0x0807, 0x0807, 0x0807, 0x0827, 0x0827, 0x0827, 0x0827, 0x0828,
  0x0828, 0x0828, 0x0828, 0x0828, 0x0828, 0x0828, 0x0828, 0x0828, 0x0828, 0x1028, 0x1028, 0x1028,
  0x1028, 0x1028, 0x1028, 0x1028, 0x1028, 0x1028, 0x1028, 0x1028, 0x1028, 0x1028, 0x1028, 0x1028,
  0x1028, 0x1028, 0x1028, 0x1028, 0x1028, 0x1028, 0x1028, 0x0828, 0x0828, 0x0828, 0x0828, 0x0828,
  0x0828, 0x0827, 0x0827, 0x0827, 0x0827, 0x0827, 0x0827, 0x0827, 0x0827, 0x0827, 0x0807, 0x0807,
  0x0807, 0x0807, 0x0807, 0x0807, 0x0807, 0x0807, 0x0807, 0x0807, 0x0807, 0x0007, 0x0807, 0x0007,
  0x0806, 0x0007, 0x0006, 0x0007, 0x0006, 0x0006, 0x0006, 0x0006, 0x0006, 0x0006, 0x0006, 0x0006,
  0x0006, 0x0006, 0x0006, 0x0007, 0x0007, 0x0007, 0x0007, 0x0007, 0x0007, 0x0007, 0x0007, 0x0007,
  0x0007, 0x0007, 0x0007, 0x0007, 0x0007, 0x0007, 0x0007, 0x0007, 0x0007, 0x0008, 0x0008, 0x0008,
  0x0008, 0x0008, 0x0008, 0x0008, 0x0009, 0x0009, 0x0009, 0x0809, 0x0809, 0x0809, 0x080A, 0x080A,
  0x080A, 0x080A, 0x080A, 0x080A, 0x082B, 0x080B, 0x080B, 0x082B, 0x082C, 0x082C, 0x082C, 0x082C,
  0x082C, 0x082C, 0x082D, 0x102D, 0x102D, 0x102D, 0x102D, 0x102E, 0x102E, 0x102E, 0x102E, 0x102E,
  0x104E, 0x102F, 0x104F, 0x104F, 0x104F, 0x104F, 0x104F, 0x104F, 0x104F, 0x1050, 0x1050, 0x1050,
  0x1850, 0x1850, 0x1850, 0x1850, 0x1050, 0x1050, 0x1050, 0x1070, 0x1070, 0x1070, 0x1070, 0x1050,
  0x1050, 0x1050, 0x1850, 0x1850, 0x1850, 0x1850, 0x1850, 0x1050, 0x1050, 0x104F, 0x1050, 0x104F,
  0x0006, 0x0006, 0x0006, 0x0006, 0x0006, 0x0006, 0x0006, 0x0006, 0x0006, 0x0006, 0x0006, 0x0006,
  0xB4A3, 0xB483, 0x294C, 0x210C, 0x210C, 0x210C, 0x210C, 0x210C, 0x210C, 0x210C, 0x210C, 0x210C,
  0x7308, 0xB4A3, 0x93C4, 0x0807, 0x0007, 0x0008, 0x0008, 0x0008, 0x0008, 0x0008, 0x0008, 0x0008,
  0x0008, 0x0008, 0x0008, 0x0008, 0x0008, 0x0008, 0x0008, 0x0008, 0x0008, 0x0008, 0x0008, 0x0008,
  0x0008, 0x0008, 0x0008, 0x0008, 0x0008, 0x0008, 0x0008, 0x0008, 0x0008, 0x0008, 0x0008, 0x0008,
  0x0008, 0x0008, 0x0008, 0x0008, 0x0008, 0x0008, 0x0008, 0x0008, 0x0008, 0x0008, 0x0008, 0x0008,
  0x0008, 0x0008, 0x0008, 0x0008, 0x0008, 0x0008, 0x0008, 0x0008, 0x0008, 0x0008, 0x0008, 0x0008,
  0x0007, 0x0007, 0x0007, 0x0007, 0x0007, 0x0007, 0x0007, 0x0007, 0x0007, 0x0007, 0x0007, 0x0007,
  0x0007, 0x0007, 0x0007, 0x0007, 0x0007, 0x0007, 0x0007, 0x0007, 0x0007, 0x0007, 0x0007, 0x0007,
  0x0006, 0x0006, 0x0006, 0x0006, 0x0006, 0x0006, 0x0006, 0x0006, 0x0007, 0x0006, 0x0006, 0x0007,
  0x0007, 0x0007, 0x0007, 0x0006, 0x0007, 0x0007, 0x0007, 0x0007, 0x0007, 0x0007, 0x0007, 0x0007,
  0x0807, 0x0807, 0x0807, 0x0807, 0x0807, 0x0807, 0x0807, 0x0807, 0x0807, 0x0807, 0x0827, 0x0807,
  0x0807, 0x0807, 0x0807, 0x0807, 0x0827, 0x0827, 0x0827, 0x0827, 0x0827, 0x0828, 0x0828, 0x0828,
  0x0828, 0x1028, 0x0828, 0x0828, 0x0828, 0x0828, 0x0828, 0x1028, 0x1028, 0x1028, 0x1028, 0x1028,
  0x1028, 0x1028, 0x1028, 0x1028, 0x1028, 0x1028, 0x1028, 0x1028, 0x1028, 0x1028, 0x0828, 0x0828,
  0x0828, 0x0828, 0x0828, 0x0828, 0x0828, 0x0828, 0x0828, 0x0827, 0x0827, 0x0827, 0x0827, 0x0827,
  0x0827, 0x0827, 0x0827, 0x0827, 0x0827, 0x0807, 0x0807, 0x0807, 0x0807, 0x0807, 0x0807, 0x0807,
  0x0807, 0x0807, 0x0807, 0x0807, 0x0807, 0x0807, 0x0007, 0x0807, 0x0007, 0x0006, 0x0007, 0x0006,
  0x0006, 0x0006, 0x0006, 0x0006, 0x0006, 0x0006, 0x0006, 0x0006, 0x0006, 0x0006, 0x0006, 0x0006,
  0x0006, 0x0006, 0x0006, 0x0006, 0x0007, 0x0007, 0x0007, 0x0007, 0x0007, 0x0007, 0x0007, 0x0007,
  0x0007, 0x0007, 0x0007, 0x0007, 0x0007, 0x0008, 0x0008, 0x0008, 0x0008, 0x0008, 0x0008, 0x0008,
  0x0009, 0x0009, 0x0009, 0x0809, 0x0809, 0x0809, 0x080A, 0x080A, 0x080A, 0x080A, 0x080A, 0x080A,
  0x082B, 0x080B, 0x082B, 0x082B, 0x082C, 0x082C, 0x082C, 0x082C, 0x082C, 0x082C, 0x102D, 0x102D,
  0x102D, 0x102D, 0x102D, 0x102E, 0x102E, 0x102E, 0x102E, 0x102E, 0x102E, 0x102F, 0x104F, 0x104F,
  0x102F, 0x104F, 0x104F, 0x104F, 0x104F, 0x104F, 0x104F, 0x1050, 0x1850, 0x1850, 0x1850, 0x1850,
  0x1850, 0x1050, 0x1050, 0x1050, 0x1070, 0x1070, 0x1050, 0x1050, 0x1050, 0x1850, 0x1850, 0x1850,
  0x1850, 0x1850, 0x1050, 0x1050, 0x1050, 0x1050, 0x104F, 0x104F, 0x0006, 0x0006, 0x0006, 0x0006,
  0x0006, 0x0006, 0x0006, 0x0006, 0x0006, 0x0006, 0x0006, 0x0006, 0x93C4, 0xB4A3, 0x39CB, 0x210C,
  0x210C, 0x210C, 0x210C, 0x210C, 0x210C, 0x210C, 0x210C, 0x210C, 0x212C, 0x93E6, 0xB4A3, 0x7305,
  0x0008, 0x0008, 0x0008, 0x0008, 0x0008, 0x0008, 0x0008, 0x0008, 0x0008, 0x0008, 0x0008, 0x0008,
  0x0008, 0x0008, 0x0008, 0x0008, 0x0008, 0x0008, 0x0008, 0x0008, 0x0008, 0x0008, 0x0008, 0x0009,
  0x0008, 0x0008, 0x0008, 0x0008, 0x0008, 0x0008, 0x0009, 0x0009, 0x0008, 0x0008, 0x0008, 0x0008,
  0x0008, 0x0008, 0x0008, 0x0008, 0x0008, 0x0008, 0x0008, 0x0008, 0x0008, 0x0008, 0x0008, 0x0008,
  0x0008, 0x0008, 0x0008, 0x0008, 0x0008, 0x0008, 0x0008, 0x0008, 0x0008, 0x0007, 0x0007, 0x0007,
  0x0007, 0x0007, 0x0007, 0x0007, 0x0007, 0x0007, 0x0007, 0x0007, 0x0007, 0x0007, 0x0007, 0x0007,
  0x0007, 0x0007, 0x0007, 0x0007, 0x0007, 0x0007, 0x0007, 0x0007, 0x0006, 0x0006, 0x0007, 0x0006,
  0x0006, 0x0007, 0x0007, 0x0007, 0x0006, 0x0006, 0x0006, 0x0006, 0x0007, 0x0007, 0x0007, 0x0007,
  0x0007, 0x0007, 0x0007, 0x0007, 0x0007, 0x0807, 0x0007, 0x0007, 0x0807, 0x0807, 0x0807, 0x0807,
  0x0807, 0x0807, 0x0807, 0x0807, 0x0807, 0x0807, 0x0807, 0x0827, 0x0807, 0x0807, 0x0807, 0x0807,
  0x0807, 0x0827, 0x0827, 0x0827, 0x0828, 0x0827, 0x0828, 0x0828, 0x0828, 0x0828, 0x0828, 0x1028,
  0x0828, 0x0828, 0x0828, 0x0828, 0x0828, 0x1028, 0x1028, 0x1028, 0x1028, 0x1028, 0x1028, 0x1028,
  0x1028, 0x1028, 0x1028, 0x0828, 0x0828, 0x0828, 0x0828, 0x0828, 0x0828, 0x0828, 0x0828, 0x0828,
  0x0828, 0x0827, 0x0827, 0x0827, 0x0827, 0x0827, 0x0827, 0x0827, 0x0827, 0x0827, 0x0827, 0x0807,
  0x0807, 0x0807, 0x0807, 0x0807, 0x0807, 0x0807, 0x0807, 0x0807, 0x0807, 0x0807, 0x0807, 0x0807,
  0x0807, 0x0807, 0x0807, 0x0007, 0x0006, 0x0007, 0x0006, 0x0006, 0x0006, 0x0006, 0x0006, 0x0006,
  0x0006, 0x0006, 0x0006, 0x0006, 0x0006, 0x0006, 0x0006, 0x0006, 0x0006, 0x0006, 0x0006, 0x0007,
  0x0006, 0x0007, 0x0007, 0x0007, 0x0007, 0x0007, 0x0007, 0x0007, 0x0007, 0x0007, 0x0007, 0x0007,
  0x0008, 0x0008, 0x0008, 0x0008, 0x0008, 0x0008, 0x0008, 0x0008, 0x0009, 0x0009, 0x0009, 0x0009,
  0x0809, 0x0809, 0x080A, 0x080A, 0x080A, 0x080A, 0x080A, 0x080A, 0x082B, 0x080B, 0x082B, 0x080B,
  0x082B, 0x082C, 0x082C, 0x082C, 0x082C, 0x082C, 0x082C, 0x102D, 0x102D, 0x102D, 0x102D, 0x102D,
  0x102E, 0x102E, 0x102E, 0x102E, 0x102E, 0x102E, 0x104F, 0x104F, 0x104F, 0x104F, 0x104F, 0x104F,
  0x104F, 0x104F, 0x1050, 0x1050, 0x1050, 0x1850, 0x1850, 0x1850, 0x1850, 0x1850, 0x1050, 0x1050,
  0x1850, 0x1850, 0x1050, 0x1050, 0x1850, 0x1850, 0x1850, 0x1850, 0x1850, 0x1850, 0x1050, 0x1050,
  0x104F, 0x1050, 0x104F, 0x104F, 0x0006, 0x0006, 0x0006, 0x0006, 0x0006, 0x0006, 0x0006, 0x0006,
  0x0006, 0x0006, 0x0006, 0x49C6, 0xB4A3, 0xAC84, 0x318B, 0x210C, 0x190C, 0x210C, 0x190C, 0x190C,
  0x210C, 0x210C, 0x210C, 0x210C, 0x210C, 0x318B, 0xAC64, 0xB4A3, 0x49E6, 0x0008, 0x0008, 0x0008,
  0x0008, 0x0008, 0x0008, 0x0008, 0x0008, 0x0008, 0x0008, 0x420D, 0xEF5D, 0xB5B8, 0x0008, 0x0008,
  0xB5B8, 0xFFFF, 0xFFFF, 0xFFFF, 0x9CD5, 0x0008, 0x5AAF, 0xF7BE, 0xFFFF, 0xFFFF, 0xDEFC, 0x420D,
  0x0009, 0xD69B, 0xFFFF, 0xFFFF, 0x6B50, 0x0008, 0x9CD5, 0xFFFF, 0x6B50, 0x0008, 0x0008, 0x0008,
  0x0008, 0x0008, 0x0008, 0x0008, 0x0008, 0x0008, 0x0008, 0x0008, 0x0008, 0x0008, 0x0008, 0x0008,
  0x0008, 0x0008, 0x0008, 0x0008, 0x0008, 0x0008, 0x0008, 0x0007, 0x0007, 0x0007, 0x0007, 0x0007,
  0x0007, 0x0007, 0x0007, 0x0007, 0x0007, 0x0007, 0x0007, 0x0007, 0x0007, 0x0007, 0x0007, 0x0007,
  0x0007, 0x0007, 0x0007, 0x0007, 0x0007, 0x0007, 0x0007, 0x0006, 0x0007, 0x0007, 0x0007, 0x0007,
  0x0006, 0x0007, 0x0007, 0x0007, 0x0007, 0x0007, 0x0007, 0x0007, 0x0007, 0x0007, 0x0007, 0x0007,
  0x0007, 0x0807, 0x0807, 0x0007, 0x0807, 0x0807, 0x0807, 0x0807, 0x0807, 0x0807, 0x0807, 0x0807,
  0x0807, 0x0807, 0x0807, 0x0807, 0x0827, 0x0807, 0x0807, 0x0827, 0x0827, 0x0827, 0x0827, 0x0827,
  0x0828, 0x0828, 0x0828, 0x0828, 0x0828, 0x0828, 0x0828, 0x0828, 0x0828, 0x1028, 0x0828, 0x0828,
  0x0828, 0x0828, 0x0828, 0x0828, 0x0828, 0x1028, 0x1028, 0x1028, 0x1028, 0x1028, 0x1028, 0x1028,
  0x1028, 0x1028, 0x1028, 0x0828, 0x0828, 0x0828, 0x0828, 0x0828, 0x0827, 0x0828, 0x0828, 0x0827,
  0x0827, 0x0827, 0x0827, 0x0827, 0x0827, 0x0827, 0x0807, 0x0807, 0x0807, 0x0807, 0x0807, 0x0807,
  0x0807, 0x0807, 0x0807, 0x0807, 0x0807, 0x0807, 0x0807, 0x0807, 0x0807, 0x0806, 0x0007, 0x0006,
  0x0007, 0x0006, 0x0006, 0x0006, 0x0006, 0x0006, 0x0006, 0x0006, 0x0006, 0x0006, 0x0006, 0x0006,
  0x0006, 0x0006, 0x0006, 0x0006, 0x0006, 0x0007, 0x0007, 0x0007, 0x0007, 0x0007, 0x0007, 0x0007,
  0x0007, 0x0007, 0x0007, 0x0007, 0x0007, 0x0007, 0x0007, 0x0007, 0x0008, 0x0008, 0x0008, 0x0008,
  0x0008, 0x0008, 0x0008, 0x0009, 0x0009, 0x0009, 0x0009, 0x0009, 0x0809, 0x0809, 0x080A, 0x080A,
  0x080A, 0x080A, 0x080A, 0x080A, 0x082B, 0x080B, 0x082B, 0x080B, 0x082B, 0x082C, 0x082C, 0x082C,
  0x082C, 0x082C, 0x082C, 0x102D, 0x102D, 0x102D, 0x102D, 0x102D, 0x102E, 0x102E, 0x102E, 0x102E,
  0x102E, 0x104E, 0x102F, 0x104F, 0x104F, 0x104F, 0x104F, 0x104F, 0x104F, 0x104F, 0x104F, 0x104F,
  0x1050, 0x1050, 0x1850, 0x1850, 0x1850, 0x1850, 0x1850, 0x1850, 0x1850, 0x1850, 0x1850, 0x1850,
  0x1850, 0x1850, 0x1850, 0x1850, 0x1850, 0x1050, 0x1050, 0x1050, 0x1050, 0x104F, 0x104F, 0x104F,
  0x0006, 0x0006, 0x0006, 0x0006, 0x0006, 0x0006, 0x0006, 0x0006, 0x0006, 0x0006, 0x20A6, 0xB483,
  0xB4A3, 0x5A69, 0x210C, 0x190C, 0x190C, 0x210C, 0x190C, 0x190C, 0x190C, 0x190C, 0x190C, 0x190C,
  0x210C, 0x190C, 0x5249, 0xB4A3, 0x7B05, 0x0008, 0x0008, 0x0008, 0x0008, 0x0008, 0x0008, 0x0008,
  0x0008, 0x0008, 0x6B50, 0xEF5D, 0xFFFF, 0xB5B8, 0x0008, 0x292B, 0xFFFF, 0xF7BE, 0xBDB8, 0xFFFF,
  0xF7BE, 0x0009, 0xAD57, 0xFFFF, 0xD69B, 0xDEFC, 0xFFFF, 0x9CD5, 0x7BF2, 0xFFFF, 0xDEFC, 0xF7BE,
  0xDEFC, 0x420D, 0xF7BE, 0xEF5D, 0x0008, 0x0009, 0x0008, 0x0008, 0x0008, 0x0008, 0x0008, 0x0008,
  0x0008, 0x0008, 0x0008, 0x0008, 0x0008, 0x0008, 0x0008, 0x0008, 0x0008, 0x0008, 0x0008, 0x0008,
  0x0008, 0x0007, 0x0007, 0x0007, 0x0007, 0x0007, 0x0007, 0x0007, 0x0007, 0x0007, 0x0007, 0x0007,
  0x0007, 0x0007, 0x0007, 0x0007, 0x0007, 0x0007, 0x0007, 0x0007, 0x0007, 0x0007, 0x0007, 0x0007,
  0x0007, 0x0007, 0x0007, 0x0007, 0x0007, 0x0007, 0x0007, 0x0007, 0x0007, 0x0007, 0x0007, 0x0007,
  0x0007, 0x0007, 0x0007, 0x0007, 0x0007, 0x0007, 0x0007, 0x0007, 0x0007, 0x0007, 0x0807, 0x0807,
  0x0807, 0x0807, 0x0807, 0x0807, 0x0807, 0x0807, 0x0807, 0x0807, 0x0807, 0x0807, 0x0807, 0x0807,
  0x0807, 0x0827, 0x0827, 0x0827, 0x0827, 0x0827, 0x0827, 0x0827, 0x0827, 0x0827, 0x0828, 0x0828,
  0x0828, 0x0828, 0x1028, 0x0828, 0x0828, 0x0828, 0x0828, 0x1028, 0x0828, 0x0828, 0x0828, 0x0828,
  0x0828, 0x0828, 0x0828, 0x0828, 0x0828, 0x0828, 0x0828, 0x0828, 0x0828, 0x0828, 0x0828, 0x0828,
  0x0828, 0x0828, 0x0828, 0x0828, 0x0827, 0x0827, 0x0828, 0x0827, 0x0827, 0x0827, 0x0827, 0x0827,
  0x0807, 0x0807, 0x0807, 0x0807, 0x0807, 0x0807, 0x0807, 0x0807, 0x0807, 0x0807, 0x0807, 0x0807,
  0x0807, 0x0807, 0x0807, 0x0807, 0x0806, 0x0007, 0x0006, 0x0006, 0x0006, 0x0006, 0x0006, 0x0006,
  0x0006, 0x0006, 0x0006, 0x0006, 0x0006, 0x0006, 0x0006, 0x0006, 0x0006, 0x0006, 0x0006, 0x0006,
  0x0006, 0x0006, 0x0006, 0x0007, 0x0007, 0x0007, 0x0007, 0x0007, 0x0007, 0x0007, 0x0007, 0x0007,
  0x0007, 0x0007, 0x0007, 0x0007, 0x0008, 0x0008, 0x0008, 0x0008, 0x0008, 0x0008, 0x0008, 0x0008,
  0x0009, 0x0009, 0x0009, 0x0009, 0x0809, 0x0809, 0x080A, 0x080A, 0x080A, 0x080A, 0x080A, 0x080A,
  0x080B, 0x080B, 0x082B, 0x080B, 0x082B, 0x082C, 0x082C, 0x082C, 0x082C, 0x102C, 0x082C, 0x102D,
  0x102D, 0x102D, 0x102D, 0x102E, 0x102E, 0x102E, 0x102E, 0x102E, 0x102E, 0x104E, 0x102F, 0x104F,
  0x104F, 0x102F, 0x104F, 0x104F, 0x104F, 0x104F, 0x104F, 0x1050, 0x1050, 0x1050, 0x1050, 0x1850,
  0x1850, 0x1850, 0x1850, 0x1850, 0x1850, 0x1850, 0x1850, 0x1850, 0x1850, 0x1850, 0x1850, 0x1850,
  0x1050, 0x1050, 0x1050, 0x1050, 0x104F, 0x104F, 0x104F, 0x104F, 0x0006, 0x0006, 0x0006, 0x0006,
  0x0006, 0x0006, 0x0006, 0x0006, 0x0006, 0x0806, 0x8BA4, 0xB4A3, 0x7B27, 0x190C, 0x18EC, 0x190C,
  0x18EC, 0x18EC, 0x18EC, 0x18EC, 0x18EC, 0x18EC, 0x190C, 0x18EC, 0x18EC, 0x210B, 0x7B47, 0xB4A3,
  0x49E6, 0x0008, 0x0008, 0x0008, 0x0008, 0x0008, 0x0008, 0x0008, 0x0008, 0x0008, 0xEF5D, 0xFFFF,
  0xFFFF, 0xB5B8, 0x0008, 0x7BF2, 0xFFFF, 0x7BF2, 0x0009, 0xAD57, 0xFFFF, 0x5AAF, 0xDEFC, 0xDEFC,
  0x0009, 0x292B, 0xFFFF, 0xC639, 0x8C74, 0xFFFF, 0x8C74, 0xDEFC, 0xEF5D, 0xB5B8, 0xFFFF, 0x7BF2,
  0x0009, 0x0009, 0x0008, 0x0008, 0x0008, 0x0008, 0x0008, 0x0008, 0x0008, 0x0008, 0x0008, 0x0008,
  0x0008, 0x0008, 0x0008, 0x0008, 0x0008, 0x0008, 0x0008, 0x0008, 0x0008, 0x0008, 0x0008, 0x0007,
  0x0007, 0x0007, 0x0007, 0x0007, 0x0007, 0x0007, 0x0007, 0x0007, 0x0007, 0x0007, 0x0007, 0x0007,
  0x0007, 0x0007, 0x0007, 0x0007, 0x0007, 0x0007, 0x0007, 0x0007, 0x0007, 0x0007, 0x0007, 0x0007,
  0x0007, 0x0007, 0x0007, 0x0007, 0x0007, 0x0007, 0x0007, 0x0007, 0x0007, 0x0007, 0x0007, 0x0007,
  0x0007, 0x0007, 0x0007, 0x0007, 0x0007, 0x0007, 0x0807, 0x0807, 0x0807, 0x0807, 0x0807, 0x0807,
  0x0807, 0x0807, 0x0807, 0x0807, 0x0807, 0x0807, 0x0807, 0x0807, 0x0807, 0x0807, 0x0827, 0x0827,
  0x0827, 0x0827, 0x0827, 0x0827, 0x0828, 0x0827, 0x0828, 0x0828, 0x0828, 0x0828, 0x0828, 0x0828,
  0x1028, 0x0828, 0x0828, 0x0828, 0x0828, 0x0828, 0x0828, 0x1028, 0x0828, 0x0828, 0x0828, 0x0828,
  0x0828, 0x0828, 0x0828, 0x0828, 0x0828, 0x0828, 0x0828, 0x0828, 0x0828, 0x0828, 0x0828, 0x0828,
  0x0827, 0x0827, 0x0827, 0x0827, 0x0827, 0x0827, 0x0807, 0x0807, 0x0807, 0x0807, 0x0807, 0x0807,
  0x0807, 0x0807, 0x0807, 0x0807, 0x0807, 0x0807, 0x0807, 0x0807, 0x0807, 0x0807, 0x0807, 0x0807,
  0x0007, 0x0007, 0x0006, 0x0006, 0x0006, 0x0006, 0x0006, 0x0006, 0x0006, 0x0006, 0x0006, 0x0006,
  0x0006, 0x0006, 0x0006, 0x0006, 0x0006, 0x0006, 0x0006, 0x0006, 0x0006, 0x0006, 0x0006, 0x0006,
  0x0006, 0x0007, 0x0007, 0x0007, 0x0007, 0x0007, 0x0007, 0x0007, 0x0007, 0x0007, 0x0007, 0x0007,
  0x0007, 0x0008, 0x0008, 0x0008, 0x0008, 0x0008, 0x0008, 0x0008, 0x0008, 0x0009, 0x0009, 0x0009,
  0x0809, 0x0809, 0x0809, 0x080A, 0x080A, 0x080A, 0x080A, 0x080A, 0x080B, 0x082B, 0x082B, 0x080B,
  0x082B, 0x082C, 0x082C, 0x082C, 0x082C, 0x082C, 0x082C, 0x082D, 0x102D, 0x102D, 0x102D, 0x102D,
  0x102E, 0x102E, 0x102E, 0x102E, 0x102E, 0x102E, 0x102E, 0x104F, 0x104F, 0x104F, 0x104F, 0x104F,
  0x104F, 0x104F, 0x104F, 0x104F, 0x1050, 0x1050, 0x1050, 0x1050, 0x1850, 0x1850, 0x1850, 0x1850,
  0x1850, 0x1850, 0x1850, 0x1850, 0x1850, 0x1850, 0x1050, 0x1050, 0x1050, 0x1050, 0x1050, 0x104F,
  0x104F, 0x104F, 0x104F, 0x104F, 0x0006, 0x0006, 0x0006, 0x0006, 0x0006, 0x0006, 0x0006, 0x0006,
  0x0006, 0x7B05, 0xB4A3, 0x93E5, 0x210B, 0x18EC, 0x18EC, 0x18EC, 0x18EC, 0x18EC, 0x18EB, 0x18EB,
  0x18EC, 0x18EC, 0x18EC, 0x18EC, 0x294B, 0x93C6, 0xB4A3, 0xAC63, 0x1867, 0x0008, 0x0008, 0x0008,
  0x0008, 0x0008, 0x0008, 0x0008, 0x0008, 0x0008, 0x9CD5, 0x292B, 0xFFFF, 0xB5B8, 0x0008, 0x8C74,
  0xFFFF, 0x6B50, 0x0009, 0x8C74, 0xFFFF, 0x6B51, 0xEF5D, 0xD69B, 0x0009, 0x0009, 0xEF5D, 0xD69B,
  0x420D, 0xFFFF, 0xFFFF, 0xFFFF, 0xD69B, 0xFFFF, 0xD69B, 0x0009, 0x0009, 0x0008, 0x0009, 0x0008,
  0x0009, 0x0008, 0x0008, 0x0008, 0x0008, 0x0008, 0x0008, 0x0008, 0x0008, 0x0008, 0x0008, 0x0008,
  0x0008, 0x0008, 0x0008, 0x0008, 0x0008, 0x0008, 0x0008, 0x0008, 0x0008, 0x0007, 0x0007, 0x0007,
  0x0007, 0x0007, 0x0007, 0x0007, 0x0007, 0x0007, 0x0007, 0x0007, 0x0007, 0x0007, 0x0007, 0x0007,
  0x0007, 0x0007, 0x0007, 0x0007, 0x0007, 0x0007, 0x0007, 0x0007, 0x0007, 0x0007, 0x0007, 0x0007,
  0x0007, 0x0007, 0x0007, 0x0007, 0x0007, 0x0007, 0x0007, 0x0007, 0x0007, 0x0007, 0x0007, 0x0007,
  0x0007, 0x0807, 0x0807, 0x0807, 0x0807, 0x0807, 0x0807, 0x0807, 0x0807, 0x0807, 0x0807, 0x0807,
  0x0807, 0x0807, 0x0807, 0x0807, 0x0807, 0x0807, 0x0807, 0x0827, 0x0827, 0x0827, 0x0827, 0x0828,
  0x0828, 0x0828, 0x0828, 0x0828, 0x0828, 0x0828, 0x0828, 0x0828, 0x0828, 0x0828, 0x1028, 0x0828,
  0x0828, 0x0828, 0x0828, 0x0828, 0x0828, 0x0828, 0x0828, 0x0828, 0x1028, 0x0828, 0x0828, 0x0828,
  0x0828, 0x0828, 0x0827, 0x0828, 0x0828, 0x0828, 0x0828, 0x0827, 0x0827, 0x0827, 0x0827, 0x0827,
  0x0807, 0x0807, 0x0807, 0x0807, 0x0807, 0x0807, 0x0827, 0x0807, 0x0807, 0x0807, 0x0807, 0x0807,
  0x0807, 0x0807, 0x0807, 0x0807, 0x0807, 0x0807, 0x0807, 0x0007, 0x0007, 0x0806, 0x0006, 0x0006,
  0x0006, 0x0006, 0x0006, 0x0006, 0x0006, 0x0006, 0x0006, 0x0006, 0x0006, 0x0006, 0x0006, 0x0006,
  0x0006, 0x0006, 0x0006, 0x0006, 0x0006, 0x0006, 0x0006, 0x0006, 0x0006, 0x0006, 0x0007, 0x0007,
  0x0007, 0x0007, 0x0007, 0x0007, 0x0007, 0x0007, 0x0007, 0x0007, 0x0007, 0x0008, 0x0008, 0x0008,
  0x0008, 0x0008, 0x0008, 0x0008, 0x0008, 0x0009, 0x0009, 0x0009, 0x0809, 0x0809, 0x0809, 0x080A,
  0x080A, 0x080A, 0x080A, 0x080A, 0x080A, 0x082B, 0x080B, 0x082B, 0x082B, 0x082C, 0x082C, 0x082C,
  0x082C, 0x082C, 0x082C, 0x102D, 0x102D, 0x102D, 0x102D, 0x102D, 0x102D, 0x102E, 0x102E, 0x102E,
  0x102E, 0x102E, 0x104E, 0x102E, 0x104F, 0x104F, 0x104F, 0x104F, 0x104F, 0x104F, 0x104F, 0x104F,
  0x104F, 0x1050, 0x1050, 0x1050, 0x1050, 0x1050, 0x1850, 0x1850, 0x1850, 0x1850, 0x1850, 0x1850,
  0x1050, 0x1050, 0x1050, 0x1050, 0x104F, 0x1050, 0x104F, 0x104F, 0x104F, 0x104F, 0x104F, 0x104F,
  0x0006, 0x0006, 0x0006, 0x0006, 0x0006, 0x0006, 0x0006, 0x0006, 0x6AC5, 0xB4A3, 0xAC64, 0x296B,
  0x18EB, 0x18EB, 0x18EB, 0x18EB, 0x18EB, 0x18EB, 0x18EB, 0x18EB, 0x18EB, 0x18EB, 0x18EB, 0x318A,
  0xA425, 0xB4A3, 0x93C5, 0x1887, 0x0008, 0x0008, 0x0008, 0x0008, 0x0008, 0x0008, 0x0008, 0x0008,
  0x0008, 0x0008, 0x0008, 0x0008, 0xFFFF, 0xBDB8, 0x0009, 0x8C74, 0xFFFF, 0x6B50, 0x0009, 0x8C74,
  0xFFFF, 0x6B51, 0xEF5D, 0xD69B, 0x0009, 0x0009, 0xEF5D, 0xD69B, 0x0009, 0x6B51, 0xB5B8, 0xAD57,
  0xB5B8, 0xFFFF, 0xF7BE, 0xFFFF, 0xFFFF, 0x8C74, 0x0009, 0x0009, 0x0009, 0x0008, 0x0008, 0x0008,
  0x0008, 0x0008, 0x0008, 0x0008, 0x0008, 0x0008, 0x0008, 0x0008, 0x0008, 0x0008, 0x0008, 0x0008,
  0x0008, 0x0008, 0x0008, 0x0007, 0x0007, 0x0007, 0x0007, 0x0007, 0x0007, 0x0007, 0x0007, 0x0007,
  0x0007, 0x0007, 0x0007, 0x0007, 0x0007, 0x0007, 0x0007, 0x0007, 0x0007, 0x0007, 0x0007, 0x0007,
  0x0007, 0x0007, 0x0007, 0x0007, 0x0007, 0x0007, 0x0007, 0x0007, 0x0007, 0x0007, 0x0007, 0x0007,
  0x0007, 0x0007, 0x0007, 0x0007, 0x0007, 0x0007, 0x0007, 0x0807, 0x0807, 0x0807, 0x0807, 0x0807,
  0x0807, 0x0807, 0x0807, 0x0807, 0x0807, 0x0807, 0x0807, 0x0807, 0x0807, 0x0807, 0x0807, 0x0807,
  0x0807, 0x0807, 0x0827, 0x0807, 0x0807, 0x0827, 0x0827, 0x0827, 0x0828, 0x0828, 0x0828, 0x0828,
  0x0828, 0x0828, 0x0828, 0x0828, 0x0828, 0x0828, 0x0828, 0x0828, 0x0828, 0x1028, 0x1028, 0x0828,
  0x0828, 0x0828, 0x0828, 0x0828, 0x0828, 0x0828, 0x0828, 0x0828, 0x0828, 0x0828, 0x0828, 0x0827,
  0x0827, 0x0827, 0x0828, 0x0827, 0x0827, 0x0807, 0x0827, 0x0827, 0x0807, 0x0807, 0x0807, 0x0807,
  0x0827, 0x0807, 0x0807, 0x0807, 0x0807, 0x0807, 0x0807, 0x0807, 0x0807, 0x0807, 0x0807, 0x0807,
  0x0807, 0x0807, 0x0006, 0x0007, 0x0806, 0x0007, 0x0006, 0x0006, 0x0006, 0x0006, 0x0006, 0x0006,
  0x0006, 0x0006, 0x0006, 0x0006, 0x0006, 0x0006, 0x0006, 0x0006, 0x0006, 0x0006, 0x0006, 0x0006,
  0x0006, 0x0006, 0x0006, 0x0006, 0x0007, 0x0007, 0x0007, 0x0007, 0x0007, 0x0007, 0x0007, 0x0007,
  0x0007, 0x0007, 0x0007, 0x0007, 0x0007, 0x0008, 0x0008, 0x0008, 0x0008, 0x0008, 0x0008, 0x0008,
  0x0009, 0x0009, 0x0009, 0x0009, 0x0009, 0x0809, 0x080A, 0x080A, 0x080A, 0x080A, 0x080A, 0x080A,
  0x080A, 0x082B, 0x080B, 0x082B, 0x080B, 0x082B, 0x082C, 0x082C, 0x082C, 0x082C, 0x082C, 0x082D,
  0x102D, 0x102D, 0x102D, 0x102D, 0x102D, 0x102E, 0x102E, 0x102E, 0x102E, 0x102E, 0x102E, 0x102E,
  0x104F, 0x104F, 0x104F, 0x104F, 0x104F, 0x104F, 0x104F, 0x104F, 0x104F, 0x104F, 0x1050, 0x104F,
  0x1050, 0x1050, 0x1050, 0x1050, 0x1050, 0x1050, 0x1050, 0x1050, 0x1050, 0x1050, 0x104F, 0x1050,
  0x104F, 0x104F, 0x104F, 0x104F, 0x104F, 0x104F, 0x104F, 0x104F, 0x0006, 0x0006, 0x0006, 0x0006,
  0x0006, 0x0006, 0x0006, 0x3126, 0xB4A3, 0xB483, 0x49EA, 0x18EB, 0x18EB, 0x18EB, 0x18EB, 0x18EB,
  0x18EB, 0x18EB, 0x18CB, 0x18CB, 0x18EB, 0x18EB, 0x4A0A, 0xAC64, 0xB4A3, 0x8345, 0x1027, 0x0008,
  0x0008, 0x0008, 0x0008, 0x0008, 0x0008, 0x0008, 0x0008, 0x0008, 0x0008, 0x0008, 0x0008, 0x0009,
  0xFFFF, 0xB5B8, 0x0009, 0x8C74, 0xFFFF, 0x6B51, 0x0009, 0x8C74, 0xFFFF, 0x6B51, 0xEF5D, 0xD69B,
  0x0009, 0x0009, 0xEF5D, 0xD69B, 0x0009, 0x0009, 0x0009, 0x6B51, 0xFFFF, 0xF7BE, 0xFFFF, 0xDEFC,
  0xF7BE, 0xEF5D, 0x0009, 0x0009, 0x0008, 0x0009, 0x0008, 0x0008, 0x0008, 0x0008, 0x0008, 0x0008,
  0x0008, 0x0008, 0x0008, 0x0008, 0x0008, 0x0008, 0x0008, 0x0008, 0x0008, 0x0008, 0x0008, 0x0008,
  0x0008, 0x0008, 0x0007, 0x0007, 0x0007, 0x0007, 0x0007, 0x0007, 0x0007, 0x0007, 0x0007, 0x0007,
  0x0007, 0x0007, 0x0007, 0x0007, 0x0007, 0x0007, 0x0007, 0x0007, 0x0007, 0x0007, 0x0007, 0x0007,
  0x0007, 0x0007, 0x0007, 0x0007, 0x0007, 0x0007, 0x0007, 0x0007, 0x0007, 0x0007, 0x0007, 0x0007,
  0x0007, 0x0007, 0x0007, 0x0007, 0x0807, 0x0807, 0x0807, 0x0807, 0x0807, 0x0807, 0x0807, 0x0807,
  0x0807, 0x0807, 0x0807, 0x0807, 0x0807, 0x0807, 0x0807, 0x0807, 0x0827, 0x0827, 0x0807, 0x0827,
  0x0827, 0x0827, 0x0827, 0x0828, 0x0827, 0x0828, 0x0828, 0x0828, 0x0828, 0x0828, 0x0828, 0x0828,
  0x0828, 0x0828, 0x0828, 0x0828, 0x0828, 0x0828, 0x0828, 0x0828, 0x0828, 0x0828, 0x0828, 0x1028,
  0x1028, 0x1028, 0x0828, 0x0828, 0x0828, 0x0828, 0x0828, 0x0828, 0x0828, 0x0827, 0x0827, 0x0827,
  0x0827, 0x0827, 0x0807, 0x0807, 0x0807, 0x0807, 0x0827, 0x0807, 0x0807, 0x0807, 0x0807, 0x0807,
  0x0807, 0x0807, 0x0807, 0x0807, 0x0807, 0x0807, 0x0807, 0x0807, 0x0007, 0x0807, 0x0007, 0x0806,
  0x0006, 0x0006, 0x0006, 0x0006, 0x0006, 0x0006, 0x0006, 0x0006, 0x0006, 0x0006, 0x0006, 0x0006,
  0x0006, 0x0006, 0x0006, 0x0006, 0x0006, 0x0006, 0x0006, 0x0006, 0x0006, 0x0006, 0x0006, 0x0006,
  0x0006, 0x0007, 0x0007, 0x0007, 0x0007, 0x0007, 0x0007, 0x0007, 0x0007, 0x0007, 0x0007, 0x0007,
  0x0007, 0x0007, 0x0008, 0x0008, 0x0008, 0x0008, 0x0008, 0x0008, 0x0008, 0x0009, 0x0009, 0x0009,
  0x0009, 0x0809, 0x0809, 0x080A, 0x080A, 0x080A, 0x080A, 0x080A, 0x080A, 0x080B, 0x080B, 0x082B,
  0x080B, 0x082B, 0x082C, 0x082C, 0x082C, 0x082C, 0x082C, 0x082C, 0x082D, 0x102D, 0x102D, 0x102D,
  0x102D, 0x102D, 0x102E, 0x102E, 0x102E, 0x102E, 0x102E, 0x104E, 0x102F, 0x104F, 0x104F, 0x104F,
  0x104F, 0x104F, 0x104F, 0x104F, 0x104F, 0x104F, 0x104F, 0x104F, 0x1050, 0x1050, 0x104F, 0x1050,
  0x1050, 0x1050, 0x1050, 0x104F, 0x1050, 0x1050, 0x104F, 0x104F, 0x104F, 0x104F, 0x104F, 0x104F,
  0x104F, 0x104F, 0x104F, 0x104F, 0x0006, 0x0006, 0x0006, 0x0006, 0x0006, 0x0006, 0x1046, 0x9C04,
  0xB4A3, 0x6AC8, 0x18CB, 0x18CB, 0x18CB, 0x18CB, 0x18CB, 0x18CB, 0x18CB, 0x18CB, 0x18CB, 0x18CB,
  0x18CB, 0x5A88, 0xB483, 0xB4A3, 0x72E5, 0x0008, 0x0008, 0x0008, 0x0008, 0x0008, 0x0008, 0x0008,
  0x0008, 0x0008, 0x0008, 0x0008, 0x0008, 0x0008, 0x0009, 0x0008, 0xFFFF, 0xB5B8, 0x0009, 0x5AAF,
  0xFFFF, 0xAD57, 0x0009, 0xC639, 0xFFFF, 0x292B, 0xC639, 0xF7BE, 0x420D, 0x5AAF, 0xFFFF, 0xAD57,
  0x0009, 0x0009, 0x0009, 0xD69B, 0xFFFF, 0x8C74, 0xFFFF, 0x8C74, 0xD69B, 0xEF5D, 0x0009, 0x0009,
  0x0009, 0x0009, 0x0009, 0x0008, 0x0008, 0x0008, 0x0009, 0x0008, 0x0008, 0x0008, 0x0008, 0x0008,
  0x0008, 0x0008, 0x0008, 0x0008, 0x0008, 0x0008, 0x0008, 0x0008, 0x0008, 0x0008, 0x0008, 0x0007,
  0x0007, 0x0007, 0x0007, 0x0007, 0x0007, 0x0007, 0x0007, 0x0007, 0x0007, 0x0007, 0x0007, 0x0007,
  0x0007, 0x0007, 0x0007, 0x0007, 0x0007, 0x0007, 0x0007, 0x0007, 0x0007, 0x0007, 0x0007, 0x0007,
  0x0007, 0x0007, 0x0007, 0x0007, 0x0007, 0x0007, 0x0007, 0x0007, 0x0007, 0x0007, 0x0007, 0x0007,
  0x0007, 0x0807, 0x0807, 0x0807, 0x0807, 0x0807, 0x0807, 0x0807, 0x0807, 0x0807, 0x0807, 0x0807,
  0x0807, 0x0807, 0x0807, 0x0807, 0x0807, 0x0827, 0x0827, 0x0827, 0x0827, 0x0827, 0x0828, 0x0828,
  0x0828, 0x0828, 0x0828, 0x0828, 0x0828, 0x0828, 0x0828, 0x0828, 0x0828, 0x0828, 0x0828, 0x0828,
  0x0828, 0x0828, 0x0828, 0x0828, 0x0828, 0x0828, 0x0828, 0x0828, 0x0828, 0x0828, 0x0828, 0x0828,
  0x0828, 0x0827, 0x0827, 0x0827, 0x0827, 0x0827, 0x0827, 0x0827, 0x0827, 0x0827, 0x0827, 0x0827,
  0x0827, 0x0827, 0x0807, 0x0807, 0x0807, 0x0807, 0x0807, 0x0807, 0x0807, 0x0807, 0x0807, 0x0807,
  0x0807, 0x0807, 0x0807, 0x0007, 0x0807, 0x0006, 0x0806, 0x0006, 0x0006, 0x0006, 0x0006, 0x0006,
  0x0006, 0x0006, 0x0006, 0x0006, 0x0006, 0x0006, 0x0006, 0x0006, 0x0006, 0x0006, 0x0006, 0x0006,
  0x0006, 0x0006, 0x0006, 0x0006, 0x0006, 0x0006, 0x0006, 0x0006, 0x0006, 0x0006, 0x0007, 0x0007,
  0x0007, 0x0007, 0x0007, 0x0007, 0x0007, 0x0007, 0x0007, 0x0007, 0x0007, 0x0007, 0x0008, 0x0008,
  0x0008, 0x0008, 0x0008, 0x0008, 0x0008, 0x0008, 0x0009, 0x0009, 0x0009, 0x0809, 0x0809, 0x0809,
  0x080A, 0x080A, 0x080A, 0x080A, 0x080A, 0x080B, 0x082B, 0x080B, 0x080B, 0x082B, 0x082C, 0x082C,
  0x082C, 0x082C, 0x082C, 0x082C, 0x082C, 0x102D, 0x102D, 0x102D, 0x102D, 0x102E, 0x102E, 0x102E,
  0x102E, 0x102E, 0x102E, 0x102E, 0x104E, 0x102F, 0x104F, 0x104F, 0x104F, 0x104F, 0x104F, 0x104F,
  0x104F, 0x104F, 0x104F, 0x104F, 0x104F, 0x104F, 0x104F, 0x104F, 0x1050, 0x1050, 0x104F, 0x104F,
  0x104F, 0x104F, 0x104F, 0x104F, 0x104F, 0x104F, 0x104F, 0x104F, 0x104F, 0x104F, 0x102F, 0x104F,
  0x0006, 0x0006, 0x0006, 0x0006, 0x0006, 0x0006, 0x8345, 0xB4A3, 0x8BA6, 0x18CB, 0x18CB, 0x18CB,
  0x18CB, 0x18CB, 0x18CB, 0x18CB, 0x18CB, 0x18CB, 0x18CB, 0x18EB, 0x7327, 0xB4A3, 0xB4A3, 0x6AC6,
  0x0008, 0x0008, 0x0008, 0x0008, 0x0008, 0x0008, 0x0008, 0x0008, 0x0008, 0x0008, 0x0008, 0x0008,
  0x0008, 0x0009, 0x0008, 0x0009, 0xFFFF, 0xB5B8, 0x0009, 0x0009, 0xF7BE, 0xFFFF, 0xFFFF, 0xFFFF,
  0xDEFC, 0x0009, 0x9CD5, 0xFFFF, 0xFFFF, 0xFFFF, 0xFFFF, 0x7BF2, 0x0009, 0x0009, 0x6B51, 0xFFFF,
  0xB5B8, 0x292B, 0xFFFF, 0xFFFF, 0xFFFF, 0xD69B, 0x0009, 0x0009, 0x0009, 0x0009, 0x0009, 0x0009,
  0x0009, 0x0009, 0x0008, 0x0008, 0x0008, 0x0008, 0x0008, 0x0008, 0x0008, 0x0008, 0x0008, 0x0008,
  0x0008, 0x0008, 0x0008, 0x0008, 0x0008, 0x0008, 0x0008, 0x0007, 0x0007, 0x0007, 0x0007, 0x0007,
  0x0007, 0x0007, 0x0007, 0x0007, 0x0007, 0x0007, 0x0007, 0x0007, 0x0007, 0x0007, 0x0007, 0x0007,
  0x0007, 0x0007, 0x0007, 0x0007, 0x0007, 0x0007, 0x0007, 0x0007, 0x0007, 0x0007, 0x0007, 0x0007,
  0x0007, 0x0007, 0x0007, 0x0007, 0x0007, 0x0007, 0x0807, 0x0807, 0x0807, 0x0807, 0x0807, 0x0807,
  0x0807, 0x0807, 0x0807, 0x0807, 0x0807, 0x0807, 0x0807, 0x0807, 0x0807, 0x0807, 0x0807, 0x0807,
  0x0807, 0x0807, 0x0827, 0x0828, 0x0828, 0x0828, 0x0828, 0x0828, 0x0827, 0x0828, 0x0828, 0x0828,
  0x0828, 0x0828, 0x0828, 0x0828, 0x0828, 0x0828, 0x0828, 0x0828, 0x0828, 0x0828, 0x0828, 0x0828,
  0x0828, 0x0828, 0x0828, 0x0828, 0x0828, 0x0828, 0x0828, 0x0828, 0x0828, 0x0828, 0x0828, 0x0827,
  0x0827, 0x0827, 0x0827, 0x0827, 0x0827, 0x0827, 0x0827, 0x0827, 0x0807, 0x0807, 0x0807, 0x0807,
  0x0807, 0x0807, 0x0807, 0x0807, 0x0807, 0x0807, 0x0807, 0x0807, 0x0807, 0x0807, 0x0807, 0x0807,
  0x0007, 0x0806, 0x0006, 0x0006, 0x0006, 0x0006, 0x0006, 0x0006, 0x0006, 0x0006, 0x0006, 0x0006,
  0x0006, 0x0006, 0x0006, 0x0006, 0x0006, 0x0006, 0x0006, 0x0006, 0x0006, 0x0006, 0x0006, 0x0006,
  0x0006, 0x0006, 0x0006, 0x0006, 0x0006, 0x0006, 0x0006, 0x0007, 0x0007, 0x0007, 0x0007, 0x0007,
  0x0007, 0x0007, 0x0007, 0x0007, 0x0007, 0x0008, 0x0008, 0x0008, 0x0008, 0x0008, 0x0008, 0x0008,
  0x0008, 0x0009, 0x0009, 0x0009, 0x0009, 0x0009, 0x0809, 0x0809, 0x080A, 0x080A, 0x080A, 0x080A,
  0x080A, 0x080A, 0x082B, 0x080B, 0x082B, 0x080B, 0x082B, 0x082C, 0x082C, 0x082C, 0x082C, 0x102C,
  0x082C, 0x082D, 0x102D, 0x102D, 0x102D, 0x102D, 0x102D, 0x102E, 0x102E, 0x102E, 0x102E, 0x102E,
  0x102E, 0x102E, 0x102F, 0x104F, 0x104F, 0x104F, 0x104F, 0x104F, 0x104F, 0x104F, 0x104F, 0x104F,
  0x104F, 0x104F, 0x104F, 0x104F, 0x104F, 0x104F, 0x104F, 0x104F, 0x104F, 0x104F, 0x104F, 0x104F,
  0x104F, 0x104F, 0x104F, 0x104F, 0x104F, 0x102F, 0x104F, 0x104F, 0x0006, 0x0006, 0x0006, 0x0006,
  0x0006, 0x72C5, 0xB4A3, 0xA424, 0x210B, 0x10CB, 0x10CB, 0x10CB, 0x10CB, 0x10CB, 0x10CB, 0x10CB,
  0x10CB, 0x10CB, 0x210B, 0x8BA6, 0xB4A3, 0xB483, 0x3987, 0x0007, 0x0008, 0x0008, 0x0008, 0x0008,
  0x0008, 0x0008, 0x0008, 0x0008, 0x0008, 0x0008, 0x0008, 0x0008, 0x0008, 0x0008, 0x0009, 0x0009,
  0xAD57, 0x8C74, 0x0009, 0x0009, 0x6B51, 0xB5B8, 0xB5B8, 0xB5B8, 0x420D, 0x0009, 0x0009, 0xAD57,
  0xBDB8, 0xBDB8, 0x9CD5, 0x0009, 0x0009, 0x0009, 0x5AAF, 0xBDB8, 0x420D, 0x0009, 0x6B51, 0xB5B8,
  0xB5B8, 0x292B, 0x0009, 0x0009, 0x0009, 0x0009, 0x0009, 0x0009, 0x0009, 0x0009, 0x0009, 0x0008,
  0x0008, 0x0008, 0x0008, 0x0008, 0x0008, 0x0008, 0x0008, 0x0008, 0x0008, 0x0008, 0x0008, 0x0008,
  0x0008, 0x0008, 0x0008, 0x0008, 0x0007, 0x0007, 0x0007, 0x0007, 0x0007, 0x0007, 0x0007, 0x0007,
  0x0007, 0x0007, 0x0007, 0x0007, 0x0007, 0x0007, 0x0007, 0x0007, 0x0007, 0x0007, 0x0007, 0x0007,
  0x0007, 0x0007, 0x0007, 0x0007, 0x0007, 0x0007, 0x0007, 0x0007, 0x0007, 0x0007, 0x0007, 0x0007,
  0x0807, 0x0807, 0x0807, 0x0807, 0x0807, 0x0807, 0x0807, 0x0807, 0x0807, 0x0807, 0x0807, 0x0807,
  0x0807, 0x0807, 0x0807, 0x0807, 0x0807, 0x0827, 0x0827, 0x0807, 0x0827, 0x0827, 0x0807, 0x0827,
  0x0827, 0x0828, 0x0827, 0x0828, 0x0828, 0x0828, 0x0828, 0x0828, 0x0828, 0x0828, 0x0828, 0x0828,
  0x0828, 0x0828, 0x0828, 0x0828, 0x0828, 0x0828, 0x0828, 0x0828, 0x0828, 0x0828, 0x0828, 0x0828,
  0x0828, 0x0828, 0x0828, 0x0828, 0x0827, 0x0827, 0x0827, 0x0828, 0x0827, 0x0827, 0x0827, 0x0827,
  0x0807, 0x0807, 0x0807, 0x0807, 0x0807, 0x0807, 0x0807, 0x0807, 0x0807, 0x0807, 0x0807, 0x0807,
  0x0807, 0x0807, 0x0807, 0x0807, 0x0807, 0x0807, 0x0807, 0x0807, 0x0806, 0x0007, 0x0006, 0x0006,
  0x0006, 0x0006, 0x0006, 0x0006, 0x0006, 0x0006, 0x0006, 0x0006, 0x0006, 0x0006, 0x0006, 0x0006,
  0x0006, 0x0006, 0x0006, 0x0006, 0x0006, 0x0006, 0x0006, 0x0006, 0x0006, 0x0006, 0x0006, 0x0006,
  0x0006, 0x0007, 0x0007, 0x0007, 0x0007, 0x0007, 0x0007, 0x0007, 0x0007, 0x0007, 0x0007, 0x0007,
  0x0007, 0x0007, 0x0007, 0x0008, 0x0008, 0x0008, 0x0008, 0x0008, 0x0008, 0x0009, 0x0009, 0x0009,
  0x0009, 0x0009, 0x0809, 0x0809, 0x080A, 0x080A, 0x080A, 0x080A, 0x080A, 0x080A, 0x080B, 0x082B,
  0x082B, 0x080B, 0x082B, 0x082C, 0x082C, 0x082C, 0x082C, 0x082C, 0x082C, 0x082C, 0x102D, 0x102D,
  0x102D, 0x102D, 0x102D, 0x102E, 0x102E, 0x102E, 0x102E, 0x102E, 0x102E, 0x102E, 0x102E, 0x102F,
  0x104F, 0x104F, 0x104F, 0x102F, 0x104F, 0x104F, 0x104F, 0x104F, 0x104F, 0x104F, 0x104F, 0x104F,
  0x104F, 0x104F, 0x104F, 0x104F, 0x104F, 0x104F, 0x104F, 0x104F, 0x104F, 0x104F, 0x104F, 0x102F,
  0x104F, 0x104F, 0x104F, 0x104F, 0x0006, 0x0006, 0x0006, 0x0006, 0x41A6, 0xB4A3, 0xAC83, 0x39AA,
  0x10CB, 0x10CB, 0x10CB, 0x10CB, 0x10CB, 0x10CB, 0x10CB, 0x10CB, 0x10CB, 0x296A, 0x9C05, 0xB4A3,
  0x9BE4, 0x20A7, 0x0008, 0x0008, 0x0008, 0x0008, 0x0008, 0x0008, 0x0008, 0x0008, 0x0008, 0x0008,
  0x0008, 0x0008, 0x0008, 0x0008, 0x0008, 0x0009, 0x0009, 0x0009, 0x0009, 0x0009, 0x0009, 0x0009,
  0x0009, 0x0009, 0x0009, 0x0009, 0x0009, 0x0009, 0x0009, 0x0009, 0x0009, 0x0009, 0x0009, 0x0009,
  0x0009, 0x0009, 0x0009, 0x0009, 0x0009, 0x0009, 0x0009, 0x0009, 0x0009, 0x0009, 0x0009, 0x0009,
  0x0009, 0x0009, 0x0009, 0x0009, 0x0009, 0x0009, 0x0009, 0x0009, 0x0008, 0x0008, 0x0008, 0x0008,
  0x0008, 0x0008, 0x0008, 0x0008, 0x0008, 0x0008, 0x0008, 0x0008, 0x0008, 0x0008, 0x0008, 0x0007,
  0x0007, 0x0008, 0x0007, 0x0007, 0x0007, 0x0007, 0x0007, 0x0007, 0x0007, 0x0007, 0x0007, 0x0007,
  0x0007, 0x0007, 0x0007, 0x0007, 0x0007, 0x0007, 0x0007, 0x0007, 0x0007, 0x0007, 0x0007, 0x0007,
  0x0007, 0x0007, 0x0007, 0x0007, 0x0007, 0x0007, 0x0007, 0x0007, 0x0007, 0x0807, 0x0807, 0x0807,
  0x0807, 0x0807, 0x0807, 0x0807, 0x0807, 0x0807, 0x0807, 0x0807, 0x0807, 0x0807, 0x0807, 0x0807,
  0x0807, 0x0807, 0x0827, 0x0827, 0x0807, 0x0827, 0x0827, 0x0827, 0x0807, 0x0828, 0x0828, 0x0828,
  0x0828, 0x0828, 0x0828, 0x0828, 0x0828, 0x0828, 0x0828, 0x0828, 0x0828, 0x0828, 0x0828, 0x0828,
  0x0828, 0x0828, 0x0828, 0x0828, 0x0828, 0x0828, 0x0828, 0x0828, 0x0828, 0x0828, 0x0828, 0x0828,
  0x0828, 0x0828, 0x0827, 0x0827, 0x0827, 0x0807, 0x0807, 0x0807, 0x0807, 0x0807, 0x0807, 0x0807,
  0x0807, 0x0807, 0x0807, 0x0807, 0x0807, 0x0807, 0x0807, 0x0807, 0x0807, 0x0807, 0x0807, 0x0807,
  0x0807, 0x0807, 0x0807, 0x0806, 0x0007, 0x0006, 0x0006, 0x0006, 0x0006, 0x0006, 0x0006, 0x0006,
  0x0006, 0x0006, 0x0006, 0x0006, 0x0006, 0x0006, 0x0006, 0x0006, 0x0006, 0x0006, 0x0006, 0x0006,
  0x0006, 0x0006, 0x0006, 0x0006, 0x0006, 0x0006, 0x0006, 0x0006, 0x0006, 0x0006, 0x0007, 0x0007,
  0x0007, 0x0007, 0x0007, 0x0007, 0x0007, 0x0007, 0x0007, 0x0007, 0x0007, 0x0007, 0x0008, 0x0008,
  0x0008, 0x0008, 0x0008, 0x0008, 0x0008, 0x0008, 0x0009, 0x0009, 0x0009, 0x0009, 0x0809, 0x0809,
  0x080A, 0x080A, 0x080A, 0x080A, 0x080A, 0x080A, 0x080B, 0x082B, 0x080B, 0x082B, 0x080B, 0x082C,
  0x082C, 0x082C, 0x082C, 0x082C, 0x102C, 0x082C, 0x082D, 0x102D, 0x102D, 0x102D, 0x102D, 0x102E,
  0x102E, 0x102E, 0x102E, 0x102E, 0x102E, 0x102E, 0x102E, 0x102E, 0x102F, 0x104F, 0x104F, 0x104F,
  0x104F, 0x104F, 0x104F, 0x104F, 0x104F, 0x104F, 0x104F, 0x104F, 0x104F, 0x104F, 0x104F, 0x104F,
  0x104F, 0x104F, 0x104F, 0x104F, 0x104F, 0x102F, 0x104F, 0x104F, 0x104F, 0x104F, 0x104F, 0x102F,
  0x0006, 0x0006, 0x0006, 0x0006, 0x72E5, 0xB4A3, 0x5268, 0x10AB, 0x10AB, 0x10AB, 0x10AB, 0x10AB,
  0x10AB, 0x10AB, 0x10AB, 0x10CB, 0x39A9, 0xAC64, 0xB4A3, 0x8365, 0x1047, 0x0007, 0x0008, 0x0008,
  0x0008, 0x0008, 0x0008, 0x0008, 0x0008, 0x0008, 0x0008, 0x0008, 0x0008, 0x0008, 0x0008, 0x0009,
  0x0009, 0x0009, 0x0009, 0x0009, 0x0009, 0x0009, 0x0009, 0x0009, 0x0009, 0x0009, 0x0009, 0x0009,
  0x0009, 0x0009, 0x0009, 0x0009, 0x0009, 0x0009, 0x0009, 0x0009, 0x0009, 0x0009, 0x0009, 0x0009,
  0x0009, 0x0009, 0x0009, 0x0009, 0x0009, 0x0009, 0x0009, 0x0009, 0x0009, 0x0009, 0x0009, 0x0009,
  0x0009, 0x0009, 0x0009, 0x0009, 0x0008, 0x0008, 0x0008, 0x0008, 0x0008, 0x0008, 0x0008, 0x0008,
  0x0008, 0x0008, 0x0008, 0x0008, 0x0008, 0x0008, 0x0008, 0x0008, 0x0008, 0x0007, 0x0007, 0x0007,
  0x0007, 0x0007, 0x0007, 0x0007, 0x0007, 0x0007, 0x0007, 0x0007, 0x0007, 0x0007, 0x0007, 0x0007,
  0x0007, 0x0007, 0x0007, 0x0007, 0x0007, 0x0007, 0x0007, 0x0007, 0x0007, 0x0007, 0x0007, 0x0007,
  0x0007, 0x0007, 0x0007, 0x0007, 0x0007, 0x0007, 0x0807, 0x0807, 0x0807, 0x0807, 0x0807, 0x0807,
  0x0807, 0x0807, 0x0807, 0x0807, 0x0807, 0x0807, 0x0807, 0x0807, 0x0807, 0x0807, 0x0807, 0x0827,
  0x0828, 0x0827, 0x0828, 0x0827, 0x0828, 0x0828, 0x0828, 0x0828, 0x0828, 0x0828, 0x0828, 0x0828,
  0x0828, 0x0828, 0x0828, 0x0828, 0x0828, 0x0828, 0x0828, 0x0828, 0x0828, 0x0828, 0x0828, 0x0828,
  0x0828, 0x0828, 0x0828, 0x0828, 0x0827, 0x0828, 0x0828, 0x0828, 0x0828, 0x0827, 0x0827, 0x0827,
  0x0827, 0x0827, 0x0807, 0x0807, 0x0807, 0x0807, 0x0807, 0x0807, 0x0807, 0x0807, 0x0807, 0x0807,
  0x0807, 0x0807, 0x0807, 0x0807, 0x0807, 0x0807, 0x0807, 0x0807, 0x0807, 0x0807, 0x0007, 0x0006,
  0x0006, 0x0006, 0x0006, 0x0006, 0x0006, 0x0006, 0x0006, 0x0006, 0x0006, 0x0006, 0x0006, 0x0006,
  0x0006, 0x0006, 0x0006, 0x0006, 0x0006, 0x0006, 0x0006, 0x0006, 0x0006, 0x0006, 0x0006, 0x0006,
  0x0006, 0x0006, 0x0006, 0x0006, 0x0006, 0x0006, 0x0006, 0x0007, 0x0007, 0x0007, 0x0007, 0x0007,
  0x0007, 0x0007, 0x0007, 0x0007, 0x0007, 0x0007, 0x0007, 0x0008, 0x0008, 0x0008, 0x0008, 0x0008,
  0x0008, 0x0008, 0x0009, 0x0009, 0x0009, 0x0009, 0x0009, 0x0809, 0x080A, 0x080A, 0x080A, 0x080A,
  0x080A, 0x080A, 0x080A, 0x080B, 0x080B, 0x082B, 0x080B, 0x082B, 0x082C, 0x082C, 0x082C, 0x082C,
  0x082C, 0x082C, 0x082C, 0x102D, 0x102D, 0x102D, 0x102D, 0x102D, 0x102D, 0x102E, 0x102E, 0x102E,
  0x102E, 0x102E, 0x102E, 0x102E, 0x104E, 0x102F, 0x104F, 0x104F, 0x104F, 0x104F, 0x104F, 0x102F,
  0x104F, 0x104F, 0x104F, 0x104F, 0x104F, 0x104F, 0x104F, 0x104F, 0x104F, 0x104F, 0x102F, 0x104F,
  0x104F, 0x104F, 0x104F, 0x104F, 0x104F, 0x102F, 0x102F, 0x104E, 0x0006, 0x0006, 0x0006, 0x0006,
  0x9BE4, 0xB4A3, 0x294A, 0x10AB, 0x10AB, 0x10AB, 0x10AB, 0x10AB, 0x10AB, 0x10AB, 0x10AB, 0x5248,
  0xAC83, 0xB4A3, 0x7B05, 0x0007, 0x0007, 0x0007, 0x0008, 0x0008, 0x0008, 0x0008, 0x0008, 0x0008,
  0x0008, 0x0008, 0x0008, 0x0008, 0x0008, 0x0008, 0x0008, 0x0008, 0x0009, 0x0009, 0x0009, 0x0009,
  0x0009, 0x0009, 0x0009, 0x0009, 0x0009, 0x0009, 0x0009, 0x0009, 0x0009, 0x0009, 0x0009, 0x0009,
  0x0009, 0x0009, 0x0009, 0x0009, 0x0009, 0x0009, 0x0009, 0x0009, 0x0009, 0x0009, 0x0009, 0x0009,
  0x0009, 0x0009, 0x0009, 0x0009, 0x0009, 0x0009, 0x0009, 0x0009, 0x0009, 0x0009, 0x0009, 0x0009,
  0x0009, 0x0008, 0x0008, 0x0008, 0x0008, 0x0008, 0x0008, 0x0008, 0x0008, 0x0008, 0x0008, 0x0008,
  0x0008, 0x0008, 0x0008, 0x0008, 0x0008, 0x0008, 0x0008, 0x0008, 0x0007, 0x0007, 0x0007, 0x0007,
  0x0007, 0x0007, 0x0007, 0x0007, 0x0007, 0x0007, 0x0007, 0x0007, 0x0007, 0x0007, 0x0007, 0x0007,
  0x0007, 0x0007, 0x0007, 0x0007, 0x0007, 0x0007, 0x0007, 0x0007, 0x0007, 0x0007, 0x0807, 0x0807,
  0x0807, 0x0807, 0x0807, 0x0807, 0x0807, 0x0807, 0x0807, 0x0807, 0x0807, 0x0807, 0x0807, 0x0807,
  0x0807, 0x0827, 0x0807, 0x0807, 0x0827, 0x0807, 0x0808, 0x0808, 0x0828, 0x0828, 0x0828, 0x0828,
  0x0828, 0x0828, 0x0828, 0x0828, 0x0828, 0x0828, 0x0828, 0x0828, 0x0828, 0x0828, 0x0828, 0x0828,
  0x0828, 0x0828, 0x0828, 0x0828, 0x0828, 0x0828, 0x0828, 0x0828, 0x0828, 0x0828, 0x0828, 0x0828,
  0x0828, 0x0827, 0x0827, 0x0827, 0x0827, 0x0827, 0x0827, 0x0827, 0x0827, 0x0827, 0x0827, 0x0827,
  0x0827, 0x0827, 0x0807, 0x0807, 0x0807, 0x0807, 0x0807, 0x0807, 0x0807, 0x0807, 0x0807, 0x0807,
  0x0807, 0x0807, 0x0807, 0x0807, 0x0007, 0x0006, 0x0006, 0x0006, 0x0006, 0x0006, 0x0006, 0x0006,
  0x0006, 0x0006, 0x0006, 0x0006, 0x0006, 0x0006, 0x0006, 0x0006, 0x0006, 0x0006, 0x0006, 0x0006,
  0x0006, 0x0006, 0x0006, 0x0006, 0x0006, 0x0006, 0x0006, 0x0006, 0x0006, 0x0006, 0x0006, 0x0006,
  0x0006, 0x0006, 0x0006, 0x0006, 0x0007, 0x0007, 0x0007, 0x0007, 0x0007, 0x0007, 0x0007, 0x0007,
  0x0007, 0x0007, 0x0007, 0x0008, 0x0008, 0x0008, 0x0008, 0x0008, 0x0008, 0x0008, 0x0008, 0x0009,
  0x0009, 0x0009, 0x0009, 0x0809, 0x0809, 0x080A, 0x080A, 0x080A, 0x080A, 0x080A, 0x080A, 0x080B,
  0x082B, 0x080B, 0x082B, 0x080B, 0x082C, 0x082C, 0x082C, 0x082C, 0x082C, 0x082C, 0x082C, 0x102D,
  0x102D, 0x102D, 0x102D, 0x102D, 0x102D, 0x102E, 0x102E, 0x102E, 0x102E, 0x102E, 0x102E, 0x102E,
  0x102E, 0x104E, 0x102E, 0x102F, 0x104F, 0x104F, 0x104F, 0x104F, 0x104F, 0x104F, 0x104F, 0x104F,
  0x104F, 0x104F, 0x104F, 0x104F, 0x104F, 0x104F, 0x104F, 0x104F, 0x104F, 0x104F, 0x104F, 0x102F,
  0x102F, 0x104E, 0x104E, 0x102E, 0x0006, 0x0006, 0x0006, 0x0006, 0x72E5, 0xB4A3, 0x62A8, 0x10AB,
  0x10AB, 0x10AB, 0x10AB, 0x10AB, 0x10AB, 0x10AB, 0x41C9, 0xB4A3, 0xB4A3, 0x72C5, 0x0007, 0x0007,
  0x0008, 0x0008, 0x0008, 0x0008, 0x0008, 0x0008, 0x0008, 0x0008, 0x0008, 0x0008, 0x0008, 0x0008,
  0x0008, 0x0008, 0x0009, 0x0009, 0x0009, 0x0009, 0x0009, 0x0009, 0x0009, 0x0009, 0x0009, 0x0009,
  0x0009, 0x0009, 0x0009, 0x0009, 0x0009, 0x0009, 0x0009, 0x0009, 0x0009, 0x0009, 0x0009, 0x0009,
  0x0009, 0x0009, 0x0009, 0x0009, 0x0009, 0x0009, 0x0009, 0x0009, 0x0009, 0x0009, 0x0009, 0x0009,
  0x0009, 0x0009, 0x0009, 0x0009, 0x0009, 0x0009, 0x0009, 0x0009, 0x0009, 0x0008, 0x0008, 0x0008,
  0x0008, 0x0008, 0x0008, 0x0008, 0x0008, 0x0008, 0x0008, 0x0008, 0x0008, 0x0008, 0x0008, 0x0008,
  0x0008, 0x0008, 0x0008, 0x0008, 0x0008, 0x0007, 0x0007, 0x0007, 0x0007, 0x0007, 0x0007, 0x0007,
  0x0007, 0x0007, 0x0007, 0x0007, 0x0007, 0x0007, 0x0007, 0x0007, 0x0007, 0x0007, 0x0007, 0x0007,
  0x0007, 0x0007, 0x0007, 0x0007, 0x0807, 0x0807, 0x0807, 0x0807, 0x0807, 0x0807, 0x0807, 0x0807,
  0x0807, 0x0807, 0x0807, 0x0807, 0x0807, 0x0807, 0x0807, 0x0807, 0x0807, 0x0807, 0x0827, 0x0807,
  0x0808, 0x0828, 0x0828, 0x0808, 0x0808, 0x0828, 0x0828, 0x0828, 0x0828, 0x0828, 0x0828, 0x0828,
  0x0828, 0x0828, 0x0828, 0x0828, 0x0828, 0x0828, 0x0828, 0x0828, 0x0828, 0x0828, 0x0828, 0x0828,
  0x0828, 0x0828, 0x0828, 0x0828, 0x0828, 0x0828, 0x0828, 0x0828, 0x0828, 0x0828, 0x0828, 0x0828,
  0x0827, 0x0827, 0x0827, 0x0827, 0x0827, 0x0827, 0x0827, 0x0807, 0x0807, 0x0807, 0x0807, 0x0807,
  0x0807, 0x0807, 0x0807, 0x0807, 0x0807, 0x0807, 0x0807, 0x0807, 0x0807, 0x0807, 0x0807, 0x0007,
  0x0007, 0x0007, 0x0006, 0x0006, 0x0006, 0x0006, 0x0006, 0x0006, 0x0006, 0x0006, 0x0006, 0x0006,
  0x0006, 0x0006, 0x0006, 0x0006, 0x0006, 0x0006, 0x0006, 0x0006, 0x0006, 0x0006, 0x0006, 0x0006,
  0x0006, 0x0006, 0x0006, 0x0006, 0x0006, 0x0006, 0x0006, 0x0006, 0x0006, 0x0006, 0x0006, 0x0006,
  0x0006, 0x0007, 0x0007, 0x0007, 0x0007, 0x0007, 0x0007, 0x0007, 0x0007, 0x0007, 0x0007, 0x0008,
  0x0008, 0x0008, 0x0008, 0x0008, 0x0008, 0x0008, 0x0008, 0x0009, 0x0009, 0x0009, 0x0009, 0x0009,
  0x0809, 0x080A, 0x080A, 0x080A, 0x080A, 0x080A, 0x080A, 0x080A, 0x080B, 0x080B, 0x082B, 0x080B,
  0x082B, 0x082C, 0x082C, 0x082C, 0x082C, 0x082C, 0x102C, 0x082C, 0x082D, 0x102D, 0x102D, 0x102D,
  0x102D, 0x102D, 0x102E, 0x102E, 0x102E, 0x102E, 0x102E, 0x102E, 0x102E, 0x102E, 0x102E, 0x104E,
  0x102F, 0x102F, 0x104F, 0x104F, 0x104F, 0x104F, 0x104F, 0x104F, 0x104F, 0x104F, 0x104F, 0x104F,
  0x104F, 0x104F, 0x104F, 0x104F, 0x102F, 0x102F, 0x102E, 0x104E, 0x104E, 0x102E, 0x102E, 0x102E,
  0x0006, 0x0006, 0x0006, 0x0006, 0x3146, 0xB4A3, 0x93E5, 0x108B, 0x108B, 0x10AB, 0x10AB, 0x108B,
  0x108B, 0x10AB, 0x5248, 0xB4A3, 0x6AC5, 0x0007, 0x0007, 0x0007, 0x0007, 0x0008, 0x0008, 0x0008,
  0x0008, 0x0008, 0x0008, 0x0008, 0x0008, 0x0008, 0x0008, 0x0008, 0x0008, 0x0008, 0x0008, 0x0009,
  0x0009, 0x0009, 0x0009, 0x0009, 0x0009, 0x0009, 0x0009, 0x0009, 0x0009, 0x0009, 0x0009, 0x0009,
  0x0009, 0x0009, 0x0009, 0x0009, 0x0009, 0x0009, 0x0009, 0x0009, 0x0009, 0x0009, 0x0009, 0x0009,
  0x0009, 0x0009, 0x0009, 0x0009, 0x0009, 0x0009, 0x0009, 0x0009, 0x0009, 0x0009, 0x0009, 0x0009,
  0x0009, 0x0009, 0x0009, 0x0009, 0x0009, 0x0009, 0x0009, 0x0008, 0x0008, 0x0008, 0x0008, 0x0008,
  0x0008, 0x0008, 0x0008, 0x0008, 0x0008, 0x0008, 0x0008, 0x0008, 0x0008, 0x0008, 0x0008, 0x0008,
  0x0008, 0x0007, 0x0007, 0x0007, 0x0007, 0x0007, 0x0007, 0x0007, 0x0007, 0x0007, 0x0007, 0x0007,
  0x0007, 0x0007, 0x0007, 0x0007, 0x0007, 0x0007, 0x0007, 0x0007, 0x0007, 0x0007, 0x0007, 0x0007,
  0x0807, 0x0807, 0x0807, 0x0807, 0x0807, 0x0807, 0x0807, 0x0807, 0x0807, 0x0807, 0x0807, 0x0807,
  0x0807, 0x0807, 0x0807, 0x0807, 0x0807, 0x0807, 0x0808, 0x0828, 0x0828, 0x0828, 0x0828, 0x0828,
  0x0828, 0x0828, 0x0828, 0x0828, 0x0828, 0x0828, 0x0828, 0x0828, 0x0828, 0x0828, 0x0828, 0x0828,
  0x0828, 0x0828, 0x0828, 0x0828, 0x0828, 0x0828, 0x0828, 0x0828, 0x0828, 0x0828, 0x0828, 0x0828,
  0x0828, 0x0828, 0x0828, 0x0828, 0x0828, 0x0827, 0x0827, 0x0827, 0x0827, 0x0827, 0x0827, 0x0807,
  0x0807, 0x0807, 0x0807, 0x0807, 0x0807, 0x0807, 0x0807, 0x0807, 0x0807, 0x0807, 0x0807, 0x0807,
  0x0807, 0x0807, 0x0807, 0x0807, 0x0807, 0x0807, 0x0807, 0x0807, 0x0006, 0x0007, 0x0806, 0x0006,
  0x0006, 0x0006, 0x0006, 0x0006, 0x0006, 0x0006, 0x0006, 0x0006, 0x0006, 0x0006, 0x0006, 0x0006,
  0x0006, 0x0006, 0x0006, 0x0006, 0x0006, 0x0006, 0x0006, 0x0006, 0x0006, 0x0006, 0x0006, 0x0006,
  0x0006, 0x0006, 0x0006, 0x0006, 0x0006, 0x0006, 0x0006, 0x0006, 0x0006, 0x0007, 0x0007, 0x0007,
  0x0007, 0x0007, 0x0007, 0x0007, 0x0007, 0x0007, 0x0007, 0x0007, 0x0008, 0x0008, 0x0008, 0x0008,
  0x0008, 0x0008, 0x0008, 0x0009, 0x0009, 0x0009, 0x0009, 0x0009, 0x0809, 0x0809, 0x080A, 0x080A,
  0x080A, 0x080A, 0x080A, 0x080A, 0x080B, 0x082B, 0x080B, 0x082B, 0x080B, 0x082B, 0x082C, 0x082C,
  0x082C, 0x082C, 0x082C, 0x082C, 0x082D, 0x102D, 0x102D, 0x102D, 0x102D, 0x102D, 0x102D, 0x102E,
  0x102E, 0x102E, 0x102E, 0x102E, 0x102E, 0x102E, 0x102E, 0x102E, 0x104E, 0x104E, 0x102E, 0x102F,
  0x102F, 0x102F, 0x104F, 0x104F, 0x104F, 0x104F, 0x104F, 0x104F, 0x102F, 0x102F, 0x102F, 0x102E,
  0x104E, 0x104E, 0x102E, 0x102E, 0x102E, 0x102E, 0x102E, 0x102E, 0x0006, 0x0006, 0x0006, 0x0006,
  0x0006, 0x9C04, 0xB4A3, 0x294A, 0x108B, 0x108A, 0x108B, 0x108B, 0x108B, 0x108B, 0x6AC7, 0xB4A3,
  0x5A26, 0x0007, 0x0007, 0x0007, 0x0007, 0x0008, 0x0008, 0x0008, 0x0008, 0x0008, 0x0008, 0x0008,
  0x0008, 0x0008, 0x0008, 0x0008, 0x0008, 0x0009, 0x0009, 0x0009, 0x0009, 0x0009, 0x0009, 0x0009,
  0x0009, 0x0009, 0x0009, 0x0009, 0x0009, 0x0009, 0x0009, 0x0009, 0x0009, 0x0009, 0x0009, 0x0009,
  0x0009, 0x0009, 0x0009, 0x0009, 0x0009, 0x0009, 0x0009, 0x0009, 0x0009, 0x0009, 0x0009, 0x0009,
  0x0009, 0x0009, 0x0009, 0x0009, 0x0009, 0x0009, 0x0009, 0x0009, 0x0009, 0x0009, 0x0009, 0x0009,
  0x0009, 0x0009, 0x0008, 0x0008, 0x0008, 0x0008, 0x0008, 0x0008, 0x0008, 0x0008, 0x0008, 0x0008,
  0x0008, 0x0008, 0x0008, 0x0008, 0x0008, 0x0008, 0x0008, 0x0008, 0x0007, 0x0007, 0x0007, 0x0007,
  0x0007, 0x0007, 0x0007, 0x0007, 0x0007, 0x0007, 0x0007, 0x0007, 0x0007, 0x0007, 0x0007, 0x0007,
  0x0007, 0x0007, 0x0007, 0x0007, 0x0007, 0x0007, 0x0007, 0x0007, 0x0007, 0x0807, 0x0807, 0x0807,
  0x0807, 0x0807, 0x0807, 0x0807, 0x0807, 0x0807, 0x0807, 0x0807, 0x0808, 0x0808, 0x0807, 0x0828,
  0x0808, 0x0808, 0x0808, 0x0808, 0x0828, 0x0828, 0x0828, 0x0828, 0x0828, 0x0828, 0x0828, 0x0828,
  0x0828, 0x0828, 0x0828, 0x0828, 0x0828, 0x0828, 0x0828, 0x0828, 0x0828, 0x0828, 0x0828, 0x0828,
  0x0828, 0x0828, 0x0828, 0x0828, 0x0828, 0x0828, 0x0828, 0x0828, 0x0828, 0x0828, 0x0828, 0x0828,
  0x0828, 0x0828, 0x0828, 0x0828, 0x0827, 0x0827, 0x0827, 0x0827, 0x0807, 0x0807, 0x0807, 0x0807,
  0x0807, 0x0807, 0x0807, 0x0807, 0x0807, 0x0807, 0x0807, 0x0807, 0x0807, 0x0807, 0x0807, 0x0807,
  0x0807, 0x0807, 0x0807, 0x0807, 0x0807, 0x0006, 0x0006, 0x0006, 0x0006, 0x0006, 0x0006, 0x0006,
  0x0006, 0x0006, 0x0006, 0x0006, 0x0006, 0x0006, 0x0006, 0x0006, 0x0006, 0x0006, 0x0006, 0x0006,
  0x0006, 0x0006, 0x0006, 0x0006, 0x0006, 0x0006, 0x0006, 0x0006, 0x0006, 0x0006, 0x0006, 0x0006,
  0x0006, 0x0006, 0x0006, 0x0006, 0x0007, 0x0007, 0x0007, 0x0007, 0x0007, 0x0007, 0x0007, 0x0007,
  0x0007, 0x0007, 0x0007, 0x0007, 0x0008, 0x0008, 0x0008, 0x0008, 0x0008, 0x0008, 0x0008, 0x0008,
  0x0009, 0x0009, 0x0009, 0x0009, 0x0009, 0x0809, 0x080A, 0x080A, 0x080A, 0x080A, 0x080A, 0x080A,
  0x080B, 0x080B, 0x082B, 0x080B, 0x080B, 0x082B, 0x082C, 0x082C, 0x082C, 0x082C, 0x082C, 0x082C,
  0x082C, 0x082C, 0x102D, 0x102D, 0x102D, 0x102D, 0x102D, 0x102D, 0x102E, 0x102E, 0x102E, 0x102E,
  0x102E, 0x102E, 0x102E, 0x102E, 0x102E, 0x102E, 0x102E, 0x104E, 0x104E, 0x104E, 0x102E, 0x102E,
  0x102E, 0x102E, 0x102E, 0x102E, 0x104E, 0x104E, 0x104E, 0x102E, 0x102E, 0x102E, 0x102E, 0x102E,
  0x102E, 0x102E, 0x102E, 0x102E, 0x0006, 0x0006, 0x0006, 0x0006, 0x0006, 0x72E5, 0xB4A3, 0x5A88,
  0x088A, 0x108A, 0x088A, 0x108A, 0x088A, 0x088A, 0x7B27, 0xB4A3, 0x41A6, 0x0007, 0x0007, 0x0007,
  0x0008, 0x0008, 0x0008, 0x0008, 0x0008, 0x0008, 0x0008, 0x0008, 0x0008, 0x0008, 0x0008, 0x0008,
  0x0008, 0x0008, 0x0009, 0x0009, 0x0009, 0x0009, 0x0009, 0x0009, 0x0009, 0x0009, 0x0009, 0x0009,
  0x0009, 0x0009, 0x0009, 0x0009, 0x0009, 0x0009, 0x0009, 0x0009, 0x0009, 0x0009, 0x0009, 0x0009,
  0x0009, 0x0009, 0x0009, 0x0009, 0x0009, 0x0009, 0x0009, 0x0009, 0x0009, 0x0009, 0x0009, 0x0009,
  0x0009, 0x0009, 0x0009, 0x0009, 0x0009, 0x0009, 0x0009, 0x0009, 0x0009, 0x0009, 0x0008, 0x0008,
  0x0008, 0x0008, 0x0008, 0x0008, 0x0008, 0x0008, 0x0008, 0x0008, 0x0008, 0x0008, 0x0008, 0x0008,
  0x0008, 0x0008, 0x0008, 0x0008, 0x0007, 0x0007, 0x0007, 0x0007, 0x0007, 0x0007, 0x0007, 0x0007,
  0x0007, 0x0007, 0x0007, 0x0007, 0x0007, 0x0007, 0x0007, 0x0007, 0x0007, 0x0007, 0x0007, 0x0007,
  0x0007, 0x0007, 0x0007, 0x0007, 0x0807, 0x0807, 0x0807, 0x0807, 0x0807, 0x0807, 0x0807, 0x0807,
  0x0807, 0x0807, 0x0807, 0x0808, 0x0807, 0x0807, 0x0828, 0x0828, 0x0828, 0x0828, 0x0808, 0x0828,
  0x0828, 0x0828, 0x0828, 0x0828, 0x0828, 0x0828, 0x0828, 0x0828, 0x0828, 0x0828, 0x0828, 0x0828,
  0x0828, 0x0828, 0x0828, 0x0828, 0x0828, 0x0828, 0x0828, 0x0828, 0x0828, 0x0828, 0x0828, 0x0828,
  0x0828, 0x0828, 0x0828, 0x0828, 0x0828, 0x0828, 0x0828, 0x0828, 0x0828, 0x0828, 0x0828, 0x0828,
  0x0828, 0x0827, 0x0827, 0x0827, 0x0827, 0x0827, 0x0827, 0x0827, 0x0807, 0x0807, 0x0807, 0x0807,
  0x0807, 0x0807, 0x0807, 0x0807, 0x0807, 0x0807, 0x0807, 0x0807, 0x0807, 0x0807, 0x0807, 0x0007,
  0x0006, 0x0006, 0x0006, 0x0006, 0x0006, 0x0006, 0x0006, 0x0006, 0x0006, 0x0006, 0x0006, 0x0006,
  0x0006, 0x0006, 0x0006, 0x0006, 0x0006, 0x0006, 0x0006, 0x0006, 0x0006, 0x0006, 0x0006, 0x0006,
  0x0006, 0x0006, 0x0006, 0x0006, 0x0006, 0x0006, 0x0006, 0x0006, 0x0006, 0x0006, 0x0006, 0x0006,
  0x0006, 0x0007, 0x0007, 0x0007, 0x0007, 0x0007, 0x0007, 0x0007, 0x0007, 0x0007, 0x0007, 0x0007,
  0x0007, 0x0008, 0x0008, 0x0008, 0x0008, 0x0008, 0x0008, 0x0008, 0x0009, 0x0009, 0x0009, 0x0009,
  0x0009, 0x0809, 0x0809, 0x080A, 0x080A, 0x080A, 0x080A, 0x080A, 0x080A, 0x080B, 0x082B, 0x080B,
  0x082B, 0x080B, 0x082B, 0x082C, 0x082C, 0x082C, 0x082C, 0x082C, 0x082C, 0x082C, 0x082C, 0x102D,
  0x102D, 0x102D, 0x102D, 0x102D, 0x102D, 0x102D, 0x102E, 0x102E, 0x102E, 0x102E, 0x102E, 0x102E,
  0x102E, 0x102E, 0x102E, 0x102E, 0x102E, 0x102E, 0x102E, 0x102E, 0x102E, 0x102E, 0x102E, 0x102E,
  0x102E, 0x102E, 0x102E, 0x102E, 0x102E, 0x102E, 0x102E, 0x102E, 0x102E, 0x102E, 0x102E, 0x102E,
  0x0006, 0x0006, 0x0006, 0x0006, 0x0006, 0x3946, 0xB4A3, 0x93C5, 0x088A, 0x088A, 0x088A, 0x088A,
  0x108A, 0x108A, 0x8BA6, 0xB4A3, 0x3107, 0x0007, 0x0007, 0x0008, 0x0008, 0x0008, 0x0008, 0x0008,
  0x0008, 0x0008, 0x0008, 0x0008, 0x0008, 0x0008, 0x0008, 0x0008, 0x0008, 0x0008, 0x0009, 0x0009,
  0x0009, 0x0009, 0x0009, 0x0009, 0x0009, 0x0009, 0x0009, 0x0009, 0x0009, 0x0009, 0x0009, 0x0009,
  0x0009, 0x0009, 0x0009, 0x0009, 0x0009, 0x0009, 0x0009, 0x0009, 0x0009, 0x0009, 0x0009, 0x0009,
  0x0009, 0x0009, 0x0009, 0x0009, 0x0009, 0x0009, 0x0009, 0x0009, 0x0009, 0x0009, 0x0009, 0x0009,
  0x0009, 0x0009, 0x0009, 0x0009, 0x0009, 0x0009, 0x0009, 0x0008, 0x0008, 0x0008, 0x0008, 0x0008,
  0x0008, 0x0008, 0x0008, 0x0008, 0x0008, 0x0008, 0x0008, 0x0008, 0x0008, 0x0008, 0x0008, 0x0008,
  0x0008, 0x0008, 0x0007, 0x0007, 0x0007, 0x0007, 0x0007, 0x0007, 0x0007, 0x0007, 0x0007, 0x0007,
  0x0007, 0x0007, 0x0007, 0x0007, 0x0007, 0x0007, 0x0007, 0x0007, 0x0007, 0x0007, 0x0007, 0x0807,
  0x0807, 0x0807, 0x0807, 0x0807, 0x0807, 0x0807, 0x0807, 0x0808, 0x0808, 0x0808, 0x0808, 0x0808,
  0x0808, 0x0828, 0x0828, 0x0828, 0x0828, 0x0828, 0x0828, 0x0828, 0x0828, 0x0828, 0x0828, 0x0828,
  0x0828, 0x0828, 0x0828, 0x0828, 0x0828, 0x0828, 0x0828, 0x0828, 0x0828, 0x0828, 0x0828, 0x0828,
  0x0828, 0x0828, 0x0828, 0x0828, 0x0828, 0x0828, 0x0828, 0x0828, 0x0828, 0x0828, 0x0828, 0x0828,
  0x0828, 0x0828, 0x0828, 0x0828, 0x0828, 0x0828, 0x0828, 0x0828, 0x0827, 0x0827, 0x0827, 0x0827,
  0x0827, 0x0827, 0x0807, 0x0807, 0x0807, 0x0807, 0x0807, 0x0807, 0x0807, 0x0807, 0x0807, 0x0807,
  0x0807, 0x0807, 0x0807, 0x0807, 0x0807, 0x0007, 0x0006, 0x0006, 0x0007, 0x0006, 0x0006, 0x0006,
  0x0006, 0x0006, 0x0006, 0x0006, 0x0006, 0x0006, 0x0006, 0x0006, 0x0006, 0x0006, 0x0006, 0x0006,
  0x0006, 0x0006, 0x0006, 0x0006, 0x0006, 0x0006, 0x0006, 0x0006, 0x0006, 0x0006, 0x0006, 0x0006,
  0x0006, 0x0006, 0x0006, 0x0006, 0x0006, 0x0006, 0x0006, 0x0006, 0x0006, 0x0006, 0x0007, 0x0007,
  0x0007, 0x0007, 0x0007, 0x0007, 0x0007, 0x0007, 0x0007, 0x0007, 0x0008, 0x0008, 0x0008, 0x0008,
  0x0008, 0x0008, 0x0008, 0x0008, 0x0008, 0x0009, 0x0009, 0x0009, 0x0009, 0x0009, 0x0809, 0x080A,
  0x080A, 0x080A, 0x080A, 0x080A, 0x080A, 0x080B, 0x080B, 0x082B, 0x080B, 0x082B, 0x080B, 0x082B,
  0x082C, 0x082C, 0x082C, 0x082C, 0x082C, 0x082C, 0x082C, 0x082C, 0x102D, 0x102D, 0x102D, 0x102D,
  0x102D, 0x102D, 0x102E, 0x102E, 0x102E, 0x102E, 0x102E, 0x102E, 0x102E, 0x102E, 0x102E, 0x102E,
  0x102E, 0x102E, 0x102E, 0x102E, 0x102E, 0x102E, 0x102E, 0x102E, 0x102E, 0x102E, 0x102E, 0x102E,
  0x102E, 0x102E, 0x102E, 0x102E, 0x102E, 0x102E, 0x102E, 0x102E, 0x0006, 0x0006, 0x0006, 0x0006,
  0x0006, 0x0006, 0x9C04, 0xB4A3, 0x210A, 0x088A, 0x088A, 0x088A, 0x086A, 0x088A, 0x9C04, 0xB4A3,
  0x1887, 0x0007, 0x0007, 0x0007, 0x0008, 0x0008, 0x0008, 0x0008, 0x0008, 0x0008, 0x0008, 0x0008,
  0x0008, 0x0008, 0x0008, 0x0008, 0x0009, 0x0009, 0x0009, 0x0009, 0x0009, 0x0009, 0x0009, 0x0009,
  0x0009, 0x0009, 0x0009, 0x0009, 0x0009, 0x0009, 0x0009, 0x0009, 0x0009, 0x0009, 0x0009, 0x0009,
  0x0009, 0x0009, 0x0009, 0x0009, 0x0009, 0x0009, 0x0009, 0x0009, 0x0009, 0x0009, 0x0009, 0x0009,
  0x0009, 0x0009, 0x0009, 0x0009, 0x0009, 0x0009, 0x0009, 0x0009, 0x0009, 0x0009, 0x0009, 0x0009,
  0x0009, 0x0009, 0x0009, 0x0008, 0x0008, 0x0008, 0x0008, 0x0008, 0x0008, 0x0008, 0x0008, 0x0008,
  0x0008, 0x0008, 0x0008, 0x0008, 0x0008, 0x0008, 0x0008, 0x0008, 0x0008, 0x0008, 0x0007, 0x0007,
  0x0007, 0x0007, 0x0007, 0x0007, 0x0007, 0x0007, 0x0007, 0x0007, 0x0007, 0x0007, 0x0007, 0x0007,
  0x0007, 0x0007, 0x0007, 0x0007, 0x0007, 0x0807, 0x0807, 0x0807, 0x0807, 0x0807, 0x0807, 0x0807,
  0x0808, 0x0807, 0x0807, 0x0807, 0x0808, 0x0808, 0x0808, 0x0808, 0x0808, 0x0808, 0x0828, 0x0828,
  0x0828, 0x0828, 0x0828, 0x0828, 0x0828, 0x0828, 0x0828, 0x0828, 0x0828, 0x0828, 0x0828, 0x0828,
  0x0828, 0x0828, 0x0828, 0x0828, 0x0828, 0x0828, 0x0828, 0x1028, 0x0828, 0x0828, 0x0828, 0x0828,
  0x0828, 0x0828, 0x0828, 0x0828, 0x0828, 0x0828, 0x0828, 0x0828, 0x0828, 0x0828, 0x0828, 0x0828,
  0x0828, 0x0828, 0x0828, 0x0828, 0x0827, 0x0828, 0x0827, 0x0827, 0x0807, 0x0807, 0x0807, 0x0807,
  0x0807, 0x0807, 0x0807, 0x0807, 0x0807, 0x0807, 0x0807, 0x0807, 0x0807, 0x0807, 0x0807, 0x0807,
  0x0807, 0x0807, 0x0807, 0x0006, 0x0006, 0x0006, 0x0006, 0x0006, 0x0006, 0x0006, 0x0006, 0x0006,
  0x0006, 0x0006, 0x0006, 0x0006, 0x0006, 0x0006, 0x0006, 0x0006, 0x0006, 0x0006, 0x0006, 0x0006,
  0x0006, 0x0006, 0x0006, 0x0006, 0x0006, 0x0006, 0x0006, 0x0006, 0x0006, 0x0006, 0x0006, 0x0006,
  0x0006, 0x0006, 0x0006, 0x0006, 0x0006, 0x0006, 0x0006, 0x0007, 0x0007, 0x0007, 0x0007, 0x0007,
  0x0007, 0x0007, 0x0007, 0x0007, 0x0007, 0x0007, 0x0008, 0x0008, 0x0008, 0x0008, 0x0008, 0x0008,
  0x0008, 0x0009, 0x0009, 0x0009, 0x0009, 0x0009, 0x0809, 0x0809, 0x080A, 0x080A, 0x080A, 0x080A,
  0x080A, 0x080A, 0x080B, 0x080B, 0x082B, 0x082B, 0x082B, 0x080B, 0x082C, 0x082C, 0x082C, 0x082C,
  0x082C, 0x082C, 0x082C, 0x082C, 0x082C, 0x102D, 0x102D, 0x102D, 0x102D, 0x102D, 0x102D, 0x102D,
  0x102E, 0x102E, 0x102E, 0x102E, 0x102E, 0x102E, 0x102E, 0x102E, 0x102E, 0x102E, 0x102E, 0x102E,
  0x102E, 0x102E, 0x102E, 0x102E, 0x102E, 0x102E, 0x102E, 0x102E, 0x102E, 0x102E, 0x102E, 0x102E,
  0x102E, 0x102E, 0x102E, 0x102E, 0x0006, 0x0006, 0x0006, 0x0006, 0x0006, 0x0006, 0x72E5, 0xB4A3,
  0x5A68, 0x086A, 0x086A, 0x086A, 0x086A, 0x086A, 0xAC83, 0xB4A3, 0x0007, 0x0007, 0x0007, 0x0007,
  0x0008, 0x0008, 0x0008, 0x0008, 0x0008, 0x0008, 0x0008, 0x0008, 0x0008, 0x0008, 0x0008, 0xFFFF,
  0x0009, 0x0009, 0x0009, 0x0009, 0x0009, 0x0009, 0x0009, 0x0009, 0x0009, 0x0009, 0x0009, 0x0009,
  0x0009, 0x0009, 0x0009, 0x0009, 0x0009, 0x0009, 0x0009, 0x0009, 0x0009, 0x0009, 0x0009, 0x0009,
  0x0009, 0x0009, 0x0009, 0x0009, 0x0009, 0x0009, 0x0009, 0x0009, 0x0009, 0x0009, 0x0009, 0x0009,
  0x0009, 0x0009, 0x0009, 0x0009, 0x0009, 0x0009, 0x0009, 0x0009, 0x0009, 0x0009, 0x0009, 0x0008,
  0x0009, 0x0008, 0x0008, 0x0008, 0x0008, 0x0008, 0x0008, 0x0008, 0x0008, 0x0008, 0x0008, 0x0008,
  0x0008, 0x0008, 0x0008, 0x0008, 0x0008, 0x0007, 0x0008, 0x0008, 0x0007, 0x0007, 0x0007, 0x0007,
  0x0007, 0x0007, 0x0007, 0x0007, 0x0007, 0x0007, 0x0007, 0x0007, 0x0007, 0x0007, 0x0807, 0x0007,
  0x0807, 0x0807, 0x0807, 0x0807, 0x0807, 0x0807, 0x0808, 0x0807, 0x0807, 0x0808, 0x0808, 0x0808,
  0x0808, 0x0808, 0x0828, 0x0828, 0x0828, 0x0828, 0x0828, 0x0828, 0x0828, 0x0828, 0x0828, 0x0828,
  0x0828, 0x0828, 0x0828, 0x0828, 0x0828, 0x0828, 0x0828, 0x0828, 0x0828, 0x0828, 0x0828, 0x0828,
  0x0828, 0x0828, 0x1028, 0x0828, 0x0828, 0x1028, 0x1028, 0x1028, 0x0828, 0x0828, 0x0828, 0x0828,
  0x0828, 0x0828, 0x0828, 0x0828, 0x0828, 0x0828, 0x0828, 0x0828, 0x0828, 0x0828, 0x0828, 0x0828,
  0x0828, 0x0828, 0x0827, 0x0807, 0x0807, 0x0807, 0x0807, 0x0807, 0x0807, 0x0807, 0x0807, 0x0807,
  0x0807, 0x0807, 0x0807, 0x0807, 0x0807, 0x0807, 0x0807, 0x0807, 0x0807, 0x0807, 0x0807, 0x0806,
  0x0006, 0x0006, 0x0006, 0x0006, 0x0006, 0x0006, 0x0006, 0x0006, 0x0006, 0x0006, 0x0006, 0x0006,
  0x0006, 0x0006, 0x0006, 0x0006, 0x0006, 0x0006, 0x0006, 0x0006, 0x0006, 0x0006, 0x0006, 0x0006,
  0x0006, 0x0006, 0x0006, 0x0006, 0x0006, 0x0006, 0x0006, 0x0006, 0x0006, 0x0006, 0x0006, 0x0006,
  0x0006, 0x0006, 0x0006, 0x0007, 0x0007, 0x0007, 0x0007, 0x0007, 0x0007, 0x0007, 0x0007, 0x0007,
  0x0007, 0x0008, 0x0008, 0x0008, 0x0008, 0x0008, 0x0008, 0x0008, 0x0008, 0x0008, 0x0009, 0x0009,
  0x0009, 0x0009, 0x0009, 0x0809, 0x080A, 0x080A, 0x080A, 0x080A, 0x080A, 0x080A, 0x080A, 0x080B,
  0x082B, 0x080B, 0x082B, 0x080B, 0x082B, 0x082C, 0x082C, 0x082C, 0x082C, 0x082C, 0x082C, 0x082C,
  0x082C, 0x082D, 0x082D, 0x102D, 0x102D, 0x102D, 0x102D, 0x102D, 0x102D, 0x102D, 0x102E, 0x102E,
  0x102E, 0x102E, 0x102E, 0x102E, 0x102E, 0x102E, 0x102E, 0x102E, 0x102E, 0x102E, 0x102E, 0x102E,
  0x102E, 0x102E, 0x102E, 0x102E, 0x102E, 0x102E, 0x102E, 0x102E, 0x102E, 0x102D, 0x102D, 0x102D,
  0x0006, 0x0006, 0x0006, 0x0006, 0x0006, 0x0007, 0x3966, 0xB4A3, 0x93C5, 0x086A, 0x086A, 0x086A,
  0x086A, 0x18CA, 0xB4A3, 0xA444, 0x0007, 0x0007, 0x0007, 0x0007, 0x0008, 0x0008, 0x0008, 0x0008,
  0x0008, 0x0008, 0x0008, 0x0008, 0x0008, 0x0008, 0x0008, 0xFFFF, 0x0008, 0x0009, 0x0009, 0x0009,
  0x0009, 0x0009, 0x0009, 0x0009, 0x0009, 0x0009, 0x0009, 0x0009, 0x0009, 0x0009, 0x0009, 0x0009,
  0x0009, 0x0009, 0x0009, 0x0009, 0x0009, 0x0009, 0x0009, 0x0009, 0x0009, 0x0009, 0x0009, 0x0009,
  0x0009, 0x0009, 0x0009, 0x0009, 0x0009, 0x0009, 0x0009, 0x0009, 0x0009, 0x0009, 0x0009, 0x0009,
  0x0009, 0x0009, 0x0009, 0x0009, 0x0009, 0x0009, 0x0009, 0x0009, 0x0009, 0x0009, 0x0008, 0x0008,
  0x0008, 0x0008, 0x0008, 0x0008, 0x0008, 0x0008, 0x0008, 0x0008, 0x0008, 0x0008, 0x0008, 0x0008,
  0x0008, 0x0008, 0x0008, 0x0008, 0x0008, 0x0007, 0x0008, 0x0007, 0x0007, 0x0007, 0x0007, 0x0007,
  0x0007, 0x0007, 0x0007, 0x0007, 0x0007, 0x0007, 0x0807, 0x0807, 0x0808, 0x0807, 0x0807, 0x0807,
  0x0808, 0x0808, 0x0807, 0x0808, 0x0808, 0x0808, 0x0808, 0x0808, 0x0828, 0x0828, 0x0828, 0x0828,
  0x0828, 0x0828, 0x0828, 0x0828, 0x0828, 0x0828, 0x0828, 0x0828, 0x0828, 0x0828, 0x0828, 0x0828,
  0x0828, 0x1028, 0x1028, 0x1028, 0x0828, 0x0828, 0x0828, 0x1028, 0x1028, 0x1028, 0x1028, 0x1028,
  0x1028, 0x1028, 0x1028, 0x0828, 0x1028, 0x1028, 0x1028, 0x0828, 0x0828, 0x0828, 0x0828, 0x0828,
  0x0828, 0x0828, 0x0828, 0x0828, 0x0828, 0x0828, 0x0828, 0x0828, 0x0828, 0x0828, 0x0828, 0x0827,
  0x0827, 0x0827, 0x0807, 0x0807, 0x0807, 0x0807, 0x0807, 0x0807, 0x0807, 0x0807, 0x0807, 0x0807,
  0x0807, 0x0807, 0x0807, 0x0807, 0x0807, 0x0806, 0x0006, 0x0007, 0x0006, 0x0006, 0x0006, 0x0006,
  0x0006, 0x0006, 0x0006, 0x0006, 0x0006, 0x0006, 0x0006, 0x0006, 0x0006, 0x0006, 0x0006, 0x0006,
  0x0006, 0x0006, 0x0006, 0x0006, 0x0006, 0x0006, 0x0006, 0x0006, 0x0006, 0x0006, 0x0006, 0x0006,
  0x0006, 0x0006, 0x0006, 0x0006, 0x0006, 0x0006, 0x0006, 0x0006, 0x0006, 0x0006, 0x0006, 0x0006,
  0x0007, 0x0007, 0x0007, 0x0007, 0x0007, 0x0007, 0x0007, 0x0007, 0x0007, 0x0007, 0x0008, 0x0008,
  0x0008, 0x0008, 0x0008, 0x0008, 0x0008, 0x0008, 0x0009, 0x0009, 0x0009, 0x0009, 0x0009, 0x0009,
  0x0809, 0x080A, 0x080A, 0x080A, 0x080A, 0x080A, 0x080A, 0x080B, 0x080B, 0x082B, 0x080B, 0x082B,
  0x080B, 0x082B, 0x082C, 0x082C, 0x082C, 0x082C, 0x082C, 0x082C, 0x082C, 0x082C, 0x082D, 0x102D,
  0x102D, 0x102D, 0x102D, 0x102D, 0x102D, 0x102D, 0x102D, 0x102D, 0x102D, 0x102E, 0x102E, 0x102E,
  0x102E, 0x102E, 0x102E, 0x102E, 0x102E, 0x102E, 0x102E, 0x102E, 0x102E, 0x102E, 0x102E, 0x102E,
  0x102D, 0x102E, 0x102D, 0x102D, 0x102D, 0x102D, 0x102D, 0x102D, 0x0006, 0x0006, 0x0006, 0x0006,
  0x0006, 0x0006, 0x0007, 0xB4A3, 0xB483, 0x20E9, 0x084A, 0x084A, 0x084A, 0x2949, 0xB4A3, 0x93A4,
  0x0007, 0x0007, 0x0007, 0x0008, 0x0008, 0x0008, 0x0008, 0x0008, 0x0008, 0x0008, 0x0008, 0x0008,
  0x0008, 0x0008, 0x0008, 0xFFFF, 0x0008, 0x0009, 0x0009, 0x0009, 0x0009, 0x0009, 0x0009, 0x0009,
  0x0009, 0x0009, 0x0009, 0x0009, 0x0009, 0x0009, 0x0009, 0x0009, 0x0009, 0x0009, 0x0009, 0x0009,
  0x0009, 0x0009, 0x0009, 0x0009, 0x0009, 0x0009, 0x0009, 0x0009, 0x0009, 0x0009, 0x0009, 0x0009,
  0x0009, 0x0009, 0x0009, 0x0009, 0x0009, 0x0009, 0x0009, 0x0009, 0x0009, 0x0009, 0x0009, 0x0009,
  0x0009, 0x0009, 0x0009, 0x0009, 0x0009, 0x0009, 0x0008, 0x0008, 0x0008, 0x0008, 0x0008, 0x0008,
  0x0008, 0x0008, 0x0008, 0x0008, 0x0008, 0x0008, 0x0008, 0x0008, 0x0008, 0x0008, 0x0008, 0x0008,
  0x0008, 0x0007, 0x0008, 0x0007, 0x0008, 0x0007, 0x0007, 0x0008, 0x0007, 0x0007, 0x0007, 0x0007,
  0x0007, 0x0807, 0x0808, 0x0807, 0x0808, 0x0807, 0x0808, 0x0808, 0x0808, 0x0808, 0x0808, 0x0808,
  0x0808, 0x0808, 0x0808, 0x0828, 0x0828, 0x0828, 0x0828, 0x0828, 0x0828, 0x0828, 0x0828, 0x0828,
  0x0828, 0x0828, 0x0828, 0x0828, 0x0828, 0x0828, 0x0828, 0x0828, 0x0828, 0x0828, 0x1028, 0x1028,
  0x1028, 0x1028, 0x1028, 0x1028, 0x1028, 0x1028, 0x1028, 0x1028, 0x1028, 0x1028, 0x1028, 0x1028,
  0x1028, 0x1028, 0x0828, 0x1028, 0x1028, 0x1028, 0x1028, 0x0828, 0x0828, 0x0828, 0x0828, 0x0828,
  0x0828, 0x0828, 0x0828, 0x0828, 0x0828, 0x0828, 0x0828, 0x0828, 0x0827, 0x0827, 0x0807, 0x0807,
  0x0807, 0x0807, 0x0807, 0x0807, 0x0807, 0x0807, 0x0807, 0x0807, 0x0807, 0x0807, 0x0807, 0x0007,
  0x0007, 0x0006, 0x0006, 0x0007, 0x0006, 0x0006, 0x0006, 0x0006, 0x0006, 0x0006, 0x0006, 0x0006,
  0x0006, 0x0006, 0x0006, 0x0006, 0x0006, 0x0006, 0x0006, 0x0006, 0x0006, 0x0006, 0x0006, 0x0006,
  0x0006, 0x0006, 0x0006, 0x0006, 0x0006, 0x0006, 0x0006, 0x0006, 0x0006, 0x0006, 0x0006, 0x0006,
  0x0006, 0x0006, 0x0006, 0x0006, 0x0006, 0x0006, 0x0006, 0x0007, 0x0007, 0x0007, 0x0007, 0x0007,
  0x0007, 0x0007, 0x0007, 0x0007, 0x0007, 0x0007, 0x0007, 0x0008, 0x0008, 0x0008, 0x0008, 0x0008,
  0x0008, 0x0008, 0x0008, 0x0009, 0x0009, 0x0009, 0x0009, 0x0009, 0x0809, 0x0809, 0x080A, 0x080A,
  0x080A, 0x080A, 0x080A, 0x080A, 0x080B, 0x080B, 0x082B, 0x080B, 0x082B, 0x080B, 0x082B, 0x082C,
  0x082C, 0x082C, 0x082C, 0x082C, 0x082C, 0x082C, 0x102C, 0x082C, 0x082C, 0x082D, 0x102D, 0x102D,
  0x102D, 0x102D, 0x102D, 0x102D, 0x102D, 0x102D, 0x102D, 0x102D, 0x102D, 0x102E, 0x102E, 0x102E,
  0x102E, 0x102E, 0x102E, 0x102E, 0x102E, 0x102E, 0x102D, 0x102D, 0x102D, 0x102D, 0x102D, 0x102D,
  0x102D, 0x102D, 0x102D, 0x102D, 0x0006, 0x0006, 0x0006, 0x0006, 0x0006, 0x0006, 0x0007, 0x72E5,
  0xB4A3, 0x5A47, 0x084A, 0x084A, 0x084A, 0x41C8, 0xB4A3, 0x7B25, 0x0007, 0x0007, 0x0007, 0x0008,
  0x0008, 0x0008, 0x0008, 0x0008, 0x0008, 0x0008, 0x0008, 0x0008, 0x0008, 0x0008, 0x0008, 0xFFFF,
  0x0008, 0x0009, 0x0009, 0x0009, 0x0009, 0x0009, 0x0009, 0x0009, 0x0009, 0x0009, 0x0009, 0x0009,
  0x0009, 0x0009, 0x0009, 0x0009, 0x0009, 0x0009, 0x0009, 0x0009, 0x0009, 0x0009, 0x0009, 0x0009,
  0x0009, 0x0009, 0x0009, 0x0009, 0x0009, 0x0009, 0x0009, 0x0009, 0x0009, 0x0009, 0x0009, 0x0009,
  0x0009, 0x0009, 0x0009, 0x0009, 0x0009, 0x0009, 0x0009, 0x0009, 0x0009, 0x0009, 0x0009, 0x0009,
  0x0009, 0x0008, 0x0009, 0x0008, 0x0008, 0x0008, 0x0008, 0x0008, 0x0008, 0x0008, 0x0008, 0x0008,
  0x0008, 0x0008, 0x0008, 0x0008, 0x0008, 0x0008, 0x0008, 0x0008, 0x0008, 0x0008, 0x0008, 0x0008,
  0x0008, 0x0007, 0x0007, 0x0007, 0x0008, 0x0007, 0x0007, 0x0007, 0x0808, 0x0808, 0x0808, 0x0808,
  0x0808, 0x0808, 0x0808, 0x0808, 0x0808, 0x0808, 0x0808, 0x0808, 0x0808, 0x0808, 0x0808, 0x0808,
  0x0828, 0x0828, 0x0828, 0x0828, 0x0828, 0x0828, 0x0828, 0x0828, 0x0828, 0x0828, 0x0828, 0x1028,
  0x1028, 0x1028, 0x0828, 0x1028, 0x1028, 0x1028, 0x1028, 0x1028, 0x1028, 0x1028, 0x1028, 0x1028,
  0x1028, 0x1028, 0x1028, 0x1028, 0x1028, 0x1028, 0x1028, 0x1028, 0x1028, 0x1028, 0x1028, 0x1028,
  0x1028, 0x1028, 0x0828, 0x0828, 0x1028, 0x0828, 0x0828, 0x0828, 0x0828, 0x0828, 0x0828, 0x0828,
  0x0828, 0x0828, 0x0828, 0x0828, 0x0807, 0x0807, 0x0807, 0x0807, 0x0807, 0x0807, 0x0807, 0x0807,
  0x0807, 0x0807, 0x0807, 0x0807, 0x0807, 0x0807, 0x0807, 0x0007, 0x0807, 0x0007, 0x0006, 0x0006,
  0x0006, 0x0006, 0x0006, 0x0006, 0x0006, 0x0006, 0x0006, 0x0006, 0x0006, 0x0006, 0x0006, 0x0006,
  0x0006, 0x0006, 0x0006, 0x0006, 0x0006, 0x0006, 0x0006, 0x0006, 0x0006, 0x0006, 0x0006, 0x0006,
  0x0006, 0x0006, 0x0006, 0x0006, 0x0006, 0x0006, 0x0006, 0x0006, 0x0006, 0x0006, 0x0006, 0x0006,
  0x0006, 0x0006, 0x0006, 0x0006, 0x0007, 0x0007, 0x0007, 0x0007, 0x0007, 0x0007, 0x0007, 0x0007,
  0x0007, 0x0007, 0x0007, 0x0008, 0x0008, 0x0008, 0x0008, 0x0008, 0x0008, 0x0008, 0x0008, 0x0008,
  0x0009, 0x0009, 0x0009, 0x0009, 0x0009, 0x0809, 0x080A, 0x080A, 0x080A, 0x080A, 0x080A, 0x080A,
  0x080A, 0x080B, 0x080B, 0x082B, 0x080B, 0x082B, 0x080B, 0x082B, 0x082C, 0x082C, 0x082C, 0x082C,
  0x082C, 0x082C, 0x082C, 0x082C, 0x082C, 0x082D, 0x082D, 0x082D, 0x102D, 0x102D, 0x102D, 0x102D,
  0x102D, 0x102D, 0x102D, 0x102D, 0x102D, 0x102D, 0x102D, 0x102D, 0x102D, 0x102D, 0x102D, 0x102D,
  0x102D, 0x102D, 0x102D, 0x102D, 0x102D, 0x102D, 0x102D, 0x102D, 0x102D, 0x102D, 0x102D, 0x102C,
  0x0006, 0x0006, 0x0006, 0x0006, 0x0006, 0x0006, 0x0007, 0x3966, 0xB4A3, 0x8BC5, 0x084A, 0x084A,
  0x084A, 0x5228, 0xB4A3, 0x6AA6, 0x0007, 0x0007, 0x0007, 0x0008, 0x0008, 0x0008, 0x0008, 0x0008,
  0x0008, 0x0008, 0x0008, 0x0008, 0x0008, 0x0008, 0x0008, 0xFFFF, 0x0008, 0x0009, 0x0009, 0x0009,
  0x0009, 0x0009, 0x0009, 0x0009, 0x0009, 0x0009, 0x0009, 0x0009, 0x0009, 0x0009, 0x0009, 0x0009,
  0x0009, 0x0009, 0x0009, 0x0009, 0x0009, 0x0009, 0x0009, 0x0009, 0x0009, 0x0009, 0x0009, 0x0009,
  0x0009, 0x0009, 0x0009, 0x0009, 0x0009, 0x0009, 0x0009, 0x0009, 0x0009, 0x0009, 0x0009, 0x0009,
  0x0009, 0x0009, 0x0009, 0x0009, 0x0009, 0x0009, 0x0009, 0x0009, 0x0009, 0x0008, 0x0009, 0x0008,
  0x0008, 0x0008, 0x0008, 0x0008, 0x0008, 0x0008, 0x0008, 0x0008, 0x0008, 0x0008, 0x0008, 0x0008,
  0x0008, 0x0008, 0x0008, 0x0008, 0x0008, 0x0008, 0x0008, 0x0008, 0x0008, 0x0008, 0x0008, 0x0008,
  0x0008, 0x0008, 0x0808, 0x0808, 0x0808, 0x0808, 0x0808, 0x0808, 0x0808, 0x0808, 0x0808, 0x0808,
  0x0808, 0x0808, 0x0808, 0x0808, 0x0808, 0x0808, 0x0808, 0x0808, 0x0808, 0x0828, 0x0828, 0x0828,
  0x0828, 0x0828, 0x0828, 0x0828, 0x0828, 0x0828, 0x0828, 0x0828, 0x0828, 0x1028, 0x1028, 0x1028,
  0x1028, 0x1028, 0x1028, 0x1028, 0x1028, 0x1028, 0x1028, 0x1028, 0x1028, 0x1028, 0x1028, 0x1028,
  0x1028, 0x1028, 0x1028, 0x1028, 0x1028, 0x1028, 0x1028, 0x1028, 0x1028, 0x1028, 0x1028, 0x0828,
  0x0828, 0x0828, 0x0828, 0x0828, 0x0828, 0x0828, 0x0828, 0x0828, 0x0828, 0x0828, 0x0828, 0x0828,
  0x0807, 0x0807, 0x0807, 0x0807, 0x0807, 0x0807, 0x0807, 0x0807, 0x0807, 0x0807, 0x0807, 0x0807,
  0x0807, 0x0807, 0x0807, 0x0807, 0x0807, 0x0807, 0x0007, 0x0006, 0x0006, 0x0006, 0x0006, 0x0006,
  0x0006, 0x0006, 0x0006, 0x0006, 0x0006, 0x0006, 0x0006, 0x0006, 0x0006, 0x0006, 0x0006, 0x0006,
  0x0006, 0x0006, 0x0006, 0x0006, 0x0006, 0x0006, 0x0006, 0x0006, 0x0006, 0x0006, 0x0006, 0x0006,
  0x0006, 0x0006, 0x0006, 0x0006, 0x0006, 0x0006, 0x0006, 0x0006, 0x0006, 0x0006, 0x0006, 0x0006,
  0x0006, 0x0007, 0x0007, 0x0007, 0x0007, 0x0007, 0x0007, 0x0007, 0x0007, 0x0007, 0x0007, 0x0007,
  0x0008, 0x0008, 0x0008, 0x0008, 0x0008, 0x0008, 0x0008, 0x0008, 0x0009, 0x0009, 0x0009, 0x0009,
  0x0009, 0x0009, 0x080A, 0x080A, 0x080A, 0x080A, 0x080A, 0x080A, 0x080A, 0x080A, 0x080B, 0x080B,
  0x082B, 0x080B, 0x082B, 0x080B, 0x082B, 0x082B, 0x082C, 0x082C, 0x082C, 0x082C, 0x082C, 0x082C,
  0x082C, 0x102C, 0x082C, 0x082C, 0x082C, 0x082C, 0x102C, 0x102C, 0x102C, 0x102C, 0x102D, 0x102C,
  0x102C, 0x102D, 0x102D, 0x102D, 0x102D, 0x102D, 0x102D, 0x102D, 0x102D, 0x102C, 0x102C, 0x102D,
  0x102C, 0x102C, 0x102C, 0x102C, 0x102C, 0x082C, 0x102C, 0x082C, 0x0006, 0x0006, 0x0006, 0x0006,
  0x0006, 0x0006, 0x0007, 0x0007, 0xB4A3, 0xB483, 0x18C9, 0x002A, 0x002A, 0x6AA7, 0xB4A3, 0x5206,
  0x0007, 0x0007, 0x0007, 0x0008, 0x0008, 0x0008, 0x0008, 0x0008, 0x0008, 0x0008, 0x0008, 0x0008,
  0x0008, 0x0008, 0x0008, 0xFFFF, 0x0008, 0x0009, 0x0009, 0x0009, 0x0009, 0x0009, 0x0009, 0x0009,
  0x0009, 0x0009, 0x0009, 0x0009, 0x0009, 0x0009, 0x0009, 0x0009, 0x0009, 0x0009, 0x0009, 0x0009,
  0x0009, 0x0009, 0x0009, 0x0009, 0x0009, 0x0009, 0x0009, 0x0009, 0x0009, 0x0009, 0x0009, 0x0009,
  0x0009, 0x0009, 0x0009, 0x0009, 0x0009, 0x0009, 0x0009, 0x0009, 0x0009, 0x0009, 0x0009, 0x0009,
  0x0009, 0x0009, 0x0009, 0x0009, 0x0009, 0x0009, 0x0008, 0x0008, 0x0008, 0x0008, 0x0008, 0x0008,
  0x0008, 0x0008, 0x0008, 0x0008, 0x0008, 0x0008, 0x0008, 0x0008, 0x0008, 0x0008, 0x0008, 0x0008,
  0x0008, 0x0008, 0x0008, 0x0008, 0x0008, 0x0008, 0x0008, 0x0008, 0x0008, 0x0808, 0x0808, 0x0808,
  0x0808, 0x0808, 0x0808, 0x0808, 0x0808, 0x0808, 0x0808, 0x0808, 0x0808, 0x0808, 0x0808, 0x0808,
  0x0808, 0x0808, 0x0828, 0x0828, 0x0828, 0x0828, 0x0828, 0x0828, 0x0828, 0x0828, 0x1028, 0x1028,
  0x1028, 0x0828, 0x1028, 0x1028, 0x1028, 0x1028, 0x1028, 0x1028, 0x1028, 0x1028, 0x1028, 0x1028,
  0x1028, 0x1028, 0x1028, 0x1028, 0x1028, 0x1028, 0x1028, 0x1028, 0x1028, 0x1028, 0x1028, 0x1028,
  0x1028, 0x1028, 0x1028, 0x1028, 0x1028, 0x1028, 0x1028, 0x1028, 0x1028, 0x0828, 0x0828, 0x0828,
  0x0828, 0x0828, 0x0828, 0x0828, 0x0828, 0x0828, 0x0828, 0x0828, 0x0827, 0x0827, 0x0827, 0x0807,
  0x0807, 0x0807, 0x0807, 0x0807, 0x0807, 0x0807, 0x0807, 0x0807, 0x0807, 0x0807, 0x0807, 0x0807,
  0x0807, 0x0007, 0x0007, 0x0007, 0x0006, 0x0006, 0x0006, 0x0006, 0x0006, 0x0006, 0x0006, 0x0006,
  0x0006, 0x0006, 0x0006, 0x0006, 0x0006, 0x0006, 0x0006, 0x0006, 0x0006, 0x0006, 0x0006, 0x0006,
  0x0006, 0x0006, 0x0006, 0x0006, 0x0006, 0x0006, 0x0006, 0x0006, 0x0006, 0x0006, 0x0006, 0x0006,
  0x0006, 0x0006, 0x0006, 0x0006, 0x0006, 0x0006, 0x0006, 0x0006, 0x0006, 0x0006, 0x0007, 0x0007,
  0x0007, 0x0007, 0x0007, 0x0007, 0x0007, 0x0007, 0x0007, 0x0007, 0x0008, 0x0008, 0x0008, 0x0008,
  0x0008, 0x0008, 0x0008, 0x0008, 0x0008, 0x0009, 0x0009, 0x0009, 0x0009, 0x0009, 0x0009, 0x0809,
  0x080A, 0x080A, 0x080A, 0x080A, 0x080A, 0x080A, 0x080A, 0x080A, 0x080B, 0x082B, 0x080B, 0x082B,
  0x080B, 0x080B, 0x082B, 0x082B, 0x082B, 0x082B, 0x082B, 0x082B, 0x082C, 0x082B, 0x082C, 0x082C,
  0x082C, 0x082C, 0x082C, 0x082C, 0x082C, 0x082C, 0x082C, 0x082C, 0x082C, 0x082C, 0x082C, 0x082C,
  0x082C, 0x082C, 0x082C, 0x082C, 0x082C, 0x082C, 0x082C, 0x082C, 0x082C, 0x082C, 0x082C, 0x082C,
  0x082C, 0x082C, 0x082C, 0x082C, 0x0006, 0x0006, 0x0006, 0x0006, 0x0006, 0x0006, 0x0007, 0x0007,
  0x7305, 0xB4A3, 0x5227, 0x002A, 0x002A, 0x7B26, 0xB4A3, 0x4186, 0x0007, 0x0007, 0x0007, 0x0008,
  0x0008, 0x0008, 0x0008, 0x0008, 0x0008, 0x0008, 0x0008, 0x0008, 0x0008, 0x0008, 0x0008, 0xFFFF,
  0x0008, 0x0009, 0x0009, 0x0009, 0x0009, 0x0009, 0x0009, 0x0009, 0x0009, 0x0009, 0x0009, 0x0009,
  0x0009, 0x0009, 0x0009, 0x0009, 0x0009, 0x0009, 0x0009, 0x0009, 0x0009, 0x0009, 0x0009, 0x0009,
  0x0009, 0x0009, 0x0009, 0x0009, 0x0009, 0x0009, 0x0009, 0x0009, 0x0009, 0x0009, 0x0009, 0x0009,
  0x0009, 0x0009, 0x0009, 0x0009, 0x0009, 0x0009, 0x0009, 0x0009, 0x0009, 0x0009, 0x0009, 0x0009,
  0x0009, 0x0009, 0x0008, 0x0008, 0x0008, 0x0008, 0x0008, 0x0008, 0x0008, 0x0008, 0x0008, 0x0008,
  0x0008, 0x0008, 0x0008, 0x0008, 0x0008, 0x0008, 0x0008, 0x0008, 0x0008, 0x0008, 0x0008, 0x0008,
  0x0008, 0x0008, 0x0008, 0x0808, 0x0808, 0x0808, 0x0808, 0x0808, 0x0808, 0x0808, 0x0808, 0x0808,
  0x0808, 0x0808, 0x0808, 0x0808, 0x0808, 0x0808, 0x0808, 0x0808, 0x0828, 0x0828, 0x0828, 0x0828,
  0x0828, 0x0828, 0x0828, 0x0828, 0x0828, 0x0828, 0x1028, 0x1028, 0x1028, 0x1028, 0x1028, 0x1028,
  0x1029, 0x1029, 0x1028, 0x1029, 0x1029, 0x1029, 0x1029, 0x1029, 0x1029, 0x1029, 0x1029, 0x1029,
  0x1028, 0x1029, 0x1029, 0x1029, 0x1029, 0x1028, 0x1028, 0x1028, 0x1028, 0x1028, 0x1028, 0x1028,
  0x1028, 0x1028, 0x1028, 0x1028, 0x1028, 0x1028, 0x1028, 0x1028, 0x0828, 0x0828, 0x0828, 0x0828,
  0x0828, 0x0828, 0x0828, 0x0828, 0x0827, 0x0827, 0x0827, 0x0827, 0x0807, 0x0807, 0x0807, 0x0807,
  0x0807, 0x0807, 0x0807, 0x0807, 0x0807, 0x0807, 0x0807, 0x0807, 0x0007, 0x0007, 0x0007, 0x0007,
  0x0006, 0x0006, 0x0006, 0x0006, 0x0006, 0x0006, 0x0006, 0x0006, 0x0006, 0x0006, 0x0006, 0x0006,
  0x0006, 0x0006, 0x0006, 0x0006, 0x0006, 0x0006, 0x0006, 0x0006, 0x0006, 0x0006, 0x0006, 0x0006,
  0x0006, 0x0006, 0x0006, 0x0006, 0x0006, 0x0006, 0x0006, 0x0006, 0x0006, 0x0006, 0x0006, 0x0006,
  0x0006, 0x0006, 0x0006, 0x0006, 0x0006, 0x0006, 0x0007, 0x0007, 0x0007, 0x0007, 0x0007, 0x0007,
  0x0007, 0x0007, 0x0007, 0x0007, 0x0007, 0x0008, 0x0008, 0x0008, 0x0008, 0x0008, 0x0008, 0x0008,
  0x0008, 0x0008, 0x0009, 0x0009, 0x0009, 0x0009, 0x0009, 0x0809, 0x0809, 0x080A, 0x080A, 0x080A,
  0x080A, 0x080A, 0x080A, 0x080A, 0x080A, 0x080B, 0x082B, 0x080B, 0x082B, 0x082B, 0x080B, 0x082B,
  0x082B, 0x080B, 0x080B, 0x080B, 0x080B, 0x080B, 0x082B, 0x080B, 0x080B, 0x080B, 0x080B, 0x080B,
  0x080B, 0x080B, 0x082B, 0x082B, 0x082B, 0x082B, 0x082B, 0x082B, 0x082B, 0x082B, 0x082B, 0x082B,
  0x082B, 0x082B, 0x082B, 0x082B, 0x082B, 0x080B, 0x080B, 0x080B, 0x080B, 0x080B, 0x080B, 0x080B,
  0x0006, 0x0006, 0x0006, 0x0006, 0x0006, 0x0006, 0x0007, 0x0007, 0x3986, 0xB4A3, 0x8BA5, 0x002A,
  0x002A, 0x8BA5, 0xB4A3, 0x28E7, 0x0007, 0x0007, 0x0007, 0x0008, 0x0008, 0x0008, 0x0008, 0x0008,
  0x0008, 0x0008, 0x0008, 0x0008, 0x0008, 0x0008, 0x0008, 0xFFFF, 0x0008, 0x0009, 0x0009, 0x0009,
  0x0009, 0x0009, 0x0009, 0x0009, 0x0009, 0x0009, 0x0009, 0x0009, 0x0009, 0x0009, 0x0009, 0x0009,
  0x0009, 0x0009, 0x0009, 0x0009, 0x0009, 0x0009, 0x0009, 0x0009, 0x0009, 0x0009, 0x0009, 0x0009,
  0x0009, 0x0009, 0x0009, 0x0009, 0x0009, 0x0009, 0x0009, 0x0009, 0x0009, 0x0009, 0x0009, 0x0009,
  0x0009, 0x0009, 0x0009, 0x0009, 0x0009, 0x0009, 0x0009, 0x0009, 0x0009, 0x0008, 0x0008, 0x0008,
  0x0008, 0x0008, 0x0008, 0x0008, 0x0008, 0x0008, 0x0008, 0x0008, 0x0008, 0x0008, 0x0008, 0x0008,
  0x0008, 0x0008, 0x0008, 0x0008, 0x0008, 0x0008, 0x0008, 0x0008, 0x0008, 0x0008, 0x0008, 0x0808,
  0x0808, 0x0808, 0x0808, 0x0808, 0x0808, 0x0808, 0x0808, 0x0808, 0x0808, 0x0808, 0x0808, 0x0808,
  0x0808, 0x0808, 0x0828, 0x0828, 0x0828, 0x0828, 0x0828, 0x0828, 0x0828, 0x0828, 0x0828, 0x0828,
  0x0828, 0x1028, 0x1028, 0x1028, 0x1028, 0x1028, 0x1028, 0x1029, 0x1029, 0x1029, 0x1029, 0x1029,
  0x1029, 0x1029, 0x1029, 0x1029, 0x1029, 0x1029, 0x1029, 0x1029, 0x1029, 0x1029, 0x1029, 0x1029,
  0x1029, 0x1029, 0x1029, 0x1029, 0x1029, 0x1028, 0x1028, 0x1028, 0x1028, 0x1028, 0x1028, 0x1028,
  0x1028, 0x1028, 0x1028, 0x0828, 0x0828, 0x0828, 0x0828, 0x0828, 0x0828, 0x0828, 0x0828, 0x0828,
  0x0828, 0x0828, 0x0827, 0x0827, 0x0827, 0x0807, 0x0807, 0x0807, 0x0807, 0x0807, 0x0807, 0x0807,
  0x0807, 0x0807, 0x0807, 0x0807, 0x0807, 0x0007, 0x0006, 0x0006, 0x0006, 0x0006, 0x0006, 0x0006,
  0x0006, 0x0006, 0x0006, 0x0006, 0x0006, 0x0006, 0x0006, 0x0006, 0x0006, 0x0006, 0x0006, 0x0006,
  0x0006, 0x0006, 0x0006, 0x0006, 0x0006, 0x0006, 0x0006, 0x0006, 0x0006, 0x0006, 0x0006, 0x0006,
  0x0006, 0x0006, 0x0006, 0x0006, 0x0006, 0x0006, 0x0006, 0x0006, 0x0006, 0x0006, 0x0006, 0x0006,
  0x0006, 0x0006, 0x0007, 0x0007, 0x0007, 0x0007, 0x0007, 0x0007, 0x0007, 0x0007, 0x0007, 0x0007,
  0x0007, 0x0007, 0x0008, 0x0008, 0x0008, 0x0008, 0x0008, 0x0008, 0x0008, 0x0008, 0x0009, 0x0009,
  0x0009, 0x0009, 0x0009, 0x0009, 0x0809, 0x080A, 0x080A, 0x080A, 0x080A, 0x080A, 0x080A, 0x080A,
  0x080A, 0x080A, 0x080A, 0x082A, 0x082A, 0x080A, 0x080A, 0x080A, 0x080A, 0x080A, 0x080A, 0x080A,
  0x080A, 0x080A, 0x080A, 0x080A, 0x082A, 0x080A, 0x080A, 0x080A, 0x080A, 0x080A, 0x080A, 0x080A,
  0x080A, 0x080A, 0x080A, 0x080A, 0x080A, 0x080A, 0x080A, 0x080A, 0x080A, 0x080A, 0x080A, 0x080A,
  0x080A, 0x080A, 0x080A, 0x080A, 0x080A, 0x080A, 0x080A, 0x082A, 0x0006, 0x0006, 0x0006, 0x0006,
  0x0006, 0x0006, 0x0007, 0x0007, 0x0007, 0xB4A3, 0xB483, 0x1889, 0x002A, 0x9C24, 0xB4A3, 0x1867,
  0x0007, 0x0007, 0x0007, 0x0008, 0x0008, 0x0008, 0x0008, 0x0008, 0x0008, 0x0008, 0x0008, 0x0008,
  0x0008, 0x0008, 0x0008, 0xFFFF, 0x0008, 0x0009, 0x0009, 0x0009, 0x0009, 0x0009, 0x0009, 0x0009,
  0x0009, 0x0009, 0x0009, 0x0009, 0x0009, 0x0009, 0x0009, 0x0009, 0x0009, 0x0009, 0x0009, 0x0009,
  0x0009, 0x0009, 0x0009, 0x0009, 0x0009, 0x0009, 0x0009, 0x0009, 0x0009, 0x0009, 0x0009, 0x0009,
  0x0009, 0x0009, 0x0009, 0x0009, 0x0009, 0x0009, 0x0009, 0x0009, 0x0009, 0x0009, 0x0009, 0x0009,
  0x0009, 0x0009, 0x0009, 0x0009, 0x0008, 0x0008, 0x0008, 0x0008, 0x0008, 0x0008, 0x0008, 0x0008,
  0x0008, 0x0008, 0x0008, 0x0008, 0x0008, 0x0008, 0x0008, 0x0008, 0x0008, 0x0008, 0x0008, 0x0008,
  0x0008, 0x0008, 0x0008, 0x0008, 0x0008, 0x0008, 0x0808, 0x0808, 0x0808, 0x0808, 0x0808, 0x0808,
  0x0808, 0x0808, 0x0808, 0x0808, 0x0808, 0x0808, 0x0828, 0x0828, 0x0828, 0x0828, 0x0828, 0x0828,
  0x0828, 0x0828, 0x0828, 0x0828, 0x0828, 0x1028, 0x1028, 0x1028, 0x1028, 0x1029, 0x1029, 0x1029,
  0x1029, 0x1029, 0x1029, 0x1029, 0x1029, 0x1029, 0x1029, 0x1029, 0x1029, 0x1029, 0x1029, 0x1029,
  0x1029, 0x1029, 0x1029, 0x1029, 0x1029, 0x1029, 0x1029, 0x1029, 0x1029, 0x1029, 0x1029, 0x1029,
  0x1029, 0x1029, 0x1028, 0x1028, 0x1028, 0x1028, 0x1028, 0x1028, 0x1028, 0x1028, 0x1028, 0x1028,
  0x0828, 0x0828, 0x0828, 0x0828, 0x0828, 0x0828, 0x0828, 0x0828, 0x0828, 0x0827, 0x0807, 0x0807,
  0x0807, 0x0807, 0x0807, 0x0807, 0x0807, 0x0807, 0x0807, 0x0807, 0x0807, 0x0807, 0x0807, 0x0807,
  0x0807, 0x0807, 0x0807, 0x0006, 0x0006, 0x0006, 0x0006, 0x0006, 0x0006, 0x0006, 0x0006, 0x0006,
  0x0006, 0x0006, 0x0006, 0x0006, 0x0006, 0x0006, 0x0006, 0x0006, 0x0006, 0x0006, 0x0006, 0x0006,
  0x0006, 0x0006, 0x0006, 0x0006, 0x0006, 0x0006, 0x0006, 0x0006, 0x0006, 0x0006, 0x0006, 0x0006,
  0x0006, 0x0006, 0x0006, 0x0006, 0x0006, 0x0006, 0x0006, 0x0006, 0x0006, 0x0006, 0x0007, 0x0007,
  0x0007, 0x0007, 0x0007, 0x0007, 0x0007, 0x0007, 0x0007, 0x0007, 0x0007, 0x0007, 0x0008, 0x0008,
  0x0008, 0x0008, 0x0008, 0x0008, 0x0008, 0x0008, 0x0009, 0x0009, 0x0009, 0x0009, 0x0009, 0x0009,
  0x0009, 0x0809, 0x080A, 0x080A, 0x080A, 0x080A, 0x080A, 0x080A, 0x080A, 0x080A, 0x080A, 0x080A,
  0x080A, 0x080A, 0x080A, 0x0809, 0x0809, 0x0809, 0x0809, 0x0809, 0x0809, 0x0809, 0x0809, 0x0009,
  0x0809, 0x0809, 0x0809, 0x0809, 0x0809, 0x0809, 0x0809, 0x0809, 0x080A, 0x080A, 0x080A, 0x080A,
  0x080A, 0x080A, 0x080A, 0x080A, 0x080A, 0x080A, 0x080A, 0x0809, 0x0809, 0x0809, 0x0809, 0x0809,
  0x0809, 0x0809, 0x0809, 0x0809, 0x0006, 0x0006, 0x0006, 0x0006, 0x0006, 0x0006, 0x0007, 0x0007,
  0x0007, 0x7305, 0xB4A3, 0x5227, 0x0029, 0xB483, 0xB4A3, 0x0007, 0x0007, 0x0007, 0x0007, 0x0008,
  0x0008, 0x0008, 0x0008, 0x0008, 0x0008, 0x0008, 0x0008, 0x0008, 0x0008, 0x0008, 0x0008, 0xFFFF,
  0x0009, 0x0009, 0x0009, 0x0009, 0x0009, 0x0009, 0x0009, 0x0009, 0x0009, 0x0009, 0x0009, 0x0009,
  0x0009, 0x0009, 0x0009, 0x0009, 0x0009, 0x0009, 0x0009, 0x0009, 0x0009, 0x0009, 0x0009, 0x0009,
  0x0009, 0x0009, 0x0009, 0x0009, 0x0009, 0x0009, 0x0009, 0x0009, 0x0009, 0x0009, 0x0009, 0x0009,
  0x0009, 0x0009, 0x0009, 0x0009, 0x0009, 0x0009, 0x0009, 0x0009, 0x0009, 0x0009, 0x0009, 0x0008,
  0x0009, 0x0008, 0x0008, 0x0008, 0x0008, 0x0008, 0x0008, 0x0008, 0x0008, 0x0008, 0x0008, 0x0008,
  0x0008, 0x0008, 0x0008, 0x0008, 0x0008, 0x0008, 0x0008, 0x0008, 0x0008, 0x0008, 0x0008, 0x0008,
  0x0008, 0x0808, 0x0808, 0x0808, 0x0808, 0x0808, 0x0808, 0x0808, 0x0808, 0x0808, 0x0808, 0x0808,
  0x0808, 0x0828, 0x0828, 0x0828, 0x0828, 0x0828, 0x0828, 0x0828, 0x0828, 0x0828, 0x0828, 0x1028,
  0x1028, 0x1028, 0x1029, 0x1029, 0x1029, 0x1029, 0x1029, 0x1029, 0x1029, 0x1029, 0x1029, 0x1029,
  0x1029, 0x1029, 0x1029, 0x1029, 0x1029, 0x1029, 0x1029, 0x1029, 0x1029, 0x1029, 0x1029, 0x1029,
  0x1029, 0x1029, 0x1029, 0x1029, 0x1029, 0x1029, 0x1029, 0x1029, 0x1029, 0x1029, 0x1029, 0x1029,
  0x1028, 0x1028, 0x1028, 0x1028, 0x1028, 0x1028, 0x1028, 0x1028, 0x1028, 0x1028, 0x1028, 0x0828,
  0x0828, 0x0828, 0x0828, 0x0828, 0x0828, 0x0828, 0x0827, 0x0807, 0x0807, 0x0807, 0x0807, 0x0807,
  0x0807, 0x0807, 0x0807, 0x0807, 0x0807, 0x0807, 0x0807, 0x0807, 0x0807, 0x0007, 0x0007, 0x0006,
  0x0006, 0x0006, 0x0006, 0x0006, 0x0006, 0x0006, 0x0006, 0x0006, 0x0006, 0x0006, 0x0006, 0x0006,
  0x0006, 0x0006, 0x0006, 0x0006, 0x0006, 0x0006, 0x0006, 0x0006, 0x0006, 0x0006, 0x0006, 0x0006,
  0x0006, 0x0006, 0x0006, 0x0006, 0x0006, 0x0006, 0x0006, 0x0006, 0x0006, 0x0006, 0x0006, 0x0006,
  0x0006, 0x0006, 0x0006, 0x0006, 0x0006, 0x0006, 0x0006, 0x0007, 0x0007, 0x0007, 0x0007, 0x0007,
  0x0007, 0x0007, 0x0007, 0x0007, 0x0007, 0x0007, 0x0007, 0x0008, 0x0008, 0x0008, 0x0008, 0x0008,
  0x0008, 0x0008, 0x0008, 0x0009, 0x0009, 0x0009, 0x0009, 0x0009, 0x0009, 0x0009, 0x0809, 0x080A,
  0x080A, 0x080A, 0x080A, 0x080A, 0x080A, 0x080A, 0x0809, 0x0809, 0x0009, 0x0009, 0x0009, 0x0009,
  0x0009, 0x0008, 0x0008, 0x0008, 0x0008, 0x0008, 0x0008, 0x0008, 0x0008, 0x0008, 0x0008, 0x0008,
  0x0008, 0x0008, 0x0008, 0x0008, 0x0008, 0x0008, 0x0008, 0x0008, 0x0008, 0x0008, 0x0008, 0x0008,
  0x0008, 0x0008, 0x0008, 0x0008, 0x0008, 0x0008, 0x0008, 0x0008, 0x0008, 0x0008, 0x0008, 0x0008,
  0x0006, 0x0006, 0x0006, 0x0006, 0x0006, 0x0006, 0x0007, 0x0007, 0x0007, 0x3986, 0xB4A3, 0x8BA5,
  0x1889, 0xB4A3, 0xA424, 0x0007, 0x0007, 0x0007, 0x0008, 0x0008, 0x0008, 0x0008, 0x0008, 0x0008,
  0x0008, 0x0008, 0x0008, 0x0008, 0x0008, 0x0008, 0x0008, 0xFFFF, 0x0009, 0x0009, 0x0009, 0x0009,
  0x0009, 0x0009, 0x0009, 0x0009, 0x0009, 0x0009, 0x0009, 0x0009, 0x0009, 0x0009, 0x0009, 0x0009,
  0x0009, 0x0009, 0x0009, 0x0009, 0x0009, 0x0009, 0x0009, 0x0009, 0x0009, 0x0009, 0x0009, 0x0009,
  0x0009, 0x0009, 0x0009, 0x0009, 0x0009, 0x0009, 0x0009, 0x0009, 0x0009, 0x0009, 0x0009, 0x0009,
  0x0009, 0x0009, 0x0009, 0x0009, 0x0009, 0x0009, 0x0009, 0x0009, 0x0009, 0x0009, 0x0009, 0x0008,
  0x0008, 0x0008, 0x0008, 0x0008, 0x0008, 0x0008, 0x0008, 0x0008, 0x0008, 0x0008, 0x0008, 0x0008,
  0x0008, 0x0008, 0x0008, 0x0008, 0x0008, 0x0008, 0x0008, 0x0008, 0x0808, 0x0808, 0x0808, 0x0808,
  0x0808, 0x0808, 0x0808, 0x0808, 0x0808, 0x0808, 0x0808, 0x0808, 0x0828, 0x0828, 0x0828, 0x0828,
  0x0828, 0x0828, 0x0828, 0x0828, 0x0828, 0x0828, 0x1028, 0x1029, 0x1029, 0x1029, 0x1029, 0x1029,
  0x1029, 0x1029, 0x1029, 0x1029, 0x1029, 0x1029, 0x1029, 0x1029, 0x1029, 0x1029, 0x1029, 0x1029,
  0x1029, 0x1029, 0x1029, 0x1029, 0x1029, 0x1029, 0x1029, 0x1029, 0x1029, 0x1029, 0x1029, 0x1029,
  0x1029, 0x1029, 0x1029, 0x1029, 0x1029, 0x1029, 0x1029, 0x1029, 0x1029, 0x1029, 0x1029, 0x1028,
  0x1028, 0x1028, 0x1028, 0x1028, 0x0828, 0x0828, 0x0828, 0x0828, 0x0828, 0x0828, 0x0828, 0x0828,
  0x0828, 0x0828, 0x0827, 0x0827, 0x0827, 0x0807, 0x0807, 0x0807, 0x0807, 0x0807, 0x0807, 0x0807,
  0x0807, 0x0807, 0x0807, 0x0007, 0x0007, 0x0007, 0x0007, 0x0006, 0x0006, 0x0006, 0x0006, 0x0006,
  0x0006, 0x0006, 0x0006, 0x0006, 0x0006, 0x0006, 0x0006, 0x0006, 0x0006, 0x0006, 0x0006, 0x0006,
  0x0006, 0x0006, 0x0006, 0x0006, 0x0006, 0x0006, 0x0006, 0x0006, 0x0006, 0x0006, 0x0006, 0x0006,
  0x0006, 0x0006, 0x0006, 0x0006, 0x0006, 0x0006, 0x0006, 0x0006, 0x0006, 0x0006, 0x0006, 0x0006,
  0x0006, 0x0006, 0x0006, 0x0006, 0x0007, 0x0007, 0x0007, 0x0007, 0x0007, 0x0007, 0x0007, 0x0007,
  0x0007, 0x0007, 0x0007, 0x0007, 0x0008, 0x0008, 0x0008, 0x0008, 0x0008, 0x0008, 0x0008, 0x0008,
  0x0009, 0x0009, 0x0009, 0x0009, 0x0009, 0x0009, 0x0009, 0x0809, 0x0809, 0x080A, 0x0809, 0x0809,
  0x0809, 0x0009, 0x0809, 0x0809, 0x0009, 0x0008, 0x0008, 0x0008, 0x0008, 0x0008, 0x0007, 0x0007,
  0x0007, 0x0007, 0x0007, 0x0007, 0x0007, 0x0007, 0x0007, 0x0007, 0x0007, 0x0007, 0x0007, 0x0007,
  0x0007, 0x0007, 0x0007, 0x0007, 0x0007, 0x0007, 0x0007, 0x0007, 0x0007, 0x0007, 0x0007, 0x0007,
  0x0007, 0x0007, 0x0007, 0x0007, 0x0007, 0x0007, 0x0007, 0x0007, 0x0006, 0x0006, 0x0006, 0x0006,
  0x0006, 0x0006, 0x0007, 0x0007, 0x0007, 0x0007, 0xB4A3, 0xB483, 0x4188, 0xB4A3, 0x7B25, 0x0007,
  0x0007, 0x0007, 0x0008, 0x0008, 0x0008, 0x0008, 0x0008, 0x0008, 0x0008, 0x0008, 0x0008, 0x0008,
  0x0008, 0x0008, 0x0008, 0xFFFF, 0x0009, 0x0009, 0x0009, 0x0009, 0x0009, 0x0009, 0x0009, 0x0009,
  0x0009, 0x0009, 0x0009, 0x0009, 0x0009, 0x0009, 0x0009, 0x0009, 0x0009, 0x0009, 0x0009, 0x0009,
  0x0009, 0x0009, 0x0009, 0x0009, 0x0009, 0x0009, 0x0009, 0x0009, 0x0009, 0x0009, 0x0009, 0x0009,
  0x0009, 0x0009, 0x0009, 0x0009, 0x0009, 0x0009, 0x0009, 0x0009, 0x0009, 0x0009, 0x0009, 0x0009,
  0x0009, 0x0009, 0x0009, 0x0009, 0x0009, 0x0008, 0x0008, 0x0008, 0x0008, 0x0008, 0x0008, 0x0008,
  0x0008, 0x0008, 0x0008, 0x0008, 0x0008, 0x0008, 0x0008, 0x0008, 0x0008, 0x0008, 0x0008, 0x0008,
  0x0008, 0x0008, 0x0008, 0x0808, 0x0808, 0x0808, 0x0808, 0x0808, 0x0808, 0x0808, 0x0808, 0x0808,
  0x0808, 0x0808, 0x0808, 0x0828, 0x0828, 0x0828, 0x0828, 0x0828, 0x0828, 0x0828, 0x0828, 0x0828,
  0x0828, 0x1028, 0x1029, 0x1029, 0x1029, 0x1029, 0x1029, 0x1029, 0x1029, 0x1029, 0x1029, 0x1029,
  0x1029, 0x1029, 0x1029, 0x1029, 0x1029, 0x1029, 0x1029, 0x1029, 0x1029, 0x1029, 0x1029, 0x1029,
  0x1029, 0x1029, 0x1029, 0x1049, 0x1029, 0x1029, 0x1029, 0x1029, 0x1029, 0x1029, 0x1029, 0x1029,
  0x1029, 0x1029, 0x1029, 0x1029, 0x1029, 0x1029, 0x1029, 0x1028, 0x1028, 0x1028, 0x1028, 0x1028,
  0x1028, 0x1028, 0x1028, 0x0828, 0x0828, 0x0828, 0x0828, 0x0828, 0x0828, 0x0828, 0x0828, 0x0828,
  0x0827, 0x0827, 0x0827, 0x0807, 0x0807, 0x0807, 0x0807, 0x0807, 0x0807, 0x0807, 0x0807, 0x0807,
  0x0807, 0x0007, 0x0007, 0x0007, 0x0006, 0x0006, 0x0006, 0x0006, 0x0006, 0x0006, 0x0006, 0x0006,
  0x0006, 0x0006, 0x0006, 0x0006, 0x0006, 0x0006, 0x0006, 0x0006, 0x0006, 0x0006, 0x0006, 0x0006,
  0x0006, 0x0006, 0x0006, 0x0006, 0x0006, 0x0006, 0x0006, 0x0006, 0x0006, 0x0006, 0x0006, 0x0006,
  0x0006, 0x0006, 0x0006, 0x0006, 0x0006, 0x0006, 0x0006, 0x0006, 0x0006, 0x0006, 0x0006, 0x0006,
  0x0006, 0x0007, 0x0007, 0x0007, 0x0007, 0x0007, 0x0007, 0x0007, 0x0007, 0x0007, 0x0007, 0x0007,
  0x0007, 0x0008, 0x0008, 0x0008, 0x0008, 0x0008, 0x0008, 0x0008, 0x0008, 0x0009, 0x0009, 0x0009,
  0x0009, 0x0009, 0x0009, 0x0009, 0x0809, 0x0809, 0x0809, 0x0009, 0x0809, 0x0809, 0x0009, 0x0008,
  0x0008, 0x0008, 0x0007, 0x0007, 0x0007, 0x0006, 0x0006, 0x0006, 0x0006, 0x0006, 0x0006, 0x0006,
  0x0006, 0x0006, 0x0006, 0x0006, 0x0006, 0x0006, 0x0006, 0x0006, 0x0006, 0x0006, 0x0006, 0x0006,
  0x0006, 0x0006, 0x0006, 0x0006, 0x0006, 0x0006, 0x0006, 0x0006, 0x0006, 0x0006, 0x0006, 0x0006,
  0x0006, 0x0006, 0x0006, 0x0006, 0x0006, 0x0006, 0x0006, 0x0006, 0x0006, 0x0006, 0x0007, 0x0007,
  0x0007, 0x0007, 0x6AC5, 0xB4A3, 0x8B85, 0xB4A3, 0x5206, 0x0007, 0x0007, 0x0007, 0x0007, 0x0008,
  0x0008, 0x0008, 0x0008, 0x0008, 0x0008, 0x0008, 0x0008, 0x0008, 0x0008, 0x0008, 0x0008, 0xFFFF,
  0x0008, 0x0008, 0x0009, 0x0009, 0x0009, 0x0009, 0x0009, 0x0009, 0x0009, 0x0009, 0x0009, 0x0009,
  0x0009, 0x0009, 0x0009, 0x0009, 0x0009, 0x0009, 0x0009, 0x0009, 0x0009, 0x0009, 0x0009, 0x0009,
  0x0009, 0x0009, 0x0009, 0x0009, 0x0009, 0x0009, 0x0009, 0x0009, 0x0009, 0x0009, 0x0009, 0x0009,
  0x0009, 0x0009, 0x0009, 0x0009, 0x0009, 0x0009, 0x0009, 0x0009, 0x0009, 0x0009, 0x0009, 0x0008,
  0x0009, 0x0009, 0x0008, 0x0008, 0x0008, 0x0008, 0x0008, 0x0008, 0x0008, 0x0008, 0x0008, 0x0008,
  0x0008, 0x0008, 0x0008, 0x0008, 0x0008, 0x0008, 0x0008, 0x0008, 0x0008, 0x0008, 0x0008, 0x0808,
  0x0808, 0x0808, 0x0808, 0x0808, 0x0808, 0x0808, 0x0808, 0x0808, 0x0808, 0x0828, 0x0828, 0x0828,
  0x0828, 0x0828, 0x0828, 0x0828, 0x0828, 0x0828, 0x0828, 0x0829, 0x1029, 0x1029, 0x1029, 0x1029,
  0x1029, 0x1029, 0x1029, 0x1029, 0x1029, 0x1029, 0x1029, 0x1029, 0x1029, 0x1029, 0x1029, 0x1029,
  0x1029, 0x1029, 0x1029, 0x1029, 0x1049, 0x1049, 0x1049, 0x1049, 0x1049, 0x1049, 0x1049, 0x1049,
  0x1049, 0x1049, 0x1049, 0x1049, 0x1029, 0x1029, 0x1029, 0x1029, 0x1029, 0x1029, 0x1029, 0x1029,
  0x1029, 0x1029, 0x1029, 0x1029, 0x1029, 0x1029, 0x1028, 0x1028, 0x1028, 0x1028, 0x1028, 0x1028,
  0x0828, 0x0828, 0x0828, 0x0828, 0x0828, 0x0828, 0x0828, 0x0828, 0x0828, 0x0827, 0x0827, 0x0807,
  0x0807, 0x0807, 0x0807, 0x0807, 0x0807, 0x0807, 0x0807, 0x0807, 0x0807, 0x0007, 0x0006, 0x0006,
  0x0006, 0x0006, 0x0006, 0x0006, 0x0006, 0x0006, 0x0006, 0x0006, 0x0006, 0x0006, 0x0006, 0x0006,
  0x0006, 0x0006, 0x0006, 0x0006, 0x0006, 0x0006, 0x0006, 0x0006, 0x0006, 0x0006, 0x0006, 0x0006,
  0x0006, 0x0006, 0x0006, 0x0006, 0x0006, 0x0006, 0x0006, 0x0006, 0x0006, 0x0006, 0x0006, 0x0006,
  0x0006, 0x0006, 0x0006, 0x0006, 0x0006, 0x0006, 0x0006, 0x0006, 0x0006, 0x0007, 0x0007, 0x0007,
  0x0007, 0x0007, 0x0007, 0x0007, 0x0007, 0x0007, 0x0007, 0x0007, 0x0007, 0x0008, 0x0008, 0x0008,
  0x0008, 0x0008, 0x0008, 0x0008, 0x0008, 0x0008, 0x0009, 0x0009, 0x0009, 0x0009, 0x0009, 0x0009,
  0x0009, 0x0809, 0x0009, 0x0009, 0x0009, 0x0008, 0x0008, 0x0008, 0x0007, 0x0007, 0x0089, 0x012C,
  0x01AF, 0x0211, 0x0252, 0x0273, 0x0294, 0x0294, 0x0294, 0x0294, 0x0294, 0x02B5, 0x02B5, 0x02B5,
  0x02B5, 0x02B5, 0x02B5, 0x02B5, 0x02B5, 0x02B5, 0x02B5, 0x02B5, 0x02B5, 0x02B5, 0x02B5, 0x02B5,
  0x02B6, 0x02D6, 0x02D6, 0x02D6, 0x02D6, 0x02D6, 0x02D6, 0x02D6, 0x02D6, 0x02D6, 0x02D6, 0x02D6,
  0x0006, 0x0006, 0x0006, 0x0006, 0x0006, 0x0006, 0x0007, 0x0007, 0x0007, 0x0007, 0x0007, 0x93C4,
  0xB4A3, 0x93C4, 0x0007, 0x0007, 0x0007, 0x0007, 0x0007, 0x0008, 0x0008, 0x0008, 0x0008, 0x0008,
  0x0008, 0x0008, 0x0008, 0x0008, 0x0008, 0x0008, 0x0008, 0xFFFF, 0x0008, 0x0009, 0x0009, 0x0009,
  0x0009, 0x0009, 0x0009, 0x0009, 0x0009, 0x0009, 0x0009, 0x0009, 0x0009, 0x0009, 0x0009, 0x0009,
  0x0009, 0x0009, 0x0009, 0x0009, 0x0009, 0x0009, 0x0009, 0x0009, 0x0009, 0x0009, 0x0009, 0x0009,
  0x0009, 0x0009, 0x0009, 0x0009, 0x0009, 0x0009, 0x0009, 0x0009, 0x0009, 0x0009, 0x0009, 0x0009,
  0x0009, 0x0009, 0x0009, 0x0009, 0x0009, 0x0009, 0x0009, 0x0009, 0x0009, 0x0009, 0x0008, 0x0008,
  0x0008, 0x0008, 0x0008, 0x0008, 0x0008, 0x0008, 0x0008, 0x0008, 0x0008, 0x0008, 0x0008, 0x0008,
  0x0008, 0x0008, 0x0008, 0x0008, 0x0008, 0x0808, 0x0808, 0x0808, 0x0808, 0x0808, 0x0808, 0x0808,
  0x0808, 0x0808, 0x0808, 0x0808, 0x0828, 0x0828, 0x0828, 0x0828, 0x0828, 0x0828, 0x0828, 0x0828,
  0x0828, 0x0829, 0x1029, 0x1029, 0x1029, 0x1029, 0x1029, 0x1029, 0x1029, 0x1029, 0x1029, 0x1029,
  0x1029, 0x1029, 0x1029, 0x1029, 0x1029, 0x1049, 0x1049, 0x1049, 0x1049, 0x1049, 0x1049, 0x1049,
  0x1049, 0x1049, 0x1049, 0x1049, 0x1049, 0x1049, 0x1049, 0x1049, 0x1049, 0x1049, 0x1049, 0x1049,
  0x1049, 0x1049, 0x1049, 0x1049, 0x1029, 0x1029, 0x1029, 0x1029, 0x1029, 0x1029, 0x1029, 0x1029,
  0x1029, 0x1029, 0x1029, 0x1028, 0x1028, 0x1028, 0x1028, 0x1028, 0x1028, 0x1028, 0x0828, 0x0828,
  0x0828, 0x0828, 0x0828, 0x0828, 0x0828, 0x0827, 0x0827, 0x0827, 0x0807, 0x0807, 0x0807, 0x0807,
  0x0807, 0x0807, 0x0807, 0x0807, 0x0807, 0x0807, 0x0807, 0x0006, 0x0006, 0x0006, 0x0006, 0x0006,
  0x0006, 0x0006, 0x0006, 0x0006, 0x0006, 0x0006, 0x0006, 0x0006, 0x0006, 0x0006, 0x0006, 0x0006,
  0x0006, 0x0006, 0x0006, 0x0006, 0x0006, 0x0006, 0x0006, 0x0006, 0x0006, 0x0006, 0x0006, 0x0006,
  0x0006, 0x0006, 0x0006, 0x0006, 0x0006, 0x0006, 0x0006, 0x0006, 0x0006, 0x0006, 0x0006, 0x0006,
  0x0006, 0x0006, 0x0006, 0x0006, 0x0006, 0x0006, 0x0007, 0x0007, 0x0007, 0x0007, 0x0007, 0x0007,
  0x0007, 0x0007, 0x0007, 0x0007, 0x0007, 0x0007, 0x0008, 0x0008, 0x0008, 0x0008, 0x0008, 0x0008,
  0x0008, 0x0008, 0x0008, 0x0009, 0x0009, 0x0009, 0x0009, 0x0009, 0x0009, 0x0009, 0x0009, 0x0008,
  0x0008, 0x0008, 0x0007, 0x0007, 0x0048, 0x018E, 0x0210, 0x0210, 0x0253, 0x0294, 0x0294, 0x0294,
  0x0294, 0x0294, 0x0294, 0x0294, 0x0294, 0x0294, 0x0294, 0x0294, 0x0295, 0x02B5, 0x02B5, 0x02B5,
  0x02B5, 0x02B5, 0x02B5, 0x02B5, 0x02B5, 0x02B5, 0x02B5, 0x02B5, 0x02B5, 0x02D6, 0x02D6, 0x02D6,
  0x02D6, 0x02D6, 0x02D6, 0x02D6, 0x02D6, 0x02D6, 0x02D6, 0x02D6, 0x0006, 0x0006, 0x0006, 0x0006,
  0x0006, 0x0006, 0x0007, 0x0007, 0x0007, 0x0007, 0x0007, 0x0007, 0x2907, 0x0007, 0x0007, 0x0007,
  0x0007, 0x0007, 0x0007, 0x0008, 0x0008, 0x0008, 0x0008, 0x0008, 0x0008, 0x0008, 0x0008, 0x0008,
  0x0008, 0x0008, 0x0008, 0xFFFF, 0x0008, 0x0009, 0x0009, 0x0009, 0x0009, 0x0009, 0x0009, 0x0009,
  0x0009, 0x0009, 0x0009, 0x0009, 0x0009, 0x0009, 0x0009, 0x0009, 0x0009, 0x0009, 0x0009, 0x0009,
  0x0009, 0x0009, 0x0009, 0x0009, 0x0009, 0x0009, 0x0009, 0x0009, 0x0009, 0x0009, 0x0009, 0x0009,
  0x0009, 0x0009, 0x0009, 0x0009, 0x0009, 0x0009, 0x0009, 0x0009, 0x0009, 0x0009, 0x0009, 0x0009,
  0x0009, 0x0009, 0x0009, 0x0009, 0x0008, 0x0008, 0x0008, 0x0008, 0x0008, 0x0008, 0x0008, 0x0008,
  0x0008, 0x0008, 0x0008, 0x0008, 0x0008, 0x0008, 0x0008, 0x0008, 0x0008, 0x0008, 0x0008, 0x0008,
  0x0008, 0x0808, 0x0808, 0x0808, 0x0808, 0x0808, 0x0808, 0x0808, 0x0808, 0x0808, 0x0808, 0x0828,
  0x0828, 0x0828, 0x0828, 0x0828, 0x0828, 0x0828, 0x0828, 0x0829, 0x1029, 0x1029, 0x1029, 0x1029,
  0x1029, 0x1029, 0x1029, 0x1029, 0x1029, 0x1029, 0x1029, 0x1029, 0x1029, 0x1029, 0x1029, 0x1049,
  0x1049, 0x1049, 0x1049, 0x1049, 0x1049, 0x1049, 0x1049, 0x1049, 0x1049, 0x1049, 0x1049, 0x1049,
  0x1049, 0x1049, 0x1049, 0x1049, 0x1049, 0x1049, 0x1049, 0x1049, 0x1049, 0x1049, 0x1049, 0x1049,
  0x1049, 0x1049, 0x1049, 0x1049, 0x1029, 0x1029, 0x1029, 0x1029, 0x1029, 0x1029, 0x1029, 0x1029,
  0x1028, 0x1028, 0x1028, 0x1028, 0x1028, 0x1028, 0x0828, 0x0828, 0x0828, 0x0828, 0x0828, 0x0828,
  0x0828, 0x0807, 0x0807, 0x0807, 0x0807, 0x0807, 0x0807, 0x0807, 0x0807, 0x0807, 0x0807, 0x0807,
  0x0007, 0x0007, 0x0007, 0x0007, 0x0007, 0x0006, 0x0006, 0x0006, 0x0006, 0x0006, 0x0006, 0x0006,
  0x0006, 0x0006, 0x0006, 0x0006, 0x0006, 0x0006, 0x0006, 0x0006, 0x0006, 0x0006, 0x0006, 0x0006,
  0x0006, 0x0006, 0x0006, 0x0006, 0x0006, 0x0006, 0x0006, 0x0006, 0x0006, 0x0006, 0x0006, 0x0006,
  0x0006, 0x0006, 0x0006, 0x0006, 0x0006, 0x0006, 0x0006, 0x0006, 0x0006, 0x0006, 0x0006, 0x0006,
  0x0006, 0x0006, 0x0006, 0x0007, 0x0007, 0x0007, 0x0007, 0x0007, 0x0007, 0x0007, 0x0007, 0x0007,
  0x0007, 0x0007, 0x0007, 0x0008, 0x0008, 0x0008, 0x0008, 0x0008, 0x0008, 0x0008, 0x0008, 0x0008,
  0x0009, 0x0009, 0x0009, 0x0009, 0x0009, 0x0009, 0x0008, 0x0008, 0x0008, 0x0007, 0x0007, 0x0089,
  0x01F0, 0x0210, 0x0210, 0x0273, 0x0294, 0x0294, 0x0294, 0x0294, 0x0294, 0x0294, 0x0294, 0x0294,
  0x0294, 0x0294, 0x0294, 0x0294, 0x0295, 0x0295, 0x02B5, 0x02B5, 0x02B5, 0x02B5, 0x02B5, 0x02B5,
  0x02B5, 0x02B5, 0x02B5, 0x02B5, 0x02B5, 0x02B5, 0x02B6, 0x02D6, 0x02B6, 0x02D6, 0x02D6, 0x02D6,
  0x02D6, 0x02D6, 0x02D6, 0x02D6, 0x0006, 0x0006, 0x0006, 0x0006, 0x0006, 0x0006, 0x0007, 0x0007,
  0x0007, 0x0007, 0x0007, 0x0007, 0x0007, 0x0007, 0x0007, 0x0007, 0x0007, 0x0007, 0x0007, 0x0008,
  0x0008, 0x0008, 0x0008, 0x0008, 0x0008, 0x0008, 0x0008, 0x0008, 0x0008, 0x0008, 0x0008, 0xFFFF,
  0x0009, 0x0008, 0x0008, 0x0009, 0x0009, 0x0009, 0x0009, 0x0009, 0x0009, 0x0009, 0x0009, 0x0009,
  0x0009, 0x0009, 0x0009, 0x0009, 0x0009, 0x0009, 0x0009, 0x0009, 0x0009, 0x0009, 0x0009, 0x0009,
  0x0009, 0x0009, 0x0009, 0x0009, 0x0009, 0x0009, 0x0009, 0x0009, 0x0009, 0x0009, 0x0009, 0x0009,
  0x0009, 0x0009, 0x0009, 0x0009, 0x0009, 0x0009, 0x0009, 0x0009, 0x0009, 0x0009, 0x0009, 0x0009,
  0x0009, 0x0008, 0x0008, 0x0008, 0x0008, 0x0008, 0x0008, 0x0008, 0x0008, 0x0008, 0x0008, 0x0008,
  0x0008, 0x0008, 0x0008, 0x0008, 0x0008, 0x0008, 0x0808, 0x0008, 0x0808, 0x0808, 0x0808, 0x0808,
  0x0808, 0x0808, 0x0808, 0x0808, 0x0808, 0x0808, 0x0828, 0x0828, 0x0828, 0x0828, 0x0828, 0x0828,
  0x0828, 0x0829, 0x1029, 0x1029, 0x1029, 0x1029, 0x1029, 0x1029, 0x1029, 0x1029, 0x1029, 0x1029,
  0x1029, 0x1029, 0x1029, 0x1029, 0x1049, 0x1049, 0x1049, 0x1049, 0x1049, 0x1049, 0x1049, 0x1049,
  0x1049, 0x1049, 0x1049, 0x104A, 0x1049, 0x1049, 0x1049, 0x1849, 0x1049, 0x1049, 0x1049, 0x1049,
  0x1049, 0x1049, 0x1049, 0x1049, 0x1049, 0x1049, 0x1049, 0x1049, 0x1049, 0x1049, 0x1049, 0x1029,
  0x1029, 0x1029, 0x1029, 0x1029, 0x1029, 0x1029, 0x1029, 0x1029, 0x1029, 0x1029, 0x1028, 0x1028,
  0x1028, 0x1028, 0x1028, 0x0828, 0x0828, 0x0828, 0x0828, 0x0828, 0x0828, 0x0828, 0x0828, 0x0827,
  0x0807, 0x0807, 0x0807, 0x0807, 0x0807, 0x0807, 0x0807, 0x0807, 0x0807, 0x0007, 0x0007, 0x0007,
  0x0006, 0x0006, 0x0006, 0x0006, 0x0006, 0x0006, 0x0006, 0x0006, 0x0006, 0x0006, 0x0006, 0x0006,
  0x0006, 0x0006, 0x0006, 0x0006, 0x0006, 0x0006, 0x0006, 0x0006, 0x0006, 0x0006, 0x0006, 0x0006,
  0x0006, 0x0006, 0x0006, 0x0006, 0x0006, 0x0006, 0x0006, 0x0006, 0x0006, 0x0006, 0x0006, 0x0006,
  0x0006, 0x0006, 0x0006, 0x0006, 0x0006, 0x0006, 0x0006, 0x0006, 0x0006, 0x0006, 0x0006, 0x0006,
  0x0007, 0x0007, 0x0007, 0x0007, 0x0007, 0x0007, 0x0007, 0x0007, 0x0007, 0x0007, 0x0007, 0x0008,
  0x0008, 0x0008, 0x0008, 0x0008, 0x0008, 0x0008, 0x0008, 0x0008, 0x0008, 0x0009, 0x0008, 0x0008,
  0x0009, 0x0008, 0x0008, 0x0008, 0x0007, 0x0007, 0x0028, 0x0210, 0x0210, 0x0210, 0x0273, 0x0273,
  0x0294, 0x0294, 0x0294, 0x0294, 0x0294, 0x0294, 0x0294, 0x0294, 0x0294, 0x0294, 0x0294, 0x0294,
  0x0294, 0x02B4, 0x0295, 0x02B5, 0x02B5, 0x02B5, 0x02B5, 0x02B5, 0x02B5, 0x02B5, 0x02B5, 0x02B5,
  0x02B5, 0x02B5, 0x02B5, 0x02B5, 0x02B6, 0x02D6, 0x02D6, 0x02D6, 0x02D6, 0x02D6, 0x02D6, 0x02D6,
  0x0006, 0x0006, 0x0006, 0x0006, 0x0006, 0x0006, 0x0007, 0x0007, 0x0007, 0x0007, 0x0007, 0x0007,
  0x0007, 0x0007, 0x0007, 0x0007, 0x0007, 0x0007, 0x0007, 0x0007, 0x0008, 0x0008, 0x0008, 0x0008,
  0x0008, 0x0008, 0x0008, 0x0008, 0x0008, 0x0008, 0x0008, 0xFFFF, 0x0008, 0x0008, 0x0009, 0x0009,
  0x0009, 0x0009, 0x0009, 0x0009, 0x0009, 0x0009, 0x0009, 0x0009, 0x0009, 0x0009, 0x0009, 0x0009,
  0x0009, 0x0009, 0x0009, 0x0009, 0x0009, 0x0009, 0x0009, 0x0009, 0x0009, 0x0009, 0x0009, 0x0009,
  0x0009, 0x0009, 0x0009, 0x0009, 0x0009, 0x0009, 0x0009, 0x0009, 0x0009, 0x0009, 0x0009, 0x0009,
  0x0009, 0x0009, 0x0009, 0x0009, 0x0009, 0x0009, 0x0009, 0x0009, 0x0008, 0x0008, 0x0008, 0x0008,
  0x0008, 0x0008, 0x0008, 0x0008, 0x0008, 0x0008, 0x0008, 0x0008, 0x0008, 0x0008, 0x0008, 0x0008,
  0x0008, 0x0808, 0x0008, 0x0008, 0x0808, 0x0808, 0x0808, 0x0808, 0x0808, 0x0808, 0x0808, 0x0808,
  0x0808, 0x0808, 0x0828, 0x0828, 0x051C, 0x059D, 0x059D, 0x059D, 0x059D, 0x059D, 0x059D, 0x059D,
  0x059D, 0x059D, 0x059D, 0x059D, 0x059D, 0x05BD, 0x069E, 0x02AD, 0x0820, 0x0820, 0x3A0B, 0x3A6C,
  0x29EA, 0x29CA, 0x29A9, 0x2188, 0x2188, 0x21A8, 0x29A9, 0x3105, 0x0351, 0x063E, 0x059D, 0x059D,
  0x059D, 0x059D, 0x059D, 0x059D, 0x059D, 0x059D, 0x059D, 0x059D, 0x059D, 0x059D, 0x059D, 0x059D,
  0x059D, 0x059D, 0x059D, 0x059D, 0x057D, 0x05FF, 0x063F, 0x0413, 0xACB3, 0xC5F9, 0x9CD4, 0x7BF1,
  0xAD56, 0xFFDE, 0x528B, 0x5AAC, 0xF7BE, 0xFFDE, 0xC639, 0x632E, 0x5AED, 0x52CC, 0x0884, 0x6B6F,
  0xB597, 0x3A09, 0x39E9, 0x31C8, 0x5AED, 0xB5B8, 0x4A6B, 0x2147, 0x39E9, 0x39E9, 0x2947, 0x31A8,
  0x2987, 0x38C4, 0x0352, 0x067F, 0x059E, 0x059D, 0x059D, 0x059D, 0x059D, 0x059D, 0x059D, 0x059D,
  0x059D, 0x059D, 0x059D, 0x059C, 0x0006, 0x0006, 0x0006, 0x0006, 0x0006, 0x0006, 0x0006, 0x0006,
  0x0006, 0x0006, 0x0006, 0x0006, 0x0006, 0x0006, 0x0006, 0x0006, 0x0006, 0x0006, 0x0006, 0x0006,
  0x0006, 0x0006, 0x0006, 0x0006, 0x0006, 0x0006, 0x0006, 0x0006, 0x0006, 0x0006, 0x0006, 0x0006,
  0x0006, 0x0006, 0x0006, 0x0006, 0x0006, 0x0006, 0x0006, 0x0007, 0x0006, 0x0007, 0x0007, 0x0007,
  0x0007, 0x0007, 0x0007, 0x0007, 0x0007, 0x0007, 0x0007, 0x0007, 0x0008, 0x0008, 0x0008, 0x0008,
  0x0008, 0x0008, 0x0008, 0x0008, 0x0008, 0x0008, 0x0008, 0x0008, 0x0008, 0x0008, 0x0008, 0x0007,
  0x0007, 0x0006, 0x01AF, 0x0210, 0x01EF, 0x0252, 0x0273, 0x0273, 0x0273, 0x0293, 0x0294, 0x0294,
  0x0294, 0x0294, 0x0294, 0x0294, 0x0294, 0x0294, 0x0294, 0x0294, 0x0294, 0x0294, 0x0294, 0x02B4,
  0x0295, 0x02B5, 0x02B5, 0x02B5, 0x02B5, 0x02B5, 0x02B5, 0x02B5, 0x02B5, 0x02B5, 0x02B5, 0x02B5,
  0x02B5, 0x02D6, 0x02B6, 0x02D6, 0x02D6, 0x02D6, 0x02D6, 0x02D6, 0x0006, 0x0006, 0x0006, 0x0006,
  0x0006, 0x0006, 0x0007, 0x0007, 0x0007, 0x0007, 0x0007, 0x0007, 0x0007, 0x0007, 0x0007, 0x0007,
  0x0007, 0x0007, 0x0007, 0x0008, 0x0008, 0x0008, 0x0008, 0x0008, 0x0008, 0x0008, 0x0008, 0x0008,
  0x0008, 0x0008, 0x0008, 0xFFFF, 0x0008, 0x0008, 0x0009, 0x0009, 0x0009, 0x0009, 0x0009, 0x0009,
  0x0009, 0x0009, 0x0009, 0x0009, 0x0009, 0x0009, 0x0009, 0x0009, 0x0009, 0x0009, 0x0009, 0x0009,
  0x0009, 0x0009, 0x0009, 0x0009, 0x0009, 0x0009, 0x0009, 0x0009, 0x0009, 0x0009, 0x0009, 0x0009,
  0x0009, 0x0009, 0x0009, 0x0009, 0x0009, 0x0009, 0x0009, 0x0009, 0x0009, 0x0009, 0x0009, 0x0009,
  0x0009, 0x0009, 0x0009, 0x0009, 0x0008, 0x0008, 0x0008, 0x0008, 0x0008, 0x0008, 0x0008, 0x0008,
  0x0008, 0x0008, 0x0008, 0x0008, 0x0008, 0x0008, 0x0008, 0x0008, 0x0808, 0x0808, 0x0008, 0x0808,
  0x0808, 0x0808, 0x0808, 0x0808, 0x0808, 0x0808, 0x0808, 0x0808, 0x0808, 0x0828, 0x0828, 0x0828,
  0x059F, 0x059F, 0x059E, 0x059E, 0x059E, 0x059E, 0x059E, 0x059E, 0x059E, 0x059E, 0x059E, 0x059E,
  0x057F, 0x06DF, 0x03D5, 0x0000, 0x0000, 0x0000, 0x0842, 0x0000, 0x0000, 0x0000, 0x0000, 0x0000,
  0x0000, 0x0000, 0x0000, 0x0000, 0x0021, 0x05BF, 0x05DF, 0x059E, 0x059E, 0x059E, 0x059E, 0x059E,
  0x059E, 0x059E, 0x059E, 0x059E, 0x059E, 0x059E, 0x059E, 0x059E, 0x059E, 0x059E, 0x059E, 0x057E,
  0x061F, 0x065F, 0x026E, 0x2842, 0x6B6F, 0x530F, 0x4AAD, 0x5B2F, 0xC67B, 0x73D1, 0x0000, 0xBDF9,
  0xFFFF, 0x9CF5, 0x08A5, 0x0023, 0x1947, 0x0002, 0x52ED, 0xBE19, 0x31A9, 0x08A5, 0x2147, 0x1106,
  0x4A8C, 0x422B, 0x0044, 0x1907, 0x0064, 0x31EA, 0x1927, 0x0064, 0x08A5, 0x0883, 0x0801, 0x0459,
  0x063F, 0x059E, 0x059E, 0x059E, 0x059E, 0x059E, 0x059E, 0x059E, 0x059E, 0x059E, 0x059E, 0x059E,
  0x0006, 0x0006, 0x0006, 0x0006, 0x0006, 0x0006, 0x0006, 0x0006, 0x0006, 0x0006, 0x0006, 0x0006,
  0x0006, 0x0006, 0x0006, 0x0006, 0x0006, 0x0006, 0x0006, 0x0006, 0x0006, 0x0006, 0x0006, 0x0006,
  0x0006, 0x0006, 0x0006, 0x0006, 0x0006, 0x0006, 0x0006, 0x0006, 0x0006, 0x0006, 0x0006, 0x0006,
  0x0006, 0x0006, 0x0006, 0x0006, 0x0007, 0x0006, 0x0007, 0x0007, 0x0007, 0x0007, 0x0007, 0x0007,
  0x0007, 0x0007, 0x0007, 0x0007, 0x0007, 0x0008, 0x0008, 0x0008, 0x0008, 0x0008, 0x0008, 0x0008,
  0x0008, 0x0008, 0x0008, 0x0008, 0x0008, 0x0008, 0x0007, 0x0007, 0x0006, 0x0089, 0x0211, 0x01F0,
  0x0210, 0x0273, 0x0273, 0x0273, 0x0273, 0x0273, 0x0274, 0x0294, 0x0294, 0x0294, 0x0294, 0x0294,
  0x0294, 0x0294, 0x0294, 0x0294, 0x0294, 0x0294, 0x0294, 0x0294, 0x0294, 0x0295, 0x02B5, 0x02B5,
  0x02B5, 0x02B5, 0x02B5, 0x02B5, 0x02B5, 0x02B5, 0x02B5, 0x02B5, 0x02B5, 0x02B5, 0x02B6, 0x02D6,
  0x02D6, 0x02D6, 0x02D6, 0x02D6, 0x0006, 0x0006, 0x0006, 0x0006, 0x0006, 0x0006, 0x0007, 0x0007,
  0x0007, 0x0007, 0x0007, 0x0007, 0x0007, 0x0007, 0x0007, 0x0007, 0x0007, 0x0007, 0x0007, 0x0008,
  0x0008, 0x0008, 0x0008, 0x0008, 0x0008, 0x0008, 0x0008, 0x0008, 0x0008, 0x0008, 0x0008, 0xFFFF,
  0x0008, 0x0008, 0x0008, 0x0009, 0x0009, 0x0009, 0x0009, 0x0009, 0x0009, 0x0009, 0x0009, 0x0009,
  0x0009, 0x0009, 0x0009, 0x0009, 0x0009, 0x0009, 0x0009, 0x0009, 0x0009, 0x0009, 0x0009, 0x0009,
  0x0009, 0x0009, 0x0009, 0x0009, 0x0009, 0x0009, 0x0009, 0x0009, 0x0009, 0x0009, 0x0009, 0x0009,
  0x0009, 0x0009, 0x0009, 0x0009, 0x0009, 0x0009, 0x0009, 0x0009, 0x0009, 0x0009, 0x0009, 0x0008,
  0x0008, 0x0008, 0x0008, 0x0008, 0x0008, 0x0008, 0x0008, 0x0008, 0x0008, 0x0008, 0x0008, 0x0008,
  0x0008, 0x0008, 0x0008, 0x0008, 0x0808, 0x0808, 0x0808, 0x0808, 0x0808, 0x0808, 0x0808, 0x0808,
  0x0808, 0x0808, 0x0808, 0x0828, 0x0828, 0x0828, 0x0828, 0x0829, 0x059E, 0x057E, 0x059E, 0x059E,
  0x059E, 0x059E, 0x059E, 0x059E, 0x059E, 0x059E, 0x059E, 0x059F, 0x063F, 0x04DA, 0x0000, 0x0000,
  0x0000, 0x0000, 0x0000, 0x0000, 0x5AAA, 0x4A48, 0x0000, 0x0000, 0x0000, 0x0000, 0x0000, 0x0000,
  0x0000, 0x0499, 0x065F, 0x059E, 0x059E, 0x059E, 0x059E, 0x059E, 0x059E, 0x059E, 0x059E, 0x059E,
  0x059E, 0x059E, 0x059E, 0x059E, 0x059E, 0x059E, 0x057E, 0x061F, 0x06BF, 0x01EA, 0x0000, 0x10A5,
  0x1927, 0x1927, 0x2989, 0x3A4B, 0x73D1, 0x0000, 0x08C6, 0xDF3E, 0x7BF1, 0x0000, 0x0002, 0x08C5,
  0x0023, 0x2167, 0xAD98, 0x3A2B, 0x0002, 0x1106, 0x10E6, 0x10E6, 0x08A5, 0x0001, 0x31E9, 0x1927,
  0x0001, 0x29C9, 0x3A2B, 0x0000, 0x0023, 0x0043, 0x0000, 0x020C, 0x069F, 0x059F, 0x059E, 0x059E,
  0x059E, 0x059E, 0x059E, 0x059E, 0x059E, 0x059E, 0x059E, 0x059D, 0x0006, 0x0006, 0x0006, 0x0006,
  0x0006, 0x0006, 0x0006, 0x0006, 0x0006, 0x0006, 0x0006, 0x0006, 0x0006, 0x0006, 0x0006, 0x0006,
  0x0006, 0x0006, 0x0006, 0x0006, 0x0006, 0x0006, 0x0006, 0x0006, 0x0006, 0x0006, 0x0006, 0x0006,
  0x0006, 0x0006, 0x0006, 0x0006, 0x0006, 0x0006, 0x0006, 0x0006, 0x0006, 0x0006, 0x0006, 0x0006,
  0x0006, 0x0007, 0x0007, 0x0007, 0x0007, 0x0007, 0x0007, 0x0007, 0x0007, 0x0007, 0x0007, 0x0007,
  0x0007, 0x0007, 0x0008, 0x0008, 0x0008, 0x0008, 0x0008, 0x0008, 0x0008, 0x0008, 0x0008, 0x0008,
  0x0008, 0x0008, 0x0007, 0x0007, 0x0006, 0x014C, 0x0210, 0x01EF, 0x0231, 0x0273, 0x0273, 0x0273,
  0x0273, 0x0273, 0x0273, 0x0273, 0x0294, 0x0274, 0x0294, 0x0294, 0x0294, 0x0294, 0x0294, 0x0294,
  0x0294, 0x0294, 0x0294, 0x0294, 0x0294, 0x0294, 0x02B5, 0x02B5, 0x02B5, 0x02B5, 0x02B5, 0x02B5,
  0x02B5, 0x02B5, 0x02B5, 0x02B5, 0x02B5, 0x02B5, 0x02B5, 0x02B5, 0x02D6, 0x02D6, 0x02D6, 0x02D6,
  0x0006, 0x0006, 0x0006, 0x0006, 0x0006, 0x0006, 0x0007, 0x0007, 0x0007, 0x0007, 0x0007, 0x0007,
  0x0007, 0x0007, 0x0007, 0x0007, 0x0007, 0x0007, 0x0007, 0x0007, 0x0008, 0x0008, 0x0008, 0x0008,
  0x0008, 0x0008, 0x0008, 0x0008, 0x0008, 0x0008, 0x0008, 0x0008, 0x0008, 0x0008, 0x0009, 0x0009,
  0x0009, 0x0009, 0x0009, 0x0009, 0x0009, 0x0009, 0x0009, 0x0009, 0x0009, 0x0009, 0x0009, 0x0009,
  0x0009, 0x0009, 0x0009, 0x0009, 0x0009, 0x0009, 0x0009, 0x0009, 0x0009, 0x0009, 0x0009, 0x0009,
  0x0009, 0x0009, 0x0009, 0x0009, 0x0009, 0x0009, 0x0009, 0x0009, 0x0009, 0x0009, 0x0009, 0x0009,
  0x0009, 0x0009, 0x0009, 0x0009, 0x0009, 0x0009, 0x0009, 0x0008, 0x0008, 0x0008, 0x0008, 0x0008,
  0x0008, 0x0008, 0x0008, 0x0008, 0x0008, 0x0008, 0x0008, 0x0008, 0x0008, 0x0008, 0x0008, 0x0808,
  0x0808, 0x0808, 0x0808, 0x0808, 0x0808, 0x0808, 0x0808, 0x0808, 0x0808, 0x0808, 0x0808, 0x0828,
  0x0828, 0x0829, 0x0829, 0x0829, 0x059F, 0x05BF, 0x059E, 0x059E, 0x059E, 0x059E, 0x059E, 0x059E,
  0x059E, 0x059E, 0x059E, 0x059F, 0x069F, 0x01EB, 0x0000, 0x0000, 0x0000, 0x0000, 0x0000, 0x1082,
  0x632D, 0x8451, 0x4249, 0x0000, 0x0000, 0x0000, 0x0000, 0x0000, 0x0000, 0x0331, 0x069F, 0x059F,
  0x059E, 0x059E, 0x059E, 0x059E, 0x059E, 0x059E, 0x059E, 0x059E, 0x059E, 0x059E, 0x059E, 0x059E,
  0x059E, 0x057E, 0x061F, 0x063F, 0x0189, 0x0000, 0x0001, 0x10C5, 0x0084, 0x2148, 0x0885, 0x1906,
  0x10A4, 0x0000, 0x422B, 0x632F, 0x0000, 0x0001, 0x0044, 0x0043, 0x0064, 0x52AD, 0x2147, 0x0001,
  0x00C5, 0x0064, 0x0064, 0x0064, 0x0024, 0x0002, 0x29A8, 0x0024, 0x0002, 0x0022, 0x41EA, 0x0864,
  0x0023, 0x0002, 0x0000, 0x0063, 0x059E, 0x05FF, 0x059E, 0x059E, 0x059E, 0x059E, 0x059E, 0x059E,
  0x059E, 0x059E, 0x059E, 0x059D, 0x0006, 0x0006, 0x0006, 0x0006, 0x0006, 0x0006, 0x0006, 0x0006,
  0x0006, 0x0006, 0x0006, 0x0006, 0x0006, 0x0006, 0x0006, 0x0006, 0x0006, 0x0006, 0x0006, 0x0006,
  0x0006, 0x0006, 0x0006, 0x0006, 0x0006, 0x0006, 0x0006, 0x0006, 0x0006, 0x0006, 0x0006, 0x0006,
  0x0006, 0x0006, 0x0006, 0x0006, 0x0006, 0x0006, 0x0006, 0x0006, 0x0006, 0x0006, 0x0007, 0x0007,
  0x0007, 0x0007, 0x0007, 0x0007, 0x0007, 0x0007, 0x0007, 0x0007, 0x0007, 0x0007, 0x0007, 0x0007,
  0x0008, 0x0008, 0x0008, 0x0008, 0x0008, 0x0008, 0x0008, 0x0008, 0x0008, 0x0007, 0x0007, 0x0006,
  0x0006, 0x01CF, 0x0210, 0x01EF, 0x0252, 0x0273, 0x0273, 0x0273, 0x0273, 0x0273, 0x0273, 0x0273,
  0x0273, 0x0273, 0x0294, 0x0274, 0x0294, 0x0294, 0x0294, 0x0294, 0x0294, 0x0294, 0x0294, 0x0294,
  0x0294, 0x0294, 0x0294, 0x0295, 0x02B5, 0x02B5, 0x02B5, 0x02B5, 0x02B5, 0x02B5, 0x02B5, 0x02B5,
  0x02B5, 0x02B5, 0x02B5, 0x02B5, 0x02B5, 0x02D6, 0x02B6, 0x02D6, 0x0006, 0x0006, 0x0006, 0x0007,
  0x0007, 0x0006, 0x0007, 0x0007, 0x0007, 0x0007, 0x0007, 0x0007, 0x0007, 0x0007, 0x0007, 0x0007,
  0x0007, 0x0007, 0x0007, 0x0007, 0x0007, 0x0008, 0x0008, 0x0008, 0x0008, 0x0008, 0x0008, 0x0008,
  0x0008, 0x0008, 0x0008, 0x0008, 0x0008, 0x0008, 0x0008, 0x0008, 0x0009, 0x0009, 0x0009, 0x0009,
  0x0009, 0x0009, 0x0009, 0x0009, 0x0009, 0x0009, 0x0009, 0x0009, 0x0009, 0x0009, 0x0009, 0x0009,
  0x0009, 0x0009, 0x0009, 0x0009, 0x0009, 0x0009, 0x0009, 0x0009, 0x0009, 0x0009, 0x0009, 0x0009,
  0x0009, 0x0009, 0x0009, 0x0009, 0x0009, 0x0009, 0x0009, 0x0009, 0x0009, 0x0009, 0x0009, 0x0009,
  0x0009, 0x0009, 0x0008, 0x0008, 0x0008, 0x0008, 0x0008, 0x0008, 0x0008, 0x0008, 0x0008, 0x0008,
  0x0008, 0x0008, 0x0008, 0x0008, 0x0008, 0x0008, 0x0008, 0x0808, 0x0808, 0x0808, 0x0808, 0x0808,
  0x0808, 0x0808, 0x0808, 0x0808, 0x0808, 0x0808, 0x0828, 0x0828, 0x0828, 0x0829, 0x0829, 0x0829,
  0x0332, 0x06BF, 0x059E, 0x059E, 0x059E, 0x059E, 0x059E, 0x059E, 0x059E, 0x059E, 0x059E, 0x059F,
  0x069F, 0x02CE, 0x0000, 0x0000, 0x0000, 0x0000, 0x0000, 0x1082, 0x2967, 0x4A8B, 0x2986, 0x0000,
  0x0000, 0x0000, 0x0000, 0x0000, 0x0000, 0x01C9, 0x067F, 0x059F, 0x059E, 0x059E, 0x059E, 0x059E,
  0x059E, 0x059E, 0x059E, 0x059E, 0x059E, 0x059E, 0x059E, 0x059E, 0x059E, 0x05BF, 0x063F, 0x02CF,
  0x0800, 0x0000, 0x0022, 0x0001, 0x0002, 0x10E6, 0x0001, 0x0001, 0x0000, 0x0863, 0x39E9, 0x0000,
  0x0000, 0x0002, 0x0002, 0x0000, 0x08A5, 0x2147, 0x0001, 0x0003, 0x0003, 0x0002, 0x0002, 0x0002,
  0x0000, 0x2947, 0x422A, 0x0000, 0x0002, 0x0822, 0x630E, 0x630E, 0x0001, 0x2967, 0x0002, 0x0000,
  0x0436, 0x067F, 0x059E, 0x059E, 0x059E, 0x059E, 0x059E, 0x059E, 0x059E, 0x059E, 0x059E, 0x059D,
  0x4073, 0x4052, 0x4052, 0x3851, 0x3050, 0x282E, 0x202C, 0x180A, 0x0808, 0x0006, 0x0006, 0x0006,
  0x0006, 0x0006, 0x0006, 0x0006, 0x0006, 0x0006, 0x0006, 0x0006, 0x0006, 0x0006, 0x0006, 0x0006,
  0x0006, 0x0006, 0x0006, 0x0006, 0x0006, 0x0006, 0x0006, 0x0006, 0x0006, 0x0006, 0x0006, 0x0006,
  0x0006, 0x0006, 0x0006, 0x0006, 0x0006, 0x0006, 0x0006, 0x0007, 0x0007, 0x0007, 0x0007, 0x0007,
  0x0007, 0x0007, 0x0007, 0x0007, 0x0007, 0x0007, 0x0007, 0x0007, 0x0008, 0x0008, 0x0008, 0x0008,
  0x0008, 0x0008, 0x0008, 0x0008, 0x0007, 0x0007, 0x0007, 0x0006, 0x0006, 0x01F0, 0x01EF, 0x01CF,
  0x0273, 0x0273, 0x0273, 0x0273, 0x0273, 0x0273, 0x0273, 0x0273, 0x0273, 0x0273, 0x0273, 0x0294,
  0x0274, 0x0294, 0x0294, 0x0294, 0x0294, 0x0294, 0x0294, 0x0294, 0x0294, 0x0294, 0x0294, 0x0294,
  0x0294, 0x02B5, 0x02B5, 0x02B5, 0x02B5, 0x02B5, 0x02B5, 0x02B5, 0x02B5, 0x02B5, 0x02B5, 0x02B5,
  0x02B5, 0x02B5, 0x02B5, 0x02D6, 0x0006, 0x0006, 0x0006, 0x0007, 0x0007, 0x0007, 0x0007, 0x0007,
  0x0007, 0x0007, 0x0007, 0x0007, 0x0007, 0x0007, 0x0007, 0x0007, 0x0007, 0x0007, 0x0007, 0x0007,
  0x0008, 0x0008, 0x0008, 0x0008, 0x0008, 0x0008, 0x0008, 0x0008, 0x0008, 0x0008, 0x0008, 0x0008,
  0x0008, 0x0008, 0x0008, 0x0009, 0x0008, 0x0009, 0x0009, 0x0009, 0x0009, 0x0009, 0x0009, 0x0009,
  0x0009, 0x0009, 0x0009, 0x0009, 0x0009, 0x0009, 0x0009, 0x0009, 0x0009, 0x0009, 0x0009, 0x0009,
  0x0009, 0x0009, 0x0009, 0x0009, 0x0009, 0x0009, 0x0009, 0x0009, 0x0009, 0x0009, 0x0009, 0x0009,
  0x0009, 0x0009, 0x0009, 0x0009, 0x0009, 0x0009, 0x0009, 0x0009, 0x0009, 0x0009, 0x0009, 0x0008,
  0x0008, 0x0008, 0x0008, 0x0008, 0x0008, 0x0008, 0x0008, 0x0008, 0x0008, 0x0008, 0x0008, 0x0008,
  0x0008, 0x0008, 0x0808, 0x0808, 0x0808, 0x0808, 0x0808, 0x0808, 0x0808, 0x0808, 0x0808, 0x0808,
  0x0808, 0x0828, 0x0828, 0x0828, 0x0828, 0x0829, 0x0829, 0x0829, 0x0820, 0x057D, 0x065F, 0x059E,
  0x059E, 0x059E, 0x059E, 0x059E, 0x059E, 0x059E, 0x059E, 0x059F, 0x069F, 0x03B2, 0x0000, 0x0000,
  0x0000, 0x0000, 0x0000, 0x0000, 0x0862, 0x0020, 0x0000, 0x0000, 0x0000, 0x0000, 0x0000, 0x0000,
  0x0000, 0x00C4, 0x05DF, 0x05DF, 0x059E, 0x059E, 0x059E, 0x059E, 0x059E, 0x059E, 0x059E, 0x059E,
  0x059E, 0x059E, 0x059E, 0x059E, 0x059F, 0x069F, 0x02CF, 0x0188, 0x0106, 0x0000, 0x0000, 0x0000,
  0x0002, 0x0844, 0x0000, 0x0000, 0x0000, 0x2967, 0x0022, 0x0000, 0x0001, 0x0001, 0x0001, 0x0022,
  0x39E9, 0x0021, 0x0000, 0x0001, 0x0001, 0x0001, 0x0001, 0x0001, 0x0001, 0x738E, 0x2105, 0x0000,
  0x0000, 0x18C4, 0xC63A, 0x9D16, 0x0000, 0x2966, 0x18E6, 0x0000, 0x23D3, 0x061F, 0x059F, 0x059E,
  0x059E, 0x059E, 0x059E, 0x059E, 0x059E, 0x059E, 0x059E, 0x059D, 0x4073, 0x4053, 0x4053, 0x4053,
  0x4073, 0x4073, 0x4053, 0x4073, 0x4073, 0x4052, 0x302F, 0x202B, 0x0808, 0x0006, 0x0006, 0x0006,
  0x0006, 0x0006, 0x0006, 0x0006, 0x0006, 0x0006, 0x0006, 0x0006, 0x0006, 0x0006, 0x0006, 0x0006,
  0x0006, 0x0006, 0x0006, 0x0006, 0x0006, 0x0006, 0x0006, 0x0006, 0x0006, 0x0006, 0x0006, 0x0006,
  0x0006, 0x0006, 0x0006, 0x0006, 0x0007, 0x0007, 0x0007, 0x0007, 0x0007, 0x0007, 0x0007, 0x0007,
  0x0007, 0x0007, 0x0007, 0x0007, 0x0007, 0x0008, 0x0008, 0x0008, 0x0008, 0x0008, 0x0008, 0x0008,
  0x0007, 0x0007, 0x0006, 0x0006, 0x0005, 0x0210, 0x01EF, 0x01CE, 0x0273, 0x0273, 0x0273, 0x0273,
  0x0273, 0x0273, 0x0273, 0x0273, 0x0273, 0x0273, 0x0273, 0x0293, 0x0273, 0x0274, 0x0294, 0x0294,
  0x0294, 0x0294, 0x0294, 0x0294, 0x0294, 0x0294, 0x0294, 0x0294, 0x0294, 0x0294, 0x0295, 0x02B5,
  0x02B5, 0x02B5, 0x02B5, 0x02B5, 0x02B5, 0x02B5, 0x02B5, 0x02B5, 0x02B5, 0x02B5, 0x02B5, 0x02B5,
  0x0006, 0x0006, 0x0006, 0x0007, 0x0007, 0x0007, 0x0007, 0x0007, 0x0007, 0x0007, 0x0007, 0x0007,
  0x0007, 0x0007, 0x0007, 0x0007, 0x0007, 0x0007, 0x0007, 0x0007, 0x0008, 0x0008, 0x0008, 0x0008,
  0x0008, 0x0008, 0x0008, 0x0008, 0x0008, 0x0008, 0x0008, 0x0008, 0x0008, 0x0008, 0x0008, 0x0008,
  0x0009, 0x0008, 0x0009, 0x0009, 0x0009, 0x0009, 0x0009, 0x0009, 0x0009, 0x0009, 0x0009, 0x0009,
  0x0009, 0x0009, 0x0009, 0x0009, 0x0009, 0x0009, 0x0009, 0x0009, 0x0009, 0x0009, 0x0009, 0x0009,
  0x0009, 0x0009, 0x0009, 0x0009, 0x0009, 0x0009, 0x0009, 0x0009, 0x0009, 0x0009, 0x0009, 0x0009,
  0x0009, 0x0009, 0x0009, 0x0009, 0x0009, 0x0008, 0x0008, 0x0008, 0x0008, 0x0008, 0x0008, 0x0008,
  0x0008, 0x0008, 0x0008, 0x0008, 0x0008, 0x0008, 0x0008, 0x0008, 0x0008, 0x0808, 0x0808, 0x0808,
  0x0808, 0x0808, 0x0808, 0x0808, 0x0808, 0x0808, 0x0808, 0x0808, 0x0808, 0x0828, 0x0828, 0x0829,
  0x0829, 0x0829, 0x0829, 0x0829, 0x0800, 0x0127, 0x065F, 0x05DF, 0x059E, 0x059E, 0x059E, 0x059E,
  0x059E, 0x059E, 0x059E, 0x059F, 0x065F, 0x0436, 0x0000, 0x0000, 0x0000, 0x0000, 0x10A6, 0x8410,
  0x0861, 0x0000, 0x0000, 0x0905, 0x08E5, 0x08C4, 0x0000, 0x0000, 0x0000, 0x0002, 0x055D, 0x061F,
  0x059E, 0x059E, 0x059E, 0x059E, 0x059E, 0x059E, 0x059E, 0x059E, 0x059E, 0x059E, 0x059E, 0x057E,
  0x065F, 0x0478, 0x0352, 0x03F5, 0x0000, 0x0000, 0x0000, 0x0000, 0x0022, 0x0863, 0x0000, 0x0000,
  0x1083, 0x0842, 0x0000, 0x0000, 0x0000, 0x0000, 0x0000, 0x4209, 0x2946, 0x0000, 0x0000, 0x0000,
  0x0000, 0x0000, 0x0000, 0x0000, 0x31A8, 0x31A7, 0x0000, 0x0000, 0x0000, 0x0000, 0x9CF5, 0xD6DD,
  0x52AC, 0x0000, 0x73D1, 0x83F2, 0x736F, 0x053D, 0x05DF, 0x059E, 0x059E, 0x059E, 0x059E, 0x059E,
  0x059E, 0x059E, 0x059E, 0x059D, 0x4073, 0x4073, 0x4073, 0x4073, 0x4053, 0x4073, 0x4073, 0x4053,
  0x4053, 0x4053, 0x4073, 0x4073, 0x4073, 0x3850, 0x202C, 0x0807, 0x0006, 0x0006, 0x0006, 0x0006,
  0x0006, 0x0006, 0x0006, 0x0006, 0x0006, 0x0006, 0x0006, 0x0006, 0x0006, 0x0006, 0x0006, 0x0006,
  0x0006, 0x0006, 0x0006, 0x0006, 0x0006, 0x0006, 0x0006, 0x0006, 0x0006, 0x0006, 0x0006, 0x0006,
  0x0006, 0x0007, 0x0007, 0x0007, 0x0007, 0x0007, 0x0007, 0x0007, 0x0007, 0x0007, 0x0007, 0x0007,
  0x0007, 0x0007, 0x0008, 0x0008, 0x0008, 0x0008, 0x0007, 0x0007, 0x0007, 0x0007, 0x0006, 0x0006,
  0x0005, 0x0210, 0x01EF, 0x01CE, 0x0273, 0x0273, 0x0273, 0x0273, 0x0273, 0x0273, 0x0273, 0x0273,
  0x0273, 0x0273, 0x0273, 0x0273, 0x0273, 0x0273, 0x0293, 0x0294, 0x0294, 0x0294, 0x0294, 0x0294,
  0x0294, 0x0294, 0x0294, 0x0294, 0x0294, 0x0294, 0x0294, 0x0294, 0x02B5, 0x0295, 0x02B5, 0x02B5,
  0x02B5, 0x02B5, 0x02B5, 0x02B5, 0x02B5, 0x02B5, 0x02B5, 0x02B5, 0x0006, 0x0006, 0x0006, 0x0006,
  0x0007, 0x0007, 0x0007, 0x0007, 0x0007, 0x0007, 0x0007, 0x0007, 0x0007, 0x0007, 0x0007, 0x0007,
  0x0007, 0x0007, 0x0007, 0x0008, 0x0008, 0x0008, 0x0008, 0x0008, 0x0008, 0x0008, 0x0008, 0x0008,
  0x0008, 0x0008, 0x0008, 0x0008, 0x0008, 0x0008, 0x0008, 0x0008, 0x0008, 0x0009, 0x0009, 0x0009,
  0x0009, 0x0009, 0x0009, 0x0009, 0x0009, 0x0009, 0x0009, 0x0009, 0x0009, 0x0009, 0x0009, 0x0009,
  0x0009, 0x0009, 0x0009, 0x0009, 0x0009, 0x0009, 0x0009, 0x0009, 0x0009, 0x0009, 0x0009, 0x0009,
  0x0009, 0x0009, 0x0009, 0x0009, 0x0009, 0x0009, 0x0009, 0x0009, 0x0009, 0x0009, 0x0009, 0x0009,
  0x0008, 0x0008, 0x0008, 0x0008, 0x0008, 0x0008, 0x0008, 0x0008, 0x0008, 0x0008, 0x0008, 0x0008,
  0x0008, 0x0008, 0x0008, 0x0008, 0x0008, 0x0808, 0x0808, 0x0808, 0x0808, 0x0808, 0x0808, 0x0808,
  0x0808, 0x0808, 0x0808, 0x0808, 0x0829, 0x0828, 0x0829, 0x0829, 0x0829, 0x0829, 0x0829, 0x1029,
  0x0000, 0x0000, 0x03D5, 0x06BF, 0x057E, 0x059E, 0x059E, 0x059E, 0x059E, 0x059E, 0x059E, 0x059E,
  0x061F, 0x051C, 0x0000, 0x0000, 0x00B0, 0x1ABC, 0xBE9F, 0xE719, 0x0840, 0x0000, 0x0001, 0x222D,
  0x3AEF, 0x19CB, 0x0000, 0x424A, 0x3A4B, 0x5208, 0x065E, 0x059F, 0x059E, 0x059E, 0x059E, 0x059E,
  0x059E, 0x059E, 0x059E, 0x059E, 0x059E, 0x059E, 0x059E, 0x05BF, 0x05BE, 0x020B, 0x061F, 0x0310,
  0x0000, 0x0000, 0x0000, 0x0000, 0x1083, 0x0841, 0x0000, 0x0001, 0x10A3, 0x0000, 0x0000, 0x0000,
  0x0000, 0x0000, 0x2125, 0x39E8, 0x0000, 0x0000, 0x0000, 0x0000, 0x0000, 0x0000, 0x0000, 0x18C4,
  0x3167, 0x0000, 0x0000, 0x0000, 0x0000, 0x0000, 0x39E8, 0xADB9, 0x8453, 0x0000, 0x634E, 0x8CF7,
  0x61C7, 0x0393, 0x065F, 0x059E, 0x059E, 0x059E, 0x059E, 0x059E, 0x059E, 0x059E, 0x059E, 0x059D,
  0x4073, 0x4073, 0x4073, 0x4053, 0x4073, 0x4073, 0x4073, 0x4073, 0x4073, 0x4073, 0x4073, 0x4073,
  0x4073, 0x4073, 0x4073, 0x4072, 0x302F, 0x100A, 0x0006, 0x0006, 0x0006, 0x0006, 0x0006, 0x0006,
  0x0006, 0x0006, 0x0006, 0x0006, 0x0006, 0x0006, 0x0006, 0x0006, 0x0006, 0x0006, 0x0006, 0x0006,
  0x0006, 0x0006, 0x0006, 0x0006, 0x0006, 0x0006, 0x0006, 0x0006, 0x0006, 0x0006, 0x0006, 0x0007,
  0x0007, 0x0007, 0x0007, 0x0007, 0x0007, 0x0007, 0x0007, 0x0007, 0x0007, 0x0007, 0x0007, 0x0007,
  0x0008, 0x0007, 0x0007, 0x0007, 0x0007, 0x0007, 0x0006, 0x0006, 0x0005, 0x01F0, 0x01EF, 0x01AE,
  0x0252, 0x0273, 0x0253, 0x0273, 0x0273, 0x0273, 0x0273, 0x0273, 0x0273, 0x0273, 0x0273, 0x0273,
  0x0273, 0x0273, 0x0273, 0x0293, 0x0294, 0x0294, 0x0294, 0x0294, 0x0294, 0x0294, 0x0294, 0x0294,
  0x0294, 0x0294, 0x0294, 0x0294, 0x0294, 0x0294, 0x02B5, 0x02B5, 0x02B5, 0x02B5, 0x02B5, 0x02B5,
  0x02B5, 0x02B5, 0x02B5, 0x02B5, 0x0006, 0x0006, 0x0006, 0x0006, 0x0007, 0x0007, 0x0007, 0x0007,
  0x0007, 0x0007, 0x0007, 0x0007, 0x0007, 0x0007, 0x0007, 0x0007, 0x0007, 0x0007, 0x0007, 0x0007,
  0x0007, 0x0007, 0x0008, 0x0008, 0x0008, 0x0008, 0x0008, 0x0008, 0x0008, 0x0008, 0x0008, 0x0008,
  0x0008, 0x0008, 0x0008, 0x0008, 0x0008, 0x0008, 0x0009, 0x0009, 0x0009, 0x0009, 0x0009, 0x0009,
  0x0009, 0x0009, 0x0009, 0x0009, 0x0009, 0x0009, 0x0009, 0x0009, 0x0009, 0x0009, 0x0009, 0x0009,
  0x0009, 0x0009, 0x0009, 0x0009, 0x0009, 0x0009, 0x0009, 0x0009, 0x0009, 0x0009, 0x0009, 0x0009,
  0x0009, 0x0009, 0x0009, 0x0009, 0x0009, 0x0008, 0x0009, 0x0008, 0x0008, 0x0008, 0x0008, 0x0008,
  0x0008, 0x0008, 0x0008, 0x0008, 0x0008, 0x0008, 0x0008, 0x0008, 0x0008, 0x0008, 0x0008, 0x0008,
  0x0808, 0x0808, 0x0808, 0x0808, 0x0808, 0x0808, 0x0808, 0x0808, 0x0808, 0x0808, 0x0808, 0x0808,
  0x0828, 0x0829, 0x0829, 0x0829, 0x0829, 0x1029, 0x1029, 0x1029, 0x0001, 0x0000, 0x0000, 0x051B,
  0x061F, 0x059E, 0x059E, 0x059E, 0x059E, 0x059E, 0x059E, 0x059E, 0x067F, 0x061C, 0x0089, 0x003A,
  0x645F, 0x8471, 0x39A3, 0x0000, 0x0000, 0x0000, 0x0000, 0x1969, 0x2A6E, 0x0063, 0x0000, 0x94D4,
  0xADF8, 0xAC91, 0x6E7D, 0x059F, 0x059E, 0x059E, 0x059E, 0x059E, 0x059E, 0x059E, 0x059E, 0x059E,
  0x059E, 0x059E, 0x059E, 0x065F, 0x0331, 0x0394, 0x06BF, 0x0084, 0x0000, 0x0000, 0x0000, 0x0000,
  0x0820, 0x0000, 0x0000, 0x0842, 0x0000, 0x0000, 0x0000, 0x0000, 0x0000, 0x0000, 0x4209, 0x0862,
  0x0000, 0x0000, 0x0000, 0x0000, 0x0000, 0x0000, 0x0001, 0x2946, 0x0000, 0x0001, 0x0021, 0x0000,
  0x0000, 0x0000, 0x10A3, 0x6350, 0x4AAD, 0x0020, 0x0021, 0x0000, 0x1062, 0x2A2A, 0x05BF, 0x05DF,
  0x059E, 0x059E, 0x059E, 0x059E, 0x059E, 0x059E, 0x059E, 0x059D, 0x4073, 0x4073, 0x4073, 0x4053,
  0x4073, 0x4073, 0x4073, 0x4053, 0x4073, 0x4053, 0x4053, 0x4073, 0x4073, 0x4073, 0x4073, 0x4073,
  0x4073, 0x4073, 0x3850, 0x180A, 0x0006, 0x0006, 0x0006, 0x0006, 0x0006, 0x0006, 0x0006, 0x0006,
  0x0006, 0x0006, 0x0006, 0x0006, 0x0006, 0x0006, 0x0006, 0x0006, 0x0006, 0x0006, 0x0006, 0x0006,
  0x0006, 0x0006, 0x0006, 0x0006, 0x0006, 0x0006, 0x0006, 0x0007, 0x0007, 0x0007, 0x0007, 0x0007,
  0x0007, 0x0007, 0x0007, 0x0007, 0x0007, 0x0007, 0x0007, 0x0007, 0x0007, 0x0007, 0x0007, 0x0007,
  0x0007, 0x0007, 0x0006, 0x0006, 0x0005, 0x01EF, 0x01CF, 0x01CE, 0x0252, 0x0252, 0x0272, 0x0252,
  0x0273, 0x0273, 0x0273, 0x0273, 0x0273, 0x0273, 0x0273, 0x0273, 0x0273, 0x0273, 0x0273, 0x0273,
  0x0294, 0x74F9, 0xCEDD, 0xF7BF, 0xFFFF, 0xFFFF, 0xFFFF, 0xFFFF, 0xFFFF, 0xFFFF, 0xFFFF, 0xFFFF,
  0xFFFF, 0xF7BF, 0xCEDD, 0x74F9, 0x02D5, 0x02B5, 0x02B5, 0x02B5, 0x02B5, 0x02B5, 0x02B5, 0x02B5,
  0x0006, 0x0006, 0x0006, 0x0006, 0x0007, 0x0007, 0x0007, 0x0007, 0x0007, 0x0007, 0x0007, 0x0007,
  0x0007, 0x0007, 0x0007, 0x0007, 0x0007, 0x0007, 0x0007, 0x0007, 0x0007, 0x0008, 0x0008, 0x0008,
  0x0008, 0x0008, 0x0008, 0x0008, 0x0008, 0x0008, 0x0008, 0x0008, 0x0008, 0x0008, 0x0008, 0x0008,
  0x0008, 0x0008, 0x0008, 0x0009, 0x0008, 0x0009, 0x0009, 0x0009, 0x0009, 0x0009, 0x0009, 0x0009,
  0x0009, 0x0009, 0x0009, 0x0009, 0x0009, 0x0009, 0x0009, 0x0009, 0x0009, 0x0009, 0x0009, 0x0009,
  0x0009, 0x0009, 0x0009, 0x0009, 0x0009, 0x0009, 0x0009, 0x0009, 0x0009, 0x0009, 0x0009, 0x0009,
  0x0008, 0x0008, 0x0008, 0x0008, 0x0008, 0x0008, 0x0008, 0x0008, 0x0008, 0x0008, 0x0008, 0x0008,
  0x0008, 0x0008, 0x0008, 0x0008, 0x0008, 0x0008, 0x0008, 0x0008, 0x0808, 0x0808, 0x0808, 0x0808,
  0x0808, 0x0808, 0x0808, 0x0808, 0x0808, 0x0808, 0x0808, 0x0828, 0x0828, 0x0829, 0x0829, 0x0829,
  0x0829, 0x1029, 0x1029, 0x1029, 0x020C, 0x0000, 0x0000, 0x0374, 0x073F, 0x059E, 0x059E, 0x059E,
  0x059E, 0x059E, 0x05DE, 0x05DF, 0x045D, 0x029B, 0x01FD, 0x63B8, 0x4A8D, 0x0090, 0x01B8, 0x021A,
  0x8CFC, 0xB593, 0x0000, 0x0908, 0x224C, 0x0000, 0x0000, 0xCE7A, 0xD6DA, 0x734E, 0x75DA, 0x059F,
  0x059F, 0x059E, 0x059E, 0x059E, 0x059E, 0x059E, 0x059E, 0x059E, 0x059E, 0x059F, 0x059F, 0x059F,
  0x03F4, 0x061F, 0x04FB, 0x0000, 0x0000, 0x0000, 0x0000, 0x0000, 0x0000, 0x0000, 0x0000, 0x0841,
  0x0000, 0x0000, 0x0000, 0x0000, 0x0000, 0x1082, 0x10A3, 0x0000, 0x0000, 0x0000, 0x0000, 0x0001,
  0x0000, 0x0000, 0x10C5, 0x0000, 0x0000, 0x10A4, 0x0842, 0x0000, 0x0000, 0x0021, 0x10C4, 0x424B,
  0x29A8, 0x0021, 0x0000, 0x0000, 0x0021, 0x020B, 0x0478, 0x063F, 0x059F, 0x059E, 0x059E, 0x059E,
  0x059E, 0x059E, 0x059E, 0x059D, 0x4073, 0x4073, 0x4073, 0x4073, 0x4053, 0x4073, 0x4073, 0x4073,
  0x4073, 0x4073, 0x4053, 0x4073, 0x4053, 0x4073, 0x4073, 0x4073, 0x4053, 0x4073, 0x4053, 0x4053,
  0x3850, 0x1009, 0x0006, 0x0006, 0x0006, 0x0006, 0x0006, 0x0006, 0x0006, 0x0006, 0x0006, 0x0006,
  0x0006, 0x0006, 0x0006, 0x0006, 0x0006, 0x0006, 0x0006, 0x0006, 0x0006, 0x0006, 0x0006, 0x0006,
  0x0006, 0x0006, 0x0006, 0x0006, 0x0007, 0x0007, 0x0007, 0x0007, 0x0007, 0x0007, 0x0007, 0x0007,
  0x0007, 0x0007, 0x0007, 0x0007, 0x0007, 0x0007, 0x0007, 0x0007, 0x0007, 0x0006, 0x0006, 0x0005,
  0x0005, 0x01EF, 0x01CF, 0x01AE, 0x0252, 0x0252, 0x0252, 0x0252, 0x0272, 0x0273, 0x0273, 0x0273,
  0x0273, 0x0273, 0x0273, 0x0273, 0x0273, 0x0273, 0x0273, 0x0315, 0xD6FD, 0xFFFF, 0xFFFF, 0xFFFF,
  0xFFFF, 0xFFFF, 0xFFFF, 0xFFFF, 0xFFFF, 0xFFFF, 0xFFFF, 0xFFFF, 0xFFFF, 0xFFFF, 0xFFFF, 0xFFFF,
  0xD71D, 0x0336, 0x02B5, 0x02B5, 0x02B5, 0x02B5, 0x02B5, 0x02B5, 0x0006, 0x0006, 0x0006, 0x0006,
  0x0007, 0x0007, 0x0007, 0x0007, 0x0007, 0x0007, 0x0007, 0x0007, 0x0007, 0x0007, 0x0007, 0x0007,
  0x0007, 0x0007, 0x0007, 0x0007, 0x0007, 0x0008, 0x0008, 0x0008, 0x0008, 0x0008, 0x0008, 0x0008,
  0x0008, 0x0008, 0x0008, 0x0008, 0x0008, 0x0008, 0x0008, 0x0008, 0x0008, 0x0008, 0x0008, 0x0008,
  0x0009, 0x0008, 0x0009, 0x0009, 0x0009, 0x0009, 0x0009, 0x0009, 0x0009, 0x0009, 0x0009, 0x0009,
  0x0009, 0x0009, 0x0009, 0x0009, 0x0009, 0x0009, 0x0009, 0x0009, 0x0009, 0x0009, 0x0009, 0x0009,
  0x0009, 0x0009, 0x0009, 0x0009, 0x0009, 0x0009, 0x0009, 0x0009, 0x0008, 0x0008, 0x0008, 0x0008,
  0x0008, 0x0008, 0x0008, 0x0008, 0x0008, 0x0008, 0x0008, 0x0008, 0x0008, 0x0008, 0x0008, 0x0008,
  0x0808, 0x0008, 0x0008, 0x0808, 0x0808, 0x0808, 0x0808, 0x0808, 0x0808, 0x0808, 0x0808, 0x0808,
  0x0808, 0x0808, 0x0828, 0x0828, 0x0829, 0x0829, 0x0829, 0x0829, 0x1029, 0x1029, 0x1029, 0x1029,
  0x04FA, 0x00A5, 0x4166, 0x1371, 0x059D, 0x05FF, 0x057E, 0x059E, 0x059F, 0x05BF, 0x063F, 0x04FC,
  0x29B8, 0x005C, 0x2B1D, 0x3AB4, 0x027F, 0x549F, 0x63F7, 0x63D5, 0x94D5, 0x5289, 0x0000, 0x1169,
  0x11EA, 0x0000, 0x2A09, 0x5497, 0xD638, 0xBCF3, 0x055A, 0x059F, 0x059F, 0x059E, 0x059E, 0x059E,
  0x059E, 0x059E, 0x059E, 0x059E, 0x059E, 0x059E, 0x059F, 0x055D, 0x051C, 0x06DF, 0x03D5, 0x0000,
  0x0000, 0x0000, 0x0000, 0x0000, 0x0000, 0x0000, 0x0841, 0x0021, 0x0000, 0x0000, 0x0000, 0x0000,
  0x0000, 0x0021, 0x0000, 0x0000, 0x0000, 0x0000, 0x0000, 0x0043, 0x0002, 0x0043, 0x0000, 0x0021,
  0x0043, 0x0000, 0x0000, 0x0000, 0x0000, 0x0062, 0x00A4, 0x29A9, 0x1906, 0x0000, 0x0000, 0x0000,
  0x0000, 0x028E, 0x04D9, 0x05FF, 0x059F, 0x059E, 0x059E, 0x059E, 0x059E, 0x059E, 0x059E, 0x059D,
  0x4053, 0x4073, 0x4073, 0x4053, 0x4073, 0x4073, 0x4073, 0x4073, 0x4073, 0x4073, 0x4053, 0x4053,
  0x4073, 0x4073, 0x4073, 0x4073, 0x4053, 0x4073, 0x4073, 0x4073, 0x4073, 0x4073, 0x282E, 0x0007,
  0x0006, 0x0006, 0x0006, 0x0006, 0x0006, 0x0006, 0x0006, 0x0006, 0x0006, 0x0006, 0x0006, 0x0006,
  0x0006, 0x0006, 0x0006, 0x0006, 0x0006, 0x0006, 0x0006, 0x0006, 0x0006, 0x0006, 0x0006, 0x0006,
  0x0006, 0x0007, 0x0007, 0x0007, 0x0007, 0x0007, 0x0007, 0x0007, 0x0007, 0x0007, 0x0007, 0x0007,
  0x0007, 0x0007, 0x0007, 0x0007, 0x0007, 0x0006, 0x0006, 0x0005, 0x0005, 0x01EF, 0x01CF, 0x01AE,
  0x0252, 0x0252, 0x0252, 0x0252, 0x0252, 0x0252, 0x0253, 0x0273, 0x0273, 0x0273, 0x0273, 0x0273,
  0x0273, 0x0273, 0x0293, 0xD6FD, 0xFFFF, 0xFFFF, 0xFFFF, 0xFFFF, 0xFFFF, 0xFFFF, 0xFFFF, 0xFFFF,
  0xFFFF, 0xFFFF, 0xFFFF, 0xFFFF, 0xFFFF, 0xFFFF, 0xFFFF, 0xFFFF, 0xFFFF, 0xD71D, 0x02D5, 0x02B5,
  0x02B5, 0x02B5, 0x02B5, 0x02B5, 0x0006, 0x0006, 0x0007, 0x0006, 0x0007, 0x0007, 0x0007, 0x0007,
  0x0007, 0x0007, 0x0007, 0x0007, 0x0007, 0x0007, 0x0007, 0x0007, 0x0007, 0x0007, 0x0007, 0x0007,
  0x0008, 0x0008, 0x0008, 0x0008, 0x0008, 0x0008, 0x0008, 0x0008, 0x0008, 0x0008, 0x0008, 0x0008,
  0x0008, 0x0008, 0x0008, 0x0008, 0x0008, 0x0008, 0x0008, 0x0009, 0x0008, 0x0009, 0x0009, 0x0008,
  0x0009, 0x0009, 0x0009, 0x0009, 0x0009, 0x0009, 0x0009, 0x0009, 0x0009, 0x0009, 0x0009, 0x0009,
  0x0009, 0x0009, 0x0009, 0x0009, 0x0009, 0x0009, 0x0009, 0x0009, 0x0009, 0x0009, 0x0009, 0x0009,
  0x0008, 0x0009, 0x0009, 0x0008, 0x0008, 0x0008, 0x0008, 0x0008, 0x0008, 0x0008, 0x0008, 0x0008,
  0x0008, 0x0008, 0x0008, 0x0008, 0x0008, 0x0008, 0x0008, 0x0008, 0x0008, 0x0008, 0x0008, 0x0808,
  0x0808, 0x0808, 0x0808, 0x0808, 0x0808, 0x0808, 0x0808, 0x0808, 0x0808, 0x0808, 0x0828, 0x0829,
  0x0829, 0x0829, 0x0829, 0x1029, 0x1029, 0x1029, 0x1029, 0x1029, 0x061F, 0x059F, 0x428C, 0x2820,
  0x0022, 0x059E, 0x061F, 0x059E, 0x05BF, 0x069F, 0x02DB, 0x9C19, 0xFF99, 0x53DB, 0x011D, 0x023F,
  0x6417, 0x41C2, 0x0000, 0x0000, 0x0000, 0x0000, 0x0000, 0x0969, 0x00A6, 0x0000, 0x9D97, 0x9598,
  0xDE9A, 0xEE78, 0x055A, 0x059F, 0x059E, 0x059E, 0x059E, 0x059E, 0x059E, 0x059E, 0x059E, 0x059E,
  0x059E, 0x059E, 0x059F, 0x059E, 0x055D, 0x069F, 0x0373, 0x0000, 0x0000, 0x0000, 0x0000, 0x0000,
  0x0000, 0x0000, 0x1083, 0x0000, 0x0000, 0x0000, 0x0000, 0x0000, 0x0000, 0x0000, 0x0000, 0x0000,
  0x0000, 0x0000, 0x0001, 0x0085, 0x0885, 0x0001, 0x0000, 0x0885, 0x0000, 0x0000, 0x0000, 0x0020,
  0x0000, 0x0001, 0x0044, 0x2147, 0x18E4, 0x0000, 0x0000, 0x0000, 0x0000, 0x02AE, 0x05BF, 0x05BF,
  0x059E, 0x059E, 0x059E, 0x059E, 0x059E, 0x059E, 0x059E, 0x059D, 0x4053, 0x4073, 0x4073, 0x4073,
  0x4073, 0x4073, 0x4053, 0x4073, 0x4053, 0x4053, 0x4053, 0x4073, 0x4053, 0x4053, 0x4053, 0x4073,
  0x4073, 0x4053, 0x4073, 0x4073, 0x4073, 0x4053, 0x4073, 0x4052, 0x180A, 0x0006, 0x0006, 0x0006,
  0x0006, 0x0006, 0x0006, 0x0006, 0x0006, 0x0006, 0x0006, 0x0006, 0x0006, 0x0006, 0x0006, 0x0006,
  0x0006, 0x0006, 0x0006, 0x0006, 0x0006, 0x0006, 0x0006, 0x0006, 0x0006, 0x0006, 0x0007, 0x0007,
  0x0007, 0x0007, 0x0007, 0x0007, 0x0007, 0x0007, 0x0007, 0x0007, 0x0007, 0x0007, 0x0007, 0x0007,
  0x0007, 0x0006, 0x0006, 0x0005, 0x0005, 0x01EF, 0x01CE, 0x01AD, 0x0252, 0x0252, 0x0252, 0x0252,
  0x0252, 0x0252, 0x0272, 0x0252, 0x0273, 0x0273, 0x0273, 0x0273, 0x0273, 0x0273, 0x74D8, 0xFFFF,
  0xFFFF, 0xFFFF, 0xFFFF, 0xFFFF, 0xFFFF, 0xFFFF, 0xFFFF, 0xFFFF, 0xFFFF, 0xFFFF, 0xFFFF, 0xFFFF,
  0xFFFF, 0xFFFF, 0xFFFF, 0xFFFF, 0xFFFF, 0xFFFF, 0x74F9, 0x0295, 0x0295, 0x02B5, 0x02B5, 0x02B5,
  0x0006, 0x0006, 0x0007, 0x0007, 0x0007, 0x0007, 0x0007, 0x0007, 0x0007, 0x0007, 0x0007, 0x0007,
  0x0007, 0x0007, 0x0007, 0x0007, 0x0007, 0x0007, 0x0007, 0x0008, 0x0008, 0x0008, 0x0008, 0x0008,
  0x0008, 0x0008, 0x0008, 0x0008, 0x0008, 0x0008, 0x0008, 0x0008, 0x0008, 0x0008, 0x0008, 0x0008,
  0x0008, 0x0008, 0x0008, 0x0008, 0x0008, 0x0008, 0x0008, 0x0009, 0x0009, 0x0008, 0x0009, 0x0009,
  0x0009, 0x0009, 0x0009, 0x0009, 0x0009, 0x0009, 0x0009, 0x0009, 0x0009, 0x0009, 0x0009, 0x0009,
  0x0009, 0x0009, 0x0009, 0x0009, 0x0009, 0x0009, 0x0009, 0x0009, 0x0008, 0x0008, 0x0008, 0x0008,
  0x0008, 0x0008, 0x0008, 0x0008, 0x0008, 0x0008, 0x0008, 0x0008, 0x0008, 0x0008, 0x0008, 0x0008,
  0x0008, 0x0008, 0x0008, 0x0808, 0x0008, 0x0008, 0x0808, 0x0808, 0x0808, 0x0808, 0x0808, 0x0808,
  0x0808, 0x0808, 0x0808, 0x0808, 0x0808, 0x0828, 0x0829, 0x0829, 0x0829, 0x1029, 0x0829, 0x1029,
  0x1029, 0x1029, 0x1029, 0x1029, 0x05BF, 0x059E, 0x0000, 0x0000, 0x0000, 0x0352, 0x06DF, 0x059F,
  0x067F, 0x03DC, 0x0898, 0xBDF9, 0xFFFB, 0xFFFC, 0x4BDE, 0x019F, 0x0047, 0x0000, 0x0000, 0x0000,
  0x0000, 0x1082, 0x10C4, 0x1968, 0x00C6, 0x1169, 0x9D56, 0xF77C, 0xEF9E, 0xC595, 0x04FA, 0x05BF,
  0x059E, 0x059E, 0x059E, 0x059E, 0x059E, 0x059E, 0x059E, 0x059E, 0x059E, 0x059E, 0x059F, 0x059E,
  0x059E, 0x065F, 0x03F6, 0x00C5, 0x0000, 0x0000, 0x0000, 0x0000, 0x0000, 0x0000, 0x0021, 0x0000,
  0x0000, 0x0000, 0x0000, 0x0000, 0x0000, 0x0000, 0x0000, 0x0000, 0x0000, 0x0000, 0x0002, 0x10E6,
  0x0042, 0x0022, 0x0022, 0x0000, 0x0000, 0x0000, 0x0861, 0x73CF, 0x0000, 0x0000, 0x0043, 0x10C5,
  0x20E4, 0x0000, 0x0000, 0x0000, 0x0000, 0x028E, 0x063F, 0x05BF, 0x059E, 0x059E, 0x059E, 0x059E,
  0x059E, 0x059E, 0x059E, 0x059D, 0x4053, 0x4073, 0x4073, 0x4073, 0x4053, 0x4073, 0x4073, 0x4053,
  0x4073, 0x4073, 0x4073, 0x4073, 0x4073, 0x4073, 0x4073, 0x4053, 0x4053, 0x4053, 0x4073, 0x4053,
  0x4053, 0x4073, 0x4053, 0x4073, 0x4073, 0x282E, 0x0006, 0x0006, 0x0006, 0x0006, 0x0006, 0x0006,
  0x0006, 0x0006, 0x0006, 0x0006, 0x0006, 0x0006, 0x0006, 0x0006, 0x0006, 0x0006, 0x0006, 0x0006,
  0x0006, 0x0006, 0x0006, 0x0006, 0x0006, 0x0006, 0x0007, 0x0007, 0x0007, 0x0007, 0x0007, 0x0007,
  0x0007, 0x0007, 0x0007, 0x0007, 0x0007, 0x0007, 0x0007, 0x0007, 0x0007, 0x0006, 0x0006, 0x0005,
  0x0005, 0x01EF, 0x01CE, 0x01AD, 0x0252, 0x0252, 0x0252, 0x0252, 0x0252, 0x0252, 0x0252, 0x0252,
  0x0252, 0x0273, 0x0273, 0x0273, 0x0273, 0x0273, 0xCEDD, 0xFFFF, 0xFFFF, 0xFFFF, 0xFFFF, 0xFFFF,
  0xFFFF, 0xFFFF, 0xFFFF, 0xFFFF, 0xFFFF, 0xFFFF, 0xFFFF, 0xFFFF, 0xFFFF, 0xFFFF, 0xFFFF, 0xFFFF,
  0xFFFF, 0xFFFF, 0xCEDD, 0x0294, 0x0294, 0x0295, 0x02B5, 0x02B5, 0x0006, 0x0006, 0x0007, 0x0007,
  0x0007, 0x0007, 0x0007, 0x0007, 0x0007, 0x0007, 0x0007, 0x0007, 0x0007, 0x0007, 0x0007, 0x0007,
  0x0007, 0x0007, 0x0007, 0x0007, 0x0008, 0x0007, 0x0008, 0x0008, 0x0008, 0x0008, 0x0008, 0x0008,
  0x0008, 0x0008, 0x0008, 0x0008, 0x0008, 0x0008, 0x0008, 0x0008, 0x0008, 0x0008, 0x0008, 0x0008,
  0x0008, 0x0008, 0x0009, 0x0008, 0x0008, 0x0009, 0x0009, 0x0008, 0x0008, 0x0009, 0x0009, 0x0009,
  0x0009, 0x0009, 0x0009, 0x0009, 0x0009, 0x0009, 0x0009, 0x0009, 0x0008, 0x0009, 0x0009, 0x0009,
  0x0008, 0x0008, 0x0009, 0x0009, 0x0008, 0x0008, 0x0008, 0x0008, 0x0008, 0x0008, 0x0008, 0x0008,
  0x0008, 0x0008, 0x0008, 0x0008, 0x0008, 0x0008, 0x0008, 0x0008, 0x0008, 0x0008, 0x0008, 0x0808,
  0x0008, 0x0008, 0x0808, 0x0808, 0x0808, 0x0808, 0x0808, 0x0808, 0x0808, 0x0808, 0x0808, 0x0808,
  0x0808, 0x0828, 0x0829, 0x0829, 0x1029, 0x1029, 0x1029, 0x1029, 0x1029, 0x1029, 0x1029, 0x1029,
  0x059E, 0x061F, 0x0126, 0x0000, 0x0000, 0x0083, 0x05FF, 0x06BF, 0x045C, 0x0058, 0x00FA, 0xA5D9,
  0xFFFC, 0xFFFF, 0xF79D, 0x023F, 0x000B, 0x0000, 0x0005, 0x29EF, 0x8CF5, 0x6C32, 0x5391, 0x94F5,
  0x94F6, 0x8D16, 0xE73D, 0xFFBE, 0xF75C, 0x6CF6, 0x04FD, 0x05BF, 0x059E, 0x059E, 0x059E, 0x059E,
  0x059E, 0x059E, 0x059E, 0x059E, 0x059E, 0x059E, 0x059E, 0x059F, 0x059F, 0x063F, 0x04B9, 0x020B,
  0x0000, 0x0000, 0x0000, 0x0000, 0x0000, 0x0020, 0x0000, 0x0000, 0x0000, 0x0000, 0x0000, 0x0000,
  0x0000, 0x0000, 0x0000, 0x0000, 0x0000, 0x0000, 0x18E5, 0x10A4, 0x0023, 0x0043, 0x0000, 0x0000,
  0x0021, 0x0000, 0x7C10, 0xEF7E, 0x0000, 0x0000, 0x0001, 0x0864, 0x10A3, 0x0000, 0x0000, 0x0000,
  0x0000, 0x02AF, 0x069F, 0x059F, 0x059E, 0x059E, 0x059E, 0x059E, 0x059E, 0x059E, 0x059E, 0x059D,
  0x4053, 0x4053, 0x4073, 0x4073, 0x4073, 0x4073, 0x4073, 0x4053, 0x4073, 0x4053, 0x4073, 0x4073,
  0x4073, 0x4073, 0x4073, 0x4073, 0x4073, 0x4073, 0x4073, 0x4073, 0x4053, 0x4053, 0x4073, 0x4073,
  0x4073, 0x4073, 0x3850, 0x0808, 0x0006, 0x0006, 0x0006, 0x0006, 0x0006, 0x0006, 0x0006, 0x0006,
  0x0006, 0x0006, 0x0006, 0x0006, 0x0006, 0x0006, 0x0006, 0x0006, 0x0006, 0x0006, 0x0006, 0x0006,
  0x0006, 0x0006, 0x0006, 0x0007, 0x0007, 0x0007, 0x0007, 0x0007, 0x0007, 0x0007, 0x0007, 0x0007,
  0x0007, 0x0007, 0x0007, 0x0007, 0x0006, 0x0006, 0x0006, 0x0005, 0x0005, 0x01EF, 0x01CE, 0x01AD,
  0x0252, 0x0252, 0x0252, 0x0252, 0x0252, 0x0252, 0x0252, 0x0252, 0x0252, 0x0252, 0x0272, 0x0273,
  0x0273, 0x0273, 0xFFDF, 0xFFFF, 0xFFFF, 0xFFFF, 0xFFFF, 0xFFFF, 0xFFFF, 0xFFFF, 0xFFFF, 0xFFFF,
  0xFFFF, 0xFFFF, 0xFFFF, 0xFFFF, 0xFFFF, 0xFFFF, 0xFFFF, 0xFFFF, 0xFFFF, 0xFFFF, 0xFFDF, 0x0294,
  0x0294, 0x0294, 0x0294, 0x02B5, 0x0006, 0x0006, 0x0007, 0x0007, 0x0007, 0x0007, 0x0007, 0x0007,
  0x0007, 0x0007, 0x0007, 0x0007, 0x0007, 0x0007, 0x0007, 0x0007, 0x0007, 0x0007, 0x0007, 0x0007,
  0x0007, 0x0008, 0x0008, 0x0008, 0x0008, 0x0008, 0x0008, 0x0008, 0x0008, 0x0008, 0x0008, 0x0008,
  0x0008, 0x0008, 0x0008, 0x0008, 0x0008, 0x0008, 0x0008, 0x0008, 0x0008, 0x0008, 0x0008, 0x0008,
  0x0009, 0x0008, 0x0008, 0x0008, 0x0009, 0x0009, 0x0009, 0x0009, 0x0009, 0x0009, 0x0009, 0x0009,
  0x0009, 0x0009, 0x0009, 0x0009, 0x0008, 0x0008, 0x0009, 0x0008, 0x0008, 0x0008, 0x0009, 0x0008,
  0x0008, 0x0008, 0x0008, 0x0008, 0x0008, 0x0008, 0x0008, 0x0008, 0x0008, 0x0008, 0x0008, 0x0008,
  0x0008, 0x0008, 0x0008, 0x0008, 0x0008, 0x0008, 0x0008, 0x0808, 0x0008, 0x0808, 0x0808, 0x0808,
  0x0808, 0x0808, 0x0808, 0x0808, 0x0808, 0x0808, 0x0808, 0x0808, 0x0828, 0x0829, 0x0829, 0x0829,
  0x1029, 0x1029, 0x1029, 0x1029, 0x1029, 0x1029, 0x1029, 0x1029, 0x055D, 0x063F, 0x055C, 0x0000,
  0x0000, 0x0000, 0x0310, 0x069F, 0x0139, 0x119C, 0x01BE, 0x01F9, 0xEF7B, 0xFFFF, 0xFFFF, 0xC63D,
  0x0118, 0x4B16, 0x6C57, 0x7CB7, 0x7494, 0x53B2, 0x4B50, 0xBE5A, 0xFFFF, 0xE73C, 0xEF5D, 0xEF7D,
  0xFF1A, 0x05BB, 0x057F, 0x059E, 0x059E, 0x059E, 0x059E, 0x059E, 0x059E, 0x059E, 0x059E, 0x059E,
  0x059E, 0x059E, 0x059E, 0x059F, 0x059E, 0x05DF, 0x05BE, 0x022B, 0x0000, 0x0000, 0x0000, 0x0000,
  0x0000, 0x1082, 0x0000, 0x0000, 0x0000, 0x0000, 0x0000, 0x0000, 0x0000, 0x0000, 0x0000, 0x0000,
  0x0000, 0x2105, 0x1083, 0x0000, 0x0002, 0x0000, 0x0000, 0x2986, 0x4249, 0x0000, 0xFFFF, 0xFFFF,
  0x1062, 0x0000, 0x0000, 0x0022, 0x0841, 0x0000, 0x0000, 0x0000, 0x0000, 0x02EF, 0x06BF, 0x059F,
  0x059E, 0x059E, 0x059E, 0x059E, 0x059E, 0x059E, 0x059E, 0x059D, 0x4073, 0x4073, 0x4053, 0x4053,
  0x4053, 0x4073, 0x4073, 0x4053, 0x4053, 0x4073, 0x4053, 0x4073, 0x4073, 0x4073, 0x4073, 0x4073,
  0x4073, 0x4053, 0x4053, 0x4053, 0x4073, 0x4073, 0x4053, 0x4073, 0x4073, 0x4073, 0x4073, 0x4052,
  0x1009, 0x0006, 0x0006, 0x0006, 0x0006, 0x0006, 0x0006, 0x0006, 0x0006, 0x0006, 0x0006, 0x0006,
  0x0006, 0x0006, 0x0006, 0x0006, 0x0006, 0x0006, 0x0006, 0x0006, 0x0006, 0x0006, 0x0006, 0x0006,
  0x0007, 0x0007, 0x0007, 0x0007, 0x0007, 0x0007, 0x0007, 0x0007, 0x0007, 0x0007, 0x0007, 0x0007,
  0x0006, 0x0006, 0x0006, 0x0005, 0x0005, 0x01EF, 0x01CE, 0x01AD, 0x0252, 0x0232, 0x0252, 0x0252,
  0x0252, 0x0252, 0x0252, 0x0252, 0x0252, 0x0252, 0x0272, 0x0252, 0x0253, 0x0273, 0xFFFF, 0xFFFF,
  0xFFFF, 0xFFFF, 0xFFFF, 0xFFFF, 0xFFFF, 0xFFFF, 0xFFFF, 0xFFFF, 0xFFFF, 0xFFFF, 0xFFFF, 0xFFFF,
  0xFFFF, 0xFFFF, 0xFFFF, 0xFFFF, 0xFFFF, 0xFFFF, 0xFFFF, 0x0294, 0x0294, 0x0294, 0x0294, 0x02B4,
  0x0006, 0x0007, 0x0007, 0x0007, 0x0007, 0x0007, 0x0007, 0x0007, 0x0007, 0x0007, 0x0007, 0x0007,
  0x0007, 0x0007, 0x0007, 0x0007, 0x0007, 0x0007, 0x0007, 0x0007, 0x0007, 0x0008, 0x0008, 0x0008,
  0x0008, 0x0008, 0x0008, 0x0008, 0x0008, 0x0008, 0x0008, 0x0008, 0x0008, 0x0008, 0x0008, 0x0008,
  0x0008, 0x0008, 0x0008, 0x0008, 0x0008, 0x0008, 0x0008, 0x0008, 0x0008, 0x0008, 0x0008, 0x0009,
  0x0008, 0x0008, 0x0008, 0x0008, 0x0009, 0x0009, 0x0009, 0x0009, 0x0009, 0x0008, 0x0008, 0x0009,
  0x0009, 0x0008, 0x0009, 0x0008, 0x0009, 0x0008, 0x0008, 0x0008, 0x0008, 0x0008, 0x0008, 0x0008,
  0x0008, 0x0008, 0x0008, 0x0008, 0x0008, 0x0008, 0x0008, 0x0008, 0x0008, 0x0008, 0x0008, 0x0008,
  0x0008, 0x0008, 0x0008, 0x0808, 0x0008, 0x0808, 0x0808, 0x0808, 0x0808, 0x0808, 0x0808, 0x0808,
  0x0808, 0x0808, 0x0808, 0x0808, 0x0829, 0x0829, 0x0829, 0x0829, 0x1029, 0x1029, 0x1029, 0x1029,
  0x1029, 0x1029, 0x1029, 0x1029, 0x057D, 0x057F, 0x06FF, 0x0373, 0x0000, 0x0000, 0x0103, 0x02BB,
  0x003C, 0x01DF, 0x02DF, 0x00BB, 0x535A, 0xFFDD, 0xEF7D, 0xF7BD, 0x959A, 0x7370, 0x73CF, 0x5BB2,
  0x430F, 0xA597, 0x8CF5, 0x5B91, 0xAD97, 0xDF1C, 0xFFDE, 0xC67A, 0xE638, 0x05DC, 0x057F, 0x059E,
  0x059E, 0x059E, 0x059E, 0x059E, 0x059E, 0x059E, 0x059E, 0x059E, 0x059E, 0x059E, 0x059E, 0x059E,
  0x059E, 0x059E, 0x06BF, 0x02F0, 0x0000, 0x0000, 0x0000, 0x0000, 0x0000, 0x0861, 0x0000, 0x0000,
  0x0000, 0x0000, 0x0000, 0x0000, 0x0000, 0x0000, 0x0000, 0x0020, 0x2105, 0x0862, 0x0000, 0x0000,
  0x0000, 0x0000, 0x0000, 0x9D15, 0x632D, 0xA535, 0xFFFF, 0xF7BF, 0x4A49, 0x0000, 0x0000, 0x0000,
  0x0841, 0x0000, 0x0000, 0x0000, 0x0000, 0x0372, 0x069F, 0x059E, 0x059E, 0x059E, 0x059E, 0x059E,
  0x059E, 0x059E, 0x059E, 0x059D, 0x4073, 0x4073, 0x4053, 0x4053, 0x4073, 0x4073, 0x4073, 0x4073,
  0x4072, 0x4073, 0x4053, 0x4073, 0x4073, 0x4073, 0x4073, 0x4053, 0x4073, 0x4073, 0x4073, 0x4073,
  0x4073, 0x4073, 0x4053, 0x4073, 0x4053, 0x4073, 0x4073, 0x4073, 0x4072, 0x100A, 0x0006, 0x0006,
  0x0006, 0x0006, 0x0006, 0x0006, 0x0006, 0x0006, 0x0006, 0x0006, 0x0006, 0x0006, 0x0006, 0x0006,
  0x0006, 0x0006, 0x0006, 0x0006, 0x0006, 0x0006, 0x0006, 0x0006, 0x0006, 0x0007, 0x0007, 0x0007,
  0x0007, 0x0007, 0x0007, 0x0007, 0x0007, 0x0007, 0x0007, 0x0007, 0x0006, 0x0006, 0x0006, 0x0005,
  0x0005, 0x01EF, 0x01CE, 0x01AD, 0x0231, 0x0232, 0x0252, 0x0252, 0x0252, 0x0252, 0x0252, 0x0252,
  0x0252, 0x0252, 0x0252, 0x0252, 0x0252, 0x0252, 0xFFFF, 0xFFFF, 0xFFFF, 0xFFFF, 0xFFFF, 0xFFFF,
  0xFFFF, 0xFFFF, 0xFFFF, 0xFFFF, 0xFFFF, 0xFFFF, 0xFFFF, 0xFFFF, 0xFFFF, 0xFFFF, 0xFFFF, 0xFFFF,
  0xFFFF, 0xFFFF, 0xFFFF, 0x0294, 0x0294, 0x0294, 0x0294, 0x0294, 0x0006, 0x0007, 0x0007, 0x0007,
  0x0007, 0x0007, 0x0007, 0x0007, 0x0007, 0x0007, 0x0007, 0x0007, 0x0007, 0x0007, 0x0007, 0x0007,
  0x0007, 0x0007, 0x0007, 0x0007, 0x0008, 0x0008, 0x0008, 0x0008, 0x0008, 0x0008, 0x0008, 0x0008,
  0x0008, 0x0008, 0x0008, 0x0008, 0x0008, 0x0008, 0x0008, 0x0008, 0x0008, 0x0008, 0x0008, 0x0008,
  0x0008, 0x0008, 0x0008, 0x0008, 0x0008, 0x0008, 0x0008, 0x0008, 0x0008, 0x0008, 0x0008, 0x0008,
  0x0009, 0x0009, 0x0009, 0x0009, 0x0009, 0x0008, 0x0008, 0x0008, 0x0008, 0x0008, 0x0008, 0x0008,
  0x0008, 0x0008, 0x0008, 0x0008, 0x0008, 0x0008, 0x0008, 0x0008, 0x0008, 0x0008, 0x0008, 0x0008,
  0x0008, 0x0008, 0x0008, 0x0008, 0x0008, 0x0008, 0x0008, 0x0008, 0x0008, 0x0008, 0x0808, 0x0008,
  0x0808, 0x0808, 0x0808, 0x0808, 0x0808, 0x0808, 0x0808, 0x0808, 0x0808, 0x0808, 0x0808, 0x0828,
  0x0829, 0x0829, 0x0829, 0x1029, 0x1029, 0x1029, 0x1029, 0x1029, 0x1029, 0x1029, 0x1029, 0x1049,
  0x055D, 0x059E, 0x05FF, 0x063F, 0x0021, 0x0000, 0xBDB7, 0xDE1C, 0x959E, 0x4BFE, 0x023E, 0x01BE,
  0x009A, 0x9D7A, 0xFFFE, 0xC5B6, 0x3A2A, 0x01EC, 0x432F, 0x6390, 0x7474, 0xE77D, 0x9576, 0x222C,
  0x8CF4, 0xE71B, 0xC659, 0x9556, 0xD617, 0x0519, 0x05DF, 0x059F, 0x059E, 0x059E, 0x059E, 0x059E,
  0x059E, 0x059E, 0x059E, 0x059E, 0x059E, 0x059E, 0x059E, 0x059E, 0x059E, 0x059F, 0x067F, 0x026D,
  0x0000, 0x0000, 0x0000, 0x0000, 0x0020, 0x0020, 0x0000, 0x0000, 0x0000, 0x0000, 0x0000, 0x0000,
  0x0000, 0x0000, 0x1082, 0x2124, 0x0021, 0x0000, 0x0000, 0x0000, 0x0000, 0x0000, 0x0020, 0x632D,
  0x6B4E, 0xCE5A, 0x9CF4, 0xDEBA, 0x9CB3, 0x0000, 0x0000, 0x0000, 0x0020, 0x0000, 0x0000, 0x0000,
  0x0000, 0x0415, 0x067F, 0x059E, 0x059E, 0x059E, 0x059E, 0x059E, 0x059E, 0x059E, 0x059E, 0x059D,
  0x4073, 0x4053, 0x4053, 0x4053, 0x4073, 0x4073, 0x4073, 0x4073, 0x4073, 0x4053, 0x4073, 0x4073,
  0x4053, 0x4073, 0x4073, 0x4073, 0x4073, 0x4053, 0x4073, 0x4073, 0x4073, 0x4073, 0x4073, 0x4073,
  0x4073, 0x4073, 0x4073, 0x4073, 0x4053, 0x4052, 0x180A, 0x0006, 0x0006, 0x0006, 0x0006, 0x0006,
  0x0006, 0x0006, 0x0006, 0x0006, 0x0006, 0x0006, 0x0006, 0x0006, 0x0006, 0x0006, 0x0006, 0x0006,
  0x0006, 0x0006, 0x0006, 0x0006, 0x0006, 0x0006, 0x0006, 0x0007, 0x0007, 0x0007, 0x0007, 0x0007,
  0x0007, 0x0007, 0x0007, 0x0007, 0x0006, 0x0006, 0x0005, 0x0005, 0x0005, 0x01EF, 0x01CE, 0x01AD,
  0x0231, 0x0231, 0x0232, 0x0232, 0x0252, 0x0252, 0x0252, 0x0252, 0x0252, 0x0252, 0x0252, 0x0252,
  0x0252, 0x0252, 0xFFFF, 0xFFFF, 0xFFFF, 0xFFFF, 0xFFFF, 0xFFFF, 0xFFFF, 0xFFFF, 0xFFFF, 0xFFFF,
  0xFFFF, 0xFFFF, 0xFFFF, 0xFFFF, 0xFFFF, 0xFFFF, 0xFFFF, 0xFFFF, 0xFFFF, 0xFFFF, 0xFFFF, 0x0294,
  0x0294, 0x0294, 0x0294, 0x0294, 0x0006, 0x0007, 0x0007, 0x0007, 0x0007, 0x0007, 0x0007, 0x0007,
  0x0007, 0x0007, 0x0007, 0x0007, 0x0007, 0x0007, 0x0007, 0x0007, 0x0007, 0x0007, 0x0008, 0x0007,
  0x0007, 0x0008, 0x0008, 0x0008, 0x0008, 0x0008, 0x0008, 0x0008, 0x0008, 0x0008, 0x0008, 0x0008,
  0x0008, 0x0008, 0x0008, 0x0008, 0x0008, 0x0008, 0x0008, 0x0008, 0x0008, 0x0008, 0x0008, 0x0008,
  0x0008, 0x0008, 0x0008, 0x0008, 0x0008, 0x0008, 0x0008, 0x0008, 0x0008, 0x0008, 0x0008, 0x0008,
  0x0008, 0x0008, 0x0008, 0x0008, 0x0008, 0x0008, 0x0008, 0x0008, 0x0008, 0x0008, 0x0008, 0x0008,
  0x0008, 0x0008, 0x0008, 0x0008, 0x0008, 0x0008, 0x0008, 0x0008, 0x0008, 0x0008, 0x0008, 0x0008,
  0x0008, 0x0008, 0x0008, 0x0008, 0x0008, 0x0808, 0x0808, 0x0008, 0x0808, 0x0808, 0x0808, 0x0808,
  0x0808, 0x0808, 0x0808, 0x0808, 0x0808, 0x0808, 0x0808, 0x0828, 0x0829, 0x0829, 0x0829, 0x1029,
  0x1029, 0x1029, 0x1029, 0x1029, 0x1029, 0x1029, 0x1029, 0x1049, 0x055D, 0x059F, 0x059E, 0x065F,
  0x0495, 0x002C, 0xD6DF, 0xFFFD, 0xFFFE, 0xFFFE, 0xCEDE, 0x335E, 0x009C, 0xCE5C, 0xC512, 0x01CB,
  0x0459, 0x063F, 0x04FB, 0x5B2F, 0x94D5, 0xE77D, 0xB618, 0x84D5, 0x9D97, 0xA597, 0xA597, 0xCEDA,
  0xD6D9, 0x5316, 0x03FD, 0x067F, 0x059F, 0x059E, 0x059E, 0x059E, 0x059E, 0x059E, 0x059E, 0x059E,
  0x059E, 0x059E, 0x059E, 0x059E, 0x059E, 0x05BF, 0x061F, 0x01A9, 0x0000, 0x0000, 0x0000, 0x0000,
  0x0000, 0x0000, 0x0000, 0x0000, 0x0000, 0x0000, 0x0000, 0x0000, 0x0020, 0x1082, 0x1082, 0x0000,
  0x0000, 0x0000, 0x0000, 0x0000, 0x0000, 0x0000, 0x5AEC, 0x6B6E, 0x10A2, 0x1000, 0x0000, 0x10A4,
  0x52CB, 0x0000, 0x0000, 0x0000, 0x0000, 0x0000, 0x0000, 0x0000, 0x0000, 0x04FB, 0x063F, 0x059F,
  0x059E, 0x059E, 0x059E, 0x059E, 0x059E, 0x059E, 0x059E, 0x059D, 0x4073, 0x4073, 0x4073, 0x4073,
  0x4073, 0x4053, 0x4053, 0x4053, 0x4073, 0x4073, 0x4073, 0x4073, 0x4053, 0x4053, 0x4073, 0x4073,
  0x4073, 0x4073, 0x4073, 0x4053, 0x4053, 0x4073, 0x4073, 0x4073, 0x4073, 0x4073, 0x4073, 0x4053,
  0x4073, 0x4053, 0x4052, 0x100A, 0x0006, 0x0006, 0x0006, 0x0006, 0x0006, 0x0006, 0x0006, 0x0006,
  0x0006, 0x0006, 0x0006, 0x0006, 0x0006, 0x0006, 0x0006, 0x0006, 0x0006, 0x0006, 0x0006, 0x0006,
  0x0006, 0x0006, 0x0007, 0x0006, 0x0007, 0x0007, 0x0007, 0x0007, 0x0007, 0x0007, 0x0006, 0x0006,
  0x0006, 0x0006, 0x0005, 0x0005, 0x0004, 0x01CF, 0x01CE, 0x01AD, 0x0231, 0x0231, 0x0231, 0x0231,
  0x0232, 0x0252, 0x0252, 0x0252, 0x0252, 0x0252, 0x0252, 0x0252, 0x0252, 0x0252, 0xFFFF, 0xFFFF,
  0xFFFF, 0xFFFF, 0xFFFF, 0xFFFF, 0xFFFF, 0xFFFF, 0xFFFF, 0xFFFF, 0xFFFF, 0xFFFF, 0xFFFF, 0xFFFF,
  0xFFFF, 0xFFFF, 0xFFFF, 0xFFFF, 0xFFFF, 0xFFFF, 0xFFFF, 0x0294, 0x0294, 0x0294, 0x0294, 0x0294,
  0x0007, 0x0007, 0x0007, 0x0007, 0x0007, 0x0007, 0x0007, 0x0007, 0x0007, 0x0007, 0x0007, 0x0007,
  0x0007, 0x0007, 0x0007, 0x0007, 0x0007, 0x0007, 0x0008, 0x0007, 0x0007, 0x0008, 0x0008, 0x0008,
  0x0008, 0x0008, 0x0808, 0x0808, 0x0008, 0x0808, 0x0808, 0x0008, 0x0008, 0x0008, 0x0808, 0x0008,
  0x0008, 0x0008, 0x0008, 0x0008, 0x0008, 0x0008, 0x0008, 0x0008, 0x0008, 0x0008, 0x0008, 0x0008,
  0x0008, 0x0008, 0x0008, 0x0008, 0x0008, 0x0008, 0x0008, 0x0008, 0x0008, 0x0008, 0x0008, 0x0008,
  0x0008, 0x0008, 0x0008, 0x0008, 0x0008, 0x0008, 0x0008, 0x0008, 0x0008, 0x0008, 0x0008, 0x0008,
  0x0008, 0x0008, 0x0008, 0x0008, 0x0008, 0x0008, 0x0008, 0x0008, 0x0008, 0x0008, 0x0008, 0x0008,
  0x0008, 0x0808, 0x0808, 0x0808, 0x0808, 0x0808, 0x0808, 0x0808, 0x0808, 0x0808, 0x0808, 0x0808,
  0x0808, 0x0808, 0x0828, 0x0828, 0x0829, 0x0829, 0x1029, 0x1029, 0x1029, 0x1029, 0x1029, 0x1029,
  0x1029, 0x1029, 0x1029, 0x1049, 0x055D, 0x059F, 0x059E, 0x05DF, 0x059F, 0x029D, 0xAD3C, 0xC67B,
  0xD6BD, 0xFFFF, 0xFFFF, 0xCEDD, 0x8C78, 0x8C0E, 0x024E, 0x057D, 0x065F, 0x05BF, 0x05FF, 0x0475,
  0x736E, 0xB5F9, 0xBE39, 0x9D97, 0x8CD5, 0xC65A, 0xDF5D, 0xB639, 0xBE76, 0x945B, 0x0099, 0x05BD,
  0x061F, 0x059F, 0x059E, 0x059E, 0x059E, 0x059E, 0x059E, 0x059E, 0x059E, 0x059E, 0x059E, 0x059E,
  0x059E, 0x05BF, 0x05FF, 0x01EA, 0x0000, 0x0000, 0x0000, 0x0000, 0x0000, 0x0000, 0x0000, 0x0000,
  0x0000, 0x0000, 0x0000, 0x0000, 0x0020, 0x0000, 0x0000, 0x0000, 0x0000, 0x0000, 0x0000, 0x0000,
  0x0000, 0x0841, 0xE71D, 0x8431, 0x0000, 0x0005, 0x024F, 0x1352, 0x7BAF, 0x0000, 0x0000, 0x0000,
  0x0000, 0x0000, 0x0001, 0x0000, 0x018A, 0x063F, 0x05BF, 0x059F, 0x059E, 0x059E, 0x059E, 0x059E,
  0x059E, 0x059E, 0x059E, 0x059D, 0x4053, 0x4073, 0x4073, 0x4073, 0x4073, 0x4073, 0x4073, 0x4053,
  0x4073, 0x4073, 0x4073, 0x4053, 0x4053, 0x4053, 0x4073, 0x4073, 0x4073, 0x4053, 0x4073, 0x4053,
  0x4053, 0x4053, 0x4053, 0x4073, 0x4073, 0x4073, 0x4073, 0x4073, 0x4073, 0x4073, 0x4073, 0x4052,
  0x1009, 0x0006, 0x0006, 0x0006, 0x0006, 0x0006, 0x0006, 0x0006, 0x0006, 0x0006, 0x0006, 0x0006,
  0x0006, 0x0006, 0x0006, 0x0006, 0x0006, 0x0006, 0x0006, 0x0006, 0x0006, 0x0006, 0x0006, 0x0006,
  0x0007, 0x0006, 0x0007, 0x0007, 0x0007, 0x0007, 0x0006, 0x0006, 0x0006, 0x0006, 0x0005, 0x0005,
  0x0004, 0x01CF, 0x01CE, 0x018D, 0x0231, 0x0231, 0x0231, 0x0231, 0x0231, 0x0251, 0x0232, 0x0252,
  0x0252, 0x0252, 0x0252, 0x0252, 0x0252, 0x0252, 0xFFFF, 0xFFFF, 0xFFFF, 0xFFFF, 0xFFFF, 0xFFFF,
  0xFFFF, 0xFFFF, 0xFFFF, 0xFFFF, 0xFFFF, 0xFFFF, 0xFFFF, 0xFFFF, 0xFFFF, 0xFFFF, 0xFFFF, 0xFFFF,
  0xFFFF, 0xFFFF, 0xFFFF, 0x0294, 0x0294, 0x0294, 0x0294, 0x0294, 0x0007, 0x0007, 0x0007, 0x0007,
  0x0007, 0x0007, 0x0007, 0x0007, 0x0007, 0x0007, 0x0007, 0x0807, 0x0007, 0x0807, 0x0007, 0x0007,
  0x0007, 0x0007, 0x0008, 0x0007, 0x0008, 0x0808, 0x0808, 0x0808, 0x0808, 0x0808, 0x0808, 0x0808,
  0x0008, 0x0808, 0x0808, 0x0808, 0x0008, 0x0008, 0x0008, 0x0808, 0x0008, 0x0008, 0x0008, 0x0008,
  0x0008, 0x0008, 0x0008, 0x0008, 0x0008, 0x0008, 0x0008, 0x0008, 0x0008, 0x0008, 0x0008, 0x0008,
  0x0008, 0x0008, 0x0008, 0x0008, 0x0008, 0x0008, 0x0008, 0x0008, 0x0008, 0x0008, 0x0008, 0x0008,
  0x0008, 0x0008, 0x0008, 0x0008, 0x0008, 0x0008, 0x0008, 0x0008, 0x0008, 0x0008, 0x0008, 0x0008,
  0x0008, 0x0008, 0x0008, 0x0008, 0x0008, 0x0008, 0x0008, 0x0008, 0x0008, 0x0808, 0x0808, 0x0808,
  0x0808, 0x0808, 0x0808, 0x0808, 0x0808, 0x0808, 0x0808, 0x0828, 0x0828, 0x0808, 0x0828, 0x0829,
  0x0829, 0x0829, 0x1029, 0x1029, 0x1029, 0x1029, 0x1029, 0x1029, 0x1029, 0x1029, 0x1029, 0x1049,
  0x055D, 0x059F, 0x059E, 0x057F, 0x05DE, 0xBD98, 0x8CD6, 0x9D38, 0x8C9A, 0xAD9C, 0xF7BD, 0xFFFF,
  0x8D94, 0x0335, 0x05FF, 0x05FF, 0x059E, 0x057E, 0x067F, 0x047E, 0x294F, 0x4B2D, 0xADF8, 0xE77D,
  0xBE39, 0xD71C, 0xE75D, 0x94F5, 0xD739, 0x9D9C, 0x0019, 0x027A, 0x065F, 0x05BF, 0x059E, 0x059E,
  0x059E, 0x059E, 0x059E, 0x059E, 0x059E, 0x059E, 0x059E, 0x059E, 0x059E, 0x05BF, 0x05FF, 0x022C,
  0x0000, 0x0000, 0x0000, 0x0000, 0x0000, 0x0000, 0x0000, 0x0000, 0x0000, 0x0000, 0x0000, 0x0000,
  0x0000, 0x0000, 0x0000, 0x0000, 0x0000, 0x0000, 0x0000, 0x0000, 0x0000, 0x8C51, 0xFFFF, 0xC5F8,
  0xAD14, 0x016E, 0x0213, 0xBEFE, 0x83EF, 0x0000, 0x0000, 0x0000, 0x0001, 0x0000, 0x0824, 0x0800,
  0x03D4, 0x069F, 0x059E, 0x059E, 0x059E, 0x059E, 0x059E, 0x059E, 0x059E, 0x059E, 0x059E, 0x059D,
  0x4053, 0x4053, 0x4073, 0x4053, 0x4073, 0x4073, 0x4073, 0x4073, 0x4053, 0x4073, 0x4073, 0x4053,
  0x4053, 0x4073, 0x4073, 0x4053, 0x4073, 0x4073, 0x4053, 0x4073, 0x4073, 0x4053, 0x4073, 0x4053,
  0x4073, 0x4073, 0x4053, 0x4073, 0x4073, 0x4073, 0x4073, 0x4053, 0x4052, 0x0808, 0x0006, 0x0006,
  0x0006, 0x0006, 0x0006, 0x0006, 0x0006, 0x0006, 0x0006, 0x0006, 0x0006, 0x0006, 0x0006, 0x0006,
  0x0006, 0x0006, 0x0006, 0x0006, 0x0006, 0x0006, 0x0006, 0x0006, 0x0006, 0x0007, 0x0006, 0x0007,
  0x0007, 0x0007, 0x0006, 0x0006, 0x0006, 0x0006, 0x0005, 0x0005, 0x0004, 0x01CF, 0x01AE, 0x018D,
  0x0231, 0x0231, 0x0231, 0x0231, 0x0231, 0x0231, 0x0231, 0x0252, 0x0232, 0x0252, 0x0252, 0x0252,
  0x0252, 0x0252, 0xFFFF, 0xFFFF, 0xFFFF, 0xFFFF, 0xFFFF, 0xFFFF, 0xFFFF, 0xFFFF, 0xFFFF, 0xFFFF,
  0xFFFF, 0xFFFF, 0xFFFF, 0xFFFF, 0xFFFF, 0xFFFF, 0xFFFF, 0xFFFF, 0xFFFF, 0xFFFF, 0xFFFF, 0x0294,
  0x0294, 0x0294, 0x0294, 0x0294, 0x0007, 0x0007, 0x0007, 0x0007, 0x0007, 0x0007, 0x0007, 0x0007,
  0x0807, 0x0807, 0x0007, 0x0007, 0x0007, 0x0807, 0x0007, 0x0007, 0x0807, 0x0807, 0x0808, 0x0807,
  0x0808, 0x0808, 0x0808, 0x0808, 0x0808, 0x0808, 0x0808, 0x0808, 0x0808, 0x0008, 0x0808, 0x0808,
  0x0808, 0x0008, 0x0008, 0x0008, 0x0808, 0x0008, 0x0008, 0x0008, 0x0008, 0x0008, 0x0008, 0x0008,
  0x0008, 0x0008, 0x0008, 0x0008, 0x0008, 0x0008, 0x0008, 0x0008, 0x0008, 0x0008, 0x0008, 0x0008,
  0x0008, 0x0008, 0x0008, 0x0008, 0x0008, 0x0008, 0x0008, 0x0008, 0x0008, 0x0008, 0x0008, 0x0008,
  0x0008, 0x0008, 0x0008, 0x0008, 0x0008, 0x0008, 0x0008, 0x0008, 0x0008, 0x0008, 0x0008, 0x0008,
  0x0008, 0x0008, 0x0008, 0x0008, 0x0808, 0x0808, 0x0808, 0x0808, 0x0808, 0x0808, 0x0808, 0x0808,
  0x0808, 0x0808, 0x0808, 0x0828, 0x0828, 0x0828, 0x0828, 0x0829, 0x0829, 0x1029, 0x1029, 0x1029,
  0x1029, 0x1029, 0x1029, 0x1029, 0x1029, 0x1029, 0x1049, 0x1049, 0x055D, 0x059F, 0x059E, 0x05BF,
  0x055B, 0xB573, 0xCEBA, 0xDF1B, 0xD6FA, 0x7C58, 0xBE5E, 0xF6B9, 0x02B0, 0x061F, 0x05BF, 0x059E,
  0x057F, 0x05FF, 0x061E, 0x01FD, 0x08D8, 0x328B, 0x42CD, 0x9D77, 0xDF5D, 0xBE38, 0x6C12, 0xADB8,
  0xFFFD, 0x951B, 0x003A, 0x08B9, 0x045D, 0x063F, 0x059E, 0x059E, 0x059E, 0x059E, 0x059E, 0x059E,
  0x059E, 0x059E, 0x059E, 0x059E, 0x059E, 0x059F, 0x067F, 0x02F0, 0x0800, 0x0000, 0x0000, 0x0000,
  0x0000, 0x0000, 0x0000, 0x0000, 0x0000, 0x0000, 0x0000, 0x0000, 0x0000, 0x0000, 0x0000, 0x0000,
  0x0000, 0x0000, 0x0000, 0x0000, 0x4208, 0xFFFF, 0xEF9E, 0xE73D, 0xFFDF, 0x9D77, 0x7B91, 0x9472,
  0x18C3, 0x0000, 0x0000, 0x0000, 0x0000, 0x0864, 0x3967, 0x1002, 0x04FB, 0x061F, 0x059E, 0x059E,
  0x059E, 0x059E, 0x059E, 0x059E, 0x059E, 0x059E, 0x059E, 0x059D, 0x4073, 0x4073, 0x4073, 0x4073,
  0x4073, 0x4073, 0x4073, 0x4073, 0x4073, 0x4073, 0x4073, 0x4073, 0x4073, 0x4073, 0x4073, 0x4073,
  0x4073, 0x4053, 0x4073, 0x4053, 0x4073, 0x4073, 0x4053, 0x4073, 0x4053, 0x4053, 0x4073, 0x4073,
  0x4073, 0x4053, 0x4073, 0x4053, 0x4073, 0x3850, 0x0006, 0x0006, 0x0006, 0x0006, 0x0006, 0x0006,
  0x0006, 0x0006, 0x0006, 0x0006, 0x0006, 0x0006, 0x0006, 0x0006, 0x0006, 0x0006, 0x0006, 0x0006,
  0x0006, 0x0006, 0x0006, 0x0006, 0x0006, 0x0006, 0x0006, 0x0006, 0x0006, 0x0006, 0x0006, 0x0006,
  0x0006, 0x0005, 0x0005, 0x0005, 0x0004, 0x01CE, 0x01AE, 0x018D, 0x0231, 0x0231, 0x0231, 0x0231,
  0x0231, 0x0231, 0x0231, 0x0231, 0x0231, 0x0252, 0x0252, 0x0252, 0x0252, 0x0252, 0xFFFF, 0xFFFF,
  0xFFFF, 0xFFFF, 0xFFFF, 0xFFFF, 0xFFFF, 0xFFFF, 0xFFFF, 0xFFFF, 0xFFFF, 0xFFFF, 0xFFFF, 0xFFFF,
  0xFFFF, 0xFFFF, 0xFFFF, 0xFFFF, 0xFFFF, 0xFFFF, 0xFFFF, 0x0294, 0x0294, 0x0294, 0x0294, 0x0294,
  0x0007, 0x0007, 0x0007, 0x0007, 0x0007, 0x0007, 0x0807, 0x0807, 0x0807, 0x0807, 0x0807, 0x0007,
  0x0027, 0x0827, 0x0027, 0x0027, 0x0027, 0x0807, 0x0028, 0x0028, 0x0808, 0x0028, 0x0028, 0x0808,
  0x0808, 0x0028, 0x0808, 0x0808, 0x0808, 0x0008, 0x0028, 0x0808, 0x0808, 0x0808, 0x0008, 0x0008,
  0x0008, 0x0808, 0x0808, 0x0008, 0x0008, 0x0008, 0x0008, 0x0008, 0x0008, 0x0008, 0x0008, 0x0008,
  0x0008, 0x0008, 0x0008, 0x0008, 0x0008, 0x0008, 0x0008, 0x0008, 0x0008, 0x0008, 0x0008, 0x0008,
  0x0008, 0x0008, 0x0008, 0x0008, 0x0008, 0x0008, 0x0008, 0x0008, 0x0008, 0x0008, 0x0008, 0x0008,
  0x0008, 0x0008, 0x0008, 0x0008, 0x0008, 0x0008, 0x0008, 0x0008, 0x0008, 0x0008, 0x0008, 0x0008,
  0x0808, 0x0808, 0x0008, 0x0808, 0x0808, 0x0808, 0x0808, 0x0808, 0x0808, 0x0808, 0x0828, 0x0828,
  0x0828, 0x0828, 0x0828, 0x0829, 0x0829, 0x1029, 0x1029, 0x1029, 0x1029, 0x1029, 0x1029, 0x1029,
  0x1029, 0x1029, 0x1049, 0x104A, 0x055D, 0x059F, 0x05BE, 0x05DF, 0x03D4, 0xB555, 0xEF9D, 0xDF5D,
  0xCEBB, 0xC699, 0xB63B, 0x52EE, 0x0024, 0x04D9, 0x061F, 0x059F, 0x05BF, 0x05DF, 0x029B, 0x009A,
  0x017B, 0x4B52, 0x536E, 0x3AAE, 0x6BF1, 0x21EA, 0x4B0E, 0xE75D, 0xF79B, 0xA57B, 0x00B9, 0x00D9,
  0x02DD, 0x061F, 0x059E, 0x059E, 0x059E, 0x059E, 0x059E, 0x059E, 0x059E, 0x059E, 0x059E, 0x059E,
  0x059E, 0x059E, 0x061F, 0x051B, 0x01AA, 0x0000, 0x0000, 0x0000, 0x0000, 0x0000, 0x0000, 0x0000,
  0x0000, 0x0000, 0x0000, 0x0000, 0x0000, 0x1082, 0x10A2, 0x0000, 0x0000, 0x0000, 0x0000, 0x0000,
  0xEF5D, 0xFFFF, 0xE73D, 0xEF9E, 0xE71C, 0xEF3D, 0xE6FB, 0xAD55, 0x0000, 0x0000, 0x0000, 0x0000,
  0x0000, 0x6B2E, 0x3947, 0x024E, 0x061F, 0x059F, 0x059E, 0x059E, 0x059E, 0x059E, 0x059E, 0x059E,
  0x059E, 0x059E, 0x059E, 0x059D, 0x4073, 0x4073, 0x4073, 0x4073, 0x4053, 0x4053, 0x4073, 0x4053,
  0x4073, 0x4073, 0x4073, 0x4073, 0x4053, 0x4053, 0x4073, 0x4073, 0x4053, 0x4073, 0x4053, 0x4073,
  0x4053, 0x4053, 0x4073, 0x4073, 0x4073, 0x4073, 0x4053, 0x4073, 0x4073, 0x4073, 0x4073, 0x4073,
  0x4053, 0x4073, 0x282E, 0x0006, 0x0006, 0x0006, 0x0006, 0x0006, 0x0006, 0x0006, 0x0006, 0x0006,
  0x0006, 0x0006, 0x0006, 0x0006, 0x0006, 0x0006, 0x0006, 0x0006, 0x0006, 0x0006, 0x0006, 0x0006,
  0x0006, 0x0006, 0x0006, 0x0006, 0x0007, 0x0006, 0x0006, 0x0006, 0x0006, 0x0005, 0x0005, 0x0005,
  0x0004, 0x01CE, 0x01AD, 0x018D, 0x0231, 0x0231, 0x0231, 0x0231, 0x0231, 0x0231, 0x0231, 0x0231,
  0x0231, 0x0231, 0x0232, 0x0232, 0x0252, 0x0252, 0xFFFF, 0xFFFF, 0xFFFF, 0xFFFF, 0xFFFF, 0xFFFF,
  0xFFFF, 0xFFFF, 0xFFFF, 0xFFFF, 0xFFFF, 0xFFFF, 0xFFFF, 0xFFFF, 0xFFFF, 0xFFFF, 0xFFFF, 0xFFFF,
  0xFFFF, 0xFFFF, 0xFFFF, 0x0273, 0x0293, 0x0294, 0x0294, 0x0294, 0x0007, 0x0007, 0x0007, 0x0807,
  0x0807, 0x0807, 0x0807, 0x0807, 0x0027, 0x0027, 0x0027, 0x0827, 0x0027, 0x0827, 0x0027, 0x0027,
  0x0027, 0x0807, 0x0028, 0x0028, 0x0808, 0x0828, 0x0828, 0x0808, 0x0808, 0x0808, 0x0828, 0x0808,
  0x0808, 0x0808, 0x0808, 0x0828, 0x0808, 0x0808, 0x0808, 0x0808, 0x0808, 0x0008, 0x0008, 0x0808,
  0x0808, 0x0008, 0x0008, 0x0008, 0x0008, 0x0008, 0x0008, 0x0008, 0x0008, 0x0008, 0x0008, 0x0008,
  0x0008, 0x0008, 0x0008, 0x0008, 0x0008, 0x0008, 0x0008, 0x0008, 0x0008, 0x0008, 0x0008, 0x0008,
  0x0008, 0x0008, 0x0008, 0x0008, 0x0008, 0x0008, 0x0008, 0x0008, 0x0008, 0x0008, 0x0008, 0x0008,
  0x0008, 0x0008, 0x0008, 0x0008, 0x0008, 0x0008, 0x0008, 0x0008, 0x0808, 0x0808, 0x0808, 0x0808,
  0x0808, 0x0808, 0x0808, 0x0808, 0x0808, 0x0808, 0x0828, 0x0828, 0x0828, 0x0828, 0x0828, 0x0829,
  0x1029, 0x1029, 0x1029, 0x1029, 0x1029, 0x1029, 0x1029, 0x1029, 0x1029, 0x1029, 0x104A, 0x104A,
  0x055D, 0x059E, 0x063F, 0x053C, 0x736F, 0xB5F8, 0xDF3C, 0xCEFB, 0xCE9B, 0xE77D, 0x63D0, 0x0086,
  0x28C5, 0x02EF, 0x061F, 0x05BF, 0x061F, 0x049D, 0x10D9, 0x017B, 0x0095, 0x222F, 0x7472, 0x5BB1,
  0x3AAE, 0x5BB1, 0xE75D, 0xE73C, 0xEF5B, 0xADFA, 0x00D8, 0x017B, 0x1A5E, 0x04FE, 0x061F, 0x059E,
  0x059E, 0x059E, 0x059E, 0x059E, 0x059E, 0x059E, 0x059E, 0x059E, 0x059E, 0x059F, 0x057E, 0x065F,
  0x057D, 0x00A4, 0x0000, 0x0000, 0x0000, 0x0000, 0x0000, 0x0000, 0x0000, 0x0000, 0x0000, 0x0000,
  0x0000, 0x4228, 0x31C7, 0x0000, 0x0000, 0x0000, 0x10A3, 0x7BD0, 0xFFDF, 0xEF7D, 0xE75D, 0xEF5D,
  0xEF5D, 0xEF7D, 0xFFFF, 0xBDD7, 0x18E4, 0x39C7, 0x0000, 0x0000, 0x10A6, 0x49A7, 0x01AA, 0x055B,
  0x061F, 0x059E, 0x059E, 0x059E, 0x059E, 0x059E, 0x059E, 0x059E, 0x059E, 0x059E, 0x059E, 0x059D,
  0x4073, 0x4073, 0x4073, 0x4073, 0x4073, 0x4053, 0x4073, 0x4073, 0x4073, 0x4073, 0x4073, 0x4073,
  0x4053, 0x4073, 0x4073, 0x4073, 0x4073, 0x4073, 0x4073, 0x4073, 0x4053, 0x4073, 0x4073, 0x4053,
  0x4073, 0x4053, 0x4053, 0x4073, 0x4053, 0x4073, 0x4073, 0x4073, 0x4073, 0x4073, 0x4073, 0x180A,
  0x0006, 0x0006, 0x0006, 0x0006, 0x0006, 0x0006, 0x0006, 0x0006, 0x0006, 0x0006, 0x0006, 0x0006,
  0x0006, 0x0006, 0x0006, 0x0006, 0x0006, 0x0006, 0x0006, 0x0006, 0x0006, 0x0006, 0x0006, 0x0006,
  0x0006, 0x0006, 0x0006, 0x0006, 0x0006, 0x0005, 0x0005, 0x0005, 0x0004, 0x01CE, 0x01AD, 0x018D,
  0x0231, 0x0231, 0x0231, 0x0231, 0x0231, 0x0231, 0x0231, 0x0231, 0x0231, 0x0231, 0x0231, 0x0252,
  0x0252, 0x0252, 0xFFFF, 0xFFFF, 0xFFFF, 0xFFFF, 0xFFFF, 0xFFFF, 0xFFFF, 0xFFFF, 0xFFFF, 0xFFFF,
  0xFFFF, 0xFFFF, 0xFFFF, 0xFFFF, 0xFFFF, 0xFFFF, 0xFFFF, 0xFFFF, 0xFFFF, 0xFFFF, 0xFFFF, 0x0273,
  0x0273, 0x0273, 0x0274, 0x0294, 0x0007, 0x0807, 0x0807, 0x0807, 0x0027, 0x0027, 0x0027, 0x0827,
  0x0827, 0x0827, 0x0027, 0x0827, 0x0027, 0x0027, 0x0807, 0x0827, 0x0827, 0x0828, 0x0828, 0x0828,
  0x0828, 0x0828, 0x0828, 0x0828, 0x0828, 0x0828, 0x0828, 0x0828, 0x0808, 0x0808, 0x0808, 0x0808,
  0x0808, 0x0808, 0x0808, 0x0808, 0x0808, 0x0808, 0x0808, 0x0808, 0x0808, 0x0808, 0x0808, 0x0808,
  0x0008, 0x0008, 0x0008, 0x0008, 0x0008, 0x0008, 0x0008, 0x0008, 0x0008, 0x0008, 0x0008, 0x0008,
  0x0008, 0x0008, 0x0008, 0x0008, 0x0008, 0x0008, 0x0008, 0x0008, 0x0008, 0x0008, 0x0008, 0x0008,
  0x0008, 0x0008, 0x0008, 0x0008, 0x0008, 0x0008, 0x0008, 0x0008, 0x0008, 0x0008, 0x0008, 0x0008,
  0x0008, 0x0008, 0x0008, 0x0808, 0x0808, 0x0808, 0x0808, 0x0808, 0x0808, 0x0808, 0x0808, 0x0808,
  0x0808, 0x0828, 0x0828, 0x0828, 0x0828, 0x0828, 0x0829, 0x0829, 0x1029, 0x1029, 0x1029, 0x1029,
  0x1029, 0x1029, 0x1029, 0x1029, 0x1029, 0x1049, 0x104A, 0x184A, 0x057E, 0x063F, 0x057E, 0x1392,
  0x8411, 0xC69A, 0xCEBB, 0xC69A, 0xDF1C, 0x6BB1, 0x0969, 0x2A4C, 0x1148, 0x52AC, 0x057C, 0x059F,
  0x061D, 0x6D1A, 0x015B, 0x0118, 0x0051, 0x098E, 0x63F0, 0x5391, 0x4350, 0xBE7A, 0xFFDE, 0xDEFC,
  0xEF5C, 0xC67A, 0x01D9, 0x01FE, 0x21DE, 0x03DC, 0x065F, 0x059F, 0x059E, 0x059E, 0x059E, 0x059E,
  0x059E, 0x059E, 0x059E, 0x059E, 0x059E, 0x059E, 0x059E, 0x059F, 0x065F, 0x053B, 0x0000, 0x0061,
  0x00A3, 0x0000, 0x0000, 0x0000, 0x0000, 0x0000, 0x0000, 0x0000, 0x0000, 0x5B0C, 0x4249, 0x0000,
  0x0000, 0x2105, 0xC63A, 0xCE7B, 0xD69B, 0xEF9E, 0xEF5D, 0xE73D, 0xE75D, 0xF79E, 0xFFFF, 0xB5B7,
  0x9CF4, 0x39E8, 0x0000, 0x0002, 0x0000, 0x0865, 0x057D, 0x061F, 0x059F, 0x059E, 0x059E, 0x059E,
  0x059E, 0x059E, 0x059E, 0x059E, 0x059E, 0x059E, 0x059E, 0x059D, 0x4073, 0x4073, 0x4053, 0x4053,
  0x4053, 0x4073, 0x4073, 0x4073, 0x4073, 0x4073, 0x4073, 0x4073, 0x4073, 0x4073, 0x4073, 0x4073,
  0x4073, 0x4053, 0x4073, 0x4073, 0x4053, 0x4073, 0x4073, 0x4073, 0x4073, 0x4073, 0x4053, 0x4053,
  0x4073, 0x4073, 0x4053, 0x4073, 0x4053, 0x4073, 0x4053, 0x4052, 0x0807, 0x0006, 0x0006, 0x0006,
  0x0006, 0x0006, 0x0006, 0x0006, 0x0006, 0x0006, 0x0006, 0x0006, 0x0006, 0x0006, 0x0006, 0x0006,
  0x0006, 0x0006, 0x0006, 0x0006, 0x0006, 0x0006, 0x0006, 0x0006, 0x0006, 0x0006, 0x0006, 0x0006,
  0x0006, 0x0005, 0x0005, 0x0005, 0x0004, 0x01CE, 0x01AD, 0x018D, 0x0231, 0x0231, 0x0231, 0x0231,
  0x0231, 0x0231, 0x0231, 0x0231, 0x0231, 0x0231, 0x0231, 0x0231, 0x0231, 0x0232, 0xFFFF, 0xFFFF,
  0xFFFF, 0xFFFF, 0xFFFF, 0xFFFF, 0xFFFF, 0xFFFF, 0xFFFF, 0xFFFF, 0xFFFF, 0xFFFF, 0xFFFF, 0xFFFF,
  0xFFFF, 0xFFFF, 0xFFFF, 0xFFFF, 0xFFFF, 0xFFFF, 0xFFFF, 0x0273, 0x0273, 0x0273, 0x0273, 0x0293,
  0x0807, 0x0027, 0x0027, 0x0027, 0x0827, 0x0827, 0x0827, 0x0827, 0x0827, 0x0027, 0x0827, 0x0827,
  0x0827, 0x0827, 0x0827, 0x0828, 0x0827, 0x0828, 0x0828, 0x0828, 0x0828, 0x0828, 0x0828, 0x0828,
  0x0828, 0x0828, 0x0828, 0x0828, 0x0828, 0x0828, 0x0028, 0x0828, 0x0828, 0x0828, 0x0808, 0x0808,
  0x0808, 0x0808, 0x0808, 0x0808, 0x0808, 0x0808, 0x0808, 0x0808, 0x0808, 0x0808, 0x0808, 0x0808,
  0x0808, 0x0808, 0x0008, 0x0008, 0x0008, 0x0008, 0x0008, 0x0008, 0x0008, 0x0008, 0x0008, 0x0008,
  0x0008, 0x0008, 0x0008, 0x0008, 0x0008, 0x0008, 0x0008, 0x0008, 0x0008, 0x0008, 0x0008, 0x0008,
  0x0008, 0x0008, 0x0008, 0x0008, 0x0008, 0x0008, 0x0008, 0x0008, 0x0008, 0x0008, 0x0008, 0x0808,
  0x0808, 0x0808, 0x0808, 0x0808, 0x0808, 0x0808, 0x0808, 0x0808, 0x0808, 0x0828, 0x0828, 0x0828,
  0x0828, 0x0828, 0x0829, 0x0829, 0x1029, 0x1029, 0x1029, 0x1029, 0x1029, 0x1029, 0x1029, 0x1049,
  0x1049, 0x104A, 0x104A, 0x184A, 0x05DF, 0x04DA, 0x32EE, 0x630E, 0x8515, 0xCEFB, 0xC67A, 0xDF1C,
  0xADD7, 0x0107, 0x19CA, 0x328D, 0x11EA, 0x630D, 0x0C76, 0x05FD, 0xEEF9, 0xBD79, 0x019D, 0x0117,
  0x00B0, 0x4310, 0x536F, 0x7474, 0x6412, 0xA5B7, 0xEF9D, 0xE75D, 0xDF1C, 0xDEF8, 0x4B99, 0x021F,
  0x19BE, 0x031B, 0x069F, 0x05DF, 0x059E, 0x059E, 0x059E, 0x059E, 0x059E, 0x059E, 0x059E, 0x059E,
  0x059E, 0x059E, 0x059E, 0x059E, 0x059F, 0x071F, 0x02F0, 0x00A4, 0x0148, 0x0000, 0x0000, 0x0000,
  0x0000, 0x0000, 0x10A3, 0x0000, 0x0000, 0x634D, 0x9492, 0x0000, 0x0862, 0xB598, 0xF7BF, 0xE75D,
  0xDEFC, 0xE75D, 0xE75C, 0xE73D, 0xEF7E, 0xF7BF, 0xF79E, 0xFFDF, 0x9CF4, 0x0000, 0x0000, 0x0000,
  0x0000, 0x0416, 0x06BF, 0x059F, 0x059E, 0x059E, 0x059E, 0x059E, 0x059E, 0x059E, 0x059E, 0x059E,
  0x059E, 0x059E, 0x059E, 0x059D, 0x4053, 0x4073, 0x4073, 0x4053, 0x4053, 0x4053, 0x4073, 0x4073,
  0x4073, 0x4073, 0x4073, 0x4073, 0x4053, 0x4053, 0x4053, 0x4053, 0x4073, 0x4073, 0x4073, 0x4053,
  0x4053, 0x4073, 0x4073, 0x4073, 0x4073, 0x4073, 0x4073, 0x4073, 0x4053, 0x4073, 0x4073, 0x4073,
  0x4073, 0x4053, 0x4073, 0x4053, 0x282E, 0x0006, 0x0006, 0x0006, 0x0006, 0x0006, 0x0006, 0x0006,
  0x0006, 0x0006, 0x0006, 0x0006, 0x0006, 0x0006, 0x0006, 0x0006, 0x0006, 0x0006, 0x0006, 0x0006,
  0x0006, 0x0006, 0x0006, 0x0006, 0x0006, 0x0006, 0x0006, 0x0006, 0x0006, 0x0005, 0x0005, 0x0005,
  0x0004, 0x01CE, 0x01AD, 0x018C, 0x0231, 0x0231, 0x0231, 0x0231, 0x0231, 0x0231, 0x0231, 0x0231,
  0x0231, 0x0231, 0x0231, 0x0231, 0x0231, 0x0231, 0xFFFF, 0xFFFF, 0xFFFF, 0xFFFF, 0xFFFF, 0xFFFF,
  0xFFFF, 0xFFFF, 0xFFFF, 0xFFFF, 0xFFFF, 0xFFFF, 0xFFFF, 0xFFFF, 0xFFFF, 0xFFFF, 0xFFFF, 0xFFFF,
  0xFFFF, 0xFFFF, 0xFFFF, 0x0273, 0x0273, 0x0273, 0x0273, 0x0273, 0x0027, 0x0027, 0x0827, 0x0827,
  0x0827, 0x0827, 0x0827, 0x0827, 0x0827, 0x0827, 0x0827, 0x0827, 0x0827, 0x0827, 0x0827, 0x0827,
  0x0828, 0x0827, 0x0828, 0x0828, 0x0828, 0x0828, 0x0828, 0x0828, 0x0828, 0x0828, 0x0828, 0x0828,
  0x0828, 0x0828, 0x0828, 0x0828, 0x0828, 0x0828, 0x0828, 0x0828, 0x0028, 0x0028, 0x0808, 0x0808,
  0x0808, 0x0808, 0x0808, 0x0808, 0x0808, 0x0008, 0x0008, 0x0008, 0x0008, 0x0008, 0x0808, 0x0008,
  0x0008, 0x0008, 0x0008, 0x0008, 0x0008, 0x0008, 0x0008, 0x0008, 0x0008, 0x0008, 0x0008, 0x0008,
  0x0008, 0x0008, 0x0008, 0x0008, 0x0008, 0x0008, 0x0008, 0x0008, 0x0008, 0x0008, 0x0008, 0x0008,
  0x0008, 0x0008, 0x0008, 0x0808, 0x0008, 0x0008, 0x0808, 0x0808, 0x0808, 0x0808, 0x0808, 0x0808,
  0x0808, 0x0808, 0x0808, 0x0808, 0x0828, 0x0828, 0x0828, 0x0828, 0x0828, 0x0828, 0x0829, 0x0829,
  0x1029, 0x1029, 0x1029, 0x1029, 0x1029, 0x1029, 0x1049, 0x1049, 0x1049, 0x1049, 0x104A, 0x184A,
  0x0330, 0x3146, 0x630F, 0x5BF2, 0xADF8, 0xD6DB, 0xC69A, 0xE77D, 0x63B0, 0x0106, 0x2A69, 0x19A8,
  0x4B2F, 0x9D97, 0xBE19, 0xE69A, 0xEF5A, 0x7D19, 0x015C, 0x021D, 0x006F, 0x5330, 0x5BB1, 0xB5B8,
  0xC679, 0xA5B8, 0xEF7D, 0xE73C, 0xD6DB, 0xCEB7, 0x3B9B, 0x023F, 0x025E, 0x01FC, 0x039D, 0x059E,
  0x065E, 0x05DE, 0x059F, 0x059F, 0x059E, 0x059E, 0x059E, 0x059E, 0x059E, 0x059E, 0x059E, 0x059E,
  0x059E, 0x05DF, 0x059E, 0x020B, 0x0188, 0x0000, 0x0000, 0x0000, 0x0000, 0x0000, 0x73AE, 0x52AB,
  0x0000, 0x73AE, 0xE6FD, 0x0000, 0x632D, 0xF79F, 0xF7BF, 0xFFFF, 0xEF5E, 0xE71C, 0xE75D, 0xEF7D,
  0xEF9E, 0xEF7E, 0xE75D, 0xFFFF, 0x4228, 0x0000, 0x0000, 0x0000, 0x0148, 0x063F, 0x05BF, 0x059E,
  0x059E, 0x059E, 0x059E, 0x059E, 0x059E, 0x059E, 0x059E, 0x059E, 0x059E, 0x059E, 0x059E, 0x059D,
  0x4073, 0x4073, 0x4073, 0x4053, 0x4053, 0x4073, 0x4053, 0x4073, 0x4073, 0x4073, 0x4073, 0x4073,
  0x4053, 0x4073, 0x4053, 0x4073, 0x4073, 0x4073, 0x4053, 0x4053, 0x4053, 0x4073, 0x4053, 0x4073,
  0x4053, 0x4073, 0x4073, 0x4073, 0x4073, 0x4073, 0x4053, 0x4053, 0x4053, 0x4053, 0x4073, 0x4073,
  0x4073, 0x1009, 0x0006, 0x0006, 0x0006, 0x0006, 0x0006, 0x0006, 0x0006, 0x0006, 0x0006, 0x0006,
  0x0006, 0x0006, 0x0006, 0x0006, 0x0006, 0x0006, 0x0006, 0x0006, 0x0006, 0x0006, 0x0006, 0x0006,
  0x0006, 0x0006, 0x0006, 0x0006, 0x0005, 0x0005, 0x0005, 0x0004, 0x0004, 0x01CE, 0x01AD, 0x018C,
  0x0230, 0x0231, 0x0231, 0x0231, 0x0231, 0x0231, 0x0231, 0x0231, 0x0231, 0x0231, 0x0231, 0x0231,
  0x0231, 0x0231, 0xFFFF, 0xFFFF, 0xFFFF, 0xFFFF, 0xFFFF, 0xFFFF, 0xFFFF, 0xFFFF, 0xFFFF, 0xFFFF,
  0xFFFF, 0xFFFF, 0xFFFF, 0xFFFF, 0xFFFF, 0xFFFF, 0xFFFF, 0xFFFF, 0xFFFF, 0xFFFF, 0xFFFF, 0x0273,
  0x0273, 0x0273, 0x0273, 0x0273, 0x0827, 0x0827, 0x0827, 0x0827, 0x0827, 0x0827, 0x0827, 0x0827,
  0x0827, 0x0827, 0x0827, 0x0827, 0x0827, 0x0827, 0x0828, 0x0827, 0x0828, 0x0827, 0x0828, 0x0828,
  0x0828, 0x0828, 0x0828, 0x0828, 0x0828, 0x0828, 0x0828, 0x0828, 0x0828, 0x0828, 0x0828, 0x0828,
  0x0828, 0x0828, 0x0828, 0x0828, 0x0828, 0x0828, 0x0828, 0x0028, 0x0808, 0x0808, 0x0808, 0x0808,
  0x0808, 0x0808, 0x0808, 0x0008, 0x0008, 0x0008, 0x0808, 0x0808, 0x0008, 0x0008, 0x0008, 0x0008,
  0x0008, 0x0008, 0x0008, 0x0008, 0x0008, 0x0008, 0x0008, 0x0008, 0x0008, 0x0008, 0x0008, 0x0008,
  0x0008, 0x0008, 0x0008, 0x0008, 0x0008, 0x0008, 0x0008, 0x0008, 0x0008, 0x0008, 0x0008, 0x0808,
  0x0008, 0x0008, 0x0808, 0x0808, 0x0808, 0x0808, 0x0808, 0x0808, 0x0808, 0x0808, 0x0808, 0x0808,
  0x0828, 0x0828, 0x0828, 0x0828, 0x0828, 0x0828, 0x0829, 0x1029, 0x1029, 0x1029, 0x1029, 0x1029,
  0x1029, 0x1029, 0x1049, 0x1049, 0x1049, 0x1049, 0x184A, 0x104A, 0x0330, 0x0312, 0x5350, 0x7433,
  0xD6DC, 0xD6DB, 0xC69A, 0xDF5C, 0x5B4E, 0x00EC, 0x1150, 0x6BF4, 0xD71B, 0xD71C, 0xCEBB, 0xC67A,
  0xDF3A, 0x6C79, 0x0079, 0x029F, 0x01FC, 0x21AC, 0x6C31, 0xC67A, 0xD6DB, 0xCEBB, 0xDF7D, 0xCEDB,
  0xDF3A, 0xAE1A, 0x021E, 0x02BF, 0x02BE, 0x01FC, 0x29BD, 0x02DE, 0x047D, 0x05BE, 0x063F, 0x05BF,
  0x059E, 0x059E, 0x059E, 0x059E, 0x059E, 0x059E, 0x059E, 0x059E, 0x059E, 0x057E, 0x063F, 0x053C,
  0x0435, 0x0062, 0x0000, 0x0000, 0x0000, 0x0000, 0x528A, 0xD6BC, 0xA515, 0xAD56, 0xDEDC, 0x9CF4,
  0xB597, 0xE73D, 0xD6BB, 0xE71D, 0xD6BB, 0xE73D, 0xEF7E, 0xEF7D, 0xE75D, 0xE73D, 0xEF9E, 0xDEDC,
  0x0841, 0x0000, 0x0000, 0x02F1, 0x055C, 0x057D, 0x059F, 0x059E, 0x059E, 0x059E, 0x059E, 0x059E,
  0x059E, 0x059E, 0x059E, 0x059E, 0x059E, 0x059E, 0x059E, 0x059D, 0x4073, 0x4073, 0x4073, 0x4073,
  0x4053, 0x4053, 0x4073, 0x4073, 0x4073, 0x4053, 0x4053, 0x4073, 0x4073, 0x4053, 0x4073, 0x4073,
  0x4073, 0x4073, 0x4073, 0x4073, 0x4073, 0x4053, 0x4073, 0x4073, 0x4053, 0x4073, 0x4073, 0x4073,
  0x4073, 0x4073, 0x4073, 0x4073, 0x4073, 0x4073, 0x4053, 0x4053, 0x4053, 0x3850, 0x0006, 0x0006,
  0x0006, 0x0006, 0x0006, 0x0006, 0x0006, 0x0006, 0x0006, 0x0006, 0x0006, 0x0006, 0x0006, 0x0006,
  0x0006, 0x0006, 0x0006, 0x0006, 0x0006, 0x0006, 0x0006, 0x0006, 0x0006, 0x0006, 0x0006, 0x0006,
  0x0005, 0x0005, 0x0005, 0x0004, 0x0004, 0x01CE, 0x01AD, 0x018C, 0x0210, 0x0230, 0x0210, 0x0231,
  0x0231, 0x0231, 0x0231, 0x0231, 0x0231, 0x0231, 0x0231, 0x0231, 0x0231, 0x0231, 0xFFFF, 0xFFFF,
  0xFFDF, 0x94F9, 0x2A73, 0x0110, 0x00AF, 0x00AF, 0x00AF, 0x00AF, 0x00AF, 0x00AF, 0x00AF, 0x00AF,
  0x00AF, 0x0110, 0x2A73, 0x94F9, 0xFFDF, 0xFFFF, 0xFFFF, 0x0273, 0x0273, 0x0273, 0x0273, 0x0273,
  0x0827, 0x0827, 0x0827, 0x0827, 0x0827, 0x0827, 0x0827, 0x0827, 0x0827, 0x0827, 0x0827, 0x0827,
  0x0827, 0x0828, 0x0827, 0x0828, 0x0828, 0x0828, 0x0828, 0x0828, 0x0828, 0x0828, 0x0828, 0x0828,
  0x0828, 0x0828, 0x0828, 0x0828, 0x0828, 0x0828, 0x0828, 0x0828, 0x0828, 0x0828, 0x0828, 0x0828,
  0x0828, 0x0828, 0x0828, 0x0828, 0x0828, 0x0028, 0x0808, 0x0808, 0x0808, 0x0808, 0x0808, 0x0808,
  0x0808, 0x0808, 0x0808, 0x0808, 0x0808, 0x0008, 0x0008, 0x0008, 0x0008, 0x0008, 0x0008, 0x0008,
  0x0008, 0x0008, 0x0008, 0x0008, 0x0008, 0x0008, 0x0008, 0x0008, 0x0008, 0x0008, 0x0008, 0x0008,
  0x0008, 0x0008, 0x0008, 0x0008, 0x0008, 0x0008, 0x0008, 0x0008, 0x0008, 0x0008, 0x0808, 0x0808,
  0x0808, 0x0808, 0x0808, 0x0808, 0x0808, 0x0808, 0x0808, 0x0808, 0x0808, 0x0808, 0x0828, 0x0828,
  0x0828, 0x0828, 0x0829, 0x1029, 0x1029, 0x1029, 0x1029, 0x1029, 0x1029, 0x1029, 0x1049, 0x1049,
  0x1049, 0x104A, 0x184A, 0x184A, 0x035A, 0x4BB3, 0x5390, 0xADF8, 0xE77E, 0xCEDB, 0xCEBB, 0xCEB7,
  0x32D3, 0x0098, 0x0017, 0x5BD9, 0xEFBB, 0xBE5A, 0xBE7A, 0xBE7A, 0xD719, 0x4339, 0x0039, 0x027F,
  0x027F, 0x00AD, 0x7C6F, 0xE79E, 0xBE39, 0xD6DC, 0xDF3D, 0xCEDB, 0xE779, 0x3AF7, 0x009B, 0x025D,
  0x031F, 0x023D, 0x023C, 0x1A7F, 0x29FE, 0x02FD, 0x04FE, 0x05FE, 0x061E, 0x05FE, 0x059F, 0x059E,
  0x059E, 0x059E, 0x059E, 0x059E, 0x059E, 0x059E, 0x059E, 0x061F, 0x069F, 0x0393, 0x0147, 0x0000,
  0x0000, 0x0000, 0x6B6D, 0xF79F, 0xFFFF, 0xE71D, 0xDEFC, 0xF7BF, 0xEF7E, 0xCE7A, 0x9CF5, 0xAD77,
  0xB5B7, 0xEF7E, 0xE75D, 0xE73D, 0xE73D, 0xDF1C, 0xE75D, 0xCE5A, 0x9CD4, 0x40C2, 0x0084, 0x069F,
  0x063F, 0x059E, 0x059F, 0x059E, 0x059E, 0x059E, 0x059E, 0x059E, 0x059E, 0x059E, 0x059E, 0x059E,
  0x059E, 0x059E, 0x059E, 0x059D, 0xFFFF, 0xF79F, 0xEF3E, 0xD61C, 0xB4FA, 0x8B17, 0x50F3, 0x4073,
  0x4073, 0x4073, 0x4053, 0x4073, 0x4073, 0x4073, 0x4073, 0x4073, 0x4073, 0x4073, 0x4053, 0x4073,
  0x4073, 0x4073, 0x4073, 0x4053, 0x4073, 0x4073, 0x4073, 0x4073, 0x4053, 0x4073, 0x4073, 0x4073,
  0x4073, 0x4073, 0x4073, 0x4073, 0x4073, 0x4073, 0x182A, 0x0006, 0x0006, 0x0006, 0x0006, 0x0006,
  0x0006, 0x0006, 0x0006, 0x0006, 0x0006, 0x0006, 0x0006, 0x0006, 0x0006, 0x0006, 0x0006, 0x0006,
  0x0006, 0x0006, 0x0006, 0x0006, 0x0006, 0x0006, 0x0006, 0x0006, 0x0005, 0x0005, 0x0005, 0x0004,
  0x0004, 0x01AE, 0x01AD, 0x018C, 0x0210, 0x0210, 0x0210, 0x0230, 0x0211, 0x0231, 0x0231, 0x0231,
  0x0231, 0x0231, 0x0231, 0x0231, 0x0231, 0x0231, 0xFFFF, 0xE75E, 0x2233, 0x00AF, 0x00AF, 0x00AF,
  0x00AF, 0x00AF, 0x00AF, 0x00AF, 0x00AF, 0x00AF, 0x00AF, 0x00AF, 0x00AF, 0x00AF, 0x00AF, 0x00AF,
  0x2233, 0xE75E, 0xFFFF, 0x0273, 0x0273, 0x0273, 0x0273, 0x0273, 0x0827, 0x0827, 0x0827, 0x0827,
  0x0827, 0x0827, 0x0827, 0x0827, 0x0827, 0x0827, 0x0827, 0x0827, 0x0827, 0x0828, 0x0828, 0x0828,
  0x0828, 0x0828, 0x0828, 0x0828, 0x0828, 0x0828, 0x0828, 0x0828, 0x0828, 0x0828, 0x0828, 0x0828,
  0x0828, 0x0828, 0x0828, 0x0828, 0x0828, 0x0828, 0x0828, 0x0828, 0x0828, 0x0828, 0x0828, 0x0828,
  0x0828, 0x0828, 0x0828, 0x0828, 0x0808, 0x0808, 0x0808, 0x0808, 0x0808, 0x0808, 0x0808, 0x0808,
  0x0808, 0x0808, 0x0008, 0x0008, 0x0808, 0x0808, 0x0808, 0x0008, 0x0008, 0x0008, 0x0008, 0x0008,
  0x0008, 0x0008, 0x0008, 0x0008, 0x0008, 0x0008, 0x0008, 0x0008, 0x0008, 0x0008, 0x0008, 0x0008,
  0x0008, 0x0008, 0x0008, 0x0808, 0x0008, 0x0008, 0x0808, 0x0808, 0x0808, 0x0808, 0x0808, 0x0808,
  0x0808, 0x0808, 0x0808, 0x0808, 0x0808, 0x0828, 0x0828, 0x0828, 0x0828, 0x0829, 0x0829, 0x1029,
  0x1029, 0x1029, 0x1029, 0x1029, 0x1029, 0x1049, 0x1049, 0x1049, 0x1049, 0x104A, 0x104A, 0x184A,
  0x1130, 0x4AED, 0x8CF6, 0xE77D, 0xD71C, 0xBE5A, 0xE75A, 0x5BB8, 0x0016, 0x0015, 0x0015, 0x0177,
  0xC699, 0xBE79, 0xB639, 0xC6B9, 0xBE7A, 0x0099, 0x003B, 0x0179, 0x0014, 0x0015, 0x324E, 0xBE17,
  0xCEFB, 0xC69A, 0xC69B, 0xCE78, 0x5B50, 0x0016, 0x001A, 0x0039, 0x00FB, 0x017D, 0x015C, 0x01DE,
  0x01BE, 0x015E, 0x015D, 0x023E, 0x033E, 0x047E, 0x055E, 0x055E, 0x053E, 0x055F, 0x055E, 0x055E,
  0x055E, 0x055E, 0x055E, 0x053E, 0x059F, 0x051E, 0x055F, 0x0458, 0x0000, 0x0000, 0x528A, 0xFFFF,
  0xDEFC, 0xE71D, 0xE73D, 0xE73D, 0xEF5D, 0xEF7E, 0xDEBB, 0xD69B, 0xEF7E, 0xEF7E, 0xE73D, 0xE71C,
  0xDEFC, 0xDEFC, 0xD6BB, 0xFFFF, 0xB4F3, 0x0045, 0x055E, 0x05BF, 0x055E, 0x055F, 0x053E, 0x055E,
  0x055E, 0x055E, 0x055E, 0x055E, 0x055E, 0x055E, 0x055E, 0x055E, 0x055E, 0x055E, 0x055E, 0x055D,
  0xFFFF, 0xFFFF, 0xFFFF, 0xFFFF, 0xFFFF, 0xFFFF, 0xFFDF, 0xCDBB, 0x7AB6, 0x4073, 0x4073, 0x4073,
  0x4053, 0x4073, 0x4073, 0x4073, 0x4053, 0x4073, 0x4073, 0x4073, 0x4053, 0x4053, 0x4073, 0x4053,
  0x4073, 0x4073, 0x4073, 0x4073, 0x4053, 0x4053, 0x4073, 0x4073, 0x4073, 0x4053, 0x4073, 0x4053,
  0x4073, 0x4073, 0x3850, 0x0006, 0x0006, 0x0006, 0x0006, 0x0006, 0x0006, 0x0006, 0x0006, 0x0006,
  0x0006, 0x0006, 0x0006, 0x0006, 0x0006, 0x0006, 0x0006, 0x0006, 0x0006, 0x0006, 0x0006, 0x0006,
  0x0006, 0x0006, 0x0006, 0x0006, 0x0005, 0x0005, 0x0005, 0x0004, 0x0004, 0x01AE, 0x01AD, 0x018C,
  0x0210, 0x0210, 0x0210, 0x0210, 0x0210, 0x0231, 0x0231, 0x0231, 0x0231, 0x0231, 0x0231, 0x0231,
  0x0231, 0x0231, 0xFFDF, 0x2233, 0x00AF, 0x00AF, 0x00AF, 0x00AF, 0x00AF, 0x00AF, 0x00AF, 0x00AF,
  0x00AF, 0x00AF, 0x00AF, 0x00AF, 0x00AF, 0x00AF, 0x00AF, 0x00AF, 0x00AF, 0x2233, 0xFFDF, 0x0273,
  0x0273, 0x0273, 0x0273, 0x0273, 0x0827, 0x0827, 0x0827, 0x0827, 0x0827, 0x0827, 0x0827, 0x0827,
  0x0827, 0x0827, 0x0827, 0x0827, 0x0828, 0x0828, 0x0828, 0x0828, 0x0828, 0x0828, 0x0828, 0x0828,
  0x0828, 0x0828, 0x0828, 0x0828, 0x0828, 0x0828, 0x0828, 0x0828, 0x0828, 0x0828, 0x0828, 0x0828,
  0x0828, 0x0828, 0x0828, 0x0828, 0x0828, 0x0828, 0x0828, 0x0828, 0x0828, 0x0828, 0x0828, 0x0828,
  0x0828, 0x0828, 0x0808, 0x0828, 0x0828, 0x0828, 0x0028, 0x0808, 0x0808, 0x0808, 0x0808, 0x0008,
  0x0008, 0x0008, 0x0008, 0x0008, 0x0008, 0x0008, 0x0008, 0x0008, 0x0008, 0x0008, 0x0008, 0x0008,
  0x0008, 0x0008, 0x0008, 0x0008, 0x0008, 0x0008, 0x0008, 0x0008, 0x0008, 0x0008, 0x0008, 0x0808,
  0x0008, 0x0008, 0x0808, 0x0808, 0x0808, 0x0808, 0x0808, 0x0808, 0x0808, 0x0808, 0x0808, 0x0808,
  0x0808, 0x0828, 0x0828, 0x0828, 0x0828, 0x0828, 0x0829, 0x1029, 0x1029, 0x1029, 0x1029, 0x1029,
  0x1029, 0x1049, 0x1049, 0x1049, 0x104A, 0x104A, 0x104A, 0x184A, 0x7C74, 0x8CF5, 0xDF1C, 0xF7DF,
  0xDF3D, 0xD6FB, 0xEF5B, 0x6C3C, 0x3A5B, 0x4318, 0x3AF9, 0x4319, 0xC65A, 0xDF3C, 0xCEDB, 0xE77C,
  0xCEBD, 0x32BA, 0x5C3C, 0x9539, 0x3AD7, 0x3AFB, 0x7437, 0x9D12, 0xDF5D, 0xDF1C, 0xDF3C, 0xAD94,
  0x7414, 0x435D, 0x433B, 0x433B, 0x3AFA, 0x53BD, 0x5BFE, 0x5BFE, 0x541E, 0x543E, 0x5BFE, 0x63BE,
  0x637E, 0x5BFE, 0x053E, 0x065E, 0x063E, 0x063E, 0x063E, 0x063E, 0x063E, 0x063E, 0x063E, 0x063E,
  0x063E, 0x065E, 0x067F, 0x075F, 0x05DC, 0x2965, 0x0000, 0x8C93, 0xFFDF, 0xD6BB, 0xDEDB, 0xDEDC,
  0xDEDB, 0xD6BB, 0xC619, 0xA536, 0xC65A, 0xD6BB, 0xDEDC, 0xDEFC, 0xDEDC, 0xD6BB, 0xEF7E, 0xD65A,
  0x3165, 0x0519, 0x071F, 0x063E, 0x063E, 0x063E, 0x063E, 0x063E, 0x063E, 0x063E, 0x063E, 0x063E,
  0x063E, 0x063E, 0x063E, 0x063E, 0x063E, 0x063E, 0x063E, 0x063D, 0xFFFF, 0xFFFF, 0xFFFF, 0xFFFF,
  0xFFFF, 0xFFFF, 0xFFFF, 0xFFFF, 0xFFFF, 0xDE7D, 0x7A56, 0x4073, 0x4073, 0x4073, 0x4073, 0x4073,
  0x4073, 0x4073, 0x4053, 0x4073, 0x4073, 0x4073, 0x4073, 0x4073, 0x4073, 0x4073, 0x4053, 0x4053,
  0x4073, 0x4053, 0x4073, 0x4053, 0x4053, 0x4073, 0x4053, 0x4053, 0x4073, 0x4053, 0x4073, 0x182A,
  0x0006, 0x0006, 0x0006, 0x0006, 0x0006, 0x0006, 0x0006, 0x0006, 0x0006, 0x0006, 0x0006, 0x0006,
  0x0006, 0x0006, 0x0006, 0x0006, 0x0006, 0x0006, 0x0006, 0x0006, 0x0006, 0x0006, 0x0006, 0x0006,
  0x0005, 0x0005, 0x0005, 0x0004, 0x0004, 0x01AE, 0x01AD, 0x018C, 0x0210, 0x0210, 0x0210, 0x0210,
  0x0210, 0x0210, 0x0230, 0x0231, 0x0231, 0x0231, 0x0231, 0x0231, 0x0231, 0x0231, 0x94F9, 0x00AF,
  0x00AF, 0x00AF, 0x00AF, 0x00AF, 0x00AF, 0x00AF, 0x00AF, 0x00AF, 0x00AF, 0x00AF, 0x00AF, 0x00AF,
  0x00AF, 0x00AF, 0x00AF, 0x00AF, 0x00AF, 0x00AF, 0x94F9, 0x0273, 0x0273, 0x0273, 0x0273, 0x0273,
  0x0827, 0x0827, 0x0827, 0x0827, 0x0827, 0x0827, 0x0827, 0x0827, 0x0827, 0x0828, 0x0828, 0x0828,
  0x0828, 0x0828, 0x0828, 0x0828, 0x0828, 0x0828, 0x0828, 0x0828, 0x0828, 0x0828, 0x0828, 0x0828,
  0x0828, 0x0828, 0x0828, 0x0828, 0x0828, 0x0828, 0x0828, 0x0828, 0x0828, 0x0828, 0x0828, 0x0828,
  0x0828, 0x0828, 0x0828, 0x0828, 0x0828, 0x0828, 0x0828, 0x0828, 0x0828, 0x0828, 0x0828, 0x0828,
  0x0808, 0x0808, 0x0828, 0x0808, 0x0808, 0x0808, 0x0808, 0x0808, 0x0008, 0x0008, 0x0808, 0x0808,
  0x0008, 0x0008, 0x0008, 0x0808, 0x0008, 0x0008, 0x0008, 0x0008, 0x0008, 0x0008, 0x0008, 0x0008,
  0x0008, 0x0008, 0x0008, 0x0008, 0x0008, 0x0008, 0x0808, 0x0808, 0x0008, 0x0008, 0x0808, 0x0808,
  0x0808, 0x0808, 0x0808, 0x0808, 0x0808, 0x0808, 0x0808, 0x0808, 0x0828, 0x0828, 0x0828, 0x0828,
  0x0828, 0x0829, 0x0829, 0x1029, 0x1029, 0x1029, 0x1029, 0x1029, 0x1029, 0x1049, 0x1049, 0x1049,
  0x104A, 0x184A, 0x184A, 0x184A, 0xF79E, 0xFFFF, 0xFFFF, 0xFFFF, 0xFFFF, 0xFFFF, 0xFFFF, 0xFFFF,
  0xFFFF, 0xFFFF, 0xFFFF, 0xFFFF, 0xFFFF, 0xFFFF, 0xFFFF, 0xFFFF, 0xFFFF, 0xFFFF, 0xFFFF, 0xFFFF,
  0xFFFF, 0xFFFF, 0xFFFF, 0xFFFF, 0xF7BF, 0xFFFF, 0xFFFF, 0xFFFF, 0xFFFF, 0xFFFF, 0xFFFF, 0xFFFF,
  0xFFFF, 0xFFFE, 0xFFFF, 0xFFFF, 0xFFFF, 0xFFFF, 0xFFFF, 0xFFFF, 0xFFFF, 0xFFFF, 0xFFFE, 0xFFFF,
  0xFFFF, 0xFFFF, 0xFFFF, 0xFFFF, 0xFFFF, 0xFFFF, 0xFFFF, 0xFFFE, 0xFFFE, 0xFFFF, 0xFFFF, 0xFFFF,
  0xFFFF, 0xFFFF, 0x7BAE, 0x0000, 0xADB7, 0xE75E, 0xD69B, 0xD69B, 0xD69B, 0xC65A, 0xB5D8, 0xB5B7,
  0xBE19, 0xCE5A, 0xD69B, 0xD6BB, 0xD69B, 0xE73D, 0xD6DC, 0x39E9, 0xCE79, 0xFFFF, 0xFFFE, 0xFFFF,
  0xFFFF, 0xFFFF, 0xFFFF, 0xFFFF, 0xFFFF, 0xFFFF, 0xFFFF, 0xFFFF, 0xFFFF, 0xFFFF, 0xFFFF, 0xFFFF,
  0xFFFF, 0xFFFF, 0xFFFF, 0xFFDE, 0xFFFF, 0xFFFF, 0xFFFF, 0xFFFF, 0xFFFF, 0xFFFF, 0xFFFF, 0xFFFF,
  0xFFFF, 0xFFFF, 0xFFFF, 0xBCFA, 0x48B3, 0x4073, 0x4053, 0x4073, 0x4073, 0x4053, 0x4073, 0x4053,
  0x4073, 0x4073, 0x4053, 0x4053, 0x4053, 0x4073, 0x4073, 0x4073, 0x4073, 0x4053, 0x4073, 0x4073,
  0x4073, 0x4073, 0x4073, 0x4053, 0x4053, 0x4073, 0x4073, 0x304F, 0x0006, 0x0006, 0x0006, 0x0006,
  0x0006, 0x0006, 0x0006, 0x0006, 0x0006, 0x0006, 0x0006, 0x0006, 0x0006, 0x0006, 0x0006, 0x0006,
  0x0006, 0x0006, 0x0006, 0x0006, 0x0006, 0x0006, 0x0006, 0x0006, 0x0005, 0x0005, 0x0005, 0x0004,
  0x0004, 0x01AE, 0x01AD, 0x018C, 0x0210, 0x0210, 0x0210, 0x0210, 0x0210, 0x0210, 0x0210, 0x0211,
  0x0231, 0x0231, 0x0231, 0x0231, 0x0231, 0x0231, 0x2A73, 0x00AF, 0x00AF, 0x00AF, 0x00AF, 0x00AF,
  0x00AF, 0x00AF, 0x00AF, 0x00AF, 0x00AF, 0x00AF, 0x00AF, 0x00AF, 0x00AF, 0x00AF, 0x00AF, 0x00AF,
  0x00AF, 0x00AF, 0x2A73, 0x0273, 0x0253, 0x0273, 0x0273, 0x0273, 0x0827, 0x0827, 0x0827, 0x0827,
  0x0827, 0x0827, 0x0827, 0x0827, 0x0828, 0x0828, 0x0828, 0x0828, 0x0828, 0x0828, 0x0828, 0x0828,
  0x0828, 0x0828, 0x0828, 0x0828, 0x0828, 0x0828, 0x0828, 0x0828, 0x0828, 0x0828, 0x0828, 0x0828,
  0x0828, 0x0828, 0x0828, 0x0828, 0x0828, 0x0828, 0x0828, 0x0828, 0x0828, 0x0828, 0x0828, 0x0828,
  0x0828, 0x0828, 0x0828, 0x0828, 0x0828, 0x0828, 0x0828, 0x0828, 0x0828, 0x0808, 0x0808, 0x0808,
  0x0808, 0x0808, 0x0808, 0x0808, 0x0808, 0x0808, 0x0808, 0x0808, 0x0808, 0x0008, 0x0008, 0x0008,
  0x0008, 0x0008, 0x0008, 0x0008, 0x0008, 0x0008, 0x0008, 0x0008, 0x0008, 0x0008, 0x0808, 0x0008,
  0x0008, 0x0008, 0x0808, 0x0808, 0x0008, 0x0008, 0x0808, 0x0808, 0x0808, 0x0808, 0x0808, 0x0808,
  0x0808, 0x0828, 0x0828, 0x0828, 0x0828, 0x0828, 0x0828, 0x0828, 0x0828, 0x0828, 0x0829, 0x1029,
  0x1029, 0x1029, 0x1029, 0x1029, 0x1029, 0x1049, 0x1049, 0x1049, 0x104A, 0x184A, 0x184A, 0x186A,
  0xF79E, 0xFFFF, 0xCF7E, 0xBF5E, 0xBF7F, 0xBF7E, 0xFFFE, 0xFFFF, 0xCF9E, 0xBF7F, 0xC79F, 0xC77F,
  0xBF7E, 0xDFBF, 0xC77F, 0xBF7F, 0xBF5F, 0xCF9E, 0xFFFF, 0xFFFF, 0xEFDE, 0x6EDE, 0x56BE, 0xDFBF,
  0xFFFF, 0xFFFF, 0xF7DF, 0x5EDE, 0x5EBE, 0xDFBE, 0xFFFF, 0xFFFF, 0xBF7E, 0xBF7E, 0xF7FF, 0xFFFF,
  0xC77E, 0xBF7E, 0xFFFF, 0xFFFF, 0xCF7E, 0xBF5F, 0xD7BE, 0xFFFF, 0xFFFF, 0xFFFE, 0x6EFE, 0x3EBE,
  0xBF7E, 0xFFFF, 0xFFFF, 0xFFFF, 0xFFFF, 0xFFFF, 0xFFFF, 0xFFFF, 0xFFFF, 0xFFFF, 0xFFFF, 0x0000,
  0x422A, 0xB5F9, 0xDEFC, 0xD6BB, 0xCE9B, 0xD6BB, 0xD6DB, 0xD6BB, 0xD6DB, 0xD6BB, 0xCE9B, 0xCE9A,
  0xDEFC, 0xC619, 0x8C94, 0x31A8, 0x6BAF, 0xF79E, 0xFFFF, 0xFFFF, 0xFFFF, 0xFFFF, 0xFFFF, 0xFFFF,
  0xFFFF, 0xFFFF, 0xFFFF, 0xFFFF, 0xFFFF, 0xFFFF, 0xFFFF, 0xFFFF, 0xFFFF, 0xFFFF, 0xFFFF, 0xFFDE,
  0xFFFF, 0xFFFF, 0xFFFF, 0xFFFF, 0xFFFF, 0xFFFF, 0xFFFF, 0xFFFF, 0xFFFF, 0xFFFF, 0xFFFF, 0xFFFF,
  0xDEBD, 0x5954, 0x4073, 0x4073, 0x4073, 0x4073, 0x4073, 0x4073, 0x4053, 0x4053, 0x4053, 0x4073,
  0x4073, 0x4073, 0x4053, 0x4073, 0x4053, 0x4073, 0x4073, 0x4073, 0x4073, 0x4073, 0x4053, 0x4073,
  0x4053, 0x4073, 0x4073, 0x4072, 0x0808, 0x0006, 0x0006, 0x0006, 0x0006, 0x0006, 0x0006, 0x0006,
  0x0006, 0x0006, 0x0006, 0x0006, 0x0006, 0x0006, 0x0006, 0x0006, 0x0006, 0x0006, 0x0006, 0x0006,
  0x0006, 0x0006, 0x0006, 0x0006, 0x0005, 0x0005, 0x0005, 0x0004, 0x0004, 0x01AD, 0x018D, 0x018C,
  0x0210, 0x0210, 0x0210, 0x0210, 0x0210, 0x0210, 0x0210, 0x0210, 0x0210, 0x0211, 0x0231, 0x0211,
  0x0231, 0x0231, 0x00D0, 0x00AF, 0x00AF, 0x00AF, 0x00AF, 0x00AF, 0x00AF, 0x00AF, 0x00AF, 0x00AF,
  0x00AF, 0x00AF, 0x00AF, 0x00AF, 0x00AF, 0x00AF, 0x00AF, 0x00AF, 0x00AF, 0x00AF, 0x00F0, 0x0252,
  0x0272, 0x0253, 0x0273, 0x0273, 0x0827, 0x0827, 0x0827, 0x0827, 0x0827, 0x0827, 0x0827, 0x0828,
  0x0828, 0x0828, 0x0848, 0x0828, 0x0848, 0x0848, 0x0848, 0x0848, 0x0828, 0x0828, 0x0848, 0x0828,
  0x0828, 0x0828, 0x0848, 0x0848, 0x0828, 0x0828, 0x0828, 0x0848, 0x0848, 0x0828, 0x0828, 0x0828,
  0x0828, 0x0828, 0x0828, 0x0828, 0x0828, 0x0828, 0x0828, 0x0828, 0x0828, 0x0828, 0x0828, 0x0828,
  0x0828, 0x0828, 0x0828, 0x0828, 0x0828, 0x0828, 0x0828, 0x0808, 0x0808, 0x0028, 0x0828, 0x0808,
  0x0808, 0x0808, 0x0808, 0x0008, 0x0808, 0x0008, 0x0008, 0x0008, 0x0808, 0x0808, 0x0008, 0x0008,
  0x0008, 0x0008, 0x0008, 0x0007, 0x0008, 0x0808, 0x0807, 0x0008, 0x0008, 0x0008, 0x0808, 0x0808,
  0x0008, 0x0808, 0x0808, 0x0808, 0x0808, 0x0808, 0x0808, 0x0808, 0x0808, 0x0828, 0x0828, 0x0828,
  0x0828, 0x0828, 0x0828, 0x0828, 0x0828, 0x0828, 0x1029, 0x1029, 0x1029, 0x1029, 0x1029, 0x1029,
  0x1029, 0x1049, 0x1049, 0x1049, 0x104A, 0x104A, 0x184A, 0x186A, 0xF79E, 0xFFFF, 0x05FE, 0x051F,
  0x051E, 0x04FE, 0x05FE, 0xF7DE, 0x063E, 0x051E, 0x051E, 0x04FF, 0x051E, 0x46BE, 0x05DD, 0x055F,
  0x04FF, 0x051E, 0x4EBE, 0xC77D, 0x05BE, 0x04BE, 0x049E, 0x053E, 0xC77E, 0xEFDE, 0x05BE, 0x04BE,
  0x049E, 0x055E, 0xC77E, 0xFFDE, 0x055E, 0x04DF, 0x069E, 0xFFFE, 0x059E, 0x053E, 0xFFFF, 0xF7DE,
  0x057E, 0x04FE, 0x05DE, 0xFFFF, 0xDFBE, 0x05BD, 0x049E, 0x04BE, 0x055E, 0x9F3E, 0xFFFF, 0xFFFF,
  0xFFFF, 0xFFFF, 0xFFFF, 0xFFFF, 0xFFFF, 0xB5B7, 0x29C9, 0x0884, 0x5B2F, 0x94D5, 0xA577, 0xD6BB,
  0xD6BB, 0xCE9B, 0xCE9B, 0xC63A, 0xCE7A, 0xCE9B, 0xD6BB, 0xD6BB, 0xADB8, 0x8494, 0x8434, 0x31CA,
  0x0001, 0x18E4, 0xAD76, 0xFFFF, 0xFFFF, 0xFFFF, 0xFFFF, 0xFFFF, 0xFFFF, 0xFFFF, 0xFFFF, 0xFFFF,
  0xFFFF, 0xFFFF, 0xFFFF, 0xFFFF, 0xFFFF, 0xFFFF, 0xFFFF, 0xFFDE, 0xFFFF, 0xFFFF, 0xFFFF, 0xFFFF,
  0xFFFF, 0xFFFF, 0xFFFF, 0xFFFF, 0xFFFF, 0xFFFF, 0xFFFF, 0xFFFF, 0xFFFF, 0xEF3E, 0x61B5, 0x4053,
  0x4073, 0x4073, 0x4073, 0x4073, 0x4053, 0x4073, 0x4073, 0x4053, 0x4073, 0x4053, 0x4073, 0x4053,
  0x4073, 0x4073, 0x4073, 0x4073, 0x4073, 0x4073, 0x4073, 0x4073, 0x4073, 0x4073, 0x4073, 0x4073,
  0x202C, 0x0006, 0x0006, 0x0006, 0x0006, 0x0006, 0x0006, 0x0006, 0x0006, 0x0006, 0x0006, 0x0006,
  0x0006, 0x0006, 0x0006, 0x0006, 0x0006, 0x0006, 0x0006, 0x0006, 0x0006, 0x0006, 0x0006, 0x0006,
  0x0005, 0x0005, 0x0005, 0x0004, 0x0004, 0x01AD, 0x018D, 0x018C, 0x0210, 0x0210, 0x0210, 0x0210,
  0x0210, 0x0210, 0x0210, 0x0210, 0x0210, 0x0210, 0x0210, 0x0231, 0x0211, 0x0231, 0x00AF, 0x00AF,
  0x00AF, 0x00AF, 0x00AF, 0x00AF, 0x00AF, 0x00AF, 0x00AF, 0x00AF, 0x00AF, 0x00AF, 0x00AF, 0x00AF,
  0x00AF, 0x00AF, 0x00AF, 0x00AF, 0x00AF, 0x00AF, 0x00AF, 0x0252, 0x0252, 0x0252, 0x0253, 0x0273,
  0x0827, 0x0827, 0x0827, 0x0827, 0x0827, 0x0827, 0x0847, 0x0848, 0x0848, 0x0848, 0x0828, 0x0848,
  0x0828, 0x0848, 0x0848, 0x0828, 0x0848, 0x0848, 0x0848, 0x0848, 0x0848, 0x0848, 0x0848, 0x0828,
  0x0828, 0x0828, 0x0848, 0x0848, 0x0848, 0x0828, 0x0828, 0x0828, 0x0828, 0x0828, 0x059B, 0x059D,
  0x059D, 0x059D, 0x059D, 0x059D, 0x059D, 0x059D, 0x063E, 0x05BD, 0x0904, 0x1000, 0x2988, 0x10E5,
  0x10C5, 0x1926, 0x1905, 0x28A3, 0x022B, 0x05DE, 0x05BE, 0x059D, 0x059D, 0x059D, 0x059D, 0x059D,
  0x059D, 0x059D, 0x059D, 0x059D, 0x059D, 0x05DE, 0x065F, 0x03D3, 0xA451, 0x94B3, 0x9CD4, 0xC619,
  0x52AC, 0xE71C, 0xDEDB, 0x5B0D, 0x31C8, 0x4A6B, 0x9493, 0x4A6B, 0x2967, 0x6B6F, 0x632E, 0x20E6,
  0x422A, 0x31A8, 0x2926, 0x3125, 0x04D9, 0x065F, 0x059D, 0x059D, 0x059D, 0x059D, 0x059D, 0x059D,
  0x051C, 0x0828, 0x1028, 0x1029, 0x1029, 0x1029, 0x1029, 0x1029, 0x1049, 0x1049, 0x1049, 0x1049,
  0x104A, 0x104A, 0x186A, 0x186A, 0xF79E, 0xFFFF, 0x05FE, 0x051E, 0x061E, 0x05DE, 0x04DF, 0x169E,
  0x067E, 0x051E, 0x065E, 0x069E, 0x067E, 0x86FE, 0x059E, 0x059E, 0x065E, 0x05BE, 0x053E, 0x057E,
  0x051E, 0x66FD, 0x7EFE, 0x051E, 0xA73D, 0x065E, 0x04DE, 0x061D, 0x069E, 0x051E, 0x05DE, 0xC77E,
  0x059E, 0x053F, 0x05BE, 0xFFDE, 0x05DE, 0x055E, 0xFFFF, 0xBF5F, 0x051F, 0x053E, 0x059E, 0xFFFF,
  0xBF7E, 0x04FE, 0x469E, 0x871D, 0x04DE, 0x05DE, 0xFFFF, 0xFFFF, 0xFFFF, 0xFFFF, 0xFFFF, 0xFFFF,
  0x7BF0, 0x0000, 0x0000, 0x5B6F, 0x94F5, 0x7C33, 0x7C33, 0x94F5, 0xCE7B, 0xDEDC, 0xD69B, 0xD6BB,
  0xD6DC, 0xDEFC, 0xCE7A, 0xA557, 0x8474, 0x7C53, 0x94D5, 0x8CD5, 0x29A8, 0x0000, 0x0000, 0x6B4E,
  0xEF7E, 0xFFFF, 0xFFFF, 0xFFFF, 0xFFFF, 0xFFFF, 0xFFFF, 0xFFFF, 0xFFFF, 0xFFFF, 0xFFFF, 0xFFFF,
  0xFFFF, 0xFFFF, 0xFFFF, 0xFFDE, 0xFFFF, 0xFFFF, 0xFFFF, 0xFFFF, 0xFFFF, 0xFFFF, 0xFFFF, 0xFFFF,
  0xFFFF, 0xFFFF, 0xFFFF, 0xFFFF, 0xFFFF, 0xFFFF, 0xEF3E, 0x5954, 0x4073, 0x4073, 0x4053, 0x4073,
  0x4073, 0x4073, 0x4073, 0x4073, 0x4053, 0x4073, 0x4073, 0x4073, 0x4073, 0x4073, 0x4053, 0x4053,
  0x4073, 0x4073, 0x4073, 0x4073, 0x4053, 0x4073, 0x4053, 0x4073, 0x3850, 0x0006, 0x0006, 0x0006,
  0x0006, 0x0006, 0x0006, 0x0006, 0x0006, 0x0006, 0x0006, 0x0006, 0x0006, 0x0006, 0x0006, 0x0006,
  0x0006, 0x0006, 0x0006, 0x0006, 0x0006, 0x0006, 0x0006, 0x0006, 0x0005, 0x0005, 0x0005, 0x0004,
  0x0004, 0x01AD, 0x018C, 0x018C, 0x0210, 0x0210, 0x0210, 0x0210, 0x0210, 0x0210, 0x0210, 0x0210,
  0x0210, 0x0210, 0x0210, 0x0210, 0x0231, 0x0231, 0x00AF, 0x00AF, 0x00AF, 0x00AF, 0x00AF, 0x00AF,
  0x00AF, 0x00AF, 0x00AF, 0x00AF, 0x00AF, 0x00AF, 0x00AF, 0x00AF, 0x00AF, 0x00AF, 0x00AF, 0x00AF,
  0x00AF, 0x00AF, 0x00AF, 0x0252, 0x0252, 0x0252, 0x0272, 0x0252, 0x0827, 0x0827, 0x0827, 0x0847,
  0x0847, 0x0848, 0x0848, 0x0848, 0x0848, 0x0848, 0x0848, 0x0848, 0x0848, 0x0848, 0x0848, 0x0848,
  0x0848, 0x0848, 0x0848, 0x0848, 0x0848, 0x0848, 0x0848, 0x0848, 0x0848, 0x0848, 0x0848, 0x0848,
  0x0848, 0x0848, 0x0828, 0x0828, 0x0828, 0x0828, 0x061F, 0x057E, 0x059F, 0x059F, 0x059F, 0x059F,
  0x059F, 0x05BF, 0x061F, 0x0148, 0x0000, 0x0000, 0x0000, 0x2944, 0x1081, 0x0000, 0x0000, 0x0000,
  0x0000, 0x0479, 0x065F, 0x059F, 0x059F, 0x059F, 0x059F, 0x059F, 0x059F, 0x059F, 0x059F, 0x057E,
  0x05DF, 0x067F, 0x028E, 0x0800, 0x3188, 0x2168, 0x6370, 0x1906, 0x4A6C, 0xC61A, 0x0064, 0x0000,
  0x0085, 0x73F1, 0x4A8C, 0x0023, 0x1106, 0x08E6, 0x0884, 0x08A5, 0x10E6, 0x10E6, 0x0001, 0x0000,
  0x01CB, 0x065F, 0x059F, 0x059F, 0x059F, 0x059F, 0x059F, 0x059F, 0x059F, 0x0828, 0x1029, 0x1029,
  0x1029, 0x1029, 0x1029, 0x1029, 0x1049, 0x1049, 0x1049, 0x1049, 0x184A, 0x104A, 0x186A, 0x186A,
  0xF79E, 0xFFFF, 0x05FE, 0x04FE, 0xFFFE, 0xFFDE, 0x051E, 0x05FF, 0x063E, 0x053E, 0xB75E, 0xF7DE,
  0xFFFE, 0xD77F, 0x051F, 0x05DE, 0xFFFE, 0x269E, 0x051E, 0x053E, 0x055E, 0x069E, 0xCF7D, 0xEFBE,
  0xE79E, 0x051E, 0x057E, 0xFFDE, 0xFFFF, 0x05FE, 0x04FF, 0x067F, 0x05FE, 0x059E, 0x055E, 0xBF3E,
  0x065E, 0x055F, 0xFFFF, 0x469E, 0x053E, 0x05DE, 0x053E, 0x8F1E, 0xFFFF, 0xEFBE, 0xD7BD, 0x6EFE,
  0x04DE, 0x065E, 0xFFFF, 0xFFFF, 0xFFFF, 0xFFFF, 0xFFFF, 0x7BCF, 0x0000, 0x0000, 0x0000, 0x73F1,
  0xE73D, 0xA576, 0x8494, 0x7412, 0x8CB5, 0xB5B8, 0xC65A, 0xC65A, 0xBE18, 0xA556, 0x8495, 0x7413,
  0x8474, 0xA536, 0xD6FC, 0xBE39, 0x10E5, 0x0000, 0x0000, 0x0000, 0xDEBB, 0xFFFF, 0xFFFF, 0xFFFF,
  0xFFFF, 0xFFFF, 0xFFFF, 0xFFFF, 0xFFFF, 0xFFFF, 0xFFFF, 0xFFFF, 0xFFFF, 0xFFFF, 0xFFFF, 0xFFDE,
  0xFFFF, 0xFFFF, 0xFFFF, 0xFFFF, 0xFFFF, 0xFFFF, 0xFFFF, 0xFFFF, 0xFFFF, 0xFFFF, 0xFFFF, 0xFFFF,
  0xFFFF, 0xFFFF, 0xFFFF, 0xDEBD, 0x48B3, 0x4053, 0x4073, 0x4053, 0x4073, 0x4073, 0x4073, 0x4073,
  0x4073, 0x4073, 0x4073, 0x4053, 0x4073, 0x4073, 0x4073, 0x4073, 0x4073, 0x4073, 0x4073, 0x4053,
  0x4053, 0x4073, 0x4073, 0x4053, 0x4073, 0x1028, 0x0806, 0x0006, 0x0006, 0x0006, 0x0006, 0x0006,
  0x0006, 0x0006, 0x0006, 0x0006, 0x0006, 0x0006, 0x0006, 0x0006, 0x0006, 0x0006, 0x0006, 0x0006,
  0x0006, 0x0006, 0x0006, 0x0006, 0x0005, 0x0005, 0x0005, 0x0004, 0x0004, 0x01AD, 0x018C, 0x016C,
  0x0210, 0x0210, 0x0210, 0x0210, 0x0210, 0x0210, 0x0210, 0x0210, 0x0210, 0x0210, 0x0210, 0x0210,
  0x0210, 0x0211, 0x00AF, 0x00AF, 0x00AF, 0x00AF, 0x00AF, 0x00AF, 0x00AF, 0x00AF, 0x00AF, 0x00AF,
  0x00AF, 0x00AF, 0x00AF, 0x00AF, 0x00AF, 0x00AF, 0x00AF, 0x00AF, 0x00AF, 0x00AF, 0x00AF, 0x0252,
  0x0252, 0x0252, 0x0252, 0x0252, 0x0847, 0x0847, 0x0848, 0x0828, 0x0848, 0x0848, 0x0848, 0x0848,
  0x0848, 0x0848, 0x0848, 0x0848, 0x0848, 0x0848, 0x0848, 0x1048, 0x1048, 0x1048, 0x1048, 0x1048,
  0x1048, 0x1048, 0x1048, 0x1048, 0x1048, 0x1048, 0x1048, 0x0848, 0x0848, 0x0848, 0x0848, 0x0848,
  0x0848, 0x0828, 0x053B, 0x061F, 0x059E, 0x059E, 0x059E, 0x059E, 0x059E, 0x061F, 0x04FB, 0x0000,
  0x0000, 0x0000, 0x0000, 0x632D, 0x52AB, 0x0000, 0x0000, 0x0000, 0x0000, 0x0373, 0x069F, 0x059E,
  0x059E, 0x059E, 0x059E, 0x059E, 0x059E, 0x059E, 0x059E, 0x05BF, 0x065F, 0x02CF, 0x0000, 0x0001,
  0x00A5, 0x08A5, 0x0022, 0x0000, 0x422A, 0x0002, 0x0000, 0x0002, 0x2988, 0x2168, 0x0001, 0x0064,
  0x0024, 0x0000, 0x29A8, 0x0885, 0x0023, 0x420A, 0x10A5, 0x0000, 0x0000, 0x055D, 0x061F, 0x059E,
  0x059E, 0x059E, 0x059E, 0x059E, 0x055D, 0x1028, 0x1029, 0x1029, 0x1029, 0x1029, 0x1029, 0x1029,
  0x1049, 0x1049, 0x1049, 0x1049, 0x184A, 0x184A, 0x186A, 0x186A, 0xF79E, 0xFFFF, 0x061E, 0x051E,
  0x86FE, 0x4EBE, 0x04FE, 0x063F, 0x067E, 0x055F, 0x053E, 0x04DE, 0x059E, 0xD77E, 0x059F, 0x057E,
  0x05FE, 0x05BE, 0x057E, 0x063E, 0x059E, 0x04BE, 0x051E, 0x26BE, 0x76DE, 0x04FE, 0x05FE, 0xFFFF,
  0xFFFF, 0x46BE, 0x04DE, 0x063E, 0x05DE, 0x05DE, 0x055E, 0x067E, 0x065F, 0x057F, 0xEFBE, 0x05BE,
  0x05DE, 0x971F, 0x04FE, 0x063E, 0xFFFF, 0xFFFF, 0x057E, 0x049F, 0x059E, 0xEFBE, 0xFFFF, 0xFFFF,
  0xFFFF, 0xFFFF, 0xFFFF, 0x4A69, 0x0000, 0x0000, 0x0000, 0x6B90, 0xE73D, 0xD6BB, 0xBE39, 0x9D57,
  0x7C53, 0x7412, 0x8494, 0x8494, 0x7412, 0x6BF1, 0x8494, 0x9D36, 0xBE19, 0xD6BB, 0xDEFC, 0xB5B8,
  0x08A4, 0x0000, 0x0000, 0x18E3, 0xFFFF, 0xFFFF, 0xFFFF, 0xFFFF, 0xFFFF, 0xFFFF, 0xFFFF, 0xFFFF,
  0xFFFF, 0xFFFF, 0xFFFF, 0xFFFF, 0xFFFF, 0xFFFF, 0xFFFF, 0xFFDE, 0xFFFF, 0xFFFF, 0xFFFF, 0xFFFF,
  0xFFFF, 0xFFFF, 0xFFFF, 0xFFFF, 0xFFFF, 0xFFFF, 0xFFFF, 0xFFFF, 0xFFFF, 0xFFFF, 0xFFFF, 0xFFFF,
  0xBCFA, 0x4053, 0x4073, 0x4073, 0x4073, 0x4073, 0x4053, 0x4073, 0x4073, 0x4073, 0x4073, 0x4053,
  0x4073, 0x4053, 0x4053, 0x4073, 0x4073, 0x4053, 0x4073, 0x4073, 0x4073, 0x4053, 0x4073, 0x4073,
  0x4053, 0x202C, 0x0806, 0x0806, 0x0006, 0x0006, 0x0006, 0x0006, 0x0006, 0x0006, 0x0006, 0x0006,
  0x0006, 0x0006, 0x0006, 0x0006, 0x0006, 0x0006, 0x0006, 0x0006, 0x0006, 0x0006, 0x0006, 0x0006,
  0x0005, 0x0005, 0x0005, 0x0004, 0x0004, 0x01AD, 0x018C, 0x016C, 0x020F, 0x0210, 0x0210, 0x0210,
  0x0210, 0x0210, 0x0210, 0x0210, 0x0210, 0x0210, 0x0210, 0x0210, 0x0210, 0x0210, 0x00AF, 0x00AF,
  0x00AF, 0x00AF, 0x00AF, 0x00AF, 0x00AF, 0x00AF, 0x00AF, 0x00AF, 0x00AF, 0x00AF, 0x00AF, 0x00AF,
  0x00AF, 0x00AF, 0x00AF, 0x00AF, 0x00AF, 0x00AF, 0x00AF, 0x0252, 0x0252, 0x0252, 0x0252, 0x0252,
  0x0847, 0x0848, 0x0848, 0x0848, 0x0848, 0x0848, 0x0848, 0x0848, 0x0848, 0x0848, 0x1048, 0x1048,
  0x1048, 0x1048, 0x1048, 0x1048, 0x1048, 0x1048, 0x1048, 0x1048, 0x1048, 0x1048, 0x1048, 0x1048,
  0x1048, 0x1048, 0x0848, 0x0848, 0x0848, 0x1048, 0x1048, 0x1048, 0x0848, 0x0848, 0x01E9, 0x067F,
  0x05BF, 0x059E, 0x059E, 0x059E, 0x059E, 0x05FF, 0x059D, 0x0041, 0x0000, 0x0000, 0x0000, 0x1083,
  0x0862, 0x0000, 0x0000, 0x0000, 0x0000, 0x022D, 0x067F, 0x059F, 0x059E, 0x059E, 0x059E, 0x059E,
  0x059E, 0x059E, 0x059F, 0x063F, 0x0477, 0x0083, 0x0000, 0x0000, 0x0002, 0x0002, 0x0000, 0x10C4,
  0x0002, 0x0000, 0x0001, 0x0864, 0x2106, 0x0000, 0x0002, 0x0002, 0x0000, 0x10A5, 0x39C8, 0x0000,
  0x0001, 0xB598, 0x5AEC, 0x0843, 0x2822, 0x0477, 0x065F, 0x059E, 0x059E, 0x059E, 0x059E, 0x059E,
  0x055D, 0x1028, 0x1029, 0x1029, 0x1029, 0x1029, 0x1029, 0x1029, 0x1049, 0x1049, 0x1049, 0x1049,
  0x184A, 0x184A, 0x186A, 0x186A, 0xF79E, 0xFFFF, 0x061E, 0x055F, 0x051E, 0x04BE, 0x053E, 0xBF7E,
  0x067E, 0x053F, 0x061E, 0x063E, 0x4EBE, 0xCF9E, 0x059F, 0x057E, 0x053E, 0x051E, 0x66DE, 0xFFFE,
  0xE7BE, 0x067E, 0x057F, 0x055E, 0x059E, 0x055E, 0x061E, 0xFFFF, 0xFFFF, 0x069E, 0x04FE, 0x063E,
  0x05BE, 0x065E, 0x061E, 0x059F, 0x05FE, 0x05FE, 0x76FE, 0x055E, 0x05BF, 0x065E, 0x055E, 0x057E,
  0xFFFF, 0xFFFF, 0x56BE, 0x05DF, 0x055E, 0x065E, 0xFFFF, 0xFFFF, 0xFFFF, 0xFFFF, 0xFFFF, 0x8C51,
  0x0000, 0x0000, 0x0000, 0x73F2, 0xDEFC, 0xC659, 0xCE7A, 0xCE9B, 0xBDF9, 0x9D56, 0x8CD5, 0x84B5,
  0x9516, 0xB5B8, 0xC639, 0xCE9B, 0xCE9A, 0xC659, 0xCE9A, 0xBE3A, 0x10C4, 0x0000, 0x0000, 0x632C,
  0xFFFF, 0xFFFF, 0xFFFF, 0xFFFF, 0xFFFF, 0xFFFF, 0xFFFF, 0xFFFF, 0xFFFF, 0xFFFF, 0xFFFF, 0xFFFF,
  0xFFFF, 0xFFFF, 0xFFFF, 0xFFDE, 0xFFFF, 0xFFFF, 0xFFFF, 0xFFFF, 0xFFFF, 0xFFFF, 0xFFFF, 0xFFFF,
  0xFFFF, 0xFFFF, 0xFFFF, 0xFFFF, 0xFFFF, 0xFFFF, 0xFFFF, 0xFFFF, 0xFFFF, 0x7236, 0x4073, 0x4073,
  0x4053, 0x4053, 0x4073, 0x4073, 0x4073, 0x4073, 0x4053, 0x4073, 0x4053, 0x4053, 0x4073, 0x4073,
  0x4053, 0x4053, 0x4073, 0x4073, 0x4053, 0x4073, 0x4073, 0x4073, 0x4073, 0x304F, 0x0806, 0x0806,
  0x0806, 0x0806, 0x0806, 0x0806, 0x0806, 0x0806, 0x0006, 0x0006, 0x0006, 0x0006, 0x0006, 0x0006,
  0x0006, 0x0006, 0x0006, 0x0006, 0x0006, 0x0006, 0x0006, 0x0006, 0x0005, 0x0005, 0x0005, 0x0004,
  0x0003, 0x01AD, 0x018C, 0x016C, 0x01EF, 0x01F0, 0x0210, 0x0210, 0x0210, 0x0210, 0x0210, 0x0210,
  0x0210, 0x0210, 0x0210, 0x0210, 0x0210, 0x0210, 0x00AF, 0x00AF, 0x00AF, 0x00AF, 0x00AF, 0x00AF,
  0x00AF, 0x00AF, 0x00AF, 0x00AF, 0x00AF, 0x00AF, 0x00AF, 0x00AF, 0x00AF, 0x00AF, 0x00AF, 0x00AF,
  0x00AF, 0x00AF, 0x00AF, 0x0252, 0x0252, 0x0252, 0x0252, 0x0252, 0x0848, 0x0848, 0x1048, 0x0848,
  0x0848, 0x0848, 0x1048, 0x1048, 0x1048, 0x1048, 0x1048, 0x0868, 0x1048, 0x1048, 0x1068, 0x1068,
  0x1048, 0x1068, 0x1068, 0x1048, 0x1048, 0x1048, 0x1048, 0x1068, 0x1068, 0x1048, 0x1048, 0x1048,
  0x1048, 0x1048, 0x1048, 0x1048, 0x1048, 0x1048, 0x1000, 0x0373, 0x06BF, 0x057F, 0x059E, 0x059E,
  0x059E, 0x05BF, 0x061F, 0x00E1, 0x0000, 0x094C, 0x8410, 0x1040, 0x0000, 0x1988, 0x1968, 0x0000,
  0x0000, 0x02CE, 0x067F, 0x059F, 0x059E, 0x059E, 0x059E, 0x059E, 0x059E, 0x059E, 0x061F, 0x0478,
  0x0416, 0x0189, 0x0000, 0x0000, 0x0842, 0x0000, 0x0000, 0x0842, 0x0000, 0x0000, 0x0000, 0x3187,
  0x0822, 0x0000, 0x0000, 0x0000, 0x0000, 0x3187, 0x0001, 0x0000, 0x0000, 0x9494, 0x8452, 0x2145,
  0x93F1, 0x3B50, 0x05BF, 0x05BF, 0x059E, 0x059E, 0x059E, 0x059E, 0x055D, 0x1028, 0x1028, 0x1029,
  0x1029, 0x1029, 0x1029, 0x1029, 0x1049, 0x1049, 0x1049, 0x1049, 0x104A, 0x184A, 0x186A, 0x186A,
  0xF79E, 0xFFFF, 0x061E, 0x051E, 0x063D, 0x369E, 0xAF5E, 0xFFFE, 0x061F, 0x051E, 0xDF9E, 0xFFFF,
  0xFFFF, 0xC77E, 0x053F, 0x063E, 0x66DE, 0x051E, 0x0EBE, 0x8F1E, 0x065E, 0xFFFE, 0xAF3E, 0x051F,
  0x057E, 0x057E, 0x057E, 0xDF9E, 0xFFFE, 0x05BE, 0x053E, 0x2E9E, 0x059F, 0x06BE, 0xA71E, 0x051E,
  0x059E, 0x061E, 0x063E, 0x057E, 0x055E, 0x053E, 0x057E, 0x055E, 0x86DE, 0xA71E, 0xFFFE, 0xFFFE,
  0x055E, 0x053E, 0xE7BF, 0xFFFF, 0xFFFF, 0xFFFF, 0xFFFF, 0xC638, 0x0000, 0x0000, 0x0000, 0x9D56,
  0xD6DC, 0xC65A, 0xC63A, 0xC659, 0xCE9B, 0xD6DB, 0xAD77, 0x8C95, 0xCE7B, 0xD6BB, 0xCE7A, 0xC65A,
  0xC63A, 0xC65A, 0xC65A, 0xCE9B, 0x2124, 0x0000, 0x0000, 0xB596, 0xFFFF, 0xFFFF, 0xFFFF, 0xFFFF,
  0xFFFF, 0xFFFF, 0xFFFF, 0xFFFF, 0xFFFF, 0xFFFF, 0xFFFF, 0xFFFF, 0xFFFF, 0xFFFF, 0xFFFF, 0xFFDE,
  0xFFFF, 0xFFFF, 0xFFFF, 0xFFFF, 0xFFFF, 0xFFFF, 0xFFFF, 0xFFFF, 0xFFFF, 0xFFFF, 0xFFFF, 0xFFFF,
  0xFFFF, 0xFFFF, 0xFFFF, 0xFFFF, 0xFFFF, 0xDE7D, 0x4073, 0x4053, 0x4053, 0x4073, 0x4053, 0x4053,
  0x4073, 0x4073, 0x4073, 0x4073, 0x4073, 0x4073, 0x4073, 0x4073, 0x4053, 0x4053, 0x4073, 0x4073,
  0x4073, 0x4073, 0x4053, 0x4053, 0x4053, 0x4052, 0x0806, 0x0806, 0x0806, 0x0806, 0x0806, 0x0806,
  0x0806, 0x0806, 0x0806, 0x0806, 0x0806, 0x0806, 0x0006, 0x0006, 0x0006, 0x0006, 0x0006, 0x0006,
  0x0006, 0x0006, 0x0006, 0x0006, 0x0005, 0x0005, 0x0005, 0x0004, 0x0004, 0x01AD, 0x018C, 0x016C,
  0x01EF, 0x01EF, 0x01F0, 0x020F, 0x0210, 0x0210, 0x0210, 0x0210, 0x0210, 0x0210, 0x0210, 0x0210,
  0x0210, 0x0210, 0x00AF, 0x00AF, 0x00AF, 0x00AF, 0x00AF, 0x00AF, 0x00AF, 0x00AF, 0x00AF, 0x00AF,
  0x00AF, 0x00AF, 0x00AF, 0x00AF, 0x00AF, 0x00AF, 0x00AF, 0x00AF, 0x00AF, 0x00AF, 0x00AF, 0x0252,
  0x0252, 0x0252, 0x0252, 0x0252, 0x0848, 0x0848, 0x0848, 0x0848, 0x1048, 0x1048, 0x1048, 0x0868,
  0x1048, 0x1068, 0x1068, 0x1048, 0x1068, 0x1068, 0x1048, 0x1068, 0x1068, 0x1068, 0x1068, 0x0868,
  0x1048, 0x1068, 0x1048, 0x1048, 0x1048, 0x1048, 0x1048, 0x1048, 0x1048, 0x1048, 0x1048, 0x1048,
  0x1048, 0x1048, 0x1000, 0x0000, 0x053C, 0x063F, 0x059E, 0x059E, 0x059E, 0x05DF, 0x065F, 0x016F,
  0x3993, 0x5BB6, 0x42B0, 0x1905, 0x1081, 0x19CB, 0x0948, 0x20E4, 0x7BCF, 0x9C92, 0x069F, 0x057F,
  0x059E, 0x059E, 0x059E, 0x059E, 0x059E, 0x059F, 0x059E, 0x0478, 0x0499, 0x0000, 0x0000, 0x0000,
  0x0020, 0x0000, 0x0841, 0x0000, 0x0000, 0x0000, 0x18C4, 0x18E4, 0x0000, 0x0000, 0x0000, 0x0000,
  0x1083, 0x0862, 0x0000, 0x0000, 0x0000, 0x31A8, 0x6390, 0x18E4, 0x20C4, 0x28C3, 0x04B9, 0x063F,
  0x059E, 0x059E, 0x059E, 0x059E, 0x055D, 0x1028, 0x1028, 0x1029, 0x1029, 0x1029, 0x1029, 0x1029,
  0x1049, 0x1049, 0x1049, 0x1049, 0x104A, 0x184A, 0x184A, 0x186A, 0xF79E, 0xFFFF, 0x05FE, 0x049E,
  0xBF7F, 0xFFFF, 0xFFFF, 0xFFFF, 0x05FE, 0x04FF, 0x059E, 0x059E, 0x059E, 0x065E, 0x055F, 0x05FE,
  0xFFFF, 0x05BF, 0x051F, 0x051F, 0x04DF, 0x05FE, 0x063E, 0x04DE, 0x367E, 0x369E, 0x04BE, 0x05DE,
  0x05FE, 0x04DE, 0x061E, 0xDF9F, 0x051E, 0x063F, 0xFFFF, 0x057E, 0x051E, 0x059E, 0x057E, 0x055E,
  0x971E, 0xC77E, 0x069D, 0x053E, 0x055E, 0x04DE, 0x061E, 0x067E, 0x051E, 0x057E, 0xF7DF, 0xFFFF,
  0xFFFF, 0xFFFF, 0xFFFF, 0xFFFF, 0x2104, 0x0000, 0x0862, 0xCE7A, 0xCE9B, 0xC65A, 0xC65A, 0xC65A,
  0xC639, 0xDF1C, 0x7BF1, 0x3188, 0xAD56, 0xE73E, 0xC639, 0xC65A, 0xC65A, 0xC65A, 0xC65A, 0xD6BB,
  0x2125, 0x0000, 0x0000, 0xDEDB, 0xFFFF, 0xFFFF, 0xFFFF, 0xFFFF, 0xFFFF, 0xFFFF, 0xFFFF, 0xFFFF,
  0xFFFF, 0xFFFF, 0xFFFF, 0xFFFF, 0xFFFF, 0xFFFF, 0xFFFF, 0xFFDE, 0xFFFF, 0xFFFF, 0xFFFF, 0xFFFF,
  0xFFFF, 0xFFFF, 0xFFFF, 0xFFFF, 0xFFFF, 0xFFFF, 0xFFFF, 0xFFFF, 0xFFFF, 0xFFFF, 0xFFFF, 0xFFFF,
  0xFFFF, 0xFFFF, 0x7A96, 0x4053, 0x4073, 0x4073, 0x4073, 0x4053, 0x4053, 0x4053, 0x4053, 0x4073,
  0x4073, 0x4053, 0x4073, 0x4073, 0x4073, 0x4073, 0x4073, 0x4073, 0x4073, 0x4073, 0x4073, 0x4053,
  0x4073, 0x4073, 0x1028, 0x0806, 0x0806, 0x0806, 0x0806, 0x0806, 0x0806, 0x0806, 0x0806, 0x0806,
  0x0806, 0x0806, 0x0806, 0x0806, 0x0806, 0x0006, 0x0006, 0x0006, 0x0006, 0x0006, 0x0006, 0x0006,
  0x0005, 0x0005, 0x0005, 0x0004, 0x0004, 0x01AD, 0x018C, 0x016B, 0x01EF, 0x01EF, 0x01EF, 0x01EF,
  0x020F, 0x01F0, 0x0210, 0x0210, 0x0210, 0x0210, 0x0210, 0x0210, 0x0210, 0x0210, 0x00AF, 0x00AF,
  0x00AF, 0x00AF, 0x00AF, 0x00AF, 0x00AF, 0x00AF, 0x00AF, 0x00AF, 0x00AF, 0x00AF, 0x00AF, 0x00AF,
  0x00AF, 0x00AF, 0x00AF, 0x00AF, 0x00AF, 0x00AF, 0x00AF, 0x0252, 0x0252, 0x0252, 0x0252, 0x0252,
  0x0848, 0x1048, 0x1048, 0x1048, 0x0868, 0x1068, 0x1048, 0x1048, 0x1068, 0x1048, 0x1068, 0x1068,
  0x1068, 0x1068, 0x1068, 0x1068, 0x1068, 0x1068, 0x1068, 0x1068, 0x1068, 0x1068, 0x1068, 0x1068,
  0x1068, 0x1068, 0x1068, 0x1068, 0x1048, 0x1048, 0x1048, 0x1048, 0x1048, 0x1048, 0x02CF, 0x1800,
  0x0416, 0x06DF, 0x057E, 0x059E, 0x063F, 0x05BE, 0x021B, 0x01BD, 0x4B7A, 0x2AB7, 0x0A15, 0x8CB7,
  0x41E5, 0x00A6, 0x0002, 0x1167, 0xBE5A, 0xBD54, 0x05DE, 0x059F, 0x059E, 0x059E, 0x059E, 0x059E,
  0x059E, 0x05BF, 0x04FB, 0x05FF, 0x03F5, 0x0000, 0x0000, 0x0000, 0x0000, 0x0000, 0x0021, 0x0000,
  0x0000, 0x0000, 0x0842, 0x0000, 0x0000, 0x0000, 0x0001, 0x0002, 0x0042, 0x0021, 0x0000, 0x0000,
  0x0000, 0x1926, 0x29A8, 0x0000, 0x0000, 0x0000, 0x0415, 0x061F, 0x059F, 0x059E, 0x059E, 0x059E,
  0x055D, 0x1028, 0x1029, 0x1029, 0x1029, 0x1029, 0x1029, 0x1029, 0x1049, 0x1049, 0x1049, 0x1049,
  0x104A, 0x184A, 0x186A, 0x186A, 0xF79E, 0xFFFF, 0x065E, 0x055E, 0xB75F, 0xFFFF, 0xFFFF, 0xFFFF,
  0x065E, 0x059E, 0x05BE, 0x059E, 0x057E, 0x065E, 0x05FE, 0x061E, 0xFFFE, 0x66DE, 0x053E, 0x061D,
  0x063D, 0x055E, 0x051F, 0x05BE, 0xFFDE, 0xFFFE, 0x061D, 0x053F, 0x04FE, 0x05DE, 0xE7BE, 0xFFFE,
  0x057E, 0x065E, 0xFFFE, 0x067D, 0x057E, 0x05BE, 0x055E, 0x05FD, 0xFFFF, 0xFFFF, 0xDF9E, 0x057E,
  0x05FE, 0x063E, 0x04FF, 0x04DE, 0x059E, 0xAF3E, 0xFFFF, 0xFFFF, 0xFFFF, 0xFFFF, 0xFFFF, 0xEF7D,
  0x18E3, 0x0000, 0x2145, 0xBDD9, 0xD6BB, 0xC639, 0xC65A, 0xC65A, 0xCE9B, 0xD6DB, 0x1082, 0x0000,
  0x3187, 0xDEFD, 0xCE7B, 0xC65A, 0xC65A, 0xC639, 0xD6BB, 0xBE3A, 0x2988, 0x0000, 0x0000, 0x18E4,
  0xB5B7, 0xFFFF, 0xFFFF, 0xFFFF, 0xFFFF, 0xFFFF, 0xFFFF, 0xFFFF, 0xFFFF, 0xFFFF, 0xFFFF, 0xFFFF,
  0xFFFF, 0xFFFF, 0xFFFF, 0xFFDE, 0xFFFF, 0xFFFF, 0xFFFF, 0xFFFF, 0xFFFF, 0xFFFF, 0xFFFF, 0xFFFF,
  0xFFFF, 0xFFFF, 0xFFFF, 0xFFFF, 0xFFFF, 0xFFFF, 0xFFFF, 0xFFFF, 0xFFFF, 0xFFFF, 0xCDBC, 0x4073,
  0x4053, 0x4073, 0x4073, 0x4073, 0x4053, 0x4073, 0x4073, 0x4073, 0x4073, 0x4073, 0x4053, 0x4073,
  0x4053, 0x4073, 0x4053, 0x4053, 0x4073, 0x4073, 0x4073, 0x4053, 0x4053, 0x4053, 0x182B, 0x0826,
  0x0826, 0x0826, 0x0826, 0x0806, 0x0806, 0x0806, 0x0806, 0x0806, 0x0806, 0x0806, 0x0806, 0x0806,
  0x0806, 0x0806, 0x0006, 0x0006, 0x0006, 0x0006, 0x0006, 0x0006, 0x0005, 0x0005, 0x0005, 0x0004,
  0x0004, 0x018D, 0x018C, 0x016B, 0x01EF, 0x01EF, 0x01EF, 0x01EF, 0x020F, 0x020F, 0x01F0, 0x0210,
  0x0210, 0x0210, 0x0210, 0x0210, 0x0210, 0x0210, 0x00AF, 0x00AF, 0x00AF, 0x00AF, 0x00AF, 0x00AF,
  0x00AF, 0x00AF, 0x00AF, 0x00AF, 0x00AF, 0x00AF, 0x00AF, 0x00AF, 0x00AF, 0x00AF, 0x00AF, 0x00AF,
  0x00AF, 0x00AF, 0x00AF, 0x0231, 0x0251, 0x0232, 0x0252, 0x0252, 0x1048, 0x0868, 0x0868, 0x1048,
  0x1068, 0x1048, 0x1068, 0x1068, 0x1068, 0x1068, 0x1068, 0x1068, 0x1068, 0x1068, 0x1068, 0x1068,
  0x1068, 0x1068, 0x1068, 0x1068, 0x1068, 0x1068, 0x1068, 0x1068, 0x1068, 0x1068, 0x1068, 0x1068,
  0x1068, 0x1068, 0x1068, 0x1048, 0x1048, 0x1048, 0x061E, 0x1AAD, 0x28E4, 0x0458, 0x065F, 0x063F,
  0x04DE, 0x7CD9, 0xC53A, 0x01FE, 0x029C, 0x3A2B, 0x1880, 0x0000, 0x0000, 0x0085, 0x0002, 0x5BD0,
  0xDF3D, 0xC619, 0x04FC, 0x05BF, 0x059E, 0x059E, 0x059E, 0x059E, 0x059E, 0x05BF, 0x057D, 0x065F,
  0x0352, 0x0000, 0x0000, 0x0000, 0x0000, 0x0021, 0x0000, 0x0000, 0x0000, 0x0000, 0x0000, 0x0000,
  0x0000, 0x0001, 0x0085, 0x0022, 0x0022, 0x0000, 0x0000, 0x0000, 0x0000, 0x08C6, 0x10A4, 0x0000,
  0x0000, 0x0021, 0x04B9, 0x05DF, 0x059F, 0x059E, 0x059E, 0x059E, 0x055D, 0x1028, 0x1029, 0x1029,
  0x1029, 0x1029, 0x1029, 0x1029, 0x1049, 0x1049, 0x1049, 0x1049, 0x104A, 0x186A, 0x186A, 0x186A,
  0xF79E, 0xFFFF, 0xFFDE, 0xFFDE, 0xFFFE, 0xFFFE, 0xFFFF, 0xFFFF, 0xFFDE, 0xFFFE, 0xFFFE, 0xFFFF,
  0xFFDE, 0xFFBE, 0xFFDE, 0xFFDE, 0xF7DF, 0xFFFE, 0xF7BE, 0xFFFE, 0xFFFE, 0x86DE, 0x9EFE, 0xFFFE,
  0xFFFF, 0xFFFF, 0xFFFE, 0xD77E, 0xC75E, 0xFFFE, 0xFFFF, 0xF7DF, 0xFFFE, 0xFFDE, 0xFFFE, 0xFFFE,
  0xFFFE, 0xF7DE, 0xF7BE, 0xFFDE, 0xFFFF, 0xFFFF, 0xFFFF, 0xF7DE, 0xFFFE, 0xFFFF, 0xBF3F, 0xBF1F,
  0xEFDE, 0xFFFF, 0xFFFF, 0xFFFF, 0xFFFF, 0xFFFF, 0xA534, 0x2105, 0x0000, 0x0000, 0x52ED, 0xAD77,
  0xBE39, 0xCE7A, 0xC65A, 0xC639, 0xE77E, 0x8C52, 0x0000, 0x0000, 0x0000, 0x8431, 0xEF5E, 0xC639,
  0xC65A, 0xCE7A, 0xD6BB, 0x8CB4, 0x29CA, 0x10E5, 0x0000, 0x0000, 0x0000, 0x8430, 0xFFDF, 0xFFFF,
  0xFFFF, 0xFFFF, 0xFFFF, 0xFFFF, 0xFFFF, 0xFFFF, 0xFFFF, 0xFFFF, 0xFFFF, 0xFFFF, 0xFFFF, 0xFFDE,
  0xFFFF, 0xFFFF, 0xFFFF, 0xFFFF, 0xFFFF, 0xFFFF, 0xFFFF, 0xFFFF, 0xFFFF, 0xFFFF, 0xFFFF, 0xFFFF,
  0xFFFF, 0xFFFF, 0xFFFF, 0xFFFF, 0xFFFF, 0xFFFF, 0xFFDF, 0x5114, 0x4073, 0x4053, 0x4053, 0x4073,
  0x4073, 0x4073, 0x4053, 0x4073, 0x4073, 0x4073, 0x4073, 0x4073, 0x4073, 0x4073, 0x4053, 0x4073,
  0x4073, 0x4073, 0x4073, 0x4073, 0x4053, 0x4053, 0x282D, 0x0826, 0x0826, 0x0826, 0x0826, 0x0826,
  0x0826, 0x0826, 0x0826, 0x0806, 0x0806, 0x0806, 0x0806, 0x0806, 0x0806, 0x0806, 0x0806, 0x0806,
  0x0006, 0x0006, 0x0006, 0x0006, 0x0005, 0x0005, 0x0005, 0x0004, 0x0004, 0x018D, 0x018C, 0x016B,
  0x01EF, 0x01EF, 0x01EF, 0x01EF, 0x01EF, 0x01EF, 0x020F, 0x020F, 0x0210, 0x0210, 0x0210, 0x0210,
  0x0210, 0x0210, 0x00AF, 0x00AF, 0x00AF, 0x00AF, 0x00AF, 0x00AF, 0x00AF, 0x00AF, 0x00AF, 0x00AF,
  0x00AF, 0x00AF, 0x00AF, 0x00AF, 0x00AF, 0x00AF, 0x00AF, 0x00AF, 0x00AF, 0x00AF, 0x00AF, 0x0231,
  0x0231, 0x0231, 0x0232, 0x0252, 0x1048, 0x1068, 0x1068, 0x1068, 0x1068, 0x1068, 0x1068, 0x1068,
  0x1068, 0x1068, 0x1068, 0x1068, 0x1068, 0x1068, 0x1068, 0x1068, 0x1068, 0x1068, 0x1068, 0x1068,
  0x1068, 0x1068, 0x1068, 0x1068, 0x1068, 0x1068, 0x1068, 0x1068, 0x1068, 0x1068, 0x1068, 0x1068,
  0x1068, 0x1068, 0x06DE, 0x02AF, 0x0000, 0x00C5, 0x06DF, 0x05BF, 0x00B9, 0xA4B9, 0xFFFD, 0xB67F,
  0x0094, 0x0000, 0x0002, 0x31EA, 0x3209, 0x4AEE, 0x4B2F, 0xD69A, 0xFFFD, 0x4D9A, 0x053E, 0x059F,
  0x059E, 0x059E, 0x059E, 0x059E, 0x059E, 0x059E, 0x059F, 0x063F, 0x0458, 0x0062, 0x0000, 0x0000,
  0x0000, 0x0020, 0x0000, 0x0000, 0x0000, 0x0000, 0x0000, 0x0000, 0x0000, 0x0863, 0x08C6, 0x0022,
  0x0000, 0x0000, 0x1903, 0x73AF, 0x0000, 0x0022, 0x10A4, 0x0000, 0x0000, 0x0000, 0x053C, 0x061F,
  0x059E, 0x059E, 0x059E, 0x059E, 0x055D, 0x1028, 0x1029, 0x1029, 0x1029, 0x1029, 0x1029, 0x1029,
  0x1049, 0x1049, 0x1049, 0x1049, 0x104A, 0x186A, 0x186A, 0x186A, 0xF79E, 0xFFFF, 0x267E, 0x05FE,
  0x05FE, 0x05DE, 0x069E, 0xFFFE, 0x66DE, 0x05DF, 0x061F, 0x05FE, 0x05FE, 0x971E, 0x065E, 0x05FE,
  0xDFBF, 0xFFFF, 0xFFFF, 0xDFBF, 0x05FD, 0x057E, 0x05BF, 0x46DD, 0xFFFE, 0xFFFF, 0xFFDE, 0x065E,
  0x05FE, 0x4EBE, 0xFFFF, 0x7EFF, 0x05DE, 0x061F, 0x05DF, 0x065E, 0xEFDE, 0xFFFF, 0xFFFF, 0xFFFF,
  0xFFFF, 0xFFFF, 0xFFFF, 0xFFFF, 0xFFFF, 0xFFFF, 0xFFFF, 0xFFFF, 0xFFFF, 0xFFFF, 0xDF1C, 0xA536,
  0xDEDC, 0x528A, 0x0000, 0x0000, 0x1083, 0x1927, 0x52EE, 0xC67A, 0xBDD8, 0xC65A, 0xC65A, 0xCE7A,
  0xDEFC, 0x0862, 0x0841, 0x8430, 0x0000, 0x31A7, 0xEF7E, 0xC65A, 0xC639, 0xCE9A, 0xBE19, 0xA556,
  0x320A, 0x2189, 0x1947, 0x0000, 0x0000, 0x0000, 0x31A6, 0xA535, 0xA516, 0xB5F8, 0xFFFF, 0xFFFF,
  0xFFFF, 0xFFFF, 0xFFFF, 0xFFFF, 0xFFFF, 0xFFFF, 0xFFFF, 0xFFDE, 0xFFFF, 0xFFFF, 0xFFFF, 0xFFFF,
  0xFFFF, 0xFFFF, 0xFFFF, 0xFFFF, 0xFFFF, 0xFFFF, 0xFFFF, 0xFFFF, 0xFFFF, 0xFFFF, 0xFFFF, 0xFFFF,
  0xFFFF, 0xFFFF, 0xFFFF, 0x8B17, 0x4073, 0x4073, 0x4053, 0x4073, 0x4053, 0x4073, 0x4073, 0x4073,
  0x4073, 0x4073, 0x4053, 0x4073, 0x4053, 0x4053, 0x4073, 0x4073, 0x4073, 0x4073, 0x4073, 0x4073,
  0x4073, 0x4073, 0x304E, 0x0826, 0x0826, 0x0826, 0x0826, 0x0826, 0x0826, 0x0826, 0x0826, 0x0826,
  0x0826, 0x0826, 0x0826, 0x0806, 0x0806, 0x0806, 0x0806, 0x0806, 0x0806, 0x0806, 0x0006, 0x0006,
  0x0005, 0x0005, 0x0005, 0x0004, 0x0004, 0x018D, 0x018C, 0x016B, 0x01EF, 0x01EF, 0x01EF, 0x01EF,
  0x01EF, 0x01EF, 0x01EF, 0x020F, 0x020F, 0x01EF, 0x01F0, 0x0210, 0x0210, 0x0210, 0x00AF, 0x00AF,
  0x00AF, 0x00AF, 0x00AF, 0x00AF, 0x00AF, 0x00AF, 0x00AF, 0x00AF, 0x00AF, 0x00AF, 0x00AF, 0x00AF,
  0x00AF, 0x00AF, 0x00AF, 0x00AF, 0x00AF, 0x00AF, 0x00AF, 0x0231, 0x0231, 0x0231, 0x0231, 0x0231,
  0x1048, 0x1068, 0x1068, 0x1068, 0x1068, 0x1068, 0x1068, 0x1068, 0x1068, 0x1068, 0x1068, 0x1068,
  0x1068, 0x1068, 0x1069, 0x1068, 0x1068, 0x1068, 0x1069, 0x1069, 0x1069, 0x1069, 0x1068, 0x1068,
  0x1068, 0x1068, 0x1068, 0x1068, 0x1068, 0x1068, 0x1068, 0x1069, 0x1068, 0x1068, 0x05FE, 0x057D,
  0x0022, 0x0000, 0x0353, 0x025F, 0x003C, 0x12BB, 0xEF7C, 0xFFFF, 0x847B, 0x39F0, 0x6BF5, 0x7CD6,
  0x6433, 0xB619, 0xF79E, 0xFFDE, 0xFF3B, 0x05BC, 0x057F, 0x059E, 0x059E, 0x059E, 0x059E, 0x059E,
  0x059E, 0x059E, 0x059F, 0x05FF, 0x059D, 0x0105, 0x0000, 0x0000, 0x0000, 0x0000, 0x0000, 0x0000,
  0x0000, 0x0000, 0x0000, 0x0000, 0x1062, 0x1082, 0x0001, 0x0000, 0x1081, 0x1904, 0xBDF7, 0xFFFF,
  0x0000, 0x0000, 0x08A3, 0x0000, 0x0000, 0x0000, 0x057E, 0x05FF, 0x059E, 0x059E, 0x059E, 0x059E,
  0x055D, 0x1028, 0x1029, 0x1028, 0x1029, 0x1029, 0x1029, 0x1049, 0x1049, 0x1049, 0x1049, 0x1049,
  0x104A, 0x186A, 0x186A, 0x186A, 0xF79E, 0xFFFF, 0x05DE, 0x04FE, 0x055E, 0x051E, 0x04FE, 0x66DD,
  0x065F, 0x04DE, 0x055E, 0x055E, 0x055D, 0x56DD, 0x059F, 0x051F, 0xDFBE, 0xFFFF, 0xF7DE, 0x05DE,
  0x04DE, 0x05BE, 0x057E, 0x04BE, 0x66DD, 0xFFFF, 0x9F3E, 0x04FE, 0x04DE, 0x057E, 0xFFFE, 0x5EBF,
  0x04DE, 0x055F, 0x053E, 0x04BF, 0x059E, 0xE7BE, 0xFFFF, 0xFFFF, 0xFFFF, 0xFFFF, 0xFFFF, 0xFFFF,
  0xFFFF, 0xFFFF, 0xFFFF, 0xFFFF, 0xFFFF, 0xD6DB, 0x4AAD, 0xA598, 0x8412, 0x0000, 0x0000, 0x10A4,
  0x29C9, 0x1107, 0x4ACD, 0xD6FC, 0xC639, 0xBDF9, 0xC65A, 0xE75E, 0xA555, 0x0000, 0x2945, 0xB5D8,
  0x0000, 0x0000, 0xB5B7, 0xE73D, 0xCE7A, 0xB5B7, 0xBE19, 0xCE7A, 0x3A2A, 0x1106, 0x320A, 0x18E5,
  0x0000, 0x0000, 0x18A3, 0x524C, 0xBE1A, 0x7C53, 0xBDD8, 0xFFFF, 0xFFFF, 0xFFFF, 0xFFFF, 0xFFFF,
  0xFFFF, 0xFFFF, 0xFFFF, 0xFFDE, 0xFFFF, 0xFFFF, 0xFFFF, 0xFFFF, 0xFFFF, 0xFFFF, 0xFFFF, 0xFFFF,
  0xFFFF, 0xFFFF, 0xFFFF, 0xFFFF, 0xFFFF, 0xFFFF, 0xFFFF, 0xFFFF, 0xFFFF, 0xFFFF, 0xFFFF, 0xB4FA,
  0x4073, 0x4073, 0x4073, 0x4073, 0x4073, 0x4073, 0x4053, 0x4053, 0x4073, 0x4073, 0x4073, 0x4053,
  0x4073, 0x4073, 0x4053, 0x4073, 0x4073, 0x4073, 0x4073, 0x4073, 0x4073, 0x4073, 0x3850, 0x0826,
  0x0826, 0x0826, 0x0826, 0x0826, 0x0826, 0x0826, 0x0826, 0x0826, 0x0826, 0x0826, 0x0826, 0x0826,
  0x0826, 0x0806, 0x0806, 0x0806, 0x0806, 0x0806, 0x0806, 0x0006, 0x0005, 0x0005, 0x0005, 0x0004,
  0x0004, 0x018C, 0x018C, 0x016B, 0x01EF, 0x01EF, 0x01EF, 0x01EF, 0x01EF, 0x01EF, 0x01EF, 0x01EF,
  0x01EF, 0x01EF, 0x0210, 0x0210, 0x0210, 0x0210, 0x00AF, 0x00AF, 0x00AF, 0x00AF, 0x00AF, 0x00AF,
  0x00AF, 0x00AF, 0x00AF, 0x00AF, 0x00AF, 0x00AF, 0x00AF, 0x00AF, 0x00AF, 0x00AF, 0x00AF, 0x00AF,
  0x00AF, 0x00AF, 0x00AF, 0x0231, 0x0231, 0x0231, 0x0231, 0x0231, 0x1068, 0x1068, 0x1068, 0x1068,
  0x1068, 0x1068, 0x1068, 0x1068, 0x1068, 0x1068, 0x1068, 0x1069, 0x1068, 0x1068, 0x1089, 0x1089,
  0x1089, 0x1089, 0x1089, 0x1089, 0x1089, 0x1089, 0x1089, 0x1069, 0x1069, 0x1069, 0x1069, 0x1069,
  0x1069, 0x1069, 0x1069, 0x1069, 0x1068, 0x1068, 0x057D, 0x06DF, 0x0393, 0x0000, 0x6B6F, 0x645F,
  0x1B1F, 0x001C, 0x53DC, 0xFFFE, 0xBD55, 0x3331, 0x5B4F, 0x84D5, 0xA597, 0x5BB1, 0xD6DB, 0xCE79,
  0xD5D7, 0x05FC, 0x05DF, 0x057E, 0x059E, 0x059E, 0x059E, 0x059E, 0x059E, 0x059E, 0x059E, 0x05DF,
  0x05DF, 0x00A4, 0x0000, 0x0000, 0x0000, 0x0000, 0x0000, 0x0000, 0x0000, 0x0000, 0x0000, 0x1082,
  0x0862, 0x0000, 0x0000, 0x0000, 0x2125, 0x8C92, 0xD679, 0xE6FC, 0x2145, 0x0000, 0x0021, 0x0000,
  0x0000, 0x0042, 0x05BF, 0x05DF, 0x059E, 0x059E, 0x059E, 0x059E, 0x055D, 0x1028, 0x1028, 0x1028,
  0x1029, 0x1029, 0x1049, 0x1049, 0x1049, 0x1049, 0x1049, 0x1049, 0x1049, 0x186A, 0x186A, 0x186A,
  0xF79E, 0xFFFF, 0x061E, 0x051E, 0xF7BE, 0xCF9E, 0x051E, 0x05DF, 0x063E, 0x051E, 0xAF5E, 0xFFFF,
  0xFFFE, 0xCF9E, 0x057F, 0x055F, 0xE7BF, 0xFFFF, 0x76FE, 0x04FD, 0x05BE, 0xFFFE, 0xAF5E, 0x04FE,
  0x059E, 0xFFFE, 0x067E, 0x053E, 0x05BE, 0x053E, 0xE79E, 0x973F, 0x04DE, 0x067E, 0xD79E, 0x061E,
  0x04BE, 0x065E, 0xFFFF, 0xFFFF, 0xFFFF, 0xFFFF, 0xFFFF, 0xE71C, 0xD69B, 0xBE19, 0xAD97, 0x9CF5,
  0x8452, 0x52ED, 0x3A0B, 0xA576, 0x39A6, 0x0000, 0x0000, 0x31EA, 0x29C9, 0x1106, 0x3A0A, 0xC659,
  0xD6BB, 0xBDF8, 0xBE19, 0xEF9F, 0x4A69, 0x0000, 0x2946, 0x9D15, 0x0001, 0x0000, 0x4A69, 0xEF7E,
  0xBE19, 0xAD77, 0xCE9B, 0xC65A, 0x320A, 0x1106, 0x21A8, 0x31E9, 0x18E4, 0x0000, 0x3167, 0x4A4A,
  0x94D3, 0x52CD, 0x4A6C, 0x94B5, 0xAD97, 0xCE7A, 0xDEDC, 0xEF7D, 0xFFFF, 0xFFFF, 0xFFFF, 0xFFDE,
  0xFFFF, 0xFFFF, 0xFFFF, 0xFFFF, 0xFFFF, 0xFFFF, 0xFFFF, 0xFFFF, 0xFFFF, 0xFFFF, 0xFFFF, 0xFFFF,
  0xFFFF, 0xFFFF, 0xFFFF, 0xFFFF, 0xFFFF, 0xFFFF, 0xFFFF, 0xD63C, 0x4073, 0x4073, 0x4053, 0x4073,
  0x4073, 0x4053, 0x4073, 0x4073, 0x4073, 0x4073, 0x4073, 0x4073, 0x4053, 0x4053, 0x4053, 0x4073,
  0x4073, 0x4073, 0x4073, 0x4053, 0x4073, 0x4073, 0x3851, 0x0826, 0x0826, 0x0826, 0x0826, 0x0827,
  0x0826, 0x0826, 0x0826, 0x0826, 0x0826, 0x0826, 0x0826, 0x0826, 0x0826, 0x0826, 0x0826, 0x0826,
  0x0806, 0x0806, 0x0806, 0x0006, 0x0005, 0x0005, 0x0005, 0x0004, 0x0004, 0x018C, 0x018C, 0x016B,
  0x01EF, 0x01EF, 0x01EF, 0x01EF, 0x01EF, 0x01EF, 0x01EF, 0x01EF, 0x01EF, 0x01EF, 0x01EF, 0x01EF,
  0x01EF, 0x0210, 0x00AF, 0x00AF, 0x00AF, 0x00AF, 0x00AF, 0x00AF, 0x00AF, 0x00AF, 0x00AF, 0x00AF,
  0x00AF, 0x00AF, 0x00AF, 0x00AF, 0x00AF, 0x00AF, 0x00AF, 0x00AF, 0x00AF, 0x00AF, 0x00AF, 0x0231,
  0x0231, 0x0231, 0x0231, 0x0231, 0x1068, 0x1068, 0x1068, 0x1068, 0x1068, 0x1068, 0x1068, 0x1068,
  0x1068, 0x1089, 0x1088, 0x1089, 0x1089, 0x1089, 0x1089, 0x1089, 0x1089, 0x1089, 0x1089, 0x1089,
  0x1089, 0x1089, 0x1089, 0x1089, 0x1089, 0x1089, 0x1089, 0x1089, 0x1069, 0x1069, 0x1069, 0x1069,
  0x1069, 0x1069, 0x059D, 0x05DF, 0x05BE, 0x0150, 0xE65D, 0xFFFE, 0xF7FE, 0x4BFF, 0x5B19, 0xACD1,
  0x03B3, 0x053C, 0x0414, 0xB575, 0xD71C, 0x7C94, 0x9D56, 0xB5F7, 0xC617, 0x33B9, 0x051F, 0x061F,
  0x059E, 0x059E, 0x059E, 0x059E, 0x059E, 0x059E, 0x059E, 0x05FF, 0x053C, 0x0020, 0x0000, 0x0000,
  0x0000, 0x0000, 0x0000, 0x0000, 0x0000, 0x0000, 0x0861, 0x0020, 0x0000, 0x0000, 0x0000, 0x0000,
  0x6B4D, 0x18E4, 0x0001, 0x2A0A, 0x41E7, 0x0000, 0x0000, 0x0000, 0x0000, 0x01AA, 0x065F, 0x059F,
  0x059E, 0x059E, 0x059E, 0x059E, 0x055D, 0x1028, 0x1028, 0x1028, 0x1029, 0x1029, 0x1049, 0x1049,
  0x1049, 0x1049, 0x1049, 0x1049, 0x1049, 0x186A, 0x186A, 0x186A, 0xF79E, 0xFFFF, 0x061E, 0x051F,
  0x7EFF, 0x66DE, 0x04FE, 0x061E, 0x067F, 0x053E, 0x05FF, 0x05FF, 0x069E, 0xDF9F, 0x059F, 0x055F,
  0xE7BF, 0xFFFF, 0x067E, 0x049E, 0x4EBE, 0xFFFF, 0xFFFE, 0x05BE, 0x053F, 0x9F3E, 0x05BE, 0x05FE,
  0xAF3E, 0x04FE, 0xA73E, 0xA75E, 0x049E, 0x1EBE, 0xFFFF, 0xCF7E, 0x051E, 0x059E, 0xFFFF, 0xFFFF,
  0xFFFF, 0xE71C, 0x6B90, 0x426C, 0x6350, 0x6370, 0x5B50, 0x6371, 0x6350, 0x10A2, 0x0000, 0x0000,
  0x0000, 0x18E3, 0x632E, 0x2189, 0x2188, 0x2168, 0x2146, 0xAD97, 0xD6DC, 0xC65A, 0xCE9B, 0x9D15,
  0x0000, 0x0000, 0x3187, 0xA555, 0x0000, 0x0000, 0x0000, 0xBDF8, 0xC63A, 0xC65A, 0xD6BB, 0xBE39,
  0x320A, 0x1106, 0x2988, 0x2988, 0x2125, 0x39A8, 0x6B90, 0x39E9, 0x1083, 0x0000, 0x0020, 0x4A8C,
  0x426C, 0x426C, 0x6BB1, 0x634F, 0x632E, 0xEF7E, 0xFFFF, 0xFFDE, 0xFFFF, 0xFFFF, 0xFFFF, 0xFFFF,
  0xFFFF, 0xFFFF, 0xFFFF, 0xFFFF, 0xFFFF, 0xFFFF, 0xFFFF, 0xFFFF, 0xFFFF, 0xFFFF, 0xFFFF, 0xFFFF,
  0xFFFF, 0xFFFF, 0xFFFF, 0xEF3E, 0x4073, 0x4053, 0x4073, 0x4073, 0x4053, 0x4073, 0x4053, 0x4053,
  0x4073, 0x4053, 0x4053, 0x4073, 0x4073, 0x4053, 0x4073, 0x4053, 0x4073, 0x4053, 0x4073, 0x4053,
  0x4053, 0x4053, 0x4072, 0x0827, 0x0827, 0x0827, 0x0827, 0x0826, 0x0827, 0x0827, 0x0826, 0x0826,
  0x0826, 0x0826, 0x0826, 0x0826, 0x0826, 0x0826, 0x0826, 0x0826, 0x0826, 0x0826, 0x0806, 0x0806,
  0x0005, 0x0005, 0x0005, 0x0004, 0x0004, 0x018C, 0x016C, 0x014B, 0x01EF, 0x01EF, 0x01EF, 0x01EF,
  0x01EF, 0x01EF, 0x01EF, 0x01EF, 0x01EF, 0x01EF, 0x01EF, 0x01EF, 0x020F, 0x0210, 0x00AF, 0x00AF,
  0x00AF, 0x00AF, 0x00AF, 0x00AF, 0x00AF, 0x00AF, 0x00AF, 0x00AF, 0x00AF, 0x00AF, 0x00AF, 0x00AF,
  0x00AF, 0x00AF, 0x00AF, 0x00AF, 0x00AF, 0x00AF, 0x00AF, 0x0231, 0x0231, 0x0231, 0x0231, 0x0231,
  0x1068, 0x1068, 0x1088, 0x1068, 0x1088, 0x1088, 0x1088, 0x1089, 0x1089, 0x1089, 0x1089, 0x1089,
  0x1089, 0x1089, 0x1089, 0x1089, 0x1089, 0x1089, 0x1089, 0x1089, 0x1089, 0x1089, 0x1089, 0x1089,
  0x1089, 0x1089, 0x1089, 0x1089, 0x1089, 0x1089, 0x1089, 0x1069, 0x1069, 0x1069, 0x059D, 0x057E,
  0x061F, 0x0CBD, 0xA4B8, 0xBE1B, 0xF79E, 0xFFFF, 0x64F5, 0x03B6, 0x05FF, 0x069F, 0x057E, 0x42B0,
  0xA535, 0xC6BB, 0xD6FC, 0xD6FC, 0xCED7, 0x7B1A, 0x01FB, 0x065F, 0x059F, 0x059E, 0x059E, 0x059E,
  0x059E, 0x059E, 0x059E, 0x05FF, 0x055D, 0x0000, 0x0000, 0x0000, 0x0000, 0x0000, 0x0000, 0x0000,
  0x0000, 0x0000, 0x0000, 0x0000, 0x0000, 0x0000, 0x0000, 0x6B6E, 0xF79E, 0x3A2A, 0x00EC, 0x4414,
  0x3964, 0x0000, 0x0000, 0x0000, 0x0800, 0x0417, 0x067F, 0x059E, 0x059E, 0x059E, 0x059E, 0x059E,
  0x055D, 0x1028, 0x1028, 0x1028, 0x1029, 0x1029, 0x1049, 0x1049, 0x1049, 0x1049, 0x1049, 0x1049,
  0x1049, 0x186A, 0x186A, 0x186A, 0xF79E, 0xFFFF, 0x061E, 0x055E, 0x04FE, 0x04FF, 0x05DE, 0xCF9E,
  0x069E, 0x055E, 0x055F, 0x04FE, 0x05BD, 0xD77E, 0x059F, 0x057F, 0xEFDF, 0xFFFF, 0x065E, 0x04BE,
  0x7EFE, 0xFFFF, 0xFFFF, 0x05DE, 0x055E, 0x067E, 0x055E, 0x061E, 0x8EFE, 0x051E, 0x0E9E, 0x871F,
  0x04DE, 0x069E, 0xFFFF, 0xEFBF, 0x053E, 0x057E, 0xF7FF, 0xFFFF, 0xAD97, 0x3A2C, 0x52CE, 0xB5B7,
  0x5AEC, 0x2946, 0x31A7, 0x39E8, 0x4A6B, 0x5AED, 0x422A, 0x4A6B, 0x2967, 0x0020, 0x7C12, 0x320A,
  0x2167, 0x21A9, 0x0884, 0x94B3, 0xDF3D, 0xC65A, 0xEF9F, 0x4A8A, 0x0000, 0x0000, 0x3A08, 0xAD55,
  0x0000, 0x0000, 0x0000, 0x7C11, 0xE75E, 0xC659, 0xCE9A, 0xC639, 0x31EA, 0x1926, 0x2188, 0x29A8,
  0x10A4, 0x2168, 0x6370, 0x7BF2, 0x630F, 0x4229, 0x3186, 0x0841, 0x0000, 0x0000, 0x4208, 0x738E,
  0x5AEC, 0x3A0A, 0xC619, 0xFFDE, 0xFFFF, 0xFFFF, 0xFFFF, 0xFFFF, 0xFFFF, 0xFFFF, 0xFFFF, 0xFFFF,
  0xFFFF, 0xFFFF, 0xFFFF, 0xFFFF, 0xFFFF, 0xFFFF, 0xFFFF, 0xFFFF, 0xFFFF, 0xFFFF, 0xFFFF, 0xF7BF,
  0x4073, 0x4073, 0x4073, 0x4073, 0x4073, 0x4053, 0x4073, 0x4073, 0x4073, 0x4052, 0x4073, 0x4073,
  0x4053, 0x4073, 0x4053, 0x4053, 0x4073, 0x4053, 0x4073, 0x4073, 0x4053, 0x4073, 0x4072, 0x0827,
  0x0827, 0x0827, 0x0827, 0x0827, 0x0827, 0x0827, 0x0827, 0x0827, 0x0827, 0x0826, 0x0826, 0x0826,
  0x0826, 0x0826, 0x0826, 0x0826, 0x0826, 0x0826, 0x0026, 0x0806, 0x0805, 0x0005, 0x0005, 0x0004,
  0x0004, 0x018C, 0x016B, 0x014B, 0x01EE, 0x01EE, 0x01EF, 0x01EF, 0x01EF, 0x01EF, 0x01EF, 0x01EF,
  0x01EF, 0x01EF, 0x01EF, 0x01EF, 0x01EF, 0x01EF, 0x00AF, 0x00AF, 0x00AF, 0x00AF, 0x00AF, 0x00AF,
  0x00AF, 0x00AF, 0x00AF, 0x00AF, 0x00AF, 0x00AF, 0x00AF, 0x00AF, 0x00AF, 0x00AF, 0x00AF, 0x00AF,
  0x00AF, 0x00AF, 0x00AF, 0x0231, 0x0231, 0x0231, 0x0231, 0x0231, 0x1068, 0x1068, 0x1068, 0x1088,
  0x1088, 0x1089, 0x1089, 0x1089, 0x1089, 0x1089, 0x1089, 0x1089, 0x1089, 0x1089, 0x1889, 0x1089,
  0x1089, 0x1089, 0x1089, 0x1089, 0x1089, 0x1089, 0x1089, 0x1089, 0x1089, 0x1089, 0x1089, 0x1089,
  0x1089, 0x1089, 0x1089, 0x1089, 0x1089, 0x1089, 0x059D, 0x05BF, 0x055E, 0x9596, 0xE6FA, 0xBE3A,
  0xB61C, 0xC555, 0x0416, 0x065F, 0x059F, 0x063F, 0x039F, 0x00D5, 0x42CB, 0x9536, 0xA576, 0x7C93,
  0xEF7B, 0x743B, 0x0019, 0x047D, 0x063F, 0x059E, 0x059E, 0x059E, 0x059E, 0x059E, 0x059E, 0x05BF,
  0x061F, 0x01AA, 0x0000, 0x0000, 0x0000, 0x0000, 0x0000, 0x0000, 0x0000, 0x0000, 0x0000, 0x0000,
  0x0000, 0x0000, 0x1082, 0xF7BE, 0xFFFF, 0xF7BF, 0xB5FA, 0x94B3, 0x0000, 0x0000, 0x0000, 0x30A5,
  0x2106, 0x057E, 0x05FF, 0x059E, 0x059E, 0x059E, 0x059E, 0x059E, 0x055D, 0x1028, 0x1028, 0x1028,
  0x1029, 0x1029, 0x1049, 0x1049, 0x1049, 0x1049, 0x1049, 0x1049, 0x1049, 0x106A, 0x186A, 0x186A,
  0xF79E, 0xFFFF, 0x061E, 0x053E, 0x3E9E, 0x05BF, 0x05DE, 0xFFFE, 0x065E, 0x04FF, 0xBF7E, 0xFFFE,
  0xFFFF, 0xF7DF, 0x057F, 0x057E, 0xFFFE, 0xFFFF, 0x56BF, 0x04BF, 0x065E, 0xFFFF, 0xF7DE, 0x055E,
  0x05BE, 0x065E, 0x057E, 0x053E, 0x04FE, 0x055E, 0x061E, 0x067E, 0x04FF, 0x46DE, 0xFFFF, 0x76FE,
  0x04DE, 0x05DE, 0xFFFF, 0xEF3C, 0x1968, 0x2148, 0x52AA, 0x4A48, 0x0000, 0x0000, 0x0862, 0x39E8,
  0x5ACD, 0x6B70, 0x5B4F, 0x428D, 0x0044, 0x0000, 0x73D0, 0x5B4F, 0x1106, 0x29C9, 0x0022, 0x6B6E,
  0xEF7E, 0xD69B, 0xD6BB, 0x1081, 0x0000, 0x0000, 0x4A6A, 0xB5B7, 0x0000, 0x0884, 0x0000, 0x2145,
  0xE73D, 0xC65A, 0xCE9B, 0xBE19, 0x31EA, 0x1927, 0x29A9, 0x29C8, 0x0000, 0x0002, 0x1948, 0x320A,
  0x52ED, 0x6350, 0x6B90, 0x5B0D, 0x2105, 0x0000, 0x0000, 0x0000, 0x2103, 0x0000, 0x10A4, 0xAD35,
  0xFFFF, 0xFFFF, 0xFFFF, 0xFFFF, 0xFFFF, 0xFFFF, 0xFFFF, 0xFFFF, 0xFFFF, 0xFFFF, 0xFFFF, 0xFFFF,
  0xFFFF, 0xFFFF, 0xFFFF, 0xFFFF, 0xFFFF, 0xFFFF, 0xFFFF, 0xFFFF, 0x4073, 0x4073, 0x4073, 0x4073,
  0x4073, 0x4073, 0x4073, 0x4053, 0x4053, 0x4073, 0x4073, 0x4073, 0x4073, 0x4053, 0x4053, 0x4053,
  0x4073, 0x4053, 0x4073, 0x4073, 0x4073, 0x4073, 0x4073, 0x0827, 0x0827, 0x0827, 0x0827, 0x0827,
  0x0827, 0x0827, 0x0827, 0x0827, 0x0827, 0x0827, 0x0827, 0x0826, 0x0826, 0x0826, 0x0826, 0x0826,
  0x0826, 0x0826, 0x0026, 0x0806, 0x0805, 0x0005, 0x0005, 0x0004, 0x0004, 0x018C, 0x016B, 0x014B,
  0x01CE, 0x01EE, 0x01EE, 0x01EF, 0x01EF, 0x01EF, 0x01EF, 0x01EF, 0x01EF, 0x01EF, 0x01EF, 0x01EF,
  0x01EF, 0x01EF, 0x00AF, 0x00AF, 0x00AF, 0x00AF, 0x00AF, 0x00AF, 0x00AF, 0x00AF, 0x00AF, 0x00AF,
  0x00AF, 0x00AF, 0x00AF, 0x00AF, 0x00AF, 0x00AF, 0x00AF, 0x00AF, 0x00AF, 0x00AF, 0x00AF, 0x0231,
  0x0231, 0x0231, 0x0231, 0x0231, 0x1068, 0x1088, 0x1088, 0x1089, 0x1089, 0x1089, 0x1089, 0x1089,
  0x1089, 0x1089, 0x1089, 0x1889, 0x1089, 0x1089, 0x1089, 0x1089, 0x1089, 0x1089, 0x1089, 0x1089,
  0x1089, 0x1089, 0x1089, 0x1089, 0x1089, 0x1089, 0x1089, 0x1089, 0x1089, 0x1089, 0x1089, 0x1089,
  0x1889, 0x1089, 0x059D, 0x063F, 0x0499, 0xA4D4, 0xEF9D, 0xE75D, 0xBE59, 0x2968, 0x0128, 0x059E,
  0x065F, 0x049D, 0x08BA, 0x0117, 0x4B30, 0x430E, 0x324C, 0xADB7, 0xFFFE, 0x643A, 0x001A, 0x039E,
  0x063F, 0x059F, 0x059E, 0x059E, 0x059E, 0x059E, 0x059E, 0x059E, 0x061F, 0x055C, 0x0042, 0x0000,
  0x0000, 0x0000, 0x0000, 0x0000, 0x0000, 0x0000, 0x18C3, 0x0000, 0x0000, 0x0000, 0x9CF4, 0xFFFF,
  0xE75D, 0xEF5D, 0xFFFF, 0xAD55, 0x0000, 0x0000, 0x0822, 0x4967, 0x0394, 0x061F, 0x059F, 0x059E,
  0x059E, 0x059E, 0x059E, 0x059E, 0x055D, 0x1028, 0x1028, 0x1028, 0x1028, 0x1029, 0x1049, 0x1049,
  0x1049, 0x1049, 0x1049, 0x1049, 0x1049, 0x1049, 0x186A, 0x186A, 0xF79E, 0xFFFF, 0x061E, 0x04FE,
  0xFFFE, 0x46BE, 0x049E, 0x9F3E, 0x4EBF, 0x051F, 0x067E, 0x3EDE, 0x269E, 0x76DE, 0x05DF, 0x057E,
  0x061E, 0x063F, 0x061E, 0x053F, 0x055E, 0x5EDD, 0x065E, 0x04BE, 0x065E, 0x067D, 0x051E, 0x063E,
  0x3E9E, 0x05DE, 0x057E, 0x05BD, 0x057E, 0x05FE, 0x065E, 0x055E, 0x04DD, 0x8F3F, 0xFFFF, 0xB5B7,
  0x0883, 0x0000, 0x0000, 0x0000, 0x0000, 0x39E9, 0x6B90, 0x6390, 0x52CE, 0x3A2B, 0x29C9, 0x00A5,
  0x0000, 0x0000, 0x4A8B, 0x5B2F, 0x1107, 0x29A9, 0x0063, 0x4249, 0xE71D, 0xF7BF, 0x8431, 0x0000,
  0x0042, 0x0000, 0x52AA, 0xBE39, 0x0000, 0x18C5, 0x0022, 0x0000, 0x9CF4, 0xE73D, 0xCE9B, 0xC65A,
  0x320A, 0x1106, 0x29EA, 0x31C9, 0x0000, 0x0000, 0x0002, 0x0003, 0x08E6, 0x29A9, 0x3A4B, 0x52ED,
  0x634F, 0x52AC, 0x2125, 0x0000, 0x0000, 0x0000, 0x0021, 0x2947, 0xFFFF, 0xFFFF, 0xFFFF, 0xFFFF,
  0xFFFF, 0xFFFF, 0xFFFF, 0xFFFF, 0xFFFF, 0xFFFF, 0xFFFF, 0xFFFF, 0xFFFF, 0xFFFF, 0xFFFF, 0xFFFF,
  0xFFFF, 0xFFFF, 0xFFFF, 0xF7BF, 0x4073, 0x4073, 0x4073, 0x4053, 0x4073, 0x4073, 0x4053, 0x4053,
  0x4073, 0x4053, 0x4073, 0x4073, 0x4073, 0x4053, 0x4073, 0x4073, 0x4053, 0x4073, 0x4053, 0x4073,
  0x4073, 0x4053, 0x4073, 0x0827, 0x0827, 0x0827, 0x0827, 0x0827, 0x0827, 0x0827, 0x0827, 0x0827,
  0x0827, 0x0827, 0x0827, 0x0827, 0x0826, 0x0826, 0x0826, 0x0826, 0x0826, 0x0826, 0x0826, 0x0806,
  0x0805, 0x0005, 0x0005, 0x0004, 0x0004, 0x018C, 0x016B, 0x014B, 0x01CE, 0x01EE, 0x01EE, 0x01EE,
  0x01EE, 0x01EE, 0x01EF, 0x01EF, 0x01EF, 0x01EF, 0x01EF, 0x01EF, 0x01EF, 0x01EF, 0x00AF, 0x00AF,
  0x00AF, 0x00AF, 0x00AF, 0x00AF, 0x00AF, 0x00AF, 0x00AF, 0x00AF, 0x00AF, 0x00AF, 0x00AF, 0x00AF,
  0x00AF, 0x00AF, 0x00AF, 0x00AF, 0x00AF, 0x00AF, 0x00AF, 0x0231, 0x0231, 0x0231, 0x0231, 0x0231,
  0x1088, 0x1089, 0x1088, 0x1089, 0x1089, 0x1089, 0x1889, 0x1089, 0x1089, 0x1889, 0x1089, 0x1889,
  0x1889, 0x1889, 0x1889, 0x1889, 0x1889, 0x1889, 0x1889, 0x1889, 0x1889, 0x1889, 0x1889, 0x1889,
  0x1889, 0x1889, 0x1089, 0x1089, 0x1089, 0x1089, 0x1089, 0x1089, 0x1089, 0x1089, 0x061E, 0x053C,
  0x4391, 0xC5B7, 0xDF1C, 0xD6DB, 0x4B0E, 0x0108, 0x3987, 0x0478, 0x06BF, 0x547B, 0x0099, 0x00B1,
  0x430F, 0x5390, 0x9557, 0xFFDE, 0xFFFC, 0x8CF9, 0x011C, 0x02DE, 0x05FE, 0x05FF, 0x059E, 0x059E,
  0x059E, 0x059E, 0x059E, 0x059E, 0x059F, 0x069F, 0x0457, 0x0000, 0x0000, 0x0000, 0x0000, 0x0000,
  0x0000, 0x0000, 0x4A6A, 0x0000, 0x0000, 0xAD76, 0xE73D, 0xEF7E, 0xE75D, 0xEF7D, 0xFFFF, 0xDEFC,
  0x39C7, 0x0000, 0x0000, 0x02AF, 0x069F, 0x05BF, 0x059E, 0x059E, 0x059E, 0x059E, 0x059E, 0x059E,
  0x055D, 0x1028, 0x1028, 0x1028, 0x1028, 0x1029, 0x1029, 0x1049, 0x1049, 0x1049, 0x1049, 0x1049,
  0x1049, 0x1849, 0x186A, 0x186A, 0xF79E, 0xFFFF, 0x05BE, 0x049E, 0xDFBE, 0xB77E, 0x04BE, 0x059E,
  0x05DE, 0x051E, 0x04FE, 0x04DE, 0x049D, 0x05FD, 0x05DE, 0x051E, 0x04FE, 0x049E, 0x059E, 0x2E9E,
  0x051E, 0x049E, 0x04BF, 0x05DE, 0x9F1D, 0x055E, 0x055E, 0xFFFE, 0xFFFF, 0x9F3E, 0x04BD, 0x051E,
  0x057E, 0x051E, 0x04BE, 0x053E, 0x06BE, 0xFFFF, 0x8C71, 0x0020, 0x0000, 0x0000, 0x0000, 0x1082,
  0x31C9, 0x424C, 0x29A9, 0x2188, 0x1968, 0x1106, 0x0064, 0x0001, 0x0000, 0x0000, 0x31C8, 0x5B2F,
  0x1927, 0x29A9, 0x10E5, 0x2105, 0xDEDB, 0xE73D, 0x2105, 0x0000, 0x1905, 0x0000, 0x6B8E, 0xD6FC,
  0x0000, 0x0863, 0x2947, 0x0000, 0x52AB, 0xE75E, 0xEF5E, 0xDF1C, 0x31E9, 0x08C6, 0x3A2B, 0x31C8,
  0x0000, 0x0000, 0x0000, 0x0000, 0x0001, 0x0023, 0x10E6, 0x2188, 0x29E9, 0x426C, 0x52EE, 0x2988,
  0x18C4, 0x2104, 0x18C3, 0x39C8, 0xFFFF, 0xFFFF, 0xFFFF, 0xFFFF, 0xFFFF, 0xFFFF, 0xFFFF, 0xFFFF,
  0xFFFF, 0xFFFF, 0xFFFF, 0xFFFF, 0xFFFF, 0xFFFF, 0xFFFF, 0xFFFF, 0xFFFF, 0xFFFF, 0xFFFF, 0xEF3E,
  0x4073, 0x4053, 0x4053, 0x4053, 0x4073, 0x4073, 0x4073, 0x4073, 0x4053, 0x4073, 0x4073, 0x4073,
  0x4073, 0x4073, 0x4053, 0x4073, 0x4073, 0x4053, 0x4073, 0x4073, 0x4073, 0x4073, 0x4072, 0x1027,
  0x1027, 0x1027, 0x0827, 0x0827, 0x0827, 0x0827, 0x0827, 0x0827, 0x0827, 0x0827, 0x0827, 0x0827,
  0x0827, 0x0827, 0x0826, 0x0826, 0x0826, 0x0826, 0x0826, 0x0806, 0x0806, 0x0005, 0x0005, 0x0004,
  0x0004, 0x018C, 0x016B, 0x014B, 0x01CE, 0x01CE, 0x01EE, 0x01CE, 0x01CF, 0x01EE, 0x01EF, 0x01EF,
  0x01EF, 0x01EF, 0x01EF, 0x01EF, 0x01EF, 0x01EF, 0x00AF, 0x00AF, 0x00AF, 0x00AF, 0x00AF, 0x00AF,
  0x00AF, 0x00AF, 0x00AF, 0x00AF, 0x00AF, 0x00AF, 0x00AF, 0x00AF, 0x00AF, 0x00AF, 0x00AF, 0x00AF,
  0x00AF, 0x00AF, 0x00AF, 0x0231, 0x0231, 0x0231, 0x0231, 0x0231, 0x1089, 0x1089, 0x1089, 0x1089,
  0x1889, 0x1089, 0x1089, 0x1089, 0x1889, 0x1889, 0x1889, 0x1889, 0x1889, 0x1889, 0x1889, 0x18A9,
  0x18A9, 0x18A9, 0x18A9, 0x18A9, 0x18A9, 0x1889, 0x1889, 0x1889, 0x1889, 0x1889, 0x1889, 0x1889,
  0x1889, 0x1089, 0x1089, 0x1089, 0x1089, 0x1089, 0x03F3, 0x324C, 0x7BF1, 0xC6BB, 0xE77D, 0x9514,
  0x0125, 0x2A2A, 0x63D1, 0x9DD9, 0xE77B, 0x9CDA, 0x00DC, 0x0172, 0x534F, 0x9536, 0xB659, 0xE75D,
  0xF79C, 0xA5B9, 0x029E, 0x01BD, 0x039D, 0x061F, 0x063E, 0x059F, 0x059E, 0x059E, 0x059E, 0x059E,
  0x059E, 0x059F, 0x067F, 0x03D4, 0x0062, 0x0000, 0x0000, 0x0000, 0x4A6A, 0x0000, 0x8C51, 0x4229,
  0x7BD0, 0xFFFF, 0xFFDF, 0xE71D, 0xEF5D, 0xF79E, 0xFFFF, 0xE71C, 0x0882, 0x0000, 0x0002, 0x059E,
  0x063F, 0x059E, 0x059E, 0x059E, 0x059E, 0x059E, 0x059E, 0x059E, 0x055D, 0x1028, 0x1028, 0x1028,
  0x1028, 0x1029, 0x1029, 0x1049, 0x1049, 0x1049, 0x1049, 0x1049, 0x1049, 0x1049, 0x186A, 0x186A,
  0xF79E, 0xFFFF, 0xA73E, 0x8EFE, 0xFFFF, 0xFFFF, 0x973E, 0x76FE, 0x973E, 0xAF7E, 0xAF5E, 0x9F3E,
  0x971E, 0xCF7E, 0xAF5E, 0x8F1E, 0xAF5F, 0xB77F, 0xBF7E, 0xFFFE, 0xB75E, 0x067E, 0x5E9E, 0xFFDE,
  0xF7DE, 0x7EFE, 0xC77E, 0xFFFF, 0xFFFF, 0xFFFF, 0x971E, 0x973E, 0xAF5F, 0x973E, 0x8F1E, 0xCF7E,
  0xFFFF, 0xB575, 0x0000, 0x0000, 0x0000, 0x0021, 0x18E5, 0x31A9, 0x1107, 0x0023, 0x0002, 0x0002,
  0x0002, 0x0002, 0x0000, 0x0000, 0x0000, 0x0000, 0x2967, 0x52EE, 0x2168, 0x2188, 0x1947, 0x0841,
  0xD69A, 0xCE5A, 0x0000, 0x0023, 0x2967, 0x0000, 0x7BF0, 0xC659, 0x0000, 0x0000, 0x31C9, 0x0000,
  0x2105, 0xEF7E, 0xFFFF, 0xE75D, 0x31E9, 0x1106, 0x52AD, 0x2946, 0x0000, 0x0000, 0x0000, 0x0000,
  0x0000, 0x0000, 0x0001, 0x0024, 0x08A5, 0x1106, 0x2148, 0x31EA, 0x428C, 0x632F, 0x3187, 0x1081,
  0xFFFF, 0xFFFF, 0xFFFF, 0xFFFF, 0xFFFF, 0xFFFF, 0xFFFF, 0xFFFF, 0xFFFF, 0xFFFF, 0xFFFF, 0xFFFF,
  0xFFFF, 0xFFFF, 0xFFFF, 0xFFFF, 0xFFFF, 0xFFFF, 0xFFFF, 0xD63C, 0x4073, 0x4073, 0x4073, 0x4053,
  0x4053, 0x4073, 0x4073, 0x4073, 0x4073, 0x4073, 0x4053, 0x4073, 0x4073, 0x4073, 0x4053, 0x4073,
  0x4073, 0x4073, 0x4073, 0x4073, 0x4073, 0x4053, 0x4052, 0x0827, 0x0827, 0x0827, 0x0827, 0x1027,
  0x0827, 0x0827, 0x0827, 0x0827, 0x0827, 0x0827, 0x0827, 0x0827, 0x0827, 0x0827, 0x0827, 0x0827,
  0x0827, 0x0826, 0x0826, 0x0826, 0x0805, 0x0005, 0x0005, 0x0004, 0x0004, 0x018C, 0x016B, 0x014B,
  0x01CE, 0x01CE, 0x01CE, 0x01CE, 0x01CE, 0x01EE, 0x01EE, 0x01EE, 0x01EF, 0x01EF, 0x01EF, 0x01EF,
  0x01EF, 0x01EF, 0x00AF, 0x00AF, 0x00AF, 0x00AF, 0x00AF, 0x00AF, 0x00AF, 0x00AF, 0x00AF, 0x00AF,
  0x00AF, 0x00AF, 0x00AF, 0x00AF, 0x00AF, 0x00AF, 0x00AF, 0x00AF, 0x00AF, 0x00AF, 0x00AF, 0x0211,
  0x0211, 0x0231, 0x0231, 0x0231, 0x1089, 0x1089, 0x1889, 0x1089, 0x1089, 0x1889, 0x1889, 0x1889,
  0x1889, 0x18A9, 0x18A9, 0x18A9, 0x18A9, 0x18A9, 0x18A9, 0x18A9, 0x18A9, 0x18A9, 0x18A9, 0x18A9,
  0x18A9, 0x18A9, 0x18A9, 0x18A9, 0x18A9, 0x18A9, 0x18A9, 0x1889, 0x1889, 0x1889, 0x1889, 0x1889,
  0x1089, 0x1089, 0x0331, 0x3ACE, 0x9D56, 0xDF3D, 0xE77B, 0x63D0, 0x000D, 0x5BB6, 0xDF7C, 0xDEDB,
  0xEF59, 0x53D8, 0x011F, 0x01B9, 0x4AED, 0xCEFA, 0xD6FC, 0xD71C, 0xF7BA, 0x643A, 0x01DF, 0x025E,
  0x197C, 0x02FE, 0x04BE, 0x061E, 0x061E, 0x05BF, 0x059E, 0x059E, 0x059E, 0x059E, 0x05DF, 0x065F,
  0x0416, 0x0000, 0x0000, 0x0000, 0x94B3, 0xDEDC, 0xCE7A, 0xCE7A, 0xD69B, 0xD6BB, 0xD69A, 0xE71C,
  0xEF7E, 0xE75D, 0xF7BF, 0xCE9A, 0x2000, 0x0001, 0x04FA, 0x05FF, 0x059F, 0x059E, 0x059E, 0x059E,
  0x059E, 0x059E, 0x059E, 0x059E, 0x055D, 0x1028, 0x1028, 0x1028, 0x1028, 0x1029, 0x1049, 0x1049,
  0x1049, 0x1049, 0x1049, 0x1049, 0x1049, 0x1049, 0x106A, 0x186A, 0xF79E, 0xFFFF, 0xFFFF, 0xFFFF,
  0xAF5E, 0xB73F, 0xFFFF, 0xFFFF, 0xFFFF, 0xFFFF, 0xFFFF, 0xFFFF, 0xFFFF, 0xFFFF, 0xFFFF, 0xFFFF,
  0xFFFE, 0xCF5E, 0xFFFF, 0xFFFF, 0xFFFE, 0xFFFE, 0xFFFE, 0xFFFE, 0xFFFF, 0xFFFF, 0xFFFF, 0xFFFF,
  0xFFFE, 0xFFDE, 0xFFFF, 0xFFFF, 0xFFFE, 0xFFFF, 0xFFFF, 0xFFFF, 0xFFFF, 0x52AB, 0x0023, 0x1084,
  0x0000, 0x0002, 0x0044, 0x0002, 0x0001, 0x0000, 0x0000, 0x0000, 0x0000, 0x0000, 0x0000, 0x0000,
  0x0000, 0x0000, 0x10A3, 0x426B, 0x424C, 0x2188, 0x2988, 0x0000, 0xC638, 0xF7BF, 0x0021, 0x0000,
  0x2147, 0x0000, 0x8C72, 0xB5F8, 0x0000, 0x0861, 0x31C9, 0x0000, 0x52AB, 0xFFFF, 0xFFFF, 0xE75D,
  0x31C9, 0x2988, 0x5B4F, 0x10A3, 0x0000, 0x0000, 0x0000, 0x0000, 0x0000, 0x0000, 0x0000, 0x0000,
  0x0001, 0x0002, 0x0003, 0x0065, 0x08C6, 0x1907, 0x224C, 0x3945, 0xFFFF, 0xFFFF, 0xFFFF, 0xFFFF,
  0xFFFF, 0xFFFF, 0xFFFF, 0xFFFF, 0xFFFF, 0xFFFF, 0xFFFF, 0xFFFF, 0xFFFF, 0xFFFF, 0xFFFF, 0xFFFF,
  0xFFFF, 0xFFFF, 0xFFFF, 0xB4FA, 0x4092, 0x4093, 0x4893, 0x4092, 0x4093, 0x4093, 0x4093, 0x4093,
  0x4072, 0x4072, 0x4072, 0x4073, 0x4073, 0x4073, 0x4073, 0x4072, 0x4073, 0x4072, 0x4073, 0x4072,
  0x4073, 0x4073, 0x3871, 0x1027, 0x1027, 0x0827, 0x0827, 0x0827, 0x0827, 0x0827, 0x0827, 0x0827,
  0x0827, 0x0827, 0x0827, 0x0827, 0x0827, 0x0827, 0x0827, 0x0827, 0x0827, 0x0826, 0x0826, 0x0826,
  0x0826, 0x0805, 0x0005, 0x0004, 0x0004, 0x016C, 0x016B, 0x014A, 0x01CE, 0x01CE, 0x01CE, 0x01CE,
  0x01CE, 0x01EE, 0x01CE, 0x01CE, 0x01EE, 0x01EE, 0x01EF, 0x01EF, 0x01EF, 0x01EF, 0x00AF, 0x00AF,
  0x00AF, 0x00AF, 0x00AF, 0x00AF, 0x00AF, 0x00AF, 0x00AF, 0x00AF, 0x00AF, 0x00AF, 0x00AF, 0x00AF,
  0x00AF, 0x00AF, 0x00AF, 0x00AF, 0x00AF, 0x00AF, 0x00AF, 0x0210, 0x0210, 0x0231, 0x0231, 0x0231,
  0x1089, 0x1889, 0x1089, 0x1889, 0x1889, 0x1889, 0x18A9, 0x18A9, 0x18A9, 0x18A9, 0x18A9, 0x18A9,
  0x18A9, 0x18A9, 0x18A9, 0x18A9, 0x18A9, 0x18A9, 0x18A9, 0x18A9, 0x18A9, 0x18A9, 0x18A9, 0x18A9,
  0x18A9, 0x18A9, 0x18A9, 0x18A9, 0x18A9, 0x18A9, 0x1889, 0x1889, 0x1889, 0x1889, 0x0212, 0x7452,
  0xD73C, 0xDF3C, 0xBE39, 0x0136, 0x0016, 0x0137, 0xC69A, 0xBE99, 0xD71A, 0x021A, 0x005A, 0x0038,
  0x0110, 0xB616, 0xD6FC, 0xD6FB, 0x94F4, 0x0056, 0x001B, 0x015C, 0x019D, 0x015E, 0x015E, 0x029E,
  0x03BE, 0x04DE, 0x055E, 0x055E, 0x055E, 0x055E, 0x053E, 0x059F, 0x05BF, 0x049A, 0x020D, 0x0000,
  0x7BAE, 0xFFFF, 0xE73D, 0xF79E, 0xEF7E, 0xC5F9, 0xC619, 0xE73D, 0xE73D, 0xDF1C, 0xE73D, 0xFF7D,
  0x220A, 0x03D7, 0x065F, 0x055E, 0x053E, 0x055E, 0x055E, 0x055E, 0x055E, 0x055E, 0x055E, 0x055E,
  0x04FD, 0x1028, 0x1028, 0x1028, 0x1028, 0x1028, 0x1029, 0x1049, 0x1049, 0x1049, 0x1049, 0x1049,
  0x1849, 0x1049, 0x1849, 0x186A, 0xF79E, 0xFFFF, 0xFFFF, 0x2E9D, 0x05FD, 0x05DE, 0x065D, 0xFFFE,
  0x065E, 0x05DF, 0x05FE, 0x063E, 0xEFDE, 0x063E, 0xCF9E, 0x973D, 0x05BE, 0x05FE, 0x05DE, 0xAF5E,
  0x5EBE, 0x8F1E, 0x05FE, 0x269E, 0xFFFF, 0x8EFE, 0x063E, 0xFFFF, 0x8EFD, 0x055D, 0xEFDF, 0xDFBF,
  0x05FD, 0xF7DF, 0xFFFF, 0xFFFF, 0xFFFF, 0x2965, 0x0000, 0x0000, 0x0000, 0x0000, 0x0000, 0x0000,
  0x0000, 0x0000, 0x0000, 0x0000, 0x0000, 0x0000, 0x0000, 0x0000, 0x0000, 0x4229, 0x2926, 0x4AAC,
  0x5B2E, 0x31E9, 0x3A2B, 0x0000, 0xA534, 0xFFFF, 0xAD55, 0x52ED, 0x424A, 0x0000, 0x94B3, 0xE73D,
  0x0000, 0x0861, 0x7BF1, 0x630C, 0xEF5D, 0xF7BE, 0xFFDF, 0xDF1C, 0x31E9, 0x3A0A, 0x5B0E, 0x0021,
  0x0000, 0x0000, 0x0000, 0x0000, 0x0000, 0x0000, 0x0000, 0x0000, 0x0000, 0x0000, 0x0000, 0x0000,
  0x0001, 0x0001, 0x0043, 0x50A3, 0xFFFF, 0xFFFF, 0xFFFF, 0xFFFF, 0xFFFF, 0xFFFF, 0xFFFF, 0xFFFF,
  0xFFFF, 0xFFFF, 0xFFFF, 0xFFFF, 0xFFFF, 0xFFFF, 0xFFFF, 0xFFFF, 0xFFFF, 0xFFFF, 0xFFFF, 0x8B57,
  0x48B2, 0x4893, 0x48B3, 0x4892, 0x4892, 0x4893, 0x4893, 0x4892, 0x4892, 0x4893, 0x4893, 0x4893,
  0x4893, 0x4892, 0x4893, 0x4893, 0x4893, 0x4093, 0x4893, 0x4893, 0x4093, 0x4093, 0x3870, 0x1047,
  0x1047, 0x1047, 0x1047, 0x1027, 0x0827, 0x0827, 0x0827, 0x0827, 0x0827, 0x0827, 0x0827, 0x0827,
  0x0827, 0x0827, 0x0827, 0x0827, 0x0827, 0x0826, 0x0826, 0x0826, 0x0826, 0x0025, 0x0005, 0x0004,
  0x0004, 0x016C, 0x016B, 0x014A, 0x01CE, 0x01CE, 0x01CE, 0x01CE, 0x01CE, 0x01CE, 0x01CE, 0x01CE,
  0x01EE, 0x01CE, 0x01EF, 0x01EF, 0x01EF, 0x01EF, 0x00AF, 0x00AF, 0x00AF, 0x00AF, 0x00AF, 0x00AF,
  0x00AF, 0x00AF, 0x00AF, 0x00AF, 0x00AF, 0x00AF, 0x00AF, 0x00AF, 0x00AF, 0x00AF, 0x00AF, 0x00AF,
  0x00AF, 0x00AF, 0x00AF, 0x0210, 0x0210, 0x0210, 0x0211, 0x0210, 0x1089, 0x1889, 0x1889, 0x1889,
  0x18A9, 0x18A9, 0x18A9, 0x18A9, 0x18A9, 0x18A9, 0x18A9, 0x18A9, 0x18A9, 0x18A9, 0x18A9, 0x18A9,
  0x18A9, 0x18A9, 0x18A9, 0x18A9, 0x18A9, 0x18A9, 0x18A9, 0x18A9, 0x18A9, 0x18A9, 0x18A9, 0x18A9,
  0x18A9, 0x18A9, 0x18A9, 0x18A9, 0x1889, 0x1889, 0xBDD7, 0xF77C, 0xFFFF, 0xFFFD, 0xE71D, 0xA55D,
  0xC5BC, 0xC5BC, 0xFF5D, 0xFFDD, 0xFFFE, 0xCE1D, 0xB61C, 0xBDBB, 0xD5FC, 0xF6FA, 0xEFBE, 0xFFBC,
  0xEE99, 0xB59D, 0x9D7C, 0xCDFD, 0xBE1E, 0xB61E, 0xD63F, 0xB57E, 0xD59E, 0xCE9E, 0x7EFE, 0x8F1E,
  0xBF7F, 0xBF7E, 0x8F1E, 0x7EFE, 0x7F1F, 0x6FBF, 0x77FF, 0x8492, 0x20A2, 0xB5B7, 0xEF9F, 0xDEDC,
  0xD6BB, 0xBDD8, 0xB5D8, 0xD69B, 0xDEBB, 0xDEFC, 0xE75E, 0x9C51, 0x8E3A, 0x77DF, 0x7EFE, 0x86FE,
  0x7F1E, 0x7F1E, 0x7F1E, 0x7F1E, 0x7F1E, 0x7F1E, 0x7F1E, 0x7F1E, 0x7EBD, 0x1028, 0x1028, 0x1028,
  0x1028, 0x1028, 0x1029, 0x1049, 0x1049, 0x1049, 0x1049, 0x1049, 0x1849, 0x1049, 0x1069, 0x186A,
  0xF79E, 0xFFFF, 0x5EDD, 0x053D, 0xFFFE, 0xFFFE, 0x059D, 0x8EFE, 0x067E, 0xAF5F, 0xFFFF, 0x061D,
  0x067E, 0x067F, 0x569E, 0x057E, 0x9F1E, 0xFFFF, 0x6EDE, 0x8F1D, 0x067E, 0x5EDF, 0x05FE, 0x055D,
  0xFFFF, 0x86FF, 0x05DE, 0xFFFF, 0x2EBE, 0x04FD, 0x971F, 0xEFDF, 0x05BE, 0xF7DF, 0xFFFF, 0xFFFF,
  0xFFDF, 0x0840, 0x0000, 0x0000, 0x0000, 0x0000, 0x0000, 0x0000, 0x0000, 0x0000, 0x0000, 0x0000,
  0x0000, 0x0000, 0x0000, 0x0000, 0x4A6A, 0xBDF9, 0x7BB1, 0x7C12, 0x636F, 0x3A0A, 0x426C, 0x0000,
  0x6B2C, 0xFFFF, 0xFFFF, 0xFFFF, 0x4A69, 0x0000, 0xBDB7, 0xEF3D, 0x0000, 0x0000, 0xDEDB, 0xFFFF,
  0xFFFF, 0xE75D, 0xFFFF, 0xD6FB, 0x3A2A, 0x4AAD, 0x424B, 0x0000, 0x2965, 0x52CC, 0x0883, 0x0000,
  0x0000, 0x0000, 0x0000, 0x0000, 0x0000, 0x0000, 0x0000, 0x0000, 0x0000, 0x0000, 0x0000, 0x7021,
  0xFFFF, 0xFFFF, 0xFFFF, 0xFFFF, 0xFFFF, 0xFFFF, 0xFFFF, 0xFFFF, 0xFFFF, 0xFFFF, 0xFFFF, 0xFFFF,
  0xFFFF, 0xFFFF, 0xFFFF, 0xFFFF, 0xFFFF, 0xFFFF, 0xFFDF, 0x5953, 0x48D2, 0x48B3, 0x48B2, 0x48B2,
  0x48B3, 0x48B2, 0x48B3, 0x48B2, 0x48B3, 0x48B3, 0x48B2, 0x48B2, 0x48B3, 0x48B2, 0x48B3, 0x48B2,
  0x48B2, 0x48B3, 0x48B3, 0x48B2, 0x48B3, 0x48B2, 0x308E, 0x1047, 0x1047, 0x1047, 0x1047, 0x1047,
  0x1047, 0x1047, 0x0827, 0x0827, 0x0827, 0x0827, 0x0827, 0x0827, 0x0827, 0x0827, 0x0827, 0x0827,
  0x0827, 0x0826, 0x0826, 0x0826, 0x0826, 0x0025, 0x0005, 0x0004, 0x0004, 0x016B, 0x014B, 0x014A,
  0x01CE, 0x01CE, 0x01CE, 0x01CE, 0x01CE, 0x01CE, 0x01CE, 0x01CE, 0x01CE, 0x01CE, 0x01EE, 0x01CF,
  0x01EF, 0x01EF, 0x00AF, 0x00AF, 0x00AF, 0x00AF, 0x00AF, 0x00AF, 0x00AF, 0x00AF, 0x00AF, 0x00AF,
  0x00AF, 0x00AF, 0x00AF, 0x00AF, 0x00AF, 0x00AF, 0x00AF, 0x00AF, 0x00AF, 0x00AF, 0x00AF, 0x0210,
  0x0210, 0x0210, 0x0210, 0x0230, 0x1889, 0x1889, 0x18A9, 0x18A9, 0x18A9, 0x18A9, 0x18A9, 0x18A9,
  0x18A9, 0x18A9, 0x18A9, 0x18A9, 0x18A9, 0x18A9, 0x18A9, 0x18A9, 0x18A9, 0x18A9, 0x18A9, 0x18A9,
  0x18A9, 0x18A9, 0x18A9, 0x18A9, 0x18A9, 0x18A9, 0x18A9, 0x18A9, 0x18A9, 0x18A9, 0x18A9, 0x18A9,
  0x18A9, 0x18A9, 0xFFDE, 0xF7FF, 0xAF3F, 0xA75F, 0xFFFF, 0xFFFF, 0xDFFF, 0xBFFF, 0xC7BF, 0xDFDF,
  0xA75F, 0xD7FF, 0xFFFF, 0xFFFF, 0x8FBF, 0xC7BF, 0xFFFF, 0xDFDF, 0x7F3F, 0xFFFF, 0xFFFF, 0xD7FF,
  0xFFFF, 0xFFFF, 0xDFFF, 0xFFFF, 0xF7FF, 0xDFFE, 0xFFFF, 0xFFFF, 0xA73E, 0xBF5E, 0xFFFF, 0xFFFF,
  0xFFFF, 0xFFFF, 0xFFFF, 0xFFFF, 0x73AF, 0x10E5, 0xD6BC, 0xDEFC, 0xCE9B, 0xC65A, 0xC639, 0xCE9B,
  0xD6DB, 0xDEDC, 0xA577, 0x1106, 0xCE18, 0xFFFF, 0xFFFF, 0xFFFF, 0xFFFF, 0xFFFF, 0xFFFF, 0xFFFF,
  0xFFFF, 0xFFFF, 0xFFFF, 0xFFFF, 0xF79E, 0x1028, 0x1028, 0x1028, 0x1028, 0x1028, 0x1028, 0x1049,
  0x1049, 0x1049, 0x1049, 0x1049, 0x1049, 0x1049, 0x1069, 0x186A, 0xF79E, 0xFFFF, 0x05DE, 0x069E,
  0xFFFF, 0xFFFF, 0x7F1E, 0x061E, 0x069E, 0xD7BE, 0xFFFF, 0x067E, 0x065E, 0x66DF, 0x05BE, 0x065E,
  0xFFFF, 0xFFFF, 0xFFFE, 0xFFFF, 0x065E, 0x3EDE, 0x96FE, 0x05DD, 0x9F3E, 0xCF7F, 0x063E, 0xE7BE,
  0x065E, 0x76FE, 0x2EBE, 0xE7BF, 0x05FE, 0xF7DF, 0xFFFF, 0xFFFF, 0xD6BA, 0x0000, 0x0000, 0x0000,
  0x0000, 0x0000, 0x0000, 0x0000, 0x0000, 0x0000, 0x0000, 0x0000, 0x0000, 0x0000, 0x0000, 0x4A6B,
  0x8454, 0x73F2, 0x6390, 0x7BF2, 0x6B90, 0x426B, 0x52EE, 0x0000, 0x1081, 0xFFFF, 0xFFFF, 0xEF7E,
  0x0020, 0x0000, 0xEF7E, 0xEF7E, 0x0000, 0x0000, 0xDEDB, 0xFFFF, 0xEF7D, 0xFFDF, 0xFFFF, 0xDEDB,
  0x422B, 0x4A8C, 0x4A6B, 0x3A09, 0x94F5, 0xB5F9, 0x6370, 0x3A4A, 0x0000, 0x0000, 0x0000, 0x0000,
  0x0000, 0x0000, 0x0000, 0x0000, 0x0000, 0x0000, 0x0000, 0x8022, 0xFFFF, 0xFFFF, 0xFFFF, 0xFFFF,
  0xFFFF, 0xFFFF, 0xFFFF, 0xFFFF, 0xFFFF, 0xFFFF, 0xFFFF, 0xFFFF, 0xFFFF, 0xFFFF, 0xFFFF, 0xFFFF,
  0xFFFF, 0xFFFF, 0xCDDC, 0x48D2, 0x48D2, 0x48D2, 0x48D2, 0x48D2, 0x48D2, 0x48D2, 0x48D2, 0x48D2,
  0x48D2, 0x48D2, 0x48D2, 0x48D2, 0x48D2, 0x48D2, 0x48D2, 0x48D2, 0x48D2, 0x48D2, 0x48D2, 0x48D2,
  0x48D2, 0x48D2, 0x288D, 0x1047, 0x1047, 0x1047, 0x1047, 0x1047, 0x1047, 0x1047, 0x1047, 0x1047,
  0x1027, 0x0827, 0x0827, 0x0827, 0x0827, 0x0827, 0x0827, 0x0827, 0x0827, 0x0826, 0x0826, 0x0826,
  0x0826, 0x0025, 0x0005, 0x0004, 0x0004, 0x016B, 0x014B, 0x014A, 0x01CE, 0x01CE, 0x01CE, 0x01CE,
  0x01CE, 0x01CE, 0x01CE, 0x01CE, 0x01CE, 0x01CE, 0x01EE, 0x01CE, 0x01EE, 0x01EE, 0x00AF, 0x00AF,
  0x00AF, 0x00AF, 0x00AF, 0x00AF, 0x00AF, 0x00AF, 0x00AF, 0x00AF, 0x00AF, 0x00AF, 0x00AF, 0x00AF,
  0x00AF, 0x00AF, 0x00AF, 0x00AF, 0x00AF, 0x00AF, 0x00AF, 0x0210, 0x0210, 0x0210, 0x0210, 0x0210,
  0x18A9, 0x18A9, 0x18A9, 0x18A9, 0x18A9, 0x18A9, 0x18A9, 0x18A9, 0x18A9, 0x18A9, 0x18A9, 0x18A9,
  0x18C9, 0x18C9, 0x18C9, 0x18C9, 0x18C9, 0x18C9, 0x18C9, 0x18C9, 0x18C9, 0x18C9, 0x18C9, 0x18C9,
  0x18A9, 0x18A9, 0x18A9, 0x18A9, 0x18A9, 0x18A9, 0x18A9, 0x18A9, 0x18A9, 0x18A9, 0xFFDE, 0x66DF,
  0x04FE, 0x053E, 0x063E, 0x065E, 0x053F, 0x05BF, 0x067E, 0x05FE, 0x055E, 0x059E, 0x063E, 0x05DE,
  0x057E, 0x05FE, 0x9F3E, 0x057E, 0x051E, 0x05BE, 0xA73E, 0x051E, 0x065E, 0x9F3E, 0x059F, 0xFFFF,
  0x05BE, 0x04FE, 0xFFFF, 0x5EDE, 0x055D, 0x055E, 0x069F, 0xFFFF, 0xFFFF, 0xFFFF, 0xFFFF, 0x8410,
  0x1906, 0x4ACD, 0x8454, 0xB5D8, 0xDEFC, 0xD6DC, 0xD6DC, 0xDEFC, 0xCE7A, 0x94F6, 0x7C54, 0x4AAD,
  0x0000, 0x6B4D, 0xEF7D, 0xFFFF, 0xFFFF, 0xFFFF, 0xFFFF, 0xFFFF, 0xFFFF, 0xFFFF, 0xFFFF, 0xFFFF,
  0xF79E, 0x1028, 0x1028, 0x1028, 0x1028, 0x1028, 0x1028, 0x1049, 0x1049, 0x1049, 0x1049, 0x1049,
  0x1049, 0x1049, 0x1069, 0x1869, 0xF79E, 0xFFFF, 0x05DE, 0x7EFF, 0xFFFF, 0xFFFF, 0xA75F, 0x063E,
  0x065E, 0x061D, 0x061E, 0x05FE, 0xDF9E, 0x067F, 0x059E, 0x66DE, 0xFFFF, 0x76BD, 0x059D, 0x66FE,
  0x069E, 0x3EDF, 0x86FE, 0x8F3E, 0x063D, 0x86FE, 0x0E9E, 0x4EBE, 0x061E, 0xFFFE, 0x065E, 0x8F1E,
  0x061E, 0xF7DF, 0xFFFF, 0xFFFF, 0xB596, 0x0000, 0x0000, 0x0000, 0x0000, 0x0000, 0x0000, 0x0000,
  0x0000, 0x0000, 0x0000, 0x0000, 0x0000, 0x1083, 0x528B, 0x8C95, 0x7C53, 0x7412, 0x7412, 0x6350,
  0x6B90, 0x4A8C, 0x5B2F, 0x2987, 0x0000, 0xCE79, 0xFFFF, 0xCE7A, 0x0000, 0x0861, 0xDF1D, 0xC65A,
  0x0841, 0x0000, 0xC65A, 0xFFFF, 0xE73D, 0xEF7D, 0xFFFF, 0xCE59, 0x31E9, 0x428C, 0x530E, 0x530E,
  0x5B2F, 0x73F2, 0x73D1, 0x73F2, 0x3A09, 0x0861, 0x0020, 0x0000, 0x0000, 0x0000, 0x0000, 0x0000,
  0x0000, 0x0000, 0x0000, 0x8822, 0xFFFF, 0xFFFF, 0xFFFF, 0xFFFF, 0xFFFF, 0xFFFF, 0xFFFF, 0xFFFF,
  0xFFFF, 0xFFFF, 0xFFFF, 0xFFFF, 0xFFFF, 0xFFFF, 0xFFFF, 0xFFFF, 0xFFFF, 0xFFFF, 0x82F6, 0x48F2,
  0x48F2, 0x48F2, 0x48F2, 0x48F2, 0x48F2, 0x48F2, 0x48F2, 0x48F2, 0x48F2, 0x48F2, 0x48F2, 0x48F2,
  0x48F2, 0x48F2, 0x48F2, 0x48F2, 0x48F2, 0x48F2, 0x48D2, 0x48F2, 0x48D2, 0x48F2, 0x208B, 0x1047,
  0x1047, 0x1047, 0x1047, 0x1047, 0x1047, 0x1047, 0x1047, 0x1047, 0x1047, 0x1047, 0x1027, 0x1027,
  0x0827, 0x0827, 0x0827, 0x0827, 0x0827, 0x0827, 0x0826, 0x0826, 0x0826, 0x0025, 0x0005, 0x0004,
  0x0004, 0x016B, 0x014B, 0x014A, 0x01CD, 0x01CE, 0x01CE, 0x01CE, 0x01CE, 0x01CE, 0x01CE, 0x01CE,
  0x01CE, 0x01CE, 0x01CE, 0x01CE, 0x01EE, 0x01EE, 0x00AF, 0x00AF, 0x00AF, 0x00AF, 0x00AF, 0x00AF,
  0x00AF, 0x00AF, 0x00AF, 0x00AF, 0x00AF, 0x00AF, 0x00AF, 0x00AF, 0x00AF, 0x00AF, 0x00AF, 0x00AF,
  0x00AF, 0x00AF, 0x00AF, 0x0210, 0x0210, 0x0210, 0x0210, 0x0210, 0x18A9, 0x18A9, 0x18A9, 0x18A9,
  0x18A9, 0x18A9, 0x18A9, 0x18A9, 0x18A9, 0x18C9, 0x18CA, 0x18C9, 0x18C9, 0x18C9, 0x18CA, 0x18C9,
  0x18C9, 0x18C9, 0x18C9, 0x18C9, 0x18C9, 0x18C9, 0x18C9, 0x18C9, 0x18CA, 0x18CA, 0x18C9, 0x18A9,
  0x18A9, 0x18A9, 0x18A9, 0x18A9, 0x18A9, 0x18A9, 0xFFDE, 0x2EBF, 0x05DE, 0xBF7E, 0x057E, 0x059E,
  0x05DE, 0x86FE, 0xD79E, 0x05BF, 0x2E9E, 0x269E, 0x049E, 0x051E, 0x3E9E, 0xC77E, 0x05FE, 0x059E,
  0xEFDE, 0x05DF, 0x05BE, 0x05FE, 0x05BE, 0x065E, 0x063F, 0xB75E, 0x05BE, 0x055E, 0x6EFE, 0xD79F,
  0x7EFE, 0x05BE, 0x067F, 0xFFFF, 0xFFFF, 0xFFFF, 0x6B4D, 0x0000, 0x10C5, 0xBE19, 0xA577, 0x7C33,
  0x9D36, 0xBE19, 0xBE19, 0xA577, 0x8454, 0x8474, 0xC67A, 0xA577, 0x0000, 0x0000, 0x8C72, 0xFFFF,
  0xFFFF, 0xFFFF, 0xFFFF, 0xFFFF, 0xFFFF, 0xFFFF, 0xFFFF, 0xFFFF, 0xF79E, 0x1028, 0x1028, 0x1028,
  0x1028, 0x1028, 0x1028, 0x1049, 0x1049, 0x1049, 0x1049, 0x1049, 0x1049, 0x1049, 0x1049, 0x1849,
  0xF79E, 0xFFFF, 0x05BE, 0x1E9E, 0xFFFF, 0xFFFF, 0x8F1E, 0x061D, 0x067E, 0xA73E, 0x061E, 0x063E,
  0xFFFF, 0x065F, 0x05BE, 0x067E, 0xFFFF, 0xDF9E, 0x8EFE, 0x067F, 0x067F, 0x56DF, 0x46BF, 0xFFFF,
  0x061E, 0x057E, 0x86DE, 0x067E, 0x055E, 0x05DD, 0x057D, 0x069E, 0x065E, 0xFFFF, 0xFFFF, 0xFFFF,
  0xAD55, 0x0000, 0x0000, 0x0000, 0x0000, 0x0000, 0x0000, 0x0000, 0x0000, 0x0000, 0x0000, 0x0000,
  0x0000, 0x39E8, 0xBE1A, 0x7C33, 0x8454, 0x73D2, 0x4ACE, 0x530E, 0x73D1, 0x52ED, 0x428C, 0x6B6F,
  0x0000, 0x9491, 0xFFFF, 0xAD75, 0x0000, 0x4228, 0xF7BF, 0xC639, 0x31C8, 0x0003, 0xBDF8, 0xFFFF,
  0xF7BE, 0xF79E, 0xFFFF, 0xAD55, 0x2147, 0x4ACD, 0x4A8C, 0x3A2B, 0x5B0E, 0x634F, 0x6B70, 0x632F,
  0x6B90, 0x73D0, 0x0882, 0x0000, 0x0000, 0x0000, 0x0000, 0x0000, 0x0000, 0x0000, 0x0000, 0x9022,
  0xFFFF, 0xFFFF, 0xFFFF, 0xFFFF, 0xFFFF, 0xFFFF, 0xFFFF, 0xFFFF, 0xFFFF, 0xFFFF, 0xFFFF, 0xFFFF,
  0xFFFF, 0xFFFF, 0xFFFF, 0xFFFF, 0xFFFF, 0xDE9D, 0x5112, 0x5112, 0x5112, 0x5112, 0x5112, 0x5112,
  0x5112, 0x5112, 0x5112, 0x5112, 0x4912, 0x4912, 0x4912, 0x5112, 0x5112, 0x4912, 0x5112, 0x4912,
  0x4912, 0x4912, 0x4912, 0x48F2, 0x4912, 0x4912, 0x1869, 0x1047, 0x1047, 0x1047, 0x1047, 0x1047,
  0x1047, 0x1047, 0x1047, 0x1047, 0x1047, 0x1047, 0x1047, 0x1047, 0x1047, 0x0827, 0x0827, 0x1027,
  0x1027, 0x0827, 0x0826, 0x0826, 0x0826, 0x0825, 0x0005, 0x0004, 0x0004, 0x016B, 0x014B, 0x014A,
  0x01AD, 0x01CD, 0x01CE, 0x01CE, 0x01CE, 0x01CE, 0x01CE, 0x01CE, 0x01CE, 0x01CE, 0x01CE, 0x01CE,
  0x01CE, 0x01CE, 0x00AF, 0x00AF, 0x00AF, 0x00AF, 0x00AF, 0x00AF, 0x00AF, 0x00AF, 0x00AF, 0x00AF,
  0x00AF, 0x00AF, 0x00AF, 0x00AF, 0x00AF, 0x00AF, 0x00AF, 0x00AF, 0x00AF, 0x00AF, 0x00AF, 0x0210,
  0x0210, 0x0210, 0x0210, 0x0210, 0x18A9, 0x18A9, 0x18A9, 0x18A9, 0x18A9, 0x18A9, 0x18C9, 0x18C9,
  0x18C9, 0x18C9, 0x18C9, 0x18C9, 0x18CA, 0x18CA, 0x18CA, 0x18CA, 0x18CA, 0x18CA, 0x18CA, 0x18CA,
  0x18CA, 0x18CA, 0x18CA, 0x18CA, 0x18CA, 0x18CA, 0x18C9, 0x18C9, 0x18C9, 0x18C9, 0x18A9, 0x18A9,
  0x18A9, 0x18A9, 0xFFDE, 0x6EDF, 0x057E, 0x05BE, 0x05DE, 0x063F, 0x059E, 0x05BE, 0xAF5E, 0x067F,
  0x053E, 0x057E, 0x7EFE, 0x6EDE, 0x057E, 0x061E, 0x055E, 0x269E, 0xFFFF, 0x067F, 0x055E, 0x063E,
  0x05DE, 0x057E, 0x069E, 0x2E9E, 0x05BE, 0x05BF, 0x05DE, 0xFFFF, 0x069F, 0x04FE, 0x8F1E, 0xFFFF,
  0xFFFF, 0xFFFF, 0x4A49, 0x0000, 0x1905, 0xC65A, 0xE73C, 0xB5D8, 0x8CB5, 0x8494, 0x8494, 0x8CB4,
  0xA577, 0xC65A, 0xE75D, 0xAD76, 0x0000, 0x0000, 0xB596, 0xFFFF, 0xFFFF, 0xFFFF, 0xFFFF, 0xFFFF,
  0xFFFF, 0xFFFF, 0xFFFF, 0xFFFF, 0xF79E, 0x1028, 0x1028, 0x1028, 0x1028, 0x1028, 0x1028, 0x1028,
  0x1049, 0x1049, 0x1049, 0x1049, 0x1049, 0x1049, 0x1049, 0x1069, 0xF79E, 0xFFFF, 0x4EBD, 0x055D,
  0xFFFF, 0xFFFF, 0x05BD, 0x6EFE, 0x067E, 0xE7DF, 0xFFFF, 0x05DE, 0xB75E, 0x063F, 0x3E9E, 0x057D,
  0xA73E, 0xFFFF, 0x9F3E, 0x063E, 0x065E, 0x2EBF, 0x167F, 0xFFFF, 0xBF7E, 0x051E, 0x05DE, 0x063E,
  0xA71E, 0xAF5E, 0x065E, 0x055E, 0x05FE, 0xF7BE, 0xF7DF, 0xFFFF, 0xA514, 0x0000, 0x0000, 0x0000,
  0x0000, 0x0000, 0x0000, 0x0000, 0x0000, 0x0000, 0x0000, 0x0000, 0x0000, 0x18C3, 0x632E, 0x8433,
  0xA556, 0x8432, 0x94B4, 0x8C93, 0x6B90, 0x5B0E, 0x3A0A, 0x7C11, 0x0000, 0x5ACB, 0xFFFF, 0x8430,
  0x0000, 0x73B0, 0xFFFF, 0xE75D, 0x52ED, 0x0001, 0xB5B7, 0xFFFF, 0xFFFF, 0xFFFF, 0xFFFF, 0x7BEF,
  0x1906, 0x52ED, 0x4AAC, 0x2147, 0x4A8C, 0x4A8D, 0x4A8D, 0x6390, 0x8454, 0x8454, 0x0000, 0x0000,
  0x0821, 0x0021, 0x0000, 0x0000, 0x0000, 0x0000, 0x0000, 0xA022, 0xFFFF, 0xFFFF, 0xFFFF, 0xFFFF,
  0xFFFF, 0xFFFF, 0xFFFF, 0xFFFF, 0xFFFF, 0xFFFF, 0xFFFF, 0xFFFF, 0xFFFF, 0xFFFF, 0xFFFF, 0xFFFF,
  0xFFFF, 0x7AD5, 0x5132, 0x5132, 0x5132, 0x5132, 0x5132, 0x5132, 0x5132, 0x5132, 0x5132, 0x5132,
  0x5132, 0x5132, 0x5132, 0x5132, 0x5132, 0x5112, 0x5132, 0x5132, 0x5132, 0x5112, 0x5112, 0x5112,
  0x5112, 0x4911, 0x1047, 0x1047, 0x1047, 0x1047, 0x1047, 0x1047, 0x1047, 0x1047, 0x1047, 0x1047,
  0x1047, 0x1047, 0x1047, 0x1047, 0x1047, 0x1047, 0x1027, 0x0827, 0x0827, 0x1027, 0x0826, 0x0826,
  0x0826, 0x0825, 0x0805, 0x0005, 0x0004, 0x016B, 0x014B, 0x014A, 0x01AD, 0x01AD, 0x01AD, 0x01AE,
  0x01AE, 0x01CE, 0x01CE, 0x01CE, 0x01CE, 0x01CE, 0x01CE, 0x01CE, 0x01CE, 0x01CE, 0x00AF, 0x00AF,
  0x00AF, 0x00AF, 0x00AF, 0x00AF, 0x00AF, 0x00AF, 0x00AF, 0x00AF, 0x00AF, 0x00AF, 0x00AF, 0x00AF,
  0x00AF, 0x00AF, 0x00AF, 0x00AF, 0x00AF, 0x00AF, 0x00AF, 0x0210, 0x0210, 0x0210, 0x0210, 0x0210,
  0x18A9, 0x18A9, 0x18A9, 0x18A9, 0x18C9, 0x18C9, 0x18C9, 0x18C9, 0x18CA, 0x18C9, 0x18CA, 0x18CA,
  0x20CA, 0x18CA, 0x18CA, 0x18CA, 0x18CA, 0x18CA, 0x18CA, 0x18CA, 0x18CA, 0x18CA, 0x18CA, 0x18CA,
  0x18CA, 0x18CA, 0x18CA, 0x18CA, 0x18C9, 0x18C9, 0x18C9, 0x18A9, 0x18A9, 0x18A9, 0xFFDE, 0x5EDF,
  0x051E, 0x063E, 0xDF9E, 0x065E, 0x057E, 0xAF5F, 0xC79F, 0x05DF, 0x05DE, 0x05BE, 0x069E, 0x973E,
  0x9F3E, 0x055E, 0x04FE, 0x05FE, 0xD79E, 0x05BE, 0x05DE, 0x061E, 0x067E, 0x053E, 0x05FE, 0x05DE,
  0x057E, 0x059E, 0x059E, 0x6EDE, 0xD79E, 0x061E, 0x057E, 0xFFFF, 0xFFFF, 0xFFFF, 0xB5B6, 0x0000,
  0x2146, 0xCEBB, 0xCE7A, 0xCE9A, 0xD6BB, 0xA577, 0x9D37, 0xD6DC, 0xCE9A, 0xCE7A, 0xD6BB, 0xB5D8,
  0x0000, 0x0000, 0xFFFF, 0xFFFF, 0xFFFF, 0xFFFF, 0xFFFF, 0xFFFF, 0xFFFF, 0xFFFF, 0xFFFF, 0xFFFF,
  0xF79E, 0x1028, 0x1028, 0x1028, 0x1028, 0x1028, 0x1048, 0x1048, 0x1049, 0x1049, 0x1049, 0x1049,
  0x1049, 0x1049, 0x1069, 0x1869, 0xF79E, 0xFFFF, 0xFFFF, 0x1E9E, 0x065E, 0x065E, 0x061E, 0xFFFE,
  0x5EDE, 0xE7DE, 0xFFFF, 0x16BE, 0x063D, 0x2E9E, 0xD79E, 0x6EFE, 0x05DE, 0x269E, 0x061E, 0xB73E,
  0x56DE, 0x6EFE, 0x86FE, 0xFFFF, 0xFFFF, 0x4EFD, 0x053D, 0x5E9D, 0xFFFF, 0xFFFF, 0xFFFF, 0x061E,
  0x05FE, 0x3E7E, 0x063E, 0xA7DF, 0x9C90, 0x0000, 0x0000, 0x0000, 0x0000, 0x0000, 0x0000, 0x0000,
  0x0000, 0x0000, 0x0000, 0x0000, 0x0000, 0x0000, 0x0000, 0x39A7, 0xDEFC, 0xEF7D, 0xEF5D, 0xDEFC,
  0x94D5, 0x4A8C, 0x31E9, 0x8432, 0x1082, 0x2124, 0xFFFF, 0x7C11, 0x0000, 0x8C93, 0xFFFF, 0xFFDF,
  0x638F, 0x0000, 0x8431, 0xFFFF, 0xFFDF, 0xFFFF, 0xFFFF, 0x4A69, 0x1926, 0x426C, 0x6B4F, 0xAD97,
  0x7BF1, 0x8CB4, 0x73F1, 0x6BD1, 0x4A8C, 0x420A, 0x0000, 0x0000, 0x0000, 0x0842, 0x0022, 0x0000,
  0x0000, 0x0000, 0x0000, 0xC022, 0xFFFF, 0xFFFF, 0xFFFF, 0xFFFF, 0xFFFF, 0xFFFF, 0xFFFF, 0xFFFF,
  0xFFFF, 0xFFFF, 0xFFFF, 0xFFFF, 0xFFFF, 0xFFFF, 0xFFFF, 0xFFFF, 0xBD5A, 0x5152, 0x5152, 0x5152,
  0x5152, 0x5152, 0x5152, 0x5152, 0x5152, 0x5152, 0x5152, 0x5152, 0x5152, 0x5152, 0x5152, 0x5152,
  0x5152, 0x5152, 0x5152, 0x5152, 0x5152, 0x5152, 0x5152, 0x5132, 0x5132, 0x40EF, 0x1067, 0x1067,
  0x1067, 0x1047, 0x1047, 0x1047, 0x1047, 0x1047, 0x1047, 0x1047, 0x1047, 0x1047, 0x1047, 0x1047,
  0x1047, 0x1047, 0x1027, 0x1027, 0x1027, 0x0827, 0x0826, 0x0826, 0x0826, 0x0825, 0x0805, 0x0005,
  0x0004, 0x016B, 0x014B, 0x014A, 0x01AD, 0x01AD, 0x01AD, 0x01AD, 0x01AD, 0x01CE, 0x01CE, 0x01CE,
  0x01CE, 0x01CE, 0x01CE, 0x01CE, 0x01CE, 0x01CE, 0x00AF, 0x00AF, 0x00AF, 0x00AF, 0x00AF, 0x00AF,
  0x00AF, 0x00AF, 0x00AF, 0x00AF, 0x00AF, 0x00AF, 0x00AF, 0x00AF, 0x00AF, 0x00AF, 0x00AF, 0x00AF,
  0x00AF, 0x00AF, 0x00AF, 0x0210, 0x0210, 0x0210, 0x0210, 0x0210, 0x18A9, 0x18A9, 0x18A9, 0x18C9,
  0x18C9, 0x18C9, 0x18CA, 0x18C9, 0x18CA, 0x18CA, 0x18CA, 0x18CA, 0x18CA, 0x18CA, 0x20CA, 0x20CA,
  0x18CA, 0x18CA, 0x18CA, 0x18CA, 0x18CA, 0x18CA, 0x18CA, 0x18CA, 0x18CA, 0x18CA, 0x18CA, 0x18CA,
  0x18CA, 0x18CA, 0x18C9, 0x18CA, 0x18C9, 0x18A9, 0xFFDE, 0x46BF, 0x05BE, 0xFFFF, 0xFFFF, 0x067E,
  0x057E, 0x05DE, 0x061E, 0x059E, 0xA75E, 0x5EDE, 0x04FE, 0x059E, 0x05BE, 0x061E, 0x971E, 0x05BE,
  0x055E, 0x05DE, 0xA73E, 0x05FF, 0xC77E, 0x061E, 0x055E, 0x055E, 0xBF5E, 0xEFDE, 0x05BE, 0x051E,
  0x059E, 0x055E, 0x069E, 0xFFFF, 0xFFFF, 0xFFFF, 0xD6BA, 0x0000, 0x3A08, 0xDF1D, 0xC65A, 0xC639,
  0xEF7E, 0x528B, 0x10A3, 0xDEDC, 0xCE9B, 0xC659, 0xD6DC, 0xB5B8, 0x0000, 0x0000, 0xD6BB, 0xFFFF,
  0xFFFF, 0xFFFF, 0xFFFF, 0xFFFF, 0xFFFF, 0xFFFF, 0xFFFF, 0xFFFF, 0xF79E, 0x0828, 0x0828, 0x1028,
  0x1028, 0x1028, 0x1028, 0x1048, 0x1048, 0x1048, 0x1049, 0x1049, 0x1049, 0x1049, 0x1069, 0x1049,
  0xF79E, 0xFFFF, 0xFFFF, 0xA75E, 0x04FD, 0x05FE, 0xFFFE, 0xFFFF, 0x2E9E, 0x059E, 0x6EDE, 0xFFFE,
  0x8EFD, 0x8EFE, 0xFFFE, 0xFFFF, 0x7EDE, 0x063D, 0x1E9D, 0xF7FF, 0xF7DF, 0xB75E, 0x96FD, 0x971E,
  0x065E, 0x067E, 0xCF7E, 0xFFBE, 0x065E, 0x36BE, 0x56DE, 0x065E, 0x76DE, 0x065E, 0x05DF, 0x073F,
  0x530C, 0x0000, 0x0000, 0x7BCF, 0x2124, 0x0000, 0x0000, 0xA534, 0xDEDB, 0x6B6E, 0x52AA, 0x4228,
  0x0000, 0x2965, 0x9492, 0x0000, 0x18E4, 0x8C32, 0x9493, 0x6B8E, 0x39E9, 0x5B0E, 0x3A0A, 0x8C73,
  0x4228, 0x0000, 0xFFFF, 0x7C32, 0x0002, 0xAD97, 0xFFFF, 0xFFFF, 0x6B90, 0x0000, 0x5289, 0xFFFF,
  0xFFFF, 0xFFFF, 0xFFDF, 0x18C3, 0x29A8, 0x52EE, 0x18C5, 0xA556, 0xF7BF, 0xDEDC, 0xF7BF, 0xC619,
  0x2105, 0x0882, 0x3187, 0x1083, 0x0000, 0x0000, 0x0001, 0x0000, 0x0000, 0x0000, 0x0000, 0xE023,
  0xFFFF, 0xFFFF, 0xFFFF, 0xFFFF, 0xFFFF, 0xFFFF, 0xFFFF, 0xFFFF, 0xFFFF, 0xFFFF, 0xFFFF, 0xFFFF,
  0xFFFF, 0xFFFF, 0xFFFF, 0xE6DD, 0x61B2, 0x5972, 0x5972, 0x5972, 0x5972, 0x5972, 0x5972, 0x5972,
  0x5972, 0x5972, 0x5972, 0x5972, 0x5972, 0x5972, 0x5972, 0x5972, 0x5972, 0x5972, 0x5172, 0x5952,
  0x5952, 0x5952, 0x5952, 0x5952, 0x5952, 0x30CC, 0x1068, 0x1068, 0x1068, 0x1068, 0x1067, 0x1067,
  0x1047, 0x1047, 0x1047, 0x1047, 0x1047, 0x1047, 0x1047, 0x1047, 0x1047, 0x1047, 0x1047, 0x1047,
  0x1027, 0x0827, 0x0827, 0x0826, 0x0826, 0x0825, 0x0825, 0x0005, 0x0004, 0x016B, 0x014A, 0x014A,
  0x01AD, 0x01AD, 0x01AD, 0x01AD, 0x01AD, 0x01CD, 0x01CD, 0x01AE, 0x01CE, 0x01CE, 0x01CE, 0x01CE,
  0x01CE, 0x01CE, 0x00AF, 0x00AF, 0x00AF, 0x00AF, 0x00AF, 0x00AF, 0x00AF, 0x00AF, 0x00AF, 0x00AF,
  0x00AF, 0x00AF, 0x00AF, 0x00AF, 0x00AF, 0x00AF, 0x00AF, 0x00AF, 0x00AF, 0x00AF, 0x00AF, 0x0210,
  0x0210, 0x0210, 0x0210, 0x0210, 0x18A9, 0x18C9, 0x18C9, 0x18C9, 0x18C9, 0x18C9, 0x18CA, 0x18CA,
  0x18CA, 0x18CA, 0x20CA, 0x20CA, 0x18CA, 0x18CA, 0x18CA, 0x18CA, 0x20CA, 0x20CA, 0x20CA, 0x20CA,
  0x20CA, 0x20CA, 0x18CA, 0x18CA, 0x18CA, 0x18CA, 0x18CA, 0x18CA, 0x18CA, 0x18CA, 0x18CA, 0x18CA,
  0x18C9, 0x18C9, 0xFFDE, 0xDF9E, 0xAF3E, 0xD79E, 0xFFFF, 0xE7BE, 0xB73E, 0x971E, 0xAF3E, 0xB75E,
  0xE7BE, 0xFFDF, 0xEFBE, 0xB75E, 0x065E, 0xE7BE, 0xFFFF, 0xE7BE, 0x76BE, 0xF7DE, 0xFFFF, 0xA73E,
  0xD79E, 0xFFDE, 0xE79F, 0xCF7F, 0xFFFF, 0xFFFF, 0xE79E, 0xD7BF, 0xA73F, 0xB75F, 0xFFFF, 0xFFFF,
  0xFFFF, 0xAD75, 0x20E3, 0x0000, 0x6B6F, 0xCE7B, 0xCE7A, 0xD6DC, 0xBE19, 0x0000, 0x0000, 0x8410,
  0xEF7E, 0xC65A, 0xD6DB, 0x8CB4, 0x1106, 0x0000, 0x0000, 0x8C71, 0xF7BE, 0xFFDF, 0xFFFF, 0xFFFF,
  0xFFFF, 0xFFFF, 0xFFFF, 0xFFFF, 0xF79E, 0x0828, 0x0828, 0x0828, 0x1028, 0x1028, 0x1028, 0x1028,
  0x1048, 0x1049, 0x1049, 0x1049, 0x1049, 0x1049, 0x1049, 0x1049, 0xF79E, 0xFFFF, 0x76FE, 0x05BE,
  0x5EBE, 0x05DD, 0x8EFE, 0x76FE, 0x059D, 0x065E, 0x057E, 0x973E, 0x8F1E, 0x063E, 0xFFFF, 0xFFFF,
  0x065F, 0x067E, 0x053E, 0x069E, 0xFFFF, 0x5EBE, 0x05DE, 0x05DE, 0x05DE, 0x063F, 0x05FD, 0x66DE,
  0x063E, 0x057E, 0x057E, 0x069E, 0x063E, 0x059E, 0x067E, 0x077F, 0x3BF2, 0x0000, 0x4A69, 0xFFFF,
  0x8410, 0x0000, 0xB5B6, 0xE73C, 0xAD54, 0xCE59, 0xFFFF, 0x6B4D, 0x0000, 0xFFFF, 0xAD55, 0x0000,
  0x0000, 0x0000, 0x0000, 0x0000, 0x0000, 0x6B90, 0x3A2B, 0x8453, 0x8C51, 0x0000, 0xD6BB, 0x6B8F,
  0x0001, 0xB5B7, 0xFFFF, 0xFFFF, 0x632E, 0x0000, 0x2944, 0xFFFF, 0xFFFF, 0xFFFF, 0xD69A, 0x0000,
  0x3A2A, 0x6370, 0x0863, 0x0000, 0x62EC, 0x9CD3, 0x8431, 0x18C4, 0x0000, 0x0001, 0x0822, 0x0021,
  0x0000, 0x0000, 0x0000, 0x0000, 0x0000, 0x0000, 0x0000, 0xF823, 0xFFFF, 0xFFFF, 0xFFFF, 0xFFFF,
  0xFFFF, 0xFFFF, 0xFFFF, 0xFFFF, 0xFFFF, 0xFFFF, 0xFFFF, 0xFFFF, 0xFFFF, 0xFFFF, 0xEF5E, 0x7253,
  0x5992, 0x5992, 0x5992, 0x5992, 0x5992, 0x5992, 0x5992, 0x5992, 0x5992, 0x5992, 0x5992, 0x5992,
  0x5992, 0x5992, 0x5992, 0x5992, 0x5992, 0x5992, 0x5992, 0x5992, 0x5992, 0x5992, 0x5972, 0x5992,
  0x5992, 0x2089, 0x1068, 0x1068, 0x1068, 0x1068, 0x1068, 0x1068, 0x1068, 0x1067, 0x1067, 0x1047,
  0x1047, 0x1047, 0x1047, 0x1047, 0x1047, 0x1047, 0x1047, 0x1047, 0x1047, 0x1027, 0x0827, 0x0826,
  0x0826, 0x0825, 0x0825, 0x0805, 0x0004, 0x016B, 0x014A, 0x012A, 0x01AD, 0x01AD, 0x01AD, 0x01AD,
  0x01AD, 0x01AD, 0x01AD, 0x01AE, 0x01AE, 0x01CE, 0x01AE, 0x01CE, 0x01CE, 0x01CE, 0x00AF, 0x00AF,
  0x00AF, 0x00AF, 0x00AF, 0x00AF, 0x00AF, 0x00AF, 0x00AF, 0x00AF, 0x00AF, 0x00AF, 0x00AF, 0x00AF,
  0x00AF, 0x00AF, 0x00AF, 0x00AF, 0x00AF, 0x00AF, 0x00AF, 0x020F, 0x0210, 0x0210, 0x0210, 0x0210,
  0x18C9, 0x18C9, 0x18C9, 0x18CA, 0x18CA, 0x18CA, 0x18CA, 0x18CA, 0x20CA, 0x20CA, 0x18CA, 0x18CA,
  0x20CA, 0x20CA, 0x20CA, 0x20CA, 0x20CA, 0x20CA, 0x20CA, 0x20CA, 0x20CA, 0x20CA, 0x20CA, 0x20CA,
  0x20CA, 0x20CA, 0x18CA, 0x18CA, 0x18CA, 0x18CA, 0x18CA, 0x18CA, 0x18CA, 0x18C9, 0xFFDE, 0x971F,
  0x059E, 0x055E, 0x067E, 0x4EBE, 0x05BF, 0x05DF, 0x069E, 0x061E, 0x069F, 0xFFFF, 0xD7BF, 0x059E,
  0x057E, 0x061E, 0xFFFF, 0xB75E, 0x051E, 0xA73E, 0xCF7F, 0x059E, 0x055E, 0x05BE, 0xFFFE, 0xFFFF,
  0xFFFF, 0xFFFF, 0xFFFF, 0xFFFF, 0xFFFF, 0xFFFF, 0xE73C, 0xAD98, 0x8432, 0x0000, 0x0000, 0x08C6,
  0x7C53, 0xD6DB, 0xBE19, 0xF7DF, 0x52AB, 0x18C3, 0x4A6A, 0x0000, 0xDF1D, 0xCE9A, 0xC63A, 0xA556,
  0x29EA, 0x1947, 0x0000, 0x0000, 0x734E, 0xADB9, 0xDEFC, 0xFFFF, 0xFFFF, 0xFFFF, 0xFFFF, 0xFFFF,
  0xF79E, 0x0828, 0x0828, 0x0828, 0x1028, 0x1028, 0x1028, 0x1028, 0x1048, 0x1048, 0x1049, 0x1049,
  0x1049, 0x1049, 0x1049, 0x1049, 0xF79E, 0xFFFF, 0x05BE, 0x05DD, 0xFFFF, 0xFFFF, 0x86FD, 0x055D,
  0xD79F, 0xFFFF, 0xCF7E, 0x063E, 0x1E9E, 0x067E, 0xFFFF, 0xFFFF, 0x067E, 0x065F, 0x061E, 0x05FD,
  0xFFFE, 0x8F1F, 0x05FF, 0x063F, 0xE7DF, 0xFFFF, 0x6EDE, 0x05BE, 0xFFFF, 0x56DE, 0x069E, 0xFFFF,
  0x067E, 0x069E, 0xFFFF, 0xDE39, 0xB5F7, 0x0000, 0xB596, 0xEF7D, 0x9492, 0x6B4D, 0xFFFF, 0x0000,
  0x0000, 0x0000, 0xDEFB, 0x7BCF, 0x9CF3, 0x94B2, 0x0000, 0x0000, 0x0000, 0x0021, 0x0000, 0x0000,
  0x0000, 0x634F, 0x4A8D, 0x6B8F, 0xC639, 0x0864, 0x6370, 0x2988, 0x0000, 0xC638, 0xFFFF, 0xFFFF,
  0x7BEF, 0x0000, 0x0000, 0xEF5D, 0xFFFF, 0xFFFF, 0x9CF3, 0x0000, 0x52CD, 0x52EF, 0x2146, 0x0000,
  0x0000, 0x0000, 0x0000, 0x0000, 0x10C3, 0x0000, 0x0883, 0x0882, 0x0000, 0x0000, 0x0000, 0x0000,
  0x0000, 0x0000, 0x0000, 0xF824, 0xFFFF, 0xFFFF, 0xFFFF, 0xFFFF, 0xFFFF, 0xFFFF, 0xFFFF, 0xFFFF,
  0xFFFF, 0xFFFF, 0xFFFF, 0xFFFF, 0xFFFF, 0xEF5E, 0x7AD4, 0x61B2, 0x61B2, 0x61B2, 0x61B2, 0x61B2,
  0x61B2, 0x61B2, 0x61B2, 0x61B2, 0x61B2, 0x61B2, 0x61B2, 0x61B2, 0x61B2, 0x61B2, 0x61B2, 0x61B2,
  0x61B2, 0x61B2, 0x61B2, 0x61B2, 0x61B2, 0x61B2, 0x61B2, 0x61B2, 0x5170, 0x1068, 0x1068, 0x1068,
  0x1068, 0x1068, 0x1068, 0x1068, 0x1068, 0x1068, 0x1068, 0x1068, 0x1047, 0x1047, 0x1047, 0x1047,
  0x1047, 0x1047, 0x1047, 0x1047, 0x1047, 0x1047, 0x0827, 0x0826, 0x0826, 0x0826, 0x0825, 0x0805,
  0x0004, 0x016B, 0x014A, 0x012A, 0x01AD, 0x01AD, 0x01AD, 0x01AD, 0x01AD, 0x01AD, 0x01AD, 0x01AD,
  0x01AD, 0x01AD, 0x01CE, 0x01CE, 0x01CE, 0x01CE, 0x00AF, 0x00AF, 0x00AF, 0x00AF, 0x00AF, 0x00AF,
  0x00AF, 0x00AF, 0x00AF, 0x00AF, 0x00AF, 0x00AF, 0x00AF, 0x00AF, 0x00AF, 0x00AF, 0x00AF, 0x00AF,
  0x00AF, 0x00AF, 0x00AF, 0x01EF, 0x020F, 0x0210, 0x0210, 0x0210, 0x18C9, 0x18C9, 0x18CA, 0x18CA,
  0x18CA, 0x18CA, 0x18CA, 0x20CA, 0x18CA, 0x18CA, 0x20CA, 0x20CA, 0x20EA, 0x20EA, 0x20CA, 0x20CA,
  0x20CA, 0x20CA, 0x20CA, 0x20CA, 0x20CA, 0x20CA, 0x20CA, 0x20EA, 0x20CA, 0x20CA, 0x20CA, 0x20CA,
  0x18CA, 0x18CA, 0x18CA, 0x18CA, 0x18CA, 0x18CA, 0xFFDE, 0x36BF, 0x059E, 0x86FE, 0x057E, 0x059F,
  0x059E, 0x8F1F, 0xBF7E, 0x059E, 0x065F, 0xFFFF, 0x05DE, 0x05BE, 0xBF7F, 0x053E, 0x9F3E, 0x1E9E,
  0x04FE, 0x063E, 0x76DF, 0x057F, 0xA73E, 0x059E, 0x05DE, 0xFFFF, 0xFFFF, 0xFFFF, 0xC639, 0xB5D9,
  0xAD98, 0x9D16, 0x4A8B, 0x31C8, 0x0821, 0x0000, 0x29C9, 0x08E6, 0x5B4E, 0xDF1C, 0xC65A, 0xCE9A,
  0x0000, 0x3186, 0x6B4E, 0x0000, 0xA514, 0xDEFC, 0xCE7A, 0xB5D8, 0x2188, 0x2189, 0x1905, 0x18C4,
  0x4209, 0x4A6A, 0x4A6B, 0x9D36, 0xB5D8, 0xCE7A, 0xEF7E, 0xFFFF, 0xF79E, 0x0828, 0x1028, 0x1028,
  0x1028, 0x1028, 0x1028, 0x1028, 0x1048, 0x1048, 0x1048, 0x1049, 0x1049, 0x1049, 0x1049, 0x1049,
  0xF79E, 0xFFFF, 0xBF7F, 0x059D, 0x059E, 0xC79E, 0xD7BE, 0x061F, 0xFFFF, 0xFFFF, 0xFFFF, 0x3E9E,
  0x05BE, 0x36BF, 0xFFFF, 0xFFFF, 0x067E, 0x063F, 0x66FE, 0x05FE, 0x4EBE, 0xBF7F, 0x05FE, 0x063F,
  0xBF7F, 0xFFFF, 0xFFFF, 0x061E, 0xDF9E, 0x5EDF, 0x067E, 0xFFFF, 0x36BE, 0x063F, 0xA65A, 0xB576,
  0xEF7E, 0x1905, 0xB5B6, 0x0020, 0x9492, 0xFFFF, 0xAD75, 0x0000, 0x0000, 0x0000, 0x9CD3, 0xFFFF,
  0xFFDF, 0x0000, 0x0000, 0x0000, 0x0000, 0x0041, 0x0000, 0x0000, 0x0000, 0x630E, 0x5B2F, 0x52AC,
  0xE75D, 0x426C, 0x2188, 0x0043, 0x2104, 0xDEDB, 0xEF5D, 0xFFFF, 0xBDB7, 0x0000, 0x0000, 0xD6BA,
  0xFFFF, 0xFFFF, 0x6B4D, 0x0000, 0x6B90, 0x4A8D, 0x2126, 0x0000, 0x0000, 0x0000, 0x0000, 0x10C3,
  0x634F, 0x6B4F, 0x52CD, 0x0882, 0x0000, 0x0000, 0x0000, 0x0000, 0x0000, 0x0000, 0x3000, 0xF823,
  0xFFFF, 0xFFFF, 0xFFFF, 0xFFFF, 0xFFFF, 0xFFFF, 0xFFFF, 0xFFFF, 0xFFFF, 0xFFFF, 0xFFFF, 0xFFFF,
  0xE6FD, 0x7A93, 0x69F2, 0x69F1, 0x69F2, 0x69F1, 0x69F1, 0x69F1, 0x69F2, 0x69D2, 0x69D2, 0x69D2,
  0x69D2, 0x69D2, 0x69D2, 0x69D2, 0x61D2, 0x69D2, 0x69D2, 0x61D2, 0x61D2, 0x61D2, 0x61D2, 0x61D2,
  0x61D2, 0x61D2, 0x61D2, 0x61B2, 0x390D, 0x1868, 0x1868, 0x1068, 0x1068, 0x1068, 0x1068, 0x1068,
  0x1068, 0x1068, 0x1068, 0x1067, 0x1047, 0x1047, 0x1047, 0x1047, 0x1047, 0x1047, 0x1047, 0x1047,
  0x1047, 0x1047, 0x0827, 0x0827, 0x0826, 0x0826, 0x0825, 0x0805, 0x0004, 0x016B, 0x014A, 0x0129,
  0x01AD, 0x01AD, 0x01AD, 0x01AD, 0x01AD, 0x01AD, 0x01AD, 0x01AD, 0x01AD, 0x01AD, 0x01AD, 0x01AE,
  0x01CE, 0x01CE, 0x00AF, 0x00AF, 0x00AF, 0x00AF, 0x00AF, 0x00AF, 0x00AF, 0x00AF, 0x00AF, 0x00AF,
  0x00AF, 0x00AF, 0x00AF, 0x00AF, 0x00AF, 0x00AF, 0x00AF, 0x00AF, 0x00AF, 0x00AF, 0x00AF, 0x01EF,
  0x01EF, 0x020F, 0x020F, 0x0210, 0x18C9, 0x18CA, 0x18CA, 0x18CA, 0x18CA, 0x20CA, 0x18CA, 0x18CA,
  0x20CA, 0x20EA, 0x20EA, 0x20CA, 0x20CA, 0x20EA, 0x20EA, 0x20EA, 0x20EA, 0x20EA, 0x20EA, 0x20EA,
  0x20EA, 0x20EA, 0x20EA, 0x20EA, 0x20CA, 0x20CA, 0x20EA, 0x20CA, 0x20CA, 0x20CA, 0x18CA, 0x18CA,
  0x18CA, 0x18CA, 0xFFDE, 0x6EFF, 0x055E, 0x05DE, 0x065E, 0x065E, 0x057E, 0x059E, 0xAF3E, 0x061F,
  0x069F, 0xFFFF, 0x055E, 0x5EDF, 0xFFFF, 0x05BE, 0x063E, 0x063E, 0x063E, 0x05DE, 0x063E, 0x05DF,
  0xFFFF, 0x871E, 0x053E, 0xFFFF, 0xE6FC, 0x73D1, 0x73D1, 0x3A0A, 0x2988, 0x422A, 0x31C8, 0x2987,
  0x0000, 0x31C8, 0x428C, 0x08C5, 0x3A09, 0xCE7A, 0xEF9F, 0x73CF, 0x0000, 0x4A6B, 0x6B8F, 0x0000,
  0x31A7, 0xDF1D, 0xDEFC, 0xAD97, 0x2168, 0x2168, 0x1906, 0x4A6C, 0x6B90, 0x31A7, 0x10A2, 0x0022,
  0x0001, 0x52AC, 0x73AF, 0xAD76, 0xF79E, 0x0828, 0x1028, 0x1028, 0x1028, 0x1028, 0x1028, 0x1028,
  0x1048, 0x1048, 0x1048, 0x1049, 0x1049, 0x1049, 0x1049, 0x1069, 0xF79E, 0xFFFF, 0xFFFF, 0xFFFE,
  0x061E, 0x05BD, 0x05FE, 0x065E, 0xFFFF, 0xFFFF, 0xFFFF, 0x56BE, 0x05BE, 0x36DF, 0xFFFF, 0xFFFF,
  0x067E, 0x063E, 0x3EBF, 0xB75E, 0x05DD, 0x4EBE, 0x063F, 0x063F, 0xBF7F, 0xFFFF, 0xFFFF, 0x061E,
  0xDF9E, 0x66DE, 0x067E, 0xFFFF, 0x5EDE, 0x057E, 0x069E, 0xFFFF, 0x524B, 0x5B2E, 0xE73C, 0x6B4D,
  0xD69A, 0xFFFF, 0x9CD3, 0x0000, 0x0000, 0x0000, 0xB5B6, 0xD6BA, 0xDEDB, 0x4A69, 0x0000, 0x0000,
  0x0000, 0x0041, 0x0000, 0x0000, 0x0000, 0x4A8B, 0x6BB1, 0x426B, 0xFFFF, 0x8432, 0x10E6, 0x1083,
  0x2944, 0xE71C, 0xDEFC, 0xFFFF, 0xEF7D, 0x0000, 0x0000, 0xC618, 0xFFFF, 0xFFFF, 0x4A69, 0x0000,
  0x7C12, 0x3A2B, 0x1927, 0x0000, 0x0000, 0x0000, 0x0000, 0x1083, 0x5B2F, 0x7C33, 0x634F, 0x0021,
  0x0000, 0x0000, 0x0000, 0x0000, 0x0000, 0x0000, 0x5800, 0xF824, 0xFFFF, 0xFFFF, 0xFFFF, 0xFFFF,
  0xFFFF, 0xFFFF, 0xFFFF, 0xFFFF, 0xFFFF, 0xFFFF, 0xFFFF, 0xC59A, 0x7232, 0x7211, 0x7211, 0x7211,
  0x7211, 0x7211, 0x7211, 0x7211, 0x71F1, 0x71F1, 0x71F1, 0x69F1, 0x71F1, 0x69F1, 0x69F1, 0x69F1,
  0x69F1, 0x69F1, 0x69F1, 0x69F1, 0x69F1, 0x69F1, 0x69F1, 0x69F1, 0x69F1, 0x69F1, 0x69F2, 0x69F1,
  0x20A9, 0x1868, 0x1868, 0x1868, 0x1868, 0x1868, 0x1868, 0x1068, 0x1068, 0x1068, 0x1068, 0x1068,
  0x1067, 0x1067, 0x1047, 0x1047, 0x1047, 0x1047, 0x1047, 0x1047, 0x1047, 0x1047, 0x1027, 0x0827,
  0x0826, 0x0826, 0x0825, 0x0825, 0x0004, 0x014B, 0x014A, 0x0129, 0x01AD, 0x01AD, 0x01AD, 0x01AD,
  0x01AD, 0x01AD, 0x01AD, 0x01AD, 0x01AD, 0x01AD, 0x01AD, 0x01AD, 0x01CD, 0x01AE, 0x00AF, 0x00AF,
  0x00AF, 0x00AF, 0x00AF, 0x00AF, 0x00AF, 0x00AF, 0x00AF, 0x00AF, 0x00AF, 0x00AF, 0x00AF, 0x00AF,
  0x00AF, 0x00AF, 0x00AF, 0x00AF, 0x00AF, 0x00AF, 0x00AF, 0x01EF, 0x01EF, 0x01EF, 0x01EF, 0x01EF,
  0x18CA, 0x18CA, 0x18CA, 0x18CA, 0x20CA, 0x18CA, 0x20CA, 0x20EA, 0x20EA, 0x20CA, 0x20CA, 0x20EA,
  0x20EA, 0x20EA, 0x20EA, 0x20EA, 0x20EA, 0x20EA, 0x20EA, 0x20EA, 0x20EA, 0x20EA, 0x20EA, 0x20EA,
  0x20EA, 0x20EA, 0x20CA, 0x20CA, 0x20CA, 0x20CA, 0x20CA, 0x18CA, 0x18CA, 0x18CA, 0xFFDE, 0x5EDF,
  0x059E, 0x059E, 0x067E, 0x46BE, 0x057E, 0xA73E, 0xDFBF, 0x05DF, 0x065F, 0xF7FF, 0x057E, 0x063F,
  0xFFFE, 0x059E, 0x05FE, 0x059E, 0x059E, 0x057E, 0x05BE, 0x05FE, 0xEFDF, 0x05BE, 0x065F, 0xFFFF,
  0x528C, 0x0022, 0x2985, 0x0000, 0x2986, 0x52CD, 0x6B70, 0x52EE, 0x0000, 0x2987, 0x4A8C, 0x1107,
  0x2187, 0xBDF8, 0xFFDF, 0x3186, 0x0000, 0x5B0D, 0x73CF, 0x0000, 0x0000, 0xBE18, 0xE77E, 0xAD97,
  0x2188, 0x29A8, 0x0882, 0x0001, 0x31EA, 0x530F, 0x5B2E, 0x3A09, 0x0841, 0x0000, 0x0000, 0x0000,
  0x8C52, 0x0827, 0x1028, 0x1028, 0x1028, 0x0828, 0x1028, 0x1028, 0x1048, 0x1048, 0x1048, 0x1048,
  0x1049, 0x1049, 0x1049, 0x1049, 0xF79E, 0xFFFF, 0x96FE, 0xFFDE, 0xFFFF, 0xAF7E, 0x04DD, 0x059D,
  0xFFFF, 0xFFFF, 0xEFDE, 0x063E, 0x065E, 0x067E, 0xFFFF, 0xFFFF, 0x065E, 0x061E, 0x065E, 0xFFFF,
  0x367E, 0x057D, 0x067F, 0x063F, 0xE7BF, 0xFFFF, 0xBF5E, 0x05DD, 0xFFFE, 0x36BE, 0x067E, 0xFFFF,
  0x067E, 0x067E, 0xFFFD, 0xFFFF, 0x0862, 0x630C, 0xEF7D, 0xC618, 0xC618, 0xFFFF, 0xD69A, 0x0000,
  0x0000, 0x0000, 0xDEFB, 0x5AEB, 0x18E3, 0xFFFF, 0x0000, 0x0000, 0x0000, 0x0841, 0x0000, 0x0000,
  0x0000, 0x3187, 0x73D1, 0x3A2B, 0xFFFF, 0xAD96, 0x0024, 0x630D, 0x0840, 0x9CF4, 0xF77E, 0xFFFF,
  0xFFFF, 0x2965, 0x0000, 0xA514, 0xFFFF, 0xFFFF, 0x39E9, 0x31A7, 0x8C93, 0x29C9, 0x1947, 0x0000,
  0x0000, 0x0000, 0x0000, 0x10A3, 0x52AD, 0x8454, 0x6BB1, 0x0000, 0x0000, 0x0000, 0x0000, 0x0000,
  0x0000, 0x0000, 0x7801, 0xF825, 0xFFFF, 0xFFFF, 0xFFFF, 0xFFFF, 0xFFFF, 0xFFFF, 0xFFFF, 0xFFFF,
  0xFFFF, 0xE6DC, 0x9BB5, 0x7A31, 0x7A31, 0x7A31, 0x7A31, 0x7A31, 0x7A31, 0x7A31, 0x7231, 0x7231,
  0x7231, 0x7231, 0x7231, 0x7211, 0x7211, 0x7211, 0x7211, 0x7211, 0x7211, 0x7211, 0x7211, 0x7211,
  0x7211, 0x7211, 0x7211, 0x7211, 0x7211, 0x7211, 0x7211, 0x598F, 0x1888, 0x1888, 0x1888, 0x1868,
  0x1868, 0x1868, 0x1868, 0x1868, 0x1868, 0x1068, 0x1068, 0x1068, 0x1068, 0x1068, 0x1067, 0x1047,
  0x1047, 0x1047, 0x1047, 0x1047, 0x1047, 0x1047, 0x1047, 0x1027, 0x0826, 0x0826, 0x0825, 0x0825,
  0x0004, 0x014B, 0x014A, 0x0129, 0x01AD, 0x01AD, 0x01AD, 0x01AD, 0x01AD, 0x01AD, 0x01AD, 0x01AD,
  0x01AD, 0x01AD, 0x01AD, 0x01AD, 0x01AD, 0x01CD, 0x00AF, 0x00AF, 0x00AF, 0x00AF, 0x00AF, 0x00AF,
  0x00AF, 0x00AF, 0x00AF, 0x00AF, 0x00AF, 0x00AF, 0x00AF, 0x00AF, 0x00AF, 0x00AF, 0x00AF, 0x00AF,
  0x00AF, 0x00AF, 0x00AF, 0x01EF, 0x01EF, 0x01EF, 0x01EF, 0x01EF, 0x18CA, 0x18CA, 0x18CA, 0x20CA,
  0x18CA, 0x20CA, 0x20EA, 0x20EA, 0x20CA, 0x20EA, 0x20EA, 0x20EA, 0x20EA, 0x20EA, 0x20EA, 0x20EA,
  0x20EA, 0x20EA, 0x20EA, 0x20EA, 0x20EA, 0x20EA, 0x20EA, 0x20EA, 0x20EA, 0x20EA, 0x20EA, 0x20EA,
  0x20CA, 0x20EA, 0x20CA, 0x20CA, 0x18CA, 0x20CA, 0xFFDE, 0x067E, 0x05DE, 0xBF7E, 0x057E, 0x059E,
  0x055F, 0x05DF, 0x05FE, 0x05BE, 0x053E, 0x057E, 0x05FE, 0x059E, 0x053E, 0x05FE, 0x05BD, 0x05BD,
  0xBF7F, 0x065E, 0x04DD, 0x057E, 0x055E, 0x059F, 0xCFDF, 0xA4D2, 0x0000, 0x0000, 0x0000, 0x2167,
  0x4AAD, 0x3A4C, 0x1968, 0x0003, 0x0000, 0x2966, 0x4AAD, 0x1947, 0x08C4, 0xC618, 0xBDD8, 0x0000,
  0x0000, 0x6B6E, 0x8430, 0x0000, 0x0000, 0x632D, 0xFFFF, 0xC639, 0x1127, 0x31EA, 0x10A2, 0x0000,
  0x0000, 0x0023, 0x1948, 0x4AAD, 0x52EE, 0x2967, 0x0841, 0x0000, 0x0043, 0x0827, 0x0828, 0x0828,
  0x1028, 0x0828, 0x1028, 0x1028, 0x1048, 0x1048, 0x1048, 0x1048, 0x1049, 0x1049, 0x1049, 0x1049,
  0xF79E, 0xFFFF, 0x061D, 0x055D, 0xA73F, 0x061E, 0x063E, 0x065D, 0x05DE, 0x9F3F, 0x057D, 0x065E,
  0xE7DE, 0x059E, 0x76DE, 0x76DE, 0x05FD, 0x7EFD, 0x05DE, 0xFFFF, 0xF7BE, 0x04FD, 0x061E, 0x05FE,
  0x069F, 0x3EBF, 0x051D, 0x5EDE, 0xFFFF, 0x067E, 0x063E, 0xFFFF, 0x065E, 0x069F, 0xFF9C, 0x9472,
  0xEF5C, 0xF7BE, 0x39A6, 0x0000, 0x0000, 0xDEDB, 0xFFFF, 0xAD75, 0x5AEB, 0xBDF7, 0xFFFF, 0x7BEF,
  0x0000, 0xDEDB, 0xEF7D, 0x0000, 0x0000, 0x0842, 0x0000, 0x0000, 0x0000, 0x1082, 0x6B70, 0x426C,
  0xF7DF, 0xCE7A, 0x0000, 0x94B4, 0x31A6, 0x1082, 0xF79E, 0xFFFF, 0xFFFF, 0x630C, 0x0000, 0x738E,
  0xFFFF, 0xF7DF, 0x18E6, 0x73D0, 0x8CB4, 0x2188, 0x2168, 0x0020, 0x0000, 0x0000, 0x0000, 0x1083,
  0x5B0E, 0x7BF2, 0x634F, 0x0021, 0x0000, 0x0000, 0x0000, 0x0000, 0x0000, 0x0000, 0xC003, 0xF804,
  0xFFFF, 0xFFFF, 0xFFFF, 0xFFFF, 0xFFFF, 0xFFFF, 0xFFDF, 0xDE3B, 0xA3F5, 0x8271, 0x8251, 0x8251,
  0x8251, 0x8251, 0x8251, 0x8251, 0x7A51, 0x8251, 0x8251, 0x7A51, 0x7A51, 0x7A51, 0x7A51, 0x7A51,
  0x7A51, 0x7A31, 0x7A51, 0x7A31, 0x7A31, 0x7A31, 0x7A31, 0x7A31, 0x7A31, 0x7A31, 0x7A31, 0x7A31,
  0x7A31, 0x7A31, 0x7A31, 0x30EB, 0x1888, 0x1888, 0x1888, 0x1888, 0x1888, 0x1888, 0x1868, 0x1868,
  0x1868, 0x1868, 0x1868, 0x1868, 0x1068, 0x1068, 0x1068, 0x1068, 0x1067, 0x1047, 0x1047, 0x1047,
  0x1047, 0x1047, 0x1047, 0x1047, 0x0826, 0x0826, 0x0825, 0x0825, 0x0004, 0x014B, 0x012A, 0x0129,
  0x01AD, 0x018D, 0x01AD, 0x01AD, 0x01AD, 0x01AD, 0x01AD, 0x01AD, 0x01AD, 0x01AD, 0x01AD, 0x01AD,
  0x01AD, 0x01AD, 0x00AF, 0x00AF, 0x00AF, 0x00AF, 0x00AF, 0x00AF, 0x00AF, 0x00AF, 0x00AF, 0x00AF,
  0x00AF, 0x00AF, 0x00AF, 0x00AF, 0x00AF, 0x00AF, 0x00AF, 0x00AF, 0x00AF, 0x00AF, 0x00AF, 0x01EF,
  0x01EF, 0x01EF, 0x01EF, 0x01EF, 0x18CA, 0x18CA, 0x20CA, 0x20CA, 0x20CA, 0x20EA, 0x20CA, 0x20EA,
  0x20EA, 0x20EA, 0x20EA, 0x20EA, 0x20EA, 0x20EA, 0x20EA, 0x20EA, 0x20EA, 0x20EA, 0x20EA, 0x20EA,
  0x20EA, 0x20EA, 0x20EA, 0x20EA, 0x20EA, 0x20EA, 0x20EA, 0x20EA, 0x20EA, 0x20CA, 0x20CA, 0x20CA,
  0x20CA, 0x18CA, 0xFFDE, 0xD79F, 0xCF7E, 0xFFFF, 0xBF7F, 0xAF5F, 0xB77E, 0x973F, 0xAF5E, 0xC77E,
  0xAF5F, 0x7EFE, 0xFFFE, 0xC77E, 0x76BE, 0xFFFE, 0xBF7E, 0xD79E, 0xFFFF, 0xFFFE, 0xA73E, 0xB75F,
  0x7EFF, 0xF7FF, 0xE638, 0x0000, 0x0000, 0x0022, 0x1907, 0x08A6, 0x0001, 0x0001, 0x0000, 0x0000,
  0x0000, 0x2105, 0x5B0F, 0x2188, 0x0022, 0xC5F8, 0x8C72, 0x0000, 0x0000, 0x6B8E, 0x73EF, 0x0000,
  0x0000, 0x2946, 0xFFFF, 0xD6DB, 0x2168, 0x3A4B, 0x0021, 0x0000, 0x0000, 0x0000, 0x0000, 0x0003,
  0x08A6, 0x2189, 0x3A4C, 0x126B, 0x40E5, 0x0827, 0x0827, 0x0828, 0x1028, 0x1028, 0x0828, 0x0828,
  0x1028, 0x1048, 0x1048, 0x1048, 0x1048, 0x1049, 0x1049, 0x1049, 0xF79E, 0xFFFF, 0xFFFF, 0x065E,
  0x05BE, 0x061E, 0xFFFE, 0xFFFF, 0x063E, 0x059E, 0x065E, 0xFFFF, 0xFFFF, 0x773F, 0x05DF, 0x05DE,
  0xBF9F, 0xFFFF, 0x26DF, 0xFFFF, 0xFFFF, 0x06BF, 0x56FF, 0x56FF, 0x061F, 0x061E, 0x7EFE, 0xFFFF,
  0xFFFF, 0x8F1E, 0x7EFE, 0xFFFF, 0x871E, 0x7F7F, 0xFF3B, 0x0000, 0x9CF3, 0xCE59, 0x0000, 0x0000,
  0x0000, 0x6B4D, 0x8C51, 0xCE79, 0xEF5D, 0xAD75, 0xA514, 0x630C, 0x0000, 0x18C3, 0xCE79, 0x10A2,
  0x0000, 0x0862, 0x0000, 0x0000, 0x0000, 0x0020, 0x5B0E, 0x4A8C, 0xE73D, 0xF7BF, 0x0000, 0x4229,
  0x62EB, 0x0000, 0xC639, 0xFFFF, 0xFFFF, 0x73AF, 0x0000, 0x2945, 0xFFFF, 0xCE9A, 0x0023, 0xB597,
  0x8C73, 0x3A2B, 0x31EA, 0x0062, 0x0000, 0x0000, 0x0000, 0x0862, 0x73B0, 0x8452, 0x426C, 0x0882,
  0x0000, 0x0000, 0x0000, 0x0000, 0x0000, 0x0800, 0xF803, 0xF803, 0xFFFF, 0xFFBE, 0xF75E, 0xE69C,
  0xD5B9, 0xB476, 0x92F1, 0x8A70, 0x8A70, 0x8A70, 0x8A70, 0x8A70, 0x8A70, 0x8A70, 0x8A70, 0x8270,
  0x8A70, 0x8A70, 0x8271, 0x8270, 0x8270, 0x8270, 0x8270, 0x8270, 0x8270, 0x8270, 0x8271, 0x8270,
  0x8271, 0x8271, 0x8251, 0x8271, 0x8251, 0x8251, 0x8271, 0x8251, 0x8251, 0x8251, 0x720F, 0x1888,
  0x1888, 0x1888, 0x1888, 0x1888, 0x1888, 0x1888, 0x1888, 0x1868, 0x1868, 0x1868, 0x1868, 0x1868,
  0x1868, 0x1068, 0x1068, 0x1068, 0x1068, 0x1068, 0x1067, 0x1047, 0x1047, 0x1047, 0x1047, 0x1047,
  0x0826, 0x0826, 0x0825, 0x0825, 0x0004, 0x014A, 0x012A, 0x0129, 0x018C, 0x018D, 0x01AD, 0x01AD,
  0x01AD, 0x01AD, 0x01AD, 0x01AD, 0x01AD, 0x01AD, 0x01AD, 0x01AD, 0x01AD, 0x01AD, 0x00AF, 0x00AF,
  0x00AF, 0x00AF, 0x00AF, 0x00AF, 0x00AF, 0x00AF, 0x00AF, 0x00AF, 0x00AF, 0x00AF, 0x00AF, 0x00AF,
  0x00AF, 0x00AF, 0x00AF, 0x00AF, 0x00AF, 0x00AF, 0x00AF, 0x01EF, 0x01EF, 0x01EF, 0x01EF, 0x01EF,
  0x18CA, 0x20CA, 0x20CA, 0x20CA, 0x20EA, 0x20CA, 0x20EA, 0x20EA, 0x20EA, 0x20EA, 0x20EA, 0x20EA,
  0x20EA, 0x20EA, 0x20EA, 0x20EA, 0x20EA, 0x20EA, 0x20EA, 0x20EA, 0x20EA, 0x20EA, 0x20EA, 0x20EA,
  0x20EA, 0x20EA, 0x20EA, 0x20EA, 0x20EA, 0x20EA, 0x20EA, 0x20CA, 0x20CA, 0x20CA, 0xFFDE, 0xFFFF,
  0xA73E, 0x1E5E, 0xE79E, 0xDF9F, 0x96DF, 0xC77E, 0xCF7F, 0xF7DF, 0xD79E, 0x86DE, 0xA73E, 0xEFBE,
  0x973E, 0xBF7F, 0xFFFF, 0xEFDF, 0xB75E, 0x871E, 0xFFFF, 0xCF7E, 0xFFFF, 0xFFFF, 0x73AF, 0x0000,
  0x0000, 0x0000, 0x0000, 0x0000, 0x0000, 0x0000, 0x0000, 0x0000, 0x0000, 0x4209, 0x52CD, 0x426C,
  0x0001, 0x9492, 0xEF3D, 0x52AC, 0x0000, 0x7BEF, 0x8451, 0x0000, 0x4A6B, 0xB5D7, 0xFFFF, 0xCE7A,
  0x424C, 0x3A2A, 0x0000, 0x0000, 0x0000, 0x0000, 0x0000, 0x0000, 0x0000, 0x0001, 0x0002, 0x00C5,
  0x7064, 0x0827, 0x0827, 0x0828, 0x1028, 0x0828, 0x0828, 0x1028, 0x1028, 0x1048, 0x1048, 0x1048,
  0x1048, 0x1048, 0x1048, 0x1049, 0xF77E, 0xFFFF, 0xFFFF, 0xFFFF, 0xFFDF, 0xFFFF, 0xFFFF, 0xFFFF,
  0xFFFF, 0xFFFF, 0xFFFF, 0xFFFF, 0xFFFF, 0xFFFF, 0xFFFF, 0xFFFE, 0xFFFF, 0xFFDF, 0xFFFF, 0xFFFF,
  0xFFFF, 0xFFFF, 0xFFFF, 0xFFFF, 0xFFFE, 0xFFFF, 0xFFFF, 0xFFFF, 0xFFFF, 0xFFFF, 0xFFFF, 0xFFFF,
  0xFFFF, 0xFFFF, 0x31A6, 0x0000, 0x0000, 0x0000, 0x0000, 0x0000, 0x0000, 0x0000, 0x0000, 0x0000,
  0x0000, 0x0000, 0x0000, 0x0000, 0x0000, 0x0000, 0x0000, 0x0000, 0x0000, 0x0862, 0x0000, 0x0000,
  0x0000, 0x0021, 0x5B0E, 0x428C, 0xCE5A, 0xFFFF, 0x39C7, 0x0000, 0x39E8, 0x0000, 0xAD55, 0xFFFF,
  0xFFFF, 0x738E, 0x0000, 0x9CD3, 0xFFFF, 0x9CF5, 0x0023, 0xDEDC, 0x8431, 0x52EE, 0x426C, 0x0883,
  0x0000, 0x0000, 0x0000, 0x1082, 0x6BB1, 0x7C53, 0x426B, 0x0041, 0x0000, 0x0000, 0x0000, 0x0000,
  0x0000, 0x7801, 0xF804, 0xF823, 0x9290, 0x9290, 0x9290, 0x9290, 0x9290, 0x9290, 0x9290, 0x9290,
  0x9290, 0x9290, 0x9290, 0x9290, 0x9290, 0x9290, 0x9290, 0x9290, 0x8A90, 0x8A90, 0x8A90, 0x8A90,
  0x8A90, 0x8A90, 0x8A90, 0x8A90, 0x8A90, 0x8A90, 0x8A90, 0x8A90, 0x8A90, 0x8A90, 0x8A70, 0x8A70,
  0x8A90, 0x8A90, 0x8A70, 0x8A70, 0x8A70, 0x8A70, 0x412B, 0x1888, 0x1888, 0x1888, 0x1888, 0x1888,
  0x1888, 0x1888, 0x1888, 0x1888, 0x1868, 0x1868, 0x1868, 0x1868, 0x1868, 0x1868, 0x1068, 0x1068,
  0x1068, 0x1068, 0x1068, 0x1067, 0x1047, 0x1047, 0x1047, 0x1047, 0x1026, 0x0826, 0x0825, 0x0825,
  0x0004, 0x014A, 0x012A, 0x0129, 0x018C, 0x018C, 0x018D, 0x01AD, 0x01AD, 0x01AD, 0x01AD, 0x01AD,
  0x01AD, 0x01AD, 0x01AD, 0x01AD, 0x01AD, 0x01AD, 0x00AF, 0x00AF, 0x00AF, 0x00AF, 0x00AF, 0x00AF,
  0x00AF, 0x00AF, 0x00AF, 0x00AF, 0x00AF, 0x00AF, 0x00AF, 0x00AF, 0x00AF, 0x00AF, 0x00AF, 0x00AF,
  0x00AF, 0x00AF, 0x00AF, 0x01EF, 0x01EF, 0x01EF, 0x01EF, 0x01EF, 0x20CA, 0x20CA, 0x20CA, 0x20EA,
  0x20CA, 0x20EA, 0x20EA, 0x20EA, 0x20EA, 0x20EA, 0x20EA, 0x20EA, 0x20EA, 0x20EA, 0x20EB, 0x20EA,
  0x20EA, 0x20EA, 0x20EA, 0x20EA, 0x20EA, 0x20EB, 0x20EA, 0x20EA, 0x20EA, 0x20EA, 0x20EA, 0x20EA,
  0x20EA, 0x20EA, 0x20EA, 0x20EA, 0x20CA, 0x20CA, 0xFFDE, 0x7EFE, 0x065E, 0xC77E, 0x067D, 0x05FE,
  0xE7BF, 0x76DD, 0x05DE, 0x061F, 0x4E9E, 0xDFBE, 0xDF9E, 0x66DE, 0x05FF, 0x05FE, 0xBF5F, 0x9F3F,
  0x76FE, 0x05DE, 0x66DE, 0x069E, 0xFFFF, 0xFFFF, 0x39E7, 0x0000, 0x0000, 0x0000, 0x0000, 0x0000,
  0x0000, 0x0000, 0x0000, 0x0000, 0x6B90, 0x8453, 0x636F, 0x530E, 0x0063, 0x4228, 0xFFFF, 0xF79E,
  0x0000, 0xAD55, 0x9CB3, 0x0000, 0xFFFF, 0xFFFF, 0xFFFF, 0xCE9A, 0x426C, 0x2987, 0x4229, 0x6B90,
  0x08A3, 0x0000, 0x0000, 0x0000, 0x0000, 0x0000, 0x0000, 0x0000, 0x7800, 0x0827, 0x0827, 0x0828,
  0x0828, 0x0828, 0x0828, 0x1028, 0x1028, 0x1028, 0x1028, 0x1048, 0x1048, 0x1048, 0x1048, 0x1049,
  0x059D, 0x05DE, 0x05DE, 0x05DE, 0x05FE, 0x05DE, 0x05DF, 0x05DE, 0x065F, 0x065F, 0x04B7, 0x6B90,
  0x6BAF, 0x63B0, 0x73D1, 0x73D0, 0x63B0, 0x63B0, 0x6BB0, 0x63B0, 0x63B0, 0x6BB0, 0x6BB0, 0x6BB0,
  0x73AF, 0x63F1, 0x04F8, 0x05FF, 0x067F, 0x063F, 0x061E, 0x05DE, 0x069F, 0x051A, 0x0000, 0x39A8,
  0x7BF2, 0x39C9, 0x0841, 0x0000, 0x0000, 0x0000, 0x0000, 0x0000, 0x0000, 0x0000, 0x0000, 0x0000,
  0x0000, 0x0000, 0x0000, 0x0000, 0x0000, 0x0842, 0x0000, 0x0000, 0x0000, 0x0042, 0x5B0F, 0x4AAD,
  0xBDF8, 0xFFFF, 0x8C52, 0x0000, 0x6B4D, 0x31C7, 0x7BCF, 0xFFFF, 0xFFFF, 0x52AB, 0x3186, 0xFFFF,
  0xFFFF, 0x5AEC, 0x0064, 0xFFDF, 0x7BF0, 0x5B0E, 0x530F, 0x08A4, 0x0000, 0x0000, 0x0000, 0x10A3,
  0x634F, 0x5B2F, 0x3A0A, 0x0021, 0x0000, 0x0000, 0x0000, 0x0000, 0x0000, 0xE802, 0xF803, 0xF823,
  0x9AB0, 0x9AB0, 0x9AB0, 0x9AB0, 0x9AB0, 0x9AB0, 0x9AB0, 0x9AB0, 0x9AB0, 0x9AB0, 0x92B0, 0x9AB0,
  0x92B0, 0x92B0, 0x92B0, 0x92B0, 0x92B0, 0x92B0, 0x92B0, 0x92B0, 0x92B0, 0x92B0, 0x92B0, 0x92B0,
  0x92B0, 0x92B0, 0x9290, 0x9290, 0x9290, 0x92B0, 0x9290, 0x9290, 0x9290, 0x9290, 0x9290, 0x9290,
  0x9290, 0x7A2E, 0x1888, 0x1888, 0x1888, 0x1888, 0x1888, 0x1888, 0x1888, 0x1888, 0x1888, 0x1888,
  0x1888, 0x1888, 0x1868, 0x1868, 0x1868, 0x1868, 0x1868, 0x1068, 0x1068, 0x1068, 0x1067, 0x1067,
  0x1067, 0x1047, 0x1047, 0x1047, 0x0846, 0x0826, 0x0825, 0x0825, 0x0024, 0x014A, 0x012A, 0x0129,
  0x018C, 0x018C, 0x018C, 0x01AC, 0x018D, 0x01AD, 0x01AD, 0x01AD, 0x01AD, 0x01AD, 0x01AD, 0x01AD,
  0x01AD, 0x01AD, 0x00AF, 0x00AF, 0x00AF, 0x00AF, 0x00AF, 0x00AF, 0x00AF, 0x00AF, 0x00AF, 0x00AF,
  0x00AF, 0x00AF, 0x00AF, 0x00AF, 0x00AF, 0x00AF, 0x00AF, 0x00AF, 0x00AF, 0x00AF, 0x00AF, 0x01EF,
  0x01EF, 0x01EF, 0x01EF, 0x01EF, 0x18CA, 0x20EA, 0x20EA, 0x20CA, 0x20EA, 0x20EA, 0x20EA, 0x20EA,
  0x20EA, 0x20EA, 0x20EA, 0x20EA, 0x20EA, 0x210A, 0x210A, 0x210B, 0x210B, 0x210B, 0x20EB, 0x210B,
  0x210B, 0x210A, 0x210A, 0x20EA, 0x20EA, 0x20EA, 0x20EA, 0x20EA, 0x20EA, 0x20EA, 0x20EA, 0x20EA,
  0x20CA, 0x20EA, 0xFFDE, 0x0E9E, 0x7EFF, 0xFFFF, 0x9F3E, 0x059E, 0x66BE, 0x6EDE, 0x6EDE, 0x059E,
  0xD79F, 0xCF9E, 0x771E, 0x5EDE, 0x6EFF, 0x067E, 0x369E, 0xA73F, 0x871E, 0x067E, 0x061E, 0x871E,
  0xFFFF, 0xFFFF, 0x18E3, 0x0000, 0x0000, 0x0000, 0x0000, 0x0000, 0x0000, 0x0000, 0x0862, 0x634E,
  0x94F7, 0x6BB1, 0x634F, 0x5B0E, 0x320A, 0x0021, 0xFFDF, 0xD6BA, 0x0000, 0xCE5A, 0x8431, 0x0022,
  0xEF9E, 0xFFDF, 0xFFFF, 0xAD75, 0x2167, 0x4A8C, 0x7C12, 0x94F6, 0x6390, 0x2125, 0x0000, 0x0000,
  0x0000, 0x0000, 0x0000, 0x0000, 0x8001, 0x0827, 0x0827, 0x0827, 0x0827, 0x1028, 0x0828, 0x1028,
  0x1028, 0x1028, 0x1028, 0x1048, 0x1048, 0x1048, 0x1048, 0x1048, 0x053D, 0x055F, 0x055E, 0x055E,
  0x055E, 0x055E, 0x055E, 0x059F, 0x04FC, 0x0330, 0x4A6B, 0x428B, 0x3AAD, 0x42AC, 0x3AAC, 0x42AC,
  0x42AC, 0x42AC, 0x42AC, 0x42AC, 0x3A8C, 0x42AC, 0x3A8C, 0x3A8C, 0x3AAD, 0x426B, 0x424A, 0x0330,
  0x0415, 0x04B9, 0x051C, 0x051E, 0x067F, 0x0332, 0x0000, 0x5B0E, 0x7C13, 0x5AEE, 0x0862, 0x0000,
  0x0000, 0x0000, 0x0000, 0x0000, 0x0000, 0x0000, 0x0000, 0x0000, 0x0000, 0x0000, 0x0000, 0x0000,
  0x0000, 0x0041, 0x0000, 0x0000, 0x0000, 0x08A4, 0x52EF, 0x52EE, 0xAD96, 0xFFFF, 0xD67A, 0x0000,
  0x4A8A, 0xDF1D, 0xA515, 0xFFFF, 0xFFFF, 0x8452, 0xB5B7, 0xFFFF, 0xFFDF, 0x0842, 0x2989, 0xFFFF,
  0x73B0, 0x4AAD, 0x6370, 0x10C5, 0x0000, 0x0000, 0x0000, 0x1083, 0x4A8D, 0x4A8D, 0x31E9, 0x0020,
  0x0000, 0x0000, 0x0000, 0x0000, 0x5000, 0xF804, 0xF802, 0xF803, 0xA2CF, 0xA2CF, 0xA2CF, 0xA2CF,
  0x9ACF, 0x9ACF, 0x9ACF, 0x9ACF, 0x9ACF, 0x9ACF, 0x9ACF, 0x9ACF, 0x9ACF, 0x9ACF, 0x9ACF, 0x9ACF,
  0x9ACF, 0x9AD0, 0x9ACF, 0x9AAF, 0x9AAF, 0x9AB0, 0x9AB0, 0x9AB0, 0x9AB0, 0x9AB0, 0x9AB0, 0x9AB0,
  0x9AB0, 0x9AB0, 0x9AB0, 0x9AB0, 0x9AB0, 0x9AB0, 0x9AB0, 0x9AB0, 0x9AB0, 0x390A, 0x1888, 0x1888,
  0x1888, 0x1888, 0x1888, 0x1888, 0x1888, 0x1888, 0x1888, 0x1888, 0x1888, 0x1888, 0x1888, 0x1868,
  0x1868, 0x1868, 0x1868, 0x1868, 0x1068, 0x1068, 0x1068, 0x1068, 0x1067, 0x1067, 0x1047, 0x1047,
  0x1046, 0x0826, 0x0825, 0x0825, 0x0024, 0x014A, 0x012A, 0x0129, 0x018C, 0x018C, 0x018C, 0x018C,
  0x018C, 0x01AD, 0x01AD, 0x01AD, 0x01AD, 0x01AD, 0x01AD, 0x01AD, 0x01AD, 0x01AD, 0x00AF, 0x00AF,
  0x00AF, 0x00AF, 0x00AF, 0x00AF, 0x00AF, 0x00AF, 0x00AF, 0x00AF, 0x00AF, 0x00AF, 0x00AF, 0x00AF,
  0x00AF, 0x00AF, 0x00AF, 0x00AF, 0x00AF, 0x00AF, 0x00AF, 0x01EF, 0x01EF, 0x01EF, 0x01EF, 0x01EF,
  0x20CA, 0x20EA, 0x20CA, 0x20EA, 0x20EA, 0x20EA, 0x20EA, 0x20EA, 0x20EA, 0x20EA, 0x20EA, 0x210A,
  0x210B, 0x20EB, 0x210B, 0x210B, 0x210B, 0x210B, 0x210B, 0x210B, 0x210B, 0x20EB, 0x20EB, 0x210B,
  0x210A, 0x20EA, 0x20EA, 0x20EA, 0x20EA, 0x20EA, 0x20EA, 0x20EA, 0x20EA, 0x20CA, 0xFFDE, 0x4EBE,
  0x36BE, 0xFFFF, 0x369E, 0x05DE, 0x66BE, 0x56BE, 0x8F1F, 0x059E, 0x8F1E, 0xFFFF, 0x065E, 0x061F,
  0x3EBF, 0xB75F, 0x063E, 0x061E, 0x067E, 0x367E, 0x05BE, 0x66DE, 0xFFFF, 0xFFFF, 0x0861, 0x0000,
  0x0000, 0x0000, 0x0000, 0x0000, 0x0000, 0x0000, 0x39C8, 0xA558, 0x8C94, 0x73F2, 0x73D1, 0x52ED,
  0x5B0E, 0x0841, 0xD6BA, 0xC5F7, 0x0000, 0xEF7E, 0x94D4, 0x1948, 0xEF7E, 0xFFFF, 0xFFFF, 0x7BCF,
  0x2167, 0x428C, 0x31EA, 0x4ACD, 0x6350, 0x8CB5, 0x2987, 0x0000, 0x0000, 0x0000, 0x0000, 0x0000,
  0x8801, 0x0827, 0x0827, 0x0827, 0x0827, 0x1027, 0x0828, 0x1028, 0x1028, 0x1028, 0x1048, 0x1048,
  0x1048, 0x1048, 0x1048, 0x1048, 0x055D, 0x059F, 0x059E, 0x059E, 0x059E, 0x059F, 0x059F, 0x061F,
  0x0392, 0x7A28, 0x532E, 0x532E, 0x532E, 0x532E, 0x530E, 0x532E, 0x5B4F, 0x534F, 0x530E, 0x532E,
  0x532E, 0x530E, 0x530E, 0x4AED, 0x530E, 0x532F, 0x526B, 0x32AD, 0x04B8, 0x04FA, 0x055D, 0x057F,
  0x069F, 0x0187, 0x0800, 0x7C74, 0x6BD1, 0x31E9, 0x0000, 0x0000, 0x0000, 0x0000, 0x0000, 0x0000,
  0x0000, 0x0000, 0x0000, 0x0000, 0x0000, 0x0000, 0x0000, 0x0000, 0x0000, 0x0021, 0x0000, 0x0000,
  0x0000, 0x10E5, 0x4A8D, 0x52ED, 0xA556, 0xFFFF, 0xFFFF, 0x0841, 0x0000, 0xEF5D, 0xD6BC, 0xE73D,
  0xE71C, 0xDEFC, 0xF79F, 0xFFFF, 0xD69A, 0x0000, 0x630E, 0xFFFF, 0x73B0, 0x31EA, 0x6BB1, 0x1106,
  0x0000, 0x0000, 0x0000, 0x0842, 0x424B, 0x4AAC, 0x31E9, 0x0000, 0x0000, 0x0000, 0x0000, 0x0000,
  0xF803, 0xF803, 0xF802, 0xF824, 0xA2EF, 0xA2EF, 0xA2EF, 0xA2EF, 0xA2EF, 0xA2EF, 0xA2EF, 0xA2EF,
  0xA2EF, 0xA2EF, 0xA2CF, 0xA2CF, 0xA2CF, 0xA2EF, 0xA2CF, 0xA2CF, 0xA2CF, 0xA2EF, 0xA2CF, 0xA2CF,
  0xA2CF, 0xA2CF, 0xA2CF, 0xA2CF, 0xA2CF, 0xA2CF, 0xA2CF, 0xA2CF, 0xA2CF, 0xA2CF, 0x9ACF, 0x9ACF,
  0x9ACF, 0x9ACF, 0x9ACF, 0x9ACF, 0x720D, 0x1888, 0x1888, 0x1888, 0x1888, 0x1888, 0x1888, 0x1888,
  0x1888, 0x1888, 0x1888, 0x1888, 0x1888, 0x1888, 0x1888, 0x1888, 0x1888, 0x1868, 0x1868, 0x1868,
  0x1868, 0x1868, 0x1068, 0x1068, 0x1067, 0x1067, 0x1047, 0x1047, 0x1046, 0x0826, 0x0825, 0x0825,
  0x0024, 0x014A, 0x012A, 0x0109, 0x018C, 0x018C, 0x018C, 0x018C, 0x018C, 0x018C, 0x018C, 0x018D,
  0x01AD, 0x01AD, 0x01AD, 0x01AD, 0x01AD, 0x01AD, 0x00AF, 0x00AF, 0x00AF, 0x00AF, 0x00AF, 0x00AF,
  0x00AF, 0x00AF, 0x00AF, 0x00AF, 0x00AF, 0x00AF, 0x00AF, 0x00AF, 0x00AF, 0x00AF, 0x00AF, 0x00AF,
  0x00AF, 0x00AF, 0x00AF, 0x01EE, 0x01CF, 0x01EF, 0x01EF, 0x01EF, 0x20CA, 0x20EA, 0x20EA, 0x20EA,
  0x20EA, 0x20EA, 0x20EA, 0x20EA, 0x20EA, 0x20EA, 0x210A, 0x20EB, 0x210B, 0x210B, 0x210B, 0x210B,
  0x210B, 0x210B, 0x210B, 0x210B, 0x210B, 0x210B, 0x210B, 0x210B, 0x20EB, 0x210A, 0x20EA, 0x20EA,
  0x20EA, 0x20EA, 0x20EA, 0x20EA, 0x20EA, 0x20EA, 0xFFDE, 0xF7DF, 0x0E9E, 0x061E, 0x7EFE, 0x7EFE,
  0xFFFF, 0xC77E, 0x061E, 0x9F3E, 0x66DE, 0x567E, 0x8EFE, 0x7EFE, 0x46BE, 0xFFFF, 0x7F1E, 0x059D,
  0xD77E, 0xFFFF, 0x067E, 0x05DE, 0x0EDF, 0x8E3A, 0x1820, 0x0000, 0x0000, 0x0000, 0x0000, 0x0021,
  0x0000, 0x0000, 0x0000, 0x31A7, 0xB5B7, 0xC659, 0xC65A, 0x5B2E, 0x634F, 0x18C3, 0x9CD2, 0xB5B7,
  0x2168, 0xFFFF, 0xB5B8, 0x0043, 0xDEDB, 0xFFFF, 0xFFFF, 0x52CB, 0x10E6, 0x73D1, 0xAD97, 0x94F5,
  0x8CB5, 0x6B90, 0x2105, 0x0000, 0x0021, 0x0001, 0x0000, 0x0000, 0xA002, 0x0827, 0x0827, 0x0827,
  0x0827, 0x1028, 0x0828, 0x1028, 0x0828, 0x1028, 0x1048, 0x1048, 0x1048, 0x1048, 0x1048, 0x1048,
  0x055D, 0x059F, 0x059E, 0x059E, 0x059E, 0x059E, 0x05FF, 0x051B, 0x52CC, 0x5B0E, 0x532E, 0x532E,
  0x532E, 0x532E, 0x532E, 0x3A8C, 0x322B, 0x4AED, 0x5B6F, 0x42AD, 0x4AED, 0x532E, 0x532E, 0x4AED,
  0x4AED, 0x532E, 0x632E, 0x42ED, 0x0478, 0x05FF, 0x05FF, 0x061F, 0x053C, 0x0000, 0x20A3, 0x8C94,
  0x6B90, 0x10C4, 0x0000, 0x0000, 0x0000, 0x0000, 0x0000, 0x0000, 0x0000, 0x0000, 0x0000, 0x0000,
  0x0000, 0x0000, 0x0000, 0x0000, 0x0000, 0x0000, 0x0000, 0x0000, 0x0000, 0x1947, 0x31EA, 0x4ACD,
  0xAD76, 0xFFFF, 0xFFFF, 0x4249, 0x0000, 0xCE7A, 0xCE7A, 0xDEDC, 0xC639, 0xD69B, 0xEF7E, 0xFFFF,
  0xA534, 0x0000, 0x8C52, 0xFFFF, 0x7BF1, 0x1106, 0x6BB1, 0x29EA, 0x0883, 0x0000, 0x0000, 0x0862,
  0x426C, 0x4AAD, 0x31E9, 0x0000, 0x0000, 0x0000, 0x0000, 0x6801, 0xF804, 0xF802, 0xF803, 0xF824,
  0xAAEF, 0xAAEF, 0xAAEF, 0xAAEF, 0xAAEF, 0xAAEF, 0xAAEF, 0xAAEF, 0xAAEF, 0xAAEF, 0xAAEF, 0xAAEF,
  0xAAEF, 0xAAEF, 0xAAEF, 0xAAEF, 0xAAEF, 0xAAEF, 0xAAEF, 0xA2EF, 0xA2EF, 0xA2EF, 0xA2EF, 0xA2EF,
  0xA2EF, 0xA2EF, 0xA2EF, 0xA2EF, 0xA2EF, 0xA2EF, 0xA2EF, 0xA2EF, 0xA2EF, 0xA2EF, 0xA2EF, 0x9AAF,
  0x28C9, 0x1888, 0x1888, 0x1888, 0x1888, 0x1888, 0x1888, 0x1888, 0x1888, 0x1888, 0x1888, 0x1888,
  0x1888, 0x1888, 0x1888, 0x1888, 0x1888, 0x1888, 0x1868, 0x1868, 0x1868, 0x1868, 0x1068, 0x1068,
  0x1067, 0x1067, 0x1047, 0x1047, 0x1046, 0x0826, 0x0825, 0x0825, 0x0024, 0x014A, 0x012A, 0x0109,
  0x018C, 0x018C, 0x018C, 0x018C, 0x018C, 0x018C, 0x018C, 0x018C, 0x01AC, 0x018D, 0x01AD, 0x01AD,
  0x01AD, 0x01AD, 0x00AF, 0x00AF, 0x00AF, 0x00AF, 0x00AF, 0x00AF, 0x00AF, 0x00AF, 0x00AF, 0x00AF,
  0x00AF, 0x00AF, 0x00AF, 0x00AF, 0x00AF, 0x00AF, 0x00AF, 0x00AF, 0x00AF, 0x00AF, 0x00AF, 0x01CE,
  0x01EE, 0x01CF, 0x01EE, 0x01EF, 0x20EA, 0x20EA, 0x20EA, 0x20EA, 0x20EA, 0x20EA, 0x20EA, 0x20EA,
  0x20EA, 0x210B, 0x210B, 0x210B, 0x210B, 0x210B, 0x210B, 0x210B, 0x210B, 0x210B, 0x210B, 0x210B,
  0x210B, 0x210B, 0x210B, 0x210B, 0x210A, 0x20EB, 0x210A, 0x20EA, 0x20EA, 0x20EA, 0x20EA, 0x20EA,
  0x20EA, 0x20EA, 0xFFDE, 0xEFDF, 0x069E, 0x059D, 0xCF9E, 0x66DE, 0x061E, 0xBF5E, 0x7EDE, 0xFFFF,
  0xD79F, 0x059E, 0x56DE, 0xFFFF, 0x6EDE, 0x067E, 0x065E, 0x5EBE, 0x971E, 0x063E, 0x069E, 0x061E,
  0x06BF, 0x05DB, 0x0000, 0x738E, 0x630C, 0x0000, 0xB596, 0xB596, 0xA514, 0x0000, 0x6B4D, 0x3185,
  0x18E4, 0x528B, 0x39E8, 0x52CD, 0x73F1, 0x39E8, 0x6B2C, 0x8C74, 0x29C9, 0xFFFF, 0xC619, 0x0000,
  0xB575, 0xFFFF, 0xFFFF, 0x3186, 0x2988, 0x3188, 0x9493, 0xCE7A, 0x8431, 0x0000, 0x0001, 0x0000,
  0x0000, 0x0000, 0x0000, 0x0000, 0xB002, 0x0827, 0x0827, 0x0827, 0x0827, 0x0827, 0x0827, 0x1028,
  0x0828, 0x1028, 0x1048, 0x1028, 0x1048, 0x1048, 0x1048, 0x1048, 0x055D, 0x059F, 0x059E, 0x059E,
  0x059E, 0x059E, 0x061F, 0x0456, 0x6A8A, 0x532E, 0x532E, 0x532E, 0x532E, 0x534E, 0x5B4F, 0x4B0E,
  0x3A6C, 0x3A8C, 0x3A6B, 0x2A0A, 0x4AED, 0x5B4F, 0x532E, 0x3A8C, 0x4AED, 0x532F, 0x4B0E, 0x630D,
  0x52EC, 0x0478, 0x059E, 0x06DF, 0x02CF, 0x0000, 0x29CA, 0x6350, 0x426B, 0x0000, 0x0000, 0x0000,
  0x0000, 0x0000, 0x0000, 0x0000, 0x0000, 0x0000, 0x0000, 0x0000, 0x0000, 0x0000, 0x0000, 0x0000,
  0x0000, 0x0000, 0x0000, 0x0000, 0x0021, 0x31E9, 0x1927, 0x426C, 0xAD97, 0xFFFF, 0xFFFF, 0x8430,
  0x0000, 0x9CD4, 0xD69B, 0xC63A, 0xCE7B, 0xC63A, 0xEF7E, 0xFFFF, 0x8C72, 0x0000, 0xAD56, 0xFFFF,
  0x73F1, 0x0023, 0x634F, 0x5B0F, 0x2946, 0x0000, 0x0000, 0x0882, 0x4ACD, 0x52ED, 0x31C9, 0x0000,
  0x0000, 0x0000, 0x0000, 0xA001, 0xF803, 0xF803, 0xF803, 0xF823, 0xB30F, 0xB30F, 0xB30F, 0xB30F,
  0xB30F, 0xB30F, 0xAB0F, 0xAB0F, 0xB30F, 0xAB0F, 0xAB0F, 0xAB0F, 0xAB0F, 0xAB0F, 0xAB0F, 0xAB0F,
  0xAB0F, 0xAAEF, 0xAB0F, 0xAB0F, 0xAB0F, 0xAB0F, 0xAB0F, 0xAAEF, 0xAAEF, 0xAAEF, 0xAAEF, 0xAAEF,
  0xAAEF, 0xAAEF, 0xAAEF, 0xAAEF, 0xAAEF, 0xAAEF, 0xAAEF, 0x496B, 0x1889, 0x1889, 0x1889, 0x1889,
  0x1888, 0x1888, 0x1888, 0x1888, 0x1888, 0x1888, 0x1888, 0x1888, 0x1888, 0x1888, 0x1888, 0x1888,
  0x1888, 0x1888, 0x1888, 0x1888, 0x1868, 0x1868, 0x1868, 0x1068, 0x1067, 0x1067, 0x1047, 0x1047,
  0x1046, 0x0826, 0x0825, 0x0825, 0x0024, 0x014A, 0x0129, 0x0109, 0x018C, 0x018C, 0x018C, 0x018C,
  0x018C, 0x018C, 0x018C, 0x018C, 0x018C, 0x018D, 0x018D, 0x01AD, 0x01AD, 0x01AD, 0x00AF, 0x00AF,
  0x00AF, 0x00AF, 0x00AF, 0x00AF, 0x00AF, 0x00AF, 0x00AF, 0x00AF, 0x00AF, 0x00AF, 0x00AF, 0x00AF,
  0x00AF, 0x00AF, 0x00AF, 0x00AF, 0x00AF, 0x00AF, 0x00AF, 0x01CE, 0x01CE, 0x01CE, 0x01EE, 0x01EE,
  0x20EA, 0x20EA, 0x20EA, 0x20EA, 0x20EA, 0x20EA, 0x20EA, 0x20EA, 0x210B, 0x210B, 0x210B, 0x210B,
  0x210B, 0x210B, 0x210B, 0x210B, 0x210B, 0x210B, 0x210B, 0x210B, 0x210B, 0x210B, 0x210B, 0x210B,
  0x210B, 0x210B, 0x20EB, 0x210A, 0x20EA, 0x20EA, 0x20EA, 0x20EA, 0x20EA, 0x20EA, 0xFFDE, 0x56BE,
  0x05FD, 0xFFFE, 0x5EDE, 0x5EDE, 0xCF7F, 0x065E, 0x063E, 0xF7FF, 0xC77F, 0x05FF, 0x05DE, 0xDF9E,
  0x1E9F, 0x05FE, 0xCF9F, 0x16BE, 0x8F1E, 0x067E, 0x871F, 0x873F, 0xA6DC, 0xBE9B, 0x39E7, 0xA534,
  0xAD55, 0x9CF3, 0x738E, 0x2945, 0xCE59, 0xBDD7, 0x738E, 0x0020, 0x0000, 0x0000, 0x0000, 0x4A6B,
  0x6BB1, 0x9493, 0x52CD, 0x10C5, 0x31A7, 0xFFFF, 0xE71C, 0x0000, 0x738D, 0xFFFF, 0xDEFB, 0x18C3,
  0x52EE, 0x0022, 0x0000, 0x0841, 0x0000, 0x0021, 0x0883, 0x0021, 0x0000, 0x0000, 0x0000, 0x0000,
  0xC002, 0x0827, 0x0827, 0x0827, 0x0827, 0x0827, 0x0827, 0x1027, 0x0828, 0x0828, 0x1048, 0x1028,
  0x1048, 0x1048, 0x1048, 0x1048, 0x055D, 0x059F, 0x059E, 0x059E, 0x059E, 0x05BF, 0x05BF, 0x43B1,
  0x630C, 0x532E, 0x532E, 0x532E, 0x532E, 0x4AED, 0x4AED, 0x4AED, 0x42AC, 0x3A6B, 0x1968, 0x1968,
  0x3A4B, 0x534F, 0x4AED, 0x2A0A, 0x530E, 0x534F, 0x42CD, 0x3A4B, 0x5ACC, 0x0413, 0x05BF, 0x063F,
  0x0062, 0x0000, 0x426C, 0x6370, 0x2987, 0x0000, 0x0000, 0x0000, 0x0000, 0x0000, 0x0000, 0x0000,
  0x0000, 0x0000, 0x0000, 0x0000, 0x0000, 0x0000, 0x0000, 0x0000, 0x0000, 0x0020, 0x0021, 0x0000,
  0x1904, 0x426C, 0x10C6, 0x3A0B, 0xAD77, 0xFFDF, 0xFFFF, 0xBDF8, 0x0000, 0x39E7, 0xF7BF, 0xC639,
  0xD6BB, 0xD6BB, 0xE73D, 0xFFFF, 0x738E, 0x0000, 0xCE7A, 0xFFFF, 0x7C11, 0x0002, 0x52CD, 0x6B90,
  0x2987, 0x0000, 0x0000, 0x0862, 0x31A9, 0x3A4B, 0x39E9, 0x0000, 0x0000, 0x0000, 0x0000, 0xB001,
  0xF803, 0xF803, 0xF803, 0xF823, 0xB32E, 0xB30E, 0xB30E, 0xB30E, 0xB30E, 0xB30E, 0xB30E, 0xB30E,
  0xB30E, 0xB30E, 0xB30E, 0xB30E, 0xB30E, 0xB30E, 0xB30E, 0xB30E, 0xB30E, 0xB30F, 0xB30E, 0xB30E,
  0xB30E, 0xB30E, 0xB30E, 0xB30F, 0xB30E, 0xB30E, 0xB30F, 0xB30F, 0xB30F, 0xB30F, 0xB30F, 0xB30F,
  0xB30F, 0xB30F, 0x7A0C, 0x1889, 0x1889, 0x1889, 0x1889, 0x1889, 0x1889, 0x1889, 0x1889, 0x1888,
  0x1888, 0x1888, 0x1888, 0x1888, 0x1888, 0x1888, 0x1888, 0x1888, 0x1888, 0x1888, 0x1888, 0x1888,
  0x1888, 0x1868, 0x1868, 0x1868, 0x1068, 0x1067, 0x1047, 0x1047, 0x1047, 0x0826, 0x0826, 0x0825,
  0x0824, 0x014A, 0x0129, 0x0109, 0x018C, 0x018C, 0x018C, 0x018C, 0x018C, 0x018C, 0x018C, 0x018C,
  0x018C, 0x018C, 0x018C, 0x01AD, 0x01AD, 0x01AD, 0x00AF, 0x00AF, 0x00AF, 0x00AF, 0x00AF, 0x00AF,
  0x00AF, 0x00AF, 0x00AF, 0x00AF, 0x00AF, 0x00AF, 0x00AF, 0x00AF, 0x00AF, 0x00AF, 0x00AF, 0x00AF,
  0x00AF, 0x00AF, 0x00AF, 0x01CE, 0x01CE, 0x01CE, 0x01EE, 0x01EE, 0x20EA, 0x20EA, 0x20EA, 0x20EA,
  0x20EA, 0x210A, 0x20EA, 0x210A, 0x210B, 0x210B, 0x210B, 0x210B, 0x210B, 0x210B, 0x210B, 0x210B,
  0x210B, 0x210B, 0x210B, 0x210B, 0x210B, 0x210B, 0x210B, 0x210B, 0x210B, 0x210B, 0x210B, 0x20EB,
  0x210A, 0x20EB, 0x20EA, 0x20EA, 0x20EA, 0x20EA, 0xFFDE, 0xFFFF, 0x56DE, 0x1E9E, 0x269E, 0xCF9F,
  0xFFFF, 0x46BE, 0x059E, 0xFFFF, 0xCF7F, 0x061F, 0x067E, 0x469E, 0x369F, 0x063F, 0xFFFF, 0xD79F,
  0x871E, 0x76FF, 0xCF9F, 0x773F, 0x1E5C, 0xBD34, 0x8C73, 0x8C71, 0xAD75, 0xFFDF, 0x0000, 0x0000,
  0x738E, 0xFFFF, 0x18E3, 0x0000, 0x0020, 0x0000, 0x0000, 0x2987, 0x5B2E, 0xC639, 0x6B90, 0x0000,
  0x630B, 0xFFFF, 0xFFFF, 0x0000, 0x39C7, 0xFFFF, 0xB5B6, 0x31A7, 0x73D1, 0x10C4, 0x0000, 0x0000,
  0x0021, 0x6B90, 0x634F, 0x0000, 0x0000, 0x0000, 0x0000, 0x0000, 0xE003, 0x0827, 0x0827, 0x0827,
  0x0827, 0x0827, 0x0827, 0x0827, 0x0827, 0x0827, 0x1028, 0x1028, 0x1048, 0x1048, 0x1048, 0x1048,
  0x055D, 0x059F, 0x059E, 0x059E, 0x059E, 0x05FF, 0x04FA, 0x5A8B, 0x4ACD, 0x530E, 0x5B6F, 0x532E,
  0x42CD, 0x42AD, 0x3A6B, 0x2A0A, 0x2A0A, 0x2188, 0x3A2B, 0x3A4B, 0x1127, 0x532E, 0x3A6C, 0x322B,
  0x534F, 0x532E, 0x5B6F, 0x2A0A, 0x2988, 0x5229, 0x057C, 0x053D, 0x0000, 0x0821, 0x52EE, 0x5B0F,
  0x18E4, 0x0000, 0x0000, 0x0000, 0x0000, 0x0000, 0x0000, 0x0000, 0x0000, 0x0000, 0x0000, 0x0000,
  0x0000, 0x0000, 0x0000, 0x0000, 0x0000, 0x0000, 0x0841, 0x0000, 0x31A8, 0x52EE, 0x1106, 0x2168,
  0x9D15, 0xFFDF, 0xF7BF, 0xF79E, 0x0861, 0x0000, 0xD6BB, 0xFFFF, 0xE73D, 0xD6BB, 0xE73D, 0xFFFF,
  0x3186, 0x0000, 0xF79E, 0xFFFF, 0x8453, 0x0001, 0x52AC, 0x6BB1, 0x29A8, 0x0000, 0x0000, 0x0000,
  0x0000, 0x0001, 0x18E6, 0x0021, 0x0000, 0x0000, 0x0000, 0xC802, 0xF804, 0xF803, 0xF803, 0xF824,
  0xBB2E, 0xBB2E, 0xBB2E, 0xBB2E, 0xBB2E, 0xBB2E, 0xBB2E, 0xBB2E, 0xBB2E, 0xBB2E, 0xBB2E, 0xBB2E,
  0xBB2E, 0xBB2E, 0xBB2E, 0xBB2E, 0xBB2E, 0xBB2E, 0xBB2E, 0xBB2E, 0xBB2E, 0xBB2E, 0xB32E, 0xBB2E,
  0xB30E, 0xB32E, 0xB32E, 0xB30E, 0xB30E, 0xB30E, 0xB30E, 0xB30E, 0xB30E, 0x9AAD, 0x20C9, 0x18A9,
  0x18A9, 0x18A9, 0x18A9, 0x18A9, 0x18A9, 0x1889, 0x1889, 0x1889, 0x1889, 0x1888, 0x1888, 0x1888,
  0x1888, 0x1888, 0x1888, 0x1888, 0x1888, 0x1888, 0x1888, 0x1888, 0x1888, 0x1888, 0x1868, 0x1868,
  0x1868, 0x1068, 0x1047, 0x1047, 0x1047, 0x0826, 0x0826, 0x0825, 0x0824, 0x014A, 0x0129, 0x0109,
  0x018C, 0x018C, 0x018C, 0x018C, 0x018C, 0x018C, 0x018C, 0x018C, 0x018C, 0x018C, 0x018C, 0x018C,
  0x018C, 0x018D, 0x00AF, 0x00AF, 0x00AF, 0x00AF, 0x00AF, 0x00AF, 0x00AF, 0x00AF, 0x00AF, 0x00AF,
  0x00AF, 0x00AF, 0x00AF, 0x00AF, 0x00AF, 0x00AF, 0x00AF, 0x00AF, 0x00AF, 0x00AF, 0x00AF, 0x01CE,
  0x01CE, 0x01CE, 0x01CE, 0x01CE, 0x20EA, 0x20EA, 0x20EA, 0x20EA, 0x20EA, 0x20EA, 0x210A, 0x210B,
  0x210B, 0x210B, 0x210B, 0x210B, 0x210B, 0x210B, 0x210B, 0x210B, 0x210B, 0x210B, 0x210B, 0x210B,
  0x210B, 0x210B, 0x210B, 0x210B, 0x210B, 0x210B, 0x210B, 0x210B, 0x210B, 0x20EA, 0x20EA, 0x20EA,
  0x20EA, 0x20EA, 0xFFDE, 0xBF7F, 0xF7DE, 0x8F1E, 0x04FD, 0xB75F, 0xFFFF, 0x065E, 0x05DE, 0xF7DF,
  0xB75E, 0x057E, 0xB75F, 0x5EBE, 0x057E, 0x065F, 0xFFFF, 0x1E9E, 0x9F3E, 0x46DF, 0xAF5F, 0x6F1F,
  0x8F7F, 0xA492, 0x8C72, 0x94B2, 0x8C51, 0xFFFF, 0x18E3, 0x0000, 0xBDF7, 0x9492, 0x9CF3, 0x0841,
  0x0000, 0x0000, 0x0000, 0x10A3, 0x428C, 0xCE9B, 0x8C73, 0x0863, 0x4A69, 0xF7BF, 0xFFFF, 0x1082,
  0x0020, 0xFFFF, 0x8C72, 0x52CC, 0x6BD1, 0x0884, 0x0000, 0x0000, 0x0020, 0x6BB1, 0x6BB1, 0x0000,
  0x0000, 0x0000, 0x0000, 0x2000, 0xF804, 0x0827, 0x0827, 0x0827, 0x0827, 0x0827, 0x0827, 0x0827,
  0x0827, 0x0827, 0x1028, 0x1028, 0x1028, 0x1048, 0x1048, 0x1048, 0x055D, 0x059F, 0x059E, 0x059E,
  0x059E, 0x061F, 0x04BA, 0x31A8, 0x3A0A, 0x3A6B, 0x4ACD, 0x3A4B, 0x1127, 0x1968, 0x1168, 0x1148,
  0x29E9, 0x21A9, 0x8453, 0xB5F9, 0x324B, 0x3A2B, 0x4AED, 0x4AED, 0x532E, 0x532E, 0x5B6F, 0x428C,
  0x1988, 0x3146, 0x0476, 0x0353, 0x0000, 0x39EA, 0x4AAE, 0x29A9, 0x0000, 0x0000, 0x0000, 0x0000,
  0x0000, 0x0000, 0x0000, 0x0000, 0x0000, 0x0000, 0x0000, 0x0000, 0x0000, 0x0000, 0x0000, 0x0000,
  0x0000, 0x0000, 0x0822, 0x0000, 0x422A, 0x5B0E, 0x2188, 0x1106, 0x9CF5, 0xF7BF, 0xE75D, 0xFFFF,
  0x6B2D, 0x0000, 0x9CD4, 0xFFFF, 0xDEFC, 0xCE9A, 0xEF9F, 0xEF5D, 0x0000, 0x4209, 0xFFFF, 0xFFFF,
  0x94B4, 0x0001, 0x52CD, 0x6BD1, 0x31C9, 0x0000, 0x0000, 0x0000, 0x0000, 0x0000, 0x0000, 0x0000,
  0x0000, 0x0000, 0x0000, 0xD802, 0xF803, 0xF803, 0xF804, 0xF824, 0xC34D, 0xC34E, 0xC32D, 0xC32D,
  0xC34E, 0xC34E, 0xC34E, 0xC34E, 0xC32E, 0xC32E, 0xC32E, 0xC32E, 0xC32E, 0xC32E, 0xBB2E, 0xBB2E,
  0xBB2E, 0xBB2E, 0xBB2E, 0xBB2E, 0xBB2E, 0xBB2E, 0xBB2E, 0xBB2E, 0xBB2E, 0xBB2E, 0xBB2E, 0xBB2E,
  0xBB2E, 0xBB2E, 0xBB2E, 0xBB2E, 0xAAEE, 0x3109, 0x20A9, 0x20A9, 0x20A9, 0x20A9, 0x20A9, 0x18A9,
  0x18A9, 0x18A9, 0x18A9, 0x1889, 0x1889, 0x1889, 0x1889, 0x1888, 0x1888, 0x1888, 0x1888, 0x1888,
  0x1888, 0x1888, 0x1888, 0x1888, 0x1888, 0x1888, 0x1888, 0x1868, 0x1868, 0x1868, 0x1067, 0x1047,
  0x1047, 0x0846, 0x0826, 0x0825, 0x0824, 0x014A, 0x0129, 0x0109, 0x018C, 0x018C, 0x018C, 0x018C,
  0x018C, 0x018C, 0x018C, 0x018C, 0x018C, 0x018C, 0x018C, 0x018C, 0x018C, 0x018C, 0x00AF, 0x00AF,
  0x00AF, 0x00AF, 0x00AF, 0x00AF, 0x00AF, 0x00AF, 0x00AF, 0x00AF, 0x00AF, 0x00AF, 0x00AF, 0x00AF,
  0x00AF, 0x00AF, 0x00AF, 0x00AF, 0x00AF, 0x00AF, 0x00AF, 0x01CE, 0x01CE, 0x01CE, 0x01CE, 0x01CE,
  0x20EA, 0x20EA, 0x20EA, 0x20EA, 0x210A, 0x20EA, 0x210B, 0x210B, 0x210B, 0x210B, 0x210B, 0x210B,
  0x210B, 0x210B, 0x210B, 0x210B, 0x210B, 0x210B, 0x210B, 0x210B, 0x210B, 0x210B, 0x210B, 0x210B,
  0x210B, 0x210B, 0x210B, 0x210B, 0x210B, 0x210A, 0x20EB, 0x20EA, 0x20EA, 0x20EA, 0xFFDE, 0xD79E,
  0x469E, 0x8F1E, 0xAF5E, 0x971E, 0x5E9E, 0xBFDF, 0xCFFF, 0x06FF, 0x777F, 0x7F5F, 0xDFFF, 0xFFFF,
  0x06BF, 0x473F, 0x5F3F, 0x66FE, 0xFFFF, 0x9F3F, 0xE7BF, 0xF7FF, 0xB5F8, 0x62CA, 0xB5B6, 0x0000,
  0x0000, 0xB596, 0xAD55, 0x9492, 0xC638, 0x0000, 0x6B4D, 0x6B4D, 0x0000, 0x0000, 0x0000, 0x0021,
  0x3A0B, 0xD6FC, 0x94B3, 0x10C4, 0x18C3, 0xAD55, 0xFFFF, 0x52AB, 0x0000, 0xFFDF, 0x73D1, 0x73B0,
  0x6BD0, 0x1947, 0x0000, 0x0000, 0x0000, 0x73D1, 0x73B0, 0x0000, 0x0000, 0x0000, 0x0000, 0x8001,
  0xF804, 0x0827, 0x0827, 0x0827, 0x0827, 0x0827, 0x0827, 0x0827, 0x1027, 0x0827, 0x0827, 0x1027,
  0x0848, 0x1048, 0x1048, 0x1048, 0x055D, 0x059F, 0x059E, 0x059E, 0x059E, 0x05FF, 0x04FC, 0x39E9,
  0x424B, 0x1988, 0x1147, 0x4ACD, 0x63B0, 0x7C32, 0x8CB4, 0x4ACD, 0x00C6, 0x4ACD, 0x8CD4, 0x9D16,
  0x9D56, 0x3A4B, 0x5B4F, 0x4AED, 0x4B0E, 0x5B4F, 0x4AED, 0x428C, 0x4187, 0x03B3, 0x0477, 0x0000,
  0x0000, 0x3A4C, 0x426C, 0x18E5, 0x0000, 0x0000, 0x0000, 0x0000, 0x0000, 0x0000, 0x0000, 0x0000,
  0x0000, 0x0000, 0x0000, 0x0000, 0x0000, 0x0000, 0x0000, 0x0000, 0x0000, 0x0000, 0x0001, 0x0020,
  0x4A8C, 0x5B0E, 0x31EA, 0x00A5, 0x9D15, 0xFFDF, 0xE73D, 0xFFFF, 0xA4F4, 0x0000, 0x7BEF, 0xFFFF,
  0xDEDB, 0xD69A, 0xFFFF, 0xC618, 0x0000, 0x8C72, 0xFFFF, 0xFFFF, 0xAD97, 0x0043, 0x4AAD, 0x73D1,
  0x424B, 0x0020, 0x0000, 0x0000, 0x0000, 0x0000, 0x0000, 0x0000, 0x0000, 0x0000, 0x0000, 0xF803,
  0xF805, 0xF803, 0xA801, 0x5821, 0xCB4D, 0xCB4D, 0xCB4D, 0xC34D, 0xC34D, 0xC34D, 0xC34D, 0xC34D,
  0xC34D, 0xC34D, 0xC34D, 0xC34D, 0xC34D, 0xC34D, 0xC34D, 0xC34D, 0xC34D, 0xC34D, 0xC34D, 0xC34D,
  0xC34D, 0xC34D, 0xC34D, 0xC34D, 0xC34D, 0xC34D, 0xC34D, 0xC34E, 0xC32E, 0xC34E, 0xC34E, 0xBB2D,
  0x412A, 0x20A9, 0x20A9, 0x20A9, 0x20A9, 0x20A9, 0x20A9, 0x20A9, 0x20A9, 0x20A9, 0x18A9, 0x18A9,
  0x18A9, 0x18A9, 0x1889, 0x1889, 0x1889, 0x1888, 0x1888, 0x1888, 0x1888, 0x1888, 0x1888, 0x1888,
  0x1888, 0x1888, 0x1888, 0x1888, 0x1868, 0x1868, 0x1067, 0x1067, 0x1047, 0x1046, 0x0826, 0x0825,
  0x0824, 0x012A, 0x0129, 0x0109, 0x018C, 0x018C, 0x018C, 0x018C, 0x018C, 0x018C, 0x018C, 0x018C,
  0x018C, 0x018C, 0x018C, 0x018C, 0x018C, 0x018C, 0x00AF, 0x00AF, 0x00AF, 0x00AF, 0x00AF, 0x00AF,
  0x00AF, 0x00AF, 0x00AF, 0x00AF, 0x00AF, 0x00AF, 0x00AF, 0x00AF, 0x00AF, 0x00AF, 0x00AF, 0x00AF,
  0x00AF, 0x00AF, 0x00AF, 0x01CE, 0x01CE, 0x01CE, 0x01CE, 0x01CE, 0x20EA, 0x20EA, 0x20EA, 0x20EA,
  0x20EA, 0x210A, 0x210B, 0x210B, 0x210B, 0x210B, 0x210B, 0x210B, 0x210B, 0x210B, 0x210B, 0x210B,
  0x210B, 0x210B, 0x210B, 0x210B, 0x210B, 0x210B, 0x210B, 0x210B, 0x210B, 0x210B, 0x210B, 0x210B,
  0x210B, 0x210B, 0x20EA, 0x20EA, 0x20EA, 0x20EA, 0xBF5E, 0xD79F, 0x9F3F, 0x76FF, 0xEFBF, 0x9F7F,
  0x477F, 0xE75C, 0xFEFA, 0xA67B, 0xBEBB, 0xF71B, 0xCEDB, 0xE6FB, 0xE6FB, 0xD6BB, 0xAE9B, 0xBFFF,
  0xA7FF, 0xAF7F, 0xBF7F, 0xBFFF, 0x63CF, 0x0800, 0x18C3, 0x0000, 0x0000, 0x0000, 0x18C3, 0x2104,
  0x0000, 0x0000, 0x0000, 0x0020, 0x0000, 0x0000, 0x0000, 0x0021, 0x3A2B, 0xC65A, 0xCE79, 0x18C3,
  0x0000, 0x5B0C, 0xFFFF, 0x630C, 0x2125, 0xFFFF, 0x5AED, 0x94B3, 0x8C93, 0x3A2B, 0x0000, 0x0000,
  0x0021, 0x73D1, 0x5B0E, 0x0000, 0x0000, 0x0000, 0x0000, 0xC802, 0xF804, 0x0827, 0x0827, 0x0827,
  0x0827, 0x0827, 0x0827, 0x0827, 0x1027, 0x1027, 0x0827, 0x0827, 0x1027, 0x1048, 0x1048, 0x1048,
  0x055D, 0x059F, 0x059E, 0x059E, 0x059E, 0x05BF, 0x05DF, 0x02AD, 0x51E7, 0x42AC, 0x3AAC, 0x6BD0,
  0xC67A, 0xE77E, 0xDF5D, 0xDF3D, 0x4ACD, 0x638F, 0x7411, 0x5B4F, 0xADD8, 0x530E, 0x530E, 0x42CD,
  0x534F, 0x4AED, 0x2A0A, 0x322B, 0x4166, 0x04B8, 0x03F6, 0x0000, 0x0883, 0x3A2B, 0x29A9, 0x0021,
  0x0000, 0x0000, 0x0000, 0x0000, 0x0000, 0x0000, 0x0000, 0x0000, 0x0000, 0x0000, 0x0000, 0x0000,
  0x0000, 0x0000, 0x0000, 0x0000, 0x0000, 0x0000, 0x0000, 0x2105, 0x52ED, 0x52ED, 0x3A2B, 0x0065,
  0x94D4, 0xFFFF, 0xE71C, 0xF7DF, 0xC619, 0x0000, 0x2104, 0xFFBF, 0xDEFD, 0xD69B, 0xFFFF, 0x8431,
  0x0000, 0xC618, 0xFFFF, 0xF7BF, 0xCE7A, 0x1906, 0x4A8C, 0x73F2, 0x4AAD, 0x10C3, 0x0000, 0x0000,
  0x0000, 0x0000, 0x0000, 0x0000, 0x0000, 0x0000, 0x0800, 0x9802, 0x6001, 0x0000, 0x0000, 0x0000,
  0xCB6D, 0xCB6D, 0xCB6D, 0xCB6D, 0xCB6D, 0xCB6D, 0xCB4D, 0xCB4D, 0xCB4D, 0xCB6D, 0xCB4D, 0xCB6D,
  0xCB6D, 0xCB4D, 0xCB4D, 0xCB4D, 0xCB4D, 0xCB4D, 0xCB4D, 0xCB4D, 0xCB4D, 0xCB4D, 0xCB4D, 0xCB4D,
  0xCB4D, 0xCB4D, 0xCB4D, 0xCB4D, 0xCB4D, 0xCB4D, 0xC34D, 0x516A, 0x20A9, 0x20A9, 0x20A9, 0x20A9,
  0x20A9, 0x20A9, 0x20A9, 0x20A9, 0x20A9, 0x20A9, 0x20A9, 0x20A9, 0x20A9, 0x18A9, 0x18A9, 0x1889,
  0x1889, 0x1889, 0x1888, 0x1888, 0x1888, 0x1888, 0x1888, 0x1888, 0x1888, 0x1888, 0x1888, 0x1888,
  0x1888, 0x1868, 0x1067, 0x1067, 0x1047, 0x1046, 0x0826, 0x0825, 0x0825, 0x0129, 0x0129, 0x0108,
  0x018B, 0x018B, 0x018B, 0x018C, 0x018C, 0x018C, 0x018C, 0x018C, 0x018C, 0x018C, 0x018C, 0x018C,
  0x018C, 0x018C, 0x00D0, 0x00AF, 0x00AF, 0x00AF, 0x00AF, 0x00AF, 0x00AF, 0x00AF, 0x00AF, 0x00AF,
  0x00AF, 0x00AF, 0x00AF, 0x00AF, 0x00AF, 0x00AF, 0x00AF, 0x00AF, 0x00AF, 0x00AF, 0x0110, 0x01CE,
  0x01CE, 0x01CE, 0x01CE, 0x01CE, 0x20EA, 0x20EA, 0x20EA, 0x210A, 0x20EB, 0x210A, 0x210B, 0x210B,
  0x210B, 0x210B, 0x210B, 0x210B, 0x210B, 0x210B, 0x210B, 0x210B, 0x210B, 0x210B, 0x210B, 0x210B,
  0x210B, 0x210B, 0x210B, 0x210B, 0x210B, 0x210B, 0x210B, 0x210B, 0x210B, 0x20EB, 0x210A, 0x20EA,
  0x20EA, 0x20EA, 0x057D, 0x055E, 0x057E, 0x059E, 0x059F, 0x059F, 0x0435, 0x42CD, 0x4A8C, 0x5AED,
  0x52ED, 0x42AC, 0x4ACD, 0x42AC, 0x4AAC, 0x52AC, 0x52CC, 0x03B3, 0x04B9, 0x051B, 0x059F, 0x05BF,
  0x0042, 0x622A, 0x5B0E, 0x0000, 0x0000, 0x0000, 0x0000, 0x0000, 0x0000, 0x0000, 0x0000, 0x0000,
  0x0000, 0x0000, 0x0000, 0x0021, 0x426C, 0xADB7, 0xFFFF, 0x18C3, 0x4229, 0xAD55, 0xFFFF, 0x9492,
  0xD6BB, 0xEF7E, 0x2988, 0xBDF8, 0x7C32, 0x426C, 0x0000, 0x0000, 0x0021, 0x52EE, 0x424B, 0x0000,
  0x0000, 0x0000, 0x3800, 0xF803, 0xF803, 0x0827, 0x0827, 0x0827, 0x0827, 0x0827, 0x0827, 0x0827,
  0x0827, 0x1027, 0x0827, 0x0827, 0x1027, 0x1048, 0x1048, 0x1048, 0x055D, 0x059F, 0x059E, 0x059E,
  0x059E, 0x059E, 0x05FF, 0x05BE, 0x2A2B, 0xA410, 0x8C92, 0x1924, 0x424A, 0xE71D, 0xDF1C, 0xF7BF,
  0xA596, 0x9D35, 0x94D4, 0x7C73, 0xB5F8, 0x322A, 0x530E, 0x42AD, 0x532E, 0x2A0A, 0x1988, 0x21EA,
  0x5187, 0x053B, 0x0311, 0x0000, 0x29A9, 0x426D, 0x10E5, 0x0000, 0x0000, 0x0000, 0x0000, 0x0000,
  0x0000, 0x0000, 0x0000, 0x0000, 0x0000, 0x0000, 0x0000, 0x0000, 0x0000, 0x0000, 0x0000, 0x0000,
  0x0000, 0x0000, 0x0000, 0x39E9, 0x5B0E, 0x4AAC, 0x426C, 0x2148, 0xB5B8, 0xF7BF, 0xDEFC, 0xE75D,
  0xE71D, 0x0021, 0x0000, 0xBDF8, 0xF7BF, 0xD6BB, 0xFFFF, 0x39A7, 0x0000, 0xE75D, 0xEF7E, 0xEF7E,
  0xDEFD, 0x3A2A, 0x3A0A, 0x73F2, 0x5B2F, 0x2966, 0x0000, 0x0000, 0x0000, 0x0000, 0x0000, 0x0000,
  0x0000, 0x0000, 0x0000, 0x0000, 0x0000, 0x0000, 0x7001, 0xC822, 0xD36C, 0xD36C, 0xD36C, 0xD36C,
  0xD36C, 0xD36C, 0xD36C, 0xD36C, 0xD36C, 0xD36C, 0xD36C, 0xD36C, 0xD36C, 0xD36D, 0xD36C, 0xD36C,
  0xD36C, 0xD36D, 0xD36D, 0xD36D, 0xCB6D, 0xCB6D, 0xD36D, 0xCB6D, 0xCB6D, 0xCB6D, 0xCB6D, 0xCB6D,
  0xCB6D, 0xCB4D, 0x598A, 0x20A9, 0x20A9, 0x20A9, 0x20A9, 0x20A9, 0x20A9, 0x20A9, 0x20A9, 0x20A9,
  0x20A9, 0x20A9, 0x20A9, 0x20A9, 0x20A9, 0x20A9, 0x18A9, 0x18A9, 0x18A9, 0x1889, 0x1889, 0x1888,
  0x1888, 0x1888, 0x1888, 0x1888, 0x1888, 0x1888, 0x1888, 0x1888, 0x1888, 0x1868, 0x1067, 0x1067,
  0x1047, 0x1046, 0x0826, 0x0825, 0x0825, 0x0129, 0x0129, 0x0108, 0x016B, 0x018B, 0x018B, 0x018C,
  0x018C, 0x018C, 0x018C, 0x018C, 0x018C, 0x018C, 0x018C, 0x018C, 0x018C, 0x018C, 0x0191, 0x00AF,
  0x00AF, 0x00AF, 0x00AF, 0x00AF, 0x00AF, 0x00AF, 0x00AF, 0x00AF, 0x00AF, 0x00AF, 0x00AF, 0x00AF,
  0x00AF, 0x00AF, 0x00AF, 0x00AF, 0x00AF, 0x00AF, 0x0191, 0x01CE, 0x01CE, 0x01CE, 0x01CE, 0x01CE,
  0x20EA, 0x20EA, 0x20EA, 0x210A, 0x20EA, 0x210B, 0x210B, 0x210B, 0x210B, 0x210B, 0x210B, 0x210B,
  0x210B, 0x210B, 0x210B, 0x210B, 0x210B, 0x210B, 0x210B, 0x210B, 0x210B, 0x210B, 0x210B, 0x210B,
  0x210B, 0x210B, 0x210B, 0x210B, 0x210B, 0x210B, 0x210A, 0x20EA, 0x20EA, 0x20EA, 0x059D, 0x059E,
  0x059E, 0x059F, 0x05FF, 0x03F5, 0x7228, 0x52ED, 0x4B0E, 0x4AED, 0x42CD, 0x530E, 0x532E, 0x4AEE,
  0x4AED, 0x4AED, 0x52EE, 0x6209, 0x0392, 0x055C, 0x065F, 0x03D5, 0x1000, 0x7C33, 0x422A, 0x0000,
  0x0000, 0x0000, 0x0000, 0x0000, 0x0000, 0x0000, 0x0000, 0x0000, 0x0000, 0x0000, 0x0000, 0x0863,
  0x31EA, 0xA556, 0xFFFF, 0x2104, 0x52AA, 0xFFFF, 0xDEFC, 0xD6BB, 0xFFFF, 0xA514, 0x1905, 0xE73E,
  0x632F, 0x3A4C, 0x0022, 0x0000, 0x0000, 0x426C, 0x3A2B, 0x0000, 0x0000, 0x0000, 0xD002, 0xF803,
  0xF803, 0x0827, 0x0827, 0x0827, 0x0827, 0x0827, 0x0827, 0x0827, 0x0827, 0x1027, 0x0827, 0x0827,
  0x1027, 0x0827, 0x1047, 0x1048, 0x055D, 0x059F, 0x059E, 0x059E, 0x059E, 0x059E, 0x059E, 0x061F,
  0x04BB, 0x04F9, 0xBE19, 0x9CB3, 0x4ACC, 0xC67A, 0xDF1C, 0xDF1C, 0xBE18, 0xC67A, 0xA5B7, 0xAD97,
  0x6BB0, 0x21E9, 0x4AEE, 0x324B, 0x3A8C, 0x21A8, 0x322B, 0x4A6A, 0x3A6B, 0x059E, 0x00E6, 0x0000,
  0x3A2B, 0x3A2B, 0x0884, 0x0000, 0x0000, 0x0000, 0x0000, 0x0000, 0x0000, 0x0000, 0x0000, 0x0000,
  0x0000, 0x0000, 0x0000, 0x0000, 0x0000, 0x0000, 0x0000, 0x0000, 0x0000, 0x0000, 0x0000, 0x31C8,
  0x5B2F, 0x4AAD, 0x3A4B, 0x4AAD, 0xD6BB, 0xEF5D, 0xDEFC, 0xE71C, 0xFFFF, 0x528B, 0x0000, 0x6B8E,
  0xFFFF, 0xD6BC, 0xEF7F, 0x0000, 0x1903, 0xFFFF, 0xE71D, 0xE73D, 0xEF7E, 0x632E, 0x29A9, 0x73D1,
  0x6350, 0x39E9, 0x0000, 0x0000, 0x0000, 0x0000, 0x0000, 0x0000, 0x0000, 0x0000, 0x2800, 0xB003,
  0xB803, 0xB802, 0xA802, 0x9822, 0xDB8C, 0xDB8C, 0xDB8C, 0xDB8C, 0xDB8C, 0xDB8C, 0xDB8C, 0xDB8C,
  0xDB8C, 0xDB8C, 0xDB8C, 0xDB8C, 0xD38C, 0xDB8C, 0xDB8C, 0xD38C, 0xD38C, 0xD38C, 0xD38C, 0xD38C,
  0xD38C, 0xD36C, 0xD36C, 0xD38C, 0xD36C, 0xD36C, 0xD38C, 0xD36C, 0xCB4C, 0x598A, 0x20A9, 0x20A9,
  0x20A9, 0x20A9, 0x20A9, 0x20A9, 0x20A9, 0x20A9, 0x20A9, 0x20A9, 0x20A9, 0x20A9, 0x20A9, 0x20A9,
  0x20A9, 0x20A9, 0x20A9, 0x20A9, 0x18A9, 0x18A9, 0x1889, 0x1889, 0x1889, 0x1888, 0x1888, 0x1888,
  0x1888, 0x1888, 0x1888, 0x1888, 0x1888, 0x1868, 0x1867, 0x1067, 0x1047, 0x1046, 0x0826, 0x0825,
  0x0824, 0x0129, 0x0109, 0x0108, 0x016B, 0x016B, 0x016B, 0x018B, 0x016B, 0x018C, 0x018C, 0x018C,
  0x018C, 0x018C, 0x018C, 0x018C, 0x018C, 0x018C, 0x014E, 0x00AF, 0x00AF, 0x00AF, 0x00AF, 0x00AF,
  0x00AF, 0x00AF, 0x00AF, 0x00AF, 0x00AF, 0x00AF, 0x00AF, 0x00AF, 0x00AF, 0x00AF, 0x00AF, 0x00AF,
  0x00AF, 0x00AF, 0x016F, 0x01AD, 0x01AE, 0x01CE, 0x01CE, 0x01CE, 0x20EA, 0x20EA, 0x20EA, 0x20EA,
  0x20EA, 0x210B, 0x210B, 0x210B, 0x210B, 0x210B, 0x210B, 0x210B, 0x210B, 0x210B, 0x210B, 0x210B,
  0x290B, 0x290B, 0x290B, 0x210B, 0x210B, 0x210B, 0x210B, 0x210B, 0x210B, 0x210B, 0x210B, 0x210B,
  0x210B, 0x210B, 0x210A, 0x20EB, 0x20EA, 0x20EA, 0x059D, 0x059E, 0x059E, 0x05BF, 0x059E, 0x432E,
  0x62EC, 0x532E, 0x532E, 0x534E, 0x42AC, 0x42AD, 0x3A8C, 0x4AED, 0x534F, 0x4ACD, 0x530E, 0x5AEC,
  0x3391, 0x057D, 0x06FF, 0x022C, 0x2820, 0x7C54, 0x10C3, 0x0000, 0x0000, 0x0000, 0x0000, 0x0000,
  0x0000, 0x0000, 0x0000, 0x0000, 0x0000, 0x0021, 0x0000, 0x1905, 0x2189, 0x9CF5, 0xFFFF, 0x632D,
  0x10A2, 0xE71D, 0xBDD8, 0xD69B, 0xFFFF, 0x632C, 0x39E8, 0xFFFF, 0x4A8C, 0x426C, 0x1905, 0x0000,
  0x0021, 0x530E, 0x426C, 0x0000, 0x0000, 0x0800, 0xF802, 0xF803, 0xF803, 0x0827, 0x0827, 0x0827,
  0x0827, 0x0827, 0x0827, 0x0827, 0x0827, 0x0827, 0x0827, 0x0827, 0x1027, 0x0827, 0x1027, 0x1047,
  0x055D, 0x059F, 0x059E, 0x059E, 0x059E, 0x059E, 0x059E, 0x057E, 0x05FF, 0x05FF, 0xA6BC, 0xFF1C,
  0xC65A, 0xCEBB, 0xD6DB, 0xD6BB, 0xD6BB, 0xD6FC, 0xE77D, 0x8473, 0x0084, 0x42CD, 0x42CD, 0x29E9,
  0x324B, 0x2A0A, 0x4AED, 0x5187, 0x03F5, 0x051B, 0x0000, 0x1062, 0x424C, 0x1927, 0x0000, 0x0000,
  0x0000, 0x0000, 0x0000, 0x0000, 0x0000, 0x0000, 0x0000, 0x0000, 0x0000, 0x0000, 0x0000, 0x0000,
  0x0000, 0x0000, 0x0000, 0x0000, 0x0000, 0x0000, 0x0000, 0x29A8, 0x530E, 0x4AAC, 0x31EA, 0x73F1,
  0xE75E, 0xE71D, 0xDEFC, 0xDEFC, 0xFFFF, 0x9493, 0x0000, 0x3186, 0xEF7E, 0xE73D, 0xDEDC, 0x0000,
  0x4A69, 0xFFFF, 0xDEFC, 0xE71C, 0xF7BF, 0x73D1, 0x2168, 0x73D1, 0x6BB1, 0x39E9, 0x0000, 0x0000,
  0x0000, 0x0000, 0x0000, 0x0000, 0x0000, 0x0000, 0x4000, 0xB802, 0x5801, 0x0000, 0x0000, 0x0020,
  0xE3AB, 0xE38B, 0xDBAB, 0xE38B, 0xDB8B, 0xE38B, 0xDB8B, 0xDB8B, 0xDB8B, 0xDB8B, 0xDB8B, 0xDB8B,
  0xDB8B, 0xDB8B, 0xDB8C, 0xDB8B, 0xDB8C, 0xDB8C, 0xDB8C, 0xDB8C, 0xDB8C, 0xDB8C, 0xDB8C, 0xDB8C,
  0xDB8C, 0xDB8C, 0xDB8C, 0xCB4B, 0x4949, 0x20A9, 0x20A9, 0x20A9, 0x20A9, 0x20A9, 0x20A9, 0x20A9,
  0x20A9, 0x20A9, 0x20A9, 0x20A9, 0x20A9, 0x20A9, 0x20A9, 0x20A9, 0x20A9, 0x20A9, 0x20A9, 0x20A9,
  0x20A9, 0x18A9, 0x18A9, 0x1889, 0x1888, 0x1888, 0x1888, 0x1888, 0x1888, 0x1888, 0x1888, 0x1888,
  0x1868, 0x1868, 0x1867, 0x1067, 0x1047, 0x1046, 0x1046, 0x0825, 0x0825, 0x0129, 0x0109, 0x0108,
  0x016B, 0x016B, 0x016B, 0x016B, 0x018B, 0x018B, 0x018C, 0x018B, 0x018C, 0x018C, 0x018C, 0x018C,
  0x018C, 0x018C, 0x018C, 0x00EF, 0x00AF, 0x00AF, 0x00AF, 0x00AF, 0x00AF, 0x00AF, 0x00AF, 0x00AF,
  0x00AF, 0x00AF, 0x00AF, 0x00AF, 0x00AF, 0x00AF, 0x00AF, 0x00AF, 0x00AF, 0x010F, 0x01AD, 0x01AD,
  0x01AD, 0x01CE, 0x01CE, 0x01CE, 0x20EA, 0x20EA, 0x20EA, 0x20EA, 0x20EA, 0x210B, 0x210B, 0x210B,
  0x210B, 0x210B, 0x210B, 0x210B, 0x210B, 0x210B, 0x210B, 0x290B, 0x290B, 0x210B, 0x290B, 0x290B,
  0x210B, 0x210B, 0x210B, 0x210B, 0x210B, 0x210B, 0x210B, 0x210B, 0x210B, 0x210B, 0x210A, 0x20EB,
  0x20EA, 0x20EA, 0x059D, 0x059E, 0x059E, 0x05FF, 0x04D9, 0x62EC, 0x5B4E, 0x534E, 0x4B0E, 0x4AED,
  0x42AC, 0x29EA, 0x1106, 0x322B, 0x4B0E, 0x3A6B, 0x5B4F, 0x42CD, 0x5209, 0x0435, 0x05FF, 0x0063,
  0x3967, 0x52CD, 0x0000, 0x0000, 0x0000, 0x0000, 0x0000, 0x0000, 0x0000, 0x0000, 0x0000, 0x0000,
  0x0000, 0x0000, 0x0000, 0x31E9, 0x1928, 0x94B4, 0xFFFF, 0xAD76, 0x0000, 0xBDF8, 0xDEFC, 0xD6BB,
  0xFFFF, 0x31A6, 0x6B4D, 0xFFFF, 0x3A2B, 0x4A8D, 0x3A0A, 0x0000, 0x0000, 0x2968, 0x31C9, 0x0000,
  0x0000, 0x3000, 0xF803, 0xF803, 0xF803, 0x0827, 0x0827, 0x0827, 0x0827, 0x0827, 0x0827, 0x0827,
  0x0827, 0x0827, 0x0827, 0x0827, 0x0827, 0x0827, 0x0827, 0x1047, 0x055D, 0x059F, 0x059E, 0x059E,
  0x059E, 0x059E, 0x059E, 0x059F, 0x059E, 0x057E, 0xA69C, 0xF71B, 0xDF1C, 0xD6DB, 0xD6DB, 0xD6BB,
  0xDEFC, 0xE73C, 0xD6FD, 0x5BB0, 0x2188, 0x5B6F, 0x322A, 0x322A, 0x2A2A, 0x2A0A, 0x31A8, 0x3126,
  0x061F, 0x02AF, 0x0000, 0x2168, 0x31EA, 0x08A4, 0x0000, 0x0000, 0x0000, 0x0000, 0x0000, 0x0000,
  0x0000, 0x0000, 0x0000, 0x0000, 0x0000, 0x0000, 0x0000, 0x0000, 0x0000, 0x0000, 0x0000, 0x0000,
  0x0000, 0x0000, 0x0841, 0x422B, 0x428C, 0x4ACD, 0x3A2A, 0x8472, 0xEF3E, 0xE71D, 0xDEFC, 0xDEDC,
  0xEF5E, 0xCE7A, 0x0000, 0x0000, 0xE6FC, 0xFFFF, 0xBDD8, 0x0000, 0x7BCF, 0xFFFF, 0xDEDC, 0xDEBC,
  0xF7BF, 0x73D0, 0x1927, 0x6BB1, 0x73D1, 0x2148, 0x0000, 0x0000, 0x0000, 0x0000, 0x0000, 0x0000,
  0x0000, 0x0000, 0x0000, 0x0000, 0x0000, 0x2000, 0x9001, 0xE823, 0xE3AB, 0xE3AB, 0xE3AB, 0xE3AB,
  0xE3AB, 0xE3AB, 0xE3AB, 0xE3AB, 0xE3AB, 0xE3AB, 0xE3AB, 0xE3AB, 0xE3AB, 0xE3AB, 0xE3AB, 0xE3AB,
  0xE3AB, 0xE3AB, 0xE3AB, 0xE3AB, 0xE3AB, 0xE3AB, 0xE38B, 0xE38B, 0xE38B, 0xE3AB, 0xC30B, 0x3909,
  0x20A9, 0x20A9, 0x20A9, 0x20A9, 0x20A9, 0x20A9, 0x20A9, 0x20A9, 0x20A9, 0x20A9, 0x20A9, 0x20A9,
  0x20A9, 0x20A9, 0x20A9, 0x20A9, 0x20A9, 0x20A9, 0x20A9, 0x20A9, 0x20A9, 0x20A9, 0x18A9, 0x18A9,
  0x1888, 0x1889, 0x1888, 0x1888, 0x1888, 0x1888, 0x1888, 0x1888, 0x1888, 0x1868, 0x1867, 0x1067,
  0x1047, 0x1046, 0x1046, 0x0825, 0x0825, 0x0129, 0x0109, 0x0108, 0x016B, 0x016B, 0x016B, 0x016B,
  0x016B, 0x016B, 0x016B, 0x018B, 0x018B, 0x018C, 0x018C, 0x018C, 0x018C, 0x018C, 0x018C, 0x016C,
  0x00EF, 0x00AF, 0x00AF, 0x00AF, 0x00AF, 0x00AF, 0x00AF, 0x00AF, 0x00AF, 0x00AF, 0x00AF, 0x00AF,
  0x00AF, 0x00AF, 0x00AF, 0x00AF, 0x00EF, 0x018D, 0x01AD, 0x01AD, 0x01AD, 0x01AD, 0x01CD, 0x01CE,
  0x20EA, 0x20EA, 0x20EA, 0x20EA, 0x20EA, 0x210B, 0x210B, 0x210B, 0x210B, 0x210B, 0x210B, 0x210B,
  0x210B, 0x210B, 0x210B, 0x290B, 0x290B, 0x210B, 0x290B, 0x290B, 0x210B, 0x210B, 0x210B, 0x210B,
  0x210B, 0x210B, 0x210B, 0x210B, 0x210B, 0x210B, 0x210A, 0x20EB, 0x20EA, 0x20EA, 0x059D, 0x059E,
  0x059E, 0x061F, 0x03F5, 0x51E8, 0x4ACD, 0x428C, 0x21A9, 0x1168, 0x0927, 0x29EA, 0x7412, 0x4ACD,
  0x3A4B, 0x42CD, 0x5B4F, 0x532E, 0x29A8, 0x22EE, 0x0331, 0x0000, 0x4A8D, 0x2987, 0x0000, 0x0000,
  0x0000, 0x0000, 0x0000, 0x0000, 0x0000, 0x0000, 0x0000, 0x0000, 0x0000, 0x0000, 0x0882, 0x4AAC,
  0x1106, 0x8453, 0xFFFF, 0xEF7E, 0x0000, 0x7BCF, 0xFFFF, 0xD6BB, 0xF7BF, 0x18E4, 0x9CD3, 0xFFFF,
  0x3A0A, 0x4ACD, 0x52ED, 0x0000, 0x0000, 0x0000, 0x0001, 0x0000, 0x0000, 0x5800, 0xF804, 0xF804,
  0xF804, 0x0827, 0x0827, 0x0827, 0x0827, 0x0827, 0x0827, 0x0827, 0x0827, 0x0827, 0x0827, 0x0827,
  0x0827, 0x0827, 0x0827, 0x1047, 0x055D, 0x059F, 0x059E, 0x059E, 0x059E, 0x059E, 0x059E, 0x059E,
  0x057F, 0x059D, 0xDEDB, 0xE6FB, 0xD6DB, 0xD6DB, 0xD6DB, 0xD6BB, 0xCE59, 0xD6DB, 0xB63A, 0x6C12,
  0x322A, 0x21A9, 0x21A9, 0x21E9, 0x1988, 0x1147, 0x2063, 0x0372, 0x065F, 0x0000, 0x0000, 0x31CA,
  0x31CA, 0x0863, 0x0000, 0x0000, 0x0000, 0x0000, 0x0000, 0x0000, 0x0000, 0x0000, 0x0000, 0x0000,
  0x0000, 0x0000, 0x0000, 0x0000, 0x0000, 0x0000, 0x0000, 0x0000, 0x0000, 0x0000, 0x2105, 0x52CD,
  0x3A2A, 0x4AAC, 0x3A2B, 0x9D15, 0xEF5E, 0xDEDC, 0xDEDC, 0xDEDC, 0xE71C, 0xEF5E, 0x18C3, 0x0000,
  0xC5F8, 0xFFFF, 0x7C12, 0x0000, 0xB596, 0xF7BF, 0xD6BB, 0xD6BB, 0xFFBF, 0x8452, 0x1947, 0x634F,
  0x6370, 0x2188, 0x0021, 0x0000, 0x0000, 0x0000, 0x0000, 0x0000, 0x0000, 0x0000, 0x02EF, 0x99CB,
  0xE000, 0xF803, 0xF804, 0xF824, 0xEBAA, 0xEBAA, 0xEBAA, 0xEBAA, 0xEBAA, 0xEBAA, 0xEBAA, 0xEBAA,
  0xEBAA, 0xEBAA, 0xEBAA, 0xEBAA, 0xEBAA, 0xEBAA, 0xEBAA, 0xEBAA, 0xEBAA, 0xEBAB, 0xEBAB, 0xEBAA,
  0xE3AA, 0xEBAB, 0xE3AB, 0xE3AB, 0xEBAB, 0xA28A, 0x28C9, 0x20A9, 0x20A9, 0x20A9, 0x20A9, 0x20A9,
  0x20A9, 0x20A9, 0x20A9, 0x20A9, 0x20A9, 0x20A9, 0x20A9, 0x20A9, 0x20A9, 0x20A9, 0x20A9, 0x20A9,
  0x20A9, 0x20A9, 0x20A9, 0x20A9, 0x20A9, 0x20A9, 0x20A9, 0x18A9, 0x18A9, 0x1888, 0x1888, 0x1888,
  0x1888, 0x1888, 0x1888, 0x1888, 0x1888, 0x1888, 0x1868, 0x1067, 0x1067, 0x1046, 0x1026, 0x0825,
  0x0824, 0x0129, 0x0109, 0x0108, 0x016B, 0x016B, 0x016B, 0x016B, 0x016B, 0x016B, 0x018B, 0x018B,
  0x018B, 0x018C, 0x018C, 0x018C, 0x018C, 0x018C, 0x018C, 0x018C, 0x018C, 0x012E, 0x00CF, 0x00AF,
  0x00AF, 0x00AF, 0x00AF, 0x00AF, 0x00AF, 0x00AF, 0x00AF, 0x00AF, 0x00AF, 0x00AF, 0x00EF, 0x014E,
  0x01AD, 0x01AD, 0x01AD, 0x01AD, 0x01AD, 0x01AD, 0x01AD, 0x01AD, 0x20EA, 0x20EA, 0x20EA, 0x20EA,
  0x20EA, 0x210B, 0x210B, 0x210B, 0x210B, 0x210B, 0x210B, 0x210B, 0x210B, 0x210B, 0x210B, 0x210B,
  0x290B, 0x290B, 0x290B, 0x210B, 0x210B, 0x210B, 0x210B, 0x210B, 0x210B, 0x210B, 0x210B, 0x210B,
  0x210B, 0x210B, 0x210A, 0x20EA, 0x20EA, 0x20EA, 0x059D, 0x059E, 0x059E, 0x063F, 0x0457, 0x4966,
  0x21A8, 0x530E, 0x94D4, 0x9515, 0x3A6B, 0x3A6B, 0xA597, 0x8C94, 0x4AAD, 0x532E, 0x534F, 0x4AED,
  0x31A8, 0x03F5, 0x0147, 0x1821, 0x52EF, 0x0842, 0x0000, 0x0000, 0x0000, 0x0000, 0x0000, 0x0000,
  0x0000, 0x0000, 0x0000, 0x0000, 0x0000, 0x0000, 0x18C4, 0x5B2E, 0x08C6, 0x73D1, 0xFFFF, 0xFFFF,
  0x2945, 0x2945, 0xFFFF, 0xDF1D, 0xD69A, 0x18C3, 0xC639, 0xFFFF, 0x4A8C, 0x3A4C, 0x6B90, 0x0000,
  0x0000, 0x0000, 0x0000, 0x0000, 0x0000, 0x8001, 0xF804, 0x8801, 0x1800, 0x0827, 0x0827, 0x0827,
  0x0827, 0x0827, 0x0827, 0x0827, 0x0827, 0x0827, 0x0827, 0x0827, 0x1027, 0x0827, 0x0827, 0x1047,
  0x055D, 0x059F, 0x059E, 0x059E, 0x059E, 0x059E, 0x059E, 0x059F, 0x055F, 0x461C, 0xFED9, 0xD71B,
  0xD73C, 0xD6BB, 0xD6BB, 0xDEFC, 0xD69A, 0xAD76, 0x5BB0, 0x3A8C, 0x42CD, 0x328C, 0x0947, 0x1988,
  0x21EA, 0x3A8C, 0xB4D3, 0x061D, 0x041B, 0x1000, 0x0000, 0x18A4, 0x2968, 0x0021, 0x0000, 0x0000,
  0x0000, 0x0000, 0x0000, 0x0000, 0x0000, 0x0000, 0x0000, 0x0000, 0x0000, 0x0000, 0x0000, 0x0000,
  0x0000, 0x0000, 0x0000, 0x0000, 0x0000, 0x0000, 0x2126, 0x52EE, 0x3A2A, 0x424B, 0x4A8C, 0xBDF9,
  0xEF7E, 0xDEDB, 0xDEDC, 0xDEDC, 0xDEFC, 0xFFBF, 0x4A29, 0x0000, 0x8C51, 0xFFFF, 0x424B, 0x0000,
  0xD69A, 0xE73D, 0xD6BB, 0xD6BB, 0xF79F, 0x9D15, 0x29A9, 0x52CD, 0x52EE, 0x31EA, 0x0883, 0x0000,
  0x0000, 0x0000, 0x0000, 0x0000, 0x0000, 0x0000, 0x04D9, 0xE312, 0xF800, 0xF803, 0xF803, 0xF823,
  0xF3C9, 0xF3C9, 0xF3CA, 0xF3CA, 0xF3C9, 0xF3CA, 0xF3CA, 0xF3CA, 0xF3CA, 0xF3CA, 0xEBCA, 0xF3CA,
  0xF3CA, 0xEBCA, 0xEBCA, 0xEBCA, 0xEBCA, 0xEBCA, 0xEBCA, 0xEBCA, 0xEBAA, 0xEBAA, 0xEBCA, 0xE38A,
  0x69C9, 0x20A9, 0x20A9, 0x20A9, 0x20A9, 0x20A9, 0x20A9, 0x20A9, 0x20A9, 0x20A9, 0x20C9, 0x20C9,
  0x20C9, 0x20A9, 0x20A9, 0x20A9, 0x20A9, 0x20A9, 0x20A9, 0x20A9, 0x20A9, 0x20A9, 0x20A9, 0x20A9,
  0x20A9, 0x20A9, 0x20A9, 0x20A9, 0x18A9, 0x18A8, 0x1888, 0x1888, 0x1888, 0x1888, 0x1888, 0x1888,
  0x1888, 0x1888, 0x1868, 0x1067, 0x1067, 0x1046, 0x1026, 0x0825, 0x0824, 0x0129, 0x0109, 0x0108,
  0x016B, 0x016B, 0x016B, 0x016B, 0x016B, 0x016B, 0x016B, 0x016B, 0x016B, 0x016B, 0x018B, 0x018C,
  0x018C, 0x018C, 0x018C, 0x018C, 0x018C, 0x018C, 0x018C, 0x018C, 0x018C, 0x018C, 0x018C, 0x018C,
  0x018C, 0x018D, 0x018D, 0x01AD, 0x01AD, 0x01AD, 0x01AD, 0x01AD, 0x01AD, 0x01AD, 0x01AD, 0x01AD,
  0x01AD, 0x01AD, 0x01AD, 0x01AD, 0x20EA, 0x20EA, 0x20EA, 0x210A, 0x20EA, 0x210B, 0x210B, 0x210B,
  0x210B, 0x210B, 0x210B, 0x210B, 0x210B, 0x210B, 0x210B, 0x210B, 0x210B, 0x210B, 0x210B, 0x210B,
  0x210B, 0x210B, 0x210B, 0x210B, 0x210B, 0x210B, 0x210B, 0x210B, 0x210B, 0x210B, 0x210A, 0x20EA,
  0x20EA, 0x20EA, 0x059D, 0x059E, 0x059E, 0x05BF, 0x059E, 0x02EE, 0x8B8E, 0x636E, 0xAD97, 0xFFFF,
  0xBE19, 0x8473, 0x8CF5, 0x8CD4, 0x42AC, 0x4B0E, 0x3A8C, 0x19A9, 0x49C8, 0x0478, 0x00E6, 0x3105,
  0x31C9, 0x0000, 0x0000, 0x0000, 0x0000, 0x0000, 0x0000, 0x0000, 0x0000, 0x0000, 0x0000, 0x0000,
  0x0000, 0x0000, 0x31A8, 0x5B4F, 0x2148, 0x8453, 0xFFDF, 0xFFFF, 0x73AF, 0x0000, 0xE71D, 0xFFDF,
  0xA4F4, 0x10A2, 0xE75D, 0xFFFF, 0x6B90, 0x31EA, 0x73D1, 0x10C3, 0x0000, 0x0000, 0x0000, 0x0000,
  0x0000, 0x0000, 0x0800, 0x1800, 0x6001, 0x0827, 0x0827, 0x0827, 0x0827, 0x0827, 0x0827, 0x0827,
  0x0827, 0x0827, 0x0827, 0x0827, 0x1027, 0x0827, 0x1027, 0x1047, 0x055D, 0x059F, 0x059E, 0x059E,
  0x059E, 0x059E, 0x059E, 0x059F, 0x059F, 0x059E, 0x059A, 0xE61A, 0xE5BA, 0xD6BA, 0xD6DB, 0xDEDB,
  0xD6FC, 0xADF9, 0x7CD5, 0x8D15, 0xC6BB, 0xDF3C, 0xCE79, 0xD6BB, 0xA576, 0xB5F8, 0xFFFF, 0xFF1F,
  0xB953, 0x0000, 0x0000, 0x0000, 0x0000, 0x0000, 0x0000, 0x0000, 0x0000, 0x0000, 0x0000, 0x0000,
  0x0000, 0x0000, 0x0000, 0x0000, 0x0000, 0x0000, 0x0000, 0x0000, 0x0000, 0x0000, 0x0000, 0x0000,
  0x0000, 0x0000, 0x2147, 0x428C, 0x426B, 0x3A0A, 0x5B2E, 0xD69B, 0xE73D, 0xDEDB, 0xDEDB, 0xDEDB,
  0xDEDB, 0xFFDF, 0x73AF, 0x0000, 0x5AAA, 0xF7DF, 0x10C6, 0x2126, 0xEF7E, 0xDEDC, 0xD6BB, 0xD6BB,
  0xEF5E, 0xBDF8, 0x3A2A, 0x31EA, 0x52AD, 0x3A4C, 0x10C4, 0x0000, 0x0000, 0x0000, 0x0000, 0x0000,
  0x0000, 0x0000, 0x051B, 0x4C58, 0xF800, 0xF800, 0xF804, 0xF824, 0xFBC9, 0xFBC9, 0xF3C9, 0xF3C9,
  0xF3C9, 0xF3C9, 0xF3C9, 0xF3C9, 0xF3C9, 0xF3C9, 0xF3C9, 0xF3C9, 0xF3C9, 0xF3C9, 0xF3C9, 0xF3C9,
  0xF3C9, 0xF3C9, 0xF3C9, 0xF3C9, 0xF3C9, 0xF3C9, 0xAAA9, 0x30E9, 0x20A9, 0x20A9, 0x20A9, 0x20A9,
  0x20A9, 0x20A9, 0x20A9, 0x20A9, 0x20C9, 0x20C9, 0x20C9, 0x20C9, 0x20C9, 0x20C9, 0x20C9, 0x20C9,
  0x20A9, 0x20A9, 0x20A9, 0x20A9, 0x20A9, 0x20A9, 0x20A9, 0x20A9, 0x20A9, 0x20A9, 0x20A9, 0x20A9,
  0x18A9, 0x18A8, 0x1888, 0x1888, 0x1888, 0x1888, 0x1888, 0x1888, 0x1888, 0x1888, 0x1868, 0x1867,
  0x1067, 0x1046, 0x1046, 0x0825, 0x0825, 0x0129, 0x0109, 0x0108, 0x016B, 0x016B, 0x016B, 0x016B,
  0x016B, 0x016B, 0x016B, 0x016B, 0x016B, 0x016B, 0x016B, 0x016B, 0x016C, 0x018C, 0x018C, 0x018C,
  0x018C, 0x018C, 0x018C, 0x018C, 0x018C, 0x018C, 0x018C, 0x018C, 0x018C, 0x018C, 0x018C, 0x01AD,
  0x01AD, 0x01AD, 0x01AD, 0x01AD, 0x01AD, 0x01AD, 0x01AD, 0x01AD, 0x01AD, 0x01AD, 0x01AD, 0x01AD,
  0x20EA, 0x20EA, 0x20EA, 0x210A, 0x20EB, 0x210A, 0x210B, 0x210B, 0x210B, 0x210B, 0x210B, 0x210B,
  0x210B, 0x210B, 0x210B, 0x210B, 0x210B, 0x210B, 0x210B, 0x210B, 0x210B, 0x210B, 0x210B, 0x210B,
  0x210B, 0x210B, 0x210B, 0x210B, 0x210B, 0x20EB, 0x20EA, 0x20EA, 0x20EA, 0x20EA, 0x059D, 0x059E,
  0x059E, 0x059E, 0x05FF, 0x057E, 0x2DDB, 0xBD55, 0xA535, 0xE75D, 0xDEDB, 0xD6FC, 0xBE39, 0x4ACD,
  0x322B, 0x3A8C, 0x320A, 0x39E9, 0x1B71, 0x0352, 0x0000, 0x3A0B, 0x08A4, 0x0000, 0x0000, 0x0000,
  0x0000, 0x0000, 0x0000, 0x0000, 0x0000, 0x0000, 0x0000, 0x0000, 0x0000, 0x0000, 0x320A, 0x530E,
  0x3A2B, 0xB5D8, 0xF79E, 0xFFDF, 0xB597, 0x0000, 0x94B3, 0xFFFF, 0x6B4D, 0x31A6, 0xFFFF, 0xFFFF,
  0x8C73, 0x31EA, 0x6BB1, 0x2126, 0x0000, 0x0000, 0x0000, 0x0000, 0x0000, 0x5000, 0x6801, 0x5000,
  0x4000, 0x0826, 0x0826, 0x0827, 0x0827, 0x0827, 0x0827, 0x0827, 0x0827, 0x0827, 0x0827, 0x0827,
  0x0827, 0x0827, 0x0827, 0x0827, 0x055D, 0x059F, 0x059E, 0x059E, 0x059E, 0x059E, 0x059E, 0x059E,
  0x059E, 0x057F, 0x059F, 0xABFB, 0xFC99, 0xD73B, 0xCEDB, 0xD6FC, 0xC65A, 0x9D97, 0x9597, 0x9577,
  0xE75D, 0xFFFF, 0xFFFF, 0xFFFF, 0xE73C, 0xF79E, 0xE7FD, 0xFDBF, 0xC073, 0x0000, 0x0000, 0x0000,
  0x0000, 0x0000, 0x0000, 0x0000, 0x0000, 0x0000, 0x0000, 0x0000, 0x0000, 0x0000, 0x0000, 0x0020,
  0x0000, 0x0000, 0x0000, 0x0000, 0x0000, 0x0000, 0x0000, 0x0000, 0x0000, 0x0000, 0x2989, 0x3A0A,
  0x4A8C, 0x29A9, 0x73F1, 0xE71D, 0xDEFC, 0xDEDB, 0xDEDB, 0xDEDB, 0xDEDB, 0xEF7E, 0xAD97, 0x0000,
  0x18C2, 0xBDF9, 0x0023, 0x636E, 0xF7BF, 0xD6BB, 0xD6BB, 0xD6BB, 0xE6FC, 0xD6BB, 0x52ED, 0x10E6,
  0x52EE, 0x4ACD, 0x1906, 0x0000, 0x0000, 0x0000, 0x0000, 0x0000, 0x0000, 0x0000, 0x055C, 0x069F,
  0x6BF4, 0xA0A5, 0x7000, 0x3820, 0xFBE8, 0xFBE8, 0xFBE8, 0xFBE8, 0xFBE8, 0xFBE8, 0xFBE8, 0xFBE8,
  0xFBE8, 0xFBE8, 0xFBE8, 0xFBE8, 0xFBE8, 0xFBE8, 0xFBE8, 0xFBC8, 0xFBC8, 0xFBC8, 0xFBC9, 0xFBE9,
  0xD329, 0x5989, 0x20A9, 0x20A9, 0x20A9, 0x20A9, 0x20A9, 0x20A9, 0x20A9, 0x20A9, 0x20A9, 0x20C9,
  0x20C9, 0x20C9, 0x20C9, 0x20C9, 0x20C9, 0x20C9, 0x20C9, 0x20C9, 0x20C9, 0x20A9, 0x20A9, 0x20A9,
  0x20A9, 0x20A9, 0x20A9, 0x20A9, 0x20A9, 0x20A9, 0x20A9, 0x18A9, 0x18A9, 0x18A9, 0x1888, 0x1888,
  0x1888, 0x1888, 0x1888, 0x1888, 0x1888, 0x1888, 0x1868, 0x1867, 0x1067, 0x1067, 0x1046, 0x0825,
  0x0825, 0x0109, 0x0109, 0x0108, 0x014B, 0x016B, 0x016B, 0x016B, 0x016B, 0x016B, 0x016B, 0x016B,
  0x016B, 0x016B, 0x016B, 0x016B, 0x018B, 0x016B, 0x018B, 0x018C, 0x018C, 0x018C, 0x018C, 0x018C,
  0x018C, 0x018C, 0x018C, 0x018C, 0x018C, 0x018C, 0x018C, 0x018C, 0x01AD, 0x018D, 0x018D, 0x01AD,
  0x01AD, 0x01AD, 0x01AD, 0x01AD, 0x01AD, 0x01AD, 0x01AD, 0x01AD, 0x20EA, 0x20EA, 0x20EA, 0x210A,
  0x20EA, 0x210A, 0x210B, 0x210B, 0x210B, 0x210B, 0x210B, 0x210B, 0x210B, 0x210B, 0x210B, 0x210B,
  0x210B, 0x210B, 0x210B, 0x210B, 0x210B, 0x210B, 0x210B, 0x210B, 0x210B, 0x210B, 0x210B, 0x210B,
  0x210B, 0x210B, 0x20EA, 0x210A, 0x20EA, 0x20EA, 0x059D, 0x059E, 0x059E, 0x059E, 0x059E, 0x059F,
  0x061E, 0xFF3C, 0xE71C, 0xD6BB, 0xD6DB, 0xF7DF, 0xADF8, 0x21C9, 0x3A4B, 0x2A0A, 0x29EA, 0x30C4,
  0x04D9, 0x028E, 0x2000, 0x3A2C, 0x0000, 0x0000, 0x0000, 0x0000, 0x0000, 0x0000, 0x0000, 0x0000,
  0x0000, 0x0000, 0x0000, 0x0000, 0x0000, 0x0000, 0x424B, 0x428C, 0x4AAC, 0xCE9B, 0xEF5D, 0xE73D,
  0xE75E, 0x0000, 0x4A6A, 0xFFFF, 0x3187, 0x6B6E, 0xFFFF, 0xFFBF, 0x9CF4, 0x29C9, 0x6B91, 0x2126,
  0x0000, 0x0000, 0x0000, 0x0000, 0x0000, 0x3000, 0x2800, 0x3000, 0x7801, 0x0826, 0x0826, 0x0826,
  0x0827, 0x0827, 0x0827, 0x0827, 0x0827, 0x0827, 0x0827, 0x0827, 0x0827, 0x0827, 0x0827, 0x0827,
  0x055D, 0x059F, 0x059E, 0x059E, 0x059E, 0x05BE, 0x059F, 0x055F, 0x057E, 0x061D, 0xC5DB, 0x1D1B,
  0x4E1B, 0xF73B, 0xD73C, 0xEEBA, 0xBDF8, 0x9DF9, 0x8D36, 0xADF8, 0xD6BB, 0xEF7E, 0xFFFF, 0xFFDE,
  0xF79E, 0xEF9D, 0xE7FD, 0xFC1F, 0xB013, 0x0000, 0x0000, 0x0000, 0x0000, 0x0000, 0x0000, 0x0000,
  0x0000, 0x0000, 0x0000, 0x0000, 0x0000, 0x0000, 0x0000, 0x1041, 0x0000, 0x0000, 0x0000, 0x0000,
  0x0000, 0x0000, 0x0000, 0x0000, 0x0000, 0x0842, 0x29CA, 0x29C9, 0x4AAD, 0x2168, 0x8C73, 0xF77E,
  0xD6DB, 0xDEDB, 0xDEDB, 0xDEDB, 0xDEDC, 0xDF1C, 0xDEBC, 0x20E4, 0x0000, 0x634E, 0x08A5, 0x9CF5,
  0xF79F, 0xD6BB, 0xD6BB, 0xD6BB, 0xD6BB, 0xE73D, 0x6B6F, 0x0023, 0x5B2F, 0x5B2F, 0x1927, 0x0020,
  0x0000, 0x0000, 0x0000, 0x0000, 0x0000, 0x0000, 0x03D4, 0x06DF, 0x077F, 0x03B3, 0x0000, 0x0000,
  0xFBE7, 0xFBE7, 0xFBE7, 0xFBE7, 0xFBE7, 0xFBE7, 0xFBE7, 0xFBE7, 0xFBE7, 0xFBE7, 0xFBE7, 0xFBE7,
  0xFBE7, 0xFBE7, 0xFBE8, 0xFBE8, 0xFBE8, 0xFBE8, 0xDB48, 0x69A8, 0x20A9, 0x20A9, 0x20A9, 0x20A9,
  0x20A9, 0x20A9, 0x20A9, 0x20A9, 0x20A9, 0x20A9, 0x20C9, 0x20C9, 0x20C9, 0x20C9, 0x20C9, 0x20C9,
  0x20C9, 0x20C9, 0x20C9, 0x20C9, 0x20C9, 0x20C9, 0x20C9, 0x20A9, 0x20A9, 0x20A9, 0x20A9, 0x20A9,
  0x20A9, 0x20A9, 0x20A9, 0x18A9, 0x18A9, 0x18A9, 0x1888, 0x1888, 0x1888, 0x1888, 0x1888, 0x1888,
  0x1888, 0x1888, 0x1868, 0x1867, 0x1067, 0x1067, 0x1046, 0x1046, 0x0825, 0x0109, 0x0109, 0x0108,
  0x014A, 0x016B, 0x016B, 0x016B, 0x016B, 0x016B, 0x016B, 0x016B, 0x016B, 0x016B, 0x016B, 0x016B,
  0x016B, 0x016B, 0x016B, 0x018C, 0x018C, 0x018C, 0x018C, 0x018C, 0x018C, 0x018C, 0x018C, 0x018C,
  0x018C, 0x018C, 0x018C, 0x018C, 0x018C, 0x018D, 0x018C, 0x018D, 0x01AD, 0x01AD, 0x01AD, 0x01AD,
  0x01AD, 0x01AD, 0x01AD, 0x01AD, 0x20EA, 0x20EA, 0x20EA, 0x20EA, 0x20EA, 0x20EA, 0x210B, 0x210B,
  0x210B, 0x210B, 0x210B, 0x210B, 0x210B, 0x210B, 0x210B, 0x210B, 0x210B, 0x210B, 0x210B, 0x210B,
  0x210B, 0x210B, 0x210B, 0x210B, 0x210B, 0x210B, 0x210B, 0x210B, 0x210B, 0x210A, 0x20EA, 0x20EA,
  0x20EA, 0x20EA, 0x059D, 0x059E, 0x059E, 0x059E, 0x059F, 0x055F, 0x8E5C, 0xFF7A, 0xD71C, 0xD6BB,
  0xDEDB, 0xCE7A, 0x6C12, 0x324B, 0x0927, 0x00C5, 0x2147, 0x22CD, 0x04FB, 0x0063, 0x1882, 0x2148,
  0x0000, 0x0000, 0x0000, 0x0000, 0x0000, 0x0000, 0x0000, 0x0000, 0x0000, 0x0000, 0x0000, 0x0000,
  0x0000, 0x0882, 0x4ACD, 0x3A0A, 0x634F, 0xDEDC, 0xE71C, 0xDEDB, 0xFFFF, 0x3186, 0x18C3, 0xFFDF,
  0x10A4, 0x94B3, 0xF79F, 0xEF5E, 0xB5B8, 0x3A0A, 0x5B2F, 0x2167, 0x0000, 0x0000, 0x0000, 0x0000,
  0x0021, 0x224D, 0xF801, 0xF803, 0xF805, 0x0826, 0x0826, 0x0826, 0x0826, 0x0827, 0x0827, 0x0827,
  0x0827, 0x0827, 0x0827, 0x0827, 0x0827, 0x0827, 0x0827, 0x0827, 0x055D, 0x059F, 0x059E, 0x059F,
  0x057F, 0x055F, 0x053C, 0x7E7C, 0xCEBA, 0xB69C, 0x061E, 0x057E, 0x057F, 0xDE9A, 0xFE99, 0x3E5D,
  0x0476, 0x638F, 0xADB8, 0xE75D, 0xE73D, 0xCE7A, 0xF7BE, 0xFFFF, 0xF7BE, 0xFFFF, 0xF7FE, 0xFAFF,
  0xB013, 0x0000, 0x0000, 0x0000, 0x0000, 0x0000, 0x0000, 0x0000, 0x0000, 0x0000, 0x0000, 0x0000,
  0x0000, 0x0000, 0x0062, 0x0189, 0x0021, 0x0000, 0x0000, 0x0000, 0x0000, 0x0000, 0x0000, 0x0000,
  0x0000, 0x10E5, 0x31EA, 0x29A9, 0x3A4B, 0x3A2A, 0x7C12, 0xEF7E, 0xDEDC, 0xD6BB, 0xDEDC, 0xDEDC,
  0xDEDB, 0xD6DB, 0xE75E, 0x6B6E, 0x0000, 0x10A3, 0x2127, 0xB5B7, 0xEF5E, 0xD6BB, 0xD6BB, 0xD6BB,
  0xD6DB, 0xEF7E, 0x634E, 0x0022, 0x52EE, 0x6B90, 0x1948, 0x0862, 0x0000, 0x0000, 0x0000, 0x0000,
  0x0000, 0x0000, 0x2001, 0x04FA, 0x073F, 0x051D, 0x0000, 0x0000, 0xFC06, 0xFC06, 0xFC06, 0xFBE6,
  0xFBE6, 0xFC06, 0xFC06, 0xFC06, 0xFC06, 0xFC07, 0xFC06, 0xFBE7, 0xFC07, 0xFC07, 0xFBE7, 0xFBE7,
  0xC307, 0x61A8, 0x20A9, 0x20A9, 0x20A9, 0x20A9, 0x20A9, 0x20A9, 0x20A9, 0x20A9, 0x20A9, 0x20A9,
  0x20C9, 0x20C9, 0x20C9, 0x20C9, 0x20C9, 0x20C9, 0x20C9, 0x20C9, 0x20C9, 0x20C9, 0x20C9, 0x20C9,
  0x20C9, 0x20C9, 0x20C9, 0x20C9, 0x20A9, 0x20A9, 0x20A9, 0x20A9, 0x20A9, 0x20A9, 0x20A9, 0x18A9,
  0x18A9, 0x1889, 0x1889, 0x1888, 0x1888, 0x1888, 0x1888, 0x1888, 0x1888, 0x1888, 0x1888, 0x1868,
  0x1067, 0x1047, 0x1046, 0x1046, 0x0825, 0x00C8, 0x0129, 0x0108, 0x012A, 0x016B, 0x016B, 0x016B,
  0x016B, 0x016B, 0x016B, 0x016B, 0x016B, 0x016B, 0x016B, 0x016B, 0x016B, 0x016B, 0x016B, 0x018B,
  0x016B, 0x018C, 0x018C, 0x018C, 0x018C, 0x018C, 0x018C, 0x018C, 0x018C, 0x018C, 0x018C, 0x018C,
  0x018C, 0x018C, 0x018C, 0x018D, 0x018D, 0x018D, 0x01AD, 0x01AD, 0x01AD, 0x01AD, 0x01AD, 0x01AD,
  0x20EA, 0x20EA, 0x20EA, 0x20EA, 0x210A, 0x20EA, 0x210A, 0x210B, 0x210B, 0x210B, 0x210B, 0x210B,
  0x210B, 0x210B, 0x210B, 0x210B, 0x210B, 0x210B, 0x210B, 0x210B, 0x210B, 0x210B, 0x210B, 0x210B,
  0x210B, 0x210B, 0x210B, 0x210B, 0x210B, 0x20EA, 0x20EA, 0x20EA, 0x20EA, 0x20EA, 0x059D, 0x059E,
  0x059E, 0x059E, 0x059F, 0x059F, 0x05DD, 0xC5DB, 0xFE5B, 0xD6FB, 0xDF1C, 0xA5B7, 0x6C32, 0xA5D8,
  0xAD97, 0x9CF4, 0xA556, 0xDFFF, 0xA396, 0x0000, 0x0000, 0x0000, 0x0000, 0x0000, 0x0000, 0x0000,
  0x0000, 0x0000, 0x0000, 0x0000, 0x0000, 0x0000, 0x0000, 0x0000, 0x0000, 0x10A4, 0x428C, 0x31E9,
  0x8432, 0xE75D, 0xDEFC, 0xDEDB, 0xFFFF, 0x634E, 0x0000, 0xB5D8, 0x2167, 0xBDD8, 0xE73E, 0xDEFC,
  0xD6DC, 0x4AAD, 0x428C, 0x320A, 0x0000, 0x0000, 0x0000, 0x0000, 0x0000, 0x04FB, 0xF909, 0xF800,
  0xF003, 0x0826, 0x0826, 0x0826, 0x0826, 0x0827, 0x0826, 0x0826, 0x0827, 0x0827, 0x0827, 0x0827,
  0x0827, 0x0827, 0x0827, 0x0827, 0x055D, 0x057E, 0x05DF, 0x05FF, 0x05BB, 0x259A, 0xCEDC, 0xFF9C,
  0xDE59, 0x0414, 0x051E, 0x06BF, 0x059F, 0x05BD, 0x055A, 0x04BA, 0x01AA, 0x1800, 0xBE19, 0xFFFF,
  0xDEFB, 0xC65A, 0xDEFB, 0xFFFF, 0xFFFF, 0xFFFF, 0xEFFD, 0xFA3F, 0xC035, 0x0000, 0x0000, 0x0000,
  0x0000, 0x0000, 0x0000, 0x0000, 0x0000, 0x0000, 0x0000, 0x0000, 0x0000, 0x0000, 0x2A0C, 0x0479,
  0x1000, 0x0000, 0x0000, 0x0000, 0x0000, 0x0000, 0x0000, 0x0000, 0x0000, 0x2187, 0x29C9, 0x2188,
  0x29A9, 0x5B0E, 0x8C73, 0xAD36, 0xE71D, 0xD6BB, 0xD6BC, 0xDEDC, 0xDEDB, 0xDEFC, 0xD6DC, 0x6B6F,
  0x0000, 0x0000, 0x2989, 0xC639, 0xDF1D, 0xD6BB, 0xD6BB, 0xD6BB, 0xD6DB, 0xF7BF, 0x7C11, 0x0043,
  0x3A0A, 0x73B1, 0x31EA, 0x08A4, 0x0000, 0x0000, 0x0000, 0x0000, 0x0000, 0x0000, 0x2022, 0x1947,
  0x05BE, 0x06FF, 0x0147, 0x0000, 0xFC05, 0xFC05, 0xFC05, 0xFC05, 0xFC05, 0xFC05, 0xFC05, 0xFC05,
  0xFC05, 0xFC05, 0xFC05, 0xFC05, 0xFC05, 0xE366, 0x8A27, 0x30E8, 0x1888, 0x18A9, 0x18A9, 0x20A9,
  0x20A9, 0x20A9, 0x20A9, 0x20A9, 0x20A9, 0x20A9, 0x20A9, 0x20A9, 0x20C9, 0x20C9, 0x20C9, 0x20C9,
  0x20C9, 0x20C9, 0x20C9, 0x20C9, 0x20C9, 0x20C9, 0x20C9, 0x20C9, 0x20C9, 0x20C9, 0x20C9, 0x20C9,
  0x20A9, 0x20A9, 0x20A9, 0x20A9, 0x20A9, 0x20A9, 0x20A9, 0x18A9, 0x18A9, 0x1889, 0x1889, 0x1888,
  0x1888, 0x1888, 0x1888, 0x1888, 0x1888, 0x1888, 0x1888, 0x1868, 0x1867, 0x1067, 0x1046, 0x1046,
  0x0825, 0x0066, 0x0129, 0x0109, 0x0129, 0x014B, 0x016B, 0x016B, 0x016B, 0x016B, 0x016B, 0x016B,
  0x016B, 0x016B, 0x016B, 0x016B, 0x016B, 0x016B, 0x016B, 0x016B, 0x018B, 0x018B, 0x018B, 0x018C,
  0x018C, 0x018C, 0x018C, 0x018C, 0x018C, 0x018C, 0x018C, 0x018C, 0x018C, 0x018C, 0x018C, 0x018C,
  0x018C, 0x01AC, 0x018D, 0x01AD, 0x01AD, 0x01AD, 0x01AD, 0x01AD, 0x20EA, 0x20EA, 0x20EA, 0x20EA,
  0x20EA, 0x20EA, 0x20EA, 0x210A, 0x210B, 0x210B, 0x210B, 0x210B, 0x210B, 0x210B, 0x210B, 0x210B,
  0x210B, 0x210B, 0x210B, 0x210B, 0x210B, 0x210B, 0x210B, 0x210B, 0x210B, 0x210B, 0x210B, 0x210B,
  0x210A, 0x20EA, 0x20EA, 0x20EA, 0x20EA, 0x20EA, 0x059D, 0x059E, 0x059E, 0x059F, 0x057F, 0x059F,
  0x05DE, 0x3C9C, 0xDDDA, 0xFF7B, 0xE6DB, 0xA5F9, 0x9597, 0xE77D, 0xFFFF, 0xFFFF, 0xFFFF, 0xFFFF,
  0xCA34, 0x0000, 0x0000, 0x0000, 0x0000, 0x0000, 0x0000, 0x0000, 0x0000, 0x0000, 0x0000, 0x0000,
  0x0000, 0x0000, 0x0000, 0x0000, 0x0000, 0x1906, 0x3A4B, 0x29C9, 0x9D15, 0xF79E, 0xDEDB, 0xDEDB,
  0xF79E, 0xA555, 0x0000, 0x5AED, 0x4A8C, 0xDEDC, 0xDEFC, 0xDEDC, 0xE73D, 0x52CD, 0x320A, 0x52EE,
  0x0021, 0x0000, 0x0000, 0x0000, 0x0000, 0x05BF, 0x067F, 0x30C4, 0x0000, 0x0826, 0x0826, 0x0826,
  0x0826, 0x0827, 0x0826, 0x0826, 0x0827, 0x0827, 0x0827, 0x0827, 0x0827, 0x0827, 0x0827, 0x0827,
  0x055D, 0x05BF, 0x053D, 0x6577, 0xFF1A, 0xFFBD, 0xCDF7, 0x39C7, 0x8CF4, 0xA450, 0x0063, 0x0416,
  0x05DE, 0x059E, 0x051C, 0x3187, 0x10A4, 0x0314, 0x059B, 0xF75C, 0xD6DB, 0xC69A, 0xCEBA, 0xEF7D,
  0xFFFF, 0xFFFF, 0xFF7E, 0xF91F, 0xA832, 0x0000, 0x0000, 0x0000, 0x0000, 0x0000, 0x0000, 0x0000,
  0x0000, 0x0000, 0x0000, 0x0000, 0x0000, 0x3000, 0xF94F, 0x1AD1, 0x0021, 0x0000, 0x0000, 0x0000,
  0x0000, 0x0000, 0x0000, 0x0000, 0x0020, 0x29E9, 0x29A8, 0x2188, 0x1947, 0x5B2F, 0xCEBB, 0x94B3,
  0xAD77, 0xEF7E, 0xD6BB, 0xD6BB, 0xD6BB, 0xDF1C, 0xB5F9, 0x6B90, 0x0000, 0x0000, 0x4A6C, 0xDEFC,
  0xD6BB, 0xCE9B, 0xD6BB, 0xD6BB, 0xD6BB, 0xF79E, 0xA535, 0x08C5, 0x1926, 0x6BB1, 0x4AAD, 0x08A4,
  0x0000, 0x0000, 0x0000, 0x0000, 0x0000, 0x0000, 0x1907, 0x2822, 0x1908, 0x06DF, 0x0372, 0x0000,
  0xFC04, 0xFC04, 0xFC04, 0xFC04, 0xFC04, 0xFC04, 0xFC04, 0xFC04, 0xFC04, 0xFBC4, 0xCB06, 0x8A27,
  0x4128, 0x1888, 0x1888, 0x1888, 0x18A8, 0x18A9, 0x18A9, 0x18A9, 0x20A9, 0x20A9, 0x20A9, 0x20A9,
  0x20A9, 0x20A9, 0x20A9, 0x20A9, 0x20C9, 0x20C9, 0x20C9, 0x20C9, 0x20C9, 0x20C9, 0x20C9, 0x20C9,
  0x20C9, 0x20C9, 0x20C9, 0x20C9, 0x20C9, 0x20C9, 0x20C9, 0x20C9, 0x20A9, 0x20A9, 0x20A9, 0x20A9,
  0x20A9, 0x20A9, 0x20A9, 0x18A9, 0x18A9, 0x1889, 0x1889, 0x1889, 0x1888, 0x1888, 0x1888, 0x1888,
  0x1888, 0x1888, 0x1888, 0x1868, 0x1067, 0x1067, 0x1046, 0x1046, 0x0826, 0x0825, 0x00E8, 0x0109,
  0x0108, 0x014A, 0x016B, 0x016B, 0x016B, 0x016B, 0x016B, 0x016B, 0x016B, 0x016B, 0x016B, 0x016B,
  0x016B, 0x016B, 0x016B, 0x016B, 0x016B, 0x018B, 0x018B, 0x016B, 0x018C, 0x018C, 0x018C, 0x018C,
  0x018C, 0x018C, 0x018C, 0x018C, 0x018C, 0x018C, 0x018C, 0x018C, 0x018C, 0x018C, 0x018C, 0x018D,
  0x01AD, 0x01AD, 0x01AD, 0x01AD, 0x20CA, 0x20EA, 0x20EA, 0x20EA, 0x20EA, 0x210A, 0x20EA, 0x20EA,
  0x210B, 0x210B, 0x210B, 0x210B, 0x210B, 0x210B, 0x210B, 0x210B, 0x210B, 0x210B, 0x210B, 0x210B,
  0x210B, 0x210B, 0x210B, 0x210B, 0x210B, 0x210B, 0x210B, 0x210A, 0x20EB, 0x210A, 0x20EA, 0x20EA,
  0x20EA, 0x20EA, 0x059D, 0x05BF, 0x059F, 0x053E, 0x063F, 0xAE9C, 0x8E7D, 0x061F, 0x063C, 0xE6FB,
  0x4538, 0x6BB0, 0xD67A, 0xDEFC, 0xE73D, 0xFFFF, 0xFFFF, 0xFF1F, 0xC094, 0x0000, 0x0000, 0x0000,
  0x0000, 0x0000, 0x0000, 0x0000, 0x0000, 0x0020, 0x0188, 0x0000, 0x0000, 0x0000, 0x0000, 0x0000,
  0x0000, 0x2188, 0x31EA, 0x320A, 0x9CF5, 0xF77E, 0xDEDC, 0xDEDC, 0xE73D, 0xD6DC, 0x18E3, 0x0000,
  0x634F, 0xEF7E, 0xDEBC, 0xDEDC, 0xEF5E, 0x52CD, 0x29A9, 0x6350, 0x0042, 0x0000, 0x0000, 0x0000,
  0x0000, 0x028E, 0x07FF, 0x0311, 0x0000, 0x0826, 0x0826, 0x0826, 0x0826, 0x0826, 0x0826, 0x0826,
  0x0826, 0x0826, 0x0827, 0x0827, 0x0827, 0x0827, 0x0827, 0x0827, 0x057D, 0x067F, 0x020C, 0x932B,
  0xFFFF, 0xD69A, 0x18E4, 0x02B2, 0x057C, 0xC619, 0x2800, 0x0000, 0x05DD, 0x06DF, 0x0416, 0x21CA,
  0x05FB, 0x579F, 0xAEDC, 0xBDF8, 0xB5F8, 0xDF1C, 0xFFFF, 0x634C, 0x62EB, 0xFFFF, 0xFF7F, 0xC0D6,
  0x0904, 0x0000, 0x0000, 0x0000, 0x0000, 0x0000, 0x0000, 0x0000, 0x0000, 0x0000, 0x0000, 0x0000,
  0x0000, 0x8004, 0xF029, 0x00C5, 0x0062, 0x0000, 0x0000, 0x0000, 0x0000, 0x0000, 0x0000, 0x0000,
  0x1926, 0x31EA, 0x2188, 0x2188, 0x1106, 0x6390, 0xCEBB, 0xCE9A, 0x8C73, 0xA535, 0xE73D, 0xDEFC,
  0xD6BB, 0xD6DC, 0xC61A, 0x9D16, 0x0882, 0x0000, 0x634E, 0xEF7F, 0xCE7A, 0xCE7A, 0xCE7A, 0xD69B,
  0xD6BB, 0xEF7E, 0xAD97, 0x1106, 0x1106, 0x4ACD, 0x52ED, 0x1106, 0x0021, 0x0000, 0x0000, 0x0000,
  0x0000, 0x0000, 0x0002, 0x1107, 0x2822, 0x02B0, 0x02CF, 0x0000, 0xFC22, 0xFBE2, 0xFBC3, 0xF383,
  0xE344, 0xC2E5, 0x9A66, 0x71C6, 0x4107, 0x1888, 0x1888, 0x1888, 0x1888, 0x1888, 0x1888, 0x1888,
  0x18A8, 0x18A9, 0x18A9, 0x18A9, 0x20A9, 0x20A9, 0x20A9, 0x20A9, 0x20A9, 0x20A9, 0x20A9, 0x20A9,
  0x20C9, 0x20C9, 0x20C9, 0x20C9, 0x20C9, 0x20C9, 0x20C9, 0x20C9, 0x20C9, 0x20C9, 0x20C9, 0x20C9,
  0x20C9, 0x20C9, 0x20C9, 0x20C9, 0x20C9, 0x20A9, 0x20A9, 0x20A9, 0x20A9, 0x20A9, 0x20A9, 0x18A9,
  0x18A9, 0x1889, 0x1889, 0x1888, 0x1888, 0x1888, 0x1888, 0x1888, 0x1888, 0x1888, 0x1888, 0x1868,
  0x1067, 0x1067, 0x1067, 0x1046, 0x0826, 0x0825, 0x0845, 0x0109, 0x0108, 0x0109, 0x014A, 0x016B,
  0x016B, 0x016B, 0x016B, 0x016B, 0x016B, 0x016B, 0x016B, 0x016B, 0x016B, 0x016B, 0x016B, 0x016B,
  0x016B, 0x016B, 0x018B, 0x016B, 0x016B, 0x018B, 0x018C, 0x018C, 0x018C, 0x018C, 0x018C, 0x018C,
  0x018C, 0x018C, 0x018C, 0x018C, 0x018C, 0x018C, 0x018C, 0x01AC, 0x01AD, 0x01AD, 0x01AD, 0x01AD,
  0x20EA, 0x20EA, 0x20EA, 0x20EA, 0x20EA, 0x20EA, 0x210A, 0x20EA, 0x20EA, 0x210B, 0x210B, 0x210B,
  0x210B, 0x210B, 0x210B, 0x210B, 0x210B, 0x210B, 0x210B, 0x210B, 0x210B, 0x210B, 0x210B, 0x210B,
  0x210B, 0x210B, 0x210A, 0x20EB, 0x20EA, 0x20EA, 0x20EA, 0x20EA, 0x20EA, 0x20EA, 0x059E, 0x059F,
  0x05DC, 0xBEBC, 0xD5D6, 0xDD13, 0x0370, 0x0419, 0x05FF, 0x059D, 0x01AB, 0x016A, 0xC71D, 0xEF3C,
  0xC67A, 0xFFFF, 0xFFFF, 0xFE5F, 0xC015, 0x0000, 0x0000, 0x0000, 0x0000, 0x0000, 0x0000, 0x0000,
  0x0000, 0x6086, 0x5313, 0x0021, 0x0000, 0x0000, 0x0000, 0x0000, 0x0021, 0x29E9, 0x1927, 0x4AAD,
  0x9D15, 0xBDF9, 0xE73E, 0xDEDC, 0xE71D, 0xD6BC, 0x2987, 0x0000, 0x8C74, 0xF79E, 0xD6BB, 0xD6DB,
  0xEF9E, 0x6B8F, 0x10E6, 0x530F, 0x10C5, 0x0000, 0x0000, 0x0000, 0x0000, 0x2001, 0x0479, 0x04DA,
  0x0000, 0x0826, 0x0826, 0x0826, 0x0826, 0x0826, 0x0826, 0x0826, 0x0826, 0x0826, 0x0827, 0x0826,
  0x0827, 0x0827, 0x0827, 0x0827, 0x057E, 0x063F, 0x0043, 0x7B2B, 0xFFFF, 0xA42F, 0x00C6, 0x06BF,
  0x05FF, 0x05FD, 0x3BD4, 0x0372, 0x067F, 0x04FB, 0x0352, 0x059E, 0x969C, 0xFE98, 0xFF7D, 0xDF3C,
  0xE73D, 0xFFFF, 0xE73D, 0x00E1, 0x0001, 0xC376, 0xA4D5, 0x2A2C, 0x0184, 0x0000, 0x0000, 0x0000,
  0x0000, 0x0000, 0x0000, 0x0000, 0x0000, 0x0000, 0x0000, 0x0000, 0x0000, 0x3022, 0x2948, 0x0168,
  0x0001, 0x0000, 0x0000, 0x0000, 0x0000, 0x0000, 0x0000, 0x10E5, 0x31EA, 0x2988, 0x29A8, 0x1947,
  0x1927, 0x94B4, 0xC65A, 0xC63A, 0xCE7A, 0x8C73, 0x94B4, 0xB5D8, 0xDEFC, 0xE73D, 0xDEFC, 0xC63A,
  0x08A3, 0x0000, 0x738E, 0xE77E, 0xCE7A, 0xD67B, 0xD69B, 0xD69B, 0xDEBB, 0xE71D, 0xCE9B, 0x29A8,
  0x10E6, 0x2988, 0x6B90, 0x3A2B, 0x1947, 0x0000, 0x0000, 0x0000, 0x0000, 0x0000, 0x0000, 0x0002,
  0x10E7, 0x28E5, 0x0822, 0x0000, 0x1067, 0x1068, 0x1068, 0x1868, 0x1868, 0x1888, 0x1888, 0x1888,
  0x1888, 0x1888, 0x1888, 0x1888, 0x1888, 0x1888, 0x1888, 0x1888, 0x1889, 0x18A9, 0x18A9, 0x18A9,
  0x20A9, 0x20A9, 0x20A9, 0x20A9, 0x20A9, 0x20A9, 0x20A9, 0x20C9, 0x20C9, 0x20C9, 0x20C9, 0x20C9,
  0x20C9, 0x20C9, 0x20C9, 0x20C9, 0x20C9, 0x20C9, 0x20C9, 0x20C9, 0x20C9, 0x20C9, 0x20C9, 0x20C9,
  0x20C9, 0x20A9, 0x20A9, 0x20A9, 0x20A9, 0x20A9, 0x20A9, 0x18A9, 0x18A9, 0x1889, 0x1889, 0x1888,
  0x1888, 0x1888, 0x1888, 0x1888, 0x1888, 0x1888, 0x1888, 0x1888, 0x1867, 0x1067, 0x1067, 0x1046,
  0x1046, 0x0825, 0x0825, 0x0066, 0x0109, 0x0109, 0x0109, 0x014A, 0x014B, 0x014B, 0x014B, 0x016B,
  0x016B, 0x016B, 0x016B, 0x016B, 0x016B, 0x016B, 0x016B, 0x016B, 0x016B, 0x016B, 0x016B, 0x016B,
  0x016B, 0x016B, 0x016C, 0x018B, 0x018C, 0x018C, 0x018C, 0x018C, 0x018C, 0x018C, 0x018C, 0x018C,
  0x018C, 0x018C, 0x018C, 0x018C, 0x018C, 0x018C, 0x01AD, 0x01AD, 0x20EA, 0x20EA, 0x20EA, 0x20EA,
  0x20EA, 0x20EA, 0x20EA, 0x210A, 0x20EA, 0x20EA, 0x210A, 0x210B, 0x210B, 0x210B, 0x210B, 0x210B,
  0x210B, 0x210B, 0x210B, 0x210B, 0x210B, 0x210B, 0x210B, 0x210B, 0x210B, 0x210A, 0x20EB, 0x20EA,
  0x20EA, 0x20EA, 0x20EA, 0x20EA, 0x20EA, 0x20CA, 0x063F, 0x0395, 0xBCD2, 0xFF1A, 0x020A, 0x057B,
  0x8AAA, 0x00A4, 0x063F, 0x03D6, 0x3B2F, 0x76DE, 0xBE9B, 0xDEDB, 0xFFFF, 0x7BCE, 0xD639, 0xFE5F,
  0x500A, 0x0000, 0x0000, 0x0000, 0x0000, 0x0000, 0x0000, 0x0000, 0x0000, 0xA827, 0x694A, 0x0000,
  0x0000, 0x0000, 0x0000, 0x0000, 0x1926, 0x31EA, 0x08A5, 0x52EE, 0xD6DC, 0xA536, 0xAD77, 0xDEFC,
  0xE75D, 0xD6DD, 0x4A6B, 0x0000, 0xAD76, 0xE73D, 0xCE5A, 0xCE9B, 0xF7DF, 0x8C73, 0x0002, 0x52EE,
  0x3A4B, 0x0000, 0x0000, 0x0000, 0x0000, 0x0823, 0x2907, 0x028E, 0x0000, 0x0826, 0x0826, 0x0826,
  0x0826, 0x0826, 0x0826, 0x0826, 0x0826, 0x0826, 0x0826, 0x0826, 0x0827, 0x0826, 0x0827, 0x0827,
  0x059F, 0x05BF, 0x0002, 0x730D, 0xFFFF, 0x630C, 0x0354, 0x067F, 0x067F, 0x061F, 0x061F, 0x061F,
  0x059E, 0x0437, 0x051C, 0x061F, 0x051A, 0xB535, 0xAD97, 0xEFBF, 0xC618, 0x528A, 0x0883, 0x3A4C,
  0x29AA, 0x0000, 0x0041, 0x4B90, 0x3188, 0x0000, 0x0000, 0x0000, 0x0000, 0x0000, 0x0000, 0x0000,
  0x0000, 0x0000, 0x0000, 0x0000, 0x0000, 0x0105, 0x0127, 0x1064, 0x0000, 0x0000, 0x0000, 0x0000,
  0x0000, 0x0000, 0x0041, 0x320A, 0x29A9, 0x2988, 0x2188, 0x08C6, 0x6350, 0xC65A, 0xC619, 0xB5D8,
  0xC65A, 0xCE9B, 0xB598, 0x8C73, 0x7C11, 0x9D15, 0xDEFC, 0xF7DF, 0x5B0D, 0x2966, 0xA515, 0xCE9B,
  0xC65A, 0xE73D, 0xFFDF, 0xE71C, 0xCE7A, 0xD6BB, 0xF7BF, 0x7C12, 0x0023, 0x1106, 0x530E, 0x6350,
  0x2148, 0x10C4, 0x0000, 0x0000, 0x0000, 0x0000, 0x0000, 0x0000, 0x0002, 0x1928, 0x0842, 0x0000,
  0x1067, 0x1068, 0x1068, 0x1868, 0x1868, 0x1888, 0x1888, 0x1888, 0x1888, 0x1888, 0x1888, 0x1888,
  0x1888, 0x1888, 0x1888, 0x1888, 0x1889, 0x18A9, 0x18A9, 0x18A9, 0x20A9, 0x20A9, 0x20A9, 0x20A9,
  0x20A9, 0x20A9, 0x20A9, 0x20C9, 0x20C9, 0x20C9, 0x20C9, 0x20C9, 0x20C9, 0x20C9, 0x20C9, 0x20C9,
  0x20C9, 0x20C9, 0x20C9, 0x20C9, 0x20C9, 0x20C9, 0x20C9, 0x20C9, 0x20C9, 0x20A9, 0x20A9, 0x20A9,
  0x20A9, 0x20A9, 0x20A9, 0x20A9, 0x18A9, 0x18A9, 0x1889, 0x1888, 0x1888, 0x1888, 0x1888, 0x1888,
  0x1888, 0x1888, 0x1888, 0x1888, 0x1867, 0x1067, 0x1067, 0x1067, 0x1046, 0x1046, 0x0825, 0x0825,
  0x0045, 0x00E8, 0x0109, 0x0109, 0x014A, 0x014B, 0x016B, 0x016B, 0x016B, 0x016B, 0x016B, 0x016B,
  0x016B, 0x016B, 0x016B, 0x016B, 0x016B, 0x016B, 0x016B, 0x016B, 0x016B, 0x016B, 0x016B, 0x018B,
  0x016B, 0x018C, 0x018C, 0x018C, 0x018C, 0x018C, 0x018C, 0x018C, 0x018C, 0x018C, 0x018C, 0x018C,
  0x018C, 0x018C, 0x018C, 0x01AD, 0x20EA, 0x20EA, 0x20CA, 0x20EA, 0x20EA, 0x20EA, 0x20EA, 0x20EA,
  0x210A, 0x20EA, 0x20EA, 0x210A, 0x210B, 0x210B, 0x210B, 0x210B, 0x210B, 0x210B, 0x210B, 0x210B,
  0x210B, 0x210B, 0x210B, 0x210A, 0x20EA, 0x20EB, 0x210A, 0x20EA, 0x20EA, 0x20EA, 0x20EA, 0x20EA,
  0x20EA, 0x20EA, 0x069F, 0x024E, 0xB470, 0xCDD6, 0x03B6, 0x077F, 0x05DE, 0x04FA, 0x055C, 0x0479,
  0x05FE, 0xE658, 0xF73C, 0xD6FC, 0x94D3, 0x10C6, 0x2004, 0x52AD, 0x01E8, 0x0000, 0x0000, 0x0000,
  0x0000, 0x0000, 0x0000, 0x0000, 0x0000, 0x1906, 0x08E6, 0x0000, 0x0000, 0x0000, 0x0000, 0x10C4,
  0x320B, 0x1947, 0x10E6, 0x8C94, 0xCE9B, 0xC63A, 0xAD76, 0x9CF5, 0xAD76, 0xEF5E, 0x9D15, 0x0862,
  0xB597, 0xD6DC, 0xE71D, 0xDEDC, 0xE71D, 0xC65A, 0x1907, 0x29C9, 0x5B2F, 0x10E5, 0x0000, 0x0000,
  0x0000, 0x0000, 0x0844, 0x1884, 0x0000, 0x0826, 0x0826, 0x0826, 0x0826, 0x0826, 0x0826, 0x0826,
  0x0826, 0x0826, 0x0826, 0x0826, 0x0826, 0x0826, 0x0827, 0x0826, 0x061E, 0x04DA, 0x0000, 0x5A8C,
  0xF7BF, 0x4A69, 0x04BA, 0x073F, 0x0332, 0x0063, 0x028D, 0x061F, 0x059E, 0x05BF, 0x05DF, 0x057F,
  0x05BE, 0xADD8, 0xBF5E, 0x94D3, 0x0000, 0x0000, 0x0000, 0x326D, 0x0884, 0x0000, 0x0000, 0x10C4,
  0x0862, 0x0000, 0x0000, 0x0000, 0x0000, 0x0000, 0x0000, 0x0000, 0x0000, 0x0000, 0x0000, 0x0000,
  0x0021, 0x1108, 0x0003, 0x0000, 0x0000, 0x0000, 0x0000, 0x0000, 0x0000, 0x0021, 0x29A9, 0x29C9,
  0x2188, 0x29A8, 0x08C6, 0x4A8C, 0xB5F9, 0xC639, 0xBDD8, 0xBDF8, 0xBDF8, 0xBE19, 0xC65A, 0xC63A,
  0xADB7, 0xB5B7, 0xAD75, 0x6B6E, 0x7C33, 0x73F1, 0xCE9B, 0xB5B7, 0xC67A, 0xFFFF, 0xFFFF, 0xF79E,
  0xCE9B, 0xD6BB, 0xDF1D, 0xE73D, 0x3A2A, 0x08C5, 0x1927, 0x5B4F, 0x426C, 0x2148, 0x0022, 0x0000,
  0x0000, 0x0000, 0x0000, 0x0000, 0x0000, 0x0024, 0x0021, 0x0000, 0x1067, 0x1067, 0x1068, 0x1868,
  0x1868, 0x1888, 0x1888, 0x1888, 0x1888, 0x1888, 0x1888, 0x1888, 0x1888, 0x1888, 0x1888, 0x1888,
  0x1889, 0x1889, 0x18A9, 0x18A9, 0x18A9, 0x20A9, 0x20A9, 0x20A9, 0x20A9, 0x20A9, 0x20A9, 0x20A9,
  0x20C9, 0x20C9, 0x20C9, 0x20C9, 0x20C9, 0x20C9, 0x20C9, 0x20C9, 0x20C9, 0x20C9, 0x20C9, 0x20C9,
  0x20C9, 0x20C9, 0x20C9, 0x20C9, 0x20C9, 0x20A9, 0x20A9, 0x20A9, 0x20A9, 0x20A9, 0x20A9, 0x20A9,
  0x18A9, 0x18A9, 0x1889, 0x1888, 0x1888, 0x1888, 0x1888, 0x1888, 0x1888, 0x1888, 0x1888, 0x1888,
  0x1868, 0x1067, 0x1067, 0x1067, 0x1046, 0x1046, 0x1026, 0x0825, 0x0825, 0x0824, 0x0045, 0x00A6,
  0x00E8, 0x0109, 0x0129, 0x014A, 0x016B, 0x014B, 0x016B, 0x016B, 0x016B, 0x016B, 0x016B, 0x016B,
  0x016B, 0x016B, 0x016B, 0x016B, 0x016B, 0x016B, 0x016B, 0x016B, 0x018B, 0x018C, 0x018B, 0x018C,
  0x018C, 0x018C, 0x018C, 0x018C, 0x018C, 0x018C, 0x018C, 0x018C, 0x018C, 0x018C, 0x018C, 0x018C,
  0x20CA, 0x20CA, 0x20EA, 0x20EA, 0x20EA, 0x20EA, 0x20EA, 0x20EA, 0x20EA, 0x210A, 0x20EA, 0x20EA,
  0x20EA, 0x210A, 0x210A, 0x210B, 0x210B, 0x210B, 0x210B, 0x210B, 0x210A, 0x210A, 0x20EA, 0x20EB,
  0x20EA, 0x210A, 0x20EA, 0x20EA, 0x20EA, 0x20EA, 0x20EA, 0x20EA, 0x20EA, 0x20EA, 0x065F, 0x0108,
  0xA3CF, 0x9576, 0x04FC, 0x0311, 0x018A, 0x05DF, 0x05BE, 0x059F, 0x05DF, 0x7EBE, 0xB65A, 0x18C2,
  0x0000, 0x1989, 0x0000, 0x0000, 0x10A3, 0x0000, 0x0000, 0x0000, 0x0000, 0x0000, 0x0000, 0x0000,
  0x0022, 0x00A6, 0x0000, 0x0000, 0x0000, 0x0000, 0x0842, 0x320A, 0x29A8, 0x08A5, 0x636F, 0xCE9B,
  0xBDF9, 0xBE19, 0xC63A, 0xAD97, 0xCE59, 0xBDF7, 0x5B0D, 0x73F2, 0xB5F9, 0xD6BB, 0xFFFF, 0xEF7E,
  0xCE7A, 0xFFDF, 0x7BF1, 0x0001, 0x4ACD, 0x4AAD, 0x0022, 0x0000, 0x0000, 0x0000, 0x0000, 0x0002,
  0x0000, 0x0826, 0x0826, 0x0826, 0x0826, 0x0826, 0x0826, 0x0826, 0x0826, 0x0826, 0x0826, 0x0826,
  0x0826, 0x0826, 0x0826, 0x0826, 0x065E, 0x0332, 0x0000, 0x31E9, 0xC6DC, 0x41C7, 0x022D, 0x028E,
  0x0000, 0x0166, 0x053B, 0x05FF, 0x059F, 0x059F, 0x059F, 0x05DF, 0x059A, 0x5C95, 0x96FF, 0x6227,
  0x0000, 0x0000, 0x0000, 0x1947, 0x0000, 0x0000, 0x0000, 0x0000, 0x0000, 0x0000, 0x0000, 0x0000,
  0x0000, 0x0000, 0x0000, 0x0000, 0x0000, 0x0000, 0x0000, 0x0000, 0x0001, 0x0003, 0x0000, 0x0000,
  0x0000, 0x0000, 0x0000, 0x0000, 0x0000, 0x2988, 0x31EA, 0x2188, 0x21A8, 0x1927, 0x29A9, 0xA556,
  0xCE9A, 0xBDF8, 0xBDF8, 0xB5D8, 0xBDF8, 0xB5B7, 0xAD97, 0xDEDB, 0xFFFF, 0xFFFF, 0xF7BE, 0x10A3,
  0x08A3, 0x426B, 0x9516, 0xB5B7, 0xE71D, 0xFFFF, 0xFFFF, 0xFFFF, 0xD6DB, 0xCE9B, 0xCE9B, 0xFFFF,
  0xA556, 0x0043, 0x1106, 0x3A4B, 0x6BB1, 0x29A9, 0x2968, 0x0000, 0x0000, 0x0000, 0x0000, 0x0000,
  0x0000, 0x0000, 0x0000, 0x0000, 0x1067, 0x1067, 0x1867, 0x1868, 0x1868, 0x1868, 0x1888, 0x1888,
  0x1888, 0x1888, 0x1888, 0x1888, 0x1888, 0x1888, 0x1888, 0x1888, 0x1889, 0x1889, 0x1889, 0x18A9,
  0x18A9, 0x20A9, 0x20A9, 0x20A9, 0x20A9, 0x20A9, 0x20A9, 0x20C9, 0x20C9, 0x20C9, 0x20C9, 0x20C9,
  0x20C9, 0x20C9, 0x20C9, 0x20C9, 0x20C9, 0x20C9, 0x20C9, 0x20C9, 0x20C9, 0x20C9, 0x20C9, 0x20C9,
  0x20A9, 0x20A9, 0x20A9, 0x20A9, 0x20A9, 0x20A9, 0x20A9, 0x20A9, 0x18A9, 0x18A9, 0x1888, 0x1888,
  0x1888, 0x1888, 0x1888, 0x1888, 0x1888, 0x1888, 0x1888, 0x1888, 0x1888, 0x1867, 0x1067, 0x1067,
  0x1047, 0x1046, 0x1026, 0x0826, 0x0825, 0x0825, 0x0825, 0x0824, 0x0024, 0x0004, 0x0003, 0x0003,
  0x0003, 0x0003, 0x0003, 0x0003, 0x0003, 0x0003, 0x0003, 0x0003, 0x0003, 0x0003, 0x0003, 0x0003,
  0x0003, 0x0003, 0x0002, 0x0002, 0x0002, 0x0002, 0x0002, 0x0002, 0x0002, 0x0002, 0x0002, 0x0002,
  0x0002, 0x0002, 0x0002, 0x0002, 0x0002, 0x0002, 0x0002, 0x0002, 0x20CA, 0x20CA, 0x20CA, 0x20EA,
  0x20EA, 0x20EA, 0x20EA, 0x20EA, 0x20EA, 0x20EA, 0x20EA, 0x210A, 0x20EA, 0x20EA, 0x20EB, 0x20EB,
  0x20EA, 0x20EA, 0x20EA, 0x20EA, 0x20EB, 0x20EA, 0x20EA, 0x210A, 0x20EA, 0x20EA, 0x20EA, 0x20EA,
  0x20EA, 0x20EA, 0x20EA, 0x20EA, 0x20EA, 0x20EA, 0x055D, 0x0000, 0x5A8B, 0x7C72, 0x0000, 0x00A4,
  0x0477, 0x05FF, 0x05BF, 0x061F, 0x04F9, 0x4B2F, 0x2A0B, 0x0000, 0x0000, 0x0883, 0x0000, 0x0000,
  0x0000, 0x0000, 0x0000, 0x0000, 0x0000, 0x0000, 0x0000, 0x0000, 0x0000, 0x0000, 0x0000, 0x0000,
  0x0000, 0x0000, 0x29CA, 0x29C9, 0x08C5, 0x424B, 0xC65A, 0xC65A, 0xB5D8, 0xAD77, 0xB5B8, 0xF79E,
  0xFFFF, 0xE71C, 0x0000, 0x10C4, 0x8CB4, 0xFFDF, 0xFFFF, 0xFFFF, 0xD6BB, 0xDF1D, 0xDEFC, 0x29A8,
  0x10E6, 0x530E, 0x29A9, 0x0000, 0x0000, 0x0000, 0x0000, 0x0000, 0x0000, 0x0026, 0x0826, 0x0826,
  0x0826, 0x0826, 0x0026, 0x0826, 0x0826, 0x0826, 0x0826, 0x0826, 0x0826, 0x0826, 0x0826, 0x0826,
  0x067F, 0x01AA, 0x0000, 0x0000, 0x9DB8, 0x4B0D, 0x0000, 0x0000, 0x0455, 0x06DF, 0x05FF, 0x057E,
  0x059E, 0x059E, 0x05BF, 0x05BE, 0x2AAC, 0x0000, 0x1087, 0x1063, 0x0000, 0x0000, 0x0000, 0x0883,
  0x0000, 0x0000, 0x0000, 0x0000, 0x0000, 0x0000, 0x0000, 0x0000, 0x0000, 0x0000, 0x0000, 0x0000,
  0x0000, 0x0000, 0x0000, 0x0000, 0x0000, 0x0000, 0x0000, 0x0000, 0x0000, 0x0000, 0x0000, 0x0000,
  0x2147, 0x29EA, 0x2188, 0x29A8, 0x1947, 0x1907, 0x8CB4, 0xCE9A, 0xBDF9, 0xBDF8, 0xB5D8, 0xB5D8,
  0xAD97, 0xAD97, 0xEF7D, 0xFFFF, 0xFFFF, 0xFFFF, 0xF7BF, 0x4228, 0x0000, 0x0000, 0x29A8, 0xD6FD,
  0xFFFF, 0xFFFF, 0xFFDF, 0xFFFF, 0xEF5D, 0xCE7A, 0xD6DB, 0xD6DC, 0xEF9E, 0x5B4E, 0x0085, 0x1106,
  0x4AAD, 0x4AAD, 0x1947, 0x10E4, 0x0000, 0x0000, 0x0000, 0x0000, 0x0000, 0x0000, 0x0000, 0x0000,
  0x1067, 0x1067, 0x1067, 0x1867, 0x1868, 0x1868, 0x1888, 0x1888, 0x1888, 0x1888, 0x1888, 0x1888,
  0x1888, 0x1888, 0x1888, 0x1888, 0x1888, 0x1889, 0x1889, 0x18A9, 0x18A9, 0x20A9, 0x20A9, 0x20A9,
  0x20A9, 0x20A9, 0x20A9, 0x20A9, 0x20C9, 0x20C9, 0x20C9, 0x20C9, 0x20C9, 0x20C9, 0x20C9, 0x20C9,
  0x20C9, 0x20C9, 0x20C9, 0x20C9, 0x20C9, 0x20C9, 0x20C9, 0x20A9, 0x20A9, 0x20A9, 0x20A9, 0x20A9,
  0x20A9, 0x20A9, 0x20A9, 0x20A9, 0x18A9, 0x18A8, 0x1888, 0x1888, 0x1888, 0x1888, 0x1888, 0x1888,
  0x1888, 0x1888, 0x1888, 0x1888, 0x1868, 0x1867, 0x1067, 0x1067, 0x1067, 0x1047, 0x1046, 0x1026,
  0x0826, 0x0825, 0x0825, 0x0825, 0x0825, 0x0804, 0x0004, 0x0004, 0x0004, 0x0003, 0x0003, 0x0003,
  0x0003, 0x0003, 0x0003, 0x0003, 0x0003, 0x0003, 0x0003, 0x0003, 0x0003, 0x0003, 0x0003, 0x0003,
  0x0003, 0x0003, 0x0003, 0x0003, 0x0003, 0x0003, 0x0003, 0x0003, 0x0003, 0x0003, 0x0003, 0x0003,
  0x0003, 0x0003, 0x0003, 0x0003, 0x18CA, 0x20CA, 0x20CA, 0x20CA, 0x20EA, 0x20EA, 0x20EA, 0x20EA,
  0x20EA, 0x20EA, 0x20EA, 0x20EA, 0x20EA, 0x20EA, 0x210A, 0x210A, 0x210A, 0x20EA, 0x20EA, 0x210A,
  0x210A, 0x210A, 0x20EA, 0x20EA, 0x20EA, 0x20EA, 0x20EA, 0x20EA, 0x20EA, 0x20EA, 0x20EA, 0x20EA,
  0x20EA, 0x18CA, 0x0394, 0x0000, 0x10A3, 0x41A6, 0x00C5, 0x05FF, 0x065F, 0x055D, 0x055E, 0x061F,
  0x02AF, 0x0000, 0x0000, 0x0000, 0x0000, 0x10E5, 0x0000, 0x0000, 0x0000, 0x0000, 0x0000, 0x0000,
  0x0000, 0x0000, 0x0000, 0x0000, 0x0000, 0x0000, 0x0000, 0x0000, 0x0021, 0x2988, 0x29CA, 0x1927,
  0x29CA, 0xA556, 0xC63A, 0xB597, 0xAD77, 0xB5D8, 0xEF7D, 0xF79E, 0xF79E, 0xD6BB, 0x0041, 0x0000,
  0x9CF5, 0xF79E, 0xF79E, 0xF79E, 0xE71D, 0xC63A, 0xEF7E, 0xA556, 0x0085, 0x31EA, 0x4ACD, 0x1906,
  0x0000, 0x0000, 0x0000, 0x0000, 0x0000, 0x0006, 0x0826, 0x0026, 0x0826, 0x0826, 0x0826, 0x0826,
  0x0826, 0x0826, 0x0826, 0x0826, 0x0826, 0x0826, 0x0826, 0x0826, 0x04BA, 0x0001, 0x0000, 0x0000,
  0x5B4E, 0x4A49, 0x0000, 0x03F5, 0x067E, 0x057E, 0x055D, 0x055D, 0x055D, 0x055D, 0x05FE, 0x0499,
  0x1842, 0x0000, 0x0000, 0x0021, 0x0000, 0x0000, 0x0001, 0x2148, 0x0000, 0x0000, 0x0000, 0x0000,
  0x0000, 0x0000, 0x0000, 0x0000, 0x0000, 0x0000, 0x0000, 0x0000, 0x0000, 0x0000, 0x0000, 0x0000,
  0x0000, 0x0000, 0x0000, 0x0000, 0x0000, 0x0000, 0x0000, 0x1905, 0x31EA, 0x2188, 0x2188, 0x2168,
  0x1927, 0x634F, 0xBDF9, 0xBDD8, 0xB5B7, 0xB5B7, 0xAD97, 0xAD97, 0xB5B8, 0xE71C, 0xF79E, 0xF79E,
  0xEF7E, 0xF79E, 0xD6BC, 0x29A7, 0x0000, 0x0000, 0x31E9, 0xF79E, 0xF79E, 0xEF7E, 0xEF7E, 0xF79E,
  0xF79E, 0xD69B, 0xCE3A, 0xCE5A, 0xDF1D, 0xCE7B, 0x29A9, 0x1106, 0x2148, 0x530E, 0x3A0B, 0x2989,
  0x0842, 0x0000, 0x0000, 0x0000, 0x0000, 0x0000, 0x0000, 0x0000, 0x1067, 0x1067, 0x1067, 0x1867,
  0x1868, 0x1868, 0x1868, 0x1888, 0x1888, 0x1888, 0x1888, 0x1888, 0x1888, 0x1888, 0x1888, 0x1888,
  0x1888, 0x1888, 0x1889, 0x18A9, 0x18A9, 0x20A9, 0x20A9, 0x20A9, 0x20A9, 0x20A9, 0x20A9, 0x20A9,
  0x20A9, 0x20C9, 0x20C9, 0x20C9, 0x20C9, 0x20C9, 0x20C9, 0x20C9, 0x20C9, 0x20C9, 0x20C9, 0x20C9,
  0x20C9, 0x20C9, 0x20A9, 0x20A9, 0x20A9, 0x20A9, 0x20A9, 0x20A9, 0x20A9, 0x20A9, 0x20A9, 0x20A9,
  0x18A9, 0x18A8, 0x18A8, 0x1888, 0x1888, 0x1888, 0x1888, 0x1888, 0x1888, 0x1888, 0x1888, 0x1888,
  0x1868, 0x1867, 0x1067, 0x1067, 0x1067, 0x1047, 0x1047, 0x1046, 0x0826, 0x0826, 0x0825, 0x0825,
  0x0825, 0x0825, 0x0825, 0x0024, 0x0804, 0x0804, 0x0004, 0x0004, 0x0004, 0x0004, 0x0004, 0x0004,
  0x0004, 0x0004, 0x0004, 0x0004, 0x0004, 0x0004, 0x0004, 0x0004, 0x0004, 0x0003, 0x0003, 0x0003,
  0x0003, 0x0003, 0x0003, 0x0003, 0x0003, 0x0003, 0x0003, 0x0003, 0x0003, 0x0003, 0x0003, 0x0003,
  0x18CA, 0x18CA, 0x20CA, 0x20CA, 0x20CA, 0x20EA, 0x20CA, 0x20EA, 0x20EA, 0x20EA, 0x20EA, 0x20EA,
  0x20EA, 0x20EA, 0x20EA, 0x20EA, 0x20EA, 0x20EA, 0x20EA, 0x20EA, 0x20EA, 0x20EA, 0x20EA, 0x20EA,
  0x20EA, 0x20EA, 0x20EA, 0x20EA, 0x20EA, 0x20EA, 0x20EA, 0x20EA, 0x18CA, 0x20CA, 0x20CA, 0x18CA,
  0x18CA, 0x18C9, 0x18C9, 0x18C9, 0x18A9, 0x18A9, 0x18A9, 0x18A9, 0x18A9, 0x18A9, 0x1889, 0x1089,
  0x1089, 0x1089, 0x1088, 0x1088, 0x1088, 0x1088, 0x1068, 0x1068, 0x1068, 0x1068, 0x0868, 0x1048,
  0x1048, 0x0847, 0x0847, 0x0847, 0x0847, 0x0827, 0x0827, 0x0827, 0x0827, 0x0827, 0x0827, 0x0827,
  0x0827, 0x0827, 0x0826, 0x0826, 0x0826, 0x0026, 0x0026, 0x0026, 0x0026, 0x0026, 0x0006, 0x0806,
  0x0806, 0x0806, 0x0006, 0x0006, 0x0006, 0x0006, 0x0006, 0x0006, 0x0006, 0x0006, 0x0006, 0x0006,
  0x0026, 0x0006, 0x0026, 0x0806, 0x0806, 0x0826, 0x0826, 0x0026, 0x0826, 0x0826, 0x0826, 0x0826,
  0x0826, 0x0826, 0x0826, 0x0826, 0x0826, 0x0826, 0x0826, 0x0826, 0x0826, 0x0827, 0x0827, 0x0826,
  0x0847, 0x0847, 0x1047, 0x1047, 0x1047, 0x1047, 0x1047, 0x1047, 0x1047, 0x1047, 0x1067, 0x1047,
  0x1047, 0x1047, 0x1067, 0x1067, 0x1067, 0x1067, 0x1067, 0x1067, 0x1067, 0x1067, 0x1067, 0x1067,
  0x1067, 0x1067, 0x1067, 0x1067, 0x1067, 0x1067, 0x1067, 0x1067, 0x1067, 0x1067, 0x1067, 0x1067,
  0x1067, 0x1067, 0x1067, 0x1067, 0x1067, 0x1067, 0x1067, 0x1067, 0x1067, 0x1067, 0x1067, 0x1067,
  0x1067, 0x1067, 0x1067, 0x1067, 0x1067, 0x1067, 0x1047, 0x1067, 0x1067, 0x1047, 0x1047, 0x1047,
  0x1047, 0x1047, 0x1047, 0x1047, 0x1047, 0x1047, 0x1047, 0x1047, 0x1047, 0x1047, 0x1047, 0x1047,
  0x1047, 0x1047, 0x1047, 0x1047, 0x1047, 0x1047, 0x1047, 0x1047, 0x1047, 0x1047, 0x1047, 0x1067,
  0x1067, 0x1067, 0x1067, 0x1067, 0x1067, 0x1067, 0x1867, 0x1068, 0x1068, 0x1868, 0x1868, 0x1888,
  0x1888, 0x1888, 0x1888, 0x1888, 0x1888, 0x1888, 0x1888, 0x1888, 0x1888, 0x1888, 0x1888, 0x18A9,
  0x18A9, 0x20A9, 0x20A9, 0x20A9, 0x20A9, 0x20A9, 0x20A9, 0x20A9, 0x20A9, 0x20A9, 0x20A9, 0x20C9,
  0x20C9, 0x20C9, 0x20C9, 0x20C9, 0x20C9, 0x20C9, 0x20C9, 0x20C9, 0x20C9, 0x20C9, 0x20A9, 0x20A9,
  0x20A9, 0x20A9, 0x20A9, 0x20A9, 0x20A9, 0x20A9, 0x20A9, 0x20A9, 0x18A9, 0x18A8, 0x1888, 0x1888,
  0x1888, 0x1888, 0x1888, 0x1888, 0x1888, 0x1888, 0x1888, 0x1868, 0x1868, 0x1867, 0x1067, 0x1067,
  0x1067, 0x1047, 0x1047, 0x1046, 0x1046, 0x0826, 0x0826, 0x0825, 0x0825, 0x0825, 0x0825, 0x0825,
  0x0825, 0x0025, 0x0805, 0x0005, 0x0004, 0x0005, 0x0005, 0x0004, 0x0004, 0x0004, 0x0004, 0x0004,
  0x0004, 0x0004, 0x0004, 0x0004, 0x0004, 0x0004, 0x0004, 0x0004, 0x0004, 0x0004, 0x0004, 0x0004,
  0x0004, 0x0004, 0x0004, 0x0004, 0x0004, 0x0004, 0x0004, 0x0003, 0x18CA, 0x18CA, 0x18CA, 0x20CA,
  0x20CA, 0x20CA, 0x20EA, 0x20EA, 0x20EA, 0x20EA, 0x20EA, 0x20EA, 0x20EA, 0x20EA, 0x20EA, 0x20EA,
  0x20EA, 0x20EA, 0x20EA, 0x20EA, 0x20EA, 0x20EA, 0x20EA, 0x20EA, 0x20EA, 0x20EA, 0x20EA, 0x20CA,
  0x20EA, 0x20CA, 0x20CA, 0x18CA, 0x20CA, 0x18CA, 0x18CA, 0x18CA, 0x18C9, 0x18CA, 0x18C9, 0x18C9,
  0x18A9, 0x18A9, 0x18A9, 0x18A9, 0x18A9, 0x1889, 0x1889, 0x1089, 0x1089, 0x1088, 0x1088, 0x1088,
  0x1068, 0x1088, 0x1068, 0x1068, 0x1068, 0x1068, 0x1068, 0x1047, 0x1047, 0x0847, 0x0847, 0x0847,
  0x0847, 0x0827, 0x0827, 0x0827, 0x0827, 0x0827, 0x0827, 0x0827, 0x0827, 0x0826, 0x0827, 0x0826,
  0x0826, 0x0026, 0x0026, 0x0026, 0x0026, 0x0026, 0x0006, 0x0006, 0x0006, 0x0806, 0x0006, 0x0006,
  0x0006, 0x0006, 0x0006, 0x0006, 0x0006, 0x0006, 0x0006, 0x0026, 0x0006, 0x0026, 0x0026, 0x0806,
  0x0806, 0x0806, 0x0826, 0x0026, 0x0826, 0x0826, 0x0826, 0x0826, 0x0826, 0x0826, 0x0826, 0x0826,
  0x0826, 0x0826, 0x0826, 0x0826, 0x0826, 0x0826, 0x0826, 0x0826, 0x0847, 0x0827, 0x0847, 0x0827,
  0x1047, 0x0847, 0x1047, 0x1047, 0x1047, 0x1047, 0x1047, 0x1047, 0x1047, 0x1047, 0x1047, 0x1067,
  0x1067, 0x1067, 0x1067, 0x1047, 0x1067, 0x1067, 0x1067, 0x1067, 0x1067, 0x1067, 0x1067, 0x1067,
  0x1067, 0x1067, 0x1067, 0x1067, 0x1067, 0x1067, 0x1067, 0x1067, 0x1067, 0x1067, 0x1067, 0x1067,
  0x1067, 0x1067, 0x1067, 0x1067, 0x1067, 0x1067, 0x1067, 0x1067, 0x1067, 0x1067, 0x1067, 0x1067,
  0x1067, 0x1047, 0x1047, 0x1067, 0x1067, 0x1047, 0x1047, 0x1047, 0x1047, 0x1047, 0x1047, 0x1047,
  0x1047, 0x1047, 0x1047, 0x1047, 0x1047, 0x1047, 0x1047, 0x1047, 0x1047, 0x1047, 0x1047, 0x1047,
  0x1047, 0x1047, 0x1047, 0x1047, 0x1047, 0x1047, 0x1047, 0x1067, 0x1047, 0x1067, 0x1067, 0x1067,
  0x1067, 0x1067, 0x1067, 0x1067, 0x1068, 0x1868, 0x1868, 0x1888, 0x1888, 0x1888, 0x1888, 0x1888,
  0x1888, 0x1888, 0x1888, 0x1888, 0x1888, 0x1888, 0x1888, 0x18A9, 0x18A9, 0x20A9, 0x20A9, 0x20A9,
  0x20A9, 0x20A9, 0x20A9, 0x20A9, 0x20A9, 0x20A9, 0x20A9, 0x20A9, 0x20C9, 0x20C9, 0x20C9, 0x20C9,
  0x20C9, 0x20C9, 0x20C9, 0x20C9, 0x20A9, 0x20A9, 0x20A9, 0x20A9, 0x20A9, 0x20A9, 0x20A9, 0x20A9,
  0x20A9, 0x20A9, 0x20A9, 0x18A9, 0x18A9, 0x18A9, 0x1888, 0x1888, 0x1888, 0x1888, 0x1888, 0x1888,
  0x1888, 0x1888, 0x1868, 0x1868, 0x1868, 0x1068, 0x1067, 0x1067, 0x1067, 0x1067, 0x1047, 0x1046,
  0x1046, 0x1046, 0x0826, 0x0826, 0x0826, 0x0825, 0x0825, 0x0825, 0x0825, 0x0825, 0x0825, 0x0825,
  0x0805, 0x0805, 0x0005, 0x0005, 0x0005, 0x0005, 0x0005, 0x0004, 0x0004, 0x0004, 0x0004, 0x0004,
  0x0004, 0x0004, 0x0004, 0x0004, 0x0004, 0x0004, 0x0004, 0x0004, 0x0004, 0x0004, 0x0004, 0x0004,
  0x0004, 0x0004, 0x0004, 0x0004, 0x18CA, 0x18CA, 0x18CA, 0x18CA, 0x20CA, 0x20CA, 0x20EA, 0x20EA,
  0x20EA, 0x20CA, 0x20EA, 0x20EA, 0x20EA, 0x20EA, 0x20EA, 0x20EA, 0x20EA, 0x20EA, 0x20EA, 0x20EA,
  0x20EA, 0x20EA, 0x20EA, 0x20EA, 0x20EA, 0x20CA, 0x20EA, 0x20EA, 0x20EA, 0x20CA, 0x18CA, 0x20CA,
  0x20CA, 0x18CA, 0x18CA, 0x18C9, 0x18CA, 0x18C9, 0x18C9, 0x18A9, 0x18A9, 0x18A9, 0x18A9, 0x18A9,
  0x18A9, 0x1889, 0x1089, 0x1889, 0x1089, 0x1088, 0x1088, 0x1088, 0x1088, 0x1068, 0x1068, 0x1068,
  0x1068, 0x0868, 0x1048, 0x1047, 0x1047, 0x0847, 0x0847, 0x0847, 0x0827, 0x0827, 0x0827, 0x0827,
  0x0827, 0x0827, 0x0827, 0x0827, 0x0827, 0x0827, 0x0826, 0x0826, 0x0026, 0x0026, 0x0026, 0x0026,
  0x0026, 0x0006, 0x0006, 0x0006, 0x0006, 0x0006, 0x0006, 0x0006, 0x0006, 0x0006, 0x0006, 0x0006,
  0x0006, 0x0006, 0x0006, 0x0026, 0x0006, 0x0026, 0x0806, 0x0806, 0x0026, 0x0806, 0x0026, 0x0026,
  0x0826, 0x0826, 0x0826, 0x0826, 0x0826, 0x0826, 0x0826, 0x0826, 0x0826, 0x0826, 0x0826, 0x0826,
  0x0826, 0x0826, 0x0826, 0x0826, 0x0846, 0x0827, 0x0847, 0x0826, 0x0847, 0x0847, 0x1047, 0x1047,
  0x1047, 0x1047, 0x1047, 0x1067, 0x1047, 0x1047, 0x1047, 0x1047, 0x1067, 0x1067, 0x1067, 0x1067,
  0x1047, 0x1067, 0x1067, 0x1067, 0x1067, 0x1067, 0x1067, 0x1067, 0x1067, 0x1067, 0x1067, 0x1067,
  0x1067, 0x1067, 0x1067, 0x1067, 0x1067, 0x1067, 0x1067, 0x1067, 0x1067, 0x1067, 0x1067, 0x1047,
  0x1067, 0x1067, 0x1067, 0x1067, 0x1067, 0x1067, 0x1067, 0x1067, 0x1067, 0x1047, 0x1047, 0x1047,
  0x1047, 0x1047, 0x1047, 0x1047, 0x1047, 0x1047, 0x1047, 0x1046, 0x1047, 0x1047, 0x1046, 0x1047,
  0x1046, 0x1047, 0x1047, 0x1047, 0x1047, 0x1047, 0x1047, 0x1047, 0x1047, 0x1047, 0x1047, 0x1047,
  0x1047, 0x1047, 0x1047, 0x1067, 0x1047, 0x1047, 0x1047, 0x1067, 0x1067, 0x1067, 0x1067, 0x1067,
  0x1868, 0x1868, 0x1868, 0x1888, 0x1888, 0x1888, 0x1888, 0x1888, 0x1888, 0x1888, 0x1888, 0x1888,
  0x1888, 0x1888, 0x1888, 0x18A8, 0x18A9, 0x20A9, 0x20A9, 0x20A9, 0x20A9, 0x20A9, 0x20A9, 0x20A9,
  0x20A9, 0x20A9, 0x20A9, 0x20A9, 0x20A9, 0x20A9, 0x20C9, 0x20C9, 0x20C9, 0x20A9, 0x20A9, 0x20A9,
  0x20A9, 0x20A9, 0x20A9, 0x20A9, 0x20A9, 0x20A9, 0x20A9, 0x20A9, 0x20A9, 0x20A9, 0x18A9, 0x18A9,
  0x18A9, 0x18A8, 0x1888, 0x1888, 0x1888, 0x1888, 0x1888, 0x1888, 0x1888, 0x1888, 0x1888, 0x1868,
  0x1868, 0x1867, 0x1067, 0x1067, 0x1067, 0x1047, 0x1047, 0x1047, 0x1047, 0x1046, 0x1046, 0x0826,
  0x0826, 0x0826, 0x0826, 0x0826, 0x0825, 0x0826, 0x0825, 0x0825, 0x0825, 0x0805, 0x0805, 0x0005,
  0x0005, 0x0005, 0x0005, 0x0005, 0x0005, 0x0005, 0x0005, 0x0005, 0x0005, 0x0005, 0x0005, 0x0005,
  0x0005, 0x0005, 0x0005, 0x0004, 0x0004, 0x0005, 0x0004, 0x0004, 0x0004, 0x0004, 0x0004, 0x0004,
  0x18C9, 0x18CA, 0x18CA, 0x18CA, 0x18CA, 0x20CA, 0x18CA, 0x20CA, 0x20EA, 0x20EA, 0x20EA, 0x20EA,
  0x20CA, 0x20EA, 0x20EA, 0x20EA, 0x20EA, 0x20EA, 0x20EA, 0x20EA, 0x20EA, 0x20EA, 0x20EA, 0x20EA,
  0x20EA, 0x20EA, 0x20CA, 0x20EA, 0x20CA, 0x20CA, 0x18CA, 0x18CA, 0x18CA, 0x18CA, 0x18C9, 0x18CA,
  0x18C9, 0x18C9, 0x18A9, 0x18A9, 0x18A9, 0x18A9, 0x18A9, 0x18A9, 0x1889, 0x10A9, 0x1089, 0x1089,
  0x1088, 0x1088, 0x1088, 0x1068, 0x1088, 0x1068, 0x1068, 0x1068, 0x1068, 0x1068, 0x1047, 0x1047,
  0x0847, 0x0847, 0x0847, 0x0847, 0x0827, 0x0827, 0x0827, 0x0827, 0x0827, 0x0827, 0x0827, 0x0827,
  0x0826, 0x0826, 0x0826, 0x0826, 0x0026, 0x0026, 0x0026, 0x0026, 0x0006, 0x0006, 0x0806, 0x0806,
  0x0806, 0x0006, 0x0006, 0x0006, 0x0006, 0x0006, 0x0006, 0x0006, 0x0006, 0x0006, 0x0006, 0x0006,
  0x0006, 0x0006, 0x0006, 0x0806, 0x0806, 0x0806, 0x0026, 0x0026, 0x0026, 0x0826, 0x0826, 0x0826,
  0x0826, 0x0826, 0x0826, 0x0826, 0x0826, 0x9CF4, 0xFFFF, 0xFFFF, 0xFFFF, 0xFFFF, 0xFFFF, 0x9CF5,
  0x0826, 0x0846, 0x0827, 0x0846, 0x0846, 0x0847, 0xBDD8, 0xEF5D, 0x4A2C, 0xFFFF, 0x9473, 0x1047,
  0x1047, 0x1047, 0x4A2C, 0xFFFF, 0xFFFF, 0x9CF5, 0x1067, 0x1067, 0x8411, 0xFFFF, 0xFFFF, 0x4A2C,
  0x1067, 0x1067, 0x1067, 0x1067, 0x1067, 0x1067, 0x1067, 0x1067, 0x1067, 0x1067, 0x1067, 0x1067,
  0x1067, 0x1067, 0x1067, 0x1067, 0x1067, 0x1067, 0x1047, 0x1067, 0x1067, 0x7390, 0xFFFF, 0xFFFF,
  0xFFFF, 0xFFFF, 0xFFFF, 0xD69A, 0x1047, 0x1047, 0x1047, 0x1047, 0x1047, 0x1046, 0x9473, 0xFFFF,
  0x4A2C, 0xBDD8, 0xEF5D, 0x1046, 0x1046, 0x1046, 0x1046, 0xEF5D, 0xEF5D, 0x1047, 0x1046, 0x1047,
  0x1047, 0xBDD8, 0xFFFF, 0x1047, 0x9473, 0xFFFF, 0xFFFF, 0x9473, 0x1047, 0x1047, 0x1047, 0x1047,
  0x1047, 0x1047, 0x1047, 0x1067, 0x1067, 0x1067, 0x1067, 0x1067, 0x1867, 0x1868, 0x1868, 0x1888,
  0x1888, 0x1888, 0x1888, 0x1888, 0x1888, 0x1888, 0x1888, 0x1888, 0x1888, 0x1888, 0x1888, 0x18A8,
  0x18A9, 0x20A9, 0x20A9, 0x20A9, 0x20A9, 0x20A9, 0x20A9, 0x20A9, 0x20A9, 0x20A9, 0x20A9, 0x20A9,
  0x20A9, 0x20A9, 0x20A9, 0x20A9, 0x20A9, 0x20A9, 0x20A9, 0x20A9, 0x20A9, 0x20A9, 0x20A9, 0x20A9,
  0x20A9, 0x20A9, 0x20A9, 0x20A9, 0x20A9, 0x20A9, 0x18A9, 0x18A9, 0x1888, 0x1888, 0x1888, 0x1888,
  0x1888, 0x1888, 0x1888, 0x1888, 0x1888, 0x1888, 0x1888, 0x1867, 0x1867, 0x1867, 0x1067, 0x1067,
  0x1067, 0x1067, 0x1047, 0x1047, 0x1047, 0x1047, 0x1046, 0x1046, 0x0846, 0x0826, 0x0826, 0x0826,
  0x0826, 0x0826, 0x0826, 0x0825, 0x0025, 0x0025, 0x0025, 0x0025, 0x0025, 0x0025, 0x0005, 0x0005,
  0x0005, 0x0005, 0x0005, 0x0005, 0x0005, 0x0005, 0x0005, 0x0005, 0x0005, 0x0005, 0x0005, 0x0005,
  0x0005, 0x0005, 0x0005, 0x0005, 0x0005, 0x0005, 0x0005, 0x0005, 0x18C9, 0x18C9, 0x18CA, 0x18CA,
  0x18CA, 0x20CA, 0x18CA, 0x20CA, 0x18CA, 0x20CA, 0x20EA, 0x20CA, 0x20EA, 0x20EA, 0x20EA, 0x20EA,
  0x20EA, 0x20EA, 0x20EA, 0x20EA, 0x20EA, 0x20EA, 0x20EA, 0x20CA, 0x20EA, 0x20CA, 0x20CA, 0x20CA,
  0x20CA, 0x18CA, 0x18CA, 0x18CA, 0x18C9, 0x18CA, 0x18CA, 0x18C9, 0x18C9, 0x18A9, 0x18A9, 0x18A9,
  0x18A9, 0x18A9, 0x18A9, 0x1889, 0x1889, 0x1889, 0x1089, 0x1088, 0x1088, 0x1088, 0x1088, 0x1088,
  0x1068, 0x1068, 0x1068, 0x1068, 0x0868, 0x1068, 0x1048, 0x1047, 0x0847, 0x0847, 0x0847, 0x0827,
  0x0827, 0x0827, 0x0827, 0x0827, 0x0827, 0x0827, 0x0827, 0x0827, 0x0826, 0x0826, 0x0826, 0x0026,
  0x0026, 0x0026, 0x0026, 0x0026, 0x0006, 0x0006, 0x0006, 0x0006, 0x0006, 0x0006, 0x0006, 0x0006,
  0x0006, 0x0006, 0x0006, 0x0006, 0x0006, 0x0006, 0x0006, 0x0006, 0x0006, 0x0006, 0x0006, 0x0806,
  0x0806, 0x0806, 0x0806, 0x0806, 0x0806, 0x0826, 0x0826, 0x0826, 0x0826, 0x0826, 0x0826, 0x0826,
  0x0826, 0x9CF4, 0xFFFF, 0xBDD8, 0xBDD8, 0xBDD8, 0xBDD8, 0x6B6F, 0x0826, 0x0846, 0x0826, 0x0826,
  0x0826, 0x0846, 0xBDD8, 0xEF5D, 0x4A2C, 0xFFFF, 0x8C73, 0x1047, 0x1047, 0x1047, 0x4A2C, 0xFFFF,
  0xFFFF, 0xC639, 0x1067, 0x1067, 0xC639, 0xFFFF, 0xFFFF, 0x4A2C, 0x1067, 0x1067, 0x1067, 0x1067,
  0x1067, 0x1067, 0x1067, 0x1067, 0x1067, 0x1067, 0x1067, 0x1067, 0x1067, 0x1067, 0x1067, 0x1067,
  0x1047, 0x1047, 0x1067, 0x1067, 0x1067, 0x7390, 0xFFFF, 0xD69A, 0xBDD8, 0xBDD8, 0xBDD8, 0x9CF5,
  0x1047, 0x1046, 0x1047, 0x1046, 0x1047, 0x1046, 0x9473, 0xFFFF, 0x4A2C, 0xBDD8, 0xEF5D, 0x1046,
  0x1046, 0x1046, 0x1046, 0xEF5D, 0xEF5D, 0x1047, 0x1046, 0x1047, 0x1047, 0x9473, 0xAD76, 0x1047,
  0xC639, 0xFFFF, 0xBDD8, 0x5AEE, 0x1047, 0x1047, 0x1047, 0x1047, 0x1047, 0x1047, 0x1047, 0x1067,
  0x1067, 0x1067, 0x1067, 0x1067, 0x1867, 0x1867, 0x1867, 0x1888, 0x1888, 0x1888, 0x1888, 0x1888,
  0x1888, 0x1888, 0x1888, 0x1888, 0x1888, 0x1888, 0x1888, 0x18A8, 0x18A8, 0x18A9, 0x20A9, 0x20A9,
  0x20A9, 0x20A9, 0x20A9, 0x20A9, 0x20A9, 0x20A9, 0x20A9, 0x20A9, 0x20A9, 0x20A9, 0x20A9, 0x20A9,
  0x20A9, 0x20A9, 0x20A9, 0x20A9, 0x20A9, 0x20A9, 0x20A9, 0x20A9, 0x20A9, 0x20A9, 0x20A9, 0x20A9,
  0x18A9, 0x18A9, 0x18A9, 0x18A9, 0x1888, 0x1888, 0x1888, 0x1888, 0x1888, 0x1888, 0x1888, 0x1888,
  0x1888, 0x1888, 0x1888, 0x1868, 0x1867, 0x1867, 0x1067, 0x1067, 0x1067, 0x1067, 0x1047, 0x1047,
  0x1047, 0x1047, 0x1047, 0x1046, 0x1026, 0x0826, 0x0826, 0x0826, 0x0826, 0x0826, 0x0826, 0x0826,
  0x0826, 0x0826, 0x0826, 0x0825, 0x0825, 0x0805, 0x0805, 0x0005, 0x0005, 0x0005, 0x0005, 0x0005,
  0x0005, 0x0005, 0x0005, 0x0005, 0x0005, 0x0005, 0x0005, 0x0005, 0x0005, 0x0005, 0x0005, 0x0005,
  0x0005, 0x0005, 0x0005, 0x0005, 0x18C9, 0x18C9, 0x18C9, 0x18C9, 0x18C9, 0x18CA, 0x18CA, 0x18CA,
  0x18CA, 0x20CA, 0x18CA, 0x20CA, 0x20CA, 0x20EA, 0x20EA, 0x20EA, 0x20CA, 0x20CA, 0x20CA, 0x20CA,
  0x20EA, 0x20EA, 0x20CA, 0x20CA, 0x18CA, 0x20CA, 0x20CA, 0x18CA, 0x18CA, 0x18CA, 0x18CA, 0x18CA,
  0x18C9, 0x18C9, 0x18C9, 0x18C9, 0x18A9, 0x18A9, 0x18A9, 0x18A9, 0x18A9, 0x18A9, 0x1889, 0x1889,
  0x1889, 0x1889, 0x1089, 0x1088, 0x1088, 0x1088, 0x1088, 0x1088, 0x1068, 0x1068, 0x1068, 0x1068,
  0x1068, 0x1047, 0x1047, 0x0847, 0x0847, 0x0847, 0x0847, 0x0827, 0x0827, 0x0827, 0x0827, 0x0827,
  0x0827, 0x0827, 0x0827, 0x0826, 0x0826, 0x0826, 0x0826, 0x0026, 0x0026, 0x0026, 0x0026, 0x0006,
  0x0006, 0x0006, 0x0006, 0x0006, 0x0006, 0x0006, 0x0006, 0x0006, 0x0006, 0x0006, 0x0006, 0x0006,
  0x0006, 0x0006, 0x0006, 0x0006, 0x0006, 0x0006, 0x0006, 0x0006, 0x0806, 0x0806, 0x0806, 0x0806,
  0x0806, 0x0026, 0x0826, 0x0826, 0x0826, 0x0826, 0x0826, 0x0826, 0x0826, 0x9CF4, 0xFFFF, 0x4A2B,
  0x0826, 0x0826, 0x0826, 0x0826, 0xFFFF, 0xD69A, 0x0846, 0x7370, 0xFFFF, 0x9473, 0xBDD8, 0xEF5D,
  0x4A2C, 0xFFFF, 0x9473, 0x1046, 0x1047, 0x1047, 0x4A2C, 0xFFFF, 0xFFFF, 0xFFFF, 0x3169, 0x1067,
  0xF7BE, 0xFFFF, 0xFFFF, 0x4A2C, 0x9CF5, 0xFFFF, 0xFFFF, 0xFFFF, 0x9CF5, 0x1067, 0x7390, 0xEF5D,
  0xFFFF, 0xFFFF, 0xC639, 0x1067, 0xD69A, 0xF7BE, 0xEF5D, 0xFFFF, 0xEF5D, 0x4A2C, 0x1067, 0x1067,
  0x1067, 0x7390, 0xFFFF, 0x9473, 0x1046, 0x1047, 0x1046, 0x1047, 0x9CF5, 0xFFFF, 0x7370, 0x1047,
  0xD69A, 0xEF5D, 0x9473, 0xFFFF, 0x4A2C, 0xBDD8, 0xEF5D, 0x0846, 0x1046, 0x1046, 0x1046, 0xEF5D,
  0xEF5D, 0x1047, 0x1026, 0x1046, 0x1046, 0xBDD8, 0xFFFF, 0x9CF5, 0xFFFF, 0xFFFF, 0xFFFF, 0x4A2C,
  0xDEFC, 0xFFFF, 0xFFFF, 0xDEFC, 0x4A2C, 0x1047, 0x1047, 0x1067, 0x1067, 0x1067, 0x1067, 0x1067,
  0x1867, 0x1867, 0x1867, 0x1868, 0x1888, 0x1888, 0x1888, 0x1888, 0x1888, 0x1888, 0x1888, 0x1888,
  0x1888, 0x1888, 0x1888, 0x18A8, 0x18A8, 0x18A9, 0x18A9, 0x20A9, 0x20A9, 0x20A9, 0x20A9, 0x20A9,
  0x20A9, 0x20A9, 0x20A9, 0x20A9, 0x20A9, 0x20A9, 0x20A9, 0x20A9, 0x20A9, 0x20A9, 0x20A9, 0x20A9,
  0x20A9, 0x20A9, 0x20A9, 0x20A9, 0x20A9, 0x20A9, 0x20A9, 0x20A9, 0x18A9, 0x18A9, 0x18A8, 0x1888,
  0x1888, 0x1888, 0x1888, 0x1888, 0x1888, 0x1888, 0x1888, 0x1888, 0x1888, 0x1888, 0x1888, 0x1888,
  0x1867, 0x1067, 0x1067, 0x1067, 0x1067, 0x1047, 0x1047, 0x1047, 0x1047, 0x1047, 0x1047, 0x1047,
  0x0846, 0x0826, 0x0826, 0x0826, 0x0826, 0x0826, 0x0826, 0x0826, 0x0826, 0x0826, 0x0826, 0x0826,
  0x0826, 0x0806, 0x0806, 0x0006, 0x0006, 0x0005, 0x0005, 0x0005, 0x0005, 0x0005, 0x0005, 0x0005,
  0x0005, 0x0005, 0x0005, 0x0005, 0x0005, 0x0005, 0x0005, 0x0005, 0x0005, 0x0005, 0x0005, 0x0005,
  0x18A9, 0x18C9, 0x18C9, 0x18CA, 0x18C9, 0x18CA, 0x18CA, 0x18CA, 0x18CA, 0x20CA, 0x18CA, 0x18CA,
  0x20CA, 0x20CA, 0x18CA, 0x18CA, 0x20CA, 0x20CA, 0x20CA, 0x18CA, 0x18CA, 0x20CA, 0x20CA, 0x20CA,
  0x18CA, 0x18CA, 0x18CA, 0x18CA, 0x18CA, 0x18C9, 0x18C9, 0x18C9, 0x18C9, 0x18C9, 0x18C9, 0x18A9,
  0x18A9, 0x18A9, 0x18A9, 0x18A9, 0x18A9, 0x18A9, 0x1889, 0x1089, 0x1089, 0x1089, 0x1088, 0x1088,
  0x1088, 0x1068, 0x1088, 0x1068, 0x1068, 0x1068, 0x1068, 0x1068, 0x1068, 0x1048, 0x1047, 0x0847,
  0x0847, 0x0847, 0x0827, 0x0827, 0x0827, 0x0827, 0x0827, 0x0827, 0x0827, 0x0827, 0x0827, 0x0826,
  0x0826, 0x0826, 0x0026, 0x0026, 0x0026, 0x0026, 0x0026, 0x0006, 0x0006, 0x0006, 0x0006, 0x0006,
  0x0006, 0x0006, 0x0006, 0x0006, 0x0006, 0x0006, 0x0006, 0x0006, 0x0006, 0x0006, 0x0006, 0x0006,
  0x0006, 0x0006, 0x0006, 0x0006, 0x0006, 0x0806, 0x0806, 0x0806, 0x0806, 0x0806, 0x0826, 0x0826,
  0x0826, 0x0826, 0x0826, 0x0826, 0x0826, 0x9CF4, 0xFFFF, 0xFFFF, 0xFFFF, 0xFFFF, 0xEF5D, 0x0826,
  0xFFFF, 0xD69A, 0x0846, 0x736F, 0xFFFF, 0x9473, 0xBDD8, 0xEF5D, 0x4A2B, 0xFFFF, 0x9473, 0x1047,
  0x1047, 0x1046, 0x4A2C, 0xFFFF, 0xFFFF, 0xFFFF, 0x8411, 0x8411, 0xFFFF, 0xF7BE, 0xFFFF, 0x9473,
  0xFFFF, 0xF7BE, 0xBDD8, 0xFFFF, 0xFFFF, 0x62EE, 0xF7BE, 0xFFFF, 0xBDD8, 0xEF5D, 0xFFFF, 0x9CF5,
  0xD69A, 0xFFFF, 0xDEFC, 0xD69A, 0xFFFF, 0xAD76, 0x1047, 0x1047, 0x1066, 0x7390, 0xFFFF, 0xFFFF,
  0xFFFF, 0xFFFF, 0xFFFF, 0x4A2C, 0x9CF5, 0xFFFF, 0x7370, 0x1046, 0xD69A, 0xEF5D, 0x9473, 0xFFFF,
  0x4A2C, 0xBDD8, 0xEF5D, 0x0846, 0x1046, 0x1046, 0x0826, 0xEF5D, 0xEF5D, 0x1046, 0x0826, 0x1046,
  0x1046, 0xBDD8, 0xFFFF, 0x7370, 0xEF5D, 0xF7BE, 0xAD76, 0xC639, 0xFFFF, 0xC639, 0xC639, 0xFFFF,
  0xC639, 0x1047, 0x1047, 0x1067, 0x1067, 0x1067, 0x1067, 0x1067, 0x1867, 0x1867, 0x1868, 0x1868,
  0x1888, 0x1888, 0x1888, 0x1888, 0x1888, 0x1888, 0x1888, 0x1888, 0x1888, 0x1888, 0x1888, 0x1888,
  0x18A8, 0x18A9, 0x18A9, 0x18A9, 0x18A9, 0x20A9, 0x20A9, 0x20A9, 0x20A9, 0x20A9, 0x20A9, 0x20A9,
  0x20A9, 0x20A9, 0x20A9, 0x20A9, 0x20A9, 0x20A9, 0x20A9, 0x20A9, 0x20A9, 0x20A9, 0x20A9, 0x20A9,
  0x20A9, 0x20A9, 0x18A9, 0x18A9, 0x18A9, 0x18A9, 0x1888, 0x1888, 0x1888, 0x1888, 0x1888, 0x1888,
  0x1888, 0x1888, 0x1888, 0x1888, 0x1888, 0x1888, 0x1868, 0x1067, 0x1067, 0x1067, 0x1067, 0x1067,
  0x1047, 0x1047, 0x1047, 0x1047, 0x1047, 0x1047, 0x1047, 0x1047, 0x0846, 0x0826, 0x0826, 0x0826,
  0x0826, 0x0826, 0x0826, 0x0826, 0x0826, 0x0826, 0x0826, 0x0826, 0x0026, 0x0806, 0x0806, 0x0005,
  0x0005, 0x0006, 0x0005, 0x0005, 0x0005, 0x0005, 0x0005, 0x0005, 0x0005, 0x0005, 0x0005, 0x0005,
  0x0005, 0x0005, 0x0005, 0x0005, 0x0005, 0x0005, 0x0005, 0x0005, 0x18A9, 0x18A9, 0x18C9, 0x18C9,
  0x18C9, 0x18C9, 0x18C9, 0x18CA, 0x18CA, 0x18CA, 0x18CA, 0x18CA, 0x20CA, 0x18CA, 0x18CA, 0x18CA,
  0x18CA, 0x18CA, 0x18CA, 0x18CA, 0x18CA, 0x18CA, 0x20CA, 0x18CA, 0x18CA, 0x18CA, 0x18CA, 0x18C9,
  0x18C9, 0x18C9, 0x18C9, 0x18C9, 0x18C9, 0x18C9, 0x18A9, 0x18A9, 0x18A9, 0x18A9, 0x18A9, 0x18A9,
  0x18A9, 0x1889, 0x1089, 0x1089, 0x1089, 0x1088, 0x1088, 0x1088, 0x1088, 0x1088, 0x1068, 0x1068,
  0x1068, 0x1068, 0x1068, 0x0868, 0x1047, 0x1047, 0x0847, 0x0847, 0x0847, 0x0847, 0x0827, 0x0827,
  0x0827, 0x0827, 0x0827, 0x0827, 0x0827, 0x0826, 0x0826, 0x0826, 0x0826, 0x0826, 0x0026, 0x0026,
  0x0026, 0x0026, 0x0006, 0x0006, 0x0006, 0x0006, 0x0006, 0x0006, 0x0006, 0x0006, 0x0006, 0x0006,
  0x0006, 0x0006, 0x0006, 0x0006, 0x0006, 0x0006, 0x0006, 0x0006, 0x0006, 0x0006, 0x0006, 0x0006,
  0x0006, 0x0806, 0x0806, 0x0806, 0x0806, 0x0806, 0x0806, 0x0826, 0x0826, 0x0826, 0x0826, 0x0826,
  0x0826, 0x9CF4, 0xFFFF, 0xBDD8, 0xBDD8, 0xBDD8, 0x9CF4, 0x0826, 0xFFFF, 0xD69A, 0x0826, 0x736F,
  0xFFFF, 0x9473, 0xBDD8, 0xEF5D, 0x4A2B, 0xFFFF, 0x8C73, 0x1046, 0x0846, 0x1046, 0x4A2C, 0xFFFF,
  0xD69A, 0xFFFF, 0xC639, 0xAD76, 0xFFFF, 0xC639, 0xFFFF, 0x9CF5, 0xFFFF, 0x8411, 0x1067, 0x9473,
  0xFFFF, 0x9CF5, 0xFFFF, 0xAD76, 0x1047, 0x4A2C, 0xFFFF, 0xC639, 0xD69A, 0xFFFF, 0x3169, 0x3169,
  0xFFFF, 0xBDD8, 0x1046, 0x1046, 0x1046, 0x7370, 0xFFFF, 0xD69A, 0xBDD8, 0xBDD8, 0xBDD8, 0x3169,
  0x9CF5, 0xFFFF, 0x7370, 0x1046, 0xD69A, 0xEF5D, 0x9473, 0xFFFF, 0x4A2B, 0xBDD8, 0xEF5D, 0x0846,
  0x1046, 0x0826, 0x0826, 0xEF5D, 0xEF5D, 0x0826, 0x0826, 0x0846, 0x1046, 0xBDD8, 0xFFFF, 0x1046,
  0xD69A, 0xEF5D, 0x1046, 0xF7BE, 0xFFFF, 0xFFFF, 0xFFFF, 0xFFFF, 0xEF5D, 0x1047, 0x1047, 0x1067,
  0x1067, 0x1067, 0x1067, 0x1067, 0x1067, 0x1867, 0x1867, 0x1868, 0x1868, 0x1868, 0x1888, 0x1888,
  0x1888, 0x1888, 0x1888, 0x1888, 0x1888, 0x1888, 0x1888, 0x1888, 0x1888, 0x18A8, 0x18A8, 0x18A9,
  0x18A9, 0x18A9, 0x18A9, 0x20A9, 0x20A9, 0x20A9, 0x20A9, 0x20A9, 0x20A9, 0x20A9, 0x20A9, 0x20A9,
  0x20A9, 0x20A9, 0x20A9, 0x20A9, 0x20A9, 0x20A9, 0x20A9, 0x20A9, 0x18A9, 0x18A9, 0x18A9, 0x18A9,
  0x1888, 0x1888, 0x1888, 0x1888, 0x1888, 0x1888, 0x1888, 0x1888, 0x1888, 0x1888, 0x1888, 0x1888,
  0x1888, 0x1868, 0x1867, 0x1867, 0x1067, 0x1067, 0x1067, 0x1067, 0x1067, 0x1047, 0x1047, 0x1047,
  0x1047, 0x1047, 0x1047, 0x1046, 0x0826, 0x0826, 0x0826, 0x0826, 0x0826, 0x0826, 0x0826, 0x0826,
  0x0826, 0x0826, 0x0826, 0x0826, 0x0806, 0x0806, 0x0806, 0x0805, 0x0005, 0x0005, 0x0005, 0x0005,
  0x0005, 0x0005, 0x0005, 0x0005, 0x0005, 0x0005, 0x0005, 0x0005, 0x0005, 0x0005, 0x0005, 0x0005,
  0x0005, 0x0005, 0x0005, 0x0005, 0x18A9, 0x18A9, 0x18A9, 0x18C9, 0x18C9, 0x18C9, 0x18C9, 0x18C9,
  0x18C9, 0x18C9, 0x18C9, 0x18CA, 0x18CA, 0x18CA, 0x18CA, 0x18CA, 0x18CA, 0x18CA, 0x18CA, 0x18CA,
  0x18CA, 0x18CA, 0x18CA, 0x18CA, 0x18C9, 0x18CA, 0x18C9, 0x18C9, 0x18CA, 0x18C9, 0x18C9, 0x18C9,
  0x18A9, 0x18A9, 0x18A9, 0x18A9, 0x18A9, 0x18A9, 0x18A9, 0x18A9, 0x1889, 0x1089, 0x1089, 0x1089,
  0x1088, 0x1088, 0x1088, 0x1088, 0x1088, 0x1088, 0x1068, 0x1068, 0x1068, 0x1068, 0x1068, 0x1048,
  0x0847, 0x1047, 0x0847, 0x0847, 0x0847, 0x0827, 0x0827, 0x0827, 0x0827, 0x0827, 0x0827, 0x0827,
  0x0827, 0x0826, 0x0826, 0x0826, 0x0826, 0x0026, 0x0806, 0x0026, 0x0026, 0x0026, 0x0006, 0x0006,
  0x0006, 0x0006, 0x0006, 0x0006, 0x0006, 0x0006, 0x0006, 0x0006, 0x0006, 0x0006, 0x0006, 0x0006,
  0x0006, 0x0006, 0x0006, 0x0006, 0x0006, 0x0006, 0x0006, 0x0006, 0x0006, 0x0006, 0x0806, 0x0806,
  0x0806, 0x0806, 0x0806, 0x0826, 0x0826, 0x0826, 0x0026, 0x0826, 0x0826, 0x9CF4, 0xFFFF, 0x422B,
  0x0826, 0x0826, 0x0826, 0x0826, 0xFFFF, 0xD69A, 0x0826, 0x83F1, 0xFFFF, 0x9473, 0xBDD8, 0xEF5D,
  0x4A2B, 0xFFFF, 0x8C73, 0x0846, 0x0846, 0x0846, 0x4A2C, 0xFFFF, 0xBDD8, 0xDEFC, 0xF7BE, 0xF7BE,
  0xEF5D, 0x9CF5, 0xFFFF, 0x9CF5, 0xFFFF, 0x5AEE, 0x1047, 0x7370, 0xFFFF, 0x9CF5, 0xFFFF, 0x9CF5,
  0x1046, 0x1046, 0xFFFF, 0xD69A, 0xD69A, 0xFFFF, 0x1047, 0x1046, 0xFFFF, 0xBDD8, 0x1046, 0x1046,
  0x1046, 0x736F, 0xFFFF, 0x9473, 0x1046, 0x1046, 0x1046, 0x0846, 0x9CF5, 0xFFFF, 0x736F, 0x1046,
  0xDEFC, 0xEF5D, 0x8C73, 0xFFFF, 0x4A2B, 0xBDD8, 0xEF5D, 0x0826, 0x0846, 0x0826, 0x0826, 0xEF5D,
  0xEF5D, 0x0826, 0x0826, 0x0826, 0x1046, 0xBDD8, 0xFFFF, 0x1046, 0xD69A, 0xEF5D, 0x1046, 0xFFFF,
  0xEF5D, 0xBDD8, 0xBDD8, 0xBDD8, 0x9CF5, 0x1047, 0x1047, 0x1067, 0x1067, 0x1067, 0x1067, 0x1067,
  0x1067, 0x1067, 0x1067, 0x1867, 0x1868, 0x1868, 0x1868, 0x1888, 0x1888, 0x1888, 0x1888, 0x1888,
  0x1888, 0x1888, 0x1888, 0x1888, 0x1888, 0x1888, 0x1888, 0x18A8, 0x18A9, 0x18A9, 0x18A9, 0x18A9,
  0x18A9, 0x18A9, 0x20A9, 0x20A9, 0x20A9, 0x20A9, 0x20A9, 0x20A9, 0x20A9, 0x20A9, 0x20A9, 0x20A9,
  0x20A9, 0x20A9, 0x18A9, 0x18A9, 0x18A9, 0x18A9, 0x1889, 0x1889, 0x1889, 0x1889, 0x1888, 0x1888,
  0x1888, 0x1888, 0x1888, 0x1888, 0x1888, 0x1888, 0x1888, 0x1888, 0x1868, 0x1868, 0x1867, 0x1867,
  0x1067, 0x1067, 0x1067, 0x1067, 0x1047, 0x1047, 0x1047, 0x1047, 0x1047, 0x1047, 0x1047, 0x0826,
  0x0826, 0x0826, 0x0826, 0x0826, 0x0826, 0x0826, 0x0826, 0x0826, 0x0826, 0x0826, 0x0826, 0x0826,
  0x0806, 0x0806, 0x0006, 0x0805, 0x0005, 0x0005, 0x0005, 0x0005, 0x0005, 0x0005, 0x0005, 0x0005,
  0x0005, 0x0005, 0x0005, 0x0005, 0x0005, 0x0005, 0x0005, 0x0005, 0x0005, 0x0005, 0x0005, 0x0005,
  0x18A9, 0x18A9, 0x18A9, 0x18A9, 0x18A9, 0x18C9, 0x18C9, 0x18C9, 0x18C9, 0x18CA, 0x18C9, 0x18C9,
  0x18C9, 0x18C9, 0x18CA, 0x18CA, 0x18C9, 0x18C9, 0x18C9, 0x18C9, 0x18CA, 0x18CA, 0x18C9, 0x18C9,
  0x18C9, 0x18CA, 0x18C9, 0x18C9, 0x18C9, 0x18C9, 0x18A9, 0x18A9, 0x18A9, 0x18A9, 0x18A9, 0x18A9,
  0x18A9, 0x18A9, 0x1889, 0x1889, 0x1089, 0x1089, 0x1089, 0x1088, 0x1088, 0x1088, 0x1088, 0x1088,
  0x1088, 0x1068, 0x1068, 0x1068, 0x1068, 0x1068, 0x1068, 0x1047, 0x1047, 0x0847, 0x0847, 0x0847,
  0x0847, 0x0827, 0x0827, 0x0827, 0x0827, 0x0827, 0x0827, 0x0827, 0x0826, 0x0826, 0x0026, 0x0826,
  0x0826, 0x0806, 0x0026, 0x0806, 0x0026, 0x0006, 0x0006, 0x0006, 0x0006, 0x0006, 0x0006, 0x0006,
  0x0006, 0x0006, 0x0006, 0x0006, 0x0006, 0x0006, 0x0006, 0x0006, 0x0006, 0x0006, 0x0006, 0x0006,
  0x0006, 0x0006, 0x0006, 0x0006, 0x0006, 0x0006, 0x0006, 0x0006, 0x0806, 0x0806, 0x0806, 0x0806,
  0x0826, 0x0826, 0x0826, 0x0826, 0x0826, 0x9CF4, 0xFFFF, 0x422B, 0x0826, 0x0826, 0x0826, 0x0826,
  0xEF5D, 0xEF5D, 0x2969, 0xC639, 0xFFFF, 0x9473, 0xBDD8, 0xEF5D, 0x4A2B, 0xFFFF, 0x9473, 0x0846,
  0x0846, 0x0846, 0x4A2B, 0xFFFF, 0xBDD8, 0xAD76, 0xFFFF, 0xFFFF, 0xAD76, 0x9CF5, 0xFFFF, 0x9CF5,
  0xFFFF, 0xBDD8, 0x1046, 0xD69A, 0xFFFF, 0x9CF5, 0xFFFF, 0xDEFC, 0x3169, 0x9CF5, 0xFFFF, 0xAD76,
  0xD69A, 0xFFFF, 0x1046, 0x1046, 0xFFFF, 0xBDD8, 0x1046, 0x1046, 0x1046, 0x736F, 0xFFFF, 0x9473,
  0x1046, 0x0846, 0x0846, 0x0846, 0x9473, 0xFFFF, 0x9CF4, 0x5AED, 0xFFFF, 0xEF5D, 0x8C73, 0xFFFF,
  0x4A2B, 0xBDD8, 0xEF5D, 0x0826, 0x0826, 0x0826, 0x0826, 0xEF5D, 0xEF5D, 0x0826, 0x0826, 0x0826,
  0x0846, 0xBDD8, 0xFFFF, 0x1046, 0xD69A, 0xEF5D, 0x1046, 0xEF5D, 0xFFFF, 0x7370, 0x5AEE, 0xF7BE,
  0xD69A, 0x1047, 0x1047, 0x1067, 0x1067, 0x1067, 0x1067, 0x1067, 0x1067, 0x1067, 0x1067, 0x1067,
  0x1867, 0x1867, 0x1868, 0x1888, 0x1888, 0x1888, 0x1888, 0x1888, 0x1888, 0x1888, 0x1888, 0x1888,
  0x1888, 0x1888, 0x1888, 0x1888, 0x1888, 0x18A8, 0x18A9, 0x18A9, 0x18A9, 0x18A9, 0x18A9, 0x18A9,
  0x18A9, 0x20A9, 0x20A9, 0x20A9, 0x20A9, 0x20A9, 0x20A9, 0x18A9, 0x18A9, 0x18A9, 0x18A9, 0x18A9,
  0x1889, 0x1889, 0x1889, 0x1889, 0x1888, 0x1888, 0x1888, 0x1888, 0x1888, 0x1888, 0x1888, 0x1888,
  0x1888, 0x1888, 0x1888, 0x1868, 0x1868, 0x1868, 0x1867, 0x1067, 0x1067, 0x1067, 0x1067, 0x1067,
  0x1047, 0x1047, 0x1047, 0x1047, 0x1047, 0x1047, 0x1047, 0x1026, 0x1026, 0x0826, 0x0826, 0x0826,
  0x0826, 0x0826, 0x0826, 0x0826, 0x0826, 0x0826, 0x0826, 0x0026, 0x0806, 0x0806, 0x0805, 0x0005,
  0x0005, 0x0005, 0x0005, 0x0005, 0x0005, 0x0005, 0x0005, 0x0005, 0x0005, 0x0005, 0x0005, 0x0005,
  0x0005, 0x0005, 0x0005, 0x0005, 0x0005, 0x0005, 0x0005, 0x0005, 0x18A9, 0x18A9, 0x18A9, 0x18A9,
  0x18A9, 0x18A9, 0x18A9, 0x18C9, 0x18C9, 0x18C9, 0x18C9, 0x18C9, 0x18C9, 0x18CA, 0x18CA, 0x18C9,
  0x18C9, 0x18C9, 0x18C9, 0x18C9, 0x18C9, 0x18CA, 0x18C9, 0x18C9, 0x18C9, 0x18C9, 0x18C9, 0x18C9,
  0x18A9, 0x18A9, 0x18A9, 0x18A9, 0x18A9, 0x18A9, 0x18A9, 0x18A9, 0x18A9, 0x1889, 0x1889, 0x1089,
  0x1089, 0x1089, 0x1088, 0x1088, 0x1088, 0x1088, 0x1088, 0x1088, 0x1068, 0x1068, 0x1068, 0x1068,
  0x1068, 0x0868, 0x0847, 0x1047, 0x0847, 0x0847, 0x0847, 0x0847, 0x0827, 0x0827, 0x0827, 0x0827,
  0x0827, 0x0827, 0x0827, 0x0827, 0x0827, 0x0026, 0x0826, 0x0826, 0x0026, 0x0026, 0x0806, 0x0026,
  0x0006, 0x0006, 0x0006, 0x0006, 0x0006, 0x0006, 0x0006, 0x0006, 0x0006, 0x0006, 0x0006, 0x0006,
  0x0006, 0x0006, 0x0006, 0x0006, 0x0006, 0x0006, 0x0006, 0x0006, 0x0006, 0x0006, 0x0006, 0x0006,
  0x0006, 0x0006, 0x0006, 0x0006, 0x0006, 0x0806, 0x0806, 0x0006, 0x0806, 0x0826, 0x0826, 0x0026,
  0x0826, 0x9CF4, 0xFFFF, 0x422B, 0x0826, 0x0826, 0x0826, 0x0826, 0xD69A, 0xFFFF, 0xFFFF, 0xFFFF,
  0xFFFF, 0x9473, 0xBDD8, 0xEF5D, 0x4A2B, 0xFFFF, 0x9473, 0x0826, 0x0846, 0x0846, 0x4A2B, 0xFFFF,
  0xBDD8, 0x5AED, 0xFFFF, 0xFFFF, 0x8411, 0x9CF5, 0xFFFF, 0x5AED, 0xEF5D, 0xFFFF, 0xFFFF, 0xFFFF,
  0xEF5D, 0x3169, 0xC639, 0xFFFF, 0xFFFF, 0xFFFF, 0xFFFF, 0x5AED, 0xD69A, 0xFFFF, 0x1046, 0x1046,
  0xFFFF, 0xBDD8, 0x1046, 0x1046, 0x1046, 0x736F, 0xFFFF, 0x9473, 0x0846, 0x0846, 0x0846, 0x0846,
  0x736F, 0xFFFF, 0xFFFF, 0xFFFF, 0xFFFF, 0xEF5D, 0x8C73, 0xFFFF, 0x4A2B, 0xBDD8, 0xEF5D, 0x0826,
  0x0826, 0x0826, 0x0826, 0xEF5D, 0xFFFF, 0xFFFF, 0xFFFF, 0xFFFF, 0xD69A, 0xBDD8, 0xFFFF, 0x1046,
  0xD69A, 0xEF5D, 0x0846, 0x9CF5, 0xFFFF, 0xFFFF, 0xFFFF, 0xFFFF, 0x9CF5, 0x1047, 0x1047, 0x1047,
  0x1067, 0x1067, 0x1067, 0x1067, 0x1067, 0x1067, 0x1067, 0x1067, 0x1867, 0x1867, 0x1867, 0x1888,
  0x1888, 0x1888, 0x1888, 0x1888, 0x1888, 0x1888, 0x1888, 0x1888, 0x1888, 0x1888, 0x1888, 0x1888,
  0x1888, 0x1889, 0x1888, 0x1888, 0x18A9, 0x1889, 0x18A9, 0x18A9, 0x18A9, 0x18A9, 0x18A9, 0x18A9,
  0x18A9, 0x18A9, 0x18A9, 0x18A9, 0x18A9, 0x1889, 0x1889, 0x1889, 0x1889, 0x1889, 0x1889, 0x1888,
  0x1888, 0x1888, 0x1888, 0x1888, 0x1888, 0x1888, 0x1888, 0x1888, 0x1888, 0x1888, 0x1888, 0x1888,
  0x1868, 0x1867, 0x1867, 0x1067, 0x1067, 0x1067, 0x1067, 0x1067, 0x1047, 0x1047, 0x1047, 0x1047,
  0x1047, 0x1046, 0x0846, 0x0826, 0x0826, 0x0826, 0x0826, 0x0826, 0x0826, 0x0826, 0x0826, 0x0826,
  0x0826, 0x0826, 0x0826, 0x0806, 0x0806, 0x0805, 0x0805, 0x0005, 0x0005, 0x0005, 0x0005, 0x0005,
  0x0005, 0x0005, 0x0005, 0x0005, 0x0005, 0x0005, 0x0005, 0x0005, 0x0005, 0x0005, 0x0005, 0x0005,
  0x0005, 0x0005, 0x0005, 0x0005, 0x18A9, 0x18A9, 0x18A9, 0x18A9, 0x18A9, 0x18A9, 0x18A9, 0x18A9,
  0x18A9, 0x18A9, 0x18C9, 0x18C9, 0x18C9, 0x18C9, 0x18C9, 0x18C9, 0x18C9, 0x18C9, 0x18C9, 0x18C9,
  0x18C9, 0x18C9, 0x18C9, 0x18C9, 0x18C9, 0x18A9, 0x18A9, 0x18A9, 0x18A9, 0x18A9, 0x18A9, 0x18A9,
  0x18A9, 0x18A9, 0x18A9, 0x18A9, 0x1889, 0x1889, 0x1089, 0x1089, 0x1089, 0x1088, 0x1088, 0x1088,
  0x1088, 0x1068, 0x1068, 0x1068, 0x1068, 0x1068, 0x1068, 0x1068, 0x0868, 0x1047, 0x0847, 0x0847,
  0x0847, 0x0847, 0x0847, 0x0827, 0x0827, 0x0827, 0x0827, 0x0827, 0x0827, 0x0827, 0x0827, 0x0826,
  0x0826, 0x0826, 0x0826, 0x0026, 0x0806, 0x0806, 0x0026, 0x0026, 0x0006, 0x0006, 0x0006, 0x0006,
  0x0006, 0x0006, 0x0006, 0x0006, 0x0006, 0x0006, 0x0006, 0x0006, 0x0006, 0x0006, 0x0006, 0x0006,
  0x0006, 0x0006, 0x0006, 0x0006, 0x0006, 0x0006, 0x0006, 0x0006, 0x0006, 0x0006, 0x0006, 0x0006,
  0x0006, 0x0806, 0x0006, 0x0806, 0x0006, 0x0826, 0x0026, 0x0826, 0x0026, 0x6B6F, 0xBDD7, 0x2949,
  0x0826, 0x0826, 0x0826, 0x0826, 0x0826, 0xAD76, 0xBDD8, 0x9CF4, 0xBDD8, 0x5ACD, 0x9473, 0x9CF4,
  0x3169, 0xBDD8, 0x5AED, 0x0826, 0x0826, 0x0826, 0x3169, 0xBDD8, 0x8C73, 0x1046, 0xAD76, 0xAD76,
  0x0846, 0x736F, 0xBDD8, 0x3169, 0x3169, 0xBDD8, 0xBDD8, 0xAD76, 0x1046, 0x1046, 0x1046, 0x9CF5,
  0xBDD8, 0xBDD8, 0x4A2B, 0x1046, 0x9CF5, 0xAD76, 0x1046, 0x1046, 0xAD76, 0x9473, 0x1046, 0x1046,
  0x1046, 0x4A2B, 0xBDD8, 0x5AED, 0x0846, 0x0846, 0x0846, 0x0846, 0x0846, 0x736F, 0xBDD8, 0xBDD8,
  0x9CF4, 0x9CF4, 0x5AED, 0xBDD8, 0x3169, 0x9473, 0x9CF4, 0x0826, 0x0826, 0x0826, 0x0846, 0x9CF4,
  0xBDD8, 0xBDD8, 0xBDD8, 0xBDD8, 0x9CF4, 0x9473, 0xAD76, 0x1046, 0x9CF5, 0x9CF5, 0x0846, 0x0846,
  0x7370, 0xBDD8, 0xBDD8, 0x7370, 0x1047, 0x1047, 0x1047, 0x1047, 0x1047, 0x1047, 0x1047, 0x1067,
  0x1067, 0x1067, 0x1067, 0x1867, 0x1867, 0x1867, 0x1867, 0x1888, 0x1888, 0x1888, 0x1888, 0x1888,
  0x1888, 0x1888, 0x1888, 0x1888, 0x1888, 0x1888, 0x1888, 0x1888, 0x1888, 0x1888, 0x1889, 0x1889,
  0x1889, 0x1889, 0x1889, 0x1889, 0x1889, 0x1889, 0x1889, 0x1889, 0x18A9, 0x1889, 0x1889, 0x1889,
  0x1889, 0x1889, 0x1889, 0x1889, 0x1888, 0x1888, 0x1888, 0x1888, 0x1888, 0x1888, 0x1888, 0x1888,
  0x1888, 0x1888, 0x1888, 0x1888, 0x1888, 0x1888, 0x1888, 0x1888, 0x1867, 0x1867, 0x1067, 0x1067,
  0x1067, 0x1067, 0x1067, 0x1067, 0x1047, 0x1047, 0x1047, 0x1047, 0x1047, 0x1046, 0x1046, 0x0826,
  0x0826, 0x0826, 0x0826, 0x0826, 0x0826, 0x0826, 0x0826, 0x0826, 0x0826, 0x0826, 0x0826, 0x0826,
  0x0806, 0x0805, 0x0005, 0x0005, 0x0005, 0x0005, 0x0005, 0x0005, 0x0005, 0x0005, 0x0005, 0x0005,
  0x0005, 0x0005, 0x0005, 0x0005, 0x0005, 0x0005, 0x0005, 0x0005, 0x0005, 0x0005, 0x0005, 0x0005,
  0x1889, 0x18A9, 0x18A9, 0x18A9, 0x18A9, 0x18A9, 0x18A9, 0x18A9, 0x18A9, 0x18A9, 0x18A9, 0x18A9,
  0x18A9, 0x18A9, 0x18A9, 0x18A9, 0x18C9, 0x18C9, 0x18C9, 0x18C9, 0x18A9, 0x18A9, 0x18A9, 0x18A9,
  0x18A9, 0x18A9, 0x18A9, 0x18A9, 0x18A9, 0x18A9, 0x18A9, 0x18A9, 0x18A9, 0x18A9, 0x1889, 0x1889,
  0x10A9, 0x1889, 0x1889, 0x1089, 0x1088, 0x1088, 0x1088, 0x1088, 0x1068, 0x1068, 0x1068, 0x1068,
  0x1068, 0x1068, 0x1068, 0x0868, 0x0868, 0x0848, 0x1047, 0x0847, 0x0847, 0x0847, 0x0847, 0x0827,
  0x0827, 0x0827, 0x0827, 0x0827, 0x0827, 0x0827, 0x0826, 0x0827, 0x0826, 0x0026, 0x0826, 0x0806,
  0x0806, 0x0026, 0x0026, 0x0006, 0x0006, 0x0006, 0x0006, 0x0006, 0x0006, 0x0006, 0x0006, 0x0006,
  0x0006, 0x0006, 0x0006, 0x0006, 0x0006, 0x0006, 0x0006, 0x0006, 0x0006, 0x0006, 0x0006, 0x0006,
  0x0006, 0x0006, 0x0006, 0x0006, 0x0006, 0x0006, 0x0006, 0x0006, 0x0006, 0x0006, 0x0006, 0x0806,
  0x0006, 0x0806, 0x0026, 0x0826, 0x0026, 0x0826, 0x0826, 0x0826, 0x0826, 0x0826, 0x0826, 0x0826,
  0x0826, 0x0826, 0x0826, 0x0826, 0x0826, 0x0826, 0x0826, 0x0826, 0x0826, 0x0826, 0x0826, 0x0826,
  0x0826, 0x0826, 0x0846, 0x0826, 0x0846, 0x0846, 0x0846, 0x0846, 0x0846, 0x0846, 0x0846, 0x1046,
  0x1046, 0x0846, 0x0846, 0x1046, 0x1046, 0x1046, 0x1046, 0x1046, 0x1046, 0x1046, 0x1046, 0x1046,
  0x1046, 0x0846, 0x1046, 0x1046, 0x1046, 0x1046, 0x1046, 0x0846, 0x0846, 0x0846, 0x0846, 0x0846,
  0x0846, 0x0846, 0x0846, 0x0846, 0x0846, 0x0826, 0x0846, 0x0846, 0x0826, 0x0846, 0x0826, 0x0826,
  0x0826, 0x0826, 0x0826, 0x0826, 0x0826, 0x0826, 0x0846, 0x0826, 0x0826, 0x0826, 0x0826, 0x0826,
  0x0826, 0x0826, 0x0826, 0x0826, 0x0846, 0x0846, 0x0846, 0x0846, 0x0846, 0x1046, 0x1046, 0x1047,
  0x1047, 0x1047, 0x1047, 0x1047, 0x1047, 0x1047, 0x1047, 0x1067, 0x1067, 0x1067, 0x1067, 0x1067,
  0x1067, 0x1067, 0x1867, 0x1867, 0x1888, 0x1888, 0x1888, 0x1888, 0x1888, 0x1888, 0x1888, 0x1888,
  0x1888, 0x1888, 0x1888, 0x1888, 0x1888, 0x1888, 0x1888, 0x1888, 0x1888, 0x1889, 0x1889, 0x1889,
  0x1889, 0x1889, 0x1889, 0x1889, 0x1889, 0x1889, 0x1889, 0x1889, 0x1889, 0x1888, 0x1888, 0x1888,
  0x1888, 0x1888, 0x1888, 0x1888, 0x1888, 0x1888, 0x1888, 0x1888, 0x1888, 0x1888, 0x1888, 0x1888,
  0x1888, 0x1888, 0x1888, 0x1868, 0x1067, 0x1067, 0x1067, 0x1067, 0x1067, 0x1067, 0x1067, 0x1047,
  0x1047, 0x1047, 0x1047, 0x1047, 0x1047, 0x1046, 0x1026, 0x0846, 0x0826, 0x0826, 0x0826, 0x0826,
  0x0826, 0x0826, 0x0826, 0x0826, 0x0826, 0x0826, 0x0826, 0x0826, 0x0025, 0x0806, 0x0005, 0x0005,
  0x0005, 0x0005, 0x0005, 0x0005, 0x0005, 0x0005, 0x0005, 0x0005, 0x0005, 0x0005, 0x0005, 0x0005,
  0x0005, 0x0005, 0x0005, 0x0005, 0x0005, 0x0005, 0x0005, 0x0005, 0x10A9, 0x1889, 0x1889, 0x18A9,
  0x18A9, 0x18A9, 0x18A9, 0x18A9, 0x18A9, 0x18A9, 0x18A9, 0x18A9, 0x18A9, 0x18A9, 0x18A9, 0x18A9,
  0x18A9, 0x18A9, 0x18A9, 0x18A9, 0x18A9, 0x18A9, 0x18A9, 0x18A9, 0x18A9, 0x18A9, 0x18A9, 0x18A9,
  0x18A9, 0x18A9, 0x18A9, 0x18A9, 0x18A9, 0x1889, 0x1889, 0x1089, 0x1089, 0x1089, 0x1089, 0x1088,
  0x1088, 0x1088, 0x1088, 0x1088, 0x1068, 0x1068, 0x1068, 0x1068, 0x1068, 0x1068, 0x0868, 0x1068,
  0x1047, 0x1047, 0x0847, 0x0847, 0x0847, 0x0847, 0x0827, 0x0827, 0x0827, 0x0827, 0x0827, 0x0827,
  0x0827, 0x0827, 0x0827, 0x0026, 0x0026, 0x0826, 0x0026, 0x0806, 0x0026, 0x0026, 0x0006, 0x0006,
  0x0006, 0x0006, 0x0006, 0x0006, 0x0006, 0x0006, 0x0006, 0x0006, 0x0006, 0x0006, 0x0006, 0x0006,
  0x0006, 0x0006, 0x0006, 0x0006, 0x0006, 0x0006, 0x0006, 0x0006, 0x0006, 0x0006, 0x0006, 0x0006,
  0x0006, 0x0006, 0x0006, 0x0006, 0x0006, 0x0006, 0x0006, 0x0006, 0x0006, 0x0806, 0x0806, 0x0026,
  0x0026, 0x0026, 0x0826, 0x0826, 0x0826, 0x0826, 0x0826, 0x0826, 0x0826, 0x0826, 0x0826, 0x0826,
  0x0826, 0x0826, 0x0826, 0x0826, 0x0826, 0x0826, 0x0826, 0x0826, 0x0826, 0x0826, 0x0826, 0x0846,
  0x0826, 0x0826, 0x0846, 0x0846, 0x1046, 0x0846, 0x0846, 0x0846, 0x0846, 0x0846, 0x1046, 0x1046,
  0x1046, 0x0846, 0x0846, 0x0846, 0x0846, 0x0846, 0x0846, 0x0846, 0x0846, 0x0846, 0x1046, 0x1046,
  0x0846, 0x0846, 0x0846, 0x0846, 0x0846, 0x0846, 0x0846, 0x0846, 0x0846, 0x0846, 0x0846, 0x0846,
  0x0826, 0x0846, 0x0846, 0x0826, 0x0826, 0x0826, 0x0826, 0x0826, 0x0826, 0x0846, 0x0826, 0x0826,
  0x0826, 0x0846, 0x0826, 0x0826, 0x0826, 0x0826, 0x0826, 0x0826, 0x0826, 0x0826, 0x0826, 0x0826,
  0x0846, 0x0846, 0x0846, 0x0846, 0x1046, 0x1046, 0x1046, 0x1046, 0x1046, 0x1046, 0x1047, 0x1047,
  0x1047, 0x1047, 0x1047, 0x1067, 0x1067, 0x1067, 0x1067, 0x1067, 0x1067, 0x1067, 0x1067, 0x1867,
  0x1867, 0x1868, 0x1888, 0x1888, 0x1888, 0x1888, 0x1888, 0x1888, 0x1888, 0x1888, 0x1888, 0x1888,
  0x1888, 0x1888, 0x1888, 0x1888, 0x1888, 0x1888, 0x1888, 0x1888, 0x1888, 0x1888, 0x1889, 0x1888,
  0x1888, 0x1888, 0x1888, 0x1888, 0x1888, 0x1888, 0x1888, 0x1888, 0x1888, 0x1888, 0x1888, 0x1888,
  0x1888, 0x1888, 0x1888, 0x1888, 0x1888, 0x1888, 0x1888, 0x1888, 0x1888, 0x1888, 0x1868, 0x1868,
  0x1067, 0x1067, 0x1067, 0x1067, 0x1067, 0x1047, 0x1047, 0x1047, 0x1047, 0x1047, 0x1047, 0x1047,
  0x0846, 0x1026, 0x0826, 0x0826, 0x0826, 0x0826, 0x0826, 0x0826, 0x0826, 0x0826, 0x0826, 0x0826,
  0x0826, 0x0826, 0x0826, 0x0025, 0x0805, 0x0805, 0x0005, 0x0005, 0x0005, 0x0005, 0x0005, 0x0005,
  0x0005, 0x0005, 0x0005, 0x0005, 0x0005, 0x0005, 0x0005, 0x0005, 0x0005, 0x0005, 0x0005, 0x0005,
  0x0005, 0x0005, 0x0005, 0x0005, 0x1089, 0x1889, 0x18A9, 0x1889, 0x1889, 0x18A9, 0x18A9, 0x18A9,
  0x18A9, 0x18A9, 0x18A9, 0x18A9, 0x18A9, 0x18A9, 0x18A9, 0x18A9, 0x18A9, 0x18A9, 0x18A9, 0x18A9,
  0x18A9, 0x18A9, 0x18A9, 0x18A9, 0x18A9, 0x18A9, 0x18A9, 0x18A9, 0x18A9, 0x18A9, 0x1889, 0x1889,
  0x1889, 0x1089, 0x1089, 0x1889, 0x1089, 0x1088, 0x1089, 0x1088, 0x1088, 0x1088, 0x1088, 0x1088,
  0x1068, 0x1068, 0x1068, 0x1068, 0x1068, 0x0868, 0x1068, 0x1047, 0x1047, 0x0847, 0x0847, 0x0847,
  0x0847, 0x0827, 0x0827, 0x0827, 0x0827, 0x0827, 0x0827, 0x0827, 0x0827, 0x0827, 0x0826, 0x0026,
  0x0826, 0x0026, 0x0806, 0x0026, 0x0026, 0x0006, 0x0006, 0x0006, 0x0006, 0x0006, 0x0006, 0x0006,
  0x0006, 0x0006, 0x0006, 0x0006, 0x0006, 0x0006, 0x0006, 0x0006, 0x0006, 0x0006, 0x0006, 0x0006,
  0x0006, 0x0006, 0x0006, 0x0006, 0x0006, 0x0006, 0x0006, 0x0006, 0x0006, 0x0006, 0x0006, 0x0006,
  0x0006, 0x0006, 0x0006, 0x0006, 0x0006, 0x0006, 0x0806, 0x0026, 0x0026, 0x0026, 0x0026, 0x0826,
  0x0826, 0x0826, 0x0826, 0x0826, 0x0826, 0x0826, 0x0826, 0x0826, 0x0826, 0x0826, 0x0826, 0x0826,
  0x0826, 0x0826, 0x0826, 0x0826, 0x0826, 0x0826, 0x0826, 0x0826, 0x0826, 0x0826, 0x0826, 0x0826,
  0x0846, 0x0846, 0x0846, 0x0846, 0x0846, 0x0846, 0x0846, 0x0846, 0x0846, 0x0846, 0x0846, 0x0846,
  0x0846, 0x0846, 0x0846, 0x0846, 0x0846, 0x0846, 0x0846, 0x0846, 0x0846, 0x0846, 0x0846, 0x0846,
  0x0846, 0x0846, 0x0846, 0x0846, 0x0846, 0x0846, 0x0846, 0x0826, 0x0846, 0x0826, 0x0826, 0x0826,
  0x0826, 0x0826, 0x0826, 0x0826, 0x0846, 0x0826, 0x0826, 0x0826, 0x0826, 0x0826, 0x0826, 0x0826,
  0x0826, 0x0826, 0x0826, 0x0826, 0x0826, 0x0826, 0x0826, 0x0826, 0x0826, 0x0846, 0x0846, 0x0846,
  0x0846, 0x1046, 0x1046, 0x1046, 0x1046, 0x1046, 0x1047, 0x1047, 0x1047, 0x1047, 0x1047, 0x1067,
  0x1047, 0x1047, 0x1067, 0x1067, 0x1067, 0x1067, 0x1067, 0x1067, 0x1867, 0x1867, 0x1867, 0x1868,
  0x1888, 0x1888, 0x1888, 0x1888, 0x1888, 0x1888, 0x1888, 0x1888, 0x1888, 0x1888, 0x1888, 0x1888,
  0x1888, 0x1888, 0x1888, 0x1888, 0x1888, 0x1888, 0x1888, 0x1888, 0x1888, 0x1888, 0x1888, 0x1888,
  0x1888, 0x1888, 0x1888, 0x1888, 0x1888, 0x1888, 0x1888, 0x1888, 0x1888, 0x1888, 0x1888, 0x1888,
  0x1888, 0x1888, 0x1888, 0x1888, 0x1868, 0x1868, 0x1867, 0x1867, 0x1067, 0x1067, 0x1067, 0x1067,
  0x1047, 0x1047, 0x1047, 0x1047, 0x1047, 0x1047, 0x1046, 0x1046, 0x0846, 0x0846, 0x0826, 0x0826,
  0x0826, 0x0826, 0x0826, 0x0826, 0x0826, 0x0826, 0x0826, 0x0826, 0x0826, 0x0826, 0x0025, 0x0025,
  0x0805, 0x0805, 0x0005, 0x0005, 0x0005, 0x0005, 0x0005, 0x0005, 0x0005, 0x0005, 0x0005, 0x0005,
  0x0005, 0x0005, 0x0005, 0x0005, 0x0005, 0x0005, 0x0005, 0x0005, 0x0005, 0x0005, 0x0005, 0x0005,
  0x1089, 0x1889, 0x1089, 0x1889, 0x18A9, 0x1889, 0x1889, 0x1889, 0x18A9, 0x18A9, 0x18A9, 0x18A9,
  0x18A9, 0x18A9, 0x18A9, 0x18A9, 0x18A9, 0x18A9, 0x18A9, 0x18A9, 0x18A9, 0x18A9, 0x18A9, 0x18A9,
  0x18A9, 0x18A9, 0x18A9, 0x18A9, 0x1889, 0x1889, 0x1889, 0x1089, 0x1889, 0x1089, 0x1089, 0x1089,
  0x1088, 0x1088, 0x1088, 0x1088, 0x1088, 0x1088, 0x1088, 0x1068, 0x1068, 0x1068, 0x1068, 0x1068,
  0x0868, 0x1068, 0x1047, 0x1047, 0x0847, 0x0847, 0x0847, 0x0847, 0x0827, 0x0827, 0x0827, 0x0827,
  0x0827, 0x0827, 0x0827, 0x0827, 0x0827, 0x0827, 0x0826, 0x0826, 0x0826, 0x0806, 0x0806, 0x0026,
  0x0026, 0x0006, 0x0006, 0x0006, 0x0006, 0x0006, 0x0006, 0x0006, 0x0006, 0x0006, 0x0006, 0x0006,
  0x0006, 0x0006, 0x0006, 0x0006, 0x0006, 0x0006, 0x0006, 0x0006, 0x0006, 0x0006, 0x0006, 0x0006,
  0x0006, 0x0006, 0x0006, 0x0006, 0x0006, 0x0006, 0x0006, 0x0006, 0x0006, 0x0006, 0x0006, 0x0006,
  0x0006, 0x0006, 0x0006, 0x0806, 0x0026, 0x0026, 0x0026, 0x0826, 0x0826, 0x0826, 0x0826, 0x0026,
  0x0826, 0x0826, 0x0826, 0x0826, 0x0826, 0x0826, 0x0826, 0x0826, 0x0826, 0x0826, 0x0826, 0x0826,
  0x0826, 0x0826, 0x0826, 0x0826, 0x0826, 0x0826, 0x0826, 0x0826, 0x0826, 0x0826, 0x0846, 0x0846,
  0x0846, 0x0846, 0x0846, 0x0846, 0x0846, 0x0846, 0x0846, 0x0846, 0x0846, 0x0846, 0x0846, 0x0846,
  0x0846, 0x0846, 0x0846, 0x0846, 0x0846, 0x0846, 0x0846, 0x0846, 0x0846, 0x0846, 0x0846, 0x0846,
  0x0846, 0x0846, 0x0846, 0x0826, 0x0826, 0x0826, 0x0826, 0x0826, 0x0826, 0x0826, 0x0826, 0x0846,
  0x0826, 0x0826, 0x0826, 0x0826, 0x0826, 0x0826, 0x0826, 0x0826, 0x0826, 0x0826, 0x0826, 0x0826,
  0x0826, 0x0826, 0x0826, 0x0826, 0x0826, 0x0826, 0x0846, 0x0846, 0x0846, 0x1046, 0x1046, 0x1046,
  0x1046, 0x1046, 0x1047, 0x1047, 0x1047, 0x1047, 0x1047, 0x1067, 0x1047, 0x1047, 0x1067, 0x1067,
  0x1067, 0x1067, 0x1067, 0x1867, 0x1868, 0x1868, 0x1868, 0x1868, 0x1868, 0x1888, 0x1888, 0x1888,
  0x1888, 0x1888, 0x1888, 0x1888, 0x1888, 0x1888, 0x1888, 0x1888, 0x1888, 0x1888, 0x1888, 0x1888,
  0x1888, 0x1888, 0x1888, 0x1888, 0x1888, 0x1888, 0x1888, 0x1888, 0x1888, 0x1888, 0x1888, 0x1888,
  0x1888, 0x1888, 0x1888, 0x1888, 0x1888, 0x1888, 0x1888, 0x1888, 0x1888, 0x1888, 0x1888, 0x1868,
  0x1868, 0x1867, 0x1867, 0x1067, 0x1067, 0x1067, 0x1067, 0x1067, 0x1047, 0x1047, 0x1047, 0x1047,
  0x1047, 0x1047, 0x1046, 0x1046, 0x1046, 0x0846, 0x0826, 0x0826, 0x0826, 0x0826, 0x0826, 0x0826,
  0x0826, 0x0826, 0x0826, 0x0826, 0x0826, 0x0826, 0x0825, 0x0025, 0x0805, 0x0005, 0x0805, 0x0005,
  0x0005, 0x0005, 0x0005, 0x0005, 0x0005, 0x0005, 0x0005, 0x0005, 0x0005, 0x0005, 0x0005, 0x0005,
  0x0005, 0x0005, 0x0005, 0x0005, 0x0005, 0x0005, 0x0005, 0x0005, 0x1089, 0x1088, 0x1089, 0x1889,
  0x1089, 0x1889, 0x1089, 0x1889, 0x1889, 0x1889, 0x1889, 0x18A9, 0x18A9, 0x18A9, 0x18A9, 0x18A9,
  0x18A9, 0x18A9, 0x18A9, 0x18A9, 0x18A9, 0x18A9, 0x18A9, 0x18A9, 0x1889, 0x1889, 0x1889, 0x1889,
  0x10A9, 0x1089, 0x1089, 0x1089, 0x1089, 0x1089, 0x1088, 0x1088, 0x1088, 0x1088, 0x1088, 0x1068,
  0x1068, 0x1088, 0x1068, 0x1068, 0x1068, 0x1068, 0x1068, 0x0868, 0x1068, 0x1047, 0x1047, 0x0847,
  0x0847, 0x0847, 0x0847, 0x0847, 0x0827, 0x0827, 0x0827, 0x0827, 0x0827, 0x0827, 0x0827, 0x0827,
  0x0827, 0x0826, 0x0826, 0x0826, 0x0026, 0x0806, 0x0026, 0x0006, 0x0006, 0x0006, 0x0006, 0x0006,
  0x0006, 0x0006, 0x0006, 0x0006, 0x0006, 0x0006, 0x0006, 0x0006, 0x0006, 0x0006, 0x0006, 0x0006,
  0x0006, 0x0006, 0x0006, 0x0006, 0x0006, 0x0006, 0x0006, 0x0006, 0x0006, 0x0006, 0x0005, 0x0006,
  0x0006, 0x0005, 0x0006, 0x0006, 0x0006, 0x0006, 0x0006, 0x0006, 0x0006, 0x0006, 0x0006, 0x0006,
  0x0806, 0x0026, 0x0026, 0x0806, 0x0826, 0x0806, 0x0826, 0x0826, 0x0826, 0x0826, 0x0826, 0x0826,
  0x0826, 0x0826, 0x0826, 0x0826, 0x0826, 0x0826, 0x0826, 0x0826, 0x0826, 0x0826, 0x0826, 0x0826,
  0x0826, 0x0826, 0x0826, 0x0826, 0x0826, 0x0826, 0x0826, 0x0826, 0x0826, 0x0846, 0x0846, 0x0846,
  0x0846, 0x0846, 0x0846, 0x0846, 0x0846, 0x0846, 0x0846, 0x0846, 0x0846, 0x0846, 0x0846, 0x0846,
  0x0826, 0x0826, 0x0826, 0x0846, 0x0846, 0x0846, 0x0846, 0x0846, 0x0826, 0x0826, 0x0826, 0x0826,
  0x0826, 0x0826, 0x0826, 0x0826, 0x0826, 0x0826, 0x0826, 0x0826, 0x0826, 0x0826, 0x0826, 0x0826,
  0x0826, 0x0826, 0x0826, 0x0826, 0x0826, 0x0826, 0x0826, 0x0826, 0x0826, 0x0826, 0x0826, 0x0826,
  0x0826, 0x0826, 0x0846, 0x0846, 0x0846, 0x0846, 0x1046, 0x0846, 0x0846, 0x1046, 0x1046, 0x1047,
  0x1047, 0x1047, 0x1047, 0x1047, 0x1047, 0x1047, 0x1047, 0x1047, 0x1067, 0x1067, 0x1067, 0x1067,
  0x1867, 0x1867, 0x1867, 0x1867, 0x1868, 0x1888, 0x1888, 0x1888, 0x1888, 0x1888, 0x1888, 0x1888,
  0x1888, 0x1888, 0x1888, 0x1888, 0x1888, 0x1888, 0x1888, 0x1888, 0x1888, 0x1888, 0x1888, 0x1888,
  0x1888, 0x1888, 0x1888, 0x1888, 0x1888, 0x1888, 0x1888, 0x1888, 0x1888, 0x1888, 0x1888, 0x1888,
  0x1888, 0x1888, 0x1888, 0x1888, 0x1888, 0x1888, 0x1888, 0x1867, 0x1867, 0x1867, 0x1067, 0x1067,
  0x1067, 0x1067, 0x1067, 0x1067, 0x1067, 0x1047, 0x1047, 0x1047, 0x1047, 0x1047, 0x1046, 0x1046,
  0x1046, 0x0846, 0x0826, 0x0826, 0x0826, 0x0826, 0x0826, 0x0826, 0x0826, 0x0826, 0x0826, 0x0826,
  0x0826, 0x0025, 0x0805, 0x0805, 0x0805, 0x0005, 0x0005, 0x0005, 0x0005, 0x0005, 0x0005, 0x0005,
  0x0005, 0x0005, 0x0005, 0x0005, 0x0005, 0x0005, 0x0005, 0x0005, 0x0005, 0x0005, 0x0005, 0x0005,
  0x0005, 0x0005, 0x0005, 0x0005, 0x1088, 0x1088, 0x1089, 0x1088, 0x1089, 0x1089, 0x1089, 0x1089,
  0x1889, 0x1089, 0x10A9, 0x1889, 0x1889, 0x1889, 0x1889, 0x1889, 0x1889, 0x1889, 0x1889, 0x1889,
  0x1889, 0x1889, 0x1889, 0x1889, 0x1889, 0x10A9, 0x1089, 0x1889, 0x1089, 0x1889, 0x1089, 0x1089,
  0x1088, 0x1088, 0x1088, 0x1088, 0x1088, 0x1088, 0x1088, 0x1088, 0x1068, 0x1068, 0x1068, 0x1068,
  0x1068, 0x1068, 0x0868, 0x1068, 0x1047, 0x1047, 0x0847, 0x0847, 0x0847, 0x0847, 0x0847, 0x0827,
  0x0827, 0x0827, 0x0827, 0x0827, 0x0827, 0x0827, 0x0827, 0x0827, 0x0826, 0x0026, 0x0826, 0x0026,
  0x0806, 0x0026, 0x0006, 0x0006, 0x0006, 0x0006, 0x0006, 0x0006, 0x0006, 0x0006, 0x0006, 0x0006,
  0x0006, 0x0006, 0x0006, 0x0006, 0x0006, 0x0006, 0x0006, 0x0006, 0x0006, 0x0006, 0x0006, 0x0006,
  0x0006, 0x0006, 0x0005, 0x0006, 0x0006, 0x0006, 0x0006, 0x0006, 0x0006, 0x0006, 0x0006, 0x0006,
  0x0006, 0x0006, 0x0006, 0x0006, 0x0006, 0x0006, 0x0006, 0x0006, 0x0806, 0x0806, 0x0026, 0x0026,
  0x0806, 0x0826, 0x0806, 0x0826, 0x0026, 0x0826, 0x0826, 0x0826, 0x0826, 0x0826, 0x0826, 0x0826,
  0x0826, 0x0826, 0x0826, 0x0826, 0x0826, 0x0826, 0x0826, 0x0826, 0x0826, 0x0826, 0x0826, 0x0826,
  0x0826, 0x0826, 0x0826, 0x0826, 0x0826, 0x0826, 0x0826, 0x0826, 0x0826, 0x0826, 0x0826, 0x0846,
  0x0846, 0x0846, 0x0846, 0x0826, 0x0826, 0x0826, 0x0826, 0x0826, 0x0826, 0x0826, 0x0826, 0x0846,
  0x0846, 0x0846, 0x0826, 0x0826, 0x0826, 0x0826, 0x0826, 0x0826, 0x0826, 0x0826, 0x0826, 0x0826,
  0x0826, 0x0826, 0x0826, 0x0826, 0x0826, 0x0826, 0x0826, 0x0826, 0x0826, 0x0826, 0x0826, 0x0826,
  0x0826, 0x0826, 0x0826, 0x0826, 0x0826, 0x0826, 0x0826, 0x0826, 0x0826, 0x0826, 0x0826, 0x0846,
  0x0826, 0x0826, 0x0846, 0x0826, 0x0846, 0x1046, 0x1046, 0x1047, 0x1047, 0x1047, 0x1047, 0x1047,
  0x1047, 0x1047, 0x1047, 0x1047, 0x1067, 0x1067, 0x1067, 0x1067, 0x1067, 0x1867, 0x1067, 0x1867,
  0x1867, 0x1888, 0x1888, 0x1888, 0x1888, 0x1888, 0x1888, 0x1888, 0x1888, 0x1888, 0x1888, 0x1888,
  0x1888, 0x1888, 0x1888, 0x1888, 0x1888, 0x1888, 0x1888, 0x1888, 0x1888, 0x1888, 0x1888, 0x1888,
  0x1888, 0x1888, 0x1888, 0x1888, 0x1888, 0x1888, 0x1888, 0x1888, 0x1888, 0x1888, 0x1888, 0x1888,
  0x1888, 0x1068, 0x1067, 0x1067, 0x1067, 0x1067, 0x1067, 0x1067, 0x1067, 0x1067, 0x1067, 0x1067,
  0x1067, 0x1047, 0x1047, 0x1047, 0x1047, 0x1047, 0x1046, 0x1026, 0x0826, 0x0826, 0x0826, 0x0826,
  0x0826, 0x0826, 0x0826, 0x0826, 0x0826, 0x0826, 0x0825, 0x0826, 0x0825, 0x0026, 0x0805, 0x0805,
  0x0805, 0x0805, 0x0005, 0x0005, 0x0005, 0x0005, 0x0005, 0x0005, 0x0005, 0x0005, 0x0005, 0x0005,
  0x0005, 0x0005, 0x0005, 0x0005, 0x0005, 0x0005, 0x0005, 0x0005, 0x0005, 0x0005, 0x0005, 0x0005,
  0x1088, 0x1088, 0x1088, 0x1088, 0x1089, 0x1088, 0x1089, 0x1089, 0x1089, 0x1889, 0x1089, 0x1089,
  0x1889, 0x1889, 0x1089, 0x1089, 0x1089, 0x1089, 0x1089, 0x1089, 0x1089, 0x1889, 0x1889, 0x1089,
  0x1089, 0x1089, 0x1889, 0x1089, 0x1089, 0x1088, 0x1088, 0x1088, 0x1088, 0x1088, 0x1088, 0x1088,
  0x1088, 0x1068, 0x1088, 0x1068, 0x1068, 0x1068, 0x1068, 0x1068, 0x1068, 0x0868, 0x0868, 0x1047,
  0x1047, 0x0847, 0x0847, 0x0847, 0x0847, 0x0847, 0x0827, 0x0827, 0x0827, 0x0827, 0x0827, 0x0827,
  0x0827, 0x0827, 0x0827, 0x0826, 0x0026, 0x0826, 0x0826, 0x0806, 0x0026, 0x0806, 0x0006, 0x0006,
  0x0006, 0x0006, 0x0006, 0x0006, 0x0006, 0x0006, 0x0006, 0x0006, 0x0006, 0x0006, 0x0006, 0x0006,
  0x0006, 0x0006, 0x0006, 0x0006, 0x0006, 0x0006, 0x0006, 0x0006, 0x0006, 0x0006, 0x0006, 0x0005,
  0x0006, 0x0006, 0x0005, 0x0005, 0x0006, 0x0006, 0x0005, 0x0006, 0x0006, 0x0006, 0x0006, 0x0006,
  0x0006, 0x0006, 0x0006, 0x0006, 0x0006, 0x0806, 0x0806, 0x0026, 0x0806, 0x0026, 0x0826, 0x0806,
  0x0826, 0x0026, 0x0826, 0x0826, 0x0826, 0x0826, 0x0826, 0x0826, 0x0826, 0x0826, 0x0826, 0x0826,
  0x0826, 0x0826, 0x0826, 0x0826, 0x0826, 0x0826, 0x0826, 0x0826, 0x0826, 0x0826, 0x0826, 0x0826,
  0x0826, 0x0826, 0x0826, 0x0826, 0x0826, 0x0826, 0x0826, 0x0826, 0x0826, 0x0826, 0x0826, 0x0826,
  0x0826, 0x0826, 0x0826, 0x0826, 0x0826, 0x0826, 0x0826, 0x0826, 0x0826, 0x0826, 0x0826, 0x0826,
  0x0826, 0x0826, 0x0826, 0x0826, 0x0826, 0x0826, 0x0826, 0x0826, 0x0826, 0x0826, 0x0826, 0x0826,
  0x0826, 0x0826, 0x0826, 0x0826, 0x0826, 0x0826, 0x0826, 0x0826, 0x0826, 0x0826, 0x0826, 0x0826,
  0x0826, 0x0826, 0x0826, 0x0826, 0x0826, 0x0826, 0x0826, 0x0826, 0x0826, 0x0826, 0x0826, 0x0826,
  0x0826, 0x1046, 0x1046, 0x1046, 0x1046, 0x1047, 0x1047, 0x1047, 0x1047, 0x1047, 0x1047, 0x1047,
  0x1067, 0x1067, 0x1067, 0x1067, 0x1067, 0x1067, 0x1067, 0x1067, 0x1867, 0x1888, 0x1868, 0x1888,
  0x1888, 0x1888, 0x1888, 0x1888, 0x1888, 0x1888, 0x1888, 0x1888, 0x1888, 0x1888, 0x1888, 0x1888,
  0x1888, 0x1888, 0x1888, 0x1888, 0x1888, 0x1888, 0x1888, 0x1888, 0x1888, 0x1888, 0x1888, 0x1888,
  0x1888, 0x1888, 0x1888, 0x1888, 0x1888, 0x1888, 0x1888, 0x1068, 0x1067, 0x1068, 0x1068, 0x1067,
  0x1067, 0x1067, 0x1067, 0x1067, 0x1067, 0x1067, 0x1067, 0x1067, 0x1047, 0x1047, 0x1047, 0x1047,
  0x0847, 0x0847, 0x0826, 0x0826, 0x0826, 0x0826, 0x0826, 0x0826, 0x0826, 0x0826, 0x0826, 0x0826,
  0x0826, 0x0826, 0x0826, 0x0825, 0x0825, 0x0805, 0x0005, 0x0005, 0x0805, 0x0005, 0x0005, 0x0005,
  0x0005, 0x0005, 0x0005, 0x0005, 0x0005, 0x0005, 0x0005, 0x0005, 0x0005, 0x0005, 0x0005, 0x0005,
  0x0005, 0x0005, 0x0005, 0x0005, 0x0005, 0x0005, 0x0005, 0x0005, 0x1088, 0x1068, 0x1088, 0x1088,
  0x1088, 0x1088, 0x1088, 0x1089, 0x1088, 0x1088, 0x1089, 0x1089, 0x1089, 0x1089, 0x1089, 0x1889,
  0x1889, 0x1889, 0x1889, 0x1889, 0x1889, 0x1089, 0x1089, 0x1089, 0x1089, 0x1089, 0x1088, 0x1088,
  0x1088, 0x1088, 0x1088, 0x1088, 0x1088, 0x1088, 0x1088, 0x1088, 0x1088, 0x1068, 0x1068, 0x1068,
  0x1068, 0x1068, 0x1068, 0x1068, 0x0868, 0x1048, 0x0848, 0x1047, 0x0847, 0x0847, 0x0847, 0x0847,
  0x0847, 0x0827, 0x0827, 0x0827, 0x0827, 0x0827, 0x0827, 0x0827, 0x0827, 0x0827, 0x0826, 0x0026,
  0x0826, 0x0826, 0x0806, 0x0806, 0x0806, 0x0006, 0x0006, 0x0006, 0x0006, 0x0006, 0x0006, 0x0006,
  0x0006, 0x0006, 0x0006, 0x0006, 0x0006, 0x0006, 0x0006, 0x0006, 0x0006, 0x0006, 0x0006, 0x0006,
  0x0006, 0x0006, 0x0006, 0x0006, 0x0006, 0x0006, 0x0006, 0x0005, 0x0006, 0x0005, 0x0005, 0x0005,
  0x0006, 0x0006, 0x0005, 0x0006, 0x0006, 0x0005, 0x0006, 0x0005, 0x0006, 0x0006, 0x0006, 0x0006,
  0x0006, 0x0006, 0x0806, 0x0806, 0x0026, 0x0806, 0x0826, 0x0806, 0x0806, 0x0826, 0x0026, 0x0826,
  0x0826, 0x0826, 0x0826, 0x0826, 0x0826, 0x0826, 0x0826, 0x0826, 0x0826, 0x0826, 0x0826, 0x0826,
  0x0826, 0x0826, 0x0826, 0x0826, 0x0826, 0x0826, 0x0826, 0x0826, 0x0826, 0x0826, 0x0826, 0x0826,
  0x0826, 0x0826, 0x0826, 0x0826, 0x0826, 0x0826, 0x0826, 0x0826, 0x0826, 0x0826, 0x0826, 0x0826,
  0x0826, 0x0826, 0x0826, 0x0826, 0x0826, 0x0826, 0x0826, 0x0826, 0x0826, 0x0826, 0x0826, 0x0826,
  0x0826, 0x0826, 0x0826, 0x0826, 0x0826, 0x0826, 0x0826, 0x0826, 0x0826, 0x0826, 0x0826, 0x0826,
  0x0826, 0x0826, 0x0826, 0x0826, 0x0826, 0x0826, 0x0826, 0x0826, 0x0826, 0x0826, 0x0826, 0x0826,
  0x0826, 0x0826, 0x0826, 0x0826, 0x0826, 0x1026, 0x0826, 0x0826, 0x0826, 0x1026, 0x1046, 0x1046,
  0x1047, 0x1047, 0x1047, 0x1047, 0x1047, 0x1047, 0x1047, 0x1047, 0x1047, 0x1067, 0x1067, 0x1067,
  0x1067, 0x1067, 0x1067, 0x1067, 0x1067, 0x1067, 0x1868, 0x1868, 0x1868, 0x1888, 0x1888, 0x1888,
  0x1888, 0x1888, 0x1888, 0x1888, 0x1888, 0x1888, 0x1888, 0x1888, 0x1888, 0x1888, 0x1888, 0x1888,
  0x1888, 0x1888, 0x1888, 0x1888, 0x1888, 0x1888, 0x1888, 0x1888, 0x1888, 0x1088, 0x1888, 0x1888,
  0x1888, 0x1068, 0x1068, 0x1068, 0x1067, 0x1067, 0x1067, 0x1067, 0x1067, 0x1067, 0x1067, 0x1067,
  0x1067, 0x1067, 0x1047, 0x1047, 0x1047, 0x1047, 0x1047, 0x1047, 0x0846, 0x0846, 0x0826, 0x0826,
  0x0826, 0x0826, 0x0826, 0x0826, 0x0826, 0x0826, 0x0826, 0x0826, 0x0826, 0x0825, 0x0825, 0x0825,
  0x0805, 0x0805, 0x0805, 0x0005, 0x0005, 0x0005, 0x0005, 0x0005, 0x0005, 0x0005, 0x0005, 0x0005,
  0x0005, 0x0005, 0x0005, 0x0005, 0x0005, 0x0005, 0x0005, 0x0005, 0x0005, 0x0005, 0x0005, 0x0005,
  0x0005, 0x0005, 0x0005, 0x0005, 0x1088, 0x1088, 0x1088, 0x1068, 0x1088, 0x1088, 0x1088, 0x1088,
  0x1088, 0x1088, 0x1088, 0x1089, 0x1089, 0x1088, 0x1088, 0x1088, 0x1088, 0x1088, 0x1088, 0x1088,
  0x1088, 0x1088, 0x1088, 0x1089, 0x1089, 0x1088, 0x1088, 0x1088, 0x1088, 0x1088, 0x1088, 0x1088,
  0x1088, 0x1068, 0x1088, 0x1068, 0x1068, 0x1068, 0x1068, 0x1068, 0x1068, 0x1068, 0x0868, 0x1068,
  0x1047, 0x0848, 0x0847, 0x0847, 0x0847, 0x0847, 0x0847, 0x0847, 0x0827, 0x0827, 0x0827, 0x0827,
  0x0827, 0x0827, 0x0827, 0x0827, 0x0826, 0x0827, 0x0026, 0x0826, 0x0026, 0x0806, 0x0806, 0x0806,
  0x0006, 0x0006, 0x0006, 0x0006, 0x0006, 0x0006, 0x0006, 0x0006, 0x0006, 0x0006, 0x0006, 0x0006,
  0x0006, 0x0006, 0x0006, 0x0006, 0x0006, 0x0006, 0x0006, 0x0005, 0x0005, 0x0006, 0x0006, 0x0006,
  0x0006, 0x0006, 0x0006, 0x0005, 0x0005, 0x0006, 0x0006, 0x0005, 0x0006, 0x0005, 0x0005, 0x0006,
  0x0006, 0x0005, 0x0006, 0x0005, 0x0006, 0x0006, 0x0006, 0x0006, 0x0006, 0x0006, 0x0806, 0x0806,
  0x0806, 0x0026, 0x0006, 0x0826, 0x0806, 0x0806, 0x0826, 0x0026, 0x0826, 0x0826, 0x0826, 0x5ACD,
  0x6B6F, 0x0826, 0x0826, 0x0826, 0x0826, 0x0826, 0x0826, 0x0826, 0x0826, 0x0826, 0x0826, 0x0826,
  0x0826, 0x0826, 0x0826, 0x0826, 0x0826, 0x0826, 0x0826, 0x0826, 0x0826, 0x0826, 0x0826, 0x0826,
  0x0826, 0x0826, 0x0826, 0x0826, 0x0826, 0x0826, 0x0826, 0x0826, 0x0826, 0x0826, 0x0826, 0x0826,
  0x0826, 0x0826, 0x0826, 0x0826, 0x0826, 0x0826, 0x0826, 0x0826, 0x0826, 0x0826, 0x0826, 0x0826,
  0x0826, 0x0826, 0x0826, 0x0826, 0x0826, 0x0826, 0x0826, 0x0826, 0x0826, 0x0826, 0x0826, 0x0826,
  0x0826, 0x0826, 0x0826, 0x0826, 0x0826, 0x0826, 0x0826, 0x0826, 0x0826, 0x0826, 0x0826, 0x0826,
  0x0826, 0x0826, 0x0826, 0x0826, 0x0826, 0x0826, 0x0826, 0x1046, 0x0846, 0x1046, 0x1047, 0x1047,
  0x1047, 0x1047, 0x1047, 0x1047, 0x1047, 0x1047, 0x1067, 0x1067, 0x1067, 0x1067, 0x1067, 0x1067,
  0x1067, 0x1067, 0x1867, 0x1867, 0x1867, 0x1067, 0x1068, 0x1868, 0x1888, 0x1888, 0x1888, 0x1888,
  0x1888, 0x1888, 0x1888, 0x1888, 0x1888, 0x1888, 0x1888, 0x1888, 0x1888, 0x1888, 0x1888, 0x1888,
  0x1888, 0x1088, 0x1088, 0x1088, 0x1088, 0x1088, 0x1888, 0x1868, 0x1068, 0x1068, 0x1068, 0x1067,
  0x1067, 0x1067, 0x1067, 0x1067, 0x1067, 0x1067, 0x1067, 0x1067, 0x1067, 0x1047, 0x1047, 0x1047,
  0x1047, 0x1047, 0x1047, 0x0847, 0x0846, 0x0846, 0x0826, 0x0826, 0x0826, 0x0826, 0x0826, 0x0826,
  0x0826, 0x0826, 0x0826, 0x0826, 0x0826, 0x0826, 0x0825, 0x0825, 0x0825, 0x0805, 0x0805, 0x0005,
  0x0005, 0x0005, 0x0005, 0x0005, 0x0005, 0x0005, 0x0005, 0x0005, 0x0005, 0x0005, 0x0005, 0x0005,
  0x0005, 0x0005, 0x0005, 0x0005, 0x0005, 0x0005, 0x0005, 0x0005, 0x0005, 0x0005, 0x0005, 0x0005,
  0x1068, 0x1068, 0x1068, 0x1088, 0x1068, 0x1088, 0x1068, 0x1088, 0x1088, 0x1088, 0x1088, 0x1088,
  0x1088, 0x1088, 0x1088, 0x1088, 0x1088, 0x1088, 0x1088, 0x1088, 0x1088, 0x1088, 0x1088, 0x1088,
  0x1088, 0x1088, 0x1088, 0x1088, 0x1088, 0x1088, 0x1088, 0x1068, 0x1088, 0x1068, 0x1068, 0x1068,
  0x1068, 0x1068, 0x1068, 0x1068, 0x1068, 0x0868, 0x0868, 0x1047, 0x1047, 0x0847, 0x0847, 0x0847,
  0x0847, 0x0847, 0x0847, 0x0827, 0x0827, 0x0827, 0x0827, 0x0827, 0x0827, 0x0827, 0x0827, 0x0826,
  0x0827, 0x0026, 0x0826, 0x0026, 0x0026, 0x0806, 0x0806, 0x0006, 0x0006, 0x0006, 0x0006, 0x0006,
  0x0006, 0x0006, 0x0006, 0x0006, 0x0006, 0x0006, 0x0006, 0x0006, 0x0006, 0x0006, 0x0006, 0x0006,
  0x0006, 0x0006, 0x0006, 0x0005, 0x0005, 0x0005, 0x0005, 0x0006, 0x0006, 0x0006, 0x0005, 0x0005,
  0x0005, 0x0006, 0x0005, 0x0005, 0x0005, 0x0006, 0x0006, 0x0005, 0x0006, 0x0005, 0x0006, 0x0006,
  0x0005, 0x0006, 0x0005, 0x0006, 0x0006, 0x0006, 0xFFFF, 0xFFFF, 0xFFFF, 0xFFFF, 0xFFFF, 0x0006,
  0x0826, 0x0806, 0x0826, 0xEF5D, 0xDEFC, 0x0826, 0x0826, 0xD69A, 0x9CF4, 0xBDD7, 0xBDD7, 0x0826,
  0x0826, 0x0826, 0x0826, 0x9473, 0xEF5D, 0x0826, 0x0826, 0x0826, 0x0826, 0x0826, 0x0826, 0x0826,
  0x0826, 0x0826, 0x0826, 0x0826, 0x0826, 0x0826, 0x0826, 0x0826, 0x0826, 0x0826, 0x0826, 0x0826,
  0x0826, 0x0826, 0x0826, 0x0826, 0x0826, 0x0826, 0x0826, 0x0826, 0x0826, 0x0826, 0x0826, 0x0826,
  0x0826, 0x0826, 0x0826, 0x0826, 0x0826, 0x0826, 0x0826, 0x0826, 0x0826, 0x0826, 0x0826, 0x0826,
  0x0826, 0x0826, 0x0826, 0x0826, 0x0826, 0x0826, 0x0826, 0x0826, 0x0826, 0x0826, 0x0826, 0x0826,
  0x0826, 0x0826, 0x0826, 0x0826, 0x0826, 0x0826, 0x0826, 0x0826, 0x0826, 0x0826, 0x0826, 0x0826,
  0x0826, 0x0826, 0x0826, 0x0846, 0x0846, 0x1046, 0x1046, 0x1047, 0x1047, 0x1047, 0x1047, 0x1047,
  0x1047, 0x1047, 0x1047, 0x1047, 0x1067, 0x1067, 0x1067, 0x1067, 0x1067, 0x1067, 0x1867, 0x1067,
  0x1067, 0x1067, 0x1067, 0x1067, 0x1067, 0x1067, 0x1868, 0x1888, 0x1888, 0x1888, 0x1888, 0x1888,
  0x1888, 0x1088, 0x1088, 0x1088, 0x1088, 0x1088, 0x1088, 0x1088, 0x1088, 0x1888, 0x1888, 0x1888,
  0x1888, 0x1088, 0x1088, 0x1088, 0x1068, 0x1067, 0x1067, 0x1067, 0x1067, 0x1067, 0x1067, 0x1067,
  0x1067, 0x1067, 0x1067, 0x1067, 0x1047, 0x1047, 0x1047, 0x1047, 0x1047, 0x1047, 0x0846, 0x0846,
  0x0846, 0x0846, 0x0846, 0x0826, 0x0826, 0x0826, 0x0826, 0x0826, 0x0826, 0x0826, 0x0826, 0x0826,
  0x0826, 0x0826, 0x0825, 0x0825, 0x0825, 0x0025, 0x0805, 0x0805, 0x0005, 0x0005, 0x0005, 0x0005,
  0x0005, 0x0005, 0x0005, 0x0005, 0x0005, 0x0005, 0x0005, 0x0005, 0x0005, 0x0005, 0x0005, 0x0005,
  0x0005, 0x0005, 0x0005, 0x0005, 0x0005, 0x0005, 0x0005, 0x0005, 0x1068, 0x1068, 0x1068, 0x1068,
  0x1068, 0x1088, 0x1088, 0x1068, 0x1088, 0x1088, 0x1068, 0x1088, 0x1088, 0x1088, 0x1088, 0x1088,
  0x1088, 0x1088, 0x1088, 0x1088, 0x1088, 0x1088, 0x1088, 0x1088, 0x1068, 0x1068, 0x1088, 0x1088,
  0x1068, 0x1088, 0x1068, 0x1068, 0x1068, 0x1068, 0x1068, 0x1068, 0x1068, 0x1068, 0x1068, 0x0868,
  0x1068, 0x1048, 0x0848, 0x1047, 0x1047, 0x0847, 0x0847, 0x0847, 0x0847, 0x0827, 0x0827, 0x0827,
  0x0827, 0x0827, 0x0827, 0x0827, 0x0827, 0x0827, 0x0826, 0x0827, 0x0026, 0x0826, 0x0026, 0x0026,
  0x0806, 0x0806, 0x0006, 0x0006, 0x0006, 0x0006, 0x0006, 0x0006, 0x0006, 0x0006, 0x0006, 0x0006,
  0x0006, 0x0006, 0x0006, 0x0006, 0x0006, 0x0006, 0x0006, 0x0006, 0x0006, 0x0005, 0x0005, 0x0005,
  0x0005, 0x0005, 0x0005, 0x0005, 0x0006, 0x0006, 0x0006, 0x0005, 0x0005, 0x0006, 0x0005, 0x0005,
  0x0005, 0x0006, 0x0005, 0x0005, 0x0006, 0x0006, 0x0005, 0x0006, 0x0005, 0x0006, 0x0006, 0x0006,
  0x0006, 0x0006, 0xFFFF, 0xFFFF, 0xFFFF, 0xFFFF, 0xFFFF, 0x0806, 0x0006, 0x0826, 0x6B6F, 0xFFFF,
  0xFFFF, 0x6B6F, 0x6B6F, 0xFFFF, 0xFFFF, 0xD69A, 0xBDD7, 0xEF5D, 0x9473, 0x6B6F, 0xFFFF, 0x9473,
  0xEF5D, 0x5ACD, 0xFFFF, 0xFFFF, 0xDEFC, 0x0826, 0x0826, 0x0826, 0x0826, 0x0826, 0x0826, 0x0826,
  0x0826, 0x0826, 0x0826, 0x0826, 0x0826, 0x0826, 0x0826, 0x0826, 0x0826, 0x0826, 0x0826, 0x0826,
  0x0826, 0x0826, 0x0826, 0x0826, 0x0826, 0x0826, 0x0826, 0x0826, 0x0826, 0x0826, 0x0826, 0x0826,
  0x0826, 0x0826, 0x0826, 0x0826, 0x0826, 0x0826, 0x0826, 0x0826, 0x0826, 0x0826, 0x0826, 0x0826,
  0x0826, 0x0826, 0x0826, 0x0826, 0x0826, 0x0826, 0x0826, 0x0826, 0x0826, 0x0826, 0x0826, 0x0826,
  0x0826, 0x0826, 0x0826, 0x0826, 0x0826, 0x0826, 0x0826, 0x0826, 0x0826, 0x0826, 0x0826, 0x0846,
  0x0846, 0x1046, 0x1046, 0x1027, 0x1047, 0x1047, 0x1046, 0x1047, 0x1047, 0x1047, 0x1047, 0x1047,
  0x1047, 0x1047, 0x1067, 0x1067, 0x1067, 0x1067, 0x1067, 0x1067, 0x1067, 0x1067, 0x1067, 0x1067,
  0x1068, 0x1068, 0x1068, 0x1068, 0x1068, 0x1068, 0x1868, 0x1868, 0x1868, 0x1888, 0x1888, 0x1888,
  0x1888, 0x1888, 0x1888, 0x1888, 0x1888, 0x1088, 0x1888, 0x1888, 0x1088, 0x1068, 0x1068, 0x1068,
  0x1068, 0x1067, 0x1067, 0x1067, 0x1067, 0x1067, 0x1067, 0x1067, 0x1067, 0x1067, 0x1047, 0x1047,
  0x1047, 0x1047, 0x1047, 0x1047, 0x1046, 0x0846, 0x0846, 0x0846, 0x0846, 0x0846, 0x0826, 0x0826,
  0x0826, 0x0826, 0x0826, 0x0826, 0x0826, 0x0826, 0x0826, 0x0826, 0x0826, 0x0825, 0x0825, 0x0825,
  0x0805, 0x0025, 0x0025, 0x0805, 0x0005, 0x0005, 0x0005, 0x0005, 0x0005, 0x0005, 0x0005, 0x0005,
  0x0005, 0x0005, 0x0005, 0x0005, 0x0005, 0x0005, 0x0005, 0x0005, 0x0005, 0x0005, 0x0005, 0x0005,
  0x0005, 0x0005, 0x0005, 0x0005, 0x1068, 0x1068, 0x1068, 0x1068, 0x1068, 0x1068, 0x1068, 0x1068,
  0x1068, 0x1088, 0x1088, 0x1068, 0x1068, 0x1088, 0x1088, 0x1088, 0x1088, 0x1088, 0x1088, 0x1088,
  0x1088, 0x1088, 0x1088, 0x1068, 0x1088, 0x1088, 0x1088, 0x1068, 0x1068, 0x1068, 0x1068, 0x1068,
  0x1068, 0x1068, 0x1068, 0x1068, 0x1068, 0x0868, 0x1068, 0x1048, 0x1047, 0x1047, 0x0847, 0x0847,
  0x0847, 0x0847, 0x0847, 0x0847, 0x0827, 0x0827, 0x0827, 0x0827, 0x0827, 0x0827, 0x0827, 0x0827,
  0x0827, 0x0827, 0x0827, 0x0026, 0x0826, 0x0026, 0x0026, 0x0806, 0x0806, 0x0006, 0x0006, 0x0006,
  0x0006, 0x0006, 0x0006, 0x0006, 0x0006, 0x0006, 0x0006, 0x0006, 0x0006, 0x0006, 0x0006, 0x0006,
  0x0006, 0x0006, 0x0006, 0x0006, 0x0006, 0x0006, 0x0005, 0x0005, 0x0005, 0x0005, 0x0005, 0x0005,
  0x0005, 0x0005, 0x0006, 0x0005, 0x0005, 0x0005, 0x0006, 0x0005, 0x0005, 0x0006, 0x0005, 0x0005,
  0x0006, 0x0006, 0x0005, 0x0006, 0x0006, 0x0006, 0x0006, 0x0005, 0x0006, 0x0006, 0xFFFF, 0xFFFF,
  0xFFFF, 0xFFFF, 0xFFFF, 0x0806, 0x0006, 0x0006, 0xC639, 0xD69A, 0xD69A, 0xBDD7, 0x0026, 0xD69A,
  0x9CF4, 0xBDD7, 0xBDD7, 0xEF5D, 0x9473, 0x6B6F, 0xFFFF, 0x9473, 0xEF5D, 0x9CF4, 0xEF5D, 0x4A2B,
  0x0826, 0x0826, 0x0826, 0x0826, 0x0826, 0x0826, 0x0826, 0x0826, 0x0826, 0x0826, 0x0826, 0x0826,
  0x0826, 0x0826, 0x0826, 0x0826, 0x0826, 0x0826, 0x0826, 0x0826, 0x0826, 0x0826, 0x0826, 0x0826,
  0x0826, 0x0826, 0x0826, 0x0826, 0x0826, 0x0826, 0x0826, 0x0826, 0x0826, 0x0826, 0x0826, 0x0826,
  0x0826, 0x0826, 0x0826, 0x0826, 0x0826, 0x0826, 0x0826, 0x0826, 0x0826, 0x0826, 0x0826, 0x0826,
  0x0826, 0x0826, 0x0826, 0x0826, 0x0826, 0x0826, 0x0826, 0x0826, 0x0826, 0x0826, 0x0826, 0x0826,
  0x0826, 0x0826, 0x0826, 0x0826, 0x0826, 0x0826, 0x0826, 0x0826, 0x0826, 0x0826, 0x0826, 0x1026,
  0x1046, 0x1046, 0x1046, 0x1046, 0x1047, 0x1047, 0x1047, 0x1047, 0x1047, 0x1047, 0x1067, 0x1067,
  0x1067, 0x1067, 0x1067, 0x1067, 0x1067, 0x1067, 0x1067, 0x1067, 0x1067, 0x1067, 0x1067, 0x1067,
  0x1067, 0x1068, 0x1068, 0x1068, 0x1088, 0x1088, 0x1088, 0x1088, 0x1888, 0x1888, 0x1888, 0x1888,
  0x1868, 0x1868, 0x1868, 0x1868, 0x1868, 0x1068, 0x1067, 0x1067, 0x1067, 0x1067, 0x1067, 0x1067,
  0x1067, 0x1067, 0x1067, 0x1047, 0x1047, 0x1047, 0x1047, 0x1047, 0x1047, 0x1047, 0x1046, 0x0847,
  0x0847, 0x0846, 0x0846, 0x0846, 0x0846, 0x0826, 0x0826, 0x0826, 0x0826, 0x0826, 0x0826, 0x0826,
  0x0826, 0x0826, 0x0826, 0x0826, 0x0826, 0x0826, 0x0825, 0x0025, 0x0805, 0x0805, 0x0805, 0x0005,
  0x0005, 0x0005, 0x0005, 0x0005, 0x0005, 0x0005, 0x0005, 0x0005, 0x0005, 0x0005, 0x0005, 0x0005,
  0x0005, 0x0005, 0x0005, 0x0005, 0x0005, 0x0005, 0x0005, 0x0005, 0x0005, 0x0005, 0x0005, 0x0005,
  0x0868, 0x1068, 0x1068, 0x1068, 0x1068, 0x1068, 0x1068, 0x1068, 0x1068, 0x1068, 0x1068, 0x1068,
  0x1068, 0x1068, 0x1068, 0x1068, 0x1088, 0x1088, 0x1088, 0x1088, 0x1068, 0x1068, 0x1068, 0x1068,
  0x1068, 0x1068, 0x1068, 0x1068, 0x1068, 0x1068, 0x1068, 0x1068, 0x1068, 0x1068, 0x1068, 0x0868,
  0x1068, 0x1048, 0x1047, 0x1048, 0x1047, 0x1047, 0x0847, 0x0847, 0x0847, 0x0847, 0x0847, 0x0827,
  0x0827, 0x0827, 0x0827, 0x0827, 0x0827, 0x0827, 0x0827, 0x0827, 0x0827, 0x0827, 0x0026, 0x0826,
  0x0826, 0x0026, 0x0806, 0x0806, 0x0806, 0x0006, 0x0006, 0x0006, 0x0006, 0x0006, 0x0006, 0x0006,
  0x0006, 0x0006, 0x0006, 0x0006, 0x0006, 0x0006, 0x0006, 0x0006, 0x0006, 0x0006, 0x0006, 0x0006,
  0x0006, 0x0006, 0x0006, 0x0005, 0x0005, 0x0005, 0x0005, 0x0005, 0x0005, 0x0006, 0x0005, 0x0005,
  0x0005, 0x0005, 0x0006, 0x0005, 0x0005, 0x0006, 0x0006, 0x0005, 0x0006, 0x0006, 0x0005, 0x0006,
  0x0006, 0x0005, 0x0006, 0x0006, 0x0006, 0x0006, 0xFFFF, 0xFFFF, 0xFFFF, 0xFFFF, 0xFFFF, 0x0006,
  0x0006, 0x2949, 0xFFFF, 0xFFFF, 0xFFFF, 0xF7BE, 0x2949, 0xD69A, 0x9CF4, 0xBDD7, 0xBDD7, 0xEF5D,
  0x9473, 0x6B6F, 0xFFFF, 0x8C73, 0xEF5D, 0x422B, 0xDEFC, 0xFFFF, 0xDEFC, 0x422B, 0x0826, 0x0826,
  0x0826, 0x0826, 0x0826, 0x0826, 0x0826, 0x0826, 0x0826, 0x0826, 0x0826, 0x0826, 0x0826, 0x0826,
  0x0826, 0x0826, 0x0826, 0x0826, 0x0826, 0x0826, 0x0826, 0x0826, 0x0826, 0x0826, 0x0826, 0x0826,
  0x0826, 0x0826, 0x0826, 0x0826, 0x0826, 0x0826, 0x0826, 0x0825, 0x0826, 0x0826, 0x0826, 0x0826,
  0x0826, 0x0826, 0x0826, 0x0826, 0x0826, 0x0826, 0x0826, 0x0826, 0x0826, 0x0826, 0x0826, 0x0826,
  0x0826, 0x0826, 0x0826, 0x0826, 0x0826, 0x0826, 0x0826, 0x0826, 0x0826, 0x0826, 0x0826, 0x0826,
  0x0826, 0x0826, 0x0826, 0x0826, 0x0826, 0x1026, 0x0826, 0x0846, 0x1046, 0x1046, 0x1046, 0x1047,
  0x1047, 0x1047, 0x1047, 0x1047, 0x1047, 0x1047, 0x1047, 0x1067, 0x1067, 0x1067, 0x1067, 0x1067,
  0x1067, 0x1067, 0x1067, 0x1067, 0x1067, 0x1067, 0x1067, 0x1067, 0x1067, 0x1067, 0x1067, 0x1068,
  0x1068, 0x1068, 0x1068, 0x1868, 0x1868, 0x1868, 0x1868, 0x1868, 0x1068, 0x1067, 0x1067, 0x1067,
  0x1068, 0x1067, 0x1067, 0x1067, 0x1067, 0x1067, 0x1067, 0x1067, 0x1067, 0x1067, 0x1067, 0x1067,
  0x1047, 0x1047, 0x1047, 0x1047, 0x1047, 0x1047, 0x1047, 0x1046, 0x0846, 0x0846, 0x0846, 0x0846,
  0x0826, 0x0826, 0x0826, 0x0826, 0x0826, 0x0826, 0x0826, 0x0826, 0x0826, 0x0826, 0x0826, 0x0825,
  0x0826, 0x0826, 0x0026, 0x0025, 0x0025, 0x0005, 0x0005, 0x0005, 0x0005, 0x0005, 0x0005, 0x0005,
  0x0005, 0x0005, 0x0005, 0x0005, 0x0005, 0x0005, 0x0005, 0x0005, 0x0005, 0x0005, 0x0005, 0x0005,
  0x0005, 0x0005, 0x0005, 0x0005, 0x0005, 0x0005, 0x0005, 0x0005, 0x1068, 0x1068, 0x0868, 0x1068,
  0x1068, 0x1068, 0x1068, 0x1068, 0x1068, 0x1068, 0x1068, 0x1068, 0x1068, 0x1068, 0x1068, 0x1068,
  0x1068, 0x1068, 0x1068, 0x1068, 0x1068, 0x1068, 0x1068, 0x1068, 0x1068, 0x1068, 0x1068, 0x1068,
  0x1068, 0x1068, 0x1068, 0x1068, 0x1068, 0x0868, 0x1068, 0x1048, 0x1047, 0x1048, 0x1047, 0x1047,
  0x0847, 0x0847, 0x0847, 0x0847, 0x0847, 0x0827, 0x0827, 0x0827, 0x0827, 0x0827, 0x0827, 0x0827,
  0x0827, 0x0827, 0x0827, 0x0827, 0x0827, 0x0026, 0x0826, 0x0826, 0x0026, 0x0806, 0x0806, 0x0806,
  0x0006, 0x0006, 0x0006, 0x0006, 0x0006, 0x0006, 0x0006, 0x0006, 0x0006, 0x0006, 0x0006, 0x0006,
  0x0006, 0x0006, 0x0006, 0x0006, 0x0006, 0x0006, 0x0006, 0x0006, 0x0006, 0x0006, 0x0006, 0x0006,
  0x0005, 0x0006, 0x0005, 0x0005, 0x0005, 0x0006, 0x0005, 0x0005, 0x0005, 0x0005, 0x0006, 0x0006,
  0x0005, 0x0006, 0x0006, 0x0005, 0x0005, 0x0006, 0x0006, 0x0006, 0x0006, 0x0005, 0x0006, 0x0005,
  0x0006, 0x0006, 0xFFFF, 0xFFFF, 0xFFFF, 0xFFFF, 0xFFFF, 0x0006, 0x0006, 0x9CF4, 0xF7BE, 0x0806,
  0x2949, 0xF7BE, 0x9CF4, 0xD69A, 0x9CF4, 0xBDD7, 0xBDD7, 0xEF5D, 0x9CF4, 0x9CF4, 0xFFFF, 0x9473,
  0xEF5D, 0xAD76, 0xDEFC, 0x2949, 0xFFFF, 0x9473, 0x0826, 0x0826, 0x0826, 0x0826, 0x0826, 0x0826,
  0x0826, 0x0826, 0x0826, 0x0826, 0x0826, 0x0826, 0x0826, 0x0826, 0x0826, 0x0826, 0x0826, 0x0826,
  0x0826, 0x0826, 0x0826, 0x0826, 0x0826, 0x0826, 0x0826, 0x0826, 0x0826, 0x0825, 0x0826, 0x0826,
  0x0826, 0x0825, 0x0825, 0x0826, 0x0826, 0x0825, 0x0825, 0x0825, 0x0826, 0x0826, 0x0826, 0x0826,
  0x0826, 0x0826, 0x0826, 0x0826, 0x0826, 0x0826, 0x0826, 0x0826, 0x0826, 0x0826, 0x0826, 0x0826,
  0x0826, 0x0826, 0x0826, 0x0826, 0x0826, 0x0826, 0x0826, 0x0826, 0x0826, 0x0826, 0x0826, 0x0826,
  0x0826, 0x0826, 0x0826, 0x0826, 0x0846, 0x1046, 0x1046, 0x1046, 0x1046, 0x1047, 0x1047, 0x1047,
  0x1047, 0x1047, 0x1047, 0x1047, 0x1047, 0x1067, 0x1067, 0x1067, 0x1067, 0x1067, 0x1067, 0x1067,
  0x1067, 0x1067, 0x1067, 0x1067, 0x1067, 0x1067, 0x1067, 0x1067, 0x1067, 0x1067, 0x1067, 0x1068,
  0x1068, 0x1068, 0x1068, 0x1068, 0x1068, 0x1068, 0x1068, 0x1068, 0x1067, 0x1067, 0x1067, 0x1067,
  0x1067, 0x1067, 0x1067, 0x1067, 0x1067, 0x1067, 0x1067, 0x1047, 0x1047, 0x1047, 0x1047, 0x1047,
  0x1047, 0x1047, 0x0846, 0x0846, 0x0846, 0x0846, 0x0826, 0x0826, 0x0826, 0x0826, 0x0826, 0x0826,
  0x0826, 0x0826, 0x0826, 0x0826, 0x0826, 0x0826, 0x0826, 0x0826, 0x0825, 0x0825, 0x0025, 0x0025,
  0x0025, 0x0005, 0x0005, 0x0005, 0x0005, 0x0005, 0x0005, 0x0005, 0x0005, 0x0005, 0x0005, 0x0005,
  0x0005, 0x0005, 0x0005, 0x0005, 0x0005, 0x0005, 0x0005, 0x0005, 0x0005, 0x0005, 0x0005, 0x0005,
  0x0005, 0x0005, 0x0005, 0x0005, 0x1048, 0x0848, 0x1048, 0x0868, 0x1068, 0x0868, 0x1068, 0x1068,
  0x1068, 0x1068, 0x1068, 0x1068, 0x1068, 0x1068, 0x1068, 0x1068, 0x1068, 0x1068, 0x1068, 0x1068,
  0x1068, 0x1068, 0x1068, 0x1068, 0x1068, 0x1068, 0x1068, 0x1068, 0x1068, 0x0868, 0x0868, 0x1068,
  0x0868, 0x1048, 0x0848, 0x1047, 0x0847, 0x1047, 0x0847, 0x0847, 0x0847, 0x0847, 0x0847, 0x0847,
  0x0827, 0x0827, 0x0827, 0x0827, 0x0827, 0x0827, 0x0827, 0x0827, 0x0827, 0x0827, 0x0827, 0x0827,
  0x0026, 0x0826, 0x0826, 0x0026, 0x0806, 0x0806, 0x0806, 0x0006, 0x0006, 0x0006, 0x0006, 0x0006,
  0x0006, 0x0006, 0x0006, 0x0006, 0x0006, 0x0006, 0x0006, 0x0006, 0x0006, 0x0006, 0x0006, 0x0006,
  0x0006, 0x0006, 0x0006, 0x0006, 0x0006, 0x0006, 0x0006, 0x0006, 0x0005, 0x0005, 0x0005, 0x0005,
  0x0005, 0x0005, 0x0006, 0x0005, 0x0005, 0x0005, 0x0006, 0x0006, 0x0005, 0x0005, 0x0006, 0x0005,
  0x0005, 0x0005, 0x0005, 0x0006, 0x0006, 0x0005, 0x0006, 0x0006, 0x0006, 0x0006, 0x0005, 0x0006,
  0x0006, 0x0006, 0x0006, 0x0006, 0x0006, 0xEF5D, 0xAD56, 0x0006, 0x0806, 0xBDD7, 0xDEFC, 0xBDD7,
  0xFFFF, 0xEF5D, 0xBDD7, 0x9CF4, 0xFFFF, 0xFFFF, 0xFFFF, 0x8C73, 0xEF5D, 0x422B, 0xF7BE, 0xFFFF,
  0xDEFC, 0x2949, 0x0826, 0x0826, 0x0826, 0x0826, 0x0826, 0x0826, 0x0826, 0x0826, 0x0826, 0x0826,
  0x0826, 0x0826, 0x0826, 0x0826, 0x0826, 0x0826, 0x0826, 0x0826, 0x0826, 0x0826, 0x0825, 0x0826,
  0x0826, 0x0826, 0x0826, 0x0826, 0x0826, 0x0826, 0x0826, 0x0825, 0x0826, 0x0826, 0x0826, 0x0825,
  0x0825, 0x0826, 0x0826, 0x0826, 0x0025, 0x0825, 0x0825, 0x0826, 0x0826, 0x0826, 0x0826, 0x0826,
  0x0826, 0x0826, 0x0826, 0x0826, 0x0826, 0x0825, 0x0826, 0x0826, 0x0826, 0x0826, 0x0826, 0x0826,
  0x0826, 0x0826, 0x0826, 0x0826, 0x0826, 0x0826, 0x0826, 0x0826, 0x0826, 0x0826, 0x0826, 0x0826,
  0x0826, 0x1046, 0x1046, 0x1046, 0x1046, 0x0847, 0x1047, 0x1047, 0x1047, 0x1047, 0x1047, 0x1047,
  0x1047, 0x1047, 0x1047, 0x1047, 0x1067, 0x1067, 0x1067, 0x1067, 0x1067, 0x1067, 0x1067, 0x1067,
  0x1067, 0x1067, 0x1067, 0x1067, 0x1067, 0x1067, 0x1067, 0x1067, 0x1067, 0x1068, 0x1067, 0x1067,
  0x1067, 0x1067, 0x1067, 0x1067, 0x1067, 0x1067, 0x1067, 0x1067, 0x1067, 0x1067, 0x1067, 0x1067,
  0x1067, 0x1047, 0x1047, 0x1047, 0x1047, 0x1047, 0x1047, 0x1047, 0x0847, 0x0846, 0x0846, 0x0846,
  0x0846, 0x0846, 0x0846, 0x0846, 0x0846, 0x0826, 0x0826, 0x0826, 0x0826, 0x0826, 0x0826, 0x0826,
  0x0826, 0x0826, 0x0026, 0x0025, 0x0025, 0x0025, 0x0025, 0x0025, 0x0025, 0x0005, 0x0005, 0x0005,
  0x0025, 0x0005, 0x0005, 0x0005, 0x0005, 0x0005, 0x0005, 0x0005, 0x0005, 0x0005, 0x0005, 0x0005,
  0x0005, 0x0005, 0x0005, 0x0005, 0x0005, 0x0005, 0x0005, 0x0005, 0x0005, 0x0005, 0x0005, 0x0005,
  0x1047, 0x0847, 0x1047, 0x1048, 0x1047, 0x1048, 0x0868, 0x1068, 0x0868, 0x0868, 0x0868, 0x1068,
  0x1068, 0x1068, 0x1068, 0x1068, 0x1068, 0x1068, 0x1068, 0x1068, 0x1068, 0x1068, 0x1068, 0x1068,
  0x1068, 0x0868, 0x0868, 0x0868, 0x1068, 0x0868, 0x1048, 0x1047, 0x1048, 0x1047, 0x0847, 0x1047,
  0x0847, 0x0847, 0x0847, 0x0847, 0x0847, 0x0847, 0x0827, 0x0827, 0x0827, 0x0827, 0x0827, 0x0827,
  0x0827, 0x0827, 0x0827, 0x0827, 0x0827, 0x0827, 0x0826, 0x0026, 0x0026, 0x0826, 0x0026, 0x0806,
  0x0806, 0x0806, 0x0006, 0x0006, 0x0006, 0x0006, 0x0006, 0x0006, 0x0006, 0x0006, 0x0006, 0x0006,
  0x0006, 0x0006, 0x0006, 0x0006, 0x0006, 0x0006, 0x0006, 0x0006, 0x0006, 0x0006, 0x0006, 0x0006,
  0x0006, 0x0006, 0x0006, 0x0006, 0x0005, 0x0005, 0x0005, 0x0005, 0x0005, 0x0005, 0x0006, 0x0005,
  0x0005, 0x0005, 0x0006, 0x0005, 0x0005, 0x0005, 0x0006, 0x0006, 0x0005, 0x0006, 0x0005, 0x0006,
  0x0006, 0x0005, 0x0006, 0x0006, 0x0005, 0x0006, 0x0006, 0x0006, 0x0006, 0x0006, 0x0006, 0x0006,
  0x0006, 0x0006, 0x0006, 0x0006, 0x0006, 0x0006, 0x0806, 0x0806, 0x0806, 0x0026, 0x0806, 0x0026,
  0x0826, 0x0826, 0x0826, 0x0826, 0x0826, 0x0826, 0x0026, 0x0826, 0x0826, 0x0826, 0x0826, 0x0826,
  0x0826, 0x0826, 0x0826, 0x0826, 0x0826, 0x0826, 0x0826, 0x0826, 0x0826, 0x0826, 0x0826, 0x0826,
  0x0826, 0x0826, 0x0826, 0x0826, 0x0826, 0x0826, 0x0826, 0x0826, 0x0826, 0x0825, 0x0826, 0x0826,
  0x0826, 0x0825, 0x0026, 0x0826, 0x0826, 0x0826, 0x0825, 0x0825, 0x0825, 0x0825, 0x0826, 0x0825,
  0x0825, 0x0826, 0x0826, 0x0826, 0x0826, 0x0826, 0x0826, 0x0826, 0x0826, 0x0826, 0x0826, 0x0826,
  0x0826, 0x0825, 0x0825, 0x0826, 0x0826, 0x0826, 0x0826, 0x0826, 0x0826, 0x0826, 0x0826, 0x0826,
  0x0826, 0x0826, 0x0826, 0x0826, 0x0826, 0x0826, 0x0826, 0x0826, 0x0826, 0x0826, 0x0826, 0x0846,
  0x0846, 0x0826, 0x0846, 0x1047, 0x1047, 0x1047, 0x1047, 0x1047, 0x1047, 0x1047, 0x1047, 0x1047,
  0x1047, 0x1047, 0x1047, 0x1067, 0x1067, 0x1067, 0x1047, 0x1067, 0x1067, 0x1067, 0x1067, 0x1067,
  0x1067, 0x1067, 0x1067, 0x1067, 0x1067, 0x1067, 0x1067, 0x1067, 0x1067, 0x1067, 0x1067, 0x1067,
  0x1067, 0x1067, 0x1067, 0x1067, 0x1067, 0x1067, 0x1067, 0x1047, 0x1047, 0x1047, 0x1047, 0x1047,
  0x1047, 0x1047, 0x1047, 0x0847, 0x0847, 0x0846, 0x0846, 0x0846, 0x0846, 0x0846, 0x0846, 0x0826,
  0x0826, 0x0826, 0x0826, 0x0826, 0x0826, 0x0826, 0x0826, 0x0826, 0x0826, 0x0825, 0x0025, 0x0025,
  0x0025, 0x0025, 0x0025, 0x0025, 0x0025, 0x0025, 0x0005, 0x0005, 0x0005, 0x0005, 0x0005, 0x0005,
  0x0005, 0x0005, 0x0005, 0x0005, 0x0005, 0x0005, 0x0005, 0x0005, 0x0005, 0x0005, 0x0005, 0x0005,
  0x0005, 0x0005, 0x0005, 0x0005, 0x0005, 0x0005, 0x0005, 0x0005, 0x0847, 0x0847, 0x0847, 0x1047,
  0x0847, 0x1047, 0x1048, 0x0848, 0x1047, 0x1048, 0x1048, 0x0868, 0x0868, 0x1068, 0x1068, 0x1068,
  0x0868, 0x0868, 0x0868, 0x0868, 0x1068, 0x1068, 0x1068, 0x0868, 0x0868, 0x1048, 0x1048, 0x1047,
  0x0848, 0x1048, 0x1047, 0x0847, 0x1047, 0x0847, 0x0847, 0x0847, 0x0847, 0x0847, 0x0847, 0x0847,
  0x0827, 0x0827, 0x0827, 0x0827, 0x0827, 0x0827, 0x0827, 0x0827, 0x0827, 0x0827, 0x0827, 0x0827,
  0x0827, 0x0826, 0x0826, 0x0026, 0x0826, 0x0806, 0x0806, 0x0806, 0x0006, 0x0006, 0x0006, 0x0006,
  0x0006, 0x0006, 0x0006, 0x0006, 0x0006, 0x0006, 0x0006, 0x0006, 0x0006, 0x0006, 0x0006, 0x0006,
  0x0006, 0x0006, 0x0006, 0x0006, 0x0006, 0x0006, 0x0006, 0x0006, 0x0006, 0x0006, 0x0006, 0x0006,
  0x0006, 0x0005, 0x0005, 0x0005, 0x0005, 0x0005, 0x0005, 0x0005, 0x0005, 0x0005, 0x0006, 0x0005,
  0x0005, 0x0005, 0x0006, 0x0005, 0x0005, 0x0006, 0x0005, 0x0006, 0x0006, 0x0006, 0x0006, 0x0006,
  0x0006, 0x0006, 0x0006, 0x0006, 0x0006, 0x0006, 0x0006, 0x0006, 0x0006, 0x0006, 0x0006, 0x0006,
  0x0006, 0x0006, 0x0006, 0x0806, 0x0806, 0x0806, 0x0806, 0x0806, 0x0026, 0x0826, 0x0826, 0x0826,
  0x0826, 0x0826, 0x0826, 0x0826, 0x0026, 0x0026, 0x0826, 0x0826, 0x0826, 0x0826, 0x0826, 0x0826,
  0x0826, 0x0826, 0x0826, 0x0826, 0x0826, 0x0826, 0x0826, 0x0826, 0x0826, 0x0826, 0x0826, 0x0826,
  0x0826, 0x0826, 0x0826, 0x0826, 0x0826, 0x0826, 0x0826, 0x0826, 0x0026, 0x0026, 0x0826, 0x0826,
  0x0825, 0x0826, 0x0826, 0x0826, 0x0025, 0x0025, 0x0825, 0x0825, 0x0825, 0x0826, 0x0826, 0x0825,
  0x0825, 0x0825, 0x0825, 0x0826, 0x0826, 0x0825, 0x0826, 0x0825, 0x0825, 0x0825, 0x0825, 0x0825,
  0x0826, 0x0826, 0x0826, 0x0826, 0x0826, 0x0826, 0x0826, 0x0826, 0x0826, 0x0826, 0x0826, 0x0826,
  0x0826, 0x0826, 0x0826, 0x0826, 0x0826, 0x0826, 0x0826, 0x0826, 0x0826, 0x0826, 0x0846, 0x1046,
  0x1047, 0x1046, 0x1047, 0x1047, 0x1047, 0x1047, 0x1047, 0x1047, 0x1047, 0x1047, 0x1047, 0x1047,
  0x1047, 0x1047, 0x1067, 0x1067, 0x1067, 0x1067, 0x1067, 0x1067, 0x1067, 0x1067, 0x1067, 0x1067,
  0x1067, 0x1067, 0x1067, 0x1067, 0x1067, 0x1067, 0x1067, 0x1067, 0x1067, 0x1067, 0x1067, 0x1067,
  0x1047, 0x1047, 0x1047, 0x1067, 0x1067, 0x1047, 0x1047, 0x1047, 0x1047, 0x1047, 0x0847, 0x0847,
  0x0847, 0x0846, 0x0846, 0x0846, 0x0846, 0x0846, 0x0826, 0x0826, 0x0826, 0x0826, 0x0826, 0x0826,
  0x0826, 0x0826, 0x0826, 0x0826, 0x0826, 0x0825, 0x0825, 0x0025, 0x0025, 0x0025, 0x0025, 0x0025,
  0x0025, 0x0025, 0x0005, 0x0005, 0x0005, 0x0005, 0x0005, 0x0005, 0x0005, 0x0005, 0x0005, 0x0005,
  0x0005, 0x0005, 0x0005, 0x0005, 0x0005, 0x0005, 0x0005, 0x0005, 0x0005, 0x0005, 0x0005, 0x0005,
  0x0005, 0x0005, 0x0005, 0x0005, 0x0847, 0x0847, 0x0847, 0x0847, 0x0847, 0x0847, 0x1047, 0x1047,
  0x0847, 0x1047, 0x1047, 0x1048, 0x0848, 0x0848, 0x0848, 0x1047, 0x1047, 0x1047, 0x1047, 0x1047,
  0x1047, 0x0848, 0x0848, 0x0848, 0x1048, 0x1047, 0x1047, 0x0847, 0x1047, 0x1047, 0x0847, 0x0847,
  0x0847, 0x0847, 0x0847, 0x0847, 0x0847, 0x0847, 0x0827, 0x0827, 0x0827, 0x0827, 0x0827, 0x0827,
  0x0827, 0x0827, 0x0827, 0x0827, 0x0827, 0x0827, 0x0827, 0x0827, 0x0026, 0x0826, 0x0826, 0x0826,
  0x0806, 0x0806, 0x0806, 0x0006, 0x0006, 0x0006, 0x0006, 0x0006, 0x0006, 0x0006, 0x0006, 0x0006,
  0x0006, 0x0006, 0x0006, 0x0006, 0x0006, 0x0006, 0x0006, 0x0006, 0x0006, 0x0006, 0x0006, 0x0006,
  0x0006, 0x0006, 0x0006, 0x0006, 0x0006, 0x0006, 0x0006, 0x0006, 0x0006, 0x0005, 0x0005, 0x0005,
  0x0005, 0x0005, 0x0005, 0x0005, 0x0005, 0x0005, 0x0006, 0x0005, 0x0005, 0x0006, 0x0006, 0x0005,
  0x0005, 0x0006, 0x0005, 0x0006, 0x0006, 0x0005, 0x0006, 0x0006, 0x0006, 0x0006, 0x0006, 0x0006,
  0x0006, 0x0006, 0x0006, 0x0006, 0x0006, 0x0006, 0x0006, 0x0006, 0x0006, 0x0006, 0x0006, 0x0006,
  0x0806, 0x0806, 0x0806, 0x0806, 0x0026, 0x0806, 0x0026, 0x0826, 0x0826, 0x0826, 0x0826, 0x0826,
  0x0826, 0x0826, 0x0826, 0x0026, 0x0026, 0x0826, 0x0826, 0x0826, 0x0826, 0x0826, 0x0826, 0x0826,
  0x0826, 0x0826, 0x0826, 0x0826, 0x0826, 0x0826, 0x0826, 0x0826, 0x0826, 0x0826, 0x0826, 0x0826,
  0x0826, 0x0825, 0x0826, 0x0826, 0x0826, 0x0825, 0x0825, 0x0825, 0x0825, 0x0806, 0x0805, 0x0026,
  0x0025, 0x0025, 0x0025, 0x0826, 0x0826, 0x0805, 0x0825, 0x0025, 0x0025, 0x0825, 0x0825, 0x0826,
  0x0825, 0x0825, 0x0825, 0x0825, 0x0825, 0x0825, 0x0825, 0x0825, 0x0826, 0x0826, 0x0826, 0x0826,
  0x0826, 0x0826, 0x0826, 0x0826, 0x0826, 0x0826, 0x0826, 0x0826, 0x0826, 0x0826, 0x0826, 0x0826,
  0x0826, 0x0826, 0x0826, 0x0826, 0x0826, 0x0846, 0x0846, 0x1046, 0x0846, 0x0846, 0x1046, 0x1047,
  0x1047, 0x1047, 0x1047, 0x1047, 0x1047, 0x1047, 0x1047, 0x1047, 0x1047, 0x1047, 0x1067, 0x1067,
  0x1067, 0x1067, 0x1067, 0x1067, 0x1067, 0x1067, 0x1067, 0x1067, 0x1067, 0x1067, 0x1067, 0x1067,
  0x1067, 0x1067, 0x1067, 0x1067, 0x1067, 0x1067, 0x1067, 0x1067, 0x1067, 0x1067, 0x1067, 0x1067,
  0x1047, 0x1047, 0x1047, 0x1047, 0x1047, 0x0847, 0x0847, 0x0847, 0x0847, 0x0846, 0x0846, 0x0846,
  0x0826, 0x0826, 0x0826, 0x0826, 0x0826, 0x0826, 0x0826, 0x0826, 0x0826, 0x0826, 0x0826, 0x0826,
  0x0026, 0x0026, 0x0825, 0x0025, 0x0025, 0x0005, 0x0025, 0x0025, 0x0025, 0x0025, 0x0005, 0x0005,
  0x0005, 0x0005, 0x0005, 0x0005, 0x0005, 0x0005, 0x0005, 0x0005, 0x0005, 0x0005, 0x0005, 0x0005,
  0x0005, 0x0005, 0x0005, 0x0005, 0x0005, 0x0005, 0x0005, 0x0005, 0x0005, 0x0005, 0x0005, 0x0005,
  0x0847, 0x0847, 0x0847, 0x0847, 0x0847, 0x0847, 0x0847, 0x0847, 0x0847, 0x0847, 0x0847, 0x1047,
  0x1047, 0x1047, 0x0847, 0x0847, 0x0847, 0x0847, 0x0847, 0x0847, 0x0847, 0x0847, 0x1047, 0x1047,
  0x1047, 0x0847, 0x0847, 0x0847, 0x0847, 0x0847, 0x0847, 0x0847, 0x0847, 0x0847, 0x0847, 0x0847,
  0x0827, 0x0827, 0x0827, 0x0827, 0x0827, 0x0827, 0x0827, 0x0827, 0x0827, 0x0827, 0x0827, 0x0827,
  0x0827, 0x0827, 0x0826, 0x0026, 0x0026, 0x0826, 0x0026, 0x0806, 0x0806, 0x0806, 0x0006, 0x0006,
  0x0006, 0x0006, 0x0006, 0x0006, 0x0006, 0x0006, 0x0006, 0x0006, 0x0006, 0x0006, 0x0006, 0x0006,
  0x0006, 0x0006, 0x0006, 0x0006, 0x0006, 0x0006, 0x0006, 0x0006, 0x0005, 0x0005, 0x0005, 0x0005,
  0x0005, 0x0006, 0x0006, 0x0006, 0x0005, 0x0005, 0x0005, 0x0005, 0x0005, 0x0006, 0x0005, 0x0005,
  0x0005, 0x0005, 0x0006, 0x0005, 0x0005, 0x0006, 0x0006, 0x0005, 0x0006, 0x0006, 0x0005, 0x0006,
  0x0006, 0x0006, 0x0006, 0x0006, 0x0006, 0x0006, 0x0006, 0x0006, 0x0006, 0x0006, 0x0006, 0x0006,
  0x0006, 0x0006, 0x0006, 0x0006, 0x0006, 0x0006, 0x0006, 0x0006, 0x0006, 0x0806, 0x0806, 0x0806,
  0x0806, 0x0806, 0x0806, 0x0806, 0x0806, 0x0826, 0x0826, 0x0826, 0x0026, 0x0826, 0x0826, 0x0826,
  0x0826, 0x0826, 0x0826, 0x0826, 0x0826, 0x0026, 0x0026, 0x0026, 0x0026, 0x0026, 0x0026, 0x0026,
  0x0026, 0x0026, 0x0826, 0x0826, 0x0826, 0x0826, 0x0826, 0x0026, 0x0025, 0x0025, 0x0026, 0x0026,
  0x0026, 0x0025, 0x0025, 0x0826, 0x0025, 0x0025, 0x0025, 0x0025, 0x0026, 0x0025, 0x0825, 0x0825,
  0x0805, 0x0805, 0x0025, 0x0025, 0x0025, 0x0025, 0x0825, 0x0825, 0x0825, 0x0825, 0x0825, 0x0805,
  0x0025, 0x0025, 0x0025, 0x0025, 0x0825, 0x0826, 0x0826, 0x0826, 0x0826, 0x0826, 0x0826, 0x0826,
  0x0826, 0x0826, 0x0826, 0x0826, 0x0826, 0x0826, 0x0826, 0x0826, 0x0826, 0x0826, 0x0826, 0x0826,
  0x0826, 0x0826, 0x0846, 0x0846, 0x0846, 0x0846, 0x0846, 0x0846, 0x0847, 0x0847, 0x1047, 0x1047,
  0x1047, 0x1047, 0x1047, 0x1047, 0x1047, 0x1047, 0x1047, 0x1047, 0x1047, 0x1047, 0x1047, 0x1047,
  0x1047, 0x1067, 0x1067, 0x1067, 0x1067, 0x1067, 0x1067, 0x1067, 0x1067, 0x1067, 0x1067, 0x1067,
  0x1067, 0x1067, 0x1067, 0x1067, 0x1067, 0x1067, 0x1047, 0x1047, 0x1047, 0x1047, 0x0847, 0x0847,
  0x0847, 0x0846, 0x0846, 0x0846, 0x0846, 0x0846, 0x0846, 0x0846, 0x0846, 0x0826, 0x0826, 0x0826,
  0x0826, 0x0826, 0x0826, 0x0826, 0x0826, 0x0826, 0x0826, 0x0026, 0x0025, 0x0025, 0x0025, 0x0025,
  0x0025, 0x0025, 0x0005, 0x0025, 0x0025, 0x0005, 0x0005, 0x0005, 0x0005, 0x0005, 0x0005, 0x0005,
  0x0005, 0x0005, 0x0005, 0x0005, 0x0005, 0x0005, 0x0005, 0x0005, 0x0005, 0x0005, 0x0005, 0x0005,
  0x0005, 0x0005, 0x0005, 0x0005, 0x0005, 0x0005, 0x0005, 0x0005, 0x0827, 0x0827, 0x0827, 0x0847,
  0x0847, 0x0847, 0x0847, 0x0847, 0x0847, 0x0847, 0x0847, 0x0847, 0x0847, 0x0847, 0x0847, 0x0847,
  0x0847, 0x0847, 0x0847, 0x0847, 0x0847, 0x0847, 0x0847, 0x0847, 0x0847, 0x0847, 0x0847, 0x0847,
  0x0847, 0x0847, 0x0847, 0x0847, 0x0847, 0x0827, 0x0827, 0x0827, 0x0827, 0x0827, 0x0827, 0x0827,
  0x0827, 0x0827, 0x0827, 0x0827, 0x0827, 0x0827, 0x0827, 0x0827, 0x0827, 0x0826, 0x0826, 0x0826,
  0x0826, 0x0026, 0x0806, 0x0806, 0x0806, 0x0006, 0x0006, 0x0006, 0x0006, 0x0006, 0x0006, 0x0006,
  0x0006, 0x0006, 0x0006, 0x0006, 0x0006, 0x0006, 0x0006, 0x0006, 0x0006, 0x0006, 0x0006, 0x0006,
  0x0006, 0x0006, 0x0006, 0x0005, 0x0005, 0x0005, 0x0005, 0x0005, 0x0005, 0x0005, 0x0006, 0x0006,
  0x0005, 0x0005, 0x0005, 0x0005, 0x0005, 0x0006, 0x0005, 0x0005, 0x0005, 0x0006, 0x0006, 0x0005,
  0x0005, 0x0006, 0x0006, 0x0005, 0x0006, 0x0006, 0x0005, 0x0006, 0x0006, 0x0006, 0x0006, 0x0006,
  0x0006, 0x0006, 0x0006, 0x0006, 0x0006, 0x0006, 0x0006, 0x0006, 0x0006, 0x0006, 0x0006, 0x0006,
  0x0006, 0x0006, 0x0006, 0x0006, 0x0006, 0x0006, 0x0806, 0x0806, 0x0806, 0x0806, 0x0806, 0x0806,
  0x0806, 0x0806, 0x0806, 0x0026, 0x0826, 0x0826, 0x0826, 0x0826, 0x0826, 0x0826, 0x0826, 0x0826,
  0x0825, 0x0825, 0x0826, 0x0826, 0x0826, 0x0826, 0x0826, 0x0826, 0x0826, 0x0826, 0x0826, 0x0825,
  0x0025, 0x0025, 0x0025, 0x0025, 0x0025, 0x0025, 0x0025, 0x0025, 0x0825, 0x0825, 0x0025, 0x0025,
  0x0025, 0x0025, 0x0025, 0x0025, 0x0025, 0x0805, 0x0805, 0x0805, 0x0805, 0x0806, 0x0025, 0x0025,
  0x0025, 0x0025, 0x0825, 0x0825, 0x0825, 0x0825, 0x0825, 0x0805, 0x0025, 0x0025, 0x0025, 0x0025,
  0x0825, 0x0826, 0x0826, 0x0826, 0x0825, 0x0825, 0x0826, 0x0826, 0x0826, 0x0826, 0x0826, 0x0826,
  0x0826, 0x0826, 0x0826, 0x0826, 0x0826, 0x0826, 0x0826, 0x0826, 0x0826, 0x0826, 0x0826, 0x0826,
  0x0826, 0x0846, 0x0846, 0x0846, 0x0846, 0x0846, 0x0846, 0x0847, 0x1047, 0x1046, 0x1047, 0x1047,
  0x1047, 0x1047, 0x1047, 0x1047, 0x1067, 0x1067, 0x1067, 0x1067, 0x1067, 0x1067, 0x1067, 0x1067,
  0x1067, 0x1067, 0x1067, 0x1067, 0x1067, 0x1067, 0x1067, 0x1067, 0x1067, 0x1067, 0x1067, 0x1047,
  0x1047, 0x1047, 0x1047, 0x1047, 0x1047, 0x0847, 0x0847, 0x0847, 0x0847, 0x0847, 0x0846, 0x0846,
  0x0846, 0x0846, 0x0846, 0x0846, 0x0826, 0x0826, 0x0826, 0x0826, 0x0826, 0x0826, 0x0826, 0x0826,
  0x0826, 0x0826, 0x0026, 0x0026, 0x0025, 0x0025, 0x0025, 0x0025, 0x0025, 0x0025, 0x0005, 0x0005,
  0x0005, 0x0005, 0x0005, 0x0005, 0x0005, 0x0005, 0x0005, 0x0005, 0x0005, 0x0005, 0x0005, 0x0005,
  0x0005, 0x0005, 0x0005, 0x0005, 0x0005, 0x0005, 0x0005, 0x0005, 0x0005, 0x0005, 0x0005, 0x0005,
  0x0005, 0x0005, 0x0005, 0x0005, 0x0827, 0x0827, 0x0827, 0x0827, 0x0827, 0x0827, 0x0847, 0x0847,
  0x0847, 0x0847, 0x0847, 0x0847, 0x0847, 0x0847, 0x0847, 0x0847, 0x0847, 0x0847, 0x0847, 0x0847,
  0x0847, 0x0847, 0x0847, 0x0847, 0x0847, 0x0847, 0x0847, 0x0847, 0x0847, 0x0847, 0x0827, 0x0827,
  0x0827, 0x0827, 0x0827, 0x0827, 0x0827, 0x0827, 0x0827, 0x0827, 0x0827, 0x0827, 0x0827, 0x0827,
  0x0827, 0x0827, 0x0827, 0x0826, 0x0826, 0x0026, 0x0826, 0x0026, 0x0806, 0x0806, 0x0806, 0x0806,
  0x0006, 0x0006, 0x0006, 0x0006, 0x0006, 0x0006, 0x0006, 0x0006, 0x0006, 0x0006, 0x0006, 0x0006,
  0x0006, 0x0006, 0x0006, 0x0006, 0x0006, 0x0006, 0x0006, 0x0006, 0x0006, 0x0006, 0x0005, 0x0005,
  0x0005, 0x0005, 0x0005, 0x0005, 0x0005, 0x0005, 0x0006, 0x0006, 0x0005, 0x0005, 0x0005, 0x0005,
  0x0005, 0x0006, 0x0005, 0x0005, 0x0005, 0x0006, 0x0006, 0x0005, 0x0005, 0x0006, 0x0005, 0x0005,
  0x0006, 0x0006, 0x0005, 0x0006, 0x0006, 0x0006, 0x0006, 0x0006, 0x0006, 0x0006, 0x0006, 0x0006,
  0x0006, 0x0006, 0x0006, 0x0006, 0x0006, 0x0006, 0x0006, 0x0006, 0x0006, 0x0006, 0x0006, 0x0006,
  0x0006, 0x0006, 0x0006, 0x0806, 0x0806, 0x0806, 0x0806, 0x0806, 0x0806, 0x0806, 0x0806, 0x0806,
  0x0806, 0x0806, 0x0806, 0x0026, 0x0826, 0x0826, 0x0826, 0x0826, 0x0806, 0x0806, 0x0806, 0x0806,
  0x0806, 0x0806, 0x0806, 0x0026, 0x0026, 0x0026, 0x0026, 0x0806, 0x0826, 0x0826, 0x0825, 0x0825,
  0x0805, 0x0805, 0x0805, 0x0806, 0x0005, 0x0005, 0x0005, 0x0805, 0x0805, 0x0025, 0x0025, 0x0805,
  0x0805, 0x0805, 0x0805, 0x0805, 0x0805, 0x0805, 0x0805, 0x0025, 0x0025, 0x0025, 0x0025, 0x0805,
  0x0825, 0x0825, 0x0025, 0x0805, 0x0805, 0x0025, 0x0025, 0x0025, 0x0825, 0x0825, 0x0825, 0x0826,
  0x0825, 0x0825, 0x0826, 0x0826, 0x0825, 0x0826, 0x0826, 0x0826, 0x0826, 0x0826, 0x0826, 0x0826,
  0x0826, 0x0826, 0x0826, 0x0826, 0x0826, 0x0826, 0x0826, 0x0826, 0x0826, 0x0826, 0x0826, 0x0846,
  0x0846, 0x0846, 0x0846, 0x0847, 0x0847, 0x0847, 0x0847, 0x0847, 0x1047, 0x1047, 0x1047, 0x1047,
  0x1047, 0x1067, 0x1067, 0x1067, 0x1067, 0x1067, 0x1067, 0x1067, 0x1067, 0x1067, 0x1067, 0x1067,
  0x1067, 0x1047, 0x1047, 0x1047, 0x1047, 0x1047, 0x1047, 0x1047, 0x1047, 0x0847, 0x0847, 0x0847,
  0x0847, 0x0847, 0x0847, 0x0847, 0x0846, 0x0846, 0x0846, 0x0846, 0x0846, 0x0846, 0x0826, 0x0826,
  0x0826, 0x0826, 0x0826, 0x0826, 0x0826, 0x0826, 0x0826, 0x0826, 0x0826, 0x0826, 0x0826, 0x0025,
  0x0026, 0x0025, 0x0025, 0x0025, 0x0025, 0x0025, 0x0025, 0x0005, 0x0005, 0x0005, 0x0005, 0x0005,
  0x0005, 0x0005, 0x0005, 0x0005, 0x0005, 0x0005, 0x0005, 0x0005, 0x0005, 0x0005, 0x0005, 0x0005,
  0x0005, 0x0005, 0x0005, 0x0005, 0x0005, 0x0005, 0x0005, 0x0005, 0x0005, 0x0005, 0x0005, 0x0005,
  0x0827, 0x0827, 0x0827, 0x0827, 0x0827, 0x0827, 0x0827, 0x0827, 0x0827, 0x0827, 0x0827, 0x0847,
  0x0847, 0x0847, 0x0847, 0x0847, 0x0847, 0x0847, 0x0847, 0x0847, 0x0847, 0x0847, 0x0847, 0x0847,
  0x0847, 0x0827, 0x0827, 0x0827, 0x0827, 0x0827, 0x0827, 0x0827, 0x0827, 0x0827, 0x0827, 0x0827,
  0x0827, 0x0827, 0x0827, 0x0827, 0x0827, 0x0827, 0x0827, 0x0827, 0x0827, 0x0826, 0x0026, 0x0026,
  0x0826, 0x0826, 0x0026, 0x0806, 0x0806, 0x0806, 0x0006, 0x0006, 0x0006, 0x0006, 0x0006, 0x0006,
  0x0006, 0x0006, 0x0006, 0x0006, 0x0006, 0x0006, 0x0006, 0x0006, 0x0006, 0x0006, 0x0006, 0x0006,
  0x0006, 0x0006, 0x0006, 0x0006, 0x0005, 0x0005, 0x0005, 0x0005, 0x0005, 0x0005, 0x0005, 0x0005,
  0x0005, 0x0005, 0x0006, 0x0006, 0x0005, 0x0005, 0x0005, 0x0005, 0x0006, 0x0006, 0x0005, 0x0005,
  0x0005, 0x0006, 0x0006, 0x0005, 0x0006, 0x0006, 0x0005, 0x0006, 0x0006, 0x0006, 0x0005, 0x0006,
  0x0006, 0x0006, 0x0006, 0x0006, 0x0006, 0x0006, 0x0006, 0x0006, 0x0006, 0x0006, 0x0006, 0x0006,
  0x0006, 0x0006, 0x0006, 0x0006, 0x0006, 0x0006, 0x0006, 0x0006, 0x0006, 0x0006, 0x0006, 0x0006,
  0x0006, 0x0806, 0x0806, 0x0806, 0x0806, 0x0806, 0x0806, 0x0806, 0x0806, 0x0806, 0x0806, 0x0806,
  0x0806, 0x0806, 0x0806, 0x0806, 0x0806, 0x0806, 0x0806, 0x0026, 0x0026, 0x0026, 0x0026, 0x0806,
  0x0806, 0x0806, 0x0806, 0x0806, 0x0805, 0x0805, 0x0805, 0x0805, 0x0805, 0x0806, 0x0005, 0x0005,
  0x0005, 0x0005, 0x0005, 0x0805, 0x0805, 0x0805, 0x0805, 0x0805, 0x0005, 0x0005, 0x0005, 0x0805,
  0x0805, 0x0805, 0x0805, 0x0805, 0x0025, 0x0805, 0x0805, 0x0805, 0x0005, 0x0025, 0x0025, 0x0005,
  0x0805, 0x0025, 0x0025, 0x0025, 0x0025, 0x0826, 0x0826, 0x0025, 0x0825, 0x0825, 0x0825, 0x0825,
  0x0825, 0x0826, 0x0826, 0x0826, 0x0826, 0x0826, 0x0826, 0x0826, 0x0826, 0x0826, 0x0826, 0x0826,
  0x0826, 0x0826, 0x0826, 0x0826, 0x0846, 0x0846, 0x0846, 0x0846, 0x0846, 0x0846, 0x0846, 0x0846,
  0x0847, 0x0847, 0x0847, 0x0847, 0x0847, 0x1047, 0x1047, 0x1047, 0x1047, 0x1047, 0x1047, 0x1047,
  0x1047, 0x1047, 0x1047, 0x1047, 0x1047, 0x1047, 0x1047, 0x1047, 0x1047, 0x1047, 0x1047, 0x1047,
  0x1047, 0x1047, 0x0847, 0x0847, 0x0847, 0x0847, 0x0847, 0x0847, 0x0847, 0x0847, 0x0847, 0x0847,
  0x0847, 0x0846, 0x0846, 0x0846, 0x0826, 0x0826, 0x0826, 0x0826, 0x0826, 0x0826, 0x0826, 0x0826,
  0x0826, 0x0826, 0x0826, 0x0826, 0x0826, 0x0026, 0x0026, 0x0025, 0x0025, 0x0025, 0x0025, 0x0025,
  0x0025, 0x0025, 0x0025, 0x0025, 0x0005, 0x0005, 0x0005, 0x0005, 0x0005, 0x0005, 0x0005, 0x0005,
  0x0005, 0x0005, 0x0005, 0x0005, 0x0005, 0x0005, 0x0005, 0x0005, 0x0005, 0x0005, 0x0005, 0x0005,
  0x0005, 0x0005, 0x0005, 0x0005, 0x0005, 0x0005, 0x0005, 0x0005, 0x0827, 0x0827, 0x0827, 0x0827,
  0x0827, 0x0827, 0x0827, 0x0827, 0x0827, 0x0827, 0x0827, 0x0827, 0x0827, 0x0827, 0x0827, 0x0827,
  0x0827, 0x0827, 0x0827, 0x0827, 0x0827, 0x0827, 0x0827, 0x0827, 0x0827, 0x0827, 0x0827, 0x0827,
  0x0827, 0x0827, 0x0827, 0x0827, 0x0827, 0x0827, 0x0827, 0x0827, 0x0827, 0x0827, 0x0827, 0x0827,
  0x0827, 0x0827, 0x0827, 0x0827, 0x0026, 0x0026, 0x0826, 0x0826, 0x0026, 0x0806, 0x0806, 0x0806,
  0x0806, 0x0006, 0x0006, 0x0006, 0x0006, 0x0006, 0x0006, 0x0006, 0x0006, 0x0006, 0x0006, 0x0006,
  0x0006, 0x0006, 0x0006, 0x0006, 0x0006, 0x0006, 0x0006, 0x0006, 0x0006, 0x0006, 0x0006, 0x0005,
  0x0005, 0x0005, 0x0005, 0x0005, 0x0005, 0x0005, 0x0005, 0x0005, 0x0005, 0x0005, 0x0006, 0x0006,
  0x0005, 0x0005, 0x0005, 0x0005, 0x0006, 0x0006, 0x0005, 0x0005, 0x0006, 0x0006, 0x0006, 0x0005,
  0x0006, 0x0006, 0x0005, 0x0006, 0x0006, 0x0006, 0x0006, 0x0006, 0x0006, 0x0006, 0x0006, 0x0006,
  0x0006, 0x0006, 0x0006, 0x0006, 0x0006, 0x0006, 0x0006, 0x0006, 0x0006, 0x0006, 0x0006, 0x0006,
  0x0006, 0x0006, 0x0006, 0x0006, 0x0006, 0x0006, 0x0006, 0x0006, 0x0006, 0x0006, 0x0006, 0x0806,
  0x0806, 0x0806, 0x0806, 0x0806, 0x0806, 0x0806, 0x0806, 0x0806, 0x0806, 0x0806, 0x0806, 0x0806,
  0x0806, 0x0806, 0x0806, 0x0806, 0x0806, 0x0806, 0x0806, 0x0806, 0x0806, 0x0806, 0x0806, 0x0806,
  0x0806, 0x0806, 0x0806, 0x0025, 0x0025, 0x0025, 0x0025, 0x0025, 0x0026, 0x0805, 0x0805, 0x0805,
  0x0805, 0x0005, 0x0005, 0x0005, 0x0005, 0x0005, 0x0005, 0x0805, 0x0805, 0x0805, 0x0805, 0x0805,
  0x0805, 0x0805, 0x0005, 0x0005, 0x0005, 0x0025, 0x0025, 0x0005, 0x0005, 0x0805, 0x0025, 0x0025,
  0x0025, 0x0825, 0x0805, 0x0025, 0x0025, 0x0826, 0x0825, 0x0825, 0x0825, 0x0826, 0x0826, 0x0826,
  0x0826, 0x0826, 0x0826, 0x0826, 0x0826, 0x0826, 0x0826, 0x0826, 0x0826, 0x0826, 0x0826, 0x0826,
  0x0826, 0x0826, 0x0846, 0x0846, 0x0846, 0x0846, 0x0846, 0x0846, 0x0846, 0x0847, 0x0847, 0x0847,
  0x0847, 0x0847, 0x0847, 0x0847, 0x0847, 0x0847, 0x1047, 0x1047, 0x1047, 0x1047, 0x1047, 0x1047,
  0x1047, 0x0847, 0x1047, 0x1047, 0x0847, 0x0847, 0x0847, 0x0847, 0x0847, 0x0847, 0x0847, 0x0847,
  0x0847, 0x0847, 0x0847, 0x0847, 0x0847, 0x0847, 0x0847, 0x0846, 0x0846, 0x0846, 0x0826, 0x0826,
  0x0826, 0x0826, 0x0826, 0x0826, 0x0826, 0x0826, 0x0826, 0x0826, 0x0826, 0x0826, 0x0826, 0x0826,
  0x0026, 0x0026, 0x0026, 0x0025, 0x0025, 0x0025, 0x0025, 0x0025, 0x0025, 0x0025, 0x0005, 0x0025,
  0x0005, 0x0005, 0x0005, 0x0005, 0x0005, 0x0005, 0x0005, 0x0005, 0x0005, 0x0005, 0x0005, 0x0005,
  0x0005, 0x0005, 0x0005, 0x0005, 0x0005, 0x0005, 0x0005, 0x0005, 0x0005, 0x0005, 0x0005, 0x0005,
  0x0005, 0x0005, 0x0005, 0x0005, 0x0827, 0x0827, 0x0827, 0x0827, 0x0827, 0x0827, 0x0827, 0x0827,
  0x0827, 0x0827, 0x0827, 0x0827, 0x0827, 0x0827, 0x0827, 0x0827, 0x0827, 0x0827, 0x0827, 0x0827,
  0x0827, 0x0827, 0x0827, 0x0827, 0x0827, 0x0827, 0x0827, 0x0827, 0x0827, 0x0827, 0x0827, 0x0827,
  0x0827, 0x0827, 0x0827, 0x0827, 0x0827, 0x0827, 0x0827, 0x0827, 0x0827, 0x0826, 0x0826, 0x0026,
  0x0826, 0x0826, 0x0026, 0x0026, 0x0806, 0x0806, 0x0806, 0x0006, 0x0006, 0x0006, 0x0006, 0x0006,
  0x0006, 0x0006, 0x0006, 0x0006, 0x0006, 0x0006, 0x0006, 0x0006, 0x0006, 0x0006, 0x0006, 0x0006,
  0x0006, 0x0006, 0x0006, 0x0006, 0x0006, 0x0006, 0x0006, 0x0005, 0x0005, 0x0005, 0x0005, 0x0005,
  0x0005, 0x0005, 0x0005, 0x0005, 0x0005, 0x0006, 0x0006, 0x0006, 0x0005, 0x0005, 0x0005, 0x0006,
  0x0006, 0x0006, 0x0005, 0x0006, 0x0006, 0x0006, 0x0005, 0x0006, 0x0006, 0x0006, 0x0006, 0x0006,
  0x0006, 0x0006, 0x0006, 0x0006, 0x0006, 0x0006, 0x0006, 0x0006, 0x0006, 0x0006, 0x0006, 0x0006,
  0x0006, 0x0006, 0x0006, 0x0006, 0x0006, 0x0006, 0x0006, 0x0006, 0x0006, 0x0006, 0x0006, 0x0006,
  0x0006, 0x0006, 0x0006, 0x0006, 0x0006, 0x0006, 0x0006, 0x0006, 0x0006, 0x0806, 0x0806, 0x0806,
  0x0806, 0x0806, 0x0806, 0x0806, 0x0806, 0x0806, 0x0806, 0x0806, 0x0806, 0x0806, 0x0806, 0x0806,
  0x0806, 0x0806, 0x0806, 0x0805, 0x0805, 0x0806, 0x0806, 0x0806, 0x0806, 0x0005, 0x0005, 0x0005,
  0x0025, 0x0025, 0x0005, 0x0005, 0x0805, 0x0805, 0x0805, 0x0005, 0x0005, 0x0005, 0x0005, 0x0005,
  0x0005, 0x0005, 0x0005, 0x0005, 0x0805, 0x0805, 0x0005, 0x0005, 0x0005, 0x0005, 0x0005, 0x0005,
  0x0005, 0x0805, 0x0005, 0x0005, 0x0005, 0x0005, 0x0025, 0x0025, 0x0025, 0x0805, 0x0805, 0x0025,
  0x0025, 0x0825, 0x0825, 0x0825, 0x0825, 0x0826, 0x0826, 0x0826, 0x0826, 0x0826, 0x0826, 0x0826,
  0x0826, 0x0826, 0x0826, 0x0826, 0x0826, 0x0826, 0x0826, 0x0826, 0x0826, 0x0826, 0x0826, 0x0826,
  0x0826, 0x0846, 0x0826, 0x0826, 0x0846, 0x0847, 0x0846, 0x0847, 0x0847, 0x0847, 0x0847, 0x0847,
  0x0847, 0x0847, 0x0847, 0x0847, 0x0847, 0x0847, 0x0847, 0x0847, 0x0847, 0x0847, 0x0847, 0x0847,
  0x0847, 0x0847, 0x0847, 0x0847, 0x0847, 0x0847, 0x0847, 0x0847, 0x0847, 0x0847, 0x0847, 0x0847,
  0x0847, 0x0847, 0x0847, 0x0846, 0x0846, 0x0826, 0x0826, 0x0826, 0x0826, 0x0826, 0x0826, 0x0826,
  0x0826, 0x0826, 0x0826, 0x0826, 0x0826, 0x0826, 0x0026, 0x0026, 0x0026, 0x0026, 0x0026, 0x0026,
  0x0025, 0x0025, 0x0025, 0x0025, 0x0025, 0x0025, 0x0025, 0x0005, 0x0005, 0x0005, 0x0005, 0x0005,
  0x0005, 0x0005, 0x0005, 0x0005, 0x0005, 0x0005, 0x0005, 0x0005, 0x0005, 0x0005, 0x0005, 0x0005,
  0x0005, 0x0005, 0x0005, 0x0005, 0x0005, 0x0005, 0x0005, 0x0005, 0x0005, 0x0005, 0x0005, 0x0005,
  0x0827, 0x0827, 0x0827, 0x0827, 0x0827, 0x0827, 0x0827, 0x0827, 0x0827, 0x0827, 0x0827, 0x0827,
  0x0827, 0x0827, 0x0827, 0x0827, 0x0827, 0x0827, 0x0827, 0x0827, 0x0827, 0x0827, 0x0827, 0x0827,
  0x0827, 0x0827, 0x0827, 0x0827, 0x0827, 0x0827, 0x0827, 0x0827, 0x0827, 0x0827, 0x0827, 0x0827,
  0x0827, 0x0827, 0x0827, 0x0826, 0x0826, 0x0026, 0x0826, 0x0826, 0x0026, 0x0026, 0x0806, 0x0806,
  0x0806, 0x0806, 0x0006, 0x0006, 0x0006, 0x0006, 0x0006, 0x0006, 0x0006, 0x0006, 0x0006, 0x0006,
  0x0006, 0x0006, 0x0006, 0x0006, 0x0006, 0x0006, 0x0006, 0x0006, 0x0006, 0x0006, 0x0006, 0x0006,
  0x0006, 0x0006, 0x0006, 0x0006, 0x0005, 0x0005, 0x0005, 0x0005, 0x0005, 0x0005, 0x0005, 0x0005,
  0x0006, 0x0006, 0x0005, 0x0006, 0x0005, 0x0005, 0x0006, 0x0006, 0x0006, 0x0005, 0x0005, 0x0006,
  0x0006, 0x0006, 0x0006, 0x0006, 0x0006, 0x0006, 0x0006, 0x0006, 0x0006, 0x0006, 0x0006, 0x0006,
  0x0006, 0x0006, 0x0006, 0x0006, 0x0006, 0x0006, 0x0006, 0x0006, 0x0006, 0x0006, 0x0006, 0x0006,
  0x0006, 0x0006, 0x0006, 0x0006, 0x0006, 0x0006, 0x0006, 0x0006, 0x0006, 0x0006, 0x0006, 0x0006,
  0x0006, 0x0006, 0x0006, 0x0006, 0x0006, 0x0006, 0x0006, 0x0006, 0x0806, 0x0806, 0x0806, 0x0806,
  0x0806, 0x0806, 0x0806, 0x0806, 0x0806, 0x0806, 0x0806, 0x0806, 0x0806, 0x0806, 0x0806, 0x0806,
  0x0006, 0x0006, 0x0006, 0x0005, 0x0005, 0x0005, 0x0005, 0x0005, 0x0006, 0x0005, 0x0005, 0x0005,
  0x0005, 0x0005, 0x0005, 0x0005, 0x0005, 0x0005, 0x0005, 0x0005, 0x0005, 0x0005, 0x0005, 0x0005,
  0x0805, 0x0005, 0x0005, 0x0005, 0x0005, 0x0005, 0x0005, 0x0005, 0x0005, 0x0805, 0x0005, 0x0005,
  0x0005, 0x0005, 0x0025, 0x0805, 0x0805, 0x0805, 0x0805, 0x0805, 0x0025, 0x0825, 0x0825, 0x0025,
  0x0025, 0x0826, 0x0826, 0x0825, 0x0826, 0x0826, 0x0826, 0x0826, 0x0826, 0x0826, 0x0826, 0x0826,
  0x0826, 0x0826, 0x0826, 0x0826, 0x0826, 0x0826, 0x0826, 0x0826, 0x0826, 0x0826, 0x0826, 0x0846,
  0x0846, 0x0846, 0x0846, 0x0847, 0x0846, 0x0846, 0x0846, 0x0847, 0x0847, 0x0847, 0x0847, 0x0847,
  0x0847, 0x0847, 0x0847, 0x0847, 0x0847, 0x0847, 0x0847, 0x0847, 0x0847, 0x0847, 0x0847, 0x0847,
  0x0847, 0x0847, 0x0847, 0x0847, 0x0847, 0x0847, 0x0847, 0x0846, 0x0847, 0x0846, 0x0826, 0x0826,
  0x0826, 0x0826, 0x0826, 0x0826, 0x0826, 0x0826, 0x0826, 0x0826, 0x0826, 0x0826, 0x0826, 0x0826,
  0x0826, 0x0826, 0x0826, 0x0026, 0x0026, 0x0026, 0x0026, 0x0025, 0x0025, 0x0025, 0x0025, 0x0025,
  0x0025, 0x0025, 0x0025, 0x0005, 0x0005, 0x0005, 0x0005, 0x0005, 0x0005, 0x0005, 0x0005, 0x0005,
  0x0005, 0x0005, 0x0005, 0x0005, 0x0005, 0x0005, 0x0005, 0x0005, 0x0005, 0x0005, 0x0005, 0x0005,
  0x0005, 0x0005, 0x0005, 0x0005, 0x0005, 0x0005, 0x0005, 0x0005, 0x0826, 0x0827, 0x0827, 0x0827,
  0x0827, 0x0827, 0x0827, 0x0827, 0x0827, 0x0827, 0x0827, 0x0827, 0x0827, 0x0827, 0x0827, 0x0827,
  0x0827, 0x0827, 0x0827, 0x0827, 0x0827, 0x0827, 0x0827, 0x0827, 0x0827, 0x0827, 0x0827, 0x0827,
  0x0827, 0x0827, 0x0827, 0x0827, 0x0827, 0x0827, 0x0827, 0x0827, 0x0826, 0x0826, 0x0026, 0x0826,
  0x0826, 0x0026, 0x0826, 0x0026, 0x0806, 0x0806, 0x0806, 0x0806, 0x0006, 0x0006, 0x0006, 0x0006,
  0x0006, 0x0006, 0x0006, 0x0006, 0x0006, 0x0006, 0x0006, 0x0006, 0x0006, 0x0006, 0x0006, 0x0006,
  0x0006, 0x0006, 0x0006, 0x0006, 0x0006, 0x0006, 0x0006, 0x0006, 0x0006, 0x0006, 0x0006, 0x0006,
  0x0006, 0x0005, 0x0005, 0x0005, 0x0005, 0x0005, 0x0005, 0x0005, 0x0006, 0x0005, 0x0005, 0x0005,
  0x0005, 0x0005, 0x0006, 0x0006, 0x0006, 0x0005, 0x0006, 0x0006, 0x0006, 0x0006, 0x0006, 0x0006,
  0x0006, 0x0006, 0x0006, 0x0006, 0x0006, 0x0006, 0x0006, 0x0006, 0x0006, 0x0006, 0x0006, 0x0006,
  0x0006, 0x0006, 0x0006, 0x0006, 0x0006, 0x0006, 0x0006, 0x0006, 0x0006, 0x0006, 0x0006, 0x0006,
  0x0006, 0x0006, 0x0006, 0x0006, 0x0006, 0x0006, 0x0006, 0x0006, 0x0006, 0x0006, 0x0006, 0x0006,
  0x0006, 0x0006, 0x0006, 0x0006, 0x0006, 0x0006, 0x0006, 0x0006, 0x0006, 0x0006, 0x0806, 0x0806,
  0x0806, 0x0006, 0x0006, 0x0006, 0x0006, 0x0006, 0x0006, 0x0006, 0x0006, 0x0005, 0x0006, 0x0006,
  0x0806, 0x0806, 0x0806, 0x0805, 0x0005, 0x0005, 0x0005, 0x0005, 0x0005, 0x0005, 0x0005, 0x0005,
  0x0005, 0x0005, 0x0005, 0x0005, 0x0005, 0x0005, 0x0005, 0x0005, 0x0005, 0x0005, 0x0005, 0x0005,
  0x0005, 0x0005, 0x0005, 0x0005, 0x0005, 0x0005, 0x0005, 0x0005, 0x0005, 0x0005, 0x0805, 0x0805,
  0x0805, 0x0805, 0x0805, 0x0805, 0x0805, 0x0805, 0x0825, 0x0025, 0x0025, 0x0825, 0x0825, 0x0825,
  0x0826, 0x0025, 0x0826, 0x0826, 0x0826, 0x0826, 0x0826, 0x0826, 0x0826, 0x0826, 0x0826, 0x0826,
  0x0826, 0x0826, 0x0826, 0x0826, 0x0826, 0x0826, 0x0826, 0x0846, 0x0846, 0x0846, 0x0846, 0x0846,
  0x0846, 0x0846, 0x0847, 0x0847, 0x0847, 0x0847, 0x0847, 0x0847, 0x0847, 0x0847, 0x0847, 0x0847,
  0x0847, 0x0847, 0x0847, 0x0847, 0x0847, 0x0847, 0x0847, 0x0847, 0x0847, 0x0847, 0x0847, 0x0847,
  0x0847, 0x0847, 0x0847, 0x0827, 0x0826, 0x0827, 0x0827, 0x0826, 0x0826, 0x0826, 0x0826, 0x0826,
  0x0826, 0x0826, 0x0826, 0x0826, 0x0826, 0x0826, 0x0826, 0x0826, 0x0026, 0x0826, 0x0826, 0x0026,
  0x0026, 0x0026, 0x0026, 0x0026, 0x0026, 0x0025, 0x0025, 0x0025, 0x0025, 0x0025, 0x0005, 0x0005,
  0x0005, 0x0005, 0x0005, 0x0005, 0x0005, 0x0005, 0x0005, 0x0005, 0x0005, 0x0005, 0x0005, 0x0005,
  0x0005, 0x0005, 0x0005, 0x0005, 0x0005, 0x0005, 0x0005, 0x0005, 0x0005, 0x0005, 0x0005, 0x0005,
  0x0005, 0x0005, 0x0005, 0x0005, 0x0826, 0x0026, 0x0826, 0x0826, 0x0827, 0x0827, 0x0827, 0x0827,
  0x0827, 0x0827, 0x0827, 0x0827, 0x0827, 0x0827, 0x0827, 0x0827, 0x0827, 0x0827, 0x0827, 0x0827,
  0x0827, 0x0827, 0x0827, 0x0827, 0x0827, 0x0827, 0x0827, 0x0827, 0x0827, 0x0827, 0x0827, 0x0827,
  0x0827, 0x0826, 0x0826, 0x0026, 0x0026, 0x0826, 0x0826, 0x0026, 0x0826, 0x0026, 0x0806, 0x0806,
  0x0806, 0x0806, 0x0006, 0x0006, 0x0006, 0x0006, 0x0006, 0x0006, 0x0006, 0x0006, 0x0006, 0x0006,
  0x0006, 0x0006, 0x0006, 0x0006, 0x0006, 0x0006, 0x0006, 0x0006, 0x0006, 0x0006, 0x0006, 0x0006,
  0x0006, 0x0006, 0x0006, 0x0006, 0x0006, 0x0006, 0x0006, 0x0006, 0x0006, 0x0005, 0x0005, 0x0005,
  0x0005, 0x0005, 0x0005, 0x0006, 0x0006, 0x0006, 0x0006, 0x0005, 0x0005, 0x0006, 0x0006, 0x0006,
  0x0006, 0x0006, 0x0006, 0x0006, 0x0006, 0x0006, 0x0006, 0x0006, 0x0006, 0x0006, 0x0006, 0x0006,
  0x0006, 0x0006, 0x0006, 0x0006, 0x0006, 0x0006, 0x0006, 0x0006, 0x0006, 0x0006, 0x0006, 0x0006,
  0x0006, 0x0006, 0x0006, 0x0006, 0x0006, 0x0006, 0x0006, 0x0006, 0x0006, 0x0006, 0x0006, 0x0006,
  0x0006, 0x0006, 0x0006, 0x0006, 0x0006, 0x0006, 0x0006, 0x0006, 0x0006, 0x0006, 0x0006, 0x0006,
  0x0006, 0x0006, 0x0006, 0x0006, 0x0006, 0x0006, 0x0006, 0x0006, 0x0006, 0x0006, 0x0006, 0x0006,
  0x0006, 0x0006, 0x0006, 0x0005, 0x0005, 0x0006, 0x0006, 0x0006, 0x0006, 0x0005, 0x0005, 0x0005,
  0x0005, 0x0005, 0x0005, 0x0005, 0x0005, 0x0005, 0x0005, 0x0005, 0x0005, 0x0005, 0x0005, 0x0005,
  0x0005, 0x0005, 0x0005, 0x0005, 0x0005, 0x0005, 0x0005, 0x0005, 0x0005, 0x0005, 0x0005, 0x0005,
  0x0005, 0x0005, 0x0005, 0x0005, 0x0005, 0x0005, 0x0005, 0x0005, 0x0005, 0x0805, 0x0805, 0x0805,
  0x0025, 0x0805, 0x0805, 0x0805, 0x0025, 0x0025, 0x0025, 0x0825, 0x0025, 0x0025, 0x0026, 0x0826,
  0x0826, 0x0826, 0x0826, 0x0826, 0x0826, 0x0826, 0x0826, 0x0826, 0x0826, 0x0826, 0x0826, 0x0826,
  0x0826, 0x0826, 0x0826, 0x0826, 0x0826, 0x0826, 0x0826, 0x0846, 0x0846, 0x0846, 0x0846, 0x0847,
  0x0847, 0x0847, 0x0847, 0x0847, 0x0847, 0x0847, 0x0847, 0x0847, 0x0847, 0x0847, 0x0847, 0x0847,
  0x0847, 0x0847, 0x0847, 0x0847, 0x0847, 0x0847, 0x0847, 0x0827, 0x0826, 0x0826, 0x0826, 0x0826,
  0x0826, 0x0826, 0x0826, 0x0826, 0x0826, 0x0826, 0x0026, 0x0826, 0x0826, 0x0826, 0x0826, 0x0826,
  0x0826, 0x0826, 0x0026, 0x0026, 0x0026, 0x0826, 0x0026, 0x0026, 0x0026, 0x0026, 0x0026, 0x0026,
  0x0025, 0x0025, 0x0025, 0x0025, 0x0025, 0x0005, 0x0005, 0x0005, 0x0005, 0x0005, 0x0005, 0x0005,
  0x0005, 0x0005, 0x0005, 0x0005, 0x0005, 0x0005, 0x0005, 0x0005, 0x0005, 0x0005, 0x0005, 0x0005,
  0x0005, 0x0005, 0x0005, 0x0005, 0x0005, 0x0005, 0x0005, 0x0005, 0x0005, 0x0005, 0x0005, 0x0005,
  0x0826, 0x0026, 0x0826, 0x0826, 0x0826, 0x0026, 0x0826, 0x0826, 0x0826, 0x0827, 0x0827, 0x0827,
  0x0827, 0x0827, 0x0827, 0x0827, 0x0827, 0x0827, 0x0827, 0x0827, 0x0827, 0x0827, 0x0827, 0x0827,
  0x0827, 0x0827, 0x0827, 0x0827, 0x0826, 0x0826, 0x0826, 0x0026, 0x0026, 0x0826, 0x0826, 0x0826,
  0x0026, 0x0826, 0x0026, 0x0806, 0x0806, 0x0806, 0x0806, 0x0806, 0x0006, 0x0006, 0x0006, 0x0006,
  0x0006, 0x0006, 0x0006, 0x0006, 0x0006, 0x0006, 0x0006, 0x0006, 0x0006, 0x0006, 0x0006, 0x0006,
  0x0006, 0x0006, 0x0006, 0x0006, 0x0006, 0x0006, 0x0006, 0x0006, 0x0006, 0x0006, 0x0006, 0x0006,
  0x0006, 0x0006, 0x0006, 0x0006, 0x0006, 0x0005, 0x0005, 0x0005, 0x0005, 0x0005, 0x0006, 0x0006,
  0x0006, 0x0005, 0x0006, 0x0005, 0x0006, 0x0006, 0x0006, 0x0006, 0x0006, 0x0006, 0x0006, 0x0006,
  0x0006, 0x0006, 0x0006, 0x0006, 0x0006, 0x0006, 0x0006, 0x0006, 0x0006, 0x0006, 0x0006, 0x0006,
  0x0006, 0x0006, 0x0006, 0x0006, 0x0006, 0x0006, 0x0006, 0x0006, 0x0006, 0x0006, 0x0006, 0x0006,
  0x0006, 0x0006, 0x0006, 0x0006, 0x0006, 0x0006, 0x0006, 0x0006, 0x0006, 0x0006, 0x0006, 0x0006,
  0x0006, 0x0006, 0x0006, 0x0006, 0x0006, 0x0006, 0x0006, 0x0006, 0x0006, 0x0006, 0x0006, 0x0006,
  0x0006, 0x0006, 0x0006, 0x0006, 0x0006, 0x0006, 0x0006, 0x0006, 0x0006, 0x0006, 0x0005, 0x0005,
  0x0006, 0x0006, 0x0006, 0x0006, 0x0005, 0x0005, 0x0005, 0x0005, 0x0005, 0x0005, 0x0005, 0x0005,
  0x0005, 0x0005, 0x0005, 0x0005, 0x0005, 0x0005, 0x0005, 0x0005, 0x0005, 0x0005, 0x0005, 0x0005,
  0x0005, 0x0005, 0x0005, 0x0005, 0x0005, 0x0005, 0x0005, 0x0005, 0x0005, 0x0005, 0x0005, 0x0005,
  0x0005, 0x0005, 0x0005, 0x0005, 0x0005, 0x0005, 0x0005, 0x0025, 0x0025, 0x0805, 0x0025, 0x0025,
  0x0025, 0x0025, 0x0025, 0x0025, 0x0025, 0x0025, 0x0025, 0x0026, 0x0826, 0x0826, 0x0826, 0x0826,
  0x0826, 0x0826, 0x0826, 0x0826, 0x0826, 0x0826, 0x0826, 0x0826, 0x0826, 0x0826, 0x0826, 0x0826,
  0x0826, 0x0826, 0x0826, 0x0826, 0x0826, 0x0826, 0x0826, 0x0826, 0x0846, 0x0846, 0x0847, 0x0847,
  0x0847, 0x0847, 0x0847, 0x0847, 0x0847, 0x0847, 0x0847, 0x0847, 0x0847, 0x0847, 0x0827, 0x0827,
  0x0847, 0x0847, 0x0847, 0x0847, 0x0847, 0x0847, 0x0846, 0x0846, 0x0826, 0x0026, 0x0026, 0x0026,
  0x0026, 0x0026, 0x0026, 0x0026, 0x0826, 0x0826, 0x0826, 0x0826, 0x0826, 0x0026, 0x0026, 0x0026,
  0x0026, 0x0026, 0x0026, 0x0026, 0x0026, 0x0026, 0x0026, 0x0026, 0x0026, 0x0025, 0x0025, 0x0005,
  0x0025, 0x0005, 0x0005, 0x0005, 0x0005, 0x0005, 0x0005, 0x0005, 0x0005, 0x0005, 0x0005, 0x0005,
  0x0005, 0x0005, 0x0005, 0x0005, 0x0005, 0x0005, 0x0005, 0x0005, 0x0005, 0x0005, 0x0005, 0x0005,
  0x0005, 0x0005, 0x0005, 0x0005, 0x0005, 0x0005, 0x0005, 0x0005, 0x0026, 0x0026, 0x0826, 0x0826,
  0x0026, 0x0026, 0x0826, 0x0826, 0x0826, 0x0827, 0x0026, 0x0826, 0x0826, 0x0826, 0x0826, 0x0826,
  0x0826, 0x0826, 0x0826, 0x0826, 0x0826, 0x0826, 0x0826, 0x0826, 0x0826, 0x0826, 0x0026, 0x0026,
  0x0826, 0x0826, 0x0826, 0x0826, 0x0026, 0x0826, 0x0826, 0x0026, 0x0026, 0x0806, 0x0806, 0x0806,
  0x0806, 0x0006, 0x0006, 0x0006, 0x0006, 0x0006, 0x0006, 0x0006, 0x0006, 0x0006, 0x0006, 0x0006,
  0x0006, 0x0006, 0x0006, 0x0006, 0x0006, 0x0006, 0x0006, 0x0006, 0x0006, 0x0006, 0x0006, 0x0006,
  0x0006, 0x0006, 0x0006, 0x0006, 0x0006, 0x0006, 0x0006, 0x0006, 0x0006, 0x0006, 0x0006, 0x0006,
  0x0006, 0x0005, 0x0005, 0x0005, 0x0005, 0x0006, 0x0006, 0x0006, 0x0005, 0x0005, 0x0005, 0x0006,
  0x0006, 0x0006, 0x0006, 0x0006, 0x0006, 0x0006, 0x0006, 0x0006, 0x0006, 0x0006, 0x0006, 0x0006,
  0x0006, 0x0006, 0x0006, 0x0006, 0x0006, 0x0006, 0x0006, 0x0006, 0x0006, 0x0006, 0x0006, 0x0006,
  0x0006, 0x0006, 0x0006, 0x0006, 0x0006, 0x0006, 0x0006, 0x0006, 0x0006, 0x0006, 0x0006, 0x0006,
  0x0006, 0x0006, 0x0006, 0x0006, 0x0006, 0x0006, 0x0006, 0x0006, 0x0006, 0x0006, 0x0006, 0x0006,
  0x0006, 0x0006, 0x0006, 0x0006, 0x0006, 0x0006, 0x0006, 0x0006, 0x0006, 0x0006, 0x0006, 0x0006,
  0x0006, 0x0006, 0x0006, 0x0006, 0x0005, 0x0005, 0x0005, 0x0006, 0x0006, 0x0006, 0x0005, 0x0005,
  0x0005, 0x0005, 0x0005, 0x0005, 0x0005, 0x0005, 0x0006, 0x0005, 0x0005, 0x0005, 0x0005, 0x0005,
  0x0005, 0x0005, 0x0005, 0x0005, 0x0005, 0x0005, 0x0005, 0x0005, 0x0005, 0x0005, 0x0005, 0x0005,
  0x0005, 0x0005, 0x0005, 0x0005, 0x0005, 0x0005, 0x0005, 0x0005, 0x0005, 0x0005, 0x0005, 0x0005,
  0x0005, 0x0005, 0x0005, 0x0025, 0x0025, 0x0805, 0x0025, 0x0025, 0x0025, 0x0025, 0x0025, 0x0025,
  0x0025, 0x0025, 0x0025, 0x0025, 0x0826, 0x0826, 0x0826, 0x0826, 0x0826, 0x0826, 0x0826, 0x0826,
  0x0826, 0x0826, 0x0826, 0x0826, 0x0826, 0x0826, 0x0826, 0x0826, 0x0826, 0x0826, 0x0826, 0x0826,
  0x0826, 0x0826, 0x0826, 0x0826, 0x0827, 0x0827, 0x0827, 0x0827, 0x0827, 0x0827, 0x0827, 0x0827,
  0x0827, 0x0847, 0x0847, 0x0847, 0x0847, 0x0847, 0x0847, 0x0847, 0x0847, 0x0847, 0x0847, 0x0847,
  0x0847, 0x0827, 0x0027, 0x0027, 0x0026, 0x0026, 0x0026, 0x0026, 0x0026, 0x0026, 0x0026, 0x0026,
  0x0026, 0x0026, 0x0026, 0x0026, 0x0026, 0x0026, 0x0026, 0x0026, 0x0026, 0x0026, 0x0026, 0x0026,
  0x0026, 0x0026, 0x0026, 0x0026, 0x0026, 0x0025, 0x0025, 0x0025, 0x0025, 0x0025, 0x0025, 0x0005,
  0x0005, 0x0005, 0x0005, 0x0005, 0x0005, 0x0005, 0x0005, 0x0005, 0x0005, 0x0005, 0x0005, 0x0005,
  0x0005, 0x0005, 0x0005, 0x0005, 0x0005, 0x0005, 0x0005, 0x0005, 0x0005, 0x0005, 0x0005, 0x0005,
  0x0005, 0x0005, 0x0005, 0x0005, 0x0806, 0x0806, 0x0806, 0x0026, 0x0026, 0x0026, 0x0826, 0x0826,
  0x0826, 0x0826, 0x0026, 0x0026, 0x0826, 0x0826, 0x0826, 0x0826, 0x0826, 0x0826, 0x0826, 0x0826,
  0x0826, 0x0826, 0x0826, 0x0826, 0x0826, 0x0826, 0x0026, 0x0026, 0x0826, 0x0826, 0x0826, 0x0026,
  0x0026, 0x0806, 0x0806, 0x0806, 0x0806, 0x0806, 0x0806, 0x0006, 0x0006, 0x0006, 0x0006, 0x0006,
  0x0006, 0x0006, 0x0006, 0x0006, 0x0006, 0x0006, 0x0006, 0x0006, 0x0006, 0x0006, 0x0006, 0x0006,
  0x0006, 0x0006, 0x0006, 0x0006, 0x0006, 0x0006, 0x0006, 0x0006, 0x0006, 0x0006, 0x0006, 0x0006,
  0x0006, 0x0006, 0x0006, 0x0006, 0x0006, 0x0006, 0x0006, 0x0006, 0x0006, 0x0005, 0x0005, 0x0005,
  0x0006, 0x0006, 0x0006, 0x0006, 0x0005, 0x0005, 0x0006, 0x0006, 0x0006, 0x0006, 0x0006, 0x0006,
  0x0006, 0x0006, 0x0006, 0x0006, 0x0006, 0x0006, 0x0006, 0x0006, 0x0006, 0x0006, 0x0006, 0x0006,
  0x0006, 0x0006, 0x0006, 0x0006, 0x0006, 0x0006, 0x0006, 0x0006, 0x0006, 0x0006, 0x0006, 0x0006,
  0x0006, 0x0006, 0x0006, 0x0006, 0x0006, 0x0006, 0x0006, 0x0006, 0x0006, 0x0006, 0x0006, 0x0006,
  0x0006, 0x0006, 0x0006, 0x0006, 0x0006, 0x0006, 0x0006, 0x0006, 0x0006, 0x0006, 0x0006, 0x0006,
  0x0006, 0x0006, 0x0006, 0x0006, 0x0006, 0x0006, 0x0006, 0x0006, 0x0006, 0x0006, 0x0006, 0x0006,
  0x0006, 0x0006, 0x0006, 0x0006, 0x0006, 0x0006, 0x0006, 0x0006, 0x0006, 0x0006, 0x0005, 0x0005,
  0x0005, 0x0005, 0x0005, 0x0005, 0x0005, 0x0005, 0x0005, 0x0005, 0x0005, 0x0005, 0x0005, 0x0005,
  0x0005, 0x0005, 0x0005, 0x0005, 0x0005, 0x0005, 0x0005, 0x0005, 0x0005, 0x0005, 0x0005, 0x0005,
  0x0005, 0x0005, 0x0005, 0x0005, 0x0005, 0x0005, 0x0005, 0x0005, 0x0005, 0x0005, 0x0005, 0x0005,
  0x0005, 0x0025, 0x0025, 0x0025, 0x0025, 0x0025, 0x0025, 0x0025, 0x0025, 0x0025, 0x0025, 0x0026,
  0x0025, 0x0826, 0x0025, 0x0026, 0x0026, 0x0026, 0x0826, 0x0826, 0x0826, 0x0826, 0x0826, 0x0826,
  0x0826, 0x0826, 0x0826, 0x0826, 0x0826, 0x0826, 0x0826, 0x0826, 0x0826, 0x0826, 0x0826, 0x0826,
  0x0826, 0x0826, 0x0826, 0x0827, 0x0847, 0x0847, 0x0847, 0x0847, 0x0847, 0x0847, 0x0847, 0x0847,
  0x0847, 0x0847, 0x0847, 0x0847, 0x0847, 0x0827, 0x0027, 0x0027, 0x0027, 0x0026, 0x0026, 0x0026,
  0x0026, 0x0026, 0x0026, 0x0026, 0x0026, 0x0026, 0x0026, 0x0026, 0x0026, 0x0026, 0x0026, 0x0026,
  0x0026, 0x0026, 0x0026, 0x0026, 0x0026, 0x0026, 0x0026, 0x0026, 0x0026, 0x0026, 0x0026, 0x0026,
  0x0026, 0x0026, 0x0025, 0x0025, 0x0025, 0x0025, 0x0025, 0x0025, 0x0005, 0x0005, 0x0005, 0x0005,
  0x0005, 0x0005, 0x0005, 0x0005, 0x0005, 0x0005, 0x0005, 0x0005, 0x0005, 0x0005, 0x0005, 0x0005,
  0x0005, 0x0005, 0x0005, 0x0005, 0x0005, 0x0005, 0x0005, 0x0005, 0x0005, 0x0005, 0x0005, 0x0005,
  0x0006, 0x0806, 0x0806, 0x0806, 0x0806, 0x0806, 0x0806, 0x0026, 0x0026, 0x0026, 0x0026, 0x0026,
  0x0826, 0x0826, 0x0826, 0x0826, 0x0826, 0x0826, 0x0826, 0x0826, 0x0826, 0x0826, 0x0826, 0x0826,
  0x0826, 0x0826, 0x0026, 0x0026, 0x0026, 0x0806, 0x0806, 0x0806, 0x0806, 0x0806, 0x0806, 0x0806,
  0x0006, 0x0006, 0x0006, 0x0006, 0x0006, 0x0006, 0x0006, 0x0006, 0x0006, 0x0006, 0x0006, 0x0006,
  0x0006, 0x0006, 0x0006, 0x0006, 0x0006, 0x0006, 0x0006, 0x0006, 0x0006, 0x0006, 0x0006, 0x0006,
  0x0006, 0x0006, 0x0006, 0x0006, 0x0006, 0x0006, 0x0006, 0x0006, 0x0006, 0x0006, 0x0006, 0x0006,
  0x0006, 0x0006, 0x0006, 0x0006, 0x0006, 0x0005, 0x0005, 0x0006, 0x0006, 0x0006, 0x0006, 0x0005,
  0x0005, 0x0006, 0x0006, 0x0006, 0x0006, 0x0006, 0x0006, 0x0006, 0x0006, 0x0006, 0x0006, 0x0006,
  0x0006, 0x0006, 0x0006, 0x0006, 0x0006, 0x0006, 0x0006, 0x0006, 0x0006, 0x0006, 0x0006, 0x0006,
  0x0006, 0x0006, 0x0006, 0x0006, 0x0006, 0x0006, 0x0006, 0x0006, 0x0006, 0x0006, 0x0006, 0x0006,
  0x0006, 0x0006, 0x0006, 0x0006, 0x0006, 0x0006, 0x0006, 0x0006, 0x0006, 0x0006, 0x0006, 0x0006,
  0x0006, 0x0006, 0x0006, 0x0006, 0x0006, 0x0006, 0x0006, 0x0006, 0x0006, 0x0006, 0x0006, 0x0006,
  0x0006, 0x0006, 0x0006, 0x0006, 0x0006, 0x0006, 0x0006, 0x0006, 0x0006, 0x0006, 0x0006, 0x0006,
  0x0006, 0x0006, 0x0006, 0x0006, 0x0006, 0x0005, 0x0005, 0x0005, 0x0005, 0x0005, 0x0005, 0x0005,
  0x0005, 0x0005, 0x0005, 0x0005, 0x0005, 0x0005, 0x0005, 0x0005, 0x0005, 0x0005, 0x0005, 0x0005,
  0x0005, 0x0005, 0x0005, 0x0005, 0x0005, 0x0005, 0x0005, 0x0005, 0x0005, 0x0005, 0x0005, 0x0005,
  0x0005, 0x0005, 0x0005, 0x0005, 0x0005, 0x0005, 0x0005, 0x0005, 0x0005, 0x0005, 0x0005, 0x0005,
  0x0025, 0x0025, 0x0025, 0x0025, 0x0025, 0x0025, 0x0025, 0x0025, 0x0025, 0x0025, 0x0025, 0x0026,
  0x0026, 0x0026, 0x0026, 0x0026, 0x0826, 0x0826, 0x0826, 0x0826, 0x0826, 0x0826, 0x0826, 0x0826,
  0x0826, 0x0826, 0x0826, 0x0826, 0x0826, 0x0026, 0x0026, 0x0026, 0x0026, 0x0026, 0x0026, 0x0826,
  0x0827, 0x0827, 0x0827, 0x0827, 0x0827, 0x0827, 0x0827, 0x0827, 0x0027, 0x0027, 0x0027, 0x0027,
  0x0027, 0x0027, 0x0027, 0x0027, 0x0027, 0x0027, 0x0026, 0x0026, 0x0026, 0x0026, 0x0026, 0x0026,
  0x0026, 0x0026, 0x0026, 0x0026, 0x0026, 0x0026, 0x0026, 0x0026, 0x0026, 0x0026, 0x0026, 0x0026,
  0x0026, 0x0026, 0x0026, 0x0026, 0x0026, 0x0026, 0x0026, 0x0026, 0x0026, 0x0026, 0x0025, 0x0025,
  0x0025, 0x0025, 0x0025, 0x0005, 0x0005, 0x0005, 0x0005, 0x0005, 0x0005, 0x0005, 0x0005, 0x0005,
  0x0005, 0x0005, 0x0005, 0x0005, 0x0005, 0x0005, 0x0005, 0x0005, 0x0005, 0x0005, 0x0005, 0x0005,
  0x0005, 0x0005, 0x0005, 0x0005, 0x0005, 0x0005, 0x0005, 0x0005, 0x0006, 0x0006, 0x0006, 0x0006,
  0x0006, 0x0006, 0x0806, 0x0806, 0x0806, 0x0806, 0x0806, 0x0806, 0x0806, 0x0806, 0x0806, 0x0806,
  0x0806, 0x0806, 0x0806, 0x0806, 0x0806, 0x0806, 0x0806, 0x0806, 0x0806, 0x0806, 0x0806, 0x0806,
  0x0806, 0x0806, 0x0806, 0x0806, 0x0006, 0x0006, 0x0006, 0x0006, 0x0006, 0x0006, 0x0006, 0x0006,
  0x0006, 0x0006, 0x0006, 0x0006, 0x0006, 0x0006, 0x0006, 0x0006, 0x0006, 0x0006, 0x0006, 0x0006,
  0x0006, 0x0006, 0x0006, 0x0006, 0x0006, 0x0006, 0x0006, 0x0006, 0x0006, 0x0006, 0x0006, 0x0006,
  0x0006, 0x0006, 0x0006, 0x0006, 0x0006, 0x0006, 0x0006, 0x0006, 0x0006, 0x0006, 0x0006, 0x0006,
  0x0005, 0x0005, 0x0006, 0x0006, 0x0006, 0x0006, 0x0006, 0x0005, 0x0006, 0x0006, 0x0006, 0x0006,
  0x0006, 0x0006, 0x0006, 0x0006, 0x0006, 0x0006, 0x0006, 0x0006, 0x0006, 0x0006, 0x0006, 0x0006,
  0x0006, 0x0006, 0x0006, 0x0006, 0x0006, 0x0006, 0x0006, 0x0006, 0x0006, 0x0006, 0x0006, 0x0006,
  0x0006, 0x0006, 0x0006, 0x0006, 0x0006, 0x0006, 0x0006, 0x0006, 0x0006, 0x0006, 0x0006, 0x0006,
  0x0006, 0x0006, 0x0006, 0x0006, 0x0006, 0x0006, 0x0006, 0x0006, 0x0006, 0x0006, 0x0006, 0x0006,
  0x0006, 0x0006, 0x0006, 0x0006, 0x0006, 0x0006, 0x0006, 0x0006, 0x0006, 0x0006, 0x0006, 0x0006,
  0x0006, 0x0006, 0x0006, 0x0006, 0x0006, 0x0006, 0x0006, 0x0006, 0x0006, 0x0006, 0x0006, 0x0006,
  0x0005, 0x0005, 0x0005, 0x0005, 0x0005, 0x0005, 0x0005, 0x0005, 0x0005, 0x0005, 0x0005, 0x0005,
  0x0005, 0x0005, 0x0005, 0x0005, 0x0005, 0x0005, 0x0005, 0x0005, 0x0005, 0x0005, 0x0005, 0x0005,
  0x0005, 0x0005, 0x0005, 0x0005, 0x0005, 0x0005, 0x0005, 0x0005, 0x0005, 0x0005, 0x0005, 0x0005,
  0x0005, 0x0005, 0x0005, 0x0005, 0x0005, 0x0005, 0x0005, 0x0005, 0x0025, 0x0025, 0x0025, 0x0025,
  0x0025, 0x0025, 0x0025, 0x0025, 0x0025, 0x0025, 0x0026, 0x0026, 0x0025, 0x0026, 0x0026, 0x0026,
  0x0026, 0x0026, 0x0026, 0x0826, 0x0826, 0x0826, 0x0826, 0x0826, 0x0826, 0x0026, 0x0026, 0x0026,
  0x0026, 0x0026, 0x0026, 0x0026, 0x0026, 0x0026, 0x0026, 0x0026, 0x0026, 0x0026, 0x0027, 0x0027,
  0x0027, 0x0027, 0x0027, 0x0027, 0x0027, 0x0027, 0x0027, 0x0027, 0x0027, 0x0027, 0x0027, 0x0027,
  0x0027, 0x0027, 0x0027, 0x0027, 0x0026, 0x0026, 0x0026, 0x0026, 0x0026, 0x0026, 0x0026, 0x0026,
  0x0026, 0x0026, 0x0026, 0x0026, 0x0026, 0x0026, 0x0026, 0x0026, 0x0026, 0x0026, 0x0026, 0x0026,
  0x0026, 0x0026, 0x0026, 0x0026, 0x0026, 0x0026, 0x0025, 0x0025, 0x0025, 0x0005, 0x0005, 0x0005,
  0x0005, 0x0005, 0x0005, 0x0005, 0x0005, 0x0005, 0x0005, 0x0005, 0x0005, 0x0005, 0x0005, 0x0005,
  0x0005, 0x0005, 0x0005, 0x0005, 0x0005, 0x0005, 0x0005, 0x0005, 0x0005, 0x0005, 0x0005, 0x0005,
  0x0005, 0x0005, 0x0005, 0x0005, 0x0006, 0x0006, 0x0006, 0x0006, 0x0006, 0x0006, 0x0006, 0x0006,
  0x0006, 0x0006, 0x0006, 0x0806, 0x0806, 0x0806, 0x0806, 0x0806, 0x0806, 0x0806, 0x0806, 0x0806,
  0x0806, 0x0806, 0x0806, 0x0806, 0x0806, 0x0806, 0x0006, 0x0006, 0x0006, 0x0006, 0x0006, 0x0006,
  0x0006, 0x0006, 0x0006, 0x0006, 0x0006, 0x0006, 0x0006, 0x0006, 0x0006, 0x0006, 0x0006, 0x0006,
  0x0006, 0x0006, 0x0006, 0x0006, 0x0006, 0x0006, 0x0006, 0x0006, 0x0006, 0x0006, 0x0006, 0x0006,
  0x0006, 0x0006, 0x0006, 0x0006, 0x0006, 0x0006, 0x0006, 0x0006, 0x0006, 0x0006, 0x0006, 0x0006,
  0x0006, 0x0006, 0x0006, 0x0006, 0x0006, 0x0006, 0x0006, 0x0006, 0x0005, 0x0006, 0x0006, 0x0006,
  0x0006, 0x0006, 0x0005, 0x0006, 0x0006, 0x0006, 0x0006, 0x0006, 0x0006, 0x0006, 0x0006, 0x0006,
  0x0006, 0x0006, 0x0006, 0x0006, 0x0006, 0x0006, 0x0006, 0x0006, 0x0006, 0x0006, 0x0006, 0x0006,
  0x0006, 0x0006, 0x0006, 0x0006, 0x0006, 0x0006, 0x0006, 0x0006, 0x0006, 0x0006, 0x0006, 0x0006,
  0x0006, 0x0006, 0x0006, 0x0006, 0x0006, 0x0006, 0x0006, 0x0006, 0x0006, 0x0006, 0x0006, 0x0006,
  0x0006, 0x0006, 0x0006, 0x0006, 0x0006, 0x0006, 0x0006, 0x0006, 0x0006, 0x0006, 0x0006, 0x0006,
  0x0006, 0x0006, 0x0006, 0x0006, 0x0006, 0x0006, 0x0006, 0x0006, 0x0006, 0x0006, 0x0006, 0x0006,
  0x0006, 0x0006, 0x0006, 0x0006, 0x0006, 0x0006, 0x0006, 0x0006, 0x0006, 0x0006, 0x0006, 0x0006,
  0x0006, 0x0005, 0x0005, 0x0005, 0x0005, 0x0005, 0x0005, 0x0005, 0x0005, 0x0005, 0x0005, 0x0005,
  0x0005, 0x0005, 0x0005, 0x0005, 0x0005, 0x0005, 0x0005, 0x0005, 0x0005, 0x0005, 0x0005, 0x0005,
  0x0005, 0x0005, 0x0005, 0x0005, 0x0005, 0x0005, 0x0005, 0x0005, 0x0005, 0x0005, 0x0005, 0x0005,
  0x0005, 0x0005, 0x0005, 0x0005, 0x0005, 0x0025, 0x0025, 0x0025, 0x0025, 0x0025, 0x0025, 0x0025,
  0x0025, 0x0025, 0x0025, 0x0025, 0x0026, 0x0026, 0x0026, 0x0026, 0x0026, 0x0026, 0x0026, 0x0826,
  0x0826, 0x0826, 0x0826, 0x0826, 0x0826, 0x0826, 0x0026, 0x0026, 0x0026, 0x0026, 0x0026, 0x0026,
  0x0026, 0x0026, 0x0026, 0x0027, 0x0026, 0x0026, 0x0026, 0x0027, 0x0027, 0x0027, 0x0027, 0x0027,
  0x0027, 0x0027, 0x0027, 0x0027, 0x0027, 0x0027, 0x0027, 0x0027, 0x0027, 0x0027, 0x0027, 0x0027,
  0x0027, 0x0027, 0x0026, 0x0026, 0x0026, 0x0026, 0x0026, 0x0026, 0x0026, 0x0026, 0x0026, 0x0026,
  0x0026, 0x0026, 0x0026, 0x0026, 0x0026, 0x0026, 0x0026, 0x0026, 0x0026, 0x0026, 0x0026, 0x0026,
  0x0026, 0x0026, 0x0025, 0x0025, 0x0005, 0x0005, 0x0005, 0x0005, 0x0005, 0x0005, 0x0005, 0x0005,
  0x0005, 0x0005, 0x0005, 0x0005, 0x0005, 0x0005, 0x0005, 0x0005, 0x0005, 0x0005, 0x0005, 0x0005,
  0x0005, 0x0005, 0x0005, 0x0005, 0x0005, 0x0005, 0x0005, 0x0005, 0x0005, 0x0005, 0x0005, 0x0005,
  0x0006, 0x0006, 0x0006, 0x0006, 0x0006, 0x0006, 0x0006, 0x0006, 0x0006, 0x0006, 0x0006, 0x0006,
  0x0006, 0x0006, 0x0006, 0x0006, 0x0006, 0x0006, 0x0006, 0x0006, 0x0006, 0x0006, 0x0006, 0x0006,
  0x0006, 0x0006, 0x0006, 0x0006, 0x0006, 0x0006, 0x0006, 0x0006, 0x0006, 0x0006, 0x0006, 0x0006,
  0x0006, 0x0006, 0x0006, 0x0006, 0x0006, 0x0006, 0x0006, 0x0006, 0x0006, 0x0006, 0x0006, 0x0006,
  0x0006, 0x0006, 0x0006, 0x0006, 0x0006, 0x0006, 0x0006, 0x0006, 0x0006, 0x0006, 0x0006, 0x0006,
  0x0006, 0x0006, 0x0006, 0x0006, 0x0006, 0x0006, 0x0006, 0x0006, 0x0006, 0x0006, 0x0006, 0x0006,
  0x0006, 0x0006, 0x0006, 0x0005, 0x0005, 0x0006, 0x0006, 0x0006, 0x0006, 0x0005, 0x0006, 0x0006,
  0x0006, 0x0006, 0x0006, 0x0006, 0x0006, 0x0006, 0x0006, 0x0006, 0x0006, 0x0006, 0x0006, 0x0006,
  0x0006, 0x0006, 0x0006, 0x0006, 0x0006, 0x0006, 0x0006, 0x0006, 0x0006, 0x0006, 0x0006, 0xFFFF,
  0x0006, 0x0006, 0x0006, 0x0006, 0x0006, 0x0006, 0x0006, 0x0006, 0x0006, 0x0006, 0x0006, 0x0006,
  0x0006, 0x0006, 0x0006, 0x0006, 0x0006, 0x0006, 0x0006, 0x0006, 0x0006, 0x0006, 0x0006, 0x0006,
  0x0006, 0x0006, 0x0006, 0x0006, 0x0006, 0x0006, 0x0006, 0x0006, 0x0006, 0x0006, 0x0006, 0x0006,
  0x0006, 0x0006, 0x0006, 0x0006, 0x0006, 0x0006, 0x0006, 0x0006, 0x0006, 0x0006, 0x0006, 0x0006,
  0x0006, 0x0006, 0x0006, 0x0005, 0x0005, 0x0005, 0x0005, 0x0005, 0x0005, 0x0005, 0x0005, 0x0005,
  0x0005, 0x0005, 0x0005, 0x0005, 0x0005, 0x0005, 0x0005, 0x0005, 0x0005, 0x0005, 0x0005, 0x0005,
  0x0005, 0x0005, 0x0005, 0x0005, 0x0005, 0x0005, 0x0005, 0x0005, 0x0005, 0x0005, 0x0005, 0x0005,
  0x0005, 0x0005, 0x0005, 0x0005, 0x0005, 0x0005, 0x0005, 0x0005, 0x0005, 0x0005, 0x0005, 0x0005,
  0x0005, 0x0005, 0x0005, 0x0005, 0x0025, 0x0025, 0x0005, 0x0025, 0x0025, 0x0025, 0x0025, 0x0026,
  0x0025, 0x0026, 0x0026, 0x0026, 0x0026, 0x0026, 0x0026, 0x0826, 0x0826, 0x0026, 0x0026, 0x0026,
  0x0026, 0x0026, 0x0026, 0x0026, 0x0026, 0x0026, 0x0026, 0x0026, 0x0026, 0x0026, 0x0026, 0x0026,
  0x0026, 0x0027, 0x0027, 0x0027, 0x0027, 0x0027, 0x0027, 0x0027, 0x0027, 0x0027, 0x0027, 0x0027,
  0x0027, 0x0027, 0x0027, 0x0027, 0x0027, 0x0027, 0x0027, 0x0027, 0x0026, 0x0026, 0x0026, 0x0026,
  0x0026, 0x0026, 0x0026, 0x0026, 0x0026, 0x0026, 0x0026, 0x0026, 0x0026, 0x0026, 0x0026, 0x0026,
  0x0026, 0x0026, 0x0026, 0x0026, 0x0026, 0x0026, 0x0026, 0x0026, 0x0026, 0x0026, 0x0026, 0x0005,
  0x0005, 0x0005, 0x0005, 0x0005, 0x0005, 0x0005, 0x0005, 0x0005, 0x0005, 0x0005, 0x0005, 0x0005,
  0x0005, 0x0005, 0x0005, 0x0005, 0x0005, 0x0005, 0x0005, 0x0005, 0x0005, 0x0005, 0x0005, 0x0005,
  0x0005, 0x0005, 0x0005, 0x0005, 0x0005, 0x0005, 0x0005, 0x0005, 0x0006, 0x0006, 0x0006, 0x0006,
  0x0006, 0x0006, 0x0006, 0x0006, 0x0006, 0x0006, 0x0006, 0x0006, 0x0006, 0x0006, 0x0006, 0x0006,
  0x0006, 0x0006, 0x0006, 0x0006, 0x0006, 0x0006, 0x0006, 0x0006, 0x0006, 0x0006, 0x0006, 0x0006,
  0x0006, 0x0006, 0x0006, 0x0006, 0x0006, 0x0006, 0x0006, 0x0006, 0x0006, 0x0006, 0x0006, 0x0006,
  0x0006, 0x0006, 0x0006, 0x0006, 0x0006, 0x0006, 0x0006, 0x0006, 0x0006, 0x0006, 0x0006, 0x0006,
  0x0006, 0x0006, 0x0006, 0x0006, 0x0006, 0x0006, 0x0006, 0x0006, 0x0006, 0x0006, 0x0006, 0x0005,
  0x0005, 0x0005, 0x0005, 0x0006, 0x0006, 0x0006, 0x0006, 0x0006, 0x0006, 0x0006, 0x0006, 0x0005,
  0x0006, 0x0006, 0x0006, 0x0006, 0x0006, 0x0006, 0x0006, 0x0006, 0x0006, 0x0006, 0x0006, 0x0006,
  0x0006, 0x0006, 0x0006, 0x0006, 0x0006, 0x0006, 0x0006, 0x0006, 0x0006, 0x0006, 0x0006, 0x0006,
  0x0006, 0x0006, 0x0006, 0x0006, 0x0006, 0x0006, 0x0006, 0xFFFF, 0x0006, 0x0006, 0x0006, 0x0006,
  0x0006, 0x0006, 0x0006, 0x0006, 0x0006, 0x0006, 0x0006, 0x0006, 0x0006, 0x0006, 0x0006, 0x0006,
  0x0006, 0x0006, 0x0006, 0x0006, 0x0006, 0x0006, 0x0006, 0x0006, 0x0006, 0x0006, 0x0006, 0x0006,
  0x0006, 0x0006, 0x0006, 0x0006, 0x0006, 0x0006, 0x0006, 0x0006, 0x0006, 0x0006, 0x0006, 0x0006,
  0x0006, 0x0006, 0x0006, 0x0006, 0x0006, 0x0006, 0x0006, 0x0006, 0x0006, 0x0006, 0x0006, 0x0005,
  0x0005, 0x0006, 0x0006, 0x0006, 0x0005, 0x0005, 0x0005, 0x0005, 0x0005, 0x0005, 0x0005, 0x0005,
  0x0005, 0x0005, 0x0005, 0x0005, 0x0005, 0x0005, 0x0005, 0x0005, 0x0005, 0x0005, 0x0005, 0x0005,
  0x0005, 0x0005, 0x0005, 0x0005, 0x0005, 0x0005, 0x0005, 0x0005, 0x0005, 0x0005, 0x0005, 0x0005,
  0x0005, 0x0005, 0x0005, 0x0005, 0x0005, 0x0005, 0x0005, 0x0005, 0x0005, 0x0005, 0x0005, 0x0005,
  0x0005, 0x0005, 0x0025, 0x0025, 0x0025, 0x0025, 0x0025, 0x0025, 0x0025, 0x0026, 0x0026, 0x0026,
  0x0026, 0x0026, 0x0026, 0x0026, 0x0826, 0x0026, 0x0026, 0x0026, 0x0026, 0x0026, 0x0026, 0x0026,
  0x0026, 0x0026, 0x0026, 0x0026, 0x0026, 0x0026, 0x0026, 0x0026, 0x0026, 0x0026, 0x0026, 0x0027,
  0x0027, 0x0027, 0x0027, 0x0027, 0x0027, 0x0027, 0x0027, 0x0027, 0x0027, 0x0027, 0x0027, 0x0027,
  0x0027, 0x0027, 0x0027, 0x0027, 0x0027, 0x0026, 0x0026, 0x0026, 0x0026, 0x0026, 0x0026, 0x0026,
  0x0026, 0x0026, 0x0026, 0x0026, 0x0026, 0x0026, 0x0026, 0x0026, 0x0026, 0x0026, 0x0026, 0x0026,
  0x0026, 0x0026, 0x0026, 0x0026, 0x0026, 0x0026, 0x0006, 0x0005, 0x0005, 0x0005, 0x0005, 0x0005,
  0x0005, 0x0005, 0x0005, 0x0005, 0x0005, 0x0005, 0x0005, 0x0005, 0x0005, 0x0005, 0x0005, 0x0005,
  0x0005, 0x0005, 0x0005, 0x0005, 0x0005, 0x0005, 0x0005, 0x0005, 0x0005, 0x0005, 0x0005, 0x0005,
  0x0005, 0x0005, 0x0005, 0x0005, 0x0006, 0x0006, 0x0006, 0x0006, 0x0006, 0x0006, 0x0006, 0x0006,
  0x0006, 0x0006, 0x0006, 0x0006, 0x0006, 0x0006, 0x0006, 0x0006, 0x0006, 0x0006, 0x0006, 0x0006,
  0x0006, 0x0006, 0x0006, 0x0006, 0x0006, 0x0006, 0x0006, 0x0006, 0x0006, 0x0006, 0x0006, 0x0006,
  0x0006, 0x0006, 0x0006, 0x0006, 0x0006, 0x0006, 0x0006, 0x0006, 0x0006, 0x0006, 0x0006, 0x0006,
  0x0006, 0x0006, 0x0006, 0x0006, 0x0006, 0x0006, 0x0006, 0x0006, 0x0006, 0x0006, 0x0006, 0x0006,
  0x0006, 0x0006, 0x0006, 0x0006, 0x0006, 0x0006, 0x0006, 0x0006, 0x0005, 0x0005, 0x0005, 0x0005,
  0x0006, 0x0006, 0x0006, 0x0006, 0x0006, 0x0006, 0x0005, 0x0006, 0x0006, 0x0006, 0x0006, 0x0006,
  0x0006, 0x0006, 0x0006, 0x0006, 0x0006, 0x0006, 0x0006, 0x0006, 0x0006, 0x0006, 0x0006, 0x0006,
  0x0006, 0x0006, 0x0006, 0x0006, 0x0006, 0x0006, 0x0006, 0x0006, 0x0006, 0x0006, 0x0006, 0x0006,
  0x0006, 0x0006, 0x0006, 0xFFFF, 0x0006, 0x0006, 0x0006, 0x0006, 0x0006, 0x0006, 0x0006, 0x0006,
  0x0006, 0x0006, 0x0006, 0x0006, 0x0006, 0x0006, 0x0006, 0x0006, 0x0006, 0x0006, 0x0006, 0x0006,
  0x0006, 0x0006, 0x0006, 0x0006, 0x0006, 0x0006, 0x0006, 0x0006, 0x0006, 0x0006, 0x0006, 0x0006,
  0x0006, 0x0006, 0x0006, 0x0006, 0x0006, 0x0006, 0x0006, 0x0006, 0x0006, 0x0006, 0x0006, 0x0006,
  0x0006, 0x0006, 0x0006, 0x0006, 0x0006, 0x0006, 0x0006, 0x0005, 0x0006, 0x0006, 0x0006, 0x0005,
  0x0006, 0x0006, 0x0006, 0x0006, 0x0005, 0x0005, 0x0005, 0x0005, 0x0005, 0x0005, 0x0005, 0x0005,
  0x0005, 0x0005, 0x0005, 0x0005, 0x0005, 0x0005, 0x0005, 0x0005, 0x0005, 0x0005, 0x0005, 0x0005,
  0x0005, 0x0005, 0x0005, 0x0005, 0x0005, 0x0005, 0x0005, 0x0005, 0x0005, 0x0005, 0x0005, 0x0005,
  0x0005, 0x0005, 0x0005, 0x0005, 0x0005, 0x0005, 0x0005, 0x0005, 0x0005, 0x0005, 0x0025, 0x0025,
  0x0025, 0x0025, 0x0026, 0x0025, 0x0025, 0x0026, 0x0026, 0x0026, 0x0026, 0x0026, 0x0026, 0x0026,
  0x0026, 0x0026, 0x0026, 0x0026, 0x0026, 0x0026, 0x0026, 0x0026, 0x0026, 0x0026, 0x0026, 0x0026,
  0x0026, 0x0026, 0x0026, 0x0027, 0x0027, 0x0027, 0x0027, 0x0027, 0x0027, 0x0027, 0x0027, 0x0027,
  0x0027, 0x0027, 0x0027, 0x0027, 0x0027, 0x0027, 0x0027, 0x0027, 0x0027, 0x0027, 0x0027, 0x0027,
  0x0027, 0x0027, 0x0027, 0x0027, 0x0026, 0x0026, 0x0026, 0x0026, 0x0026, 0x0026, 0x0026, 0x0026,
  0x0026, 0x0026, 0x0026, 0x0026, 0x0026, 0x0026, 0x0026, 0x0026, 0x0026, 0x0026, 0x0026, 0x0026,
  0x0026, 0x0026, 0x0026, 0x0026, 0x0006, 0x0005, 0x0005, 0x0005, 0x0005, 0x0005, 0x0005, 0x0005,
  0x0005, 0x0005, 0x0005, 0x0005, 0x0005, 0x0005, 0x0005, 0x0005, 0x0005, 0x0005, 0x0005, 0x0005,
  0x0005, 0x0005, 0x0005, 0x0005, 0x0005, 0x0005, 0x0005, 0x0005, 0x0005, 0x0005, 0x0005, 0x0005,
  0x0006, 0x0006, 0x0006, 0x0006, 0x0006, 0x0006, 0x0006, 0x0006, 0x0006, 0x0006, 0x0006, 0x0006,
  0x0006, 0x0006, 0x0006, 0x0006, 0x0006, 0x0006, 0x0006, 0x0006, 0x0006, 0x0006, 0x0006, 0x0006,
  0x0006, 0x0006, 0x0006, 0x0006, 0x0006, 0x0006, 0x0006, 0x0006, 0x0006, 0x0006, 0x0006, 0x0006,
  0x0006, 0x0006, 0x0006, 0x0006, 0x0006, 0x0006, 0x0006, 0x0006, 0x0006, 0x0006, 0x0006, 0x0006,
  0x0006, 0x0006, 0x0006, 0x0006, 0x0006, 0x0006, 0x0006, 0x0006, 0x0006, 0x0006, 0x0006, 0x0006,
  0x0006, 0x0006, 0x0006, 0x0006, 0x0006, 0x0005, 0x0005, 0x0005, 0x0006, 0x0006, 0x0006, 0x0006,
  0x0006, 0x0006, 0x0005, 0x0006, 0x0006, 0x0006, 0x0006, 0x0006, 0x0006, 0x0006, 0x0006, 0x0006,
  0x0006, 0x0006, 0x0006, 0x0006, 0x0006, 0x0006, 0x0006, 0x0006, 0xBDD9, 0x318B, 0x0006, 0x0006,
  0x0006, 0x0006, 0x0006, 0x0006, 0x0006, 0x0006, 0x0006, 0x0006, 0x0006, 0x0006, 0x0006, 0xFFFF,
  0x0006, 0x0006, 0x0006, 0x0006, 0x0006, 0x0006, 0x0006, 0x0006, 0x0006, 0x0006, 0x0006, 0x0006,
  0x0006, 0x0006, 0x0006, 0x0006, 0x0006, 0x0006, 0x0006, 0x0006, 0x0006, 0x0006, 0x0006, 0x0006,
  0x0006, 0x0006, 0x0006, 0x0006, 0x0006, 0x0006, 0x0006, 0x0006, 0x0006, 0x0006, 0x0006, 0x0006,
  0x0006, 0x0006, 0x0006, 0x0006, 0x0006, 0x0006, 0x0006, 0x0006, 0x0006, 0x0006, 0x0006, 0x0006,
  0x0006, 0x0006, 0x0006, 0x0006, 0x0006, 0x0006, 0x0006, 0x0005, 0x0006, 0x0006, 0x0006, 0x0006,
  0x0005, 0x0005, 0x0005, 0x0005, 0x0005, 0x0005, 0x0005, 0x0005, 0x0005, 0x0005, 0x0005, 0x0005,
  0x0005, 0x0005, 0x0005, 0x0005, 0x0005, 0x0005, 0x0005, 0x0005, 0x0005, 0x0005, 0x0005, 0x0005,
  0x0005, 0x0005, 0x0005, 0x0005, 0x0005, 0x0005, 0x0005, 0x0005, 0x0005, 0x0005, 0x0005, 0x0005,
  0x0005, 0x0005, 0x0005, 0x0005, 0x0005, 0x0005, 0x0005, 0x0005, 0x0025, 0x0025, 0x0026, 0x0026,
  0x0025, 0x0026, 0x0026, 0x0026, 0x0026, 0x0026, 0x0026, 0x0026, 0x0026, 0x0026, 0x0026, 0x0026,
  0x0026, 0x0026, 0x0026, 0x0026, 0x0026, 0x0026, 0x0026, 0x0027, 0x0026, 0x0026, 0x0026, 0x0026,
  0x0027, 0x0027, 0x0027, 0x0027, 0x0027, 0x0027, 0x0027, 0x0027, 0x0027, 0x0027, 0x0027, 0x0027,
  0x0027, 0x0027, 0x0027, 0x0027, 0x0027, 0x0027, 0x0027, 0x0027, 0x0027, 0x0027, 0x0027, 0x0027,
  0x0027, 0x0027, 0x0027, 0x0026, 0x0026, 0x0026, 0x0026, 0x0026, 0x0026, 0x0026, 0x0026, 0x0026,
  0x0026, 0x0026, 0x0026, 0x0026, 0x0026, 0x0026, 0x0026, 0x0026, 0x0026, 0x0026, 0x0026, 0x0026,
  0x0025, 0x0026, 0x0025, 0x0026, 0x0005, 0x0005, 0x0005, 0x0005, 0x0005, 0x0005, 0x0005, 0x0005,
  0x0005, 0x0005, 0x0005, 0x0005, 0x0005, 0x0005, 0x0005, 0x0005, 0x0005, 0x0005, 0x0005, 0x0005,
  0x0005, 0x0005, 0x0005, 0x0005, 0x0005, 0x0005, 0x0005, 0x0005, 0x0006, 0x0006, 0x0006, 0x0006,
  0x0006, 0x0006, 0x0006, 0x0006, 0x0006, 0x0006, 0x0006, 0x0006, 0x0006, 0x0006, 0x0006, 0x0006,
  0x0006, 0x0006, 0x0006, 0x0006, 0x0006, 0x0006, 0x0006, 0x0006, 0x0006, 0x0006, 0x0006, 0x0006,
  0x0006, 0x0006, 0x0006, 0x0006, 0x0006, 0x0006, 0x0006, 0x0006, 0x0006, 0x0006, 0x0006, 0x0006,
  0x0006, 0x0006, 0x0006, 0x0006, 0x0006, 0x0006, 0x0006, 0x0006, 0x0006, 0x0006, 0x0006, 0x0006,
  0x0006, 0x0006, 0x0006, 0x0006, 0x0006, 0x0006, 0x0006, 0x0006, 0x0006, 0x0006, 0x0006, 0x0006,
  0x0006, 0x0006, 0x0005, 0x0005, 0x0005, 0x0006, 0x0006, 0x0006, 0x0006, 0x0005, 0x0006, 0x0006,
  0x0006, 0x0006, 0x0006, 0x0006, 0x0006, 0x0006, 0x0006, 0x0006, 0x0006, 0x0006, 0x0006, 0x0006,
  0x0006, 0x0006, 0x0006, 0x0006, 0xFFFF, 0xFFFF, 0xA536, 0x20E9, 0x0006, 0x0006, 0x0006, 0x0006,
  0x0006, 0x0006, 0x0006, 0x0006, 0x0006, 0x0006, 0x0006, 0xFFFF, 0x0006, 0x0006, 0x0006, 0x0006,
  0x0006, 0x0006, 0x0006, 0x0006, 0x0006, 0x0006, 0x0006, 0x0006, 0x0006, 0x0006, 0x0006, 0x0006,
  0x0006, 0x0006, 0x0006, 0x0006, 0x0006, 0x0006, 0x0006, 0x0006, 0x0006, 0x0006, 0x0006, 0x0006,
  0x0006, 0x0006, 0x0006, 0x0006, 0x0006, 0x0006, 0x0006, 0x0006, 0x0006, 0x0006, 0x0006, 0x0006,
  0x0006, 0x0006, 0x0006, 0x0006, 0x0006, 0x0006, 0x0006, 0x0006, 0x0006, 0x0006, 0x0006, 0x0006,
  0x0006, 0x0006, 0x0006, 0x0006, 0x0006, 0x0006, 0x0006, 0x0006, 0x0005, 0x0005, 0x0005, 0x0005,
  0x0005, 0x0005, 0x0005, 0x0005, 0x0005, 0x0005, 0x0005, 0x0005, 0x0005, 0x0005, 0x0005, 0x0005,
  0x0005, 0x0005, 0x0005, 0x0005, 0x0005, 0x0005, 0x0005, 0x0005, 0x0005, 0x0005, 0x0005, 0x0005,
  0x0005, 0x0005, 0x0005, 0x0005, 0x0005, 0x0005, 0x0005, 0x0005, 0x0005, 0x0005, 0x0005, 0x0005,
  0x0005, 0x0005, 0x0005, 0x0025, 0x0025, 0xBDD7, 0xD69A, 0x0026, 0x0025, 0x0026, 0x0026, 0x5ACD,
  0xEF5D, 0xFFFF, 0xF7BE, 0x6B6F, 0x9CF4, 0xFFFF, 0xFFFF, 0xFFFF, 0xFFFF, 0x422B, 0x0026, 0x0026,
  0x0026, 0x0026, 0x0026, 0x0026, 0x0026, 0x0026, 0x0026, 0x0027, 0x0027, 0x0027, 0x0027, 0x0027,
  0x0027, 0x0027, 0x0027, 0x0027, 0x0027, 0x0027, 0x0027, 0x0027, 0x0027, 0x0027, 0x0027, 0x0027,
  0x0027, 0x0027, 0x0027, 0x0027, 0x0027, 0x0027, 0x0027, 0x0027, 0x0027, 0x0027, 0x0027, 0x0027,
  0x0027, 0x0027, 0x0026, 0x0026, 0x0026, 0x0026, 0x0026, 0x0026, 0x0026, 0x0026, 0x0026, 0x0026,
  0x0026, 0x0026, 0x0026, 0x0026, 0x0026, 0x0026, 0x0026, 0x0026, 0x0026, 0x0026, 0x0025, 0x0005,
  0x0005, 0x0005, 0x0005, 0x0006, 0x0005, 0x0005, 0x0005, 0x0005, 0x0005, 0x0005, 0x0005, 0x0005,
  0x0005, 0x0005, 0x0005, 0x0005, 0x0005, 0x0005, 0x0005, 0x0005, 0x0005, 0x0005, 0x0005, 0x0005,
  0x0005, 0x0005, 0x0005, 0x0005, 0x0006, 0x0006, 0x0006, 0x0006, 0x0006, 0x0006, 0x0006, 0x0006,
  0x0006, 0x0006, 0x0006, 0x0006, 0x0006, 0x0006, 0x0006, 0x0006, 0x0006, 0x0006, 0x0006, 0x0006,
  0x0006, 0x0006, 0x0006, 0x0006, 0x0006, 0x0006, 0x0006, 0x0006, 0x0006, 0x0006, 0x0006, 0x0006,
  0x0006, 0x0006, 0x0006, 0x0006, 0x0006, 0x0006, 0x0006, 0x0006, 0x0006, 0x0006, 0x0006, 0x0006,
  0x0006, 0x0006, 0x0006, 0x0006, 0x0006, 0x0006, 0x0006, 0x0006, 0x0006, 0x0006, 0x0006, 0x0006,
  0x0006, 0x0006, 0x0006, 0x0006, 0x0006, 0x0006, 0x0006, 0x0006, 0x0006, 0x0006, 0x0005, 0x0005,
  0x0005, 0x0006, 0x0006, 0x0006, 0x0006, 0x0005, 0x0006, 0x0006, 0x0006, 0x0006, 0x0006, 0x0006,
  0x0006, 0x0006, 0x0006, 0x0006, 0x0006, 0x0006, 0x0006, 0x0006, 0x0006, 0x0006, 0x0006, 0x0006,
  0xFFFF, 0xFFFF, 0xFFFF, 0xF7BE, 0x9474, 0x1068, 0x0006, 0x0006, 0x0006, 0x0006, 0x0006, 0x0006,
  0x0006, 0x0006, 0x0006, 0xFFFF, 0x0006, 0x0006, 0x0006, 0x0006, 0x0006, 0x0006, 0x0006, 0x0006,
  0x0006, 0x0006, 0x0006, 0x0006, 0x0006, 0x0006, 0x0006, 0x0006, 0x0006, 0x0006, 0x0006, 0x0006,
  0x0006, 0x0006, 0x0006, 0x0006, 0x0006, 0x0006, 0x0006, 0x0006, 0x0006, 0x0006, 0x0006, 0x0006,
  0x0006, 0x0006, 0x0006, 0x0006, 0x0006, 0x0006, 0x0006, 0x0006, 0x0006, 0x0006, 0x0006, 0x0006,
  0x0006, 0x0006, 0x0006, 0x0006, 0x0006, 0x0006, 0x0006, 0x0006, 0x0006, 0x0006, 0x0006, 0x0006,
  0x0006, 0x0006, 0x0006, 0x0005, 0x0005, 0x0005, 0x0005, 0x0005, 0x0005, 0x0005, 0x0005, 0x0005,
  0x0005, 0x0005, 0x0005, 0x0005, 0x0005, 0x0005, 0x0005, 0x0005, 0x0005, 0x0005, 0x0005, 0x0005,
  0x0005, 0x0005, 0x0005, 0x0005, 0x0005, 0x0005, 0x0005, 0x0005, 0x0005, 0x0005, 0x0005, 0x0005,
  0x0005, 0x0005, 0x0005, 0x0005, 0x0005, 0x0005, 0x0005, 0x0005, 0x0005, 0x0025, 0x0005, 0x2948,
  0xD69A, 0xFFFF, 0xD69A, 0x0026, 0x0025, 0x0026, 0x0026, 0xC639, 0xF7BE, 0xBDD7, 0xF7BE, 0xDEFC,
  0x6B6F, 0xBDD8, 0xBDD8, 0xEF5D, 0xEF5D, 0x2969, 0x0026, 0x0026, 0x0026, 0x0026, 0x0026, 0x0027,
  0x0026, 0x0027, 0x0027, 0x0027, 0x0027, 0x0027, 0x0027, 0x0027, 0x0027, 0x0027, 0x0027, 0x0027,
  0x0027, 0x0027, 0x0027, 0x0027, 0x0027, 0x0027, 0x0027, 0x0027, 0x0027, 0x0027, 0x0027, 0x0027,
  0x0027, 0x0027, 0x0027, 0x0027, 0x0027, 0x0027, 0x0027, 0x0027, 0x0027, 0x0027, 0x0027, 0x0027,
  0x0026, 0x0026, 0x0026, 0x0026, 0x0026, 0x0026, 0x0026, 0x0026, 0x0026, 0x0026, 0x0026, 0x0026,
  0x0026, 0x0026, 0x0026, 0x0026, 0x0006, 0x0006, 0x0006, 0x0006, 0x0006, 0x0005, 0x0005, 0x0006,
  0x0005, 0x0006, 0x0005, 0x0005, 0x0005, 0x0005, 0x0005, 0x0005, 0x0005, 0x0005, 0x0005, 0x0005,
  0x0005, 0x0005, 0x0005, 0x0005, 0x0005, 0x0005, 0x0005, 0x0005, 0x0005, 0x0005, 0x0005, 0x0005,
  0x0006, 0x0006, 0x0006, 0x0006, 0x0006, 0x0006, 0x0006, 0x0006, 0x0006, 0x0006, 0x0006, 0x0006,
  0x0006, 0x0006, 0x0006, 0x0006, 0x0006, 0x0006, 0x0006, 0x0006, 0x0006, 0x0006, 0x0006, 0x0006,
  0x0006, 0x0006, 0x0006, 0x0006, 0x0006, 0x0006, 0x0006, 0x0006, 0x0006, 0x0006, 0x0006, 0x0006,
  0x0006, 0x0006, 0x0006, 0x0006, 0x0006, 0x0006, 0x0006, 0x0006, 0x0006, 0x0006, 0x0006, 0x0006,
  0x0006, 0x0006, 0x0006, 0x0006, 0x0006, 0x0006, 0x0005, 0x0005, 0x0005, 0x0005, 0x0006, 0x0006,
  0x0006, 0x0006, 0x0006, 0x0006, 0x0006, 0x0006, 0x0005, 0x0005, 0x0006, 0x0006, 0x0006, 0x0006,
  0x0005, 0x0006, 0x0006, 0x0006, 0x0006, 0x0006, 0x0006, 0x0006, 0x0006, 0x0006, 0x0006, 0x0006,
  0x0006, 0x0006, 0x0006, 0x0006, 0x0006, 0x0006, 0x0006, 0x0006, 0xFFFF, 0xFFFF, 0xFFFF, 0xFFFF,
  0xFFFF, 0xEF7E, 0x7BB2, 0x0827, 0x0006, 0x0006, 0x0006, 0x0006, 0x0006, 0x0006, 0x0006, 0xFFFF,
  0x0006, 0x0006, 0x0006, 0x0006, 0x0006, 0x0006, 0x0006, 0x0006, 0x0006, 0x0006, 0x0006, 0x0006,
  0x0006, 0x0006, 0x0006, 0x0006, 0x0006, 0x0006, 0x0006, 0x0006, 0x0006, 0x0006, 0x0006, 0x0006,
  0x0006, 0x0006, 0x0006, 0x0006, 0x0006, 0x0006, 0x0006, 0x0006, 0x0006, 0x0006, 0x0006, 0x0006,
  0x0006, 0x0006, 0x0006, 0x0006, 0x0006, 0x0006, 0x0006, 0x0006, 0x0006, 0x0006, 0x0006, 0x0006,
  0x0006, 0x0006, 0x0006, 0x0006, 0x0006, 0x0006, 0x0006, 0x0006, 0x0006, 0x0006, 0x0006, 0x0005,
  0x0005, 0x0005, 0x0005, 0x0005, 0x0005, 0x0005, 0x0005, 0x0005, 0x0005, 0x0005, 0x0005, 0x0005,
  0x0005, 0x0005, 0x0005, 0x0005, 0x0005, 0x0005, 0x0005, 0x0005, 0x0005, 0x0005, 0x0005, 0x0005,
  0x0005, 0x0005, 0x0005, 0x0005, 0x0005, 0x0005, 0x0005, 0x0005, 0x0005, 0x0005, 0x0005, 0x0005,
  0x0005, 0x0005, 0x0005, 0x0005, 0x0005, 0x0025, 0x0025, 0x422B, 0xFFFF, 0xDEFC, 0xD69A, 0x0025,
  0x422B, 0xFFFF, 0x8C73, 0x9CF4, 0x8C73, 0x0026, 0xAD56, 0xEF5D, 0x0026, 0x0026, 0x6B6F, 0xFFFF,
  0x8C73, 0x0026, 0x0026, 0x0026, 0x0026, 0x0027, 0x0027, 0x0027, 0x0026, 0x0027, 0x0027, 0x0027,
  0x0027, 0x0027, 0x0027, 0x0027, 0x0027, 0x0027, 0x0027, 0x0027, 0x0027, 0x0027, 0x0027, 0x0027,
  0x0027, 0x0027, 0x0027, 0x0027, 0x0027, 0x0027, 0x0027, 0x0027, 0x0027, 0x0027, 0x0027, 0x0027,
  0x0027, 0x0027, 0x0027, 0x0027, 0x0027, 0x0027, 0x0027, 0x0027, 0x0027, 0x0027, 0x0027, 0x0026,
  0x0026, 0x0026, 0x0026, 0x0026, 0x0026, 0x0026, 0x0026, 0x0026, 0x0026, 0x0026, 0x0026, 0x0006,
  0x0006, 0x0006, 0x0006, 0x0006, 0x0006, 0x0005, 0x0006, 0x0006, 0x0005, 0x0005, 0x0005, 0x0005,
  0x0005, 0x0005, 0x0005, 0x0005, 0x0005, 0x0005, 0x0005, 0x0005, 0x0005, 0x0005, 0x0005, 0x0005,
  0x0005, 0x0005, 0x0005, 0x0005, 0x0005, 0x0005, 0x0005, 0x0005, 0x0005, 0x0006, 0x0006, 0x0006,
  0x0006, 0x0006, 0x0006, 0x0006, 0x0006, 0x0006, 0x0006, 0x0006, 0x0006, 0x0006, 0x0006, 0x0006,
  0x0006, 0x0006, 0x0006, 0x0006, 0x0006, 0x0006, 0x0006, 0x0006, 0x0006, 0x0006, 0x0006, 0x0006,
  0x0006, 0x0006, 0x0006, 0x0006, 0x0006, 0x0006, 0x0006, 0x0006, 0x0006, 0x0006, 0x0006, 0x0006,
  0x0006, 0x0006, 0x0006, 0x0006, 0x0006, 0x0006, 0x0006, 0x0005, 0x0005, 0x0005, 0x0005, 0x0005,
  0x0005, 0x0005, 0x0005, 0x0005, 0x0005, 0x0005, 0x0005, 0x0005, 0x0005, 0x0006, 0x0006, 0x0006,
  0x0006, 0x0006, 0x0005, 0x0005, 0x0006, 0x0006, 0x0006, 0x0006, 0x0006, 0x0006, 0x0006, 0x0006,
  0x0006, 0x0006, 0x0006, 0x0006, 0x0006, 0x0006, 0x0006, 0x0006, 0x0006, 0x0006, 0x0006, 0x0006,
  0x0006, 0x0006, 0x0006, 0x0006, 0xFFFF, 0xFFFF, 0xFFFF, 0xFFFF, 0xFFFF, 0xFFFF, 0xFFFF, 0xE71D,
  0x62F0, 0x0006, 0x0006, 0x0006, 0x0006, 0x0006, 0x0006, 0xFFFF, 0x0006, 0x0006, 0x0190, 0x0318,
  0x0318, 0x0318, 0x0318, 0x0318, 0x0318, 0x0318, 0x0318, 0x0318, 0x0318, 0x0318, 0x0318, 0x0318,
  0x0318, 0x0318, 0x0318, 0x0318, 0x0318, 0x0318, 0x0318, 0x0318, 0x0318, 0x0318, 0x0318, 0x0318,
  0x0318, 0x0318, 0x0318, 0x0318, 0x0318, 0x0318, 0x0318, 0x0318, 0x0318, 0x0318, 0x0318, 0x0318,
  0x0318, 0x0318, 0x0318, 0x0318, 0x0318, 0x0318, 0x0318, 0x0318, 0x0318, 0x0318, 0x0318, 0x0318,
  0x0318, 0x0318, 0x0318, 0x0318, 0x0318, 0x0318, 0x0318, 0x0318, 0x0318, 0x0318, 0x0318, 0x0318,
  0x0318, 0x0318, 0x0318, 0x0318, 0x0318, 0x0338, 0x857C, 0xFFFF, 0xFFFF, 0xFFFF, 0xFFFF, 0xFFFF,
  0xFFFF, 0xFFFF, 0xFFFF, 0xFFFF, 0xFFFF, 0xFFFF, 0xFFFF, 0xFFFF, 0xFFFF, 0xFFFF, 0xFFFF, 0xFFFF,
  0xFFFF, 0xFFFF, 0xFFFF, 0xFFFF, 0xFFFF, 0xFFFF, 0xFFFF, 0xFFFF, 0xFFFF, 0xFFFF, 0xFFDF, 0x8C53,
  0x0005, 0x0005, 0x0005, 0x0025, 0x0025, 0xBDD7, 0xD69A, 0x0026, 0x2948, 0xBDD7, 0x5ACD, 0x0026,
  0x0026, 0x422B, 0xEF5D, 0xBDD7, 0x0026, 0x0026, 0xD69A, 0xEF5D, 0x0026, 0x0026, 0x0026, 0x0026,
  0x0026, 0x0027, 0x0026, 0x0027, 0x0027, 0x0027, 0x0027, 0x0027, 0x0027, 0x0027, 0x0027, 0x0027,
  0x0027, 0x0027, 0x0027, 0x0027, 0x0027, 0x0027, 0x0027, 0x0027, 0x0027, 0x0027, 0x0027, 0x0027,
  0x0027, 0x0027, 0x0027, 0x0027, 0x0027, 0x0027, 0x0027, 0x0027, 0x0027, 0x0027, 0x0027, 0x0027,
  0x0027, 0x0027, 0x0027, 0x0027, 0x0027, 0x0027, 0x0027, 0x0026, 0x0026, 0x0026, 0x0027, 0x0026,
  0x0026, 0x0026, 0x0026, 0x0026, 0x0026, 0x0026, 0x0026, 0x0006, 0x0006, 0x0006, 0x0006, 0x0006,
  0x0006, 0x0006, 0x0006, 0x0006, 0x0005, 0x0006, 0x0005, 0x0005, 0x0005, 0x0005, 0x0005, 0x0005,
  0x0005, 0x0005, 0x0005, 0x0005, 0x0005, 0x0005, 0x0005, 0x0005, 0x0005, 0x0005, 0x0005, 0x0005,
  0x0005, 0x0005, 0x0005, 0x0005, 0x0006, 0x0006, 0x0006, 0x0005, 0x0005, 0x0005, 0x0006, 0x0006,
  0x0006, 0x0006, 0x0006, 0x0006, 0x0006, 0x0006, 0x0006, 0x0006, 0x0006, 0x0006, 0x0006, 0x0006,
  0x0006, 0x0006, 0x0006, 0x0006, 0x0006, 0x0006, 0x0006, 0x0006, 0x0006, 0x0006, 0x0006, 0x0006,
  0x0006, 0x0006, 0x0006, 0x0006, 0x0006, 0x0006, 0x0006, 0x0006, 0x0006, 0x0005, 0x0005, 0x0005,
  0x0005, 0x0005, 0x0005, 0x0005, 0x0005, 0x0005, 0x0005, 0x0005, 0x0005, 0x0005, 0x0005, 0x0005,
  0x0005, 0x0005, 0x0005, 0x0005, 0x0005, 0x0005, 0x0006, 0x0006, 0x0006, 0x0006, 0x0005, 0x0005,
  0x0006, 0x0006, 0x0006, 0x0005, 0x0006, 0x0006, 0x0006, 0x0006, 0x0006, 0x0006, 0x0006, 0x0006,
  0x0006, 0x0006, 0x0006, 0x0006, 0x0006, 0x0006, 0x0006, 0x0006, 0x0006, 0x0006, 0x0006, 0x0006,
  0xFFFF, 0xFFFF, 0xFFFF, 0xFFFF, 0xFFFF, 0xFFFF, 0xFFFF, 0xFFFF, 0xFFFF, 0xD67B, 0x4A4E, 0x0006,
  0x0006, 0x0006, 0x0006, 0xFFFF, 0x0006, 0x0006, 0x02F7, 0x0318, 0x0318, 0x0318, 0x0318, 0x0318,
  0x0318, 0x0318, 0x0318, 0x0318, 0x0318, 0x0318, 0x0318, 0x0318, 0x0318, 0x0318, 0x0318, 0x0318,
  0x0318, 0x0318, 0x0318, 0x0318, 0x0318, 0x0318, 0x0318, 0x0318, 0x0318, 0x0318, 0x0318, 0x0318,
  0x0318, 0x0318, 0x0318, 0x0318, 0x0318, 0x0318, 0x0318, 0x0318, 0x0318, 0x0318, 0x0318, 0x0318,
  0x0318, 0x0318, 0x0318, 0x0318, 0x0318, 0x0318, 0x0318, 0x0318, 0x0318, 0x0318, 0x0318, 0x0318,
  0x0318, 0x0318, 0x0318, 0x0318, 0x0318, 0x0318, 0x0318, 0x0318, 0x0318, 0x0318, 0x0318, 0x0318,
  0x0318, 0x0318, 0x0358, 0xFFFF, 0xFFFF, 0xFFFF, 0xFFFF, 0xFFFF, 0xFFFF, 0xFFFF, 0xFFFF, 0xFFFF,
  0xFFFF, 0xFFFF, 0xFFFF, 0xFFFF, 0xFFFF, 0xFFFF, 0xFFFF, 0xFFFF, 0xFFFF, 0xFFFF, 0xFFFF, 0xFFFF,
  0xFFFF, 0xFFFF, 0xFFFF, 0xFFFF, 0xFFFF, 0xFFFF, 0xFFFF, 0xF79E, 0x0005, 0x0005, 0x0005, 0x0005,
  0x0025, 0xBDD7, 0xD69A, 0x0026, 0x0026, 0x0026, 0x0026, 0x0026, 0x2949, 0xDEFC, 0xDEFC, 0x2949,
  0x0026, 0x2949, 0xFFFF, 0x9CF4, 0x0026, 0x0026, 0x0026, 0x0027, 0x0027, 0x0027, 0x0027, 0x0027,
  0x0027, 0x0027, 0x0027, 0x0027, 0x0027, 0x0027, 0x0027, 0x0027, 0x0027, 0x0027, 0x0027, 0x0027,
  0x0027, 0x0027, 0x0027, 0x0027, 0x0027, 0x0027, 0x0027, 0x0027, 0x0027, 0x0027, 0x0027, 0x0027,
  0x0027, 0x0027, 0x0027, 0x0027, 0x0027, 0x0027, 0x0027, 0x0027, 0x0027, 0x0027, 0x0027, 0x0027,
  0x0027, 0x0027, 0x0027, 0x0027, 0x0027, 0x0027, 0x0027, 0x0027, 0x0026, 0x0026, 0x0026, 0x0026,
  0x0026, 0x0026, 0x0026, 0x0026, 0x0026, 0x0026, 0x0006, 0x0006, 0x0006, 0x0006, 0x0006, 0x0006,
  0x0006, 0x0006, 0x0005, 0x0005, 0x0005, 0x0005, 0x0005, 0x0005, 0x0005, 0x0005, 0x0005, 0x0005,
  0x0005, 0x0005, 0x0005, 0x0005, 0x0005, 0x0005, 0x0005, 0x0005, 0x0005, 0x0005, 0x0005, 0x0005,
  0x0005, 0x0005, 0x0005, 0x0006, 0x0006, 0x0006, 0x0006, 0x0006, 0x0005, 0x0005, 0x0005, 0x0005,
  0x0006, 0x0006, 0x0006, 0x0006, 0x0006, 0x0006, 0x0006, 0x0006, 0x0006, 0x0006, 0x0006, 0x0006,
  0x0006, 0x0006, 0x0006, 0x0006, 0x0006, 0x0006, 0x0006, 0x0006, 0x0006, 0x0005, 0x0005, 0x0005,
  0x0005, 0x0005, 0x0005, 0x0005, 0x0005, 0x0005, 0x0005, 0x0005, 0x0005, 0x0005, 0x0005, 0x0005,
  0x0005, 0x0005, 0x0005, 0x0005, 0x0005, 0x0005, 0x0005, 0x0005, 0x0005, 0x0005, 0x0005, 0x0005,
  0x0005, 0x0005, 0x0006, 0x0006, 0x0006, 0x0005, 0x0005, 0x0006, 0x0006, 0x0006, 0x0006, 0x0006,
  0x0006, 0x0006, 0x0006, 0x0006, 0x0006, 0x0006, 0x0006, 0x0006, 0x0006, 0x0006, 0x0006, 0x0006,
  0x0006, 0x0006, 0x0006, 0x0006, 0x0006, 0x0006, 0x0006, 0x0006, 0xFFFF, 0xFFFF, 0xFFFF, 0xFFFF,
  0xFFFF, 0xFFFF, 0xFFFF, 0xFFFF, 0xFFFF, 0xD67B, 0x526E, 0x0006, 0x0006, 0x0006, 0x0006, 0xFFFF,
  0x0006, 0x0006, 0x0190, 0x0318, 0x0318, 0x0318, 0x0318, 0x0318, 0x0318, 0x0318, 0x0318, 0x0318,
  0x0318, 0x0318, 0x0318, 0x0318, 0x0318, 0x0318, 0x0318, 0x0318, 0x0318, 0x0318, 0x0318, 0x0318,
  0x0318, 0x0318, 0x0318, 0x0318, 0x0318, 0x0318, 0x0318, 0x0318, 0x0318, 0x0318, 0x0318, 0x0318,
  0x0318, 0x0318, 0x0318, 0x0318, 0x0318, 0x0318, 0x0318, 0x0318, 0x0318, 0x0318, 0x0318, 0x0318,
  0x0318, 0x0318, 0x0318, 0x0318, 0x0318, 0x0318, 0x0318, 0x0318, 0x0318, 0x0318, 0x0318, 0x0318,
  0x0318, 0x0318, 0x0318, 0x0318, 0x0318, 0x0318, 0x0318, 0x0318, 0x0318, 0x0338, 0x857C, 0xFFFF,
  0xFFFF, 0xFFFF, 0xFFFF, 0xFFFF, 0xFFFF, 0xFFFF, 0xFFFF, 0xFFFF, 0xFFFF, 0xFFFF, 0xFFFF, 0xFFFF,
  0xFFFF, 0xFFFF, 0xFFFF, 0xFFFF, 0xFFFF, 0xFFFF, 0xFFFF, 0xFFFF, 0xFFFF, 0xFFFF, 0xFFFF, 0xFFFF,
  0xFFFF, 0xFFFF, 0xFFDF, 0x8C53, 0x0005, 0x0005, 0x0005, 0x0005, 0x0005, 0xBDD7, 0xD69A, 0x0026,
  0x0026, 0x0026, 0x0026, 0x6B6F, 0xF7BE, 0xDEFC, 0x422B, 0x0026, 0x0026, 0x7BF1, 0xFFFF, 0x2949,
  0x0026, 0x0026, 0x0026, 0x0027, 0x0027, 0x0027, 0x0027, 0x0027, 0x0027, 0x0027, 0x0027, 0x0027,
  0x0027, 0x0027, 0x0027, 0x0027, 0x0027, 0x0027, 0x0027, 0x0027, 0x0027, 0x0027, 0x0027, 0x0027,
  0x0027, 0x0027, 0x0027, 0x0027, 0x0027, 0x0027, 0x0027, 0x0027, 0x0027, 0x0027, 0x0027, 0x0027,
  0x0027, 0x0027, 0x0027, 0x0027, 0x0027, 0x0027, 0x0027, 0x0027, 0x0027, 0x0027, 0x0027, 0x0027,
  0x0027, 0x0027, 0x0027, 0x0027, 0x0026, 0x0026, 0x0026, 0x0026, 0x0026, 0x0026, 0x0026, 0x0026,
  0x0026, 0x0026, 0x0026, 0x0026, 0x0006, 0x0006, 0x0006, 0x0006, 0x0006, 0x0006, 0x0005, 0x0006,
  0x0005, 0x0006, 0x0005, 0x0005, 0x0005, 0x0005, 0x0005, 0x0005, 0x0005, 0x0005, 0x0005, 0x0005,
  0x0005, 0x0005, 0x0005, 0x0005, 0x0005, 0x0005, 0x0005, 0x0005, 0x0005, 0x0005, 0x0005, 0x0005,
  0x0005, 0x0005, 0x0005, 0x0005, 0x0006, 0x0006, 0x0006, 0x0006, 0x0006, 0x0006, 0x0006, 0x0006,
  0x0005, 0x0005, 0x0005, 0x0005, 0x0005, 0x0005, 0x0005, 0x0005, 0x0005, 0x0005, 0x0005, 0x0005,
  0x0005, 0x0005, 0x0005, 0x0005, 0x0005, 0x0005, 0x0006, 0x0006, 0x0006, 0x0006, 0x0006, 0x0006,
  0x0006, 0x0006, 0x0006, 0x0005, 0x0005, 0x0005, 0x0005, 0x0005, 0x0005, 0x0005, 0x0005, 0x0005,
  0x0005, 0x0005, 0x0005, 0x0005, 0x0005, 0x0005, 0x0005, 0x0005, 0x0005, 0x0005, 0x0006, 0x0006,
  0x0006, 0x0005, 0x0005, 0x0006, 0x0006, 0x0006, 0x0005, 0x0006, 0x0006, 0x0006, 0x0006, 0x0006,
  0x0006, 0x0006, 0x0006, 0x0006, 0x0006, 0x0006, 0x0006, 0x0006, 0x0006, 0x0006, 0x0006, 0x0006,
  0x0006, 0x0006, 0x0006, 0x0006, 0xFFFF, 0xFFFF, 0xFFFF, 0xFFFF, 0xFFFF, 0xFFFF, 0xFFFF, 0xE71D,
  0x6310, 0x0007, 0x0006, 0x0006, 0x0006, 0x0006, 0x0007, 0xFFFF, 0x0006, 0x0007, 0x0006, 0x0006,
  0x0007, 0x0007, 0x0007, 0x0007, 0x0007, 0x0007, 0x0007, 0x0007, 0x0007, 0x0007, 0x0007, 0x0007,
  0x0007, 0x0007, 0x0007, 0x0007, 0x0007, 0x0007, 0x0007, 0x0007, 0x0007, 0x0007, 0x0007, 0x0006,
  0x0006, 0x0006, 0x0006, 0x0006, 0x0006, 0x0006, 0x0006, 0x0006, 0x0006, 0x0006, 0x0006, 0x0006,
  0x0006, 0x0006, 0x0006, 0x0006, 0x0006, 0x0006, 0x0006, 0x0006, 0x0006, 0x0006, 0x0006, 0x0006,
  0x0006, 0x0006, 0x0006, 0x0006, 0x0006, 0x0006, 0x0006, 0x0006, 0x0005, 0x0005, 0x0005, 0x0005,
  0x0005, 0x0005, 0x0005, 0x0005, 0x0005, 0x0005, 0x0005, 0x0005, 0x0005, 0x0005, 0x0005, 0x0005,
  0x0005, 0x0005, 0x0005, 0x0005, 0x0005, 0x0005, 0x0005, 0x0005, 0x0005, 0x0005, 0x0005, 0x0005,
  0x0005, 0x0005, 0x0005, 0x0005, 0x0005, 0x0005, 0x0005, 0x0005, 0x0005, 0x0005, 0x0005, 0x0005,
  0x0005, 0x0005, 0x0005, 0x0005, 0x0005, 0xBDD7, 0xD69A, 0x0006, 0x422B, 0xFFFF, 0x8C73, 0xDEFC,
  0xFFFF, 0xFFFF, 0xFFFF, 0xEF5D, 0x0026, 0x9CF4, 0xF7BE, 0x0026, 0x0026, 0x0027, 0x0027, 0x0027,
  0x0027, 0x0027, 0x0027, 0x0027, 0x0027, 0x0027, 0x0027, 0x0027, 0x0027, 0x0027, 0x0027, 0x0027,
  0x0027, 0x0027, 0x0027, 0x0027, 0x0027, 0x0027, 0x0027, 0x0027, 0x0027, 0x0027, 0x0027, 0x0027,
  0x0027, 0x0027, 0x0027, 0x0027, 0x0027, 0x0027, 0x0027, 0x0027, 0x0027, 0x0027, 0x0027, 0x0027,
  0x0027, 0x0027, 0x0027, 0x0027, 0x0027, 0x0027, 0x0027, 0x0027, 0x0027, 0x0027, 0x0027, 0x0027,
  0x0027, 0x0026, 0x0026, 0x0026, 0x0026, 0x0026, 0x0026, 0x0026, 0x0026, 0x0026, 0x0026, 0x0026,
  0x0026, 0x0026, 0x0006, 0x0006, 0x0006, 0x0006, 0x0006, 0x0006, 0x0006, 0x0005, 0x0005, 0x0005,
  0x0005, 0x0005, 0x0005, 0x0005, 0x0005, 0x0005, 0x0005, 0x0005, 0x0005, 0x0005, 0x0005, 0x0005,
  0x0005, 0x0005, 0x0005, 0x0005, 0x0005, 0x0005, 0x0005, 0x0005, 0x0005, 0x0005, 0x0005, 0x0005,
  0x0005, 0x0005, 0x0005, 0x0005, 0x0005, 0x0005, 0x0005, 0x0005, 0x0005, 0x0006, 0x0006, 0x0006,
  0x0006, 0x0006, 0x0006, 0x0006, 0x0006, 0x0006, 0x0006, 0x0006, 0x0006, 0x0006, 0x0006, 0x0005,
  0x0005, 0x0005, 0x0005, 0x0005, 0x0005, 0x0005, 0x0005, 0x0005, 0x0005, 0x0005, 0x0005, 0x0005,
  0x0005, 0x0005, 0x0005, 0x0005, 0x0005, 0x0005, 0x0005, 0x0005, 0x0005, 0x0005, 0x0005, 0x0005,
  0x0005, 0x0005, 0x0005, 0x0005, 0x0005, 0x0005, 0x0006, 0x0006, 0x0006, 0x0005, 0x0005, 0x0006,
  0x0006, 0x0006, 0x0006, 0x0006, 0x0006, 0x0006, 0x0006, 0x0006, 0x0006, 0x0006, 0x0006, 0x0006,
  0x0006, 0x0006, 0x0006, 0x0006, 0x0006, 0x0006, 0x0006, 0x0006, 0x0006, 0x0006, 0x0006, 0x0006,
  0xFFFF, 0xFFFF, 0xFFFF, 0xFFFF, 0xFFFF, 0xF77E, 0x7BB2, 0x1027, 0x0006, 0x0006, 0x0006, 0x0006,
  0x0006, 0x0006, 0x0006, 0xFFFF, 0x0006, 0x0007, 0x0007, 0x0007, 0x0007, 0x0007, 0x0007, 0x0007,
  0x0007, 0x0007, 0x0007, 0x0007, 0x0007, 0x0007, 0x0007, 0x0007, 0x0007, 0x0007, 0x0007, 0x0007,
  0x0007, 0x0007, 0x0007, 0x0007, 0x0007, 0x0007, 0x0006, 0x0007, 0x0007, 0x0007, 0x0006, 0x0006,
  0x0006, 0x0006, 0x0006, 0x0006, 0x0006, 0x0006, 0x0006, 0x0006, 0x0006, 0x0006, 0x0006, 0x0006,
  0x0006, 0x0006, 0x0006, 0x0006, 0x0006, 0x0006, 0x0006, 0x0006, 0x0006, 0x0006, 0x0006, 0x0006,
  0x0006, 0x0006, 0x0006, 0x0006, 0x0005, 0x0005, 0x0005, 0x0005, 0x0005, 0x0005, 0x0005, 0x0005,
  0x0005, 0x0005, 0x0005, 0x0005, 0x0005, 0x0005, 0x0005, 0x0005, 0x0005, 0x0005, 0x0005, 0x0005,
  0x0005, 0x0005, 0x0005, 0x0005, 0x0005, 0x0005, 0x0005, 0x0005, 0x0005, 0x0005, 0x0005, 0x0005,
  0x0005, 0x0005, 0x0005, 0x0005, 0x0005, 0x0005, 0x0005, 0x0005, 0x0005, 0x0005, 0x0005, 0x0005,
  0x0006, 0x8C73, 0x9CF4, 0x0026, 0x2949, 0xBDD7, 0x5ACD, 0x9CF4, 0xBDD7, 0xBDD8, 0xBDD8, 0x9CF4,
  0x0026, 0x6B6F, 0x9CF5, 0x0027, 0x0026, 0x0026, 0x0027, 0x0027, 0x0027, 0x0027, 0x0027, 0x0027,
  0x0027, 0x0027, 0x0027, 0x0027, 0x0027, 0x0027, 0x0027, 0x0027, 0x0027, 0x0027, 0x0027, 0x0027,
  0x0027, 0x0027, 0x0027, 0x0027, 0x0028, 0x0028, 0x0028, 0x0027, 0x0027, 0x0027, 0x0027, 0x0027,
  0x0027, 0x0027, 0x0027, 0x0027, 0x0027, 0x0027, 0x0027, 0x0027, 0x0027, 0x0027, 0x0027, 0x0027,
  0x0027, 0x0027, 0x0027, 0x0027, 0x0027, 0x0027, 0x0027, 0x0027, 0x0027, 0x0026, 0x0026, 0x0027,
  0x0026, 0x0026, 0x0026, 0x0026, 0x0026, 0x0026, 0x0026, 0x0026, 0x0026, 0x0026, 0x0006, 0x0006,
  0x0006, 0x0006, 0x0006, 0x0006, 0x0006, 0x0005, 0x0006, 0x0006, 0x0005, 0x0005, 0x0005, 0x0005,
  0x0005, 0x0005, 0x0005, 0x0005, 0x0005, 0x0005, 0x0005, 0x0005, 0x0005, 0x0005, 0x0005, 0x0005,
  0x0005, 0x0005, 0x0005, 0x0005, 0x0005, 0x0005, 0x0005, 0x0005, 0x0005, 0x0005, 0x0005, 0x0005,
  0x0005, 0x0005, 0x0005, 0x0005, 0x0005, 0x0005, 0x0005, 0x0005, 0x0005, 0x0005, 0x0005, 0x0005,
  0x0005, 0x0005, 0x0005, 0x0005, 0x0005, 0x0005, 0x0005, 0x0005, 0x0005, 0x0005, 0x0005, 0x0005,
  0x0005, 0x0005, 0x0005, 0x0005, 0x0005, 0x0005, 0x0005, 0x0005, 0x0005, 0x0005, 0x0005, 0x0005,
  0x0005, 0x0005, 0x0005, 0x0005, 0x0005, 0x0005, 0x0005, 0x0005, 0x0005, 0x0005, 0x0005, 0x0005,
  0x0005, 0x0005, 0x0006, 0x0006, 0x0006, 0x0005, 0x0006, 0x0006, 0x0006, 0x0006, 0x0006, 0x0006,
  0x0006, 0x0006, 0x0006, 0x0006, 0x0006, 0x0006, 0x0006, 0x0006, 0x0006, 0x0006, 0x0006, 0x0006,
  0x0006, 0x0006, 0x0006, 0x0006, 0x0006, 0x0006, 0x0006, 0x0006, 0xFFFF, 0xFFFF, 0xFFFF, 0xF7BF,
  0x9474, 0x1888, 0x0006, 0x0006, 0x0006, 0x0006, 0x0006, 0x0007, 0x0006, 0x0007, 0x0006, 0xFFFF,
  0x0007, 0x0007, 0x0007, 0x0007, 0x0007, 0x0007, 0x0007, 0x0007, 0x0007, 0x0007, 0x0007, 0x0007,
  0x0007, 0x0007, 0x0007, 0x0007, 0x0007, 0x0007, 0x0007, 0x0007, 0x0007, 0x0007, 0x0007, 0x0007,
  0x0007, 0x0007, 0x0007, 0x0007, 0x0007, 0x0006, 0x0007, 0x0007, 0x0006, 0x0006, 0x0006, 0x0006,
  0x0006, 0x0006, 0x0006, 0x0006, 0x0006, 0x0006, 0x0006, 0x0006, 0x0006, 0x0006, 0x0006, 0x0006,
  0x0006, 0x0006, 0x0006, 0x0006, 0x0006, 0x0006, 0x0006, 0x0006, 0x0006, 0x0006, 0x0006, 0x0006,
  0x0006, 0x0005, 0x0005, 0x0005, 0x0005, 0x0005, 0x0005, 0x0005, 0x0005, 0x0005, 0x0005, 0x0005,
  0x0005, 0x0005, 0x0005, 0x0005, 0x0005, 0x0005, 0x0005, 0x0005, 0x0005, 0x0005, 0x0005, 0x0005,
  0x0005, 0x0005, 0x0005, 0x0005, 0x0005, 0x0005, 0x0005, 0x0005, 0x0005, 0x0005, 0x0005, 0x0005,
  0x0005, 0x0005, 0x0005, 0x0005, 0x0005, 0x0006, 0x0006, 0x0005, 0x0026, 0x0026, 0x0026, 0x0026,
  0x0026, 0x0026, 0x0026, 0x0026, 0x0026, 0x0026, 0x0026, 0x0026, 0x0026, 0x0026, 0x0026, 0x0027,
  0x0027, 0x0027, 0x0027, 0x0027, 0x0027, 0x0027, 0x0027, 0x0027, 0x0027, 0x0027, 0x0027, 0x0027,
  0x0027, 0x0027, 0x0027, 0x0027, 0x0027, 0x0027, 0x0027, 0x0027, 0x0028, 0x0028, 0x0028, 0x0028,
  0x0028, 0x0028, 0x0028, 0x0028, 0x0028, 0x0028, 0x0028, 0x0028, 0x0028, 0x0028, 0x0028, 0x0027,
  0x0027, 0x0027, 0x0027, 0x0027, 0x0028, 0x0027, 0x0027, 0x0027, 0x0027, 0x0027, 0x0027, 0x0027,
  0x0027, 0x0027, 0x0027, 0x0027, 0x0027, 0x0027, 0x0027, 0x0027, 0x0027, 0x0027, 0x0026, 0x0026,
  0x0026, 0x0026, 0x0026, 0x0026, 0x0026, 0x0026, 0x0006, 0x0006, 0x0006, 0x0006, 0x0006, 0x0006,
  0x0006, 0x0006, 0x0006, 0x0006, 0x0006, 0x0005, 0x0005, 0x0005, 0x0005, 0x0005, 0x0005, 0x0005,
  0x0005, 0x0005, 0x0005, 0x0005, 0x0005, 0x0005, 0x0005, 0x0005, 0x0005, 0x0005, 0x0005, 0x0005,
  0x0005, 0x0005, 0x0005, 0x0005, 0x0005, 0x0005, 0x0005, 0x0005, 0x0005, 0x0005, 0x0005, 0x0005,
  0x0005, 0x0005, 0x0005, 0x0005, 0x0005, 0x0005, 0x0005, 0x0005, 0x0005, 0x0005, 0x0005, 0x0005,
  0x0005, 0x0005, 0x0005, 0x0005, 0x0005, 0x0005, 0x0005, 0x0005, 0x0005, 0x0005, 0x0005, 0x0005,
  0x0005, 0x0005, 0x0005, 0x0005, 0x0005, 0x0005, 0x0005, 0x0005, 0x0005, 0x0005, 0x0005, 0x0005,
  0x0005, 0x0005, 0x0005, 0x0005, 0x0005, 0x0005, 0x0005, 0x0005, 0x0005, 0x0005, 0x0006, 0x0006,
  0x0005, 0x0005, 0x0006, 0x0006, 0x0006, 0x0006, 0x0006, 0x0006, 0x0006, 0x0006, 0x0006, 0x0006,
  0x0006, 0x0006, 0x0006, 0x0006, 0x0006, 0x0006, 0x0006, 0x0006, 0x0006, 0x0006, 0x0006, 0x0006,
  0x0006, 0x0006, 0x0006, 0x0006, 0xFFFF, 0xFFFF, 0xAD37, 0x20E9, 0x0006, 0x0006, 0x0006, 0x0006,
  0x0006, 0x0006, 0x0006, 0x0007, 0x0007, 0x0007, 0x0007, 0xFFFF, 0x0007, 0x0007, 0x0007, 0x0007,
  0x0007, 0x0007, 0x0007, 0x0007, 0x0007, 0x0007, 0x0007, 0x0007, 0x0007, 0x0007, 0x0007, 0x0007,
  0x0007, 0x0007, 0x0007, 0x0007, 0x0007, 0x0007, 0x0007, 0x0007, 0x0007, 0x0007, 0x0007, 0x0007,
  0x0007, 0x0007, 0x0007, 0x0006, 0x0007, 0x0007, 0x0006, 0x0006, 0x0006, 0x0006, 0x0006, 0x0006,
  0x0006, 0x0006, 0x0006, 0x0006, 0x0006, 0x0006, 0x0006, 0x0006, 0x0006, 0x0006, 0x0006, 0x0006,
  0x0006, 0x0006, 0x0006, 0x0006, 0x0006, 0x0006, 0x0006, 0x0006, 0x0006, 0x0005, 0x0005, 0x0005,
  0x0005, 0x0005, 0x0005, 0x0005, 0x0005, 0x0005, 0x0005, 0x0005, 0x0005, 0x0005, 0x0005, 0x0005,
  0x0005, 0x0005, 0x0005, 0x0005, 0x0005, 0x0005, 0x0005, 0x0005, 0x0005, 0x0005, 0x0005, 0x0005,
  0x0005, 0x0005, 0x0005, 0x0005, 0x0005, 0x0005, 0x0005, 0x0005, 0x0005, 0x0005, 0x0005, 0x0006,
  0x0005, 0x0006, 0x0006, 0x0006, 0x0006, 0x0026, 0x0026, 0x0026, 0x0026, 0x0026, 0x0026, 0x0026,
  0x0026, 0x0026, 0x0026, 0x0026, 0x0026, 0x0026, 0x0026, 0x0027, 0x0027, 0x0027, 0x0027, 0x0027,
  0x0027, 0x0027, 0x0027, 0x0027, 0x0027, 0x0027, 0x0027, 0x0027, 0x0027, 0x0027, 0x0027, 0x0027,
  0x0027, 0x0028, 0x0028, 0x0028, 0x0028, 0x0028, 0x0028, 0x0028, 0x0028, 0x0028, 0x0028, 0x0028,
  0x0028, 0x0028, 0x0028, 0x0028, 0x0028, 0x0028, 0x0028, 0x0028, 0x0028, 0x0028, 0x0028, 0x0028,
  0x0028, 0x0028, 0x0028, 0x0027, 0x0027, 0x0027, 0x0027, 0x0027, 0x0027, 0x0027, 0x0027, 0x0027,
  0x0027, 0x0027, 0x0027, 0x0027, 0x0027, 0x0027, 0x0026, 0x0026, 0x0027, 0x0026, 0x0026, 0x0026,
  0x0006, 0x0006, 0x0006, 0x0006, 0x0006, 0x0006, 0x0006, 0x0006, 0x0006, 0x0006, 0x0006, 0x0006,
  0x0006, 0x0005, 0x0005, 0x0006, 0x0005, 0x0005, 0x0005, 0x0005, 0x0005, 0x0005, 0x0005, 0x0005,
  0x0005, 0x0005, 0x0005, 0x0005, 0x0005, 0x0005, 0x0005, 0x0005, 0x0005, 0x0005, 0x0005, 0x0005,
  0x0005, 0x0005, 0x0005, 0x0005, 0x0005, 0x0005, 0x0005, 0x0005, 0x0005, 0x0005, 0x0005, 0x0005,
  0x0005, 0x0005, 0x0005, 0x0005, 0x0005, 0x0005, 0x0005, 0x0005, 0x0005, 0x0005, 0x0005, 0x0005,
  0x0005, 0x0005, 0x0005, 0x0005, 0x0005, 0x0005, 0x0005, 0x0005, 0x0005, 0x0005, 0x0005, 0x0005,
  0x0005, 0x0005, 0x0005, 0x0005, 0x0005, 0x0005, 0x0005, 0x0005, 0x0005, 0x0005, 0x0005, 0x0005,
  0x0005, 0x0005, 0x0005, 0x0005, 0x0005, 0x0005, 0x0006, 0x0006, 0x0005, 0x0005, 0x0006, 0x0006,
  0x0005, 0x0006, 0x0006, 0x0006, 0x0006, 0x0006, 0x0006, 0x0006, 0x0006, 0x0006, 0x0006, 0x0006,
  0x0006, 0x0006, 0x0006, 0x0006, 0x0006, 0x0006, 0x0006, 0x0006, 0x0006, 0x0006, 0x0006, 0x0006,
  0xBDD9, 0x398B, 0x0006, 0x0006, 0x0006, 0x0006, 0x0006, 0x0007, 0x0007, 0x0007, 0x0007, 0x0007,
  0x0007, 0x0007, 0x0007, 0xFFFF, 0x0007, 0x0007, 0x0007, 0x0007, 0x0007, 0x0007, 0x0007, 0x0007,
  0x0007, 0x0007, 0x0007, 0x0007, 0x0007, 0x0007, 0x0007, 0x0007, 0x0007, 0x0007, 0x0007, 0x0007,
  0x0007, 0x0007, 0x0007, 0x0007, 0x0007, 0x0007, 0x0007, 0x0007, 0x0007, 0x0007, 0x0007, 0x0007,
  0x0007, 0x0006, 0x0007, 0x0007, 0x0006, 0x0006, 0x0006, 0x0006, 0x0006, 0x0006, 0x0006, 0x0006,
  0x0006, 0x0006, 0x0006, 0x0006, 0x0006, 0x0006, 0x0006, 0x0006, 0x0006, 0x0006, 0x0006, 0x0006,
  0x0006, 0x0006, 0x0006, 0x0006, 0x0006, 0x0006, 0x0005, 0x0005, 0x0005, 0x0005, 0x0006, 0x0005,
  0x0005, 0x0005, 0x0005, 0x0005, 0x0005, 0x0005, 0x0005, 0x0005, 0x0005, 0x0005, 0x0005, 0x0005,
  0x0005, 0x0005, 0x0005, 0x0005, 0x0005, 0x0005, 0x0005, 0x0005, 0x0005, 0x0005, 0x0005, 0x0005,
  0x0005, 0x0005, 0x0005, 0x0005, 0x0005, 0x0005, 0x0005, 0x0005, 0x0005, 0x0006, 0x0006, 0x0006,
  0x0006, 0x0006, 0x0026, 0x0026, 0x0026, 0x0026, 0x0026, 0x0026, 0x0026, 0x0026, 0x0026, 0x0026,
  0x0026, 0x0026, 0x0027, 0x0027, 0x0027, 0x0027, 0x0027, 0x0027, 0x0027, 0x0027, 0x0027, 0x0027,
  0x0027, 0x0027, 0x0027, 0x0027, 0x0028, 0x0028, 0x0028, 0x0028, 0x0028, 0x0028, 0x0028, 0x0028,
  0x0028, 0x0028, 0x0028, 0x0028, 0x0028, 0x0028, 0x0028, 0x0028, 0x0028, 0x0028, 0x0028, 0x0028,
  0x0028, 0x0028, 0x0028, 0x0028, 0x0028, 0x0028, 0x0028, 0x0028, 0x0028, 0x0028, 0x0028, 0x0028,
  0x0028, 0x0027, 0x0027, 0x0027, 0x0027, 0x0027, 0x0027, 0x0027, 0x0027, 0x0027, 0x0027, 0x0027,
  0x0027, 0x0027, 0x0027, 0x0027, 0x0027, 0x0026, 0x0026, 0x0026, 0x0026, 0x0006, 0x0006, 0x0006,
  0x0006, 0x0006, 0x0006, 0x0006, 0x0006, 0x0006, 0x0006, 0x0006, 0x0005, 0x0006, 0x0006, 0x0006,
  0x0005, 0x0005, 0x0005, 0x0005, 0x0005, 0x0005, 0x0005, 0x0005, 0x0005, 0x0005, 0x0005, 0x0005,
  0x0005, 0x0005, 0x0005, 0x0005, 0x0005, 0x0005, 0x0005, 0x0005, 0x0005, 0x0005, 0x0005, 0x0005,
  0x0005, 0x0005, 0x0005, 0x0005, 0x0005, 0x0005, 0x0005, 0x0005, 0x0005, 0x0005, 0x0005, 0x0005,
  0x0005, 0x0005, 0x0005, 0x0005, 0x0005, 0x0005, 0x0005, 0x0005, 0x0005, 0x0005, 0x0005, 0x0005,
  0x0005, 0x0005, 0x0005, 0x0005, 0x0005, 0x0005, 0x0005, 0x0005, 0x0005, 0x0005, 0x0005, 0x0005,
  0x0005, 0x0005, 0x0005, 0x0005, 0x0005, 0x0005, 0x0005, 0x0005, 0x0005, 0x0005, 0x0005, 0x0005,
  0x0005, 0x0005, 0x0006, 0x0006, 0x0005, 0x0006, 0x0006, 0x0006, 0x0006, 0x0006, 0x0006, 0x0006,
  0x0006, 0x0006, 0x0006, 0x0006, 0x0006, 0x0006, 0x0006, 0x0006, 0x0006, 0x0006, 0x0006, 0x0006,
  0x0006, 0x0006, 0x0006, 0x0006, 0x0006, 0x0006, 0x0006, 0x0006, 0x0006, 0x0006, 0x0006, 0x0006,
  0x0006, 0x0007, 0x0006, 0x0007, 0x0007, 0x0007, 0x0007, 0x0007, 0x0007, 0x0007, 0x0007, 0xFFFF,
  0x0007, 0x0007, 0x0007, 0x0007, 0x0007, 0x0007, 0x0007, 0x0007, 0x0007, 0x0007, 0x0007, 0x0007,
  0x0007, 0x0007, 0x0007, 0x0807, 0x0807, 0x0807, 0x0007, 0x0007, 0x0007, 0x0007, 0x0007, 0x0007,
  0x0007, 0x0007, 0x0007, 0x0007, 0x0007, 0x0007, 0x0007, 0x0007, 0x0007, 0x0007, 0x0007, 0x0007,
  0x0007, 0x0006, 0x0006, 0x0006, 0x0006, 0x0006, 0x0006, 0x0006, 0x0006, 0x0006, 0x0006, 0x0006,
  0x0006, 0x0006, 0x0006, 0x0006, 0x0006, 0x0006, 0x0006, 0x0006, 0x0006, 0x0006, 0x0006, 0x0006,
  0x0006, 0x0006, 0x0006, 0x0005, 0x0005, 0x0005, 0x0006, 0x0005, 0x0005, 0x0005, 0x0005, 0x0005,
  0x0005, 0x0005, 0x0005, 0x0005, 0x0005, 0x0005, 0x0005, 0x0005, 0x0005, 0x0005, 0x0005, 0x0005,
  0x0005, 0x0005, 0x0005, 0x0005, 0x0005, 0x0005, 0x0005, 0x0005, 0x0005, 0x0005, 0x0005, 0x0005,
  0x0005, 0x0005, 0x0005, 0x0006, 0x0005, 0x0006, 0x0006, 0x0006, 0x0006, 0x0006, 0x0006, 0x0026,
  0x0026, 0x0026, 0x0026, 0x0026, 0x0026, 0x0026, 0x0026, 0x0026, 0x0026, 0x0027, 0x0027, 0x0027,
  0x0027, 0x0027, 0x0027, 0x0027, 0x0027, 0x0027, 0x0027, 0x0027, 0x0027, 0x0027, 0x0028, 0x0028,
  0x0028, 0x0028, 0x0028, 0x0028, 0x0028, 0x0028, 0x0028, 0x0028, 0x0028, 0x0028, 0x0028, 0x0028,
  0x0028, 0x0028, 0x0028, 0x0028, 0x0028, 0x0028, 0x0028, 0x0028, 0x0028, 0x0028, 0x0028, 0x0028,
  0x0028, 0x0028, 0x0028, 0x0028, 0x0028, 0x0028, 0x0028, 0x0028, 0x0028, 0x0028, 0x0028, 0x0028,
  0x0027, 0x0027, 0x0027, 0x0027, 0x0027, 0x0027, 0x0027, 0x0027, 0x0027, 0x0027, 0x0027, 0x0027,
  0x0027, 0x0027, 0x0026, 0x0026, 0x0026, 0x0026, 0x0006, 0x0006, 0x0006, 0x0006, 0x0006, 0x0006,
  0x0006, 0x0006, 0x0006, 0x0006, 0x0006, 0x0006, 0x0006, 0x0006, 0x0005, 0x0005, 0x0006, 0x0005,
  0x0005, 0x0005, 0x0005, 0x0005, 0x0005, 0x0005, 0x0005, 0x0005, 0x0005, 0x0005, 0x0005, 0x0005,
  0x0005, 0x0005, 0x0005, 0x0005, 0x0005, 0x0005, 0x0005, 0x0005, 0x0005, 0x0005, 0x0005, 0x0005,
  0x0005, 0x0005, 0x0005, 0x0005, 0x0005, 0x0005, 0x0005, 0x0005, 0x0005, 0x0005, 0x0005, 0x0005,
  0x0005, 0x0005, 0x0005, 0x0005, 0x0005, 0x0005, 0x0005, 0x0005, 0x0005, 0x0005, 0x0005, 0x0005,
  0x0005, 0x0005, 0x0005, 0x0005, 0x0005, 0x0005, 0x0005, 0x0005, 0x0005, 0x0005, 0x0005, 0x0005,
  0x0005, 0x0005, 0x0005, 0x0005, 0x0005, 0x0005, 0x0005, 0x0005, 0x0005, 0x0005, 0x0006, 0x0005,
  0x0005, 0x0006, 0x0006, 0x0005, 0x0006, 0x0006, 0x0006, 0x0006, 0x0006, 0x0006, 0x0006, 0x0006,
  0x0006, 0x0006, 0x0006, 0x0006, 0x0006, 0x0006, 0x0006, 0x0006, 0x0006, 0x0006, 0x0006, 0x0006,
  0x0006, 0x0006, 0x0006, 0x0006, 0x0006, 0x0006, 0x0007, 0x0006, 0x0007, 0x0007, 0x0007, 0x0007,
  0x0007, 0x0007, 0x0007, 0x0007, 0x0007, 0x0007, 0x0007, 0xFFFF, 0x0007, 0x0007, 0x0007, 0x0007,
  0x0007, 0x0007, 0x0007, 0x0007, 0x0807, 0x0807, 0x0807, 0x0807, 0x0807, 0x0807, 0x0807, 0x0807,
  0x0807, 0x0807, 0x0807, 0x0807, 0x0807, 0x0807, 0x0807, 0x0807, 0x0807, 0x0007, 0x0007, 0x0007,
  0x0007, 0x0007, 0x0007, 0x0007, 0x0007, 0x0007, 0x0007, 0x0007, 0x0006, 0x0007, 0x0007, 0x0006,
  0x0006, 0x0006, 0x0006, 0x0006, 0x0006, 0x0006, 0x0006, 0x0006, 0x0006, 0x0006, 0x0006, 0x0006,
  0x0006, 0x0006, 0x0006, 0x0006, 0x0006, 0x0006, 0x0006, 0x0006, 0x0006, 0x0006, 0x0006, 0x0006,
  0x0005, 0x0005, 0x0006, 0x0006, 0x0005, 0x0005, 0x0005, 0x0005, 0x0005, 0x0005, 0x0005, 0x0005,
  0x0005, 0x0005, 0x0005, 0x0005, 0x0005, 0x0005, 0x0005, 0x0005, 0x0005, 0x0005, 0x0005, 0x0005,
  0x0005, 0x0005, 0x0005, 0x0005, 0x0005, 0x0005, 0x0005, 0x0005, 0x0005, 0x0005, 0x0005, 0x0006,
  0x0006, 0x0006, 0x0006, 0x0006, 0x0006, 0x0006, 0x0006, 0x0026, 0x0026, 0x0026, 0x0026, 0x0026,
  0x0026, 0x0026, 0x0026, 0x0027, 0x0026, 0x0027, 0x0027, 0x0027, 0x0027, 0x0027, 0x0027, 0x0027,
  0x0027, 0x0027, 0x0027, 0x0027, 0x0028, 0x0028, 0x0028, 0x0028, 0x0028, 0x0028, 0x0028, 0x0028,
  0x0028, 0x0028, 0x0028, 0x0028, 0x0028, 0x0028, 0x0028, 0x0028, 0x0028, 0x0028, 0x0028, 0x0028,
  0x0028, 0x0028, 0x0028, 0x0028, 0x0028, 0x0028, 0x0028, 0x0028, 0x0028, 0x0028, 0x0028, 0x0028,
  0x0028, 0x0028, 0x0028, 0x0028, 0x0028, 0x0028, 0x0028, 0x0028, 0x0028, 0x0028, 0x0027, 0x0027,
  0x0027, 0x0027, 0x0027, 0x0027, 0x0027, 0x0027, 0x0027, 0x0027, 0x0027, 0x0027, 0x0027, 0x0027,
  0x0027, 0x0026, 0x0026, 0x0006, 0x0006, 0x0006, 0x0006, 0x0006, 0x0006, 0x0006, 0x0006, 0x0006,
  0x0006, 0x0006, 0x0006, 0x0006, 0x0006, 0x0005, 0x0005, 0x0005, 0x0005, 0x0005, 0x0005, 0x0005,
  0x0005, 0x0005, 0x0005, 0x0005, 0x0005, 0x0005, 0x0005, 0x0005, 0x0005, 0x0005, 0x0005, 0x0005,
  0x0005, 0x0005, 0x0005, 0x0005, 0x0005, 0x0005, 0x0005, 0x0005, 0x0005, 0x0005, 0x0005, 0x0005,
  0x0005, 0x0005, 0x0005, 0x0005, 0x0005, 0x0005, 0x0005, 0x0005, 0x0005, 0x0005, 0x0005, 0x0005,
  0x0005, 0x0005, 0x0005, 0x0005, 0x0005, 0x0005, 0x0005, 0x0005, 0x0005, 0x0005, 0x0005, 0x0005,
  0x0005, 0x0005, 0x0005, 0x0005, 0x0005, 0x0005, 0x0005, 0x0005, 0x0005, 0x0005, 0x0005, 0x0005,
  0x0005, 0x0005, 0x0005, 0x0005, 0x0005, 0x0005, 0x0006, 0x0005, 0x0006, 0x0006, 0x0006, 0x0006,
  0x0006, 0x0006, 0x0006, 0x0006, 0x0006, 0x0006, 0x0006, 0x0006, 0x0006, 0x0006, 0x0006, 0x0006,
  0x0006, 0x0006, 0x0006, 0x0006, 0x0006, 0x0006, 0x0006, 0x0006, 0x0006, 0x0006, 0x0006, 0x0006,
  0x0006, 0x0007, 0x0006, 0x0007, 0x0007, 0x0007, 0x0007, 0x0007, 0x0007, 0x0007, 0x0007, 0x0007,
  0x0007, 0x0007, 0x0007, 0xFFFF, 0x0007, 0x0007, 0x0007, 0x0007, 0x0007, 0x0807, 0x0807, 0x0807,
  0x0807, 0x0807, 0x0807, 0x0807, 0x0807, 0x0807, 0x0807, 0x0807, 0x0807, 0x0807, 0x0807, 0x0807,
  0x0807, 0x0807, 0x0807, 0x0807, 0x0807, 0x0807, 0x0807, 0x0807, 0x0007, 0x0007, 0x0007, 0x0007,
  0x0007, 0x0007, 0x0007, 0x0007, 0x0007, 0x0007, 0x0007, 0x0007, 0x0006, 0x0006, 0x0006, 0x0006,
  0x0006, 0x0006, 0x0006, 0x0006, 0x0006, 0x0006, 0x0006, 0x0006, 0x0006, 0x0006, 0x0006, 0x0006,
  0x0006, 0x0006, 0x0006, 0x0006, 0x0006, 0x0006, 0x0006, 0x0006, 0x0006, 0x0006, 0x0006, 0x0006,
  0x0005, 0x0005, 0x0005, 0x0005, 0x0005, 0x0005, 0x0005, 0x0005, 0x0005, 0x0005, 0x0005, 0x0005,
  0x0005, 0x0005, 0x0005, 0x0005, 0x0005, 0x0005, 0x0005, 0x0005, 0x0005, 0x0005, 0x0005, 0x0005,
  0x0005, 0x0005, 0x0005, 0x0005, 0x0005, 0x0005, 0x0006, 0x0006, 0x0006, 0x0006, 0x0006, 0x0006,
  0x0006, 0x0006, 0x0006, 0x0006, 0x0006, 0x0026, 0x0026, 0x0026, 0x0026, 0x0026, 0x0026, 0x0027,
  0x0027, 0x0027, 0x0027, 0x0027, 0x0027, 0x0027, 0x0027, 0x0027, 0x0027, 0x0027, 0x0027, 0x0028,
  0x0028, 0x0028, 0x0028, 0x0028, 0x0028, 0x0028, 0x0028, 0x0028, 0x0028, 0x0028, 0x0028, 0x0028,
  0x0028, 0x0028, 0x0028, 0x0028, 0x0028, 0x0028, 0x0028, 0x0028, 0x0028, 0x0028, 0x0028, 0x0028,
  0x0028, 0x0028, 0x0028, 0x0028, 0x0028, 0x0028, 0x0028, 0x0028, 0x0028, 0x0028, 0x0028, 0x0028,
  0x0028, 0x0028, 0x0028, 0x0028, 0x0028, 0x0028, 0x0028, 0x0027, 0x0027, 0x0027, 0x0027, 0x0027,
  0x0027, 0x0027, 0x0027, 0x0027, 0x0027, 0x0027, 0x0027, 0x0027, 0x0027, 0x0027, 0x0026, 0x0006,
  0x0006, 0x0006, 0x0006, 0x0006, 0x0006, 0x0006, 0x0006, 0x0006, 0x0006, 0x0006, 0x0006, 0x0006,
  0x0006, 0x0006, 0x0006, 0x0006, 0x0005, 0x0005, 0x0005, 0x0005, 0x0005, 0x0005, 0x0005, 0x0005,
  0x0005, 0x0005, 0x0005, 0x0005, 0x0005, 0x0005, 0x0005, 0x0005, 0x0005, 0x0005, 0x0005, 0x0005,
  0x0005, 0x0005, 0x0005, 0x0005, 0x0005, 0x0005, 0x0005, 0x0005, 0x0005, 0x0005, 0x0005, 0x0005,
  0x0005, 0x0005, 0x0005, 0x0005, 0x0005, 0x0005, 0x0005, 0x0005, 0x0005, 0x0005, 0x0005, 0x0005,
  0x0005, 0x0005, 0x0005, 0x0005, 0x0005, 0x0005, 0x0005, 0x0005, 0x0005, 0x0005, 0x0005, 0x0005,
  0x0005, 0x0005, 0x0005, 0x0005, 0x0005, 0x0005, 0x0005, 0x0005, 0x0005, 0x0005, 0x0005, 0x0005,
  0x0005, 0x0006, 0x0006, 0x0005, 0x0006, 0x0006, 0x0005, 0x0006, 0x0006, 0x0006, 0x0006, 0x0006,
  0x0006, 0x0006, 0x0006, 0x0006, 0x0006, 0x0006, 0x0006, 0x0006, 0x0006, 0x0006, 0x0006, 0x0006,
  0x0006, 0x0006, 0x0006, 0x0006, 0x0006, 0x0006, 0x0006, 0x0006, 0x0007, 0x0007, 0x0006, 0x0007,
  0x0007, 0x0007, 0x0007, 0x0007, 0x0007, 0x0007, 0x0007, 0x0007, 0x0007, 0x0007, 0x0007, 0xFFFF,
  0x0007, 0x0007, 0x0807, 0x0807, 0x0807, 0x0807, 0x0807, 0x0807, 0x0807, 0x0807, 0x0807, 0x0807,
  0x0807, 0x0807, 0x0807, 0x0807, 0x0807, 0x0807, 0x0807, 0x0807, 0x0807, 0x0807, 0x0807, 0x0807,
  0x0807, 0x0807, 0x0807, 0x0807, 0x0807, 0x0807, 0x0007, 0x0007, 0x0007, 0x0007, 0x0007, 0x0007,
  0x0007, 0x0007, 0x0007, 0x0007, 0x0007, 0x0006, 0x0006, 0x0006, 0x0006, 0x0006, 0x0006, 0x0006,
  0x0006, 0x0006, 0x0006, 0x0006, 0x0006, 0x0006, 0x0006, 0x0006, 0x0006, 0x0006, 0x0006, 0x0006,
  0x0006, 0x0006, 0x0006, 0x0006, 0x0006, 0x0006, 0x0006, 0x0006, 0x0006, 0x0005, 0x0005, 0x0005,
  0x0005, 0x0005, 0x0005, 0x0005, 0x0005, 0x0005, 0x0005, 0x0005, 0x0005, 0x0005, 0x0005, 0x0005,
  0x0005, 0x0005, 0x0005, 0x0005, 0x0005, 0x0005, 0x0005, 0x0005, 0x0005, 0x0005, 0x0006, 0x0005,
  0x0005, 0x0006, 0x0005, 0x0005, 0x0006, 0x0006, 0x0006, 0x0006, 0x0006, 0x0006, 0x0006, 0x0006,
  0x0006, 0x0006, 0x0026, 0x0026, 0x0026, 0x0026, 0x0026, 0x0027, 0x0027, 0x0027, 0x0027, 0x0027,
  0x0027, 0x0027, 0x0027, 0x0027, 0x0028, 0x0028, 0x0028, 0x0028, 0x0028, 0x0028, 0x0028, 0x0028,
  0x0028, 0x0028, 0x0028, 0x0028, 0x0028, 0x0028, 0x0028, 0x0028, 0x0028, 0x0028, 0x0028, 0x0048,
  0x0049, 0x0049, 0x0049, 0x0049, 0x0049, 0x0049, 0x0049, 0x0029, 0x0029, 0x0029, 0x0029, 0x0029,
  0x0029, 0x0028, 0x0028, 0x0028, 0x0028, 0x0028, 0x0028, 0x0028, 0x0028, 0x0028, 0x0028, 0x0028,
  0x0028, 0x0028, 0x0028, 0x0028, 0x0028, 0x0028, 0x0028, 0x0027, 0x0027, 0x0027, 0x0027, 0x0027,
  0x0027, 0x0027, 0x0027, 0x0027, 0x0027, 0x0027, 0x0007, 0x0007, 0x0006, 0x0006, 0x0006, 0x0006,
  0x0006, 0x0006, 0x0006, 0x0006, 0x0006, 0x0006, 0x0006, 0x0006, 0x0006, 0x0006, 0x0006, 0x0005,
  0x0005, 0x0006, 0x0005, 0x0005, 0x0005, 0x0005, 0x0005, 0x0005, 0x0005, 0x0005, 0x0005, 0x0005,
  0x0005, 0x0005, 0x0005, 0x0005, 0x0005, 0x0005, 0x0005, 0x0005, 0x0005, 0x0005, 0x0005, 0x0005,
  0x0005, 0x0005, 0x0005, 0x0005, 0x0005, 0x0005, 0x0005, 0x0005, 0x0005, 0x0005, 0x0005, 0x0005,
  0x0005, 0x0005, 0x0005, 0x0005, 0x0005, 0x0005, 0x0005, 0x0005, 0x0005, 0x0005, 0x0005, 0x0005,
  0x0005, 0x0005, 0x0005, 0x0005, 0x0005, 0x0005, 0x0005, 0x0005, 0x0005, 0x0005, 0x0005, 0x0005,
  0x0005, 0x0005, 0x0005, 0x0005, 0x0005, 0x0005, 0x0005, 0x0005, 0x0005, 0x0006, 0x0005, 0x0005,
  0x0006, 0x0006, 0x0006, 0x0006, 0x0006, 0x0006, 0x0006, 0x0006, 0x0006, 0x0006, 0x0006, 0x0006,
  0x0006, 0x0006, 0x0006, 0x0006, 0x0006, 0x0006, 0x0006, 0x0006, 0x0006, 0x0006, 0x0006, 0x0006,
  0x0006, 0x0006, 0x0006, 0x0006, 0x0007, 0x0006, 0x0007, 0x0007, 0x0007, 0x0007, 0x0007, 0x0007,
  0x0007, 0x0007, 0x0007, 0x0007, 0x0007, 0x0007, 0x0007, 0x0007, 0x0807, 0x0807, 0x0807, 0x0807,
  0x0807, 0x0807, 0x0807, 0x0807, 0x0807, 0x0807, 0x0807, 0x0807, 0x0807, 0x0807, 0x0807, 0x0807,
  0x0807, 0x0807, 0x0807, 0x0807, 0x0807, 0x0807, 0x0807, 0x0807, 0x0807, 0x0807, 0x0807, 0x0807,
  0x0807, 0x0807, 0x0807, 0x0807, 0x0007, 0x0007, 0x0007, 0x0007, 0x0007, 0x0007, 0x0007, 0x0007,
  0x0007, 0x0007, 0x0006, 0x0006, 0x0006, 0x0006, 0x0006, 0x0006, 0x0006, 0x0006, 0x0006, 0x0006,
  0x0006, 0x0006, 0x0006, 0x0006, 0x0006, 0x0006, 0x0006, 0x0006, 0x0006, 0x0006, 0x0006, 0x0006,
  0x0006, 0x0006, 0x0006, 0x0006, 0x0006, 0x0005, 0x0005, 0x0005, 0x0005, 0x0005, 0x0005, 0x0005,
  0x0005, 0x0005, 0x0005, 0x0005, 0x0005, 0x0005, 0x0005, 0x0005, 0x0005, 0x0005, 0x0005, 0x0005,
  0x0005, 0x0005, 0x0005, 0x0005, 0x0005, 0x0005, 0x0005, 0x0006, 0x0006, 0x0006, 0x0006, 0x0006,
  0x0006, 0x0006, 0x0006, 0x0006, 0x0006, 0x0006, 0x0006, 0x0006, 0x0006, 0x0006, 0x0026, 0x0026,
  0x0027, 0x0027, 0x0027, 0x0027, 0x0027, 0x0027, 0x0027, 0x0027, 0x0027, 0x0027, 0x0027, 0x0027,
  0x0028, 0x0028, 0x0028, 0x0028, 0x0028, 0x0028, 0x0028, 0x0028, 0x0028, 0x0028, 0x0028, 0x0028,
  0x0028, 0x0048, 0x0049, 0x0048, 0x0049, 0x0049, 0x0029, 0x0029, 0x0049, 0x0029, 0x0029, 0x0029,
  0x0029, 0x0029, 0x0029, 0x0029, 0x0029, 0x0029, 0x0029, 0x0029, 0x0029, 0x0029, 0x0029, 0x0029,
  0x0029, 0x0028, 0x0028, 0x0028, 0x0028, 0x0028, 0x0028, 0x0028, 0x0028, 0x0028, 0x0028, 0x0028,
  0x0028, 0x0028, 0x0028, 0x0028, 0x0027, 0x0027, 0x0027, 0x0027, 0x0027, 0x0027, 0x0027, 0x0027,
  0x0027, 0x0027, 0x0027, 0x0027, 0x0007, 0x0007, 0x0006, 0x0006, 0x0006, 0x0006, 0x0006, 0x0006,
  0x0006, 0x0006, 0x0006, 0x0006, 0x0006, 0x0006, 0x0006, 0x0006, 0x0006, 0x0005, 0x0005, 0x0005,
  0x0005, 0x0005, 0x0005, 0x0005, 0x0005, 0x0005, 0x0005, 0x0005, 0x0005, 0x0005, 0x0005, 0x0005,
  0x0005, 0x0005, 0x0005, 0x0005, 0x0005, 0x0005, 0x0005, 0x0005, 0x0005, 0x0005, 0x0005, 0x0005,
  0x0005, 0x0005, 0x0005, 0x0005, 0x0005, 0x0005, 0x0005, 0x0005, 0x0005, 0x0005, 0x0005, 0x0005,
  0x0005, 0x0005, 0x0005, 0x0005, 0x0005, 0x0005, 0x0005, 0x0005, 0x0005, 0x0005, 0x0005, 0x0005,
  0x0005, 0x0005, 0x0005, 0x0005, 0x0005, 0x0005, 0x0005, 0x0005, 0x0005, 0x0005, 0x0005, 0x0005,
  0x0005, 0x0005, 0x0005, 0x0005, 0x0005, 0x0006, 0x0005, 0x0006, 0x0006, 0x0005, 0x0006, 0x0006,
  0x0006, 0x0006, 0x0006, 0x0006, 0x0006, 0x0006, 0x0006, 0x0006, 0x0006, 0x0006, 0x0006, 0x0006,
  0x0006, 0x0006, 0x0006, 0x0006, 0x0006, 0x0006, 0x0006, 0x0006, 0x0006, 0x0006, 0x0006, 0x0007,
  0x0007, 0x0007, 0x0007, 0x0007, 0x0007, 0x0007, 0x0007, 0x0007, 0x0007, 0x0007, 0x0007, 0x0007,
  0x0007, 0x0007, 0x0807, 0x0807, 0x0807, 0x0807, 0x0807, 0x0807, 0x0807, 0x0807, 0x0807, 0x0807,
  0x0807, 0x0807, 0x0807, 0x0807, 0x0807, 0x0807, 0x0807, 0x0807, 0x0807, 0x0807, 0x0807, 0x0807,
  0x0807, 0x0807, 0x0807, 0x0807, 0x0807, 0x0807, 0x0807, 0x0807, 0x0807, 0x0807, 0x0807, 0x0807,
  0x0807, 0x0807, 0x0007, 0x0007, 0x0007, 0x0007, 0x0007, 0x0007, 0x0007, 0x0007, 0x0007, 0x0006,
  0x0006, 0x0006, 0x0006, 0x0006, 0x0006, 0x0006, 0x0006, 0x0006, 0x0006, 0x0006, 0x0006, 0x0006,
  0x0006, 0x0006, 0x0006, 0x0006, 0x0006, 0x0006, 0x0006, 0x0006, 0x0006, 0x0006, 0x0006, 0x0006,
  0x0006, 0x0006, 0x0005, 0x0005, 0x0005, 0x0005, 0x0005, 0x0005, 0x0005, 0x0005, 0x0005, 0x0005,
  0x0005, 0x0005, 0x0005, 0x0005, 0x0005, 0x0005, 0x0005, 0x0005, 0x0005, 0x0005, 0x0005, 0x0005,
  0x0005, 0x0006, 0x0006, 0x0006, 0x0006, 0x0006, 0x0006, 0x0006, 0x0006, 0x0006, 0x0006, 0x0006,
  0x0006, 0x0006, 0x0006, 0x0006, 0x0026, 0x0026, 0x0027, 0x0027, 0x0027, 0x0027, 0x0027, 0x0027,
  0x0027, 0x0027, 0x0027, 0x0027, 0x0027, 0x0027, 0x0027, 0x0027, 0x0028, 0x0028, 0x0028, 0x0028,
  0x0028, 0x0028, 0x0028, 0x0028, 0x0028, 0x0028, 0x0028, 0x0029, 0x0029, 0x0029, 0x0029, 0x0029,
  0x0029, 0x0049, 0x0029, 0x0049, 0x0049, 0x0049, 0x0049, 0x0049, 0x0049, 0x0049, 0x0049, 0x0049,
  0x0049, 0x0049, 0x0049, 0x0049, 0x0049, 0x0049, 0x0049, 0x0029, 0x0029, 0x0029, 0x0029, 0x0028,
  0x0028, 0x0028, 0x0028, 0x0028, 0x0028, 0x0028, 0x0028, 0x0028, 0x0028, 0x0028, 0x0028, 0x0028,
  0x0028, 0x0027, 0x0027, 0x0027, 0x0027, 0x0027, 0x0027, 0x0027, 0x0027, 0x0007, 0x0027, 0x0027,
  0x0027, 0x0027, 0x0006, 0x0006, 0x0006, 0x0006, 0x0006, 0x0006, 0x0006, 0x0006, 0x0006, 0x0006,
  0x0006, 0x0006, 0x0006, 0x0006, 0x0006, 0x0006, 0x0006, 0x0005, 0x0005, 0x0005, 0x0005, 0x0005,
  0x0005, 0x0005, 0x0005, 0x0005, 0x0005, 0x0005, 0x0005, 0x0005, 0x0005, 0x0005, 0x0005, 0x0005,
  0x0005, 0x0005, 0x0005, 0x0005, 0x0005, 0x0005, 0x0005, 0x0005, 0x0005, 0x0005, 0x0005, 0x0005,
  0x0005, 0x0005, 0x0005, 0x0005, 0x0005, 0x0005, 0x0005, 0x0005, 0x0005, 0x0005, 0x0005, 0x0005,
  0x0005, 0x0005, 0x0005, 0x0005, 0x0005, 0x0005, 0x0005, 0x0005, 0x0005, 0x0005, 0x0005, 0x0005,
  0x0005, 0x0005, 0x0005, 0x0005, 0x0005, 0x0005, 0x0005, 0x0005, 0x0005, 0x0005, 0x0005, 0x0005,
  0x0006, 0x0006, 0x0005, 0x0006, 0x0006, 0x0006, 0x0006, 0x0006, 0x0006, 0x0006, 0x0006, 0x0006,
  0x0006, 0x0006, 0x0006, 0x0006, 0x0006, 0x0006, 0x0006, 0x0006, 0x0006, 0x0006, 0x0006, 0x0006,
  0x0006, 0x0006, 0x0006, 0x0006, 0x0006, 0x0006, 0x0007, 0x0007, 0x0007, 0x0007, 0x0007, 0x0007,
  0x0007, 0x0007, 0x0007, 0x0007, 0x0007, 0x0007, 0x0007, 0x0007, 0x0807, 0x0807, 0x0807, 0x0807,
  0x0807, 0x0807, 0x0807, 0x0807, 0x0807, 0x0807, 0x0807, 0x0807, 0x0807, 0x0807, 0x0807, 0x0807,
  0x0807, 0x0807, 0x0807, 0x0807, 0x0807, 0x0807, 0x0807, 0x0807, 0x0807, 0x0807, 0x0807, 0x0807,
  0x0807, 0x0807, 0x0807, 0x0807, 0x0807, 0x0807, 0x0807, 0x0807, 0x0807, 0x0807, 0x0807, 0x0007,
  0x0007, 0x0007, 0x0007, 0x0007, 0x0007, 0x0007, 0x0007, 0x0007, 0x0006, 0x0006, 0x0006, 0x0006,
  0x0006, 0x0006, 0x0006, 0x0006, 0x0006, 0x0006, 0x0006, 0x0006, 0x0006, 0x0006, 0x0006, 0x0006,
  0x0006, 0x0006, 0x0006, 0x0006, 0x0006, 0x0006, 0x0005, 0x0005, 0x0006, 0x0006, 0x0005, 0x0005,
  0x0005, 0x0005, 0x0005, 0x0005, 0x0005, 0x0005, 0x0005, 0x0005, 0x0005, 0x0005, 0x0005, 0x0005,
  0x0005, 0x0005, 0x0005, 0x0005, 0x0005, 0x0005, 0x0005, 0x0005, 0x0005, 0x0006, 0x0005, 0x0006,
  0x0006, 0x0006, 0x0006, 0x0006, 0x0006, 0x0006, 0x0006, 0x0006, 0x0006, 0x0006, 0x0006, 0x0026,
  0x0026, 0x0026, 0x0026, 0x0026, 0x0027, 0x0027, 0x0027, 0x0027, 0x0027, 0x0027, 0x0027, 0x0027,
  0x0027, 0x0027, 0x0028, 0x0028, 0x0028, 0x0028, 0x0028, 0x0028, 0x0028, 0x0028, 0x0028, 0x0028,
  0x0028, 0x0029, 0x0029, 0x0029, 0x0029, 0x0049, 0x0049, 0x0049, 0x0049, 0x0049, 0x0049, 0x0049,
  0x0049, 0x0049, 0x0049, 0x0049, 0x0049, 0x0049, 0x0049, 0x0049, 0x0049, 0x0049, 0x0049, 0x0049,
  0x0049, 0x0049, 0x0049, 0x0049, 0x0049, 0x0049, 0x0049, 0x0029, 0x0029, 0x0029, 0x0029, 0x0028,
  0x0028, 0x0028, 0x0028, 0x0028, 0x0028, 0x0028, 0x0028, 0x0028, 0x0028, 0x0028, 0x0028, 0x0027,
  0x0027, 0x0027, 0x0027, 0x0027, 0x0027, 0x0027, 0x0027, 0x0027, 0x0027, 0x0027, 0x0007, 0x0006,
  0x0006, 0x0006, 0x0006, 0x0006, 0x0006, 0x0006, 0x0006, 0x0006, 0x0006, 0x0006, 0x0006, 0x0006,
  0x0006, 0x0006, 0x0006, 0x0006, 0x0005, 0x0005, 0x0005, 0x0005, 0x0005, 0x0005, 0x0005, 0x0005,
  0x0005, 0x0005, 0x0005, 0x0005, 0x0005, 0x0005, 0x0005, 0x0005, 0x0005, 0x0005, 0x0005, 0x0005,
  0x0005, 0x0005, 0x0005, 0x0005, 0x0005, 0x0005, 0x0005, 0x0005, 0x0005, 0x0005, 0x0005, 0x0005,
  0x0005, 0x0005, 0x0005, 0x0005, 0x0005, 0x0005, 0x0005, 0x0005, 0x0005, 0x0005, 0x0005, 0x0005,
  0x0005, 0x0005, 0x0005, 0x0005, 0x0005, 0x0005, 0x0005, 0x0005, 0x0005, 0x0005, 0x0005, 0x0005,
  0x0005, 0x0005, 0x0005, 0x0005, 0x0005, 0x0005, 0x0005, 0x0005, 0x0006, 0x0005, 0x0005, 0x0006,
  0x0006, 0x0006, 0x0006, 0x0006, 0x0006, 0x0006, 0x0006, 0x0006, 0x0006, 0x0006, 0x0006, 0x0006,
  0x0006, 0x0006, 0x0006, 0x0006, 0x0006, 0x0006, 0x0006, 0x0006, 0x0006, 0x0006, 0x0006, 0x0006,
  0x0006, 0x0007, 0x0007, 0x0007, 0x0007, 0x0007, 0x0007, 0x0007, 0x0007, 0x0007, 0x0007, 0x0007,
  0x0007, 0x0007, 0x0807, 0x0807, 0x0807, 0x0807, 0x0807, 0x0807, 0x0807, 0x0807, 0x0807, 0x0807,
  0x0807, 0x0807, 0x0807, 0x0807, 0x0807, 0x0807, 0x0807, 0x0808, 0x0807, 0x0807, 0x0807, 0x0807,
  0x0807, 0x0807, 0x0807, 0x0807, 0x0807, 0x0807, 0x0807, 0x0807, 0x0807, 0x0807, 0x0807, 0x0807,
  0x0807, 0x0807, 0x0807, 0x0807, 0x0807, 0x0807, 0x0807, 0x0807, 0x0807, 0x0007, 0x0007, 0x0007,
  0x0007, 0x0007, 0x0007, 0x0007, 0x0007, 0x0006, 0x0007, 0x0006, 0x0006, 0x0006, 0x0006, 0x0006,
  0x0006, 0x0006, 0x0006, 0x0006, 0x0006, 0x0006, 0x0006, 0x0006, 0x0006, 0x0006, 0x0006, 0x0006,
  0x0006, 0x0006, 0x0005, 0x0005, 0x0006, 0x0006, 0x0006, 0x0005, 0x0005, 0x0005, 0x0005, 0x0005,
  0x0005, 0x0005, 0x0005, 0x0005, 0x0005, 0x0005, 0x0005, 0x0005, 0x0005, 0x0005, 0x0005, 0x0005,
  0x0005, 0x0005, 0x0005, 0x0005, 0x0006, 0x0006, 0x0006, 0x0006, 0x0006, 0x0006, 0x0006, 0x0006,
  0x0006, 0x0006, 0x0006, 0x0006, 0x0006, 0x0006, 0x0026, 0x0026, 0x0026, 0x0026, 0x0027, 0x0027,
  0x0027, 0x0027, 0x0027, 0x0027, 0x0027, 0x0027, 0x0027, 0x0027, 0x0028, 0x0028, 0x0028, 0x0028,
  0x0028, 0x0028, 0x0028, 0x0028, 0x0028, 0x0028, 0x0029, 0x0029, 0x0029, 0x0029, 0x0029, 0x0049,
  0x0049, 0x0049, 0x0049, 0x0049, 0x0049, 0x0049, 0x0049, 0x0049, 0x0049, 0x0049, 0x0049, 0x0049,
  0x0049, 0x0049, 0x0049, 0x0049, 0x0049, 0x0049, 0x0049, 0x0049, 0x0049, 0x0049, 0x0049, 0x0049,
  0x0049, 0x0049, 0x0049, 0x0049, 0x0049, 0x0049, 0x0029, 0x0029, 0x0028, 0x0028, 0x0028, 0x0028,
  0x0028, 0x0028, 0x0028, 0x0028, 0x0028, 0x0028, 0x0028, 0x0028, 0x0028, 0x0027, 0x0027, 0x0027,
  0x0027, 0x0027, 0x0027, 0x0027, 0x0027, 0x0027, 0x0007, 0x0007, 0x0007, 0x0006, 0x0006, 0x0006,
  0x0006, 0x0006, 0x0006, 0x0006, 0x0006, 0x0006, 0x0006, 0x0006, 0x0006, 0x0006, 0x0006, 0x0006,
  0x0005, 0x0006, 0x0005, 0x0005, 0x0005, 0x0005, 0x0005, 0x0005, 0x0005, 0x0005, 0x0005, 0x0005,
  0x0005, 0x0005, 0x0005, 0x0005, 0x0005, 0x0005, 0x0005, 0x0005, 0x0005, 0x0005, 0x0005, 0x0005,
  0x0005, 0x0005, 0x0005, 0x0005, 0x0005, 0x0005, 0x0005, 0x0005, 0x0005, 0x0005, 0x0005, 0x0005,
  0x0005, 0x0005, 0x0005, 0x0005, 0x0005, 0x0005, 0x0005, 0x0005, 0x0005, 0x0005, 0x0005, 0x0005,
  0x0005, 0x0005, 0x0005, 0x0005, 0x0005, 0x0005, 0x0005, 0x0005, 0x0005, 0x0005, 0x0005, 0x0005,
  0x0005, 0x0005, 0x0005, 0x0005, 0x0006, 0x0005, 0x0006, 0x0006, 0x0006, 0x0006, 0x0006, 0x0006,
  0x0006, 0x0006, 0x0006, 0x0006, 0x0006, 0x0006, 0x0006, 0x0006, 0x0006, 0x0006, 0x0006, 0x0006,
  0x0006, 0x0006, 0x0006, 0x0006, 0x0006, 0x0006, 0x0006, 0x0007, 0x0007, 0x0007, 0x0007, 0x0007,
  0x0007, 0x0007, 0x0007, 0x0007, 0x0007, 0x0007, 0x0007, 0x0007, 0x0007, 0x0807, 0x0807, 0x0807,
  0x0807, 0x0807, 0x0807, 0x0807, 0x0807, 0x0807, 0x0807, 0x0807, 0x0807, 0x0807, 0x0807, 0x0807,
  0x0808, 0x0807, 0x0808, 0x0808, 0x0808, 0x0808, 0x0808, 0x0808, 0x0808, 0x0808, 0x0807, 0x0807,
  0x0807, 0x0808, 0x0807, 0x0807, 0x0807, 0x0807, 0x0807, 0x0807, 0x0807, 0x0807, 0x0807, 0x0807,
  0x0807, 0x0807, 0x0807, 0x0807, 0x0807, 0x0807, 0x0007, 0x0007, 0x0007, 0x0007, 0x0007, 0x0007,
  0x0007, 0x0007, 0x0006, 0x0006, 0x0006, 0x0006, 0x0006, 0x0006, 0x0006, 0x0006, 0x0006, 0x0006,
  0x0006, 0x0006, 0x0006, 0x0006, 0x0006, 0x0006, 0x0006, 0x0006, 0x0006, 0x0006, 0x0006, 0x0005,
  0x0006, 0x0006, 0x0006, 0x0005, 0x0005, 0x0005, 0x0005, 0x0005, 0x0005, 0x0005, 0x0005, 0x0005,
  0x0005, 0x0005, 0x0005, 0x0005, 0x0005, 0x0005, 0x0005, 0x0005, 0x0005, 0x0005, 0x0005, 0x0006,
  0x0006, 0x0005, 0x0006, 0x0006, 0x0006, 0x0006, 0x0006, 0x0006, 0x0006, 0x0006, 0x0006, 0x0006,
  0x0006, 0x0006, 0x0026, 0x0026, 0x0026, 0x0027, 0x0027, 0x0027, 0x0027, 0x0027, 0x0027, 0x0027,
  0x0027, 0x0027, 0x0028, 0x0028, 0x0028, 0x0028, 0x0028, 0x0028, 0x0028, 0x0028, 0x0028, 0x0028,
  0x0028, 0x0029, 0x0029, 0x0029, 0x0049, 0x0049, 0x0049, 0x0049, 0x0049, 0x0049, 0x0049, 0x0049,
  0x0049, 0x0049, 0x0049, 0x0049, 0x0049, 0x0049, 0x0049, 0x0049, 0x0049, 0x0049, 0x0049, 0x0049,
  0x0049, 0x0049, 0x0049, 0x0049, 0x0049, 0x0049, 0x0049, 0x0049, 0x0049, 0x0049, 0x0049, 0x0049,
  0x0049, 0x0029, 0x0029, 0x0029, 0x0029, 0x0029, 0x0029, 0x0029, 0x0028, 0x0028, 0x0028, 0x0028,
  0x0028, 0x0028, 0x0028, 0x0028, 0x0028, 0x0027, 0x0028, 0x0027, 0x0027, 0x0027, 0x0027, 0x0027,
  0x0027, 0x0027, 0x0007, 0x0007, 0x0026, 0x0007, 0x0006, 0x0006, 0x0006, 0x0006, 0x0006, 0x0006,
  0x0006, 0x0006, 0x0006, 0x0006, 0x0006, 0x0006, 0x0006, 0x0006, 0x0005, 0x0006, 0x0005, 0x0005,
  0x0005, 0x0005, 0x0005, 0x0005, 0x0005, 0x0005, 0x0005, 0x0005, 0x0005, 0x0005, 0x0005, 0x0005,
  0x0005, 0x0005, 0x0005, 0x0005, 0x0005, 0x0005, 0x0005, 0x0005, 0x0005, 0x0005, 0x0005, 0x0005,
  0x0005, 0x0005, 0x0005, 0x0005, 0x0005, 0x0005, 0x0005, 0x0005, 0x0005, 0x0005, 0x0005, 0x0005,
  0x0005, 0x0005, 0x0005, 0x0005, 0x0005, 0x0005, 0x0005, 0x0005, 0x0005, 0x0005, 0x0005, 0x0005,
  0x0005, 0x0005, 0x0005, 0x0005, 0x0005, 0x0005, 0x0005, 0x0005, 0x0005, 0x0005, 0x0005, 0x0005,
  0x0006, 0x0005, 0x0006, 0x0006, 0x0006, 0x0006, 0x0006, 0x0006, 0x0006, 0x0006, 0x0006, 0x0006,
  0x0006, 0x0006, 0x0006, 0x0006, 0x0006, 0x0006, 0x0006, 0x0006, 0x0006, 0x0006, 0x0006, 0x0006,
  0x0006, 0x0006, 0x0007, 0x0007, 0x0007, 0x0007, 0x0007, 0x0007, 0x0007, 0x0007, 0x0007, 0x0007,
  0x0007, 0x0007, 0x0007, 0x0007, 0x0807, 0x0807, 0x0807, 0x0807, 0x0807, 0x0807, 0x0807, 0x0807,
  0x0807, 0x0807, 0x0807, 0x0807, 0x0808, 0x0808, 0x0808, 0x0808, 0x0807, 0x0808, 0x0808, 0x0808,
  0x0808, 0x0808, 0x0808, 0x0808, 0x0808, 0x0808, 0x0808, 0x0808, 0x0807, 0x0808, 0x0808, 0x0807,
  0x0808, 0x0807, 0x0807, 0x0807, 0x0807, 0x0807, 0x0807, 0x0807, 0x0807, 0x0807, 0x0807, 0x0807,
  0x0807, 0x0807, 0x0807, 0x0007, 0x0007, 0x0007, 0x0007, 0x0007, 0x0007, 0x0007, 0x0007, 0x0006,
  0x0006, 0x0006, 0x0006, 0x0006, 0x0006, 0x0006, 0x0006, 0x0006, 0x0006, 0x0006, 0x0006, 0x0006,
  0x0006, 0x0006, 0x0006, 0x0006, 0x0006, 0x0006, 0x0006, 0x0005, 0x0006, 0x0006, 0x0006, 0x0005,
  0x0005, 0x0005, 0x0005, 0x0005, 0x0005, 0x0005, 0x0005, 0x0005, 0x0005, 0x0005, 0x0005, 0x0005,
  0x0006, 0x0006, 0x0005, 0x0005, 0x0006, 0x0006, 0x0006, 0x0006, 0x0006, 0x0006, 0x0006, 0x0006,
  0x0006, 0x0006, 0x0006, 0x0006, 0x0006, 0x0006, 0x0006, 0x0006, 0x0006, 0x0006, 0x0007, 0x0026,
  0x0027, 0x0027, 0x0027, 0x0027, 0x0027, 0x0027, 0x0027, 0x0027, 0x0027, 0x0027, 0x0028, 0x0028,
  0x0028, 0x0028, 0x0028, 0x0028, 0x0028, 0x0028, 0x0028, 0x0028, 0x0029, 0x0049, 0x0049, 0x0049,
  0x0049, 0x0049, 0x0049, 0x0049, 0x0049, 0x0049, 0x0049, 0x0049, 0x0049, 0x0049, 0x0049, 0x004A,
  0x004A, 0x004A, 0x004A, 0x004A, 0x004A, 0x004A, 0x004A, 0x004A, 0x004A, 0x004A, 0x004A, 0x004A,
  0x0049, 0x0049, 0x0049, 0x0049, 0x0049, 0x0049, 0x0049, 0x0049, 0x0049, 0x0049, 0x0049, 0x0049,
  0x0029, 0x0029, 0x0029, 0x0029, 0x0029, 0x0028, 0x0028, 0x0028, 0x0028, 0x0028, 0x0028, 0x0028,
  0x0028, 0x0028, 0x0028, 0x0028, 0x0027, 0x0027, 0x0027, 0x0027, 0x0027, 0x0027, 0x0007, 0x0027,
  0x0027, 0x0007, 0x0007, 0x0007, 0x0006, 0x0006, 0x0006, 0x0006, 0x0006, 0x0006, 0x0006, 0x0006,
  0x0006, 0x0006, 0x0006, 0x0006, 0x0006, 0x0006, 0x0005, 0x0005, 0x0005, 0x0005, 0x0005, 0x0005,
  0x0005, 0x0005, 0x0005, 0x0005, 0x0005, 0x0005, 0x0005, 0x0005, 0x0005, 0x0005, 0x0005, 0x0005,
  0x0005, 0x0005, 0x0005, 0x0005, 0x0005, 0x0005, 0x0005, 0x0005, 0x0005, 0x0005, 0x0005, 0x0005,
  0x0005, 0x0005, 0x0005, 0x0005, 0x0005, 0x0005, 0x0005, 0x0005, 0x0005, 0x0005, 0x0005, 0x0005,
  0x0005, 0x0005, 0x0005, 0x0005, 0x0005, 0x0005, 0x0005, 0x0005, 0x0005, 0x0005, 0x0005, 0x0005,
  0x0005, 0x0005, 0x0005, 0x0005, 0x0005, 0x0005, 0x0005, 0x0006, 0x0005, 0x0005, 0x0006, 0x0005,
  0x0006, 0x0006, 0x0006, 0x0006, 0x0006, 0x0006, 0x0006, 0x0006, 0x0006, 0x0006, 0x0006, 0x0006,
  0x0006, 0x0006, 0x0006, 0x0006, 0x0006, 0x0006, 0x0006, 0x0006, 0x0006, 0x0007, 0x0007, 0x0007,
  0x0007, 0x0007, 0x0007, 0x0007, 0x0007, 0x0007, 0x0007, 0x0007, 0x0007, 0x0007, 0x0807, 0x0807,
  0x0807, 0x0807, 0x0807, 0x0807, 0x0807, 0x0807, 0x0807, 0x0807, 0x0808, 0x0807, 0x0808, 0x0808,
  0x0808, 0x0808, 0x0808, 0x0808, 0x0808, 0x0808, 0x0808, 0x0808, 0x0808, 0x0808, 0x0808, 0x0808,
  0x0808, 0x0808, 0x0808, 0x0808, 0x0808, 0x0808, 0x0808, 0x0808, 0x0807, 0x0808, 0x0807, 0x0808,
  0x0807, 0x0807, 0x0807, 0x0807, 0x0807, 0x0807, 0x0807, 0x0807, 0x0807, 0x0807, 0x0807, 0x0807,
  0x0007, 0x0007, 0x0007, 0x0007, 0x0007, 0x0007, 0x0007, 0x0007, 0x0006, 0x0006, 0x0006, 0x0006,
  0x0006, 0x0006, 0x0006, 0x0006, 0x0006, 0x0006, 0x0006, 0x0006, 0x0006, 0x0006, 0x0006, 0x0006,
  0x0006, 0x0006, 0x0006, 0x0006, 0x0006, 0x0006, 0x0006, 0x0006, 0x0006, 0x0005, 0x0006, 0x0006,
  0x0006, 0x0005, 0x0005, 0x0005, 0x0005, 0x0005, 0x0005, 0x0006, 0x0006, 0x0006, 0x0006, 0x0006,
  0x0006, 0x0006, 0x0006, 0x0006, 0x0006, 0x0006, 0x0006, 0x0006, 0x0006, 0x0006, 0x0006, 0x0006,
  0x0006, 0x0006, 0x0006, 0x0006, 0x0006, 0x0006, 0x0007, 0x0027, 0x0027, 0x0027, 0x0027, 0x0027,
  0x0027, 0x0027, 0x0027, 0x0027, 0x0028, 0x0028, 0x0028, 0x0028, 0x0028, 0x0028, 0x0028, 0x0028,
  0x0028, 0x0028, 0x0029, 0x0049, 0x0049, 0x0049, 0x0049, 0x0049, 0x0049, 0x0049, 0x0049, 0x0049,
  0x0049, 0x0049, 0x0049, 0x004A, 0x004A, 0x004A, 0x004A, 0x004A, 0x004A, 0x004A, 0x004A, 0x004A,
  0x004A, 0x004A, 0x004A, 0x004A, 0x004A, 0x004A, 0x004A, 0x004A, 0x004A, 0x004A, 0x004A, 0x004A,
  0x004A, 0x004A, 0x0049, 0x0049, 0x0049, 0x0049, 0x0049, 0x0049, 0x0029, 0x0029, 0x0029, 0x0029,
  0x0029, 0x0029, 0x0029, 0x0028, 0x0028, 0x0028, 0x0028, 0x0028, 0x0028, 0x0028, 0x0028, 0x0028,
  0x0027, 0x0027, 0x0027, 0x0027, 0x0027, 0x0027, 0x0027, 0x0027, 0x0007, 0x0007, 0x0007, 0x0007,
  0x0007, 0x0006, 0x0006, 0x0006, 0x0006, 0x0006, 0x0006, 0x0006, 0x0006, 0x0006, 0x0006, 0x0006,
  0x0006, 0x0006, 0x0006, 0x0005, 0x0005, 0x0005, 0x0005, 0x0005, 0x0005, 0x0005, 0x0005, 0x0005,
  0x0005, 0x0005, 0x0005, 0x0005, 0x0005, 0x0005, 0x0005, 0x0005, 0x0005, 0x0005, 0x0005, 0x0005,
  0x0005, 0x0005, 0x0005, 0x0005, 0x0005, 0x0005, 0x0005, 0x0005, 0x0005, 0x0005, 0x0005, 0x0005,
  0x0005, 0x0005, 0x0005, 0x0005, 0x0005, 0x0005, 0x0005, 0x0005, 0x0005, 0x0005, 0x0005, 0x0005,
  0x0005, 0x0005, 0x0005, 0x0005, 0x0005, 0x0005, 0x0005, 0x0005, 0x0005, 0x0005, 0x0005, 0x0005,
  0x0005, 0x0005, 0x0005, 0x0006, 0x0005, 0x0006, 0x0006, 0x0006, 0x0006, 0x0006, 0x0006, 0x0006,
  0x0006, 0x0006, 0x0006, 0x0006, 0x0006, 0x0006, 0x0006, 0x0006, 0x0006, 0x0006, 0x0006, 0x0006,
  0x0006, 0x0006, 0x0006, 0x0006, 0x0007, 0x0006, 0x0007, 0x0007, 0x0007, 0x0007, 0x0007, 0x0007,
  0x0007, 0x0007, 0x0007, 0x0007, 0x0007, 0x0807, 0x0807, 0x0807, 0x0807, 0x0807, 0x0807, 0x0807,
  0x0807, 0x0807, 0x0808, 0x0807, 0x0808, 0x0808, 0x0808, 0x0808, 0x0808, 0x0808, 0x0808, 0x0808,
  0x0808, 0x0808, 0x0808, 0x0808, 0x0808, 0x0808, 0x0808, 0x0808, 0x0808, 0x0808, 0x0808, 0x0808,
  0x0808, 0x0808, 0x0808, 0x0808, 0x0808, 0x0808, 0x0807, 0x0808, 0x0807, 0x0808, 0x0807, 0x0807,
  0x0807, 0x0807, 0x0807, 0x0807, 0x0807, 0x0807, 0x0807, 0x0807, 0x0807, 0x0007, 0x0007, 0x0007,
  0x0007, 0x0007, 0x0007, 0x0007, 0x0006, 0x0007, 0x0006, 0x0006, 0x0006, 0x0006, 0x0006, 0x0006,
  0x0006, 0x0006, 0x0006, 0x0006, 0x0006, 0x0006, 0x0006, 0x0006, 0x0006, 0x0006, 0x0006, 0x0006,
  0x0006, 0x0006, 0x0006, 0x0006, 0x0006, 0x0006, 0x0006, 0x0006, 0x0006, 0x0005, 0x0006, 0x0006,
  0x0005, 0x0005, 0x0005, 0x0005, 0x0005, 0x0005, 0x0006, 0x0005, 0x0006, 0x0006, 0x0006, 0x0006,
  0x0006, 0x0006, 0x0006, 0x0006, 0x0006, 0x0006, 0x0006, 0x0006, 0x0006, 0x0006, 0x0006, 0x0006,
  0x0006, 0x0006, 0x0007, 0x0027, 0x0027, 0x0027, 0x0027, 0x0027, 0x0027, 0x0027, 0x0027, 0x0027,
  0x0028, 0x0028, 0x0028, 0x0028, 0x0028, 0x0028, 0x0028, 0x0028, 0x0029, 0x0029, 0x0049, 0x0049,
  0x0049, 0x0049, 0x0049, 0x0049, 0x0049, 0x0049, 0x0049, 0x0049, 0x004A, 0x004A, 0x004A, 0x004A,
  0x004A, 0x004A, 0x004A, 0x004A, 0x004A, 0x004A, 0x004A, 0x004A, 0x004A, 0x004A, 0x004A, 0x004A,
  0x004A, 0x004A, 0x004A, 0x004A, 0x004A, 0x004A, 0x004A, 0x004A, 0x004A, 0x004A, 0x004A, 0x004A,
  0x004A, 0x0049, 0x0049, 0x0029, 0x0049, 0x0049, 0x0029, 0x0029, 0x0029, 0x0029, 0x0029, 0x0029,
  0x0028, 0x0028, 0x0028, 0x0028, 0x0028, 0x0028, 0x0028, 0x0028, 0x0028, 0x0028, 0x0028, 0x0027,
  0x0027, 0x0027, 0x0027, 0x0027, 0x0007, 0x0007, 0x0007, 0x0007, 0x0007, 0x0006, 0x0006, 0x0006,
  0x0006, 0x0006, 0x0006, 0x0006, 0x0006, 0x0006, 0x0006, 0x0006, 0x0006, 0x0006, 0x0006, 0x0005,
  0x0005, 0x0005, 0x0005, 0x0005, 0x0005, 0x0005, 0x0005, 0x0005, 0x0005, 0x0005, 0x0005, 0x0005,
  0x0005, 0x0005, 0x0005, 0x0005, 0x0005, 0x0005, 0x0005, 0x0005, 0x0005, 0x0005, 0x0005, 0x0005,
  0x0005, 0x0005, 0x0005, 0x0005, 0x0005, 0x0005, 0x0005, 0x0005, 0x0005, 0x0005, 0x0005, 0x0005,
  0x0005, 0x0005, 0x0005, 0x0005, 0x0005, 0x0005, 0x0005, 0x0005, 0x0005, 0x0005, 0x0005, 0x0005,
  0x0005, 0x0005, 0x0005, 0x0005, 0x0005, 0x0005, 0x0005, 0x0005, 0x0005, 0x0005, 0x0005, 0x0006,
  0x0005, 0x0006, 0x0006, 0x0006, 0x0006, 0x0006, 0x0006, 0x0006, 0x0006, 0x0006, 0x0006, 0x0006,
  0x0006, 0x0006, 0x0006, 0x0006, 0x0006, 0x0006, 0x0006, 0x0006, 0x0006, 0x0006, 0x0006, 0x0006,
  0x0006, 0x0007, 0x0007, 0x0007, 0x0007, 0x0007, 0x0007, 0x0007, 0x0007, 0x0007, 0x0007, 0x0007,
  0x0807, 0x0807, 0x0807, 0x0807, 0x0807, 0x0807, 0x0807, 0x0807, 0x0807, 0x0808, 0x0808, 0x0808,
  0x0808, 0x0808, 0x0808, 0x0808, 0x0808, 0x0808, 0x0808, 0x0808, 0x0808, 0x0808, 0x0808, 0x0808,
  0x0808, 0x0808, 0x0808, 0x0808, 0x0808, 0x0808, 0x0808, 0x0808, 0x0808, 0x0808, 0x0808, 0x0808,
  0x0808, 0x0808, 0x0808, 0x0808, 0x0807, 0x0808, 0x0807, 0x0807, 0x0807, 0x0807, 0x0807, 0x0807,
  0x0807, 0x0807, 0x0807, 0x0807, 0x0807, 0x0007, 0x0007, 0x0007, 0x0007, 0x0007, 0x0007, 0x0007,
  0x0007, 0x0006, 0x0006, 0x0006, 0x0006, 0x0006, 0x0006, 0x0006, 0x0006, 0x0006, 0x0006, 0x0006,
  0x0006, 0x0006, 0x0006, 0x0006, 0x0006, 0x0006, 0x0006, 0x0006, 0x0006, 0x0006, 0x0006, 0x0006,
  0x0006, 0x0006, 0x0006, 0x0006, 0x0006, 0x0006, 0x0006, 0x0006, 0x0006, 0x0006, 0x0006, 0x0006,
  0x0005, 0x0006, 0x0006, 0x0006, 0x0006, 0x0006, 0x0006, 0x0006, 0x0006, 0x0006, 0x0006, 0x0006,
  0x0006, 0x0006, 0x0006, 0x0006, 0x0006, 0x0006, 0x0006, 0x0006, 0x0006, 0x0007, 0x0007, 0x0007,
  0x0027, 0x0027, 0x0027, 0x0027, 0x0027, 0x0027, 0x0027, 0x0028, 0x0028, 0x0028, 0x0028, 0x0028,
  0x0028, 0x0028, 0x0029, 0x0029, 0x0049, 0x0049, 0x0049, 0x0049, 0x0049, 0x0049, 0x0049, 0x0049,
  0x0049, 0x0049, 0x004A, 0x004A, 0x004A, 0x004A, 0x004A, 0x004A, 0x004A, 0x004A, 0x004A, 0x004A,
  0x004A, 0x004A, 0x004A, 0x004A, 0x004A, 0x004A, 0x004A, 0x004A, 0x004A, 0x004A, 0x004A, 0x004A,
  0x004A, 0x004A, 0x004A, 0x004A, 0x004A, 0x004A, 0x004A, 0x004A, 0x004A, 0x004A, 0x004A, 0x004A,
  0x0049, 0x0049, 0x0049, 0x0049, 0x0049, 0x0029, 0x0029, 0x0029, 0x0029, 0x0029, 0x0028, 0x0028,
  0x0028, 0x0028, 0x0028, 0x0028, 0x0028, 0x0028, 0x0028, 0x0027, 0x0027, 0x0027, 0x0027, 0x0027,
  0x0007, 0x0007, 0x0007, 0x0007, 0x0007, 0x0007, 0x0006, 0x0006, 0x0006, 0x0006, 0x0006, 0x0006,
  0x0006, 0x0006, 0x0006, 0x0006, 0x0006, 0x0006, 0x0006, 0x0006, 0x0005, 0x0005, 0x0005, 0x0005,
  0x0005, 0x0005, 0x0005, 0x0005, 0x0005, 0x0005, 0x0005, 0x0005, 0x0005, 0x0005, 0x0005, 0x0005,
  0x0005, 0x0005, 0x0005, 0x0005, 0x0005, 0x0005, 0x0005, 0x0005, 0x0005, 0x0005, 0x0005, 0x0005,
  0x0005, 0x0005, 0x0005, 0x0005, 0x0005, 0x0005, 0x0005, 0x0005, 0x0005, 0x0005, 0x0005, 0x0005,
  0x0005, 0x0005, 0x0005, 0x0005, 0x0005, 0x0005, 0x0005, 0x0005, 0x0005, 0x0005, 0x0005, 0x0005,
  0x0005, 0x0005, 0x0005, 0x0005, 0x0005, 0x0005, 0x0005, 0x0005, 0x0005, 0x0006, 0x0005, 0x0006,
  0x0006, 0x0006, 0x0006, 0x0006, 0x0006, 0x0006, 0x0006, 0x0006, 0x0006, 0x0006, 0x0006, 0x0006,
  0x0006, 0x0006, 0x0006, 0x0006, 0x0006, 0x0006, 0x0006, 0x0007, 0x0007, 0x0007, 0x0007, 0x0007,
  0x0007, 0x0007, 0x0007, 0x0007, 0x0007, 0x0007, 0x0007, 0x0807, 0x0807, 0x0807, 0x0807, 0x0807,
  0x0807, 0x0807, 0x0807, 0x0808, 0x0808, 0x0808, 0x0808, 0x0808, 0x0808, 0x0808, 0x0808, 0x0808,
  0x0808, 0x0808, 0x0808, 0x0808, 0x0808, 0x0808, 0x0808, 0x0808, 0x0808, 0x0808, 0x0808, 0x0808,
  0x0808, 0x0808, 0x0808, 0x0808, 0x0808, 0x0808, 0x0808, 0x0808, 0x0808, 0x0808, 0x0808, 0x0808,
  0x0808, 0x0808, 0x0808, 0x0807, 0x0807, 0x0807, 0x0807, 0x0807, 0x0807, 0x0807, 0x0807, 0x0807,
  0x0807, 0x0807, 0x0007, 0x0007, 0x0007, 0x0007, 0x0007, 0x0007, 0x0007, 0x0007, 0x0006, 0x0006,
  0x0006, 0x0006, 0x0006, 0x0006, 0x0006, 0x0006, 0x0006, 0x0006, 0x0006, 0x0006, 0x0006, 0x0006,
  0x0006, 0x0006, 0x0006, 0x0006, 0x0006, 0x0006, 0x0006, 0x0006, 0x0006, 0x0006, 0x0006, 0x0006,
  0x0006, 0x0006, 0x0006, 0x0006, 0x0006, 0x0006, 0x0006, 0x0006, 0x0006, 0x0006, 0x0006, 0x0006,
  0x0006, 0x0006, 0x0006, 0x0006, 0x0006, 0x0006, 0x0006, 0x0006, 0x0006, 0x0006, 0x0006, 0x0006,
  0x0006, 0x0006, 0x0007, 0x0007, 0x0007, 0x0027, 0x0007, 0x0007, 0x0027, 0x0027, 0x0027, 0x0027,
  0x0027, 0x0028, 0x0028, 0x0028, 0x0028, 0x0028, 0x0028, 0x0028, 0x0028, 0x0028, 0x0029, 0x0029,
  0x0029, 0x0049, 0x0049, 0x0049, 0x0049, 0x0049, 0x0049, 0x0049, 0x004A, 0x004A, 0x004A, 0x004A,
  0x004A, 0x004A, 0x004A, 0x004A, 0x004A, 0x004A, 0x004A, 0x004A, 0x004A, 0x004B, 0x004B, 0x004B,
  0x004B, 0x004B, 0x004B, 0x004B, 0x004B, 0x004B, 0x004A, 0x004A, 0x004A, 0x004A, 0x004A, 0x004A,
  0x004A, 0x004A, 0x004A, 0x004A, 0x004A, 0x004A, 0x004A, 0x004A, 0x004A, 0x0049, 0x0049, 0x0049,
  0x0049, 0x0049, 0x0049, 0x0029, 0x0029, 0x0029, 0x0029, 0x0028, 0x0028, 0x0028, 0x0028, 0x0028,
  0x0028, 0x0028, 0x0028, 0x0028, 0x0028, 0x0027, 0x0027, 0x0027, 0x0007, 0x0007, 0x0007, 0x0007,
  0x0007, 0x0007, 0x0007, 0x0006, 0x0006, 0x0006, 0x0006, 0x0006, 0x0006, 0x0006, 0x0006, 0x0006,
  0x0006, 0x0006, 0x0006, 0x0006, 0x0005, 0x0005, 0x0005, 0x0005, 0x0005, 0x0005, 0x0005, 0x0005,
  0x0005, 0x0005, 0x0005, 0x0005, 0x0005, 0x0005, 0x0005, 0x0005, 0x0005, 0x0005, 0x0005, 0x0005,
  0x0005, 0x0005, 0x0005, 0x0005, 0x0005, 0x0005, 0x0005, 0x0005, 0x0005, 0x0005, 0x0005, 0x0005,
  0x0005, 0x0005, 0x0005, 0x0005, 0x0005, 0x0005, 0x0005, 0x0005, 0x0005, 0x0005, 0x0005, 0x0005,
  0x0005, 0x0005, 0x0005, 0x0005, 0x0005, 0x0005, 0x0005, 0x0005, 0x0005, 0x0005, 0x0005, 0x0005,
  0x0005, 0x0005, 0x0006, 0x0005, 0x0006, 0x0006, 0x0006, 0x0006, 0x0006, 0x0006, 0x0006, 0x0006,
  0x0006, 0x0006, 0x0006, 0x0006, 0x0006, 0x0006, 0x0006, 0x0006, 0x0006, 0x0006, 0x0006, 0x0006,
  0x0006, 0x0006, 0x0007, 0x0007, 0x0007, 0x0007, 0x0007, 0x0007, 0x0007, 0x0007, 0x0007, 0x0007,
  0x0007, 0x0007, 0x0807, 0x0807, 0x0807, 0x0807, 0x0807, 0x0807, 0x0808, 0x0807, 0x0808, 0x0808,
  0x0808, 0x0808, 0x0808, 0x0808, 0x0808, 0x0808, 0x0808, 0x0808, 0x0808, 0x0808, 0x0808, 0x0808,
  0x0808, 0x0808, 0x0808, 0x0808, 0x0808, 0x0808, 0x0808, 0x0808, 0x0808, 0x0808, 0x0808, 0x0808,
  0x0808, 0x0808, 0x0808, 0x0808, 0x0808, 0x0808, 0x0808, 0x0808, 0x0808, 0x0808, 0x0808, 0x0807,
  0x0808, 0x0808, 0x0807, 0x0807, 0x0807, 0x0807, 0x0807, 0x0807, 0x0807, 0x0807, 0x0807, 0x0007,
  0x0007, 0x0007, 0x0007, 0x0007, 0x0007, 0x0007, 0x0007, 0x0007, 0x0007, 0x0006, 0x0006, 0x0006,
  0x0006, 0x0006, 0x0006, 0x0006, 0x0006, 0x0006, 0x0006, 0x0006, 0x0006, 0x0006, 0x0006, 0x0006,
  0x0006, 0x0006, 0x0006, 0x0006, 0x0006, 0x0006, 0x0006, 0x0006, 0x0006, 0x0006, 0x0006, 0x0006,
  0x0006, 0x0006, 0x0006, 0x0006, 0x0006, 0x0006, 0x0006, 0x0006, 0x0006, 0x0006, 0x0006, 0x0006,
  0x0006, 0x0006, 0x0006, 0x0006, 0x0006, 0x0006, 0x0006, 0x0006, 0x0006, 0x0006, 0x0006, 0x0027,
  0x0027, 0x0027, 0x0027, 0x0027, 0x0027, 0x0027, 0x0027, 0x0027, 0x0028, 0x0028, 0x0028, 0x0028,
  0x0028, 0x0028, 0x0028, 0x0028, 0x0028, 0x0029, 0x0029, 0x0029, 0x0029, 0x0049, 0x0049, 0x0049,
  0x0049, 0x0049, 0x004A, 0x004A, 0x004A, 0x004A, 0x004A, 0x004A, 0x004A, 0x004A, 0x004A, 0x004A,
  0x004B, 0x004B, 0x004B, 0x004B, 0x006B, 0x006B, 0x006B, 0x006B, 0x006B, 0x006B, 0x006B, 0x006B,
  0x006B, 0x006B, 0x006B, 0x006B, 0x006B, 0x004A, 0x004B, 0x004A, 0x004A, 0x004A, 0x004A, 0x004A,
  0x004A, 0x004A, 0x004A, 0x004A, 0x004A, 0x004A, 0x004A, 0x0049, 0x0049, 0x0049, 0x0049, 0x0049,
  0x0049, 0x0029, 0x0029, 0x0029, 0x0029, 0x0028, 0x0028, 0x0028, 0x0028, 0x0028, 0x0028, 0x0028,
  0x0028, 0x0028, 0x0027, 0x0007, 0x0007, 0x0007, 0x0007, 0x0007, 0x0007, 0x0007, 0x0007, 0x0007,
  0x0007, 0x0006, 0x0006, 0x0006, 0x0006, 0x0006, 0x0006, 0x0006, 0x0006, 0x0006, 0x0006, 0x0006,
  0x0005, 0x0005, 0x0005, 0x0005, 0x0005, 0x0005, 0x0005, 0x0005, 0x0005, 0x0005, 0x0005, 0x0005,
  0x0005, 0x0005, 0x0005, 0x0005, 0x0005, 0x0005, 0x0005, 0x0005, 0x0005, 0x0005, 0x0005, 0x0005,
  0x0005, 0x0005, 0x0005, 0x0005, 0x0005, 0x0005, 0x0005, 0x0005, 0x0005, 0x0005, 0x0005, 0x0005,
  0x0005, 0x0005, 0x0005, 0x0005, 0x0005, 0x0005, 0x0005, 0x0005, 0x0005, 0x0005, 0x0005, 0x0005,
  0x0005, 0x0005, 0x0005, 0x0005, 0x0005, 0x0005, 0x0005, 0x0005, 0x0005, 0x0005, 0x0006, 0x0005,
  0x0006, 0x0006, 0x0006, 0x0006, 0x0006, 0x0006, 0x0006, 0x0006, 0x0006, 0x0006, 0x0006, 0x0006,
  0x0006, 0x0006, 0x0006, 0x0006, 0x0006, 0x0006, 0x0006, 0x0006, 0x0006, 0x0006, 0x0006, 0x0007,
  0x0007, 0x0007, 0x0007, 0x0007, 0x0007, 0x0007, 0x0007, 0x0007, 0x0007, 0x0807, 0x0807, 0x0807,
  0x0807, 0x0807, 0x0807, 0x0807, 0x0807, 0x0807, 0x0808, 0x0808, 0x0808, 0x0808, 0x0808, 0x0808,
  0x0808, 0x0808, 0x0808, 0x0808, 0x0808, 0x0808, 0x0808, 0x0808, 0x0808, 0x0808, 0x0808, 0x0808,
  0x0808, 0x0808, 0x0808, 0x0808, 0x0808, 0x0808, 0x0808, 0x0808, 0x0808, 0x0808, 0x0808, 0x0808,
  0x0808, 0x0808, 0x0808, 0x0808, 0x0808, 0x0808, 0x0808, 0x0808, 0x0808, 0x0808, 0x0808, 0x0807,
  0x0807, 0x0807, 0x0807, 0x0807, 0x0807, 0x0807, 0x0807, 0x0807, 0x0007, 0x0007, 0x0007, 0x0007,
  0x0007, 0x0007, 0x0007, 0x0007, 0x0006, 0x0006, 0x0006, 0x0006, 0x0006, 0x0006, 0x0006, 0x0006,
  0x0006, 0x0006, 0x0006, 0x0006, 0x0006, 0x0006, 0x0006, 0x0006, 0x0006, 0x0006, 0x0006, 0x0006,
  0x0006, 0x0006, 0x0006, 0x0006, 0x0006, 0x0006, 0x0006, 0x0006, 0x0006, 0x0006, 0x0006, 0x0006,
  0x0006, 0x0006, 0x0006, 0x0006, 0x0006, 0x0006, 0x0006, 0x0006, 0x0006, 0x0006, 0x0006, 0x0006,
  0x0006, 0x0006, 0x0006, 0x0006, 0x0007, 0x0007, 0x0007, 0x0027, 0x0027, 0x0027, 0x0027, 0x0027,
  0x0027, 0x0027, 0x0027, 0x0027, 0x0028, 0x0028, 0x0028, 0x0028, 0x0028, 0x0028, 0x0028, 0x0029,
  0x0029, 0x0029, 0x0029, 0x0029, 0x0029, 0x0049, 0x0049, 0x0049, 0x004A, 0x004A, 0x004A, 0x004A,
  0x004A, 0x004A, 0x004A, 0x004A, 0x004A, 0x004A, 0x004A, 0x004B, 0x006B, 0x006B, 0x006B, 0x006B,
  0x006B, 0x006B, 0x006B, 0x006B, 0x006B, 0x006B, 0x006B, 0x006B, 0x006B, 0x006B, 0x006B, 0x006B,
  0x006B, 0x006B, 0x006B, 0x006B, 0x006B, 0x006B, 0x004A, 0x004A, 0x004A, 0x004A, 0x004A, 0x004A,
  0x004A, 0x004A, 0x004A, 0x004A, 0x0049, 0x0049, 0x0049, 0x0049, 0x0049, 0x0049, 0x0029, 0x0029,
  0x0029, 0x0029, 0x0029, 0x0028, 0x0028, 0x0028, 0x0028, 0x0028, 0x0028, 0x0028, 0x0027, 0x0027,
  0x0027, 0x0007, 0x0007, 0x0007, 0x0007, 0x0007, 0x0007, 0x0007, 0x0007, 0x0006, 0x0006, 0x0006,
  0x0006, 0x0006, 0x0006, 0x0006, 0x0006, 0x0006, 0x0006, 0x0006, 0x0005, 0x0005, 0x0005, 0x0005,
  0x0005, 0x0005, 0x0005, 0x0005, 0x0005, 0x0005, 0x0005, 0x0005, 0x0005, 0x0005, 0x0005, 0x0005,
  0x0005, 0x0005, 0x0005, 0x0005, 0x0005, 0x0005, 0x0005, 0x0005, 0x0005, 0x0005, 0x0005, 0x0005,
  0x0005, 0x0005, 0x0005, 0x0005, 0x0005, 0x0005, 0x0005, 0x0005, 0x0005, 0x0005, 0x0005, 0x0005,
  0x0005, 0x0005, 0x0005, 0x0005, 0x0005, 0x0005, 0x0005, 0x0005, 0x0005, 0x0005, 0x0005, 0x0005,
  0x0005, 0x0005, 0x0005, 0x0005, 0x0005, 0x0005, 0x0005, 0x0005, 0x0006, 0x0005, 0x0006, 0x0006,
  0x0006, 0x0006, 0x0006, 0x0006, 0x0006, 0x0006, 0x0006, 0x0006, 0x0006, 0x0006, 0x0006, 0x0006,
  0x0006, 0x0006, 0x0006, 0x0006, 0x0006, 0x0007, 0x0007, 0x0007, 0x0007, 0x0007, 0x0007, 0x0007,
  0x0007, 0x0007, 0x0007, 0x0007, 0x0007, 0x0807, 0x0807, 0x0807, 0x0807, 0x0807, 0x0807, 0x0807,
  0x0807, 0x0808, 0x0808, 0x0808, 0x0808, 0x0808, 0x0808, 0x0808, 0x0808, 0x0808, 0x0808, 0x0808,
  0x0808, 0x0808, 0x0808, 0x0808, 0x0808, 0x0808, 0x0808, 0x0808, 0x0808, 0x0808, 0x0808, 0x0808,
  0x0808, 0x0808, 0x0808, 0x0808, 0x0808, 0x0808, 0x0808, 0x0808, 0x0808, 0x0808, 0x0808, 0x0808,
  0x0808, 0x0808, 0x0808, 0x0808, 0x0808, 0x0808, 0x0808, 0x0808, 0x0807, 0x0807, 0x0807, 0x0807,
  0x0807, 0x0807, 0x0807, 0x0807, 0x0007, 0x0007, 0x0007, 0x0007, 0x0007, 0x0007, 0x0007, 0x0007,
  0x0007, 0x0007, 0x0006, 0x0006, 0x0006, 0x0006, 0x0006, 0x0006, 0x0006, 0x0006, 0x0006, 0x0006,
  0x0006, 0x0006, 0x0006, 0x0006, 0x0006, 0x0006, 0x0006, 0x0006, 0x0006, 0x0006, 0x0006, 0x0006,
  0x0006, 0x0006, 0x0006, 0x0006, 0x0006, 0x0006, 0x0006, 0x0006, 0x0006, 0x0006, 0x0006, 0x0006,
  0x0006, 0x0006, 0x0006, 0x0006, 0x0006, 0x0006, 0x0006, 0x0006, 0x0006, 0x0006, 0x0006, 0x0006,
  0x0006, 0x0007, 0x0007, 0x0027, 0x0027, 0x0027, 0x0027, 0x0027, 0x0027, 0x0027, 0x0028, 0x0028,
  0x0028, 0x0028, 0x0028, 0x0028, 0x0028, 0x0028, 0x0028, 0x0029, 0x0029, 0x0029, 0x0029, 0x0049,
  0x0049, 0x0049, 0x0049, 0x004A, 0x004A, 0x004A, 0x004A, 0x004A, 0x004A, 0x004A, 0x004A, 0x004A,
  0x004B, 0x006B, 0x006B, 0x006B, 0x006B, 0x006B, 0x006B, 0x006B, 0x006B, 0x006B, 0x006B, 0x006B,
  0x006B, 0x006B, 0x006B, 0x006B, 0x006B, 0x006B, 0x006B, 0x006B, 0x006B, 0x006B, 0x006B, 0x006B,
  0x006B, 0x006B, 0x006B, 0x006B, 0x004B, 0x004A, 0x004A, 0x004A, 0x004A, 0x004A, 0x004A, 0x004A,
  0x004A, 0x0049, 0x0049, 0x0049, 0x0049, 0x0049, 0x0029, 0x0029, 0x0029, 0x0029, 0x0029, 0x0028,
  0x0028, 0x0028, 0x0028, 0x0028, 0x0028, 0x0028, 0x0028, 0x0028, 0x0027, 0x0007, 0x0007, 0x0007,
  0x0007, 0x0007, 0x0007, 0x0007, 0x0007, 0x0006, 0x0006, 0x0006, 0x0006, 0x0006, 0x0006, 0x0006,
  0x0006, 0x0006, 0x0006, 0x0006, 0x0005, 0x0005, 0x0005, 0x0005, 0x0005, 0x0005, 0x0005, 0x0005,
  0x0005, 0x0005, 0x0005, 0x0005, 0x0005, 0x0005, 0x0005, 0x0005, 0x0005, 0x0005, 0x0005, 0x0005,
  0x0005, 0x0005, 0x0005, 0x0005, 0x0005, 0x0005, 0x0005, 0x0005, 0x0005, 0x0005, 0x0005, 0x0005,
  0x0005, 0x0005, 0x0005, 0x0005, 0x0005, 0x0005, 0x0005, 0x0005, 0x0005, 0x0005, 0x0005, 0x0005,
  0x0005, 0x0005, 0x0005, 0x0005, 0x0005, 0x0005, 0x0005, 0x0005, 0x0005, 0x0005, 0x0005, 0x0005,
  0x0005, 0x0005, 0x0005, 0x0005, 0x0006, 0x0006, 0x0006, 0x0006, 0x0006, 0x0006, 0x0006, 0x0006,
  0x0006, 0x0006, 0x0006, 0x0006, 0x0006, 0x0006, 0x0006, 0x0006, 0x0006, 0x0006, 0x0006, 0x0006,
  0x0006, 0x0006, 0x0007, 0x0007, 0x0007, 0x0007, 0x0007, 0x0007, 0x0007, 0x0007, 0x0007, 0x0007,
  0x0807, 0x0807, 0x0807, 0x0807, 0x0807, 0x0808, 0x0807, 0x0807, 0x0808, 0x0808, 0x0808, 0x0808,
  0x0808, 0x0808, 0x0808, 0x0808, 0x0808, 0x0808, 0x0808, 0x0808, 0x0808, 0x0808, 0x0808, 0x0808,
  0x0808, 0x0808, 0x0808, 0x0808, 0x0808, 0x0808, 0x0808, 0x0808, 0x0808, 0x0808, 0x0808, 0x0808,
  0x0808, 0x0808, 0x0808, 0x0808, 0x0808, 0x0808, 0x0808, 0x0808, 0x0808, 0x0808, 0x0808, 0x0808,
  0x0808, 0x0808, 0x0808, 0x0808, 0x0808, 0x0807, 0x0807, 0x0807, 0x0807, 0x0807, 0x0807, 0x0807,
  0x0807, 0x0007, 0x0007, 0x0007, 0x0007, 0x0007, 0x0007, 0x0007, 0x0007, 0x0006, 0x0007, 0x0006,
  0x0006, 0x0006, 0x0006, 0x0006, 0x0006, 0x0006, 0x0006, 0x0006, 0x0006, 0x0006, 0x0006, 0x0006,
  0x0006, 0x0006, 0x0006, 0x0006, 0x0006, 0x0006, 0x0006, 0x0006, 0x0006, 0x0006, 0x0006, 0x0006,
  0x0006, 0x0006, 0x0006, 0x0006, 0x0006, 0x0006, 0x0006, 0x0006, 0x0006, 0x0006, 0x0006, 0x0006,
  0x0006, 0x0006, 0x0006, 0x0006, 0x0006, 0x0006, 0x0006, 0x0006, 0x0007, 0x0007, 0x0007, 0x0027,
  0x0027, 0x0027, 0x0027, 0x0027, 0x0027, 0x0028, 0x0028, 0x0028, 0x0028, 0x0028, 0x0028, 0x0028,
  0x0028, 0x0029, 0x0029, 0x0029, 0x0029, 0x0029, 0x0049, 0x0049, 0x0049, 0x004A, 0x004A, 0x004A,
  0x004A, 0x004A, 0x004A, 0x004A, 0x004A, 0x004A, 0x004B, 0x006B, 0x006B, 0x006B, 0x006B, 0x006B,
  0x006B, 0x006B, 0x006B, 0x006B, 0x006B, 0x006B, 0x006B, 0x006B, 0x006B, 0x006B, 0x006B, 0x006B,
  0x006B, 0x006B, 0x006B, 0x006B, 0x006B, 0x006B, 0x006B, 0x006B, 0x006B, 0x006B, 0x006B, 0x004B,
  0x004B, 0x004B, 0x004B, 0x004A, 0x004A, 0x004A, 0x004A, 0x004A, 0x004A, 0x004A, 0x004A, 0x004A,
  0x0049, 0x0029, 0x0049, 0x0029, 0x0029, 0x0029, 0x0029, 0x0029, 0x0028, 0x0028, 0x0028, 0x0028,
  0x0028, 0x0028, 0x0028, 0x0028, 0x0027, 0x0007, 0x0007, 0x0007, 0x0007, 0x0007, 0x0007, 0x0007,
  0x0007, 0x0007, 0x0006, 0x0006, 0x0006, 0x0006, 0x0006, 0x0006, 0x0006, 0x0006, 0x0006, 0x0006,
  0x0005, 0x0005, 0x0005, 0x0005, 0x0005, 0x0005, 0x0005, 0x0005, 0x0005, 0x0005, 0x0005, 0x0005,
  0x0005, 0x0005, 0x0005, 0x0005, 0x0005, 0x0005, 0x0005, 0x0005, 0x0005, 0x0005, 0x0005, 0x0005,
  0x0005, 0x0005, 0x0005, 0x0005, 0x0005, 0x0005, 0x0005, 0x0005, 0x0005, 0x0005, 0x0005, 0x0005,
  0x0005, 0x0005, 0x0005, 0x0005, 0x0005, 0x0005, 0x0005, 0x0005, 0x0005, 0x0005, 0x0005, 0x0005,
  0x0005, 0x0005, 0x0005, 0x0005, 0x0005, 0x0005, 0x0005, 0x0005, 0x0005, 0x0006, 0x0005, 0x0006,
  0x0006, 0x0006, 0x0006, 0x0006, 0x0006, 0x0006, 0x0006, 0x0006, 0x0006, 0x0006, 0x0006, 0x0006,
  0x0006, 0x0006, 0x0006, 0x0006, 0x0006, 0x0006, 0x0006, 0x0006, 0x0007, 0x0007, 0x0007, 0x0007,
  0x0007, 0x0007, 0x0007, 0x0007, 0x0007, 0x0007, 0x0007, 0x0807, 0x0807, 0x0807, 0x0807, 0x0807,
  0x0807, 0x0807, 0x0807, 0x0808, 0x0808, 0x0808, 0x0808, 0x0808, 0x0808, 0x0808, 0x0808, 0x0808,
  0x0808, 0x0808, 0x0808, 0x0808, 0x0808, 0x0808, 0x0808, 0x0808, 0x0808, 0x0808, 0x0808, 0x0808,
  0x0808, 0x0808, 0x0808, 0x0808, 0x0808, 0x0808, 0x0808, 0x0808, 0x0808, 0x0808, 0x0808, 0x0808,
  0x0808, 0x0808, 0x0808, 0x0808, 0x0808, 0x0808, 0x0808, 0x0808, 0x0808, 0x0808, 0x0808, 0x0808,
  0x0808, 0x0808, 0x0807, 0x0807, 0x0807, 0x0807, 0x0807, 0x0807, 0x0807, 0x0007, 0x0007, 0x0007,
  0x0007, 0x0007, 0x0007, 0x0007, 0x0007, 0x0007, 0x0007, 0x0006, 0x0006, 0x0006, 0x0006, 0x0006,
  0x0006, 0x0006, 0x0006, 0x0006, 0x0006, 0x0006, 0x0006, 0x0006, 0x0006, 0x0006, 0x0006, 0x0006,
  0x0006, 0x0006, 0x0006, 0x0006, 0x0006, 0x0006, 0x0006, 0x0006, 0x0006, 0x0006, 0x0006, 0x0006,
  0x0006, 0x0006, 0x0006, 0x0006, 0x0006, 0x0006, 0x0006, 0x0006, 0x0006, 0x0006, 0x0006, 0x0006,
  0x0006, 0x0006, 0x0006, 0x0007, 0x0007, 0x0007, 0x0007, 0x0027, 0x0027, 0x0027, 0x0027, 0x0027,
  0x0027, 0x0028, 0x0028, 0x0028, 0x0028, 0x0028, 0x0028, 0x0028, 0x0029, 0x0029, 0x0029, 0x0029,
  0x0029, 0x0029, 0x0049, 0x0049, 0x0049, 0x004A, 0x004A, 0x004A, 0x004A, 0x004A, 0x004A, 0x004A,
  0x006B, 0x006B, 0x006B, 0x006B, 0x006B, 0x006B, 0x006B, 0x006B, 0x006B, 0x006B, 0x006B, 0x006B,
  0x006B, 0x006C, 0x006C, 0x006C, 0x006C, 0x006C, 0x006C, 0x006C, 0x006C, 0x006C, 0x006C, 0x006C,
  0x006B, 0x006B, 0x006B, 0x006B, 0x006B, 0x006B, 0x006B, 0x006B, 0x006B, 0x006B, 0x004B, 0x004B,
  0x004B, 0x004A, 0x004A, 0x004A, 0x004A, 0x004A, 0x004A, 0x004A, 0x0049, 0x0049, 0x0049, 0x0029,
  0x0029, 0x0029, 0x0029, 0x0029, 0x0029, 0x0029, 0x0028, 0x0028, 0x0028, 0x0028, 0x0028, 0x0028,
  0x0028, 0x0028, 0x0027, 0x0007, 0x0007, 0x0007, 0x0007, 0x0007, 0x0007, 0x0007, 0x0007, 0x0006,
  0x0006, 0x0006, 0x0006, 0x0006, 0x0006, 0x0006, 0x0006, 0x0006, 0x0005, 0x0005, 0x0005, 0x0005,
  0x0005, 0x0005, 0x0005, 0x0005, 0x0005, 0x0005, 0x0005, 0x0005, 0x0005, 0x0005, 0x0005, 0x0005,
  0x0005, 0x0005, 0x0005, 0x0005, 0x0005, 0x0005, 0x0005, 0x0005, 0x0005, 0x0005, 0x0005, 0x0005,
  0x0005, 0x0005, 0x0005, 0x0005, 0x0005, 0x0005, 0x0005, 0x0005, 0x0005, 0x0005, 0x0005, 0x0005,
  0x0005, 0x0005, 0x0005, 0x0005, 0x0005, 0x0005, 0x0005, 0x0005, 0x0005, 0x0005, 0x0005, 0x0005,
  0x0005, 0x0005, 0x0005, 0x0005, 0x0005, 0x0006, 0x0005, 0x0006, 0x0005, 0x0006, 0x0006, 0x0006,
  0x0006, 0x0006, 0x0006, 0x0006, 0x0006, 0x0006, 0x0006, 0x0006, 0x0006, 0x0006, 0x0006, 0x0006,
  0x0006, 0x0006, 0x0006, 0x0006, 0x0006, 0x0007, 0x0007, 0x0007, 0x0007, 0x0007, 0x0007, 0x0007,
  0x0007, 0x0007, 0x0007, 0x0807, 0x0807, 0x0807, 0x0807, 0x0807, 0x0807, 0x0808, 0x0808, 0x0808,
  0x0808, 0x0808, 0x0808, 0x0808, 0x0808, 0x0808, 0x0808, 0x0808, 0x0808, 0x0808, 0x0808, 0x0808,
  0x0808, 0x0808, 0x0808, 0x0808, 0x0808, 0x0808, 0x0808, 0x0808, 0x0808, 0x0808, 0x0808, 0x0808,
  0x0808, 0x0808, 0x0808, 0x0808, 0x0808, 0x0808, 0x0808, 0x0808, 0x0808, 0x0808, 0x0808, 0x0808,
  0x0808, 0x0808, 0x0808, 0x0808, 0x0808, 0x0808, 0x0808, 0x0808, 0x0807, 0x0808, 0x0807, 0x0807,
  0x0807, 0x0807, 0x0807, 0x0807, 0x0807, 0x0807, 0x0007, 0x0007, 0x0007, 0x0007, 0x0007, 0x0007,
  0x0007, 0x0007, 0x0006, 0x0006, 0x0006, 0x0006, 0x0006, 0x0006, 0x0006, 0x0006, 0x0006, 0x0006,
  0x0006, 0x0006, 0x0006, 0x0006, 0x0006, 0x0006, 0x0006, 0x0006, 0x0006, 0x0006, 0x0006, 0x0006,
  0x0006, 0x0006, 0x0006, 0x0006, 0x0006, 0x0006, 0x0006, 0x0006, 0x0006, 0x0006, 0x0006, 0x0006,
  0x0006, 0x0006, 0x0006, 0x0006, 0x0006, 0x0006, 0x0006, 0x0006, 0x0006, 0x0006, 0x0007, 0x0007,
  0x0007, 0x0007, 0x0007, 0x0027, 0x0027, 0x0027, 0x0027, 0x0027, 0x0028, 0x0028, 0x0028, 0x0028,
  0x0028, 0x0028, 0x0028, 0x0029, 0x0029, 0x0029, 0x0029, 0x0029, 0x0029, 0x0049, 0x0049, 0x004A,
  0x004A, 0x004A, 0x004A, 0x004A, 0x004A, 0x004A, 0x004B, 0x006B, 0x006B, 0x006B, 0x006B, 0x006B,
  0x006B, 0x006B, 0x006B, 0x006B, 0x006B, 0x006C, 0x006C, 0x006C, 0x006C, 0x006C, 0x006C, 0x006C,
  0x006C, 0x006C, 0x006C, 0x006C, 0x006C, 0x006C, 0x006C, 0x006C, 0x006C, 0x006C, 0x006C, 0x006C,
  0x006B, 0x006B, 0x006B, 0x006B, 0x006B, 0x006B, 0x006B, 0x006B, 0x004B, 0x004B, 0x004A, 0x004A,
  0x004A, 0x004A, 0x004A, 0x004A, 0x004A, 0x004A, 0x0029, 0x0029, 0x0029, 0x0029, 0x0029, 0x0029,
  0x0029, 0x0029, 0x0029, 0x0028, 0x0028, 0x0028, 0x0028, 0x0028, 0x0028, 0x0028, 0x0028, 0x0027,
  0x0007, 0x0007, 0x0007, 0x0007, 0x0007, 0x0007, 0x0007, 0x0007, 0x0006, 0x0006, 0x0006, 0x0006,
  0x0006, 0x0006, 0x0006, 0x0006, 0x0005, 0x0005, 0x0005, 0x0005, 0x0005, 0x0005, 0x0005, 0x0005,
  0x0005, 0x0005, 0x0005, 0x0005, 0x0005, 0x0005, 0x0005, 0x0005, 0x0005, 0x0005, 0x0005, 0x0005,
  0x0005, 0x0005, 0x0005, 0x0005, 0x0005, 0x0005, 0x0005, 0x0005, 0x0005, 0x0005, 0x0005, 0x0005,
  0x0005, 0x0005, 0x0005, 0x0005, 0x0005, 0x0005, 0x0005, 0x0005, 0x0005, 0x0005, 0x0005, 0x0005,
  0x0005, 0x0005, 0x0005, 0x0005, 0x0005, 0x0005, 0x0005, 0x0005, 0x0005, 0x0005, 0x0005, 0x0005,
  0x0005, 0x0006, 0x0005, 0x0006, 0x0005, 0x0006, 0x0006, 0x0006, 0x0006, 0x0006, 0x0006, 0x0006,
  0x0006, 0x0006, 0x0006, 0x0006, 0x0006, 0x0006, 0x0006, 0x0006, 0x0006, 0x0006, 0x0006, 0x0007,
  0x0007, 0x0007, 0x0007, 0x0007, 0x0007, 0x0007, 0x0007, 0x0007, 0x0007, 0x0007, 0x0807, 0x0807,
  0x0807, 0x0807, 0x0807, 0x0807, 0x0808, 0x0808, 0x0808, 0x0808, 0x0808, 0x0808, 0x0808, 0x0808,
  0x0808, 0x0808, 0x0808, 0x0808, 0x0808, 0x0808, 0x0808, 0x0808, 0x0808, 0x0808, 0x0808, 0x0808,
  0x0808, 0x0808, 0x0808, 0x0808, 0x0808, 0x0808, 0x0808, 0x0808, 0x0808, 0x0808, 0x0808, 0x0808,
  0x0808, 0x0808, 0x0808, 0x0808, 0x0808, 0x0808, 0x0808, 0x0808, 0x0808, 0x0808, 0x0808, 0x0808,
  0x0808, 0x0808, 0x0808, 0x0808, 0x0808, 0x0807, 0x0807, 0x0807, 0x0807, 0x0807, 0x0807, 0x0807,
  0x0807, 0x0807, 0x0007, 0x0007, 0x0007, 0x0007, 0x0007, 0x0007, 0x0007, 0x0007, 0x0007, 0x0007,
  0x0006, 0x0006, 0x0006, 0x0006, 0x0006, 0x0006, 0x0006, 0x0006, 0x0006, 0x0006, 0x0006, 0x0006,
  0x0006, 0x0006, 0x0006, 0x0006, 0x0006, 0x0006, 0x0006, 0x0006, 0x0006, 0x0006, 0x0006, 0x0006,
  0x0006, 0x0006, 0x0006, 0x0006, 0x0006, 0x0006, 0x0006, 0x0006, 0x0006, 0x0006, 0x0006, 0x0006,
  0x0006, 0x0006, 0x0006, 0x0006, 0x0006, 0x0007, 0x0007, 0x0007, 0x0007, 0x0007, 0x0007, 0x0007,
  0x0027, 0x0027, 0x0027, 0x0028, 0x0028, 0x0028, 0x0028, 0x0028, 0x0028, 0x0028, 0x0029, 0x0029,
  0x0029, 0x0029, 0x0029, 0x0029, 0x0049, 0x004A, 0x004A, 0x004A, 0x004A, 0x004A, 0x004A, 0x004A,
  0x004B, 0x004B, 0x006B, 0x006B, 0x006B, 0x006B, 0x006B, 0x006B, 0x006B, 0x006B, 0x006C, 0x006C,
  0x006C, 0x006C, 0x006C, 0x006C, 0x006C, 0x006C, 0x006C, 0x006C, 0x006C, 0x006C, 0x006C, 0x006C,
  0x006C, 0x006C, 0x006C, 0x006C, 0x006C, 0x006C, 0x006C, 0x006C, 0x006C, 0x006C, 0x006C, 0x006B,
  0x006B, 0x006B, 0x006B, 0x006B, 0x006B, 0x006B, 0x004B, 0x004B, 0x004A, 0x004A, 0x004A, 0x004A,
  0x004A, 0x004A, 0x002A, 0x0049, 0x0029, 0x0029, 0x0029, 0x0029, 0x0029, 0x0029, 0x0029, 0x0028,
  0x0028, 0x0028, 0x0028, 0x0028, 0x0028, 0x0028, 0x0028, 0x0027, 0x0007, 0x0007, 0x0007, 0x0007,
  0x0007, 0x0007, 0x0007, 0x0007, 0x0007, 0x0006, 0x0006, 0x0006, 0x0006, 0x0006, 0x0006, 0x0006,
  0x0005, 0x0005, 0x0005, 0x0005, 0x0005, 0x0005, 0x0005, 0x0005, 0x0005, 0x0005, 0x0005, 0x0005,
  0x0005, 0x0005, 0x0005, 0x0005, 0x0005, 0x0005, 0x0005, 0x0005, 0x0005, 0x0005, 0x0005, 0x0005,
  0x0005, 0x0005, 0x0005, 0x0005, 0x0005, 0x0005, 0x0005, 0x0005, 0x0005, 0x0005, 0x0005, 0x0005,
  0x0005, 0x0005, 0x0005, 0x0005, 0x0005, 0x0005, 0x0005, 0x0005, 0x0005, 0x0005, 0x0005, 0x0005,
  0x0005, 0x0005, 0x0005, 0x0005, 0x0005, 0x0005, 0x0005, 0x0005, 0x0005, 0x0005, 0x0005, 0x0006,
  0x0006, 0x0006, 0x0006, 0x0006, 0x0006, 0x0006, 0x0006, 0x0006, 0x0006, 0x0006, 0x0006, 0x0006,
  0x0006, 0x0006, 0x0006, 0x0006, 0x0006, 0x0006, 0x0006, 0x0007, 0x0007, 0x0007, 0x0007, 0x0007,
  0x0007, 0x0007, 0x0007, 0x0007, 0x0007, 0x0007, 0x0807, 0x0807, 0x0807, 0x0807, 0x0808, 0x0808,
  0x0808, 0x0808, 0x0808, 0x0808, 0x0808, 0x0808, 0x0808, 0x0808, 0x0808, 0x0808, 0x0808, 0x0808,
  0x0808, 0x0808, 0x0808, 0x0808, 0x0808, 0x0808, 0x0808, 0x0808, 0x0808, 0x0808, 0x0808, 0x0808,
  0x1008, 0x1008, 0x1008, 0x0808, 0x0808, 0x0808, 0x0808, 0x0808, 0x0808, 0x0808, 0x0808, 0x0808,
  0x0808, 0x0808, 0x0808, 0x0808, 0x0808, 0x0808, 0x0808, 0x0808, 0x0808, 0x0808, 0x0808, 0x0808,
  0x0808, 0x0808, 0x0808, 0x0808, 0x0807, 0x0807, 0x0807, 0x0807, 0x0807, 0x0807, 0x0807, 0x0007,
  0x0007, 0x0007, 0x0007, 0x0007, 0x0007, 0x0007, 0x0007, 0x0007, 0x0006, 0x0006, 0x0006, 0x0006,
  0x0006, 0x0006, 0x0006, 0x0006, 0x0006, 0x0006, 0x0006, 0x0006, 0x0006, 0x0006, 0x0006, 0x0006,
  0x0006, 0x0006, 0x0006, 0x0006, 0x0006, 0x0006, 0x0006, 0x0006, 0x0006, 0x0006, 0x0006, 0x0006,
  0x0006, 0x0006, 0x0006, 0x0006, 0x0006, 0x0006, 0x0006, 0x0006, 0x0006, 0x0006, 0x0006, 0x0006,
  0x0007, 0x0007, 0x0007, 0x0007, 0x0007, 0x0007, 0x0007, 0x0007, 0x0027, 0x0027, 0x0027, 0x0028,
  0x0028, 0x0028, 0x0028, 0x0028, 0x0028, 0x0028, 0x0029, 0x0029, 0x0029, 0x0029, 0x0029, 0x0049,
  0x0049, 0x004A, 0x004A, 0x004A, 0x004A, 0x004A, 0x004A, 0x004A, 0x004B, 0x004B, 0x006B, 0x006B,
  0x006B, 0x006B, 0x006B, 0x006B, 0x006C, 0x006C, 0x006C, 0x006C, 0x006C, 0x006C, 0x006C, 0x006C,
  0x006C, 0x006C, 0x006C, 0x006C, 0x006C, 0x006C, 0x006C, 0x006C, 0x006C, 0x006C, 0x006C, 0x006C,
  0x006C, 0x006C, 0x006C, 0x006C, 0x006C, 0x006C, 0x006C, 0x006C, 0x006B, 0x006B, 0x006B, 0x006B,
  0x006B, 0x006B, 0x004B, 0x004B, 0x004B, 0x004B, 0x004A, 0x004A, 0x004A, 0x004A, 0x002A, 0x004A,
  0x0049, 0x0029, 0x0029, 0x0029, 0x0029, 0x0029, 0x0029, 0x0029, 0x0028, 0x0028, 0x0028, 0x0028,
  0x0028, 0x0028, 0x0028, 0x0028, 0x0027, 0x0007, 0x0007, 0x0007, 0x0007, 0x0007, 0x0007, 0x0007,
  0x0006, 0x0006, 0x0006, 0x0006, 0x0006, 0x0006, 0x0006, 0x0006, 0x0005, 0x0005, 0x0005, 0x0005,
  0x0005, 0x0005, 0x0005, 0x0005, 0x0005, 0x0005, 0x0005, 0x0005, 0x0005, 0x0005, 0x0005, 0x0005,
  0x0005, 0x0005, 0x0005, 0x0005, 0x0005, 0x0005, 0x0005, 0x0005, 0x0005, 0x0005, 0x0005, 0x0005,
  0x0005, 0x0005, 0x0005, 0x0005, 0x0005, 0x0005, 0x0005, 0x0005, 0x0005, 0x0005, 0x0005, 0x0005,
  0x0005, 0x0005, 0x0005, 0x0005, 0x0005, 0x0005, 0x0005, 0x0005, 0x0005, 0x0005, 0x0005, 0x0005,
  0x0005, 0x0005, 0x0005, 0x0005, 0x0005, 0x0005, 0x0005, 0x0006, 0x0006, 0x0006, 0x0006, 0x0006,
  0x0006, 0x0006, 0x0006, 0x0006, 0x0006, 0x0006, 0x0006, 0x0006, 0x0006, 0x0006, 0x0006, 0x0006,
  0x0006, 0x0006, 0x0007, 0x0007, 0x0007, 0x0007, 0x0007, 0x0007, 0x0007, 0x0007, 0x0007, 0x0007,
  0x0007, 0x0807, 0x0807, 0x0807, 0x0807, 0x0807, 0x0807, 0x0808, 0x0808, 0x0808, 0x0808, 0x0808,
  0x0808, 0x0808, 0x0808, 0x0808, 0x0808, 0x0808, 0x0808, 0x0808, 0x0808, 0x0808, 0x0808, 0x0808,
  0x0808, 0x0808, 0x0808, 0x0808, 0x0808, 0x0808, 0x0808, 0x0808, 0x0808, 0x0808, 0x0808, 0x0808,
  0x0808, 0x0808, 0x0808, 0x0808, 0x0808, 0x0808, 0x0808, 0x0808, 0x0808, 0x0808, 0x0808, 0x0808,
  0x0808, 0x0808, 0x0808, 0x0808, 0x0808, 0x0808, 0x0808, 0x0808, 0x0808, 0x0808, 0x0807, 0x0808,
  0x0807, 0x0807, 0x0807, 0x0807, 0x0807, 0x0807, 0x0807, 0x0007, 0x0007, 0x0007, 0x0007, 0x0007,
  0x0007, 0x0007, 0x0007, 0x0006, 0x0007, 0x0006, 0x0006, 0x0006, 0x0006, 0x0006, 0x0006, 0x0006,
  0x0006, 0x0006, 0x0006, 0x0006, 0x0006, 0x0006, 0x0006, 0x0006, 0x0006, 0x0006, 0x0006, 0x0006,
  0x0006, 0x0006, 0x0006, 0x0006, 0x0006, 0x0006, 0x0006, 0x0006, 0x0006, 0x0006, 0x0006, 0x0006,
  0x0006, 0x0006, 0x0006, 0x0006, 0x0006, 0x0006, 0x0006, 0x0007, 0x0007, 0x0007, 0x0007, 0x0007,
  0x0007, 0x0007, 0x0007, 0x0027, 0x0027, 0x0028, 0x0028, 0x0028, 0x0028, 0x0028, 0x0028, 0x0028,
  0x0028, 0x0029, 0x0029, 0x0029, 0x0029, 0x0049, 0x0049, 0x0049, 0x004A, 0x004A, 0x004A, 0x004A,
  0x004A, 0x004A, 0x004A, 0x004B, 0x004B, 0x006B, 0x006B, 0x006B, 0x006B, 0x006B, 0x006C, 0x006C,
  0x006C, 0x006C, 0x006C, 0x006C, 0x006C, 0x006C, 0x006C, 0x006C, 0x006C, 0x008C, 0x008C, 0x008C,
  0x008C, 0x008C, 0x008C, 0x008C, 0x008C, 0x008C, 0x008C, 0x008C, 0x008C, 0x006C, 0x008C, 0x006C,
  0x006C, 0x006C, 0x006C, 0x006C, 0x006C, 0x006C, 0x006C, 0x006B, 0x006B, 0x006B, 0x006B, 0x006B,
  0x004B, 0x004B, 0x004A, 0x004A, 0x004A, 0x004A, 0x004A, 0x004A, 0x004A, 0x0049, 0x0029, 0x0029,
  0x0029, 0x0029, 0x0029, 0x0029, 0x0028, 0x0028, 0x0028, 0x0028, 0x0028, 0x0028, 0x0028, 0x0028,
  0x0007, 0x0007, 0x0007, 0x0007, 0x0007, 0x0007, 0x0007, 0x0007, 0x0007, 0x0007, 0x0006, 0x0006,
  0x0006, 0x0006, 0x0006, 0x0006, 0x0005, 0x0005, 0x0005, 0x0005, 0x0005, 0x0005, 0x0005, 0x0005,
  0x0005, 0x0005, 0x0005, 0x0005, 0x0005, 0x0005, 0x0005, 0x0005, 0x0005, 0x0005, 0x0005, 0x0005,
  0x0005, 0x0005, 0x0005, 0x0005, 0x0005, 0x0005, 0x0005, 0x0005, 0x0005, 0x0005, 0x0005, 0x0005,
  0x0005, 0x0005, 0x0005, 0x0005, 0x0005, 0x0005, 0x0005, 0x0005, 0x0005, 0x0005, 0x0005, 0x0005,
  0x0005, 0x0005, 0x0005, 0x0005, 0x0005, 0x0005, 0x0005, 0x0005, 0x0005, 0x0005, 0x0005, 0x0005,
  0x0005, 0x0005, 0x0006, 0x0006, 0x0006, 0x0006, 0x0006, 0x0006, 0x0006, 0x0006, 0x0006, 0x0006,
  0x0006, 0x0006, 0x0006, 0x0006, 0x0006, 0x0006, 0x0006, 0x0006, 0x0006, 0x0006, 0x0007, 0x0007,
  0x0007, 0x0007, 0x0007, 0x0007, 0x0007, 0x0007, 0x0007, 0x0007, 0x0007, 0x0807, 0x0807, 0x0807,
  0x0807, 0x0807, 0x0808, 0x0808, 0x0808, 0x0808, 0x0808, 0x0808, 0x0808, 0x0808, 0x0808, 0x0808,
  0x0808, 0x0808, 0x0808, 0x0808, 0x0808, 0x0808, 0x0808, 0x0808, 0x0808, 0x0808, 0x1009, 0x0808,
  0x0808, 0x0808, 0x0809, 0x0809, 0x0809, 0x0809, 0x0809, 0x0809, 0x0808, 0x0808, 0x0808, 0x0808,
  0x0808, 0x0808, 0x0808, 0x0808, 0x0808, 0x0808, 0x0808, 0x0808, 0x0808, 0x0808, 0x0808, 0x0808,
  0x0808, 0x0808, 0x0808, 0x0808, 0x0808, 0x0808, 0x0808, 0x0808, 0x0808, 0x0807, 0x0807, 0x0807,
  0x0807, 0x0807, 0x0807, 0x0807, 0x0007, 0x0007, 0x0007, 0x0007, 0x0007, 0x0007, 0x0007, 0x0007,
  0x0007, 0x0006, 0x0006, 0x0006, 0x0006, 0x0006, 0x0006, 0x0006, 0x0006, 0x0006, 0x0006, 0x0006,
  0x0006, 0x0006, 0x0006, 0x0006, 0x0006, 0x0006, 0x0006, 0x0006, 0x0006, 0x0006, 0x0006, 0x0006,
  0x0006, 0x0006, 0x0006, 0x0006, 0x0006, 0x0006, 0x0006, 0x0006, 0x0006, 0x0006, 0x0006, 0x0006,
  0x0006, 0x0006, 0x0006, 0x0006, 0x0007, 0x0007, 0x0007, 0x0007, 0x0007, 0x0007, 0x0027, 0x0027,
  0x0027, 0x0028, 0x0028, 0x0028, 0x0028, 0x0028, 0x0028, 0x0028, 0x0029, 0x0029, 0x0029, 0x0029,
  0x0049, 0x0049, 0x0049, 0x0049, 0x004A, 0x004A, 0x004A, 0x004A, 0x004A, 0x004B, 0x004B, 0x004B,
  0x006B, 0x006B, 0x006B, 0x006B, 0x006C, 0x006C, 0x006C, 0x006C, 0x006C, 0x006C, 0x006C, 0x006C,
  0x006C, 0x008C, 0x008C, 0x008C, 0x008C, 0x008C, 0x008D, 0x008D, 0x008D, 0x008D, 0x008D, 0x008D,
  0x008D, 0x008D, 0x008D, 0x008C, 0x008C, 0x008C, 0x008C, 0x008C, 0x006C, 0x006C, 0x006C, 0x006C,
  0x006C, 0x006C, 0x006C, 0x006C, 0x006C, 0x006B, 0x006B, 0x006B, 0x006B, 0x004B, 0x004B, 0x004B,
  0x004A, 0x004A, 0x004A, 0x004A, 0x004A, 0x004A, 0x0049, 0x0029, 0x0029, 0x0029, 0x0029, 0x0029,
  0x0029, 0x0029, 0x0028, 0x0028, 0x0028, 0x0028, 0x0028, 0x0028, 0x0008, 0x0007, 0x0007, 0x0007,
  0x0007, 0x0007, 0x0007, 0x0007, 0x0007, 0x0006, 0x0007, 0x0006, 0x0006, 0x0006, 0x0006, 0x0006,
  0x0005, 0x0005, 0x0005, 0x0005, 0x0005, 0x0005, 0x0005, 0x0005, 0x0005, 0x0005, 0x0005, 0x0005,
  0x0005, 0x0005, 0x0005, 0x0005, 0x0005, 0x0005, 0x0005, 0x0005, 0x0005, 0x0005, 0x0005, 0x0005,
  0x0005, 0x0005, 0x0005, 0x0005, 0x0005, 0x0005, 0x0005, 0x0005, 0x0005, 0x0005, 0x0005, 0x0005,
  0x0005, 0x0005, 0x0005, 0x0005, 0x0005, 0x0005, 0x0005, 0x0005, 0x0005, 0x0005, 0x0005, 0x0005,
  0x0005, 0x0005, 0x0005, 0x0005, 0x0005, 0x0005, 0x0005, 0x0005, 0x0006, 0x0005, 0x0006, 0x0005,
  0x0006, 0x0006, 0x0006, 0x0006, 0x0006, 0x0006, 0x0006, 0x0006, 0x0006, 0x0006, 0x0006, 0x0006,
  0x0006, 0x0006, 0x0006, 0x0006, 0x0006, 0x0006, 0x0007, 0x0007, 0x0007, 0x0007, 0x0007, 0x0007,
  0x0007, 0x0007, 0x0007, 0x0007, 0x0807, 0x0807, 0x0807, 0x0807, 0x0807, 0x0807, 0x0807, 0x0808,
  0x0808, 0x0808, 0x0808, 0x0808, 0x0808, 0x0808, 0x0808, 0x0808, 0x0808, 0x0808, 0x0808, 0x0808,
  0x0808, 0x0808, 0x0808, 0x0808, 0x1008, 0x0808, 0x0808, 0x0809, 0x0809, 0x0809, 0x0809, 0x0809,
  0x0808, 0x0808, 0x0808, 0x0809, 0x0809, 0x0809, 0x0809, 0x0809, 0x0808, 0x0808, 0x1008, 0x0808,
  0x0808, 0x0808, 0x0808, 0x0808, 0x0808, 0x0808, 0x0808, 0x0808, 0x0808, 0x0808, 0x0808, 0x0808,
  0x0808, 0x0808, 0x0808, 0x0808, 0x0808, 0x0807, 0x0807, 0x0807, 0x0807, 0x0807, 0x0807, 0x0807,
  0x0007, 0x0007, 0x0007, 0x0007, 0x0007, 0x0007, 0x0007, 0x0007, 0x0007, 0x0006, 0x0006, 0x0006,
  0x0006, 0x0006, 0x0006, 0x0006, 0x0006, 0x0006, 0x0006, 0x0006, 0x0006, 0x0006, 0x0006, 0x0006,
  0x0006, 0x0006, 0x0006, 0x0006, 0x0006, 0x0006, 0x0006, 0x0006, 0x0006, 0x0006, 0x0006, 0x0006,
  0x0006, 0x0006, 0x0006, 0x0006, 0x0006, 0x0006, 0x0006, 0x0006, 0x0006, 0x0006, 0x0007, 0x0007,
  0x0007, 0x0007, 0x0007, 0x0007, 0x0007, 0x0027, 0x0027, 0x0027, 0x0027, 0x0028, 0x0028, 0x0028,
  0x0028, 0x0028, 0x0028, 0x0029, 0x0029, 0x0029, 0x0029, 0x0029, 0x0049, 0x0049, 0x0049, 0x004A,
  0x004A, 0x004A, 0x004A, 0x004A, 0x004B, 0x004B, 0x004B, 0x004B, 0x006B, 0x006B, 0x006B, 0x006C,
  0x006C, 0x006C, 0x006C, 0x006C, 0x006C, 0x006C, 0x008C, 0x008C, 0x008C, 0x008C, 0x008D, 0x008D,
  0x008D, 0x008D, 0x008D, 0x008D, 0x008D, 0x008D, 0x008D, 0x008D, 0x008D, 0x008D, 0x008D, 0x008D,
  0x008D, 0x008D, 0x008D, 0x008D, 0x008C, 0x006C, 0x006C, 0x006C, 0x006C, 0x006C, 0x006C, 0x006C,
  0x006C, 0x006B, 0x006B, 0x006B, 0x006B, 0x006B, 0x006B, 0x004B, 0x004B, 0x004A, 0x004A, 0x004A,
  0x004A, 0x004A, 0x004A, 0x0029, 0x0029, 0x0029, 0x0029, 0x0029, 0x0029, 0x0029, 0x0029, 0x0028,
  0x0028, 0x0028, 0x0028, 0x0028, 0x0008, 0x0007, 0x0007, 0x0007, 0x0007, 0x0007, 0x0007, 0x0007,
  0x0007, 0x0007, 0x0006, 0x0006, 0x0006, 0x0006, 0x0006, 0x0006, 0x0005, 0x0005, 0x0005, 0x0005,
  0x0005, 0x0005, 0x0005, 0x0005, 0x0005, 0x0005, 0x0005, 0x0005, 0x0005, 0x0005, 0x0005, 0x0005,
  0x0005, 0x0005, 0x0005, 0x0005, 0x0005, 0x0005, 0x0005, 0x0005, 0x0005, 0x0005, 0x0005, 0x0005,
  0x0005, 0x0005, 0x0005, 0x0005, 0x0005, 0x0005, 0x0005, 0x0005, 0x0005, 0x0005, 0x0005, 0x0005,
  0x0005, 0x0005, 0x0005, 0x0005, 0x0005, 0x0005, 0x0005, 0x0005, 0x0005, 0x0005, 0x0005, 0x0005,
  0x0005, 0x0005, 0x0005, 0x0005, 0x0006, 0x0005, 0x0006, 0x0005, 0x0006, 0x0006, 0x0006, 0x0006,
  0x0006, 0x0006, 0x0006, 0x0006, 0x0006, 0x0006, 0x0006, 0x0006, 0x0006, 0x0006, 0x0006, 0x0006,
  0x0006, 0x0007, 0x0007, 0x0007, 0x0007, 0x0007, 0x0007, 0x0007, 0x0007, 0x0007, 0x0007, 0x0007,
  0x0807, 0x0807, 0x0807, 0x0807, 0x0808, 0x0808, 0x0808, 0x0808, 0x0808, 0x0808, 0x0808, 0x0808,
  0x0808, 0x0808, 0x0808, 0x0808, 0x0808, 0x0808, 0x0808, 0x0808, 0x0808, 0x0808, 0x0808, 0x0808,
  0x0808, 0x0808, 0x0809, 0x0809, 0x0808, 0x0809, 0x0809, 0x0809, 0x0809, 0x0809, 0x0809, 0x0809,
  0x0809, 0x0809, 0x0808, 0x0809, 0x0809, 0x0808, 0x0808, 0x0808, 0x0808, 0x0808, 0x0808, 0x0808,
  0x0808, 0x0808, 0x0808, 0x0808, 0x0808, 0x0808, 0x0808, 0x0808, 0x0808, 0x0808, 0x0808, 0x0808,
  0x0808, 0x0808, 0x0807, 0x0807, 0x0807, 0x0807, 0x0807, 0x0807, 0x0007, 0x0007, 0x0007, 0x0007,
  0x0007, 0x0007, 0x0007, 0x0007, 0x0007, 0x0006, 0x0007, 0x0006, 0x0006, 0x0006, 0x0006, 0x0006,
  0x0006, 0x0006, 0x0006, 0x0006, 0x0006, 0x0006, 0x0006, 0x0006, 0x0006, 0x0006, 0x0006, 0x0006,
  0x0006, 0x0006, 0x0006, 0x0006, 0x0006, 0x0006, 0x0006, 0x0006, 0x0006, 0x0006, 0x0006, 0x0006,
  0x0006, 0x0006, 0x0006, 0x0006, 0x0006, 0x0007, 0x0007, 0x0007, 0x0007, 0x0007, 0x0007, 0x0007,
  0x0007, 0x0007, 0x0007, 0x0028, 0x0028, 0x0028, 0x0028, 0x0028, 0x0028, 0x0028, 0x0028, 0x0029,
  0x0029, 0x0029, 0x0029, 0x0029, 0x0049, 0x004A, 0x004A, 0x004A, 0x004A, 0x004A, 0x004A, 0x004A,
  0x004B, 0x004B, 0x004B, 0x006B, 0x006B, 0x006B, 0x006B, 0x006C, 0x006C, 0x006C, 0x006C, 0x006C,
  0x008C, 0x008C, 0x008C, 0x008C, 0x008D, 0x008D, 0x008D, 0x008D, 0x008D, 0x008D, 0x008D, 0x008D,
  0x008D, 0x008D, 0x008D, 0x008D, 0x008D, 0x008D, 0x008D, 0x008D, 0x008D, 0x008D, 0x008D, 0x008D,
  0x008D, 0x006C, 0x006C, 0x006C, 0x006C, 0x006C, 0x006C, 0x006C, 0x006C, 0x006C, 0x006C, 0x006C,
  0x006B, 0x006B, 0x006B, 0x004B, 0x004B, 0x004A, 0x004A, 0x004A, 0x004A, 0x004A, 0x004A, 0x0029,
  0x0029, 0x0029, 0x0029, 0x0029, 0x0029, 0x0029, 0x0029, 0x0028, 0x0028, 0x0028, 0x0028, 0x0028,
  0x0008, 0x0008, 0x0007, 0x0007, 0x0007, 0x0007, 0x0007, 0x0007, 0x0007, 0x0007, 0x0007, 0x0006,
  0x0006, 0x0006, 0x0006, 0x0006, 0x0005, 0x0005, 0x0005, 0x0005, 0x0005, 0x0005, 0x0005, 0x0005,
  0x0005, 0x0005, 0x0005, 0x0005, 0x0005, 0x0005, 0x0005, 0x0005, 0x0005, 0x0005, 0x0005, 0x0005,
  0x0005, 0x0005, 0x0005, 0x0005, 0x0005, 0x0005, 0x0005, 0x0005, 0x0005, 0x0005, 0x0005, 0x0005,
  0x0005, 0x0005, 0x0005, 0x0005, 0x0005, 0x0005, 0x0005, 0x0005, 0x0005, 0x0005, 0x0005, 0x0005,
  0x0005, 0x0005, 0x0005, 0x0005, 0x0005, 0x0005, 0x0005, 0x0005, 0x0005, 0x0005, 0x0005, 0x0005,
  0x0006, 0x0005, 0x0006, 0x0006, 0x0006, 0x0006, 0x0006, 0x0006, 0x0006, 0x0006, 0x0006, 0x0006,
  0x0006, 0x0006, 0x0006, 0x0006, 0x0006, 0x0006, 0x0006, 0x0006, 0x0006, 0x0007, 0x0007, 0x0007,
  0x0007, 0x0007, 0x0007, 0x0007, 0x0007, 0x0007, 0x0007, 0x0807, 0x0807, 0x0807, 0x0807, 0x0807,
  0x0807, 0x0808, 0x0808, 0x0808, 0x0808, 0x0808, 0x0808, 0x0808, 0x0808, 0x0808, 0x0808, 0x0808,
  0x0808, 0x0808, 0x0808, 0x0808, 0x0808, 0x0808, 0x0808, 0x0808, 0x0809, 0x0809, 0x0808, 0x0809,
  0x0809, 0x0809, 0x0809, 0x0809, 0x0809, 0x0809, 0x0809, 0x0809, 0x0809, 0x0809, 0x0809, 0x0809,
  0x0808, 0x0809, 0x0809, 0x0808, 0x0808, 0x0808, 0x0808, 0x0808, 0x0808, 0x0808, 0x0808, 0x0808,
  0x0808, 0x0808, 0x0808, 0x0808, 0x0808, 0x0808, 0x0808, 0x0808, 0x0807, 0x0807, 0x0807, 0x0807,
  0x0807, 0x0807, 0x0807, 0x0807, 0x0807, 0x0007, 0x0007, 0x0007, 0x0007, 0x0007, 0x0007, 0x0007,
  0x0007, 0x0007, 0x0006, 0x0006, 0x0006, 0x0006, 0x0006, 0x0006, 0x0006, 0x0006, 0x0006, 0x0006,
  0x0006, 0x0006, 0x0006, 0x0006, 0x0006, 0x0006, 0x0006, 0x0006, 0x0006, 0x0006, 0x0006, 0x0006,
  0x0006, 0x0006, 0x0006, 0x0006, 0x0006, 0x0006, 0x0006, 0x0006, 0x0006, 0x0006, 0x0006, 0x0006,
  0x0007, 0x0007, 0x0007, 0x0007, 0x0007, 0x0007, 0x0007, 0x0007, 0x0027, 0x0007, 0x0027, 0x0028,
  0x0028, 0x0028, 0x0028, 0x0028, 0x0028, 0x0029, 0x0029, 0x0029, 0x0029, 0x0029, 0x0029, 0x0029,
  0x0049, 0x004A, 0x004A, 0x004A, 0x004A, 0x004A, 0x004A, 0x004B, 0x004B, 0x006B, 0x006B, 0x006B,
  0x006B, 0x006B, 0x006C, 0x006C, 0x006C, 0x006C, 0x006C, 0x008C, 0x008C, 0x008D, 0x008D, 0x008D,
  0x008D, 0x008D, 0x008D, 0x008D, 0x008D, 0x008D, 0x008D, 0x008D, 0x008D, 0x008D, 0x008D, 0x008D,
  0x008D, 0x008D, 0x008D, 0x008D, 0x008D, 0x008D, 0x008D, 0x008D, 0x008D, 0x006D, 0x006D, 0x006C,
  0x006C, 0x006C, 0x006C, 0x006C, 0x006C, 0x006C, 0x006C, 0x006C, 0x006C, 0x006B, 0x006B, 0x004B,
  0x004B, 0x004B, 0x004B, 0x004A, 0x004A, 0x004A, 0x004A, 0x002A, 0x004A, 0x0029, 0x0029, 0x0029,
  0x0029, 0x0029, 0x0029, 0x0029, 0x0028, 0x0028, 0x0028, 0x0028, 0x0028, 0x0028, 0x0007, 0x0007,
  0x0007, 0x0007, 0x0007, 0x0007, 0x0007, 0x0007, 0x0007, 0x0007, 0x0006, 0x0006, 0x0006, 0x0006
};
const int Conceito02_width  = 320;
const int Conceito02_height = 240;
