// Conceito01  320 x 240  (RGB565)
const uint16_t Conceito01[] PROGMEM = {
  0xAD55, 0xAD55, 0xAD55, 0xAD55, 0xAD55, 0xAD55, 0xAD55, 0xAD55, 0xAD55, 0xAD55, 0xAD55, 0xAD55,
  0xAD55, 0xAD55, 0xAD55, 0xAD55, 0xAD55, 0xAD55, 0xAD55, 0xAD55, 0xAD55, 0xA555, 0x8D76, 0x65B9,
  0x061C, 0x067F, 0x069F, 0x067F, 0x063C, 0x45FA, 0x65B9, 0x65B9, 0x5DD9, 0x5DD9, 0x5DD9, 0x5DD9,
  0x5DD9, 0x5DD9, 0x5DD9, 0x5DD9, 0x55D9, 0x25FB, 0x063D, 0x067F, 0x069F, 0x069F, 0x065E, 0x061B,
  0x65B9, 0x9576, 0xAD55, 0xAD55, 0xAD55, 0xAD55, 0xAD55, 0xAD55, 0xAD55, 0xAD55, 0xAD55, 0xAD55,
  0xAD55, 0xAD55, 0xAD55, 0xAD55, 0xAD55, 0xAD55, 0xAD55, 0xAD55, 0xAD55, 0xAD55, 0xAD55, 0xAD55,
  0xAD55, 0xAD55, 0xAD55, 0xAD55, 0xAD55, 0xAD55, 0xAD55, 0xAD55, 0xAD55, 0xAD55, 0xAD55, 0xAD55,
  0xAD55, 0xAD55, 0xAD55, 0xAD55, 0xAD55, 0xAD55, 0xAD55, 0xAD55, 0xAD55, 0xAD55, 0xAD55, 0xAD55,
  0xAD55, 0xAD55, 0xAD55, 0xAD55, 0xAD55, 0xAD55, 0xAD55, 0xAD55, 0xAD55, 0xAD55, 0xAD55, 0xAD55,
  0xAD55, 0xAD35, 0xAD35, 0xA535, 0xA535, 0xAD55, 0xAD55, 0xAD55, 0xA554, 0xAD34, 0xAD55, 0x0514,
  0x0514, 0x0534, 0xAD55, 0xA554, 0xA535, 0xAD35, 0xAD35, 0xA534, 0xA534, 0xA534, 0xA534, 0xA534,
  0xA534, 0xA534, 0xA535, 0xAD35, 0xAD35, 0xAD55, 0x3D34, 0x0514, 0x0514, 0x0514, 0x0514, 0x0514,
  0x0514, 0x0514, 0x0514, 0x0534, 0x0514, 0x3D34, 0xAD55, 0xAD34, 0xAD54, 0xAD55, 0xAD55, 0xA555,
  0xA535, 0xAD55, 0xAD55, 0xAD55, 0xAD55, 0xAD55, 0xA554, 0xA554, 0xAD55, 0xA4F4, 0x33F0, 0x04D3,
  0x7555, 0xA555, 0xAD55, 0xAD55, 0xAD55, 0xA534, 0xA534, 0xAD35, 0xAD55, 0x8D55, 0x0474, 0x0434,
  0x0455, 0x0454, 0x0454, 0x0454, 0x0454, 0x0454, 0x0454, 0x0454, 0x0455, 0x0455, 0x0454, 0x0474,
  0x0474, 0x0494, 0x04B4, 0x04B4, 0x04F4, 0x0515, 0x0535, 0x0514, 0x04D4, 0x04B4, 0x0474, 0x0474,
  0x0454, 0x0454, 0x0454, 0x0454, 0x0454, 0x0454, 0x0434, 0x0454, 0x0454, 0x0474, 0x04B4, 0x04D4,
  0x0514, 0x0534, 0x0534, 0x0534, 0x0514, 0x0534, 0x0534, 0x0534, 0x0534, 0x0534, 0x0534, 0x0534,
  0x0534, 0x0534, 0x0534, 0x0534, 0x0534, 0x0534, 0x0534, 0x0534, 0x0534, 0x0534, 0x0534, 0x0534,
  0x0534, 0x0534, 0x0534, 0x0534, 0x0534, 0x0534, 0x0534, 0x0534, 0x0534, 0x0534, 0x0534, 0x0534,
  0x0534, 0x0534, 0x0534, 0x0534, 0x0534, 0x0534, 0x0534, 0x0534, 0x0534, 0x0534, 0x0534, 0x0534,
  0x0534, 0x0534, 0x0534, 0x0534, 0x0534, 0x0534, 0x0534, 0x0514, 0x0514, 0x0514, 0x0514, 0x0514,
  0x0514, 0x0514, 0x0514, 0x0514, 0x0534, 0x0514, 0x0534, 0x0534, 0x0534, 0x0555, 0x0555, 0x0554,
  0x0554, 0x0554, 0x0554, 0x0554, 0x0554, 0x0554, 0x0554, 0x0554, 0x0554, 0x0554, 0x0554, 0x0554,
  0x0554, 0x0554, 0x0554, 0x0554, 0x0554, 0x0554, 0x0554, 0x0554, 0x0554, 0x0554, 0x0554, 0x0554,
  0x0554, 0x0554, 0x0554, 0x0554, 0x0554, 0x0554, 0x0554, 0x0554, 0xAD55, 0xAD55, 0xAD55, 0xAD55,
  0xAD55, 0xAD55, 0xAD55, 0xAD55, 0xAD55, 0xAD55, 0xAD55, 0xAD55, 0xAD55, 0xAD55, 0xAD55, 0xAD55,
  0xAD55, 0xAD55, 0xAD55, 0xA555, 0x9576, 0x65B9, 0x061C, 0x069F, 0x069F, 0x067E, 0x063C, 0x65B9,
  0x9D55, 0xAD55, 0xAD55, 0xAD55, 0xAD55, 0xAD55, 0xAD55, 0xAD55, 0xAD55, 0xAD55, 0xAD55, 0xAD55,
  0xAD55, 0xAD55, 0x7D97, 0x1DFB, 0x065E, 0x067F, 0x069F, 0x069F, 0x067F, 0x3DFA, 0x9D76, 0xAD55,
  0xAD55, 0xAD55, 0xAD55, 0xAD55, 0xAD55, 0xAD55, 0xAD55, 0xAD55, 0xAD55, 0xAD55, 0xAD55, 0xAD55,
  0xAD55, 0xAD55, 0xAD55, 0xAD55, 0xAD55, 0xAD55, 0xAD55, 0xAD55, 0xAD55, 0xAD55, 0xAD55, 0xAD55,
  0xAD55, 0xAD55, 0xAD55, 0xAD55, 0xAD55, 0xAD55, 0xAD55, 0xAD55, 0xAD55, 0xAD55, 0xAD55, 0xAD55,
  0xAD55, 0xAD55, 0xAD55, 0xAD55, 0xAD55, 0xAD55, 0xAD55, 0xAD55, 0xAD55, 0xAD55, 0xAD55, 0xAD55,
  0xAD55, 0xAD55, 0xAD55, 0xAD55, 0xAD55, 0xAD55, 0xAD55, 0xAD55, 0xAD55, 0xAD55, 0xAD55, 0xA535,
  0xA535, 0xAD55, 0xAD55, 0xAD55, 0xA554, 0xAD34, 0xAD55, 0x04F4, 0x0514, 0x0534, 0xAD55, 0xAD34,
  0xAD35, 0xAD35, 0xAD35, 0xA534, 0xA534, 0xA534, 0xA534, 0xA534, 0xA534, 0xA534, 0xA535, 0xAD35,
  0xAD55, 0x7D34, 0x04F3, 0x0514, 0x0514, 0x0514, 0x04F4, 0x0514, 0x0514, 0x0514, 0x0514, 0x0514,
  0x0514, 0x7555, 0xAD35, 0xAD34, 0xAD55, 0xAD55, 0xAD55, 0xAD55, 0xAD55, 0xAD55, 0xAD55, 0xAD55,
  0xAD55, 0xAD55, 0xA535, 0xAD55, 0xAD34, 0x53D0, 0x0471, 0x5D55, 0xA555, 0xAD35, 0xAD55, 0xAD55,
  0xAD55, 0xA534, 0xA534, 0xAD35, 0xAD55, 0x14B4, 0x0413, 0x0454, 0x0454, 0x0454, 0x0454, 0x0454,
  0x0454, 0x0454, 0x0454, 0x0454, 0x0454, 0x0454, 0x0454, 0x0434, 0x0434, 0x0434, 0x0434, 0x0434,
  0x0454, 0x0474, 0x04F4, 0x0555, 0x0534, 0x0515, 0x04F4, 0x04D4, 0x04D4, 0x04D4, 0x04D4, 0x04D4,
  0x04D4, 0x04B4, 0x0494, 0x0474, 0x0454, 0x0434, 0x0434, 0x0434, 0x0454, 0x0494, 0x04F5, 0x0514,
  0x0514, 0x0514, 0x0514, 0x0534, 0x0534, 0x0534, 0x0534, 0x0534, 0x0534, 0x0534, 0x0534, 0x0534,
  0x0534, 0x0534, 0x0534, 0x0534, 0x0534, 0x0534, 0x0534, 0x0534, 0x0534, 0x0534, 0x0534, 0x0534,
  0x0534, 0x0534, 0x0534, 0x0534, 0x0534, 0x0534, 0x0534, 0x0534, 0x0514, 0x0514, 0x0514, 0x0514,
  0x0514, 0x0514, 0x0514, 0x0514, 0x0514, 0x0514, 0x0514, 0x0514, 0x0514, 0x0514, 0x0514, 0x0514,
  0x0514, 0x0514, 0x0515, 0x0514, 0x0514, 0x0514, 0x0514, 0x0514, 0x0514, 0x0514, 0x0534, 0x0534,
  0x0554, 0x0554, 0x0554, 0x0555, 0x0555, 0x0555, 0x0555, 0x0554, 0x0554, 0x0554, 0x0554, 0x0554,
  0x0554, 0x0554, 0x0554, 0x0554, 0x0554, 0x0554, 0x0554, 0x0554, 0x0554, 0x0554, 0x0554, 0x0554,
  0x0554, 0x0554, 0x0554, 0x0554, 0x0554, 0x0554, 0x0554, 0x0554, 0x0554, 0x0554, 0x0554, 0x0554,
  0x0554, 0x0554, 0x0554, 0x0554, 0xAD55, 0xAD55, 0xAD55, 0xAD55, 0xAD55, 0xAD55, 0xAD55, 0xAD55,
  0xAD55, 0xAD55, 0xAD55, 0xAD55, 0xAD55, 0xAD55, 0xAD55, 0xAD55, 0xAD55, 0xAD55, 0xAD55, 0x9D76,
  0x45FA, 0x067F, 0x069F, 0x069F, 0x063C, 0x7D98, 0x9D55, 0xAD55, 0xA555, 0x9D55, 0x9D76, 0x9D55,
  0x9D55, 0xA555, 0xA555, 0xA555, 0xAD55, 0xAD55, 0xAD55, 0xAD55, 0xAD55, 0xAD55, 0xA555, 0xA555,
  0x7D97, 0x061B, 0x067F, 0x069F, 0x069F, 0x067F, 0x1DFB, 0x9D55, 0xAD55, 0xAD55, 0xAD55, 0xAD55,
  0xAD55, 0xAD55, 0xAD55, 0xAD55, 0xAD55, 0xAD55, 0xAD55, 0xAD55, 0xAD55, 0xAD55, 0xAD55, 0xAD55,
  0xAD55, 0xAD55, 0xAD55, 0xAD55, 0xAD55, 0xAD55, 0xAD55, 0xAD55, 0xAD55, 0xAD55, 0xAD55, 0xAD55,
  0xAD55, 0xAD55, 0xAD55, 0xAD55, 0xAD55, 0xAD55, 0xAD55, 0xAD55, 0xAD55, 0xAD55, 0xAD55, 0xAD55,
  0xAD55, 0xAD55, 0xAD55, 0xAD55, 0xAD55, 0xAD55, 0xAD55, 0xAD55, 0xAD55, 0xAD55, 0xAD55, 0xAD55,
  0xAD55, 0xAD55, 0xAD55, 0xAD55, 0xAD55, 0x9CF3, 0x9492, 0xAD55, 0xAD55, 0xAD35, 0xAD35, 0xAD35,
  0xA534, 0xAD54, 0xAD54, 0x04F4, 0x0514, 0x2535, 0xAD35, 0xAD34, 0xA535, 0xAD35, 0xAD35, 0xAD55,
  0xAD55, 0xAD55, 0xAD55, 0xAD55, 0xAD55, 0xAD55, 0xAD35, 0xAD55, 0x9D34, 0x04F3, 0x04F4, 0x0514,
  0x0514, 0x04F4, 0x0514, 0x0535, 0x0514, 0x0514, 0x0514, 0x04F4, 0x0534, 0x8D55, 0xAD34, 0xAD34,
  0xAD34, 0xAD34, 0xAD34, 0xAD34, 0xAD55, 0xAD55, 0xAD55, 0xAD55, 0xAD55, 0xAD54, 0xAD55, 0xAD55,
  0x6C11, 0x0451, 0x4555, 0x9D55, 0xAD35, 0xAD35, 0xAD55, 0xA555, 0xAD55, 0xAD34, 0xAD34, 0xAD55,
  0x6D14, 0x0413, 0x0434, 0x0434, 0x0454, 0x0454, 0x0454, 0x0454, 0x0454, 0x0454, 0x0454, 0x0454,
  0x0434, 0x0434, 0x0434, 0x0435, 0x0434, 0x0434, 0x0435, 0x0434, 0x0434, 0x0434, 0x0454, 0x04B4,
  0x04F4, 0x0514, 0x0514, 0x0514, 0x0514, 0x0514, 0x0534, 0x0514, 0x0514, 0x0515, 0x0515, 0x0514,
  0x04F4, 0x04F4, 0x04D4, 0x0494, 0x0474, 0x0454, 0x0454, 0x04B4, 0x0515, 0x0514, 0x0514, 0x0514,
  0x0514, 0x0514, 0x0514, 0x0514, 0x0514, 0x0514, 0x0514, 0x0514, 0x0514, 0x0514, 0x0514, 0x0514,
  0x0514, 0x0514, 0x0514, 0x0514, 0x0514, 0x0514, 0x0514, 0x0514, 0x0514, 0x0514, 0x0514, 0x0514,
  0x0514, 0x0514, 0x0514, 0x0514, 0x0514, 0x0514, 0x0514, 0x0514, 0x0514, 0x0514, 0x0514, 0x0514,
  0x0514, 0x0514, 0x0514, 0x0514, 0x0514, 0x0514, 0x0514, 0x0514, 0x0514, 0x0514, 0x0514, 0x0514,
  0x0534, 0x0534, 0x0534, 0x0534, 0x0534, 0x0534, 0x0535, 0x0555, 0x0554, 0x0554, 0x0554, 0x0554,
  0x0554, 0x0554, 0x0554, 0x0554, 0x0554, 0x0554, 0x0554, 0x0554, 0x0554, 0x0554, 0x0554, 0x0554,
  0x0554, 0x0554, 0x0554, 0x0554, 0x0554, 0x0554, 0x0555, 0x0554, 0x0554, 0x0554, 0x0554, 0x0554,
  0x0554, 0x0554, 0x0554, 0x0554, 0x0554, 0x0554, 0x0554, 0x0554, 0x0554, 0x0554, 0x0554, 0x0554,
  0xAD55, 0xAD55, 0xAD55, 0xAD55, 0xAD55, 0xAD55, 0xAD55, 0xAD55, 0xAD55, 0xAD55, 0xAD55, 0xAD55,
  0xAD55, 0xAD55, 0xAD55, 0xAD55, 0xAD55, 0xAD55, 0x8D76, 0x061B, 0x067E, 0x069F, 0x063D, 0x65B9,
  0x9576, 0x9576, 0x8597, 0x3DFA, 0x063C, 0x065D, 0x063D, 0x063D, 0x063D, 0x063D, 0x063D, 0x061C,
  0x4DDA, 0x7598, 0x9576, 0xAD55, 0xAD55, 0xAD55, 0xAD55, 0xAD55, 0xA555, 0x9576, 0x7598, 0x063C,
  0x069F, 0x069F, 0x067E, 0x0E1B, 0x9576, 0xAD55, 0xAD55, 0xAD55, 0xAD55, 0xAD55, 0xAD55, 0xAD55,
  0xAD55, 0xAD55, 0xAD55, 0xAD55, 0xAD55, 0xAD55, 0xAD55, 0xAD55, 0xAD55, 0xAD55, 0xAD55, 0xAD55,
  0xAD55, 0xAD55, 0xAD55, 0xAD55, 0xAD55, 0xAD55, 0xAD55, 0xAD55, 0xAD55, 0xAD35, 0xAD35, 0xAD55,
  0xAD55, 0xAD55, 0xAD55, 0xAD35, 0xAD55, 0xAD55, 0xAD55, 0xAD55, 0xAD55, 0xAD55, 0xAD55, 0xAD55,
  0xAD55, 0xAD55, 0xAD55, 0xAD55, 0xAD55, 0xAD55, 0xAD55, 0xAD55, 0xAD55, 0xAD55, 0xAD55, 0xAD55,
  0xAD55, 0x7BCF, 0x1062, 0xA514, 0xAD55, 0xAD35, 0xAD35, 0xAD35, 0xAD35, 0xAD54, 0xAD34, 0x04F4,
  0x0514, 0x5535, 0xAD55, 0xAD35, 0xA535, 0xAD35, 0xAD35, 0xAD55, 0xAD55, 0xAD55, 0xAD55, 0xAD55,
  0xAD35, 0xAD35, 0xAD55, 0xA555, 0x04D4, 0x04F4, 0x0515, 0x04F4, 0x04F4, 0x04F4, 0x0555, 0x7555,
  0x04F4, 0x04F4, 0x0514, 0x04F4, 0x0534, 0x9555, 0xAD34, 0xAD34, 0xAD34, 0xAD34, 0xAD34, 0xAD34,
  0xAD55, 0xAD55, 0xAD55, 0xAD35, 0xAD34, 0xAD54, 0xAD55, 0x8C72, 0x1BF0, 0x2D55, 0x8555, 0xAD55,
  0xAD35, 0xAD35, 0xAD34, 0xAD34, 0xA555, 0xAD34, 0xAD34, 0xA555, 0x0473, 0x0413, 0x0455, 0x0434,
  0x0434, 0x0434, 0x0434, 0x0434, 0x0434, 0x0434, 0x0434, 0x0434, 0x0434, 0x0434, 0x0434, 0x0434,
  0x0434, 0x0434, 0x0434, 0x0434, 0x0434, 0x0434, 0x0434, 0x0434, 0x04B4, 0x0514, 0x04F4, 0x04F4,
  0x0514, 0x04F4, 0x04F5, 0x0515, 0x0514, 0x0515, 0x0515, 0x0514, 0x0514, 0x0514, 0x0515, 0x0514,
  0x0514, 0x04F4, 0x04D4, 0x04D4, 0x04F5, 0x0514, 0x0514, 0x0514, 0x0514, 0x0514, 0x0514, 0x0514,
  0x0514, 0x0514, 0x0514, 0x0514, 0x0514, 0x0514, 0x0514, 0x0514, 0x0514, 0x0514, 0x0514, 0x0514,
  0x0514, 0x0514, 0x0514, 0x0514, 0x0514, 0x0514, 0x0514, 0x0514, 0x0514, 0x0514, 0x0514, 0x0514,
  0x0514, 0x0514, 0x0514, 0x0514, 0x0514, 0x0514, 0x0514, 0x0514, 0x0514, 0x0514, 0x04F4, 0x04F4,
  0x0514, 0x0534, 0x0534, 0x0514, 0x0534, 0x0534, 0x0534, 0x0535, 0x0534, 0x0554, 0x0554, 0x0534,
  0x0535, 0x0535, 0x0535, 0x0535, 0x0554, 0x0554, 0x0554, 0x0554, 0x0554, 0x0554, 0x0554, 0x0554,
  0x0554, 0x0554, 0x0554, 0x0554, 0x0554, 0x0554, 0x0554, 0x0554, 0x0554, 0x0554, 0x0554, 0x0534,
  0x0554, 0x0534, 0x0535, 0x0554, 0x0554, 0x0554, 0x0554, 0x0554, 0x0554, 0x0554, 0x0554, 0x0554,
  0x0555, 0x0555, 0x0555, 0x0555, 0x0554, 0x0554, 0x0554, 0x0554, 0xAD55, 0xAD55, 0xAD55, 0xAD55,
  0xAD55, 0xAD55, 0xAD55, 0xAD55, 0xAD55, 0xAD55, 0xAD55, 0xAD55, 0xAD55, 0xAD55, 0xAD55, 0xAD55,
  0xAD55, 0x8D77, 0x061B, 0x067F, 0x069F, 0x067F, 0x061C, 0x65B9, 0x5DD9, 0x061C, 0x063D, 0x067F,
  0x069F, 0x069F, 0x069F, 0x069F, 0x069F, 0x069F, 0x069F, 0x069F, 0x067E, 0x065D, 0x061C, 0x65B9,
  0x9576, 0xAD55, 0xAD55, 0xAD55, 0xAD55, 0xAD55, 0xAD55, 0x8597, 0x061B, 0x067F, 0x069F, 0x067F,
  0x0E1B, 0x8D76, 0xAD55, 0xAD55, 0xAD55, 0xAD55, 0xAD55, 0xAD55, 0xAD55, 0xAD55, 0xAD55, 0xAD55,
  0xAD55, 0xAD55, 0xAD55, 0xAD55, 0xAD55, 0xAD55, 0xAD55, 0xAD55, 0xAD55, 0xAD55, 0xAD55, 0xAD55,
  0xAD55, 0xAD55, 0xAD55, 0xAD55, 0xAD35, 0xAD35, 0xAD35, 0xAD55, 0x528A, 0x7BAF, 0xAD55, 0xAD35,
  0xAD55, 0xAD55, 0xAD55, 0xAD55, 0xAD55, 0xAD55, 0xAD55, 0xAD55, 0xAD55, 0xAD55, 0xAD55, 0xAD55,
  0xAD55, 0xAD55, 0xAD55, 0xAD55, 0xAD55, 0xAD55, 0xAD55, 0xAD55, 0xAD55, 0x9492, 0x0000, 0x3186,
  0xAD55, 0xAD55, 0xAD35, 0xA535, 0xAD35, 0xAD35, 0xA534, 0x04F4, 0x0514, 0x6D35, 0xAD55, 0xA534,
  0xA534, 0xAD55, 0xAD55, 0xAD55, 0xAD55, 0xAD55, 0xAD35, 0xAD35, 0xAD35, 0xAD35, 0xAD55, 0x04F4,
  0x04F4, 0x0515, 0x04F5, 0x04F4, 0x04F4, 0x0534, 0x9D55, 0xAD55, 0x04F3, 0x04F4, 0x0515, 0x04F4,
  0x0514, 0x7D55, 0xAD35, 0xAD35, 0xAD35, 0xAD35, 0xAD35, 0xAD35, 0xAD55, 0xAD55, 0xAD55, 0xAD35,
  0xAD35, 0xAD55, 0x94D3, 0x43F0, 0x4514, 0x7D55, 0x9D55, 0xAD35, 0xAD34, 0xAD34, 0xAD34, 0xAD34,
  0xA534, 0xAD34, 0xAD55, 0x24D4, 0x03F3, 0x0414, 0x0435, 0x0434, 0x0434, 0x0434, 0x0434, 0x0435,
  0x0434, 0x0434, 0x0434, 0x0434, 0x0434, 0x0434, 0x0434, 0x0434, 0x0434, 0x0434, 0x0434, 0x0434,
  0x0434, 0x0434, 0x0434, 0x0434, 0x04B4, 0x0515, 0x0515, 0x0514, 0x0514, 0x04B4, 0x0434, 0x0454,
  0x04B4, 0x04D4, 0x04F5, 0x0515, 0x0514, 0x0514, 0x0514, 0x0514, 0x0514, 0x0514, 0x0514, 0x0514,
  0x04F5, 0x0514, 0x0514, 0x04F4, 0x0514, 0x0514, 0x0514, 0x0514, 0x0514, 0x0514, 0x0514, 0x0514,
  0x0514, 0x0514, 0x0514, 0x0514, 0x0514, 0x0514, 0x0514, 0x0514, 0x0514, 0x0514, 0x0514, 0x0514,
  0x0514, 0x0514, 0x0514, 0x0514, 0x0514, 0x0514, 0x0514, 0x0514, 0x0514, 0x0514, 0x0514, 0x0514,
  0x0514, 0x0514, 0x0514, 0x04F4, 0x0514, 0x04F4, 0x04F4, 0x0534, 0x0555, 0x0555, 0x0534, 0x0554,
  0x0554, 0x0554, 0x0554, 0x0554, 0x0554, 0x0554, 0x0554, 0x0554, 0x0554, 0x0534, 0x0554, 0x0554,
  0x0535, 0x0534, 0x0534, 0x0534, 0x0554, 0x0554, 0x0554, 0x0554, 0x0554, 0x0554, 0x0554, 0x0554,
  0x0554, 0x0554, 0x0554, 0x0554, 0x0554, 0x0554, 0x0534, 0x0534, 0x0534, 0x0534, 0x0534, 0x0534,
  0x0534, 0x0554, 0x0554, 0x0554, 0x0554, 0x0554, 0x0554, 0x0554, 0x0554, 0x0554, 0x0554, 0x0554,
  0x0554, 0x0554, 0x0554, 0x0554, 0xAD55, 0xAD55, 0xAD55, 0xAD55, 0xAD55, 0xAD55, 0xAD55, 0xAD55,
  0xAD55, 0xAD55, 0xAD55, 0xAD55, 0xAD55, 0xAD55, 0xAD55, 0xA555, 0x8D76, 0x061C, 0x067F, 0x069F,
  0x069F, 0x067F, 0x065D, 0x065D, 0x067F, 0x069F, 0x069F, 0x069F, 0x069F, 0x069F, 0x069F, 0x069F,
  0x069F, 0x069F, 0x069F, 0x069F, 0x069F, 0x069F, 0x069F, 0x065E, 0x2DFB, 0x7D97, 0x9D76, 0xAD55,
  0xAD55, 0xAD55, 0xAD55, 0xAD55, 0x8D77, 0x061B, 0x067F, 0x069F, 0x069F, 0x0E1B, 0x9576, 0xAD55,
  0xAD55, 0xAD55, 0xAD55, 0xAD55, 0xAD55, 0xAD55, 0xAD55, 0xAD55, 0xAD55, 0xAD55, 0xAD55, 0xAD55,
  0xAD55, 0xAD55, 0xAD55, 0xAD55, 0xAD55, 0xAD55, 0xAD55, 0xAD55, 0xAD55, 0xAD55, 0xAD55, 0xAD55,
  0xAD35, 0xAD35, 0xAD55, 0xAD55, 0x1082, 0x4208, 0xAD55, 0xAD55, 0xAD55, 0xAD55, 0xAD55, 0xAD55,
  0xAD55, 0xAD55, 0xAD55, 0xAD55, 0xAD55, 0xAD55, 0xAD55, 0xAD55, 0xAD55, 0xAD55, 0xAD55, 0xAD55,
  0xAD55, 0xAD55, 0xAD55, 0xAD55, 0xAD55, 0xAD55, 0x39C7, 0x0000, 0x7BCF, 0xAD55, 0xAD35, 0xA535,
  0xA535, 0xAD35, 0xA534, 0x04D4, 0x04F4, 0x7555, 0xAD55, 0xAD34, 0xAD34, 0xAD55, 0xAD55, 0xAD55,
  0xAD55, 0xAD55, 0xAD35, 0xA535, 0xAD35, 0xAD55, 0x04F4, 0x04D3, 0x04F4, 0x04F4, 0x04F4, 0x04F4,
  0x0534, 0x7555, 0xAD55, 0xAD55, 0x04F4, 0x04D4, 0x04F4, 0x04F4, 0x04F4, 0x6535, 0xAD35, 0xAD35,
  0xAD35, 0xAD35, 0xA535, 0xA535, 0xAD55, 0xAD55, 0xAD55, 0xAD35, 0xAD55, 0xA534, 0x5C31, 0x3CD3,
  0x7D55, 0x9555, 0xA555, 0xAD54, 0xAD34, 0xAD35, 0xAD35, 0xAD35, 0xAD34, 0xAD55, 0x7D34, 0x0433,
  0x0414, 0x0435, 0x0414, 0x0414, 0x0434, 0x0434, 0x0414, 0x0434, 0x0434, 0x0434, 0x0434, 0x0434,
  0x0414, 0x0414, 0x0434, 0x0434, 0x0434, 0x0434, 0x0434, 0x0434, 0x0434, 0x0434, 0x0434, 0x0414,
  0x0454, 0x04B4, 0x0515, 0x0515, 0x0514, 0x04D4, 0x0414, 0x03F4, 0x0434, 0x0454, 0x0474, 0x0494,
  0x04B4, 0x04D4, 0x04F4, 0x04F4, 0x0514, 0x0514, 0x0514, 0x04F4, 0x04F4, 0x04F4, 0x04F4, 0x0514,
  0x0514, 0x04F4, 0x04F4, 0x04F4, 0x04F4, 0x04F4, 0x04F4, 0x04F4, 0x04F4, 0x04F4, 0x04F4, 0x04F4,
  0x04F4, 0x04F4, 0x04F4, 0x04F4, 0x04F4, 0x04F4, 0x04F4, 0x04F4, 0x04F4, 0x04F4, 0x04F4, 0x04F4,
  0x04F4, 0x04F4, 0x04F4, 0x04F4, 0x04F4, 0x04F4, 0x04F4, 0x04F4, 0x04F4, 0x04F4, 0x04F4, 0x04F4,
  0x04F4, 0x04F4, 0x0514, 0x0555, 0x0554, 0x0534, 0x0554, 0x0534, 0x0534, 0x0534, 0x0534, 0x0534,
  0x0554, 0x0554, 0x0554, 0x0554, 0x0554, 0x0554, 0x0554, 0x0554, 0x0534, 0x0534, 0x0534, 0x0534,
  0x0554, 0x0554, 0x0554, 0x0554, 0x0554, 0x0554, 0x0554, 0x0554, 0x0554, 0x0554, 0x0554, 0x0554,
  0x0554, 0x0554, 0x0534, 0x0534, 0x0534, 0x0534, 0x0534, 0x0534, 0x0534, 0x0534, 0x0554, 0x0554,
  0x0534, 0x0554, 0x0554, 0x0554, 0x0554, 0x0554, 0x0554, 0x0554, 0x0554, 0x0554, 0x0554, 0x0554,
  0xAD55, 0xAD55, 0xAD55, 0xAD55, 0xAD55, 0xAD55, 0xAD55, 0xAD55, 0xAD55, 0xAD55, 0xAD55, 0xAD55,
  0xAD55, 0xAD55, 0xAD55, 0x9576, 0x25FB, 0x069F, 0x069F, 0x069F, 0x069F, 0x069F, 0x069F, 0x069F,
  0x069F, 0x069F, 0x069F, 0x069F, 0x069F, 0x069F, 0x069F, 0x069F, 0x069F, 0x069F, 0x069F, 0x069F,
  0x069F, 0x069F, 0x069F, 0x069F, 0x069F, 0x065E, 0x45DA, 0x8D76, 0xA555, 0xAD55, 0xAD55, 0xAD55,
  0xAD55, 0x9576, 0x061B, 0x067F, 0x069F, 0x069F, 0x061B, 0x9576, 0xA555, 0xAD55, 0xAD55, 0xAD55,
  0xAD55, 0xAD55, 0xAD55, 0xAD55, 0xAD55, 0xAD55, 0xAD55, 0xAD55, 0xAD55, 0xAD55, 0xAD55, 0xAD55,
  0xAD55, 0xAD55, 0xAD55, 0xAD55, 0xAD55, 0xAD55, 0xAD55, 0xAD55, 0xAD55, 0xAD55, 0xAD55, 0xAD55,
  0x41E8, 0x1082, 0xAD55, 0xAD55, 0xAD55, 0xAD55, 0xAD55, 0xAD55, 0xAD55, 0xAD55, 0xAD55, 0xAD55,
  0xAD55, 0xAD55, 0xAD55, 0xAD55, 0xAD55, 0xAD55, 0xAD55, 0xAD55, 0xAD55, 0xAD55, 0xAD55, 0xAD55,
  0xAD55, 0xAD55, 0x8410, 0x0000, 0x0000, 0xA535, 0xAD55, 0xA535, 0xA535, 0xAD55, 0xA535, 0x04D4,
  0x04F4, 0x6D55, 0xAD55, 0xAD34, 0xAD34, 0xAD35, 0xAD55, 0xAD55, 0xAD55, 0xAD55, 0xA555, 0xAD55,
  0xAD55, 0x2CF4, 0x04D3, 0x04F4, 0x04F4, 0x04F4, 0x04F4, 0x0534, 0x8555, 0xA555, 0xAD35, 0xAD55,
  0x2514, 0x04F4, 0x04F4, 0x04F4, 0x04D4, 0x3535, 0xAD55, 0xAD35, 0xA535, 0xA535, 0xA535, 0xA535,
  0xAD55, 0xAD55, 0xAD55, 0xAD35, 0xAD35, 0x7492, 0x3CD3, 0x6D55, 0x9555, 0xA555, 0xAD34, 0xAD34,
  0xAD35, 0xAD35, 0xAD35, 0xAD35, 0xAD35, 0xAD55, 0x04F4, 0x0494, 0x0495, 0x0494, 0x0474, 0x0474,
  0x0494, 0x0494, 0x0474, 0x0434, 0x0414, 0x0414, 0x0414, 0x0434, 0x0454, 0x0434, 0x0414, 0x0414,
  0x0414, 0x0434, 0x0434, 0x0434, 0x0434, 0x0434, 0x0434, 0x0434, 0x0414, 0x0434, 0x0474, 0x04B4,
  0x04F5, 0x04F4, 0x04D4, 0x0454, 0x0414, 0x0414, 0x0414, 0x0414, 0x0414, 0x0434, 0x0454, 0x0455,
  0x0494, 0x04B4, 0x0494, 0x0474, 0x0454, 0x0454, 0x0474, 0x0494, 0x04D4, 0x04F4, 0x04F4, 0x04F4,
  0x04F4, 0x04F4, 0x04F4, 0x04F4, 0x04F4, 0x04F4, 0x04F4, 0x04F4, 0x04F4, 0x04F4, 0x04F4, 0x04F4,
  0x04F4, 0x04F4, 0x04F4, 0x04F4, 0x04F4, 0x04F4, 0x04F4, 0x04F4, 0x04F4, 0x04F4, 0x04F4, 0x04F4,
  0x04F4, 0x04F4, 0x04F4, 0x04F4, 0x04F4, 0x04F4, 0x04F4, 0x04F4, 0x04F4, 0x0514, 0x0555, 0x0555,
  0x0534, 0x0534, 0x0534, 0x0534, 0x0534, 0x0534, 0x0534, 0x0534, 0x0554, 0x0534, 0x0534, 0x0534,
  0x0534, 0x0534, 0x0554, 0x0554, 0x0534, 0x0534, 0x0534, 0x0534, 0x0554, 0x0554, 0x0554, 0x0554,
  0x0554, 0x0554, 0x0554, 0x0554, 0x0554, 0x0555, 0x0555, 0x0555, 0x0555, 0x0554, 0x0554, 0x0534,
  0x0534, 0x0534, 0x0534, 0x0534, 0x0534, 0x0534, 0x0554, 0x0554, 0x0535, 0x0534, 0x0554, 0x0554,
  0x0534, 0x0534, 0x0555, 0x0535, 0x0554, 0x0554, 0x0554, 0x0555, 0xAD55, 0xAD55, 0xAD55, 0xAD55,
  0xAD55, 0xAD55, 0xAD55, 0xAD55, 0xAD55, 0xAD55, 0xAD55, 0xAD55, 0xAD55, 0xAD55, 0xA555, 0x65B9,
  0x067F, 0x069F, 0x069F, 0x069F, 0x069F, 0x069F, 0x069F, 0x069F, 0x069F, 0x069F, 0x069F, 0x069F,
  0x069F, 0x069F, 0x069F, 0x069F, 0x069F, 0x069F, 0x069F, 0x069F, 0x069F, 0x069F, 0x069F, 0x069F,
  0x069F, 0x069F, 0x067F, 0x063D, 0x7D98, 0xAD55, 0xAD55, 0xAD55, 0xAD55, 0xA555, 0x9576, 0x061B,
  0x067F, 0x069F, 0x067F, 0x061B, 0xA555, 0xAD55, 0xAD55, 0xAD55, 0xAD55, 0xAD55, 0xAD55, 0xAD55,
  0xAD55, 0xAD55, 0xAD55, 0xAD55, 0xAD55, 0xAD55, 0xAD55, 0xAD55, 0xAD55, 0xAD55, 0xAD55, 0xAD55,
  0xAD55, 0xAD55, 0xAD55, 0xAD55, 0xAD55, 0xAD55, 0xAD55, 0xAD55, 0x6B6D, 0x0000, 0x9CB3, 0xAD55,
  0xAD55, 0xAD55, 0xAD55, 0xAD55, 0xAD55, 0xAD55, 0xAD55, 0xAD55, 0xAD55, 0xAD55, 0xAD55, 0xAD55,
  0xAD55, 0xAD55, 0xAD55, 0xAD55, 0xAD55, 0xAD55, 0xAD55, 0xAD55, 0xAD55, 0xAD55, 0xA514, 0x0821,
  0x0000, 0x526A, 0xAD55, 0xAD55, 0xA534, 0xAD55, 0xA534, 0x04D4, 0x04F4, 0x6D34, 0xAD35, 0xAD34,
  0xA534, 0xAD55, 0xAD55, 0xAD34, 0xAD34, 0xAD34, 0xAD35, 0xAD55, 0x6514, 0x04B3, 0x04F4, 0x04F5,
  0x04F4, 0x04D4, 0x0514, 0x5D55, 0xA555, 0xAD35, 0xAD34, 0xAD55, 0x4D14, 0x04D4, 0x04F4, 0x04D4,
  0x04D4, 0x0534, 0xAD55, 0xAD35, 0xAD35, 0xAD35, 0xAD35, 0xAD35, 0xAD35, 0xA535, 0xAD35, 0xAD55,
  0x8CD4, 0x4C93, 0x5D55, 0x8555, 0xA555, 0xAD35, 0xAD35, 0xAD35, 0xAD34, 0xAD35, 0xAD35, 0xAD35,
  0xAD55, 0x5534, 0x04D4, 0x04F5, 0x04F5, 0x04F5, 0x04F5, 0x04D4, 0x04F4, 0x04F4, 0x04D4, 0x04B4,
  0x0474, 0x0454, 0x0454, 0x0494, 0x04D4, 0x04B5, 0x0474, 0x0434, 0x0414, 0x0414, 0x0414, 0x0414,
  0x0414, 0x0414, 0x0414, 0x0414, 0x0414, 0x0414, 0x0414, 0x0414, 0x0454, 0x04B4, 0x04B4, 0x0434,
  0x0414, 0x0414, 0x0414, 0x0414, 0x0414, 0x0414, 0x0414, 0x0414, 0x0414, 0x0414, 0x0414, 0x0414,
  0x0414, 0x0414, 0x0414, 0x03F4, 0x0435, 0x04D4, 0x04F4, 0x04F4, 0x04F4, 0x04F4, 0x04F4, 0x04F4,
  0x04F4, 0x04F4, 0x04F4, 0x04F4, 0x04F4, 0x04F4, 0x04F4, 0x04F4, 0x04F4, 0x04F4, 0x04F4, 0x04F4,
  0x04F4, 0x04F4, 0x04F4, 0x04F4, 0x04F4, 0x04F4, 0x04F4, 0x04F4, 0x04F4, 0x04F4, 0x04F4, 0x04F4,
  0x04F4, 0x04F4, 0x04F4, 0x04F4, 0x0534, 0x0555, 0x0535, 0x0535, 0x0534, 0x0534, 0x0554, 0x0554,
  0x0554, 0x0554, 0x0554, 0x0554, 0x0554, 0x0554, 0x0554, 0x0554, 0x0554, 0x0554, 0x0554, 0x0554,
  0x0534, 0x0534, 0x0534, 0x0534, 0x0534, 0x0554, 0x0554, 0x0555, 0x0555, 0x0554, 0x0554, 0x0534,
  0x0534, 0x0534, 0x0534, 0x0514, 0x0514, 0x0555, 0x0555, 0x0554, 0x0554, 0x0554, 0x0555, 0x0534,
  0x0534, 0x0554, 0x0554, 0x0554, 0x0555, 0x0535, 0x0534, 0x0534, 0x0555, 0x0555, 0x0554, 0x0534,
  0x0554, 0x0554, 0x0554, 0x0554, 0xAD55, 0xAD55, 0xAD55, 0xAD55, 0xAD55, 0xAD55, 0xAD55, 0xAD55,
  0xAD55, 0xAD55, 0xAD55, 0xAD55, 0xAD55, 0xAD55, 0x75B8, 0x065E, 0x069F, 0x069F, 0x069F, 0x069F,
  0x069F, 0x069F, 0x069F, 0x069F, 0x069F, 0x069F, 0x069F, 0x069F, 0x069F, 0x069F, 0x069F, 0x069F,
  0x069F, 0x069F, 0x069F, 0x069F, 0x069F, 0x069F, 0x069F, 0x069F, 0x069F, 0x069F, 0x069F, 0x067F,
  0x063C, 0x8597, 0xAD55, 0xAD55, 0xAD55, 0xAD55, 0xAD55, 0x9576, 0x061C, 0x067F, 0x069F, 0x065E,
  0x6DB8, 0xA555, 0xAD55, 0xAD55, 0xAD55, 0xAD55, 0xAD55, 0xAD55, 0xAD55, 0xAD55, 0xAD55, 0xAD55,
  0xAD55, 0xAD55, 0xAD55, 0xAD55, 0xAD55, 0xAD55, 0xAD55, 0xAD55, 0xAD55, 0xAD55, 0xAD55, 0xAD55,
  0xAD55, 0xAD55, 0xAD55, 0xAD55, 0x9CD3, 0x0000, 0x738E, 0xAD55, 0xAD55, 0xAD55, 0xAD55, 0xAD55,
  0xAD55, 0xAD55, 0xAD55, 0xAD55, 0xAD55, 0xAD55, 0xAD55, 0xAD55, 0xAD55, 0xAD55, 0xAD55, 0xAD55,
  0xAD55, 0xAD55, 0xAD55, 0xAD55, 0xAD55, 0xAD55, 0xAD55, 0x5AAB, 0x0000, 0x0000, 0x7BAF, 0xAD55,
  0xA555, 0xAD55, 0xA534, 0x04D4, 0x04F4, 0x7534, 0xAD55, 0xAD34, 0xA534, 0xAD55, 0xAD55, 0xAD34,
  0xAD34, 0xAD35, 0xAD55, 0x5D14, 0x0493, 0x04D4, 0x04F5, 0x04F4, 0x04D4, 0x0514, 0x5D55, 0x9D55,
  0xAD55, 0xAD35, 0xAD35, 0xAD55, 0x7534, 0x04D4, 0x04D4, 0x04D4, 0x04D4, 0x0514, 0xAD55, 0xAD35,
  0xAD35, 0xAD35, 0xAD35, 0xAD35, 0xAD35, 0xA535, 0xAD55, 0x9D14, 0x5CD3, 0x4D34, 0x7D55, 0x9D55,
  0xAD35, 0xAD35, 0xAD35, 0xAD55, 0xAD54, 0xAD35, 0xAD35, 0xAD55, 0x8534, 0x0493, 0x0494, 0x04B4,
  0x04B4, 0x04D4, 0x04D4, 0x04F4, 0x04F4, 0x04F4, 0x04F4, 0x04F4, 0x04F4, 0x04F4, 0x04D4, 0x04F5,
  0x04F5, 0x04F4, 0x04F4, 0x04B5, 0x0474, 0x0434, 0x0414, 0x03F4, 0x0414, 0x0414, 0x0414, 0x0414,
  0x0414, 0x0414, 0x0414, 0x0414, 0x0414, 0x0414, 0x0414, 0x0414, 0x0414, 0x0414, 0x0414, 0x0414,
  0x0414, 0x0415, 0x0415, 0x0415, 0x0415, 0x0415, 0x0415, 0x0415, 0x0414, 0x0414, 0x0414, 0x0414,
  0x0434, 0x04B4, 0x04F4, 0x04F4, 0x04F4, 0x04D4, 0x04D4, 0x04D4, 0x04F4, 0x04F4, 0x04F4, 0x04F4,
  0x04F4, 0x04F4, 0x04F4, 0x04F4, 0x04F4, 0x04F4, 0x04F4, 0x04F4, 0x04D4, 0x04D4, 0x04D4, 0x04D4,
  0x04D4, 0x04D4, 0x04D4, 0x04D4, 0x04D4, 0x04D4, 0x04D4, 0x04F4, 0x04F4, 0x04F4, 0x0534, 0x0534,
  0x0555, 0x0534, 0x0535, 0x0535, 0x0534, 0x0534, 0x0554, 0x0554, 0x0554, 0x0554, 0x0554, 0x0554,
  0x0554, 0x0534, 0x0534, 0x0534, 0x0534, 0x0554, 0x0554, 0x0554, 0x0534, 0x0534, 0x0534, 0x0554,
  0x0555, 0x0555, 0x0554, 0x0534, 0x0534, 0x0514, 0x0514, 0x0514, 0x0514, 0x0514, 0x0514, 0x04F4,
  0x04D4, 0x04F4, 0x0555, 0x0555, 0x0554, 0x0555, 0x0554, 0x0554, 0x0554, 0x0554, 0x0554, 0x0554,
  0x0534, 0x0534, 0x0555, 0x0535, 0x0555, 0x0555, 0x0554, 0x0554, 0x0554, 0x0554, 0x0554, 0x0554,
  0xAD55, 0xAD55, 0xAD55, 0xAD55, 0xAD55, 0xAD55, 0xAD55, 0xAD55, 0xAD55, 0xAD55, 0xAD55, 0xAD55,
  0xAD55, 0x8D76, 0x061C, 0x069F, 0x069F, 0x069F, 0x069F, 0x069F, 0x069F, 0x069F, 0x069F, 0x069F,
  0x069F, 0x069F, 0x069F, 0x069F, 0x069F, 0x069F, 0x069F, 0x069F, 0x069F, 0x069F, 0x069F, 0x069F,
  0x069F, 0x069F, 0x069F, 0x069F, 0x069F, 0x069F, 0x069F, 0x069F, 0x067F, 0x061C, 0x8D76, 0xAD55,
  0xAD55, 0xAD55, 0xAD55, 0xAD55, 0x8597, 0x063D, 0x069F, 0x069F, 0x063D, 0x8D76, 0xAD55, 0xAD55,
  0xAD55, 0xAD55, 0xAD55, 0xAD55, 0xAD55, 0xAD55, 0xAD55, 0xAD55, 0xAD55, 0xAD55, 0xAD55, 0xAD55,
  0xAD55, 0xAD55, 0xAD55, 0xAD55, 0xAD55, 0xAD55, 0xAD55, 0xAD55, 0xAD55, 0xAD55, 0xAD55, 0xAD55,
  0xAD55, 0x0841, 0x4A69, 0xAD55, 0xAD55, 0xAD55, 0xAD55, 0xAD55, 0xAD55, 0xAD55, 0xAD55, 0xAD55,
  0xAD55, 0xAD55, 0xAD55, 0xAD55, 0xAD55, 0xAD55, 0xAD55, 0xAD55, 0xAD55, 0xAD55, 0xAD55, 0xAD55,
  0xAD55, 0xAD35, 0xAD55, 0x9CB3, 0x0000, 0x0000, 0x1041, 0xAD55, 0xAD55, 0xAD55, 0xA534, 0x04D4,
  0x04F4, 0x7D35, 0xAD54, 0xAD54, 0xAD55, 0xAD55, 0xAD55, 0xAD35, 0xAD35, 0xAD55, 0x8534, 0x04B3,
  0x04D4, 0x04F4, 0x04F4, 0x04D4, 0x0514, 0x2555, 0x9D55, 0xAD55, 0xAD35, 0xA535, 0xAD35, 0xAD55,
  0x8D34, 0x04D4, 0x04D4, 0x04F5, 0x04D4, 0x0514, 0xA555, 0xAD35, 0xAD35, 0xAD35, 0xAD35, 0xAD35,
  0xAD35, 0xAD55, 0xA534, 0x64D3, 0x4514, 0x7D55, 0x9D35, 0xAD35, 0xAD35, 0xAD35, 0xAD35, 0xAD55,
  0xAD54, 0xAD35, 0xAD35, 0xAD55, 0x04F4, 0x0433, 0x0434, 0x0435, 0x0454, 0x0454, 0x0454, 0x04B4,
  0x04F5, 0x04F4, 0x04F4, 0x04F4, 0x04F4, 0x04F4, 0x04F4, 0x04F4, 0x04F4, 0x04F4, 0x04F4, 0x04F4,
  0x04D5, 0x04D4, 0x0494, 0x0454, 0x0434, 0x0414, 0x0414, 0x0414, 0x0414, 0x0414, 0x0414, 0x0414,
  0x0414, 0x0414, 0x0415, 0x0414, 0x0414, 0x0414, 0x0414, 0x0434, 0x0434, 0x0415, 0x0414, 0x0414,
  0x0414, 0x0414, 0x0415, 0x0415, 0x0415, 0x0415, 0x0414, 0x0434, 0x04B4, 0x04F4, 0x04D4, 0x04D4,
  0x04D4, 0x04D4, 0x04D4, 0x04F4, 0x04F4, 0x0494, 0x0474, 0x0494, 0x04D5, 0x04F5, 0x04F5, 0x04F4,
  0x04F4, 0x04D4, 0x04D4, 0x04D4, 0x04D4, 0x04D4, 0x04D4, 0x04D4, 0x04D4, 0x04D4, 0x04D4, 0x04D4,
  0x04D4, 0x04D4, 0x04D4, 0x04D4, 0x04F4, 0x0534, 0x0555, 0x0554, 0x0554, 0x0554, 0x0554, 0x0554,
  0x0534, 0x0534, 0x0554, 0x0554, 0x0554, 0x0554, 0x0554, 0x0554, 0x0554, 0x0534, 0x0534, 0x0534,
  0x0534, 0x0554, 0x0554, 0x0554, 0x0534, 0x0534, 0x0554, 0x0555, 0x0515, 0x04F4, 0x04F4, 0x04F4,
  0x04F4, 0x0514, 0x0514, 0x0534, 0x0535, 0x0535, 0x0555, 0x0555, 0x0514, 0x04F4, 0x04F3, 0x0514,
  0x0534, 0x0534, 0x0534, 0x0554, 0x0554, 0x0554, 0x0534, 0x0534, 0x0554, 0x0554, 0x0554, 0x0555,
  0x0554, 0x0554, 0x0554, 0x0554, 0x0554, 0x0554, 0x0554, 0x0554, 0xAD55, 0xAD55, 0xAD55, 0xAD55,
  0xAD55, 0xAD55, 0xAD55, 0xAD55, 0xAD55, 0xAD55, 0xAD55, 0xAD55, 0xA555, 0x3DFA, 0x067F, 0x069F,
  0x069F, 0x069F, 0x069F, 0x069F, 0x069F, 0x069F, 0x069F, 0x069F, 0x069F, 0x069F, 0x069F, 0x069F,
  0x069F, 0x069F, 0x069F, 0x069F, 0x069F, 0x069F, 0x069F, 0x069F, 0x069F, 0x069F, 0x069F, 0x069F,
  0x069F, 0x069F, 0x069F, 0x069F, 0x069F, 0x069F, 0x061B, 0x9576, 0xAD55, 0xAD55, 0xAD55, 0xAD55,
  0xAD55, 0x4DDA, 0x067F, 0x069F, 0x069F, 0x5DD9, 0xA555, 0xAD55, 0xAD55, 0xAD55, 0xAD55, 0xAD55,
  0xAD55, 0xAD55, 0xAD55, 0xAD55, 0xAD55, 0xAD55, 0xAD55, 0xAD55, 0xAD55, 0xAD55, 0xAD55, 0xAD55,
  0xAD55, 0xAD55, 0xAD55, 0xAD55, 0xAD55, 0xAD55, 0xAD55, 0xAD55, 0xAD55, 0x39A7, 0x2104, 0xAD55,
  0xAD55, 0xAD55, 0xAD35, 0xAD55, 0xAD55, 0xAD55, 0xAD55, 0xAD55, 0xAD55, 0xAD55, 0xAD55, 0xAD55,
  0xAD55, 0xAD55, 0xAD55, 0xAD55, 0xAD55, 0xAD55, 0xAD55, 0xAD55, 0xAD55, 0xAD35, 0xAD55, 0xAD55,
  0x39A7, 0x0000, 0x0000, 0x5ACB, 0xAD55, 0xAD55, 0xA534, 0x04D4, 0x04F4, 0x7D55, 0xAD54, 0xAD34,
  0xAD55, 0xAD35, 0xA555, 0xAD35, 0xAD55, 0x8534, 0x0493, 0x04B4, 0x04F4, 0x04D5, 0x04D4, 0x04F4,
  0x0555, 0x8D55, 0xAD55, 0xAD35, 0xAD35, 0xA534, 0xAD34, 0xAD55, 0x6514, 0x04B4, 0x04D4, 0x04D4,
  0x04D5, 0x04F4, 0x8555, 0xAD55, 0xAD35, 0xA535, 0xAD35, 0xAD35, 0xAD35, 0xAD55, 0x74F4, 0x3D14,
  0x7555, 0x9D55, 0xAD35, 0xAD35, 0xAD35, 0xAD35, 0xAD35, 0xAD55, 0xAD54, 0xAD35, 0xAD55, 0x6D34,
  0x04B4, 0x04B4, 0x0454, 0x0414, 0x0414, 0x0414, 0x0414, 0x0434, 0x0474, 0x0494, 0x0495, 0x04D4,
  0x04D5, 0x04D5, 0x04D5, 0x04F4, 0x04F4, 0x04D4, 0x04D4, 0x04D4, 0x04D4, 0x04D4, 0x04F5, 0x04D5,
  0x04B4, 0x0494, 0x0474, 0x0454, 0x0414, 0x0414, 0x0415, 0x0414, 0x0414, 0x0414, 0x03F5, 0x0414,
  0x0414, 0x0414, 0x0414, 0x0494, 0x04B5, 0x0494, 0x0474, 0x0454, 0x0434, 0x0434, 0x0414, 0x0414,
  0x03F4, 0x03F4, 0x0414, 0x0414, 0x0494, 0x04F4, 0x04F4, 0x04D4, 0x04D4, 0x04D4, 0x04B4, 0x0474,
  0x0454, 0x0414, 0x0414, 0x0414, 0x0434, 0x0474, 0x04D5, 0x04F5, 0x04D4, 0x04D4, 0x04D4, 0x04D4,
  0x04D4, 0x04D4, 0x04D4, 0x04D4, 0x04D4, 0x04D4, 0x04D4, 0x04D4, 0x04D4, 0x04D4, 0x04D4, 0x04D4,
  0x04F4, 0x0555, 0x0555, 0x0554, 0x0554, 0x0554, 0x0534, 0x0534, 0x0534, 0x0534, 0x0554, 0x0554,
  0x0554, 0x0554, 0x0554, 0x0554, 0x0554, 0x0534, 0x0534, 0x0534, 0x0534, 0x0554, 0x0554, 0x0534,
  0x0534, 0x0534, 0x0554, 0x0534, 0x0514, 0x04F4, 0x0514, 0x0534, 0x0534, 0x0534, 0x0554, 0x0554,
  0x0554, 0x0534, 0x0534, 0x0534, 0x0554, 0x0534, 0x0513, 0x04F3, 0x04D3, 0x04D4, 0x04D4, 0x04F4,
  0x04F4, 0x04F4, 0x04F4, 0x04F4, 0x0514, 0x0514, 0x0555, 0x0555, 0x0554, 0x0554, 0x0534, 0x0534,
  0x0534, 0x0554, 0x0554, 0x0554, 0xAD55, 0xAD55, 0xAD55, 0xAD55, 0xAD55, 0xAD55, 0xAD55, 0xAD55,
  0xAD55, 0xAD55, 0xAD55, 0xA555, 0x8597, 0x065D, 0x069F, 0x069F, 0x069F, 0x069F, 0x069F, 0x069F,
  0x069F, 0x069F, 0x069F, 0x069F, 0x069F, 0x069F, 0x069F, 0x069F, 0x069F, 0x069F, 0x069F, 0x069F,
  0x069F, 0x069F, 0x069F, 0x069F, 0x069F, 0x069F, 0x069F, 0x069F, 0x069F, 0x069F, 0x069F, 0x069F,
  0x069F, 0x069F, 0x069F, 0x45DA, 0x9576, 0xAD55, 0xAD55, 0xA555, 0xAD55, 0x8597, 0x063C, 0x069F,
  0x069F, 0x063D, 0x8597, 0xAD55, 0xAD55, 0xAD55, 0xAD55, 0xAD55, 0xAD55, 0xAD55, 0xAD55, 0xAD55,
  0xAD55, 0xAD55, 0xAD55, 0xAD55, 0xAD55, 0xAD55, 0xAD55, 0xAD55, 0xAD55, 0xAD55, 0xAD55, 0xAD55,
  0xAD55, 0xAD55, 0xAD55, 0xAD55, 0xAD55, 0x6B4D, 0x0020, 0xA514, 0xAD55, 0xAD35, 0xAD35, 0xAD35,
  0xAD55, 0xAD55, 0xAD55, 0xAD55, 0xAD55, 0xAD55, 0xAD55, 0xAD55, 0xAD55, 0xAD55, 0xAD55, 0xAD55,
  0xAD55, 0xAD55, 0xAD55, 0xAD55, 0xAD55, 0xAD35, 0xAD35, 0xAD55, 0x6B4D, 0x0000, 0x0000, 0x0821,
  0xA534, 0xAD55, 0x9534, 0x04D4, 0x04F4, 0x7D54, 0xAD55, 0xAD34, 0xAD35, 0xAD35, 0xA535, 0xAD55,
  0xA535, 0x04B3, 0x0494, 0x04D4, 0x04D4, 0x04D4, 0x04F4, 0x0535, 0x7555, 0xA555, 0xAD34, 0xAD35,
  0xA534, 0xA534, 0xAD34, 0xAD55, 0x04D4, 0x04B4, 0x04D5, 0x04D4, 0x04D4, 0x04D4, 0x5535, 0xAD55,
  0xAD34, 0xA535, 0xAD35, 0xAD35, 0xAD55, 0x8514, 0x4CF4, 0x6555, 0x9555, 0xA555, 0xAD35, 0xAD35,
  0xAD55, 0xAD55, 0xA535, 0xA535, 0xAD35, 0xAD55, 0x9555, 0x04D4, 0x04B4, 0x04D5, 0x04B4, 0x0434,
  0x03F4, 0x0415, 0x0414, 0x0414, 0x03F4, 0x03F4, 0x03F4, 0x0434, 0x0454, 0x0474, 0x0494, 0x0495,
  0x04B5, 0x04D4, 0x04D4, 0x04D4, 0x04D4, 0x04D4, 0x04D4, 0x04D4, 0x04D4, 0x04D4, 0x04D4, 0x04D5,
  0x0494, 0x0414, 0x03F5, 0x0414, 0x0414, 0x0414, 0x0414, 0x0414, 0x0414, 0x03F4, 0x0414, 0x0494,
  0x04F5, 0x04D4, 0x04D4, 0x04D4, 0x04B4, 0x04B4, 0x0474, 0x0454, 0x0434, 0x03F4, 0x03F5, 0x0415,
  0x0414, 0x0474, 0x04D5, 0x04F4, 0x04D4, 0x04D4, 0x04B4, 0x0474, 0x0414, 0x03F4, 0x03F4, 0x03F4,
  0x03F4, 0x03F4, 0x0434, 0x0494, 0x04D5, 0x04D4, 0x04D4, 0x04D4, 0x04D4, 0x04D4, 0x04D4, 0x04D4,
  0x04D4, 0x04D4, 0x04D4, 0x04D4, 0x04D4, 0x04D4, 0x04D4, 0x04D4, 0x0534, 0x0554, 0x0534, 0x0534,
  0x0534, 0x0534, 0x0534, 0x0534, 0x0534, 0x0554, 0x0554, 0x0554, 0x0554, 0x0554, 0x0554, 0x0554,
  0x0554, 0x0554, 0x0554, 0x0554, 0x0534, 0x0534, 0x0554, 0x0554, 0x0554, 0x0554, 0x0534, 0x0534,
  0x0554, 0x0555, 0x0555, 0x0554, 0x0554, 0x0554, 0x0554, 0x0554, 0x0554, 0x0534, 0x0534, 0x0534,
  0x0554, 0x0554, 0x0555, 0x0534, 0x0514, 0x04F4, 0x04D4, 0x04D4, 0x04D4, 0x04D4, 0x04D4, 0x04D4,
  0x04D4, 0x04B4, 0x0514, 0x0555, 0x0554, 0x0534, 0x0554, 0x0554, 0x0554, 0x0555, 0x0555, 0x0554,
  0xAD55, 0xAD55, 0xAD55, 0xAD55, 0xAD55, 0xAD55, 0xAD55, 0xAD55, 0xAD55, 0xAD55, 0xA555, 0x8D76,
  0x061C, 0x067F, 0x069F, 0x069F, 0x069F, 0x069F, 0x069F, 0x069F, 0x069F, 0x069F, 0x069F, 0x069F,
  0x069F, 0x069F, 0x069F, 0x069F, 0x069F, 0x069F, 0x069F, 0x069F, 0x069F, 0x069F, 0x069F, 0x069F,
  0x069F, 0x069F, 0x069F, 0x069F, 0x069F, 0x069F, 0x069F, 0x069F, 0x069F, 0x069F, 0x069F, 0x067F,
  0x55DA, 0xA555, 0xAD55, 0xA555, 0xAD55, 0xA555, 0x55D9, 0x069F, 0x069F, 0x067F, 0x5DD9, 0xAD55,
  0xAD55, 0xAD55, 0xAD55, 0xAD55, 0xAD55, 0xAD55, 0xAD55, 0xAD55, 0xAD55, 0xAD55, 0xAD55, 0xAD55,
  0xAD55, 0xAD55, 0xAD55, 0xAD55, 0xAD55, 0xAD55, 0xAD55, 0xAD55, 0xAD55, 0xAD55, 0xAD55, 0xAD55,
  0xAD55, 0xA4F4, 0x0020, 0x738E, 0xAD55, 0xAD35, 0xAD35, 0xAD35, 0xAD55, 0xAD55, 0xAD55, 0xAD55,
  0xAD55, 0xAD55, 0xAD55, 0xAD55, 0xAD55, 0xAD55, 0xAD55, 0xAD55, 0xAD55, 0xAD55, 0xAD55, 0xAD55,
  0xAD55, 0xAD35, 0xAD35, 0xAD55, 0x94B2, 0x0000, 0x0000, 0x0000, 0x738E, 0xAD55, 0x9534, 0x04D4,
  0x04D4, 0x8534, 0xAD55, 0xAD34, 0xAD35, 0xAD34, 0xAD55, 0xA535, 0x04B3, 0x0494, 0x04D5, 0x04D4,
  0x04D4, 0x04F4, 0x0534, 0x6555, 0xA555, 0xAD55, 0xAD55, 0xAD55, 0xAD55, 0xA534, 0xAD54, 0xA534,
  0x04B4, 0x04B4, 0x04D4, 0x04D4, 0x04B4, 0x04B4, 0x2D14, 0xAD55, 0xAD35, 0xAD35, 0xAD35, 0xAD55,
  0x9514, 0x44D3, 0x6554, 0x9555, 0xA555, 0xAD35, 0xAD35, 0xAD55, 0xAD55, 0xAD55, 0xA535, 0xA535,
  0xAD35, 0xAD55, 0x1514, 0x0493, 0x04B4, 0x04D5, 0x04D5, 0x0474, 0x03F4, 0x03F4, 0x0414, 0x0455,
  0x0475, 0x0454, 0x0434, 0x03F4, 0x03F4, 0x0414, 0x0434, 0x0414, 0x0414, 0x0454, 0x0474, 0x0495,
  0x04B5, 0x04D5, 0x04D4, 0x04D4, 0x04D4, 0x04D4, 0x04D4, 0x04D5, 0x04B5, 0x0414, 0x03F4, 0x0414,
  0x0414, 0x03F4, 0x03F4, 0x03F4, 0x0414, 0x0414, 0x03F4, 0x0414, 0x0494, 0x04D4, 0x04D4, 0x04D4,
  0x04D4, 0x04D4, 0x04D4, 0x04D4, 0x04B4, 0x0494, 0x0414, 0x03F4, 0x03F4, 0x03F4, 0x0434, 0x0494,
  0x04D4, 0x04D4, 0x04D4, 0x04D4, 0x04B4, 0x0494, 0x0454, 0x0414, 0x0414, 0x03F4, 0x03F4, 0x0414,
  0x0434, 0x0474, 0x0494, 0x04D4, 0x04F4, 0x04D4, 0x04D4, 0x04D4, 0x04D4, 0x04D4, 0x04D4, 0x04D4,
  0x04D4, 0x04D4, 0x04D4, 0x04D4, 0x0514, 0x0554, 0x0554, 0x0554, 0x0554, 0x0554, 0x0555, 0x0534,
  0x0554, 0x0534, 0x0554, 0x0554, 0x0554, 0x0554, 0x0554, 0x0554, 0x0554, 0x0554, 0x0554, 0x0554,
  0x0554, 0x0554, 0x0554, 0x0554, 0x0554, 0x0554, 0x0535, 0x0555, 0x0554, 0x0554, 0x0555, 0x0554,
  0x0554, 0x0554, 0x0554, 0x0554, 0x0554, 0x0554, 0x0554, 0x0554, 0x0554, 0x0534, 0x0554, 0x0554,
  0x0554, 0x0554, 0x0535, 0x0534, 0x04F4, 0x04D4, 0x04B4, 0x04D4, 0x04B4, 0x04B4, 0x04B4, 0x04F4,
  0x0534, 0x0534, 0x0534, 0x0534, 0x0514, 0x0514, 0x0514, 0x0534, 0xAD55, 0xAD55, 0xAD55, 0xAD55,
  0xAD55, 0xAD55, 0xAD55, 0xAD55, 0xAD55, 0xAD55, 0x8D76, 0x063C, 0x067F, 0x069F, 0x069F, 0x069F,
  0x069F, 0x069F, 0x069F, 0x069F, 0x069F, 0x069F, 0x069F, 0x069F, 0x069F, 0x069F, 0x069F, 0x069F,
  0x069F, 0x069F, 0x069F, 0x069F, 0x069F, 0x069F, 0x069F, 0x069F, 0x069F, 0x069F, 0x069F, 0x069F,
  0x069F, 0x069F, 0x069F, 0x069F, 0x069F, 0x069F, 0x069F, 0x069F, 0x063D, 0x8597, 0xAD55, 0xAD55,
  0xAD55, 0xAD55, 0x8597, 0x063D, 0x069F, 0x069F, 0x061B, 0x9576, 0xAD55, 0xAD55, 0xAD55, 0xAD55,
  0xAD55, 0xAD55, 0xAD55, 0xAD55, 0xAD55, 0xAD55, 0xAD55, 0xAD55, 0xAD55, 0xAD55, 0xAD55, 0xAD55,
  0xAD55, 0xAD55, 0xAD55, 0xAD55, 0xAD55, 0xAD55, 0xAD55, 0xAD55, 0xAD55, 0xAD55, 0x18C3, 0x39A7,
  0xAD55, 0xAD55, 0xAD35, 0xAD35, 0xAD55, 0xAD55, 0xAD55, 0xAD55, 0xAD55, 0xAD55, 0xAD55, 0xAD55,
  0xAD55, 0xAD55, 0xAD55, 0xAD55, 0xAD55, 0xAD55, 0xAD55, 0xAD55, 0xAD55, 0xAD35, 0xAD35, 0xAD55,
  0xAD55, 0x0862, 0x0000, 0x0000, 0x39A7, 0xAD55, 0x9D55, 0x04B4, 0x04F4, 0x8D54, 0xAD34, 0xA534,
  0xA535, 0xAD55, 0xAD55, 0x04D4, 0x0493, 0x04B5, 0x04D5, 0x04D4, 0x04F4, 0x0534, 0x4D55, 0x9D55,
  0xAD55, 0xAD35, 0xA555, 0xA554, 0xAD54, 0xA535, 0xAD54, 0x9D34, 0x04B4, 0x04B4, 0x04D4, 0x04D4,
  0x04B4, 0x04B4, 0x0514, 0xAD55, 0xAD35, 0xAD35, 0xAD55, 0xA534, 0x64F3, 0x5534, 0x9555, 0xA555,
  0xAD35, 0xAD35, 0xAD35, 0xAD54, 0xAD54, 0xAD55, 0xAD35, 0xAD35, 0xAD55, 0x8555, 0x04B4, 0x04B4,
  0x04B4, 0x04D4, 0x04D4, 0x04B4, 0x0434, 0x03F4, 0x03F4, 0x0435, 0x0494, 0x04F4, 0x04D5, 0x0494,
  0x0494, 0x0495, 0x0494, 0x0494, 0x0434, 0x03F4, 0x03F4, 0x0414, 0x0434, 0x0454, 0x0494, 0x04D4,
  0x04D5, 0x04D5, 0x04D4, 0x04D4, 0x0494, 0x0414, 0x03F4, 0x03F4, 0x03F4, 0x03F4, 0x03F4, 0x0414,
  0x0414, 0x0414, 0x03F4, 0x03D4, 0x0414, 0x0494, 0x04D4, 0x04D4, 0x04B4, 0x04B4, 0x04B4, 0x04D4,
  0x04D4, 0x04D5, 0x0494, 0x0414, 0x03F4, 0x03F5, 0x03F4, 0x0414, 0x04B4, 0x04D4, 0x04B4, 0x04D4,
  0x04D4, 0x04D4, 0x04D5, 0x0474, 0x03F4, 0x03F4, 0x03F4, 0x03F4, 0x03F4, 0x03F4, 0x0414, 0x0434,
  0x0474, 0x04B4, 0x04D4, 0x04D4, 0x04D4, 0x04D4, 0x04D4, 0x04D4, 0x04D4, 0x04D4, 0x04D4, 0x04B4,
  0x04D4, 0x0514, 0x0534, 0x0534, 0x0514, 0x0514, 0x0534, 0x0554, 0x0554, 0x0534, 0x0554, 0x0554,
  0x0554, 0x0554, 0x0554, 0x0554, 0x0554, 0x0554, 0x0554, 0x0554, 0x0554, 0x0554, 0x0554, 0x0554,
  0x0554, 0x0554, 0x0554, 0x0554, 0x0554, 0x0554, 0x0554, 0x0554, 0x0554, 0x0534, 0x0554, 0x0554,
  0x0554, 0x0554, 0x0554, 0x0554, 0x0554, 0x0534, 0x0554, 0x0554, 0x0554, 0x0554, 0x0554, 0x0554,
  0x0534, 0x0514, 0x04D4, 0x04D4, 0x04D4, 0x04F4, 0x04F4, 0x0514, 0x0534, 0x0534, 0x04F4, 0x04D4,
  0x04D4, 0x04B4, 0x04B4, 0x04D4, 0xAD55, 0xAD55, 0xAD55, 0xAD55, 0xAD55, 0xAD55, 0xAD55, 0xAD55,
  0xAD55, 0xAD55, 0x7598, 0x069F, 0x069F, 0x069F, 0x069F, 0x069F, 0x069F, 0x069F, 0x069F, 0x069F,
  0x069F, 0x069F, 0x069F, 0x069F, 0x069F, 0x069F, 0x069F, 0x069F, 0x069F, 0x069F, 0x069F, 0x069F,
  0x069F, 0x069F, 0x069F, 0x069F, 0x069F, 0x069F, 0x069F, 0x069F, 0x069F, 0x069F, 0x069F, 0x069F,
  0x069F, 0x069F, 0x069F, 0x069F, 0x067F, 0x45DA, 0xA555, 0xAD55, 0xAD55, 0xAD55, 0x9D55, 0x45DA,
  0x067F, 0x069F, 0x063D, 0x7D98, 0xAD55, 0xAD55, 0xAD55, 0xAD55, 0xAD55, 0xAD55, 0xAD55, 0xAD55,
  0xAD55, 0xAD55, 0xAD55, 0xAD55, 0xAD55, 0xAD55, 0xAD55, 0xAD55, 0xAD55, 0xAD55, 0xAD55, 0xAD55,
  0xAD55, 0xAD55, 0xAD55, 0xAD55, 0xAD35, 0xAD55, 0x4A49, 0x0020, 0xAD55, 0xAD55, 0xAD35, 0xAD35,
  0xAD55, 0xAD55, 0xAD55, 0xAD55, 0xAD55, 0xAD55, 0xAD55, 0xAD55, 0xAD55, 0xAD55, 0xAD55, 0xAD55,
  0xAD55, 0xAD55, 0xAD55, 0xAD55, 0xAD55, 0xAD35, 0xAD35, 0xAD55, 0xAD55, 0x39C7, 0x0000, 0x0000,
  0x0000, 0xAD14, 0x9D55, 0x0493, 0x04F4, 0x9D55, 0xAD34, 0xA534, 0xAD55, 0xAD55, 0x34D4, 0x0493,
  0x04B4, 0x04B5, 0x04D5, 0x04D4, 0x0534, 0x2D55, 0x8D55, 0xAD35, 0xAD35, 0xAD35, 0xA535, 0xAD34,
  0xAD35, 0xAD35, 0xAD55, 0x7514, 0x0493, 0x04D4, 0x04D4, 0x04B4, 0x04B4, 0x04B4, 0x04F4, 0x9555,
  0xAD35, 0xAD35, 0xA535, 0x74F3, 0x6534, 0x9555, 0xA535, 0xAD55, 0xA554, 0xAD34, 0xAD54, 0xAD54,
  0xA554, 0xAD54, 0xAD35, 0xAD35, 0xA555, 0x04D4, 0x0494, 0x04D4, 0x04B4, 0x04D4, 0x04D4, 0x04D4,
  0x04B5, 0x0474, 0x0414, 0x03F4, 0x0414, 0x0454, 0x04B5, 0x04D4, 0x04D4, 0x04D4, 0x04D4, 0x04D5,
  0x04B5, 0x0414, 0x03D4, 0x03F4, 0x03F4, 0x03F4, 0x03F4, 0x0414, 0x0435, 0x0495, 0x04D5, 0x04D5,
  0x0494, 0x0434, 0x03F4, 0x03F4, 0x03F4, 0x03F4, 0x03F4, 0x03F4, 0x03F4, 0x03F4, 0x03F4, 0x03F4,
  0x0414, 0x0494, 0x04D4, 0x04B4, 0x04B4, 0x04B4, 0x04B5, 0x04B4, 0x04B4, 0x04D4, 0x04B4, 0x0434,
  0x03F4, 0x03F4, 0x0414, 0x0495, 0x04D4, 0x04D4, 0x04B4, 0x04B4, 0x04B4, 0x04B4, 0x04D4, 0x04B5,
  0x0414, 0x03D4, 0x03F4, 0x03F4, 0x03F4, 0x03F4, 0x03F4, 0x03D4, 0x03F4, 0x0414, 0x0434, 0x0474,
  0x0494, 0x04D4, 0x04D5, 0x04D4, 0x04D4, 0x04B4, 0x04B4, 0x04B4, 0x04B4, 0x04B4, 0x04B4, 0x04D4,
  0x04F4, 0x0514, 0x0534, 0x0554, 0x0554, 0x0554, 0x0534, 0x0534, 0x0534, 0x0534, 0x0534, 0x0534,
  0x0534, 0x0534, 0x0534, 0x0534, 0x0534, 0x0555, 0x0534, 0x0534, 0x0534, 0x0534, 0x0534, 0x0534,
  0x0534, 0x0554, 0x0554, 0x0534, 0x0534, 0x0554, 0x0554, 0x0534, 0x0534, 0x0534, 0x0554, 0x0534,
  0x0554, 0x0554, 0x0554, 0x0554, 0x0554, 0x0534, 0x0534, 0x0534, 0x0554, 0x0555, 0x0534, 0x0534,
  0x0534, 0x0554, 0x0554, 0x0555, 0x0555, 0x0555, 0x0534, 0x04D3, 0x04B4, 0x04B4, 0x04D4, 0x04B4,
  0xAD55, 0xAD55, 0xAD55, 0xAD55, 0xAD55, 0xAD55, 0xAD55, 0xAD55, 0xAD55, 0x9D76, 0x3DFA, 0x069F,
  0x069F, 0x069F, 0x069F, 0x069F, 0x069F, 0x069F, 0x069F, 0x069F, 0x069F, 0x069F, 0x069F, 0x069F,
  0x069F, 0x069F, 0x069F, 0x069F, 0x069F, 0x069F, 0x069F, 0x069F, 0x069F, 0x069F, 0x069F, 0x069F,
  0x069F, 0x069F, 0x069F, 0x069F, 0x069F, 0x069F, 0x069F, 0x069F, 0x069F, 0x069F, 0x069F, 0x069F,
  0x069F, 0x063C, 0x9576, 0xAD55, 0xAD55, 0xAD55, 0xA555, 0x7598, 0x067E, 0x069F, 0x067E, 0x55D9,
  0xA555, 0xAD55, 0xAD55, 0xAD55, 0xAD55, 0xAD55, 0xAD55, 0xAD55, 0xAD55, 0xAD55, 0xAD55, 0xAD55,
  0xAD55, 0xAD55, 0xAD55, 0xAD55, 0xAD55, 0xAD55, 0xAD55, 0xAD55, 0xAD55, 0xAD55, 0xAD55, 0xAD55,
  0xAD35, 0xAD55, 0x8410, 0x0000, 0x8C71, 0xAD55, 0xAD35, 0xAD35, 0xAD55, 0xAD55, 0xAD55, 0xAD55,
  0xAD55, 0xAD55, 0xAD55, 0xAD55, 0xAD55, 0xAD55, 0xAD55, 0xAD55, 0xAD55, 0xAD55, 0xAD55, 0xAD55,
  0xAD55, 0xAD55, 0xAD55, 0xAD55, 0xAD55, 0x6B6D, 0x0000, 0x0000, 0x0000, 0x9410, 0x9555, 0x0493,
  0x04F4, 0xA555, 0xAD35, 0xA555, 0xAD55, 0x5CF4, 0x0473, 0x04B4, 0x04B5, 0x04D4, 0x04D4, 0x0514,
  0x0555, 0x8555, 0xAD55, 0xAD35, 0xAD35, 0xAD35, 0xAD34, 0xAD34, 0xAD35, 0xAD35, 0xAD55, 0x54F4,
  0x0473, 0x0514, 0x04D4, 0x0494, 0x04B4, 0x04B4, 0x04D4, 0x7D55, 0xAD35, 0xAD55, 0x8514, 0x6514,
  0x9555, 0xAD35, 0xAD35, 0xA554, 0xA554, 0xAD54, 0xAD54, 0xAD54, 0xAD55, 0xAD35, 0xAD35, 0xAD55,
  0x5514, 0x0493, 0x04B4, 0x04B4, 0x04B4, 0x04B4, 0x04B4, 0x04B4, 0x04D4, 0x04D5, 0x0474, 0x0414,
  0x03D4, 0x03B4, 0x0434, 0x04D4, 0x04B4, 0x04B4, 0x04B4, 0x04D4, 0x04B4, 0x0434, 0x03D4, 0x03D4,
  0x03F5, 0x03F4, 0x03F4, 0x03D4, 0x03D4, 0x0454, 0x04D5, 0x04B4, 0x04B4, 0x0494, 0x0414, 0x03D4,
  0x03F4, 0x03F4, 0x03F4, 0x03F4, 0x03F4, 0x03F4, 0x03F4, 0x03D4, 0x0454, 0x04B4, 0x04D4, 0x04D4,
  0x04D4, 0x04D4, 0x04D4, 0x04D4, 0x04B4, 0x04B4, 0x04D4, 0x0454, 0x03D4, 0x03D4, 0x0434, 0x04B5,
  0x04D5, 0x04D5, 0x04D4, 0x04D4, 0x04B4, 0x04B4, 0x04B4, 0x04B4, 0x0494, 0x0434, 0x03F4, 0x03F4,
  0x03F4, 0x03F4, 0x03F4, 0x03F4, 0x03F4, 0x03D4, 0x03D4, 0x03D4, 0x0414, 0x0454, 0x0474, 0x04B5,
  0x04D5, 0x04B4, 0x04B4, 0x04B4, 0x04B4, 0x04B4, 0x04B4, 0x0514, 0x0534, 0x0555, 0x0555, 0x0535,
  0x0554, 0x0554, 0x0534, 0x0534, 0x0534, 0x0534, 0x0534, 0x0534, 0x0534, 0x0534, 0x0534, 0x0534,
  0x0534, 0x0534, 0x0534, 0x0534, 0x0534, 0x0534, 0x0535, 0x0534, 0x0534, 0x0554, 0x0534, 0x0534,
  0x0534, 0x0554, 0x0554, 0x0534, 0x0534, 0x0534, 0x0554, 0x0534, 0x0554, 0x0554, 0x0534, 0x0534,
  0x0534, 0x0534, 0x0534, 0x0534, 0x0534, 0x0534, 0x0554, 0x0554, 0x0554, 0x0534, 0x0554, 0x0554,
  0x0534, 0x0534, 0x0554, 0x0534, 0x0514, 0x0514, 0x0534, 0x0534, 0xAD55, 0xAD55, 0xAD55, 0xAD55,
  0xAD55, 0xAD55, 0xAD55, 0xAD55, 0xA555, 0x5DD9, 0x065E, 0x069F, 0x069F, 0x069F, 0x069F, 0x069F,
  0x069F, 0x069F, 0x069F, 0x069F, 0x069F, 0x069F, 0x069F, 0x069F, 0x069F, 0x069F, 0x069F, 0x069F,
  0x069F, 0x069F, 0x069F, 0x069F, 0x069F, 0x069F, 0x069F, 0x069F, 0x069F, 0x069F, 0x069F, 0x069F,
  0x069F, 0x069F, 0x069F, 0x069F, 0x069F, 0x069F, 0x069F, 0x069F, 0x069F, 0x065E, 0x65B9, 0xA555,
  0xAD55, 0xAD55, 0xAD55, 0x8D76, 0x065D, 0x069F, 0x067F, 0x3DFA, 0x9D55, 0xAD55, 0xAD55, 0xAD55,
  0xAD55, 0xAD55, 0xAD55, 0xAD55, 0xAD55, 0xAD55, 0xAD55, 0xAD55, 0xAD55, 0xAD55, 0xAD55, 0xAD55,
  0xAD55, 0xAD55, 0xAD55, 0xAD55, 0xAD55, 0xAD55, 0xAD55, 0xAD55, 0xAD35, 0xAD55, 0xAD55, 0x1082,
  0x630C, 0xAD55, 0xAD35, 0xAD35, 0xAD55, 0xAD55, 0xAD55, 0xAD55, 0xAD55, 0xAD55, 0xAD55, 0xAD55,
  0xAD55, 0xAD55, 0xAD55, 0xAD55, 0xAD55, 0xAD55, 0xAD55, 0xAD55, 0xAD55, 0xAD55, 0xAD55, 0xAD55,
  0xAD55, 0x9CB3, 0x0000, 0x0000, 0x0000, 0x62AB, 0x8555, 0x0494, 0x04F4, 0xAD55, 0xAD35, 0xAD55,
  0x7514, 0x0473, 0x0494, 0x04B5, 0x04D4, 0x04D4, 0x0514, 0x0555, 0x7D55, 0xA555, 0xAD35, 0xAD35,
  0xAD55, 0xAD35, 0xA535, 0xAD35, 0xAD35, 0xAD55, 0xAD55, 0x04D4, 0x0474, 0x4D34, 0x2CD4, 0x0494,
  0x04B5, 0x0495, 0x04B4, 0x5D34, 0xAD55, 0x9D14, 0x7514, 0x8D55, 0xA555, 0xAD35, 0xA535, 0xA555,
  0xAD55, 0xAD55, 0xAD55, 0xAD55, 0xA554, 0xAD34, 0xAD55, 0x9555, 0x04B3, 0x0494, 0x04B4, 0x04B4,
  0x04B4, 0x04B4, 0x04B4, 0x04B4, 0x04B4, 0x04B4, 0x04B4, 0x0494, 0x0434, 0x03D4, 0x03D4, 0x0495,
  0x04D4, 0x04B4, 0x04B4, 0x04B4, 0x04B4, 0x0494, 0x0474, 0x0414, 0x03F4, 0x03D4, 0x03D4, 0x03D4,
  0x03D4, 0x0474, 0x04B4, 0x04B4, 0x04B4, 0x04B4, 0x0434, 0x03D4, 0x03F4, 0x03F4, 0x03F4, 0x03F4,
  0x03F4, 0x03F4, 0x03F4, 0x03F4, 0x0414, 0x0455, 0x0454, 0x0474, 0x0494, 0x0494, 0x04B4, 0x04B4,
  0x04D4, 0x04B4, 0x04B5, 0x0494, 0x0414, 0x03D4, 0x03F4, 0x0414, 0x0454, 0x0494, 0x04B4, 0x04D4,
  0x04B4, 0x04B4, 0x04B4, 0x04B4, 0x04B4, 0x04B5, 0x0474, 0x0434, 0x03F4, 0x03F4, 0x03F4, 0x03F4,
  0x03F4, 0x03F4, 0x03F4, 0x03D4, 0x03D4, 0x03D4, 0x03F4, 0x0434, 0x0454, 0x0474, 0x04B5, 0x04B5,
  0x04B4, 0x0494, 0x0515, 0x0555, 0x0554, 0x0534, 0x0534, 0x0534, 0x0554, 0x0554, 0x0534, 0x0534,
  0x0534, 0x0534, 0x0534, 0x0534, 0x0534, 0x0554, 0x0554, 0x0554, 0x0554, 0x0534, 0x0534, 0x0534,
  0x0534, 0x0534, 0x0534, 0x0534, 0x0534, 0x0554, 0x0554, 0x0534, 0x0534, 0x0554, 0x0554, 0x0554,
  0x0554, 0x0554, 0x0534, 0x0534, 0x0534, 0x0534, 0x0534, 0x0534, 0x0534, 0x0534, 0x0534, 0x0534,
  0x0534, 0x0534, 0x0534, 0x0534, 0x0534, 0x0534, 0x0554, 0x0554, 0x0534, 0x0534, 0x0534, 0x0554,
  0x0555, 0x0554, 0x0554, 0x0555, 0xAD55, 0xAD55, 0xAD55, 0xAD55, 0xAD55, 0xAD55, 0xAD55, 0xAD55,
  0x8D97, 0x063C, 0x069F, 0x069F, 0x069F, 0x069F, 0x069F, 0x069F, 0x069F, 0x069F, 0x069F, 0x069F,
  0x069F, 0x069F, 0x069F, 0x069F, 0x069F, 0x069F, 0x069F, 0x069F, 0x069F, 0x069F, 0x069F, 0x069F,
  0x069F, 0x069F, 0x069F, 0x069F, 0x069F, 0x069F, 0x069F, 0x069F, 0x069F, 0x3EFF, 0x5F1F, 0x069F,
  0x069F, 0x069F, 0x069F, 0x069F, 0x06BF, 0x66FF, 0x463B, 0xA555, 0xAD55, 0xAD55, 0xAD55, 0x9576,
  0x063C, 0x069F, 0x069F, 0x1DFB, 0x9D76, 0xAD55, 0xAD55, 0xAD55, 0xAD55, 0xAD55, 0xAD55, 0xAD55,
  0xAD55, 0xAD55, 0xAD55, 0xAD55, 0xAD55, 0xAD55, 0xAD55, 0xAD55, 0xAD55, 0xAD55, 0xAD55, 0xAD55,
  0xAD55, 0xAD55, 0xAD55, 0xAD55, 0xAD35, 0xAD55, 0xAD55, 0x31A6, 0x4208, 0xAD55, 0xAD35, 0xAD35,
  0xAD55, 0xAD55, 0xAD55, 0xAD55, 0xAD55, 0xAD55, 0xAD55, 0xAD55, 0xAD55, 0xAD55, 0xAD55, 0xAD55,
  0xAD55, 0xAD55, 0xAD55, 0xAD55, 0xAD55, 0xAD55, 0xAD55, 0xAD55, 0xAD55, 0xAD55, 0x18A2, 0x0000,
  0x0000, 0x41E8, 0x6D55, 0x04B4, 0x0514, 0xAD55, 0xAD55, 0x8514, 0x0493, 0x0494, 0x0495, 0x04D5,
  0x04D4, 0x0514, 0x0555, 0x6D55, 0xA555, 0xAD35, 0xAD35, 0xAD55, 0x8D34, 0x8534, 0x9D55, 0xAD35,
  0xAD35, 0xAD55, 0xAD55, 0x04B4, 0x0474, 0x7D55, 0x74F4, 0x0474, 0x04B5, 0x0495, 0x0494, 0x1514,
  0xA554, 0x7D13, 0x9555, 0xAD55, 0xAD35, 0xA535, 0xA535, 0xAD55, 0xAD55, 0xAD55, 0xAD55, 0xAD55,
  0xAD34, 0xAD34, 0xAD55, 0x04D4, 0x0473, 0x04B4, 0x04B4, 0x04B4, 0x04B4, 0x04B4, 0x04B4, 0x04B4,
  0x04B4, 0x04B4, 0x04B4, 0x04D4, 0x0495, 0x0414, 0x03D4, 0x03F4, 0x0494, 0x04B5, 0x04B5, 0x04B5,
  0x04B5, 0x04D4, 0x04D4, 0x0494, 0x0454, 0x0414, 0x03D4, 0x03D4, 0x0415, 0x0495, 0x04B4, 0x0494,
  0x04B4, 0x04B4, 0x0454, 0x03D4, 0x03D4, 0x03F4, 0x03F4, 0x03F4, 0x03F4, 0x03F4, 0x03F4, 0x03F4,
  0x03D4, 0x03D4, 0x03D4, 0x03F4, 0x03F4, 0x03F4, 0x0434, 0x0455, 0x0454, 0x0494, 0x04B5, 0x04B5,
  0x0494, 0x0414, 0x03D4, 0x03D4, 0x03D4, 0x03F4, 0x0434, 0x0474, 0x0494, 0x04B5, 0x04B4, 0x04B4,
  0x04B4, 0x04B4, 0x04B5, 0x04B5, 0x0474, 0x0414, 0x03D4, 0x03F4, 0x03F4, 0x03F4, 0x03F4, 0x03F4,
  0x03D4, 0x03D5, 0x03D4, 0x03D4, 0x03F4, 0x03F4, 0x0434, 0x0475, 0x0494, 0x0494, 0x04F4, 0x0555,
  0x0555, 0x0555, 0x0555, 0x0555, 0x0554, 0x0554, 0x0534, 0x0534, 0x0534, 0x0554, 0x0554, 0x0554,
  0x0554, 0x0554, 0x0555, 0x0555, 0x0555, 0x0555, 0x0554, 0x0554, 0x0554, 0x0554, 0x0555, 0x0555,
  0x0555, 0x0554, 0x0554, 0x0534, 0x0534, 0x0555, 0x0555, 0x0554, 0x0554, 0x0554, 0x0534, 0x0534,
  0x0534, 0x0534, 0x0534, 0x0534, 0x0534, 0x0534, 0x0534, 0x0534, 0x0534, 0x0534, 0x0534, 0x0534,
  0x0534, 0x0534, 0x0554, 0x0554, 0x0555, 0x0555, 0x0555, 0x0534, 0x0534, 0x0534, 0x0554, 0x0554,
  0xAD55, 0xAD55, 0xAD55, 0xAD55, 0xAD55, 0xAD55, 0xAD55, 0xAD55, 0x55D9, 0x067F, 0x069F, 0x069F,
  0x069F, 0x069F, 0x069F, 0x069F, 0x069F, 0x069F, 0x069F, 0x069F, 0x069F, 0x069F, 0x069F, 0x069F,
  0x069F, 0x069F, 0x069F, 0x069F, 0x069F, 0x069F, 0x069F, 0x069F, 0x069F, 0x069F, 0x069F, 0x069F,
  0x069F, 0x069F, 0x069F, 0x069F, 0xCF9F, 0xFFFF, 0xFFFF, 0xF7FF, 0x06DF, 0x069F, 0x069F, 0x069F,
  0xCF9F, 0xF7FF, 0x065D, 0x9D55, 0xAD55, 0xAD55, 0xAD55, 0x9D76, 0x063C, 0x067F, 0x069F, 0x061C,
  0x9576, 0xAD55, 0xAD55, 0xAD55, 0xAD55, 0xAD55, 0xAD55, 0xAD55, 0xAD55, 0xAD55, 0xAD55, 0xAD55,
  0xAD55, 0xAD55, 0xAD55, 0xAD55, 0xAD55, 0xAD55, 0xAD55, 0xAD55, 0xAD55, 0xAD55, 0xAD55, 0xAD55,
  0xAD35, 0xAD35, 0xAD55, 0x6B2D, 0x2965, 0xAD55, 0xAD55, 0xAD35, 0xAD55, 0xAD55, 0xAD55, 0xAD55,
  0xAD55, 0xAD55, 0xAD55, 0xAD55, 0xAD55, 0xAD55, 0xAD55, 0xAD55, 0xAD55, 0xAD55, 0xAD55, 0xAD55,
  0xAD55, 0xAD55, 0xAD55, 0xAD55, 0xAD55, 0xAD55, 0x3186, 0x0000, 0x0000, 0x1062, 0x0453, 0x04F5,
  0x3534, 0xAD55, 0x9D14, 0x0493, 0x0494, 0x04B4, 0x04D4, 0x04D4, 0x04F4, 0x0555, 0x6D55, 0xA555,
  0xAD35, 0xAD35, 0xA555, 0x7534, 0x5D34, 0x8534, 0xA555, 0xAD55, 0xAD55, 0xAD55, 0xA534, 0x0474,
  0x0494, 0x9555, 0x9D14, 0x0473, 0x0494, 0x04B4, 0x0494, 0x04D4, 0x7514, 0x9534, 0xA555, 0xAD54,
  0xAD55, 0xAD55, 0xAD55, 0xAD55, 0xAD55, 0xAD55, 0xAD35, 0xAD35, 0xAD35, 0xAD55, 0x6D14, 0x0473,
  0x0494, 0x0494, 0x0494, 0x0494, 0x0494, 0x04B4, 0x04B4, 0x04B4, 0x04B4, 0x04B4, 0x04B4, 0x04B4,
  0x04B5, 0x0494, 0x0454, 0x03F4, 0x03D4, 0x0414, 0x0434, 0x0454, 0x0474, 0x0494, 0x0494, 0x04B4,
  0x04B4, 0x0474, 0x03F4, 0x03D4, 0x03F4, 0x0474, 0x04B4, 0x04B4, 0x0494, 0x04B4, 0x0494, 0x0414,
  0x03D4, 0x03D4, 0x03D4, 0x03D4, 0x03D4, 0x03D4, 0x03D4, 0x03D4, 0x03D4, 0x03D4, 0x03D4, 0x03D4,
  0x03D4, 0x03D4, 0x03D4, 0x03D4, 0x03D4, 0x03F4, 0x0494, 0x04B5, 0x04B5, 0x0494, 0x0434, 0x03F4,
  0x03D4, 0x03B4, 0x03B4, 0x03D4, 0x03F4, 0x03F4, 0x0434, 0x0474, 0x0495, 0x0494, 0x0494, 0x04B4,
  0x04B5, 0x0494, 0x0414, 0x03D4, 0x03D4, 0x03D4, 0x03F4, 0x03F4, 0x03F4, 0x03D5, 0x03D4, 0x03D4,
  0x03D4, 0x03D4, 0x03D4, 0x03D4, 0x0414, 0x0475, 0x04B4, 0x04F4, 0x0514, 0x0514, 0x04F4, 0x0514,
  0x0555, 0x0555, 0x0555, 0x0555, 0x0555, 0x0555, 0x0534, 0x0514, 0x0514, 0x04D4, 0x04D4, 0x04D4,
  0x04D4, 0x04F4, 0x0514, 0x0534, 0x0534, 0x0534, 0x0514, 0x0534, 0x0514, 0x0514, 0x0534, 0x0535,
  0x0535, 0x0535, 0x0535, 0x0534, 0x0534, 0x0534, 0x0534, 0x0534, 0x0534, 0x0534, 0x0534, 0x0534,
  0x0554, 0x0554, 0x0534, 0x0534, 0x0534, 0x0534, 0x0534, 0x0534, 0x0534, 0x0534, 0x0534, 0x0534,
  0x0534, 0x0534, 0x0534, 0x0534, 0x0534, 0x0534, 0x0534, 0x0534, 0xAD55, 0xAD55, 0xAD55, 0xAD55,
  0xAD55, 0xAD55, 0xAD55, 0x9D55, 0x061C, 0x069F, 0x069F, 0x069F, 0x069F, 0x069F, 0xDFBF, 0xFFFF,
  0x069F, 0x069F, 0x069F, 0x069F, 0x069F, 0x8F3F, 0xE7DF, 0xFFFF, 0xFFFF, 0xCF9F, 0x06DF, 0x069F,
  0x069F, 0x069F, 0x069F, 0xAF7F, 0xF7FF, 0xFFFF, 0xFFFF, 0xBF9F, 0x069F, 0x069F, 0x069F, 0x7F3F,
  0xFFFF, 0xBF9F, 0x5F1F, 0xFFFF, 0xE7DF, 0x069F, 0x069F, 0x7F3F, 0xFFFF, 0x9F5F, 0x065E, 0x8D76,
  0xA555, 0xAD55, 0xAD55, 0x9576, 0x063D, 0x067F, 0x069F, 0x063D, 0x8D97, 0xAD55, 0xAD55, 0xAD55,
  0xAD55, 0xAD55, 0xAD55, 0xAD55, 0xAD55, 0xAD55, 0xAD55, 0xAD55, 0xAD55, 0xAD55, 0xAD55, 0xAD55,
  0xAD55, 0xAD55, 0xAD55, 0xAD55, 0xAD55, 0xAD55, 0xAD55, 0xAD55, 0xAD35, 0xAD35, 0xAD55, 0x9492,
  0x2925, 0x9CD3, 0xAD55, 0xAD35, 0xAD55, 0xAD55, 0xAD55, 0xAD55, 0xAD55, 0xAD55, 0xAD55, 0xAD55,
  0xAD55, 0xAD55, 0xAD55, 0xAD55, 0xAD55, 0xAD55, 0xAD55, 0xAD55, 0xAD55, 0xAD55, 0xAD55, 0xAD55,
  0xAD55, 0xAD55, 0x526A, 0x0000, 0x0000, 0x0000, 0x02ED, 0x0535, 0x7554, 0xAD55, 0x0493, 0x0473,
  0x04B4, 0x04D5, 0x04D4, 0x04F4, 0x0535, 0x5555, 0x9D55, 0xAD55, 0xAD55, 0x8D34, 0x5534, 0x6534,
  0x9D55, 0xAD55, 0xAD54, 0xA554, 0xAD55, 0xAD55, 0x8D14, 0x0454, 0x04B5, 0xAD55, 0xA534, 0x0493,
  0x0494, 0x0494, 0x0494, 0x0494, 0x7D35, 0xAD55, 0xAD54, 0xA554, 0xAD54, 0xAD55, 0xAD55, 0xAD55,
  0xAD55, 0xAD55, 0xAD35, 0xAD35, 0xAD55, 0xAD55, 0x04B4, 0x0474, 0x0495, 0x0494, 0x0494, 0x0494,
  0x0494, 0x04B4, 0x04B4, 0x0494, 0x04B4, 0x04B4, 0x04B4, 0x04B4, 0x0494, 0x04B4, 0x04B4, 0x0474,
  0x0434, 0x03D4, 0x03D4, 0x03D4, 0x03D4, 0x03D4, 0x03F4, 0x0454, 0x0494, 0x0475, 0x03F4, 0x03D4,
  0x03D4, 0x03F4, 0x0475, 0x04B4, 0x0494, 0x0494, 0x04B5, 0x0494, 0x0454, 0x03F4, 0x03F4, 0x03D4,
  0x03D4, 0x03D4, 0x03D4, 0x03D5, 0x03D4, 0x03D4, 0x03D4, 0x03D4, 0x03D4, 0x03D4, 0x03D4, 0x03D4,
  0x03D4, 0x03D4, 0x0414, 0x0474, 0x04B4, 0x04B4, 0x04B4, 0x0494, 0x0454, 0x0434, 0x0414, 0x03F4,
  0x03B4, 0x03B4, 0x03D4, 0x03F4, 0x03F4, 0x0454, 0x04B4, 0x0494, 0x0495, 0x04B5, 0x0475, 0x03F4,
  0x03D4, 0x03D4, 0x03D4, 0x03D4, 0x03D4, 0x03F4, 0x03D4, 0x03D4, 0x03D4, 0x03D4, 0x03D4, 0x03D4,
  0x03D4, 0x03F5, 0x0455, 0x0494, 0x04B4, 0x0494, 0x0494, 0x04B4, 0x04B4, 0x04F4, 0x0514, 0x0514,
  0x0514, 0x04F4, 0x04D4, 0x04B4, 0x0494, 0x0494, 0x0494, 0x0494, 0x0494, 0x0494, 0x04B4, 0x04B4,
  0x04D4, 0x04D4, 0x04B4, 0x04D4, 0x04D3, 0x0514, 0x0554, 0x0534, 0x0534, 0x0534, 0x0534, 0x0534,
  0x0534, 0x0534, 0x0534, 0x0534, 0x0534, 0x0534, 0x0534, 0x0534, 0x0554, 0x0554, 0x0534, 0x0534,
  0x0534, 0x0534, 0x0534, 0x0534, 0x0534, 0x0534, 0x0534, 0x0534, 0x0534, 0x0534, 0x0534, 0x0534,
  0x0534, 0x0534, 0x0534, 0x0534, 0xAD55, 0xAD55, 0xAD55, 0xAD55, 0xAD55, 0xAD55, 0xA555, 0x5DD9,
  0x065E, 0x067F, 0x067F, 0x067F, 0x069F, 0xAF7F, 0xFFFF, 0xFFFF, 0x069F, 0x069F, 0x069F, 0x069F,
  0x7F3F, 0xFFFF, 0xF7FF, 0xAF7F, 0xBF9F, 0xFFFF, 0xF7FF, 0x069F, 0x069F, 0x069F, 0xAF7F, 0xFFFF,
  0xE7DF, 0x9F5F, 0xDFBF, 0xFFFF, 0xCF9F, 0x069F, 0x069F, 0x9F5F, 0xFFFF, 0x5F1F, 0x069F, 0xDFBF,
  0xFFFF, 0x069F, 0x069F, 0xE7DF, 0xF7FF, 0x069F, 0x065E, 0x7D97, 0xA555, 0xAD55, 0xAD55, 0x8597,
  0x065E, 0x069F, 0x069F, 0x063C, 0x8D97, 0xAD55, 0xAD55, 0xAD55, 0xAD55, 0xAD55, 0xAD55, 0xAD55,
  0xAD55, 0xAD55, 0xAD55, 0xAD55, 0xAD55, 0xAD55, 0xAD55, 0xAD55, 0xAD55, 0xAD55, 0xAD55, 0xAD55,
  0xAD55, 0xAD55, 0xAD55, 0xAD55, 0xAD35, 0xAD35, 0xAD55, 0xAD55, 0x2925, 0x73AE, 0xAD55, 0xAD35,
  0xAD55, 0xAD55, 0xAD55, 0xAD55, 0xAD55, 0xAD55, 0xAD55, 0xAD55, 0xAD55, 0xAD55, 0xAD55, 0xAD55,
  0xAD55, 0xAD55, 0xAD55, 0xAD55, 0xAD55, 0xAD55, 0xAD55, 0xAD55, 0xAD55, 0xAD55, 0x6B4D, 0x0000,
  0x0000, 0x0000, 0x024B, 0x0535, 0x8D55, 0x2CD3, 0x0473, 0x0494, 0x04B5, 0x04F4, 0x04F4, 0x0534,
  0x4D55, 0x9D55, 0xAD55, 0x9534, 0x5D34, 0x5D34, 0x8534, 0xAD55, 0xAD35, 0xAD34, 0xA534, 0xAD34,
  0xAD55, 0xAD55, 0x64F4, 0x0434, 0x04F5, 0xAD55, 0xAD34, 0x0493, 0x0474, 0x0494, 0x0494, 0x04B4,
  0x8D55, 0xAD54, 0xA534, 0xA554, 0xAD55, 0xAD55, 0xAD55, 0xAD55, 0xAD55, 0xA555, 0xA535, 0xAD35,
  0xAD55, 0x24F4, 0x0473, 0x0494, 0x0494, 0x0494, 0x0494, 0x0494, 0x04B4, 0x0494, 0x0494, 0x0494,
  0x0494, 0x0494, 0x0494, 0x0494, 0x0494, 0x0494, 0x0494, 0x0494, 0x0495, 0x0494, 0x0454, 0x0434,
  0x0434, 0x03F4, 0x03F4, 0x03F4, 0x03F4, 0x03F4, 0x03D4, 0x03D4, 0x03D4, 0x03D4, 0x03F4, 0x0455,
  0x0494, 0x0494, 0x04B5, 0x04B4, 0x04B4, 0x0495, 0x0494, 0x0454, 0x0414, 0x03F4, 0x03D4, 0x03D4,
  0x03D4, 0x03D4, 0x03D4, 0x03D4, 0x03D4, 0x03D4, 0x03D4, 0x03D4, 0x03D4, 0x03D4, 0x03D4, 0x03F4,
  0x0414, 0x0434, 0x0474, 0x0494, 0x04B4, 0x04B4, 0x04B5, 0x0494, 0x0454, 0x0434, 0x03F4, 0x03D4,
  0x03B4, 0x03F4, 0x0494, 0x04B4, 0x0494, 0x0494, 0x0494, 0x0475, 0x0434, 0x0414, 0x03D4, 0x03D4,
  0x03D4, 0x03D4, 0x03D4, 0x03D4, 0x03D4, 0x03D4, 0x03D4, 0x03D4, 0x03D4, 0x03D4, 0x03D4, 0x03F4,
  0x0455, 0x0495, 0x0495, 0x0494, 0x0494, 0x0494, 0x0494, 0x0494, 0x0494, 0x0494, 0x0474, 0x0474,
  0x04D4, 0x0514, 0x0514, 0x0514, 0x0514, 0x0514, 0x0514, 0x0514, 0x0534, 0x0535, 0x0515, 0x0534,
  0x0534, 0x0554, 0x0555, 0x0534, 0x0534, 0x0534, 0x0534, 0x0534, 0x0534, 0x0534, 0x0534, 0x0534,
  0x0534, 0x0534, 0x0534, 0x0534, 0x0534, 0x0534, 0x0534, 0x0534, 0x0534, 0x0534, 0x0534, 0x0534,
  0x0534, 0x0534, 0x0534, 0x0534, 0x0534, 0x0534, 0x0534, 0x0534, 0x0534, 0x0534, 0x0534, 0x0534,
  0xAD55, 0xAD55, 0xAD55, 0xAD55, 0xAD55, 0xA555, 0x8D76, 0x065D, 0x069F, 0x065D, 0x063C, 0x66FF,
  0xE7DF, 0xFFFF, 0xFFFF, 0xFFFF, 0x069F, 0x069F, 0x069F, 0x069F, 0xE7DF, 0xFFFF, 0x8F3F, 0x069F,
  0x069F, 0xBF9F, 0xFFFF, 0x8F3F, 0x069F, 0x06DF, 0xFFFF, 0xFFFF, 0x06DF, 0x069F, 0x069F, 0xE7DF,
  0xFFFF, 0x3EFF, 0x069F, 0x9F5F, 0xFFFF, 0x5F1F, 0x069F, 0xDFBF, 0xFFFF, 0x069F, 0x8F3F, 0xFFFF,
  0x9F5F, 0x069F, 0x067E, 0x6DB8, 0xA555, 0xAD55, 0xA555, 0x65B9, 0x067F, 0x069F, 0x069F, 0x061C,
  0x9576, 0xAD55, 0xAD55, 0xAD55, 0xAD55, 0xAD55, 0xAD55, 0xAD55, 0xAD55, 0xAD55, 0xAD55, 0xAD55,
  0xAD55, 0xAD55, 0xAD55, 0xAD55, 0xAD55, 0xAD55, 0xAD55, 0xAD55, 0xAD55, 0xAD55, 0xAD55, 0xAD55,
  0xAD35, 0xAD35, 0xAD55, 0xAD55, 0x2945, 0x4A69, 0xAD55, 0xAD55, 0xAD55, 0xAD55, 0xAD55, 0xAD55,
  0xAD55, 0xAD55, 0xAD55, 0xAD55, 0xAD55, 0xAD55, 0xAD55, 0xAD55, 0xAD55, 0xAD55, 0xAD55, 0xAD55,
  0xAD55, 0xAD55, 0xAD55, 0xAD55, 0xAD55, 0xAD55, 0x8430, 0x0000, 0x0000, 0x0000, 0x01C9, 0x0515,
  0x04F4, 0x0473, 0x0474, 0x04B4, 0x04D4, 0x04F4, 0x0534, 0x4555, 0x9555, 0xAD55, 0x8534, 0x3D34,
  0x5534, 0x9D55, 0xAD55, 0xAD35, 0xAD34, 0xA534, 0xAD35, 0xAD35, 0xAD55, 0xAD55, 0x2CB3, 0x0453,
  0x0D14, 0xAD55, 0xAD55, 0x0493, 0x0474, 0x0494, 0x0474, 0x0494, 0x7D34, 0xAD55, 0xAD34, 0xA534,
  0xAD55, 0xAD55, 0xAD55, 0xAD35, 0xAD35, 0xAD35, 0xAD35, 0xAD55, 0x7534, 0x0473, 0x0474, 0x0494,
  0x0494, 0x0494, 0x0494, 0x0494, 0x0494, 0x0494, 0x0494, 0x0494, 0x0494, 0x0494, 0x0494, 0x0494,
  0x0494, 0x0494, 0x0494, 0x0494, 0x0494, 0x0494, 0x0494, 0x0494, 0x0494, 0x0494, 0x0494, 0x0475,
  0x0434, 0x0434, 0x0414, 0x03F4, 0x03D4, 0x03D4, 0x03B4, 0x03D4, 0x0414, 0x0434, 0x0434, 0x0434,
  0x0474, 0x0495, 0x0495, 0x0495, 0x0495, 0x0434, 0x03D4, 0x03D4, 0x03D4, 0x03D4, 0x03D4, 0x03D4,
  0x03D4, 0x03D4, 0x03D4, 0x03D4, 0x03D4, 0x03D4, 0x03D4, 0x03B4, 0x03B4, 0x03D4, 0x03D4, 0x03F4,
  0x0414, 0x0434, 0x0474, 0x04B5, 0x0494, 0x0494, 0x0475, 0x0434, 0x03D4, 0x03D4, 0x0454, 0x04B4,
  0x04B4, 0x0494, 0x0494, 0x04B4, 0x04B5, 0x0494, 0x03F4, 0x03B4, 0x03D4, 0x03D4, 0x03D4, 0x03D4,
  0x03B4, 0x03B4, 0x03B4, 0x03B4, 0x03D4, 0x03D4, 0x03B4, 0x03B4, 0x03B4, 0x03F4, 0x0435, 0x0474,
  0x0494, 0x0494, 0x0474, 0x0474, 0x0474, 0x0494, 0x04B4, 0x0514, 0x0555, 0x0555, 0x0554, 0x0554,
  0x0554, 0x0554, 0x0554, 0x0554, 0x0555, 0x0555, 0x0555, 0x0554, 0x0554, 0x0554, 0x0554, 0x0554,
  0x0554, 0x0554, 0x0554, 0x0554, 0x0554, 0x0554, 0x0534, 0x0534, 0x0534, 0x0534, 0x0534, 0x0534,
  0x0554, 0x0554, 0x0554, 0x0554, 0x0554, 0x0554, 0x0555, 0x0555, 0x0554, 0x0554, 0x0554, 0x0554,
  0x0534, 0x0534, 0x0534, 0x0534, 0x0534, 0x0534, 0x0534, 0x0534, 0xAD55, 0xAD55, 0xAD55, 0xAD55,
  0xAD55, 0x9D55, 0x55DA, 0x067F, 0x067F, 0x4DDA, 0x6DFA, 0xFFFF, 0xFFFF, 0xAF7F, 0xFFFF, 0xFFFF,
  0x069F, 0x069F, 0x069F, 0x06DF, 0xFFFF, 0xF7FF, 0x069F, 0x069F, 0x069F, 0x5F1F, 0xFFFF, 0xDFBF,
  0x069F, 0x8F3F, 0xFFFF, 0xCF9F, 0x069F, 0x069F, 0x069F, 0x9F5F, 0xFFFF, 0x9F5F, 0x069F, 0x8F3F,
  0xFFFF, 0x9F5F, 0x06BF, 0xF7FF, 0xE7DF, 0x069F, 0xE7DF, 0xF7FF, 0x069F, 0x069F, 0x067E, 0x65B9,
  0xA555, 0xAD55, 0x9576, 0x1DFB, 0x067F, 0x069F, 0x067F, 0x35FA, 0x9D55, 0xAD55, 0xAD55, 0xAD55,
  0xAD55, 0xAD55, 0xAD55, 0xAD55, 0xAD55, 0xAD55, 0xAD55, 0xAD55, 0xAD55, 0xAD55, 0xAD55, 0xAD55,
  0xAD55, 0xAD55, 0xAD55, 0xAD55, 0xAD55, 0xAD55, 0xAD55, 0xAD55, 0xAD55, 0xAD55, 0xAD55, 0xAD55,
  0x4A69, 0x2104, 0xAD55, 0xAD55, 0xAD55, 0xAD55, 0xAD55, 0xAD55, 0xAD55, 0xAD55, 0xAD55, 0xAD55,
  0xAD55, 0xAD55, 0xAD55, 0xAD55, 0xAD55, 0xAD55, 0xAD55, 0xAD55, 0xAD55, 0xAD55, 0xAD55, 0xAD55,
  0xAD55, 0xAD55, 0x9471, 0x0000, 0x0000, 0x0000, 0x01A8, 0x04F5, 0x0494, 0x0474, 0x0494, 0x04D4,
  0x04F4, 0x0534, 0x2555, 0x8D55, 0xA535, 0x7534, 0x3534, 0x7D34, 0xAD55, 0xAD35, 0xAD34, 0xAD34,
  0xAD34, 0xA534, 0xAD55, 0xAD55, 0xAD55, 0xAD55, 0x0493, 0x0473, 0x6534, 0xAD54, 0xAD55, 0x1CD4,
  0x0474, 0x0494, 0x0474, 0x0494, 0x5D34, 0xAD55, 0xAD35, 0xA535, 0xA555, 0xAD55, 0xAD55, 0xAD35,
  0xAD35, 0xAD35, 0xAD55, 0xA555, 0x0493, 0x0454, 0x0494, 0x0494, 0x0494, 0x0494, 0x0494, 0x0494,
  0x0494, 0x0494, 0x0494, 0x0494, 0x0494, 0x0494, 0x0494, 0x0494, 0x0494, 0x0494, 0x0494, 0x0494,
  0x0494, 0x0494, 0x0494, 0x0494, 0x0494, 0x0494, 0x0494, 0x0494, 0x0494, 0x0494, 0x0494, 0x0474,
  0x0474, 0x0434, 0x03F4, 0x03B4, 0x0394, 0x03B4, 0x03B4, 0x03B4, 0x03B4, 0x03D4, 0x03F4, 0x03F4,
  0x03F4, 0x03F4, 0x03D4, 0x03B4, 0x03B4, 0x03B4, 0x03B4, 0x03B4, 0x03B4, 0x03B4, 0x03B4, 0x03B4,
  0x03B4, 0x03B4, 0x03B4, 0x03B4, 0x03B4, 0x03D4, 0x03B4, 0x03B4, 0x03B4, 0x03B4, 0x03D4, 0x0434,
  0x0494, 0x0494, 0x0494, 0x0494, 0x0414, 0x03B4, 0x03B4, 0x0414, 0x0454, 0x0454, 0x0454, 0x0454,
  0x0454, 0x0454, 0x03F4, 0x03B4, 0x0414, 0x0475, 0x0455, 0x0435, 0x0414, 0x03F4, 0x03F4, 0x03D4,
  0x03B4, 0x03B4, 0x03B4, 0x03B4, 0x03B4, 0x03B4, 0x03F4, 0x0474, 0x04D4, 0x04F4, 0x04F4, 0x04F4,
  0x04F4, 0x0514, 0x0555, 0x0554, 0x0554, 0x0534, 0x0534, 0x0534, 0x0534, 0x0554, 0x0554, 0x0554,
  0x0554, 0x0554, 0x0554, 0x0554, 0x0554, 0x0554, 0x0554, 0x0554, 0x0554, 0x0554, 0x0554, 0x0554,
  0x0554, 0x0554, 0x0554, 0x0554, 0x0554, 0x0554, 0x0534, 0x0534, 0x0555, 0x0554, 0x0554, 0x0534,
  0x0534, 0x0514, 0x0514, 0x0514, 0x0514, 0x0514, 0x04F4, 0x0514, 0x0554, 0x0534, 0x0534, 0x0534,
  0x0554, 0x0554, 0x0554, 0x0534, 0xAD55, 0xAD55, 0xAD55, 0xAD55, 0xAD55, 0x8597, 0x065E, 0x069F,
  0x063C, 0x7598, 0x5DD9, 0xCF9F, 0x5F1F, 0x069F, 0xFFFF, 0xFFFF, 0x069F, 0x069F, 0x069F, 0x5F1F,
  0xFFFF, 0xDFBF, 0x069F, 0x069F, 0x069F, 0x06BF, 0xFFFF, 0xFFFF, 0x069F, 0x9F5F, 0xFFFF, 0x9F5F,
  0x069F, 0x069F, 0x069F, 0x7F3F, 0xFFFF, 0xDFBF, 0x069F, 0x069F, 0xDFBF, 0xFFFF, 0xFFFF, 0xFFFF,
  0x8F3F, 0x8F3F, 0xFFFF, 0x9F5F, 0x069F, 0x069F, 0x067E, 0x6DB8, 0xA555, 0xAD55, 0x7D98, 0x067E,
  0x069F, 0x069F, 0x065E, 0x65B9, 0xA555, 0xAD55, 0xAD55, 0xAD55, 0xAD55, 0xAD55, 0xAD55, 0xAD55,
  0xAD55, 0xAD55, 0xAD55, 0xAD55, 0xAD55, 0xAD55, 0xAD55, 0xAD55, 0xAD55, 0xAD55, 0xAD55, 0xAD55,
  0xAD55, 0xAD55, 0xAD55, 0xAD55, 0xAD55, 0xAD55, 0xAD55, 0xAD55, 0x8C51, 0x0861, 0x94B2, 0xAD55,
  0xAD55, 0xAD55, 0xAD55, 0xAD55, 0xAD55, 0xAD55, 0xAD55, 0xAD55, 0xAD55, 0xAD55, 0xAD55, 0xAD55,
  0xAD55, 0xAD55, 0xAD55, 0xAD55, 0xAD55, 0xAD55, 0xAD55, 0xAD55, 0xAD55, 0xAD55, 0x8C31, 0x0000,
  0x0000, 0x0000, 0x01A8, 0x04F5, 0x0494, 0x0494, 0x04D5, 0x04D4, 0x0514, 0x2555, 0x7D55, 0x8D55,
  0x6D34, 0x3534, 0x7534, 0xAD55, 0xAD34, 0xAD35, 0xAD35, 0xAD35, 0xAD35, 0xAD55, 0xAD55, 0xAD55,
  0xAD55, 0xAD54, 0x0473, 0x0474, 0x8555, 0xAD54, 0xAD55, 0x3CF4, 0x0454, 0x0494, 0x0474, 0x0474,
  0x4D34, 0xAD55, 0x059D, 0x059D, 0x059D, 0x059D, 0x059D, 0x059D, 0x059D, 0x059D, 0x059D, 0x059D,
  0x059D, 0x059D, 0x059D, 0x05BD, 0x069E, 0x02AD, 0x0820, 0x0820, 0x3A0B, 0x3A6C, 0x29EA, 0x29CA,
  0x29A9, 0x2188, 0x2188, 0x21A8, 0x29A9, 0x3105, 0x0351, 0x063E, 0x059D, 0x059D, 0x059D, 0x059D,
  0x059D, 0x059D, 0x059D, 0x059D, 0x059D, 0x059D, 0x059D, 0x059D, 0x059D, 0x059D, 0x059D, 0x059D,
  0x059D, 0x059D, 0x057D, 0x05FF, 0x063F, 0x0413, 0xACB3, 0xC5F9, 0x9CD4, 0x7BF1, 0xAD56, 0xFFDE,
  0x528B, 0x5AAC, 0xF7BE, 0xFFDE, 0xC639, 0x632E, 0x5AED, 0x52CC, 0x0884, 0x6B6F, 0xB597, 0x3A09,
  0x39E9, 0x31C8, 0x5AED, 0xB5B8, 0x4A6B, 0x2147, 0x39E9, 0x39E9, 0x2947, 0x31A8, 0x2987, 0x38C4,
  0x0352, 0x067F, 0x059E, 0x059D, 0x059D, 0x059D, 0x059D, 0x059D, 0x059D, 0x059D, 0x059D, 0x059D,
  0x059D, 0x059C, 0x0495, 0x0494, 0x0494, 0x0494, 0x0474, 0x0454, 0x0414, 0x0434, 0x0474, 0x0494,
  0x04D4, 0x04D4, 0x04F4, 0x0534, 0x0555, 0x0555, 0x0554, 0x0554, 0x0554, 0x0554, 0x0554, 0x0534,
  0x0534, 0x0554, 0x0554, 0x0554, 0x0554, 0x0554, 0x0554, 0x0554, 0x0554, 0x0554, 0x0554, 0x0554,
  0x0554, 0x0554, 0x0554, 0x0554, 0x0554, 0x0554, 0x0554, 0x0554, 0x0554, 0x0554, 0x0554, 0x0554,
  0x0554, 0x0554, 0x0554, 0x0554, 0x0534, 0x04F4, 0x0494, 0x0494, 0x0494, 0x0494, 0x0494, 0x0474,
  0x0474, 0x0494, 0x04D4, 0x0514, 0x0554, 0x0554, 0x0555, 0x0554, 0x0554, 0x0554, 0x0554, 0x0554,
  0xAD55, 0xAD55, 0xAD55, 0xAD55, 0x9D55, 0x45FA, 0x069F, 0x069F, 0x65B9, 0x9576, 0x3DFA, 0x069F,
  0x069F, 0x069F, 0xFFFF, 0xFFFF, 0x069F, 0x069F, 0x069F, 0x5F1F, 0xFFFF, 0xDFBF, 0x069F, 0x069F,
  0x069F, 0x069F, 0xFFFF, 0xFFFF, 0x069F, 0x9F5F, 0xFFFF, 0x9F5F, 0x069F, 0x069F, 0x069F, 0x5F1F,
  0xFFFF, 0xDFBF, 0x069F, 0x069F, 0x069F, 0x7F3F, 0x8F3F, 0x06DF, 0x069F, 0xE7DF, 0xE7DF, 0x069F,
  0xAF7F, 0xF7FF, 0xF7FF, 0xD71C, 0xAD55, 0x9D55, 0x35FA, 0x069F, 0x069F, 0x069F, 0x063C, 0x8D97,
  0xAD55, 0xAD55, 0xAD55, 0xAD55, 0xAD55, 0xAD55, 0xAD55, 0xAD55, 0xAD55, 0xAD55, 0xAD55, 0xAD55,
  0xAD55, 0xAD55, 0xAD55, 0xAD55, 0xAD55, 0xAD55, 0xAD55, 0xAD55, 0xAD55, 0xAD55, 0xAD55, 0xAD55,
  0xAD55, 0xAD55, 0xAD55, 0xAD55, 0xAD55, 0x20E4, 0x632C, 0xAD55, 0xAD55, 0xAD55, 0xAD55, 0xAD55,
  0xAD55, 0xAD55, 0xAD55, 0xAD55, 0xAD55, 0xAD55, 0xAD55, 0xAD55, 0xAD55, 0xAD55, 0xAD55, 0xAD55,
  0xAD55, 0xAD55, 0xAD55, 0xAD55, 0xAD55, 0xAD55, 0x7BCF, 0x0000, 0x0000, 0x0000, 0x01A8, 0x04D5,
  0x0495, 0x04B4, 0x04D4, 0x0514, 0x0555, 0x7555, 0x8D55, 0x6534, 0x2534, 0x6D54, 0xA555, 0xAD35,
  0xA535, 0xA535, 0xAD55, 0xAD55, 0xAD55, 0xAD55, 0xAD55, 0xAD55, 0xAD55, 0xA534, 0x0453, 0x0494,
  0x9D55, 0xAD55, 0xA514, 0x3411, 0x0474, 0x0475, 0x0474, 0x0474, 0x1CF4, 0xAD55, 0x059F, 0x059F,
  0x059E, 0x059E, 0x059E, 0x059E, 0x059E, 0x059E, 0x059E, 0x059E, 0x059E, 0x059E, 0x057F, 0x06DF,
  0x03D5, 0x0000, 0x0000, 0x0000, 0x0842, 0x0000, 0x0000, 0x0000, 0x0000, 0x0000, 0x0000, 0x0000,
  0x0000, 0x0000, 0x0021, 0x05BF, 0x05DF, 0x059E, 0x059E, 0x059E, 0x059E, 0x059E, 0x059E, 0x059E,
  0x059E, 0x059E, 0x059E, 0x059E, 0x059E, 0x059E, 0x059E, 0x059E, 0x059E, 0x057E, 0x061F, 0x065F,
  0x026E, 0x2842, 0x6B6F, 0x530F, 0x4AAD, 0x5B2F, 0xC67B, 0x73D1, 0x0000, 0xBDF9, 0xFFFF, 0x9CF5,
  0x08A5, 0x0023, 0x1947, 0x0002, 0x52ED, 0xBE19, 0x31A9, 0x08A5, 0x2147, 0x1106, 0x4A8C, 0x422B,
  0x0044, 0x1907, 0x0064, 0x31EA, 0x1927, 0x0064, 0x08A5, 0x0883, 0x0801, 0x0459, 0x063F, 0x059E,
  0x059E, 0x059E, 0x059E, 0x059E, 0x059E, 0x059E, 0x059E, 0x059E, 0x059E, 0x059E, 0x0434, 0x0495,
  0x0494, 0x0494, 0x0494, 0x0494, 0x0474, 0x04D4, 0x0555, 0x0555, 0x0554, 0x0554, 0x0555, 0x0555,
  0x0555, 0x0554, 0x0554, 0x0554, 0x0554, 0x0554, 0x0534, 0x0554, 0x0554, 0x0554, 0x0554, 0x0554,
  0x0554, 0x0554, 0x0554, 0x0554, 0x0554, 0x0554, 0x0554, 0x0554, 0x0554, 0x0554, 0x0554, 0x0554,
  0x0554, 0x0554, 0x0554, 0x0554, 0x0554, 0x0554, 0x0554, 0x0554, 0x0554, 0x0554, 0x0555, 0x0554,
  0x04F4, 0x0493, 0x0474, 0x0474, 0x0474, 0x0474, 0x0454, 0x0474, 0x04D5, 0x0515, 0x0555, 0x0555,
  0x0555, 0x0555, 0x0555, 0x0554, 0x0554, 0x0554, 0x0554, 0x0554, 0xAD55, 0xAD55, 0xAD55, 0xAD55,
  0x7D98, 0x065D, 0x069F, 0x065E, 0x9576, 0xA555, 0x2DFB, 0x069F, 0x069F, 0x069F, 0xFFFF, 0xFFFF,
  0x069F, 0x069F, 0x069F, 0x5F1F, 0xFFFF, 0xDFBF, 0x069F, 0x069F, 0x069F, 0x069F, 0xFFFF, 0xFFFF,
  0x069F, 0x9F5F, 0xFFFF, 0x9F5F, 0x069F, 0x069F, 0x069F, 0x5F1F, 0xFFFF, 0xDFBF, 0x069F, 0x069F,
  0x069F, 0x069F, 0x069F, 0x069F, 0x8F3F, 0xFFFF, 0x8F3F, 0x8F3F, 0xFFFF, 0xBF9F, 0xC77F, 0xFFFF,
  0xD6DB, 0x6DB8, 0x065E, 0x069F, 0x069F, 0x069F, 0x3DFA, 0xA555, 0xAD55, 0xAD55, 0xAD55, 0xAD55,
  0xAD55, 0xAD55, 0xAD55, 0xAD55, 0xAD55, 0xAD55, 0xAD55, 0xAD55, 0xAD55, 0xAD55, 0xAD55, 0xAD55,
  0xAD55, 0xAD55, 0xAD55, 0xAD55, 0xAD55, 0xAD55, 0xAD55, 0xAD55, 0xAD55, 0xAD55, 0xAD55, 0xAD55,
  0xAD55, 0x4A49, 0x3186, 0xAD55, 0xAD55, 0xAD35, 0xAD35, 0xAD55, 0xAD55, 0xAD55, 0xAD55, 0xAD55,
  0xAD55, 0xAD55, 0xAD55, 0xAD55, 0xAD55, 0xAD55, 0xAD55, 0xAD55, 0xAD55, 0xAD55, 0xAD55, 0xAD55,
  0xAD55, 0xAD55, 0x736E, 0x0000, 0x0000, 0x0000, 0x0167, 0x04B5, 0x04B5, 0x04D5, 0x0514, 0x0555,
  0x6555, 0x7D55, 0x6D34, 0x2534, 0x5534, 0xA555, 0xAD35, 0xAD55, 0xA555, 0xA555, 0xA555, 0xA555,
  0xAD55, 0xAD55, 0xAD55, 0xAD55, 0xAD55, 0x9D34, 0x0453, 0x0494, 0xAD55, 0xAD14, 0x8C10, 0x5C72,
  0x0474, 0x0475, 0x0474, 0x0454, 0x04D4, 0xAD55, 0x05DF, 0x057E, 0x059E, 0x059E, 0x059E, 0x059E,
  0x059E, 0x059E, 0x059E, 0x059E, 0x059E, 0x059F, 0x063F, 0x04DA, 0x0000, 0x0000, 0x0000, 0x0000,
  0x0000, 0x0000, 0x5AAA, 0x4A48, 0x0000, 0x0000, 0x0000, 0x0000, 0x0000, 0x0000, 0x0000, 0x0499,
  0x065F, 0x059E, 0x059E, 0x059E, 0x059E, 0x059E, 0x059E, 0x059E, 0x059E, 0x059E, 0x059E, 0x059E,
  0x059E, 0x059E, 0x059E, 0x059E, 0x057E, 0x061F, 0x06BF, 0x01EA, 0x0000, 0x10A5, 0x1927, 0x1927,
  0x2989, 0x3A4B, 0x73D1, 0x0000, 0x08C6, 0xDF3E, 0x7BF1, 0x0000, 0x0002, 0x08C5, 0x0023, 0x2167,
  0xAD98, 0x3A2B, 0x0002, 0x1106, 0x10E6, 0x10E6, 0x08A5, 0x0001, 0x31E9, 0x1927, 0x0001, 0x29C9,
  0x3A2B, 0x0000, 0x0023, 0x0043, 0x0000, 0x020C, 0x069F, 0x059F, 0x059E, 0x059E, 0x059E, 0x059E,
  0x059E, 0x059E, 0x059E, 0x059E, 0x059E, 0x059D, 0x03B4, 0x03F4, 0x0454, 0x0474, 0x0474, 0x0474,
  0x0474, 0x0494, 0x0535, 0x0554, 0x0555, 0x0554, 0x0554, 0x0555, 0x0555, 0x0555, 0x0554, 0x0555,
  0x0555, 0x0555, 0x0555, 0x0554, 0x0534, 0x0554, 0x0554, 0x0554, 0x0554, 0x0554, 0x0554, 0x0554,
  0x0534, 0x0534, 0x0534, 0x0534, 0x0554, 0x0554, 0x0554, 0x0554, 0x0554, 0x0554, 0x0554, 0x0554,
  0x0554, 0x0554, 0x0554, 0x0554, 0x0554, 0x0554, 0x0534, 0x0554, 0x0534, 0x0534, 0x0514, 0x04F4,
  0x04B3, 0x0493, 0x0493, 0x0514, 0x0555, 0x0554, 0x0554, 0x0554, 0x0554, 0x0554, 0x0554, 0x0554,
  0x0555, 0x0555, 0x0555, 0x0555, 0xAD55, 0xAD55, 0xAD55, 0xA555, 0x45DA, 0x069F, 0x067F, 0x45FA,
  0x9D55, 0xA555, 0x4DDA, 0x069F, 0x069F, 0x069F, 0xFFFF, 0xFFFF, 0x069F, 0x069F, 0x069F, 0x5F1F,
  0xFFFF, 0xDFBF, 0x069F, 0x069F, 0x069F, 0x069F, 0xFFFF, 0xFFFF, 0x069F, 0x9F5F, 0xFFFF, 0x9F5F,
  0x069F, 0x069F, 0x069F, 0x5F1F, 0xFFFF, 0xDFBF, 0x069F, 0x069F, 0x069F, 0x069F, 0x069F, 0x069F,
  0xE7DF, 0xE7DF, 0x069F, 0xDFBF, 0xFFFF, 0x06BF, 0x069F, 0xFFFF, 0xE79E, 0x061C, 0x069F, 0x069F,
  0x069F, 0x065E, 0x75B8, 0xAD55, 0xAD55, 0xAD55, 0xAD55, 0xAD55, 0xAD55, 0xAD55, 0xAD55, 0xAD55,
  0xAD55, 0xAD55, 0xAD55, 0xAD55, 0xAD55, 0xAD55, 0xAD55, 0xAD55, 0xAD55, 0xAD55, 0xAD55, 0xAD55,
  0xAD55, 0xAD55, 0xAD55, 0xAD55, 0xAD55, 0xAD55, 0xAD55, 0xAD55, 0xAD55, 0x94B2, 0x0000, 0x5AAB,
  0xAD55, 0xAD55, 0xAD35, 0xAD55, 0xAD55, 0xAD55, 0xAD55, 0xAD55, 0xAD55, 0xAD55, 0xAD55, 0xAD55,
  0xAD55, 0xAD55, 0xAD55, 0xAD55, 0xAD55, 0xAD55, 0xAD55, 0xAD55, 0xAD55, 0xAD55, 0x630C, 0x0000,
  0x0000, 0x0000, 0x0147, 0x04D5, 0x04D5, 0x04F4, 0x0554, 0x4555, 0x7555, 0x6D35, 0x2D34, 0x4D34,
  0x9555, 0xAD35, 0xAD35, 0xAD54, 0xA555, 0xA555, 0xA555, 0xA555, 0xAD55, 0xAD55, 0xAD55, 0xAD55,
  0xAD55, 0x8D14, 0x0453, 0x04B5, 0xAD55, 0x9451, 0xA4D2, 0x8D55, 0x0454, 0x0475, 0x0474, 0x0434,
  0x04B4, 0xAD55, 0x05DF, 0x05BF, 0x059E, 0x059E, 0x059E, 0x059E, 0x059E, 0x059E, 0x059E, 0x059E,
  0x059E, 0x059F, 0x069F, 0x01EB, 0x0000, 0x0000, 0x0000, 0x0000, 0x0000, 0x1082, 0x632D, 0x8451,
  0x4249, 0x0000, 0x0000, 0x0000, 0x0000, 0x0000, 0x0000, 0x0331, 0x069F, 0x059F, 0x059E, 0x059E,
  0x059E, 0x059E, 0x059E, 0x059E, 0x059E, 0x059E, 0x059E, 0x059E, 0x059E, 0x059E, 0x059E, 0x057E,
  0x061F, 0x063F, 0x0189, 0x0000, 0x0001, 0x10C5, 0x0084, 0x2148, 0x0885, 0x1906, 0x10A4, 0x0000,
  0x422B, 0x632F, 0x0000, 0x0001, 0x0044, 0x0043, 0x0064, 0x52AD, 0x2147, 0x0001, 0x00C5, 0x0064,
  0x0064, 0x0064, 0x0024, 0x0002, 0x29A8, 0x0024, 0x0002, 0x0022, 0x41EA, 0x0864, 0x0023, 0x0002,
  0x0000, 0x0063, 0x059E, 0x05FF, 0x059E, 0x059E, 0x059E, 0x059E, 0x059E, 0x059E, 0x059E, 0x059E,
  0x059E, 0x059D, 0x0394, 0x0394, 0x03D4, 0x0475, 0x0474, 0x0474, 0x0474, 0x0455, 0x0494, 0x04B4,
  0x04B4, 0x0494, 0x0454, 0x0434, 0x0433, 0x0434, 0x0434, 0x0434, 0x0434, 0x0434, 0x04D5, 0x0555,
  0x0554, 0x0554, 0x0554, 0x0554, 0x0554, 0x0554, 0x0554, 0x0554, 0x0554, 0x0554, 0x0554, 0x0554,
  0x0554, 0x0554, 0x0554, 0x0554, 0x0554, 0x0554, 0x0554, 0x0554, 0x0554, 0x0554, 0x0554, 0x0554,
  0x0554, 0x0554, 0x0554, 0x0554, 0x0554, 0x0555, 0x0554, 0x0554, 0x0554, 0x0534, 0x0534, 0x0554,
  0x0554, 0x0554, 0x0554, 0x0554, 0x0554, 0x0554, 0x0554, 0x0554, 0x0554, 0x0554, 0x0554, 0x0554,
  0xAD55, 0xAD55, 0xAD55, 0x8D76, 0x063C, 0x069F, 0x065E, 0x7D97, 0xA555, 0xAD55, 0x65B9, 0x069F,
  0x069F, 0x069F, 0xFFFF, 0xFFFF, 0x069F, 0x069F, 0x069F, 0x3EFF, 0xFFFF, 0xE7DF, 0x069F, 0x069F,
  0x069F, 0x3EFF, 0xFFFF, 0xDFBF, 0x069F, 0x8F3F, 0xFFFF, 0xBF9F, 0x069F, 0x069F, 0x069F, 0x8F3F,
  0xFFFF, 0xAF7F, 0x069F, 0x069F, 0x069F, 0x069F, 0x069F, 0x9F5F, 0xFFFF, 0x8F3F, 0x069F, 0xDFBF,
  0xFFFF, 0x069F, 0x069F, 0xFFFF, 0xDFBF, 0x067F, 0x069F, 0x069F, 0x069F, 0x2DFB, 0x9576, 0xAD55,
  0xAD55, 0xAD55, 0xAD55, 0xAD55, 0xAD55, 0xAD55, 0xAD55, 0xAD55, 0xAD55, 0xAD55, 0xAD55, 0xAD55,
  0xAD55, 0xAD55, 0xAD55, 0xAD55, 0xAD55, 0xAD55, 0xAD55, 0xAD55, 0xAD55, 0xAD55, 0xAD55, 0xAD55,
  0xAD55, 0xAD55, 0xAD55, 0xAD55, 0xAD55, 0xAD55, 0x1082, 0x0000, 0x9471, 0xAD55, 0xAD35, 0xAD55,
  0xAD55, 0xAD55, 0xAD55, 0xAD55, 0xAD55, 0xAD55, 0xAD55, 0xAD55, 0xAD55, 0xAD55, 0xAD55, 0xAD55,
  0xAD55, 0xAD55, 0xAD55, 0xAD55, 0xAD55, 0xAD55, 0x5ACB, 0x0000, 0x0000, 0x0000, 0x0188, 0x0515,
  0x0515, 0x0534, 0x0555, 0x5D55, 0x7555, 0x4534, 0x2534, 0x8555, 0xAD55, 0xAD35, 0xAD34, 0xAD54,
  0xAD54, 0xAD55, 0xAD55, 0xAD55, 0xAD55, 0xAD55, 0xAD55, 0xAD35, 0xAD55, 0x7CF3, 0x0413, 0x0515,
  0x8CB2, 0x8410, 0xAD55, 0x9534, 0x0454, 0x0454, 0x0474, 0x0454, 0x0494, 0x9D55, 0x0372, 0x06BF,
  0x059E, 0x059E, 0x059E, 0x059E, 0x059E, 0x059E, 0x059E, 0x059E, 0x059E, 0x059F, 0x069F, 0x02CE,
  0x0000, 0x0000, 0x0000, 0x0000, 0x0000, 0x1082, 0x2967, 0x4A8B, 0x2986, 0x0000, 0x0000, 0x0000,
  0x0000, 0x0000, 0x0000, 0x01C9, 0x067F, 0x059F, 0x059E, 0x059E, 0x059E, 0x059E, 0x059E, 0x059E,
  0x059E, 0x059E, 0x059E, 0x059E, 0x059E, 0x059E, 0x059E, 0x05BF, 0x063F, 0x02CF, 0x0800, 0x0000,
  0x0022, 0x0001, 0x0002, 0x10E6, 0x0001, 0x0001, 0x0000, 0x0863, 0x39E9, 0x0000, 0x0000, 0x0002,
  0x0002, 0x0000, 0x08A5, 0x2147, 0x0001, 0x0003, 0x0003, 0x0002, 0x0002, 0x0002, 0x0000, 0x2947,
  0x422A, 0x0000, 0x0002, 0x0822, 0x630E, 0x630E, 0x0001, 0x2967, 0x0002, 0x0000, 0x0436, 0x067F,
  0x059E, 0x059E, 0x059E, 0x059E, 0x059E, 0x059E, 0x059E, 0x059E, 0x059E, 0x059D, 0x0087, 0x00A8,
  0x00C8, 0x0129, 0x018A, 0x020C, 0x028E, 0x0330, 0x03D3, 0x0454, 0x0454, 0x0434, 0x0414, 0x03D4,
  0x03B3, 0x03B4, 0x03B4, 0x03B4, 0x03B4, 0x0394, 0x03D4, 0x04D4, 0x0555, 0x0554, 0x0554, 0x0554,
  0x0554, 0x0554, 0x0554, 0x0554, 0x0554, 0x0554, 0x0554, 0x0554, 0x0554, 0x0554, 0x0554, 0x0554,
  0x0554, 0x0554, 0x0554, 0x0554, 0x0554, 0x0554, 0x0554, 0x0554, 0x0554, 0x0554, 0x0554, 0x0554,
  0x0554, 0x0554, 0x0554, 0x0554, 0x0554, 0x0555, 0x0554, 0x0554, 0x0554, 0x0554, 0x0554, 0x0554,
  0x0554, 0x0554, 0x0554, 0x0554, 0x0554, 0x0554, 0x0554, 0x0554, 0xAD55, 0xAD55, 0xAD55, 0x65B9,
  0x065E, 0x069F, 0x061C, 0x9D76, 0xAD55, 0xAD55, 0x7D97, 0x067E, 0x069F, 0x069F, 0xFFFF, 0xFFFF,
  0x069F, 0x069F, 0x069F, 0x069F, 0xF7FF, 0xFFFF, 0x06DF, 0x069F, 0x069F, 0x8F3F, 0xFFFF, 0xBF9F,
  0x069F, 0x3EFF, 0xFFFF, 0xE7DF, 0x069F, 0x069F, 0x069F, 0xCF9F, 0xFFFF, 0x8F3F, 0x069F, 0x069F,
  0x069F, 0x069F, 0x069F, 0xF7FF, 0xE7DF, 0x069F, 0x069F, 0xCF9F, 0xFFFF, 0x06DF, 0x06DF, 0xFFFF,
  0xDFBF, 0x069F, 0x069F, 0x069F, 0x069F, 0x35FB, 0x9576, 0xAD55, 0xAD55, 0xAD55, 0xAD55, 0xAD55,
  0xAD55, 0xAD55, 0xAD55, 0xAD55, 0xAD55, 0xAD55, 0xAD55, 0xAD55, 0xAD55, 0xAD55, 0xAD55, 0xAD55,
  0xAD55, 0xAD55, 0xAD55, 0xAD55, 0xAD55, 0xAD55, 0xAD55, 0xAD55, 0xAD55, 0xAD55, 0xAD55, 0xAD55,
  0xAD35, 0xAD55, 0x8410, 0x0000, 0x0861, 0xA534, 0xAD55, 0xAD35, 0xAD35, 0xAD35, 0xAD55, 0xAD55,
  0xAD55, 0xAD55, 0xAD55, 0xAD55, 0xAD55, 0xAD55, 0xAD55, 0xAD55, 0xAD55, 0xAD35, 0xAD35, 0xAD35,
  0xAD55, 0xAD55, 0x4A49, 0x0000, 0x0000, 0x0000, 0x020A, 0x0555, 0x0514, 0x0535, 0x4555, 0x6555,
  0x5D35, 0x3534, 0x6555, 0x9D55, 0xAD35, 0xAD34, 0xAD34, 0xAD54, 0xAD54, 0xAD55, 0xAD55, 0xAD55,
  0xAD55, 0xAD55, 0xAD55, 0xAD35, 0xAD55, 0x74F4, 0x0434, 0x0494, 0x8C10, 0xA514, 0xAD54, 0xA534,
  0x0473, 0x0454, 0x0455, 0x0454, 0x0494, 0x8D55, 0x1061, 0x057D, 0x065F, 0x059E, 0x059E, 0x059E,
  0x059E, 0x059E, 0x059E, 0x059E, 0x059E, 0x059F, 0x069F, 0x03B2, 0x0000, 0x0000, 0x0000, 0x0000,
  0x0000, 0x0000, 0x0862, 0x0020, 0x0000, 0x0000, 0x0000, 0x0000, 0x0000, 0x0000, 0x0000, 0x00C4,
  0x05DF, 0x05DF, 0x059E, 0x059E, 0x059E, 0x059E, 0x059E, 0x059E, 0x059E, 0x059E, 0x059E, 0x059E,
  0x059E, 0x059E, 0x059F, 0x069F, 0x02CF, 0x0188, 0x0106, 0x0000, 0x0000, 0x0000, 0x0002, 0x0844,
  0x0000, 0x0000, 0x0000, 0x2967, 0x0022, 0x0000, 0x0001, 0x0001, 0x0001, 0x0022, 0x39E9, 0x0021,
  0x0000, 0x0001, 0x0001, 0x0001, 0x0001, 0x0001, 0x0001, 0x738E, 0x2105, 0x0000, 0x0000, 0x18C4,
  0xC63A, 0x9D16, 0x0000, 0x2966, 0x18E6, 0x0000, 0x23D3, 0x061F, 0x059F, 0x059E, 0x059E, 0x059E,
  0x059E, 0x059E, 0x059E, 0x059E, 0x059E, 0x059D, 0x0087, 0x0087, 0x0087, 0x0087, 0x0087, 0x0087,
  0x0087, 0x0087, 0x0087, 0x00C8, 0x01AB, 0x02CF, 0x03F3, 0x0475, 0x0454, 0x0454, 0x0454, 0x0454,
  0x0455, 0x0455, 0x0434, 0x0434, 0x04D4, 0x0555, 0x0554, 0x0554, 0x0534, 0x0554, 0x0554, 0x0554,
  0x0554, 0x0554, 0x0554, 0x0554, 0x0554, 0x0554, 0x0554, 0x0554, 0x0554, 0x0554, 0x0554, 0x0554,
  0x0554, 0x0554, 0x0554, 0x0554, 0x0554, 0x0554, 0x0554, 0x0554, 0x0554, 0x0554, 0x0554, 0x0554,
  0x0554, 0x0554, 0x0554, 0x0554, 0x0554, 0x0554, 0x0554, 0x0554, 0x0554, 0x0554, 0x0554, 0x0554,
  0x0554, 0x0554, 0x0554, 0x0554, 0xAD55, 0xAD55, 0xA555, 0x25FB, 0x067F, 0x067F, 0x45FA, 0xA555,
  0xAD55, 0xAD55, 0x9576, 0x063C, 0x067F, 0x069F, 0xFFFF, 0xFFFF, 0x069F, 0x069F, 0x069F, 0x069F,
  0xAF7F, 0xFFFF, 0xDFBF, 0x06DF, 0x5F1F, 0xF7FF, 0xFFFF, 0x5F1F, 0x069F, 0x069F, 0xDFBF, 0xFFFF,
  0xAF7F, 0x06BF, 0x8F3F, 0xFFFF, 0xF7FF, 0x069F, 0x069F, 0x069F, 0x069F, 0x069F, 0x9F5F, 0xFFFF,
  0x8F3F, 0x069F, 0x069F, 0x7F3F, 0xFFFF, 0xE7DF, 0xE7DF, 0xFFFF, 0x7F3F, 0x069F, 0x069F, 0x069F,
  0x069F, 0x065D, 0x7D98, 0xAD55, 0xAD55, 0xAD55, 0xAD55, 0xAD55, 0xAD55, 0xAD55, 0xAD55, 0xAD55,
  0xAD55, 0xAD55, 0xAD55, 0xAD55, 0xAD55, 0xAD55, 0xAD55, 0xAD55, 0xAD55, 0xAD55, 0xAD55, 0xAD55,
  0xAD55, 0xAD55, 0xAD55, 0xAD55, 0xAD55, 0xAD55, 0xAD55, 0xAD55, 0xAD35, 0xAD55, 0xAD55, 0x3186,
  0x0000, 0x3186, 0xAD55, 0xAD55, 0xAD35, 0xAD35, 0xAD35, 0xAD55, 0xAD55, 0xAD55, 0xAD55, 0xAD55,
  0xAD55, 0xAD55, 0xAD55, 0xAD55, 0xAD55, 0xAD35, 0xAD35, 0xAD35, 0xAD55, 0xAD55, 0x29A7, 0x0000,
  0x0000, 0x0000, 0x028B, 0x0555, 0x0534, 0x0555, 0x5D55, 0x6D35, 0x3D34, 0x4554, 0x9555, 0xAD55,
  0xAD34, 0xAD34, 0xAD35, 0xAD55, 0xAD55, 0xAD55, 0xAD55, 0xAD55, 0xAD55, 0xAD55, 0xAD35, 0xAD34,
  0xAD55, 0x6CF4, 0x0454, 0x03F2, 0xA4B3, 0xAD55, 0xAD54, 0xAD34, 0x0473, 0x0454, 0x0455, 0x0455,
  0x0474, 0x7D34, 0x1000, 0x0127, 0x065F, 0x05DF, 0x059E, 0x059E, 0x059E, 0x059E, 0x059E, 0x059E,
  0x059E, 0x059F, 0x065F, 0x0436, 0x0000, 0x0000, 0x0000, 0x0000, 0x10A6, 0x8410, 0x0861, 0x0000,
  0x0000, 0x0905, 0x08E5, 0x08C4, 0x0000, 0x0000, 0x0000, 0x0002, 0x055D, 0x061F, 0x059E, 0x059E,
  0x059E, 0x059E, 0x059E, 0x059E, 0x059E, 0x059E, 0x059E, 0x059E, 0x059E, 0x057E, 0x065F, 0x0478,
  0x0352, 0x03F5, 0x0000, 0x0000, 0x0000, 0x0000, 0x0022, 0x0863, 0x0000, 0x0000, 0x1083, 0x0842,
  0x0000, 0x0000, 0x0000, 0x0000, 0x0000, 0x4209, 0x2946, 0x0000, 0x0000, 0x0000, 0x0000, 0x0000,
  0x0000, 0x0000, 0x31A8, 0x31A7, 0x0000, 0x0000, 0x0000, 0x0000, 0x9CF5, 0xD6DD, 0x52AC, 0x0000,
  0x73D1, 0x83F2, 0x736F, 0x053D, 0x05DF, 0x059E, 0x059E, 0x059E, 0x059E, 0x059E, 0x059E, 0x059E,
  0x059E, 0x059D, 0x0087, 0x0087, 0x0087, 0x0087, 0x0087, 0x0087, 0x0087, 0x0087, 0x0087, 0x0087,
  0x0087, 0x0087, 0x0087, 0x014A, 0x028E, 0x03F3, 0x0474, 0x0454, 0x0474, 0x0475, 0x0474, 0x0454,
  0x0414, 0x0494, 0x0534, 0x0554, 0x0554, 0x0554, 0x0554, 0x0554, 0x0554, 0x0554, 0x0554, 0x0554,
  0x0554, 0x0554, 0x0554, 0x0554, 0x0554, 0x0554, 0x0554, 0x0554, 0x0554, 0x0554, 0x0554, 0x0554,
  0x0554, 0x0554, 0x0554, 0x0554, 0x0554, 0x0554, 0x0554, 0x0554, 0x0554, 0x0554, 0x0554, 0x0554,
  0x0554, 0x0554, 0x0554, 0x0554, 0x0554, 0x0554, 0x0554, 0x0554, 0x0554, 0x0554, 0x0554, 0x0554,
  0xAD55, 0xAD55, 0x8D76, 0x063C, 0x069F, 0x067E, 0x55DA, 0xA555, 0xAD55, 0xAD55, 0x8D97, 0x063C,
  0x067F, 0x069F, 0xFFFF, 0xFFFF, 0x069F, 0x069F, 0x069F, 0x069F, 0x069F, 0xDFBF, 0xFFFF, 0xFFFF,
  0xFFFF, 0xFFFF, 0x9F5F, 0x069F, 0x069F, 0x069F, 0x06DF, 0xF7FF, 0xFFFF, 0xFFFF, 0xFFFF, 0xF7FF,
  0x7F3F, 0x069F, 0x069F, 0x069F, 0x069F, 0x069F, 0xCF9F, 0xCF9F, 0x069F, 0x069F, 0x069F, 0x069F,
  0x7F3F, 0xCF9F, 0xCF9F, 0x7F3F, 0x069F, 0x069F, 0x069F, 0x069F, 0x069F, 0x067F, 0x65B9, 0xAD55,
  0xAD55, 0xAD55, 0xAD55, 0xAD55, 0xAD55, 0xAD55, 0xAD55, 0xAD55, 0xAD55, 0xAD55, 0xAD55, 0xAD55,
  0xAD55, 0xAD55, 0xAD55, 0xAD55, 0xAD55, 0xAD55, 0xAD55, 0xAD55, 0xAD55, 0xAD55, 0xAD55, 0xAD55,
  0xAD55, 0xAD55, 0xAD55, 0xAD55, 0xAD35, 0xAD35, 0xAD55, 0xA4F4, 0x0000, 0x0000, 0x5ACB, 0xAD55,
  0xAD35, 0xAD35, 0xAD35, 0xAD55, 0xAD55, 0xAD55, 0xAD55, 0xAD55, 0xAD55, 0xAD55, 0xAD55, 0xAD55,
  0xAD55, 0xAD35, 0xAD35, 0xAD35, 0xAD55, 0x7C92, 0x0000, 0x0000, 0x0000, 0x0000, 0x030D, 0x0555,
  0x0555, 0x4555, 0x6D35, 0x5534, 0x2D34, 0x7D55, 0xAD35, 0xAD35, 0xAD34, 0xAD34, 0xAD34, 0xAD55,
  0xAD55, 0xAD55, 0xAD55, 0xAD55, 0xAD55, 0xAD55, 0xAD35, 0xAD35, 0xAD55, 0x4CD4, 0x0413, 0x04B4,
  0xAD55, 0xAD54, 0xAD54, 0xAD34, 0x0473, 0x0434, 0x0454, 0x0454, 0x0454, 0x6D34, 0x0801, 0x0000,
  0x03D5, 0x06BF, 0x057E, 0x059E, 0x059E, 0x059E, 0x059E, 0x059E, 0x059E, 0x059E, 0x061F, 0x051C,
  0x0000, 0x0000, 0x00B0, 0x1ABC, 0xBE9F, 0xE719, 0x0840, 0x0000, 0x0001, 0x222D, 0x3AEF, 0x19CB,
  0x0000, 0x424A, 0x3A4B, 0x5208, 0x065E, 0x059F, 0x059E, 0x059E, 0x059E, 0x059E, 0x059E, 0x059E,
  0x059E, 0x059E, 0x059E, 0x059E, 0x059E, 0x05BF, 0x05BE, 0x020B, 0x061F, 0x0310, 0x0000, 0x0000,
  0x0000, 0x0000, 0x1083, 0x0841, 0x0000, 0x0001, 0x10A3, 0x0000, 0x0000, 0x0000, 0x0000, 0x0000,
  0x2125, 0x39E8, 0x0000, 0x0000, 0x0000, 0x0000, 0x0000, 0x0000, 0x0000, 0x18C4, 0x3167, 0x0000,
  0x0000, 0x0000, 0x0000, 0x0000, 0x39E8, 0xADB9, 0x8453, 0x0000, 0x634E, 0x8CF7, 0x61C7, 0x0393,
  0x065F, 0x059E, 0x059E, 0x059E, 0x059E, 0x059E, 0x059E, 0x059E, 0x059E, 0x059D, 0x0087, 0x0087,
  0x0087, 0x0087, 0x0087, 0x0087, 0x0087, 0x0087, 0x0087, 0x0087, 0x0087, 0x0087, 0x0087, 0x0087,
  0x0087, 0x0087, 0x01AB, 0x0331, 0x0434, 0x0414, 0x0414, 0x0473, 0x04B4, 0x04D4, 0x0534, 0x0555,
  0x0554, 0x0554, 0x0554, 0x0554, 0x0554, 0x0554, 0x0554, 0x0554, 0x0554, 0x0554, 0x0554, 0x0554,
  0x0554, 0x0554, 0x0554, 0x0554, 0x0555, 0x0555, 0x0555, 0x0555, 0x0555, 0x0555, 0x0554, 0x0554,
  0x0554, 0x0554, 0x0554, 0x0554, 0x0554, 0x0554, 0x0554, 0x0554, 0x0554, 0x0554, 0x0554, 0x0554,
  0x0554, 0x0554, 0x0554, 0x0554, 0x0554, 0x0554, 0x0554, 0x0554, 0xAD55, 0xAD55, 0x7D97, 0x065E,
  0x069F, 0x067F, 0x25FB, 0x9D55, 0xA555, 0x9576, 0x45FA, 0x067F, 0x069F, 0x069F, 0x5F1F, 0x5F1F,
  0x069F, 0x069F, 0x069F, 0x069F, 0x069F, 0x069F, 0x7F3F, 0x9F5F, 0x8F3F, 0x3EFF, 0x069F, 0x069F,
  0x069F, 0x069F, 0x069F, 0x069F, 0x8F3F, 0x9F5F, 0x8F3F, 0x06BF, 0x069F, 0x069F, 0x069F, 0x069F,
  0x069F, 0x069F, 0x069F, 0x069F, 0x069F, 0x069F, 0x069F, 0x069F, 0x069F, 0x069F, 0x069F, 0x069F,
  0x069F, 0x069F, 0x069F, 0x069F, 0x069F, 0x063D, 0x8597, 0xAD55, 0xAD55, 0xAD55, 0xAD55, 0xAD55,
  0xAD55, 0xAD55, 0xAD55, 0xAD55, 0xAD55, 0xAD55, 0xAD55, 0xAD55, 0xAD55, 0xAD55, 0xAD55, 0xAD55,
  0xAD55, 0xAD55, 0xAD55, 0xAD55, 0xAD55, 0xAD55, 0xAD55, 0xAD55, 0xAD55, 0xAD55, 0xAD55, 0xAD55,
  0xAD35, 0xAD35, 0xAD55, 0xAD55, 0x4A49, 0x0000, 0x0000, 0x9CD3, 0xAD55, 0xAD35, 0xAD35, 0xAD55,
  0xAD55, 0xAD55, 0xAD55, 0xAD55, 0xAD55, 0xAD55, 0xAD55, 0xAD55, 0xAD55, 0xAD35, 0xAD35, 0xAD55,
  0xAD55, 0x032E, 0x0000, 0x0000, 0x0000, 0x0000, 0x038F, 0x0555, 0x1555, 0x6535, 0x7535, 0x3534,
  0x5554, 0xA555, 0xAD35, 0xAD34, 0xAD34, 0xAD34, 0xAD34, 0xAD55, 0xAD55, 0xAD55, 0xAD55, 0xAD55,
  0xAD55, 0xAD55, 0xAD35, 0xAD35, 0xAD55, 0x3CB3, 0x03F3, 0x2D15, 0xAD55, 0xAD34, 0xAD55, 0xAD34,
  0x0473, 0x0434, 0x0455, 0x0455, 0x0454, 0x6D34, 0x0842, 0x0000, 0x0000, 0x051B, 0x061F, 0x059E,
  0x059E, 0x059E, 0x059E, 0x059E, 0x059E, 0x059E, 0x067F, 0x061C, 0x0089, 0x003A, 0x645F, 0x8471,
  0x39A3, 0x0000, 0x0000, 0x0000, 0x0000, 0x1969, 0x2A6E, 0x0063, 0x0000, 0x94D4, 0xADF8, 0xAC91,
  0x6E7D, 0x059F, 0x059E, 0x059E, 0x059E, 0x059E, 0x059E, 0x059E, 0x059E, 0x059E, 0x059E, 0x059E,
  0x059E, 0x065F, 0x0331, 0x0394, 0x06BF, 0x0084, 0x0000, 0x0000, 0x0000, 0x0000, 0x0820, 0x0000,
  0x0000, 0x0842, 0x0000, 0x0000, 0x0000, 0x0000, 0x0000, 0x0000, 0x4209, 0x0862, 0x0000, 0x0000,
  0x0000, 0x0000, 0x0000, 0x0000, 0x0001, 0x2946, 0x0000, 0x0001, 0x0021, 0x0000, 0x0000, 0x0000,
  0x10A3, 0x6350, 0x4AAD, 0x0020, 0x0021, 0x0000, 0x1062, 0x2A2A, 0x05BF, 0x05DF, 0x059E, 0x059E,
  0x059E, 0x059E, 0x059E, 0x059E, 0x059E, 0x059D, 0x0087, 0x0087, 0x0087, 0x0087, 0x0087, 0x0087,
  0x0087, 0x0087, 0x0087, 0x0087, 0x0087, 0x0087, 0x0087, 0x0087, 0x0087, 0x0087, 0x0087, 0x0087,
  0x012A, 0x02AF, 0x0433, 0x0534, 0x0555, 0x0555, 0x0554, 0x0555, 0x0554, 0x0554, 0x0554, 0x0554,
  0x0554, 0x0554, 0x0554, 0x0554, 0x0554, 0x0554, 0x0554, 0x0554, 0x0554, 0x0554, 0x0554, 0x0554,
  0x0555, 0x0555, 0x0555, 0x0555, 0x0555, 0x0555, 0x0554, 0x0554, 0x0554, 0x0554, 0x0554, 0x0554,
  0x0554, 0x0554, 0x0554, 0x0554, 0x0554, 0x0554, 0x0554, 0x0554, 0x0554, 0x0554, 0x0554, 0x0554,
  0x0554, 0x0554, 0x0554, 0x0554, 0xAD55, 0xAD55, 0x75B8, 0x065E, 0x069F, 0x069F, 0x065E, 0x55D9,
  0x75B8, 0x061B, 0x067F, 0x069F, 0x069F, 0x069F, 0x069F, 0x069F, 0x069F, 0x069F, 0x069F, 0x069F,
  0x069F, 0x069F, 0x069F, 0x069F, 0x069F, 0x069F, 0x069F, 0x069F, 0x069F, 0x069F, 0x069F, 0x069F,
  0x069F, 0x069F, 0x069F, 0x069F, 0x069F, 0x069F, 0x069F, 0x069F, 0x069F, 0x069F, 0x069F, 0x069F,
  0x069F, 0x069F, 0x069F, 0x069F, 0x069F, 0x069F, 0x069F, 0x069F, 0x069F, 0x069F, 0x069F, 0x069F,
  0x069F, 0x5DD9, 0xA555, 0xAD55, 0xAD55, 0xAD55, 0xAD55, 0xAD55, 0xAD55, 0xAD55, 0xAD55, 0xAD55,
  0xAD55, 0xAD55, 0xAD55, 0xAD55, 0xAD55, 0xAD55, 0xAD55, 0xAD55, 0xAD55, 0xAD55, 0xAD55, 0xAD55,
  0xAD55, 0xAD55, 0xAD55, 0xAD55, 0xAD55, 0xAD55, 0xAD55, 0xAD55, 0xAD55, 0xAD55, 0xAD55, 0xAD55,
  0xA4F4, 0x0821, 0x0000, 0x2925, 0xAD55, 0xAD55, 0xAD35, 0xAD55, 0xAD55, 0xAD55, 0xAD55, 0xAD55,
  0xAD55, 0xAD55, 0xAD55, 0xAD55, 0xAD55, 0xA535, 0xAD35, 0xAD55, 0x3D35, 0x02AE, 0x0000, 0x0000,
  0x0000, 0x0000, 0x03AF, 0x0555, 0x5555, 0x7D35, 0x5534, 0x4534, 0x9555, 0xAD35, 0xAD35, 0xAD55,
  0xAD55, 0xAD55, 0xAD55, 0xAD55, 0xAD55, 0xAD55, 0xAD55, 0xAD55, 0xAD55, 0xAD35, 0xAD35, 0xAD34,
  0xAD55, 0x1CD4, 0x0413, 0x4D14, 0xAD55, 0xAD34, 0xAD55, 0xAD54, 0x0473, 0x0414, 0x03F4, 0x03B4,
  0x03B4, 0x64F4, 0x026C, 0x0000, 0x0000, 0x0374, 0x073F, 0x059E, 0x059E, 0x059E, 0x059E, 0x059E,
  0x05DE, 0x05DF, 0x045D, 0x029B, 0x01FD, 0x63B8, 0x4A8D, 0x0090, 0x01B8, 0x021A, 0x8CFC, 0xB593,
  0x0000, 0x0908, 0x224C, 0x0000, 0x0000, 0xCE7A, 0xD6DA, 0x734E, 0x75DA, 0x059F, 0x059F, 0x059E,
  0x059E, 0x059E, 0x059E, 0x059E, 0x059E, 0x059E, 0x059E, 0x059F, 0x059F, 0x059F, 0x03F4, 0x061F,
  0x04FB, 0x0000, 0x0000, 0x0000, 0x0000, 0x0000, 0x0000, 0x0000, 0x0000, 0x0841, 0x0000, 0x0000,
  0x0000, 0x0000, 0x0000, 0x1082, 0x10A3, 0x0000, 0x0000, 0x0000, 0x0000, 0x0001, 0x0000, 0x0000,
  0x10C5, 0x0000, 0x0000, 0x10A4, 0x0842, 0x0000, 0x0000, 0x0021, 0x10C4, 0x424B, 0x29A8, 0x0021,
  0x0000, 0x0000, 0x0021, 0x020B, 0x0478, 0x063F, 0x059F, 0x059E, 0x059E, 0x059E, 0x059E, 0x059E,
  0x059E, 0x059D, 0x0087, 0x0087, 0x0087, 0x0087, 0x0087, 0x0087, 0x0087, 0x0087, 0x0087, 0x0087,
  0x0087, 0x0087, 0x0087, 0x0087, 0x0087, 0x0087, 0x0087, 0x0087, 0x0087, 0x0087, 0x018A, 0x0432,
  0x0554, 0x0554, 0x0554, 0x0555, 0x0555, 0x0554, 0x0554, 0x0555, 0x0555, 0x0554, 0x0554, 0x0554,
  0x0554, 0x0554, 0x0554, 0x0554, 0x0554, 0x0554, 0x0554, 0x0554, 0x0554, 0x0554, 0x0554, 0x0554,
  0x0554, 0x0554, 0x0554, 0x0554, 0x0554, 0x0554, 0x0554, 0x0554, 0x0554, 0x0554, 0x0554, 0x0554,
  0x0554, 0x0554, 0x0554, 0x0554, 0x0554, 0x0554, 0x0554, 0x0554, 0x0554, 0x0554, 0x0554, 0x0554,
  0xAD55, 0xAD55, 0x7D97, 0x065E, 0x069F, 0x069F, 0x069F, 0x065E, 0x065E, 0x067F, 0x069F, 0x069F,
  0x063D, 0x067E, 0x069F, 0x069F, 0x069F, 0x069F, 0x069F, 0x069F, 0x069F, 0x069F, 0x069F, 0x069F,
  0x069F, 0x069F, 0x069F, 0x069F, 0x069F, 0x069F, 0x069F, 0x069F, 0x069F, 0x069F, 0x069F, 0x069F,
  0x069F, 0x069F, 0x069F, 0x069F, 0x069F, 0x069F, 0x069F, 0x069F, 0x069F, 0x069F, 0x069F, 0x069F,
  0x069F, 0x069F, 0x069F, 0x069F, 0x069F, 0x069F, 0x069F, 0x067F, 0x063C, 0x8D76, 0xAD55, 0xAD55,
  0xAD55, 0xAD55, 0xAD55, 0xAD55, 0xAD55, 0xAD55, 0xAD55, 0xAD55, 0xAD55, 0xAD55, 0xAD55, 0xAD55,
  0xAD55, 0xAD55, 0xAD55, 0xAD55, 0xAD55, 0xAD55, 0xAD55, 0xAD55, 0xAD55, 0xAD55, 0xAD55, 0xAD55,
  0xAD55, 0xAD55, 0xAD55, 0xAD55, 0xAD55, 0xAD55, 0xAD55, 0xAD55, 0xAD55, 0x6B4D, 0x0000, 0x0000,
  0x73AE, 0xAD55, 0xAD55, 0xAD55, 0xAD55, 0xAD55, 0xAD55, 0xAD55, 0xAD55, 0xAD55, 0xAD55, 0xAD55,
  0xAD55, 0xAD35, 0xAD55, 0x74F4, 0x0495, 0x02AE, 0x0000, 0x0000, 0x0000, 0x0000, 0x03AE, 0x3555,
  0x6D55, 0x7534, 0x1534, 0x7D54, 0xAD55, 0xAD35, 0xAD35, 0xAD55, 0xAD55, 0xAD55, 0xAD55, 0xAD55,
  0xAD55, 0xAD55, 0xAD55, 0xAD55, 0xAD55, 0xAD35, 0xAD35, 0xAD55, 0xAD34, 0x0432, 0x0434, 0x6514,
  0xAD54, 0xAD35, 0xAD35, 0xAD54, 0x0474, 0x03D4, 0x0394, 0x0354, 0x0353, 0x64F4, 0x053B, 0x00A5,
  0x4166, 0x1371, 0x059D, 0x05FF, 0x057E, 0x059E, 0x059F, 0x05BF, 0x063F, 0x04FC, 0x29B8, 0x005C,
  0x2B1D, 0x3AB4, 0x027F, 0x549F, 0x63F7, 0x63D5, 0x94D5, 0x5289, 0x0000, 0x1169, 0x11EA, 0x0000,
  0x2A09, 0x5497, 0xD638, 0xBCF3, 0x055A, 0x059F, 0x059F, 0x059E, 0x059E, 0x059E, 0x059E, 0x059E,
  0x059E, 0x059E, 0x059E, 0x059E, 0x059F, 0x055D, 0x051C, 0x06DF, 0x03D5, 0x0000, 0x0000, 0x0000,
  0x0000, 0x0000, 0x0000, 0x0000, 0x0841, 0x0021, 0x0000, 0x0000, 0x0000, 0x0000, 0x0000, 0x0021,
  0x0000, 0x0000, 0x0000, 0x0000, 0x0000, 0x0043, 0x0002, 0x0043, 0x0000, 0x0021, 0x0043, 0x0000,
  0x0000, 0x0000, 0x0000, 0x0062, 0x00A4, 0x29A9, 0x1906, 0x0000, 0x0000, 0x0000, 0x0000, 0x028E,
  0x04D9, 0x05FF, 0x059F, 0x059E, 0x059E, 0x059E, 0x059E, 0x059E, 0x059E, 0x059D, 0x0087, 0x0087,
  0x0087, 0x0087, 0x0087, 0x0087, 0x0087, 0x0087, 0x0087, 0x0087, 0x0087, 0x0087, 0x0087, 0x0087,
  0x0087, 0x0087, 0x0087, 0x0087, 0x0087, 0x0087, 0x0087, 0x0087, 0x024C, 0x04D3, 0x0554, 0x0514,
  0x04B4, 0x03F3, 0x03D3, 0x03D4, 0x0434, 0x0514, 0x0554, 0x0554, 0x0554, 0x0554, 0x0554, 0x0554,
  0x0554, 0x0554, 0x0554, 0x0554, 0x0554, 0x0554, 0x0554, 0x0554, 0x0554, 0x0554, 0x0554, 0x0554,
  0x0554, 0x0554, 0x0554, 0x0554, 0x0554, 0x0554, 0x0554, 0x0554, 0x0554, 0x0554, 0x0554, 0x0554,
  0x0554, 0x0554, 0x0554, 0x0554, 0x0554, 0x0554, 0x0554, 0x0554, 0xAD55, 0xAD55, 0x9576, 0x061C,
  0x069F, 0x069F, 0x069F, 0x069F, 0x069F, 0x069F, 0x067F, 0x061B, 0x7D98, 0x55D9, 0x065E, 0x069F,
  0x069F, 0x069F, 0x069F, 0x069F, 0x069F, 0x069F, 0x069F, 0x069F, 0x069F, 0x069F, 0x069F, 0x069F,
  0x069F, 0x069F, 0x069F, 0x069F, 0x069F, 0x069F, 0x069F, 0x069F, 0x069F, 0x069F, 0x069F, 0x069F,
  0x069F, 0x069F, 0x069F, 0x069F, 0x069F, 0x069F, 0x069F, 0x069F, 0x069F, 0x069F, 0x069F, 0x069F,
  0x069F, 0x069F, 0x069F, 0x065E, 0x7598, 0xA555, 0xAD55, 0xAD55, 0xAD55, 0xAD55, 0xAD55, 0xAD55,
  0xAD55, 0xAD55, 0xAD55, 0xAD55, 0xAD55, 0xAD55, 0xAD55, 0xAD55, 0xAD55, 0xAD55, 0xAD55, 0xAD55,
  0xAD55, 0xAD55, 0xAD55, 0xAD55, 0xAD55, 0xAD55, 0xAD55, 0xAD55, 0xAD55, 0xAD55, 0xAD55, 0xAD55,
  0xAD55, 0xAD55, 0xAD55, 0xAD35, 0xAD55, 0xAD55, 0x2104, 0x0000, 0x1062, 0xAD55, 0xAD55, 0xAD55,
  0xAD55, 0xAD55, 0xAD55, 0xAD55, 0xAD55, 0xAD55, 0xAD55, 0xAD55, 0xAD55, 0xAD55, 0x9534, 0x0433,
  0x0495, 0x026D, 0x0000, 0x0000, 0x0000, 0x0000, 0x236D, 0x7D55, 0x7D35, 0x4D34, 0x6D34, 0xAD35,
  0xAD35, 0xAD35, 0xAD35, 0xAD55, 0xAD55, 0xAD55, 0xAD55, 0xAD55, 0xAD55, 0xAD55, 0xAD55, 0xAD55,
  0xAD55, 0xAD35, 0xAD55, 0xAD34, 0x9430, 0x03F2, 0x0455, 0x8534, 0xAD54, 0xAD35, 0xAD55, 0xAD54,
  0x0473, 0x03B4, 0x0374, 0x0374, 0x0374, 0x6CD4, 0x065F, 0x059F, 0x428C, 0x2820, 0x0022, 0x059E,
  0x061F, 0x059E, 0x05BF, 0x069F, 0x02DB, 0x9C19, 0xFF99, 0x53DB, 0x011D, 0x023F, 0x6417, 0x41C2,
  0x0000, 0x0000, 0x0000, 0x0000, 0x0000, 0x0969, 0x00A6, 0x0000, 0x9D97, 0x9598, 0xDE9A, 0xEE78,
  0x055A, 0x059F, 0x059E, 0x059E, 0x059E, 0x059E, 0x059E, 0x059E, 0x059E, 0x059E, 0x059E, 0x059E,
  0x059F, 0x059E, 0x055D, 0x069F, 0x0373, 0x0000, 0x0000, 0x0000, 0x0000, 0x0000, 0x0000, 0x0000,
  0x1083, 0x0000, 0x0000, 0x0000, 0x0000, 0x0000, 0x0000, 0x0000, 0x0000, 0x0000, 0x0000, 0x0000,
  0x0001, 0x0085, 0x0885, 0x0001, 0x0000, 0x0885, 0x0000, 0x0000, 0x0000, 0x0020, 0x0000, 0x0001,
  0x0044, 0x2147, 0x18E4, 0x0000, 0x0000, 0x0000, 0x0000, 0x02AE, 0x05BF, 0x05BF, 0x059E, 0x059E,
  0x059E, 0x059E, 0x059E, 0x059E, 0x059E, 0x059D, 0x0087, 0x0087, 0x0087, 0x0087, 0x0087, 0x0087,
  0x0087, 0x0087, 0x0087, 0x0087, 0x0087, 0x0087, 0x0087, 0x0087, 0x0087, 0x0087, 0x0087, 0x0087,
  0x0087, 0x0087, 0x0087, 0x0087, 0x0087, 0x00C8, 0x02B0, 0x03B4, 0x0394, 0x03B3, 0x03D4, 0x0414,
  0x0474, 0x0514, 0x0555, 0x0554, 0x0554, 0x0554, 0x0554, 0x0554, 0x0554, 0x0554, 0x0554, 0x0554,
  0x0554, 0x0554, 0x0554, 0x0554, 0x0555, 0x0554, 0x0554, 0x0554, 0x0554, 0x0554, 0x0554, 0x0554,
  0x0554, 0x0554, 0x0554, 0x0554, 0x0554, 0x0554, 0x0554, 0x0554, 0x0554, 0x0554, 0x0554, 0x0554,
  0x0554, 0x0554, 0x0554, 0x0554, 0xAD55, 0xAD55, 0xA555, 0x7D98, 0x063C, 0x067F, 0x067F, 0x067F,
  0x067E, 0x065D, 0x3DFA, 0x9576, 0xAD55, 0xA555, 0x4DDA, 0x067F, 0x069F, 0x069F, 0x069F, 0x069F,
  0x069F, 0x069F, 0x069F, 0x069F, 0x069F, 0x069F, 0x069F, 0x069F, 0x069F, 0x069F, 0x069F, 0x069F,
  0x069F, 0x069F, 0x069F, 0x069F, 0x069F, 0x069F, 0x069F, 0x069F, 0x069F, 0x069F, 0x069F, 0x069F,
  0x069F, 0x069F, 0x069F, 0x069F, 0x069F, 0x069F, 0x069F, 0x069F, 0x069F, 0x069F, 0x067F, 0x1DFB,
  0xA555, 0xAD55, 0xAD55, 0xAD55, 0xAD35, 0xAD55, 0xAD55, 0xAD55, 0xAD55, 0xAD55, 0xAD55, 0xAD35,
  0xAD35, 0xAD35, 0xAD55, 0xAD55, 0xAD55, 0xAD55, 0xAD55, 0xAD55, 0xAD55, 0xAD55, 0xAD55, 0xAD55,
  0xAD55, 0xAD55, 0xAD55, 0xAD55, 0xAD55, 0xAD55, 0xAD55, 0xAD55, 0xAD35, 0xAD35, 0xAD35, 0xAD35,
  0xAD35, 0xAD55, 0x83EF, 0x0000, 0x0000, 0x5ACB, 0xAD55, 0xAD55, 0xAD35, 0xAD35, 0xAD55, 0xAD55,
  0xAD55, 0xAD55, 0xAD34, 0xAD34, 0xAD55, 0xAD55, 0x0493, 0x03F4, 0x04D5, 0x026C, 0x0000, 0x0000,
  0x0000, 0x0000, 0x434D, 0x9D55, 0x5D34, 0x5D34, 0xA555, 0xAD35, 0xAD35, 0xAD35, 0xAD35, 0xAD55,
  0xAD55, 0xAD55, 0xAD55, 0xAD55, 0xAD55, 0xAD55, 0xAD35, 0xAD35, 0xAD35, 0xAD35, 0xAD55, 0x9C92,
  0x7C30, 0x0475, 0x0474, 0xA554, 0xAD34, 0xAD35, 0xAD55, 0xAD54, 0x0413, 0x0354, 0x0394, 0x0395,
  0x0394, 0x7CD4, 0x05FF, 0x059E, 0x0000, 0x0000, 0x0000, 0x0352, 0x06DF, 0x059F, 0x067F, 0x03DC,
  0x0898, 0xBDF9, 0xFFFB, 0xFFFC, 0x4BDE, 0x019F, 0x0047, 0x0000, 0x0000, 0x0000, 0x0000, 0x1082,
  0x10C4, 0x1968, 0x00C6, 0x1169, 0x9D56, 0xF77C, 0xEF9E, 0xC595, 0x04FA, 0x05BF, 0x059E, 0x059E,
  0x059E, 0x059E, 0x059E, 0x059E, 0x059E, 0x059E, 0x059E, 0x059E, 0x059F, 0x059E, 0x059E, 0x065F,
  0x03F6, 0x00C5, 0x0000, 0x0000, 0x0000, 0x0000, 0x0000, 0x0000, 0x0021, 0x0000, 0x0000, 0x0000,
  0x0000, 0x0000, 0x0000, 0x0000, 0x0000, 0x0000, 0x0000, 0x0000, 0x0002, 0x10E6, 0x0042, 0x0022,
  0x0022, 0x0000, 0x0000, 0x0000, 0x0861, 0x73CF, 0x0000, 0x0000, 0x0043, 0x10C5, 0x20E4, 0x0000,
  0x0000, 0x0000, 0x0000, 0x028E, 0x063F, 0x05BF, 0x059E, 0x059E, 0x059E, 0x059E, 0x059E, 0x059E,
  0x059E, 0x059D, 0x0087, 0x0087, 0x0087, 0x0087, 0x0087, 0x0087, 0x0087, 0x0087, 0x0087, 0x0087,
  0x0087, 0x0087, 0x0087, 0x0087, 0x0087, 0x0087, 0x0087, 0x0087, 0x0087, 0x0087, 0x0087, 0x0087,
  0x0087, 0x0087, 0x0087, 0x020C, 0x0494, 0x0514, 0x0555, 0x0555, 0x0555, 0x0555, 0x0554, 0x0554,
  0x0535, 0x0554, 0x0554, 0x0554, 0x0555, 0x0555, 0x0555, 0x0555, 0x0555, 0x0554, 0x0554, 0x0555,
  0x0555, 0x0554, 0x0554, 0x0554, 0x0554, 0x0554, 0x0554, 0x0554, 0x0554, 0x0554, 0x0554, 0x0554,
  0x0554, 0x0554, 0x0554, 0x0554, 0x0554, 0x0554, 0x0554, 0x0554, 0x0554, 0x0554, 0x0554, 0x0554,
  0xAD55, 0xAD55, 0xAD55, 0xAD55, 0x8D97, 0x3DFA, 0x061C, 0x061B, 0x55DA, 0x8D97, 0xA555, 0xAD55,
  0xAD55, 0xAD55, 0x9576, 0x2DFB, 0x067F, 0x069F, 0x069F, 0x069F, 0x069F, 0x069F, 0x069F, 0x069F,
  0x069F, 0x069F, 0x069F, 0x069F, 0x069F, 0x069F, 0x069F, 0x069F, 0x069F, 0x069F, 0x069F, 0x069F,
  0x069F, 0x069F, 0x069F, 0x069F, 0x069F, 0x069F, 0x069F, 0x069F, 0x069F, 0x069F, 0x069F, 0x069F,
  0x069F, 0x069F, 0x069F, 0x069F, 0x069F, 0x069F, 0x065D, 0x7D97, 0xA555, 0xAD55, 0xAD55, 0xAD35,
  0xAD55, 0xAD55, 0xAD55, 0xAD55, 0xAD55, 0xAD55, 0xAD55, 0xAD55, 0xAD35, 0xAD35, 0xAD55, 0xAD55,
  0xAD55, 0xAD55, 0xAD55, 0xAD55, 0xAD55, 0xAD55, 0xAD55, 0xAD55, 0xAD55, 0xAD55, 0xAD55, 0xAD55,
  0xAD55, 0xAD55, 0xAD55, 0xAD55, 0xAD35, 0xAD35, 0xAD35, 0xAD35, 0xAD55, 0xAD55, 0xAD55, 0x39C7,
  0x0000, 0x0000, 0x8C71, 0xAD55, 0xAD35, 0xAD35, 0xAD55, 0xAD55, 0xAD55, 0xAD34, 0xAD34, 0xAD34,
  0xAD55, 0x44B3, 0x03F3, 0x0435, 0x04F5, 0x028C, 0x0000, 0x0000, 0x0000, 0x0000, 0x4B2D, 0x9555,
  0x6D34, 0x9D55, 0xAD35, 0xAD35, 0xAD55, 0xAD55, 0xAD55, 0xAD55, 0xAD55, 0xAD55, 0xAD55, 0xAD55,
  0xAD55, 0xAD55, 0xAD35, 0xAD35, 0xAD35, 0xAD55, 0xA4F4, 0x9430, 0x7D14, 0x03F3, 0x04B4, 0xAD55,
  0xAD35, 0xAD35, 0xAD54, 0xAD54, 0x43D3, 0x0334, 0x1B95, 0x1394, 0x2394, 0x8CD4, 0x05BF, 0x061F,
  0x0126, 0x0000, 0x0000, 0x0083, 0x05FF, 0x06BF, 0x045C, 0x0058, 0x00FA, 0xA5D9, 0xFFFC, 0xFFFF,
  0xF79D, 0x023F, 0x000B, 0x0000, 0x0005, 0x29EF, 0x8CF5, 0x6C32, 0x5391, 0x94F5, 0x94F6, 0x8D16,
  0xE73D, 0xFFBE, 0xF75C, 0x6CF6, 0x04FD, 0x05BF, 0x059E, 0x059E, 0x059E, 0x059E, 0x059E, 0x059E,
  0x059E, 0x059E, 0x059E, 0x059E, 0x059E, 0x059F, 0x059F, 0x063F, 0x04B9, 0x020B, 0x0000, 0x0000,
  0x0000, 0x0000, 0x0000, 0x0020, 0x0000, 0x0000, 0x0000, 0x0000, 0x0000, 0x0000, 0x0000, 0x0000,
  0x0000, 0x0000, 0x0000, 0x0000, 0x18E5, 0x10A4, 0x0023, 0x0043, 0x0000, 0x0000, 0x0021, 0x0000,
  0x7C10, 0xEF7E, 0x0000, 0x0000, 0x0001, 0x0864, 0x10A3, 0x0000, 0x0000, 0x0000, 0x0000, 0x02AF,
  0x069F, 0x059F, 0x059E, 0x059E, 0x059E, 0x059E, 0x059E, 0x059E, 0x059E, 0x059D, 0x0087, 0x0087,
  0x0087, 0x0087, 0x0087, 0x0087, 0x0087, 0x0087, 0x0087, 0x0087, 0x0087, 0x0087, 0x0087, 0x0087,
  0x0087, 0x0087, 0x0087, 0x0087, 0x0087, 0x0087, 0x0087, 0x0087, 0x0087, 0x0087, 0x0087, 0x0087,
  0x018A, 0x04B3, 0x0555, 0x0555, 0x0555, 0x0554, 0x0554, 0x0555, 0x0555, 0x0555, 0x0554, 0x0555,
  0x0514, 0x0494, 0x0414, 0x0454, 0x04B4, 0x0514, 0x0554, 0x0554, 0x0554, 0x0554, 0x0554, 0x0554,
  0x0554, 0x0554, 0x0554, 0x0554, 0x0554, 0x0554, 0x0554, 0x0554, 0x0554, 0x0554, 0x0554, 0x0554,
  0x0555, 0x0555, 0x0555, 0x0555, 0x0534, 0x0514, 0x0514, 0x04F4, 0xAD55, 0xAD55, 0xAD55, 0xAD55,
  0xA555, 0x9D55, 0x9D76, 0x9D76, 0x9D55, 0xA555, 0xAD55, 0xAD55, 0xAD55, 0xAD55, 0xA555, 0x8D76,
  0x15FB, 0x069F, 0x069F, 0x069F, 0x069F, 0x069F, 0x069F, 0x069F, 0x069F, 0x069F, 0x069F, 0x069F,
  0x069F, 0x069F, 0x069F, 0x069F, 0x069F, 0x069F, 0x069F, 0x069F, 0x069F, 0x069F, 0x069F, 0x069F,
  0x069F, 0x069F, 0x069F, 0x067F, 0x067F, 0x067F, 0x069F, 0x069F, 0x069F, 0x069F, 0x069F, 0x069F,
  0x069F, 0x069F, 0x2DFB, 0xA555, 0xAD55, 0xAD55, 0xAD55, 0xAD55, 0xAD55, 0x7BCF, 0x632C, 0x528A,
  0x52AA, 0x7BCF, 0xA514, 0xAD55, 0xAD55, 0xAD35, 0xAD55, 0xAD55, 0xAD55, 0xA554, 0xA554, 0xA554,
  0xAD55, 0xAD55, 0xAD55, 0xAD55, 0xAD55, 0xAD55, 0xAD55, 0xAD55, 0xAD55, 0xAD55, 0xAD55, 0xAD55,
  0xAD35, 0xAD35, 0xAD35, 0xAD55, 0xAD55, 0xAD55, 0xAD55, 0xAD55, 0x0820, 0x0000, 0x39C7, 0xAD55,
  0xAD55, 0xAD35, 0xAD55, 0xAD55, 0xAD55, 0xAD34, 0xAD34, 0xAD55, 0x7514, 0x03D3, 0x03F4, 0x0475,
  0x0555, 0x022B, 0x0000, 0x0000, 0x0000, 0x0000, 0x430C, 0x9555, 0x9555, 0xAD35, 0xAD34, 0xAD35,
  0xAD55, 0xAD55, 0xAD55, 0xAD55, 0xAD55, 0xAD55, 0xAD55, 0xAD55, 0xAD55, 0xAD55, 0xAD35, 0xAD35,
  0xAD35, 0xA535, 0x8410, 0xA4D2, 0x64F5, 0x0333, 0x4CB4, 0xAD55, 0xAD35, 0xAD35, 0xAD55, 0xAD54,
  0x53D3, 0x0354, 0x1394, 0x1B75, 0x2374, 0x8CF4, 0x059E, 0x063F, 0x055C, 0x0000, 0x0000, 0x0000,
  0x0310, 0x069F, 0x0139, 0x119C, 0x01BE, 0x01F9, 0xEF7B, 0xFFFF, 0xFFFF, 0xC63D, 0x0118, 0x4B16,
  0x6C57, 0x7CB7, 0x7494, 0x53B2, 0x4B50, 0xBE5A, 0xFFFF, 0xE73C, 0xEF5D, 0xEF7D, 0xFF1A, 0x05BB,
  0x057F, 0x059E, 0x059E, 0x059E, 0x059E, 0x059E, 0x059E, 0x059E, 0x059E, 0x059E, 0x059E, 0x059E,
  0x059E, 0x059F, 0x059E, 0x05DF, 0x05BE, 0x022B, 0x0000, 0x0000, 0x0000, 0x0000, 0x0000, 0x1082,
  0x0000, 0x0000, 0x0000, 0x0000, 0x0000, 0x0000, 0x0000, 0x0000, 0x0000, 0x0000, 0x0000, 0x2105,
  0x1083, 0x0000, 0x0002, 0x0000, 0x0000, 0x2986, 0x4249, 0x0000, 0xFFFF, 0xFFFF, 0x1062, 0x0000,
  0x0000, 0x0022, 0x0841, 0x0000, 0x0000, 0x0000, 0x0000, 0x02EF, 0x06BF, 0x059F, 0x059E, 0x059E,
  0x059E, 0x059E, 0x059E, 0x059E, 0x059E, 0x059D, 0x0087, 0x0087, 0x0087, 0x0087, 0x0087, 0x0087,
  0x0087, 0x0087, 0x0087, 0x0087, 0x0087, 0x0087, 0x0087, 0x0087, 0x0087, 0x0087, 0x0087, 0x0087,
  0x0087, 0x0087, 0x0087, 0x0087, 0x0087, 0x0087, 0x0087, 0x0087, 0x0087, 0x00E8, 0x0432, 0x04B4,
  0x0474, 0x0474, 0x0474, 0x0494, 0x04D4, 0x0514, 0x0554, 0x04F4, 0x03F3, 0x0353, 0x0334, 0x0334,
  0x0334, 0x0394, 0x04B4, 0x0554, 0x0554, 0x0554, 0x0554, 0x0554, 0x0554, 0x0554, 0x0554, 0x0554,
  0x0554, 0x0554, 0x0554, 0x0554, 0x0554, 0x0554, 0x0554, 0x0554, 0x0554, 0x0554, 0x0554, 0x0534,
  0x0474, 0x0434, 0x0434, 0x0434, 0xAD55, 0xAD55, 0xAD55, 0xAD55, 0xAD55, 0xAD55, 0xAD55, 0xAD55,
  0xAD55, 0xAD55, 0xAD55, 0xAD55, 0xAD55, 0xAD55, 0xAD55, 0xAD55, 0x8D76, 0x3DFA, 0x067F, 0x069F,
  0x069F, 0x069F, 0x069F, 0x069F, 0x069F, 0x069F, 0x069F, 0x069F, 0x069F, 0x069F, 0x069F, 0x069F,
  0x069F, 0x069F, 0x069F, 0x069F, 0x069F, 0x069F, 0x069F, 0x069F, 0x069F, 0x069F, 0x069F, 0x061B,
  0x6DB8, 0x55D9, 0x065D, 0x069F, 0x069F, 0x069F, 0x069F, 0x069F, 0x069F, 0x063C, 0x8D77, 0xAD55,
  0xAD55, 0xAD55, 0xAD55, 0x9CD3, 0x18C3, 0x0000, 0x0000, 0x0000, 0x0000, 0x0000, 0x0840, 0x52AA,
  0xAD55, 0xAD55, 0xAD55, 0xAD55, 0xAD55, 0xA554, 0xA554, 0xA554, 0xAD55, 0xAD55, 0xAD55, 0xAD55,
  0xAD55, 0xAD55, 0xAD55, 0xAD55, 0xAD55, 0xAD55, 0xAD55, 0xAD55, 0xAD35, 0xAD35, 0xAD55, 0x9CF3,
  0x3186, 0x10A2, 0x10A3, 0x31A6, 0x0821, 0x0000, 0x0000, 0x8410, 0xAD55, 0xAD35, 0xAD55, 0xAD55,
  0xAD55, 0xAD34, 0xAD55, 0x9514, 0x03B2, 0x0354, 0x0394, 0x04D4, 0x0515, 0x0168, 0x0000, 0x0000,
  0x0000, 0x0000, 0x3ACB, 0xA555, 0xAD55, 0xAD34, 0xAD34, 0xAD35, 0xAD55, 0xAD55, 0xAD55, 0xAD55,
  0xAD55, 0xAD55, 0xAD55, 0xAD55, 0xAD55, 0xAD55, 0xAD35, 0xAD35, 0xAD55, 0x9CB3, 0x9472, 0xAD55,
  0x2BF3, 0x02F4, 0x7CF5, 0xAD55, 0xAD34, 0xAD35, 0xAD55, 0xAD54, 0x4BF3, 0x0354, 0x1394, 0x1395,
  0x2B55, 0x9515, 0x059E, 0x057F, 0x06FF, 0x0373, 0x0000, 0x0000, 0x0103, 0x02BB, 0x003C, 0x01DF,
  0x02DF, 0x00BB, 0x535A, 0xFFDD, 0xEF7D, 0xF7BD, 0x959A, 0x7370, 0x73CF, 0x5BB2, 0x430F, 0xA597,
  0x8CF5, 0x5B91, 0xAD97, 0xDF1C, 0xFFDE, 0xC67A, 0xE638, 0x05DC, 0x057F, 0x059E, 0x059E, 0x059E,
  0x059E, 0x059E, 0x059E, 0x059E, 0x059E, 0x059E, 0x059E, 0x059E, 0x059E, 0x059E, 0x059E, 0x059E,
  0x06BF, 0x02F0, 0x0000, 0x0000, 0x0000, 0x0000, 0x0000, 0x0861, 0x0000, 0x0000, 0x0000, 0x0000,
  0x0000, 0x0000, 0x0000, 0x0000, 0x0000, 0x0020, 0x2105, 0x0862, 0x0000, 0x0000, 0x0000, 0x0000,
  0x0000, 0x9D15, 0x632D, 0xA535, 0xFFFF, 0xF7BF, 0x4A49, 0x0000, 0x0000, 0x0000, 0x0841, 0x0000,
  0x0000, 0x0000, 0x0000, 0x0372, 0x069F, 0x059E, 0x059E, 0x059E, 0x059E, 0x059E, 0x059E, 0x059E,
  0x059E, 0x059D, 0x0087, 0x0087, 0x0087, 0x0087, 0x0087, 0x0087, 0x0087, 0x0087, 0x0087, 0x0087,
  0x0087, 0x0087, 0x0087, 0x0087, 0x0087, 0x0087, 0x0087, 0x0087, 0x0087, 0x0087, 0x0087, 0x0087,
  0x0087, 0x0087, 0x0087, 0x0087, 0x0087, 0x0087, 0x00A8, 0x0270, 0x0334, 0x0334, 0x0334, 0x0354,
  0x0394, 0x03B4, 0x03D4, 0x03B4, 0x0334, 0x0334, 0x0334, 0x0354, 0x0394, 0x0414, 0x04F5, 0x0555,
  0x0554, 0x0554, 0x0554, 0x0554, 0x0554, 0x0554, 0x0554, 0x0554, 0x0554, 0x0554, 0x0554, 0x0554,
  0x0554, 0x0554, 0x0554, 0x0554, 0x0555, 0x0554, 0x0534, 0x0514, 0x0454, 0x0415, 0x0414, 0x0414,
  0xAD55, 0xAD55, 0xAD55, 0xAD55, 0xAD55, 0xAD55, 0xAD55, 0xAD55, 0xAD55, 0xAD55, 0xAD55, 0xAD55,
  0xAD55, 0xAD55, 0xAD55, 0xAD55, 0xAD55, 0x9D76, 0x4DDA, 0x065E, 0x069F, 0x069F, 0x069F, 0x069F,
  0x069F, 0x069F, 0x069F, 0x069F, 0x069F, 0x069F, 0x069F, 0x069F, 0x069F, 0x069F, 0x069F, 0x069F,
  0x069F, 0x069F, 0x069F, 0x069F, 0x069F, 0x065E, 0x2DFB, 0x8D77, 0xAD55, 0xA555, 0x7598, 0x061B,
  0x065E, 0x069F, 0x069F, 0x069F, 0x063D, 0x7D98, 0xAD55, 0xAD55, 0xAD35, 0xAD35, 0xAD55, 0x5AEB,
  0x0000, 0x0000, 0x0000, 0x0000, 0x0000, 0x0000, 0x0000, 0x0000, 0x0861, 0x7BEF, 0xAD55, 0xAD55,
  0xAD55, 0xAD34, 0xA534, 0xAD35, 0xAD35, 0xAD35, 0xAD55, 0xAD55, 0xAD55, 0xAD55, 0xAD55, 0xAD55,
  0xAD55, 0xAD55, 0xAD55, 0xAD55, 0xAD35, 0xAD55, 0xA555, 0x2124, 0x0000, 0x0000, 0x0000, 0x0000,
  0x0000, 0x0000, 0x0000, 0x20E3, 0xAD55, 0xAD55, 0xAD35, 0xAD55, 0xAD55, 0xAD55, 0xAD55, 0x03D2,
  0x02F3, 0x0334, 0x03F4, 0x0535, 0x0475, 0x0109, 0x0000, 0x0000, 0x0000, 0x0000, 0x4229, 0xAD55,
  0xAD55, 0xAD34, 0xAD54, 0xAD55, 0xAD55, 0xAD55, 0xAD55, 0xAD55, 0xAD55, 0xAD55, 0xAD55, 0xAD55,
  0xAD55, 0xAD55, 0xA535, 0xA535, 0xAD55, 0x9CF4, 0xAD55, 0xAD55, 0x03B2, 0x0333, 0x8D15, 0xAD55,
  0xA534, 0xAD34, 0xAD55, 0xAD54, 0x4BF3, 0x0354, 0x1B94, 0x2374, 0x3395, 0x84B4, 0x059E, 0x059E,
  0x05FF, 0x063F, 0x0021, 0x0000, 0xBDB7, 0xDE1C, 0x959E, 0x4BFE, 0x023E, 0x01BE, 0x009A, 0x9D7A,
  0xFFFE, 0xC5B6, 0x3A2A, 0x01EC, 0x432F, 0x6390, 0x7474, 0xE77D, 0x9576, 0x222C, 0x8CF4, 0xE71B,
  0xC659, 0x9556, 0xD617, 0x0519, 0x05DF, 0x059F, 0x059E, 0x059E, 0x059E, 0x059E, 0x059E, 0x059E,
  0x059E, 0x059E, 0x059E, 0x059E, 0x059E, 0x059E, 0x059E, 0x059F, 0x067F, 0x026D, 0x0000, 0x0000,
  0x0000, 0x0000, 0x0020, 0x0020, 0x0000, 0x0000, 0x0000, 0x0000, 0x0000, 0x0000, 0x0000, 0x0000,
  0x1082, 0x2124, 0x0021, 0x0000, 0x0000, 0x0000, 0x0000, 0x0000, 0x0020, 0x632D, 0x6B4E, 0xCE5A,
  0x9CF4, 0xDEBA, 0x9CB3, 0x0000, 0x0000, 0x0000, 0x0020, 0x0000, 0x0000, 0x0000, 0x0000, 0x0415,
  0x067F, 0x059E, 0x059E, 0x059E, 0x059E, 0x059E, 0x059E, 0x059E, 0x059E, 0x059D, 0x0087, 0x0087,
  0x0087, 0x0087, 0x0087, 0x0087, 0x0087, 0x0087, 0x0087, 0x0087, 0x0087, 0x0087, 0x0087, 0x0087,
  0x0087, 0x0087, 0x0087, 0x0087, 0x0087, 0x0087, 0x0087, 0x0087, 0x0087, 0x0087, 0x0087, 0x0087,
  0x0087, 0x0087, 0x0087, 0x0087, 0x0250, 0x0334, 0x0334, 0x0334, 0x0334, 0x0314, 0x0314, 0x0314,
  0x0354, 0x0394, 0x0414, 0x0494, 0x0514, 0x0554, 0x0555, 0x0554, 0x0554, 0x0554, 0x0554, 0x0554,
  0x0554, 0x0554, 0x0534, 0x0534, 0x0534, 0x0535, 0x0555, 0x0555, 0x0555, 0x0555, 0x0555, 0x04F4,
  0x0454, 0x03F4, 0x03B4, 0x03D4, 0x03F4, 0x03F5, 0x0434, 0x0473, 0xAD55, 0xAD55, 0xAD55, 0xAD55,
  0xAD55, 0xAD55, 0xAD55, 0xAD55, 0xAD55, 0xAD55, 0xAD55, 0xAD55, 0xAD55, 0xAD55, 0xAD55, 0xAD55,
  0xAD55, 0xAD55, 0xA555, 0x65B9, 0x065E, 0x067F, 0x069F, 0x069F, 0x069F, 0x069F, 0x069F, 0x069F,
  0x069F, 0x069F, 0x069F, 0x069F, 0x069F, 0x069F, 0x069F, 0x069F, 0x069F, 0x069F, 0x069F, 0x067F,
  0x063D, 0x5DD9, 0xA555, 0xAD55, 0xAD55, 0xAD55, 0xAD55, 0x9D55, 0x55D9, 0x063D, 0x065D, 0x061C,
  0x8597, 0xAD55, 0xAD55, 0xAD55, 0xAD35, 0xAD35, 0xAD55, 0x528A, 0x0000, 0x0000, 0x0000, 0x0000,
  0x0000, 0x18E3, 0x4A69, 0x630C, 0x1082, 0x0000, 0x3186, 0x8C51, 0xAD55, 0xAD55, 0xAD35, 0xAD35,
  0xAD35, 0xAD35, 0xAD55, 0xAD55, 0xAD55, 0xAD55, 0xAD55, 0xAD55, 0xAD55, 0xAD55, 0xAD55, 0xAD55,
  0xAD55, 0xAD55, 0x39E8, 0x0000, 0x0000, 0x0000, 0x0000, 0x0800, 0x0000, 0x0000, 0x0000, 0x0000,
  0x7BCF, 0xAD55, 0xAD55, 0xAD55, 0xAD55, 0xAD55, 0x84D4, 0x02F2, 0x02F4, 0x03B4, 0x04F5, 0x04D5,
  0x03D5, 0x00E9, 0x0000, 0x0000, 0x0000, 0x0000, 0x4A49, 0xAD55, 0xAD55, 0xAD54, 0xAD55, 0xAD55,
  0xAD55, 0xAD55, 0xAD55, 0xAD55, 0xAD55, 0xAD55, 0xAD55, 0xAD55, 0xAD55, 0xAD55, 0xA535, 0xAD55,
  0x9555, 0x9555, 0xAD55, 0xA534, 0x0332, 0x0393, 0xA555, 0xAD54, 0xA534, 0xAD35, 0xAD55, 0xAD54,
  0x53F3, 0x0334, 0x2394, 0x3374, 0x3B95, 0x43B4, 0x057E, 0x059F, 0x059E, 0x065F, 0x0495, 0x002C,
  0xD6DF, 0xFFFD, 0xFFFE, 0xFFFE, 0xCEDE, 0x335E, 0x009C, 0xCE5C, 0xC512, 0x01CB, 0x0459, 0x063F,
  0x04FB, 0x5B2F, 0x94D5, 0xE77D, 0xB618, 0x84D5, 0x9D97, 0xA597, 0xA597, 0xCEDA, 0xD6D9, 0x5316,
  0x03FD, 0x067F, 0x059F, 0x059E, 0x059E, 0x059E, 0x059E, 0x059E, 0x059E, 0x059E, 0x059E, 0x059E,
  0x059E, 0x059E, 0x059E, 0x05BF, 0x061F, 0x01A9, 0x0000, 0x0000, 0x0000, 0x0000, 0x0000, 0x0000,
  0x0000, 0x0000, 0x0000, 0x0000, 0x0000, 0x0000, 0x0020, 0x1082, 0x1082, 0x0000, 0x0000, 0x0000,
  0x0000, 0x0000, 0x0000, 0x0000, 0x5AEC, 0x6B6E, 0x10A2, 0x1000, 0x0000, 0x10A4, 0x52CB, 0x0000,
  0x0000, 0x0000, 0x0000, 0x0000, 0x0000, 0x0000, 0x0000, 0x04FB, 0x063F, 0x059F, 0x059E, 0x059E,
  0x059E, 0x059E, 0x059E, 0x059E, 0x059E, 0x059D, 0x0087, 0x0087, 0x0087, 0x0087, 0x0087, 0x0087,
  0x0087, 0x0087, 0x0087, 0x0087, 0x0087, 0x0087, 0x0087, 0x0087, 0x0087, 0x0087, 0x0087, 0x0087,
  0x0087, 0x0087, 0x0087, 0x0087, 0x0087, 0x0087, 0x0087, 0x0087, 0x0087, 0x0087, 0x0087, 0x0087,
  0x0087, 0x02F0, 0x03D4, 0x03D4, 0x03B4, 0x0394, 0x03B4, 0x0414, 0x0494, 0x04F4, 0x0555, 0x0554,
  0x0554, 0x0534, 0x0534, 0x0535, 0x0534, 0x0534, 0x0534, 0x0534, 0x0534, 0x0534, 0x0534, 0x0534,
  0x0534, 0x0555, 0x0555, 0x0555, 0x04F5, 0x0474, 0x03B3, 0x0353, 0x0334, 0x0334, 0x0374, 0x03B4,
  0x0434, 0x0494, 0x04F4, 0x0554, 0xAD55, 0xAD55, 0xAD55, 0xAD55, 0xAD55, 0xAD55, 0xAD55, 0xAD55,
  0xAD55, 0xAD55, 0xAD55, 0xAD55, 0xAD55, 0xAD55, 0xAD55, 0xAD55, 0xAD55, 0xAD55, 0xAD55, 0xA555,
  0x7D97, 0x061C, 0x067F, 0x069F, 0x069F, 0x069F, 0x069F, 0x069F, 0x069F, 0x069F, 0x069F, 0x069F,
  0x069F, 0x069F, 0x069F, 0x069F, 0x069F, 0x069F, 0x065E, 0x45FA, 0x8D76, 0xAD55, 0xAD55, 0xAD55,
  0xAD55, 0xAD55, 0xAD55, 0xAD55, 0xA555, 0x9576, 0x8597, 0x9D55, 0xAD55, 0xAD55, 0xAD55, 0xAD55,
  0xAD35, 0xAD35, 0xAD55, 0x526A, 0x0000, 0x0000, 0x0000, 0x0000, 0x4A69, 0xAD55, 0xAD55, 0xAD55,
  0xA514, 0x0000, 0x0000, 0x0000, 0x5AEB, 0xAD55, 0xAD55, 0xAD55, 0xAD35, 0xAD55, 0xAD55, 0xAD55,
  0xAD55, 0xAD55, 0xAD55, 0xAD55, 0xAD55, 0xAD55, 0xAD55, 0xAD55, 0xAD55, 0xAD55, 0x1062, 0x0000,
  0x0000, 0x3000, 0x4800, 0x5800, 0x0800, 0x0000, 0x0000, 0x0000, 0x39A7, 0xAD55, 0xAD55, 0xAD55,
  0xAD54, 0xAD55, 0x4413, 0x02B4, 0x0334, 0x0494, 0x0555, 0x0455, 0x0375, 0x00C8, 0x0000, 0x0000,
  0x0000, 0x0000, 0x52AA, 0xAD55, 0xAD55, 0xAD55, 0xAD55, 0xAD55, 0xAD55, 0xAD55, 0xAD55, 0xAD55,
  0xAD55, 0xAD55, 0xAD55, 0xAD55, 0xA534, 0xA534, 0xAD55, 0x9514, 0x54F3, 0x9D54, 0xAD55, 0x94F4,
  0x02F3, 0x03D4, 0xAD55, 0xAD54, 0xA534, 0xAD35, 0xAD55, 0xAD54, 0x4BF4, 0x0334, 0x2374, 0x3B74,
  0x4B95, 0x0354, 0x057E, 0x059F, 0x059E, 0x05DF, 0x059F, 0x029D, 0xAD3C, 0xC67B, 0xD6BD, 0xFFFF,
  0xFFFF, 0xCEDD, 0x8C78, 0x8C0E, 0x024E, 0x057D, 0x065F, 0x05BF, 0x05FF, 0x0475, 0x736E, 0xB5F9,
  0xBE39, 0x9D97, 0x8CD5, 0xC65A, 0xDF5D, 0xB639, 0xBE76, 0x945B, 0x0099, 0x05BD, 0x061F, 0x059F,
  0x059E, 0x059E, 0x059E, 0x059E, 0x059E, 0x059E, 0x059E, 0x059E, 0x059E, 0x059E, 0x059E, 0x05BF,
  0x05FF, 0x01EA, 0x0000, 0x0000, 0x0000, 0x0000, 0x0000, 0x0000, 0x0000, 0x0000, 0x0000, 0x0000,
  0x0000, 0x0000, 0x0020, 0x0000, 0x0000, 0x0000, 0x0000, 0x0000, 0x0000, 0x0000, 0x0000, 0x0841,
  0xE71D, 0x8431, 0x0000, 0x0005, 0x024F, 0x1352, 0x7BAF, 0x0000, 0x0000, 0x0000, 0x0000, 0x0000,
  0x0001, 0x0000, 0x018A, 0x063F, 0x05BF, 0x059F, 0x059E, 0x059E, 0x059E, 0x059E, 0x059E, 0x059E,
  0x059E, 0x059D, 0x0087, 0x0087, 0x0087, 0x0087, 0x0087, 0x0087, 0x0087, 0x0087, 0x0087, 0x0087,
  0x0087, 0x0087, 0x0087, 0x0087, 0x0087, 0x0087, 0x0087, 0x0087, 0x0087, 0x0087, 0x0087, 0x0087,
  0x0087, 0x0087, 0x0087, 0x0087, 0x0087, 0x0087, 0x0087, 0x0087, 0x0087, 0x00A8, 0x0432, 0x0535,
  0x0514, 0x04F4, 0x0514, 0x0554, 0x0554, 0x0554, 0x0534, 0x0534, 0x0534, 0x0515, 0x0534, 0x0535,
  0x0534, 0x0534, 0x0534, 0x0534, 0x0534, 0x0534, 0x0534, 0x0554, 0x0554, 0x0514, 0x0474, 0x03D4,
  0x0353, 0x0353, 0x03D3, 0x0454, 0x0494, 0x04D4, 0x04F4, 0x04F4, 0x0534, 0x0555, 0x0535, 0x0534,
  0xAD55, 0xAD55, 0xAD55, 0xAD55, 0xAD55, 0xAD55, 0xAD55, 0xAD55, 0xAD55, 0xAD55, 0xAD55, 0xAD55,
  0xAD55, 0xAD55, 0xAD55, 0xAD55, 0xAD55, 0xAD55, 0xAD55, 0xAD55, 0xA555, 0x9576, 0x7D97, 0x45FA,
  0x065D, 0x069F, 0x067F, 0x069F, 0x069F, 0x069F, 0x069F, 0x069F, 0x069F, 0x069F, 0x067F, 0x065E,
  0x061B, 0x65B9, 0x8D97, 0x9D55, 0xA555, 0xAD55, 0xAD55, 0xAD55, 0xAD55, 0xAD55, 0xAD55, 0xAD55,
  0xAD55, 0xA555, 0xA555, 0xAD55, 0xAD55, 0xAD55, 0xAD55, 0xAD55, 0xAD35, 0xAD35, 0xAD55, 0x52AA,
  0x0000, 0x0000, 0x0000, 0x1082, 0xAD55, 0xAD55, 0xAD55, 0xAD55, 0xAD55, 0x6B4D, 0x0000, 0x0000,
  0x0000, 0x1082, 0x7BEF, 0xAD55, 0xAD35, 0xAD55, 0xAD55, 0xAD55, 0xAD55, 0xAD55, 0xAD55, 0xAD55,
  0xAD55, 0xAD55, 0xAD55, 0xAD55, 0xAD55, 0xAD55, 0x49C7, 0x0000, 0x2800, 0x7001, 0x7800, 0x4800,
  0x0000, 0x0000, 0x0000, 0x0000, 0x0000, 0x9492, 0xAD55, 0xAD55, 0xAD55, 0x94F4, 0x0313, 0x02F4,
  0x03D4, 0x0535, 0x04F4, 0x03B4, 0x0355, 0x00A6, 0x0000, 0x0000, 0x0000, 0x0000, 0x5ACB, 0xAD55,
  0xAD55, 0xAD55, 0xAD55, 0xAD55, 0xAD55, 0xAD55, 0xAD55, 0xAD55, 0xAD55, 0xAD55, 0xAD55, 0xAD35,
  0xAD34, 0xAD34, 0xAD55, 0x64D3, 0x6513, 0xAD55, 0xAD55, 0x74B3, 0x02B3, 0x0415, 0xAD55, 0xAD35,
  0xAD35, 0xAD34, 0xAD55, 0xA534, 0x43B3, 0x0B54, 0x3394, 0x4375, 0x0354, 0x0334, 0x057E, 0x059F,
  0x059E, 0x057F, 0x05DE, 0xBD98, 0x8CD6, 0x9D38, 0x8C9A, 0xAD9C, 0xF7BD, 0xFFFF, 0x8D94, 0x0335,
  0x05FF, 0x05FF, 0x059E, 0x057E, 0x067F, 0x047E, 0x294F, 0x4B2D, 0xADF8, 0xE77D, 0xBE39, 0xD71C,
  0xE75D, 0x94F5, 0xD739, 0x9D9C, 0x0019, 0x027A, 0x065F, 0x05BF, 0x059E, 0x059E, 0x059E, 0x059E,
  0x059E, 0x059E, 0x059E, 0x059E, 0x059E, 0x059E, 0x059E, 0x05BF, 0x05FF, 0x022C, 0x0000, 0x0000,
  0x0000, 0x0000, 0x0000, 0x0000, 0x0000, 0x0000, 0x0000, 0x0000, 0x0000, 0x0000, 0x0000, 0x0000,
  0x0000, 0x0000, 0x0000, 0x0000, 0x0000, 0x0000, 0x0000, 0x8C51, 0xFFFF, 0xC5F8, 0xAD14, 0x016E,
  0x0213, 0xBEFE, 0x83EF, 0x0000, 0x0000, 0x0000, 0x0001, 0x0000, 0x0824, 0x0800, 0x03D4, 0x069F,
  0x059E, 0x059E, 0x059E, 0x059E, 0x059E, 0x059E, 0x059E, 0x059E, 0x059E, 0x059D, 0x0087, 0x0087,
  0x0087, 0x0087, 0x0087, 0x0087, 0x0087, 0x0087, 0x0087, 0x0087, 0x0087, 0x0087, 0x0087, 0x0087,
  0x0087, 0x0087, 0x0087, 0x0087, 0x0087, 0x0087, 0x0087, 0x0087, 0x0087, 0x0087, 0x0087, 0x0087,
  0x0087, 0x0087, 0x0087, 0x0087, 0x0087, 0x0087, 0x00E8, 0x04B3, 0x0554, 0x0555, 0x0554, 0x0534,
  0x0534, 0x0554, 0x0555, 0x0534, 0x0514, 0x0514, 0x0514, 0x0515, 0x0514, 0x0514, 0x0514, 0x0514,
  0x0534, 0x0534, 0x0555, 0x0514, 0x0434, 0x0393, 0x0314, 0x02F4, 0x03B4, 0x04B4, 0x0535, 0x0555,
  0x0555, 0x0554, 0x0554, 0x0535, 0x0514, 0x0514, 0x0514, 0x0514, 0xAD55, 0xAD55, 0xAD55, 0xAD55,
  0xAD55, 0xAD55, 0xAD55, 0xAD55, 0xAD55, 0xAD55, 0xAD55, 0xAD55, 0xAD55, 0xAD55, 0xAD55, 0xAD55,
  0xAD55, 0xAD55, 0xAD55, 0xAD55, 0xAD55, 0xAD55, 0xAD55, 0x9576, 0x75B8, 0x4DDA, 0x2DFB, 0x061C,
  0x063D, 0x063D, 0x063D, 0x063D, 0x063C, 0x061B, 0x45DA, 0x6DB8, 0x8D76, 0xA555, 0xAD55, 0xAD55,
  0xAD55, 0xAD55, 0xAD55, 0xAD55, 0xAD55, 0xAD55, 0xAD55, 0xAD55, 0xAD55, 0xAD55, 0xAD55, 0xAD55,
  0xAD55, 0xAD55, 0xAD55, 0xAD55, 0xAD55, 0xAD55, 0xAD55, 0x8430, 0x0000, 0x0000, 0x0000, 0x0882,
  0xAD55, 0xAD55, 0xA534, 0xA534, 0xAD55, 0xAD55, 0x1082, 0x0000, 0x0000, 0x0000, 0x0000, 0x9472,
  0xAD55, 0xAD35, 0xA554, 0xAD55, 0xAD55, 0xAD55, 0xAD55, 0xAD55, 0xAD55, 0xAD55, 0xAD55, 0xAD55,
  0xAD35, 0xAD55, 0x5AEB, 0x0000, 0x5000, 0x8000, 0x8000, 0x2800, 0x0000, 0x0000, 0x0000, 0x0000,
  0x0000, 0x4A69, 0xAD55, 0xAD55, 0xAD55, 0x4413, 0x02B3, 0x0334, 0x0474, 0x0555, 0x0474, 0x0334,
  0x0395, 0x0106, 0x0000, 0x0000, 0x0000, 0x0000, 0x6B2C, 0xAD55, 0xAD55, 0xAD55, 0xAD55, 0xAD55,
  0xAD55, 0xAD55, 0xAD55, 0xAD55, 0xAD55, 0xAD55, 0xAD35, 0xAD35, 0xAD35, 0xAD55, 0x94F3, 0x6CD2,
  0x9D55, 0xAD35, 0xAD55, 0x5C94, 0x0293, 0x3C74, 0xAD55, 0xAD34, 0xAD34, 0xAD34, 0xAD55, 0x9D14,
  0x4353, 0x3354, 0x3375, 0x0354, 0x0334, 0x0334, 0x057E, 0x059F, 0x059E, 0x05BF, 0x055B, 0xB573,
  0xCEBA, 0xDF1B, 0xD6FA, 0x7C58, 0xBE5E, 0xF6B9, 0x02B0, 0x061F, 0x05BF, 0x059E, 0x057F, 0x05FF,
  0x061E, 0x01FD, 0x08D8, 0x328B, 0x42CD, 0x9D77, 0xDF5D, 0xBE38, 0x6C12, 0xADB8, 0xFFFD, 0x951B,
  0x003A, 0x08B9, 0x045D, 0x063F, 0x059E, 0x059E, 0x059E, 0x059E, 0x059E, 0x059E, 0x059E, 0x059E,
  0x059E, 0x059E, 0x059E, 0x059F, 0x067F, 0x02F0, 0x0800, 0x0000, 0x0000, 0x0000, 0x0000, 0x0000,
  0x0000, 0x0000, 0x0000, 0x0000, 0x0000, 0x0000, 0x0000, 0x0000, 0x0000, 0x0000, 0x0000, 0x0000,
  0x0000, 0x0000, 0x4208, 0xFFFF, 0xEF9E, 0xE73D, 0xFFDF, 0x9D77, 0x7B91, 0x9472, 0x18C3, 0x0000,
  0x0000, 0x0000, 0x0000, 0x0864, 0x3967, 0x1002, 0x04FB, 0x061F, 0x059E, 0x059E, 0x059E, 0x059E,
  0x059E, 0x059E, 0x059E, 0x059E, 0x059E, 0x059D, 0x0087, 0x0087, 0x0087, 0x0087, 0x0087, 0x0087,
  0x0087, 0x0087, 0x0087, 0x0087, 0x0087, 0x0087, 0x0087, 0x0087, 0x0087, 0x0087, 0x0087, 0x0087,
  0x0087, 0x0087, 0x0087, 0x0087, 0x0087, 0x0087, 0x0087, 0x0087, 0x0087, 0x0087, 0x0087, 0x0087,
  0x0087, 0x0087, 0x0087, 0x016A, 0x0434, 0x03F4, 0x03B4, 0x03B4, 0x03B4, 0x03F4, 0x0414, 0x0454,
  0x04F4, 0x0514, 0x0514, 0x0534, 0x0534, 0x0534, 0x0534, 0x0534, 0x0555, 0x0534, 0x0494, 0x03B4,
  0x0313, 0x02D4, 0x0334, 0x0414, 0x0515, 0x0555, 0x0534, 0x0514, 0x0514, 0x0514, 0x0514, 0x0514,
  0x0514, 0x0514, 0x0514, 0x0514, 0xAD55, 0xAD55, 0xAD55, 0xAD55, 0xAD55, 0xAD55, 0xAD55, 0xAD55,
  0xAD55, 0xAD55, 0xAD55, 0xAD55, 0xAD55, 0xAD55, 0xAD55, 0xAD55, 0xAD55, 0xAD55, 0xAD55, 0xAD55,
  0xAD55, 0xAD55, 0xAD55, 0xA555, 0x9D76, 0x8597, 0x75B8, 0x5DD9, 0x45FA, 0x2DFB, 0x2DFB, 0x35FB,
  0x45FA, 0x65B9, 0x8597, 0x9576, 0xA555, 0xAD55, 0xAD55, 0xAD55, 0xAD55, 0xAD55, 0xAD55, 0xAD55,
  0xAD55, 0xAD55, 0xAD55, 0xAD55, 0xAD55, 0xAD55, 0xAD55, 0xAD55, 0xAD55, 0xAD55, 0xAD55, 0xAD55,
  0xAD55, 0xAD55, 0xAD55, 0xAD55, 0x2104, 0x0000, 0x0000, 0x0000, 0x8C51, 0xAD55, 0xAD35, 0xAD35,
  0xAD35, 0xAD55, 0x8C71, 0x0000, 0x0000, 0x0000, 0x0000, 0x31A6, 0xAD55, 0xAD55, 0xA554, 0xAD55,
  0xAD55, 0xAD55, 0xAD55, 0xAD55, 0xAD55, 0xAD55, 0xAD55, 0xAD55, 0xAD35, 0xAD55, 0x8C92, 0x0000,
  0x3000, 0x9000, 0x6800, 0x0000, 0x0000, 0x0000, 0x0000, 0x0000, 0x0000, 0x0841, 0xA514, 0xAD55,
  0x9514, 0x0312, 0x02D4, 0x03F4, 0x0515, 0x0515, 0x03B4, 0x02D4, 0x0435, 0x1186, 0x0000, 0x0000,
  0x0000, 0x0000, 0x73AE, 0xAD55, 0xAD55, 0xAD55, 0xAD55, 0xA534, 0xA534, 0xAD55, 0xAD55, 0xAD55,
  0xAD55, 0xAD55, 0xAD35, 0xAD35, 0xAD55, 0xA514, 0x6C92, 0x8534, 0xAD55, 0xAD35, 0xAD55, 0x3414,
  0x02B4, 0x6CD4, 0xAD55, 0xAD34, 0xAD34, 0xAD34, 0xAD55, 0x84D4, 0x1333, 0x1B55, 0x0334, 0x0334,
  0x0334, 0x0334, 0x057E, 0x059F, 0x05BE, 0x05DF, 0x03D4, 0xB555, 0xEF9D, 0xDF5D, 0xCEBB, 0xC699,
  0xB63B, 0x52EE, 0x0024, 0x04D9, 0x061F, 0x059F, 0x05BF, 0x05DF, 0x029B, 0x009A, 0x017B, 0x4B52,
  0x536E, 0x3AAE, 0x6BF1, 0x21EA, 0x4B0E, 0xE75D, 0xF79B, 0xA57B, 0x00B9, 0x00D9, 0x02DD, 0x061F,
  0x059E, 0x059E, 0x059E, 0x059E, 0x059E, 0x059E, 0x059E, 0x059E, 0x059E, 0x059E, 0x059E, 0x059E,
  0x061F, 0x051B, 0x01AA, 0x0000, 0x0000, 0x0000, 0x0000, 0x0000, 0x0000, 0x0000, 0x0000, 0x0000,
  0x0000, 0x0000, 0x0000, 0x1082, 0x10A2, 0x0000, 0x0000, 0x0000, 0x0000, 0x0000, 0xEF5D, 0xFFFF,
  0xE73D, 0xEF9E, 0xE71C, 0xEF3D, 0xE6FB, 0xAD55, 0x0000, 0x0000, 0x0000, 0x0000, 0x0000, 0x6B2E,
  0x3947, 0x024E, 0x061F, 0x059F, 0x059E, 0x059E, 0x059E, 0x059E, 0x059E, 0x059E, 0x059E, 0x059E,
  0x059E, 0x059D, 0x0087, 0x0087, 0x0087, 0x0087, 0x0087, 0x0087, 0x0087, 0x0087, 0x0087, 0x0087,
  0x0087, 0x0087, 0x0087, 0x0087, 0x0087, 0x0087, 0x0087, 0x0087, 0x0087, 0x0087, 0x0087, 0x0087,
  0x0087, 0x0087, 0x0087, 0x0087, 0x0087, 0x0087, 0x0087, 0x0087, 0x0087, 0x0087, 0x0087, 0x0087,
  0x01AC, 0x0354, 0x0354, 0x0374, 0x0394, 0x03B4, 0x03B4, 0x0454, 0x0514, 0x0514, 0x04F4, 0x04F4,
  0x04F4, 0x04F4, 0x04D4, 0x0494, 0x0414, 0x03B4, 0x0313, 0x02F4, 0x0354, 0x03D4, 0x04B4, 0x0535,
  0x0534, 0x0534, 0x0534, 0x0514, 0x0514, 0x0514, 0x0514, 0x0514, 0x0514, 0x0514, 0x0514, 0x0514,
  0xAD55, 0xAD55, 0xAD55, 0xAD55, 0xAD55, 0xAD55, 0xAD55, 0xAD55, 0xAD55, 0xAD55, 0xAD55, 0xAD55,
  0xAD55, 0xAD55, 0xAD55, 0xAD55, 0xAD55, 0xAD55, 0xAD55, 0xAD55, 0xAD55, 0xAD55, 0xAD55, 0xAD55,
  0xAD55, 0xAD55, 0xAD55, 0xAD55, 0xAD55, 0xAD55, 0xAD55, 0xAD55, 0xAD55, 0xAD55, 0xAD55, 0xAD55,
  0xAD55, 0xAD55, 0xAD55, 0xAD55, 0xAD55, 0xAD55, 0xAD55, 0xAD55, 0xAD55, 0xAD55, 0xAD55, 0xAD55,
  0xAD55, 0xAD55, 0xAD55, 0xAD55, 0xAD55, 0xAD55, 0xAD55, 0xAD55, 0xAD55, 0xAD55, 0xAD55, 0xAD55,
  0x73AE, 0x0000, 0x0000, 0x0000, 0x39E7, 0xAD55, 0xAD55, 0xAD35, 0xAD35, 0xAD55, 0xAD55, 0x4A49,
  0x0000, 0x0000, 0x0000, 0x0000, 0x9CD3, 0xAD55, 0xA554, 0xAD55, 0xAD55, 0xAD55, 0xAD55, 0xAD55,
  0xAD55, 0xAD55, 0xAD55, 0xAD55, 0xAD35, 0xAD55, 0xAD55, 0x08E3, 0x0000, 0x3000, 0x5063, 0x428A,
  0x632C, 0x4A69, 0x0000, 0x0000, 0x0000, 0x0000, 0x7BEF, 0xAD55, 0x5C53, 0x0293, 0x0355, 0x04B5,
  0x0555, 0x0474, 0x0313, 0x0314, 0x5515, 0x2144, 0x0000, 0x0000, 0x0000, 0x0000, 0x83F0, 0xAD55,
  0xAD55, 0xAD55, 0xAD55, 0xA534, 0xAD55, 0xA534, 0xA534, 0xAD55, 0xAD55, 0xAD55, 0xAD35, 0xAD35,
  0xAD55, 0x8C92, 0x64D3, 0x9D55, 0xAD35, 0xAD55, 0xAD54, 0x0393, 0x0314, 0x9535, 0xAD54, 0xAD35,
  0xAD35, 0xAD34, 0xAD55, 0x5C74, 0x02D3, 0x0334, 0x0334, 0x0334, 0x0334, 0x0334, 0x057E, 0x059E,
  0x063F, 0x053C, 0x736F, 0xB5F8, 0xDF3C, 0xCEFB, 0xCE9B, 0xE77D, 0x63D0, 0x0086, 0x28C5, 0x02EF,
  0x061F, 0x05BF, 0x061F, 0x049D, 0x10D9, 0x017B, 0x0095, 0x222F, 0x7472, 0x5BB1, 0x3AAE, 0x5BB1,
  0xE75D, 0xE73C, 0xEF5B, 0xADFA, 0x00D8, 0x017B, 0x1A5E, 0x04FE, 0x061F, 0x059E, 0x059E, 0x059E,
  0x059E, 0x059E, 0x059E, 0x059E, 0x059E, 0x059E, 0x059E, 0x059F, 0x057E, 0x065F, 0x057D, 0x00A4,
  0x0000, 0x0000, 0x0000, 0x0000, 0x0000, 0x0000, 0x0000, 0x0000, 0x0000, 0x0000, 0x0000, 0x4228,
  0x31C7, 0x0000, 0x0000, 0x0000, 0x10A3, 0x7BD0, 0xFFDF, 0xEF7D, 0xE75D, 0xEF5D, 0xEF5D, 0xEF7D,
  0xFFFF, 0xBDD7, 0x18E4, 0x39C7, 0x0000, 0x0000, 0x10A6, 0x49A7, 0x01AA, 0x055B, 0x061F, 0x059E,
  0x059E, 0x059E, 0x059E, 0x059E, 0x059E, 0x059E, 0x059E, 0x059E, 0x059E, 0x059D, 0x0087, 0x0087,
  0x0087, 0x0087, 0x0087, 0x0087, 0x0087, 0x0087, 0x0087, 0x0087, 0x0087, 0x0087, 0x0087, 0x0087,
  0x0087, 0x0087, 0x0087, 0x0087, 0x0087, 0x0087, 0x0087, 0x0087, 0x0087, 0x0087, 0x0087, 0x0087,
  0x0087, 0x0087, 0x0087, 0x0087, 0x0087, 0x0087, 0x0087, 0x0087, 0x0087, 0x0350, 0x04D5, 0x04D4,
  0x04F4, 0x04F4, 0x0514, 0x0514, 0x04F4, 0x0514, 0x0454, 0x03B4, 0x03D4, 0x03D4, 0x03B4, 0x0353,
  0x0334, 0x0354, 0x03B4, 0x0414, 0x04B5, 0x0534, 0x0554, 0x0554, 0x0514, 0x0494, 0x0474, 0x04F4,
  0x0534, 0x0514, 0x04F4, 0x04F4, 0x04F4, 0x0515, 0x0515, 0x0514, 0xAD55, 0xAD55, 0xAD55, 0xAD55,
  0xAD55, 0xAD55, 0xAD55, 0xAD55, 0xAD55, 0xAD55, 0xAD55, 0xAD55, 0xAD55, 0xAD55, 0xAD55, 0xAD55,
  0xAD55, 0xAD55, 0xAD55, 0xAD55, 0xAD55, 0xAD55, 0xAD55, 0xAD55, 0xAD55, 0xAD55, 0xAD55, 0xAD55,
  0xAD55, 0xAD55, 0xAD55, 0xAD55, 0xAD55, 0xAD55, 0xAD55, 0xAD55, 0xAD55, 0xAD55, 0xAD55, 0xAD55,
  0xAD55, 0xAD55, 0xAD55, 0xAD55, 0xAD55, 0xAD55, 0xAD55, 0xAD55, 0xAD55, 0xAD55, 0xAD55, 0xAD55,
  0xAD55, 0xAD55, 0xAD55, 0xAD55, 0xAD55, 0xAD55, 0xAD55, 0xAD55, 0xAD55, 0x20E4, 0x0000, 0x0000,
  0x0000, 0x8430, 0xAD55, 0xAD35, 0xAD35, 0xAD35, 0xAD55, 0xA534, 0x0820, 0x0000, 0x0000, 0x0000,
  0x4A69, 0xAD55, 0xAD55, 0xAD35, 0xAD35, 0xAD55, 0xAD55, 0xAD55, 0xAD55, 0xAD55, 0xAD55, 0xAD55,
  0xAD35, 0xAD35, 0xAD55, 0x4A69, 0x0000, 0x0020, 0x94B2, 0xAD55, 0xAD55, 0xAD55, 0x9CD3, 0x39C7,
  0x0000, 0x0000, 0x5A89, 0xAD55, 0x0353, 0x0294, 0x03D4, 0x0535, 0x0515, 0x03B4, 0x0293, 0x0434,
  0x8D55, 0x10C3, 0x0000, 0x0000, 0x0000, 0x0000, 0x8430, 0xAD55, 0xAD55, 0xAD55, 0xAD55, 0xAD55,
  0xA534, 0xA514, 0xA534, 0xAD55, 0xAD55, 0xAD55, 0xAD35, 0xAD55, 0x94D3, 0x6CB2, 0x8D55, 0xAD55,
  0xAD34, 0xAD55, 0x9D34, 0x02D2, 0x0394, 0xAD55, 0xAD55, 0xAD35, 0xAD35, 0xAD34, 0xAD55, 0x23F3,
  0x02B4, 0x0334, 0x0334, 0x0334, 0x0334, 0x0334, 0x059F, 0x063F, 0x057E, 0x1392, 0x8411, 0xC69A,
  0xCEBB, 0xC69A, 0xDF1C, 0x6BB1, 0x0969, 0x2A4C, 0x1148, 0x52AC, 0x057C, 0x059F, 0x061D, 0x6D1A,
  0x015B, 0x0118, 0x0051, 0x098E, 0x63F0, 0x5391, 0x4350, 0xBE7A, 0xFFDE, 0xDEFC, 0xEF5C, 0xC67A,
  0x01D9, 0x01FE, 0x21DE, 0x03DC, 0x065F, 0x059F, 0x059E, 0x059E, 0x059E, 0x059E, 0x059E, 0x059E,
  0x059E, 0x059E, 0x059E, 0x059E, 0x059E, 0x059F, 0x065F, 0x053B, 0x0000, 0x0061, 0x00A3, 0x0000,
  0x0000, 0x0000, 0x0000, 0x0000, 0x0000, 0x0000, 0x0000, 0x5B0C, 0x4249, 0x0000, 0x0000, 0x2105,
  0xC63A, 0xCE7B, 0xD69B, 0xEF9E, 0xEF5D, 0xE73D, 0xE75D, 0xF79E, 0xFFFF, 0xB5B7, 0x9CF4, 0x39E8,
  0x0000, 0x0002, 0x0000, 0x0865, 0x057D, 0x061F, 0x059F, 0x059E, 0x059E, 0x059E, 0x059E, 0x059E,
  0x059E, 0x059E, 0x059E, 0x059E, 0x059E, 0x059D, 0x0087, 0x0087, 0x0087, 0x0087, 0x0087, 0x0087,
  0x0087, 0x0087, 0x0087, 0x0087, 0x0087, 0x0087, 0x0087, 0x0087, 0x0087, 0x0087, 0x0087, 0x0087,
  0x0087, 0x0087, 0x0087, 0x0087, 0x0087, 0x0087, 0x0087, 0x0087, 0x0087, 0x0087, 0x0087, 0x0087,
  0x0087, 0x0087, 0x0087, 0x0087, 0x0087, 0x00E8, 0x04D3, 0x0514, 0x04F4, 0x04F4, 0x04F4, 0x04F4,
  0x04F4, 0x04F5, 0x04B4, 0x0474, 0x0474, 0x0474, 0x0474, 0x0494, 0x04D5, 0x04F5, 0x0514, 0x0534,
  0x0535, 0x04F4, 0x0474, 0x03F4, 0x0393, 0x0334, 0x02F4, 0x03B4, 0x04D4, 0x0534, 0x0534, 0x0514,
  0x0514, 0x0514, 0x0514, 0x0514, 0xAD55, 0xAD55, 0xAD55, 0xAD55, 0xAD55, 0xAD55, 0xAD55, 0xAD55,
  0xAD55, 0xAD55, 0xAD55, 0xAD55, 0xAD55, 0xAD55, 0xAD55, 0xAD55, 0xAD55, 0xAD55, 0xAD55, 0xAD55,
  0xAD55, 0xAD55, 0xAD55, 0xAD55, 0xAD55, 0xAD55, 0xAD55, 0xAD55, 0xAD55, 0xAD55, 0xAD55, 0xAD55,
  0xAD55, 0xAD55, 0xAD55, 0xAD55, 0xAD55, 0xAD55, 0xAD55, 0xAD55, 0xAD55, 0xAD55, 0xAD55, 0xAD55,
  0xAD55, 0xAD55, 0xAD55, 0xAD55, 0xAD55, 0xAD55, 0xAD55, 0xAD55, 0xAD55, 0xAD55, 0xAD55, 0xAD55,
  0xAD55, 0xAD55, 0xAD55, 0xAD55, 0xAD55, 0x630C, 0x0000, 0x0000, 0x0000, 0x39C7, 0xAD55, 0xAD55,
  0xAD35, 0xAD35, 0xAD35, 0xAD55, 0x738E, 0x0000, 0x0000, 0x0000, 0x0000, 0x9CF3, 0xAD55, 0xAD35,
  0xAD35, 0xAD55, 0xAD55, 0xAD55, 0xAD55, 0xAD55, 0xAD55, 0xAD55, 0xAD35, 0xAD35, 0xAD55, 0x6B4D,
  0x0000, 0x5B0C, 0xAD55, 0xAD55, 0xAD55, 0xAD55, 0xAD55, 0xAD55, 0x2104, 0x0000, 0x2924, 0x5CB4,
  0x02D4, 0x0314, 0x0494, 0x0555, 0x04B4, 0x02F4, 0x02D4, 0x4535, 0x7555, 0x00C3, 0x0000, 0x0000,
  0x0000, 0x0000, 0x9472, 0xAD55, 0xAD55, 0xAD55, 0xAD55, 0xAD55, 0xA514, 0xA514, 0xAD55, 0xAD55,
  0xAD55, 0xAD55, 0xAD55, 0xA514, 0x6C50, 0x7514, 0xA555, 0xAD35, 0xAD34, 0xAD55, 0x7CB4, 0x0272,
  0x1C34, 0xAD55, 0xAD35, 0xAD35, 0xAD35, 0xAD55, 0xAD54, 0x0373, 0x02D4, 0x0314, 0x0314, 0x0314,
  0x0314, 0x0314, 0x05FF, 0x04DA, 0x32EE, 0x630E, 0x8515, 0xCEFB, 0xC67A, 0xDF1C, 0xADD7, 0x0107,
  0x19CA, 0x328D, 0x11EA, 0x630D, 0x0C76, 0x05FD, 0xEEF9, 0xBD79, 0x019D, 0x0117, 0x00B0, 0x4310,
  0x536F, 0x7474, 0x6412, 0xA5B7, 0xEF9D, 0xE75D, 0xDF1C, 0xDEF8, 0x4B99, 0x021F, 0x19BE, 0x031B,
  0x069F, 0x05DF, 0x059E, 0x059E, 0x059E, 0x059E, 0x059E, 0x059E, 0x059E, 0x059E, 0x059E, 0x059E,
  0x059E, 0x059E, 0x059F, 0x071F, 0x02F0, 0x00A4, 0x0148, 0x0000, 0x0000, 0x0000, 0x0000, 0x0000,
  0x10A3, 0x0000, 0x0000, 0x634D, 0x9492, 0x0000, 0x0862, 0xB598, 0xF7BF, 0xE75D, 0xDEFC, 0xE75D,
  0xE75C, 0xE73D, 0xEF7E, 0xF7BF, 0xF79E, 0xFFDF, 0x9CF4, 0x0000, 0x0000, 0x0000, 0x0000, 0x0416,
  0x06BF, 0x059F, 0x059E, 0x059E, 0x059E, 0x059E, 0x059E, 0x059E, 0x059E, 0x059E, 0x059E, 0x059E,
  0x059E, 0x059D, 0x0087, 0x0087, 0x0087, 0x0087, 0x0087, 0x0087, 0x0087, 0x0087, 0x0087, 0x0087,
  0x0087, 0x0087, 0x0087, 0x0087, 0x0087, 0x0087, 0x0087, 0x0087, 0x0087, 0x0087, 0x0087, 0x0087,
  0x0087, 0x0087, 0x0087, 0x0087, 0x0087, 0x0087, 0x0087, 0x0087, 0x0087, 0x0087, 0x0087, 0x0087,
  0x0087, 0x0087, 0x022C, 0x04D4, 0x04F4, 0x04F4, 0x04F4, 0x04F4, 0x04F4, 0x04F4, 0x0514, 0x0514,
  0x0514, 0x0514, 0x0514, 0x0514, 0x04B4, 0x0474, 0x0434, 0x0414, 0x03F4, 0x0374, 0x0314, 0x02F4,
  0x02F4, 0x02F5, 0x02F5, 0x02F4, 0x0354, 0x03F4, 0x0434, 0x0474, 0x04B4, 0x04D4, 0x04D4, 0x04D4,
  0xAD55, 0xAD55, 0xAD55, 0xAD55, 0xAD55, 0xAD55, 0xAD55, 0xAD55, 0xAD55, 0xAD55, 0xAD55, 0xAD55,
  0xAD55, 0xAD55, 0xAD55, 0xAD55, 0xAD55, 0xAD55, 0xAD55, 0xAD55, 0xAD55, 0xAD55, 0xAD55, 0xAD55,
  0xAD55, 0xAD55, 0xAD55, 0xAD55, 0xAD55, 0xAD55, 0xAD55, 0xAD55, 0xAD55, 0xAD55, 0xAD55, 0xAD55,
  0xAD55, 0xAD55, 0xAD55, 0xAD55, 0xAD55, 0xAD55, 0xAD55, 0xAD55, 0xAD55, 0xAD55, 0xAD55, 0xAD55,
  0xAD55, 0xAD55, 0xAD55, 0xAD55, 0xAD55, 0xAD55, 0xAD55, 0xAD55, 0xAD55, 0xAD55, 0xAD55, 0xAD35,
  0xAD55, 0x9CB3, 0x0000, 0x0000, 0x0000, 0x0000, 0x9492, 0xAD55, 0xAD35, 0xAD35, 0xAD35, 0xAD55,
  0xAD55, 0x4208, 0x0000, 0x0000, 0x0000, 0x4208, 0xAD55, 0xAD55, 0xAD35, 0xAD55, 0xAD55, 0xAD55,
  0xAD55, 0xAD55, 0xAD55, 0xAD55, 0xAD35, 0xAD35, 0xAD55, 0x9492, 0x0000, 0x6B6D, 0xAD55, 0xAD55,
  0xAD55, 0xAD55, 0xAD55, 0xAD55, 0x5ACB, 0x0000, 0x0000, 0x022E, 0x0335, 0x0415, 0x0515, 0x0535,
  0x0414, 0x0273, 0x0394, 0x7555, 0x4D55, 0x0904, 0x0000, 0x0000, 0x0000, 0x0000, 0x9CB3, 0xAD55,
  0xAD55, 0xAD55, 0xAD55, 0xA514, 0xA4F4, 0xAD35, 0xAD35, 0xAD55, 0xAD55, 0xAD55, 0xAD55, 0x8472,
  0x6492, 0x9555, 0xAD55, 0xAD35, 0xAD35, 0xAD55, 0x4C33, 0x0273, 0x5CB5, 0xAD55, 0xAD34, 0xAD35,
  0xAD34, 0xAD55, 0x8D14, 0x0312, 0x02F4, 0x0314, 0x0314, 0x0314, 0x0314, 0x0314, 0x0350, 0x3146,
  0x630F, 0x5BF2, 0xADF8, 0xD6DB, 0xC69A, 0xE77D, 0x63B0, 0x0106, 0x2A69, 0x19A8, 0x4B2F, 0x9D97,
  0xBE19, 0xE69A, 0xEF5A, 0x7D19, 0x015C, 0x021D, 0x006F, 0x5330, 0x5BB1, 0xB5B8, 0xC679, 0xA5B8,
  0xEF7D, 0xE73C, 0xD6DB, 0xCEB7, 0x3B9B, 0x023F, 0x025E, 0x01FC, 0x039D, 0x059E, 0x065E, 0x05DE,
  0x059F, 0x059F, 0x059E, 0x059E, 0x059E, 0x059E, 0x059E, 0x059E, 0x059E, 0x059E, 0x059E, 0x05DF,
  0x059E, 0x020B, 0x0188, 0x0000, 0x0000, 0x0000, 0x0000, 0x0000, 0x73AE, 0x52AB, 0x0000, 0x73AE,
  0xE6FD, 0x0000, 0x632D, 0xF79F, 0xF7BF, 0xFFFF, 0xEF5E, 0xE71C, 0xE75D, 0xEF7D, 0xEF9E, 0xEF7E,
  0xE75D, 0xFFFF, 0x4228, 0x0000, 0x0000, 0x0000, 0x0148, 0x063F, 0x05BF, 0x059E, 0x059E, 0x059E,
  0x059E, 0x059E, 0x059E, 0x059E, 0x059E, 0x059E, 0x059E, 0x059E, 0x059E, 0x059D, 0x0087, 0x0087,
  0x0087, 0x0087, 0x0087, 0x0087, 0x0087, 0x0087, 0x0087, 0x0087, 0x0087, 0x0087, 0x0087, 0x0087,
  0x0087, 0x0087, 0x0087, 0x0087, 0x0087, 0x0087, 0x0087, 0x0087, 0x0087, 0x0087, 0x0087, 0x0087,
  0x0087, 0x0087, 0x0087, 0x0087, 0x0087, 0x0087, 0x0087, 0x0087, 0x0087, 0x0087, 0x0087, 0x0391,
  0x04F4, 0x04F4, 0x04F4, 0x04D4, 0x04D4, 0x04F4, 0x04F4, 0x04F4, 0x04D4, 0x04D4, 0x04F4, 0x04F4,
  0x0474, 0x03F4, 0x0374, 0x02F4, 0x02B4, 0x02F4, 0x02F4, 0x02F4, 0x02F4, 0x02F4, 0x02F4, 0x02D4,
  0x02D4, 0x02F4, 0x0354, 0x0374, 0x0354, 0x0354, 0x0354, 0x0394, 0xAD55, 0xAD55, 0xAD55, 0xAD55,
  0xAD55, 0xAD55, 0xAD55, 0xAD55, 0xAD55, 0xAD55, 0xAD55, 0xAD55, 0xAD55, 0xAD55, 0xAD55, 0xAD55,
  0xAD55, 0xAD55, 0xAD55, 0xAD55, 0xAD55, 0xAD55, 0xAD55, 0xAD55, 0xAD55, 0xAD55, 0xAD55, 0xAD55,
  0xAD55, 0xAD55, 0xAD55, 0xAD55, 0xAD55, 0xAD55, 0xAD55, 0xAD55, 0xAD55, 0xAD55, 0xAD55, 0xAD55,
  0xAD55, 0xAD55, 0xAD55, 0xAD55, 0xAD55, 0xAD55, 0xAD55, 0xAD55, 0xAD55, 0xAD55, 0xAD55, 0xAD55,
  0xAD55, 0xAD55, 0xAD55, 0xAD55, 0xAD55, 0xAD55, 0xAD55, 0xAD35, 0xAD55, 0xAD55, 0x4A69, 0x0000,
  0x0000, 0x0000, 0x39E7, 0xAD55, 0xAD55, 0xAD35, 0xAD35, 0xAD35, 0xAD55, 0xA514, 0x0000, 0x0000,
  0x0000, 0x0000, 0xA514, 0xAD55, 0xAD35, 0xAD55, 0xAD55, 0xAD55, 0xAD55, 0xAD55, 0xAD55, 0xAD55,
  0xAD35, 0xAD35, 0xAD55, 0xAD55, 0x0000, 0x4A69, 0xAD55, 0xAD55, 0xAD55, 0xAD55, 0xAD35, 0xAD55,
  0x630C, 0x0000, 0x0000, 0x018B, 0x0395, 0x04D5, 0x0555, 0x04D4, 0x0333, 0x0273, 0x0494, 0x6555,
  0x6D55, 0x2145, 0x0000, 0x0000, 0x0000, 0x0841, 0xA514, 0xAD55, 0xAD55, 0xAD55, 0xAD55, 0xA4F3,
  0xA514, 0xAD55, 0xAD35, 0xAD55, 0xAD55, 0xAD55, 0xA514, 0x7471, 0x7534, 0x9D55, 0xAD35, 0xAD34,
  0xAD55, 0xAD55, 0x03B3, 0x02D4, 0x8534, 0xAD54, 0xAD34, 0xAD35, 0xAD34, 0xAD55, 0x7493, 0x02B2,
  0x02F5, 0x0314, 0x0314, 0x0314, 0x0314, 0x0314, 0x0350, 0x0312, 0x5350, 0x7433, 0xD6DC, 0xD6DB,
  0xC69A, 0xDF5C, 0x5B4E, 0x00EC, 0x1150, 0x6BF4, 0xD71B, 0xD71C, 0xCEBB, 0xC67A, 0xDF3A, 0x6C79,
  0x0079, 0x029F, 0x01FC, 0x21AC, 0x6C31, 0xC67A, 0xD6DB, 0xCEBB, 0xDF7D, 0xCEDB, 0xDF3A, 0xAE1A,
  0x021E, 0x02BF, 0x02BE, 0x01FC, 0x29BD, 0x02DE, 0x047D, 0x05BE, 0x063F, 0x05BF, 0x059E, 0x059E,
  0x059E, 0x059E, 0x059E, 0x059E, 0x059E, 0x059E, 0x059E, 0x057E, 0x063F, 0x053C, 0x0435, 0x0062,
  0x0000, 0x0000, 0x0000, 0x0000, 0x528A, 0xD6BC, 0xA515, 0xAD56, 0xDEDC, 0x9CF4, 0xB597, 0xE73D,
  0xD6BB, 0xE71D, 0xD6BB, 0xE73D, 0xEF7E, 0xEF7D, 0xE75D, 0xE73D, 0xEF9E, 0xDEDC, 0x0841, 0x0000,
  0x0000, 0x02F1, 0x055C, 0x057D, 0x059F, 0x059E, 0x059E, 0x059E, 0x059E, 0x059E, 0x059E, 0x059E,
  0x059E, 0x059E, 0x059E, 0x059E, 0x059E, 0x059D, 0x0087, 0x0087, 0x0087, 0x0087, 0x0087, 0x0087,
  0x0087, 0x0087, 0x0087, 0x0087, 0x0087, 0x0087, 0x0087, 0x0087, 0x0087, 0x0087, 0x0087, 0x0087,
  0x0087, 0x0087, 0x0087, 0x0087, 0x0087, 0x0087, 0x0087, 0x0087, 0x0087, 0x0087, 0x0087, 0x0087,
  0x0087, 0x0087, 0x0087, 0x0087, 0x0087, 0x0087, 0x0087, 0x016A, 0x04D4, 0x04D4, 0x04D4, 0x04D4,
  0x04D4, 0x04D4, 0x04D4, 0x04D4, 0x04D4, 0x04D4, 0x04D4, 0x04D4, 0x04F5, 0x04F4, 0x04B4, 0x0414,
  0x0334, 0x02F4, 0x02D4, 0x0314, 0x0334, 0x0374, 0x03B4, 0x03D4, 0x0415, 0x0455, 0x0494, 0x0494,
  0x0454, 0x0414, 0x03F4, 0x0434, 0xAD55, 0xAD55, 0xAD55, 0xAD55, 0xAD55, 0xAD55, 0xAD55, 0xAD55,
  0xAD55, 0xAD55, 0xAD55, 0xAD55, 0xAD55, 0xAD55, 0xAD55, 0xAD55, 0xAD55, 0xAD55, 0xAD55, 0xAD55,
  0xAD55, 0xAD55, 0xAD55, 0xAD55, 0xAD55, 0xAD55, 0xAD55, 0xAD55, 0xAD55, 0xAD55, 0xAD55, 0xAD55,
  0xAD55, 0xAD55, 0xAD55, 0xAD55, 0xAD55, 0xAD55, 0xAD55, 0xAD55, 0xAD55, 0xAD55, 0xAD55, 0xAD55,
  0xAD55, 0xAD55, 0xAD55, 0xAD55, 0xAD55, 0xAD55, 0xAD55, 0xAD55, 0xAD55, 0xAD55, 0xAD55, 0xAD55,
  0xAD55, 0xAD55, 0xAD55, 0xAD35, 0xAD35, 0xAD55, 0xAD55, 0x2104, 0x0000, 0x0000, 0x0000, 0x8410,
  0xAD55, 0xAD35, 0xAD55, 0xAD55, 0xAD55, 0xAD55, 0x6B6D, 0x0000, 0x0000, 0x0000, 0x52AA, 0xAD55,
  0xAD55, 0xAD55, 0xAD55, 0xAD55, 0xAD55, 0xAD55, 0xAD55, 0xAD55, 0xAD55, 0xAD55, 0xAD55, 0xAD55,
  0x18C3, 0x3186, 0xAD55, 0xAD55, 0xAD55, 0xAD55, 0xAD35, 0xAD55, 0x73AE, 0x0000, 0x0000, 0x0108,
  0x0455, 0x0555, 0x0535, 0x03F4, 0x0273, 0x0373, 0x3554, 0x4555, 0x9555, 0x2904, 0x0000, 0x0000,
  0x0000, 0x18A3, 0xAD55, 0xAD55, 0xAD35, 0xAD55, 0xA514, 0xA4F4, 0xAD55, 0xAD55, 0xAD55, 0xAD35,
  0xAD35, 0xAD55, 0x8471, 0x6492, 0x8555, 0x9D55, 0xAD34, 0xAD34, 0xAD54, 0xA554, 0x02F3, 0x0334,
  0xA554, 0xAD54, 0xA534, 0xAD34, 0xAD34, 0xAD55, 0x4C12, 0x0292, 0x0315, 0x0314, 0x0314, 0x0314,
  0x0314, 0x0314, 0x035A, 0x4BB3, 0x5390, 0xADF8, 0xE77E, 0xCEDB, 0xCEBB, 0xCEB7, 0x32D3, 0x0098,
  0x0017, 0x5BD9, 0xEFBB, 0xBE5A, 0xBE7A, 0xBE7A, 0xD719, 0x4339, 0x0039, 0x027F, 0x027F, 0x00AD,
  0x7C6F, 0xE79E, 0xBE39, 0xD6DC, 0xDF3D, 0xCEDB, 0xE779, 0x3AF7, 0x009B, 0x025D, 0x031F, 0x023D,
  0x023C, 0x1A7F, 0x29FE, 0x02FD, 0x04FE, 0x05FE, 0x061E, 0x05FE, 0x059F, 0x059E, 0x059E, 0x059E,
  0x059E, 0x059E, 0x059E, 0x059E, 0x059E, 0x061F, 0x069F, 0x0393, 0x0147, 0x0000, 0x0000, 0x0000,
  0x6B6D, 0xF79F, 0xFFFF, 0xE71D, 0xDEFC, 0xF7BF, 0xEF7E, 0xCE7A, 0x9CF5, 0xAD77, 0xB5B7, 0xEF7E,
  0xE75D, 0xE73D, 0xE73D, 0xDF1C, 0xE75D, 0xCE5A, 0x9CD4, 0x40C2, 0x0084, 0x069F, 0x063F, 0x059E,
  0x059F, 0x059E, 0x059E, 0x059E, 0x059E, 0x059E, 0x059E, 0x059E, 0x059E, 0x059E, 0x059E, 0x059E,
  0x059E, 0x059D, 0xFFFF, 0xF79E, 0xE73D, 0xBE39, 0x94F5, 0x4B0F, 0x0109, 0x0087, 0x0087, 0x0087,
  0x0087, 0x0087, 0x0087, 0x0087, 0x0087, 0x0087, 0x0087, 0x0087, 0x0087, 0x0087, 0x0087, 0x0087,
  0x0087, 0x0087, 0x0087, 0x0087, 0x0087, 0x0087, 0x0087, 0x0087, 0x0087, 0x0087, 0x0087, 0x0087,
  0x0087, 0x0087, 0x0087, 0x0087, 0x0390, 0x04D4, 0x04D4, 0x04D4, 0x04D4, 0x04D4, 0x04B4, 0x04D4,
  0x04D4, 0x04D4, 0x04D4, 0x04D4, 0x04D4, 0x04D5, 0x04F5, 0x04F5, 0x0494, 0x0413, 0x03F4, 0x0454,
  0x04B4, 0x04D4, 0x04D4, 0x04F5, 0x04F5, 0x04F5, 0x04F5, 0x04F5, 0x04F5, 0x04F5, 0x04F5, 0x04F5,
  0xAD55, 0xAD55, 0xAD55, 0xAD55, 0xAD55, 0xAD55, 0xAD55, 0xAD55, 0xAD55, 0xAD55, 0xAD55, 0xAD55,
  0xAD55, 0xAD55, 0xAD55, 0xAD55, 0xAD55, 0xAD55, 0xAD55, 0xAD55, 0xAD55, 0xAD55, 0xAD55, 0xAD55,
  0xAD55, 0xAD55, 0xAD55, 0xAD55, 0xAD55, 0xAD55, 0xAD55, 0xAD55, 0xAD55, 0xAD55, 0xAD55, 0xAD55,
  0xAD55, 0xAD55, 0xAD55, 0xAD55, 0xAD55, 0xAD55, 0xAD55, 0xAD55, 0xAD55, 0xAD55, 0xAD55, 0xAD55,
  0xAD55, 0xAD55, 0xAD55, 0xAD55, 0xAD55, 0xAD55, 0xAD55, 0xAD55, 0xAD55, 0xAD55, 0xAD55, 0xAD35,
  0xAD35, 0xAD35, 0xAD55, 0x8430, 0x0000, 0x0000, 0x0000, 0x2945, 0xAD55, 0xAD55, 0xAD55, 0xAD55,
  0xAD55, 0xAD55, 0xAD55, 0x31A6, 0x0000, 0x0000, 0x0000, 0x9CF3, 0xAD55, 0xAD55, 0xAD55, 0xAD55,
  0xAD55, 0xAD55, 0xAD55, 0xAD55, 0xAD55, 0xAD55, 0xAD55, 0xAD55, 0x39A6, 0x20E4, 0xAD55, 0xAD55,
  0xAD55, 0xAD55, 0xAD35, 0xAD55, 0x9492, 0x0000, 0x0000, 0x0126, 0x0535, 0x0555, 0x04D4, 0x0313,
  0x0273, 0x0494, 0x1555, 0x5D55, 0xA555, 0x20C3, 0x0000, 0x0000, 0x0000, 0x2104, 0xAD55, 0xAD55,
  0xAD35, 0xAD55, 0xA4F4, 0xA514, 0xAD55, 0xAD55, 0xAD55, 0xAD35, 0xAD55, 0xA4F4, 0x7430, 0x7534,
  0x8D55, 0xA555, 0xAD34, 0xAD34, 0xAD54, 0x84B3, 0x0252, 0x03B4, 0xAD54, 0xAD34, 0xAD35, 0xAD34,
  0xAD55, 0xAD55, 0x1392, 0x0293, 0x0314, 0x02F4, 0x02F4, 0x02F4, 0x02F4, 0x02F4, 0x0951, 0x4AED,
  0x8CF6, 0xE77D, 0xD71C, 0xBE5A, 0xE75A, 0x5BB8, 0x0016, 0x0015, 0x0015, 0x0177, 0xC699, 0xBE79,
  0xB639, 0xC6B9, 0xBE7A, 0x0099, 0x003B, 0x0179, 0x0014, 0x0015, 0x324E, 0xBE17, 0xCEFB, 0xC69A,
  0xC69B, 0xCE78, 0x5B50, 0x0016, 0x001A, 0x0039, 0x00FB, 0x017D, 0x015C, 0x01DE, 0x01BE, 0x015E,
  0x015D, 0x023E, 0x033E, 0x047E, 0x055E, 0x055E, 0x053E, 0x055F, 0x055E, 0x055E, 0x055E, 0x055E,
  0x055E, 0x053E, 0x059F, 0x051E, 0x055F, 0x0458, 0x0000, 0x0000, 0x528A, 0xFFFF, 0xDEFC, 0xE71D,
  0xE73D, 0xE73D, 0xEF5D, 0xEF7E, 0xDEBB, 0xD69B, 0xEF7E, 0xEF7E, 0xE73D, 0xE71C, 0xDEFC, 0xDEFC,
  0xD6BB, 0xFFFF, 0xB4F3, 0x0045, 0x055E, 0x05BF, 0x055E, 0x055F, 0x053E, 0x055E, 0x055E, 0x055E,
  0x055E, 0x055E, 0x055E, 0x055E, 0x055E, 0x055E, 0x055E, 0x055E, 0x055E, 0x055D, 0xFFFF, 0xFFFF,
  0xFFFF, 0xFFFF, 0xFFFF, 0xFFFF, 0xFFDF, 0xADB8, 0x3AAE, 0x0087, 0x0087, 0x0087, 0x0087, 0x0087,
  0x0087, 0x0087, 0x0087, 0x0087, 0x0087, 0x0087, 0x0087, 0x0087, 0x0087, 0x0087, 0x0087, 0x0087,
  0x0087, 0x0087, 0x0087, 0x0087, 0x0087, 0x0087, 0x0087, 0x0087, 0x0087, 0x0087, 0x0087, 0x0087,
  0x014A, 0x04B4, 0x04D4, 0x04D4, 0x04D4, 0x04B4, 0x04B4, 0x04B4, 0x04B4, 0x04B4, 0x04B4, 0x04B4,
  0x04D4, 0x04B4, 0x04B4, 0x04D4, 0x04F4, 0x04F4, 0x04F5, 0x04F5, 0x04F4, 0x04D4, 0x04D4, 0x04D4,
  0x04B4, 0x04B4, 0x04B4, 0x04B4, 0x04B4, 0x04B4, 0x04B4, 0x04B4, 0xAD55, 0xAD55, 0xAD55, 0xAD55,
  0xAD55, 0xAD55, 0xAD55, 0xAD55, 0xAD55, 0xAD55, 0xAD55, 0xAD55, 0xAD55, 0xAD55, 0xAD55, 0xAD55,
  0xAD55, 0xAD55, 0xAD55, 0xAD55, 0xAD55, 0xAD55, 0xAD55, 0xAD55, 0xAD55, 0xAD55, 0xAD55, 0xAD55,
  0xAD55, 0xAD55, 0xAD55, 0xAD55, 0xAD55, 0xAD55, 0xAD55, 0xAD55, 0xAD55, 0xAD55, 0xAD55, 0xAD55,
  0xAD55, 0xAD55, 0xAD55, 0xAD55, 0xAD55, 0xAD55, 0xAD55, 0xAD55, 0xAD55, 0xAD55, 0xAD55, 0xAD55,
  0xAD55, 0xAD55, 0xAD55, 0xAD55, 0xAD55, 0xAD55, 0xAD55, 0xAD35, 0xAD35, 0xAD35, 0xAD35, 0xAD55,
  0x4A49, 0x0000, 0x0000, 0x0000, 0x8430, 0xAD55, 0xAD55, 0xAD55, 0xAD55, 0xAD55, 0xAD55, 0xA534,
  0x0000, 0x0000, 0x0000, 0x41E8, 0xAD55, 0xAD55, 0xAD55, 0xAD55, 0xAD55, 0xAD55, 0xAD55, 0xAD55,
  0xAD55, 0xAD55, 0xAD55, 0xAD55, 0x6B2D, 0x20E3, 0xAD55, 0xAD55, 0xAD55, 0xAD55, 0xAD35, 0xAD55,
  0xAD54, 0x0861, 0x0000, 0x0125, 0x0555, 0x0555, 0x0434, 0x0252, 0x0333, 0x0555, 0x0555, 0x8D55,
  0xAD55, 0x10A2, 0x0000, 0x0000, 0x0000, 0x3165, 0xAD55, 0xAD55, 0xAD55, 0xA514, 0x9CD3, 0xA534,
  0xAD55, 0xAD55, 0xAD55, 0xAD35, 0xAD55, 0x8C92, 0x6CB2, 0x7D55, 0x9555, 0xA555, 0xAD34, 0xAD34,
  0xAD55, 0x4C13, 0x0212, 0x4C74, 0xAD55, 0xAD34, 0xAD55, 0xAD35, 0xAD55, 0xA534, 0x0311, 0x02B4,
  0x02F4, 0x02F4, 0x02F4, 0x02F4, 0x02F4, 0x02F4, 0x7C95, 0x8CF5, 0xDF1C, 0xF7DF, 0xDF3D, 0xD6FB,
  0xEF5B, 0x6C3C, 0x3A5B, 0x4318, 0x3AF9, 0x4319, 0xC65A, 0xDF3C, 0xCEDB, 0xE77C, 0xCEBD, 0x32BA,
  0x5C3C, 0x9539, 0x3AD7, 0x3AFB, 0x7437, 0x9D12, 0xDF5D, 0xDF1C, 0xDF3C, 0xAD94, 0x7414, 0x435D,
  0x433B, 0x433B, 0x3AFA, 0x53BD, 0x5BFE, 0x5BFE, 0x541E, 0x543E, 0x5BFE, 0x63BE, 0x637E, 0x5BFE,
  0x053E, 0x065E, 0x063E, 0x063E, 0x063E, 0x063E, 0x063E, 0x063E, 0x063E, 0x063E, 0x063E, 0x065E,
  0x067F, 0x075F, 0x05DC, 0x2965, 0x0000, 0x8C93, 0xFFDF, 0xD6BB, 0xDEDB, 0xDEDC, 0xDEDB, 0xD6BB,
  0xC619, 0xA536, 0xC65A, 0xD6BB, 0xDEDC, 0xDEFC, 0xDEDC, 0xD6BB, 0xEF7E, 0xD65A, 0x3165, 0x0519,
  0x071F, 0x063E, 0x063E, 0x063E, 0x063E, 0x063E, 0x063E, 0x063E, 0x063E, 0x063E, 0x063E, 0x063E,
  0x063E, 0x063E, 0x063E, 0x063E, 0x063E, 0x063D, 0xFFFF, 0xFFFF, 0xFFFF, 0xFFFF, 0xFFFF, 0xFFFF,
  0xFFFF, 0xFFFF, 0xFFFF, 0xCE9B, 0x326D, 0x0087, 0x0087, 0x0087, 0x0087, 0x0087, 0x0087, 0x0087,
  0x0087, 0x0087, 0x0087, 0x0087, 0x0087, 0x0087, 0x0087, 0x0087, 0x0087, 0x0087, 0x0087, 0x0087,
  0x0087, 0x0087, 0x0087, 0x0087, 0x0087, 0x0087, 0x0087, 0x0087, 0x0087, 0x03B1, 0x04D4, 0x04B4,
  0x04B4, 0x04B4, 0x04B4, 0x04B4, 0x04B4, 0x04B4, 0x04B4, 0x04B4, 0x04B4, 0x04B4, 0x04B4, 0x04B4,
  0x04B4, 0x04B5, 0x04B4, 0x04B4, 0x04B4, 0x04B5, 0x04B5, 0x04B5, 0x04B4, 0x04B4, 0x04B4, 0x04B4,
  0x04B4, 0x04B4, 0x04B4, 0x04B4, 0xAD55, 0xAD55, 0xAD55, 0xAD55, 0xAD55, 0xAD55, 0xAD55, 0xAD55,
  0xAD55, 0xAD55, 0xAD55, 0xAD55, 0xAD55, 0xAD55, 0xAD55, 0xAD55, 0xAD55, 0xAD55, 0xAD55, 0xAD55,
  0xAD55, 0xAD55, 0xAD55, 0xAD55, 0xAD55, 0xAD55, 0xAD55, 0xAD55, 0xAD55, 0xAD55, 0xAD55, 0xAD55,
  0xAD55, 0xAD55, 0xAD55, 0xAD55, 0xAD55, 0xAD55, 0xAD55, 0xAD55, 0xAD55, 0xAD55, 0xAD55, 0xAD55,
  0xAD55, 0xAD55, 0xAD55, 0xAD55, 0xAD55, 0xAD55, 0xAD55, 0xAD55, 0xAD55, 0xAD55, 0xAD55, 0xAD55,
  0xAD55, 0xAD55, 0xAD55, 0xAD55, 0xAD35, 0xAD35, 0xAD35, 0xAD55, 0xAD55, 0x1082, 0x0000, 0x0000,
  0x2104, 0xAD55, 0xAD55, 0xAD35, 0xAD35, 0xAD35, 0xAD55, 0xAD55, 0x6B4D, 0x0000, 0x0000, 0x0000,
  0x9CD3, 0xAD55, 0xAD35, 0xAD35, 0xAD55, 0xAD55, 0xAD55, 0xAD55, 0xAD55, 0xAD55, 0xAD55, 0xAD55,
  0x9CD3, 0x3166, 0x9CB3, 0xAD55, 0xAD55, 0xAD55, 0xAD34, 0xAD55, 0x84B3, 0x0001, 0x0000, 0x0082,
  0x04B3, 0x0555, 0x0373, 0x0212, 0x03D3, 0x0555, 0x3D54, 0xA555, 0xAD55, 0x0882, 0x0000, 0x0000,
  0x0000, 0x39E7, 0xAD55, 0xAD55, 0xAD55, 0xA4F3, 0xA514, 0xAD55, 0xAD55, 0xAD55, 0xAD55, 0xAD55,
  0xA534, 0x7C92, 0x7554, 0x7D55, 0xA555, 0xAD35, 0xAD34, 0xAD34, 0xAD54, 0x0393, 0x0293, 0x8D14,
  0xAD54, 0xAD34, 0xAD35, 0xAD35, 0xAD55, 0x94D4, 0x02D2, 0x02D4, 0x02F4, 0x02F4, 0x02F4, 0x02F4,
  0x02F4, 0x02F4, 0xF7BF, 0xFFFF, 0xFFFF, 0xFFFF, 0xFFFF, 0xFFFF, 0xFFFF, 0xFFFF, 0xFFFF, 0xFFFF,
  0xFFFF, 0xFFFF, 0xFFFF, 0xFFFF, 0xFFFF, 0xFFFF, 0xFFFF, 0xFFFF, 0xFFFF, 0xFFFF, 0xFFFF, 0xFFFF,
  0xFFFF, 0xFFFF, 0xF7BF, 0xFFFF, 0xFFFF, 0xFFFF, 0xFFFF, 0xFFFF, 0xFFFF, 0xFFFF, 0xFFFF, 0xFFFE,
  0xFFFF, 0xFFFF, 0xFFFF, 0xFFFF, 0xFFFF, 0xFFFF, 0xFFFF, 0xFFFF, 0xFFFE, 0xFFFF, 0xFFFF, 0xFFFF,
  0xFFFF, 0xFFFF, 0xFFFF, 0xFFFF, 0xFFFF, 0xFFFE, 0xFFFE, 0xFFFF, 0xFFFF, 0xFFFF, 0xFFFF, 0xFFFF,
  0x7BAE, 0x0000, 0xADB7, 0xE75E, 0xD69B, 0xD69B, 0xD69B, 0xC65A, 0xB5D8, 0xB5B7, 0xBE19, 0xCE5A,
  0xD69B, 0xD6BB, 0xD69B, 0xE73D, 0xD6DC, 0x39E9, 0xCE79, 0xFFFF, 0xFFFE, 0xFFFF, 0xFFFF, 0xFFFF,
  0xFFFF, 0xFFFF, 0xFFFF, 0xFFFF, 0xFFFF, 0xFFFF, 0xFFFF, 0xFFFF, 0xFFFF, 0xFFFF, 0xFFFF, 0xFFFF,
  0xFFFF, 0xFFDE, 0xFFFF, 0xFFFF, 0xFFFF, 0xFFFF, 0xFFFF, 0xFFFF, 0xFFFF, 0xFFFF, 0xFFFF, 0xFFFF,
  0xFFFF, 0x9516, 0x00C8, 0x0087, 0x0087, 0x0087, 0x0087, 0x0087, 0x0087, 0x0087, 0x0087, 0x0087,
  0x0087, 0x0087, 0x0087, 0x0087, 0x0087, 0x0087, 0x0087, 0x0087, 0x0087, 0x0087, 0x0087, 0x0087,
  0x0087, 0x0087, 0x0087, 0x0087, 0x0087, 0x01AB, 0x0474, 0x04B4, 0x04B4, 0x04B4, 0x04B4, 0x04B4,
  0x04B4, 0x04B4, 0x04B4, 0x04B5, 0x04B4, 0x04B4, 0x04B4, 0x04B4, 0x04B4, 0x04B4, 0x04B4, 0x04B4,
  0x0494, 0x0494, 0x04B4, 0x04B4, 0x0494, 0x0494, 0x0494, 0x0494, 0x0494, 0x04B4, 0x04B4, 0x0494,
  0xAD55, 0xAD55, 0xAD55, 0xAD55, 0xAD55, 0xAD55, 0xAD55, 0xAD55, 0xAD55, 0xAD55, 0xAD55, 0xAD55,
  0xAD55, 0xAD55, 0xAD55, 0xAD55, 0xAD55, 0xAD55, 0xAD55, 0xAD55, 0xAD55, 0xAD55, 0xAD55, 0xAD55,
  0xAD55, 0xAD55, 0xAD55, 0xAD55, 0xAD55, 0xAD55, 0xAD55, 0xAD55, 0xAD55, 0xAD55, 0xAD55, 0xAD55,
  0xAD55, 0xAD55, 0xAD55, 0xAD55, 0xAD55, 0xAD55, 0xAD55, 0xAD55, 0xAD55, 0xAD55, 0xAD55, 0xAD55,
  0xAD55, 0xAD55, 0xAD55, 0xAD55, 0xAD55, 0xAD55, 0xAD55, 0xAD55, 0xAD55, 0xAD55, 0xAD55, 0xAD55,
  0xAD55, 0xAD55, 0xAD55, 0xAD35, 0xAD55, 0x8430, 0x0000, 0x0000, 0x0000, 0x630C, 0xAD55, 0xAD35,
  0xAD35, 0xAD35, 0xAD55, 0xAD55, 0xAD55, 0x4A8A, 0x0000, 0x0000, 0x526A, 0xAD55, 0xAD35, 0xAD35,
  0xAD55, 0xAD55, 0xAD55, 0xAD55, 0xAD55, 0xAD55, 0xAD55, 0xAD55, 0xAD55, 0x4A69, 0x736E, 0xAD55,
  0xA534, 0xA534, 0xAD34, 0xAD55, 0x2414, 0x0005, 0x0000, 0x0000, 0x03CF, 0x04F5, 0x0292, 0x02B3,
  0x04F4, 0x0554, 0x5D55, 0xAD55, 0xAD35, 0x0861, 0x0000, 0x0000, 0x0000, 0x528A, 0xAD55, 0xAD55,
  0x9D34, 0x94F4, 0xAD55, 0xAD35, 0xAD55, 0xA555, 0xAD55, 0xAD55, 0x8CB2, 0x64B2, 0x7555, 0x7D54,
  0xAD35, 0xAD35, 0xAD34, 0xAD54, 0x9D14, 0x0292, 0x0374, 0xAD54, 0xAD35, 0xAD34, 0xAD35, 0xAD35,
  0xAD55, 0x6474, 0x0273, 0x02D4, 0x02F4, 0x02F4, 0x02F4, 0x02F4, 0x02F4, 0x02F4, 0xF7BF, 0xFFFF,
  0xCF7E, 0xBF5E, 0xBF7F, 0xBF7E, 0xFFFE, 0xFFFF, 0xCF9E, 0xBF7F, 0xC79F, 0xC77F, 0xBF7E, 0xDFBF,
  0xC77F, 0xBF7F, 0xBF5F, 0xCF9E, 0xFFFF, 0xFFFF, 0xEFDE, 0x6EDE, 0x56BE, 0xDFBF, 0xFFFF, 0xFFFF,
  0xF7DF, 0x5EDE, 0x5EBE, 0xDFBE, 0xFFFF, 0xFFFF, 0xBF7E, 0xBF7E, 0xF7FF, 0xFFFF, 0xC77E, 0xBF7E,
  0xFFFF, 0xFFFF, 0xCF7E, 0xBF5F, 0xD7BE, 0xFFFF, 0xFFFF, 0xFFFE, 0x6EFE, 0x3EBE, 0xBF7E, 0xFFFF,
  0xFFFF, 0xFFFF, 0xFFFF, 0xFFFF, 0xFFFF, 0xFFFF, 0xFFFF, 0xFFFF, 0xFFFF, 0x0000, 0x422A, 0xB5F9,
  0xDEFC, 0xD6BB, 0xCE9B, 0xD6BB, 0xD6DB, 0xD6BB, 0xD6DB, 0xD6BB, 0xCE9B, 0xCE9A, 0xDEFC, 0xC619,
  0x8C94, 0x31A8, 0x6BAF, 0xF79E, 0xFFFF, 0xFFFF, 0xFFFF, 0xFFFF, 0xFFFF, 0xFFFF, 0xFFFF, 0xFFFF,
  0xFFFF, 0xFFFF, 0xFFFF, 0xFFFF, 0xFFFF, 0xFFFF, 0xFFFF, 0xFFFF, 0xFFFF, 0xFFDE, 0xFFFF, 0xFFFF,
  0xFFFF, 0xFFFF, 0xFFFF, 0xFFFF, 0xFFFF, 0xFFFF, 0xFFFF, 0xFFFF, 0xFFFF, 0xFFFF, 0xCEBB, 0x016A,
  0x0087, 0x0087, 0x0087, 0x0087, 0x0087, 0x0087, 0x0087, 0x0087, 0x0087, 0x0087, 0x0087, 0x0087,
  0x0087, 0x0087, 0x0087, 0x0087, 0x0087, 0x0087, 0x0087, 0x0087, 0x0087, 0x0087, 0x0087, 0x0087,
  0x0087, 0x0087, 0x0353, 0x04D4, 0x04B4, 0x0494, 0x0494, 0x0494, 0x0494, 0x0494, 0x0494, 0x0494,
  0x0494, 0x0494, 0x0494, 0x0494, 0x0494, 0x0494, 0x0494, 0x0494, 0x0494, 0x0494, 0x0494, 0x0494,
  0x0494, 0x0494, 0x04B4, 0x0494, 0x0494, 0x0494, 0x0494, 0x0494, 0xAD55, 0xAD55, 0xAD55, 0xAD55,
  0xAD55, 0xAD55, 0xAD55, 0xAD55, 0xAD55, 0xAD55, 0xAD55, 0xAD55, 0xAD55, 0xAD55, 0xAD55, 0xAD55,
  0xAD55, 0xAD55, 0xAD55, 0xAD55, 0xAD55, 0xAD55, 0xAD55, 0xAD55, 0xAD55, 0xAD55, 0xAD55, 0xAD55,
  0xAD55, 0xAD55, 0xAD55, 0xAD55, 0xAD55, 0xAD55, 0xAD55, 0xAD55, 0xAD55, 0xAD55, 0xAD55, 0xAD55,
  0xAD55, 0xAD55, 0xAD55, 0xAD55, 0xAD55, 0xAD55, 0xAD55, 0xAD55, 0xAD55, 0xAD55, 0xAD55, 0xAD55,
  0xAD55, 0xAD55, 0xAD55, 0xAD55, 0xAD55, 0xAD55, 0xAD55, 0xAD55, 0xAD55, 0xAD55, 0xAD55, 0xAD35,
  0xAD35, 0xAD55, 0x41E8, 0x0000, 0x0000, 0x0821, 0xAD55, 0xAD55, 0xAD35, 0xAD35, 0xAD35, 0xAD35,
  0xAD55, 0xAD55, 0x0881, 0x0000, 0x0000, 0xA514, 0xAD55, 0xAD35, 0xAD55, 0xAD55, 0xAD55, 0xAD55,
  0xAD55, 0xAD55, 0xAD55, 0xAD35, 0xAD55, 0x6B4D, 0x630C, 0xAD55, 0xA534, 0xAD34, 0xAD55, 0x9D14,
  0x0333, 0x0048, 0x00A2, 0x0062, 0x02AC, 0x0415, 0x0232, 0x03B3, 0x0555, 0x0554, 0x7D55, 0xAD55,
  0xA514, 0x0821, 0x0000, 0x0000, 0x0000, 0x6B2C, 0xAD55, 0x8D55, 0x64D3, 0x7CF4, 0x9D55, 0xA555,
  0xAD54, 0xA555, 0xAD55, 0xA534, 0x7492, 0x7534, 0x6555, 0x6D34, 0xAD35, 0xAD35, 0xAD34, 0xAD55,
  0x6473, 0x0212, 0x4474, 0xAD55, 0xAD35, 0xAD34, 0xAD34, 0xAD54, 0xAD55, 0x0372, 0x0273, 0x02F4,
  0x02D4, 0x02F4, 0x02F4, 0x02F4, 0x02D4, 0x02D4, 0xF7BF, 0xFFFF, 0x05FE, 0x051F, 0x051E, 0x04FE,
  0x05FE, 0xF7DE, 0x063E, 0x051E, 0x051E, 0x04FF, 0x051E, 0x46BE, 0x05DD, 0x055F, 0x04FF, 0x051E,
  0x4EBE, 0xC77D, 0x05BE, 0x04BE, 0x049E, 0x053E, 0xC77E, 0xEFDE, 0x05BE, 0x04BE, 0x049E, 0x055E,
  0xC77E, 0xFFDE, 0x055E, 0x04DF, 0x069E, 0xFFFE, 0x059E, 0x053E, 0xFFFF, 0xF7DE, 0x057E, 0x04FE,
  0x05DE, 0xFFFF, 0xDFBE, 0x05BD, 0x049E, 0x04BE, 0x055E, 0x9F3E, 0xFFFF, 0xFFFF, 0xFFFF, 0xFFFF,
  0xFFFF, 0xFFFF, 0xFFFF, 0xB5B7, 0x29C9, 0x0884, 0x5B2F, 0x94D5, 0xA577, 0xD6BB, 0xD6BB, 0xCE9B,
  0xCE9B, 0xC63A, 0xCE7A, 0xCE9B, 0xD6BB, 0xD6BB, 0xADB8, 0x8494, 0x8434, 0x31CA, 0x0001, 0x18E4,
  0xAD76, 0xFFFF, 0xFFFF, 0xFFFF, 0xFFFF, 0xFFFF, 0xFFFF, 0xFFFF, 0xFFFF, 0xFFFF, 0xFFFF, 0xFFFF,
  0xFFFF, 0xFFFF, 0xFFFF, 0xFFFF, 0xFFFF, 0xFFDE, 0xFFFF, 0xFFFF, 0xFFFF, 0xFFFF, 0xFFFF, 0xFFFF,
  0xFFFF, 0xFFFF, 0xFFFF, 0xFFFF, 0xFFFF, 0xFFFF, 0xFFFF, 0xE73D, 0x11CB, 0x0087, 0x0087, 0x0087,
  0x0087, 0x0087, 0x0087, 0x0087, 0x0087, 0x0087, 0x0087, 0x0087, 0x0087, 0x0087, 0x0087, 0x0087,
  0x0087, 0x0087, 0x0087, 0x0087, 0x0087, 0x0087, 0x0087, 0x0087, 0x0087, 0x0087, 0x026E, 0x0494,
  0x0494, 0x0494, 0x0494, 0x0494, 0x0494, 0x0494, 0x0494, 0x0494, 0x0494, 0x0494, 0x0494, 0x0494,
  0x0494, 0x0494, 0x0494, 0x0494, 0x0494, 0x0494, 0x0494, 0x0494, 0x0494, 0x0494, 0x0494, 0x04B4,
  0x04B5, 0x04B5, 0x04B5, 0x04B4, 0xAD55, 0xAD55, 0xAD55, 0xAD55, 0xAD55, 0xAD55, 0xAD55, 0xAD55,
  0xAD55, 0xAD55, 0xAD55, 0xAD55, 0xAD55, 0xAD55, 0xAD55, 0xAD55, 0xAD55, 0xAD55, 0xAD55, 0xAD55,
  0xAD55, 0xAD55, 0xAD55, 0xAD55, 0xAD55, 0xAD55, 0xAD55, 0xAD55, 0xAD55, 0xAD55, 0xAD55, 0xAD55,
  0xAD55, 0xAD55, 0xAD55, 0xAD55, 0xAD55, 0xAD55, 0xAD55, 0xAD55, 0xAD55, 0xAD55, 0xAD55, 0xAD55,
  0xAD55, 0xAD55, 0xAD55, 0xAD55, 0xAD55, 0xAD55, 0xAD55, 0xAD55, 0xAD55, 0xAD55, 0xAD55, 0xAD55,
  0xAD55, 0xAD55, 0xAD55, 0xAD55, 0xAD55, 0xAD55, 0xAD55, 0xAD35, 0xAD35, 0xAD55, 0xAD55, 0x39C7,
  0x0000, 0x0000, 0x5AEB, 0xAD55, 0xAD55, 0xAD35, 0xAD35, 0xAD35, 0xAD35, 0xAD55, 0x9492, 0x0000,
  0x0000, 0x6B2D, 0xAD55, 0xAD35, 0xAD35, 0xAD55, 0xAD55, 0xAD55, 0xAD55, 0xAD55, 0xAD55, 0xAD35,
  0xAD55, 0x8C51, 0x6B4D, 0xAD55, 0xAD55, 0xAD55, 0xAD55, 0x33B1, 0x02F4, 0x022D, 0x0125, 0x0103,
  0x00C5, 0x0335, 0x02B3, 0x04D4, 0x0555, 0x4D54, 0x8D55, 0xAD55, 0x9CB3, 0x0000, 0x0000, 0x0000,
  0x0000, 0x73AF, 0x8D55, 0x04F3, 0x04B3, 0x2D35, 0x5534, 0x8554, 0xA534, 0xAD55, 0xAD55, 0x8CB2,
  0x6CD3, 0x7D55, 0x3534, 0x3D34, 0x9D55, 0xAD35, 0xAD55, 0xAD55, 0x0352, 0x0292, 0x8D35, 0xAD55,
  0xAD35, 0xAD34, 0xAD34, 0xAD55, 0x7493, 0x0271, 0x02D3, 0x02D3, 0x02D4, 0x02D4, 0x02D4, 0x02F4,
  0x02D4, 0x02D4, 0xF7BF, 0xFFFF, 0x05FE, 0x051E, 0x061E, 0x05DE, 0x04DF, 0x169E, 0x067E, 0x051E,
  0x065E, 0x069E, 0x067E, 0x86FE, 0x059E, 0x059E, 0x065E, 0x05BE, 0x053E, 0x057E, 0x051E, 0x66FD,
  0x7EFE, 0x051E, 0xA73D, 0x065E, 0x04DE, 0x061D, 0x069E, 0x051E, 0x05DE, 0xC77E, 0x059E, 0x053F,
  0x05BE, 0xFFDE, 0x05DE, 0x055E, 0xFFFF, 0xBF5F, 0x051F, 0x053E, 0x059E, 0xFFFF, 0xBF7E, 0x04FE,
  0x469E, 0x871D, 0x04DE, 0x05DE, 0xFFFF, 0xFFFF, 0xFFFF, 0xFFFF, 0xFFFF, 0xFFFF, 0x7BF0, 0x0000,
  0x0000, 0x5B6F, 0x94F5, 0x7C33, 0x7C33, 0x94F5, 0xCE7B, 0xDEDC, 0xD69B, 0xD6BB, 0xD6DC, 0xDEFC,
  0xCE7A, 0xA557, 0x8474, 0x7C53, 0x94D5, 0x8CD5, 0x29A8, 0x0000, 0x0000, 0x6B4E, 0xEF7E, 0xFFFF,
  0xFFFF, 0xFFFF, 0xFFFF, 0xFFFF, 0xFFFF, 0xFFFF, 0xFFFF, 0xFFFF, 0xFFFF, 0xFFFF, 0xFFFF, 0xFFFF,
  0xFFFF, 0xFFDE, 0xFFFF, 0xFFFF, 0xFFFF, 0xFFFF, 0xFFFF, 0xFFFF, 0xFFFF, 0xFFFF, 0xFFFF, 0xFFFF,
  0xFFFF, 0xFFFF, 0xFFFF, 0xFFFF, 0xE73D, 0x016A, 0x0087, 0x0087, 0x0087, 0x0087, 0x0087, 0x0087,
  0x0087, 0x0087, 0x0087, 0x0087, 0x0087, 0x0087, 0x0087, 0x0087, 0x0087, 0x0087, 0x0087, 0x0087,
  0x0087, 0x0087, 0x0087, 0x0087, 0x0087, 0x0087, 0x014A, 0x0494, 0x0494, 0x0494, 0x0494, 0x0494,
  0x0494, 0x0494, 0x0495, 0x0494, 0x0495, 0x04B5, 0x04B4, 0x04B4, 0x04B5, 0x04B5, 0x04B4, 0x04B4,
  0x04B4, 0x04B4, 0x04B4, 0x04B4, 0x04B4, 0x04B4, 0x0495, 0x0454, 0x03D4, 0x03D3, 0x03F4, 0x0435,
  0xAD55, 0xAD55, 0xAD55, 0xAD55, 0xAD55, 0xAD55, 0xAD55, 0xAD55, 0xAD55, 0xAD55, 0xAD55, 0xAD55,
  0xAD55, 0xAD55, 0xAD55, 0xAD55, 0xAD55, 0xAD55, 0xAD55, 0xAD55, 0xAD55, 0xAD55, 0xAD55, 0xAD55,
  0xAD55, 0xAD55, 0xAD55, 0xAD55, 0xAD55, 0xAD55, 0xAD55, 0xAD55, 0xAD55, 0xAD55, 0xAD55, 0xAD55,
  0xAD55, 0xAD55, 0xAD55, 0xAD55, 0xAD55, 0xAD55, 0xAD55, 0xAD55, 0xAD55, 0xAD55, 0xAD55, 0xAD55,
  0xAD55, 0xAD55, 0xAD55, 0xAD55, 0xAD55, 0xAD55, 0xAD55, 0xAD55, 0xAD55, 0xAD55, 0xAD55, 0xAD55,
  0xAD55, 0xAD55, 0xAD55, 0xAD55, 0xAD55, 0xAD55, 0xAD55, 0xAD55, 0x1082, 0x0000, 0x0000, 0x9492,
  0xAD55, 0xAD35, 0xAD55, 0xAD55, 0xAD55, 0xAD35, 0xAD55, 0x73AE, 0x0000, 0x18C3, 0xAD55, 0xAD55,
  0xAD35, 0xAD55, 0xAD55, 0xAD55, 0xAD55, 0xAD55, 0xAD55, 0xAD35, 0xAD35, 0xA534, 0x8431, 0xA534,
  0xAD55, 0xAD55, 0x9514, 0x0250, 0x03B5, 0x0432, 0x0186, 0x0184, 0x0002, 0x0294, 0x0394, 0x0555,
  0x0554, 0x6D55, 0x9D55, 0xAD55, 0x8410, 0x0000, 0x0000, 0x0000, 0x0000, 0x3C30, 0x0555, 0x04B2,
  0x04F3, 0x0555, 0x0534, 0x4555, 0x8534, 0xAD55, 0xAD34, 0x74B2, 0x7D54, 0x6555, 0x0534, 0x0534,
  0x7555, 0xAD35, 0xAD54, 0x9514, 0x0252, 0x0353, 0xAD55, 0xAD55, 0xAD35, 0xAD35, 0xAD55, 0xAD55,
  0x0351, 0x0252, 0x02D4, 0x02D3, 0x02D4, 0x02D4, 0x02D4, 0x02D4, 0x02D4, 0x02D4, 0xF7BF, 0xFFFF,
  0x05FE, 0x04FE, 0xFFFE, 0xFFDE, 0x051E, 0x05FF, 0x063E, 0x053E, 0xB75E, 0xF7DE, 0xFFFE, 0xD77F,
  0x051F, 0x05DE, 0xFFFE, 0x269E, 0x051E, 0x053E, 0x055E, 0x069E, 0xCF7D, 0xEFBE, 0xE79E, 0x051E,
  0x057E, 0xFFDE, 0xFFFF, 0x05FE, 0x04FF, 0x067F, 0x05FE, 0x059E, 0x055E, 0xBF3E, 0x065E, 0x055F,
  0xFFFF, 0x469E, 0x053E, 0x05DE, 0x053E, 0x8F1E, 0xFFFF, 0xEFBE, 0xD7BD, 0x6EFE, 0x04DE, 0x065E,
  0xFFFF, 0xFFFF, 0xFFFF, 0xFFFF, 0xFFFF, 0x7BCF, 0x0000, 0x0000, 0x0000, 0x73F1, 0xE73D, 0xA576,
  0x8494, 0x7412, 0x8CB5, 0xB5B8, 0xC65A, 0xC65A, 0xBE18, 0xA556, 0x8495, 0x7413, 0x8474, 0xA536,
  0xD6FC, 0xBE39, 0x10E5, 0x0000, 0x0000, 0x0000, 0xDEBB, 0xFFFF, 0xFFFF, 0xFFFF, 0xFFFF, 0xFFFF,
  0xFFFF, 0xFFFF, 0xFFFF, 0xFFFF, 0xFFFF, 0xFFFF, 0xFFFF, 0xFFFF, 0xFFFF, 0xFFDE, 0xFFFF, 0xFFFF,
  0xFFFF, 0xFFFF, 0xFFFF, 0xFFFF, 0xFFFF, 0xFFFF, 0xFFFF, 0xFFFF, 0xFFFF, 0xFFFF, 0xFFFF, 0xFFFF,
  0xFFFF, 0xCEBB, 0x00C8, 0x0087, 0x0087, 0x0087, 0x0087, 0x0087, 0x0087, 0x0087, 0x0087, 0x0087,
  0x0087, 0x0087, 0x0087, 0x0087, 0x0087, 0x0087, 0x0087, 0x0087, 0x0087, 0x0087, 0x0087, 0x0087,
  0x0087, 0x0087, 0x0087, 0x03F3, 0x0494, 0x0494, 0x0494, 0x0494, 0x0494, 0x0494, 0x0474, 0x0454,
  0x0434, 0x0414, 0x0414, 0x03D4, 0x03B4, 0x03B4, 0x03B4, 0x0394, 0x03B4, 0x03B4, 0x03D4, 0x03F4,
  0x0414, 0x0414, 0x0394, 0x02F3, 0x0293, 0x0292, 0x02B3, 0x02D3, 0xAD55, 0xAD55, 0xAD55, 0xAD55,
  0xAD55, 0xAD55, 0xAD55, 0xAD55, 0xAD55, 0xAD55, 0xAD55, 0xAD55, 0xAD55, 0xAD55, 0xAD55, 0xAD55,
  0xAD55, 0xAD55, 0xAD55, 0xAD55, 0xAD55, 0xAD55, 0xAD55, 0xAD55, 0xAD55, 0xAD55, 0xAD55, 0xAD55,
  0xAD55, 0xAD55, 0xAD55, 0xAD55, 0xAD55, 0xAD55, 0xAD55, 0xAD55, 0xAD55, 0xAD55, 0xAD55, 0xAD55,
  0xAD55, 0xAD55, 0xAD55, 0xAD55, 0xAD55, 0xAD55, 0xAD55, 0xAD55, 0xAD55, 0xAD55, 0xAD55, 0xAD55,
  0xAD55, 0xAD55, 0xAD55, 0xAD55, 0xAD55, 0xAD55, 0xAD55, 0xAD55, 0xAD55, 0xAD55, 0xAD55, 0xAD55,
  0xAD55, 0xAD55, 0xAD35, 0xAD55, 0x9CF3, 0x18C3, 0x0000, 0x18E3, 0xAD55, 0xAD55, 0xAD55, 0xAD55,
  0xAD55, 0xAD35, 0xAD55, 0xAD55, 0x31A6, 0x0000, 0x94B2, 0xAD55, 0xAD55, 0xAD55, 0xAD55, 0xAD55,
  0xAD55, 0xAD55, 0xAD55, 0xAD35, 0xAD35, 0xAD55, 0x8430, 0x94B2, 0xAD55, 0xAD55, 0x53F2, 0x0211,
  0x0495, 0x0534, 0x0209, 0x08C2, 0x0002, 0x0293, 0x0455, 0x0555, 0x2554, 0x8D55, 0xA555, 0xAD55,
  0x630C, 0x0000, 0x0000, 0x0000, 0x0000, 0x0491, 0x0555, 0x04D3, 0x0555, 0x0535, 0x0534, 0x0534,
  0x5554, 0xAD55, 0x94B2, 0x6CD2, 0x8555, 0x5535, 0x0534, 0x0534, 0x3534, 0x9D55, 0xAD55, 0x4C33,
  0x01F2, 0x4455, 0xAD55, 0xAD35, 0xAD35, 0xAD34, 0xAD55, 0x84B4, 0x0271, 0x02B4, 0x02D3, 0x02D3,
  0x02D3, 0x02D3, 0x02D4, 0x02D4, 0x02D3, 0x02D3, 0xF7BF, 0xFFFF, 0x061E, 0x051E, 0x86FE, 0x4EBE,
  0x04FE, 0x063F, 0x067E, 0x055F, 0x053E, 0x04DE, 0x059E, 0xD77E, 0x059F, 0x057E, 0x05FE, 0x05BE,
  0x057E, 0x063E, 0x059E, 0x04BE, 0x051E, 0x26BE, 0x76DE, 0x04FE, 0x05FE, 0xFFFF, 0xFFFF, 0x46BE,
  0x04DE, 0x063E, 0x05DE, 0x05DE, 0x055E, 0x067E, 0x065F, 0x057F, 0xEFBE, 0x05BE, 0x05DE, 0x971F,
  0x04FE, 0x063E, 0xFFFF, 0xFFFF, 0x057E, 0x049F, 0x059E, 0xEFBE, 0xFFFF, 0xFFFF, 0xFFFF, 0xFFFF,
  0xFFFF, 0x4A69, 0x0000, 0x0000, 0x0000, 0x6B90, 0xE73D, 0xD6BB, 0xBE39, 0x9D57, 0x7C53, 0x7412,
  0x8494, 0x8494, 0x7412, 0x6BF1, 0x8494, 0x9D36, 0xBE19, 0xD6BB, 0xDEFC, 0xB5B8, 0x08A4, 0x0000,
  0x0000, 0x18E3, 0xFFFF, 0xFFFF, 0xFFFF, 0xFFFF, 0xFFFF, 0xFFFF, 0xFFFF, 0xFFFF, 0xFFFF, 0xFFFF,
  0xFFFF, 0xFFFF, 0xFFFF, 0xFFFF, 0xFFFF, 0xFFDE, 0xFFFF, 0xFFFF, 0xFFFF, 0xFFFF, 0xFFFF, 0xFFFF,
  0xFFFF, 0xFFFF, 0xFFFF, 0xFFFF, 0xFFFF, 0xFFFF, 0xFFFF, 0xFFFF, 0xFFFF, 0xFFFF, 0x9516, 0x0087,
  0x0087, 0x0087, 0x0087, 0x0087, 0x0087, 0x0087, 0x0087, 0x0087, 0x0087, 0x0087, 0x0087, 0x0087,
  0x0087, 0x0087, 0x0087, 0x0087, 0x0087, 0x0087, 0x0087, 0x0087, 0x0087, 0x0087, 0x0087, 0x02CF,
  0x0474, 0x0474, 0x0474, 0x0474, 0x0474, 0x0474, 0x0474, 0x0434, 0x03B4, 0x0313, 0x0293, 0x0273,
  0x0272, 0x0273, 0x0273, 0x0274, 0x0293, 0x0293, 0x0293, 0x0293, 0x0293, 0x0293, 0x0293, 0x02B3,
  0x0293, 0x0293, 0x0293, 0x0292, 0xAD55, 0xAD55, 0xAD55, 0xAD55, 0xAD55, 0xAD55, 0xAD55, 0xAD55,
  0xAD55, 0xAD55, 0xAD55, 0xAD55, 0xAD55, 0xAD55, 0xAD55, 0xAD55, 0xAD55, 0xAD55, 0xAD55, 0xAD55,
  0xAD55, 0xAD55, 0xAD55, 0xAD55, 0xAD55, 0xAD55, 0xAD55, 0xAD55, 0xAD55, 0xAD55, 0xAD55, 0xAD55,
  0xAD55, 0xAD55, 0xAD55, 0xAD55, 0xAD55, 0xAD55, 0xAD55, 0xAD55, 0xAD55, 0xAD55, 0xAD55, 0xAD55,
  0xAD55, 0xAD55, 0xAD55, 0xAD55, 0xAD55, 0xAD55, 0xAD55, 0xAD55, 0xAD55, 0xAD55, 0xAD55, 0xAD55,
  0xAD55, 0xAD55, 0xAD55, 0xAD55, 0xAD55, 0xAD55, 0xAD55, 0xAD55, 0xAD55, 0xAD55, 0xAD35, 0xAD35,
  0xAD55, 0x9CB3, 0x0000, 0x0000, 0x738E, 0xAD55, 0xAD55, 0xAD55, 0xAD55, 0xAD35, 0xAD35, 0xAD55,
  0xAD55, 0x0020, 0x4A69, 0xAD55, 0xAD55, 0xAD55, 0xAD55, 0xAD55, 0xAD55, 0xAD55, 0xAD55, 0xAD35,
  0xAD35, 0xAD55, 0x73AE, 0x7BCF, 0xAD55, 0xAD54, 0x02B1, 0x0313, 0x0535, 0x0555, 0x028B, 0x0000,
  0x0001, 0x0291, 0x04D5, 0x0555, 0x5555, 0x9D55, 0xAD55, 0xAD55, 0x41E8, 0x0000, 0x0000, 0x0000,
  0x0000, 0x04F3, 0x0535, 0x4514, 0x4555, 0x1D35, 0x0535, 0x0534, 0x5554, 0xAD34, 0x7471, 0x7514,
  0x7D55, 0x3D34, 0x0534, 0x0554, 0x0534, 0x8D55, 0xAD54, 0x0332, 0x0273, 0x9515, 0xAD55, 0xAD34,
  0xAD34, 0xAD34, 0xAD55, 0x3BD2, 0x0232, 0x02D4, 0x02D3, 0x02D3, 0x02D3, 0x02D3, 0x02D3, 0x02D3,
  0x02B3, 0x02B3, 0xF7BF, 0xFFFF, 0x061E, 0x055F, 0x051E, 0x04BE, 0x053E, 0xBF7E, 0x067E, 0x053F,
  0x061E, 0x063E, 0x4EBE, 0xCF9E, 0x059F, 0x057E, 0x053E, 0x051E, 0x66DE, 0xFFFE, 0xE7BE, 0x067E,
  0x057F, 0x055E, 0x059E, 0x055E, 0x061E, 0xFFFF, 0xFFFF, 0x069E, 0x04FE, 0x063E, 0x05BE, 0x065E,
  0x061E, 0x059F, 0x05FE, 0x05FE, 0x76FE, 0x055E, 0x05BF, 0x065E, 0x055E, 0x057E, 0xFFFF, 0xFFFF,
  0x56BE, 0x05DF, 0x055E, 0x065E, 0xFFFF, 0xFFFF, 0xFFFF, 0xFFFF, 0xFFFF, 0x8C51, 0x0000, 0x0000,
  0x0000, 0x73F2, 0xDEFC, 0xC659, 0xCE7A, 0xCE9B, 0xBDF9, 0x9D56, 0x8CD5, 0x84B5, 0x9516, 0xB5B8,
  0xC639, 0xCE9B, 0xCE9A, 0xC659, 0xCE9A, 0xBE3A, 0x10C4, 0x0000, 0x0000, 0x632C, 0xFFFF, 0xFFFF,
  0xFFFF, 0xFFFF, 0xFFFF, 0xFFFF, 0xFFFF, 0xFFFF, 0xFFFF, 0xFFFF, 0xFFFF, 0xFFFF, 0xFFFF, 0xFFFF,
  0xFFFF, 0xFFDE, 0xFFFF, 0xFFFF, 0xFFFF, 0xFFFF, 0xFFFF, 0xFFFF, 0xFFFF, 0xFFFF, 0xFFFF, 0xFFFF,
  0xFFFF, 0xFFFF, 0xFFFF, 0xFFFF, 0xFFFF, 0xFFFF, 0xFFFF, 0x2A6D, 0x0087, 0x0087, 0x0087, 0x0087,
  0x0087, 0x0087, 0x0087, 0x0087, 0x0087, 0x0087, 0x0087, 0x0087, 0x0087, 0x0087, 0x0087, 0x0087,
  0x0087, 0x0087, 0x0087, 0x0087, 0x0087, 0x0087, 0x0087, 0x01CB, 0x0474, 0x0474, 0x0474, 0x0474,
  0x0494, 0x0494, 0x0495, 0x04B5, 0x0494, 0x0313, 0x0273, 0x0313, 0x0333, 0x0334, 0x0334, 0x02F3,
  0x0292, 0x0272, 0x02B3, 0x02D3, 0x02D3, 0x0314, 0x03B4, 0x03F5, 0x03D4, 0x0373, 0x0333, 0x02F3,
  0xAD55, 0xAD55, 0xAD55, 0xAD55, 0xAD55, 0xAD55, 0xAD55, 0xAD55, 0xAD55, 0xAD55, 0xAD55, 0xAD55,
  0xAD55, 0xAD55, 0xAD55, 0xAD55, 0xAD55, 0xAD55, 0xAD55, 0xAD55, 0xAD55, 0xAD55, 0xAD55, 0xAD55,
  0xAD55, 0xAD55, 0xAD55, 0xAD55, 0xAD55, 0xAD55, 0xAD55, 0xAD55, 0xAD55, 0xAD55, 0xAD55, 0xAD55,
  0xAD55, 0xAD55, 0xAD55, 0xAD55, 0xAD55, 0xAD55, 0xAD55, 0xAD55, 0xAD55, 0xAD55, 0xAD55, 0xAD55,
  0xAD55, 0xAD55, 0xAD55, 0xAD55, 0xAD55, 0xAD55, 0xAD55, 0xAD55, 0xAD55, 0xAD55, 0xAD55, 0xAD55,
  0xAD55, 0xAD55, 0xAD55, 0xAD55, 0xAD55, 0xAD55, 0xAD55, 0xAD35, 0xAD55, 0xAD55, 0x8430, 0x0000,
  0x0000, 0x94B2, 0xAD55, 0xAD55, 0xAD35, 0xAD35, 0xAD35, 0xAD35, 0xAD55, 0x9492, 0x3186, 0xA514,
  0xAD55, 0xAD35, 0xAD35, 0xAD35, 0xAD55, 0xAD55, 0xAD55, 0xAD55, 0xAD35, 0xAD55, 0x8C51, 0x62EC,
  0xAD55, 0x6413, 0x0231, 0x0495, 0x0515, 0x0555, 0x032E, 0x0000, 0x0000, 0x0290, 0x0535, 0x2555,
  0x9555, 0xAD35, 0xAD55, 0x8D55, 0x00C3, 0x0000, 0x0000, 0x0000, 0x18E4, 0x6555, 0x4D14, 0x6535,
  0x5535, 0x3535, 0x0555, 0x0534, 0x8555, 0x8C92, 0x6CB2, 0x8555, 0x7535, 0x0534, 0x0534, 0x0554,
  0x0554, 0x6D55, 0x64D4, 0x01F0, 0x03D3, 0xAD55, 0xAD54, 0xAD35, 0xAD35, 0xAD55, 0x94F4, 0x02B1,
  0x0293, 0x02B3, 0x02B3, 0x02D3, 0x02B3, 0x02B3, 0x02B3, 0x02B3, 0x02B3, 0x02B3, 0xF7BF, 0xFFFF,
  0x061E, 0x051E, 0x063D, 0x369E, 0xAF5E, 0xFFFE, 0x061F, 0x051E, 0xDF9E, 0xFFFF, 0xFFFF, 0xC77E,
  0x053F, 0x063E, 0x66DE, 0x051E, 0x0EBE, 0x8F1E, 0x065E, 0xFFFE, 0xAF3E, 0x051F, 0x057E, 0x057E,
  0x057E, 0xDF9E, 0xFFFE, 0x05BE, 0x053E, 0x2E9E, 0x059F, 0x06BE, 0xA71E, 0x051E, 0x059E, 0x061E,
  0x063E, 0x057E, 0x055E, 0x053E, 0x057E, 0x055E, 0x86DE, 0xA71E, 0xFFFE, 0xFFFE, 0x055E, 0x053E,
  0xE7BF, 0xFFFF, 0xFFFF, 0xFFFF, 0xFFFF, 0xC638, 0x0000, 0x0000, 0x0000, 0x9D56, 0xD6DC, 0xC65A,
  0xC63A, 0xC659, 0xCE9B, 0xD6DB, 0xAD77, 0x8C95, 0xCE7B, 0xD6BB, 0xCE7A, 0xC65A, 0xC63A, 0xC65A,
  0xC65A, 0xCE9B, 0x2124, 0x0000, 0x0000, 0xB596, 0xFFFF, 0xFFFF, 0xFFFF, 0xFFFF, 0xFFFF, 0xFFFF,
  0xFFFF, 0xFFFF, 0xFFFF, 0xFFFF, 0xFFFF, 0xFFFF, 0xFFFF, 0xFFFF, 0xFFFF, 0xFFDE, 0xFFFF, 0xFFFF,
  0xFFFF, 0xFFFF, 0xFFFF, 0xFFFF, 0xFFFF, 0xFFFF, 0xFFFF, 0xFFFF, 0xFFFF, 0xFFFF, 0xFFFF, 0xFFFF,
  0xFFFF, 0xFFFF, 0xFFFF, 0xCE7A, 0x0087, 0x0087, 0x0087, 0x0087, 0x0087, 0x0087, 0x0087, 0x0087,
  0x0087, 0x0087, 0x0087, 0x0087, 0x0087, 0x0087, 0x0087, 0x0087, 0x0087, 0x0087, 0x0087, 0x0087,
  0x0087, 0x0087, 0x0087, 0x00C8, 0x0474, 0x0474, 0x0494, 0x0494, 0x0474, 0x0434, 0x03F4, 0x03B4,
  0x0353, 0x0333, 0x03F4, 0x0455, 0x0475, 0x0495, 0x0475, 0x0353, 0x02F3, 0x0394, 0x0414, 0x0454,
  0x0455, 0x0495, 0x0495, 0x0495, 0x0495, 0x0495, 0x0475, 0x0435, 0xAD55, 0xAD55, 0xAD55, 0xAD55,
  0xAD55, 0xAD55, 0xAD55, 0xAD55, 0xAD55, 0xAD55, 0xAD55, 0xAD55, 0xAD55, 0xAD55, 0xAD55, 0xAD55,
  0xAD55, 0xAD55, 0xAD55, 0xAD55, 0xAD55, 0xAD55, 0xAD55, 0xAD55, 0xAD55, 0xAD55, 0xAD55, 0xAD55,
  0xAD55, 0xAD55, 0xAD55, 0xAD55, 0xAD55, 0xAD55, 0xAD55, 0xAD55, 0xAD55, 0xAD55, 0xAD55, 0xAD55,
  0xAD55, 0xAD55, 0xAD55, 0xAD55, 0xAD55, 0xAD55, 0xAD55, 0xAD55, 0xAD55, 0xAD55, 0xAD55, 0xAD55,
  0xAD55, 0xAD55, 0xAD55, 0xAD55, 0xAD55, 0xAD55, 0xAD55, 0xAD55, 0xAD55, 0xAD55, 0xAD55, 0xAD55,
  0xAD55, 0xAD55, 0xAD55, 0xAD55, 0xAD55, 0xAD55, 0xAD55, 0x7BCF, 0x0000, 0x2104, 0xAD55, 0xAD55,
  0xAD34, 0xA535, 0xA555, 0xA555, 0xA555, 0xAD55, 0x6B6D, 0x62EC, 0xAD55, 0xAD35, 0xAD35, 0xAD35,
  0xAD55, 0xAD55, 0xAD55, 0xAD55, 0xAD55, 0xAD55, 0xAD55, 0x6B2C, 0x9CF3, 0x02D1, 0x0313, 0x0535,
  0x04F5, 0x0555, 0x03F0, 0x0000, 0x0000, 0x026D, 0x0555, 0x5D55, 0xA535, 0xAD35, 0xA555, 0x04F3,
  0x0000, 0x0000, 0x0000, 0x0000, 0x3A29, 0x8555, 0x64F4, 0x7555, 0x5D35, 0x3D35, 0x0554, 0x1D54,
  0x9D34, 0x7C92, 0x7534, 0x7D55, 0x5D35, 0x0534, 0x0535, 0x0535, 0x0554, 0x0555, 0x0392, 0x0210,
  0x5CF4, 0xAD55, 0xA555, 0xA555, 0xAD35, 0xAD55, 0x3BB2, 0x0211, 0x02B3, 0x02B3, 0x02B3, 0x02B3,
  0x02B3, 0x02B3, 0x02B3, 0x02B3, 0x02B3, 0x02B3, 0xF7BF, 0xFFFF, 0x05FE, 0x049E, 0xBF7F, 0xFFFF,
  0xFFFF, 0xFFFF, 0x05FE, 0x04FF, 0x059E, 0x059E, 0x059E, 0x065E, 0x055F, 0x05FE, 0xFFFF, 0x05BF,
  0x051F, 0x051F, 0x04DF, 0x05FE, 0x063E, 0x04DE, 0x367E, 0x369E, 0x04BE, 0x05DE, 0x05FE, 0x04DE,
  0x061E, 0xDF9F, 0x051E, 0x063F, 0xFFFF, 0x057E, 0x051E, 0x059E, 0x057E, 0x055E, 0x971E, 0xC77E,
  0x069D, 0x053E, 0x055E, 0x04DE, 0x061E, 0x067E, 0x051E, 0x057E, 0xF7DF, 0xFFFF, 0xFFFF, 0xFFFF,
  0xFFFF, 0xFFFF, 0x2104, 0x0000, 0x0862, 0xCE7A, 0xCE9B, 0xC65A, 0xC65A, 0xC65A, 0xC639, 0xDF1C,
  0x7BF1, 0x3188, 0xAD56, 0xE73E, 0xC639, 0xC65A, 0xC65A, 0xC65A, 0xC65A, 0xD6BB, 0x2125, 0x0000,
  0x0000, 0xDEDB, 0xFFFF, 0xFFFF, 0xFFFF, 0xFFFF, 0xFFFF, 0xFFFF, 0xFFFF, 0xFFFF, 0xFFFF, 0xFFFF,
  0xFFFF, 0xFFFF, 0xFFFF, 0xFFFF, 0xFFFF, 0xFFDE, 0xFFFF, 0xFFFF, 0xFFFF, 0xFFFF, 0xFFFF, 0xFFFF,
  0xFFFF, 0xFFFF, 0xFFFF, 0xFFFF, 0xFFFF, 0xFFFF, 0xFFFF, 0xFFFF, 0xFFFF, 0xFFFF, 0xFFFF, 0xFFFF,
  0x3AAE, 0x0087, 0x0087, 0x0087, 0x0087, 0x0087, 0x0087, 0x0087, 0x0087, 0x0087, 0x0087, 0x0087,
  0x0087, 0x0087, 0x0087, 0x0087, 0x0087, 0x0087, 0x0087, 0x0087, 0x0087, 0x0087, 0x0087, 0x0087,
  0x03F2, 0x0434, 0x03D4, 0x0373, 0x0333, 0x02F3, 0x02B3, 0x0293, 0x0334, 0x0435, 0x0495, 0x0494,
  0x0454, 0x0414, 0x0353, 0x02F4, 0x03F5, 0x0495, 0x0495, 0x0475, 0x0455, 0x0434, 0x03F4, 0x03D4,
  0x03B4, 0x03B4, 0x03D4, 0x0435, 0xAD55, 0xAD55, 0xAD55, 0xAD55, 0xAD55, 0xAD55, 0xAD55, 0xAD55,
  0xAD55, 0xAD55, 0xAD55, 0xAD55, 0xAD55, 0xAD55, 0xAD55, 0xAD55, 0xAD55, 0xAD55, 0xAD55, 0xAD55,
  0xAD55, 0xAD55, 0xAD55, 0xAD55, 0xAD55, 0xAD55, 0xAD55, 0xAD55, 0xAD55, 0xAD55, 0xAD55, 0xAD55,
  0xAD55, 0xAD55, 0xAD55, 0xAD55, 0xAD55, 0xAD55, 0xAD55, 0xAD55, 0xAD55, 0xAD55, 0xAD55, 0xAD55,
  0xAD55, 0xAD55, 0xAD55, 0xAD55, 0xAD55, 0xAD55, 0xAD55, 0xAD55, 0xAD55, 0xAD55, 0xAD55, 0xAD55,
  0xAD55, 0xAD55, 0xAD55, 0xAD55, 0xAD55, 0xAD55, 0xAD55, 0xAD55, 0xAD55, 0xAD55, 0xAD55, 0xAD55,
  0xAD55, 0xAD55, 0xAD55, 0xAD55, 0x630C, 0x0000, 0x736D, 0xAD55, 0xAD35, 0xAD55, 0xAD55, 0xAD55,
  0xAD35, 0xAD55, 0xAD55, 0x2945, 0x8410, 0xAD55, 0xAD35, 0xAD35, 0xAD55, 0xAD55, 0xAD55, 0xAD55,
  0xAD55, 0xAD55, 0xAD55, 0x8BAE, 0x530E, 0x02D3, 0x03F4, 0x0555, 0x04F4, 0x0555, 0x04D4, 0x0021,
  0x0000, 0x024A, 0x5555, 0x8D55, 0x7534, 0x9555, 0x7D55, 0x040F, 0x0000, 0x0000, 0x0000, 0x0000,
  0x63AF, 0x7D55, 0x6CF4, 0x7555, 0x6555, 0x4D34, 0x0D34, 0x7D55, 0x8CB2, 0x6CB2, 0x8555, 0x6D55,
  0x3D35, 0x0534, 0x0555, 0x0535, 0x0555, 0x04D3, 0x0230, 0x0353, 0x6D55, 0x7D54, 0x7535, 0x7D35,
  0xA555, 0x94F4, 0x0270, 0x0273, 0x02B3, 0x02B3, 0x02B3, 0x02B3, 0x02B3, 0x02B3, 0x02B3, 0x02B3,
  0x02B3, 0x02B3, 0xF7BF, 0xFFFF, 0x065E, 0x055E, 0xB75F, 0xFFFF, 0xFFFF, 0xFFFF, 0x065E, 0x059E,
  0x05BE, 0x059E, 0x057E, 0x065E, 0x05FE, 0x061E, 0xFFFE, 0x66DE, 0x053E, 0x061D, 0x063D, 0x055E,
  0x051F, 0x05BE, 0xFFDE, 0xFFFE, 0x061D, 0x053F, 0x04FE, 0x05DE, 0xE7BE, 0xFFFE, 0x057E, 0x065E,
  0xFFFE, 0x067D, 0x057E, 0x05BE, 0x055E, 0x05FD, 0xFFFF, 0xFFFF, 0xDF9E, 0x057E, 0x05FE, 0x063E,
  0x04FF, 0x04DE, 0x059E, 0xAF3E, 0xFFFF, 0xFFFF, 0xFFFF, 0xFFFF, 0xFFFF, 0xEF7D, 0x18E3, 0x0000,
  0x2145, 0xBDD9, 0xD6BB, 0xC639, 0xC65A, 0xC65A, 0xCE9B, 0xD6DB, 0x1082, 0x0000, 0x3187, 0xDEFD,
  0xCE7B, 0xC65A, 0xC65A, 0xC639, 0xD6BB, 0xBE3A, 0x2988, 0x0000, 0x0000, 0x18E4, 0xB5B7, 0xFFFF,
  0xFFFF, 0xFFFF, 0xFFFF, 0xFFFF, 0xFFFF, 0xFFFF, 0xFFFF, 0xFFFF, 0xFFFF, 0xFFFF, 0xFFFF, 0xFFFF,
  0xFFFF, 0xFFDE, 0xFFFF, 0xFFFF, 0xFFFF, 0xFFFF, 0xFFFF, 0xFFFF, 0xFFFF, 0xFFFF, 0xFFFF, 0xFFFF,
  0xFFFF, 0xFFFF, 0xFFFF, 0xFFFF, 0xFFFF, 0xFFFF, 0xFFFF, 0xFFFF, 0xADD8, 0x0087, 0x0087, 0x0087,
  0x0087, 0x0087, 0x0087, 0x0087, 0x0087, 0x0087, 0x0087, 0x0087, 0x0087, 0x0087, 0x0087, 0x0087,
  0x0087, 0x0087, 0x0087, 0x0087, 0x0087, 0x0087, 0x0087, 0x0087, 0x0270, 0x0333, 0x0334, 0x0374,
  0x03B4, 0x03D4, 0x03D5, 0x0415, 0x0475, 0x0474, 0x0454, 0x0455, 0x03D4, 0x0332, 0x02B2, 0x02D3,
  0x0313, 0x02F3, 0x02F3, 0x02F3, 0x02D3, 0x02B3, 0x02F3, 0x0394, 0x03B4, 0x0394, 0x0394, 0x0414,
  0xAD55, 0xAD55, 0xAD55, 0xAD55, 0xAD55, 0xAD55, 0xAD55, 0xAD55, 0xAD55, 0xAD55, 0xAD55, 0xAD55,
  0xAD55, 0xAD55, 0xAD55, 0xAD55, 0xAD55, 0xAD55, 0xAD55, 0xAD55, 0xAD55, 0xAD55, 0xAD55, 0xAD55,
  0xAD55, 0xAD55, 0xAD55, 0xAD55, 0xAD55, 0xAD55, 0xAD55, 0xAD55, 0xAD55, 0xAD55, 0xAD55, 0xAD55,
  0xAD55, 0xAD55, 0xAD55, 0xAD55, 0xAD55, 0xAD55, 0xAD55, 0xAD55, 0xAD55, 0xAD55, 0xAD55, 0xAD55,
  0xAD55, 0xAD55, 0xAD55, 0xAD55, 0xAD55, 0xAD55, 0xAD55, 0xAD55, 0xAD55, 0xAD55, 0xAD55, 0xAD55,
  0xAD55, 0xAD55, 0xAD55, 0xAD55, 0xAD55, 0xAD55, 0xAD55, 0xAD55, 0xAD55, 0xAD55, 0xAD35, 0xAD55,
  0xAD55, 0x4A29, 0x0000, 0x9CD3, 0xAD55, 0xAD55, 0xAD55, 0xAD55, 0xAD35, 0xAD35, 0xAD55, 0x632C,
  0x0821, 0xAD35, 0xAD55, 0xAD35, 0xAD55, 0xAD55, 0xAD55, 0xAD55, 0xAD55, 0xAD55, 0xAD55, 0x9C71,
  0x1128, 0x02B2, 0x0475, 0x0535, 0x04F4, 0x0515, 0x0555, 0x0105, 0x0000, 0x1229, 0x9555, 0x9D55,
  0x4D34, 0x4534, 0x5D55, 0x232D, 0x0000, 0x0000, 0x0000, 0x0000, 0x7CF3, 0x6CD3, 0x7534, 0x7555,
  0x6554, 0x5554, 0x3D55, 0x8D34, 0x7451, 0x6D14, 0x8555, 0x6555, 0x2534, 0x0534, 0x0535, 0x0535,
  0x0555, 0x0412, 0x01D0, 0x0434, 0x4555, 0x3D54, 0x3D35, 0x1D34, 0x7D55, 0x3C33, 0x0211, 0x02B3,
  0x0293, 0x02B2, 0x02B3, 0x02B3, 0x02B3, 0x02B3, 0x02B3, 0x02B3, 0x02B2, 0x02B2, 0xF7BF, 0xFFFF,
  0xFFDE, 0xFFDE, 0xFFFE, 0xFFFE, 0xFFFF, 0xFFFF, 0xFFDE, 0xFFFE, 0xFFFE, 0xFFFF, 0xFFDE, 0xFFBE,
  0xFFDE, 0xFFDE, 0xF7DF, 0xFFFE, 0xF7BE, 0xFFFE, 0xFFFE, 0x86DE, 0x9EFE, 0xFFFE, 0xFFFF, 0xFFFF,
  0xFFFE, 0xD77E, 0xC75E, 0xFFFE, 0xFFFF, 0xF7DF, 0xFFFE, 0xFFDE, 0xFFFE, 0xFFFE, 0xFFFE, 0xF7DE,
  0xF7BE, 0xFFDE, 0xFFFF, 0xFFFF, 0xFFFF, 0xF7DE, 0xFFFE, 0xFFFF, 0xBF3F, 0xBF1F, 0xEFDE, 0xFFFF,
  0xFFFF, 0xFFFF, 0xFFFF, 0xFFFF, 0xA534, 0x2105, 0x0000, 0x0000, 0x52ED, 0xAD77, 0xBE39, 0xCE7A,
  0xC65A, 0xC639, 0xE77E, 0x8C52, 0x0000, 0x0000, 0x0000, 0x8431, 0xEF5E, 0xC639, 0xC65A, 0xCE7A,
  0xD6BB, 0x8CB4, 0x29CA, 0x10E5, 0x0000, 0x0000, 0x0000, 0x8430, 0xFFDF, 0xFFFF, 0xFFFF, 0xFFFF,
  0xFFFF, 0xFFFF, 0xFFFF, 0xFFFF, 0xFFFF, 0xFFFF, 0xFFFF, 0xFFFF, 0xFFFF, 0xFFDE, 0xFFFF, 0xFFFF,
  0xFFFF, 0xFFFF, 0xFFFF, 0xFFFF, 0xFFFF, 0xFFFF, 0xFFFF, 0xFFFF, 0xFFFF, 0xFFFF, 0xFFFF, 0xFFFF,
  0xFFFF, 0xFFFF, 0xFFFF, 0xFFFF, 0xFFDF, 0x0109, 0x0087, 0x0087, 0x0087, 0x0087, 0x0087, 0x0087,
  0x0087, 0x0087, 0x0087, 0x0087, 0x0087, 0x0087, 0x0087, 0x0087, 0x0087, 0x0087, 0x0087, 0x0087,
  0x0087, 0x0087, 0x0087, 0x0087, 0x01EE, 0x0435, 0x0475, 0x0495, 0x04B5, 0x0495, 0x0494, 0x0474,
  0x0454, 0x0454, 0x0454, 0x0454, 0x0435, 0x0415, 0x0414, 0x03F4, 0x03B4, 0x0354, 0x02B3, 0x0272,
  0x0272, 0x0273, 0x03B5, 0x0495, 0x0494, 0x0494, 0x0495, 0x0474, 0xAD55, 0xAD55, 0xAD55, 0xAD55,
  0xAD55, 0xAD55, 0xAD55, 0xAD55, 0xAD55, 0xAD55, 0xAD55, 0xAD55, 0xAD55, 0xAD55, 0xAD55, 0xAD55,
  0xAD55, 0xAD55, 0xAD55, 0xAD55, 0xAD55, 0xAD55, 0xAD55, 0xAD55, 0xAD55, 0xAD55, 0xAD55, 0xAD55,
  0xAD55, 0xAD55, 0xAD55, 0xAD55, 0xAD55, 0xAD55, 0xAD55, 0xAD55, 0xAD55, 0xAD55, 0xAD55, 0xAD55,
  0xAD55, 0xAD55, 0xAD55, 0xAD55, 0xAD55, 0xAD55, 0xAD55, 0xAD55, 0xAD55, 0xAD55, 0xAD55, 0xAD55,
  0xAD55, 0xAD55, 0xAD55, 0xAD55, 0xAD55, 0xAD55, 0xAD55, 0xAD55, 0xAD55, 0xAD55, 0xAD55, 0xAD55,
  0xAD55, 0xAD55, 0xAD55, 0xAD55, 0xAD55, 0xAD55, 0xAD55, 0xAD35, 0xAD55, 0xAD55, 0x3186, 0x0000,
  0x9CF3, 0xAD55, 0xAD35, 0xAD35, 0xAD35, 0xAD35, 0xAD55, 0xAD55, 0x0000, 0x10A2, 0xA514, 0xAD55,
  0xAD35, 0xAD35, 0xAD35, 0xAD35, 0xAD55, 0xAD55, 0xAD55, 0xAD54, 0x3167, 0x01EE, 0x04D5, 0x0515,
  0x04F4, 0x0535, 0x04D4, 0x0042, 0x0000, 0x3269, 0xAD55, 0x9555, 0x1534, 0x0534, 0x7555, 0x2A29,
  0x0000, 0x0000, 0x0000, 0x29A6, 0x9555, 0x6471, 0x8D55, 0x7555, 0x6D55, 0x6555, 0x6555, 0x7CB3,
  0x6C30, 0x8555, 0x7D55, 0x6D34, 0x3534, 0x0534, 0x3535, 0x3D55, 0x1D55, 0x0312, 0x0251, 0x04F4,
  0x0555, 0x0555, 0x0555, 0x0555, 0x0555, 0x0312, 0x0232, 0x0293, 0x0292, 0x0292, 0x0292, 0x0292,
  0x0292, 0x0292, 0x0293, 0x02B2, 0x0292, 0x0292, 0xF7BF, 0xFFFF, 0x267E, 0x05FE, 0x05FE, 0x05DE,
  0x069E, 0xFFFE, 0x66DE, 0x05DF, 0x061F, 0x05FE, 0x05FE, 0x971E, 0x065E, 0x05FE, 0xDFBF, 0xFFFF,
  0xFFFF, 0xDFBF, 0x05FD, 0x057E, 0x05BF, 0x46DD, 0xFFFE, 0xFFFF, 0xFFDE, 0x065E, 0x05FE, 0x4EBE,
  0xFFFF, 0x7EFF, 0x05DE, 0x061F, 0x05DF, 0x065E, 0xEFDE, 0xFFFF, 0xFFFF, 0xFFFF, 0xFFFF, 0xFFFF,
  0xFFFF, 0xFFFF, 0xFFFF, 0xFFFF, 0xFFFF, 0xFFFF, 0xFFFF, 0xFFFF, 0xDF1C, 0xA536, 0xDEDC, 0x528A,
  0x0000, 0x0000, 0x1083, 0x1927, 0x52EE, 0xC67A, 0xBDD8, 0xC65A, 0xC65A, 0xCE7A, 0xDEFC, 0x0862,
  0x0841, 0x8430, 0x0000, 0x31A7, 0xEF7E, 0xC65A, 0xC639, 0xCE9A, 0xBE19, 0xA556, 0x320A, 0x2189,
  0x1947, 0x0000, 0x0000, 0x0000, 0x31A6, 0xA535, 0xA516, 0xB5F8, 0xFFFF, 0xFFFF, 0xFFFF, 0xFFFF,
  0xFFFF, 0xFFFF, 0xFFFF, 0xFFFF, 0xFFFF, 0xFFDE, 0xFFFF, 0xFFFF, 0xFFFF, 0xFFFF, 0xFFFF, 0xFFFF,
  0xFFFF, 0xFFFF, 0xFFFF, 0xFFFF, 0xFFFF, 0xFFFF, 0xFFFF, 0xFFFF, 0xFFFF, 0xFFFF, 0xFFFF, 0xFFFF,
  0xFFFF, 0x4B30, 0x0087, 0x0087, 0x0087, 0x0087, 0x0087, 0x0087, 0x0087, 0x0087, 0x0087, 0x0087,
  0x0087, 0x0087, 0x0087, 0x0087, 0x0087, 0x0087, 0x0087, 0x0087, 0x0087, 0x0087, 0x0087, 0x0087,
  0x01CC, 0x0435, 0x03F5, 0x03B4, 0x0394, 0x0374, 0x0333, 0x02F2, 0x0333, 0x0435, 0x0475, 0x0455,
  0x0455, 0x0455, 0x0455, 0x0455, 0x0455, 0x0475, 0x0394, 0x02B1, 0x0292, 0x02B2, 0x0394, 0x03D5,
  0x03B4, 0x03B4, 0x03B4, 0x03B4, 0xAD55, 0xAD55, 0xAD55, 0xAD55, 0xAD55, 0xAD55, 0xAD55, 0xAD55,
  0xAD55, 0xAD55, 0xAD55, 0xAD55, 0xAD55, 0xAD55, 0xAD55, 0xAD55, 0xAD55, 0xAD55, 0xAD55, 0xAD55,
  0xAD55, 0xAD55, 0xAD55, 0xAD55, 0xAD55, 0xAD55, 0xAD55, 0xAD55, 0xAD55, 0xAD55, 0xAD55, 0xAD55,
  0xAD55, 0xAD55, 0xAD55, 0xAD55, 0xAD55, 0xAD55, 0xAD55, 0xAD55, 0xAD55, 0xAD55, 0xAD55, 0xAD55,
  0xAD55, 0xAD55, 0xAD55, 0xAD55, 0xAD55, 0xAD55, 0xAD55, 0xAD55, 0xAD55, 0xAD55, 0xAD55, 0xAD55,
  0xAD55, 0xAD55, 0xAD55, 0xAD55, 0xAD55, 0xAD55, 0xAD55, 0xAD55, 0xAD55, 0xAD55, 0xAD55, 0xAD55,
  0xAD55, 0xAD55, 0xAD55, 0xAD55, 0xAD55, 0xAD55, 0xAD55, 0x18A3, 0x0000, 0xA4F4, 0xAD55, 0xAD35,
  0xAD35, 0xAD35, 0xAD35, 0xAD55, 0x4A29, 0x0000, 0x20E4, 0xA534, 0xAD55, 0xAD35, 0xAD35, 0xAD35,
  0xAD55, 0xAD55, 0xAD55, 0xAD55, 0x49C7, 0x018A, 0x0555, 0x0514, 0x04F4, 0x0555, 0x0432, 0x0000,
  0x0000, 0x428A, 0xAD55, 0x8D55, 0x3D34, 0x3D55, 0x7555, 0x0904, 0x0000, 0x0000, 0x0000, 0x530C,
  0x9D55, 0x6CB2, 0x8D55, 0x7D35, 0x7554, 0x6555, 0x7D55, 0x6C30, 0x6C10, 0x8D55, 0x7D35, 0x6D34,
  0x4D34, 0x4555, 0x5535, 0x6555, 0x0CD4, 0x0210, 0x0353, 0x0555, 0x0535, 0x0555, 0x0554, 0x0555,
  0x0453, 0x022F, 0x02B2, 0x0AD3, 0x02B2, 0x02B2, 0x02B2, 0x0292, 0x0292, 0x0292, 0x0292, 0x0292,
  0x0292, 0x0292, 0xF7BF, 0xFFFF, 0x05DE, 0x04FE, 0x055E, 0x051E, 0x04FE, 0x66DD, 0x065F, 0x04DE,
  0x055E, 0x055E, 0x055D, 0x56DD, 0x059F, 0x051F, 0xDFBE, 0xFFFF, 0xF7DE, 0x05DE, 0x04DE, 0x05BE,
  0x057E, 0x04BE, 0x66DD, 0xFFFF, 0x9F3E, 0x04FE, 0x04DE, 0x057E, 0xFFFE, 0x5EBF, 0x04DE, 0x055F,
  0x053E, 0x04BF, 0x059E, 0xE7BE, 0xFFFF, 0xFFFF, 0xFFFF, 0xFFFF, 0xFFFF, 0xFFFF, 0xFFFF, 0xFFFF,
  0xFFFF, 0xFFFF, 0xFFFF, 0xD6DB, 0x4AAD, 0xA598, 0x8412, 0x0000, 0x0000, 0x10A4, 0x29C9, 0x1107,
  0x4ACD, 0xD6FC, 0xC639, 0xBDF9, 0xC65A, 0xE75E, 0xA555, 0x0000, 0x2945, 0xB5D8, 0x0000, 0x0000,
  0xB5B7, 0xE73D, 0xCE7A, 0xB5B7, 0xBE19, 0xCE7A, 0x3A2A, 0x1106, 0x320A, 0x18E5, 0x0000, 0x0000,
  0x18A3, 0x524C, 0xBE1A, 0x7C53, 0xBDD8, 0xFFFF, 0xFFFF, 0xFFFF, 0xFFFF, 0xFFFF, 0xFFFF, 0xFFFF,
  0xFFFF, 0xFFDE, 0xFFFF, 0xFFFF, 0xFFFF, 0xFFFF, 0xFFFF, 0xFFFF, 0xFFFF, 0xFFFF, 0xFFFF, 0xFFFF,
  0xFFFF, 0xFFFF, 0xFFFF, 0xFFFF, 0xFFFF, 0xFFFF, 0xFFFF, 0xFFFF, 0xFFFF, 0x94F5, 0x0087, 0x0087,
  0x0087, 0x0087, 0x0087, 0x0087, 0x0087, 0x0087, 0x0087, 0x0087, 0x0087, 0x0087, 0x0087, 0x0087,
  0x0087, 0x0087, 0x0087, 0x0087, 0x0087, 0x0087, 0x0087, 0x0087, 0x010A, 0x02B3, 0x0293, 0x0293,
  0x0272, 0x0272, 0x0273, 0x0253, 0x0273, 0x0314, 0x0354, 0x0333, 0x0313, 0x02F3, 0x02F3, 0x02F3,
  0x02F3, 0x02F3, 0x02D3, 0x0292, 0x0272, 0x0272, 0x0272, 0x0252, 0x0272, 0x0272, 0x0292, 0x0292,
  0xAD55, 0xAD55, 0xAD55, 0xAD55, 0xAD55, 0xAD55, 0xAD55, 0xAD55, 0xAD55, 0xAD55, 0xAD55, 0xAD55,
  0xAD55, 0xAD55, 0xAD55, 0xAD55, 0xAD55, 0xAD55, 0xAD55, 0xAD55, 0xAD55, 0xAD55, 0xAD55, 0xAD55,
  0xAD55, 0xAD55, 0xAD55, 0xAD55, 0xAD55, 0xAD55, 0xAD55, 0xAD55, 0xAD55, 0xAD55, 0xAD55, 0xAD55,
  0xAD55, 0xAD55, 0xAD55, 0xAD55, 0xAD55, 0xAD55, 0xAD55, 0xAD55, 0xAD55, 0xAD55, 0xAD55, 0xAD55,
  0xAD55, 0xAD55, 0xAD55, 0xAD55, 0xAD55, 0xAD55, 0xAD55, 0xAD55, 0xAD55, 0xAD55, 0xAD55, 0xAD55,
  0xAD55, 0xAD55, 0xAD55, 0xAD55, 0xAD55, 0xAD55, 0xAD55, 0xAD55, 0xAD55, 0xAD55, 0xAD55, 0xAD55,
  0xAD55, 0xAD35, 0xAD55, 0xAD55, 0x1062, 0x0000, 0xA514, 0xAD55, 0xAD55, 0xAD35, 0xAD35, 0xAD55,
  0x9CD3, 0x0000, 0x0000, 0x1082, 0x9CD3, 0xAD55, 0xAD35, 0xAD35, 0xAD55, 0xAD55, 0xAD55, 0xAD55,
  0x3106, 0x00C5, 0x0555, 0x04F5, 0x04F4, 0x0555, 0x03D0, 0x0000, 0x0000, 0x4A8A, 0xAD55, 0x8555,
  0x6555, 0x7555, 0x5CF3, 0x0000, 0x0000, 0x0000, 0x0000, 0x7C92, 0x8D54, 0x6CD2, 0x8555, 0x7D34,
  0x7534, 0x6D35, 0x8555, 0x5BAE, 0x6C51, 0x8D55, 0x7D35, 0x6D55, 0x6535, 0x6555, 0x6D55, 0x7D55,
  0x0391, 0x01F0, 0x04B4, 0x2555, 0x0534, 0x0534, 0x0554, 0x0554, 0x0311, 0x0231, 0x6333, 0xBB53,
  0xAB33, 0xAB33, 0x82F2, 0x0272, 0x0292, 0x0292, 0x0292, 0x0292, 0x0292, 0x0292, 0xF7BF, 0xFFFF,
  0x061E, 0x051E, 0xF7BE, 0xCF9E, 0x051E, 0x05DF, 0x063E, 0x051E, 0xAF5E, 0xFFFF, 0xFFFE, 0xCF9E,
  0x057F, 0x055F, 0xE7BF, 0xFFFF, 0x76FE, 0x04FD, 0x05BE, 0xFFFE, 0xAF5E, 0x04FE, 0x059E, 0xFFFE,
  0x067E, 0x053E, 0x05BE, 0x053E, 0xE79E, 0x973F, 0x04DE, 0x067E, 0xD79E, 0x061E, 0x04BE, 0x065E,
  0xFFFF, 0xFFFF, 0xFFFF, 0xFFFF, 0xFFFF, 0xE71C, 0xD69B, 0xBE19, 0xAD97, 0x9CF5, 0x8452, 0x52ED,
  0x3A0B, 0xA576, 0x39A6, 0x0000, 0x0000, 0x31EA, 0x29C9, 0x1106, 0x3A0A, 0xC659, 0xD6BB, 0xBDF8,
  0xBE19, 0xEF9F, 0x4A69, 0x0000, 0x2946, 0x9D15, 0x0001, 0x0000, 0x4A69, 0xEF7E, 0xBE19, 0xAD77,
  0xCE9B, 0xC65A, 0x320A, 0x1106, 0x21A8, 0x31E9, 0x18E4, 0x0000, 0x3167, 0x4A4A, 0x94D3, 0x52CD,
  0x4A6C, 0x94B5, 0xAD97, 0xCE7A, 0xDEDC, 0xEF7D, 0xFFFF, 0xFFFF, 0xFFFF, 0xFFDE, 0xFFFF, 0xFFFF,
  0xFFFF, 0xFFFF, 0xFFFF, 0xFFFF, 0xFFFF, 0xFFFF, 0xFFFF, 0xFFFF, 0xFFFF, 0xFFFF, 0xFFFF, 0xFFFF,
  0xFFFF, 0xFFFF, 0xFFFF, 0xFFFF, 0xFFFF, 0xBE3A, 0x0087, 0x0087, 0x0087, 0x0087, 0x0087, 0x0087,
  0x0087, 0x0087, 0x0087, 0x0087, 0x0087, 0x0087, 0x0087, 0x0087, 0x0087, 0x0087, 0x0087, 0x0087,
  0x0087, 0x0087, 0x0087, 0x0087, 0x00C9, 0x0272, 0x0272, 0x0272, 0x0272, 0x0272, 0x0273, 0x0293,
  0x0272, 0x0251, 0x0231, 0x0252, 0x0272, 0x0272, 0x0292, 0x0293, 0x0293, 0x0293, 0x02B3, 0x02F4,
  0x0334, 0x0334, 0x0334, 0x0354, 0x0334, 0x0292, 0x0271, 0x0272, 0xAD55, 0xAD55, 0xAD55, 0xAD55,
  0xAD55, 0xAD55, 0xAD55, 0xAD55, 0xAD55, 0xAD55, 0xAD55, 0xAD55, 0xAD55, 0xAD55, 0xAD55, 0xAD55,
  0xAD55, 0xAD55, 0xAD55, 0xAD55, 0xAD55, 0xAD55, 0xAD55, 0xAD55, 0xAD55, 0xAD55, 0xAD55, 0xAD55,
  0xAD55, 0xAD55, 0xAD55, 0xAD55, 0xAD55, 0xAD55, 0xAD55, 0xAD55, 0xAD55, 0xAD55, 0xAD55, 0xAD55,
  0xAD55, 0xAD55, 0xAD55, 0xAD55, 0xAD55, 0xAD55, 0xAD55, 0xAD55, 0xAD55, 0xAD55, 0xAD55, 0xAD55,
  0xAD55, 0xAD55, 0xAD55, 0xAD55, 0xAD55, 0xAD55, 0xAD55, 0xAD55, 0xAD55, 0xAD55, 0xAD55, 0xAD55,
  0xAD55, 0xAD55, 0xAD55, 0xAD55, 0xAD55, 0xAD55, 0xAD55, 0xAD55, 0xAD55, 0xAD35, 0xAD35, 0xAD55,
  0xA534, 0x0000, 0x0020, 0x7BEF, 0xAD55, 0xAD55, 0xAD55, 0xAD35, 0xAD55, 0x41E7, 0x0000, 0x0000,
  0x10A2, 0x9CD3, 0xAD55, 0xAD35, 0xAD35, 0xAD35, 0xAD55, 0xAD55, 0x1928, 0x0001, 0x0514, 0x0535,
  0x04F5, 0x0555, 0x034E, 0x0000, 0x0000, 0x5B0C, 0xAD55, 0x7D55, 0x7555, 0x8D55, 0x5C30, 0x0000,
  0x0000, 0x0000, 0x0000, 0x8D55, 0x74D2, 0x6CB2, 0x8555, 0x7D34, 0x7534, 0x6D55, 0x7D55, 0x638E,
  0x74D3, 0x7D55, 0x7D54, 0x7555, 0x6D35, 0x6D35, 0x7D55, 0x5D34, 0x0250, 0x02F2, 0x5D55, 0x4554,
  0x0534, 0x4D34, 0x5D55, 0x0493, 0x0210, 0x0293, 0x9B53, 0xBB12, 0xA312, 0xBB33, 0x92F2, 0x0272,
  0x0292, 0x0292, 0x0292, 0x0292, 0x0292, 0x0292, 0xF7BF, 0xFFFF, 0x061E, 0x051F, 0x7EFF, 0x66DE,
  0x04FE, 0x061E, 0x067F, 0x053E, 0x05FF, 0x05FF, 0x069E, 0xDF9F, 0x059F, 0x055F, 0xE7BF, 0xFFFF,
  0x067E, 0x049E, 0x4EBE, 0xFFFF, 0xFFFE, 0x05BE, 0x053F, 0x9F3E, 0x05BE, 0x05FE, 0xAF3E, 0x04FE,
  0xA73E, 0xA75E, 0x049E, 0x1EBE, 0xFFFF, 0xCF7E, 0x051E, 0x059E, 0xFFFF, 0xFFFF, 0xFFFF, 0xE71C,
  0x6B90, 0x426C, 0x6350, 0x6370, 0x5B50, 0x6371, 0x6350, 0x10A2, 0x0000, 0x0000, 0x0000, 0x18E3,
  0x632E, 0x2189, 0x2188, 0x2168, 0x2146, 0xAD97, 0xD6DC, 0xC65A, 0xCE9B, 0x9D15, 0x0000, 0x0000,
  0x3187, 0xA555, 0x0000, 0x0000, 0x0000, 0xBDF8, 0xC63A, 0xC65A, 0xD6BB, 0xBE39, 0x320A, 0x1106,
  0x2988, 0x2988, 0x2125, 0x39A8, 0x6B90, 0x39E9, 0x1083, 0x0000, 0x0020, 0x4A8C, 0x426C, 0x426C,
  0x6BB1, 0x634F, 0x632E, 0xEF7E, 0xFFFF, 0xFFDE, 0xFFFF, 0xFFFF, 0xFFFF, 0xFFFF, 0xFFFF, 0xFFFF,
  0xFFFF, 0xFFFF, 0xFFFF, 0xFFFF, 0xFFFF, 0xFFFF, 0xFFFF, 0xFFFF, 0xFFFF, 0xFFFF, 0xFFFF, 0xFFFF,
  0xFFFF, 0xE75D, 0x0087, 0x0087, 0x0087, 0x0087, 0x0087, 0x0087, 0x0087, 0x0087, 0x0087, 0x0087,
  0x0087, 0x0087, 0x0087, 0x0087, 0x0087, 0x0087, 0x0087, 0x0087, 0x0087, 0x0087, 0x0087, 0x0087,
  0x00A8, 0x0251, 0x0272, 0x0272, 0x0272, 0x0272, 0x0272, 0x0272, 0x0293, 0x02F3, 0x0394, 0x03B5,
  0x03D5, 0x03D5, 0x03F4, 0x03F4, 0x03F4, 0x03D4, 0x03F4, 0x0435, 0x0455, 0x0455, 0x0455, 0x0435,
  0x0394, 0x02B2, 0x0291, 0x0292, 0xAD55, 0xAD55, 0xAD55, 0xAD55, 0xAD55, 0xAD55, 0xAD55, 0xAD55,
  0xAD55, 0xAD55, 0xAD55, 0xAD55, 0xAD55, 0xAD55, 0xAD55, 0xAD55, 0xAD55, 0xAD55, 0xAD55, 0xAD55,
  0xAD55, 0xAD55, 0xAD55, 0xAD55, 0xAD55, 0xAD55, 0xAD55, 0xAD55, 0xAD55, 0xAD55, 0xAD55, 0xAD55,
  0xAD55, 0xAD55, 0xAD55, 0xAD55, 0xAD55, 0xAD55, 0xAD55, 0xAD55, 0xAD55, 0xAD55, 0xAD55, 0xAD55,
  0xAD55, 0xAD55, 0xAD55, 0xAD55, 0xAD55, 0xAD55, 0xAD55, 0xAD55, 0xAD55, 0xAD55, 0xAD55, 0xAD55,
  0xAD55, 0xAD55, 0xAD55, 0xAD55, 0xAD55, 0xAD55, 0xAD55, 0xAD55, 0xAD55, 0xAD55, 0xAD55, 0xAD55,
  0xAD55, 0xAD55, 0xAD55, 0xAD55, 0xAD55, 0xAD55, 0xAD55, 0xA554, 0xAD55, 0xA534, 0x0000, 0x0000,
  0x3166, 0x8C51, 0xAD55, 0xAD55, 0xAD55, 0x9CD3, 0x0000, 0x0000, 0x0000, 0x0821, 0x9CD3, 0xAD55,
  0xAD35, 0xAD35, 0xAD55, 0x9535, 0x01AD, 0x0000, 0x03AF, 0x0555, 0x04F4, 0x0555, 0x02AC, 0x0000,
  0x0000, 0x636E, 0xAD55, 0x7554, 0x7554, 0x9555, 0x4B8D, 0x0000, 0x0000, 0x0000, 0x2186, 0xA555,
  0x6430, 0x74F3, 0x8554, 0x7D54, 0x7554, 0x7555, 0x7CF4, 0x6BEF, 0x8534, 0x7D54, 0x7D55, 0x7555,
  0x6D34, 0x6D54, 0x8555, 0x2C73, 0x0190, 0x03D3, 0x7D55, 0x5555, 0x2D55, 0x8D54, 0xAD54, 0x6B92,
  0x01F0, 0x02D2, 0xBB33, 0xA312, 0x9B13, 0xAB33, 0x8AF2, 0x0272, 0x0292, 0x0292, 0x0272, 0x0272,
  0x0292, 0x0292, 0xF7BF, 0xFFFF, 0x061E, 0x055E, 0x04FE, 0x04FF, 0x05DE, 0xCF9E, 0x069E, 0x055E,
  0x055F, 0x04FE, 0x05BD, 0xD77E, 0x059F, 0x057F, 0xEFDF, 0xFFFF, 0x065E, 0x04BE, 0x7EFE, 0xFFFF,
  0xFFFF, 0x05DE, 0x055E, 0x067E, 0x055E, 0x061E, 0x8EFE, 0x051E, 0x0E9E, 0x871F, 0x04DE, 0x069E,
  0xFFFF, 0xEFBF, 0x053E, 0x057E, 0xF7FF, 0xFFFF, 0xAD97, 0x3A2C, 0x52CE, 0xB5B7, 0x5AEC, 0x2946,
  0x31A7, 0x39E8, 0x4A6B, 0x5AED, 0x422A, 0x4A6B, 0x2967, 0x0020, 0x7C12, 0x320A, 0x2167, 0x21A9,
  0x0884, 0x94B3, 0xDF3D, 0xC65A, 0xEF9F, 0x4A8A, 0x0000, 0x0000, 0x3A08, 0xAD55, 0x0000, 0x0000,
  0x0000, 0x7C11, 0xE75E, 0xC659, 0xCE9A, 0xC639, 0x31EA, 0x1926, 0x2188, 0x29A8, 0x10A4, 0x2168,
  0x6370, 0x7BF2, 0x630F, 0x4229, 0x3186, 0x0841, 0x0000, 0x0000, 0x4208, 0x738E, 0x5AEC, 0x3A0A,
  0xC619, 0xFFDE, 0xFFFF, 0xFFFF, 0xFFFF, 0xFFFF, 0xFFFF, 0xFFFF, 0xFFFF, 0xFFFF, 0xFFFF, 0xFFFF,
  0xFFFF, 0xFFFF, 0xFFFF, 0xFFFF, 0xFFFF, 0xFFFF, 0xFFFF, 0xFFFF, 0xFFFF, 0xF7BE, 0x0087, 0x0087,
  0x0087, 0x0087, 0x0087, 0x0087, 0x0087, 0x0087, 0x0087, 0x0087, 0x0087, 0x0087, 0x0087, 0x0087,
  0x0087, 0x0087, 0x0087, 0x0087, 0x0087, 0x0087, 0x0087, 0x0087, 0x00A8, 0x02D3, 0x0292, 0x0272,
  0x0252, 0x0252, 0x0252, 0x0251, 0x0272, 0x0334, 0x03F5, 0x03F5, 0x0435, 0x0455, 0x0455, 0x0455,
  0x0455, 0x0454, 0x0455, 0x0435, 0x03B4, 0x0353, 0x0313, 0x02B2, 0x0271, 0x0271, 0x0272, 0x0272,
  0xAD55, 0xAD55, 0xAD55, 0xAD55, 0xAD55, 0xAD55, 0xAD55, 0xAD55, 0xAD55, 0xAD55, 0xAD55, 0xAD55,
  0xAD55, 0xAD55, 0xAD55, 0xAD55, 0xAD55, 0xAD55, 0xAD55, 0xAD55, 0xAD55, 0xAD55, 0xAD55, 0xAD55,
  0xAD55, 0xAD55, 0xAD55, 0xAD55, 0xAD55, 0xAD55, 0xAD55, 0xAD55, 0xAD55, 0xAD55, 0xAD55, 0xAD55,
  0xAD55, 0xAD55, 0xAD55, 0xAD55, 0xAD55, 0xAD55, 0xAD55, 0xAD55, 0xAD55, 0xAD55, 0xAD55, 0xAD55,
  0xAD55, 0xAD55, 0xAD55, 0xAD55, 0xAD55, 0xAD55, 0xAD55, 0xAD55, 0xAD55, 0xAD55, 0xAD55, 0xAD55,
  0xAD55, 0xAD55, 0xAD55, 0xAD55, 0xAD55, 0xAD55, 0xAD55, 0xAD55, 0xAD55, 0xAD55, 0xAD55, 0xAD55,
  0xAD55, 0xAD55, 0xAD55, 0xA554, 0xAD55, 0xAD55, 0x9492, 0x0000, 0x0000, 0x0000, 0x5AEB, 0xA534,
  0xAD55, 0xAD55, 0x2925, 0x0000, 0x0000, 0x0000, 0x20E4, 0xA534, 0xAD55, 0xAD35, 0xAD55, 0x7494,
  0x0210, 0x0000, 0x0228, 0x0555, 0x04F4, 0x0555, 0x01E8, 0x1800, 0x2800, 0x7BAE, 0xA555, 0x7554,
  0x7D54, 0x9D55, 0x32AA, 0x0000, 0x0000, 0x0000, 0x534D, 0x9D55, 0x5C0F, 0x8554, 0x7D54, 0x7D34,
  0x7554, 0x7D55, 0x74B2, 0x6C10, 0x8D55, 0x7D34, 0x7D34, 0x7535, 0x7534, 0x7534, 0x9555, 0x0392,
  0x0190, 0x3494, 0x8D55, 0x6535, 0x5D55, 0x9555, 0xAD15, 0x92D2, 0x0231, 0x52F3, 0xBB33, 0xA313,
  0xA313, 0xBB33, 0x92F2, 0x0251, 0x0292, 0x0272, 0x0272, 0x0272, 0x0272, 0x0272, 0xF7BF, 0xFFFF,
  0x061E, 0x053E, 0x3E9E, 0x05BF, 0x05DE, 0xFFFE, 0x065E, 0x04FF, 0xBF7E, 0xFFFE, 0xFFFF, 0xF7DF,
  0x057F, 0x057E, 0xFFFE, 0xFFFF, 0x56BF, 0x04BF, 0x065E, 0xFFFF, 0xF7DE, 0x055E, 0x05BE, 0x065E,
  0x057E, 0x053E, 0x04FE, 0x055E, 0x061E, 0x067E, 0x04FF, 0x46DE, 0xFFFF, 0x76FE, 0x04DE, 0x05DE,
  0xFFFF, 0xEF3C, 0x1968, 0x2148, 0x52AA, 0x4A48, 0x0000, 0x0000, 0x0862, 0x39E8, 0x5ACD, 0x6B70,
  0x5B4F, 0x428D, 0x0044, 0x0000, 0x73D0, 0x5B4F, 0x1106, 0x29C9, 0x0022, 0x6B6E, 0xEF7E, 0xD69B,
  0xD6BB, 0x1081, 0x0000, 0x0000, 0x4A6A, 0xB5B7, 0x0000, 0x0884, 0x0000, 0x2145, 0xE73D, 0xC65A,
  0xCE9B, 0xBE19, 0x31EA, 0x1927, 0x29A9, 0x29C8, 0x0000, 0x0002, 0x1948, 0x320A, 0x52ED, 0x6350,
  0x6B90, 0x5B0D, 0x2105, 0x0000, 0x0000, 0x0000, 0x2103, 0x0000, 0x10A4, 0xAD35, 0xFFFF, 0xFFFF,
  0xFFFF, 0xFFFF, 0xFFFF, 0xFFFF, 0xFFFF, 0xFFFF, 0xFFFF, 0xFFFF, 0xFFFF, 0xFFFF, 0xFFFF, 0xFFFF,
  0xFFFF, 0xFFFF, 0xFFFF, 0xFFFF, 0xFFFF, 0xFFFF, 0x0087, 0x0087, 0x0087, 0x0087, 0x0087, 0x0087,
  0x0087, 0x0087, 0x0087, 0x0087, 0x0087, 0x0087, 0x0087, 0x0087, 0x0087, 0x0087, 0x0087, 0x0087,
  0x0087, 0x0087, 0x0087, 0x0087, 0x0087, 0x0435, 0x03B4, 0x03D4, 0x03F4, 0x03D4, 0x03D4, 0x0333,
  0x0251, 0x0252, 0x0272, 0x0292, 0x02D3, 0x02F3, 0x0333, 0x0334, 0x0354, 0x0394, 0x0394, 0x0313,
  0x0251, 0x0231, 0x0251, 0x0251, 0x0271, 0x0272, 0x0272, 0x0272, 0xAD55, 0xAD55, 0xAD55, 0xAD55,
  0xAD55, 0xAD55, 0xAD55, 0xAD55, 0xAD55, 0xAD55, 0xAD55, 0xAD55, 0xAD55, 0xAD55, 0xAD55, 0xAD55,
  0xAD55, 0xAD55, 0xAD55, 0xAD55, 0xAD55, 0xAD55, 0xAD55, 0xAD55, 0xAD55, 0xAD55, 0xAD55, 0xAD55,
  0xAD55, 0xAD55, 0xAD55, 0xAD55, 0xAD55, 0xAD55, 0xAD55, 0xAD55, 0xAD55, 0xAD55, 0xAD55, 0xAD55,
  0xAD55, 0xAD55, 0xAD55, 0xAD55, 0xAD55, 0xAD55, 0xAD55, 0xAD55, 0xAD55, 0xAD55, 0xAD55, 0xAD55,
  0xAD55, 0xAD55, 0xAD55, 0xAD55, 0xAD55, 0xAD55, 0xAD55, 0xAD55, 0xAD55, 0xAD55, 0xAD55, 0xAD55,
  0xAD55, 0xAD55, 0xAD55, 0xAD55, 0xAD55, 0xAD55, 0xAD55, 0xAD55, 0xAD55, 0xAD55, 0xAD55, 0xAD55,
  0xAD55, 0xAD35, 0xAD55, 0x9492, 0x0000, 0x0000, 0x0000, 0x0861, 0x632C, 0xAD55, 0x8C31, 0x0000,
  0x0000, 0x0000, 0x0000, 0x10A2, 0xA514, 0xAD55, 0xAD55, 0x43B1, 0x0292, 0x0043, 0x0061, 0x0555,
  0x0535, 0x0535, 0x00E5, 0x1000, 0x8000, 0xB3AF, 0xA555, 0x9555, 0x9555, 0xA555, 0x39A7, 0x0000,
  0x0000, 0x0020, 0x8D34, 0x74F3, 0x6451, 0x8D55, 0x7D34, 0x7D34, 0x7D54, 0x8555, 0x6410, 0x63CF,
  0x9555, 0x7D34, 0x7D34, 0x7534, 0x6D34, 0x9555, 0x9D34, 0x0251, 0x02B2, 0x7554, 0x7D55, 0x7534,
  0x7555, 0xA555, 0x93D2, 0x3230, 0x0272, 0x9313, 0xBB12, 0xAB13, 0xBB33, 0xBB53, 0x72B2, 0x0251,
  0x0272, 0x0272, 0x0272, 0x0272, 0x0272, 0x0272, 0xF7BF, 0xFFFF, 0x061E, 0x04FE, 0xFFFE, 0x46BE,
  0x049E, 0x9F3E, 0x4EBF, 0x051F, 0x067E, 0x3EDE, 0x269E, 0x76DE, 0x05DF, 0x057E, 0x061E, 0x063F,
  0x061E, 0x053F, 0x055E, 0x5EDD, 0x065E, 0x04BE, 0x065E, 0x067D, 0x051E, 0x063E, 0x3E9E, 0x05DE,
  0x057E, 0x05BD, 0x057E, 0x05FE, 0x065E, 0x055E, 0x04DD, 0x8F3F, 0xFFFF, 0xB5B7, 0x0883, 0x0000,
  0x0000, 0x0000, 0x0000, 0x39E9, 0x6B90, 0x6390, 0x52CE, 0x3A2B, 0x29C9, 0x00A5, 0x0000, 0x0000,
  0x4A8B, 0x5B2F, 0x1107, 0x29A9, 0x0063, 0x4249, 0xE71D, 0xF7BF, 0x8431, 0x0000, 0x0042, 0x0000,
  0x52AA, 0xBE39, 0x0000, 0x18C5, 0x0022, 0x0000, 0x9CF4, 0xE73D, 0xCE9B, 0xC65A, 0x320A, 0x1106,
  0x29EA, 0x31C9, 0x0000, 0x0000, 0x0002, 0x0003, 0x08E6, 0x29A9, 0x3A4B, 0x52ED, 0x634F, 0x52AC,
  0x2125, 0x0000, 0x0000, 0x0000, 0x0021, 0x2947, 0xFFFF, 0xFFFF, 0xFFFF, 0xFFFF, 0xFFFF, 0xFFFF,
  0xFFFF, 0xFFFF, 0xFFFF, 0xFFFF, 0xFFFF, 0xFFFF, 0xFFFF, 0xFFFF, 0xFFFF, 0xFFFF, 0xFFFF, 0xFFFF,
  0xFFFF, 0xF7BE, 0x0087, 0x0087, 0x0087, 0x0087, 0x0087, 0x0087, 0x0087, 0x0087, 0x0087, 0x0087,
  0x0087, 0x0087, 0x0087, 0x0087, 0x0087, 0x0087, 0x0087, 0x0087, 0x0087, 0x0087, 0x0087, 0x0087,
  0x0087, 0x0494, 0x0415, 0x0495, 0x04F4, 0x04F4, 0x04F5, 0x0434, 0x0353, 0x0374, 0x0354, 0x0354,
  0x0333, 0x0333, 0x0313, 0x02D3, 0x02B3, 0x02B3, 0x0293, 0x0251, 0x0251, 0x0272, 0x0272, 0x0272,
  0x0272, 0x0272, 0x0272, 0x0272, 0xAD55, 0xAD55, 0xAD55, 0xAD55, 0xAD55, 0xAD55, 0xAD55, 0xAD55,
  0xAD55, 0xAD55, 0xAD55, 0xAD55, 0xAD55, 0xAD55, 0xAD55, 0xAD55, 0xAD55, 0xAD55, 0xAD55, 0xAD55,
  0xAD55, 0xAD55, 0xAD55, 0xAD55, 0xAD55, 0xAD55, 0xAD55, 0xAD55, 0xAD55, 0xAD55, 0xAD55, 0xAD55,
  0xAD55, 0xAD55, 0xAD55, 0xAD55, 0xAD55, 0xAD55, 0xAD55, 0xAD55, 0xAD55, 0xAD55, 0xAD55, 0xAD55,
  0xAD55, 0xAD55, 0xAD55, 0xAD55, 0xAD55, 0xAD55, 0xAD55, 0xAD55, 0xAD55, 0xAD55, 0xAD55, 0xAD55,
  0xAD55, 0xAD55, 0xAD55, 0xAD55, 0xAD55, 0xAD55, 0xAD55, 0xAD55, 0xAD55, 0xAD55, 0xAD55, 0xAD55,
  0xAD55, 0xAD55, 0xAD55, 0xAD55, 0xAD55, 0xAD55, 0xAD55, 0xAD55, 0xAD55, 0xAD35, 0xAD35, 0xAD55,
  0x7BCF, 0x0000, 0x0000, 0x0000, 0x0000, 0x3186, 0x9CF3, 0x2104, 0x0000, 0x0000, 0x0000, 0x0000,
  0x3186, 0xAD55, 0xAD55, 0x02CF, 0x0394, 0x01E8, 0x0000, 0x04B3, 0x0555, 0x04B4, 0x0042, 0x0000,
  0x1800, 0x9A8A, 0xAD55, 0x9555, 0x9D55, 0x9534, 0x4083, 0x1800, 0x0000, 0x2A08, 0xAD55, 0x6471,
  0x6C91, 0x8D55, 0x7D54, 0x7D54, 0x7D34, 0x9555, 0x538E, 0x5BCF, 0x9555, 0x7D34, 0x7554, 0x7534,
  0x8534, 0xAD55, 0x7473, 0x018F, 0x03F3, 0x8D55, 0x7554, 0x7534, 0x8D55, 0x64D4, 0x01EE, 0x0210,
  0x02D2, 0xBB53, 0xBB33, 0xBB33, 0x9313, 0x52B2, 0x0251, 0x0272, 0x0272, 0x0272, 0x0272, 0x0272,
  0x0272, 0x0272, 0xF7BF, 0xFFFF, 0x05BE, 0x049E, 0xDFBE, 0xB77E, 0x04BE, 0x059E, 0x05DE, 0x051E,
  0x04FE, 0x04DE, 0x049D, 0x05FD, 0x05DE, 0x051E, 0x04FE, 0x049E, 0x059E, 0x2E9E, 0x051E, 0x049E,
  0x04BF, 0x05DE, 0x9F1D, 0x055E, 0x055E, 0xFFFE, 0xFFFF, 0x9F3E, 0x04BD, 0x051E, 0x057E, 0x051E,
  0x04BE, 0x053E, 0x06BE, 0xFFFF, 0x8C71, 0x0020, 0x0000, 0x0000, 0x0000, 0x1082, 0x31C9, 0x424C,
  0x29A9, 0x2188, 0x1968, 0x1106, 0x0064, 0x0001, 0x0000, 0x0000, 0x31C8, 0x5B2F, 0x1927, 0x29A9,
  0x10E5, 0x2105, 0xDEDB, 0xE73D, 0x2105, 0x0000, 0x1905, 0x0000, 0x6B8E, 0xD6FC, 0x0000, 0x0863,
  0x2947, 0x0000, 0x52AB, 0xE75E, 0xEF5E, 0xDF1C, 0x31E9, 0x08C6, 0x3A2B, 0x31C8, 0x0000, 0x0000,
  0x0000, 0x0000, 0x0001, 0x0023, 0x10E6, 0x2188, 0x29E9, 0x426C, 0x52EE, 0x2988, 0x18C4, 0x2104,
  0x18C3, 0x39C8, 0xFFFF, 0xFFFF, 0xFFFF, 0xFFFF, 0xFFFF, 0xFFFF, 0xFFFF, 0xFFFF, 0xFFFF, 0xFFFF,
  0xFFFF, 0xFFFF, 0xFFFF, 0xFFFF, 0xFFFF, 0xFFFF, 0xFFFF, 0xFFFF, 0xFFFF, 0xE75D, 0x0087, 0x0087,
  0x0087, 0x0087, 0x0087, 0x0087, 0x0087, 0x0087, 0x0087, 0x0087, 0x0087, 0x0087, 0x0087, 0x0087,
  0x0087, 0x0087, 0x0087, 0x0087, 0x0087, 0x0087, 0x0087, 0x0087, 0x00C8, 0x0494, 0x0434, 0x0454,
  0x0494, 0x04B5, 0x04D5, 0x0474, 0x0415, 0x0435, 0x0415, 0x0415, 0x0415, 0x0415, 0x0415, 0x03F5,
  0x03D5, 0x03F4, 0x03F5, 0x0374, 0x0292, 0x0252, 0x0272, 0x0272, 0x0272, 0x0272, 0x0272, 0x0272,
  0xAD55, 0xAD55, 0xAD55, 0xAD55, 0xAD55, 0xAD55, 0xAD55, 0xAD55, 0xAD55, 0xAD55, 0xAD55, 0xAD55,
  0xAD55, 0xAD55, 0xAD55, 0xAD55, 0xAD55, 0xAD55, 0xAD55, 0xAD55, 0xAD55, 0xAD55, 0xAD55, 0xAD55,
  0xAD55, 0xAD55, 0xAD55, 0xAD55, 0xAD55, 0xAD55, 0xAD55, 0xAD55, 0xAD55, 0xAD55, 0xAD55, 0xAD55,
  0xAD55, 0xAD55, 0xAD55, 0xAD55, 0xAD55, 0xAD55, 0xAD55, 0xAD55, 0xAD55, 0xAD55, 0xAD55, 0xAD55,
  0xAD55, 0xAD55, 0xAD55, 0xAD55, 0xAD55, 0xAD55, 0xAD55, 0xAD55, 0xAD55, 0xAD55, 0xAD55, 0xAD55,
  0xAD55, 0xAD55, 0xAD55, 0xAD55, 0xAD55, 0xAD55, 0xAD55, 0xAD55, 0xAD55, 0xAD55, 0xAD55, 0xAD55,
  0xAD55, 0xAD55, 0xAD55, 0xAD55, 0xAD55, 0xAD35, 0xAD35, 0xAD35, 0xAD55, 0x83EF, 0x0000, 0x0000,
  0x0000, 0x0000, 0x0000, 0x0861, 0x0000, 0x0000, 0x0000, 0x0000, 0x0000, 0x5228, 0xAD55, 0x0271,
  0x0415, 0x036D, 0x0000, 0x026A, 0x0555, 0x0431, 0x0000, 0x0000, 0x0000, 0x3985, 0xA555, 0x7D55,
  0x9D55, 0x6C30, 0x0000, 0x0000, 0x0000, 0x6BEF, 0xAD55, 0x6430, 0x74D2, 0x8555, 0x7D54, 0x7D55,
  0x7D55, 0x8D55, 0x432D, 0x6451, 0x8D55, 0x7D34, 0x7D34, 0x8D34, 0xA555, 0xAD55, 0x2B51, 0x01B0,
  0x54F4, 0x8555, 0x7554, 0x7554, 0x7D55, 0x33B2, 0x4211, 0x0272, 0x6AF2, 0xAB12, 0x62B2, 0x0291,
  0x0251, 0x0251, 0x0272, 0x0272, 0x0272, 0x0272, 0x0271, 0x0271, 0x0272, 0x0272, 0xF7BF, 0xFFFF,
  0xA73E, 0x8EFE, 0xFFFF, 0xFFFF, 0x973E, 0x76FE, 0x973E, 0xAF7E, 0xAF5E, 0x9F3E, 0x971E, 0xCF7E,
  0xAF5E, 0x8F1E, 0xAF5F, 0xB77F, 0xBF7E, 0xFFFE, 0xB75E, 0x067E, 0x5E9E, 0xFFDE, 0xF7DE, 0x7EFE,
  0xC77E, 0xFFFF, 0xFFFF, 0xFFFF, 0x971E, 0x973E, 0xAF5F, 0x973E, 0x8F1E, 0xCF7E, 0xFFFF, 0xB575,
  0x0000, 0x0000, 0x0000, 0x0021, 0x18E5, 0x31A9, 0x1107, 0x0023, 0x0002, 0x0002, 0x0002, 0x0002,
  0x0000, 0x0000, 0x0000, 0x0000, 0x2967, 0x52EE, 0x2168, 0x2188, 0x1947, 0x0841, 0xD69A, 0xCE5A,
  0x0000, 0x0023, 0x2967, 0x0000, 0x7BF0, 0xC659, 0x0000, 0x0000, 0x31C9, 0x0000, 0x2105, 0xEF7E,
  0xFFFF, 0xE75D, 0x31E9, 0x1106, 0x52AD, 0x2946, 0x0000, 0x0000, 0x0000, 0x0000, 0x0000, 0x0000,
  0x0001, 0x0024, 0x08A5, 0x1106, 0x2148, 0x31EA, 0x428C, 0x632F, 0x3187, 0x1081, 0xFFFF, 0xFFFF,
  0xFFFF, 0xFFFF, 0xFFFF, 0xFFFF, 0xFFFF, 0xFFFF, 0xFFFF, 0xFFFF, 0xFFFF, 0xFFFF, 0xFFFF, 0xFFFF,
  0xFFFF, 0xFFFF, 0xFFFF, 0xFFFF, 0xFFFF, 0xBE3A, 0x0087, 0x0087, 0x0087, 0x0087, 0x0087, 0x0087,
  0x0087, 0x0087, 0x0087, 0x0087, 0x0087, 0x0087, 0x0087, 0x0087, 0x0087, 0x0087, 0x0087, 0x0087,
  0x0087, 0x0087, 0x0087, 0x0087, 0x00E8, 0x04B4, 0x0494, 0x0474, 0x0434, 0x0494, 0x04D5, 0x0454,
  0x03F4, 0x03F4, 0x0414, 0x0414, 0x03F4, 0x03F4, 0x03F4, 0x0414, 0x03D4, 0x03B4, 0x0394, 0x0333,
  0x0272, 0x0251, 0x0272, 0x0272, 0x0272, 0x0271, 0x0271, 0x0272, 0xAD55, 0xAD55, 0xAD55, 0xAD55,
  0xAD55, 0xAD55, 0xAD55, 0xAD55, 0xAD55, 0xAD55, 0xAD55, 0xAD55, 0xAD55, 0xAD55, 0xAD55, 0xAD55,
  0xAD55, 0xAD55, 0xAD55, 0xAD55, 0xAD55, 0xAD55, 0xAD55, 0xAD55, 0xAD55, 0xAD55, 0xAD55, 0xAD55,
  0xAD55, 0xAD55, 0xAD55, 0xAD55, 0xAD55, 0xAD55, 0xAD55, 0xAD55, 0xAD55, 0xAD55, 0xAD55, 0xAD55,
  0xAD55, 0xAD55, 0xAD55, 0xAD55, 0xAD55, 0xAD55, 0xAD55, 0xAD55, 0xAD55, 0xAD55, 0xAD55, 0xAD55,
  0xAD55, 0xAD55, 0xAD55, 0xAD55, 0xAD55, 0xAD55, 0xAD55, 0xAD55, 0xAD55, 0xAD55, 0xAD55, 0xAD55,
  0xAD55, 0xAD55, 0xAD55, 0xAD55, 0xAD55, 0xAD55, 0xAD55, 0xAD55, 0xAD55, 0xAD55, 0xAD55, 0xAD55,
  0xAD55, 0xAD35, 0xAD35, 0xAD35, 0xAD55, 0xAD55, 0x630C, 0x0000, 0x0000, 0x0000, 0x0000, 0x0000,
  0x0000, 0x0000, 0x0000, 0x0000, 0x0000, 0x0000, 0x426A, 0x02B3, 0x0475, 0x0430, 0x0000, 0x0800,
  0x0555, 0x03F0, 0x0000, 0x0000, 0x0000, 0x00A2, 0x8555, 0x7D55, 0xA555, 0x42CB, 0x0000, 0x0000,
  0x0000, 0x8513, 0x8D55, 0x6410, 0x8534, 0x7D55, 0x7D54, 0x7D54, 0x8555, 0x74F4, 0x330C, 0x74F4,
  0x7D55, 0x7D34, 0x8D34, 0xA555, 0xAD55, 0xA534, 0x022F, 0x0291, 0x7555, 0x8554, 0x7534, 0x8555,
  0x5534, 0x0290, 0x8AD3, 0xBB13, 0xB312, 0x82B1, 0x0251, 0x0231, 0x0251, 0x0271, 0x0272, 0x0252,
  0x0271, 0x0271, 0x0251, 0x0251, 0x0251, 0x0251, 0xF7BF, 0xFFFF, 0xFFFF, 0xFFFF, 0xAF5E, 0xB73F,
  0xFFFF, 0xFFFF, 0xFFFF, 0xFFFF, 0xFFFF, 0xFFFF, 0xFFFF, 0xFFFF, 0xFFFF, 0xFFFF, 0xFFFE, 0xCF5E,
  0xFFFF, 0xFFFF, 0xFFFE, 0xFFFE, 0xFFFE, 0xFFFE, 0xFFFF, 0xFFFF, 0xFFFF, 0xFFFF, 0xFFFE, 0xFFDE,
  0xFFFF, 0xFFFF, 0xFFFE, 0xFFFF, 0xFFFF, 0xFFFF, 0xFFFF, 0x52AB, 0x0023, 0x1084, 0x0000, 0x0002,
  0x0044, 0x0002, 0x0001, 0x0000, 0x0000, 0x0000, 0x0000, 0x0000, 0x0000, 0x0000, 0x0000, 0x0000,
  0x10A3, 0x426B, 0x424C, 0x2188, 0x2988, 0x0000, 0xC638, 0xF7BF, 0x0021, 0x0000, 0x2147, 0x0000,
  0x8C72, 0xB5F8, 0x0000, 0x0861, 0x31C9, 0x0000, 0x52AB, 0xFFFF, 0xFFFF, 0xE75D, 0x31C9, 0x2988,
  0x5B4F, 0x10A3, 0x0000, 0x0000, 0x0000, 0x0000, 0x0000, 0x0000, 0x0000, 0x0000, 0x0001, 0x0002,
  0x0003, 0x0065, 0x08C6, 0x1907, 0x224C, 0x3945, 0xFFFF, 0xFFFF, 0xFFFF, 0xFFFF, 0xFFFF, 0xFFFF,
  0xFFFF, 0xFFFF, 0xFFFF, 0xFFFF, 0xFFFF, 0xFFFF, 0xFFFF, 0xFFFF, 0xFFFF, 0xFFFF, 0xFFFF, 0xFFFF,
  0xFFFF, 0x94F5, 0x0087, 0x0087, 0x0087, 0x0087, 0x0087, 0x0087, 0x0087, 0x0087, 0x0087, 0x0087,
  0x0087, 0x0087, 0x0087, 0x0087, 0x0087, 0x0087, 0x0087, 0x0087, 0x0087, 0x0087, 0x0087, 0x0087,
  0x0129, 0x0494, 0x04B5, 0x04B5, 0x0454, 0x0454, 0x0495, 0x0434, 0x0415, 0x0415, 0x0415, 0x03F5,
  0x03F5, 0x03F5, 0x03F5, 0x03F4, 0x03B4, 0x0313, 0x0251, 0x0211, 0x0251, 0x0251, 0x0251, 0x0251,
  0x0252, 0x0252, 0x0251, 0x0252, 0xAD55, 0xAD55, 0xAD55, 0xAD55, 0xAD55, 0xAD55, 0xAD55, 0xAD55,
  0xAD55, 0xAD55, 0xAD55, 0xAD55, 0xAD55, 0xAD55, 0xAD55, 0xAD55, 0xAD55, 0xAD55, 0xAD55, 0xAD55,
  0xAD55, 0xAD55, 0xAD55, 0xAD55, 0xAD55, 0xAD55, 0xAD55, 0xAD55, 0xAD55, 0xAD55, 0xAD55, 0xAD55,
  0xAD55, 0xAD55, 0xAD55, 0xAD55, 0xAD55, 0xAD55, 0xAD55, 0xAD55, 0xAD55, 0xAD55, 0xAD55, 0xAD55,
  0xAD55, 0xAD55, 0xAD55, 0xAD55, 0xAD55, 0xAD55, 0xAD55, 0xAD55, 0xAD55, 0xAD55, 0xAD55, 0xAD55,
  0xAD55, 0xAD55, 0xAD55, 0xAD55, 0xAD55, 0xAD55, 0xAD55, 0xAD55, 0xAD55, 0xAD55, 0xAD55, 0xAD55,
  0xAD55, 0xAD55, 0xAD55, 0xAD55, 0xAD55, 0xAD55, 0xAD55, 0xAD55, 0xAD55, 0xAD35, 0xAD35, 0xAD35,
  0xAD35, 0xAD35, 0xAD55, 0x6B2D, 0x0000, 0x0000, 0x0000, 0x0000, 0x0000, 0x0000, 0x0000, 0x0000,
  0x0000, 0x0000, 0x0000, 0x012A, 0x0515, 0x04F4, 0x0000, 0x0000, 0x03F0, 0x03AF, 0x0000, 0x0000,
  0x0000, 0x0000, 0x74D2, 0x9D55, 0x8D55, 0x1104, 0x0000, 0x0000, 0x2945, 0xA555, 0x74F3, 0x6C50,
  0x8D55, 0x7D54, 0x7D54, 0x7D54, 0x8D55, 0x5410, 0x2AEB, 0x8D55, 0x7D34, 0x8D14, 0xA535, 0xAD35,
  0xAD55, 0x7C93, 0x014E, 0x0392, 0x9D55, 0x8534, 0x7D54, 0x8D55, 0x0BB1, 0x018E, 0x02B2, 0xBB13,
  0xBAF2, 0xB312, 0xBB13, 0x92D2, 0x0251, 0x0251, 0x0251, 0x0251, 0x0251, 0x0251, 0x0251, 0x0251,
  0x0251, 0x0251, 0xF7BF, 0xFFFF, 0xFFFF, 0x2E9D, 0x05FD, 0x05DE, 0x065D, 0xFFFE, 0x065E, 0x05DF,
  0x05FE, 0x063E, 0xEFDE, 0x063E, 0xCF9E, 0x973D, 0x05BE, 0x05FE, 0x05DE, 0xAF5E, 0x5EBE, 0x8F1E,
  0x05FE, 0x269E, 0xFFFF, 0x8EFE, 0x063E, 0xFFFF, 0x8EFD, 0x055D, 0xEFDF, 0xDFBF, 0x05FD, 0xF7DF,
  0xFFFF, 0xFFFF, 0xFFFF, 0x2965, 0x0000, 0x0000, 0x0000, 0x0000, 0x0000, 0x0000, 0x0000, 0x0000,
  0x0000, 0x0000, 0x0000, 0x0000, 0x0000, 0x0000, 0x0000, 0x4229, 0x2926, 0x4AAC, 0x5B2E, 0x31E9,
  0x3A2B, 0x0000, 0xA534, 0xFFFF, 0xAD55, 0x52ED, 0x424A, 0x0000, 0x94B3, 0xE73D, 0x0000, 0x0861,
  0x7BF1, 0x630C, 0xEF5D, 0xF7BE, 0xFFDF, 0xDF1C, 0x31E9, 0x3A0A, 0x5B0E, 0x0021, 0x0000, 0x0000,
  0x0000, 0x0000, 0x0000, 0x0000, 0x0000, 0x0000, 0x0000, 0x0000, 0x0000, 0x0000, 0x0001, 0x0001,
  0x0043, 0x50A3, 0xFFFF, 0xFFFF, 0xFFFF, 0xFFFF, 0xFFFF, 0xFFFF, 0xFFFF, 0xFFFF, 0xFFFF, 0xFFFF,
  0xFFFF, 0xFFFF, 0xFFFF, 0xFFFF, 0xFFFF, 0xFFFF, 0xFFFF, 0xFFFF, 0xFFFF, 0x4B30, 0x0087, 0x0087,
  0x0087, 0x0087, 0x0087, 0x0087, 0x0087, 0x0087, 0x0087, 0x0087, 0x0087, 0x0087, 0x0087, 0x0087,
  0x0087, 0x0087, 0x0087, 0x0087, 0x0087, 0x0087, 0x0087, 0x0087, 0x018A, 0x0495, 0x0495, 0x0434,
  0x03F5, 0x0394, 0x0333, 0x0313, 0x02F3, 0x02B2, 0x0292, 0x02B2, 0x0394, 0x03F5, 0x03F4, 0x03F4,
  0x03F5, 0x03F5, 0x0394, 0x0292, 0x0231, 0x0251, 0x0251, 0x0251, 0x0252, 0x0252, 0x0252, 0x0251,
  0xAD55, 0xAD55, 0xAD55, 0xAD55, 0xAD55, 0xAD55, 0xAD55, 0xAD55, 0xAD55, 0xAD55, 0xAD55, 0xAD55,
  0xAD55, 0xAD55, 0xAD55, 0xAD55, 0xAD55, 0xAD55, 0xAD55, 0xAD55, 0xAD55, 0xAD55, 0xAD55, 0xAD55,
  0xAD55, 0xAD55, 0xAD55, 0xAD55, 0xAD55, 0xAD55, 0xAD55, 0xAD55, 0xAD55, 0xAD55, 0xAD55, 0xAD55,
  0xAD55, 0xAD55, 0xAD55, 0xAD55, 0xAD55, 0xAD55, 0xAD55, 0xAD55, 0xAD55, 0xAD55, 0xAD55, 0xAD55,
  0xAD55, 0xAD55, 0xAD55, 0xAD55, 0xAD55, 0xAD55, 0xAD55, 0xAD55, 0xAD55, 0xAD55, 0xAD55, 0xAD55,
  0xAD55, 0xAD55, 0xAD55, 0xAD55, 0xAD55, 0xAD55, 0xAD55, 0xAD55, 0xAD55, 0xAD55, 0xAD55, 0xAD55,
  0xAD55, 0xAD55, 0xAD55, 0xAD55, 0xAD55, 0xAD55, 0xAD55, 0xAD55, 0xAD35, 0xAD35, 0xAD55, 0xAD55,
  0x4208, 0x0000, 0x0000, 0x0000, 0x0000, 0x0000, 0x0000, 0x0000, 0x0000, 0x0000, 0x0000, 0x0000,
  0x0452, 0x0555, 0x00E4, 0x0000, 0x0229, 0x02EC, 0x0000, 0x0000, 0x0000, 0x0000, 0x6C10, 0xAD55,
  0x74D3, 0x0000, 0x0000, 0x0000, 0x5B6D, 0xAD55, 0x6CD2, 0x7492, 0x8D55, 0x7D54, 0x7D54, 0x7D54,
  0x9D55, 0x436D, 0x332D, 0x9555, 0x84F4, 0xA535, 0xAD54, 0xAD35, 0xAD55, 0x5BF2, 0x010E, 0x4C13,
  0xAD55, 0x7534, 0x8D54, 0x6D14, 0x0250, 0x01F0, 0x0251, 0x72F2, 0xBB12, 0xA2F2, 0xBB13, 0x72B2,
  0x0231, 0x0251, 0x0251, 0x0251, 0x0251, 0x0251, 0x0251, 0x0251, 0x0251, 0x0251, 0xF7BF, 0xFFFF,
  0x5EDD, 0x053D, 0xFFFE, 0xFFFE, 0x059D, 0x8EFE, 0x067E, 0xAF5F, 0xFFFF, 0x061D, 0x067E, 0x067F,
  0x569E, 0x057E, 0x9F1E, 0xFFFF, 0x6EDE, 0x8F1D, 0x067E, 0x5EDF, 0x05FE, 0x055D, 0xFFFF, 0x86FF,
  0x05DE, 0xFFFF, 0x2EBE, 0x04FD, 0x971F, 0xEFDF, 0x05BE, 0xF7DF, 0xFFFF, 0xFFFF, 0xFFDF, 0x0840,
  0x0000, 0x0000, 0x0000, 0x0000, 0x0000, 0x0000, 0x0000, 0x0000, 0x0000, 0x0000, 0x0000, 0x0000,
  0x0000, 0x0000, 0x4A6A, 0xBDF9, 0x7BB1, 0x7C12, 0x636F, 0x3A0A, 0x426C, 0x0000, 0x6B2C, 0xFFFF,
  0xFFFF, 0xFFFF, 0x4A69, 0x0000, 0xBDB7, 0xEF3D, 0x0000, 0x0000, 0xDEDB, 0xFFFF, 0xFFFF, 0xE75D,
  0xFFFF, 0xD6FB, 0x3A2A, 0x4AAD, 0x424B, 0x0000, 0x2965, 0x52CC, 0x0883, 0x0000, 0x0000, 0x0000,
  0x0000, 0x0000, 0x0000, 0x0000, 0x0000, 0x0000, 0x0000, 0x0000, 0x0000, 0x7021, 0xFFFF, 0xFFFF,
  0xFFFF, 0xFFFF, 0xFFFF, 0xFFFF, 0xFFFF, 0xFFFF, 0xFFFF, 0xFFFF, 0xFFFF, 0xFFFF, 0xFFFF, 0xFFFF,
  0xFFFF, 0xFFFF, 0xFFFF, 0xFFFF, 0xFFDF, 0x0109, 0x0087, 0x0087, 0x0087, 0x0087, 0x0087, 0x0087,
  0x0087, 0x0087, 0x0087, 0x0087, 0x0087, 0x0087, 0x0087, 0x0087, 0x0087, 0x0087, 0x0087, 0x0087,
  0x0087, 0x0087, 0x0087, 0x0087, 0x01EC, 0x0415, 0x0394, 0x02F4, 0x02F4, 0x0292, 0x0211, 0x0252,
  0x0272, 0x0292, 0x0272, 0x0293, 0x0395, 0x0415, 0x03F4, 0x03F4, 0x03F4, 0x0415, 0x0455, 0x0395,
  0x0251, 0x0231, 0x0251, 0x0251, 0x0251, 0x0251, 0x0251, 0x0251, 0xAD55, 0xAD55, 0xAD55, 0xAD55,
  0xAD55, 0xAD55, 0xAD55, 0xAD55, 0xAD55, 0xAD55, 0xAD55, 0xAD55, 0xAD55, 0xAD55, 0xAD55, 0xAD55,
  0xAD55, 0xAD55, 0xAD55, 0xAD55, 0xAD55, 0xAD55, 0xAD55, 0xAD55, 0xAD55, 0xAD55, 0xAD55, 0xAD55,
  0xAD55, 0xAD55, 0xAD55, 0xAD55, 0xAD55, 0xAD55, 0xAD55, 0xAD55, 0xAD55, 0xAD55, 0xAD55, 0xAD55,
  0xAD55, 0xAD55, 0xAD55, 0xAD55, 0xAD55, 0xAD55, 0xAD55, 0xAD55, 0xAD55, 0xAD55, 0xAD55, 0xAD55,
  0xAD55, 0xAD55, 0xAD55, 0xAD55, 0xAD55, 0xAD55, 0xAD55, 0xAD55, 0xAD55, 0xAD55, 0xAD55, 0xAD55,
  0xAD55, 0xAD55, 0xAD55, 0xAD55, 0xAD55, 0xAD55, 0xAD55, 0xAD55, 0xAD55, 0xAD55, 0xAD55, 0xAD55,
  0xAD55, 0xAD55, 0xAD55, 0xAD55, 0xAD35, 0xAD35, 0xAD35, 0xAD55, 0xAD55, 0x52AB, 0x0000, 0x0000,
  0x0000, 0x0000, 0x0000, 0x0000, 0x0000, 0x0000, 0x0000, 0x0000, 0x0167, 0x0555, 0x0187, 0x0000,
  0x0021, 0x0082, 0x0000, 0x0000, 0x0000, 0x0000, 0x4B0C, 0xAD55, 0x63CF, 0x0000, 0x0000, 0x0021,
  0x9534, 0x9555, 0x6CB2, 0x7492, 0x9555, 0x8534, 0x7D54, 0x7D54, 0x9D55, 0x32EB, 0x436E, 0xA555,
  0xA534, 0xAD55, 0xA535, 0xAD35, 0xAD55, 0x2B51, 0x016F, 0x7CB4, 0xAD55, 0x7D34, 0x9555, 0x2BF2,
  0x01AF, 0x0252, 0x0231, 0x0251, 0x0271, 0x0271, 0x0251, 0x0251, 0x0251, 0x0251, 0x0251, 0x0251,
  0x0251, 0x0251, 0x0251, 0x0251, 0x0251, 0x0251, 0xF7BF, 0xFFFF, 0x05DE, 0x069E, 0xFFFF, 0xFFFF,
  0x7F1E, 0x061E, 0x069E, 0xD7BE, 0xFFFF, 0x067E, 0x065E, 0x66DF, 0x05BE, 0x065E, 0xFFFF, 0xFFFF,
  0xFFFE, 0xFFFF, 0x065E, 0x3EDE, 0x96FE, 0x05DD, 0x9F3E, 0xCF7F, 0x063E, 0xE7BE, 0x065E, 0x76FE,
  0x2EBE, 0xE7BF, 0x05FE, 0xF7DF, 0xFFFF, 0xFFFF, 0xD6BA, 0x0000, 0x0000, 0x0000, 0x0000, 0x0000,
  0x0000, 0x0000, 0x0000, 0x0000, 0x0000, 0x0000, 0x0000, 0x0000, 0x0000, 0x4A6B, 0x8454, 0x73F2,
  0x6390, 0x7BF2, 0x6B90, 0x426B, 0x52EE, 0x0000, 0x1081, 0xFFFF, 0xFFFF, 0xEF7E, 0x0020, 0x0000,
  0xEF7E, 0xEF7E, 0x0000, 0x0000, 0xDEDB, 0xFFFF, 0xEF7D, 0xFFDF, 0xFFFF, 0xDEDB, 0x422B, 0x4A8C,
  0x4A6B, 0x3A09, 0x94F5, 0xB5F9, 0x6370, 0x3A4A, 0x0000, 0x0000, 0x0000, 0x0000, 0x0000, 0x0000,
  0x0000, 0x0000, 0x0000, 0x0000, 0x0000, 0x8022, 0xFFFF, 0xFFFF, 0xFFFF, 0xFFFF, 0xFFFF, 0xFFFF,
  0xFFFF, 0xFFFF, 0xFFFF, 0xFFFF, 0xFFFF, 0xFFFF, 0xFFFF, 0xFFFF, 0xFFFF, 0xFFFF, 0xFFFF, 0xFFFF,
  0xADD8, 0x0087, 0x0087, 0x0087, 0x0087, 0x0087, 0x0087, 0x0087, 0x0087, 0x0087, 0x0087, 0x0087,
  0x0087, 0x0087, 0x0087, 0x0087, 0x0087, 0x0087, 0x0087, 0x0087, 0x0087, 0x0087, 0x0087, 0x0087,
  0x01EE, 0x02F3, 0x02D4, 0x02D4, 0x02F4, 0x02F4, 0x0354, 0x03B5, 0x03D5, 0x03F5, 0x03F4, 0x03F5,
  0x0415, 0x03F5, 0x03D5, 0x03F5, 0x03D5, 0x0394, 0x0354, 0x02F3, 0x0251, 0x0231, 0x0251, 0x0251,
  0x0251, 0x0251, 0x0251, 0x0231, 0xAD55, 0xAD55, 0xAD55, 0xAD55, 0xAD55, 0xAD55, 0xAD55, 0xAD55,
  0xAD55, 0xAD55, 0xAD55, 0xAD55, 0xAD55, 0xAD55, 0xAD55, 0xAD55, 0xAD55, 0xAD55, 0xAD55, 0xAD55,
  0xAD55, 0xAD55, 0xAD55, 0xAD55, 0xAD55, 0xAD55, 0xAD55, 0xAD55, 0xAD55, 0xAD55, 0xAD55, 0xAD55,
  0xAD55, 0xAD55, 0xAD55, 0xAD55, 0xAD55, 0xAD55, 0xAD55, 0xAD55, 0xAD55, 0xAD55, 0xAD55, 0xAD55,
  0xAD55, 0xAD55, 0xAD55, 0xAD55, 0xAD55, 0xAD55, 0xAD55, 0xAD55, 0xAD55, 0xAD55, 0xAD55, 0xAD55,
  0xAD55, 0xAD55, 0xAD55, 0xAD55, 0xAD55, 0xAD55, 0xAD55, 0xAD55, 0xAD55, 0xAD55, 0xAD55, 0xAD55,
  0xAD55, 0xAD55, 0xAD55, 0xAD55, 0xAD55, 0xAD55, 0xAD55, 0xAD55, 0xAD55, 0xAD55, 0xAD55, 0xAD55,
  0xAD35, 0xAD35, 0xAD35, 0xAD35, 0xAD55, 0xAD55, 0x39A7, 0x0000, 0x0000, 0x0000, 0x0000, 0x0000,
  0x0000, 0x0000, 0x0000, 0x0000, 0x0000, 0x0492, 0x02AB, 0x0000, 0x0000, 0x0000, 0x0000, 0x0000,
  0x0000, 0x0000, 0x3249, 0xAD55, 0x42AA, 0x0000, 0x0000, 0x426A, 0xAD55, 0x8D55, 0x5C30, 0x7CB2,
  0x9555, 0x8D54, 0x8554, 0x8554, 0x8D55, 0x3B0C, 0x7431, 0xAD55, 0xAD55, 0xAD35, 0xAD34, 0xAD55,
  0xAD55, 0x024F, 0x0250, 0xA555, 0xA555, 0x8554, 0x8555, 0x02F0, 0x01B0, 0x0232, 0x0251, 0x0231,
  0x0231, 0x0231, 0x0231, 0x0251, 0x0251, 0x0251, 0x0251, 0x0251, 0x0251, 0x0251, 0x0251, 0x0251,
  0x0251, 0x0251, 0xF7BF, 0xFFFF, 0x05DE, 0x7EFF, 0xFFFF, 0xFFFF, 0xA75F, 0x063E, 0x065E, 0x061D,
  0x061E, 0x05FE, 0xDF9E, 0x067F, 0x059E, 0x66DE, 0xFFFF, 0x76BD, 0x059D, 0x66FE, 0x069E, 0x3EDF,
  0x86FE, 0x8F3E, 0x063D, 0x86FE, 0x0E9E, 0x4EBE, 0x061E, 0xFFFE, 0x065E, 0x8F1E, 0x061E, 0xF7DF,
  0xFFFF, 0xFFFF, 0xB596, 0x0000, 0x0000, 0x0000, 0x0000, 0x0000, 0x0000, 0x0000, 0x0000, 0x0000,
  0x0000, 0x0000, 0x0000, 0x1083, 0x528B, 0x8C95, 0x7C53, 0x7412, 0x7412, 0x6350, 0x6B90, 0x4A8C,
  0x5B2F, 0x2987, 0x0000, 0xCE79, 0xFFFF, 0xCE7A, 0x0000, 0x0861, 0xDF1D, 0xC65A, 0x0841, 0x0000,
  0xC65A, 0xFFFF, 0xE73D, 0xEF7D, 0xFFFF, 0xCE59, 0x31E9, 0x428C, 0x530E, 0x530E, 0x5B2F, 0x73F2,
  0x73D1, 0x73F2, 0x3A09, 0x0861, 0x0020, 0x0000, 0x0000, 0x0000, 0x0000, 0x0000, 0x0000, 0x0000,
  0x0000, 0x8822, 0xFFFF, 0xFFFF, 0xFFFF, 0xFFFF, 0xFFFF, 0xFFFF, 0xFFFF, 0xFFFF, 0xFFFF, 0xFFFF,
  0xFFFF, 0xFFFF, 0xFFFF, 0xFFFF, 0xFFFF, 0xFFFF, 0xFFFF, 0xFFFF, 0x3AAE, 0x0087, 0x0087, 0x0087,
  0x0087, 0x0087, 0x0087, 0x0087, 0x0087, 0x0087, 0x0087, 0x0087, 0x0087, 0x0087, 0x0087, 0x0087,
  0x0087, 0x0087, 0x0087, 0x0087, 0x0087, 0x0087, 0x0087, 0x0087, 0x01CF, 0x0294, 0x02F5, 0x02F5,
  0x02F4, 0x0314, 0x0333, 0x0333, 0x0333, 0x0354, 0x0374, 0x03B5, 0x0374, 0x02D2, 0x02B2, 0x02D3,
  0x02D3, 0x0272, 0x0231, 0x0210, 0x0231, 0x0251, 0x0231, 0x0231, 0x0231, 0x0231, 0x0231, 0x0231,
  0xAD55, 0xAD55, 0xAD55, 0xAD55, 0xAD55, 0xAD55, 0xAD55, 0xAD55, 0xAD55, 0xAD55, 0xAD55, 0xAD55,
  0xAD55, 0xAD55, 0xAD55, 0xAD55, 0xAD55, 0xAD55, 0xAD55, 0xAD55, 0xAD55, 0xAD55, 0xAD55, 0xAD55,
  0xAD55, 0xAD55, 0xAD55, 0xAD55, 0xAD55, 0xAD55, 0xAD55, 0xAD55, 0xAD55, 0xAD55, 0xAD55, 0xAD55,
  0xAD55, 0xAD55, 0xAD55, 0xAD55, 0xAD55, 0xAD55, 0xAD55, 0xAD55, 0xAD55, 0xAD55, 0xAD55, 0xAD55,
  0xAD55, 0xAD55, 0xAD55, 0xAD55, 0xAD55, 0xAD55, 0xAD55, 0xAD55, 0xAD55, 0xAD55, 0xAD55, 0xAD55,
  0xAD55, 0xAD55, 0xAD55, 0xAD55, 0xAD55, 0xAD55, 0xAD55, 0xAD55, 0xAD55, 0xAD55, 0xAD55, 0xAD55,
  0xAD55, 0xAD55, 0xAD55, 0xAD55, 0xAD55, 0xAD55, 0xAD55, 0xAD55, 0xAD55, 0xAD35, 0xAD35, 0xAD35,
  0xAD35, 0xAD55, 0xAD55, 0x4228, 0x0000, 0x0000, 0x0000, 0x0000, 0x0000, 0x0000, 0x0000, 0x0000,
  0x0000, 0x0105, 0x01C7, 0x0000, 0x0000, 0x0000, 0x0000, 0x0000, 0x0000, 0x0000, 0x3A69, 0xAD55,
  0x1104, 0x0000, 0x0000, 0x84D2, 0xAD55, 0x6450, 0x6430, 0x9555, 0x8D54, 0x8D54, 0x8D54, 0x8D55,
  0x84D3, 0x94F3, 0xAD55, 0xAD35, 0xA535, 0xAD35, 0xAD34, 0xAD55, 0x7C93, 0x014D, 0x1372, 0xAD55,
  0xA534, 0xA555, 0x5CD3, 0x020F, 0x0211, 0x0231, 0x0231, 0x0231, 0x0231, 0x0231, 0x0231, 0x0231,
  0x0231, 0x0231, 0x0231, 0x0231, 0x0231, 0x0231, 0x0231, 0x0231, 0x0231, 0x0231, 0xF7BF, 0xFFFF,
  0x05BE, 0x1E9E, 0xFFFF, 0xFFFF, 0x8F1E, 0x061D, 0x067E, 0xA73E, 0x061E, 0x063E, 0xFFFF, 0x065F,
  0x05BE, 0x067E, 0xFFFF, 0xDF9E, 0x8EFE, 0x067F, 0x067F, 0x56DF, 0x46BF, 0xFFFF, 0x061E, 0x057E,
  0x86DE, 0x067E, 0x055E, 0x05DD, 0x057D, 0x069E, 0x065E, 0xFFFF, 0xFFFF, 0xFFFF, 0xAD55, 0x0000,
  0x0000, 0x0000, 0x0000, 0x0000, 0x0000, 0x0000, 0x0000, 0x0000, 0x0000, 0x0000, 0x0000, 0x39E8,
  0xBE1A, 0x7C33, 0x8454, 0x73D2, 0x4ACE, 0x530E, 0x73D1, 0x52ED, 0x428C, 0x6B6F, 0x0000, 0x9491,
  0xFFFF, 0xAD75, 0x0000, 0x4228, 0xF7BF, 0xC639, 0x31C8, 0x0003, 0xBDF8, 0xFFFF, 0xF7BE, 0xF79E,
  0xFFFF, 0xAD55, 0x2147, 0x4ACD, 0x4A8C, 0x3A2B, 0x5B0E, 0x634F, 0x6B70, 0x632F, 0x6B90, 0x73D0,
  0x0882, 0x0000, 0x0000, 0x0000, 0x0000, 0x0000, 0x0000, 0x0000, 0x0000, 0x9022, 0xFFFF, 0xFFFF,
  0xFFFF, 0xFFFF, 0xFFFF, 0xFFFF, 0xFFFF, 0xFFFF, 0xFFFF, 0xFFFF, 0xFFFF, 0xFFFF, 0xFFFF, 0xFFFF,
  0xFFFF, 0xFFFF, 0xFFFF, 0xCE7A, 0x0087, 0x0087, 0x0087, 0x0087, 0x0087, 0x0087, 0x0087, 0x0087,
  0x0087, 0x0087, 0x0087, 0x0087, 0x0087, 0x0087, 0x0087, 0x0087, 0x0087, 0x0087, 0x0087, 0x0087,
  0x0087, 0x0087, 0x0087, 0x0087, 0x0272, 0x02F4, 0x02F5, 0x02D5, 0x02F5, 0x02B3, 0x0211, 0x0210,
  0x0211, 0x0231, 0x0231, 0x0272, 0x0231, 0x0210, 0x0211, 0x0211, 0x0211, 0x0231, 0x0231, 0x0231,
  0x0231, 0x0231, 0x0231, 0x0231, 0x0231, 0x0231, 0x0231, 0x0231, 0xAD55, 0xAD55, 0xAD55, 0xAD55,
  0xAD55, 0xAD55, 0xAD55, 0xAD55, 0xAD55, 0xAD55, 0xAD55, 0xAD55, 0xAD55, 0xAD55, 0xAD55, 0xAD55,
  0xAD55, 0xAD55, 0xAD55, 0xAD55, 0xAD55, 0xAD55, 0xAD55, 0xAD55, 0xAD55, 0xAD55, 0xAD55, 0xAD55,
  0xAD55, 0xAD55, 0xAD55, 0xAD55, 0xAD55, 0xAD55, 0xAD55, 0xAD55, 0xAD55, 0xAD55, 0xAD55, 0xAD55,
  0xAD55, 0xAD55, 0xAD55, 0xAD55, 0xAD55, 0xAD55, 0xAD55, 0xAD55, 0xAD55, 0xAD55, 0xAD55, 0xAD55,
  0xAD55, 0xAD55, 0xAD55, 0xAD55, 0xAD55, 0xAD55, 0xAD55, 0xAD55, 0xAD55, 0xAD55, 0xAD55, 0xAD55,
  0xAD55, 0xAD55, 0xAD55, 0xAD55, 0xAD55, 0xAD55, 0xAD55, 0xAD55, 0xAD55, 0xAD55, 0xAD55, 0xAD55,
  0xAD55, 0xAD55, 0xAD55, 0xAD55, 0xAD55, 0xAD55, 0xAD55, 0xAD55, 0xAD35, 0xAD35, 0xAD55, 0xAD55,
  0x2945, 0x0000, 0x0000, 0x0000, 0x0000, 0x0000, 0x0000, 0x0000, 0x0000, 0x0000, 0x0000, 0x0000,
  0x0000, 0x0000, 0x0000, 0x0000, 0x0000, 0x0000, 0x4ACB, 0x9555, 0x0000, 0x0000, 0x10A3, 0xAD55,
  0x7D13, 0x53EF, 0x9555, 0x9555, 0x8D54, 0x9554, 0x9555, 0x8CD3, 0x94D3, 0xAD55, 0xAD55, 0xA535,
  0xA535, 0xAD35, 0xAD54, 0xAD55, 0x53D1, 0x010D, 0x5C74, 0xAD55, 0xAD34, 0xAD55, 0x33F2, 0x01AF,
  0x0231, 0x0231, 0x0231, 0x0231, 0x0231, 0x0231, 0x0231, 0x0231, 0x0231, 0x0231, 0x0231, 0x0231,
  0x0231, 0x0231, 0x0231, 0x0231, 0x0231, 0x0231, 0xF7BF, 0xFFFF, 0x4EBD, 0x055D, 0xFFFF, 0xFFFF,
  0x05BD, 0x6EFE, 0x067E, 0xE7DF, 0xFFFF, 0x05DE, 0xB75E, 0x063F, 0x3E9E, 0x057D, 0xA73E, 0xFFFF,
  0x9F3E, 0x063E, 0x065E, 0x2EBF, 0x167F, 0xFFFF, 0xBF7E, 0x051E, 0x05DE, 0x063E, 0xA71E, 0xAF5E,
  0x065E, 0x055E, 0x05FE, 0xF7BE, 0xF7DF, 0xFFFF, 0xA514, 0x0000, 0x0000, 0x0000, 0x0000, 0x0000,
  0x0000, 0x0000, 0x0000, 0x0000, 0x0000, 0x0000, 0x0000, 0x18C3, 0x632E, 0x8433, 0xA556, 0x8432,
  0x94B4, 0x8C93, 0x6B90, 0x5B0E, 0x3A0A, 0x7C11, 0x0000, 0x5ACB, 0xFFFF, 0x8430, 0x0000, 0x73B0,
  0xFFFF, 0xE75D, 0x52ED, 0x0001, 0xB5B7, 0xFFFF, 0xFFFF, 0xFFFF, 0xFFFF, 0x7BEF, 0x1906, 0x52ED,
  0x4AAC, 0x2147, 0x4A8C, 0x4A8D, 0x4A8D, 0x6390, 0x8454, 0x8454, 0x0000, 0x0000, 0x0821, 0x0021,
  0x0000, 0x0000, 0x0000, 0x0000, 0x0000, 0xA022, 0xFFFF, 0xFFFF, 0xFFFF, 0xFFFF, 0xFFFF, 0xFFFF,
  0xFFFF, 0xFFFF, 0xFFFF, 0xFFFF, 0xFFFF, 0xFFFF, 0xFFFF, 0xFFFF, 0xFFFF, 0xFFFF, 0xFFFF, 0x2A4D,
  0x0087, 0x0087, 0x0087, 0x0087, 0x0087, 0x0087, 0x0087, 0x0087, 0x0087, 0x0087, 0x0087, 0x0087,
  0x0087, 0x0087, 0x0087, 0x0087, 0x0087, 0x0087, 0x0087, 0x0087, 0x0087, 0x0087, 0x0087, 0x00A8,
  0x02F5, 0x02F5, 0x02F5, 0x02F5, 0x02D4, 0x0252, 0x0211, 0x0231, 0x0231, 0x0231, 0x0231, 0x0211,
  0x0211, 0x0231, 0x0231, 0x0231, 0x0231, 0x0231, 0x0231, 0x0231, 0x0231, 0x0231, 0x0231, 0x0231,
  0x0231, 0x0231, 0x0231, 0x0231, 0xAD55, 0xAD55, 0xAD55, 0xAD55, 0xAD55, 0xAD55, 0xAD55, 0xAD55,
  0xAD55, 0xAD55, 0xAD55, 0xAD55, 0xAD55, 0xAD55, 0xAD55, 0xAD55, 0xAD55, 0xAD55, 0xAD55, 0xAD55,
  0xAD55, 0xAD55, 0xAD55, 0xAD55, 0xAD55, 0xAD55, 0xAD55, 0xAD55, 0xAD55, 0xAD55, 0xAD55, 0xAD55,
  0xAD55, 0xAD55, 0xAD55, 0xAD55, 0xAD55, 0xAD55, 0xAD55, 0xAD55, 0xAD55, 0xAD55, 0xAD55, 0xAD55,
  0xAD55, 0xAD55, 0xAD55, 0xAD55, 0xAD55, 0xAD55, 0xAD55, 0xAD55, 0xAD55, 0xAD55, 0xAD55, 0xAD55,
  0xAD55, 0xAD55, 0xAD55, 0xAD55, 0xAD55, 0xAD55, 0xAD55, 0xAD55, 0xAD55, 0xAD55, 0xAD55, 0xAD55,
  0xAD55, 0xAD55, 0xAD55, 0xAD55, 0xAD55, 0xAD55, 0xAD55, 0xAD55, 0xAD55, 0xAD55, 0xAD55, 0xAD55,
  0xAD55, 0xAD55, 0xAD55, 0xAD55, 0xAD35, 0xAD35, 0xAD35, 0xAD55, 0xA534, 0x3186, 0x0000, 0x0000,
  0x0000, 0x0000, 0x0000, 0x0000, 0x0000, 0x0000, 0x0000, 0x0000, 0x0000, 0x0000, 0x0000, 0x0000,
  0x0000, 0x0000, 0x532C, 0x5BCF, 0x0000, 0x0000, 0x4AEB, 0xA555, 0x4BEE, 0x7D13, 0x8D55, 0x8D54,
  0x9555, 0x9534, 0x8CB3, 0x9CF4, 0xAD55, 0xAD55, 0xAD35, 0xAD35, 0xAD55, 0xAD35, 0xAD55, 0xAD55,
  0x9330, 0x2210, 0x7D15, 0xAD54, 0xAD54, 0xA555, 0x02F0, 0x018F, 0x0231, 0x0231, 0x0231, 0x0231,
  0x0231, 0x0231, 0x0231, 0x0231, 0x0231, 0x0231, 0x0231, 0x0231, 0x0231, 0x0231, 0x0231, 0x0231,
  0x0231, 0x0231, 0xF7BF, 0xFFFF, 0xFFFF, 0x1E9E, 0x065E, 0x065E, 0x061E, 0xFFFE, 0x5EDE, 0xE7DE,
  0xFFFF, 0x16BE, 0x063D, 0x2E9E, 0xD79E, 0x6EFE, 0x05DE, 0x269E, 0x061E, 0xB73E, 0x56DE, 0x6EFE,
  0x86FE, 0xFFFF, 0xFFFF, 0x4EFD, 0x053D, 0x5E9D, 0xFFFF, 0xFFFF, 0xFFFF, 0x061E, 0x05FE, 0x3E7E,
  0x063E, 0xA7DF, 0x9C90, 0x0000, 0x0000, 0x0000, 0x0000, 0x0000, 0x0000, 0x0000, 0x0000, 0x0000,
  0x0000, 0x0000, 0x0000, 0x0000, 0x0000, 0x39A7, 0xDEFC, 0xEF7D, 0xEF5D, 0xDEFC, 0x94D5, 0x4A8C,
  0x31E9, 0x8432, 0x1082, 0x2124, 0xFFFF, 0x7C11, 0x0000, 0x8C93, 0xFFFF, 0xFFDF, 0x638F, 0x0000,
  0x8431, 0xFFFF, 0xFFDF, 0xFFFF, 0xFFFF, 0x4A69, 0x1926, 0x426C, 0x6B4F, 0xAD97, 0x7BF1, 0x8CB4,
  0x73F1, 0x6BD1, 0x4A8C, 0x420A, 0x0000, 0x0000, 0x0000, 0x0842, 0x0022, 0x0000, 0x0000, 0x0000,
  0x0000, 0xC022, 0xFFFF, 0xFFFF, 0xFFFF, 0xFFFF, 0xFFFF, 0xFFFF, 0xFFFF, 0xFFFF, 0xFFFF, 0xFFFF,
  0xFFFF, 0xFFFF, 0xFFFF, 0xFFFF, 0xFFFF, 0xFFFF, 0x9516, 0x0087, 0x0087, 0x0087, 0x0087, 0x0087,
  0x0087, 0x0087, 0x0087, 0x0087, 0x0087, 0x0087, 0x0087, 0x0087, 0x0087, 0x0087, 0x0087, 0x0087,
  0x0087, 0x0087, 0x0087, 0x0087, 0x0087, 0x0087, 0x0087, 0x014B, 0x02F5, 0x02F4, 0x02B4, 0x0273,
  0x0251, 0x0231, 0x0231, 0x0231, 0x0231, 0x0231, 0x0231, 0x0231, 0x0231, 0x0231, 0x0231, 0x0231,
  0x0231, 0x0231, 0x0231, 0x0231, 0x0231, 0x0231, 0x0231, 0x0231, 0x0231, 0x0231, 0x0231, 0x0231,
  0xAD55, 0xAD55, 0xAD55, 0xAD55, 0xAD55, 0xAD55, 0xAD55, 0xAD55, 0xAD55, 0xAD55, 0xAD55, 0xAD55,
  0xAD55, 0xAD55, 0xAD55, 0xAD55, 0xAD55, 0xAD55, 0xAD55, 0xAD55, 0xAD55, 0xAD55, 0xAD55, 0xAD55,
  0xAD55, 0xAD55, 0xAD55, 0xAD55, 0xAD55, 0xAD55, 0xAD55, 0xAD55, 0xAD55, 0xAD55, 0xAD55, 0xAD55,
  0xAD55, 0xAD55, 0xAD55, 0xAD55, 0xAD55, 0xAD55, 0xAD55, 0xAD55, 0xAD55, 0xAD55, 0xAD55, 0xAD55,
  0xAD55, 0xAD55, 0xAD55, 0xAD55, 0xAD55, 0xAD55, 0xAD55, 0xAD55, 0xAD55, 0xAD55, 0xAD55, 0xAD55,
  0xAD55, 0xAD55, 0xAD55, 0xAD55, 0xAD55, 0xAD55, 0xAD55, 0xAD55, 0xAD55, 0xAD55, 0xAD55, 0xAD55,
  0xAD55, 0xAD55, 0xAD55, 0xAD55, 0xAD55, 0xAD55, 0xAD55, 0xAD55, 0xAD55, 0xAD55, 0xAD55, 0xAD55,
  0xAD35, 0xAD35, 0xAD35, 0xAD35, 0xAD55, 0xAD55, 0x2124, 0x0000, 0x0000, 0x0000, 0x0000, 0x0000,
  0x0000, 0x0000, 0x0000, 0x0000, 0x0000, 0x0000, 0x0000, 0x0000, 0x0000, 0x0000, 0x4AEB, 0x3208,
  0x0000, 0x0000, 0x7CB2, 0x6491, 0x6471, 0x8D55, 0x7D34, 0x8D55, 0x8D34, 0x8492, 0x9CF4, 0xAD55,
  0xAD35, 0xAD35, 0xAD35, 0xAD35, 0xAD55, 0xAD35, 0xAD55, 0xA514, 0xAA70, 0x9B53, 0xA555, 0xAD34,
  0xAD55, 0x9514, 0x022F, 0x01F0, 0x0231, 0x0231, 0x0231, 0x0231, 0x0231, 0x0231, 0x0231, 0x0231,
  0x0231, 0x0231, 0x0231, 0x0231, 0x0231, 0x0231, 0x0231, 0x0231, 0x0231, 0x0231, 0xF7BF, 0xFFFF,
  0xFFFF, 0xA75E, 0x04FD, 0x05FE, 0xFFFE, 0xFFFF, 0x2E9E, 0x059E, 0x6EDE, 0xFFFE, 0x8EFD, 0x8EFE,
  0xFFFE, 0xFFFF, 0x7EDE, 0x063D, 0x1E9D, 0xF7FF, 0xF7DF, 0xB75E, 0x96FD, 0x971E, 0x065E, 0x067E,
  0xCF7E, 0xFFBE, 0x065E, 0x36BE, 0x56DE, 0x065E, 0x76DE, 0x065E, 0x05DF, 0x073F, 0x530C, 0x0000,
  0x0000, 0x7BCF, 0x2124, 0x0000, 0x0000, 0xA534, 0xDEDB, 0x6B6E, 0x52AA, 0x4228, 0x0000, 0x2965,
  0x9492, 0x0000, 0x18E4, 0x8C32, 0x9493, 0x6B8E, 0x39E9, 0x5B0E, 0x3A0A, 0x8C73, 0x4228, 0x0000,
  0xFFFF, 0x7C32, 0x0002, 0xAD97, 0xFFFF, 0xFFFF, 0x6B90, 0x0000, 0x5289, 0xFFFF, 0xFFFF, 0xFFFF,
  0xFFDF, 0x18C3, 0x29A8, 0x52EE, 0x18C5, 0xA556, 0xF7BF, 0xDEDC, 0xF7BF, 0xC619, 0x2105, 0x0882,
  0x3187, 0x1083, 0x0000, 0x0000, 0x0001, 0x0000, 0x0000, 0x0000, 0x0000, 0xE023, 0xFFFF, 0xFFFF,
  0xFFFF, 0xFFFF, 0xFFFF, 0xFFFF, 0xFFFF, 0xFFFF, 0xFFFF, 0xFFFF, 0xFFFF, 0xFFFF, 0xFFFF, 0xFFFF,
  0xFFFF, 0xCEBB, 0x00C8, 0x0087, 0x0087, 0x0087, 0x0087, 0x0087, 0x0087, 0x0087, 0x0087, 0x0087,
  0x0087, 0x0087, 0x0087, 0x0087, 0x0087, 0x0087, 0x0087, 0x0087, 0x0087, 0x0087, 0x0087, 0x0087,
  0x0087, 0x0087, 0x0087, 0x01EF, 0x02D4, 0x0293, 0x0231, 0x0211, 0x0231, 0x0231, 0x0231, 0x0231,
  0x0231, 0x0231, 0x0231, 0x0231, 0x0231, 0x0231, 0x0231, 0x0231, 0x0231, 0x0231, 0x0231, 0x0231,
  0x0231, 0x0231, 0x0231, 0x0231, 0x0231, 0x0231, 0x0231, 0x0231, 0xAD55, 0xAD55, 0xAD55, 0xAD55,
  0xAD55, 0xAD55, 0xAD55, 0xAD55, 0xAD55, 0xAD55, 0xAD55, 0xAD55, 0xAD55, 0xAD55, 0xAD55, 0xAD55,
  0xAD55, 0xAD55, 0xAD55, 0xAD55, 0xAD55, 0xAD55, 0xAD55, 0xAD55, 0xAD55, 0xAD55, 0xAD55, 0xAD55,
  0xAD55, 0xAD55, 0xAD55, 0xAD55, 0xAD55, 0xAD55, 0xAD55, 0xAD55, 0xAD55, 0xAD55, 0xAD55, 0xAD55,
  0xAD55, 0xAD55, 0xAD55, 0xAD55, 0xAD55, 0xAD55, 0xAD55, 0xAD55, 0xAD55, 0xAD55, 0xAD55, 0xAD55,
  0xAD55, 0xAD55, 0xAD55, 0xAD55, 0xAD55, 0xAD55, 0xAD55, 0xAD55, 0xAD55, 0xAD55, 0xAD55, 0xAD55,
  0xAD55, 0xAD55, 0xAD55, 0xAD55, 0xAD55, 0xAD55, 0xAD55, 0xAD55, 0xAD55, 0xAD55, 0xAD55, 0xAD55,
  0xAD55, 0xAD55, 0xAD55, 0xAD55, 0xAD55, 0xAD55, 0xAD55, 0xAD55, 0xAD55, 0xAD55, 0xAD55, 0xAD55,
  0xAD35, 0xAD55, 0xAD35, 0x31A6, 0x0000, 0x0000, 0x0000, 0x0000, 0x0000, 0x0000, 0x0000, 0x0000,
  0x0000, 0x0000, 0x0000, 0x0000, 0x0000, 0x0000, 0x31E7, 0x18E3, 0x0000, 0x31E7, 0x8513, 0x6471,
  0x8D55, 0x7D54, 0x8555, 0x7CF4, 0x7472, 0x9CF4, 0xAD55, 0xAD35, 0xAD55, 0xAD55, 0xAD55, 0xAD35,
  0xAD35, 0xAD34, 0xAD55, 0xA453, 0x91CF, 0xABD3, 0xAD55, 0xAD34, 0xAD55, 0x6C52, 0x01AF, 0x0211,
  0x0231, 0x0231, 0x0231, 0x0231, 0x0231, 0x0231, 0x0231, 0x0231, 0x0231, 0x0231, 0x0231, 0x0231,
  0x0231, 0x0231, 0x0231, 0x0231, 0x0231, 0x0231, 0xF7BF, 0xFFFF, 0x76FE, 0x05BE, 0x5EBE, 0x05DD,
  0x8EFE, 0x76FE, 0x059D, 0x065E, 0x057E, 0x973E, 0x8F1E, 0x063E, 0xFFFF, 0xFFFF, 0x065F, 0x067E,
  0x053E, 0x069E, 0xFFFF, 0x5EBE, 0x05DE, 0x05DE, 0x05DE, 0x063F, 0x05FD, 0x66DE, 0x063E, 0x057E,
  0x057E, 0x069E, 0x063E, 0x059E, 0x067E, 0x077F, 0x3BF2, 0x0000, 0x4A69, 0xFFFF, 0x8410, 0x0000,
  0xB5B6, 0xE73C, 0xAD54, 0xCE59, 0xFFFF, 0x6B4D, 0x0000, 0xFFFF, 0xAD55, 0x0000, 0x0000, 0x0000,
  0x0000, 0x0000, 0x0000, 0x6B90, 0x3A2B, 0x8453, 0x8C51, 0x0000, 0xD6BB, 0x6B8F, 0x0001, 0xB5B7,
  0xFFFF, 0xFFFF, 0x632E, 0x0000, 0x2944, 0xFFFF, 0xFFFF, 0xFFFF, 0xD69A, 0x0000, 0x3A2A, 0x6370,
  0x0863, 0x0000, 0x62EC, 0x9CD3, 0x8431, 0x18C4, 0x0000, 0x0001, 0x0822, 0x0021, 0x0000, 0x0000,
  0x0000, 0x0000, 0x0000, 0x0000, 0x0000, 0xF823, 0xFFFF, 0xFFFF, 0xFFFF, 0xFFFF, 0xFFFF, 0xFFFF,
  0xFFFF, 0xFFFF, 0xFFFF, 0xFFFF, 0xFFFF, 0xFFFF, 0xFFFF, 0xFFFF, 0xE73D, 0x016A, 0x0087, 0x0087,
  0x0087, 0x0087, 0x0087, 0x0087, 0x0087, 0x0087, 0x0087, 0x0087, 0x0087, 0x0087, 0x0087, 0x0087,
  0x0087, 0x0087, 0x0087, 0x0087, 0x0087, 0x0087, 0x0087, 0x0087, 0x0087, 0x0087, 0x0087, 0x0210,
  0x0251, 0x0231, 0x0211, 0x0231, 0x0231, 0x0231, 0x0231, 0x0231, 0x0231, 0x0231, 0x0231, 0x0231,
  0x0231, 0x0231, 0x0231, 0x0231, 0x0231, 0x0231, 0x0231, 0x0231, 0x0231, 0x0231, 0x0231, 0x0231,
  0x0231, 0x0231, 0x0231, 0x0231, 0xAD55, 0xAD55, 0xAD55, 0xAD55, 0xAD55, 0xAD55, 0xAD55, 0xAD55,
  0xAD55, 0xAD55, 0xAD55, 0xAD55, 0xAD55, 0xAD55, 0xAD55, 0xAD55, 0xAD55, 0xAD55, 0xAD55, 0xAD55,
  0xAD55, 0xAD55, 0xAD55, 0xAD55, 0xAD55, 0xAD55, 0xAD55, 0xAD55, 0xAD55, 0xAD55, 0xAD55, 0xAD55,
  0xAD55, 0xAD55, 0xAD55, 0xAD55, 0xAD55, 0xAD55, 0xAD55, 0xAD55, 0xAD55, 0xAD55, 0xAD55, 0xAD55,
  0xAD55, 0xAD55, 0xAD55, 0xAD55, 0xAD55, 0xAD55, 0xAD55, 0xAD55, 0xAD55, 0xAD55, 0xAD55, 0xAD55,
  0xAD55, 0xAD55, 0xAD55, 0xAD55, 0xAD55, 0xAD55, 0xAD55, 0xAD55, 0xAD55, 0xAD55, 0xAD55, 0xAD55,
  0xAD55, 0xAD55, 0xAD55, 0xAD55, 0xAD55, 0xAD55, 0xAD55, 0xAD55, 0xAD55, 0xAD55, 0xAD55, 0xAD55,
  0xAD55, 0xAD55, 0xAD55, 0xAD55, 0xAD55, 0xAD55, 0xAD55, 0xAD55, 0xAD35, 0xAD35, 0xAD55, 0xAD55,
  0x18E3, 0x0000, 0x0000, 0x0000, 0x0000, 0x0000, 0x0000, 0x0000, 0x0000, 0x0000, 0x0000, 0x0000,
  0x0000, 0x0000, 0x2124, 0x0000, 0x0000, 0x532C, 0x74D2, 0x8D34, 0x7D54, 0x8555, 0x7D14, 0x7451,
  0x9CF3, 0xAD55, 0xAD35, 0xAD35, 0xAD55, 0xAD55, 0xAD55, 0xAD35, 0xAD35, 0xAD35, 0xAD55, 0x9BD1,
  0x89CF, 0xAC33, 0xAD55, 0xAD34, 0xAD55, 0x4BB1, 0x016F, 0x0211, 0x0211, 0x0211, 0x0211, 0x0211,
  0x0211, 0x0230, 0x0230, 0x0230, 0x0230, 0x0210, 0x0210, 0x0210, 0x0210, 0x0210, 0x0210, 0x0210,
  0x0210, 0x0210, 0xF7BF, 0xFFFF, 0x05BE, 0x05DD, 0xFFFF, 0xFFFF, 0x86FD, 0x055D, 0xD79F, 0xFFFF,
  0xCF7E, 0x063E, 0x1E9E, 0x067E, 0xFFFF, 0xFFFF, 0x067E, 0x065F, 0x061E, 0x05FD, 0xFFFE, 0x8F1F,
  0x05FF, 0x063F, 0xE7DF, 0xFFFF, 0x6EDE, 0x05BE, 0xFFFF, 0x56DE, 0x069E, 0xFFFF, 0x067E, 0x069E,
  0xFFFF, 0xDE39, 0xB5F7, 0x0000, 0xB596, 0xEF7D, 0x9492, 0x6B4D, 0xFFFF, 0x0000, 0x0000, 0x0000,
  0xDEFB, 0x7BCF, 0x9CF3, 0x94B2, 0x0000, 0x0000, 0x0000, 0x0021, 0x0000, 0x0000, 0x0000, 0x634F,
  0x4A8D, 0x6B8F, 0xC639, 0x0864, 0x6370, 0x2988, 0x0000, 0xC638, 0xFFFF, 0xFFFF, 0x7BEF, 0x0000,
  0x0000, 0xEF5D, 0xFFFF, 0xFFFF, 0x9CF3, 0x0000, 0x52CD, 0x52EF, 0x2146, 0x0000, 0x0000, 0x0000,
  0x0000, 0x0000, 0x10C3, 0x0000, 0x0883, 0x0882, 0x0000, 0x0000, 0x0000, 0x0000, 0x0000, 0x0000,
  0x0000, 0xF824, 0xFFFF, 0xFFFF, 0xFFFF, 0xFFFF, 0xFFFF, 0xFFFF, 0xFFFF, 0xFFFF, 0xFFFF, 0xFFFF,
  0xFFFF, 0xFFFF, 0xFFFF, 0xE73D, 0x11CB, 0x0087, 0x0087, 0x0087, 0x0087, 0x0087, 0x0087, 0x0087,
  0x0087, 0x0087, 0x0087, 0x0087, 0x0087, 0x0087, 0x0087, 0x0087, 0x0087, 0x0087, 0x0087, 0x0087,
  0x0087, 0x0087, 0x0087, 0x0087, 0x0087, 0x0087, 0x00C9, 0x0210, 0x0210, 0x0210, 0x0231, 0x0231,
  0x0211, 0x0211, 0x0211, 0x0211, 0x0211, 0x0211, 0x0211, 0x0211, 0x0211, 0x0231, 0x0231, 0x0231,
  0x0231, 0x0211, 0x0211, 0x0211, 0x0211, 0x0211, 0x0211, 0x0211, 0x0231, 0x0231, 0x0231, 0x0211,
  0xAD55, 0xAD55, 0xAD55, 0xAD55, 0xAD55, 0xAD55, 0xAD55, 0xAD55, 0xAD55, 0xAD55, 0xAD55, 0xAD55,
  0xAD55, 0xAD55, 0xAD55, 0xAD55, 0xAD55, 0xAD55, 0xAD55, 0xAD55, 0xAD55, 0xAD55, 0xAD55, 0xAD55,
  0xAD55, 0xAD55, 0xAD55, 0xAD55, 0xAD55, 0xAD55, 0xAD55, 0xAD55, 0xAD55, 0xAD55, 0xAD55, 0xAD55,
  0xAD55, 0xAD55, 0xAD55, 0xAD55, 0xAD55, 0xAD55, 0xAD55, 0xAD55, 0xAD55, 0xAD55, 0xAD55, 0xAD55,
  0xAD55, 0xAD55, 0xAD55, 0xAD55, 0xAD55, 0xAD55, 0xAD55, 0xAD55, 0xAD55, 0xAD55, 0xAD55, 0xAD55,
  0xAD55, 0xAD55, 0xAD55, 0xAD55, 0xAD55, 0xAD55, 0xAD55, 0xAD55, 0xAD55, 0xAD55, 0xAD55, 0xAD55,
  0xAD55, 0xAD55, 0xAD55, 0xAD55, 0xAD55, 0xAD55, 0xAD55, 0xAD55, 0xAD55, 0xAD55, 0xAD55, 0xAD55,
  0xAD55, 0xAD55, 0xAD55, 0xAD55, 0xAD35, 0xAD35, 0xAD35, 0xAD55, 0x9492, 0x0000, 0x0000, 0x0000,
  0x0000, 0x0000, 0x0000, 0x0000, 0x0000, 0x0000, 0x0000, 0x0000, 0x0000, 0x0000, 0x0020, 0x0000,
  0x0000, 0x53AE, 0x8D14, 0x8D55, 0x8555, 0x74D3, 0x7472, 0xA514, 0xAD55, 0xAD35, 0xA535, 0xAD35,
  0xAD55, 0xAD55, 0xAD55, 0xAD35, 0xAD35, 0xAD55, 0xAD55, 0xA352, 0x9A10, 0xACB4, 0xAD55, 0xAD55,
  0xAD55, 0x0310, 0x018F, 0x0211, 0x0211, 0x0210, 0x0210, 0x0210, 0x0210, 0x0210, 0x0210, 0x0210,
  0x0210, 0x0210, 0x0210, 0x0210, 0x0210, 0x0210, 0x0210, 0x0210, 0x0210, 0x0210, 0xF7BF, 0xFFFF,
  0xBF7F, 0x059D, 0x059E, 0xC79E, 0xD7BE, 0x061F, 0xFFFF, 0xFFFF, 0xFFFF, 0x3E9E, 0x05BE, 0x36BF,
  0xFFFF, 0xFFFF, 0x067E, 0x063F, 0x66FE, 0x05FE, 0x4EBE, 0xBF7F, 0x05FE, 0x063F, 0xBF7F, 0xFFFF,
  0xFFFF, 0x061E, 0xDF9E, 0x5EDF, 0x067E, 0xFFFF, 0x36BE, 0x063F, 0xA65A, 0xB576, 0xEF7E, 0x1905,
  0xB5B6, 0x0020, 0x9492, 0xFFFF, 0xAD75, 0x0000, 0x0000, 0x0000, 0x9CD3, 0xFFFF, 0xFFDF, 0x0000,
  0x0000, 0x0000, 0x0000, 0x0041, 0x0000, 0x0000, 0x0000, 0x630E, 0x5B2F, 0x52AC, 0xE75D, 0x426C,
  0x2188, 0x0043, 0x2104, 0xDEDB, 0xEF5D, 0xFFFF, 0xBDB7, 0x0000, 0x0000, 0xD6BA, 0xFFFF, 0xFFFF,
  0x6B4D, 0x0000, 0x6B90, 0x4A8D, 0x2126, 0x0000, 0x0000, 0x0000, 0x0000, 0x10C3, 0x634F, 0x6B4F,
  0x52CD, 0x0882, 0x0000, 0x0000, 0x0000, 0x0000, 0x0000, 0x0000, 0x3000, 0xF823, 0xFFFF, 0xFFFF,
  0xFFFF, 0xFFFF, 0xFFFF, 0xFFFF, 0xFFFF, 0xFFFF, 0xFFFF, 0xFFFF, 0xFFFF, 0xFFFF, 0xCEBB, 0x016A,
  0x0087, 0x0087, 0x0087, 0x0087, 0x0087, 0x0087, 0x0087, 0x0087, 0x0087, 0x0087, 0x0087, 0x0087,
  0x0087, 0x0087, 0x0087, 0x0087, 0x0087, 0x0087, 0x0087, 0x0087, 0x0087, 0x0087, 0x0087, 0x0087,
  0x0087, 0x0087, 0x014C, 0x0211, 0x0211, 0x0210, 0x0210, 0x0210, 0x0210, 0x0210, 0x0211, 0x0211,
  0x0211, 0x0211, 0x0211, 0x0211, 0x0211, 0x0210, 0x0210, 0x0210, 0x0230, 0x0230, 0x0211, 0x0211,
  0x0211, 0x0211, 0x0211, 0x0211, 0x0211, 0x0211, 0x0211, 0x0211, 0xAD55, 0xAD55, 0xAD55, 0xAD55,
  0xAD55, 0xAD55, 0xAD55, 0xAD55, 0xAD55, 0xAD55, 0xAD55, 0xAD55, 0xAD55, 0xAD55, 0xAD55, 0xAD55,
  0xAD55, 0xAD55, 0xAD55, 0xAD55, 0xAD55, 0xAD55, 0xAD55, 0xAD55, 0xAD55, 0xAD55, 0xAD55, 0xAD55,
  0xAD55, 0xAD55, 0xAD55, 0xAD55, 0xAD55, 0xAD55, 0xAD55, 0xAD55, 0xAD55, 0xAD55, 0xAD55, 0xAD55,
  0xAD55, 0xAD55, 0xAD55, 0xAD55, 0xAD55, 0xAD55, 0xAD55, 0xAD55, 0xAD55, 0xAD55, 0xAD55, 0xAD55,
  0xAD55, 0xAD55, 0xAD55, 0xAD55, 0xAD55, 0xAD55, 0xAD55, 0xAD55, 0xAD55, 0xAD55, 0xAD55, 0xAD55,
  0xAD55, 0xAD55, 0xAD55, 0xAD55, 0xAD55, 0xAD55, 0xAD55, 0xAD55, 0xAD55, 0xAD55, 0xAD55, 0xAD55,
  0xAD55, 0xAD55, 0xAD55, 0xAD55, 0xAD55, 0xAD55, 0xAD55, 0xAD55, 0xAD55, 0xAD55, 0xAD55, 0xAD55,
  0xAD35, 0xAD35, 0xAD35, 0xAD55, 0xAD55, 0x00A5, 0x0000, 0x0000, 0x0000, 0x0000, 0x0000, 0x0000,
  0x0000, 0x0000, 0x0000, 0x0000, 0x0000, 0x0000, 0x0000, 0x0000, 0x0061, 0x8D34, 0x9555, 0x8555,
  0x74D3, 0x7451, 0xA514, 0xAD55, 0xA535, 0xAD35, 0xAD35, 0xAD35, 0xAD54, 0xAD54, 0xAD55, 0xAD34,
  0xAD35, 0xAD55, 0x9D54, 0x5AB1, 0x8A71, 0xAD14, 0xAD55, 0xAD55, 0xAD54, 0x026F, 0x01B0, 0x0211,
  0x0211, 0x0211, 0x0211, 0x0211, 0x0211, 0x0210, 0x0210, 0x0210, 0x0210, 0x0211, 0x0210, 0x0210,
  0x0210, 0x0210, 0x0210, 0x0210, 0x0210, 0x0210, 0xF7BF, 0xFFFF, 0xFFFF, 0xFFFE, 0x061E, 0x05BD,
  0x05FE, 0x065E, 0xFFFF, 0xFFFF, 0xFFFF, 0x56BE, 0x05BE, 0x36DF, 0xFFFF, 0xFFFF, 0x067E, 0x063E,
  0x3EBF, 0xB75E, 0x05DD, 0x4EBE, 0x063F, 0x063F, 0xBF7F, 0xFFFF, 0xFFFF, 0x061E, 0xDF9E, 0x66DE,
  0x067E, 0xFFFF, 0x5EDE, 0x057E, 0x069E, 0xFFFF, 0x524B, 0x5B2E, 0xE73C, 0x6B4D, 0xD69A, 0xFFFF,
  0x9CD3, 0x0000, 0x0000, 0x0000, 0xB5B6, 0xD6BA, 0xDEDB, 0x4A69, 0x0000, 0x0000, 0x0000, 0x0041,
  0x0000, 0x0000, 0x0000, 0x4A8B, 0x6BB1, 0x426B, 0xFFFF, 0x8432, 0x10E6, 0x1083, 0x2944, 0xE71C,
  0xDEFC, 0xFFFF, 0xEF7D, 0x0000, 0x0000, 0xC618, 0xFFFF, 0xFFFF, 0x4A69, 0x0000, 0x7C12, 0x3A2B,
  0x1927, 0x0000, 0x0000, 0x0000, 0x0000, 0x1083, 0x5B2F, 0x7C33, 0x634F, 0x0021, 0x0000, 0x0000,
  0x0000, 0x0000, 0x0000, 0x0000, 0x5800, 0xF824, 0xFFFF, 0xFFFF, 0xFFFF, 0xFFFF, 0xFFFF, 0xFFFF,
  0xFFFF, 0xFFFF, 0xFFFF, 0xFFFF, 0xFFFF, 0x9516, 0x00C8, 0x0087, 0x0087, 0x0087, 0x0087, 0x0087,
  0x0087, 0x0087, 0x0087, 0x0087, 0x0087, 0x0087, 0x0087, 0x0087, 0x0087, 0x0087, 0x0087, 0x0087,
  0x0087, 0x0087, 0x0087, 0x0087, 0x0087, 0x0087, 0x0087, 0x0087, 0x0087, 0x0087, 0x01EF, 0x0210,
  0x0210, 0x0210, 0x0210, 0x0210, 0x0210, 0x0210, 0x0211, 0x0211, 0x0211, 0x0211, 0x0210, 0x0211,
  0x0211, 0x0210, 0x0210, 0x0210, 0x0210, 0x0210, 0x0211, 0x0211, 0x0211, 0x0211, 0x0211, 0x0211,
  0x0211, 0x0211, 0x0211, 0x0211, 0xAD55, 0xAD55, 0xAD55, 0xAD55, 0xAD55, 0xAD55, 0xAD55, 0xAD55,
  0xAD55, 0xAD55, 0xAD55, 0xAD55, 0xAD55, 0xAD55, 0xAD55, 0xAD55, 0xAD55, 0xAD55, 0xAD55, 0xAD55,
  0xAD55, 0xAD55, 0xAD55, 0xAD55, 0xAD55, 0xAD55, 0xAD55, 0xAD55, 0xAD55, 0xAD55, 0xAD55, 0xAD55,
  0xAD55, 0xAD55, 0xAD55, 0xAD55, 0xAD55, 0xAD55, 0xAD55, 0xAD55, 0xAD55, 0xAD55, 0xAD55, 0xAD55,
  0xAD55, 0xAD55, 0xAD55, 0xAD55, 0xAD55, 0xAD55, 0xAD55, 0xAD55, 0xAD55, 0xAD55, 0xAD55, 0xAD55,
  0xAD55, 0xAD55, 0xAD55, 0xAD55, 0xAD55, 0xAD55, 0xAD55, 0xAD55, 0xAD55, 0xAD55, 0xAD55, 0xAD55,
  0xAD55, 0xAD55, 0xAD55, 0xAD55, 0xAD55, 0xAD55, 0xAD55, 0xAD55, 0xAD55, 0xAD55, 0xAD55, 0xAD55,
  0xAD55, 0xAD55, 0xAD55, 0xAD55, 0xAD55, 0xAD55, 0xAD55, 0xAD55, 0xAD55, 0xAD55, 0xAD55, 0xAD55,
  0x8CF4, 0x020E, 0x0002, 0x0000, 0x0000, 0x0000, 0x0000, 0x0000, 0x0000, 0x0000, 0x0000, 0x0000,
  0x0000, 0x0000, 0x0000, 0x0000, 0x5B8E, 0xAD55, 0x8D55, 0x6C92, 0x7C72, 0xA534, 0xAD55, 0xA535,
  0xAD35, 0xAD55, 0xAD55, 0xAD55, 0xAD54, 0xAD55, 0xAD55, 0xAD34, 0xAD34, 0xAD55, 0x9514, 0x016E,
  0x02D1, 0xAD55, 0xAD34, 0xAD55, 0xAC94, 0x8A30, 0x01F0, 0x01F0, 0x01F0, 0x0211, 0x0211, 0x0211,
  0x0211, 0x0211, 0x0211, 0x0210, 0x0210, 0x0211, 0x0211, 0x0210, 0x0210, 0x0210, 0x0211, 0x0211,
  0x0210, 0x0210, 0xF7BF, 0xFFFF, 0x96FE, 0xFFDE, 0xFFFF, 0xAF7E, 0x04DD, 0x059D, 0xFFFF, 0xFFFF,
  0xEFDE, 0x063E, 0x065E, 0x067E, 0xFFFF, 0xFFFF, 0x065E, 0x061E, 0x065E, 0xFFFF, 0x367E, 0x057D,
  0x067F, 0x063F, 0xE7BF, 0xFFFF, 0xBF5E, 0x05DD, 0xFFFE, 0x36BE, 0x067E, 0xFFFF, 0x067E, 0x067E,
  0xFFFD, 0xFFFF, 0x0862, 0x630C, 0xEF7D, 0xC618, 0xC618, 0xFFFF, 0xD69A, 0x0000, 0x0000, 0x0000,
  0xDEFB, 0x5AEB, 0x18E3, 0xFFFF, 0x0000, 0x0000, 0x0000, 0x0841, 0x0000, 0x0000, 0x0000, 0x3187,
  0x73D1, 0x3A2B, 0xFFFF, 0xAD96, 0x0024, 0x630D, 0x0840, 0x9CF4, 0xF77E, 0xFFFF, 0xFFFF, 0x2965,
  0x0000, 0xA514, 0xFFFF, 0xFFFF, 0x39E9, 0x31A7, 0x8C93, 0x29C9, 0x1947, 0x0000, 0x0000, 0x0000,
  0x0000, 0x10A3, 0x52AD, 0x8454, 0x6BB1, 0x0000, 0x0000, 0x0000, 0x0000, 0x0000, 0x0000, 0x0000,
  0x7801, 0xF825, 0xFFFF, 0xFFFF, 0xFFFF, 0xFFFF, 0xFFFF, 0xFFFF, 0xFFFF, 0xFFFF, 0xFFFF, 0xCE9B,
  0x326D, 0x0087, 0x0087, 0x0087, 0x0087, 0x0087, 0x0087, 0x0087, 0x0087, 0x0087, 0x0087, 0x0087,
  0x0087, 0x0087, 0x0087, 0x0087, 0x0087, 0x0087, 0x0087, 0x0087, 0x0087, 0x0087, 0x0087, 0x0087,
  0x0087, 0x0087, 0x0087, 0x0087, 0x0087, 0x00EA, 0x0210, 0x0210, 0x0210, 0x0210, 0x0210, 0x0210,
  0x0210, 0x0210, 0x0210, 0x0210, 0x0210, 0x0210, 0x0210, 0x0210, 0x0211, 0x0210, 0x0210, 0x0210,
  0x0210, 0x0210, 0x0210, 0x0210, 0x0210, 0x0210, 0x0210, 0x0210, 0x0210, 0x0210, 0x0210, 0x0210,
  0xAD55, 0xAD55, 0xAD55, 0xAD55, 0xAD55, 0xAD55, 0xAD55, 0xAD55, 0xAD55, 0xAD55, 0xAD55, 0xAD55,
  0xAD55, 0xAD55, 0xAD55, 0xAD55, 0xAD55, 0xAD55, 0xAD55, 0xAD55, 0xAD55, 0xAD55, 0xAD55, 0xAD55,
  0xAD55, 0xAD55, 0xAD55, 0xAD55, 0xAD55, 0xAD55, 0xAD55, 0xAD55, 0xAD55, 0xAD55, 0xAD55, 0xAD55,
  0xAD55, 0xAD55, 0xAD55, 0xAD55, 0xAD55, 0xAD55, 0xAD55, 0xAD55, 0xAD55, 0xAD55, 0xAD55, 0xAD55,
  0xAD55, 0xAD55, 0xAD55, 0xAD55, 0xAD55, 0xAD55, 0xAD55, 0xAD55, 0xAD55, 0xAD55, 0xAD55, 0xAD55,
  0xAD55, 0xAD55, 0xAD55, 0xAD55, 0xAD55, 0xAD55, 0xAD55, 0xAD55, 0xAD55, 0xAD55, 0xAD55, 0xAD55,
  0xAD55, 0xAD55, 0xAD55, 0xAD55, 0xAD55, 0xAD55, 0xAD55, 0xAD55, 0xAD55, 0xAD55, 0xAD55, 0xAD55,
  0xAD55, 0xAD55, 0xAD55, 0xAD55, 0xAD55, 0xAD55, 0xAD55, 0xAD55, 0x8473, 0x0231, 0x00A8, 0x0000,
  0x0000, 0x0000, 0x0000, 0x0000, 0x0000, 0x0000, 0x0000, 0x0000, 0x0000, 0x0000, 0x0000, 0x0020,
  0xAD55, 0x84F4, 0x5C10, 0x8472, 0xAD55, 0xAD55, 0xAD35, 0xA535, 0xAD54, 0xAD54, 0xAD54, 0xAD55,
  0xAD54, 0xAD54, 0xAD55, 0xAD35, 0xAD34, 0xAD55, 0x7473, 0x00ED, 0x23B2, 0xAD55, 0xAD34, 0xAD55,
  0xA3D2, 0xA211, 0x7251, 0x01F0, 0x01F1, 0x01F1, 0x0210, 0x0210, 0x0210, 0x01F0, 0x01F0, 0x01F0,
  0x01F0, 0x0211, 0x0210, 0x0210, 0x0210, 0x0210, 0x01F1, 0x01F0, 0x01F0, 0x01F0, 0xF7BF, 0xFFFF,
  0x061D, 0x055D, 0xA73F, 0x061E, 0x063E, 0x065D, 0x05DE, 0x9F3F, 0x057D, 0x065E, 0xE7DE, 0x059E,
  0x76DE, 0x76DE, 0x05FD, 0x7EFD, 0x05DE, 0xFFFF, 0xF7BE, 0x04FD, 0x061E, 0x05FE, 0x069F, 0x3EBF,
  0x051D, 0x5EDE, 0xFFFF, 0x067E, 0x063E, 0xFFFF, 0x065E, 0x069F, 0xFF9C, 0x9472, 0xEF5C, 0xF7BE,
  0x39A6, 0x0000, 0x0000, 0xDEDB, 0xFFFF, 0xAD75, 0x5AEB, 0xBDF7, 0xFFFF, 0x7BEF, 0x0000, 0xDEDB,
  0xEF7D, 0x0000, 0x0000, 0x0842, 0x0000, 0x0000, 0x0000, 0x1082, 0x6B70, 0x426C, 0xF7DF, 0xCE7A,
  0x0000, 0x94B4, 0x31A6, 0x1082, 0xF79E, 0xFFFF, 0xFFFF, 0x630C, 0x0000, 0x738E, 0xFFFF, 0xF7DF,
  0x18E6, 0x73D0, 0x8CB4, 0x2188, 0x2168, 0x0020, 0x0000, 0x0000, 0x0000, 0x1083, 0x5B0E, 0x7BF2,
  0x634F, 0x0021, 0x0000, 0x0000, 0x0000, 0x0000, 0x0000, 0x0000, 0xC003, 0xF804, 0xFFFF, 0xFFFF,
  0xFFFF, 0xFFFF, 0xFFFF, 0xFFFF, 0xFFDF, 0xADB8, 0x3AAE, 0x0087, 0x0087, 0x0087, 0x0087, 0x0087,
  0x0087, 0x0087, 0x0087, 0x0087, 0x0087, 0x0087, 0x0087, 0x0087, 0x0087, 0x0087, 0x0087, 0x0087,
  0x0087, 0x0087, 0x0087, 0x0087, 0x0087, 0x0087, 0x0087, 0x0087, 0x0087, 0x0087, 0x0087, 0x0087,
  0x0087, 0x018E, 0x0210, 0x0210, 0x0210, 0x0210, 0x0210, 0x0210, 0x0210, 0x0210, 0x01F0, 0x01F0,
  0x01F0, 0x01F0, 0x01F0, 0x01F0, 0x01F0, 0x01F0, 0x01F0, 0x01F0, 0x01F0, 0x0210, 0x0210, 0x0211,
  0x0211, 0x0211, 0x0211, 0x0211, 0x0210, 0x0210, 0x0210, 0x0210, 0xAD55, 0xAD55, 0xAD55, 0xAD55,
  0xAD55, 0xAD55, 0xAD55, 0xAD55, 0xAD55, 0xAD55, 0xAD55, 0xAD55, 0xAD55, 0xAD55, 0xAD55, 0xAD55,
  0xAD55, 0xAD55, 0xAD55, 0xAD55, 0xAD55, 0xAD55, 0xAD55, 0xAD55, 0xAD55, 0xAD55, 0xAD55, 0xAD55,
  0xAD55, 0xAD55, 0xAD55, 0xAD55, 0xAD55, 0xAD55, 0xAD55, 0xAD55, 0xAD55, 0xAD55, 0xAD55, 0xAD55,
  0xAD55, 0xAD55, 0xAD55, 0xAD55, 0xAD55, 0xAD55, 0xAD55, 0xAD55, 0xAD55, 0xAD55, 0xAD55, 0xAD55,
  0xAD55, 0xAD55, 0xAD55, 0xAD55, 0xAD55, 0xAD55, 0xAD55, 0xAD55, 0xAD55, 0xAD55, 0xAD55, 0xAD55,
  0xAD55, 0xAD55, 0xAD55, 0xAD55, 0xAD55, 0xAD55, 0xAD55, 0xAD55, 0xAD55, 0xAD55, 0xAD55, 0xAD55,
  0xAD55, 0xAD55, 0xAD55, 0xAD55, 0xAD55, 0xAD55, 0xAD55, 0xAD55, 0xAD55, 0xAD55, 0xAD55, 0xAD55,
  0xAD55, 0xAD55, 0xAD55, 0xAD55, 0x7432, 0x01F0, 0x0086, 0x0000, 0x0000, 0x0000, 0x0000, 0x0000,
  0x0000, 0x0000, 0x0000, 0x0000, 0x0000, 0x0000, 0x0000, 0x636D, 0x5B4D, 0x0001, 0x638F, 0xAD55,
  0xAD55, 0xAD35, 0xAD35, 0xAD35, 0xAD54, 0xAD54, 0xAD54, 0xAD55, 0xAD54, 0xAD54, 0xAD55, 0xAD35,
  0xAD34, 0xAD55, 0x4391, 0x010D, 0x6C94, 0xAD55, 0xAD54, 0xA555, 0x12AF, 0x018F, 0x0210, 0x0211,
  0x01F1, 0x01F0, 0x0210, 0x01F0, 0x01F0, 0x01F0, 0x01F0, 0x01F0, 0x01F0, 0x01F0, 0x01F0, 0x01F0,
  0x01F0, 0x01F0, 0x01F0, 0x01F0, 0x01F0, 0x01F0, 0xF7BF, 0xFFFF, 0xFFFF, 0x065E, 0x05BE, 0x061E,
  0xFFFE, 0xFFFF, 0x063E, 0x059E, 0x065E, 0xFFFF, 0xFFFF, 0x773F, 0x05DF, 0x05DE, 0xBF9F, 0xFFFF,
  0x26DF, 0xFFFF, 0xFFFF, 0x06BF, 0x56FF, 0x56FF, 0x061F, 0x061E, 0x7EFE, 0xFFFF, 0xFFFF, 0x8F1E,
  0x7EFE, 0xFFFF, 0x871E, 0x7F7F, 0xFF3B, 0x0000, 0x9CF3, 0xCE59, 0x0000, 0x0000, 0x0000, 0x6B4D,
  0x8C51, 0xCE79, 0xEF5D, 0xAD75, 0xA514, 0x630C, 0x0000, 0x18C3, 0xCE79, 0x10A2, 0x0000, 0x0862,
  0x0000, 0x0000, 0x0000, 0x0020, 0x5B0E, 0x4A8C, 0xE73D, 0xF7BF, 0x0000, 0x4229, 0x62EB, 0x0000,
  0xC639, 0xFFFF, 0xFFFF, 0x73AF, 0x0000, 0x2945, 0xFFFF, 0xCE9A, 0x0023, 0xB597, 0x8C73, 0x3A2B,
  0x31EA, 0x0062, 0x0000, 0x0000, 0x0000, 0x0862, 0x73B0, 0x8452, 0x426C, 0x0882, 0x0000, 0x0000,
  0x0000, 0x0000, 0x0000, 0x0800, 0xF803, 0xF803, 0xFFFF, 0xEF9E, 0xE73D, 0xBE39, 0x94F5, 0x4B30,
  0x0109, 0x0087, 0x0087, 0x0087, 0x0087, 0x0087, 0x0087, 0x0087, 0x0087, 0x0087, 0x0087, 0x0087,
  0x0087, 0x0087, 0x0087, 0x0087, 0x0087, 0x0087, 0x0087, 0x0087, 0x0087, 0x0087, 0x0087, 0x0087,
  0x0087, 0x0087, 0x0087, 0x0087, 0x0087, 0x0087, 0x0087, 0x0087, 0x00C9, 0x01F0, 0x01F0, 0x01F0,
  0x01F0, 0x01F0, 0x01F0, 0x01F0, 0x01F0, 0x01F0, 0x01F0, 0x01F0, 0x01F0, 0x01F0, 0x01F0, 0x01F0,
  0x01F0, 0x01F1, 0x01F1, 0x01F1, 0x01F0, 0x01F0, 0x01F0, 0x01F0, 0x01F0, 0x01F0, 0x01F0, 0x01F0,
  0x01F0, 0x01F0, 0x01F0, 0x01F0, 0xAD55, 0xAD55, 0xAD55, 0xAD55, 0xAD55, 0xAD55, 0xAD55, 0xAD55,
  0xAD55, 0xAD55, 0xAD55, 0xAD55, 0xAD55, 0xAD55, 0xAD55, 0xAD55, 0xAD55, 0xAD55, 0xAD55, 0xAD55,
  0xAD55, 0xAD55, 0xAD55, 0xAD55, 0xAD55, 0xAD55, 0xAD55, 0xAD55, 0xAD55, 0xAD55, 0xAD55, 0xAD55,
  0xAD55, 0xAD55, 0xAD55, 0xAD55, 0xAD55, 0xAD55, 0xAD55, 0xAD55, 0xAD55, 0xAD55, 0xAD55, 0xAD55,
  0xAD55, 0xAD55, 0xAD55, 0xAD55, 0xAD55, 0xAD55, 0xAD55, 0xAD55, 0xAD55, 0xAD55, 0xAD55, 0xAD55,
  0xAD55, 0xAD55, 0xAD55, 0xAD55, 0xAD55, 0xAD55, 0xAD55, 0xAD55, 0xAD55, 0xAD55, 0xAD55, 0xAD55,
  0xAD55, 0xAD55, 0xAD55, 0xAD55, 0xAD55, 0xAD55, 0xAD55, 0xAD55, 0xAD55, 0xAD55, 0xAD55, 0xAD55,
  0xAD55, 0xAD55, 0xAD55, 0xAD55, 0xAD55, 0xAD55, 0xAD55, 0xAD55, 0xAD55, 0xAD55, 0xAD55, 0xAD55,
  0x63F1, 0x01AF, 0x0045, 0x0000, 0x0000, 0x0000, 0x0000, 0x0000, 0x0000, 0x0000, 0x0000, 0x0000,
  0x0000, 0x0000, 0x0841, 0x5B4D, 0x1165, 0x4AEC, 0xAD55, 0xAD55, 0xAD35, 0xA535, 0xA535, 0xAD55,
  0xAD54, 0xAD54, 0xAD54, 0xAD55, 0xAD55, 0xAD55, 0xAD55, 0xAD35, 0xAD55, 0xAD55, 0x12B1, 0x018F,
  0x8D34, 0xAD54, 0xAD55, 0x8CB3, 0x01AD, 0x01B0, 0x01F0, 0x01F0, 0x01F0, 0x01F0, 0x01F0, 0x01F0,
  0x01F0, 0x01F0, 0x01F0, 0x01F0, 0x01F0, 0x01F0, 0x01F0, 0x01F0, 0x01F0, 0x01F0, 0x01F0, 0x01F0,
  0x01F0, 0x01F0, 0xEF9E, 0xFFFF, 0xFFFF, 0xFFFF, 0xFFDF, 0xFFFF, 0xFFFF, 0xFFFF, 0xFFFF, 0xFFFF,
  0xFFFF, 0xFFFF, 0xFFFF, 0xFFFF, 0xFFFF, 0xFFFE, 0xFFFF, 0xFFDF, 0xFFFF, 0xFFFF, 0xFFFF, 0xFFFF,
  0xFFFF, 0xFFFF, 0xFFFE, 0xFFFF, 0xFFFF, 0xFFFF, 0xFFFF, 0xFFFF, 0xFFFF, 0xFFFF, 0xFFFF, 0xFFFF,
  0x31A6, 0x0000, 0x0000, 0x0000, 0x0000, 0x0000, 0x0000, 0x0000, 0x0000, 0x0000, 0x0000, 0x0000,
  0x0000, 0x0000, 0x0000, 0x0000, 0x0000, 0x0000, 0x0000, 0x0862, 0x0000, 0x0000, 0x0000, 0x0021,
  0x5B0E, 0x428C, 0xCE5A, 0xFFFF, 0x39C7, 0x0000, 0x39E8, 0x0000, 0xAD55, 0xFFFF, 0xFFFF, 0x738E,
  0x0000, 0x9CD3, 0xFFFF, 0x9CF5, 0x0023, 0xDEDC, 0x8431, 0x52EE, 0x426C, 0x0883, 0x0000, 0x0000,
  0x0000, 0x1082, 0x6BB1, 0x7C53, 0x426B, 0x0041, 0x0000, 0x0000, 0x0000, 0x0000, 0x0000, 0x7801,
  0xF804, 0xF823, 0x0087, 0x0087, 0x0087, 0x0087, 0x0087, 0x0087, 0x0087, 0x0087, 0x0087, 0x0087,
  0x0087, 0x0087, 0x0087, 0x0087, 0x0087, 0x0087, 0x0087, 0x0087, 0x0087, 0x0087, 0x0087, 0x0087,
  0x0087, 0x0087, 0x0087, 0x0087, 0x0087, 0x0087, 0x0087, 0x0087, 0x0087, 0x0087, 0x0087, 0x0087,
  0x0087, 0x0087, 0x0087, 0x0087, 0x018D, 0x01F0, 0x01F0, 0x01F0, 0x01F0, 0x01F0, 0x01F0, 0x01F0,
  0x01F0, 0x01F0, 0x01F0, 0x01F0, 0x01F0, 0x01F0, 0x01F0, 0x01F0, 0x01F0, 0x01F0, 0x01F0, 0x01F0,
  0x01F0, 0x01F0, 0x01F0, 0x01F0, 0x01F0, 0x01F0, 0x01F0, 0x01F0, 0x01F0, 0x01F0, 0x01F0, 0x01F0,
  0xAD55, 0xAD55, 0xAD55, 0xAD55, 0xAD55, 0xAD55, 0xAD55, 0xAD55, 0xAD55, 0xAD55, 0xAD55, 0xAD55,
  0xAD55, 0xAD55, 0xAD55, 0xAD55, 0xAD55, 0xAD55, 0xAD55, 0xAD55, 0xAD55, 0xAD55, 0xAD55, 0xAD55,
  0xAD55, 0xAD55, 0xAD55, 0xAD55, 0xAD55, 0xAD55, 0xAD55, 0xAD55, 0xAD55, 0xAD55, 0xAD55, 0xAD55,
  0xAD55, 0xAD55, 0xAD55, 0xAD55, 0xAD55, 0xAD55, 0xAD55, 0xAD55, 0xAD55, 0xAD55, 0xAD55, 0xAD55,
  0xAD55, 0xAD55, 0xAD55, 0xAD55, 0xAD55, 0xAD55, 0xAD55, 0xAD55, 0xAD55, 0xAD55, 0xAD55, 0xAD55,
  0xAD55, 0xAD55, 0xAD55, 0xAD55, 0xAD55, 0xAD55, 0xAD55, 0xAD55, 0xAD55, 0xAD55, 0xAD55, 0xAD55,
  0xAD55, 0xAD55, 0xAD55, 0xAD55, 0xAD55, 0xAD55, 0xAD55, 0xAD55, 0xAD55, 0xAD55, 0xAD55, 0xAD55,
  0xAD55, 0xAD55, 0xAD55, 0xAD55, 0xAD55, 0xAD55, 0xAD55, 0xAD55, 0x53D1, 0x016F, 0x0001, 0x0000,
  0x0043, 0x0000, 0x0000, 0x0000, 0x0000, 0x0000, 0x0000, 0x0000, 0x0000, 0x0000, 0x39E7, 0x8CD3,
  0x74B3, 0xAD55, 0xAD55, 0xAD35, 0xAD35, 0xA535, 0xA535, 0xAD55, 0xAD54, 0xAD54, 0xAD54, 0xAD55,
  0xAD55, 0xAD55, 0xAD55, 0xAD35, 0xAD55, 0xA534, 0x01AE, 0x0291, 0xAD55, 0xAD54, 0xAD55, 0x63F1,
  0x012D, 0x01F1, 0x01F0, 0x01F0, 0x01F0, 0x01F0, 0x01F0, 0x01F0, 0x01F0, 0x01F0, 0x01F0, 0x01F0,
  0x01F0, 0x01F0, 0x01F0, 0x01F0, 0x01F0, 0x01F0, 0x01F0, 0x01F0, 0x01F0, 0x01F0, 0x05BE, 0x05DE,
  0x05DE, 0x05DE, 0x05FE, 0x05DE, 0x05DF, 0x05DE, 0x065F, 0x065F, 0x04B7, 0x6B90, 0x6BAF, 0x63B0,
  0x73D1, 0x73D0, 0x63B0, 0x63B0, 0x6BB0, 0x63B0, 0x63B0, 0x6BB0, 0x6BB0, 0x6BB0, 0x73AF, 0x63F1,
  0x04F8, 0x05FF, 0x067F, 0x063F, 0x061E, 0x05DE, 0x069F, 0x051A, 0x0000, 0x39A8, 0x7BF2, 0x39C9,
  0x0841, 0x0000, 0x0000, 0x0000, 0x0000, 0x0000, 0x0000, 0x0000, 0x0000, 0x0000, 0x0000, 0x0000,
  0x0000, 0x0000, 0x0000, 0x0842, 0x0000, 0x0000, 0x0000, 0x0042, 0x5B0F, 0x4AAD, 0xBDF8, 0xFFFF,
  0x8C52, 0x0000, 0x6B4D, 0x31C7, 0x7BCF, 0xFFFF, 0xFFFF, 0x52AB, 0x3186, 0xFFFF, 0xFFFF, 0x5AEC,
  0x0064, 0xFFDF, 0x7BF0, 0x5B0E, 0x530F, 0x08A4, 0x0000, 0x0000, 0x0000, 0x10A3, 0x634F, 0x5B2F,
  0x3A0A, 0x0021, 0x0000, 0x0000, 0x0000, 0x0000, 0x0000, 0xE802, 0xF803, 0xF823, 0x0087, 0x0087,
  0x0087, 0x0087, 0x0087, 0x0087, 0x0087, 0x0087, 0x0087, 0x0087, 0x0087, 0x0087, 0x0087, 0x0087,
  0x0087, 0x0087, 0x0087, 0x0087, 0x0087, 0x0087, 0x0087, 0x0087, 0x0087, 0x0087, 0x0087, 0x0087,
  0x0087, 0x0087, 0x0087, 0x0087, 0x0087, 0x0087, 0x0087, 0x0087, 0x0087, 0x0087, 0x0087, 0x00C9,
  0x01F0, 0x01F0, 0x01F0, 0x01F0, 0x01F0, 0x01F0, 0x01F0, 0x01F0, 0x01F0, 0x01F0, 0x01F0, 0x01F0,
  0x01F0, 0x01F0, 0x01F0, 0x01F0, 0x01F0, 0x01F0, 0x01F0, 0x01F0, 0x01F0, 0x01F0, 0x01F0, 0x01F0,
  0x01F0, 0x01F0, 0x01F0, 0x01F0, 0x01F0, 0x01F0, 0x01F0, 0x01F0, 0xAD55, 0xAD55, 0xAD55, 0xAD55,
  0xAD55, 0xAD55, 0xAD55, 0xAD55, 0xAD55, 0xAD55, 0xAD55, 0xAD55, 0xAD55, 0xAD55, 0xAD55, 0xAD55,
  0xAD55, 0xAD55, 0xAD55, 0xAD55, 0xAD55, 0xAD55, 0xAD55, 0xAD55, 0xAD55, 0xAD55, 0xAD55, 0xAD55,
  0xAD55, 0xAD55, 0xAD55, 0xAD55, 0xAD55, 0xAD55, 0xAD55, 0xAD55, 0xAD55, 0xAD55, 0xAD55, 0xAD55,
  0xAD55, 0xAD55, 0xAD55, 0xAD55, 0xAD55, 0xAD55, 0xAD55, 0xAD55, 0xAD55, 0xAD55, 0xAD55, 0xAD55,
  0xAD55, 0xAD55, 0xAD55, 0xAD55, 0xAD55, 0xAD55, 0xAD55, 0xAD55, 0xAD55, 0xAD55, 0xAD55, 0xAD55,
  0xAD55, 0xAD55, 0xAD55, 0xAD55, 0xAD55, 0xAD55, 0xAD55, 0xAD55, 0xAD55, 0xAD55, 0xAD55, 0xAD55,
  0xAD55, 0xAD55, 0xAD55, 0xAD55, 0xAD55, 0xAD55, 0xAD55, 0xAD55, 0xAD55, 0xAD55, 0xAD55, 0xAD55,
  0xAD55, 0xAD55, 0xAD55, 0xAD55, 0x43B2, 0x010D, 0x0000, 0x426C, 0x424B, 0x0000, 0x0000, 0x0000,
  0x0000, 0x0000, 0x0000, 0x0000, 0x0000, 0x0000, 0x31A6, 0x8493, 0x84B3, 0xAD55, 0xAD35, 0xAD35,
  0xAD35, 0xAD55, 0xAD55, 0xAD55, 0xAD55, 0xAD55, 0xAD55, 0xAD55, 0xAD55, 0xAD55, 0xAD55, 0xAD35,
  0xAD55, 0x8493, 0x010D, 0x2B72, 0xAD55, 0xAD54, 0xAD55, 0x4B50, 0x012F, 0x01F1, 0x01F0, 0x01F0,
  0x01F0, 0x01F0, 0x01F0, 0x01F0, 0x01F0, 0x01F0, 0x01F0, 0x01F0, 0x01F0, 0x01F0, 0x01F0, 0x01F0,
  0x01F0, 0x01F0, 0x01F0, 0x01F0, 0x01F0, 0x01F0, 0x055E, 0x055F, 0x055E, 0x055E, 0x055E, 0x055E,
  0x055E, 0x059F, 0x04FC, 0x0330, 0x4A6B, 0x428B, 0x3AAD, 0x42AC, 0x3AAC, 0x42AC, 0x42AC, 0x42AC,
  0x42AC, 0x42AC, 0x3A8C, 0x42AC, 0x3A8C, 0x3A8C, 0x3AAD, 0x426B, 0x424A, 0x0330, 0x0415, 0x04B9,
  0x051C, 0x051E, 0x067F, 0x0332, 0x0000, 0x5B0E, 0x7C13, 0x5AEE, 0x0862, 0x0000, 0x0000, 0x0000,
  0x0000, 0x0000, 0x0000, 0x0000, 0x0000, 0x0000, 0x0000, 0x0000, 0x0000, 0x0000, 0x0000, 0x0041,
  0x0000, 0x0000, 0x0000, 0x08A4, 0x52EF, 0x52EE, 0xAD96, 0xFFFF, 0xD67A, 0x0000, 0x4A8A, 0xDF1D,
  0xA515, 0xFFFF, 0xFFFF, 0x8452, 0xB5B7, 0xFFFF, 0xFFDF, 0x0842, 0x2989, 0xFFFF, 0x73B0, 0x4AAD,
  0x6370, 0x10C5, 0x0000, 0x0000, 0x0000, 0x1083, 0x4A8D, 0x4A8D, 0x31E9, 0x0020, 0x0000, 0x0000,
  0x0000, 0x0000, 0x5000, 0xF804, 0xF802, 0xF803, 0x0087, 0x0087, 0x0087, 0x0087, 0x0087, 0x0087,
  0x0087, 0x0087, 0x0087, 0x0087, 0x0087, 0x0087, 0x0087, 0x0087, 0x0087, 0x0087, 0x0087, 0x0087,
  0x0087, 0x0087, 0x0087, 0x0087, 0x0087, 0x0087, 0x0087, 0x0087, 0x0087, 0x0087, 0x0087, 0x0087,
  0x0087, 0x0087, 0x0087, 0x0087, 0x0087, 0x0087, 0x0087, 0x018E, 0x01F0, 0x01F0, 0x01F0, 0x01F0,
  0x01F0, 0x01F0, 0x01F0, 0x01F0, 0x01F0, 0x01F0, 0x01F0, 0x01F0, 0x01F0, 0x01F0, 0x01F0, 0x01F0,
  0x01F0, 0x01F0, 0x01F0, 0x01F0, 0x01F0, 0x01F0, 0x01F0, 0x01F0, 0x01F0, 0x01F0, 0x01F0, 0x01F0,
  0x01F0, 0x01F0, 0x01F0, 0x01F0, 0xAD55, 0xAD55, 0xAD55, 0xAD55, 0xAD55, 0xAD55, 0xAD55, 0xAD55,
  0xAD55, 0xAD55, 0xAD55, 0xAD55, 0xAD55, 0xAD55, 0xAD55, 0xAD55, 0xAD55, 0xAD55, 0xAD55, 0xAD55,
  0xAD55, 0xAD55, 0xAD55, 0xAD55, 0xAD55, 0xAD55, 0xAD55, 0xAD55, 0xAD55, 0xAD55, 0xAD55, 0xAD55,
  0xAD55, 0xAD55, 0xAD55, 0xAD55, 0xAD55, 0xAD55, 0xAD55, 0xAD55, 0xAD55, 0xAD55, 0xAD55, 0xAD55,
  0xAD55, 0xAD55, 0xAD55, 0xAD55, 0xAD55, 0xAD55, 0xAD55, 0xAD55, 0xAD55, 0xAD55, 0xAD55, 0xAD55,
  0xAD55, 0xAD55, 0xAD55, 0xAD55, 0xAD55, 0xAD55, 0xAD55, 0xAD55, 0xAD55, 0xAD55, 0xAD55, 0xAD55,
  0xAD55, 0xAD55, 0xAD55, 0xAD55, 0xAD55, 0xAD55, 0xAD55, 0xAD55, 0xAD55, 0xAD55, 0xAD55, 0xAD55,
  0xAD55, 0xAD55, 0xAD55, 0xAD55, 0xAD55, 0xAD55, 0xAD55, 0xAD55, 0xAD55, 0xAD55, 0xAD55, 0xAD55,
  0x3B72, 0x008A, 0x0002, 0x8CF5, 0x7C10, 0x0000, 0x0000, 0x0000, 0x0000, 0x0000, 0x0000, 0x0000,
  0x0000, 0x0000, 0x0000, 0x7C31, 0xAD55, 0xAD55, 0xA535, 0xAD35, 0xAD35, 0xAD55, 0xAD55, 0xAD55,
  0xAD55, 0xAD55, 0xAD55, 0xAD55, 0xAD55, 0xAD55, 0xA534, 0xAD34, 0xAD55, 0x63F2, 0x00CD, 0x5C54,
  0xAD55, 0xAD54, 0xAD55, 0x02B0, 0x016F, 0x01F0, 0x01F0, 0x01F0, 0x01F0, 0x01F0, 0x01F0, 0x01F0,
  0x01F0, 0x01F0, 0x01F0, 0x01F0, 0x01F0, 0x01F0, 0x01F0, 0x01F0, 0x01F0, 0x01F0, 0x01F0, 0x01F0,
  0x01F0, 0x01F0, 0x057E, 0x059F, 0x059E, 0x059E, 0x059E, 0x059F, 0x059F, 0x061F, 0x0392, 0x7A28,
  0x532E, 0x532E, 0x532E, 0x532E, 0x530E, 0x532E, 0x5B4F, 0x534F, 0x530E, 0x532E, 0x532E, 0x530E,
  0x530E, 0x4AED, 0x530E, 0x532F, 0x526B, 0x32AD, 0x04B8, 0x04FA, 0x055D, 0x057F, 0x069F, 0x0187,
  0x0800, 0x7C74, 0x6BD1, 0x31E9, 0x0000, 0x0000, 0x0000, 0x0000, 0x0000, 0x0000, 0x0000, 0x0000,
  0x0000, 0x0000, 0x0000, 0x0000, 0x0000, 0x0000, 0x0000, 0x0021, 0x0000, 0x0000, 0x0000, 0x10E5,
  0x4A8D, 0x52ED, 0xA556, 0xFFFF, 0xFFFF, 0x0841, 0x0000, 0xEF5D, 0xD6BC, 0xE73D, 0xE71C, 0xDEFC,
  0xF79F, 0xFFFF, 0xD69A, 0x0000, 0x630E, 0xFFFF, 0x73B0, 0x31EA, 0x6BB1, 0x1106, 0x0000, 0x0000,
  0x0000, 0x0842, 0x424B, 0x4AAC, 0x31E9, 0x0000, 0x0000, 0x0000, 0x0000, 0x0000, 0xF803, 0xF803,
  0xF802, 0xF824, 0x0087, 0x0087, 0x0087, 0x0087, 0x0087, 0x0087, 0x0087, 0x0087, 0x0087, 0x0087,
  0x0087, 0x0087, 0x0087, 0x0087, 0x0087, 0x0087, 0x0087, 0x0087, 0x0087, 0x0087, 0x0087, 0x0087,
  0x0087, 0x0087, 0x0087, 0x0087, 0x0087, 0x0087, 0x0087, 0x0087, 0x0087, 0x0087, 0x0087, 0x0087,
  0x0087, 0x0087, 0x010A, 0x01F0, 0x01F0, 0x01F0, 0x01F0, 0x01F0, 0x01F0, 0x01F0, 0x01F0, 0x01F0,
  0x01F0, 0x01F0, 0x01F0, 0x01F0, 0x01F0, 0x01F0, 0x01F0, 0x01F0, 0x01F0, 0x01F0, 0x01F0, 0x01F0,
  0x01F0, 0x01F0, 0x01F0, 0x01F0, 0x01F0, 0x01F0, 0x01F0, 0x01F0, 0x01F0, 0x01F0, 0x01F0, 0x01F0,
  0xAD55, 0xAD55, 0xAD55, 0xAD55, 0xAD55, 0xAD55, 0xAD55, 0xAD55, 0xAD55, 0xAD55, 0xAD55, 0xAD55,
  0xAD55, 0xAD55, 0xAD55, 0xAD55, 0xAD55, 0xAD55, 0xAD55, 0xAD55, 0xAD55, 0xAD55, 0xAD55, 0xAD55,
  0xAD55, 0xAD55, 0xAD55, 0xAD55, 0xAD55, 0xAD55, 0xAD55, 0xAD55, 0xAD55, 0xAD55, 0xAD55, 0xAD55,
  0xAD55, 0xAD55, 0xAD55, 0xAD55, 0xAD55, 0xAD55, 0xAD55, 0xAD55, 0xAD55, 0xAD55, 0xAD55, 0xAD55,
  0xAD55, 0xAD55, 0xAD55, 0xAD55, 0xAD55, 0xAD55, 0xAD55, 0xAD55, 0xAD55, 0xAD55, 0xAD55, 0xAD55,
  0xAD55, 0xAD55, 0xAD55, 0xAD55, 0xAD55, 0xAD55, 0xAD55, 0xAD55, 0xAD55, 0xAD55, 0xAD55, 0xAD55,
  0xAD55, 0xAD55, 0xAD55, 0xAD55, 0xAD55, 0xAD55, 0xAD55, 0xAD55, 0xAD55, 0xAD55, 0xAD55, 0xAD55,
  0xAD55, 0xAD55, 0xAD55, 0xAD55, 0xAD55, 0xAD55, 0xAD55, 0xAD55, 0x3B51, 0x0008, 0x1168, 0xAD55,
  0x9CF3, 0x0000, 0x0000, 0x0000, 0x0000, 0x0000, 0x0000, 0x0000, 0x0000, 0x0000, 0x52EC, 0xAD55,
  0xAD55, 0xA534, 0xA554, 0xA554, 0xA554, 0xAD55, 0xAD55, 0xAD55, 0xAD55, 0xAD55, 0xAD55, 0xAD55,
  0xAD55, 0xAD55, 0xA534, 0xAD54, 0xAD55, 0x1AB0, 0x00CE, 0x3372, 0xAD55, 0xAD55, 0x94F3, 0x01CF,
  0x01B0, 0x01F0, 0x01D0, 0x01D0, 0x01D0, 0x01D0, 0x01F0, 0x01F0, 0x01F0, 0x01F0, 0x01F0, 0x01F0,
  0x01F0, 0x01F0, 0x01F0, 0x01F0, 0x01F0, 0x01F0, 0x01F0, 0x01F0, 0x01F0, 0x01F0, 0x057E, 0x059F,
  0x059E, 0x059E, 0x059E, 0x059E, 0x05FF, 0x051B, 0x52CC, 0x5B0E, 0x532E, 0x532E, 0x532E, 0x532E,
  0x532E, 0x3A8C, 0x322B, 0x4AED, 0x5B6F, 0x42AD, 0x4AED, 0x532E, 0x532E, 0x4AED, 0x4AED, 0x532E,
  0x632E, 0x42ED, 0x0478, 0x05FF, 0x05FF, 0x061F, 0x053C, 0x0000, 0x20A3, 0x8C94, 0x6B90, 0x10C4,
  0x0000, 0x0000, 0x0000, 0x0000, 0x0000, 0x0000, 0x0000, 0x0000, 0x0000, 0x0000, 0x0000, 0x0000,
  0x0000, 0x0000, 0x0000, 0x0000, 0x0000, 0x0000, 0x0000, 0x1947, 0x31EA, 0x4ACD, 0xAD76, 0xFFFF,
  0xFFFF, 0x4249, 0x0000, 0xCE7A, 0xCE7A, 0xDEDC, 0xC639, 0xD69B, 0xEF7E, 0xFFFF, 0xA534, 0x0000,
  0x8C52, 0xFFFF, 0x7BF1, 0x1106, 0x6BB1, 0x29EA, 0x0883, 0x0000, 0x0000, 0x0862, 0x426C, 0x4AAD,
  0x31E9, 0x0000, 0x0000, 0x0000, 0x0000, 0x6801, 0xF804, 0xF802, 0xF803, 0xF824, 0x0087, 0x0087,
  0x0087, 0x0087, 0x0087, 0x0087, 0x0087, 0x0087, 0x0087, 0x0087, 0x0087, 0x0087, 0x0087, 0x0087,
  0x0087, 0x0087, 0x0087, 0x0087, 0x0087, 0x0087, 0x0087, 0x0087, 0x0087, 0x0087, 0x0087, 0x0087,
  0x0087, 0x0087, 0x0087, 0x0087, 0x0087, 0x0087, 0x0087, 0x0087, 0x0087, 0x00A8, 0x01AF, 0x01D0,
  0x01D0, 0x01D0, 0x01D0, 0x01D0, 0x01D0, 0x01D0, 0x01F0, 0x01F0, 0x01F0, 0x01F0, 0x01F0, 0x01F0,
  0x01F0, 0x01F0, 0x01F0, 0x01F0, 0x01F0, 0x01F0, 0x01F0, 0x01F0, 0x01F0, 0x01F0, 0x01F0, 0x01F0,
  0x01F0, 0x01F0, 0x01F0, 0x01F0, 0x01F0, 0x01F0, 0x01F0, 0x01F0, 0xAD55, 0xAD55, 0xAD55, 0xAD55,
  0xAD55, 0xAD55, 0xAD55, 0xAD55, 0xAD55, 0xAD55, 0xAD55, 0xAD55, 0xAD55, 0xAD55, 0xAD55, 0xAD55,
  0xAD55, 0xAD55, 0xAD55, 0xAD55, 0xAD55, 0xAD55, 0xAD55, 0xAD55, 0xAD55, 0xAD55, 0xAD55, 0xAD55,
  0xAD55, 0xAD55, 0xAD55, 0xAD55, 0xAD55, 0xAD55, 0xAD55, 0xAD55, 0xAD55, 0xAD55, 0xAD55, 0xAD55,
  0xAD55, 0xAD55, 0xAD55, 0xAD55, 0xAD55, 0xAD55, 0xAD55, 0xAD55, 0xAD55, 0xAD55, 0xAD55, 0xAD55,
  0xAD55, 0xAD55, 0xAD55, 0xAD55, 0xAD55, 0xAD55, 0xAD55, 0xAD55, 0xAD55, 0xAD55, 0xAD55, 0xAD55,
  0xAD55, 0xAD55, 0xAD55, 0xAD55, 0xAD55, 0xAD55, 0xAD55, 0xAD55, 0xAD55, 0xAD55, 0xAD55, 0xAD55,
  0xAD55, 0xAD55, 0xAD55, 0xAD55, 0xAD55, 0xAD55, 0xAD55, 0xAD55, 0xAD55, 0xAD55, 0xAD55, 0xAD55,
  0xAD55, 0xAD55, 0xAD55, 0xAD55, 0x22CF, 0x006B, 0x5BB2, 0xAD55, 0xA555, 0x08A2, 0x0000, 0x0000,
  0x0000, 0x0000, 0x0000, 0x0000, 0x0000, 0x422A, 0xAD55, 0xAD55, 0xAD34, 0xAD55, 0xAD55, 0xAD55,
  0xAD55, 0xAD55, 0xAD55, 0xAD55, 0xAD55, 0xAD55, 0xAD55, 0xAD55, 0xAD55, 0xAD55, 0xAD55, 0xAD55,
  0xA534, 0x020F, 0x010F, 0x0230, 0xA555, 0xAD55, 0x6BF1, 0x014D, 0x01D0, 0x01D0, 0x01D0, 0x01D0,
  0x01D0, 0x01D0, 0x01D0, 0x01D0, 0x01D0, 0x01F0, 0x01F0, 0x01F0, 0x01D0, 0x01F0, 0x01F0, 0x01F0,
  0x01D0, 0x01D0, 0x01D0, 0x01D0, 0x01F0, 0x01F0, 0x057E, 0x059F, 0x059E, 0x059E, 0x059E, 0x059E,
  0x061F, 0x0456, 0x6A8A, 0x532E, 0x532E, 0x532E, 0x532E, 0x534E, 0x5B4F, 0x4B0E, 0x3A6C, 0x3A8C,
  0x3A6B, 0x2A0A, 0x4AED, 0x5B4F, 0x532E, 0x3A8C, 0x4AED, 0x532F, 0x4B0E, 0x630D, 0x52EC, 0x0478,
  0x059E, 0x06DF, 0x02CF, 0x0000, 0x29CA, 0x6350, 0x426B, 0x0000, 0x0000, 0x0000, 0x0000, 0x0000,
  0x0000, 0x0000, 0x0000, 0x0000, 0x0000, 0x0000, 0x0000, 0x0000, 0x0000, 0x0000, 0x0000, 0x0000,
  0x0000, 0x0000, 0x0021, 0x31E9, 0x1927, 0x426C, 0xAD97, 0xFFFF, 0xFFFF, 0x8430, 0x0000, 0x9CD4,
  0xD69B, 0xC63A, 0xCE7B, 0xC63A, 0xEF7E, 0xFFFF, 0x8C72, 0x0000, 0xAD56, 0xFFFF, 0x73F1, 0x0023,
  0x634F, 0x5B0F, 0x2946, 0x0000, 0x0000, 0x0882, 0x4ACD, 0x52ED, 0x31C9, 0x0000, 0x0000, 0x0000,
  0x0000, 0xA001, 0xF803, 0xF803, 0xF803, 0xF823, 0x0087, 0x0087, 0x0087, 0x0087, 0x0087, 0x0087,
  0x0087, 0x0087, 0x0087, 0x0087, 0x0087, 0x0087, 0x0087, 0x0087, 0x0087, 0x0087, 0x0087, 0x0087,
  0x0087, 0x0087, 0x0087, 0x0087, 0x0087, 0x0087, 0x0087, 0x0087, 0x0087, 0x0087, 0x0087, 0x0087,
  0x0087, 0x0087, 0x0087, 0x0087, 0x0087, 0x016D, 0x01D0, 0x01D0, 0x01D0, 0x01D0, 0x01D0, 0x01D0,
  0x01D0, 0x01D0, 0x01D0, 0x01D0, 0x01D0, 0x01D0, 0x01D0, 0x01D0, 0x01D0, 0x01D0, 0x01D0, 0x01D0,
  0x01D0, 0x01D0, 0x01D0, 0x01D0, 0x01D0, 0x01D0, 0x01D0, 0x01D0, 0x01D0, 0x01D0, 0x01D0, 0x01D0,
  0x01F0, 0x01F0, 0x01F0, 0x01F0, 0xAD55, 0xAD55, 0xAD55, 0xAD55, 0xAD55, 0xAD55, 0xAD55, 0xAD55,
  0xAD55, 0xAD55, 0xAD55, 0xAD55, 0xAD55, 0xAD55, 0xAD55, 0xAD55, 0xAD55, 0xAD55, 0xAD55, 0xAD55,
  0xAD55, 0xAD55, 0xAD55, 0xAD55, 0xAD55, 0xAD55, 0xAD55, 0xAD55, 0xAD55, 0xAD55, 0xAD55, 0xAD55,
  0xAD55, 0xAD55, 0xAD55, 0xAD55, 0xAD55, 0xAD55, 0xAD55, 0xAD55, 0xAD55, 0xAD55, 0xAD55, 0xAD55,
  0xAD55, 0xAD55, 0xAD55, 0xAD55, 0xAD55, 0xAD55, 0xAD55, 0xAD55, 0xAD55, 0xAD55, 0xAD55, 0xAD55,
  0xAD55, 0xAD55, 0xAD55, 0xAD55, 0xAD55, 0xAD55, 0xAD55, 0xAD55, 0xAD55, 0xAD55, 0xAD55, 0xAD55,
  0xAD55, 0xAD55, 0xAD55, 0xAD55, 0xAD55, 0xAD55, 0xAD55, 0xAD55, 0xAD55, 0xAD55, 0xAD55, 0xAD55,
  0xAD55, 0xAD55, 0xAD55, 0xAD55, 0xAD55, 0xAD55, 0xAD55, 0xAD55, 0xAD55, 0xAD55, 0xAD55, 0xAD55,
  0x026F, 0x01CF, 0x9515, 0xAD55, 0x6410, 0x0000, 0x0000, 0x0000, 0x0000, 0x0000, 0x0000, 0x0000,
  0x0883, 0xAD55, 0xAD55, 0xAD34, 0xAD34, 0xAD55, 0xAD55, 0xAD55, 0xAD55, 0xAD55, 0xAD55, 0xAD55,
  0xAD55, 0xAD55, 0xAD55, 0xAD55, 0xAD55, 0xAD55, 0xAD55, 0xAD55, 0x94F3, 0x01EF, 0x0150, 0x01CF,
  0x8CF4, 0xAD55, 0x3B10, 0x010E, 0x01D0, 0x01D0, 0x01D0, 0x01D0, 0x01D0, 0x01D0, 0x01D0, 0x01D0,
  0x01D0, 0x01D0, 0x01D0, 0x01D0, 0x01D0, 0x01D0, 0x01D0, 0x01D0, 0x01D0, 0x01D0, 0x01D0, 0x01D0,
  0x01D0, 0x01D0, 0x057E, 0x059F, 0x059E, 0x059E, 0x059E, 0x05BF, 0x05BF, 0x43B1, 0x630C, 0x532E,
  0x532E, 0x532E, 0x532E, 0x4AED, 0x4AED, 0x4AED, 0x42AC, 0x3A6B, 0x1968, 0x1968, 0x3A4B, 0x534F,
  0x4AED, 0x2A0A, 0x530E, 0x534F, 0x42CD, 0x3A4B, 0x5ACC, 0x0413, 0x05BF, 0x063F, 0x0062, 0x0000,
  0x426C, 0x6370, 0x2987, 0x0000, 0x0000, 0x0000, 0x0000, 0x0000, 0x0000, 0x0000, 0x0000, 0x0000,
  0x0000, 0x0000, 0x0000, 0x0000, 0x0000, 0x0000, 0x0000, 0x0020, 0x0021, 0x0000, 0x1904, 0x426C,
  0x10C6, 0x3A0B, 0xAD77, 0xFFDF, 0xFFFF, 0xBDF8, 0x0000, 0x39E7, 0xF7BF, 0xC639, 0xD6BB, 0xD6BB,
  0xE73D, 0xFFFF, 0x738E, 0x0000, 0xCE7A, 0xFFFF, 0x7C11, 0x0002, 0x52CD, 0x6B90, 0x2987, 0x0000,
  0x0000, 0x0862, 0x31A9, 0x3A4B, 0x39E9, 0x0000, 0x0000, 0x0000, 0x0000, 0xB001, 0xF803, 0xF803,
  0xF803, 0xF823, 0x0087, 0x0087, 0x0087, 0x0087, 0x0087, 0x0087, 0x0087, 0x0087, 0x0087, 0x0087,
  0x0087, 0x0087, 0x0087, 0x0087, 0x0087, 0x0087, 0x0087, 0x0087, 0x0087, 0x0087, 0x0087, 0x0087,
  0x0087, 0x0087, 0x0087, 0x0087, 0x0087, 0x0087, 0x0087, 0x0087, 0x0087, 0x0087, 0x0087, 0x0087,
  0x010B, 0x01D0, 0x01D0, 0x01D0, 0x01D0, 0x01D0, 0x01D0, 0x01D0, 0x01D0, 0x01D0, 0x01D0, 0x01D0,
  0x01D0, 0x01D0, 0x01D0, 0x01D0, 0x01D0, 0x01D0, 0x01D0, 0x01D0, 0x01D0, 0x01D0, 0x01D0, 0x01D0,
  0x01D0, 0x01D0, 0x01D0, 0x01D0, 0x01D0, 0x01D0, 0x01D0, 0x01D0, 0x01D0, 0x01D0, 0x01D0, 0x01D0,
  0xAD55, 0xAD55, 0xAD55, 0xAD55, 0xAD55, 0xAD55, 0xAD55, 0xAD55, 0xAD55, 0xAD55, 0xAD55, 0xAD55,
  0xAD55, 0xAD55, 0xAD55, 0xAD55, 0xAD55, 0xAD55, 0xAD55, 0xAD55, 0xAD55, 0xAD55, 0xAD55, 0xAD55,
  0xAD55, 0xAD55, 0xAD55, 0xAD55, 0xAD55, 0xAD55, 0xAD55, 0xAD55, 0xAD55, 0xAD55, 0xAD55, 0xAD55,
  0xAD55, 0xAD55, 0xAD55, 0xAD55, 0xAD55, 0xAD55, 0xAD55, 0xAD55, 0xAD55, 0xAD55, 0xAD55, 0xAD55,
  0xAD55, 0xAD55, 0xAD55, 0xAD55, 0xAD55, 0xAD55, 0xAD55, 0xAD55, 0xAD55, 0xAD55, 0xAD55, 0xAD55,
  0xAD55, 0xAD55, 0xAD55, 0xAD55, 0xAD55, 0xAD55, 0xAD55, 0xAD55, 0xAD55, 0xAD55, 0xAD55, 0xAD55,
  0xAD55, 0xAD55, 0xAD55, 0xAD55, 0xAD55, 0xAD55, 0xAD55, 0xAD55, 0xAD55, 0xAD55, 0xAD55, 0xAD55,
  0xAD55, 0xAD55, 0xAD55, 0xAD55, 0xAD55, 0xAD55, 0xAD55, 0xA534, 0x0230, 0x3B73, 0xAD55, 0xA555,
  0x6CB2, 0x0000, 0x0000, 0x0000, 0x0000, 0x0000, 0x0000, 0x0022, 0x9493, 0xAD55, 0xA555, 0xAD35,
  0xAD55, 0xAD55, 0xAD55, 0xAD55, 0xAD55, 0xAD55, 0xAD55, 0xAD55, 0xAD55, 0xAD55, 0xAD55, 0xAD55,
  0xAD55, 0xAD55, 0xAD55, 0xAD55, 0x8CB3, 0x01AE, 0x0191, 0x014F, 0x6C73, 0xAD55, 0x01EE, 0x016F,
  0x01D0, 0x01D0, 0x01D0, 0x01D0, 0x01D0, 0x01D0, 0x01D0, 0x01D0, 0x01D0, 0x01D0, 0x01D0, 0x01D0,
  0x01D0, 0x01D0, 0x01D0, 0x01D0, 0x01D0, 0x01D0, 0x01D0, 0x01D0, 0x01D0, 0x01D0, 0x057E, 0x059F,
  0x059E, 0x059E, 0x059E, 0x05FF, 0x04FA, 0x5A8B, 0x4ACD, 0x530E, 0x5B6F, 0x532E, 0x42CD, 0x42AD,
  0x3A6B, 0x2A0A, 0x2A0A, 0x2188, 0x3A2B, 0x3A4B, 0x1127, 0x532E, 0x3A6C, 0x322B, 0x534F, 0x532E,
  0x5B6F, 0x2A0A, 0x2988, 0x5229, 0x057C, 0x053D, 0x0000, 0x0821, 0x52EE, 0x5B0F, 0x18E4, 0x0000,
  0x0000, 0x0000, 0x0000, 0x0000, 0x0000, 0x0000, 0x0000, 0x0000, 0x0000, 0x0000, 0x0000, 0x0000,
  0x0000, 0x0000, 0x0000, 0x0000, 0x0841, 0x0000, 0x31A8, 0x52EE, 0x1106, 0x2168, 0x9D15, 0xFFDF,
  0xF7BF, 0xF79E, 0x0861, 0x0000, 0xD6BB, 0xFFFF, 0xE73D, 0xD6BB, 0xE73D, 0xFFFF, 0x3186, 0x0000,
  0xF79E, 0xFFFF, 0x8453, 0x0001, 0x52AC, 0x6BB1, 0x29A8, 0x0000, 0x0000, 0x0000, 0x0000, 0x0001,
  0x18E6, 0x0021, 0x0000, 0x0000, 0x0000, 0xC802, 0xF804, 0xF803, 0xF803, 0xF824, 0x0087, 0x0087,
  0x0087, 0x0087, 0x0087, 0x0087, 0x0087, 0x0087, 0x0087, 0x0087, 0x0087, 0x0087, 0x0087, 0x0087,
  0x0087, 0x0087, 0x0087, 0x0087, 0x0087, 0x0087, 0x0087, 0x0087, 0x0087, 0x0087, 0x0087, 0x0087,
  0x0087, 0x0087, 0x0087, 0x0087, 0x0087, 0x0087, 0x0087, 0x00C9, 0x01D0, 0x01D0, 0x01D0, 0x01D0,
  0x01D0, 0x01D0, 0x01D0, 0x01D0, 0x01D0, 0x01D0, 0x01D0, 0x01D0, 0x01D0, 0x01D0, 0x01D0, 0x01D0,
  0x01D0, 0x01D0, 0x01D0, 0x01D0, 0x01D0, 0x01D0, 0x01D0, 0x01D0, 0x01D0, 0x01D0, 0x01D0, 0x01D0,
  0x01D0, 0x01D0, 0x01D0, 0x01D0, 0x01D0, 0x01D0, 0x01D0, 0x01D0, 0xAD55, 0xAD55, 0xAD55, 0xAD55,
  0xAD55, 0xAD55, 0xAD55, 0xAD55, 0xAD55, 0xAD55, 0xAD55, 0xAD55, 0xAD55, 0xAD55, 0xAD55, 0xAD55,
  0xAD55, 0xAD55, 0xAD55, 0xAD55, 0xAD55, 0xAD55, 0xAD55, 0xAD55, 0xAD55, 0xAD55, 0xAD55, 0xAD55,
  0xAD55, 0xAD55, 0xAD55, 0xAD55, 0xAD55, 0xAD55, 0xAD55, 0xAD55, 0xAD55, 0xAD55, 0xAD55, 0xAD55,
  0xAD55, 0xAD55, 0xAD55, 0xAD55, 0xAD55, 0xAD55, 0xAD55, 0xAD55, 0xAD55, 0xAD55, 0xAD55, 0xAD55,
  0xAD55, 0xAD55, 0xAD55, 0xAD55, 0xAD55, 0xAD55, 0xAD55, 0xAD55, 0xAD55, 0xAD55, 0xAD55, 0xAD55,
  0xAD55, 0xAD55, 0xAD55, 0xAD55, 0xAD55, 0xAD55, 0xAD55, 0xAD55, 0xAD55, 0xAD55, 0xAD55, 0xAD55,
  0xAD55, 0xAD55, 0xAD55, 0xAD55, 0xAD55, 0xAD55, 0xAD55, 0xAD55, 0xAD55, 0xAD55, 0xAD55, 0xAD55,
  0xAD55, 0xAD55, 0xAD55, 0x94F3, 0x2AD0, 0x8CF5, 0xAD55, 0x8555, 0xAD55, 0x3A28, 0x0000, 0x0000,
  0x0000, 0x0000, 0x0000, 0x7BF1, 0xAD55, 0xAD55, 0xA555, 0xAD55, 0xAD55, 0xAD55, 0xAD55, 0xAD55,
  0xAD55, 0xAD55, 0xAD55, 0xAD55, 0xAD55, 0xAD55, 0xAD55, 0xAD55, 0xAD55, 0xAD55, 0xAD55, 0xAD55,
  0x8472, 0x016E, 0x0191, 0x010E, 0x5BF2, 0x9CF3, 0x014D, 0x01B0, 0x01D0, 0x01D0, 0x01D0, 0x01D0,
  0x01D0, 0x01D0, 0x01D0, 0x01D0, 0x01D0, 0x01D0, 0x01D0, 0x01D0, 0x01D0, 0x01D0, 0x01D0, 0x01D0,
  0x01D0, 0x01D0, 0x01D0, 0x01D0, 0x01D0, 0x01D0, 0x057E, 0x059F, 0x059E, 0x059E, 0x059E, 0x061F,
  0x04BA, 0x31A8, 0x3A0A, 0x3A6B, 0x4ACD, 0x3A4B, 0x1127, 0x1968, 0x1168, 0x1148, 0x29E9, 0x21A9,
  0x8453, 0xB5F9, 0x324B, 0x3A2B, 0x4AED, 0x4AED, 0x532E, 0x532E, 0x5B6F, 0x428C, 0x1988, 0x3146,
  0x0476, 0x0353, 0x0000, 0x39EA, 0x4AAE, 0x29A9, 0x0000, 0x0000, 0x0000, 0x0000, 0x0000, 0x0000,
  0x0000, 0x0000, 0x0000, 0x0000, 0x0000, 0x0000, 0x0000, 0x0000, 0x0000, 0x0000, 0x0000, 0x0000,
  0x0822, 0x0000, 0x422A, 0x5B0E, 0x2188, 0x1106, 0x9CF5, 0xF7BF, 0xE75D, 0xFFFF, 0x6B2D, 0x0000,
  0x9CD4, 0xFFFF, 0xDEFC, 0xCE9A, 0xEF9F, 0xEF5D, 0x0000, 0x4209, 0xFFFF, 0xFFFF, 0x94B4, 0x0001,
  0x52CD, 0x6BD1, 0x31C9, 0x0000, 0x0000, 0x0000, 0x0000, 0x0000, 0x0000, 0x0000, 0x0000, 0x0000,
  0x0000, 0xD802, 0xF803, 0xF803, 0xF804, 0xF824, 0x0087, 0x0087, 0x0087, 0x0087, 0x0087, 0x0087,
  0x0087, 0x0087, 0x0087, 0x0087, 0x0087, 0x0087, 0x0087, 0x0087, 0x0087, 0x0087, 0x0087, 0x0087,
  0x0087, 0x0087, 0x0087, 0x0087, 0x0087, 0x0087, 0x0087, 0x0087, 0x0087, 0x0087, 0x0087, 0x0087,
  0x0087, 0x0087, 0x00A8, 0x01AF, 0x01D0, 0x01D0, 0x01D0, 0x01D0, 0x01D0, 0x01D0, 0x01D0, 0x01D0,
  0x01D0, 0x01D0, 0x01D0, 0x01D0, 0x01D0, 0x01D0, 0x01D0, 0x01D0, 0x01D0, 0x01D0, 0x01D0, 0x01D0,
  0x01D0, 0x01D0, 0x01D0, 0x01D0, 0x01D0, 0x01D0, 0x01D0, 0x01D0, 0x01D0, 0x01D0, 0x01D0, 0x01D0,
  0x01D0, 0x01D0, 0x01D0, 0x01D0, 0xAD55, 0xAD55, 0xAD55, 0xAD55, 0xAD55, 0xAD55, 0xAD55, 0xAD55,
  0xAD55, 0xAD55, 0xAD55, 0xAD55, 0xAD55, 0xAD55, 0xAD55, 0xAD55, 0xAD55, 0xAD55, 0xAD55, 0xAD55,
  0xAD55, 0xAD55, 0xAD55, 0xAD55, 0xAD55, 0xAD55, 0xAD55, 0xAD55, 0xAD55, 0xAD55, 0xAD55, 0xAD55,
  0xAD55, 0xAD55, 0xAD55, 0xAD55, 0xAD55, 0xAD55, 0xAD55, 0xAD55, 0xAD55, 0xAD55, 0xAD55, 0xAD55,
  0xAD55, 0xAD55, 0xAD55, 0xAD55, 0xAD55, 0xAD55, 0xAD55, 0xAD55, 0xAD55, 0xAD55, 0xAD55, 0xAD55,
  0xAD55, 0xAD55, 0xAD55, 0xAD55, 0xAD55, 0xAD55, 0xAD55, 0xAD55, 0xAD55, 0xAD55, 0xAD55, 0xAD55,
  0xAD55, 0xAD55, 0xAD55, 0xAD55, 0xAD55, 0xAD55, 0xAD55, 0xAD55, 0xAD55, 0xAD55, 0xAD55, 0xAD55,
  0xAD55, 0xAD55, 0xAD55, 0xAD55, 0xAD55, 0xAD55, 0xAD55, 0xAD55, 0xAD55, 0xAD55, 0xAD55, 0x94D4,
  0x6C32, 0xAD55, 0x9D35, 0x8555, 0xAD55, 0x29A6, 0x0000, 0x0000, 0x0000, 0x0000, 0x4A8C, 0xAD55,
  0xAD55, 0xAD35, 0xA555, 0xAD55, 0xAD55, 0xAD55, 0xAD55, 0xAD55, 0xAD55, 0xAD55, 0xAD55, 0xAD55,
  0xAD55, 0xAD55, 0xAD55, 0xAD55, 0xAD55, 0xAD55, 0xAD55, 0xAD55, 0x7432, 0x014E, 0x01B0, 0x010E,
  0x3B51, 0x6411, 0x012E, 0x01D0, 0x01B0, 0x01D0, 0x01D0, 0x01D0, 0x01D0, 0x01D0, 0x01D0, 0x01D0,
  0x01B0, 0x01D0, 0x01D0, 0x01B0, 0x01B0, 0x01D0, 0x01D0, 0x01B0, 0x01D0, 0x01D0, 0x01B0, 0x01B0,
  0x01B0, 0x01B0, 0x057E, 0x059F, 0x059E, 0x059E, 0x059E, 0x05FF, 0x04FC, 0x39E9, 0x424B, 0x1988,
  0x1147, 0x4ACD, 0x63B0, 0x7C32, 0x8CB4, 0x4ACD, 0x00C6, 0x4ACD, 0x8CD4, 0x9D16, 0x9D56, 0x3A4B,
  0x5B4F, 0x4AED, 0x4B0E, 0x5B4F, 0x4AED, 0x428C, 0x4187, 0x03B3, 0x0477, 0x0000, 0x0000, 0x3A4C,
  0x426C, 0x18E5, 0x0000, 0x0000, 0x0000, 0x0000, 0x0000, 0x0000, 0x0000, 0x0000, 0x0000, 0x0000,
  0x0000, 0x0000, 0x0000, 0x0000, 0x0000, 0x0000, 0x0000, 0x0000, 0x0001, 0x0020, 0x4A8C, 0x5B0E,
  0x31EA, 0x00A5, 0x9D15, 0xFFDF, 0xE73D, 0xFFFF, 0xA4F4, 0x0000, 0x7BEF, 0xFFFF, 0xDEDB, 0xD69A,
  0xFFFF, 0xC618, 0x0000, 0x8C72, 0xFFFF, 0xFFFF, 0xAD97, 0x0043, 0x4AAD, 0x73D1, 0x424B, 0x0020,
  0x0000, 0x0000, 0x0000, 0x0000, 0x0000, 0x0000, 0x0000, 0x0000, 0x0000, 0xF803, 0xF805, 0xF803,
  0xA801, 0x5821, 0x0087, 0x0087, 0x0087, 0x0087, 0x0087, 0x0087, 0x0087, 0x0087, 0x0087, 0x0087,
  0x0087, 0x0087, 0x0087, 0x0087, 0x0087, 0x0087, 0x0087, 0x0087, 0x0087, 0x0087, 0x0087, 0x0087,
  0x0087, 0x0087, 0x0087, 0x0087, 0x0087, 0x0087, 0x0087, 0x0087, 0x0087, 0x0088, 0x018E, 0x01D0,
  0x01D0, 0x01D0, 0x01D0, 0x01D0, 0x01D0, 0x01D0, 0x01D0, 0x01D0, 0x01D0, 0x01D0, 0x01D0, 0x01D0,
  0x01D0, 0x01D0, 0x01D0, 0x01D0, 0x01B0, 0x01D0, 0x01D0, 0x01D0, 0x01D0, 0x01B0, 0x01D0, 0x01B0,
  0x01B0, 0x01B0, 0x01B0, 0x01B0, 0x01B0, 0x01B0, 0x01B0, 0x01B0, 0x01D0, 0x01D0, 0x01D0, 0x01D0,
  0xAD55, 0xAD55, 0xAD55, 0xAD55, 0xAD55, 0xAD55, 0xAD55, 0xAD55, 0xAD55, 0xAD55, 0xAD55, 0xAD55,
  0xAD55, 0xAD55, 0xAD55, 0xAD55, 0xAD55, 0xAD55, 0xAD55, 0xAD55, 0xAD55, 0xAD55, 0xAD55, 0xAD55,
  0xAD55, 0xAD55, 0xAD55, 0xAD55, 0xAD55, 0xAD55, 0xAD55, 0xAD55, 0xAD55, 0xAD55, 0xAD55, 0xAD55,
  0xAD55, 0xAD55, 0xAD55, 0xAD55, 0xAD55, 0xAD55, 0xAD55, 0xAD55, 0xAD55, 0xAD55, 0xAD55, 0xAD55,
  0xAD55, 0xAD55, 0xAD55, 0xAD55, 0xAD55, 0xAD55, 0xAD55, 0xAD55, 0xAD55, 0xAD55, 0xAD55, 0xAD55,
  0xAD55, 0xAD55, 0xAD55, 0xAD55, 0xAD55, 0xAD55, 0xAD55, 0xAD55, 0xAD55, 0xAD55, 0xAD55, 0xAD55,
  0xAD55, 0xAD55, 0xAD55, 0xAD55, 0xAD55, 0xAD55, 0xAD55, 0xAD55, 0xAD55, 0xAD55, 0xAD55, 0xAD55,
  0xAD55, 0xAD55, 0xAD55, 0xAD55, 0xAD35, 0xAD55, 0xAD55, 0x7C52, 0x8493, 0xAD55, 0x8D34, 0xAD55,
  0x53AE, 0x0000, 0x2145, 0x1082, 0x0000, 0x1926, 0xAD55, 0xAD55, 0xA535, 0xAD35, 0xAD55, 0xAD55,
  0xAD55, 0xAD55, 0xAD55, 0xAD55, 0xAD55, 0xAD55, 0xAD55, 0xAD55, 0xAD55, 0xAD55, 0xAD55, 0xAD55,
  0xAD55, 0xAD55, 0xAD55, 0xAD55, 0x63F1, 0x012E, 0x01B0, 0x016F, 0x02B1, 0x1B31, 0x014F, 0x01B0,
  0x01B0, 0x01B0, 0x01B0, 0x01B0, 0x01B0, 0x01B0, 0x01B0, 0x01B0, 0x01B0, 0x01B0, 0x01B0, 0x01B0,
  0x01B0, 0x01B0, 0x01D0, 0x01B0, 0x01B0, 0x01B0, 0x01B0, 0x01B0, 0x01B0, 0x01B0, 0x057E, 0x059F,
  0x059E, 0x059E, 0x059E, 0x05BF, 0x05DF, 0x02AD, 0x51E7, 0x42AC, 0x3AAC, 0x6BD0, 0xC67A, 0xE77E,
  0xDF5D, 0xDF3D, 0x4ACD, 0x638F, 0x7411, 0x5B4F, 0xADD8, 0x530E, 0x530E, 0x42CD, 0x534F, 0x4AED,
  0x2A0A, 0x322B, 0x4166, 0x04B8, 0x03F6, 0x0000, 0x0883, 0x3A2B, 0x29A9, 0x0021, 0x0000, 0x0000,
  0x0000, 0x0000, 0x0000, 0x0000, 0x0000, 0x0000, 0x0000, 0x0000, 0x0000, 0x0000, 0x0000, 0x0000,
  0x0000, 0x0000, 0x0000, 0x0000, 0x0000, 0x2105, 0x52ED, 0x52ED, 0x3A2B, 0x0065, 0x94D4, 0xFFFF,
  0xE71C, 0xF7DF, 0xC619, 0x0000, 0x2104, 0xFFBF, 0xDEFD, 0xD69B, 0xFFFF, 0x8431, 0x0000, 0xC618,
  0xFFFF, 0xF7BF, 0xCE7A, 0x1906, 0x4A8C, 0x73F2, 0x4AAD, 0x10C3, 0x0000, 0x0000, 0x0000, 0x0000,
  0x0000, 0x0000, 0x0000, 0x0000, 0x0800, 0x9802, 0x6001, 0x0000, 0x0000, 0x0000, 0x0087, 0x0087,
  0x0087, 0x0087, 0x0087, 0x0087, 0x0087, 0x0087, 0x0087, 0x0087, 0x0087, 0x0087, 0x0087, 0x0087,
  0x0087, 0x0087, 0x0087, 0x0087, 0x0087, 0x0087, 0x0087, 0x0087, 0x0087, 0x0087, 0x0087, 0x0087,
  0x0087, 0x0087, 0x0087, 0x0087, 0x0087, 0x016D, 0x01B0, 0x01B0, 0x01B0, 0x01B0, 0x01B0, 0x01B0,
  0x01B0, 0x01B0, 0x01B0, 0x01B0, 0x01B0, 0x01B0, 0x01D0, 0x01D0, 0x01D0, 0x01D0, 0x01D0, 0x01D0,
  0x01B0, 0x01B0, 0x01D0, 0x01D0, 0x01D0, 0x01B0, 0x01B0, 0x01B0, 0x01B0, 0x01B0, 0x01B0, 0x01B0,
  0x01B0, 0x01B0, 0x01B0, 0x01B0, 0x01B0, 0x01B0, 0x01B0, 0x01B0, 0xAD55, 0xAD55, 0xAD55, 0xAD55,
  0xAD55, 0xAD55, 0xAD55, 0xAD55, 0xAD55, 0xAD55, 0xAD55, 0xAD55, 0xAD55, 0xAD55, 0xAD55, 0xAD55,
  0xAD55, 0xAD55, 0xAD55, 0xAD55, 0xAD55, 0xAD55, 0xAD55, 0xAD55, 0xAD55, 0xAD55, 0xAD55, 0xAD55,
  0xAD55, 0xAD55, 0xAD55, 0xAD55, 0xAD55, 0xAD55, 0xAD55, 0xAD55, 0xAD55, 0xAD55, 0xAD55, 0xAD55,
  0xAD55, 0xAD55, 0xAD55, 0xAD55, 0xAD55, 0xAD55, 0xAD55, 0xAD55, 0xAD55, 0xAD55, 0xAD55, 0xAD55,
  0xAD55, 0xAD55, 0xAD55, 0xAD55, 0xAD55, 0xAD55, 0xAD55, 0xAD55, 0xAD55, 0xAD55, 0xAD55, 0xAD55,
  0xAD55, 0xAD55, 0xAD55, 0xAD55, 0xAD55, 0xAD55, 0xAD55, 0xAD55, 0xAD55, 0xAD55, 0xAD55, 0xAD55,
  0xAD55, 0xAD55, 0xAD55, 0xAD55, 0xAD55, 0xAD55, 0xAD55, 0xAD55, 0xAD55, 0xAD55, 0xAD55, 0xAD55,
  0xAD35, 0xAD55, 0x94D3, 0x6BD1, 0xA534, 0xA534, 0x8D54, 0x7CD3, 0x0000, 0x63AE, 0x532C, 0x10C3,
  0x3229, 0x9CF4, 0xAD55, 0xA534, 0xAD55, 0xAD55, 0xAD55, 0xAD55, 0xAD55, 0xAD55, 0xAD55, 0xAD55,
  0xAD55, 0xAD55, 0xAD55, 0xAD55, 0xAD35, 0xAD35, 0xAD55, 0xAD55, 0xAD55, 0xAD55, 0xAD54, 0xAD55,
  0x53B0, 0x010E, 0x01B0, 0x01B0, 0x01D0, 0x01F0, 0x01B0, 0x01B0, 0x01B0, 0x01B0, 0x01D0, 0x01D0,
  0x01B0, 0x01B0, 0x01B0, 0x01B0, 0x01B0, 0x01B0, 0x01B0, 0x01B0, 0x01B0, 0x01B0, 0x01B0, 0x01B0,
  0x01B0, 0x01B0, 0x01B0, 0x01B0, 0x01B0, 0x01B0, 0x057E, 0x059F, 0x059E, 0x059E, 0x059E, 0x059E,
  0x05FF, 0x05BE, 0x2A2B, 0xA410, 0x8C92, 0x1924, 0x424A, 0xE71D, 0xDF1C, 0xF7BF, 0xA596, 0x9D35,
  0x94D4, 0x7C73, 0xB5F8, 0x322A, 0x530E, 0x42AD, 0x532E, 0x2A0A, 0x1988, 0x21EA, 0x5187, 0x053B,
  0x0311, 0x0000, 0x29A9, 0x426D, 0x10E5, 0x0000, 0x0000, 0x0000, 0x0000, 0x0000, 0x0000, 0x0000,
  0x0000, 0x0000, 0x0000, 0x0000, 0x0000, 0x0000, 0x0000, 0x0000, 0x0000, 0x0000, 0x0000, 0x0000,
  0x0000, 0x39E9, 0x5B0E, 0x4AAC, 0x426C, 0x2148, 0xB5B8, 0xF7BF, 0xDEFC, 0xE75D, 0xE71D, 0x0021,
  0x0000, 0xBDF8, 0xF7BF, 0xD6BB, 0xFFFF, 0x39A7, 0x0000, 0xE75D, 0xEF7E, 0xEF7E, 0xDEFD, 0x3A2A,
  0x3A0A, 0x73F2, 0x5B2F, 0x2966, 0x0000, 0x0000, 0x0000, 0x0000, 0x0000, 0x0000, 0x0000, 0x0000,
  0x0000, 0x0000, 0x0000, 0x0000, 0x7001, 0xC822, 0x0087, 0x0087, 0x0087, 0x0087, 0x0087, 0x0087,
  0x0087, 0x0087, 0x0087, 0x0087, 0x0087, 0x0087, 0x0087, 0x0087, 0x0087, 0x0087, 0x0087, 0x0087,
  0x0087, 0x0087, 0x0087, 0x0087, 0x0087, 0x0087, 0x0087, 0x0087, 0x0087, 0x0087, 0x0087, 0x0087,
  0x014D, 0x01B0, 0x01B0, 0x01B0, 0x01B0, 0x01B0, 0x01B0, 0x01B0, 0x01B0, 0x01B0, 0x01B0, 0x01B0,
  0x01B0, 0x01B0, 0x01B0, 0x01B0, 0x01B0, 0x01B0, 0x01B0, 0x01B0, 0x01B0, 0x01B0, 0x01B0, 0x01B0,
  0x01B0, 0x01B0, 0x01B0, 0x01B0, 0x01B0, 0x01B0, 0x01B0, 0x01B0, 0x01B0, 0x01B0, 0x01B0, 0x01B0,
  0x01B0, 0x01B0, 0x01B0, 0x01B0, 0xAD55, 0xAD55, 0xAD55, 0xAD55, 0xAD55, 0xAD55, 0xAD55, 0xAD55,
  0xAD55, 0xAD55, 0xAD55, 0xAD55, 0xAD55, 0xAD55, 0xAD55, 0xAD55, 0xAD55, 0xAD55, 0xAD55, 0xAD55,
  0xAD55, 0xAD55, 0xAD55, 0xAD55, 0xAD55, 0xAD55, 0xAD55, 0xAD55, 0xAD55, 0xAD55, 0xAD55, 0xAD55,
  0xAD55, 0xAD55, 0xAD55, 0xAD55, 0xAD55, 0xAD55, 0xAD55, 0xAD55, 0xAD55, 0xAD55, 0xAD55, 0xAD55,
  0xAD55, 0xAD55, 0xAD55, 0xAD55, 0xAD55, 0xAD55, 0xAD55, 0xAD55, 0xAD55, 0xAD55, 0xAD55, 0xAD55,
  0xAD55, 0xAD55, 0xAD55, 0xAD55, 0xAD55, 0xAD55, 0xAD55, 0xAD55, 0xAD55, 0xAD55, 0xAD55, 0xAD55,
  0xAD55, 0xAD55, 0xAD55, 0xAD55, 0xAD55, 0xAD55, 0xAD55, 0xAD55, 0xAD55, 0xAD55, 0xAD55, 0xAD55,
  0xAD55, 0xAD55, 0xAD55, 0xAD55, 0xAD55, 0xAD55, 0xAD55, 0xAD55, 0xAD35, 0xAD55, 0x6BF1, 0x7C72,
  0xAD55, 0x8D34, 0xA555, 0x0165, 0x0082, 0xAD55, 0x32AA, 0x0062, 0x7410, 0xAD55, 0xAD35, 0xA534,
  0xAD54, 0xA554, 0xAD55, 0xAD55, 0xAD55, 0xAD55, 0xAD55, 0xAD55, 0xAD55, 0xAD55, 0xAD55, 0xAD55,
  0xAD35, 0xAD35, 0xAD55, 0xAD55, 0xAD55, 0xAD55, 0xAD55, 0xAD55, 0x4350, 0x010E, 0x01B0, 0x01D0,
  0x01AF, 0x018F, 0x01D0, 0x01B0, 0x01AF, 0x01B0, 0x01B0, 0x01B0, 0x01B0, 0x01B0, 0x01B0, 0x01B0,
  0x01B0, 0x01B0, 0x01B0, 0x01B0, 0x01B0, 0x01B0, 0x01B0, 0x01B0, 0x01B0, 0x01B0, 0x01B0, 0x01B0,
  0x01B0, 0x01B0, 0x057E, 0x059F, 0x059E, 0x059E, 0x059E, 0x059E, 0x059E, 0x061F, 0x04BB, 0x04F9,
  0xBE19, 0x9CB3, 0x4ACC, 0xC67A, 0xDF1C, 0xDF1C, 0xBE18, 0xC67A, 0xA5B7, 0xAD97, 0x6BB0, 0x21E9,
  0x4AEE, 0x324B, 0x3A8C, 0x21A8, 0x322B, 0x4A6A, 0x3A6B, 0x059E, 0x00E6, 0x0000, 0x3A2B, 0x3A2B,
  0x0884, 0x0000, 0x0000, 0x0000, 0x0000, 0x0000, 0x0000, 0x0000, 0x0000, 0x0000, 0x0000, 0x0000,
  0x0000, 0x0000, 0x0000, 0x0000, 0x0000, 0x0000, 0x0000, 0x0000, 0x0000, 0x31C8, 0x5B2F, 0x4AAD,
  0x3A4B, 0x4AAD, 0xD6BB, 0xEF5D, 0xDEFC, 0xE71C, 0xFFFF, 0x528B, 0x0000, 0x6B8E, 0xFFFF, 0xD6BC,
  0xEF7F, 0x0000, 0x1903, 0xFFFF, 0xE71D, 0xE73D, 0xEF7E, 0x632E, 0x29A9, 0x73D1, 0x6350, 0x39E9,
  0x0000, 0x0000, 0x0000, 0x0000, 0x0000, 0x0000, 0x0000, 0x0000, 0x2800, 0xB003, 0xB803, 0xB802,
  0xA802, 0x9822, 0x0087, 0x0087, 0x0087, 0x0087, 0x0087, 0x0087, 0x0087, 0x0087, 0x0087, 0x0087,
  0x0087, 0x0087, 0x0087, 0x0087, 0x0087, 0x0087, 0x0087, 0x0087, 0x0087, 0x0087, 0x0087, 0x0087,
  0x0087, 0x0087, 0x0087, 0x0087, 0x0087, 0x0087, 0x0087, 0x014D, 0x01B0, 0x01B0, 0x01B0, 0x01B0,
  0x01B0, 0x01B0, 0x01B0, 0x01B0, 0x01B0, 0x01B0, 0x01B0, 0x01B0, 0x01B0, 0x01B0, 0x01B0, 0x01B0,
  0x01B0, 0x01B0, 0x01B0, 0x01B0, 0x01B0, 0x01B0, 0x01B0, 0x01B0, 0x01B0, 0x01B0, 0x01B0, 0x01B0,
  0x01B0, 0x01B0, 0x01B0, 0x01B0, 0x01B0, 0x01B0, 0x01B0, 0x01B0, 0x01B0, 0x01B0, 0x01B0, 0x01B0,
  0xAD55, 0xAD55, 0xAD55, 0xAD55, 0xAD55, 0xAD55, 0xAD55, 0xAD55, 0xAD55, 0xAD55, 0xAD55, 0xAD55,
  0xAD55, 0xAD55, 0xAD55, 0xAD55, 0xAD55, 0xAD55, 0xAD55, 0xAD55, 0xAD55, 0xAD55, 0xAD55, 0xAD55,
  0xAD55, 0xAD55, 0xAD55, 0xAD55, 0xAD55, 0xAD55, 0xAD55, 0xAD55, 0xAD55, 0xAD55, 0xAD55, 0xAD55,
  0xAD55, 0xAD55, 0xAD55, 0xAD55, 0xAD55, 0xAD55, 0xAD55, 0xAD55, 0xAD55, 0xAD55, 0xAD55, 0xAD55,
  0xAD55, 0xAD55, 0xAD55, 0xAD55, 0xAD55, 0xAD55, 0xAD55, 0xAD55, 0xAD55, 0xAD55, 0xAD55, 0xAD55,
  0xAD55, 0xAD55, 0xAD55, 0xAD55, 0xAD55, 0xAD55, 0xAD55, 0xAD55, 0xAD55, 0xAD55, 0xAD55, 0xAD55,
  0xAD55, 0xAD55, 0xAD55, 0xAD55, 0xAD55, 0xAD55, 0xAD55, 0xAD55, 0xAD55, 0xAD55, 0xAD55, 0xAD55,
  0xAD55, 0xAD55, 0xAD55, 0xAD55, 0xAD55, 0x9D14, 0x7452, 0xA555, 0x9D34, 0x8D55, 0x6CF3, 0x0187,
  0x6431, 0x9D55, 0x7534, 0x7492, 0xAD55, 0xAD35, 0xA534, 0xA534, 0xA534, 0xA534, 0xAD55, 0xAD55,
  0xAD55, 0xAD55, 0xAD55, 0xAD55, 0xAD55, 0xAD55, 0xAD55, 0xAD55, 0xAD35, 0xAD35, 0xAD55, 0xAD55,
  0xAD55, 0xAD55, 0xAD55, 0xAD55, 0x1A6E, 0x00EE, 0x01D1, 0x01AF, 0x016E, 0x01AF, 0x01B0, 0x01B0,
  0x01AF, 0x01AF, 0x01B0, 0x01B0, 0x01B0, 0x01B0, 0x01B0, 0x01B0, 0x01B0, 0x01B0, 0x01AF, 0x01B0,
  0x01B0, 0x01AF, 0x01AF, 0x01AF, 0x01B0, 0x01AF, 0x01AF, 0x01B0, 0x01AF, 0x01AF, 0x057E, 0x059F,
  0x059E, 0x059E, 0x059E, 0x059E, 0x059E, 0x057E, 0x05FF, 0x05FF, 0xA6BC, 0xFF1C, 0xC65A, 0xCEBB,
  0xD6DB, 0xD6BB, 0xD6BB, 0xD6FC, 0xE77D, 0x8473, 0x0084, 0x42CD, 0x42CD, 0x29E9, 0x324B, 0x2A0A,
  0x4AED, 0x5187, 0x03F5, 0x051B, 0x0000, 0x1062, 0x424C, 0x1927, 0x0000, 0x0000, 0x0000, 0x0000,
  0x0000, 0x0000, 0x0000, 0x0000, 0x0000, 0x0000, 0x0000, 0x0000, 0x0000, 0x0000, 0x0000, 0x0000,
  0x0000, 0x0000, 0x0000, 0x0000, 0x0000, 0x29A8, 0x530E, 0x4AAC, 0x31EA, 0x73F1, 0xE75E, 0xE71D,
  0xDEFC, 0xDEFC, 0xFFFF, 0x9493, 0x0000, 0x3186, 0xEF7E, 0xE73D, 0xDEDC, 0x0000, 0x4A69, 0xFFFF,
  0xDEFC, 0xE71C, 0xF7BF, 0x73D1, 0x2168, 0x73D1, 0x6BB1, 0x39E9, 0x0000, 0x0000, 0x0000, 0x0000,
  0x0000, 0x0000, 0x0000, 0x0000, 0x4000, 0xB802, 0x5801, 0x0000, 0x0000, 0x0020, 0x0087, 0x0087,
  0x0087, 0x0087, 0x0087, 0x0087, 0x0087, 0x0087, 0x0087, 0x0087, 0x0087, 0x0087, 0x0087, 0x0087,
  0x0087, 0x0087, 0x0087, 0x0087, 0x0087, 0x0087, 0x0087, 0x0087, 0x0087, 0x0087, 0x0087, 0x0087,
  0x0087, 0x00A8, 0x016E, 0x01B0, 0x01B0, 0x01B0, 0x01B0, 0x01B0, 0x01B0, 0x01B0, 0x01B0, 0x01B0,
  0x01B0, 0x01B0, 0x01B0, 0x01B0, 0x01B0, 0x01B0, 0x01B0, 0x01B0, 0x01B0, 0x01B0, 0x01B0, 0x01B0,
  0x01B0, 0x01B0, 0x01B0, 0x01B0, 0x01B0, 0x01AF, 0x01B0, 0x01AF, 0x01AF, 0x01AF, 0x01AF, 0x01AF,
  0x01AF, 0x01AF, 0x01AF, 0x01AF, 0x01AF, 0x01AF, 0x01AF, 0x01AF, 0xAD55, 0xAD55, 0xAD55, 0xAD55,
  0xAD55, 0xAD55, 0xAD55, 0xAD55, 0xAD55, 0xAD55, 0xAD55, 0xAD55, 0xAD55, 0xAD55, 0xAD55, 0xAD55,
  0xAD55, 0xAD55, 0xAD55, 0xAD55, 0xAD55, 0xAD55, 0xAD55, 0xAD55, 0xAD55, 0xAD55, 0xAD55, 0xAD55,
  0xAD55, 0xAD55, 0xAD55, 0xAD55, 0xAD55, 0xAD55, 0xAD55, 0xAD55, 0xAD55, 0xAD55, 0xAD55, 0xAD55,
  0xAD55, 0xAD55, 0xAD55, 0xAD55, 0xAD55, 0xAD55, 0xAD55, 0xAD55, 0xAD55, 0xAD55, 0xAD55, 0xAD55,
  0xAD55, 0xAD55, 0xAD55, 0xAD55, 0xAD55, 0xAD55, 0xAD55, 0xAD55, 0xAD55, 0xAD55, 0xAD55, 0xAD55,
  0xAD55, 0xAD55, 0xAD55, 0xAD55, 0xAD55, 0xAD55, 0xAD55, 0xAD55, 0xAD55, 0xAD55, 0xAD55, 0xAD55,
  0xAD55, 0xAD55, 0xAD55, 0xAD55, 0xAD55, 0xAD55, 0xAD55, 0xAD55, 0xAD55, 0xAD55, 0xAD55, 0xAD55,
  0xAD55, 0x7411, 0x7C52, 0xAD55, 0x8D34, 0x8555, 0x4411, 0x64B3, 0x9D55, 0x7D34, 0x5C31, 0x9D34,
  0xAD55, 0xAD34, 0xAD34, 0xA534, 0xAD55, 0xAD55, 0xAD55, 0xAD55, 0xAD55, 0xAD55, 0xAD55, 0xAD55,
  0xAD55, 0xAD55, 0xAD55, 0xAD55, 0xAD55, 0xAD55, 0xAD55, 0xAD55, 0xAD55, 0xAD55, 0xAD55, 0xAD55,
  0x6C12, 0x01AF, 0x0170, 0x01F0, 0x024F, 0x01AE, 0x01B0, 0x01B0, 0x01B0, 0x01AF, 0x01B0, 0x01B0,
  0x01B0, 0x01B0, 0x01B0, 0x01B0, 0x01AF, 0x01AF, 0x01AF, 0x01AF, 0x01AF, 0x01B0, 0x01B0, 0x01B0,
  0x01B0, 0x01B0, 0x01B0, 0x01B0, 0x01AF, 0x01AF, 0x057E, 0x059F, 0x059E, 0x059E, 0x059E, 0x059E,
  0x059E, 0x059F, 0x059E, 0x057E, 0xA69C, 0xF71B, 0xDF1C, 0xD6DB, 0xD6DB, 0xD6BB, 0xDEFC, 0xE73C,
  0xD6FD, 0x5BB0, 0x2188, 0x5B6F, 0x322A, 0x322A, 0x2A2A, 0x2A0A, 0x31A8, 0x3126, 0x061F, 0x02AF,
  0x0000, 0x2168, 0x31EA, 0x08A4, 0x0000, 0x0000, 0x0000, 0x0000, 0x0000, 0x0000, 0x0000, 0x0000,
  0x0000, 0x0000, 0x0000, 0x0000, 0x0000, 0x0000, 0x0000, 0x0000, 0x0000, 0x0000, 0x0000, 0x0000,
  0x0841, 0x422B, 0x428C, 0x4ACD, 0x3A2A, 0x8472, 0xEF3E, 0xE71D, 0xDEFC, 0xDEDC, 0xEF5E, 0xCE7A,
  0x0000, 0x0000, 0xE6FC, 0xFFFF, 0xBDD8, 0x0000, 0x7BCF, 0xFFFF, 0xDEDC, 0xDEBC, 0xF7BF, 0x73D0,
  0x1927, 0x6BB1, 0x73D1, 0x2148, 0x0000, 0x0000, 0x0000, 0x0000, 0x0000, 0x0000, 0x0000, 0x0000,
  0x0000, 0x0000, 0x0000, 0x2000, 0x9001, 0xE823, 0x0087, 0x0087, 0x0087, 0x0087, 0x0087, 0x0087,
  0x0087, 0x0087, 0x0087, 0x0087, 0x0087, 0x0087, 0x0087, 0x0087, 0x0087, 0x0087, 0x0087, 0x0087,
  0x0087, 0x0087, 0x0087, 0x0087, 0x0087, 0x0087, 0x0087, 0x0087, 0x00C9, 0x018E, 0x01AF, 0x01AF,
  0x01AF, 0x01AF, 0x01AF, 0x01AF, 0x01AF, 0x01AF, 0x01AF, 0x01AF, 0x01AF, 0x01AF, 0x01AF, 0x01AF,
  0x01AF, 0x01AF, 0x01AF, 0x01AF, 0x01AF, 0x01AF, 0x01B0, 0x01B0, 0x01B0, 0x01B0, 0x01AF, 0x01AF,
  0x01AF, 0x01AF, 0x01B0, 0x01B0, 0x01AF, 0x01AF, 0x01AF, 0x01AF, 0x01AF, 0x01AF, 0x01AF, 0x01AF,
  0x01AF, 0x01AF, 0x01AF, 0x01AF, 0xAD55, 0xAD55, 0xAD55, 0xAD55, 0xAD55, 0xAD55, 0xAD55, 0xAD55,
  0xAD55, 0xAD55, 0xAD55, 0xAD55, 0xAD55, 0xAD55, 0xAD55, 0xAD55, 0xAD55, 0xAD55, 0xAD55, 0xAD55,
  0xAD55, 0xAD55, 0xAD55, 0xAD55, 0xAD55, 0xAD55, 0xAD55, 0xAD55, 0xAD55, 0xAD55, 0xAD55, 0xAD55,
  0xAD55, 0xAD55, 0xAD55, 0xAD55, 0xAD55, 0xAD55, 0xAD55, 0xAD55, 0xAD55, 0xAD55, 0xAD55, 0xAD55,
  0xAD55, 0xAD55, 0xAD55, 0xAD55, 0xAD55, 0xAD55, 0xAD55, 0xAD55, 0xAD55, 0xAD55, 0xAD55, 0xAD55,
  0xAD55, 0xAD55, 0xAD55, 0xAD55, 0xAD55, 0xAD55, 0xAD55, 0xAD55, 0xAD55, 0xAD55, 0xAD55, 0xAD55,
  0xAD55, 0xAD55, 0xAD55, 0xAD55, 0xAD55, 0xAD55, 0xAD55, 0xAD55, 0xAD55, 0xAD55, 0xAD55, 0xAD55,
  0xAD55, 0xAD55, 0xAD55, 0xAD55, 0xAD55, 0xAD55, 0xAD55, 0xAD55, 0x94F4, 0x63B0, 0xA514, 0xA555,
  0x8D55, 0x4C72, 0x4C72, 0x9555, 0x8D55, 0x5C11, 0x8CB3, 0xAD55, 0xAD34, 0xAD34, 0xAD34, 0xA534,
  0xAD55, 0xAD55, 0xAD55, 0xAD55, 0xAD55, 0xAD55, 0xAD55, 0xAD55, 0xAD55, 0xAD55, 0xAD55, 0xAD55,
  0xAD55, 0xAD55, 0xAD55, 0xAD55, 0xAD55, 0xAD55, 0xAD55, 0xAD55, 0xAD55, 0x022F, 0x00EF, 0x0271,
  0x3350, 0x014D, 0x01B0, 0x01B0, 0x01B0, 0x01AF, 0x01B0, 0x01B0, 0x01B0, 0x01B0, 0x01B0, 0x01B0,
  0x01AF, 0x01AF, 0x01AF, 0x01AF, 0x01AF, 0x01B0, 0x01B0, 0x01B0, 0x01B0, 0x01B0, 0x01B0, 0x01B0,
  0x01AF, 0x01AF, 0x057E, 0x059F, 0x059E, 0x059E, 0x059E, 0x059E, 0x059E, 0x059E, 0x057F, 0x059D,
  0xDEDB, 0xE6FB, 0xD6DB, 0xD6DB, 0xD6DB, 0xD6BB, 0xCE59, 0xD6DB, 0xB63A, 0x6C12, 0x322A, 0x21A9,
  0x21A9, 0x21E9, 0x1988, 0x1147, 0x2063, 0x0372, 0x065F, 0x0000, 0x0000, 0x31CA, 0x31CA, 0x0863,
  0x0000, 0x0000, 0x0000, 0x0000, 0x0000, 0x0000, 0x0000, 0x0000, 0x0000, 0x0000, 0x0000, 0x0000,
  0x0000, 0x0000, 0x0000, 0x0000, 0x0000, 0x0000, 0x0000, 0x0000, 0x2105, 0x52CD, 0x3A2A, 0x4AAC,
  0x3A2B, 0x9D15, 0xEF5E, 0xDEDC, 0xDEDC, 0xDEDC, 0xE71C, 0xEF5E, 0x18C3, 0x0000, 0xC5F8, 0xFFFF,
  0x7C12, 0x0000, 0xB596, 0xF7BF, 0xD6BB, 0xD6BB, 0xFFBF, 0x8452, 0x1947, 0x634F, 0x6370, 0x2188,
  0x0021, 0x0000, 0x0000, 0x0000, 0x0000, 0x0000, 0x0000, 0x0000, 0x02EF, 0x99CB, 0xE000, 0xF803,
  0xF804, 0xF824, 0x0087, 0x0087, 0x0087, 0x0087, 0x0087, 0x0087, 0x0087, 0x0087, 0x0087, 0x0087,
  0x0087, 0x0087, 0x0087, 0x0087, 0x0087, 0x0087, 0x0087, 0x0087, 0x0087, 0x0087, 0x0087, 0x0087,
  0x0087, 0x0087, 0x0087, 0x00EA, 0x01AF, 0x01AF, 0x01AF, 0x01AF, 0x01AF, 0x01AF, 0x01AF, 0x01AF,
  0x01AF, 0x01AF, 0x01AF, 0x01AF, 0x01AF, 0x01AF, 0x01AF, 0x01AF, 0x01AF, 0x01AF, 0x01AF, 0x01AF,
  0x01AF, 0x01AF, 0x01AF, 0x01AF, 0x01AF, 0x01AF, 0x01AF, 0x01AF, 0x01AF, 0x01AF, 0x01AF, 0x01AF,
  0x01AF, 0x01AF, 0x01AF, 0x01AF, 0x01AF, 0x01AF, 0x01AF, 0x01AF, 0x01AF, 0x01AF, 0x01AF, 0x01AF,
  0xAD55, 0xAD55, 0xAD55, 0xAD55, 0xAD55, 0xAD55, 0xAD55, 0xAD55, 0xAD55, 0xAD55, 0xAD55, 0xAD55,
  0xAD55, 0xAD55, 0xAD55, 0xAD55, 0xAD55, 0xAD55, 0xAD55, 0xAD55, 0xAD55, 0xAD55, 0xAD55, 0xAD55,
  0xAD55, 0xAD55, 0xAD55, 0xAD55, 0xAD55, 0xAD55, 0xAD55, 0xAD55, 0xAD55, 0xAD55, 0xAD55, 0xAD55,
  0xAD55, 0xAD55, 0xAD55, 0xAD55, 0xAD55, 0xAD55, 0xAD55, 0xAD55, 0xAD55, 0xAD55, 0xAD55, 0xAD55,
  0xAD55, 0xAD55, 0xAD55, 0xAD55, 0xAD55, 0xAD55, 0xA555, 0xA555, 0xAD55, 0xAD55, 0xAD55, 0xAD55,
  0xAD55, 0xAD55, 0xAD55, 0xAD55, 0xAD55, 0xAD55, 0xAD55, 0xAD55, 0xAD55, 0xAD55, 0xAD55, 0xAD55,
  0xAD55, 0xAD55, 0xAD55, 0xAD55, 0xAD55, 0xAD55, 0xAD55, 0xAD55, 0xAD55, 0xAD55, 0xAD55, 0xAD55,
  0xAD55, 0xAD55, 0xAD55, 0xAD55, 0x7411, 0x7C52, 0xAD55, 0x9514, 0x5CB3, 0x4472, 0x6D34, 0x9D55,
  0x7C92, 0x7C52, 0xAD55, 0xAD34, 0xAD34, 0xAD34, 0xAD55, 0xAD55, 0xAD55, 0xAD55, 0xAD55, 0xAD55,
  0xAD55, 0xAD55, 0xAD55, 0xAD55, 0xAD55, 0xAD55, 0xAD55, 0xAD55, 0xAD55, 0xAD55, 0xAD55, 0xAD55,
  0xAD55, 0xAD55, 0xAD55, 0xAD55, 0x9CF3, 0x01CF, 0x010F, 0x0271, 0x0290, 0x014D, 0x01AF, 0x01B0,
  0x01B0, 0x01AF, 0x01B0, 0x01B0, 0x01B0, 0x01B0, 0x01B0, 0x01B0, 0x01B0, 0x01AF, 0x01AF, 0x01AF,
  0x01B0, 0x01B0, 0x01B0, 0x01B0, 0x01B0, 0x01B0, 0x01B0, 0x01B0, 0x01B0, 0x01B0, 0x057E, 0x059F,
  0x059E, 0x059E, 0x059E, 0x059E, 0x059E, 0x059F, 0x055F, 0x461C, 0xFED9, 0xD71B, 0xD73C, 0xD6BB,
  0xD6BB, 0xDEFC, 0xD69A, 0xAD76, 0x5BB0, 0x3A8C, 0x42CD, 0x328C, 0x0947, 0x1988, 0x21EA, 0x3A8C,
  0xB4D3, 0x061D, 0x041B, 0x1000, 0x0000, 0x18A4, 0x2968, 0x0021, 0x0000, 0x0000, 0x0000, 0x0000,
  0x0000, 0x0000, 0x0000, 0x0000, 0x0000, 0x0000, 0x0000, 0x0000, 0x0000, 0x0000, 0x0000, 0x0000,
  0x0000, 0x0000, 0x0000, 0x0000, 0x2126, 0x52EE, 0x3A2A, 0x424B, 0x4A8C, 0xBDF9, 0xEF7E, 0xDEDB,
  0xDEDC, 0xDEDC, 0xDEFC, 0xFFBF, 0x4A29, 0x0000, 0x8C51, 0xFFFF, 0x424B, 0x0000, 0xD69A, 0xE73D,
  0xD6BB, 0xD6BB, 0xF79F, 0x9D15, 0x29A9, 0x52CD, 0x52EE, 0x31EA, 0x0883, 0x0000, 0x0000, 0x0000,
  0x0000, 0x0000, 0x0000, 0x0000, 0x04D9, 0xE312, 0xF800, 0xF803, 0xF803, 0xF823, 0x0087, 0x0087,
  0x0087, 0x0087, 0x0087, 0x0087, 0x0087, 0x0087, 0x0087, 0x0087, 0x0087, 0x0087, 0x0087, 0x0087,
  0x0087, 0x0087, 0x0087, 0x0087, 0x0087, 0x0087, 0x0087, 0x0087, 0x0087, 0x0088, 0x014D, 0x01B0,
  0x01B0, 0x01B0, 0x01B0, 0x01B0, 0x01B0, 0x01B0, 0x01B0, 0x01B0, 0x01B0, 0x01B0, 0x01B0, 0x01B0,
  0x01B0, 0x01B0, 0x01B0, 0x01B0, 0x01B0, 0x01B0, 0x01AF, 0x01AF, 0x01AF, 0x01AF, 0x01AF, 0x01AF,
  0x01AF, 0x01AF, 0x01AF, 0x01AF, 0x01AF, 0x01AF, 0x01AF, 0x01AF, 0x01AF, 0x01B0, 0x01B0, 0x01B0,
  0x01B0, 0x01B0, 0x01B0, 0x01B0, 0x01B0, 0x01B0, 0x01B0, 0x01B0, 0xAD55, 0xAD55, 0xAD55, 0xAD55,
  0xAD55, 0xAD55, 0xAD55, 0xAD55, 0xAD55, 0xAD55, 0xAD55, 0xAD55, 0xAD55, 0xAD55, 0xAD55, 0xAD55,
  0xAD55, 0xAD55, 0xAD55, 0xAD55, 0xAD55, 0xAD55, 0xAD55, 0xAD55, 0xAD55, 0xAD55, 0xAD55, 0xAD55,
  0xAD55, 0xAD55, 0xAD55, 0xAD55, 0xAD55, 0xAD55, 0xAD55, 0xAD55, 0xAD55, 0xAD55, 0xAD55, 0xAD55,
  0xAD55, 0xAD55, 0xAD55, 0xAD55, 0xAD55, 0xAD55, 0xAD55, 0xAD55, 0xAD55, 0xAD35, 0xAD35, 0xAD35,
  0xAD54, 0xAD54, 0xAD55, 0xAD55, 0xAD55, 0xAD54, 0xAD54, 0xAD35, 0xAD55, 0xAD35, 0xAD35, 0xAD55,
  0xAD55, 0xAD55, 0xAD55, 0xAD55, 0xAD55, 0xAD55, 0xAD55, 0xAD55, 0xAD55, 0xAD55, 0xAD55, 0xAD55,
  0xAD55, 0xAD55, 0xAD55, 0xAD55, 0xAD55, 0xAD55, 0xAD55, 0xAD55, 0xAD35, 0xAD35, 0xAD55, 0xA534,
  0x7411, 0x9D14, 0xAD55, 0x84D3, 0x4C92, 0x7555, 0xA555, 0x8CB3, 0x7431, 0xAD55, 0xAD55, 0xAD34,
  0xAD34, 0xAD34, 0xAD55, 0xAD55, 0xAD55, 0xAD55, 0xAD55, 0xAD55, 0xAD55, 0xAD55, 0xAD55, 0xAD55,
  0xAD55, 0xAD55, 0xAD55, 0xAD55, 0xAD55, 0xAD55, 0xAD55, 0xAD55, 0xAD55, 0xAD55, 0xAD55, 0xAD55,
  0x94F3, 0x01CF, 0x012F, 0x01D0, 0x01F0, 0x018F, 0x01AF, 0x01B0, 0x01AF, 0x01AF, 0x0190, 0x0190,
  0x0190, 0x0190, 0x01B0, 0x01B0, 0x01AF, 0x01B0, 0x01AF, 0x01AF, 0x01AF, 0x01B0, 0x01B0, 0x01B0,
  0x01B0, 0x01B0, 0x01B0, 0x01B0, 0x01AF, 0x01AF, 0x057E, 0x059F, 0x059E, 0x059E, 0x059E, 0x059E,
  0x059E, 0x059F, 0x059F, 0x059E, 0x059A, 0xE61A, 0xE5BA, 0xD6BA, 0xD6DB, 0xDEDB, 0xD6FC, 0xADF9,
  0x7CD5, 0x8D15, 0xC6BB, 0xDF3C, 0xCE79, 0xD6BB, 0xA576, 0xB5F8, 0xFFFF, 0xFF1F, 0xB953, 0x0000,
  0x0000, 0x0000, 0x0000, 0x0000, 0x0000, 0x0000, 0x0000, 0x0000, 0x0000, 0x0000, 0x0000, 0x0000,
  0x0000, 0x0000, 0x0000, 0x0000, 0x0000, 0x0000, 0x0000, 0x0000, 0x0000, 0x0000, 0x0000, 0x0000,
  0x2147, 0x428C, 0x426B, 0x3A0A, 0x5B2E, 0xD69B, 0xE73D, 0xDEDB, 0xDEDB, 0xDEDB, 0xDEDB, 0xFFDF,
  0x73AF, 0x0000, 0x5AAA, 0xF7DF, 0x10C6, 0x2126, 0xEF7E, 0xDEDC, 0xD6BB, 0xD6BB, 0xEF5E, 0xBDF8,
  0x3A2A, 0x31EA, 0x52AD, 0x3A4C, 0x10C4, 0x0000, 0x0000, 0x0000, 0x0000, 0x0000, 0x0000, 0x0000,
  0x051B, 0x4C58, 0xF800, 0xF800, 0xF804, 0xF824, 0x0087, 0x0087, 0x0087, 0x0087, 0x0087, 0x0087,
  0x0087, 0x0087, 0x0087, 0x0087, 0x0087, 0x0087, 0x0087, 0x0087, 0x0087, 0x0087, 0x0087, 0x0087,
  0x0087, 0x0087, 0x0087, 0x0087, 0x00EA, 0x018F, 0x01AF, 0x01AF, 0x01AF, 0x01AF, 0x01AF, 0x01AF,
  0x01AF, 0x01AF, 0x01AF, 0x01AF, 0x01AF, 0x01AF, 0x01AF, 0x01AF, 0x01AF, 0x01AF, 0x01AF, 0x01AF,
  0x01AF, 0x01AF, 0x01AF, 0x01AF, 0x01AF, 0x01AF, 0x01AF, 0x01AF, 0x01AF, 0x01AF, 0x01AF, 0x01AF,
  0x01AF, 0x01AF, 0x01AF, 0x01AF, 0x01AF, 0x01AF, 0x01AF, 0x01AF, 0x01AF, 0x01AF, 0x01AF, 0x01AF,
  0x01AF, 0x01AF, 0x01AF, 0x01AF, 0xAD55, 0xAD55, 0xAD55, 0xAD55, 0xAD55, 0xAD55, 0xAD55, 0xAD55,
  0xAD55, 0xAD55, 0xAD55, 0xAD55, 0xAD55, 0xAD55, 0xAD55, 0xAD55, 0xAD55, 0xAD55, 0xAD55, 0xAD55,
  0xAD55, 0xAD55, 0xAD55, 0xAD55, 0xAD55, 0xAD55, 0xAD55, 0xAD55, 0xAD55, 0xAD55, 0xAD55, 0xAD55,
  0xAD55, 0xAD55, 0xAD55, 0xAD55, 0xAD55, 0xAD55, 0xAD55, 0xAD55, 0xAD55, 0xAD55, 0xAD55, 0xAD55,
  0xAD55, 0xAD55, 0xAD55, 0xAD55, 0xAD55, 0xAD35, 0xAD35, 0xAD55, 0xAD55, 0xAD55, 0xAD55, 0xAD54,
  0xAD54, 0xAD55, 0xAD55, 0xAD55, 0xAD35, 0xAD35, 0xAD35, 0xAD55, 0xAD55, 0xAD55, 0xAD55, 0xAD55,
  0xAD55, 0xAD55, 0xAD55, 0xAD55, 0xAD55, 0xAD55, 0xAD55, 0xAD55, 0xAD55, 0xAD55, 0xAD55, 0xAD55,
  0xAD55, 0xAD55, 0xAD55, 0xAD55, 0xAD35, 0xAD35, 0xAD55, 0x9CD4, 0x8452, 0xAD55, 0xAD35, 0x9534,
  0x7D55, 0xA555, 0xA514, 0x63F0, 0x94F4, 0xAD55, 0xAD35, 0xAD55, 0xAD55, 0xAD54, 0xAD55, 0xAD55,
  0xAD55, 0xAD55, 0xAD55, 0xAD55, 0xAD55, 0xAD55, 0xAD55, 0xAD55, 0xAD55, 0xAD55, 0xAD55, 0xAD55,
  0xAD55, 0xAD55, 0xAD55, 0xAD55, 0xAD55, 0xAD55, 0xAD55, 0xAD55, 0x9CF3, 0x01CF, 0x0150, 0x018F,
  0x018F, 0x0190, 0x018F, 0x018F, 0x018F, 0x0190, 0x0190, 0x0190, 0x0190, 0x0190, 0x0190, 0x018F,
  0x018F, 0x018F, 0x0190, 0x018F, 0x018F, 0x0190, 0x0190, 0x0190, 0x0190, 0x0190, 0x0190, 0x0190,
  0x0190, 0x0190, 0x057E, 0x059F, 0x059E, 0x059E, 0x059E, 0x059E, 0x059E, 0x059E, 0x059E, 0x057F,
  0x059F, 0xABFB, 0xFC99, 0xD73B, 0xCEDB, 0xD6FC, 0xC65A, 0x9D97, 0x9597, 0x9577, 0xE75D, 0xFFFF,
  0xFFFF, 0xFFFF, 0xE73C, 0xF79E, 0xE7FD, 0xFDBF, 0xC073, 0x0000, 0x0000, 0x0000, 0x0000, 0x0000,
  0x0000, 0x0000, 0x0000, 0x0000, 0x0000, 0x0000, 0x0000, 0x0000, 0x0000, 0x0020, 0x0000, 0x0000,
  0x0000, 0x0000, 0x0000, 0x0000, 0x0000, 0x0000, 0x0000, 0x0000, 0x2989, 0x3A0A, 0x4A8C, 0x29A9,
  0x73F1, 0xE71D, 0xDEFC, 0xDEDB, 0xDEDB, 0xDEDB, 0xDEDB, 0xEF7E, 0xAD97, 0x0000, 0x18C2, 0xBDF9,
  0x0023, 0x636E, 0xF7BF, 0xD6BB, 0xD6BB, 0xD6BB, 0xE6FC, 0xD6BB, 0x52ED, 0x10E6, 0x52EE, 0x4ACD,
  0x1906, 0x0000, 0x0000, 0x0000, 0x0000, 0x0000, 0x0000, 0x0000, 0x055C, 0x069F, 0x6BF4, 0xA0A5,
  0x7000, 0x3820, 0x0087, 0x0087, 0x0087, 0x0087, 0x0087, 0x0087, 0x0087, 0x0087, 0x0087, 0x0087,
  0x0087, 0x0087, 0x0087, 0x0087, 0x0087, 0x0087, 0x0087, 0x0087, 0x0087, 0x0087, 0x00C9, 0x014D,
  0x018F, 0x018F, 0x018F, 0x018F, 0x018F, 0x018F, 0x018F, 0x018F, 0x018F, 0x018F, 0x018F, 0x018F,
  0x018F, 0x018F, 0x018F, 0x018F, 0x018F, 0x018F, 0x018F, 0x018F, 0x018F, 0x018F, 0x018F, 0x018F,
  0x018F, 0x018F, 0x018F, 0x018F, 0x018F, 0x018F, 0x018F, 0x018F, 0x018F, 0x018F, 0x018F, 0x018F,
  0x018F, 0x018F, 0x018F, 0x018F, 0x018F, 0x018F, 0x018F, 0x018F, 0x018F, 0x018F, 0x018F, 0x018F,
  0xAD55, 0xAD55, 0xAD55, 0xAD55, 0xAD55, 0xAD55, 0xAD55, 0xAD55, 0xAD55, 0xAD55, 0xAD55, 0xAD55,
  0xAD55, 0xAD55, 0xAD55, 0xAD55, 0xAD55, 0xAD55, 0xAD55, 0xAD55, 0xAD55, 0xAD55, 0xAD55, 0xAD55,
  0xAD55, 0xAD55, 0xAD55, 0xAD55, 0xAD55, 0xAD55, 0xAD55, 0xAD55, 0xAD55, 0xAD55, 0xAD55, 0xAD55,
  0xAD55, 0xAD55, 0xAD55, 0xAD55, 0xAD55, 0xAD55, 0xAD55, 0xAD55, 0xAD55, 0xAD55, 0xAD55, 0xAD55,
  0xAD55, 0xAD35, 0xAD55, 0xAD55, 0x7C73, 0x3B51, 0x026F, 0x018E, 0x014E, 0x2AF1, 0x7C53, 0xAD55,
  0xAD55, 0xAD55, 0xAD55, 0xAD35, 0xAD55, 0xA555, 0xAD55, 0xAD55, 0xAD55, 0xAD55, 0xAD55, 0xAD55,
  0xAD55, 0xAD55, 0xAD55, 0xAD55, 0xAD55, 0xAD55, 0xAD55, 0xAD55, 0xAD55, 0xAD55, 0xAD55, 0xAD55,
  0xAD35, 0xAD35, 0xAD55, 0x7C31, 0x8452, 0xAD55, 0xAD35, 0xAD55, 0xAD55, 0xA555, 0x3BF1, 0x7492,
  0xAD55, 0xAD35, 0xAD35, 0xAD55, 0xAD55, 0xAD55, 0xAD55, 0xAD55, 0xAD55, 0xAD55, 0xAD55, 0xAD55,
  0xAD55, 0xAD55, 0xAD55, 0xAD55, 0xAD55, 0xAD55, 0xAD55, 0xAD55, 0xAD55, 0xAD55, 0xAD55, 0xAD55,
  0xAD55, 0xAD55, 0xAD55, 0xAD55, 0x9CF3, 0x01AF, 0x014F, 0x0190, 0x0190, 0x0190, 0x018F, 0x018F,
  0x018F, 0x0190, 0x0190, 0x0190, 0x0190, 0x0190, 0x0190, 0x018F, 0x018F, 0x018F, 0x0190, 0x0190,
  0x0190, 0x0190, 0x0190, 0x0190, 0x018F, 0x018F, 0x018F, 0x018F, 0x018F, 0x018F, 0x057E, 0x059F,
  0x059E, 0x059E, 0x059E, 0x05BE, 0x059F, 0x055F, 0x057E, 0x061D, 0xC5DB, 0x1D1B, 0x4E1B, 0xF73B,
  0xD73C, 0xEEBA, 0xBDF8, 0x9DF9, 0x8D36, 0xADF8, 0xD6BB, 0xEF7E, 0xFFFF, 0xFFDE, 0xF79E, 0xEF9D,
  0xE7FD, 0xFC1F, 0xB013, 0x0000, 0x0000, 0x0000, 0x0000, 0x0000, 0x0000, 0x0000, 0x0000, 0x0000,
  0x0000, 0x0000, 0x0000, 0x0000, 0x0000, 0x1041, 0x0000, 0x0000, 0x0000, 0x0000, 0x0000, 0x0000,
  0x0000, 0x0000, 0x0000, 0x0842, 0x29CA, 0x29C9, 0x4AAD, 0x2168, 0x8C73, 0xF77E, 0xD6DB, 0xDEDB,
  0xDEDB, 0xDEDB, 0xDEDC, 0xDF1C, 0xDEBC, 0x20E4, 0x0000, 0x634E, 0x08A5, 0x9CF5, 0xF79F, 0xD6BB,
  0xD6BB, 0xD6BB, 0xD6BB, 0xE73D, 0x6B6F, 0x0023, 0x5B2F, 0x5B2F, 0x1927, 0x0020, 0x0000, 0x0000,
  0x0000, 0x0000, 0x0000, 0x0000, 0x03D4, 0x06DF, 0x077F, 0x03B3, 0x0000, 0x0000, 0x0087, 0x0087,
  0x0087, 0x0087, 0x0087, 0x0087, 0x0087, 0x0087, 0x0087, 0x0087, 0x0087, 0x0087, 0x0087, 0x0087,
  0x0087, 0x0087, 0x0087, 0x0087, 0x00A9, 0x014D, 0x018F, 0x018F, 0x018F, 0x018F, 0x018F, 0x018F,
  0x018F, 0x018F, 0x018F, 0x018F, 0x018F, 0x018F, 0x018F, 0x018F, 0x018F, 0x018F, 0x018F, 0x018F,
  0x018F, 0x018F, 0x018F, 0x018F, 0x018F, 0x018F, 0x018F, 0x018F, 0x018F, 0x018F, 0x018F, 0x018F,
  0x018F, 0x018F, 0x018F, 0x018F, 0x018F, 0x018F, 0x018F, 0x018F, 0x018F, 0x018F, 0x018F, 0x018F,
  0x018F, 0x018F, 0x018F, 0x018F, 0x018F, 0x018F, 0x018F, 0x018F, 0xAD55, 0xAD55, 0xAD55, 0xAD55,
  0xAD55, 0xAD55, 0xAD55, 0xAD55, 0xAD55, 0xAD55, 0xAD55, 0xAD55, 0xAD55, 0xAD55, 0xAD55, 0xAD55,
  0xAD55, 0xAD55, 0xAD55, 0xAD55, 0xAD55, 0xAD55, 0xAD55, 0xAD55, 0xAD55, 0xAD55, 0xAD55, 0xAD55,
  0xAD55, 0xAD55, 0xAD55, 0xAD55, 0xAD55, 0xAD55, 0xAD55, 0xAD55, 0xAD55, 0xAD55, 0xAD55, 0xAD55,
  0xAD55, 0xAD55, 0xAD55, 0xAD55, 0xAD55, 0xAD55, 0xAD55, 0xAD55, 0xAD55, 0xAD55, 0xAD55, 0x4B30,
  0x006C, 0x004D, 0x00CD, 0x01EF, 0x022F, 0x00ED, 0x008D, 0x018F, 0x5392, 0x9D15, 0xAD55, 0xAD55,
  0xAD55, 0xA555, 0xAD55, 0xAD55, 0xAD55, 0xAD55, 0xAD55, 0xAD55, 0xAD55, 0xAD55, 0xAD55, 0xAD55,
  0xAD55, 0xAD55, 0xAD55, 0xAD55, 0xAD55, 0xAD55, 0xAD55, 0xAD55, 0xAD35, 0xAD35, 0xA534, 0x6BD0,
  0x94D4, 0xAD55, 0xAD35, 0xAD55, 0x9D14, 0x3BF1, 0x2B90, 0xA555, 0xAD55, 0xAD35, 0xAD35, 0xAD55,
  0xAD55, 0xAD55, 0xAD55, 0xAD55, 0xAD55, 0xAD55, 0xAD55, 0xAD55, 0xAD55, 0xAD55, 0xAD55, 0xAD55,
  0xAD55, 0xAD55, 0xAD55, 0xAD55, 0xAD55, 0xAD55, 0xAD55, 0xAD55, 0xAD55, 0xAD55, 0xAD55, 0xAD55,
  0x9CF3, 0x01AF, 0x012F, 0x016F, 0x018F, 0x018F, 0x018F, 0x0190, 0x0190, 0x0190, 0x0190, 0x0190,
  0x0190, 0x0190, 0x0190, 0x018F, 0x018F, 0x018F, 0x0190, 0x0190, 0x0190, 0x0190, 0x0190, 0x0190,
  0x018F, 0x018F, 0x018F, 0x018F, 0x018F, 0x018F, 0x057E, 0x059F, 0x059E, 0x059F, 0x057F, 0x055F,
  0x053C, 0x7E7C, 0xCEBA, 0xB69C, 0x061E, 0x057E, 0x057F, 0xDE9A, 0xFE99, 0x3E5D, 0x0476, 0x638F,
  0xADB8, 0xE75D, 0xE73D, 0xCE7A, 0xF7BE, 0xFFFF, 0xF7BE, 0xFFFF, 0xF7FE, 0xFAFF, 0xB013, 0x0000,
  0x0000, 0x0000, 0x0000, 0x0000, 0x0000, 0x0000, 0x0000, 0x0000, 0x0000, 0x0000, 0x0000, 0x0000,
  0x0062, 0x0189, 0x0021, 0x0000, 0x0000, 0x0000, 0x0000, 0x0000, 0x0000, 0x0000, 0x0000, 0x10E5,
  0x31EA, 0x29A9, 0x3A4B, 0x3A2A, 0x7C12, 0xEF7E, 0xDEDC, 0xD6BB, 0xDEDC, 0xDEDC, 0xDEDB, 0xD6DB,
  0xE75E, 0x6B6E, 0x0000, 0x10A3, 0x2127, 0xB5B7, 0xEF5E, 0xD6BB, 0xD6BB, 0xD6BB, 0xD6DB, 0xEF7E,
  0x634E, 0x0022, 0x52EE, 0x6B90, 0x1948, 0x0862, 0x0000, 0x0000, 0x0000, 0x0000, 0x0000, 0x0000,
  0x2001, 0x04FA, 0x073F, 0x051D, 0x0000, 0x0000, 0x0087, 0x0087, 0x0087, 0x0087, 0x0087, 0x0087,
  0x0087, 0x0087, 0x0087, 0x0087, 0x0087, 0x0087, 0x0087, 0x0087, 0x0087, 0x0087, 0x00CA, 0x014D,
  0x0190, 0x0190, 0x0190, 0x0190, 0x0190, 0x0190, 0x0190, 0x0190, 0x0190, 0x0190, 0x0190, 0x0190,
  0x0190, 0x0190, 0x0190, 0x0190, 0x0190, 0x0190, 0x0190, 0x0190, 0x0190, 0x0190, 0x0190, 0x0190,
  0x0190, 0x0190, 0x0190, 0x0190, 0x0190, 0x0190, 0x0190, 0x0190, 0x0190, 0x0190, 0x0190, 0x0190,
  0x0190, 0x0190, 0x0190, 0x0190, 0x0190, 0x0190, 0x0190, 0x0190, 0x0190, 0x0190, 0x0190, 0x0190,
  0x0190, 0x0190, 0x0190, 0x0190, 0xAD55, 0xAD55, 0xAD55, 0xAD55, 0xAD55, 0xAD55, 0xAD55, 0xAD55,
  0xAD55, 0xAD55, 0xAD55, 0xAD55, 0xAD55, 0xAD55, 0xAD55, 0xAD55, 0xAD55, 0xAD55, 0xAD55, 0xAD55,
  0xAD55, 0xAD55, 0xAD55, 0xAD55, 0xAD55, 0xAD55, 0xAD55, 0xAD55, 0xAD55, 0xAD55, 0xAD55, 0xAD55,
  0xAD55, 0xAD55, 0xAD55, 0xAD55, 0xAD55, 0xAD55, 0xAD55, 0xAD55, 0xAD55, 0xAD55, 0xAD55, 0xAD55,
  0xAD55, 0xAD35, 0xAD35, 0xAD35, 0xAD55, 0xA534, 0x1A8F, 0x000C, 0x01AF, 0x6433, 0x8CD4, 0xAD55,
  0xAD55, 0x9CF4, 0x6C12, 0x2290, 0x00EC, 0x00ED, 0x1250, 0x8473, 0xAD55, 0xAD55, 0xAD54, 0xAD34,
  0xAD34, 0xAD35, 0xAD34, 0xAD34, 0xAD34, 0xAD34, 0xAD54, 0xAD54, 0xAD55, 0xAD55, 0xAD55, 0xAD55,
  0xAD55, 0xAD55, 0xAD55, 0xAD55, 0xA535, 0xAD55, 0x94D3, 0x7411, 0xAD55, 0xAD55, 0x9D34, 0x8514,
  0x5C93, 0x4C32, 0x7473, 0xAD55, 0xAD35, 0xAD35, 0xAD35, 0xAD55, 0xAD55, 0xAD55, 0xAD55, 0xAD55,
  0xAD55, 0xAD55, 0xAD55, 0xAD55, 0xAD55, 0xAD55, 0xAD55, 0xAD55, 0xAD55, 0xAD55, 0xAD55, 0xAD55,
  0xAD55, 0xAD55, 0xAD55, 0xAD55, 0xAD55, 0xAD55, 0xAD55, 0xAD55, 0x94D3, 0x01AF, 0x012F, 0x018F,
  0x018F, 0x018F, 0x018F, 0x0190, 0x0190, 0x0190, 0x018F, 0x018F, 0x018F, 0x018F, 0x018F, 0x018F,
  0x018F, 0x018F, 0x018F, 0x018F, 0x018F, 0x018F, 0x018F, 0x018F, 0x018F, 0x018F, 0x018F, 0x018F,
  0x018F, 0x018F, 0x057E, 0x057E, 0x05DF, 0x05FF, 0x05BB, 0x259A, 0xCEDC, 0xFF9C, 0xDE59, 0x0414,
  0x051E, 0x06BF, 0x059F, 0x05BD, 0x055A, 0x04BA, 0x01AA, 0x1800, 0xBE19, 0xFFFF, 0xDEFB, 0xC65A,
  0xDEFB, 0xFFFF, 0xFFFF, 0xFFFF, 0xEFFD, 0xFA3F, 0xC035, 0x0000, 0x0000, 0x0000, 0x0000, 0x0000,
  0x0000, 0x0000, 0x0000, 0x0000, 0x0000, 0x0000, 0x0000, 0x0000, 0x2A0C, 0x0479, 0x1000, 0x0000,
  0x0000, 0x0000, 0x0000, 0x0000, 0x0000, 0x0000, 0x0000, 0x2187, 0x29C9, 0x2188, 0x29A9, 0x5B0E,
  0x8C73, 0xAD36, 0xE71D, 0xD6BB, 0xD6BC, 0xDEDC, 0xDEDB, 0xDEFC, 0xD6DC, 0x6B6F, 0x0000, 0x0000,
  0x2989, 0xC639, 0xDF1D, 0xD6BB, 0xD6BB, 0xD6BB, 0xD6DB, 0xF7BF, 0x7C11, 0x0043, 0x3A0A, 0x73B1,
  0x31EA, 0x08A4, 0x0000, 0x0000, 0x0000, 0x0000, 0x0000, 0x0000, 0x2022, 0x1947, 0x05BE, 0x06FF,
  0x0147, 0x0000, 0x0087, 0x0087, 0x0087, 0x0087, 0x0087, 0x0087, 0x0087, 0x0087, 0x0087, 0x0087,
  0x0087, 0x0087, 0x0087, 0x00A9, 0x010C, 0x016F, 0x018F, 0x018F, 0x018F, 0x018F, 0x018F, 0x018F,
  0x018F, 0x018F, 0x018F, 0x018F, 0x018F, 0x018F, 0x018F, 0x018F, 0x018F, 0x018F, 0x018F, 0x018F,
  0x018F, 0x018F, 0x018F, 0x018F, 0x018F, 0x018F, 0x018F, 0x018F, 0x018F, 0x018F, 0x018F, 0x018F,
  0x018F, 0x018F, 0x018F, 0x018F, 0x018F, 0x018F, 0x018F, 0x018F, 0x018F, 0x018F, 0x018F, 0x018F,
  0x018F, 0x018F, 0x018F, 0x018F, 0x018F, 0x018F, 0x018F, 0x018F, 0x018F, 0x018F, 0x018F, 0x018F,
  0xAD55, 0xAD55, 0xAD55, 0xAD55, 0xAD55, 0xAD55, 0xAD55, 0xAD55, 0xAD55, 0xAD55, 0xAD55, 0xAD55,
  0xAD55, 0xAD55, 0xAD55, 0xAD55, 0xAD55, 0xAD55, 0xAD55, 0xAD55, 0xAD55, 0xAD55, 0xAD55, 0xAD55,
  0xAD55, 0xAD55, 0xAD55, 0xAD55, 0xAD55, 0xAD55, 0xAD55, 0xAD55, 0xAD55, 0xAD55, 0xAD55, 0xAD55,
  0xAD55, 0xAD55, 0xAD55, 0xAD55, 0xAD55, 0xAD55, 0xAD55, 0xAD55, 0xAD55, 0xAD35, 0xAD35, 0xAD35,
  0xAD55, 0x32EF, 0x000B, 0x01CF, 0x9514, 0xAD55, 0xAD55, 0xAD55, 0xAD55, 0xAD55, 0xAD55, 0xAD55,
  0x9CF4, 0x4310, 0x00CC, 0x008D, 0x0A70, 0x8CD4, 0xAD55, 0xAD55, 0xAD55, 0xAD54, 0xAD34, 0xAD34,
  0xAD34, 0xAD34, 0xAD54, 0xAD54, 0xAD55, 0xAD55, 0xAD55, 0xAD55, 0xAD55, 0xAD55, 0xAD55, 0xAD55,
  0xA535, 0xAD55, 0x9CF4, 0x7431, 0xA535, 0xAD55, 0x7D54, 0x5CF4, 0x7534, 0x6CD3, 0x7C92, 0xAD55,
  0xAD35, 0xAD35, 0xAD35, 0xAD55, 0xAD55, 0xAD55, 0xAD55, 0xAD55, 0xAD55, 0xAD55, 0xAD55, 0xAD55,
  0xAD55, 0xAD55, 0xAD55, 0xAD55, 0xAD55, 0xAD55, 0xAD55, 0xAD55, 0xAD55, 0xAD55, 0xAD55, 0xAD55,
  0xAD55, 0xAD55, 0xAD55, 0xAD55, 0x94B3, 0x016E, 0x01F0, 0x01D0, 0x016F, 0x018F, 0x018F, 0x018F,
  0x018F, 0x018F, 0x018F, 0x018F, 0x018F, 0x018F, 0x018F, 0x018F, 0x018F, 0x018F, 0x018F, 0x018F,
  0x018F, 0x018F, 0x018F, 0x018F, 0x018F, 0x018F, 0x018F, 0x018F, 0x018F, 0x018F, 0x057E, 0x05BF,
  0x053D, 0x6577, 0xFF1A, 0xFFBD, 0xCDF7, 0x39C7, 0x8CF4, 0xA450, 0x0063, 0x0416, 0x05DE, 0x059E,
  0x051C, 0x3187, 0x10A4, 0x0314, 0x059B, 0xF75C, 0xD6DB, 0xC69A, 0xCEBA, 0xEF7D, 0xFFFF, 0xFFFF,
  0xFF7E, 0xF91F, 0xA832, 0x0000, 0x0000, 0x0000, 0x0000, 0x0000, 0x0000, 0x0000, 0x0000, 0x0000,
  0x0000, 0x0000, 0x0000, 0x3000, 0xF94F, 0x1AD1, 0x0021, 0x0000, 0x0000, 0x0000, 0x0000, 0x0000,
  0x0000, 0x0000, 0x0020, 0x29E9, 0x29A8, 0x2188, 0x1947, 0x5B2F, 0xCEBB, 0x94B3, 0xAD77, 0xEF7E,
  0xD6BB, 0xD6BB, 0xD6BB, 0xDF1C, 0xB5F9, 0x6B90, 0x0000, 0x0000, 0x4A6C, 0xDEFC, 0xD6BB, 0xCE9B,
  0xD6BB, 0xD6BB, 0xD6BB, 0xF79E, 0xA535, 0x08C5, 0x1926, 0x6BB1, 0x4AAD, 0x08A4, 0x0000, 0x0000,
  0x0000, 0x0000, 0x0000, 0x0000, 0x1907, 0x2822, 0x1908, 0x06DF, 0x0372, 0x0000, 0x0087, 0x0087,
  0x0087, 0x0087, 0x0087, 0x0087, 0x0087, 0x0087, 0x0087, 0x0088, 0x00CA, 0x010C, 0x014E, 0x018F,
  0x018F, 0x018F, 0x018F, 0x018F, 0x018F, 0x018F, 0x018F, 0x018F, 0x018F, 0x018F, 0x018F, 0x018F,
  0x018F, 0x018F, 0x018F, 0x018F, 0x018F, 0x018F, 0x018F, 0x018F, 0x018F, 0x018F, 0x018F, 0x018F,
  0x018F, 0x018F, 0x018F, 0x018F, 0x018F, 0x018F, 0x018F, 0x018F, 0x018F, 0x018F, 0x018F, 0x018F,
  0x018F, 0x018F, 0x018F, 0x018F, 0x018F, 0x018F, 0x018F, 0x018F, 0x018F, 0x018F, 0x018F, 0x018F,
  0x018F, 0x018F, 0x018F, 0x018F, 0x018F, 0x018F, 0x018F, 0x018F, 0xAD55, 0xAD55, 0xAD55, 0xAD55,
  0xAD55, 0xAD55, 0xAD55, 0xAD55, 0xAD55, 0xAD55, 0xAD55, 0xAD55, 0xAD55, 0xAD55, 0xAD55, 0xAD55,
  0xAD55, 0xAD55, 0xAD55, 0xAD55, 0xAD55, 0xAD55, 0xAD55, 0xAD55, 0xAD55, 0xAD55, 0xAD55, 0xAD55,
  0xAD55, 0xAD55, 0xAD55, 0xAD55, 0xAD55, 0xAD55, 0xAD55, 0xAD55, 0xAD55, 0xAD55, 0xAD55, 0xAD55,
  0xAD55, 0xAD55, 0xAD55, 0xAD55, 0xAD55, 0xAD35, 0xAD35, 0xAD55, 0x7452, 0x002C, 0x018F, 0x9535,
  0xAD55, 0xAD34, 0xAD34, 0xA535, 0xA535, 0xAD35, 0xA535, 0xAD35, 0xAD55, 0xAD55, 0xA534, 0x63D2,
  0x016D, 0x00AD, 0x1A50, 0x7C74, 0xAD55, 0xAD55, 0xAD55, 0xAD55, 0xAD55, 0xAD55, 0xAD54, 0xAD55,
  0xAD55, 0xAD54, 0xAD54, 0xAD55, 0xAD55, 0xAD55, 0xAD55, 0xAD55, 0xAD35, 0xAD55, 0xA555, 0x7411,
  0x9CF4, 0x9D55, 0x6D34, 0x7D54, 0x8D55, 0x43F1, 0x6C93, 0xAD55, 0xAD35, 0xAD35, 0xAD35, 0xAD55,
  0xAD55, 0xAD55, 0xAD55, 0xAD55, 0xAD55, 0xAD55, 0xAD55, 0xAD55, 0xAD55, 0xAD55, 0xAD55, 0xAD55,
  0xAD55, 0xAD55, 0xAD55, 0xAD55, 0xAD55, 0xAD55, 0xAD55, 0xAD55, 0xAD55, 0xAD55, 0xAD55, 0xAD55,
  0x9CF3, 0x014D, 0x0AB1, 0x0270, 0x012F, 0x018F, 0x018F, 0x018F, 0x018F, 0x018F, 0x018F, 0x018F,
  0x018F, 0x018F, 0x018F, 0x018F, 0x018F, 0x018F, 0x018F, 0x018F, 0x018F, 0x018F, 0x018F, 0x018F,
  0x018F, 0x018F, 0x018F, 0x018F, 0x018F, 0x018F, 0x057E, 0x067F, 0x020C, 0x932B, 0xFFFF, 0xD69A,
  0x18E4, 0x02B2, 0x057C, 0xC619, 0x2800, 0x0000, 0x05DD, 0x06DF, 0x0416, 0x21CA, 0x05FB, 0x579F,
  0xAEDC, 0xBDF8, 0xB5F8, 0xDF1C, 0xFFFF, 0x634C, 0x62EB, 0xFFFF, 0xFF7F, 0xC0D6, 0x0904, 0x0000,
  0x0000, 0x0000, 0x0000, 0x0000, 0x0000, 0x0000, 0x0000, 0x0000, 0x0000, 0x0000, 0x0000, 0x8004,
  0xF029, 0x00C5, 0x0062, 0x0000, 0x0000, 0x0000, 0x0000, 0x0000, 0x0000, 0x0000, 0x1926, 0x31EA,
  0x2188, 0x2188, 0x1106, 0x6390, 0xCEBB, 0xCE9A, 0x8C73, 0xA535, 0xE73D, 0xDEFC, 0xD6BB, 0xD6DC,
  0xC61A, 0x9D16, 0x0882, 0x0000, 0x634E, 0xEF7F, 0xCE7A, 0xCE7A, 0xCE7A, 0xD69B, 0xD6BB, 0xEF7E,
  0xAD97, 0x1106, 0x1106, 0x4ACD, 0x52ED, 0x1106, 0x0021, 0x0000, 0x0000, 0x0000, 0x0000, 0x0000,
  0x0002, 0x1107, 0x2822, 0x02B0, 0x02CF, 0x0000, 0x0087, 0x0088, 0x0088, 0x00A8, 0x00C9, 0x00EA,
  0x010B, 0x012D, 0x014E, 0x018F, 0x018F, 0x018F, 0x018F, 0x018F, 0x018F, 0x018F, 0x018F, 0x018F,
  0x018F, 0x018F, 0x018F, 0x018F, 0x018F, 0x018F, 0x018F, 0x018F, 0x018F, 0x018F, 0x018F, 0x018F,
  0x018F, 0x018F, 0x018F, 0x018F, 0x018F, 0x018F, 0x018F, 0x018F, 0x018F, 0x018F, 0x018F, 0x018F,
  0x018F, 0x018F, 0x018F, 0x018F, 0x018F, 0x018F, 0x018F, 0x018F, 0x018F, 0x018F, 0x018F, 0x018F,
  0x018F, 0x018F, 0x018F, 0x018F, 0x018F, 0x018F, 0x018F, 0x018F, 0x018F, 0x018F, 0x018F, 0x018F,
  0x018F, 0x018F, 0x018F, 0x018F, 0xAD55, 0xAD55, 0xAD55, 0xAD55, 0xAD55, 0xAD55, 0xAD55, 0xAD55,
  0xAD55, 0xAD55, 0xAD55, 0xAD55, 0xAD55, 0xAD55, 0xAD55, 0xAD55, 0xAD55, 0xAD55, 0xAD55, 0xAD55,
  0xAD55, 0xAD55, 0xAD55, 0xAD55, 0xAD55, 0xAD55, 0xAD55, 0xAD55, 0xAD55, 0xAD55, 0xAD55, 0xAD55,
  0xAD55, 0xAD55, 0xAD55, 0xAD55, 0xAD55, 0xAD55, 0xAD55, 0xAD55, 0xAD55, 0xAD55, 0xAD55, 0xAD55,
  0xAD55, 0xAD35, 0xAD55, 0xA514, 0x016D, 0x004D, 0x6C94, 0xAD55, 0xAD34, 0xAD34, 0xAD35, 0xA535,
  0xA535, 0xAD35, 0xAD35, 0xA535, 0xAD35, 0xAD35, 0xAD55, 0xAD55, 0xAD55, 0x4B51, 0x00AC, 0x00EE,
  0x018F, 0x022F, 0x4351, 0x7C73, 0x9D35, 0xAD55, 0xAD55, 0xAD55, 0xAD55, 0xAD55, 0xAD55, 0xAD55,
  0xAD55, 0xAD55, 0xAD55, 0xAD55, 0xAD35, 0xAD35, 0xAD55, 0x7411, 0x8CB3, 0x7D55, 0x7554, 0x9555,
  0x7D14, 0x2350, 0x22F0, 0x9535, 0xAD55, 0xAD34, 0xAD34, 0xAD55, 0xAD55, 0xAD55, 0xAD55, 0xAD55,
  0xAD55, 0xAD55, 0xAD55, 0xAD55, 0xAD55, 0xAD55, 0xAD55, 0xAD55, 0xAD55, 0xAD55, 0xAD55, 0xAD55,
  0xAD55, 0xAD55, 0xAD55, 0xAD55, 0xAD55, 0xAD55, 0xAD55, 0xAD55, 0x9CF4, 0x014D, 0x0291, 0x0250,
  0x014F, 0x018F, 0x018F, 0x018F, 0x018F, 0x018F, 0x018F, 0x018F, 0x018F, 0x018F, 0x018F, 0x018F,
  0x018F, 0x018F, 0x018F, 0x018F, 0x018F, 0x018F, 0x018F, 0x018F, 0x018F, 0x018F, 0x018F, 0x018F,
  0x018F, 0x018F, 0x059E, 0x063F, 0x0043, 0x7B2B, 0xFFFF, 0xA42F, 0x00C6, 0x06BF, 0x05FF, 0x05FD,
  0x3BD4, 0x0372, 0x067F, 0x04FB, 0x0352, 0x059E, 0x969C, 0xFE98, 0xFF7D, 0xDF3C, 0xE73D, 0xFFFF,
  0xE73D, 0x00E1, 0x0001, 0xC376, 0xA4D5, 0x2A2C, 0x0184, 0x0000, 0x0000, 0x0000, 0x0000, 0x0000,
  0x0000, 0x0000, 0x0000, 0x0000, 0x0000, 0x0000, 0x0000, 0x3022, 0x2948, 0x0168, 0x0001, 0x0000,
  0x0000, 0x0000, 0x0000, 0x0000, 0x0000, 0x10E5, 0x31EA, 0x2988, 0x29A8, 0x1947, 0x1927, 0x94B4,
  0xC65A, 0xC63A, 0xCE7A, 0x8C73, 0x94B4, 0xB5D8, 0xDEFC, 0xE73D, 0xDEFC, 0xC63A, 0x08A3, 0x0000,
  0x738E, 0xE77E, 0xCE7A, 0xD67B, 0xD69B, 0xD69B, 0xDEBB, 0xE71D, 0xCE9B, 0x29A8, 0x10E6, 0x2988,
  0x6B90, 0x3A2B, 0x1947, 0x0000, 0x0000, 0x0000, 0x0000, 0x0000, 0x0000, 0x0002, 0x10E7, 0x28E5,
  0x0822, 0x0000, 0x018F, 0x018F, 0x018F, 0x018F, 0x018F, 0x018F, 0x018F, 0x018F, 0x018F, 0x018F,
  0x018F, 0x018F, 0x018F, 0x018F, 0x018F, 0x018F, 0x018F, 0x018F, 0x018F, 0x018F, 0x018F, 0x018F,
  0x018F, 0x018F, 0x018F, 0x018F, 0x018F, 0x018F, 0x018F, 0x018F, 0x018F, 0x018F, 0x018F, 0x018F,
  0x018F, 0x018F, 0x018F, 0x018F, 0x018F, 0x018F, 0x018F, 0x018F, 0x018F, 0x018F, 0x018F, 0x018F,
  0x018F, 0x018F, 0x018F, 0x018F, 0x018F, 0x018F, 0x018F, 0x018F, 0x018F, 0x018F, 0x018F, 0x018F,
  0x018F, 0x018F, 0x018F, 0x018F, 0x018F, 0x018F, 0x018F, 0x018F, 0x018F, 0x018F, 0x018F, 0x018F,
  0xAD55, 0xAD55, 0xAD55, 0xAD55, 0xAD55, 0xAD55, 0xAD55, 0xAD55, 0xAD55, 0xAD55, 0xAD55, 0xAD55,
  0xAD55, 0xAD55, 0xAD55, 0xAD55, 0xAD55, 0xAD55, 0xAD55, 0xAD55, 0xAD55, 0xAD55, 0xAD55, 0xAD55,
  0xAD55, 0xAD55, 0xAD55, 0xAD55, 0xAD55, 0xAD55, 0xAD55, 0xAD55, 0xAD55, 0xAD55, 0xAD55, 0xAD55,
  0xAD55, 0xAD55, 0xAD55, 0xAD55, 0xAD55, 0xAD55, 0xAD55, 0xAD55, 0xAD55, 0xAD35, 0xAD55, 0x4B50,
  0x000C, 0x1B32, 0xAD55, 0xAD55, 0xAD55, 0xAD55, 0xAD55, 0xAD55, 0xAD55, 0xAD55, 0xAD55, 0xAD55,
  0xAD55, 0xAD55, 0xAD55, 0xAD54, 0xAD55, 0xAD55, 0xA534, 0x7C53, 0x4B51, 0x1230, 0x014E, 0x012D,
  0x012E, 0x018F, 0x1A90, 0x53D2, 0x9D15, 0xAD55, 0xAD55, 0xAD55, 0xAD55, 0xAD55, 0xAD35, 0xAD35,
  0xAD35, 0xAD35, 0xAD55, 0x8472, 0x6C92, 0x8D55, 0x7D55, 0x4C32, 0x4BB1, 0x8CB3, 0x7452, 0x1AEF,
  0x7CD4, 0xAD55, 0xAD34, 0xAD34, 0xAD34, 0xAD34, 0xAD55, 0xAD55, 0xAD55, 0xAD55, 0xAD55, 0xAD55,
  0xAD55, 0xAD55, 0xAD55, 0xAD55, 0xAD55, 0xAD55, 0xAD55, 0xAD55, 0xAD55, 0xAD55, 0xAD55, 0xAD55,
  0xAD55, 0xAD55, 0xAD55, 0xAD55, 0x94F4, 0x018E, 0x018F, 0x018F, 0x016F, 0x018F, 0x018F, 0x016F,
  0x016F, 0x016F, 0x016F, 0x016F, 0x016F, 0x018F, 0x018F, 0x018F, 0x018F, 0x016F, 0x018F, 0x018F,
  0x016F, 0x016F, 0x016F, 0x016F, 0x016F, 0x016F, 0x016F, 0x016F, 0x016F, 0x016F, 0x05BF, 0x05BF,
  0x0002, 0x730D, 0xFFFF, 0x630C, 0x0354, 0x067F, 0x067F, 0x061F, 0x061F, 0x061F, 0x059E, 0x0437,
  0x051C, 0x061F, 0x051A, 0xB535, 0xAD97, 0xEFBF, 0xC618, 0x528A, 0x0883, 0x3A4C, 0x29AA, 0x0000,
  0x0041, 0x4B90, 0x3188, 0x0000, 0x0000, 0x0000, 0x0000, 0x0000, 0x0000, 0x0000, 0x0000, 0x0000,
  0x0000, 0x0000, 0x0000, 0x0105, 0x0127, 0x1064, 0x0000, 0x0000, 0x0000, 0x0000, 0x0000, 0x0000,
  0x0041, 0x320A, 0x29A9, 0x2988, 0x2188, 0x08C6, 0x6350, 0xC65A, 0xC619, 0xB5D8, 0xC65A, 0xCE9B,
  0xB598, 0x8C73, 0x7C11, 0x9D15, 0xDEFC, 0xF7DF, 0x5B0D, 0x2966, 0xA515, 0xCE9B, 0xC65A, 0xE73D,
  0xFFDF, 0xE71C, 0xCE7A, 0xD6BB, 0xF7BF, 0x7C12, 0x0023, 0x1106, 0x530E, 0x6350, 0x2148, 0x10C4,
  0x0000, 0x0000, 0x0000, 0x0000, 0x0000, 0x0000, 0x0002, 0x1928, 0x0842, 0x0000, 0x016F, 0x016F,
  0x016F, 0x016F, 0x016F, 0x016F, 0x016F, 0x016F, 0x016F, 0x016F, 0x016F, 0x016F, 0x016F, 0x016F,
  0x016F, 0x016F, 0x016F, 0x016F, 0x016F, 0x016F, 0x016F, 0x016F, 0x016F, 0x016F, 0x016F, 0x016F,
  0x016F, 0x016F, 0x016F, 0x016F, 0x016F, 0x016F, 0x016F, 0x016F, 0x016F, 0x016F, 0x016F, 0x016F,
  0x016F, 0x016F, 0x016F, 0x016F, 0x016F, 0x016F, 0x016F, 0x016F, 0x016F, 0x016F, 0x016F, 0x016F,
  0x016F, 0x016F, 0x016F, 0x016F, 0x016F, 0x016F, 0x016F, 0x016F, 0x016F, 0x016F, 0x016F, 0x016F,
  0x016F, 0x016F, 0x016F, 0x016F, 0x016F, 0x016F, 0x016F, 0x016F, 0xAD55, 0xAD55, 0xAD55, 0xAD55,
  0xAD55, 0xAD55, 0xAD55, 0xAD55, 0xAD55, 0xAD55, 0xAD55, 0xAD55, 0xAD55, 0xAD55, 0xAD55, 0xAD55,
  0xAD55, 0xAD55, 0xAD55, 0xAD55, 0xAD55, 0xAD55, 0xAD55, 0xAD55, 0xAD55, 0xAD55, 0xAD55, 0xAD55,
  0xAD55, 0xAD55, 0xAD55, 0xAD55, 0xAD55, 0xAD55, 0xAD55, 0xAD55, 0xAD55, 0xAD55, 0xAD55, 0xAD55,
  0xAD55, 0xAD55, 0xAD55, 0xAD55, 0xAD55, 0xAD55, 0xAD55, 0x01EE, 0x006D, 0x8CF4, 0xAD55, 0xAD34,
  0xAD55, 0xAD55, 0xAD55, 0xAD55, 0xAD55, 0xAD55, 0xAD55, 0xAD55, 0xAD55, 0xAD55, 0xAD55, 0xAD55,
  0xAD55, 0xAD55, 0xAD55, 0xAD55, 0xAD55, 0xAD55, 0xA554, 0x8473, 0x5351, 0x1A50, 0x014E, 0x010E,
  0x014E, 0x020F, 0x5392, 0x8494, 0xA555, 0xAD55, 0xAD55, 0xAD55, 0xAD55, 0xAD35, 0xAD55, 0x8CB2,
  0x74B3, 0x74B3, 0x43D1, 0x53B0, 0x94F4, 0xAD55, 0xAD55, 0x63F1, 0x22EF, 0x7CD4, 0xAD55, 0xAD34,
  0xAD34, 0xAD34, 0xAD55, 0xAD55, 0xAD55, 0xAD55, 0xAD55, 0xAD55, 0xAD55, 0xAD55, 0xAD55, 0xAD55,
  0xAD55, 0xAD55, 0xAD55, 0xAD55, 0xAD55, 0xAD55, 0xAD55, 0xAD55, 0xAD55, 0xAD55, 0xAD55, 0xAD55,
  0x94F4, 0x018F, 0x010F, 0x016F, 0x018F, 0x016F, 0x016F, 0x016F, 0x016F, 0x016F, 0x016F, 0x016F,
  0x016F, 0x016F, 0x016F, 0x016F, 0x016F, 0x016F, 0x318F, 0x216F, 0x016F, 0x016F, 0x016F, 0x016F,
  0x016F, 0x016F, 0x016F, 0x016F, 0x016F, 0x016F, 0x061F, 0x04DA, 0x0000, 0x5A8C, 0xF7BF, 0x4A69,
  0x04BA, 0x073F, 0x0332, 0x0063, 0x028D, 0x061F, 0x059E, 0x05BF, 0x05DF, 0x057F, 0x05BE, 0xADD8,
  0xBF5E, 0x94D3, 0x0000, 0x0000, 0x0000, 0x326D, 0x0884, 0x0000, 0x0000, 0x10C4, 0x0862, 0x0000,
  0x0000, 0x0000, 0x0000, 0x0000, 0x0000, 0x0000, 0x0000, 0x0000, 0x0000, 0x0000, 0x0021, 0x1108,
  0x0003, 0x0000, 0x0000, 0x0000, 0x0000, 0x0000, 0x0000, 0x0021, 0x29A9, 0x29C9, 0x2188, 0x29A8,
  0x08C6, 0x4A8C, 0xB5F9, 0xC639, 0xBDD8, 0xBDF8, 0xBDF8, 0xBE19, 0xC65A, 0xC63A, 0xADB7, 0xB5B7,
  0xAD75, 0x6B6E, 0x7C33, 0x73F1, 0xCE9B, 0xB5B7, 0xC67A, 0xFFFF, 0xFFFF, 0xF79E, 0xCE9B, 0xD6BB,
  0xDF1D, 0xE73D, 0x3A2A, 0x08C5, 0x1927, 0x5B4F, 0x426C, 0x2148, 0x0022, 0x0000, 0x0000, 0x0000,
  0x0000, 0x0000, 0x0000, 0x0024, 0x0021, 0x0000, 0x016F, 0x016F, 0x016F, 0x016F, 0x016F, 0x016F,
  0x016F, 0x016F, 0x016F, 0x016F, 0x016F, 0x016F, 0x016F, 0x016F, 0x016F, 0x016F, 0x016F, 0x016F,
  0x016F, 0x016F, 0x016F, 0x016F, 0x016F, 0x016F, 0x016F, 0x016F, 0x016F, 0x016F, 0x016F, 0x016F,
  0x016F, 0x016F, 0x016F, 0x016F, 0x016F, 0x016F, 0x016F, 0x016F, 0x016F, 0x016F, 0x016F, 0x016F,
  0x016F, 0x016F, 0x016F, 0x016F, 0x016F, 0x016F, 0x016F, 0x016F, 0x016F, 0x016F, 0x016F, 0x016F,
  0x016F, 0x016F, 0x016F, 0x016F, 0x016F, 0x016F, 0x016F, 0x016F, 0x016F, 0x016F, 0x016F, 0x016F,
  0x016F, 0x016F, 0x016F, 0x016F, 0xAD55, 0xAD55, 0xAD55, 0xAD55, 0xAD55, 0xAD55, 0xAD55, 0xAD55,
  0xAD55, 0xAD55, 0xAD55, 0xAD55, 0xAD55, 0xAD55, 0xAD55, 0xAD55, 0xAD55, 0xAD55, 0xAD55, 0xAD55,
  0xAD55, 0xAD55, 0xAD55, 0xAD55, 0xAD55, 0xAD55, 0xAD55, 0xAD55, 0xAD55, 0xAD55, 0xAD55, 0xAD55,
  0xAD55, 0xAD55, 0xAD55, 0xAD55, 0xAD55, 0xAD55, 0xAD55, 0xAD55, 0xAD55, 0xAD55, 0xAD55, 0xAD55,
  0xAD55, 0xAD55, 0x9CD3, 0x006B, 0x02F1, 0xAD55, 0xAD34, 0xAD34, 0xAD54, 0xAD55, 0xAD55, 0xAD55,
  0xAD55, 0xAD55, 0xAD55, 0xAD55, 0xAD55, 0xAD55, 0xAD55, 0xAD55, 0xAD55, 0xAD55, 0xAD35, 0xAD35,
  0xAD35, 0xAD55, 0xAD55, 0xAD55, 0xAD55, 0xAD55, 0xAD55, 0x9CF4, 0x5BB2, 0x0A2F, 0x012E, 0x00CE,
  0x010F, 0x1270, 0x63F3, 0x9CF4, 0xAD55, 0xAD55, 0xAD55, 0x94F4, 0x3B50, 0x53B1, 0x84B3, 0xAD55,
  0xAD55, 0xAD35, 0xAD54, 0xAD55, 0x7C73, 0x02AE, 0x74B3, 0xAD55, 0xAD35, 0xAD35, 0xAD55, 0xAD55,
  0xAD55, 0xAD55, 0xAD55, 0xAD55, 0xAD55, 0xAD55, 0xAD55, 0xAD55, 0xAD55, 0xAD55, 0xAD55, 0xAD55,
  0xAD55, 0xAD55, 0xAD55, 0xAD55, 0xAD55, 0xAD55, 0xAD55, 0xAD55, 0x9CF4, 0x01AF, 0x010F, 0x016F,
  0x016F, 0x016F, 0x016F, 0x016F, 0x016F, 0x016F, 0x016F, 0x016F, 0x016F, 0x016F, 0x016F, 0x016F,
  0x1170, 0x318F, 0x116F, 0x016F, 0x016F, 0x016F, 0x016F, 0x016F, 0x016F, 0x016F, 0x016F, 0x016F,
  0x016F, 0x016F, 0x067F, 0x0332, 0x0000, 0x31E9, 0xC6DC, 0x41C7, 0x022D, 0x028E, 0x0000, 0x0166,
  0x053B, 0x05FF, 0x059F, 0x059F, 0x059F, 0x05DF, 0x059A, 0x5C95, 0x96FF, 0x6227, 0x0000, 0x0000,
  0x0000, 0x1947, 0x0000, 0x0000, 0x0000, 0x0000, 0x0000, 0x0000, 0x0000, 0x0000, 0x0000, 0x0000,
  0x0000, 0x0000, 0x0000, 0x0000, 0x0000, 0x0000, 0x0001, 0x0003, 0x0000, 0x0000, 0x0000, 0x0000,
  0x0000, 0x0000, 0x0000, 0x2988, 0x31EA, 0x2188, 0x21A8, 0x1927, 0x29A9, 0xA556, 0xCE9A, 0xBDF8,
  0xBDF8, 0xB5D8, 0xBDF8, 0xB5B7, 0xAD97, 0xDEDB, 0xFFFF, 0xFFFF, 0xF7BE, 0x10A3, 0x08A3, 0x426B,
  0x9516, 0xB5B7, 0xE71D, 0xFFFF, 0xFFFF, 0xFFFF, 0xD6DB, 0xCE9B, 0xCE9B, 0xFFFF, 0xA556, 0x0043,
  0x1106, 0x3A4B, 0x6BB1, 0x29A9, 0x2968, 0x0000, 0x0000, 0x0000, 0x0000, 0x0000, 0x0000, 0x0000,
  0x0000, 0x0000, 0x016F, 0x016F, 0x016F, 0x016F, 0x016F, 0x016F, 0x016F, 0x016F, 0x016F, 0x016F,
  0x016F, 0x016F, 0x016F, 0x016F, 0x016F, 0x016F, 0x016F, 0x016F, 0x016F, 0x016F, 0x016F, 0x016F,
  0x016F, 0x016F, 0x016F, 0x016F, 0x016F, 0x016F, 0x016F, 0x016F, 0x016F, 0x016F, 0x016F, 0x016F,
  0x016F, 0x016F, 0x016F, 0x016F, 0x016F, 0x016F, 0x016F, 0x016F, 0x016F, 0x016F, 0x016F, 0x016F,
  0x016F, 0x016F, 0x016F, 0x016F, 0x016F, 0x016F, 0x016F, 0x016F, 0x016F, 0x016F, 0x016F, 0x016F,
  0x016F, 0x016F, 0x016F, 0x016F, 0x016F, 0x016F, 0x016F, 0x016F, 0x016F, 0x016F, 0x016F, 0x016F,
  0xAD55, 0xAD55, 0xAD55, 0xAD55, 0xAD55, 0xAD55, 0xAD55, 0xAD55, 0xAD55, 0xAD55, 0xAD55, 0xAD55,
  0xAD55, 0xAD55, 0xAD55, 0xAD55, 0xAD55, 0xAD55, 0xAD55, 0xAD55, 0xAD55, 0xAD55, 0xAD55, 0xAD55,
  0xAD55, 0xAD55, 0xAD55, 0xAD55, 0xAD55, 0xAD55, 0xAD55, 0xAD55, 0xAD55, 0xAD55, 0xAD55, 0xAD55,
  0xAD55, 0xAD55, 0xAD55, 0xAD55, 0xAD55, 0xAD55, 0xAD55, 0xAD55, 0xAD55, 0xAD55, 0x4B30, 0x006C,
  0x8CF4, 0xAD55, 0xAD34, 0xAD34, 0xAD35, 0xAD55, 0xAD55, 0xAD55, 0xAD55, 0xAD55, 0xAD55, 0xAD55,
  0xAD55, 0xAD55, 0xAD55, 0xAD55, 0xAD55, 0xAD55, 0xAD55, 0xAD35, 0xAD35, 0xA555, 0xA535, 0xAD35,
  0xAD34, 0xAD54, 0xAD55, 0xAD55, 0xAD55, 0xAD55, 0xA514, 0x7412, 0x2AB0, 0x012E, 0x00AD, 0x012E,
  0x1A50, 0x63D2, 0x8494, 0x6C52, 0x6C12, 0xAD55, 0xAD55, 0xAD55, 0xAD35, 0xAD35, 0xAD34, 0xAD54,
  0xAD55, 0x7452, 0x22F0, 0x7CD4, 0xAD55, 0xAD35, 0xAD35, 0xAD35, 0xAD35, 0xAD55, 0xAD55, 0xAD55,
  0xAD55, 0xAD55, 0xAD55, 0xAD55, 0xAD55, 0xAD55, 0xAD55, 0xAD55, 0xAD55, 0xAD55, 0xAD55, 0xAD55,
  0xAD55, 0xAD55, 0xAD55, 0xAD55, 0x9CF4, 0x01AF, 0x010F, 0x016F, 0x016F, 0x016F, 0x016F, 0x016F,
  0x016F, 0x016F, 0x016F, 0x016F, 0x016F, 0x016F, 0x016F, 0x0170, 0x2170, 0x016F, 0x016F, 0x016F,
  0x016F, 0x016F, 0x016F, 0x016F, 0x016F, 0x016F, 0x016F, 0x016F, 0x016F, 0x016F, 0x067F, 0x01AA,
  0x0000, 0x0000, 0x9DB8, 0x4B0D, 0x0000, 0x0000, 0x0455, 0x06DF, 0x05FF, 0x057E, 0x059E, 0x059E,
  0x05BF, 0x05BE, 0x2AAC, 0x0000, 0x1087, 0x1063, 0x0000, 0x0000, 0x0000, 0x0883, 0x0000, 0x0000,
  0x0000, 0x0000, 0x0000, 0x0000, 0x0000, 0x0000, 0x0000, 0x0000, 0x0000, 0x0000, 0x0000, 0x0000,
  0x0000, 0x0000, 0x0000, 0x0000, 0x0000, 0x0000, 0x0000, 0x0000, 0x0000, 0x0000, 0x2147, 0x29EA,
  0x2188, 0x29A8, 0x1947, 0x1907, 0x8CB4, 0xCE9A, 0xBDF9, 0xBDF8, 0xB5D8, 0xB5D8, 0xAD97, 0xAD97,
  0xEF7D, 0xFFFF, 0xFFFF, 0xFFFF, 0xF7BF, 0x4228, 0x0000, 0x0000, 0x29A8, 0xD6FD, 0xFFFF, 0xFFFF,
  0xFFDF, 0xFFFF, 0xEF5D, 0xCE7A, 0xD6DB, 0xD6DC, 0xEF9E, 0x5B4E, 0x0085, 0x1106, 0x4AAD, 0x4AAD,
  0x1947, 0x10E4, 0x0000, 0x0000, 0x0000, 0x0000, 0x0000, 0x0000, 0x0000, 0x0000, 0x016F, 0x016F,
  0x016F, 0x016F, 0x016F, 0x016F, 0x016F, 0x016F, 0x016F, 0x016F, 0x016F, 0x016F, 0x016F, 0x016F,
  0x016F, 0x016F, 0x016F, 0x016F, 0x016F, 0x016F, 0x016F, 0x016F, 0x016F, 0x016F, 0x016F, 0x016F,
  0x016F, 0x016F, 0x016F, 0x016F, 0x016F, 0x016F, 0x016F, 0x016F, 0x016F, 0x016F, 0x016F, 0x016F,
  0x016F, 0x016F, 0x016F, 0x016F, 0x016F, 0x016F, 0x016F, 0x016F, 0x016F, 0x016F, 0x016F, 0x016F,
  0x016F, 0x016F, 0x016F, 0x016F, 0x016F, 0x016F, 0x016F, 0x016F, 0x016F, 0x016F, 0x016F, 0x016F,
  0x016F, 0x016F, 0x016F, 0x016F, 0x016F, 0x016F, 0x016F, 0x016F, 0xAD55, 0xAD55, 0xAD55, 0xAD55,
  0xAD55, 0xAD55, 0xAD55, 0xAD55, 0xAD55, 0xAD55, 0xAD55, 0xAD55, 0xAD55, 0xAD55, 0xAD55, 0xAD55,
  0xAD55, 0xAD55, 0xAD55, 0xAD55, 0xAD55, 0xAD55, 0xAD55, 0xAD55, 0xAD55, 0xAD55, 0xAD55, 0xAD55,
  0xAD55, 0xAD55, 0xAD55, 0xAD55, 0xAD55, 0xAD55, 0xAD55, 0xAD55, 0xAD55, 0xAD55, 0xAD55, 0xAD55,
  0xAD55, 0xAD55, 0xAD55, 0xAD55, 0xAD55, 0xAD55, 0x016D, 0x0270, 0xAD55, 0xAD54, 0xA535, 0xAD35,
  0xAD35, 0xAD55, 0xAD55, 0xAD55, 0xAD55, 0xAD55, 0xAD55, 0xAD55, 0xAD55, 0xAD55, 0xAD55, 0xAD55,
  0xAD55, 0xAD55, 0xAD55, 0xAD55, 0xAD55, 0xAD55, 0xAD55, 0xAD55, 0xAD55, 0xAD55, 0xAD55, 0xAD55,
  0xAD55, 0xAD55, 0xAD55, 0xAD55, 0xAD55, 0xAD55, 0x8493, 0x63D2, 0x1A70, 0x010C, 0x4BB2, 0x9CF4,
  0xAD55, 0xAD55, 0xAD34, 0xAD35, 0xAD35, 0xAD55, 0xAD55, 0xAD55, 0xAD55, 0xAD55, 0x8493, 0x0AEF,
  0x6C73, 0xAD55, 0xAD55, 0xAD35, 0xAD35, 0xAD35, 0xAD55, 0xAD55, 0xAD55, 0xAD55, 0xAD55, 0xAD55,
  0xAD55, 0xAD55, 0xAD55, 0xAD55, 0xAD55, 0xAD55, 0xAD55, 0xAD55, 0xAD55, 0xAD55, 0xAD55, 0xAD55,
  0x9CF4, 0x01AF, 0x010F, 0x016F, 0x016F, 0x016F, 0x016F, 0x016F, 0x016F, 0x016F, 0x016F, 0x016F,
  0x016F, 0x016F, 0x016F, 0x016F, 0x016F, 0x016F, 0x016F, 0x016F, 0x016F, 0x016F, 0x016F, 0x016F,
  0x016F, 0x016F, 0x016F, 0x016F, 0x016F, 0x016F, 0x04DB, 0x0021, 0x0000, 0x0000, 0x534E, 0x4A6A,
  0x0000, 0x0416, 0x067F, 0x057E, 0x055D, 0x055E, 0x057E, 0x057E, 0x05FF, 0x04B9, 0x1843, 0x0000,
  0x0000, 0x0021, 0x0000, 0x0000, 0x0021, 0x1968, 0x0001, 0x0000, 0x0000, 0x0000, 0x0000, 0x0000,
  0x0000, 0x0000, 0x0000, 0x0000, 0x0000, 0x0000, 0x0000, 0x0000, 0x0000, 0x0000, 0x0000, 0x0000,
  0x0000, 0x0000, 0x0000, 0x0000, 0x0000, 0x1906, 0x31EA, 0x2189, 0x2189, 0x2188, 0x1127, 0x5B50,
  0xBDF9, 0xB5D9, 0xADB8, 0xADB8, 0xAD98, 0xAD97, 0xB5D8, 0xE71D, 0xF7BF, 0xEF9E, 0xEF9E, 0xF7BF,
  0xD6BC, 0x29A7, 0x0000, 0x0000, 0x31EA, 0xEFBF, 0xF7BF, 0xEF9E, 0xEF9E, 0xF7BE, 0xEF9E, 0xD69B,
  0xC65A, 0xC67A, 0xDF1D, 0xCE7B, 0x29A9, 0x0907, 0x1968, 0x530F, 0x322B, 0x21A9, 0x0042, 0x0000,
  0x0000, 0x0000, 0x0000, 0x0000, 0x0000, 0x0000, 0x016F, 0x016F, 0x016F, 0x016F, 0x016F, 0x016F,
  0x016F, 0x016F, 0x016F, 0x016F, 0x016F, 0x016F, 0x016F, 0x016F, 0x016F, 0x016F, 0x016F, 0x016F,
  0x016F, 0x016F, 0x016F, 0x016F, 0x016F, 0x016F, 0x016F, 0x016F, 0x016F, 0x016F, 0x016F, 0x016F,
  0x016F, 0x016F, 0x016F, 0x016F, 0x016F, 0x016F, 0x016F, 0x016F, 0x016F, 0x016F, 0x016F, 0x016F,
  0x016F, 0x016F, 0x016F, 0x016F, 0x016F, 0x016F, 0x016F, 0x016F, 0x016F, 0x016F, 0x016F, 0x016F,
  0x016F, 0x016F, 0x016F, 0x016F, 0x016F, 0x016F, 0x016F, 0x016F, 0x016F, 0x016F, 0x016F, 0x016F,
  0x016F, 0x016F, 0x016F, 0x016F, 0xAD55, 0xAD55, 0xAD55, 0xAD55, 0xAD55, 0xAD55, 0xAD55, 0xAD55,
  0xAD55, 0xAD55, 0xAD55, 0xAD55, 0xAD55, 0xAD55, 0xAD55, 0xAD55, 0xAD55, 0xAD55, 0xAD55, 0xAD55,
  0xAD55, 0xAD55, 0xAD55, 0xAD55, 0xAD55, 0xAD55, 0xAD55, 0xAD55, 0xAD55, 0xAD55, 0xAD55, 0xAD55,
  0xAD55, 0xAD55, 0xAD55, 0xAD55, 0xAD55, 0xAD55, 0xAD55, 0xAD55, 0xAD55, 0xAD55, 0xAD55, 0xAD55,
  0xAD55, 0x8CB3, 0x006C, 0x5BF3, 0xAD55, 0xAD35, 0xA535, 0xAD35, 0xAD35, 0xAD55, 0xAD55, 0xAD55,
  0xAD55, 0xAD55, 0xAD55, 0xAD55, 0xAD55, 0xAD55, 0xAD55, 0xAD55, 0xAD55, 0xAD55, 0xAD55, 0xAD55,
  0xAD55, 0xAD55, 0xAD55, 0xAD55, 0xAD55, 0xAD55, 0xAD55, 0xAD55, 0xAD55, 0xAD35, 0xAD35, 0xAD35,
  0xAD55, 0xAD55, 0xAD55, 0xAD55, 0x9D34, 0x63F1, 0x9D34, 0xAD55, 0xAD35, 0xAD35, 0xA535, 0xA555,
  0xAD55, 0xAD55, 0xAD55, 0xA554, 0xA554, 0xAD55, 0xAD55, 0x7C93, 0x2B10, 0x7CB3, 0xAD55, 0xAD35,
  0xAD35, 0xAD35, 0xAD55, 0xAD55, 0xAD55, 0xAD55, 0xAD55, 0xAD55, 0xAD55, 0xAD55, 0xAD55, 0xAD55,
  0xAD55, 0xAD55, 0xAD55, 0xAD55, 0xAD55, 0xAD55, 0xAD55, 0xAD55, 0x9D14, 0x01CF, 0x010F, 0x016F,
  0x016F, 0x016F, 0x016F, 0x016F, 0x016F, 0x016F, 0x016F, 0x016F, 0x016F, 0x016F, 0x016F, 0x016F,
  0x016F, 0x016F, 0x016F, 0x016F, 0x016F, 0x016F, 0x016F, 0x016F, 0x016F, 0x016F, 0x016F, 0x016F,
  0x016F, 0x016F, 0x016F, 0x016F, 0x016F, 0x016F, 0x016F, 0x016F, 0x016F, 0x016F, 0x016F, 0x016F,
  0x016F, 0x016F, 0x016F, 0x016F, 0x016F, 0x016F, 0x016F, 0x016F, 0x016F, 0x016F, 0x016F, 0x016F,
  0x016F, 0x016F, 0x016F, 0x016F, 0x016F, 0x016F, 0x016F, 0x016F, 0x016F, 0x016F, 0x016F, 0x016F,
  0x016F, 0x016F, 0x016F, 0x016F, 0x016F, 0x016F, 0x016F, 0x016F, 0x016F, 0x016F, 0x016F, 0x016F,
  0x016F, 0x016F, 0x016F, 0x016F, 0x016F, 0x016F, 0x016F, 0x016F, 0x016F, 0x016F, 0x016F, 0x016F,
  0x016F, 0x016F, 0x016F, 0x016F, 0x016F, 0x016F, 0x016F, 0x016F, 0x016F, 0x016F, 0x016F, 0x016F,
  0x016F, 0x016F, 0x016F, 0x016F, 0x016F, 0x016F, 0x016F, 0x016F, 0x016F, 0x016F, 0x016F, 0x016F,
  0x016F, 0x016F, 0x016F, 0x016F, 0x016F, 0x016F, 0x016F, 0x016F, 0x016F, 0x016F, 0x016F, 0x016F,
  0x016F, 0x016F, 0x016F, 0x016F, 0x016F, 0x016F, 0x016F, 0x016F, 0x016F, 0x016F, 0x016F, 0x016F,
  0x016F, 0x016F, 0x016F, 0x016F, 0x016F, 0x016F, 0x016F, 0x016F, 0x016F, 0x016F, 0x016F, 0x016F,
  0x016F, 0x016F, 0x016F, 0x016F, 0x016F, 0x016F, 0x016F, 0x016F, 0x016F, 0x016F, 0x016F, 0x016F,
  0x016F, 0x016F, 0x016F, 0x016F, 0x016F, 0x016F, 0x016F, 0x016F, 0x016F, 0x016F, 0x016F, 0x016F,
  0x016F, 0x016F, 0x016F, 0x016F, 0x016F, 0x016F, 0x016F, 0x016F, 0x016F, 0x016F, 0x016F, 0x016F,
  0x016F, 0x016F, 0x016F, 0x016F, 0x016F, 0x016F, 0x016F, 0x016F, 0x016F, 0x016F, 0x016F, 0x016F,
  0xAD55, 0xAD55, 0xAD55, 0xAD55, 0xAD55, 0xAD55, 0xAD55, 0xAD55, 0xAD55, 0xAD55, 0xAD55, 0xAD55,
  0xAD55, 0xAD55, 0xAD55, 0xAD55, 0xAD55, 0xAD55, 0xAD55, 0xAD55, 0xAD55, 0xAD55, 0xAD55, 0xAD55,
  0xAD55, 0xAD55, 0xAD55, 0xAD55, 0xAD55, 0xAD55, 0xAD55, 0xAD55, 0xAD55, 0xAD55, 0xAD55, 0xAD55,
  0xAD55, 0xAD55, 0xAD55, 0xAD55, 0xAD55, 0xAD55, 0xAD55, 0xAD55, 0xAD55, 0x4310, 0x006D, 0x94D4,
  0xAD55, 0xA535, 0xA535, 0xAD35, 0xAD35, 0xAD55, 0xAD55, 0xAD55, 0xAD55, 0xAD55, 0xAD55, 0xAD55,
  0xAD55, 0xAD55, 0xAD55, 0xAD55, 0xAD55, 0xAD55, 0xAD55, 0xAD55, 0xAD55, 0xAD55, 0xAD55, 0xAD55,
  0xAD55, 0xAD55, 0xAD55, 0xAD55, 0xAD55, 0xAD35, 0xAD35, 0xAD35, 0xAD35, 0xAD55, 0xAD55, 0x8C72,
  0x7C32, 0xAD55, 0xAD55, 0xAD34, 0xAD35, 0xA535, 0xA535, 0xA555, 0xAD55, 0xAD55, 0xAD55, 0xA534,
  0xA534, 0xA534, 0xAD35, 0xAD55, 0x8CB3, 0x1B10, 0x5C32, 0xAD55, 0xAD55, 0xAD34, 0xAD55, 0xAD55,
  0xAD55, 0xAD55, 0xAD55, 0xAD55, 0xAD55, 0xAD55, 0xAD55, 0xAD55, 0xAD55, 0xAD55, 0xAD55, 0xAD55,
  0xAD55, 0xAD55, 0xAD55, 0xAD55, 0xAD54, 0x020F, 0x00CF, 0x016F, 0x016F, 0x016F, 0x016F, 0x016F,
  0x016F, 0x016F, 0x016F, 0x016F, 0x016F, 0x016F, 0x016F, 0x016F, 0x016F, 0x016F, 0x016F, 0x016F,
  0x016F, 0x016F, 0x016F, 0x016F, 0x016F, 0x016F, 0x016F, 0x016F, 0x016F, 0x016F, 0x016F, 0x016F,
  0x016F, 0x016F, 0x016F, 0x016F, 0x016F, 0x016F, 0x016F, 0x016F, 0x016F, 0x016F, 0x016F, 0x016F,
  0x016F, 0x016F, 0x016F, 0x016F, 0x016F, 0x016F, 0x016F, 0x016F, 0x016F, 0x016F, 0x016F, 0x016F,
  0x016F, 0x016F, 0x016F, 0x016F, 0x016F, 0x016F, 0x016F, 0x016F, 0x016F, 0x016F, 0x016F, 0x016F,
  0x016F, 0x016F, 0x016F, 0x016F, 0x016F, 0x016F, 0x016F, 0x016F, 0x016F, 0x016F, 0x016F, 0x016F,
  0x016F, 0x016F, 0x016F, 0x016F, 0x016F, 0x016F, 0x016F, 0x016F, 0x016F, 0x016F, 0x016F, 0x016F,
  0x016F, 0x016F, 0x016F, 0x016F, 0x016F, 0x016F, 0x016F, 0x016F, 0x016F, 0x016F, 0x016F, 0x016F,
  0x016F, 0x016F, 0x016F, 0x016F, 0x016F, 0x016F, 0x016F, 0x016F, 0x016F, 0x016F, 0x016F, 0x016F,
  0x016F, 0x016F, 0x016F, 0x016F, 0x016F, 0x016F, 0x016F, 0x016F, 0x016F, 0x016F, 0x016F, 0x016F,
  0x016F, 0x016F, 0x016F, 0x016F, 0x016F, 0x016F, 0x016F, 0x016F, 0x016F, 0x016F, 0x016F, 0x016F,
  0x016F, 0x016F, 0x016F, 0x016F, 0x016F, 0x016F, 0x016F, 0x016F, 0x016F, 0x016F, 0x016F, 0x016F,
  0x016F, 0x016F, 0x016F, 0x016F, 0x016F, 0x016F, 0x016F, 0x016F, 0x016F, 0x016F, 0x016F, 0x016F,
  0x016F, 0x016F, 0x016F, 0x016F, 0x016F, 0x016F, 0x016F, 0x016F, 0x016F, 0x016F, 0x016F, 0x016F,
  0x016F, 0x016F, 0x016F, 0x016F, 0x016F, 0x016F, 0x016F, 0x016F, 0x016F, 0x016F, 0x016F, 0x016F,
  0x016F, 0x016F, 0x016F, 0x016F, 0x016F, 0x016F, 0x016F, 0x016F, 0xAD55, 0xAD55, 0xAD55, 0xAD55,
  0xAD55, 0xAD55, 0xAD55, 0xAD55, 0xAD55, 0xAD55, 0xAD55, 0xAD55, 0xAD55, 0xAD55, 0xAD55, 0xAD55,
  0xAD55, 0xAD55, 0xAD55, 0xAD55, 0xAD55, 0xAD55, 0xAD55, 0xAD55, 0xAD55, 0xAD55, 0xAD55, 0xAD55,
  0xAD55, 0xAD55, 0xAD55, 0xAD55, 0xAD55, 0xAD55, 0xAD55, 0xAD55, 0xAD55, 0xAD55, 0xAD55, 0xAD55,
  0xAD55, 0xAD35, 0xAD35, 0xAD55, 0xAD55, 0x01AE, 0x01CF, 0xAD55, 0xAD54, 0xA535, 0xA534, 0xA534,
  0xAD35, 0xAD55, 0xAD55, 0xAD55, 0xAD55, 0xAD55, 0xAD55, 0xAD55, 0xAD55, 0xAD55, 0xAD55, 0xAD55,
  0xAD55, 0xAD55, 0xAD55, 0xAD55, 0xAD55, 0xAD55, 0xAD55, 0xAD55, 0xAD55, 0xAD55, 0xAD55, 0xAD55,
  0xAD55, 0xAD35, 0xAD35, 0xAD35, 0xAD55, 0xAD55, 0x8C72, 0x73F1, 0xA534, 0xAD55, 0xAD35, 0xAD35,
  0xA554, 0xA554, 0xA554, 0xA554, 0xAD55, 0xAD55, 0xAD55, 0xAD55, 0xAD55, 0xAD55, 0xAD35, 0xAD34,
  0xAD55, 0x8CD4, 0x2310, 0x5C53, 0xAD55, 0xAD54, 0xAD55, 0xAD35, 0xAD35, 0xAD55, 0xAD55, 0xAD55,
  0xAD55, 0xAD55, 0xAD55, 0xAD55, 0xAD55, 0xAD55, 0xAD55, 0xAD55, 0xAD55, 0xAD55, 0xAD55, 0xAD54,
  0xAD55, 0x126F, 0x00CE, 0x014F, 0x014F, 0x014F, 0x016F, 0x016F, 0x016F, 0x016F, 0x016F, 0x016F,
  0x016F, 0x016F, 0x016F, 0x016F, 0x016F, 0x016F, 0x016F, 0x016F, 0x016F, 0x0170, 0x016F, 0x016F,
  0x016F, 0x016F, 0x016F, 0x016F, 0x016F, 0x016F, 0x016F, 0x016F, 0x016F, 0x016F, 0x016F, 0x016F,
  0x016F, 0x016F, 0x016F, 0x016F, 0x016F, 0x016F, 0x016F, 0x016F, 0x016F, 0x016F, 0x016F, 0x016F,
  0x016F, 0x016F, 0x014F, 0x014F, 0x014F, 0x016F, 0x016F, 0x016F, 0x016F, 0x016F, 0x016F, 0x016F,
  0x016F, 0x016F, 0x016F, 0x016F, 0x016F, 0x016F, 0x016F, 0x016F, 0x016F, 0x016F, 0x016F, 0x016F,
  0x016F, 0x016F, 0x016F, 0x016F, 0x016F, 0x016F, 0x016F, 0x016F, 0x016F, 0x016F, 0x016F, 0x016F,
  0x016F, 0x016F, 0x016F, 0x016F, 0x016F, 0x016F, 0x016F, 0x016F, 0x016F, 0x016F, 0x016F, 0x016F,
  0x016F, 0x016F, 0x016F, 0x016F, 0x016F, 0x016F, 0x016F, 0x016F, 0x016F, 0x016F, 0x016F, 0x016F,
  0x016F, 0x016F, 0x016F, 0x016F, 0x016F, 0x016F, 0x016F, 0x016F, 0x016F, 0x016F, 0x016F, 0x016F,
  0x016F, 0x016F, 0x016F, 0x016F, 0x016F, 0x016F, 0x016F, 0x016F, 0x016F, 0x016F, 0x016F, 0x016F,
  0x016F, 0x016F, 0x016F, 0x016F, 0x016F, 0x016F, 0x016F, 0x016F, 0x016F, 0x016F, 0x016F, 0x016F,
  0x016F, 0x016F, 0x016F, 0x016F, 0x016F, 0x016F, 0x016F, 0x016F, 0x016F, 0x016F, 0x016F, 0x016F,
  0x016F, 0x016F, 0x016F, 0x016F, 0x016F, 0x016F, 0x016F, 0x016F, 0x016F, 0x016F, 0x016F, 0x016F,
  0x016F, 0x016F, 0x016F, 0x016F, 0x016F, 0x016F, 0x016F, 0x016F, 0x016F, 0x016F, 0x016F, 0x016F,
  0x016F, 0x016F, 0x016F, 0x016F, 0x016F, 0x016F, 0x016F, 0x016F, 0x016F, 0x016F, 0x016F, 0x016F,
  0x016F, 0x016F, 0x016F, 0x016F, 0xAD55, 0xAD55, 0xAD55, 0xAD55, 0xAD55, 0xAD55, 0xAD55, 0xAD55,
  0xAD55, 0xAD55, 0xAD55, 0xAD55, 0xAD55, 0xAD55, 0xAD55, 0xAD55, 0xAD55, 0xAD55, 0xAD55, 0xAD55,
  0xAD55, 0xAD55, 0xAD55, 0xAD55, 0xAD55, 0xAD55, 0xAD55, 0xAD55, 0xAD55, 0xAD55, 0xAD55, 0xAD55,
  0xAD55, 0xAD55, 0xAD55, 0xAD55, 0xAD55, 0xAD55, 0xAD55, 0xAD55, 0xAD55, 0xAD35, 0xAD35, 0xAD55,
  0xA534, 0x00ED, 0x3332, 0xAD55, 0xAD34, 0xA534, 0xA534, 0xA534, 0xAD35, 0xAD55, 0xAD55, 0xAD55,
  0xAD55, 0xAD55, 0xAD55, 0xAD55, 0xAD55, 0xAD55, 0xAD55, 0xAD55, 0xAD55, 0xAD55, 0xAD55, 0xAD55,
  0xAD55, 0xAD55, 0xAD55, 0xAD55, 0xAD55, 0xAD55, 0xAD55, 0xAD55, 0xAD55, 0xAD35, 0xAD35, 0xAD55,
  0xAD55, 0x8432, 0x7C32, 0xAD55, 0xAD55, 0xAD54, 0xAD35, 0xAD35, 0xA554, 0xA554, 0xA554, 0xA555,
  0xAD55, 0xAD55, 0xAD55, 0xAD55, 0xAD55, 0xAD55, 0xAD35, 0xAD35, 0xAD35, 0xAD55, 0x9514, 0x22F0,
  0x5C32, 0xAD55, 0xAD55, 0xAD55, 0xA535, 0xAD55, 0xAD55, 0xAD55, 0xAD55, 0xAD55, 0xAD55, 0xAD55,
  0xAD55, 0xAD55, 0xAD55, 0xAD55, 0xAD55, 0xAD55, 0xAD55, 0xAD54, 0xAD55, 0x2AAF, 0x00AE, 0x014F,
  0x014F, 0x014F, 0x014F, 0x016F, 0x016F, 0x016F, 0x016F, 0x016F, 0x016F, 0x016F, 0x014F, 0x014F,
  0x014F, 0x016F, 0x016F, 0x016F, 0x016F, 0x016F, 0x016F, 0x016F, 0x016F, 0x016F, 0x016F, 0x016F,
  0x016F, 0x016F, 0x016F, 0x9D38, 0xFFFF, 0xFFFF, 0xFFFF, 0xFFFF, 0xFFFF, 0x9D38, 0x016F, 0x014F,
  0x014F, 0x014F, 0x016F, 0x016F, 0xB5FA, 0xEF5E, 0x32B2, 0xFFFF, 0x84B7, 0x016F, 0x016F, 0x016F,
  0x32D2, 0xFFFF, 0xFFFF, 0x9D38, 0x016F, 0x016F, 0x7C55, 0xFFFF, 0xFFFF, 0x32B2, 0x014F, 0x014F,
  0x016F, 0x016F, 0x016F, 0x016F, 0x016F, 0x016F, 0x016F, 0x014F, 0x014F, 0x014F, 0x014F, 0x014F,
  0x014F, 0x014F, 0x014F, 0x014F, 0x014F, 0x014F, 0x014F, 0x63D4, 0xFFFF, 0xFFFF, 0xFFFF, 0xFFFF,
  0xFFFF, 0xD6BC, 0x014F, 0x014F, 0x014F, 0x014F, 0x014F, 0x014F, 0x84B7, 0xFFFF, 0x32B2, 0xB5FA,
  0xEF5E, 0x014F, 0x014F, 0x014F, 0x014F, 0xEF5E, 0xEF5E, 0x014F, 0x014F, 0x014F, 0x014F, 0xB5FA,
  0xFFFF, 0x014F, 0x84B7, 0xFFFF, 0xFFFF, 0x84B7, 0x014F, 0x014F, 0x014F, 0x014F, 0x014F, 0x014F,
  0x014F, 0x014F, 0x014F, 0x014F, 0x014F, 0x014F, 0x014F, 0x014F, 0x014F, 0x014F, 0x014F, 0x014F,
  0x014F, 0x014F, 0x014F, 0x014F, 0x014F, 0x014F, 0x014F, 0x014F, 0x014F, 0x014F, 0x014F, 0x014F,
  0x014F, 0x014F, 0x014F, 0x014F, 0x014F, 0x014F, 0x014F, 0x014F, 0x014F, 0x014F, 0x014F, 0x014F,
  0x014F, 0x014F, 0x014F, 0x014F, 0x014F, 0x014F, 0x014F, 0x014F, 0x014F, 0x014F, 0x014F, 0x014F,
  0x014F, 0x014F, 0x014F, 0x014F, 0x014F, 0x014F, 0x014F, 0x014F, 0x014F, 0x014F, 0x014F, 0x014F,
  0x014F, 0x014F, 0x014F, 0x014F, 0x014F, 0x014F, 0x014F, 0x014F, 0x014F, 0x014F, 0x014F, 0x014F,
  0xAD55, 0xAD55, 0xAD55, 0xAD55, 0xAD55, 0xAD55, 0xAD55, 0xAD55, 0xAD55, 0xAD55, 0xAD55, 0xAD55,
  0xAD55, 0xAD55, 0xAD55, 0xAD55, 0xAD55, 0xAD55, 0xAD55, 0xAD55, 0xAD55, 0xAD55, 0xAD55, 0xAD55,
  0xAD55, 0xAD55, 0xAD55, 0xAD55, 0xAD55, 0xAD55, 0xAD55, 0xAD55, 0xAD55, 0xAD55, 0xAD55, 0xAD55,
  0xAD55, 0xAD55, 0xAD55, 0xAD55, 0xAD55, 0xAD35, 0xAD35, 0xAD55, 0x9D14, 0x010E, 0x4B92, 0xAD55,
  0xAD34, 0xAD34, 0xAD34, 0xAD34, 0xAD35, 0xAD55, 0xAD55, 0xAD55, 0xAD55, 0xAD55, 0xAD55, 0xAD55,
  0xAD55, 0xAD55, 0xAD55, 0xAD55, 0xAD55, 0xAD55, 0xAD55, 0xAD55, 0xAD55, 0xAD55, 0xAD55, 0xAD55,
  0xAD55, 0xAD55, 0xAD55, 0xAD55, 0xAD55, 0xAD35, 0xAD55, 0xAD55, 0x8452, 0x73F1, 0xA555, 0xAD55,
  0xAD35, 0xAD35, 0xAD35, 0xAD35, 0xAD55, 0xAD55, 0xAD55, 0xAD55, 0xAD55, 0xAD55, 0xAD55, 0xAD55,
  0xAD55, 0xAD55, 0xAD35, 0xAD35, 0xAD35, 0xAD34, 0xAD55, 0x94F4, 0x1B30, 0x74B3, 0xAD55, 0xAD55,
  0xA534, 0xAD55, 0xAD55, 0xAD55, 0xAD55, 0xAD55, 0xAD55, 0xAD55, 0xAD55, 0xAD55, 0xAD55, 0xAD55,
  0xAD55, 0xAD55, 0xA534, 0xAD34, 0xAD55, 0x4310, 0x00AD, 0x014F, 0x014F, 0x014F, 0x014F, 0x014F,
  0x014F, 0x014F, 0x014F, 0x014F, 0x014F, 0x014F, 0x014F, 0x014F, 0x014F, 0x014F, 0x014F, 0x014F,
  0x014F, 0x014F, 0x014F, 0x014F, 0x014F, 0x014F, 0x014F, 0x014F, 0x014F, 0x014F, 0x014F, 0x9D38,
  0xFFFF, 0xB5FA, 0xB5FA, 0xB5FA, 0xB5FA, 0x63D4, 0x014F, 0x014F, 0x014F, 0x014F, 0x014F, 0x014F,
  0xB5FA, 0xEF5E, 0x32B2, 0xFFFF, 0x8CB6, 0x014F, 0x014F, 0x014F, 0x32B2, 0xFFFF, 0xFFFF, 0xC65B,
  0x014F, 0x016F, 0xC65B, 0xFFFF, 0xFFFF, 0x32B2, 0x014F, 0x014F, 0x014F, 0x014F, 0x014F, 0x014F,
  0x014F, 0x014F, 0x014F, 0x014F, 0x014F, 0x014F, 0x014F, 0x014F, 0x014F, 0x014F, 0x014F, 0x014F,
  0x014F, 0x014F, 0x014F, 0x63D4, 0xFFFF, 0xD6BC, 0xB5FA, 0xB5FA, 0xB5FA, 0x9D38, 0x014F, 0x014F,
  0x014F, 0x014F, 0x014F, 0x014F, 0x8CB7, 0xFFFF, 0x32B2, 0xB5FA, 0xEF5E, 0x014F, 0x014F, 0x014F,
  0x014F, 0xEF5E, 0xEF5E, 0x014F, 0x014F, 0x014F, 0x014F, 0x84B7, 0xA599, 0x014F, 0xC65B, 0xFFFF,
  0xB5FA, 0x4B53, 0x014F, 0x014F, 0x014F, 0x014F, 0x014F, 0x014F, 0x014F, 0x014F, 0x014F, 0x014F,
  0x014F, 0x014F, 0x014F, 0x014F, 0x014F, 0x014F, 0x014F, 0x014F, 0x014F, 0x014F, 0x014F, 0x014F,
  0x014F, 0x014F, 0x014F, 0x014F, 0x014F, 0x014F, 0x014F, 0x014F, 0x014F, 0x014F, 0x014F, 0x014F,
  0x014F, 0x014F, 0x014F, 0x014F, 0x014F, 0x014F, 0x014F, 0x014F, 0x014F, 0x014F, 0x014F, 0x014F,
  0x014F, 0x014F, 0x014F, 0x014F, 0x014F, 0x014F, 0x014F, 0x014F, 0x014F, 0x014F, 0x014F, 0x014F,
  0x014F, 0x014F, 0x014F, 0x014F, 0x014F, 0x014F, 0x014F, 0x014F, 0x014F, 0x014F, 0x014F, 0x014F,
  0x014F, 0x014F, 0x014F, 0x014F, 0x014F, 0x014F, 0x014F, 0x014F, 0xAD55, 0xAD55, 0xAD55, 0xAD55,
  0xAD55, 0xAD55, 0xAD55, 0xAD55, 0xAD55, 0xAD55, 0xAD55, 0xAD55, 0xAD55, 0xAD55, 0xAD55, 0xAD55,
  0xAD55, 0xAD55, 0xAD55, 0xAD55, 0xAD55, 0xAD55, 0xAD55, 0xAD55, 0xAD55, 0xAD55, 0xAD55, 0xAD55,
  0xAD55, 0xAD55, 0xAD55, 0xAD55, 0xAD55, 0xAD55, 0xAD55, 0xAD55, 0xAD55, 0xAD55, 0xAD55, 0xAD55,
  0xAD55, 0xAD35, 0xAD34, 0xAD55, 0x94D3, 0x00ED, 0x5BD3, 0xAD55, 0xAD34, 0xAD34, 0xAD34, 0xAD34,
  0xAD55, 0xAD55, 0xAD55, 0xAD55, 0xAD55, 0xAD55, 0xAD55, 0xAD55, 0xAD55, 0xAD55, 0xAD55, 0xAD55,
  0xAD55, 0xAD55, 0xAD55, 0xAD55, 0xAD55, 0xAD55, 0xAD55, 0xAD55, 0xAD55, 0xAD55, 0xAD35, 0xAD35,
  0xAD35, 0xAD55, 0xAD55, 0x7C31, 0x7C32, 0xAD55, 0xAD55, 0xA534, 0xAD35, 0xAD35, 0xAD55, 0xAD55,
  0xAD55, 0xAD55, 0xAD55, 0xAD55, 0xAD55, 0xAD55, 0xAD55, 0xAD55, 0xAD55, 0xAD55, 0xAD55, 0xAD35,
  0xAD35, 0xAD34, 0xAD34, 0xAD55, 0x94F4, 0x2B10, 0x7C73, 0xAD55, 0xAD54, 0xAD54, 0xAD55, 0xAD55,
  0xAD55, 0xAD55, 0xAD55, 0xAD55, 0xAD55, 0xAD55, 0xAD55, 0xAD55, 0xAD55, 0xAD55, 0xAD54, 0xAD35,
  0xAD55, 0x5BB1, 0x00AD, 0x014F, 0x014F, 0x014F, 0x014F, 0x014F, 0x014F, 0x014F, 0x014F, 0x014F,
  0x014F, 0x014F, 0x014F, 0x014F, 0x014F, 0x014F, 0x014F, 0x014F, 0x014F, 0x014F, 0x014F, 0x014F,
  0x014F, 0x014F, 0x014F, 0x014F, 0x014F, 0x014F, 0x014F, 0x9D38, 0xFFFF, 0x32B2, 0x014F, 0x014F,
  0x014F, 0x014F, 0xFFFF, 0xD6BC, 0x014F, 0x63D4, 0xFFFF, 0x8CB7, 0xB5FA, 0xEF5E, 0x32B2, 0xFFFF,
  0x8CB7, 0x014F, 0x014F, 0x014F, 0x32B2, 0xFFFF, 0xFFFF, 0xFFFF, 0x1210, 0x014F, 0xF7BE, 0xFFFF,
  0xFFFF, 0x3AB2, 0x9D38, 0xFFFF, 0xFFFF, 0xFFFF, 0x9D38, 0x014F, 0x63D4, 0xEF5E, 0xFFFF, 0xFFFF,
  0xC65B, 0x014F, 0xD6BC, 0xF7BE, 0xEF5E, 0xFFFF, 0xEF5E, 0x32B2, 0x014F, 0x014F, 0x014F, 0x63D4,
  0xFFFF, 0x8CB7, 0x014F, 0x014F, 0x014F, 0x014F, 0x9D38, 0xFFFF, 0x63D4, 0x014F, 0xD6BC, 0xEF5E,
  0x8CB7, 0xFFFF, 0x32B2, 0xB5FA, 0xEF5E, 0x014F, 0x014F, 0x014F, 0x014F, 0xEF5E, 0xEF5E, 0x014F,
  0x014F, 0x014F, 0x014F, 0xB5FA, 0xFFFF, 0x9D38, 0xFFFF, 0xFFFF, 0xFFFF, 0x32B2, 0xDF1D, 0xFFFF,
  0xFFFF, 0xDF1D, 0x32B2, 0x014F, 0x014F, 0x014F, 0x014F, 0x014F, 0x014F, 0x014F, 0x014F, 0x014F,
  0x014F, 0x014F, 0x014F, 0x014F, 0x014F, 0x014F, 0x014F, 0x014F, 0x014F, 0x014F, 0x014F, 0x014F,
  0x014F, 0x014F, 0x014F, 0x014F, 0x014F, 0x014F, 0x014F, 0x014F, 0x014F, 0x014F, 0x014F, 0x014F,
  0x014F, 0x014F, 0x014F, 0x014F, 0x014F, 0x014F, 0x014F, 0x014F, 0x014F, 0x014F, 0x014F, 0x014F,
  0x014F, 0x014F, 0x014F, 0x014F, 0x014F, 0x014F, 0x014F, 0x014F, 0x014F, 0x014F, 0x014F, 0x014F,
  0x014F, 0x014F, 0x014F, 0x014F, 0x014F, 0x014F, 0x014F, 0x014F, 0x014F, 0x014F, 0x014F, 0x014F,
  0x014F, 0x014F, 0x014F, 0x014F, 0xAD55, 0xAD55, 0xAD55, 0xAD55, 0xAD55, 0xAD55, 0xAD55, 0xAD55,
  0xAD55, 0xAD55, 0xAD55, 0xAD55, 0xAD55, 0xAD55, 0xAD55, 0xAD55, 0xAD55, 0xAD55, 0xAD55, 0xAD55,
  0xAD55, 0xAD55, 0xAD55, 0xAD55, 0xAD55, 0xAD55, 0xAD55, 0xAD55, 0xAD55, 0xAD55, 0xAD55, 0xAD55,
  0xAD55, 0xAD55, 0xAD55, 0xAD55, 0xAD55, 0xAD55, 0xAD55, 0xAD55, 0xAD55, 0xAD35, 0xAD34, 0xAD55,
  0x8C73, 0x00ED, 0x7433, 0xAD55, 0xAD34, 0xA534, 0xA534, 0xA534, 0xAD55, 0xAD55, 0xAD55, 0xAD55,
  0xAD55, 0xAD55, 0xAD55, 0xAD55, 0xAD55, 0xAD55, 0xAD55, 0xAD55, 0xAD55, 0xAD55, 0xAD55, 0xAD55,
  0xAD55, 0xAD55, 0xAD55, 0xAD55, 0xAD55, 0xAD35, 0xAD35, 0xAD35, 0xAD55, 0xAD55, 0x7C32, 0x7C11,
  0xAD55, 0xAD55, 0xA534, 0xA534, 0xAD55, 0xAD55, 0xAD55, 0xAD55, 0xAD55, 0xAD55, 0xAD55, 0xAD55,
  0xAD55, 0xAD55, 0xAD55, 0xAD55, 0xAD55, 0xAD55, 0xAD55, 0xAD55, 0xAD55, 0xAD55, 0xAD35, 0xAD35,
  0xAD55, 0x8C93, 0x330F, 0x8CF4, 0xAD55, 0xAD54, 0xAD55, 0xAD55, 0xAD55, 0xAD55, 0xAD55, 0xAD55,
  0xAD55, 0xAD55, 0xAD55, 0xAD55, 0xAD55, 0xAD55, 0xAD55, 0xAD35, 0xAD55, 0x5BB1, 0x008D, 0x014F,
  0x014F, 0x014F, 0x014F, 0x014F, 0x014F, 0x014F, 0x014F, 0x014F, 0x014F, 0x014F, 0x014F, 0x014F,
  0x014F, 0x014F, 0x014F, 0x014F, 0x014F, 0x014F, 0x014F, 0x014F, 0x014F, 0x014F, 0x014F, 0x014F,
  0x014F, 0x014F, 0x014F, 0x9D38, 0xFFFF, 0xFFFF, 0xFFFF, 0xFFFF, 0xEF5E, 0x014F, 0xFFFF, 0xD6BC,
  0x014F, 0x63D4, 0xFFFF, 0x8CB7, 0xB5FA, 0xEF5E, 0x32B2, 0xFFFF, 0x8CB7, 0x014F, 0x014F, 0x014F,
  0x32B2, 0xFFFF, 0xFFFF, 0xFFFF, 0x7C55, 0x7C55, 0xFFFF, 0xF7BE, 0xFFFF, 0x8CB7, 0xFFFF, 0xF7BE,
  0xB5FA, 0xFFFF, 0xFFFF, 0x4B53, 0xF7BE, 0xFFFF, 0xB5FA, 0xEF5E, 0xFFFF, 0x9D38, 0xD6BC, 0xFFFF,
  0xDF1D, 0xD6BC, 0xFFFF, 0xAD99, 0x014F, 0x014F, 0x014F, 0x63D4, 0xFFFF, 0xFFFF, 0xFFFF, 0xFFFF,
  0xFFFF, 0x32B2, 0x9D38, 0xFFFF, 0x63D4, 0x014F, 0xD6BC, 0xEF5E, 0x8CB7, 0xFFFF, 0x32B2, 0xB5FA,
  0xEF5E, 0x014F, 0x014F, 0x014F, 0x014F, 0xEF5E, 0xEF5E, 0x014F, 0x014F, 0x014F, 0x014F, 0xB5FA,
  0xFFFF, 0x63D4, 0xEF5E, 0xF7BE, 0xA599, 0xC65B, 0xFFFF, 0xC65B, 0xC65B, 0xFFFF, 0xC65B, 0x014F,
  0x014F, 0x014F, 0x014F, 0x014F, 0x014F, 0x014F, 0x014F, 0x014F, 0x014F, 0x014F, 0x014F, 0x014F,
  0x014F, 0x014F, 0x014F, 0x014F, 0x014F, 0x014F, 0x014F, 0x014F, 0x014F, 0x014F, 0x014F, 0x014F,
  0x014F, 0x014F, 0x014F, 0x014F, 0x014F, 0x014F, 0x014F, 0x014F, 0x014F, 0x014F, 0x014F, 0x014F,
  0x014F, 0x014F, 0x014F, 0x014F, 0x014F, 0x014F, 0x014F, 0x014F, 0x014F, 0x014F, 0x014F, 0x014F,
  0x014F, 0x014F, 0x014F, 0x014F, 0x014F, 0x014F, 0x014F, 0x014F, 0x014F, 0x014F, 0x014F, 0x014F,
  0x014F, 0x014F, 0x014F, 0x014F, 0x014F, 0x014F, 0x014F, 0x014F, 0x014F, 0x014F, 0x014F, 0x014F,
  0xAD55, 0xAD55, 0xAD55, 0xAD55, 0xAD55, 0xAD55, 0xAD55, 0xAD55, 0xAD55, 0xAD55, 0xAD55, 0xAD55,
  0xAD55, 0xAD55, 0xAD55, 0xAD55, 0xAD55, 0xAD55, 0xAD55, 0xAD55, 0xAD55, 0xAD55, 0xAD55, 0xAD55,
  0xAD55, 0xAD55, 0xAD55, 0xAD55, 0xAD55, 0xAD55, 0xAD55, 0xAD55, 0xAD55, 0xAD55, 0xAD55, 0xAD55,
  0xAD55, 0xAD55, 0xAD55, 0xAD55, 0xAD55, 0xAD35, 0xAD34, 0xAD55, 0x7412, 0x00ED, 0x84B4, 0xAD55,
  0xAD34, 0xA534, 0xA534, 0xAD55, 0xAD55, 0xAD55, 0xAD55, 0xAD55, 0xAD55, 0xAD55, 0xAD55, 0xAD55,
  0xAD55, 0xAD55, 0xAD55, 0xAD55, 0xAD55, 0xAD55, 0xAD55, 0xAD55, 0xAD55, 0xAD55, 0xAD55, 0xAD55,
  0xAD55, 0xAD35, 0xAD55, 0xAD55, 0xA514, 0x7411, 0x8452, 0xAD55, 0xAD55, 0xAD55, 0xAD55, 0xAD55,
  0xAD55, 0xAD55, 0xAD55, 0xAD55, 0xAD55, 0xAD55, 0xAD55, 0xAD55, 0xAD55, 0xAD55, 0xAD55, 0xAD55,
  0xAD55, 0xAD55, 0xAD55, 0xAD55, 0xAD55, 0xAD55, 0xAD35, 0xAD35, 0xAD35, 0xAD55, 0x8C93, 0x2B30,
  0x84F4, 0xAD55, 0xAD35, 0xAD55, 0xAD55, 0xAD55, 0xAD55, 0xAD55, 0xAD55, 0xAD55, 0xAD55, 0xAD55,
  0xAD55, 0xAD55, 0xA535, 0xAD55, 0xAD55, 0x020E, 0x008E, 0x0150, 0x014F, 0x014F, 0x014F, 0x014F,
  0x014F, 0x014F, 0x014F, 0x014F, 0x014F, 0x014F, 0x014F, 0x014F, 0x014F, 0x014F, 0x014F, 0x014F,
  0x014F, 0x014F, 0x014F, 0x014F, 0x014F, 0x014F, 0x014F, 0x014F, 0x014F, 0x014F, 0x014F, 0x9D38,
  0xFFFF, 0xB5FA, 0xB5FA, 0xB5FA, 0x9D38, 0x014F, 0xFFFF, 0xD6BC, 0x014F, 0x63D4, 0xFFFF, 0x8CB7,
  0xB5FA, 0xEF5E, 0x3AB2, 0xFFFF, 0x8CB7, 0x014F, 0x014F, 0x014F, 0x3AB2, 0xFFFF, 0xD6BC, 0xFFFF,
  0xC65B, 0xAD99, 0xFFFF, 0xC65B, 0xFFFF, 0x9D38, 0xFFFF, 0x7C56, 0x014F, 0x8CB7, 0xFFFF, 0x9D38,
  0xFFFF, 0xAD99, 0x014F, 0x3AB2, 0xFFFF, 0xC65B, 0xD6BC, 0xFFFF, 0x1211, 0x1211, 0xFFFF, 0xB5FA,
  0x014F, 0x014F, 0x014F, 0x63D4, 0xFFFF, 0xD6BC, 0xB5FA, 0xB5FA, 0xB5FA, 0x1211, 0x9D38, 0xFFFF,
  0x63D4, 0x014F, 0xD6BC, 0xEF5E, 0x8CB7, 0xFFFF, 0x3AB2, 0xB5FA, 0xEF5E, 0x014F, 0x014F, 0x014F,
  0x014F, 0xEF5E, 0xEF5E, 0x014F, 0x014F, 0x014F, 0x014F, 0xB5FA, 0xFFFF, 0x014F, 0xD6BC, 0xEF5E,
  0x014F, 0xF7BE, 0xFFFF, 0xFFFF, 0xFFFF, 0xFFFF, 0xEF5E, 0x014F, 0x014F, 0x014F, 0x014F, 0x014F,
  0x014F, 0x014F, 0x014F, 0x014F, 0x014F, 0x014F, 0x014F, 0x014F, 0x014F, 0x014F, 0x014F, 0x014F,
  0x014F, 0x014F, 0x014F, 0x014F, 0x014F, 0x014F, 0x014F, 0x014F, 0x014F, 0x014F, 0x014F, 0x014F,
  0x014F, 0x014F, 0x014F, 0x014F, 0x014F, 0x014F, 0x014F, 0x014F, 0x014F, 0x014F, 0x014F, 0x014F,
  0x014F, 0x014F, 0x014F, 0x014F, 0x014F, 0x014F, 0x014F, 0x014F, 0x014F, 0x014F, 0x014F, 0x014F,
  0x014F, 0x014F, 0x014F, 0x014F, 0x014F, 0x014F, 0x014F, 0x014F, 0x014F, 0x014F, 0x014F, 0x014F,
  0x014F, 0x014F, 0x014F, 0x014F, 0x014F, 0x014F, 0x014F, 0x014F, 0xAD55, 0xAD55, 0xAD55, 0xAD55,
  0xAD55, 0xAD55, 0xAD55, 0xAD55, 0xAD55, 0xAD55, 0xAD55, 0xAD55, 0xAD55, 0xAD55, 0xAD55, 0xAD55,
  0xAD55, 0xAD55, 0xAD55, 0xAD55, 0xAD55, 0xAD55, 0xAD55, 0xAD55, 0xAD55, 0xAD55, 0xAD55, 0xAD55,
  0xAD55, 0xAD55, 0xAD55, 0xAD55, 0xAD55, 0xAD55, 0xAD55, 0xAD55, 0xAD55, 0xAD55, 0xAD55, 0xAD55,
  0xAD55, 0xAD35, 0xAD34, 0xAD55, 0x7C32, 0x00CD, 0x7C93, 0xAD55, 0xAD34, 0xAD34, 0xAD35, 0xAD55,
  0xAD55, 0xAD55, 0xAD55, 0xAD55, 0xAD55, 0xAD35, 0xAD55, 0xAD55, 0xAD55, 0xAD35, 0xAD55, 0xAD35,
  0xAD55, 0xAD35, 0xAD55, 0xAD55, 0xAD55, 0xAD55, 0xAD55, 0xAD35, 0xAD55, 0xAD55, 0x9CF4, 0x8CB3,
  0x8452, 0x8472, 0xAD55, 0xAD55, 0xAD35, 0xAD55, 0xAD55, 0xAD55, 0xAD55, 0xAD55, 0xAD55, 0xAD55,
  0xAD55, 0xAD55, 0xAD55, 0xAD55, 0xAD55, 0xAD55, 0xAD55, 0xAD55, 0xAD55, 0xAD55, 0xAD55, 0xAD55,
  0xAD55, 0xAD55, 0xAD35, 0xAD35, 0xAD35, 0xAD35, 0xAD55, 0x7432, 0x3B70, 0x9534, 0xAD55, 0xAD35,
  0xAD55, 0xAD55, 0xAD55, 0xAD55, 0xAD55, 0xAD55, 0xAD55, 0xAD55, 0xAD55, 0xAD55, 0xAD55, 0xAD55,
  0x4B30, 0x006C, 0x014F, 0x014F, 0x014F, 0x014F, 0x014F, 0x014F, 0x014F, 0x014F, 0x014F, 0x014F,
  0x014F, 0x014F, 0x014F, 0x014F, 0x014F, 0x014F, 0x014F, 0x014F, 0x014F, 0x014F, 0x014F, 0x014F,
  0x014F, 0x014F, 0x014F, 0x014F, 0x014F, 0x014F, 0x014F, 0x9D18, 0xFFFF, 0x3AB2, 0x014F, 0x014F,
  0x014F, 0x014F, 0xFFFF, 0xD6BC, 0x014F, 0x7C55, 0xFFFF, 0x8CB7, 0xB5FA, 0xEF5E, 0x3AB2, 0xFFFF,
  0x8CB7, 0x014F, 0x014F, 0x014F, 0x3AB2, 0xFFFF, 0xB5FA, 0xDF1D, 0xF7BE, 0xF7BE, 0xEF5E, 0x9D38,
  0xFFFF, 0x9D38, 0xFFFF, 0x5353, 0x014F, 0x63D4, 0xFFFF, 0x9D38, 0xFFFF, 0x9D38, 0x014F, 0x014F,
  0xFFFF, 0xD6BC, 0xD6BC, 0xFFFF, 0x014F, 0x014F, 0xFFFF, 0xB5FA, 0x014F, 0x014F, 0x014F, 0x63D4,
  0xFFFF, 0x8CB7, 0x014F, 0x014F, 0x014F, 0x014F, 0x9D18, 0xFFFF, 0x63D4, 0x014F, 0xDF1D, 0xEF5E,
  0x8CB7, 0xFFFF, 0x3AB2, 0xB5FA, 0xEF5E, 0x014F, 0x014F, 0x014F, 0x014F, 0xEF5E, 0xEF5E, 0x014F,
  0x014F, 0x014F, 0x014F, 0xB5FA, 0xFFFF, 0x014F, 0xD6BC, 0xEF5E, 0x014F, 0xFFFF, 0xEF5E, 0xB5FA,
  0xB5FA, 0xB5FA, 0x9D38, 0x014F, 0x014F, 0x014F, 0x014F, 0x014F, 0x014F, 0x014F, 0x014F, 0x014F,
  0x014F, 0x014F, 0x014F, 0x014F, 0x014F, 0x014F, 0x014F, 0x014F, 0x014F, 0x014F, 0x014F, 0x014F,
  0x014F, 0x014F, 0x014F, 0x014F, 0x014F, 0x014F, 0x014F, 0x014F, 0x014F, 0x014F, 0x014F, 0x014F,
  0x014F, 0x014F, 0x014F, 0x014F, 0x014F, 0x014F, 0x014F, 0x014F, 0x014F, 0x014F, 0x014F, 0x014F,
  0x014F, 0x014F, 0x014F, 0x014F, 0x014F, 0x014F, 0x014F, 0x014F, 0x014F, 0x014F, 0x014F, 0x014F,
  0x014F, 0x014F, 0x014F, 0x014F, 0x014F, 0x014F, 0x014F, 0x014F, 0x014F, 0x014F, 0x014F, 0x014F,
  0x014F, 0x014F, 0x014F, 0x014F, 0xAD55, 0xAD55, 0xAD55, 0xAD55, 0xAD55, 0xAD55, 0xAD55, 0xAD55,
  0xAD55, 0xAD55, 0xAD55, 0xAD55, 0xAD55, 0xAD55, 0xAD55, 0xAD55, 0xAD55, 0xAD55, 0xAD55, 0xAD55,
  0xAD55, 0xAD55, 0xAD55, 0xAD55, 0xAD55, 0xAD55, 0xAD55, 0xAD55, 0xAD55, 0xAD55, 0xAD55, 0xAD55,
  0xAD55, 0xAD55, 0xAD55, 0xAD55, 0xAD55, 0xAD55, 0xAD35, 0xAD35, 0xAD35, 0xAD35, 0xAD55, 0xAD55,
  0x94D4, 0x006B, 0x5BD2, 0xAD55, 0xAD55, 0xAD55, 0xAD55, 0xAD55, 0xAD55, 0xAD55, 0xAD55, 0xAD55,
  0xAD55, 0xAD55, 0xAD55, 0xAD55, 0xAD55, 0xAD55, 0xAD55, 0xAD55, 0xAD55, 0xAD55, 0xAD55, 0xAD55,
  0xAD55, 0xAD55, 0xAD55, 0xAD55, 0xA514, 0x8472, 0x7C32, 0x8CB3, 0xA534, 0xAD55, 0xAD55, 0xAD35,
  0xAD35, 0xAD55, 0xAD55, 0xAD55, 0xAD55, 0xAD55, 0xAD55, 0xAD55, 0xAD55, 0xAD55, 0xAD55, 0xAD55,
  0xAD55, 0xAD55, 0xAD55, 0xAD55, 0xAD55, 0xAD55, 0xAD55, 0xAD55, 0xAD55, 0xAD55, 0xAD55, 0xAD55,
  0xAD55, 0xAD35, 0xAD35, 0xAD55, 0x7C72, 0x3370, 0x9535, 0xAD55, 0xAD35, 0xAD55, 0xAD55, 0xAD55,
  0xAD55, 0xAD55, 0xAD55, 0xAD35, 0xA535, 0xAD54, 0xAD55, 0x5B91, 0x000A, 0x4392, 0x22F0, 0x00AE,
  0x014F, 0x014F, 0x014F, 0x014F, 0x014F, 0x014F, 0x014F, 0x014F, 0x014F, 0x014F, 0x014F, 0x014F,
  0x014F, 0x014F, 0x014F, 0x014F, 0x014F, 0x014F, 0x014F, 0x014F, 0x014F, 0x014F, 0x014F, 0x014F,
  0x014F, 0x014F, 0x014F, 0x9D18, 0xFFFF, 0x3AB2, 0x014F, 0x012F, 0x012F, 0x012F, 0xEF5E, 0xEF5E,
  0x1211, 0xC65B, 0xFFFF, 0x8CB7, 0xB5FA, 0xEF5E, 0x3AB2, 0xFFFF, 0x8CB7, 0x014F, 0x014F, 0x014F,
  0x3AB2, 0xFFFF, 0xB5FA, 0xA599, 0xFFFF, 0xFFFF, 0xAD99, 0x9D18, 0xFFFF, 0x9D18, 0xFFFF, 0xB5FA,
  0x014F, 0xD6BC, 0xFFFF, 0x9D18, 0xFFFF, 0xDF1D, 0x1211, 0x9D18, 0xFFFF, 0xA599, 0xD6BC, 0xFFFF,
  0x014F, 0x014F, 0xFFFF, 0xB5FA, 0x014F, 0x014F, 0x014F, 0x63D4, 0xFFFF, 0x8CB7, 0x014F, 0x014F,
  0x014F, 0x014F, 0x8CB7, 0xFFFF, 0x9D18, 0x5353, 0xFFFF, 0xEF5E, 0x8CB7, 0xFFFF, 0x3AB2, 0xB5FA,
  0xEF5E, 0x014F, 0x014F, 0x014F, 0x014F, 0xEF5E, 0xEF5E, 0x014F, 0x014F, 0x014F, 0x014F, 0xB5FA,
  0xFFFF, 0x014F, 0xD6BC, 0xEF5E, 0x014F, 0xEF5E, 0xFFFF, 0x63D4, 0x5353, 0xF7BE, 0xD6BC, 0x014F,
  0x014F, 0x014F, 0x014F, 0x014F, 0x014F, 0x014F, 0x014F, 0x014F, 0x014F, 0x014F, 0x014F, 0x014F,
  0x014F, 0x014F, 0x014F, 0x014F, 0x014F, 0x014F, 0x014F, 0x014F, 0x014F, 0x014F, 0x014F, 0x014F,
  0x014F, 0x014F, 0x014F, 0x014F, 0x014F, 0x014F, 0x014F, 0x014F, 0x014F, 0x014F, 0x014F, 0x014F,
  0x014F, 0x014F, 0x014F, 0x014F, 0x014F, 0x014F, 0x014F, 0x014F, 0x014F, 0x014F, 0x014F, 0x014F,
  0x014F, 0x014F, 0x014F, 0x014F, 0x014F, 0x014F, 0x014F, 0x014F, 0x014F, 0x014F, 0x014F, 0x014F,
  0x014F, 0x014F, 0x014F, 0x014F, 0x014F, 0x014F, 0x014F, 0x014F, 0x014F, 0x014F, 0x014F, 0x014F,
  0xAD55, 0xAD55, 0xAD55, 0xAD55, 0xAD55, 0xAD55, 0xAD55, 0xAD55, 0xAD55, 0xAD55, 0xAD55, 0xAD55,
  0xAD55, 0xAD55, 0xAD55, 0xAD55, 0xAD55, 0xAD55, 0xAD55, 0xAD55, 0xAD55, 0xAD55, 0xAD55, 0xAD55,
  0xAD55, 0xAD55, 0xAD55, 0xAD55, 0xAD55, 0xAD55, 0xAD55, 0xAD55, 0xAD55, 0xAD55, 0xAD55, 0xAD55,
  0xAD55, 0xAD55, 0xAD35, 0xAD35, 0xAD55, 0xAD55, 0xA4F4, 0x7C52, 0x43F2, 0x02B0, 0x4391, 0x7C53,
  0x7453, 0x7C93, 0x7C93, 0x7C73, 0x7C73, 0x7C93, 0x7C94, 0x7C93, 0x7C93, 0x7C93, 0x8493, 0x8493,
  0x8493, 0x8493, 0x8493, 0x8493, 0x84B3, 0x84B3, 0x8493, 0x8493, 0x8493, 0x8493, 0x8493, 0x8C93,
  0x8452, 0x8472, 0xA534, 0xAD55, 0xAD55, 0xA535, 0xAD55, 0xAD34, 0xAD34, 0xAD55, 0xAD55, 0xAD55,
  0xAD55, 0xAD55, 0xAD55, 0xAD55, 0xAD55, 0xAD55, 0xAD55, 0xAD55, 0xAD55, 0xAD55, 0xAD55, 0xAD55,
  0xAD55, 0xAD55, 0xAD55, 0xAD55, 0xAD55, 0xAD55, 0xAD55, 0xAD55, 0xAD55, 0xAD35, 0xAD35, 0xAD35,
  0xAD55, 0x63F1, 0x4BB1, 0xA555, 0xAD55, 0xAD55, 0xAD55, 0xAD55, 0xAD55, 0xAD55, 0xAD55, 0xAD34,
  0xA534, 0xAD55, 0x84B3, 0x002B, 0x01AF, 0xAD55, 0x2A8F, 0x008E, 0x014F, 0x014F, 0x014F, 0x014F,
  0x014F, 0x014F, 0x014F, 0x014F, 0x014F, 0x014F, 0x014F, 0x012F, 0x014F, 0x014F, 0x014F, 0x014F,
  0x014F, 0x012F, 0x012F, 0x012F, 0x012F, 0x012F, 0x012F, 0x012F, 0x012F, 0x012F, 0x012F, 0x9D18,
  0xFFFF, 0x3AB2, 0x012F, 0x012F, 0x012F, 0x012F, 0xD6BC, 0xFFFF, 0xFFFF, 0xFFFF, 0xFFFF, 0x8CB7,
  0xB5FA, 0xEF5E, 0x3AB2, 0xFFFF, 0x8CB7, 0x014F, 0x014F, 0x014F, 0x3AB2, 0xFFFF, 0xB5FA, 0x5353,
  0xFFFF, 0xFFFF, 0x7C56, 0x9D18, 0xFFFF, 0x5353, 0xEF5E, 0xFFFF, 0xFFFF, 0xFFFF, 0xEF5E, 0x1211,
  0xC65B, 0xFFFF, 0xFFFF, 0xFFFF, 0xFFFF, 0x5333, 0xD6BC, 0xFFFF, 0x012F, 0x012F, 0xFFFF, 0xB5FA,
  0x014F, 0x012F, 0x012F, 0x63D4, 0xFFFF, 0x8CB7, 0x012F, 0x012F, 0x012F, 0x012F, 0x63D4, 0xFFFF,
  0xFFFF, 0xFFFF, 0xFFFF, 0xEF5E, 0x8CB7, 0xFFFF, 0x3AB2, 0xB5FA, 0xEF5E, 0x014F, 0x014F, 0x014F,
  0x014F, 0xEF5E, 0xFFFF, 0xFFFF, 0xFFFF, 0xFFFF, 0xD6BC, 0xB5FA, 0xFFFF, 0x014F, 0xD6BC, 0xEF5E,
  0x014F, 0x9D18, 0xFFFF, 0xFFFF, 0xFFFF, 0xFFFF, 0x9D18, 0x014F, 0x014F, 0x014F, 0x014F, 0x014F,
  0x014F, 0x014F, 0x014F, 0x014F, 0x014F, 0x014F, 0x014F, 0x014F, 0x014F, 0x014F, 0x014F, 0x014F,
  0x014F, 0x014F, 0x014F, 0x014F, 0x014F, 0x014F, 0x014F, 0x014F, 0x014F, 0x014F, 0x014F, 0x014F,
  0x014F, 0x014F, 0x014F, 0x014F, 0x014F, 0x014F, 0x014F, 0x014F, 0x014F, 0x014F, 0x014F, 0x014F,
  0x014F, 0x014F, 0x014F, 0x014F, 0x014F, 0x014F, 0x014F, 0x014F, 0x014F, 0x014F, 0x014F, 0x014F,
  0x014F, 0x014F, 0x014F, 0x014F, 0x014F, 0x014F, 0x014F, 0x014F, 0x014F, 0x014F, 0x014F, 0x014F,
  0x014F, 0x014F, 0x014F, 0x014F, 0x014F, 0x014F, 0x014F, 0x014F, 0xAD55, 0xAD55, 0xAD55, 0xAD55,
  0xAD55, 0xAD55, 0xAD55, 0xAD55, 0xAD55, 0xAD55, 0xAD55, 0xAD55, 0xAD55, 0xAD55, 0xAD55, 0xAD55,
  0xAD55, 0xAD55, 0xAD55, 0xAD55, 0xAD55, 0xAD55, 0xAD55, 0xAD55, 0xAD55, 0xAD55, 0xAD55, 0xAD55,
  0xAD55, 0xAD55, 0xAD55, 0xAD55, 0xAD55, 0xAD55, 0xAD55, 0xAD55, 0xAD55, 0xAD55, 0xAD34, 0xAD55,
  0xA514, 0x4B90, 0x0B50, 0x03F2, 0x04B3, 0x7555, 0x8D14, 0x94D4, 0x94D4, 0x8CD4, 0x8CD4, 0x8CB4,
  0x8CB4, 0x8CB4, 0x8CB4, 0x8CB4, 0x84B3, 0x8493, 0x8493, 0x8493, 0x7C93, 0x7C93, 0x7C73, 0x7C73,
  0x8493, 0x7C73, 0x7C73, 0x7C73, 0x7C53, 0x7453, 0x7432, 0x8493, 0xA514, 0xAD55, 0xAD55, 0xA535,
  0xA535, 0xAD34, 0xAD34, 0xAD34, 0xAD34, 0xA534, 0xA534, 0xA534, 0xAD55, 0xAD55, 0xAD55, 0xAD55,
  0xAD55, 0xAD55, 0xAD55, 0xAD55, 0xAD55, 0xAD55, 0xAD55, 0xAD55, 0xAD55, 0xAD55, 0xAD55, 0xAD55,
  0xAD55, 0xAD55, 0xAD55, 0xAD55, 0xAD55, 0xAD35, 0xAD35, 0xAD35, 0xAD35, 0xAD55, 0x7412, 0x4BB1,
  0xAD55, 0xAD55, 0xAD55, 0xAD34, 0xAD55, 0xAD55, 0xAD55, 0xAD55, 0xAD55, 0x7C93, 0x002B, 0x00AD,
  0x9D54, 0xAD55, 0x120F, 0x008E, 0x0150, 0x012F, 0x012F, 0x012F, 0x012F, 0x012F, 0x012F, 0x012F,
  0x012F, 0x012F, 0x012F, 0x012F, 0x012F, 0x012F, 0x012F, 0x012F, 0x012F, 0x012F, 0x012F, 0x012F,
  0x012F, 0x012F, 0x012F, 0x012F, 0x012F, 0x012F, 0x012F, 0x63D4, 0xB5FA, 0x11F1, 0x012F, 0x012F,
  0x012F, 0x012F, 0x012F, 0xA599, 0xB5FA, 0x9D18, 0xB5FA, 0x5333, 0x8CB7, 0x9D18, 0x11F1, 0xB5FA,
  0x5333, 0x012F, 0x012F, 0x012F, 0x11F1, 0xB5FA, 0x8CB7, 0x012F, 0xA599, 0xAD99, 0x012F, 0x63D4,
  0xB5FA, 0x11F1, 0x11F1, 0xB5FA, 0xB5FA, 0xA599, 0x012F, 0x012F, 0x012F, 0x9D18, 0xB5FA, 0xB5FA,
  0x3AB2, 0x012F, 0x9D18, 0xA599, 0x012F, 0x012F, 0xA599, 0x8CB7, 0x012F, 0x012F, 0x012F, 0x3AB2,
  0xB5FA, 0x5333, 0x012F, 0x012F, 0x012F, 0x012F, 0x012F, 0x63D4, 0xB5FA, 0xB5FA, 0x9D18, 0x9D18,
  0x5333, 0xB5FA, 0x11F1, 0x8CB7, 0x9D18, 0x012F, 0x012F, 0x012F, 0x012F, 0x9D18, 0xB5FA, 0xB5FA,
  0xB5FA, 0xB5FA, 0x9D18, 0x8CB7, 0xA599, 0x012F, 0x9D18, 0x9D18, 0x012F, 0x012F, 0x63D4, 0xB5FA,
  0xB5FA, 0x63D4, 0x012F, 0x012F, 0x012F, 0x012F, 0x012F, 0x012F, 0x012F, 0x012F, 0x012F, 0x012F,
  0x012F, 0x012F, 0x012F, 0x012F, 0x012F, 0x012F, 0x012F, 0x012F, 0x012F, 0x012F, 0x012F, 0x012F,
  0x012F, 0x012F, 0x012F, 0x012F, 0x012F, 0x012F, 0x012F, 0x012F, 0x012F, 0x012F, 0x012F, 0x012F,
  0x012F, 0x012F, 0x012F, 0x012F, 0x012F, 0x012F, 0x012F, 0x012F, 0x012F, 0x012F, 0x012F, 0x012F,
  0x012F, 0x012F, 0x012F, 0x012F, 0x012F, 0x012F, 0x012F, 0x012F, 0x012F, 0x012F, 0x012F, 0x012F,
  0x012F, 0x012F, 0x012F, 0x012F, 0x012F, 0x012F, 0x012F, 0x012F, 0x012F, 0x012F, 0x012F, 0x012F,
  0x012F, 0x012F, 0x012F, 0x012F, 0xAD55, 0xAD55, 0xAD55, 0xAD55, 0xAD55, 0xAD55, 0xAD55, 0xAD55,
  0xAD55, 0xAD55, 0xAD55, 0xAD55, 0xAD55, 0xAD55, 0xAD55, 0xAD55, 0xAD55, 0xAD55, 0xAD55, 0xAD55,
  0xAD55, 0xAD55, 0xAD55, 0xAD55, 0xAD55, 0xAD55, 0xAD55, 0xAD55, 0xAD55, 0xAD55, 0xAD55, 0xAD55,
  0xAD55, 0xAD55, 0xAD55, 0xAD55, 0xAD55, 0xAD55, 0xAD55, 0x9CF3, 0x2B2F, 0x0391, 0x4CD4, 0x8D55,
  0xA555, 0xAD55, 0xAD55, 0xAD55, 0xAD55, 0xAD55, 0xAD55, 0xAD55, 0xAD55, 0xAD55, 0xAD55, 0xAD55,
  0xAD55, 0xAD55, 0xAD55, 0xAD55, 0xAD55, 0xAD55, 0xAD55, 0xAD55, 0xAD55, 0xAD55, 0xAD55, 0xAD55,
  0xAD55, 0xAD55, 0xAD55, 0xAD55, 0xAD54, 0xAD34, 0xAD35, 0xA535, 0xA535, 0xAD34, 0xAD34, 0xAD34,
  0xAD34, 0xA534, 0xA534, 0xA534, 0xAD55, 0xAD55, 0xAD55, 0xAD55, 0xAD55, 0xAD55, 0xAD55, 0xAD55,
  0xAD55, 0xAD55, 0xAD55, 0xAD55, 0xAD55, 0xAD55, 0xAD55, 0xAD55, 0xAD55, 0xAD55, 0xAD55, 0xAD55,
  0xAD55, 0xAD35, 0xAD35, 0xAD35, 0xAD35, 0xAD55, 0xAD55, 0x53B0, 0x6432, 0xAD55, 0xAD55, 0xA534,
  0xAD55, 0xAD55, 0xAD55, 0xAD55, 0x7C72, 0x008B, 0x000C, 0x7474, 0xAD55, 0xAD55, 0x2270, 0x006E,
  0x012F, 0x012F, 0x012F, 0x012F, 0x012F, 0x012F, 0x012F, 0x012F, 0x012F, 0x012F, 0x012F, 0x012F,
  0x012F, 0x012F, 0x012F, 0x012F, 0x012F, 0x012F, 0x012F, 0x012F, 0x012F, 0x012F, 0x012F, 0x012F,
  0x012F, 0x012F, 0x012F, 0x012F, 0x012F, 0x012F, 0x012F, 0x012F, 0x012F, 0x012F, 0x012F, 0x012F,
  0x012F, 0x012F, 0x012F, 0x012F, 0x012F, 0x012F, 0x012F, 0x012F, 0x012F, 0x012F, 0x012F, 0x012F,
  0x012F, 0x012F, 0x012F, 0x012F, 0x012F, 0x012F, 0x012F, 0x012F, 0x012F, 0x012F, 0x012F, 0x012F,
  0x012F, 0x012F, 0x012F, 0x012F, 0x012F, 0x012F, 0x012F, 0x012F, 0x012F, 0x012F, 0x012F, 0x012F,
  0x012F, 0x012F, 0x012F, 0x012F, 0x012F, 0x012F, 0x012F, 0x012F, 0x012F, 0x012F, 0x012F, 0x012F,
  0x012F, 0x012F, 0x012F, 0x012F, 0x012F, 0x012F, 0x012F, 0x012F, 0x012F, 0x012F, 0x012F, 0x012F,
  0x012F, 0x012F, 0x012F, 0x012F, 0x012F, 0x012F, 0x012F, 0x012F, 0x012F, 0x012F, 0x012F, 0x012F,
  0x012F, 0x012F, 0x012F, 0x012F, 0x012F, 0x012F, 0x012F, 0x012F, 0x012F, 0x012F, 0x012F, 0x012F,
  0x012F, 0x012F, 0x012F, 0x012F, 0x012F, 0x012F, 0x012F, 0x012F, 0x012F, 0x012F, 0x012F, 0x012F,
  0x012F, 0x012F, 0x012F, 0x012F, 0x012F, 0x012F, 0x012F, 0x012F, 0x012F, 0x012F, 0x012F, 0x012F,
  0x012F, 0x012F, 0x012F, 0x012F, 0x012F, 0x012F, 0x012F, 0x012F, 0x012F, 0x012F, 0x012F, 0x012F,
  0x012F, 0x012F, 0x012F, 0x012F, 0x012F, 0x012F, 0x012F, 0x012F, 0x012F, 0x012F, 0x012F, 0x012F,
  0x012F, 0x012F, 0x012F, 0x012F, 0x012F, 0x012F, 0x012F, 0x012F, 0x012F, 0x012F, 0x012F, 0x012F,
  0x012F, 0x012F, 0x012F, 0x012F, 0x012F, 0x012F, 0x012F, 0x012F, 0x012F, 0x012F, 0x012F, 0x012F,
  0xAD55, 0xAD55, 0xAD55, 0xAD55, 0xAD55, 0xAD55, 0xAD55, 0xAD55, 0xAD55, 0xAD55, 0xAD55, 0xAD55,
  0xAD55, 0xAD55, 0xAD55, 0xAD55, 0xAD55, 0xAD55, 0xAD55, 0xAD55, 0xAD55, 0xAD55, 0xAD55, 0xAD55,
  0xAD55, 0xAD55, 0xAD55, 0xAD55, 0xAD55, 0xAD55, 0xAD55, 0xAD55, 0xAD55, 0xAD55, 0xAD55, 0xAD55,
  0xAD55, 0xAD55, 0xA534, 0x432F, 0x1C12, 0x9555, 0xAD55, 0xAD55, 0xAD35, 0xAD35, 0xAD55, 0xAD55,
  0xAD55, 0xAD55, 0xAD55, 0xAD55, 0xAD55, 0xAD55, 0xAD55, 0xAD55, 0xAD55, 0xAD55, 0xAD55, 0xAD55,
  0xAD55, 0xAD55, 0xAD55, 0xAD55, 0xAD55, 0xAD55, 0xAD55, 0xAD55, 0xAD55, 0xAD55, 0xAD55, 0xAD55,
  0xAD55, 0xAD55, 0xAD55, 0xAD55, 0xAD55, 0xA534, 0xA534, 0xA534, 0xA534, 0xA534, 0xA534, 0xA534,
  0xAD55, 0xAD55, 0xAD55, 0xAD55, 0xAD55, 0xAD55, 0xAD55, 0xAD55, 0xAD55, 0xAD55, 0xAD55, 0xAD55,
  0xAD55, 0xAD55, 0xAD55, 0xAD55, 0xAD55, 0xAD55, 0xAD55, 0xAD55, 0xAD55, 0xAD55, 0xAD55, 0xAD55,
  0xAD55, 0xAD35, 0xAD55, 0xA535, 0x5B90, 0x8CD3, 0xAD55, 0xAD35, 0xAD34, 0xAD55, 0xAD55, 0x5370,
  0x000A, 0x002D, 0x7493, 0xAD55, 0xAD55, 0xAD55, 0x42D0, 0x006E, 0x012F, 0x012F, 0x012F, 0x012F,
  0x012F, 0x012F, 0x012F, 0x012F, 0x012F, 0x012F, 0x012F, 0x012F, 0x012F, 0x012F, 0x012F, 0x012F,
  0x012F, 0x012F, 0x012F, 0x012F, 0x012F, 0x012F, 0x012F, 0x012F, 0x012F, 0x012F, 0x012F, 0x012F,
  0x012F, 0x012F, 0x012F, 0x012F, 0x012F, 0x012F, 0x012F, 0x012F, 0x012F, 0x012F, 0x012F, 0x012F,
  0x012F, 0x012F, 0x012F, 0x012F, 0x012F, 0x012F, 0x012F, 0x012F, 0x012F, 0x012F, 0x012F, 0x012F,
  0x012F, 0x012F, 0x012F, 0x012F, 0x012F, 0x012F, 0x012F, 0x012F, 0x012F, 0x012F, 0x012F, 0x012F,
  0x012F, 0x012F, 0x012F, 0x012F, 0x012F, 0x012F, 0x012F, 0x012F, 0x012F, 0x012F, 0x012F, 0x012F,
  0x012F, 0x012F, 0x012F, 0x012F, 0x012F, 0x012F, 0x012F, 0x012F, 0x012F, 0x012F, 0x012F, 0x012F,
  0x012F, 0x012F, 0x012F, 0x012F, 0x012F, 0x012F, 0x012F, 0x012F, 0x012F, 0x012F, 0x012F, 0x012F,
  0x012F, 0x012F, 0x012F, 0x012F, 0x012F, 0x012F, 0x012F, 0x012F, 0x012F, 0x012F, 0x012F, 0x012F,
  0x012F, 0x012F, 0x012F, 0x012F, 0x012F, 0x012F, 0x012F, 0x012F, 0x012F, 0x012F, 0x012F, 0x012F,
  0x012F, 0x012F, 0x012F, 0x012F, 0x012F, 0x012F, 0x012F, 0x012F, 0x012F, 0x012F, 0x012F, 0x012F,
  0x012F, 0x012F, 0x012F, 0x012F, 0x012F, 0x012F, 0x012F, 0x012F, 0x012F, 0x012F, 0x012F, 0x012F,
  0x012F, 0x012F, 0x012F, 0x012F, 0x012F, 0x012F, 0x012F, 0x012F, 0x012F, 0x012F, 0x012F, 0x012F,
  0x012F, 0x012F, 0x012F, 0x012F, 0x012F, 0x012F, 0x012F, 0x012F, 0x012F, 0x012F, 0x012F, 0x012F,
  0x012F, 0x012F, 0x012F, 0x012F, 0x012F, 0x012F, 0x012F, 0x012F, 0x012F, 0x012F, 0x012F, 0x012F,
  0x012F, 0x012F, 0x012F, 0x012F, 0x012F, 0x012F, 0x012F, 0x012F, 0xAD55, 0xAD55, 0xAD55, 0xAD55,
  0xAD55, 0xAD55, 0xAD55, 0xAD55, 0xAD55, 0xAD55, 0xAD55, 0xAD55, 0xAD55, 0xAD55, 0xAD55, 0xAD55,
  0xAD55, 0xAD55, 0xAD55, 0xAD55, 0xAD55, 0xAD55, 0xAD55, 0xAD55, 0xAD55, 0xAD55, 0xAD55, 0xAD55,
  0xAD55, 0xAD55, 0xAD55, 0xAD55, 0xAD55, 0xAD55, 0xAD55, 0xAD55, 0xAD55, 0xAD55, 0x8493, 0x3B91,
  0x9555, 0xAD55, 0xAD34, 0xAD35, 0xAD35, 0xAD35, 0xAD55, 0xAD55, 0xAD55, 0xAD55, 0xAD55, 0xAD55,
  0xAD55, 0xAD55, 0xAD55, 0xAD55, 0xAD55, 0xAD55, 0xAD55, 0xAD55, 0xAD55, 0xAD55, 0xAD55, 0xAD55,
  0xAD55, 0xAD55, 0xAD55, 0xAD55, 0xAD55, 0xAD55, 0xAD55, 0xAD55, 0xAD55, 0xAD55, 0xAD55, 0xAD55,
  0xAD55, 0xA555, 0xA555, 0xA555, 0xA555, 0xAD55, 0xAD55, 0xAD55, 0xAD55, 0xAD55, 0xAD55, 0xAD55,
  0xAD55, 0xAD55, 0xAD55, 0xAD55, 0xAD55, 0xAD55, 0xAD55, 0xAD55, 0xAD55, 0xAD55, 0xAD55, 0xAD55,
  0xAD55, 0xAD55, 0xAD55, 0xAD55, 0xAD55, 0xAD55, 0xAD55, 0xAD55, 0xAD55, 0xAD35, 0xAD35, 0xAD55,
  0x94B3, 0x5BB0, 0x9D34, 0xAD55, 0xAD55, 0xAD55, 0x5350, 0x000A, 0x000C, 0x6413, 0xAD55, 0xAD55,
  0xAD35, 0xAD55, 0x4B30, 0x006D, 0x012F, 0x012F, 0x012F, 0x012F, 0x012F, 0x012F, 0x012F, 0x012F,
  0x012F, 0x012F, 0x012F, 0x012F, 0x012F, 0x012F, 0x012F, 0x012F, 0x012F, 0x012F, 0x012F, 0x012F,
  0x012F, 0x012F, 0x012F, 0x012F, 0x012F, 0x012F, 0x012F, 0x012F, 0x012F, 0x012F, 0x012F, 0x012F,
  0x012F, 0x012F, 0x012F, 0x012F, 0x012F, 0x012F, 0x012F, 0x012F, 0x012F, 0x012F, 0x012F, 0x012F,
  0x012F, 0x012F, 0x012F, 0x012F, 0x012F, 0x012F, 0x012F, 0x012F, 0x012F, 0x012F, 0x012F, 0x012F,
  0x012F, 0x012F, 0x012F, 0x012F, 0x012F, 0x012F, 0x012F, 0x012F, 0x012F, 0x012F, 0x012F, 0x012F,
  0x012F, 0x012F, 0x012F, 0x012F, 0x012F, 0x012F, 0x012F, 0x012F, 0x012F, 0x012F, 0x012F, 0x012F,
  0x012F, 0x012F, 0x012F, 0x012F, 0x012F, 0x012F, 0x012F, 0x012F, 0x012F, 0x012F, 0x012F, 0x012F,
  0x012F, 0x012F, 0x012F, 0x012F, 0x012F, 0x012F, 0x012F, 0x012F, 0x012F, 0x012F, 0x012F, 0x012F,
  0x012F, 0x012F, 0x012F, 0x012F, 0x012F, 0x012F, 0x012F, 0x012F, 0x012F, 0x012F, 0x012F, 0x012F,
  0x012F, 0x012F, 0x012F, 0x012F, 0x012F, 0x012F, 0x012F, 0x012F, 0x012F, 0x012F, 0x012F, 0x012F,
  0x012F, 0x012F, 0x012F, 0x012F, 0x012F, 0x012F, 0x012F, 0x012F, 0x012F, 0x012F, 0x012F, 0x012F,
  0x012F, 0x012F, 0x012F, 0x012F, 0x012F, 0x012F, 0x012F, 0x012F, 0x012F, 0x012F, 0x012F, 0x012F,
  0x012F, 0x012F, 0x012F, 0x012F, 0x012F, 0x012F, 0x012F, 0x012F, 0x012F, 0x012F, 0x012F, 0x012F,
  0x012F, 0x012F, 0x012F, 0x012F, 0x012F, 0x012F, 0x012F, 0x012F, 0x012F, 0x012F, 0x012F, 0x012F,
  0x012F, 0x012F, 0x012F, 0x012F, 0x012F, 0x012F, 0x012F, 0x012F, 0x012F, 0x012F, 0x012F, 0x012F,
  0x012F, 0x012F, 0x012F, 0x012F, 0xAD55, 0xAD55, 0xAD55, 0xAD55, 0xAD55, 0xAD55, 0xAD55, 0xAD55,
  0xAD55, 0xAD55, 0xAD55, 0xAD55, 0xAD55, 0xAD55, 0xAD55, 0xAD55, 0xAD55, 0xAD55, 0xAD55, 0xAD55,
  0xAD55, 0xAD55, 0xAD55, 0xAD55, 0xAD55, 0xAD55, 0xAD55, 0xAD55, 0xAD55, 0xAD55, 0xAD55, 0xAD55,
  0xAD55, 0xAD55, 0xAD55, 0xAD55, 0xAD55, 0xAD55, 0x6412, 0x5453, 0xAD55, 0xAD35, 0xA534, 0xAD35,
  0xAD35, 0xAD55, 0xAD55, 0xAD55, 0xAD55, 0xAD55, 0xAD55, 0xAD55, 0xAD55, 0xAD55, 0xAD55, 0xAD55,
  0xAD55, 0xAD55, 0xAD55, 0xAD55, 0xAD55, 0xAD55, 0xAD55, 0xAD55, 0xAD55, 0xAD55, 0xAD55, 0xAD55,
  0xAD55, 0xAD55, 0xAD55, 0xAD55, 0xAD55, 0xAD55, 0xAD55, 0xAD55, 0xAD55, 0xAD55, 0xAD55, 0xAD55,
  0xAD55, 0xAD55, 0xAD55, 0xAD55, 0xAD55, 0xAD55, 0xAD55, 0xAD55, 0xAD55, 0xAD55, 0xAD55, 0xAD55,
  0xAD55, 0xAD55, 0xAD55, 0xAD55, 0xAD55, 0xAD55, 0xAD55, 0xAD55, 0xAD55, 0xAD55, 0xAD55, 0xAD55,
  0xAD55, 0xAD55, 0xAD55, 0xAD55, 0xAD55, 0xAD35, 0xAD35, 0xAD34, 0xAD55, 0x6C11, 0x6C52, 0xAD55,
  0x8492, 0x11CE, 0x000C, 0x008D, 0x6432, 0xAD55, 0xAD34, 0xAD34, 0xAD35, 0xAD55, 0x5B70, 0x006D,
  0x012F, 0x012F, 0x012F, 0x012F, 0x012F, 0x012F, 0x012F, 0x012F, 0x012F, 0x012F, 0x012F, 0x012F,
  0x012F, 0x012F, 0x012F, 0x012F, 0x012F, 0x012F, 0x012F, 0x012F, 0x012F, 0x012F, 0x012F, 0x012F,
  0x012F, 0x012F, 0x012F, 0x012F, 0x012F, 0x012F, 0x012F, 0x012F, 0x012F, 0x012F, 0x012F, 0x012F,
  0x012F, 0x012F, 0x012F, 0x012F, 0x012F, 0x012F, 0x012F, 0x012F, 0x012F, 0x012F, 0x012F, 0x012F,
  0x012F, 0x012F, 0x012F, 0x012F, 0x012F, 0x012F, 0x012F, 0x012F, 0x012F, 0x012F, 0x012F, 0x012F,
  0x012F, 0x012F, 0x012F, 0x012F, 0x012F, 0x012F, 0x012F, 0x012F, 0x012F, 0x012F, 0x012F, 0x012F,
  0x012F, 0x012F, 0x012F, 0x012F, 0x012F, 0x012F, 0x012F, 0x012F, 0x012F, 0x012F, 0x012F, 0x012F,
  0x012F, 0x012F, 0x012F, 0x012F, 0x012F, 0x012F, 0x012F, 0x012F, 0x012F, 0x012F, 0x012F, 0x012F,
  0x012F, 0x012F, 0x012F, 0x012F, 0x012F, 0x012F, 0x012F, 0x012F, 0x012F, 0x012F, 0x012F, 0x012F,
  0x012F, 0x012F, 0x012F, 0x012F, 0x012F, 0x012F, 0x012F, 0x012F, 0x012F, 0x012F, 0x012F, 0x012F,
  0x012F, 0x012F, 0x012F, 0x012F, 0x012F, 0x012F, 0x012F, 0x012F, 0x012F, 0x012F, 0x012F, 0x012F,
  0x012F, 0x012F, 0x012F, 0x012F, 0x012F, 0x012F, 0x012F, 0x012F, 0x012F, 0x012F, 0x012F, 0x012F,
  0x012F, 0x012F, 0x012F, 0x012F, 0x012F, 0x012F, 0x012F, 0x012F, 0x012F, 0x012F, 0x012F, 0x012F,
  0x012F, 0x012F, 0x012F, 0x012F, 0x012F, 0x012F, 0x012F, 0x012F, 0x012F, 0x012F, 0x012F, 0x012F,
  0x012F, 0x012F, 0x012F, 0x012F, 0x012F, 0x012F, 0x012F, 0x012F, 0x012F, 0x012F, 0x012F, 0x012F,
  0x012F, 0x012F, 0x012F, 0x012F, 0x012F, 0x012F, 0x012F, 0x012F, 0x012F, 0x012F, 0x012F, 0x012F,
  0xAD55, 0xAD55, 0xAD55, 0xAD55, 0xAD55, 0xAD55, 0xAD55, 0xAD55, 0xAD55, 0xAD55, 0xAD55, 0xAD55,
  0xAD55, 0xAD55, 0xAD55, 0xAD55, 0xAD55, 0xAD55, 0xAD55, 0xAD55, 0xAD55, 0xAD55, 0xAD55, 0xAD55,
  0xAD55, 0xAD55, 0xAD55, 0xAD55, 0xAD55, 0xAD55, 0xAD55, 0xAD55, 0xAD55, 0xAD55, 0xAD35, 0xAD35,
  0xAD35, 0xAD55, 0x53B1, 0x5C93, 0x9D55, 0xA535, 0xA535, 0xAD55, 0xAD55, 0xAD55, 0xAD55, 0xAD55,
  0xAD55, 0xAD55, 0xAD55, 0xAD55, 0xAD55, 0xAD55, 0xAD55, 0xAD55, 0xAD55, 0xAD55, 0xAD55, 0xAD55,
  0xAD55, 0xAD55, 0xAD55, 0xAD55, 0xAD55, 0xAD55, 0xAD55, 0xAD55, 0xAD55, 0xAD55, 0xAD55, 0xAD55,
  0xAD55, 0xAD55, 0xAD55, 0xAD55, 0xAD55, 0xAD55, 0xAD55, 0xAD55, 0xAD55, 0xAD55, 0xAD55, 0xAD55,
  0xAD55, 0xAD55, 0xAD55, 0xAD55, 0xAD55, 0xAD55, 0xAD55, 0xAD55, 0xAD55, 0xAD55, 0xAD55, 0xAD55,
  0xAD55, 0xAD55, 0xAD55, 0xAD55, 0xAD55, 0xAD55, 0xAD55, 0xAD55, 0xAD55, 0xAD35, 0xAD35, 0xAD35,
  0xAD35, 0xA534, 0xAD34, 0xAD55, 0xAD55, 0xAD55, 0x5BD1, 0x226F, 0x00CC, 0x000C, 0x00EE, 0x6C53,
  0xAD55, 0xAD55, 0xA535, 0xAD35, 0xAD35, 0xAD55, 0x6BD1, 0x008D, 0x0110, 0x012F, 0x012F, 0x012F,
  0x012F, 0x012F, 0x012F, 0x012F, 0x012F, 0x012F, 0x012F, 0x012F, 0x012F, 0x012F, 0x012F, 0x012F,
  0x012F, 0x012F, 0x012F, 0x012F, 0x012F, 0x012F, 0x012F, 0x012F, 0x012F, 0x012F, 0x012F, 0x012F,
  0x012F, 0x012F, 0x012F, 0x012F, 0x012F, 0x012F, 0x012F, 0x012F, 0x012F, 0x012F, 0x012F, 0x012F,
  0x012F, 0x012F, 0x012F, 0x012F, 0x012F, 0x012F, 0x012F, 0x012F, 0x012F, 0x012F, 0x012F, 0x012F,
  0x012F, 0x012F, 0x012F, 0x012F, 0x012F, 0x012F, 0x012F, 0x012F, 0x012F, 0x012F, 0x012F, 0x012F,
  0x012F, 0x012F, 0x012F, 0x012F, 0x012F, 0x012F, 0x012F, 0x012F, 0x012F, 0x012F, 0x012F, 0x012F,
  0x012F, 0x012F, 0x012F, 0x012F, 0x012F, 0x012F, 0x012F, 0x012F, 0x012F, 0x012F, 0x012F, 0x012F,
  0x012F, 0x012F, 0x012F, 0x012F, 0x012F, 0x012F, 0x012F, 0x012F, 0x012F, 0x012F, 0x012F, 0x012F,
  0x012F, 0x012F, 0x012F, 0x012F, 0x012F, 0x012F, 0x012F, 0x012F, 0x012F, 0x012F, 0x012F, 0x012F,
  0x012F, 0x012F, 0x012F, 0x012F, 0x012F, 0x012F, 0x012F, 0x012F, 0x012F, 0x012F, 0x012F, 0x012F,
  0x012F, 0x012F, 0x012F, 0x012F, 0x012F, 0x012F, 0x012F, 0x012F, 0x012F, 0x012F, 0x012F, 0x012F,
  0x012F, 0x012F, 0x012F, 0x012F, 0x012F, 0x012F, 0x012F, 0x012F, 0x012F, 0x012F, 0x012F, 0x012F,
  0x012F, 0x012F, 0x012F, 0x012F, 0x012F, 0x012F, 0x012F, 0x012F, 0x012F, 0x012F, 0x012F, 0x012F,
  0x012F, 0x012F, 0x012F, 0x012F, 0x012F, 0x012F, 0x012F, 0x012F, 0x012F, 0x012F, 0x012F, 0x012F,
  0x012F, 0x012F, 0x012F, 0x012F, 0x012F, 0x012F, 0x012F, 0x012F, 0x012F, 0x012F, 0x012F, 0x012F,
  0x012F, 0x012F, 0x012F, 0x012F, 0x012F, 0x012F, 0x012F, 0x012F, 0xAD55, 0xAD55, 0xAD55, 0xAD55,
  0xAD55, 0xAD55, 0xAD55, 0xAD55, 0xAD55, 0xAD55, 0xAD55, 0xAD55, 0xAD55, 0xAD55, 0xAD55, 0xAD55,
  0xAD55, 0xAD55, 0xAD55, 0xAD55, 0xAD55, 0xAD55, 0xAD55, 0xAD55, 0xAD55, 0xAD55, 0xAD55, 0xAD55,
  0xAD55, 0xAD55, 0xAD55, 0xAD55, 0xAD55, 0xAD55, 0xAD35, 0xAD35, 0xAD55, 0xA534, 0x4BB1, 0x5CF4,
  0x8555, 0xA555, 0xAD35, 0xAD55, 0xAD55, 0xAD55, 0xAD55, 0xAD55, 0xAD55, 0xAD55, 0xAD55, 0xAD55,
  0xAD55, 0xAD55, 0xAD55, 0xAD55, 0xAD55, 0xAD55, 0xAD55, 0xAD55, 0xAD55, 0xAD55, 0xAD55, 0xAD55,
  0xAD55, 0xAD55, 0xAD55, 0xAD55, 0xAD55, 0xAD55, 0xAD55, 0xAD55, 0xAD55, 0xAD55, 0xAD55, 0xAD55,
  0xAD55, 0xAD55, 0xAD55, 0xAD55, 0xAD55, 0xAD55, 0xAD55, 0xAD55, 0xAD55, 0xAD55, 0xAD55, 0xAD55,
  0xAD55, 0xAD55, 0xAD55, 0xAD55, 0xAD55, 0xAD55, 0xAD55, 0xAD55, 0xAD55, 0xAD55, 0xAD55, 0xAD55,
  0xAD55, 0xAD55, 0xAD55, 0xAD55, 0xAD55, 0xAD35, 0xAD35, 0xAD55, 0xAD55, 0xAD55, 0xAD55, 0xAD55,
  0x8CD3, 0x4B10, 0x00EE, 0x000C, 0x004D, 0x2AB0, 0x94F4, 0xAD55, 0xAD55, 0xA555, 0xA555, 0xAD35,
  0xAD35, 0xAD55, 0x7C32, 0x00AD, 0x0110, 0x012F, 0x012F, 0x012F, 0x012F, 0x012F, 0x012F, 0x012F,
  0x012F, 0x012F, 0x012F, 0x012F, 0x012F, 0x012F, 0x012F, 0x012F, 0x012F, 0x012F, 0x012F, 0x012F,
  0x012F, 0x012F, 0x012F, 0x012F, 0x012F, 0x012F, 0x012F, 0x012F, 0x012F, 0x012F, 0x012F, 0x012F,
  0x012F, 0x012F, 0x012F, 0x012F, 0x012F, 0x012F, 0x012F, 0x012F, 0x012F, 0x012F, 0x012F, 0x012F,
  0x012F, 0x012F, 0x012F, 0x012F, 0x012F, 0x012F, 0x012F, 0x012F, 0x012F, 0x012F, 0x012F, 0x012F,
  0x012F, 0x012F, 0x012F, 0x012F, 0x012F, 0x012F, 0x012F, 0x012F, 0x012F, 0x012F, 0x012F, 0x012F,
  0x012F, 0x012F, 0x012F, 0x012F, 0x012F, 0x012F, 0x012F, 0x012F, 0x012F, 0x012F, 0x012F, 0x012F,
  0x012F, 0x012F, 0x012F, 0x012F, 0x012F, 0x012F, 0x012F, 0x012F, 0x012F, 0x012F, 0x012F, 0x012F,
  0x012F, 0x012F, 0x012F, 0x012F, 0x012F, 0x012F, 0x012F, 0x012F, 0x012F, 0x012F, 0x012F, 0x012F,
  0x012F, 0x012F, 0x012F, 0x012F, 0x012F, 0x012F, 0x012F, 0x012F, 0x012F, 0x012F, 0x012F, 0x012F,
  0x012F, 0x012F, 0x012F, 0x012F, 0x012F, 0x012F, 0x012F, 0x012F, 0x012F, 0x012F, 0x012F, 0x012F,
  0x012F, 0x012F, 0x012F, 0x012F, 0x012F, 0x012F, 0x012F, 0x012F, 0x012F, 0x012F, 0x012F, 0x012F,
  0x012F, 0x012F, 0x012F, 0x012F, 0x012F, 0x012F, 0x012F, 0x012F, 0x012F, 0x012F, 0x012F, 0x012F,
  0x012F, 0x012F, 0x012F, 0x012F, 0x012F, 0x012F, 0x012F, 0x012F, 0x012F, 0x012F, 0x012F, 0x012F,
  0x012F, 0x012F, 0x012F, 0x012F, 0x012F, 0x012F, 0x012F, 0x012F, 0x012F, 0x012F, 0x012F, 0x012F,
  0x012F, 0x012F, 0x012F, 0x012F, 0x012F, 0x012F, 0x012F, 0x012F, 0x012F, 0x012F, 0x012F, 0x012F,
  0x012F, 0x012F, 0x012F, 0x012F, 0xAD55, 0xAD55, 0xAD55, 0xAD55, 0xAD55, 0xAD55, 0xAD55, 0xAD55,
  0xAD55, 0xAD55, 0xAD55, 0xAD55, 0xAD55, 0xAD55, 0xAD55, 0xAD55, 0xAD55, 0xAD55, 0xAD55, 0xAD55,
  0xAD55, 0xAD55, 0xAD55, 0xAD55, 0xAD55, 0xAD55, 0xAD55, 0xAD55, 0xAD55, 0xAD55, 0xAD55, 0xAD55,
  0xAD55, 0xAD55, 0xAD35, 0xAD35, 0xAD55, 0x94B3, 0x3BB1, 0x6D54, 0x7D54, 0x9D54, 0xAD55, 0xAD55,
  0xAD55, 0xAD55, 0xAD55, 0xAD55, 0xAD55, 0xAD55, 0xAD55, 0xAD55, 0xAD55, 0xAD55, 0xAD55, 0xAD55,
  0xAD55, 0xAD55, 0xAD55, 0xAD55, 0xAD55, 0xAD55, 0xAD55, 0xAD55, 0xAD55, 0xAD55, 0xAD55, 0xAD55,
  0xAD55, 0xAD55, 0xAD55, 0xAD55, 0xAD55, 0xAD55, 0xAD55, 0xAD55, 0xAD55, 0xAD55, 0xAD55, 0xAD55,
  0xAD55, 0xAD55, 0xAD55, 0xAD55, 0xAD55, 0xAD55, 0xAD55, 0xAD55, 0xAD55, 0xAD55, 0xAD55, 0xAD55,
  0xAD55, 0xAD55, 0xAD55, 0xAD55, 0xAD55, 0xAD55, 0xAD55, 0xAD55, 0xA535, 0xA535, 0xAD55, 0xAD54,
  0xAD55, 0xAD55, 0xAD55, 0xAD55, 0x94B3, 0x7412, 0x4B52, 0x0A10, 0x00CE, 0x000C, 0x002D, 0x018F,
  0x3310, 0xAD55, 0xAD55, 0xAD55, 0xA555, 0xAD55, 0xAD55, 0xAD35, 0xAD35, 0xAD55, 0x8472, 0x00ED,
  0x00EF, 0x012F, 0x012F, 0x012F, 0x012F, 0x012F, 0x012F, 0x012F, 0x012F, 0x012F, 0x012F, 0x012F,
  0x012F, 0x012F, 0x012F, 0x012F, 0x012F, 0x012F, 0x012F, 0x012F, 0x012F, 0x012F, 0x012F, 0x012F,
  0x012F, 0x012F, 0x012F, 0x012F, 0x012F, 0x012F, 0x012F, 0x012F, 0x012F, 0x012F, 0x012F, 0x012F,
  0x012F, 0x012F, 0x012F, 0x012F, 0x012F, 0x012F, 0x012F, 0x012F, 0x012F, 0x012F, 0x012F, 0x012F,
  0x012F, 0x012F, 0x012F, 0x012F, 0x012F, 0x012F, 0x012F, 0x012F, 0x012F, 0x012F, 0x012F, 0x012F,
  0x012F, 0x012F, 0x012F, 0x012F, 0x012F, 0x012F, 0x012F, 0x012F, 0x012F, 0x012F, 0x012F, 0x012F,
  0x012F, 0x012F, 0x012F, 0x012F, 0x012F, 0x012F, 0x012F, 0x012F, 0x012F, 0x012F, 0x012F, 0x012F,
  0x012F, 0x012F, 0x012F, 0x012F, 0x012F, 0x012F, 0x012F, 0x012F, 0x012F, 0x012F, 0x012F, 0x012F,
  0x012F, 0x012F, 0x012F, 0x012F, 0x012F, 0x012F, 0x012F, 0x012F, 0x012F, 0x012F, 0x012F, 0x012F,
  0x012F, 0x012F, 0x012F, 0x012F, 0x012F, 0x012F, 0x012F, 0x012F, 0x012F, 0x012F, 0x012F, 0x012F,
  0x012F, 0x012F, 0x012F, 0x012F, 0x012F, 0x012F, 0x012F, 0x012F, 0x012F, 0x012F, 0x012F, 0x012F,
  0x012F, 0x012F, 0x012F, 0x012F, 0x012F, 0x012F, 0x012F, 0x012F, 0x012F, 0x012F, 0x012F, 0x012F,
  0x012F, 0x012F, 0x012F, 0x012F, 0x012F, 0x012F, 0x012F, 0x012F, 0x012F, 0x012F, 0x012F, 0x012F,
  0x012F, 0x012F, 0x012F, 0x012F, 0x012F, 0x012F, 0x012F, 0x012F, 0x012F, 0x012F, 0x012F, 0x012F,
  0x012F, 0x012F, 0x012F, 0x012F, 0x012F, 0x012F, 0x012F, 0x012F, 0x012F, 0x012F, 0x012F, 0x012F,
  0x012F, 0x012F, 0x012F, 0x012F, 0x012F, 0x012F, 0x012F, 0x012F, 0x012F, 0x012F, 0x012F, 0x012F,
  0xAD55, 0xAD55, 0xAD55, 0xAD55, 0xAD55, 0xAD55, 0xAD55, 0xAD55, 0xAD55, 0xAD55, 0xAD55, 0xAD55,
  0xAD55, 0xAD55, 0xAD55, 0xAD55, 0xAD55, 0xAD55, 0xAD55, 0xAD55, 0xAD55, 0xAD55, 0xAD55, 0xAD55,
  0xAD55, 0xAD55, 0xAD55, 0xAD55, 0xAD55, 0xAD55, 0xAD55, 0xAD55, 0xAD55, 0xAD55, 0xAD35, 0xAD35,
  0xAD55, 0x63F1, 0x1C12, 0x7555, 0x7554, 0x8D34, 0xA555, 0xAD55, 0xAD35, 0xAD55, 0xAD55, 0xAD55,
  0xAD55, 0xAD55, 0xAD55, 0xAD55, 0xAD55, 0xAD55, 0xAD55, 0xAD55, 0xAD55, 0xAD55, 0xAD55, 0xAD55,
  0xAD55, 0xAD55, 0xAD55, 0xAD55, 0xAD55, 0xAD55, 0xAD55, 0xAD55, 0xAD55, 0xAD55, 0xAD55, 0xAD55,
  0xAD55, 0xAD55, 0xAD55, 0xAD55, 0xAD55, 0xAD55, 0xAD55, 0xAD55, 0xAD55, 0xAD55, 0xAD55, 0xAD55,
  0xAD55, 0xAD55, 0xAD55, 0xAD55, 0xAD55, 0xAD55, 0xAD55, 0xAD55, 0xAD55, 0xAD55, 0xAD55, 0xAD35,
  0xAD35, 0xAD35, 0xAD54, 0xAD54, 0xA534, 0xAD54, 0xAD55, 0xAD55, 0xAD55, 0x9D34, 0x63D1, 0x1A0F,
  0x00CD, 0x002D, 0x000D, 0x000D, 0x008E, 0x11F0, 0x63B1, 0xA555, 0x7C93, 0x7C73, 0xAD55, 0xAD35,
  0xAD55, 0xAD55, 0xAD55, 0xAD34, 0xAD34, 0xAD55, 0x94D3, 0x014D, 0x00CF, 0x010F, 0x012F, 0x012F,
  0x012F, 0x012F, 0x012F, 0x012F, 0x012F, 0x012F, 0x012F, 0x012F, 0x012F, 0x012F, 0x012F, 0x012F,
  0x012F, 0x012F, 0x012F, 0x012F, 0x012F, 0x012F, 0x012F, 0x012F, 0x012F, 0x012F, 0x012F, 0x012F,
  0x012F, 0x012F, 0x012F, 0x012F, 0x012F, 0x012F, 0x012F, 0x012F, 0x012F, 0x012F, 0x012F, 0x012F,
  0x012F, 0x012F, 0x012F, 0x012F, 0x012F, 0x012F, 0x012F, 0x012F, 0x012F, 0x012F, 0x012F, 0x012F,
  0x012F, 0x012F, 0x012F, 0x012F, 0x012F, 0x012F, 0x012F, 0x012F, 0x012F, 0x012F, 0x012F, 0x012F,
  0x012F, 0x012F, 0x012F, 0x012F, 0x012F, 0x012F, 0x012F, 0x012F, 0x012F, 0x012F, 0x012F, 0x012F,
  0x012F, 0x012F, 0x012F, 0x012F, 0x012F, 0x012F, 0x012F, 0x012F, 0x012F, 0x012F, 0x012F, 0x012F,
  0x012F, 0x012F, 0x012F, 0x012F, 0x012F, 0x012F, 0x012F, 0x012F, 0x012F, 0x012F, 0x012F, 0x012F,
  0x012F, 0x012F, 0x012F, 0x012F, 0x012F, 0x012F, 0x012F, 0x012F, 0x012F, 0x012F, 0x012F, 0x012F,
  0x012F, 0x012F, 0x012F, 0x012F, 0x012F, 0x012F, 0x012F, 0x012F, 0x012F, 0x012F, 0x012F, 0x012F,
  0x012F, 0x012F, 0x012F, 0x012F, 0x012F, 0x012F, 0x012F, 0x012F, 0x012F, 0x012F, 0x012F, 0x012F,
  0x012F, 0x012F, 0x012F, 0x012F, 0x012F, 0x012F, 0x012F, 0x012F, 0x012F, 0x012F, 0x012F, 0x012F,
  0x012F, 0x012F, 0x012F, 0x012F, 0x012F, 0x012F, 0x012F, 0x012F, 0x012F, 0x012F, 0x012F, 0x012F,
  0x012F, 0x012F, 0x012F, 0x012F, 0x012F, 0x012F, 0x012F, 0x012F, 0x012F, 0x012F, 0x012F, 0x012F,
  0x012F, 0x012F, 0x012F, 0x012F, 0x012F, 0x012F, 0x012F, 0x012F, 0x012F, 0x012F, 0x012F, 0x012F,
  0x012F, 0x012F, 0x012F, 0x012F, 0x012F, 0x012F, 0x012F, 0x012F, 0xAD55, 0xAD55, 0xAD55, 0xAD55,
  0xAD55, 0xAD55, 0xAD55, 0xAD55, 0xAD55, 0xAD55, 0xAD55, 0xAD55, 0xAD55, 0xAD55, 0xAD55, 0xAD55,
  0xAD55, 0xAD55, 0xAD55, 0xAD55, 0xAD55, 0xAD55, 0xAD55, 0xAD55, 0xAD55, 0xAD55, 0xAD55, 0xAD55,
  0xAD55, 0xAD55, 0xAD55, 0xAD55, 0xAD55, 0xAD55, 0xAD35, 0xAD55, 0xAD34, 0x43B1, 0x1CB4, 0x7555,
  0x7D55, 0x8534, 0x9D55, 0xAD34, 0xAD34, 0xAD55, 0xAD55, 0xAD55, 0xAD55, 0xAD55, 0xAD55, 0xAD55,
  0xAD55, 0xAD55, 0xAD55, 0xAD55, 0xAD55, 0xAD55, 0xAD55, 0xAD55, 0xAD55, 0xAD55, 0xAD55, 0xAD55,
  0xAD55, 0xAD55, 0xAD55, 0xAD55, 0xAD55, 0xAD55, 0xAD55, 0xAD55, 0xAD55, 0xAD55, 0xAD55, 0xAD55,
  0xAD55, 0xAD55, 0xAD55, 0xAD55, 0xAD55, 0xAD55, 0xAD55, 0xAD55, 0xAD55, 0xAD55, 0xAD55, 0xAD55,
  0xAD55, 0xAD55, 0xAD55, 0xAD55, 0xAD55, 0xAD55, 0xAD55, 0xAD35, 0xAD35, 0xAD35, 0xAD34, 0xAD54,
  0xAD55, 0xAD55, 0xA534, 0x8453, 0x3B31, 0x016F, 0x000D, 0x000D, 0x006F, 0x016F, 0x2250, 0x5BB2,
  0x8C93, 0xAD55, 0xAD55, 0xAD55, 0x9D14, 0x53B0, 0x8CF4, 0xAD55, 0xAD34, 0xA534, 0xAD55, 0xAD34,
  0xAD34, 0xAD55, 0x9D13, 0x016E, 0x00AF, 0x010F, 0x010F, 0x010F, 0x010F, 0x010F, 0x010F, 0x010F,
  0x010F, 0x010F, 0x010F, 0x010F, 0x010F, 0x010F, 0x010F, 0x010F, 0x010F, 0x010F, 0x010F, 0x010F,
  0x010F, 0x010F, 0x010F, 0x010F, 0x010F, 0x010F, 0x010F, 0x010F, 0x010F, 0x010F, 0x010F, 0x012F,
  0x012F, 0x010F, 0x010F, 0x010F, 0x010F, 0x010F, 0x010F, 0x010F, 0x010F, 0x5333, 0x63B4, 0x010F,
  0x010F, 0x010F, 0x010F, 0x010F, 0x010F, 0x010F, 0x010F, 0x010F, 0x010F, 0x010F, 0x010F, 0x010F,
  0x010F, 0x010F, 0x010F, 0x010F, 0x010F, 0x010F, 0x010F, 0x010F, 0x010F, 0x010F, 0x010F, 0x010F,
  0x010F, 0x010F, 0x010F, 0x010F, 0x010F, 0x010F, 0x010F, 0x010F, 0x010F, 0x010F, 0x010F, 0x010F,
  0x010F, 0x010F, 0x010F, 0x010F, 0x010F, 0x010F, 0x010F, 0x010F, 0x012F, 0x012F, 0x012F, 0x012F,
  0x012F, 0x012F, 0x012F, 0x010F, 0x010F, 0x010F, 0x010F, 0x010F, 0x010F, 0x010F, 0x010F, 0x010F,
  0x010F, 0x010F, 0x010F, 0x010F, 0x010F, 0x010F, 0x010F, 0x010F, 0x010F, 0x010F, 0x010F, 0x010F,
  0x010F, 0x010F, 0x010F, 0x010F, 0x010F, 0x010F, 0x010F, 0x010F, 0x010F, 0x010F, 0x010F, 0x010F,
  0x010F, 0x010F, 0x010F, 0x010F, 0x010F, 0x010F, 0x010F, 0x010F, 0x010F, 0x010F, 0x010F, 0x010F,
  0x010F, 0x010F, 0x010F, 0x010F, 0x010F, 0x010F, 0x010F, 0x010F, 0x010F, 0x010F, 0x010F, 0x010F,
  0x010F, 0x010F, 0x010F, 0x010F, 0x010F, 0x010F, 0x010F, 0x010F, 0x010F, 0x010F, 0x010F, 0x010F,
  0x010F, 0x010F, 0x010F, 0x010F, 0x010F, 0x010F, 0x010F, 0x010F, 0x010F, 0x010F, 0x010F, 0x010F,
  0x010F, 0x010F, 0x010F, 0x010F, 0x010F, 0x010F, 0x010F, 0x010F, 0x010F, 0x010F, 0x010F, 0x010F,
  0x010F, 0x010F, 0x010F, 0x010F, 0xAD55, 0xAD55, 0xAD55, 0xAD55, 0xAD54, 0xAD54, 0xAD35, 0xAD35,
  0xAD55, 0xAD55, 0xAD55, 0xAD55, 0xAD55, 0xAD55, 0xAD55, 0xAD55, 0xAD55, 0xAD55, 0xAD55, 0xAD55,
  0xAD55, 0xAD55, 0xAD55, 0xAD55, 0xAD55, 0xAD55, 0xAD55, 0xAD55, 0xAD55, 0xAD55, 0xAD55, 0xAD55,
  0xAD55, 0xAD55, 0xAD35, 0xAD55, 0xA4D4, 0x1BF2, 0x3D55, 0x7D55, 0x7D35, 0x7D35, 0x8D55, 0xA555,
  0xAD34, 0xAD35, 0xA555, 0xAD55, 0xAD55, 0xAD55, 0xAD55, 0xAD55, 0xAD55, 0xAD55, 0xAD55, 0xAD55,
  0xAD55, 0xAD55, 0xAD55, 0xAD55, 0xAD55, 0xAD55, 0xAD55, 0xAD55, 0xAD55, 0xAD55, 0xAD55, 0xAD55,
  0xAD55, 0xAD55, 0xAD55, 0xAD55, 0xAD55, 0xAD55, 0xAD55, 0xAD55, 0xAD55, 0xAD55, 0xAD55, 0xAD55,
  0xAD55, 0xAD55, 0xAD55, 0xAD55, 0xAD55, 0xAD55, 0xAD55, 0xAD55, 0xAD55, 0xAD55, 0xAD55, 0xAD55,
  0xAD55, 0xAD55, 0xAD55, 0xAD35, 0xAD35, 0xAD34, 0xAD55, 0xAD55, 0x8473, 0x42D0, 0x016F, 0x002E,
  0x000C, 0x000C, 0x010F, 0x32D1, 0x7C33, 0xAD54, 0xAD55, 0xAD55, 0xAD55, 0xAD55, 0xAD35, 0xAD35,
  0xAD55, 0x8493, 0x53B0, 0xA554, 0xAD55, 0xAD35, 0xAD55, 0xAD34, 0xAD34, 0xAD55, 0xA534, 0x018F,
  0x008F, 0x010F, 0x010F, 0x010F, 0x010F, 0x010F, 0x010F, 0x010F, 0x010F, 0x010F, 0x010F, 0x010F,
  0x010F, 0x010F, 0x010F, 0x010F, 0x010F, 0x010F, 0x010F, 0x010F, 0x010F, 0x010F, 0x010F, 0x010F,
  0x010F, 0x010F, 0x010F, 0x010F, 0xFFFF, 0xFFFF, 0xFFFF, 0xFFFF, 0xFFFF, 0x010F, 0x010F, 0x010F,
  0x010F, 0xEF5E, 0xDEFD, 0x010F, 0x010F, 0xD6BC, 0x9D18, 0xB5FA, 0xB5FA, 0x010F, 0x010F, 0x010F,
  0x010F, 0x8CB6, 0xEF5E, 0x010F, 0x010F, 0x010F, 0x010F, 0x010F, 0x010F, 0x010F, 0x010F, 0x010F,
  0x010F, 0x010F, 0x010F, 0x010F, 0x010F, 0x010F, 0x010F, 0x010F, 0x010F, 0x010F, 0x010F, 0x010F,
  0x010F, 0x010F, 0x010F, 0x010F, 0x010F, 0x010F, 0x010F, 0x010F, 0x010F, 0x010F, 0x010F, 0x010F,
  0x010F, 0x010F, 0x010F, 0x010F, 0x010F, 0x010F, 0x010F, 0x010F, 0x010F, 0x010F, 0x010F, 0x010F,
  0x010F, 0x010F, 0x010F, 0x010F, 0x010F, 0x010F, 0x010F, 0x010F, 0x010F, 0x010F, 0x010F, 0x010F,
  0x010F, 0x010F, 0x010F, 0x010F, 0x010F, 0x010F, 0x010F, 0x010F, 0x010F, 0x010F, 0x010F, 0x010F,
  0x010F, 0x010F, 0x010F, 0x010F, 0x010F, 0x010F, 0x010F, 0x010F, 0x010F, 0x010F, 0x010F, 0x010F,
  0x010F, 0x010F, 0x010F, 0x010F, 0x010F, 0x010F, 0x010F, 0x010F, 0x010F, 0x010F, 0x010F, 0x010F,
  0x010F, 0x010F, 0x010F, 0x010F, 0x010F, 0x010F, 0x010F, 0x010F, 0x010F, 0x010F, 0x010F, 0x010F,
  0x010F, 0x010F, 0x010F, 0x010F, 0x010F, 0x010F, 0x010F, 0x010F, 0x010F, 0x010F, 0x010F, 0x010F,
  0x010F, 0x010F, 0x010F, 0x010F, 0x010F, 0x010F, 0x010F, 0x010F, 0x010F, 0x010F, 0x010F, 0x010F,
  0x010F, 0x010F, 0x010F, 0x0150, 0x010F, 0x010F, 0x010F, 0x010F, 0x010F, 0x010F, 0x010F, 0x010F,
  0xAD55, 0xAD55, 0xAD55, 0xAD55, 0xA534, 0xA534, 0xA534, 0xAD34, 0xAD55, 0xAD55, 0xAD55, 0xAD55,
  0xAD55, 0xAD55, 0xAD55, 0xAD55, 0xAD55, 0xAD55, 0xAD55, 0xAD55, 0xAD55, 0xAD55, 0xAD55, 0xAD55,
  0xAD55, 0xAD55, 0xAD55, 0xAD55, 0xAD55, 0xAD55, 0xAD55, 0xAD55, 0xAD55, 0xAD55, 0xAD35, 0xAD55,
  0x9493, 0x0453, 0x5555, 0x7D54, 0x7554, 0x7D54, 0x8D35, 0x9D55, 0xAD34, 0xAD35, 0xA555, 0xAD55,
  0xAD55, 0xAD55, 0xAD55, 0xAD55, 0xAD55, 0xAD55, 0xAD55, 0xAD55, 0xAD55, 0xAD55, 0xAD55, 0xAD55,
  0xAD55, 0xAD55, 0xAD55, 0xAD55, 0xAD55, 0xAD55, 0xAD55, 0xAD55, 0xAD55, 0xAD55, 0xAD55, 0xAD55,
  0xAD55, 0xAD55, 0xAD55, 0xAD55, 0xAD55, 0xAD55, 0xAD55, 0xAD55, 0xAD55, 0xAD55, 0xAD55, 0xAD55,
  0xAD55, 0xAD55, 0xAD55, 0xAD55, 0xAD55, 0xAD55, 0xAD55, 0xAD55, 0xAD55, 0xAD55, 0xAD55, 0xAD35,
  0xAD35, 0xAD55, 0x94F4, 0x3AB0, 0x006D, 0x000C, 0x000D, 0x012F, 0x0A2F, 0x5B91, 0x94D3, 0xAD55,
  0xAD55, 0xAD55, 0xAD55, 0xAD34, 0xAD35, 0xAD35, 0xAD35, 0xA535, 0xA535, 0xAD55, 0x7431, 0x7C72,
  0xAD55, 0xAD35, 0xAD55, 0xAD34, 0xAD34, 0xAD55, 0xAD54, 0x09CF, 0x006E, 0x010F, 0x010F, 0x010F,
  0x010F, 0x010F, 0x010F, 0x010F, 0x010F, 0x010F, 0x010F, 0x010F, 0x010F, 0x010F, 0x010F, 0x010F,
  0x010F, 0x010F, 0x010F, 0x010F, 0x010F, 0x010F, 0x010F, 0x010F, 0x010F, 0x010F, 0x010F, 0x010F,
  0xFFFF, 0xFFFF, 0xFFFF, 0xFFFF, 0xFFFF, 0x010F, 0x010F, 0x010F, 0x63B4, 0xFFFF, 0xFFFF, 0x63B4,
  0x63B4, 0xFFFF, 0xFFFF, 0xD6BC, 0xB5FA, 0xEF5E, 0x8CB6, 0x63B4, 0xFFFF, 0x8CB6, 0xEF5E, 0x5333,
  0xFFFF, 0xFFFF, 0xDEFD, 0x010F, 0x010F, 0x010F, 0x010F, 0x010F, 0x010F, 0x010F, 0x010F, 0x010F,
  0x010F, 0x010F, 0x010F, 0x010F, 0x010F, 0x010F, 0x010F, 0x010F, 0x010F, 0x010F, 0x010F, 0x010F,
  0x010F, 0x010F, 0x010F, 0x010F, 0x010F, 0x010F, 0x010F, 0x010F, 0x010F, 0x010F, 0x010F, 0x010F,
  0x010F, 0x010F, 0x010F, 0x010F, 0x010F, 0x010F, 0x010F, 0x010F, 0x010F, 0x010F, 0x010F, 0x010F,
  0x010F, 0x010F, 0x010F, 0x010F, 0x010F, 0x010F, 0x010F, 0x010F, 0x010F, 0x010F, 0x010F, 0x010F,
  0x010F, 0x010F, 0x010F, 0x010F, 0x010F, 0x010F, 0x010F, 0x010F, 0x010F, 0x010F, 0x010F, 0x010F,
  0x010F, 0x010F, 0x010F, 0x010F, 0x010F, 0x010F, 0x010F, 0x010F, 0x010F, 0x010F, 0x010F, 0x010F,
  0x010F, 0x010F, 0x010F, 0x010F, 0x010F, 0x010F, 0x010F, 0x010F, 0x010F, 0x010F, 0x010F, 0x010F,
  0x010F, 0x010F, 0x010F, 0x010F, 0x010F, 0x010F, 0x010F, 0x010F, 0x010F, 0x010F, 0x010F, 0x010F,
  0x010F, 0x010F, 0x010F, 0x010F, 0x010F, 0x010F, 0x010F, 0x010F, 0x010F, 0x010F, 0x010F, 0x010F,
  0x010F, 0x010F, 0x010F, 0x010F, 0x010F, 0x010F, 0x010F, 0x010F, 0x0170, 0x02F5, 0x049B, 0x059E,
  0x05DF, 0x047A, 0x02D5, 0x010F, 0x010F, 0x010F, 0x010F, 0x010F, 0xAD34, 0xAD34, 0xAD35, 0xAD35,
  0xA535, 0xA535, 0xA534, 0xA534, 0xA555, 0xAD55, 0xAD55, 0xAD55, 0xAD55, 0xAD55, 0xAD55, 0xAD55,
  0xAD55, 0xAD55, 0xAD55, 0xAD55, 0xAD55, 0xAD55, 0xAD55, 0xAD55, 0xAD55, 0xAD55, 0xAD55, 0xAD55,
  0xAD55, 0xAD55, 0xAD55, 0xAD55, 0xAD55, 0xAD55, 0xAD55, 0xAD55, 0x5412, 0x04D4, 0x6D55, 0x7554,
  0x7534, 0x7D54, 0x8D55, 0xA555, 0xAD55, 0xAD35, 0xAD34, 0xAD35, 0xAD35, 0xAD55, 0xAD55, 0xAD55,
  0xAD55, 0xAD55, 0xAD55, 0xAD55, 0xAD55, 0xAD55, 0xAD55, 0xAD55, 0xAD55, 0xAD55, 0xAD55, 0xAD55,
  0xAD55, 0xAD55, 0xAD55, 0xAD55, 0xAD55, 0xAD55, 0xAD55, 0xAD55, 0xAD55, 0xAD55, 0xAD55, 0xAD55,
  0xAD55, 0xAD55, 0xAD55, 0xAD55, 0xAD55, 0xAD55, 0xAD55, 0xAD55, 0xAD55, 0xAD55, 0xAD55, 0xAD55,
  0xAD55, 0xAD55, 0xAD55, 0xAD55, 0xAD55, 0xAD55, 0xAD54, 0xAD34, 0xAD55, 0x6BF1, 0x00AD, 0x000D,
  0x002E, 0x2251, 0x63D2, 0x9CF4, 0xAD55, 0xAD55, 0xAD55, 0xAD55, 0xAD35, 0xA535, 0xA534, 0xA534,
  0xA534, 0xA534, 0xA534, 0xA534, 0xA535, 0xAD55, 0xA534, 0x5B90, 0x8CD4, 0xAD55, 0xAD35, 0xAD34,
  0xAD34, 0xAD55, 0xAD55, 0x11EF, 0x004E, 0x010F, 0x010F, 0x010F, 0x010F, 0x010F, 0x010F, 0x010F,
  0x010F, 0x010F, 0x010F, 0x010F, 0x010F, 0x010F, 0x010F, 0x010F, 0x010F, 0x010F, 0x010F, 0x010F,
  0x010F, 0x010F, 0x010F, 0x010F, 0x010F, 0x010F, 0x010F, 0x010F, 0xFFFF, 0xFFFF, 0xFFFF, 0xFFFF,
  0xFFFF, 0x010F, 0x010F, 0x010F, 0xC65B, 0xD6BC, 0xD6BC, 0xB5FA, 0x010F, 0xD6BC, 0x9D18, 0xB5FA,
  0xB5FA, 0xEF5E, 0x8CB6, 0x63B4, 0xFFFF, 0x8CB6, 0xEF5E, 0x9D18, 0xEF5E, 0x3A92, 0x010F, 0x010F,
  0x010F, 0x010F, 0x010F, 0x010F, 0x010F, 0x010F, 0x010F, 0x010F, 0x010F, 0x010F, 0x010F, 0x010F,
  0x010F, 0x010F, 0x010F, 0x010F, 0x010F, 0x010F, 0x010F, 0x010F, 0x010F, 0x010F, 0x010F, 0x010F,
  0x010F, 0x010F, 0x010F, 0x010F, 0x010F, 0x010F, 0x010F, 0x010F, 0x010F, 0x010F, 0x010F, 0x010F,
  0x010F, 0x010F, 0x010F, 0x010F, 0x010F, 0x010F, 0x010F, 0x010F, 0x010F, 0x010F, 0x010F, 0x010F,
  0x010F, 0x010F, 0x010F, 0x010F, 0x010F, 0x010F, 0x010F, 0x010F, 0x010F, 0x010F, 0x010F, 0x010F,
  0x010F, 0x010F, 0x010F, 0x010F, 0x010F, 0x010F, 0x010F, 0x010F, 0x010F, 0x010F, 0x010F, 0x010F,
  0x010F, 0x010F, 0x010F, 0x010F, 0x010F, 0x010F, 0x010F, 0x010F, 0x010F, 0x010F, 0x010F, 0x010F,
  0x010F, 0x010F, 0x010F, 0x010F, 0x010F, 0x010F, 0x010F, 0x010F, 0x010F, 0x010F, 0x010F, 0x010F,
  0x010F, 0x010F, 0x010F, 0x010F, 0x010F, 0x010F, 0x010F, 0x010F, 0x010F, 0x010F, 0x010F, 0x010F,
  0x010F, 0x010F, 0x010F, 0x010F, 0x010F, 0x010F, 0x010F, 0x010F, 0x010F, 0x010F, 0x010F, 0x010F,
  0x010F, 0x010F, 0x010F, 0x0294, 0x04BB, 0x05FF, 0x05FF, 0x05FF, 0x05FF, 0x05FF, 0x05DF, 0x059E,
  0x0191, 0x010F, 0x010F, 0x010F, 0xAD34, 0xAD34, 0xAD55, 0xAD35, 0xAD35, 0xAD35, 0xAD34, 0xA534,
  0xA555, 0xAD55, 0xAD55, 0xAD55, 0xAD55, 0xAD55, 0xAD55, 0xAD55, 0xAD55, 0xAD55, 0xAD55, 0xAD55,
  0xAD55, 0xAD55, 0xAD55, 0xAD55, 0xAD55, 0xAD55, 0xAD55, 0xAD55, 0xAD55, 0xAD55, 0xAD55, 0xAD55,
  0xAD55, 0xAD55, 0xAD55, 0x8C92, 0x03B0, 0x3D55, 0x7555, 0x7D34, 0x7D34, 0x7D55, 0x6D35, 0x5D34,
  0x6D34, 0x9534, 0xAD55, 0xAD35, 0xAD35, 0xAD55, 0xAD55, 0xAD55, 0xAD55, 0xAD55, 0xAD55, 0xAD55,
  0xAD55, 0xAD55, 0xAD55, 0xAD55, 0xAD55, 0xAD55, 0xAD55, 0xAD55, 0xAD55, 0xAD55, 0xAD55, 0xAD55,
  0xAD55, 0xAD55, 0xAD55, 0xAD55, 0xAD55, 0xAD55, 0xAD55, 0xAD55, 0xAD55, 0xAD55, 0xAD55, 0xAD55,
  0xAD55, 0xAD55, 0xAD55, 0xAD55, 0xAD55, 0xAD55, 0xAD55, 0xAD55, 0xAD55, 0xAD55, 0xAD55, 0xAD55,
  0xAD55, 0xAD55, 0xAD54, 0xAD55, 0x8CB4, 0x004C, 0x000D, 0x01B0, 0x6BF2, 0xAD55, 0xAD55, 0xAD55,
  0xAD55, 0xAD35, 0xAD55, 0xAD55, 0xAD55, 0xA535, 0xA534, 0xA534, 0xA534, 0xA534, 0xA534, 0xA534,
  0xAD35, 0xAD35, 0xAD55, 0x7C72, 0x53B0, 0xA535, 0xAD35, 0xAD35, 0xAD35, 0xAD55, 0xAD55, 0x222F,
  0x002E, 0x010F, 0x010F, 0x010F, 0x010F, 0x010F, 0x010F, 0x010F, 0x010F, 0x010F, 0x010F, 0x010F,
  0x010F, 0x010F, 0x010F, 0x010F, 0x010F, 0x010F, 0x010F, 0x010F, 0x010F, 0x010F, 0x010F, 0x010F,
  0x010F, 0x010F, 0x010F, 0x010F, 0xFFFF, 0xFFFF, 0xFFFF, 0xFFFF, 0xFFFF, 0x010F, 0x010F, 0x19F0,
  0xFFFF, 0xFFFF, 0xFFFF, 0xF7BE, 0x19F0, 0xD6BC, 0x9D18, 0xB5FA, 0xB5FA, 0xEF5E, 0x8CB6, 0x63B4,
  0xFFFF, 0x8CB6, 0xEF5E, 0x3A91, 0xDEFD, 0xFFFF, 0xDEFD, 0x3A91, 0x010F, 0x010F, 0x010F, 0x010F,
  0x010F, 0x010F, 0x010F, 0x010F, 0x010F, 0x010F, 0x010F, 0x010F, 0x010F, 0x010F, 0x010F, 0x010F,
  0x010F, 0x010F, 0x010F, 0x010F, 0x010F, 0x010F, 0x010F, 0x010F, 0x010F, 0x010F, 0x010F, 0x010F,
  0x010F, 0x010F, 0x010F, 0x010F, 0x010F, 0x010F, 0x010F, 0x010F, 0x010F, 0x010F, 0x010F, 0x010F,
  0x010F, 0x010F, 0x010F, 0x010F, 0x010F, 0x010F, 0x010F, 0x010F, 0x010F, 0x010F, 0x010F, 0x010F,
  0x010F, 0x010F, 0x010F, 0x010F, 0x010F, 0x010F, 0x010F, 0x010F, 0x010F, 0x010F, 0x010F, 0x010F,
  0x010F, 0x010F, 0x010F, 0x010F, 0x010F, 0x010F, 0x010F, 0x010F, 0x010F, 0x010F, 0x010F, 0x010F,
  0x010F, 0x010F, 0x010F, 0x010F, 0x010F, 0x010F, 0x010F, 0x010F, 0x010F, 0x010F, 0x010F, 0x010F,
  0x010F, 0x010F, 0x010F, 0x010F, 0x010F, 0x010F, 0x010F, 0x010F, 0x010F, 0x010F, 0x010F, 0x010F,
  0x010F, 0x010F, 0x010F, 0x010F, 0x010F, 0x010F, 0x010F, 0x010F, 0x010F, 0x010F, 0x010F, 0x010F,
  0x010F, 0x010F, 0x010F, 0x010F, 0x010F, 0x010F, 0x010F, 0x010F, 0x010F, 0x010F, 0x01B1, 0x059E,
  0x05FF, 0x05DF, 0x04FC, 0x047A, 0x04DC, 0x059E, 0x05FF, 0x05DF, 0x059E, 0x010F, 0x010F, 0x010F,
  0xAD34, 0xAD34, 0xAD35, 0xAD55, 0xAD35, 0xAD35, 0xA534, 0xA534, 0xAD55, 0xAD55, 0xAD55, 0xAD55,
  0xAD55, 0xAD55, 0xAD55, 0xAD55, 0xAD55, 0xAD55, 0xAD55, 0xAD55, 0xAD55, 0xAD55, 0xAD55, 0xAD55,
  0xAD55, 0xAD55, 0xAD55, 0xAD55, 0xAD55, 0xAD55, 0xAD55, 0xAD55, 0xAD55, 0xAD55, 0xAD54, 0x5390,
  0x04B3, 0x5D55, 0x7D35, 0x7D34, 0x6D35, 0x3534, 0x0534, 0x0534, 0x0534, 0x6D54, 0x9D54, 0xAD35,
  0xAD35, 0xAD55, 0xAD55, 0xAD55, 0xAD55, 0xAD55, 0xAD55, 0xAD55, 0xAD55, 0xAD55, 0xAD55, 0xAD55,
  0xAD55, 0xAD55, 0xAD55, 0xAD55, 0xAD55, 0xAD55, 0xAD55, 0xAD55, 0xAD55, 0xAD55, 0xAD55, 0xAD55,
  0xAD55, 0xAD55, 0xAD55, 0xAD55, 0xAD55, 0xAD55, 0xAD55, 0xAD55, 0xAD55, 0xAD55, 0xAD55, 0xAD55,
  0xAD55, 0xAD55, 0xAD55, 0xAD55, 0xAD55, 0xAD55, 0xAD55, 0xAD55, 0xAD55, 0xAD55, 0xAD55, 0xAD54,
  0x01AE, 0x000D, 0x1A50, 0xAD55, 0xAD55, 0xAD55, 0xAD34, 0xAD34, 0xA534, 0xA554, 0xAD55, 0xAD55,
  0xAD55, 0xAD55, 0xAD55, 0xAD55, 0xAD55, 0xAD55, 0xAD55, 0xA534, 0xAD35, 0xAD35, 0xAD35, 0xAD55,
  0x6BD1, 0x7473, 0xAD55, 0xAD35, 0xA535, 0xAD35, 0xAD55, 0x4B10, 0x002D, 0x0110, 0x010F, 0x010F,
  0x010F, 0x010F, 0x010F, 0x010F, 0x010F, 0x010F, 0x010F, 0x010F, 0x010F, 0x010F, 0x010F, 0x010F,
  0x010F, 0x010F, 0x010F, 0x010F, 0x010F, 0x010F, 0x010F, 0x010F, 0x010F, 0x010F, 0x010F, 0x010F,
  0xFFFF, 0xFFFF, 0xFFFF, 0xFFFF, 0xFFFF, 0x010F, 0x010F, 0x9D18, 0xF7BE, 0x010F, 0x19F0, 0xF7BE,
  0x9D18, 0xD6BC, 0x9D18, 0xB5FA, 0xB5FA, 0xEF5E, 0x9D18, 0x9D18, 0xFFFF, 0x8CB6, 0xEF5E, 0xA598,
  0xDEFD, 0x19F0, 0xFFFF, 0x8CB6, 0x010F, 0x010F, 0x010F, 0x010F, 0x010F, 0x010F, 0x010F, 0x010F,
  0x010F, 0x010F, 0x010F, 0x010F, 0x010F, 0x010F, 0x010F, 0x010F, 0x010F, 0x010F, 0x010F, 0x010F,
  0x010F, 0x010F, 0x010F, 0x010F, 0x010F, 0x010F, 0x010F, 0x010F, 0x010F, 0x010F, 0x010F, 0x010F,
  0x010F, 0x010F, 0x010F, 0x010F, 0x010F, 0x010F, 0x010F, 0x010F, 0x010F, 0x010F, 0x010F, 0x010F,
  0x010F, 0x010F, 0x010F, 0x010F, 0x010F, 0x010F, 0x010F, 0x010F, 0x010F, 0x010F, 0x010F, 0x010F,
  0x010F, 0x010F, 0x010F, 0x010F, 0x010F, 0x010F, 0x010F, 0x010F, 0x010F, 0x010F, 0x010F, 0x010F,
  0x010F, 0x010F, 0x010F, 0x010F, 0x010F, 0x010F, 0x010F, 0x010F, 0x010F, 0x010F, 0x010F, 0x010F,
  0x010F, 0x010F, 0x010F, 0x010F, 0x010F, 0x010F, 0x010F, 0x010F, 0x010F, 0x010F, 0x010F, 0x010F,
  0x010F, 0x010F, 0x010F, 0x010F, 0x010F, 0x010F, 0x010F, 0x010F, 0x010F, 0x010F, 0x010F, 0x010F,
  0x010F, 0x010F, 0x010F, 0x010F, 0x010F, 0x010F, 0x010F, 0x010F, 0x010F, 0x010F, 0x010F, 0x010F,
  0x010F, 0x010F, 0x010F, 0x010F, 0x010F, 0x010F, 0x049B, 0x05FF, 0x05FF, 0x0316, 0x010F, 0x00EF,
  0x010F, 0x0170, 0x03B8, 0x05FF, 0x05DF, 0x04FC, 0x010F, 0x010F, 0xAD34, 0xAD55, 0x3CB3, 0x34F3,
  0xAD55, 0xAD54, 0xA534, 0xA534, 0xA555, 0xAD55, 0xAD55, 0xAD55, 0xAD55, 0xAD55, 0xAD55, 0xAD55,
  0xAD55, 0xAD55, 0xAD55, 0xAD55, 0xAD55, 0xAD55, 0xAD55, 0xAD55, 0xAD55, 0xAD55, 0xAD55, 0xAD55,
  0xAD55, 0xAD55, 0xAD55, 0xAD55, 0xAD55, 0xAD55, 0x94D3, 0x03F1, 0x0555, 0x6555, 0x7D34, 0x8534,
  0x6D35, 0x0534, 0x0534, 0x0554, 0x7555, 0x7D34, 0x8D34, 0xA535, 0xAD35, 0xAD55, 0xAD55, 0xAD55,
  0xAD55, 0xAD55, 0xAD55, 0xAD55, 0xAD55, 0xAD55, 0xAD55, 0xAD55, 0xAD55, 0xAD55, 0xAD55, 0xAD55,
  0xAD55, 0xAD55, 0xAD55, 0xAD55, 0xAD55, 0xAD55, 0xAD55, 0xAD55, 0xAD55, 0xAD55, 0xAD55, 0xAD55,
  0xAD55, 0xAD55, 0xAD55, 0xAD55, 0xAD55, 0xAD55, 0xAD55, 0xAD55, 0xAD55, 0xAD55, 0xAD55, 0xAD55,
  0xAD55, 0xAD55, 0xAD55, 0xAD55, 0xAD55, 0xAD55, 0xAD55, 0x4B2F, 0x000A, 0x00EE, 0x94D4, 0xAD55,
  0xAD54, 0xAD34, 0xAD34, 0xAD34, 0xAD34, 0xA534, 0xAD55, 0xAD55, 0xAD55, 0xAD55, 0xAD55, 0xAD55,
  0xAD55, 0xAD55, 0xAD55, 0xA534, 0xAD35, 0xAD35, 0xAD35, 0xAD55, 0x9CF4, 0x63D1, 0x9D34, 0xAD55,
  0xA535, 0xA535, 0xAD55, 0x8CB3, 0x00ED, 0x00AF, 0x00EF, 0x010F, 0x010F, 0x010F, 0x010F, 0x010F,
  0x010F, 0x010F, 0x010F, 0x010F, 0x010F, 0x010F, 0x010F, 0x010F, 0x010F, 0x010F, 0x010F, 0x010F,
  0x010F, 0x010F, 0x010F, 0x010F, 0x010F, 0x010F, 0x010F, 0x010F, 0x010F, 0x010F, 0x010F, 0x010F,
  0x010F, 0x010F, 0x010F, 0xEF5E, 0xA598, 0x010F, 0x010F, 0xB5FA, 0xDEFD, 0xB5FA, 0xFFFF, 0xEF5E,
  0xB5FA, 0x9D18, 0xFFFF, 0xFFFF, 0xFFFF, 0x8CB6, 0xEF5E, 0x3A91, 0xF7BE, 0xFFFF, 0xDEFD, 0x19F0,
  0x010F, 0x010F, 0x010F, 0x010F, 0x010F, 0x010F, 0x010F, 0x010F, 0x010F, 0x010F, 0x010F, 0x010F,
  0x010F, 0x010F, 0x010F, 0x010F, 0x010F, 0x010F, 0x010F, 0x010F, 0x010F, 0x010F, 0x010F, 0x010F,
  0x010F, 0x010F, 0x010F, 0x010F, 0x010F, 0x010F, 0x010F, 0x010F, 0x010F, 0x010F, 0x010F, 0x010F,
  0x010F, 0x010F, 0x010F, 0x010F, 0x010F, 0x010F, 0x010F, 0x010F, 0x010F, 0x010F, 0x010F, 0x010F,
  0x010F, 0x010F, 0x010F, 0x010F, 0x010F, 0x010F, 0x010F, 0x010F, 0x010F, 0x010F, 0x010F, 0x010F,
  0x010F, 0x010F, 0x010F, 0x010F, 0x010F, 0x010F, 0x010F, 0x010F, 0x010F, 0x010F, 0x010F, 0x010F,
  0x010F, 0x010F, 0x010F, 0x010F, 0x010F, 0x010F, 0x010F, 0x010F, 0x010F, 0x010F, 0x010F, 0x010F,
  0x010F, 0x010F, 0x010F, 0x010F, 0x010F, 0x010F, 0x010F, 0x010F, 0x010F, 0x010F, 0x010F, 0x010F,
  0x010F, 0x010F, 0x010F, 0x010F, 0x010F, 0x010F, 0x010F, 0x010F, 0x010F, 0x010F, 0x010F, 0x010F,
  0x010F, 0x010F, 0x010F, 0x010F, 0x010F, 0x010F, 0x010F, 0x010F, 0x010F, 0x010F, 0x010F, 0x010F,
  0x010F, 0x0212, 0x05DF, 0x05FF, 0x03D8, 0x010F, 0x010F, 0x010F, 0x010F, 0x010F, 0x010F, 0x04BB,
  0x05DF, 0x05FF, 0x012F, 0x010F, 0xAD35, 0xAD55, 0x0493, 0x0453, 0x8555, 0xAD55, 0xAD34, 0xAD34,
  0xAD34, 0xAD35, 0xAD55, 0xAD55, 0xAD55, 0xAD55, 0xAD55, 0xAD55, 0xAD55, 0xAD55, 0xAD55, 0xAD55,
  0xAD55, 0xAD55, 0xAD55, 0xAD55, 0xAD55, 0xAD55, 0xAD55, 0xAD55, 0xAD55, 0xAD55, 0xAD55, 0xAD35,
  0xAD35, 0xAD55, 0x7432, 0x0473, 0x3D55, 0x7554, 0x7D55, 0x7D55, 0x7555, 0x3D34, 0x0534, 0x4D34,
  0x8D35, 0x7D34, 0x8534, 0xA535, 0xAD35, 0xAD55, 0xAD55, 0xAD55, 0xAD55, 0xAD55, 0xAD55, 0xAD55,
  0xAD55, 0xAD55, 0xAD55, 0xAD55, 0xAD55, 0xAD55, 0xAD55, 0xAD55, 0xAD55, 0xAD55, 0xAD55, 0xAD55,
  0xAD55, 0xAD55, 0xAD55, 0xAD55, 0xAD55, 0xAD55, 0xAD55, 0xAD55, 0xAD55, 0xAD55, 0xAD55, 0xAD55,
  0xAD55, 0xAD55, 0xAD55, 0xAD55, 0xAD55, 0xAD55, 0xAD55, 0xAD55, 0xAD55, 0xAD55, 0xAD55, 0xAD35,
  0xAD35, 0xAD55, 0x9CF3, 0x00AD, 0x000D, 0x7493, 0xAD55, 0xAD54, 0xAD54, 0xAD55, 0xAD54, 0xAD54,
  0xAD55, 0xAD55, 0xA534, 0xAD55, 0xAD55, 0xAD55, 0xAD55, 0xAD55, 0xAD55, 0xAD55, 0xAD55, 0xAD55,
  0xAD55, 0xAD55, 0xAD55, 0xAD55, 0xAD55, 0x7BF1, 0x63D1, 0xAD55, 0xAD35, 0xAD35, 0xAD55, 0xAD55,
  0x222E, 0x002E, 0x00F0, 0x010F, 0x010F, 0x010F, 0x010F, 0x010F, 0x010F, 0x010F, 0x010F, 0x010F,
  0x010F, 0x010F, 0x010F, 0x010F, 0x010F, 0x010F, 0x010F, 0x010F, 0x010F, 0x010F, 0x010F, 0x010F,
  0x010F, 0x010F, 0x010F, 0x010F, 0x010F, 0x010F, 0x010F, 0x010F, 0x010F, 0x010F, 0x010F, 0x010F,
  0x010F, 0x010F, 0x010F, 0x010F, 0x010F, 0x010F, 0x010F, 0x010F, 0x010F, 0x010F, 0x010F, 0x010F,
  0x010F, 0x010F, 0x010F, 0x010F, 0x010F, 0x010F, 0x010F, 0x010F, 0x010F, 0x010F, 0x010F, 0x010F,
  0x010F, 0x010F, 0x010F, 0x010F, 0x010F, 0x010F, 0x010F, 0x010F, 0x010F, 0x010F, 0x010F, 0x010F,
  0x010F, 0x010F, 0x010F, 0x010F, 0x010F, 0x010F, 0x010F, 0x010F, 0x010F, 0x010F, 0x010F, 0x010F,
  0x010F, 0x010F, 0x010F, 0x010F, 0x010F, 0x010F, 0x010F, 0x010F, 0x010F, 0x010F, 0x010F, 0x010F,
  0x010F, 0x010F, 0x010F, 0x010F, 0x010F, 0x010F, 0x010F, 0x010F, 0x010F, 0x010F, 0x010F, 0x010F,
  0x010F, 0x010F, 0x010F, 0x010F, 0x010F, 0x010F, 0x010F, 0x010F, 0x010F, 0x010F, 0x010F, 0x010F,
  0x010F, 0x010F, 0x010F, 0x010F, 0x010F, 0x010F, 0x010F, 0x010F, 0x010F, 0x010F, 0x010F, 0x010F,
  0x010F, 0x010F, 0x010F, 0x010F, 0x010F, 0x010F, 0x010F, 0x010F, 0x010F, 0x010F, 0x010F, 0x010F,
  0x010F, 0x010F, 0x010F, 0x010F, 0x010F, 0x010F, 0x010F, 0x010F, 0x010F, 0x010F, 0x010F, 0x010F,
  0x010F, 0x010F, 0x010F, 0x010F, 0x010F, 0x010F, 0x010F, 0x010F, 0x010F, 0x010F, 0x010F, 0x010F,
  0x010F, 0x010F, 0x010F, 0x010F, 0x010F, 0x010F, 0x010F, 0x010F, 0x010F, 0x02D5, 0x05DF, 0x05BE,
  0x01B1, 0x010F, 0x010F, 0x010F, 0x010F, 0x010F, 0x010F, 0x0191, 0x05DF, 0x05FF, 0x02B4, 0x010F,
  0xA555, 0xAD55, 0x2CB4, 0x0433, 0x04B4, 0x9D55, 0xAD55, 0xAD34, 0xAD34, 0xAD35, 0xAD55, 0xAD55,
  0xAD55, 0xAD55, 0xAD55, 0xAD55, 0xAD55, 0xAD55, 0xAD55, 0xAD55, 0xAD55, 0xAD55, 0xAD55, 0xAD55,
  0xAD55, 0xAD55, 0xAD55, 0xAD55, 0xAD55, 0xAD55, 0xAD55, 0xAD35, 0xAD55, 0xAD34, 0x33D1, 0x04F4,
  0x5D55, 0x7554, 0x7554, 0x7D55, 0x7D55, 0x6D55, 0x3D14, 0x5514, 0x8555, 0x7534, 0x8554, 0xA535,
  0xAD35, 0xAD55, 0xAD55, 0xAD55, 0xAD55, 0xAD55, 0xAD55, 0xAD55, 0xAD55, 0xAD55, 0xAD55, 0xAD55,
  0xAD55, 0xAD55, 0xAD55, 0xAD55, 0xAD55, 0xAD55, 0xAD55, 0xAD55, 0xAD55, 0xAD55, 0xAD55, 0xAD55,
  0xAD55, 0xAD55, 0xAD55, 0xAD55, 0xAD55, 0xAD55, 0xAD55, 0xAD55, 0xAD55, 0xAD55, 0xAD55, 0xAD55,
  0xAD55, 0xAD55, 0xAD55, 0xAD55, 0xAD55, 0xAD55, 0xAD55, 0xAD35, 0xAD35, 0xAD55, 0x6BB1, 0x000B,
  0x0211, 0xAD55, 0xAD55, 0xAD54, 0xAD54, 0xAD55, 0xAD55, 0xAD55, 0xAD55, 0xAD55, 0xA534, 0xAD55,
  0xAD55, 0xAD55, 0xAD55, 0xAD55, 0xAD55, 0xAD55, 0xAD55, 0xAD55, 0xAD55, 0xAD55, 0xAD55, 0xAD55,
  0xAD55, 0xA534, 0x5370, 0x84D3, 0xAD55, 0xAD35, 0xAD54, 0xAD55, 0x3AAF, 0x002D, 0x00EF, 0x010F,
  0x010F, 0x010F, 0x010F, 0x010F, 0x010F, 0x010F, 0x010F, 0x010F, 0x010F, 0x010F, 0x010F, 0x010F,
  0x010F, 0x010F, 0x010F, 0x010F, 0x010F, 0x010F, 0x010F, 0x010F, 0x010F, 0x010F, 0x010F, 0x010F,
  0x010F, 0x010F, 0x010F, 0x010F, 0x010F, 0x010F, 0x010F, 0x010F, 0x010F, 0x010F, 0x010F, 0x010F,
  0x010F, 0x010F, 0x010F, 0x010F, 0x010F, 0x010F, 0x010F, 0x010F, 0x010F, 0x010F, 0x010F, 0x010F,
  0x010F, 0x010F, 0x010F, 0x010F, 0x010F, 0x010F, 0x010F, 0x010F, 0x010F, 0x010F, 0x010F, 0x010F,
  0x010F, 0x010F, 0x010F, 0x010F, 0x010F, 0x010F, 0x010F, 0x010F, 0x010F, 0x010F, 0x010F, 0x010F,
  0x010F, 0x010F, 0x010F, 0x010F, 0x010F, 0x010F, 0x010F, 0x010F, 0x010F, 0x010F, 0x010F, 0x010F,
  0x010F, 0x010F, 0x010F, 0x010F, 0x010F, 0x010F, 0x010F, 0x010F, 0x010F, 0x010F, 0x010F, 0x010F,
  0x010F, 0x010F, 0x010F, 0x010F, 0x010F, 0x010F, 0x010F, 0x010F, 0x010F, 0x010F, 0x010F, 0x010F,
  0x010F, 0x010F, 0x010F, 0x010F, 0x010F, 0x010F, 0x010F, 0x010F, 0x010F, 0x010F, 0x010F, 0x010F,
  0x010F, 0x010F, 0x010F, 0x010F, 0x010F, 0x010F, 0x010F, 0x010F, 0x010F, 0x010F, 0x010F, 0x010F,
  0x010F, 0x010F, 0x010F, 0x010F, 0x010F, 0x010F, 0x010F, 0x010F, 0x010F, 0x010F, 0x010F, 0x010F,
  0x010F, 0x010F, 0x010F, 0x010F, 0x010F, 0x010F, 0x010F, 0x010F, 0x010F, 0x010F, 0x010F, 0x010F,
  0x010F, 0x010F, 0x010F, 0x010F, 0x010F, 0x010F, 0x010F, 0x010F, 0x010F, 0x010F, 0x010F, 0x010F,
  0x010F, 0x010F, 0x010F, 0x010F, 0x010F, 0x0356, 0x05DF, 0x05DF, 0x0190, 0x010F, 0x010F, 0x010F,
  0x010F, 0x010F, 0x0212, 0x0273, 0x05DF, 0x05DF, 0x051C, 0x047A, 0xA555, 0xAD55, 0x2CB3, 0x0453,
  0x0454, 0x04B3, 0x9554, 0xAD55, 0xAD35, 0xAD35, 0xAD55, 0xAD55, 0xAD55, 0xAD55, 0xAD55, 0xAD55,
  0xAD55, 0xAD55, 0xAD55, 0xAD55, 0xAD55, 0xAD55, 0xAD55, 0xAD55, 0xAD55, 0xAD55, 0xAD55, 0xAD55,
  0xAD55, 0xAD55, 0xAD55, 0xA535, 0xAD55, 0x8C72, 0x03F1, 0x2D55, 0x6D55, 0x6D54, 0x7554, 0x7D55,
  0x7D55, 0x8555, 0x8534, 0x6D14, 0x6534, 0x8534, 0x9D55, 0xAD35, 0xAD35, 0xAD55, 0xAD55, 0xAD55,
  0xAD55, 0xAD55, 0xAD55, 0xAD55, 0xAD55, 0xAD55, 0xAD55, 0xAD55, 0xAD55, 0xAD55, 0xAD55, 0xAD55,
  0xAD55, 0xAD55, 0xAD55, 0xAD55, 0xAD55, 0xAD55, 0xAD55, 0xAD55, 0xAD55, 0xAD55, 0xAD55, 0xAD55,
  0xAD55, 0xAD55, 0xAD55, 0xAD55, 0xAD55, 0xAD55, 0xAD55, 0xAD55, 0xAD55, 0xAD55, 0xAD55, 0xAD55,
  0xAD55, 0xAD55, 0xAD34, 0xAD35, 0xAD35, 0xAD55, 0x42F1, 0x000C, 0x5392, 0xAD55, 0xAD34, 0xAD54,
  0xAD55, 0xAD55, 0xAD55, 0xAD55, 0xAD55, 0xAD55, 0xA534, 0xA534, 0xA534, 0xAD55, 0xAD55, 0xAD55,
  0xAD55, 0xAD55, 0xAD55, 0xAD55, 0xAD55, 0xAD55, 0xAD55, 0xAD55, 0xAD35, 0xAD55, 0x84B3, 0x53B1,
  0xAD55, 0xAD55, 0xAD34, 0xAD55, 0x5B51, 0x002D, 0x00EF, 0x010F, 0x010F, 0x010F, 0x010F, 0x010F,
  0x010F, 0x010F, 0x010F, 0x010F, 0x010F, 0x010F, 0x010F, 0x010F, 0x010F, 0x010F, 0x010F, 0x010F,
  0x010F, 0x010F, 0x010F, 0x010F, 0x010F, 0x010F, 0x010F, 0x010F, 0x010F, 0x010F, 0x010F, 0x010F,
  0x010F, 0x010F, 0x010F, 0x00EF, 0x00EF, 0x00EF, 0x00EF, 0x00EF, 0x00EF, 0x00EF, 0x010F, 0x010F,
  0x010F, 0x010F, 0x010F, 0x010F, 0x010F, 0x010F, 0x010F, 0x010F, 0x010F, 0x010F, 0x010F, 0x010F,
  0x010F, 0x010F, 0x010F, 0x010F, 0x010F, 0x010F, 0x010F, 0x010F, 0x010F, 0x010F, 0x010F, 0x010F,
  0x010F, 0x010F, 0x010F, 0x010F, 0x010F, 0x010F, 0x010F, 0x010F, 0x010F, 0x010F, 0x010F, 0x010F,
  0x010F, 0x010F, 0x010F, 0x010F, 0x010F, 0x010F, 0x010F, 0x010F, 0x010F, 0x010F, 0x010F, 0x010F,
  0x010F, 0x010F, 0x010F, 0x010F, 0x010F, 0x010F, 0x010F, 0x010F, 0x010F, 0x010F, 0x010F, 0x010F,
  0x010F, 0x010F, 0x010F, 0x010F, 0x010F, 0x010F, 0x010F, 0x010F, 0x010F, 0x010F, 0x010F, 0x010F,
  0x010F, 0x010F, 0x010F, 0x010F, 0x010F, 0x010F, 0x010F, 0x010F, 0x010F, 0x010F, 0x010F, 0x010F,
  0x010F, 0x010F, 0x010F, 0x010F, 0x010F, 0x010F, 0x010F, 0x010F, 0x010F, 0x010F, 0x010F, 0x010F,
  0x010F, 0x010F, 0x010F, 0x010F, 0x010F, 0x010F, 0x010F, 0x010F, 0x010F, 0x010F, 0x010F, 0x010F,
  0x00EF, 0x00EF, 0x00EF, 0x00EF, 0x00EF, 0x00EF, 0x00EF, 0x00EF, 0x00EF, 0x00EF, 0x00EF, 0x00EF,
  0x00EF, 0x00EF, 0x0130, 0x0130, 0x00EF, 0x00EF, 0x00EF, 0x00EF, 0x010F, 0x00EF, 0x00EF, 0x010F,
  0x010F, 0x0294, 0x05FF, 0x05DF, 0x0170, 0x010F, 0x010F, 0x010F, 0x010F, 0x0233, 0x057D, 0x05FF,
  0x05DF, 0x05FF, 0x05DF, 0x05FF, 0xAD55, 0xAD55, 0x34B4, 0x0454, 0x0494, 0x0454, 0x0494, 0x7534,
  0xAD55, 0xAD35, 0xAD35, 0xAD35, 0xAD35, 0xAD35, 0xAD35, 0xAD35, 0xAD35, 0xAD35, 0xAD35, 0xAD35,
  0xAD35, 0xAD55, 0xAD55, 0xAD55, 0xAD55, 0xAD55, 0xAD55, 0xAD55, 0xAD55, 0xAD55, 0xAD55, 0xAD35,
  0xAD55, 0x5411, 0x0493, 0x5D55, 0x7555, 0x6D54, 0x7555, 0x7555, 0x7D55, 0x8D55, 0x9D55, 0xA555,
  0x9D34, 0xAD55, 0xAD35, 0xAD35, 0xAD35, 0xAD55, 0xAD55, 0xAD55, 0xAD55, 0xAD55, 0xAD55, 0xAD55,
  0xAD55, 0xAD55, 0xAD55, 0xAD55, 0xAD55, 0xAD55, 0xAD55, 0xAD55, 0xAD55, 0xAD55, 0xAD55, 0xAD55,
  0xAD55, 0xAD55, 0xAD55, 0xAD55, 0xAD55, 0xAD55, 0xAD55, 0xAD55, 0xAD55, 0xAD55, 0xAD55, 0xAD55,
  0xAD55, 0xAD55, 0xAD55, 0xAD55, 0xAD55, 0xAD55, 0xAD55, 0xA554, 0x8D34, 0x9D34, 0xAD35, 0xAD35,
  0xAD55, 0xAD55, 0x1A30, 0x000D, 0x7C73, 0xAD55, 0xAD35, 0xAD55, 0xAD55, 0xAD55, 0xAD55, 0xAD55,
  0xAD55, 0xAD55, 0xAD55, 0xA534, 0xA534, 0xAD55, 0xAD55, 0xAD55, 0xAD55, 0xAD55, 0xAD55, 0xAD55,
  0xAD55, 0xAD55, 0xAD55, 0xAD55, 0xAD35, 0xAD55, 0xAD55, 0x63B0, 0x6C53, 0xAD55, 0xAD34, 0xAD55,
  0x73F1, 0x006C, 0x00EF, 0x00EF, 0x00EF, 0x00EF, 0x00EF, 0x00EF, 0x010F, 0x010F, 0x010F, 0x010F,
  0x010F, 0x010F, 0x010F, 0x010F, 0x010F, 0x010F, 0x010F, 0x010F, 0x010F, 0x010F, 0x010F, 0x010F,
  0x010F, 0x010F, 0x010F, 0x010F, 0x010F, 0x010F, 0x010F, 0x00EF, 0x00EF, 0x00EF, 0x00EF, 0x00EF,
  0x00EF, 0x00EF, 0x00EF, 0x00EF, 0x00EF, 0x00EF, 0x00EF, 0x00EF, 0x00EF, 0x00EF, 0x00EF, 0x00EF,
  0x00EF, 0x00EF, 0x00EF, 0x00EF, 0x00EF, 0x00EF, 0x00EF, 0x00EF, 0x00EF, 0x00EF, 0x00EF, 0x00EF,
  0x00EF, 0x00EF, 0x00EF, 0x00EF, 0x00EF, 0x00EF, 0x010F, 0x010F, 0x010F, 0x010F, 0x010F, 0x010F,
  0x010F, 0x010F, 0x010F, 0x010F, 0x010F, 0x010F, 0x010F, 0x010F, 0x010F, 0x010F, 0x010F, 0x010F,
  0x010F, 0x010F, 0x010F, 0x010F, 0x010F, 0x010F, 0x010F, 0x010F, 0x010F, 0x010F, 0x010F, 0x010F,
  0x010F, 0x010F, 0x010F, 0x00EF, 0x00EF, 0x00EF, 0x00EF, 0x00EF, 0x00EF, 0x00EF, 0x00EF, 0x00EF,
  0x00EF, 0x00EF, 0x00EF, 0x00EF, 0x00EF, 0x00EF, 0x00EF, 0x00EF, 0x00EF, 0x00EF, 0x00EF, 0x00EF,
  0x00EF, 0x00EF, 0x00EF, 0x00EF, 0x00EF, 0x00EF, 0x00EF, 0x00EF, 0x00EF, 0x00EF, 0x00EF, 0x00EF,
  0x00EF, 0x00EF, 0x00EF, 0x00EF, 0x00EF, 0x00EF, 0x00EF, 0x00EF, 0x00EF, 0x00EF, 0x00EF, 0x00EF,
  0x00EF, 0x00EF, 0x00EF, 0x00EF, 0x00EF, 0x00EF, 0x00EF, 0x00EF, 0x00EF, 0x00EF, 0x00EF, 0x00EF,
  0x00EF, 0x00EF, 0x00EF, 0x00EF, 0x00EF, 0x00EF, 0x00EF, 0x00EF, 0x0150, 0x0294, 0x04DB, 0x053D,
  0x03F8, 0x0130, 0x00EF, 0x01F2, 0x0356, 0x03B8, 0x0233, 0x012F, 0x00EF, 0x0150, 0x05DF, 0x05DF,
  0x0439, 0x00EF, 0x00EF, 0x00EF, 0x00EF, 0x0190, 0x05FF, 0x05DF, 0x05DF, 0x05DF, 0x05DF, 0x05DF,
  0xAD55, 0xAD55, 0x54B4, 0x0434, 0x0494, 0x0474, 0x0454, 0x0454, 0x5514, 0xAD55, 0xAD55, 0xAD35,
  0xAD35, 0xAD35, 0xAD35, 0xAD35, 0xAD35, 0xAD35, 0xAD35, 0xAD35, 0xAD35, 0xAD55, 0xAD55, 0xAD55,
  0xAD55, 0xAD55, 0xAD55, 0xAD55, 0xAD55, 0xAD55, 0xAD55, 0xAD55, 0xA4F4, 0x2411, 0x3555, 0x7555,
  0x7535, 0x6D54, 0x7555, 0x7555, 0x6CF4, 0x8D34, 0xA555, 0xAD35, 0xAD35, 0xAD55, 0xAD55, 0xA534,
  0xA534, 0xAD55, 0xAD55, 0xAD55, 0xAD55, 0xAD55, 0xAD55, 0xAD55, 0xAD55, 0xAD55, 0xAD55, 0xAD55,
  0xAD55, 0xAD55, 0xAD55, 0xAD55, 0xAD55, 0xAD55, 0xAD55, 0xAD55, 0xAD55, 0xAD55, 0xAD55, 0xAD55,
  0xAD55, 0xAD55, 0xAD55, 0xAD55, 0xAD55, 0xAD55, 0xAD55, 0xAD55, 0xAD55, 0xAD55, 0xAD55, 0xAD55,
  0xAD55, 0xAD55, 0xA534, 0xA554, 0x7D34, 0x3533, 0x4D34, 0x9555, 0xAD55, 0xAD55, 0x014E, 0x00AD,
  0x94F4, 0xAD55, 0xAD35, 0xAD55, 0xAD55, 0xAD55, 0xAD55, 0xAD55, 0xAD55, 0xAD55, 0xAD55, 0xAD55,
  0xAD55, 0xAD55, 0xAD55, 0xAD55, 0xAD55, 0xAD55, 0xAD55, 0xAD55, 0xAD55, 0xAD55, 0xAD55, 0xAD55,
  0xAD55, 0xAD55, 0xAD55, 0x94D4, 0x4B71, 0x9D34, 0xAD55, 0xAD55, 0x8CB2, 0x00ED, 0x00AF, 0x00EF,
  0x00EF, 0x00EF, 0x00EF, 0x00EF, 0x00EF, 0x00EF, 0x00EF, 0x00EF, 0x00EF, 0x00EF, 0x00EF, 0x00EF,
  0x00EF, 0x00EF, 0x00EF, 0x00EF, 0x00EF, 0x00EF, 0x00EF, 0x00EF, 0x010F, 0x00EF, 0x010F, 0x010F,
  0x010F, 0x010F, 0x010F, 0x00EF, 0x00EF, 0x00EF, 0x00EF, 0x00EF, 0x00EF, 0x00EF, 0x00EF, 0x00EF,
  0x00EF, 0x00EF, 0x00EF, 0x00EF, 0x00EF, 0x00EF, 0x00EF, 0x00EF, 0x00EF, 0x00EF, 0x00EF, 0x00EF,
  0x00EF, 0x00EF, 0x00EF, 0x00EF, 0x00EF, 0x00EF, 0x00EF, 0x00EF, 0x00EF, 0x00EF, 0x00EF, 0x00EF,
  0x00EF, 0x00EF, 0x00EF, 0x010F, 0x010F, 0x010F, 0x010F, 0x010F, 0x010F, 0x010F, 0x010F, 0x010F,
  0x010F, 0x010F, 0x010F, 0x010F, 0x010F, 0x010F, 0x010F, 0x010F, 0x010F, 0x010F, 0x010F, 0x010F,
  0x00EF, 0x00EF, 0x00EF, 0x00EF, 0x00EF, 0x00EF, 0x00EF, 0x00EF, 0x00EF, 0x00EF, 0x00EF, 0x00EF,
  0x00EF, 0x00EF, 0x00EF, 0x00EF, 0x00EF, 0x00EF, 0x00EF, 0x00EF, 0x00EF, 0x00EF, 0x00EF, 0x00EF,
  0x00EF, 0x00EF, 0x00EF, 0x00EF, 0x00EF, 0x00EF, 0x00EF, 0x00EF, 0x00EF, 0x00EF, 0x00EF, 0x00EF,
  0x00EF, 0x00EF, 0x00EF, 0x00EF, 0x00EF, 0x00EF, 0x00EF, 0x00EF, 0x00EF, 0x00EF, 0x00EF, 0x00EF,
  0x00EF, 0x00EF, 0x00EF, 0x00EF, 0x00EF, 0x00EF, 0x00EF, 0x00EF, 0x00EF, 0x00EF, 0x00EF, 0x00EF,
  0x00EF, 0x00EF, 0x00EF, 0x00EF, 0x00EF, 0x00EF, 0x00EF, 0x00EF, 0x00EF, 0x00EF, 0x00EF, 0x00EF,
  0x00EF, 0x00EF, 0x00EF, 0x00EF, 0x02D5, 0x057E, 0x05DF, 0x059E, 0x05FF, 0x051C, 0x0150, 0x0191,
  0x055D, 0x05BE, 0x05FF, 0x055D, 0x03F8, 0x0294, 0x05BF, 0x05DF, 0x05FF, 0x02B4, 0x00EF, 0x00EF,
  0x00EF, 0x010F, 0x0397, 0x05FF, 0x05FF, 0x05FF, 0x05FF, 0x05DF, 0xAD55, 0xAD55, 0x6CF3, 0x0433,
  0x0475, 0x0474, 0x0474, 0x0454, 0x0474, 0x04D4, 0x8534, 0xAD55, 0xAD55, 0xAD35, 0xA535, 0xAD35,
  0xAD55, 0xAD55, 0xAD55, 0xAD35, 0xAD55, 0xAD55, 0xAD55, 0xAD55, 0xAD55, 0xAD55, 0xAD55, 0xAD55,
  0xAD55, 0xAD55, 0xAD55, 0xAD55, 0x8CB3, 0x4493, 0x6D55, 0x7535, 0x7555, 0x6D54, 0x7555, 0x8555,
  0x6D14, 0x9555, 0xAD55, 0xAD55, 0xAD35, 0xAD34, 0xAD34, 0xAD34, 0xA534, 0xAD55, 0xAD55, 0xAD55,
  0xAD55, 0xAD55, 0xAD55, 0xAD55, 0xAD55, 0xAD55, 0xAD55, 0xAD55, 0xAD55, 0xAD55, 0xAD55, 0xAD55,
  0xAD55, 0xAD55, 0xAD55, 0xAD55, 0xAD55, 0xAD55, 0xAD55, 0xAD55, 0xAD55, 0xAD55, 0xAD55, 0xAD55,
  0xAD55, 0xAD55, 0xAD55, 0xAD55, 0xAD55, 0xAD55, 0xAD55, 0xAD55, 0xAD55, 0xAD55, 0xA555, 0xAD35,
  0xAD55, 0x8534, 0x0534, 0x0534, 0x6555, 0x6CF4, 0x008D, 0x014F, 0xAD55, 0xAD55, 0xAD35, 0xAD55,
  0xAD55, 0xAD55, 0xAD55, 0xAD55, 0xAD55, 0xAD55, 0xAD55, 0xAD55, 0xAD55, 0xAD55, 0xAD55, 0xAD55,
  0xAD55, 0xAD55, 0xAD55, 0xAD55, 0xAD55, 0xAD55, 0xAD55, 0xAD55, 0xAD55, 0xAD55, 0xAD55, 0xAD55,
  0x63B1, 0x7C73, 0xAD55, 0xAD55, 0xAD55, 0x018F, 0x006E, 0x00EF, 0x00EF, 0x00EF, 0x00EF, 0x00EF,
  0x00EF, 0x00EF, 0x00EF, 0x00EF, 0x00EF, 0x00EF, 0x00EF, 0x00EF, 0x00EF, 0x00EF, 0x00EF, 0x00EF,
  0x00EF, 0x00EF, 0x00EF, 0x00EF, 0x00EF, 0x00EF, 0x00EF, 0x00EF, 0x00EF, 0x00EF, 0x00EF, 0x00EF,
  0x00EF, 0x00EF, 0x00EF, 0x00EF, 0x00EF, 0x00EF, 0x00EF, 0x00EF, 0x00EF, 0x00EF, 0x00EF, 0x00EF,
  0x00EF, 0x00EF, 0x00EF, 0x00EF, 0x00EF, 0x00EF, 0x00EF, 0x00EF, 0x00EF, 0x00EF, 0x00EF, 0x00EF,
  0x00EF, 0x00EF, 0x00EF, 0x00EF, 0x00EF, 0x00EF, 0x00EF, 0x00EF, 0x00EF, 0x00EF, 0x00EF, 0x010F,
  0x00EF, 0x010F, 0x010F, 0x00EF, 0x00EF, 0x010F, 0x010F, 0x00EF, 0x00EF, 0x010F, 0x00EF, 0x00EF,
  0x010F, 0x00EF, 0x00EF, 0x00EF, 0x010F, 0x00EF, 0x00EF, 0x00EF, 0x00EF, 0x00EF, 0x00EF, 0x00EF,
  0x00EF, 0x00EF, 0x00EF, 0x00EF, 0x00EF, 0x00EF, 0x00EF, 0x00EF, 0x00EF, 0x00EF, 0x00EF, 0x00EF,
  0x00EF, 0x00EF, 0x00EF, 0x00EF, 0x00EF, 0x00EF, 0x00EF, 0x00EF, 0x00EF, 0x00EF, 0x00EF, 0x00EF,
  0x00EF, 0x00EF, 0x00EF, 0x00EF, 0x00EF, 0x00EF, 0x00EF, 0x00EF, 0x00EF, 0x00EF, 0x00EF, 0x00EF,
  0x00EF, 0x00EF, 0x00EF, 0x00EF, 0x00EF, 0x00EF, 0x00EF, 0x00EF, 0x00EF, 0x00EF, 0x00EF, 0x00EF,
  0x00EF, 0x00EF, 0x00EF, 0x00EF, 0x00EF, 0x00EF, 0x00EF, 0x00EF, 0x00EF, 0x00EF, 0x00EF, 0x00EF,
  0x00EF, 0x00EF, 0x00EF, 0x00EF, 0x00EF, 0x00EF, 0x00EF, 0x00EF, 0x00EF, 0x00EF, 0x00EF, 0x01B1,
  0x04DB, 0x05FF, 0x045A, 0x0233, 0x02F5, 0x0357, 0x03F8, 0x04FC, 0x0315, 0x02B4, 0x0397, 0x05FF,
  0x05DF, 0x05FF, 0x05DF, 0x05DF, 0x05DF, 0x05DF, 0x04BB, 0x02F5, 0x0377, 0x0439, 0x059E, 0x05FF,
  0x05BF, 0x02B4, 0x03D8, 0x04DB, 0xAD55, 0xAD55, 0x9514, 0x0453, 0x0474, 0x0474, 0x0474, 0x0474,
  0x0474, 0x0454, 0x0473, 0x04B4, 0x8534, 0xAD55, 0xAD55, 0xAD35, 0x74F4, 0x44F4, 0x9D55, 0xAD55,
  0xAD55, 0xAD55, 0xAD55, 0xAD55, 0xAD55, 0xAD55, 0xAD55, 0xAD55, 0xAD55, 0xAD55, 0xAD55, 0xAD55,
  0x7473, 0x4CF4, 0x6D55, 0x6D55, 0x7555, 0x7555, 0x8D55, 0x22CB, 0x2A29, 0x6C30, 0x6C10, 0x9534,
  0xAD55, 0xAD55, 0xAD55, 0xAD55, 0xA534, 0xA555, 0xAD55, 0xAD55, 0xAD55, 0xAD55, 0xAD55, 0xAD55,
  0xAD55, 0xAD55, 0xAD55, 0xAD55, 0xAD55, 0xAD55, 0xAD55, 0xAD55, 0xAD55, 0xAD55, 0xAD55, 0xAD55,
  0xAD55, 0xAD55, 0xAD55, 0xAD55, 0xAD55, 0xAD55, 0xAD55, 0xAD55, 0xAD55, 0xAD55, 0xAD55, 0xAD55,
  0xAD55, 0xAD55, 0xAD55, 0xAD55, 0xAD55, 0xAD55, 0xAD55, 0xAD35, 0xAD35, 0xAD35, 0xA535, 0x5534,
  0x0534, 0x0371, 0x000C, 0x01F0, 0x9555, 0xAD55, 0xAD35, 0xAD55, 0xAD55, 0xAD55, 0xAD55, 0xAD55,
  0xAD55, 0xAD55, 0xAD55, 0xAD55, 0xAD55, 0xAD55, 0xAD55, 0xAD55, 0xAD55, 0xAD55, 0xAD55, 0xAD55,
  0xAD35, 0xAD35, 0xAD35, 0xAD35, 0xAD35, 0xAD35, 0xAD55, 0xAD55, 0x8C53, 0x6C32, 0xAD55, 0xAD55,
  0x6390, 0x006C, 0x00CF, 0x00EF, 0x00EF, 0x00EF, 0x00EF, 0x00EF, 0x00EF, 0x00EF, 0x00EF, 0x00EF,
  0x00EF, 0x00EF, 0x00EF, 0x00EF, 0x00EF, 0x00EF, 0x00EF, 0x00EF, 0x00EF, 0x00EF, 0x00EF, 0x00EF,
  0x00EF, 0x00EF, 0x00EF, 0x00EF, 0x00EF, 0x00EF, 0x00EF, 0x00EF, 0x00EF, 0x00EF, 0x00EF, 0x00EF,
  0x00EF, 0x00EF, 0x00EF, 0x00EF, 0x00EF, 0x00EF, 0x00EF, 0x00EF, 0x00EF, 0x00EF, 0x00EF, 0x00EF,
  0x00EF, 0x00EF, 0x00EF, 0x00EF, 0x00EF, 0x00EF, 0x00EF, 0x00EF, 0x00EF, 0x00EF, 0x00EF, 0x00EF,
  0x00EF, 0x00EF, 0x00EF, 0x00EF, 0x00EF, 0x00EF, 0x00EF, 0x00EF, 0x00EF, 0x00EF, 0x00EF, 0x00EF,
  0x00EF, 0x00EF, 0x00EF, 0x00EF, 0x00EF, 0x00EF, 0x00EF, 0x00EF, 0x00EF, 0x00EF, 0x00EF, 0x00EF,
  0x00EF, 0x00EF, 0x00EF, 0x00EF, 0x00EF, 0x00EF, 0x00EF, 0x00EF, 0x00EF, 0x00EF, 0x00EF, 0x00EF,
  0x00EF, 0x00EF, 0x00EF, 0x00EF, 0x00EF, 0x00EF, 0x00EF, 0x00EF, 0x00EF, 0x00EF, 0x00EF, 0x00EF,
  0x00EF, 0x00EF, 0x00EF, 0x00EF, 0x00EF, 0x00EF, 0x00EF, 0x00EF, 0x00EF, 0x00EF, 0x00EF, 0x00EF,
  0x00EF, 0x00EF, 0x00EF, 0x00EF, 0x00EF, 0x00EF, 0x00EF, 0x00EF, 0x00EF, 0x00EF, 0x00EF, 0x00EF,
  0x00EF, 0x00EF, 0x00EF, 0x00EF, 0x00EF, 0x00EF, 0x00EF, 0x00EF, 0x00EF, 0x00EF, 0x00EF, 0x00EF,
  0x00EF, 0x00EF, 0x00EF, 0x00EF, 0x00EF, 0x00EF, 0x00EF, 0x00EF, 0x00EF, 0x00EF, 0x00EF, 0x00EF,
  0x00EF, 0x00EF, 0x00EF, 0x00EF, 0x00EF, 0x00EF, 0x010F, 0x03B7, 0x05DF, 0x05BE, 0x01D1, 0x00EF,
  0x00EF, 0x01D2, 0x057D, 0x05FF, 0x05FF, 0x05DF, 0x03F9, 0x0253, 0x03B8, 0x05FF, 0x05DF, 0x05DF,
  0x05DF, 0x05DF, 0x05FF, 0x05FF, 0x05DF, 0x05DF, 0x05DF, 0x051C, 0x02F5, 0x00EF, 0x00EF, 0x010F,
  0xAD55, 0xAD55, 0xAD55, 0x0493, 0x0454, 0x0474, 0x0474, 0x0494, 0x0474, 0x0474, 0x0474, 0x0454,
  0x0494, 0x04D4, 0x8514, 0xAD55, 0x9514, 0x0432, 0x0473, 0x04F4, 0x6514, 0x9534, 0xAD55, 0xAD55,
  0xAD55, 0xAD35, 0xAD35, 0xAD35, 0xAD55, 0xAD55, 0xAD55, 0xA514, 0x5412, 0x5D34, 0x6D55, 0x6D55,
  0x6D55, 0x7555, 0x8555, 0x2ACB, 0x0000, 0x624A, 0x6B0C, 0x5B2D, 0x63CF, 0x7410, 0x9CF3, 0xAD55,
  0xAD55, 0xAD55, 0xAD55, 0xAD55, 0xAD55, 0xAD55, 0xAD55, 0xAD35, 0xAD55, 0xAD55, 0xAD55, 0xAD55,
  0xAD55, 0xAD55, 0xAD55, 0xAD55, 0xAD55, 0xAD55, 0xAD55, 0xAD55, 0xAD55, 0xAD55, 0xAD55, 0xAD55,
  0xAD55, 0xAD55, 0xAD55, 0xAD55, 0xAD55, 0xAD55, 0xAD55, 0xAD55, 0xAD55, 0xAD55, 0xAD55, 0xAD55,
  0xAD55, 0xAD55, 0xAD55, 0xAD55, 0xAD55, 0xAD35, 0xAD55, 0xAD55, 0x8534, 0x02D0, 0x000C, 0x0291,
  0x0555, 0x5D54, 0x9D35, 0xAD35, 0xAD35, 0xA535, 0xAD35, 0xAD35, 0xAD35, 0xAD35, 0xAD35, 0xAD35,
  0xAD35, 0xAD35, 0xA535, 0xA535, 0xAD35, 0xAD35, 0xAD35, 0xAD35, 0xAD35, 0xAD35, 0xAD35, 0x7514,
  0x2D34, 0x3D34, 0x6D55, 0x8555, 0x8534, 0x5412, 0x7432, 0x4B11, 0x006C, 0x008E, 0x00EF, 0x00EF,
  0x00EF, 0x00EF, 0x00EF, 0x00EF, 0x00EF, 0x00EF, 0x00EF, 0x00EF, 0x00EF, 0x00EF, 0x00EF, 0x00EF,
  0x00EF, 0x00EF, 0x00EF, 0x00EF, 0x00EF, 0x00EF, 0x00EF, 0x00EF, 0x00EF, 0x00EF, 0x00EF, 0x00EF,
  0x00EF, 0x00EF, 0x00EF, 0x00EF, 0x00EF, 0x00EF, 0x00EF, 0x00EF, 0x00EF, 0x00EF, 0x00EF, 0x00EF,
  0x00EF, 0x00EF, 0x00EF, 0x00EF, 0x00EF, 0x00EF, 0x00EF, 0x00EF, 0x00EF, 0x00EF, 0x00EF, 0x00EF,
  0x00EF, 0x00EF, 0x00EF, 0x00EF, 0x00EF, 0x00EF, 0x00EF, 0x00EF, 0x00EF, 0x00EF, 0x00EF, 0x00EF,
  0x00EF, 0x00EF, 0x00EF, 0x00EF, 0x00EF, 0x00EF, 0x00EF, 0x00EF, 0x00EF, 0x00EF, 0x00EF, 0x00EF,
  0x00EF, 0x00EF, 0x00EF, 0x00EF, 0x00EF, 0x00EF, 0x00EF, 0x00EF, 0x00EF, 0x00EF, 0x00EF, 0x00EF,
  0x00EF, 0x00EF, 0x00EF, 0x00EF, 0x00EF, 0x00EF, 0x00EF, 0x00EF, 0x00EF, 0x00EF, 0x00EF, 0x00EF,
  0x00EF, 0x00EF, 0x00EF, 0x00EF, 0x00EF, 0x00EF, 0x00EF, 0x00EF, 0x00EF, 0x00EF, 0x00EF, 0x00EF,
  0x00EF, 0x00EF, 0x00EF, 0x00EF, 0x00EF, 0x00EF, 0x00EF, 0x00EF, 0x00EF, 0x00EF, 0x00EF, 0x00EF,
  0x00EF, 0x00EF, 0x00EF, 0x00EF, 0x00EF, 0x00EF, 0x00EF, 0x00EF, 0x00EF, 0x00EF, 0x00EF, 0x00EF,
  0x00EF, 0x00EF, 0x00EF, 0x00EF, 0x00EF, 0x00EF, 0x00EF, 0x00EF, 0x00EF, 0x00EF, 0x00EF, 0x00EF,
  0x00EF, 0x00EF, 0x00EF, 0x00EF, 0x00EF, 0x00EF, 0x00EF, 0x00EF, 0x00EF, 0x00EF, 0x00EF, 0x00EF,
  0x00EF, 0x00EF, 0x0213, 0x053D, 0x05FF, 0x0336, 0x00EF, 0x00EF, 0x00EF, 0x0439, 0x05DF, 0x05DF,
  0x05DF, 0x05DF, 0x05FF, 0x059E, 0x0419, 0x0150, 0x04BB, 0x05FF, 0x05DF, 0x05DF, 0x05DF, 0x05FF,
  0x05DF, 0x04FC, 0x0397, 0x01B1, 0x00EF, 0x00EF, 0x00EF, 0x00EF, 0xAD55, 0xAD54, 0xAD55, 0x54D4,
  0x0453, 0x0474, 0x0494, 0x0494, 0x0474, 0x0474, 0x0474, 0x0475, 0x0475, 0x0454, 0x0474, 0x04B4,
  0x9534, 0x9D34, 0x0453, 0x0454, 0x0474, 0x0474, 0x04B4, 0x44F4, 0x9D54, 0xAD55, 0xAD55, 0xAD35,
  0xAD55, 0xAD55, 0xAD55, 0x7432, 0x3411, 0x7555, 0x6555, 0x6555, 0x6D55, 0x6D55, 0x7555, 0x9D55,
  0x3A08, 0x8BF0, 0xAD55, 0x9CD3, 0x7C10, 0x4AEC, 0x4A8B, 0x52EC, 0x632D, 0x6B8E, 0x8410, 0x8C71,
  0x9CD3, 0xAD55, 0xAD55, 0xAD55, 0xAD55, 0xAD55, 0xAD55, 0xAD55, 0xAD55, 0xAD55, 0xAD55, 0xAD55,
  0xAD55, 0xAD55, 0xAD55, 0xAD55, 0xAD55, 0xAD55, 0xAD55, 0xAD55, 0xAD55, 0xAD55, 0xAD55, 0xAD55,
  0xAD55, 0xAD55, 0xAD55, 0xAD55, 0xAD55, 0xAD55, 0xAD55, 0xAD55, 0xAD55, 0xAD55, 0xAD55, 0xAD55,
  0xAD55, 0xAD55, 0xAD34, 0xA555, 0xAD55, 0x4B51, 0x000B, 0x0291, 0x0555, 0x0554, 0x0534, 0x7D34,
  0xAD55, 0xAD35, 0xAD35, 0xAD35, 0xAD35, 0xAD35, 0xAD35, 0xAD35, 0xAD35, 0xAD55, 0xAD35, 0xAD35,
  0xAD35, 0xAD35, 0xAD35, 0x9534, 0x7534, 0x5534, 0x0534, 0x0534, 0x0554, 0x0554, 0x0555, 0x0350,
  0x0555, 0x0351, 0x000C, 0x002E, 0x00AF, 0x00EF, 0x00EF, 0x00EF, 0x00EF, 0x00EF, 0x00EF, 0x00EF,
  0x00EF, 0x00EF, 0x00EF, 0x00EF, 0x00EF, 0x00EF, 0x00EF, 0x00EF, 0x00EF, 0x00EF, 0x00EF, 0x00EF,
  0x00EF, 0x00EF, 0x00EF, 0x00EF, 0x00EF, 0x00EF, 0x00EF, 0x00EF, 0x00EF, 0x00EF, 0x00EF, 0x00EF,
  0x00EF, 0x00EF, 0x00EF, 0x00EF, 0x00EF, 0x00EF, 0x00EF, 0x00EF, 0x00EF, 0x00EF, 0x00EF, 0x00EF,
  0x00EF, 0x00EF, 0x00EF, 0x00EF, 0x00EF, 0x00EF, 0x00EF, 0x00EF, 0x00EF, 0x00EF, 0x00EF, 0x00EF,
  0x00EF, 0x00EF, 0x00EF, 0x00EF, 0x00EF, 0x00EF, 0x00EF, 0x00EF, 0x00EF, 0x00EF, 0x00EF, 0x00EF,
  0x00EF, 0x00EF, 0x00EF, 0x00EF, 0x00EF, 0x00EF, 0x00EF, 0x00EF, 0x00EF, 0x00EF, 0x00EF, 0x00EF,
  0x00EF, 0x00EF, 0x00EF, 0x00EF, 0x00EF, 0x00EF, 0x00EF, 0x00EF, 0x00EF, 0x00EF, 0x00EF, 0x00EF,
  0x00EF, 0x00EF, 0x00EF, 0x00EF, 0x00EF, 0x00EF, 0x00EF, 0x00EF, 0x00EF, 0x00EF, 0x00EF, 0x00EF,
  0x00EF, 0x00EF, 0x00EF, 0x00EF, 0x00EF, 0x00EF, 0x00EF, 0x00CF, 0x00CF, 0x00EF, 0x00EF, 0x00EF,
  0x00EF, 0x00EF, 0x00EF, 0x00EF, 0x00EF, 0x00EF, 0x00EF, 0x00EF, 0x00EF, 0x00EF, 0x00EF, 0x00EF,
  0x00EF, 0x00EF, 0x00EF, 0x00EF, 0x00EF, 0x00EF, 0x00EF, 0x00EF, 0x00EF, 0x00EF, 0x00EF, 0x00EF,
  0x00EF, 0x00EF, 0x00EF, 0x00EF, 0x00EF, 0x00EF, 0x00EF, 0x00CF, 0x00CF, 0x00CF, 0x00CF, 0x00CF,
  0x00EF, 0x00EF, 0x00EF, 0x00EF, 0x00EF, 0x00EF, 0x00EF, 0x00EF, 0x00EF, 0x010F, 0x0419, 0x05FF,
  0x051C, 0x0150, 0x00EF, 0x00EF, 0x0294, 0x05BF, 0x05FF, 0x05DF, 0x05DF, 0x05DF, 0x05DF, 0x05DF,
  0x05FF, 0x059E, 0x0357, 0x01B1, 0x05DF, 0x05FF, 0x05DF, 0x05DF, 0x03D8, 0x0130, 0x00EF, 0x00EF,
  0x00EF, 0x00EF, 0x00EF, 0x00EF, 0xAD55, 0xAD54, 0xAD55, 0x6CF4, 0x0454, 0x0494, 0x0494, 0x0474,
  0x0474, 0x0474, 0x0474, 0x0474, 0x0474, 0x0474, 0x0474, 0x0454, 0x0474, 0x0514, 0x04D4, 0x0474,
  0x0475, 0x0475, 0x0454, 0x0454, 0x0494, 0x34F4, 0x9534, 0xAD54, 0xAD55, 0xAD55, 0xAD55, 0x5390,
  0x4493, 0x7555, 0x6D55, 0x6D54, 0x6D55, 0x6D55, 0x6D55, 0x8555, 0x7D14, 0x63AE, 0x9492, 0xAD55,
  0xAD55, 0xAD55, 0xA514, 0x8C71, 0x8430, 0x7BEF, 0x83EF, 0x738E, 0x5B0C, 0x4249, 0x52AB, 0xA534,
  0xAD55, 0xAD55, 0xAD55, 0xAD55, 0xAD55, 0xAD55, 0xAD55, 0xAD55, 0xAD55, 0xAD55, 0xAD55, 0xAD55,
  0xAD55, 0xAD55, 0xAD55, 0xAD55, 0xAD55, 0xAD55, 0xAD55, 0xAD55, 0xAD55, 0xAD55, 0xAD55, 0xAD55,
  0xAD55, 0xAD55, 0xAD55, 0xAD55, 0xAD55, 0xAD55, 0xAD55, 0xAD55, 0xAD55, 0xAD55, 0xA534, 0xAD35,
  0xAD55, 0x5B30, 0x000B, 0x01CF, 0x0473, 0x0555, 0x0554, 0x0534, 0x4D34, 0x9D34, 0xAD35, 0xAD35,
  0xAD35, 0xAD35, 0xAD35, 0xAD35, 0xAD35, 0xAD35, 0x9D34, 0x9534, 0x8534, 0x6534, 0x1D34, 0x0534,
  0x0534, 0x0534, 0x0554, 0x0554, 0x0555, 0x0555, 0x03B1, 0x002C, 0x03F3, 0x026F, 0x002E, 0x00CF,
  0x00EF, 0x00CF, 0x00CF, 0x00CF, 0x00CF, 0x00CF, 0x00CF, 0x00EF, 0x00EF, 0x00EF, 0x00EF, 0x00EF,
  0x00EF, 0x00EF, 0x00EF, 0x00EF, 0x00EF, 0x00CF, 0x00CF, 0x00EF, 0x00CF, 0x00CF, 0x00CF, 0x00CF,
  0x00CF, 0x00CF, 0x00CF, 0x00CF, 0x00CF, 0x00CF, 0x00CF, 0x00CF, 0x00CF, 0x00CF, 0x00CF, 0x00CF,
  0x00CF, 0x00CF, 0x00CF, 0x00EF, 0x00EF, 0x00EF, 0x00CF, 0x00CF, 0x00CF, 0x00CF, 0x00CF, 0x00CF,
  0x00CF, 0x00CF, 0x00CF, 0x00CF, 0x00CF, 0x00CF, 0x00CF, 0x00CF, 0x00EF, 0x00EF, 0x00EF, 0x00EF,
  0x00EF, 0x00EF, 0x00EF, 0x00EF, 0x00EF, 0x00EF, 0x00EF, 0x00EF, 0x00EF, 0x00EF, 0x00EF, 0x00EF,
  0x00EF, 0x00EF, 0x00EF, 0x00EF, 0x00EF, 0x00EF, 0x00EF, 0x00EF, 0x00EF, 0x00EF, 0x00EF, 0x00EF,
  0x00EF, 0x00EF, 0x00EF, 0x00EF, 0x00EF, 0x00EF, 0x00EF, 0x00EF, 0x00EF, 0x00EF, 0x00EF, 0x00CF,
  0x00CF, 0x00CF, 0x00CF, 0x00CF, 0x00CF, 0x00CF, 0x00CF, 0x00CF, 0x00CF, 0x00CF, 0x00EF, 0x00EF,
  0x00EF, 0x00CF, 0x00CF, 0x00CF, 0x00CF, 0x00CF, 0x00CF, 0x00CF, 0x00CF, 0x00CF, 0x00CF, 0x00CF,
  0x00CF, 0x00CF, 0x00CF, 0x00CF, 0x00CF, 0x00CF, 0x00CF, 0x00CF, 0x00CF, 0x00CF, 0x00CF, 0x00CF,
  0x00CF, 0x00CF, 0x00CF, 0x00CF, 0x00CF, 0x00CF, 0x00CF, 0x00CF, 0x00CF, 0x00CF, 0x00CF, 0x00CF,
  0x00CF, 0x00CF, 0x00CF, 0x00CF, 0x00CF, 0x00CF, 0x00CF, 0x00CF, 0x00CF, 0x00CF, 0x00CF, 0x00CF,
  0x00CF, 0x00CF, 0x00CF, 0x00CF, 0x00CF, 0x02B5, 0x059E, 0x05FF, 0x02B4, 0x00EF, 0x00CF, 0x012F,
  0x04FC, 0x05DF, 0x05DF, 0x05DF, 0x05DF, 0x05DF, 0x05DF, 0x05DF, 0x05DF, 0x05DF, 0x05FF, 0x057D,
  0x0213, 0x02D5, 0x05FF, 0x05DF, 0x05BF, 0x01B1, 0x00CF, 0x00CF, 0x00CF, 0x00CF, 0x00CF, 0x00CF,
  0xA555, 0xAD55, 0xAD55, 0x8D14, 0x0474, 0x0475, 0x0474, 0x0474, 0x0474, 0x0474, 0x0474, 0x0474,
  0x0474, 0x0474, 0x0474, 0x0474, 0x0474, 0x0474, 0x0474, 0x0494, 0x0474, 0x0474, 0x0474, 0x0474,
  0x0455, 0x0454, 0x0474, 0x04B4, 0x8514, 0xAD55, 0xACF3, 0x4BD1, 0x6555, 0x6D55, 0x6D55, 0x6D34,
  0x6D55, 0x7554, 0x7D35, 0x7D34, 0x8555, 0x74B2, 0x63CF, 0x5B8E, 0x8431, 0x9CD3, 0x9CF4, 0xA514,
  0x9D14, 0x9D14, 0x9514, 0x8CF3, 0x8492, 0x7C10, 0x8410, 0xA534, 0xAD55, 0xAD55, 0xAD55, 0xAD55,
  0xAD55, 0xAD55, 0xAD55, 0xAD55, 0xAD55, 0xAD55, 0xAD55, 0xAD55, 0xAD55, 0xAD55, 0xAD55, 0xAD55,
  0xAD55, 0xAD55, 0xAD55, 0xAD55, 0xAD55, 0xAD55, 0xAD55, 0xAD55, 0xAD55, 0xAD55, 0xAD55, 0xAD55,
  0xAD55, 0xAD55, 0xAD55, 0xAD55, 0xAD55, 0xAD55, 0xA555, 0xAD35, 0xAD55, 0x73F2, 0x000C, 0x1AB2,
  0x5452, 0x03F2, 0x0555, 0x0554, 0x0534, 0x0534, 0x5534, 0xA555, 0xAD55, 0xA535, 0x8D34, 0x7534,
  0x4534, 0x0534, 0x0534, 0x0534, 0x0534, 0x0534, 0x0534, 0x0534, 0x0554, 0x0554, 0x0554, 0x0554,
  0x0555, 0x0473, 0x006B, 0x006E, 0x012F, 0x010E, 0x00CF, 0x00EF, 0x00EF, 0x00CF, 0x00CF, 0x00CF,
  0x00CF, 0x00CF, 0x00EF, 0x00EF, 0x00EF, 0x00EF, 0x00EF, 0x00EF, 0x00EF, 0x00EF, 0x00EF, 0x00EF,
  0x00CF, 0x00CF, 0x00CF, 0x00CF, 0x00CF, 0x00CF, 0x00CF, 0x00CF, 0x00CF, 0x00CF, 0x00CF, 0x00CF,
  0x00CF, 0x00CF, 0x00CF, 0x00CF, 0x00CF, 0x00CF, 0x00CF, 0x00CF, 0x00CF, 0x00CF, 0x00CF, 0x00CF,
  0x00CF, 0x00CF, 0x00CF, 0x00CF, 0x00CF, 0x00CF, 0x00CF, 0x00CF, 0x00CF, 0x00CF, 0x00CF, 0x00CF,
  0x00CF, 0x00CF, 0x00CF, 0x00CF, 0x00EF, 0x00EF, 0x00EF, 0x00EF, 0x00EF, 0x00EF, 0x00EF, 0x00EF,
  0x00EF, 0x00EF, 0x00EF, 0x00EF, 0x00EF, 0x00EF, 0x00EF, 0x00EF, 0x00EF, 0x00EF, 0x00EF, 0x00EF,
  0x00EF, 0x00EF, 0x00EF, 0x00EF, 0x00EF, 0x00EF, 0x00EF, 0x00EF, 0x00EF, 0x00EF, 0x00EF, 0x00EF,
  0x00EF, 0x00EF, 0x00EF, 0x00EF, 0x00EF, 0x00EF, 0x00EF, 0x00CF, 0x00CF, 0x00CF, 0x00CF, 0x00CF,
  0x00CF, 0x00CF, 0x00CF, 0x00CF, 0x00CF, 0x00CF, 0x00CF, 0x00CF, 0x00CF, 0x00CF, 0x00CF, 0x00CF,
  0x00CF, 0x00CF, 0x00CF, 0x00CF, 0x00CF, 0x00CF, 0x00CF, 0x00CF, 0x00CF, 0x00CF, 0x00CF, 0x00CF,
  0x00CF, 0x00CF, 0x00CF, 0x00CF, 0x00CF, 0x00CF, 0x00CF, 0x00CF, 0x00CF, 0x00CF, 0x00CF, 0x00CF,
  0x00CF, 0x00CF, 0x00CF, 0x00CF, 0x00CF, 0x00CF, 0x00CF, 0x00CF, 0x00CF, 0x00CF, 0x00CF, 0x00CF,
  0x00CF, 0x00CF, 0x00CF, 0x00CF, 0x00CF, 0x00CF, 0x00CF, 0x00CF, 0x00CF, 0x00CF, 0x00CF, 0x00CF,
  0x0191, 0x049B, 0x05FF, 0x047A, 0x00EF, 0x00CF, 0x00CF, 0x0336, 0x05BF, 0x05FF, 0x05DF, 0x05DF,
  0x05DF, 0x05DF, 0x05DF, 0x05DF, 0x05DF, 0x05DF, 0x05DF, 0x05FF, 0x05BF, 0x049B, 0x01B1, 0x049B,
  0x05FF, 0x05BF, 0x02F5, 0x00CF, 0x00CF, 0x00CF, 0x00CF, 0x00CF, 0xA555, 0x8D14, 0x6CF4, 0xA555,
  0x0493, 0x0454, 0x0474, 0x0474, 0x0474, 0x0474, 0x0474, 0x0474, 0x0474, 0x0474, 0x0474, 0x0474,
  0x0474, 0x0474, 0x0474, 0x0474, 0x0474, 0x0474, 0x0474, 0x0474, 0x0474, 0x0474, 0x0474, 0x0454,
  0x0473, 0x04F4, 0x4473, 0x5452, 0x7D55, 0x6D55, 0x6D55, 0x6D34, 0x6D34, 0x7554, 0x7D55, 0x7D35,
  0x7554, 0x8555, 0x8555, 0x6492, 0x5C30, 0x7472, 0x7492, 0x7492, 0x7471, 0x7492, 0x84D3, 0x9514,
  0xA555, 0xAD55, 0xAD55, 0xAD35, 0xAD55, 0xAD55, 0xAD55, 0xAD55, 0xAD55, 0xAD55, 0xAD55, 0xAD55,
  0xAD55, 0xAD55, 0xAD55, 0xAD55, 0xAD55, 0xAD55, 0xAD55, 0xAD55, 0xAD55, 0xAD55, 0xAD55, 0xAD55,
  0xAD55, 0xAD55, 0xAD55, 0xAD55, 0xAD55, 0xAD55, 0xAD55, 0xAD55, 0xAD55, 0xAD55, 0xAD55, 0xAD55,
  0xAD55, 0xAD55, 0xAD55, 0xAD35, 0xAD55, 0x94D4, 0x002D, 0x01B0, 0xA555, 0x4B90, 0x0473, 0x0555,
  0x0555, 0x0554, 0x0534, 0x1D34, 0x5534, 0x0534, 0x0534, 0x0534, 0x0534, 0x0554, 0x0554, 0x0555,
  0x0554, 0x0554, 0x0555, 0x0554, 0x0534, 0x0534, 0x0554, 0x0554, 0x0555, 0x028F, 0x000C, 0x00EF,
  0x008E, 0x00AF, 0x00EF, 0x00CF, 0x00EF, 0x00CF, 0x00CF, 0x00EF, 0x00EF, 0x00EF, 0x00EF, 0x00EF,
  0x00EF, 0x00CF, 0x00CF, 0x00CF, 0x00CF, 0x00CF, 0x00CF, 0x00CF, 0x00CF, 0x00CF, 0x00CF, 0x00CF,
  0x00CF, 0x00CF, 0x00CF, 0x00CF, 0x00CF, 0x00CF, 0x00CF, 0x00CF, 0x00CF, 0x00CF, 0x00CF, 0x00CF,
  0x00CF, 0x00CF, 0x00CF, 0x00CE, 0x00CF, 0x00CF, 0x00CE, 0x00CE, 0x00CE, 0x00CE, 0x00CE, 0x00CE,
  0x00CE, 0x00CE, 0x00CE, 0x00CE, 0x00CE, 0x00CE, 0x00CE, 0x00CF, 0x00CF, 0x00CF, 0x00CF, 0x00CF,
  0x00CF, 0x00CF, 0x00CF, 0x00CF, 0x00CF, 0x00CF, 0x00CF, 0x00EF, 0x00EF, 0x00EF, 0x00EF, 0x00EF,
  0x00EF, 0x00EF, 0x00EF, 0x00EF, 0x00EF, 0x00EF, 0x00EF, 0x00EF, 0x00EF, 0x00EF, 0x00EF, 0x00EF,
  0x00EF, 0x00EF, 0x00EF, 0x00EF, 0x00EF, 0x00EF, 0x00EF, 0x00EF, 0x00EF, 0x00EF, 0x00EF, 0x00EF,
  0x00EF, 0x00CF, 0x00CF, 0x00CF, 0x00CF, 0x00CF, 0x00CF, 0x00CF, 0x00CF, 0x00CF, 0x00CF, 0x00CF,
  0x00CF, 0x00CF, 0x00CF, 0x00CF, 0x00CF, 0x00CF, 0x00CF, 0x00CF, 0x00CF, 0x00CF, 0x00CF, 0x00CF,
  0x00CF, 0x00CF, 0x00CF, 0x00CF, 0x00CF, 0x00CF, 0x00CF, 0x00CF, 0x00CF, 0x00CF, 0x00CF, 0x00CF,
  0x00CF, 0x00CF, 0x00CF, 0x00CF, 0x00CF, 0x00CF, 0x00CF, 0x00CF, 0x00CF, 0x00CF, 0x00CF, 0x00CF,
  0x00CF, 0x00CF, 0x00CF, 0x00CF, 0x00CF, 0x00CF, 0x00CF, 0x00CF, 0x00CF, 0x00CF, 0x00CF, 0x00CF,
  0x00CF, 0x00CF, 0x00CF, 0x00CF, 0x00CF, 0x00CF, 0x00CF, 0x00CF, 0x0356, 0x05BF, 0x05BE, 0x01D2,
  0x00CF, 0x00CF, 0x0170, 0x057D, 0x05FF, 0x05DF, 0x05DF, 0x05DF, 0x05DF, 0x05DF, 0x05DF, 0x05DF,
  0x05DF, 0x05DF, 0x05DF, 0x05DF, 0x05DF, 0x05FF, 0x057D, 0x0336, 0x02D5, 0x05BE, 0x05FF, 0x0294,
  0x00CF, 0x00CF, 0x00CF, 0x00CF, 0xAD35, 0x9D34, 0x24B2, 0x04B2, 0x04B4, 0x0474, 0x0494, 0x0494,
  0x0494, 0x0494, 0x0474, 0x0474, 0x0474, 0x0494, 0x0474, 0x0474, 0x0474, 0x0474, 0x0474, 0x0474,
  0x0474, 0x0474, 0x0474, 0x0474, 0x0474, 0x0474, 0x0474, 0x0494, 0x0474, 0x0475, 0x03D2, 0x5CD4,
  0x7D55, 0x6D55, 0x6D55, 0x6D55, 0x7534, 0x7555, 0x8555, 0x8D55, 0x8D34, 0x7D34, 0x7D55, 0x8555,
  0x8D55, 0x8D55, 0x9555, 0x9D55, 0xA555, 0xAD55, 0xAD55, 0xAD55, 0xAD35, 0xAD34, 0xAD35, 0xAD35,
  0xAD55, 0xAD55, 0xAD55, 0xAD55, 0xAD55, 0xAD55, 0xAD55, 0xAD55, 0xAD55, 0xAD55, 0xAD55, 0xAD55,
  0xAD55, 0xAD55, 0xAD55, 0xAD55, 0xAD55, 0xAD55, 0xAD55, 0xAD55, 0xAD55, 0xAD55, 0xAD55, 0xAD55,
  0xAD55, 0xAD55, 0xAD55, 0xAD55, 0xAD55, 0xAD55, 0xAD55, 0xAD55, 0xAD55, 0xAD55, 0xAD55, 0xAD35,
  0xAD55, 0xAD55, 0x01AF, 0x000D, 0x9CF4, 0xAD34, 0x2350, 0x04F4, 0x0555, 0x0554, 0x0554, 0x0534,
  0x0534, 0x0534, 0x0555, 0x0555, 0x0554, 0x0554, 0x0554, 0x0554, 0x0554, 0x0555, 0x0534, 0x0555,
  0x0555, 0x0555, 0x0554, 0x0555, 0x04D4, 0x00CD, 0x008F, 0x00CF, 0x00CF, 0x00CF, 0x00CF, 0x00CF,
  0x00CF, 0x00CF, 0x00CF, 0x00CF, 0x00CF, 0x00CF, 0x00CF, 0x00CF, 0x00CF, 0x00CF, 0x00CF, 0x00CF,
  0x00CF, 0x00CF, 0x00CF, 0x00CF, 0x00CF, 0x00CF, 0x00CF, 0x00CF, 0x00CF, 0x00CF, 0x00CF, 0x00CF,
  0x00CF, 0x00CF, 0x00CF, 0x00CF, 0x00CF, 0x00CF, 0x00CF, 0x00CF, 0x00CF, 0x00CF, 0x00CF, 0x00CF,
  0x00CF, 0x00CF, 0x00CF, 0x00CF, 0x00CF, 0x00CF, 0x00CF, 0x00CF, 0x00CF, 0x00CF, 0x00CF, 0x00CF,
  0x00CF, 0x00CF, 0x00CF, 0x00CF, 0x00CF, 0x00CF, 0x00CF, 0x00CF, 0x00CF, 0x00CF, 0x00CF, 0x00CF,
  0x00CF, 0x00CF, 0x00CF, 0x00CF, 0x00CF, 0x00CF, 0x00CF, 0x00CF, 0x00CF, 0x00EF, 0x00CF, 0x00CF,
  0x00CF, 0x00CF, 0x00CF, 0x00CF, 0x00CF, 0x00CF, 0x00CF, 0x00CF, 0x00CF, 0x00CF, 0x00CF, 0x00CF,
  0x00CF, 0x00CF, 0x00CF, 0x00CF, 0x00CF, 0x00CF, 0x00CF, 0x00CF, 0x00CF, 0x00CF, 0x00CF, 0x00CF,
  0x00CF, 0x00CF, 0x00CF, 0x00CF, 0x00CF, 0x00CF, 0x00CF, 0x00CF, 0x00CF, 0x00CF, 0x00CF, 0x00CF,
  0x00CF, 0x00CF, 0x00CF, 0x00CF, 0x00CF, 0x00CF, 0x00CF, 0x00CF, 0x00CE, 0x00CE, 0x00CE, 0x00CE,
  0x00CE, 0x00CE, 0x00CE, 0x00CE, 0x00CE, 0x00CE, 0x00CE, 0x00CE, 0x00CE, 0x00CE, 0x00CE, 0x00CF,
  0x00CF, 0x00CF, 0x00CE, 0x00CE, 0x00CE, 0x00CE, 0x00CF, 0x00CF, 0x00CF, 0x00CF, 0x00CF, 0x00CF,
  0x00CF, 0x00CF, 0x00CF, 0x00CF, 0x00CF, 0x00CF, 0x00CF, 0x00CF, 0x00CF, 0x00CF, 0x00CF, 0x00CF,
  0x00CF, 0x00CF, 0x00CF, 0x0150, 0x04FC, 0x05FF, 0x03B8, 0x00EF, 0x00CF, 0x00CF, 0x0419, 0x05DF,
  0x05DF, 0x05DF, 0x05DF, 0x05DF, 0x05DF, 0x05DF, 0x05DF, 0x05DF, 0x05DF, 0x05DF, 0x05DF, 0x05DF,
  0x05DF, 0x05DF, 0x05DF, 0x05FF, 0x047A, 0x0274, 0x055D, 0x05BE, 0x00EF, 0x00CF, 0x00CF, 0x00CF,
  0xAD35, 0xAD55, 0xAD55, 0x0472, 0x0453, 0x0495, 0x0474, 0x0494, 0x0494, 0x0494, 0x0474, 0x0474,
  0x0474, 0x0494, 0x0494, 0x0474, 0x0474, 0x0474, 0x0474, 0x0474, 0x0474, 0x0474, 0x0494, 0x0494,
  0x0474, 0x0474, 0x0474, 0x0474, 0x0494, 0x0474, 0x0413, 0x6514, 0x7D55, 0x7555, 0x6D55, 0x7555,
  0x7D34, 0x7514, 0x74D3, 0x9D55, 0xA555, 0x9D35, 0x9534, 0x9555, 0x9D55, 0xA555, 0xA555, 0xAD35,
  0xAD34, 0xAD34, 0xAD34, 0xAD34, 0xA534, 0xA534, 0xAD35, 0xAD35, 0xAD55, 0xAD55, 0xAD55, 0xAD55,
  0xAD55, 0xAD55, 0xAD55, 0xAD55, 0xAD55, 0xAD55, 0xAD55, 0xAD55, 0xAD55, 0xAD55, 0xAD55, 0xAD55,
  0xAD55, 0xAD55, 0xAD55, 0xAD55, 0xAD55, 0xAD55, 0xAD55, 0xAD55, 0xAD55, 0xAD55, 0xAD55, 0xAD55,
  0xAD55, 0xAD55, 0xAD55, 0xAD55, 0xAD55, 0xAD55, 0xAD55, 0xAD35, 0xAD35, 0xAD55, 0x42D0, 0x000C,
  0x63D3, 0xAD55, 0x8452, 0x0370, 0x0534, 0x0555, 0x0554, 0x0534, 0x0534, 0x0534, 0x0554, 0x0555,
  0x0554, 0x0554, 0x0554, 0x0554, 0x0534, 0x0555, 0x04B3, 0x0350, 0x04B4, 0x0555, 0x0555, 0x0555,
  0x02AF, 0x000C, 0x00D0, 0x00CF, 0x00CF, 0x00CF, 0x00CF, 0x00CF, 0x00CF, 0x00CF, 0x00CF, 0x00CF,
  0x00CF, 0x00CF, 0x00CF, 0x00CE, 0x00CE, 0x00CF, 0x00CF, 0x00CF, 0x00CF, 0x00CF, 0x00CF, 0x00CF,
  0x00CF, 0x00CF, 0x00CF, 0x00CF, 0x00CF, 0x00CF, 0x00CF, 0x00CF, 0x00CF, 0x00CF, 0x00CF, 0x00CF,
  0x00CF, 0x00CF, 0x00CF, 0x00CF, 0x00CF, 0x00CF, 0x00CF, 0x00CF, 0x00CF, 0x00CF, 0x00CF, 0x00CF,
  0x00CF, 0x00CF, 0x00CF, 0x00CF, 0x00CF, 0x00CF, 0x00CF, 0x00CF, 0x00CF, 0x00CF, 0x00CF, 0x00CF,
  0x00CF, 0x00CF, 0x00CF, 0x00CF, 0x00CF, 0x00CF, 0x00CF, 0x00CF, 0x00CF, 0x00CF, 0x00CF, 0x00CF,
  0x00CF, 0x00CF, 0x00CF, 0x00CF, 0x00CF, 0x00CF, 0x00CF, 0x00CF, 0x00CF, 0x00CF, 0x00CF, 0x00CF,
  0x00CF, 0x00CF, 0x00CF, 0x00CF, 0x00CF, 0x00CF, 0x00CF, 0x00CF, 0x00CF, 0x00CF, 0x00CF, 0x00CF,
  0x00CF, 0x00CF, 0x00CF, 0x00CF, 0x00CF, 0x00CF, 0x00CF, 0x00CF, 0x00CF, 0x00CF, 0x00CF, 0x00CF,
  0x00CF, 0x00CF, 0x00CF, 0x00CF, 0x00CF, 0x00CF, 0x00CF, 0x00CF, 0x00CF, 0x00CF, 0x00CE, 0x00CF,
  0x00CF, 0x00CF, 0x00CF, 0x00CF, 0x00CE, 0x00CE, 0x00CE, 0x00CE, 0x00CE, 0x00CE, 0x00CE, 0x00CE,
  0x00CE, 0x00CE, 0x00CE, 0x00CE, 0x00CE, 0x00CE, 0x00CE, 0x00CF, 0x00CF, 0x00CF, 0x00CF, 0x00CF,
  0x00CF, 0x00CF, 0x00CF, 0x00CF, 0x00CF, 0x00CF, 0x00CF, 0x00CF, 0x00CF, 0x00CF, 0x00CF, 0x00CF,
  0x00CF, 0x00CF, 0x00CF, 0x00CF, 0x00CF, 0x00CF, 0x00CF, 0x00CF, 0x00CF, 0x00CF, 0x00CF, 0x0150,
  0x05DF, 0x05BE, 0x0170, 0x00CF, 0x00CF, 0x0253, 0x059E, 0x05FF, 0x05DF, 0x05DF, 0x05DF, 0x05DF,
  0x05DF, 0x05DF, 0x05DF, 0x05DF, 0x05DF, 0x05DF, 0x05DF, 0x05DF, 0x05DF, 0x05DF, 0x05DF, 0x05DF,
  0x05FF, 0x05BF, 0x0191, 0x049B, 0x0191, 0x00CF, 0x00CF, 0x00CF, 0xAD55, 0xAD35, 0xAD55, 0x9535,
  0x0473, 0x0474, 0x0474, 0x0474, 0x0494, 0x0494, 0x0474, 0x0474, 0x0494, 0x0494, 0x0495, 0x0494,
  0x0474, 0x0474, 0x0474, 0x0474, 0x0474, 0x0474, 0x0494, 0x0494, 0x0494, 0x0494, 0x0494, 0x0494,
  0x0494, 0x0474, 0x0454, 0x7534, 0x7554, 0x7554, 0x7555, 0x7535, 0x7555, 0x6D14, 0x5C31, 0x8D34,
  0x9D55, 0xA555, 0xAD35, 0xAD35, 0xAD55, 0xAD55, 0xAD55, 0xAD55, 0xAD55, 0xAD55, 0xAD55, 0xAD55,
  0xAD55, 0xAD55, 0xAD55, 0xAD55, 0xAD55, 0xAD55, 0xAD55, 0xAD55, 0xAD55, 0xAD55, 0xAD55, 0xAD55,
  0xAD55, 0xAD55, 0xAD55, 0xAD55, 0xAD55, 0xAD55, 0xAD55, 0xAD55, 0xAD55, 0xAD55, 0xAD55, 0xAD55,
  0xAD55, 0xAD55, 0xAD55, 0xAD55, 0xAD55, 0xAD55, 0xAD55, 0xAD55, 0xAD55, 0xAD55, 0xAD55, 0xAD55,
  0xAD55, 0xAD55, 0xAD55, 0xAD35, 0xAD35, 0xAD55, 0x6BB1, 0x000B, 0x32B1, 0xAD55, 0xAD55, 0x73F1,
  0x03D1, 0x0555, 0x0554, 0x0534, 0x0534, 0x0534, 0x0534, 0x0534, 0x0554, 0x0554, 0x0554, 0x0555,
  0x0555, 0x0555, 0x0514, 0x00EB, 0x006C, 0x0250, 0x02B0, 0x0250, 0x00CD, 0x00AF, 0x00CF, 0x00CF,
  0x00CF, 0x00CF, 0x00CF, 0x00CF, 0x00CF, 0x00CF, 0x00CF, 0x00CF, 0x00CF, 0x00CF, 0x00CF, 0x00CF,
  0x00CF, 0x00CF, 0x00CF, 0x00CF, 0x00CF, 0x00CF, 0x00CF, 0x00CF, 0x00CF, 0x00CF, 0x00CF, 0x00CF,
  0x00CF, 0x00CF, 0x00CF, 0x00CF, 0x00CF, 0x00CF, 0x00CF, 0x00CF, 0x00CE, 0x00CE, 0x00CE, 0x00CF,
  0x00CF, 0x00CF, 0x00CF, 0x00CE, 0x00CE, 0x00CE, 0x00CE, 0x00CE, 0x00CE, 0x00CE, 0x00CF, 0x00CF,
  0x00CF, 0x00CF, 0x00CF, 0x00CF, 0x00CF, 0x00CE, 0x00CE, 0x00CE, 0x00CF, 0x00CF, 0x00CF, 0x00CF,
  0x00CF, 0x00CF, 0x00CF, 0x00CF, 0x00CF, 0x00CF, 0x00CF, 0x00CF, 0x00CF, 0x00CF, 0x00CF, 0x00CF,
  0x00CF, 0x00CF, 0x00CF, 0x00CF, 0x00CF, 0x00CF, 0x00CF, 0x00CF, 0x00CF, 0x00CF, 0x00CF, 0x00CF,
  0x00CF, 0x00CF, 0x00CF, 0x00CF, 0x00CF, 0x00CF, 0x00CF, 0x00CF, 0x00CF, 0x00CF, 0x00CF, 0x00CF,
  0x00CF, 0x00CF, 0x00CF, 0x00CF, 0x00CF, 0x00CF, 0x00CF, 0x00CF, 0x00CF, 0x00CF, 0x00CF, 0x00CF,
  0x00CF, 0x00CF, 0x00CF, 0x00CF, 0x00CF, 0x00CF, 0x00CF, 0x00CF, 0x00CF, 0x00CF, 0x00CF, 0x00CF,
  0x00CF, 0x00CF, 0x00CF, 0x00CF, 0x00CF, 0x00CF, 0x00CF, 0x00CF, 0x00CF, 0x00CF, 0x00CF, 0x00CF,
  0x00CF, 0x00CF, 0x00CF, 0x00CF, 0x00CF, 0x00CF, 0x00CF, 0x00CF, 0x00CF, 0x00CF, 0x00CF, 0x00CF,
  0x00CF, 0x00CF, 0x00CF, 0x00CF, 0x00CF, 0x00CF, 0x00CF, 0x00CF, 0x00CF, 0x00CF, 0x00CF, 0x00CF,
  0x00CF, 0x00CF, 0x00CF, 0x00CF, 0x00CF, 0x00CF, 0x00CF, 0x00CF, 0x059E, 0x05DF, 0x0357, 0x00CF,
  0x00CF, 0x04DB, 0x05DF, 0x05DF, 0x05DF, 0x05DF, 0x05DF, 0x05DF, 0x05DF, 0x05DF, 0x05DF, 0x05DF,
  0x05DF, 0x05DF, 0x05DF, 0x05DF, 0x05DF, 0x05DF, 0x05DF, 0x05DF, 0x05DF, 0x05DF, 0x05FF, 0x0213,
  0x00EF, 0x00CF, 0x00CF, 0x00CF, 0xAD55, 0xAD55, 0xAD35, 0xAD55, 0x5CD4, 0x0453, 0x0495, 0x0475,
  0x0474, 0x0494, 0x0474, 0x0474, 0x0494, 0x0494, 0x0494, 0x0474, 0x0494, 0x0495, 0x0495, 0x0474,
  0x0474, 0x0474, 0x0474, 0x0474, 0x0474, 0x0494, 0x0494, 0x0495, 0x0494, 0x0474, 0x0474, 0x8555,
  0x7554, 0x7554, 0x7555, 0x7555, 0x7555, 0x7555, 0x74D3, 0x8D14, 0x9D55, 0x9D55, 0xAD55, 0xAD35,
  0xAD35, 0xAD55, 0xAD55, 0xAD55, 0xAD55, 0xAD55, 0xAD55, 0xAD55, 0xAD55, 0xAD55, 0xAD55, 0xAD55,
  0xAD55, 0xAD55, 0xAD55, 0xAD55, 0xAD55, 0xAD55, 0xAD55, 0xAD55, 0xAD55, 0xAD55, 0xAD55, 0xAD55,
  0xAD55, 0xAD55, 0xAD55, 0xAD55, 0xAD55, 0xAD55, 0xAD55, 0xAD55, 0xAD55, 0xAD55, 0xAD55, 0xAD55,
  0xAD55, 0xAD55, 0xAD55, 0xAD55, 0xAD55, 0xAD55, 0xAD55, 0xAD55, 0xAD55, 0xAD55, 0xAD55, 0xAD35,
  0xAD35, 0xAD55, 0x8C93, 0x000C, 0x014F, 0xA555, 0xAD55, 0xAD55, 0x43D1, 0x0473, 0x0555, 0x0554,
  0x0554, 0x0534, 0x0534, 0x0534, 0x0534, 0x0554, 0x0554, 0x0514, 0x04F4, 0x0555, 0x0555, 0x02F0,
  0x000B, 0x002E, 0x002D, 0x002D, 0x00AF, 0x00CF, 0x00CF, 0x00CF, 0x00CF, 0x00CF, 0x00CF, 0x00CF,
  0x00CF, 0x00CF, 0x00CF, 0x00CF, 0x00CF, 0x00CF, 0x00CF, 0x00CF, 0x00CF, 0x00CF, 0x00CF, 0x00CF,
  0x00CF, 0x00CF, 0x00CF, 0x00CF, 0x00CF, 0x00CF, 0x00CF, 0x00CF, 0x00CF, 0x00CF, 0x00CF, 0x00CF,
  0x00CF, 0x00CF, 0x00CF, 0x00CF, 0x00CF, 0x00CF, 0x00CF, 0x00CF, 0x00CF, 0x00CF, 0x00CF, 0x00CE,
  0x00CE, 0x00CE, 0x00CE, 0x00CE, 0x00CE, 0x00CE, 0x00CF, 0x00CF, 0x00CF, 0x00CF, 0x00CF, 0x00CF,
  0x00CF, 0x00CE, 0x00CE, 0x00CE, 0x00CF, 0x00CF, 0x00CF, 0x00CF, 0x00CF, 0x00CF, 0x00CF, 0x00CF,
  0x00CF, 0x00CF, 0x00CF, 0x00CF, 0x00CF, 0x00CF, 0x00CF, 0x00CF, 0x00CF, 0x00CF, 0x00CF, 0x00CF,
  0x00CF, 0x00CF, 0x00CF, 0x00CF, 0x00CF, 0x00CF, 0x00CF, 0x00CF, 0x00CF, 0x00CF, 0x00CF, 0x00CF,
  0x00CF, 0x00CF, 0x00CF, 0x00CF, 0x00CF, 0x00CF, 0x00CF, 0x00CF, 0x00CF, 0x00CF, 0x00CF, 0x00CF,
  0x00CF, 0x00CF, 0x00CF, 0x00CF, 0x00CF, 0x00CF, 0x00CF, 0x00CF, 0x00CF, 0x00CF, 0x00CF, 0x00CF,
  0x00CF, 0x00CF, 0x00CF, 0x00CF, 0x00CF, 0x00CF, 0x00CF, 0x00CF, 0x00CF, 0x00CF, 0x00CF, 0x00CF,
  0x00CF, 0x00CF, 0x00CF, 0x00CF, 0x00CF, 0x00CF, 0x00CF, 0x00CF, 0x00CF, 0x00CF, 0x00CF, 0x00CF,
  0x00CF, 0x00CF, 0x00CF, 0x00CF, 0x00CF, 0x00CF, 0x00CF, 0x00CF, 0x00CF, 0x00CF, 0x00CF, 0x00CF,
  0x00CF, 0x00CF, 0x00CF, 0x00CF, 0x00CF, 0x00CF, 0x00CF, 0x00CF, 0x00CF, 0x00CF, 0x00CF, 0x00CF,
  0x00CF, 0x00CF, 0x00CF, 0x00CF, 0x01D2, 0x05FF, 0x05FF, 0x049B, 0x0357, 0x05DF, 0x05FF, 0x05DF,
  0x05DF, 0x05DF, 0x05DF, 0x05DF, 0x05DF, 0x05DF, 0x05DF, 0x05DF, 0x05DF, 0x05DF, 0x05DF, 0x05DF,
  0x05DF, 0x05DF, 0x05DF, 0x05DF, 0x05DF, 0x05DF, 0x05FF, 0x055D, 0x00CF, 0x00CE, 0x00CE, 0x00CE,
  0xAD55, 0xAD55, 0xAD35, 0xAD55, 0xAD34, 0x0473, 0x0474, 0x0474, 0x0494, 0x0494, 0x0494, 0x0474,
  0x0494, 0x0494, 0x0474, 0x0474, 0x0494, 0x0494, 0x0474, 0x0474, 0x0474, 0x0474, 0x0474, 0x0474,
  0x0474, 0x0474, 0x0474, 0x0474, 0x0494, 0x0474, 0x0473, 0x8D55, 0x7555, 0x7554, 0x7534, 0x7534,
  0x7554, 0x7555, 0x7D34, 0x9D55, 0xAD55, 0xA555, 0xA555, 0xAD35, 0xAD35, 0xAD55, 0xAD55, 0xAD55,
  0xAD55, 0xAD55, 0xAD55, 0xAD55, 0xAD55, 0xAD55, 0xAD55, 0xAD55, 0xAD55, 0xAD55, 0xAD55, 0xAD55,
  0xAD55, 0xAD55, 0xAD55, 0xAD55, 0xAD55, 0xAD55, 0xAD55, 0xAD55, 0xAD55, 0xAD55, 0xAD55, 0xAD55,
  0xAD55, 0xAD55, 0xAD55, 0xAD55, 0xAD55, 0xAD55, 0xAD55, 0xAD55, 0xAD55, 0xAD55, 0xAD55, 0xAD55,
  0xAD55, 0xAD55, 0xAD55, 0xAD55, 0xAD55, 0xAD55, 0xAD55, 0xAD35, 0xAD35, 0xAD55, 0xAD55, 0x018D,
  0x000B, 0x7412, 0xAD55, 0xAD55, 0xA4F4, 0x1B50, 0x04F4, 0x0555, 0x0554, 0x0534, 0x0534, 0x0534,
  0x0534, 0x0534, 0x0555, 0x0514, 0x026D, 0x0391, 0x2555, 0x04F3, 0x00AB, 0x004E, 0x00CF, 0x00CF,
  0x00CF, 0x00CF, 0x00CF, 0x00CF, 0x00CF, 0x00CF, 0x00CF, 0x00CF, 0x00CF, 0x00CF, 0x00CF, 0x00CF,
  0x00CF, 0x00CF, 0x00CF, 0x00CF, 0x00CF, 0x00CF, 0x00CF, 0x00CF, 0x00CF, 0x00CF, 0x00CF, 0x00CF,
  0x00CF, 0x00CF, 0x00CF, 0x00CF, 0x00CF, 0x00CF, 0x00CF, 0x00CF, 0x00CF, 0x00CF, 0x00CF, 0x00CF,
  0x00CF, 0x00CF, 0x00CF, 0x00CF, 0x00CF, 0x00CF, 0x00CF, 0x00CF, 0x00CF, 0x00CF, 0x00CF, 0x00CF,
  0x00CF, 0x00CF, 0x00CF, 0x00CF, 0x00CF, 0x00CF, 0x00CF, 0x00CF, 0x00CF, 0x00CF, 0x00CF, 0x00CF,
  0x00CF, 0x00CF, 0x00CF, 0x00CF, 0x00CF, 0x00CF, 0x00CF, 0x00CF, 0x00CF, 0x00CF, 0x00CF, 0x00AF,
  0x00AF, 0x00AE, 0x00CF, 0x00CF, 0x00CF, 0x00CF, 0x00CF, 0x00CF, 0x00CF, 0x00CF, 0x00CF, 0x00CF,
  0x00CF, 0x00CF, 0x00CF, 0x00CF, 0x00CF, 0x00CF, 0x00CF, 0x00CF, 0x00CF, 0x00CF, 0x00CF, 0x00CF,
  0x00CF, 0x00CF, 0x00CF, 0x00CF, 0x00CF, 0x00CF, 0x00CF, 0x00CF, 0x00CF, 0x00CF, 0x00CF, 0x00CF,
  0x00CF, 0x00CF, 0x00CF, 0x00CF, 0x00CF, 0x00CF, 0x00CF, 0x00CF, 0x00CF, 0x00CF, 0x00CE, 0x00CE,
  0x00CE, 0x00CE, 0x00CE, 0x00CE, 0x00CE, 0x00CE, 0x00CE, 0x00CE, 0x00CE, 0x00CE, 0x00CE, 0x00CE,
  0x00CE, 0x00CE, 0x00CE, 0x00CE, 0x00CE, 0x00CE, 0x00CE, 0x00CE, 0x00CE, 0x00CE, 0x00CE, 0x00CE,
  0x00CE, 0x00CE, 0x00CE, 0x00CE, 0x00CE, 0x00CE, 0x00CE, 0x00CE, 0x00CE, 0x00CE, 0x00CE, 0x00CE,
  0x00CE, 0x00CE, 0x00CE, 0x00CE, 0x00CF, 0x00CF, 0x00CF, 0x00CF, 0x00CF, 0x00CF, 0x00CF, 0x00CF,
  0x00CF, 0x00EF, 0x047A, 0x05FF, 0x05DF, 0x05FF, 0x05FF, 0x05FF, 0x05DF, 0x05DF, 0x05DF, 0x05DF,
  0x05DF, 0x05DF, 0x05DF, 0x05DF, 0x05DF, 0x05DF, 0x05DF, 0x05DF, 0x05DF, 0x05DF, 0x05DF, 0x05DF,
  0x05DF, 0x05DF, 0x05FF, 0x03B8, 0x00CE, 0x00CE, 0x00CE, 0x00CE, 0xAD55, 0xAD55, 0xA535, 0xAD35,
  0xAD55, 0x24B4, 0x0454, 0x0494, 0x0494, 0x0494, 0x0474, 0x0474, 0x0494, 0x0474, 0x0474, 0x0474,
  0x0474, 0x0494, 0x0474, 0x0474, 0x0474, 0x0474, 0x0474, 0x0474, 0x0474, 0x0474, 0x0474, 0x0474,
  0x0494, 0x0454, 0x0493, 0x8555, 0x7D55, 0x7554, 0x7534, 0x7534, 0x7554, 0x7534, 0x7D54, 0x7534,
  0x8555, 0xA555, 0xAD55, 0xAD35, 0xAD35, 0xAD55, 0xAD55, 0xAD55, 0xAD55, 0xAD55, 0xAD55, 0xAD55,
  0xAD55, 0xAD55, 0xAD55, 0xAD55, 0xAD55, 0xAD55, 0xAD55, 0xAD55, 0xAD55, 0xAD55, 0xAD55, 0xAD55,
  0xAD55, 0xAD55, 0xAD55, 0xAD55, 0xA514, 0xAD55, 0xAD55, 0xAD54, 0xAD35, 0xAD35, 0xAD55, 0xAD55,
  0xAD55, 0xAD55, 0xAD55, 0xAD55, 0xAD55, 0xAD55, 0xAD55, 0xAD55, 0xAD55, 0xAD55, 0xAD55, 0xAD55,
  0xAD55, 0xAD55, 0xAD55, 0xAD35, 0xAD35, 0xAD55, 0xAD55, 0x328E, 0x000A, 0x3AB1, 0xAD55, 0xAD55,
  0xAD55, 0x63F1, 0x03D1, 0x0555, 0x0554, 0x0534, 0x0534, 0x0534, 0x0534, 0x0534, 0x0554, 0x0555,
  0x0391, 0x000A, 0x0351, 0x3D55, 0x03B1, 0x002B, 0x00AF, 0x00CF, 0x00CF, 0x00CF, 0x00CF, 0x00CF,
  0x00CF, 0x00CF, 0x00CF, 0x00CF, 0x00CF, 0x00CF, 0x00CF, 0x00CF, 0x00CF, 0x00CF, 0x00CF, 0x00CF,
  0x00CF, 0x00CF, 0x00CF, 0x00CF, 0x00CF, 0x00CF, 0x00CF, 0x00CF, 0x00CF, 0x00CF, 0x00CF, 0x00CF,
  0x00CF, 0x00CF, 0x00CF, 0x00CF, 0x00CF, 0x00CF, 0x00CF, 0x00CF, 0x00CF, 0x00CF, 0x00CF, 0x00AF,
  0x00AF, 0x00AF, 0x00AF, 0x00AF, 0x00AF, 0x00AF, 0x00AF, 0x00AF, 0x00AF, 0x00AF, 0x00AF, 0x00AF,
  0x00AF, 0x00AF, 0x00AF, 0x00AF, 0x00AF, 0x00AF, 0x00AF, 0x00AF, 0x00AF, 0x00AF, 0x00AF, 0x00AF,
  0x00AF, 0x00CF, 0x00CF, 0x00CF, 0x00CF, 0x00CF, 0x00CF, 0x00AE, 0x00AE, 0x00AE, 0x00AF, 0x00CF,
  0x00CF, 0x00CF, 0x00CF, 0x00CF, 0x00CF, 0x00CF, 0x00CF, 0x00CF, 0x00CF, 0x00CF, 0x00CF, 0x00CF,
  0x00CF, 0x00CF, 0x00CF, 0x00CF, 0x00CF, 0x00CF, 0x00CF, 0x00CF, 0x00CF, 0x00CF, 0x00CF, 0x00CF,
  0x00CF, 0x00CF, 0x00CF, 0x00CF, 0x00CF, 0x00CF, 0x00CF, 0x00CF, 0x00CF, 0x00CF, 0x00CF, 0x00CF,
  0x00CF, 0x00CF, 0x00AF, 0x00AF, 0x00AF, 0x00CF, 0x00CF, 0x00AF, 0x00AF, 0x00CF, 0x00CF, 0x00CF,
  0x00CF, 0x00CF, 0x00CF, 0x00CF, 0x00CF, 0x00CF, 0x00CF, 0x00CF, 0x00CF, 0x00CF, 0x00CF, 0x00AF,
  0x00AF, 0x00AF, 0x00AF, 0x00CF, 0x00CF, 0x00CF, 0x00CF, 0x00CF, 0x00CF, 0x00CF, 0x00AF, 0x00AF,
  0x00AF, 0x00CF, 0x00CE, 0x00CE, 0x00CE, 0x00CE, 0x00CE, 0x00CE, 0x00CF, 0x00CF, 0x00CF, 0x00CF,
  0x00CF, 0x00CF, 0x00CF, 0x00CF, 0x00CF, 0x00CF, 0x00CF, 0x00CF, 0x00CF, 0x00CF, 0x047A, 0x05DF,
  0x05FF, 0x05FF, 0x05FF, 0x05FF, 0x05FF, 0x05FF, 0x05DF, 0x05DF, 0x05DF, 0x05DF, 0x05DF, 0x05DF,
  0x05DF, 0x05DF, 0x05DF, 0x05DF, 0x05DF, 0x05DF, 0x05DF, 0x05DF, 0x05DF, 0x05DF, 0x059E, 0x00EF,
  0x00CF, 0x00CF, 0x00CF, 0x00CF, 0xAD55, 0xAD55, 0xAD35, 0xAD35, 0xAD55, 0x74F4, 0x0454, 0x0495,
  0x0474, 0x0474, 0x0474, 0x0474, 0x0494, 0x0474, 0x0474, 0x0474, 0x0474, 0x0494, 0x0474, 0x0474,
  0x0474, 0x0474, 0x0474, 0x0474, 0x0474, 0x0474, 0x0474, 0x0474, 0x0474, 0x0454, 0x0494, 0x7D55,
  0x7D54, 0x7D55, 0x7D55, 0x7D34, 0x7D34, 0x7D34, 0x8555, 0x04B3, 0x0CD3, 0xAD55, 0xAD55, 0xAD55,
  0xAD55, 0xAD55, 0xAD55, 0xAD55, 0xAD55, 0xAD55, 0xAD55, 0xAD55, 0xAD55, 0xAD55, 0xAD55, 0xAD55,
  0xAD55, 0xAD55, 0xAD55, 0xAD55, 0xAD55, 0xAD55, 0xAD55, 0xAD55, 0xAD55, 0xAD55, 0xAD35, 0xAD55,
  0xA4F4, 0x6B4F, 0xA554, 0xAD55, 0xAD34, 0xAD35, 0xAD55, 0xAD55, 0xAD55, 0xAD55, 0xAD55, 0xAD55,
  0xAD55, 0xAD55, 0xAD55, 0xAD55, 0xAD55, 0xAD55, 0xAD55, 0xAD55, 0xAD55, 0xAD55, 0xAD55, 0xAD55,
  0xAD55, 0xAD34, 0xAD55, 0x5B70, 0x000A, 0x09CF, 0xAD55, 0xAD55, 0xAD55, 0xA514, 0x2BB0, 0x0514,
  0x0555, 0x0534, 0x0534, 0x0534, 0x0534, 0x0534, 0x0534, 0x0555, 0x0555, 0x00CC, 0x000B, 0x0290,
  0x4555, 0x02CF, 0x000C, 0x00CF, 0x00CF, 0x00CF, 0x00CF, 0x00CF, 0x00CF, 0x00CF, 0x00CF, 0x00CF,
  0x00CF, 0x00CF, 0x00CF, 0x00CF, 0x00CF, 0x00CF, 0x00CF, 0x00CF, 0x00CF, 0x00CF, 0x00CF, 0x00CF,
  0x00CF, 0x00CF, 0x00CF, 0x00CF, 0x00CF, 0x00CF, 0x00CF, 0x00CF, 0x00CF, 0x00CF, 0x00CF, 0x00CF,
  0x00AF, 0x00AF, 0x00AF, 0x00AF, 0x00AF, 0x00CF, 0x00CF, 0x00AF, 0x00AF, 0x00AF, 0x00AF, 0x00AF,
  0x00AF, 0x00AF, 0x00AF, 0x00AF, 0x00AF, 0x00AF, 0x00AF, 0x00AF, 0x00AF, 0x00AE, 0x00AE, 0x00AE,
  0x00AE, 0x00AF, 0x00AF, 0x00AF, 0x00AF, 0x00AF, 0x00AF, 0x00AF, 0x00AF, 0x00AF, 0x00AF, 0x00AF,
  0x00AE, 0x00AE, 0x00AE, 0x00AF, 0x00AF, 0x00AF, 0x00AF, 0x00AF, 0x00AF, 0x00AF, 0x00AE, 0x00AE,
  0x00AE, 0x00AE, 0x00CF, 0x00CF, 0x00CF, 0x00CF, 0x00CF, 0x00CF, 0x00CF, 0x00CF, 0x00CF, 0x00CF,
  0x00CF, 0x00CF, 0x00CF, 0x00CF, 0x00CF, 0x00CF, 0x00CF, 0x00CF, 0x00CF, 0x00CF, 0x00CF, 0x00CF,
  0x00CF, 0x00AF, 0x00AF, 0x00AF, 0x00AF, 0x00AF, 0x00AF, 0x00AF, 0x00AF, 0x00AF, 0x00AF, 0x00AF,
  0x00AF, 0x00AF, 0x00AF, 0x00AF, 0x00AF, 0x00AF, 0x00AF, 0x00AF, 0x00AF, 0x00AF, 0x00AF, 0x00AF,
  0x00AF, 0x00AF, 0x00AF, 0x00AF, 0x00AF, 0x00AF, 0x00AF, 0x00AF, 0x00AF, 0x00AF, 0x00AF, 0x00AF,
  0x00AF, 0x00AF, 0x00AF, 0x00AF, 0x00AF, 0x00AF, 0x00AF, 0x00AF, 0x00AF, 0x00AF, 0x00AF, 0x00AF,
  0x00AF, 0x00AF, 0x00AF, 0x00AF, 0x00AF, 0x00AF, 0x00AF, 0x00AF, 0x00AF, 0x00AF, 0x00AF, 0x00AF,
  0x00AF, 0x00AF, 0x00AF, 0x00AF, 0x00AF, 0x0171, 0x0191, 0x3CF9, 0x06BF, 0x05FF, 0x05FF, 0x05FF,
  0x05FF, 0x05FF, 0x05FF, 0x05FF, 0x05DF, 0x05DF, 0x05DF, 0x05DF, 0x05DF, 0x05DF, 0x05DF, 0x05DF,
  0x05DF, 0x05DF, 0x05DF, 0x05DF, 0x05FF, 0x05DF, 0x02B5, 0x00AF, 0x00AF, 0x00AF, 0x00AF, 0x00AF,
  0xAD55, 0xAD55, 0xA535, 0xA535, 0xAD55, 0xA514, 0x0474, 0x0474, 0x0474, 0x0474, 0x0474, 0x0494,
  0x0494, 0x0474, 0x0494, 0x0494, 0x0494, 0x0494, 0x0474, 0x0474, 0x0474, 0x0474, 0x0474, 0x0474,
  0x0474, 0x0474, 0x0474, 0x0474, 0x0474, 0x0454, 0x04B4, 0x8555, 0x7D54, 0x7D55, 0x7D35, 0x7D34,
  0x7D34, 0x8534, 0x8D55, 0x0452, 0x0431, 0xAD55, 0xAD55, 0xAD55, 0xAD55, 0xAD55, 0xAD55, 0xAD55,
  0xAD55, 0xAD55, 0xAD55, 0xAD55, 0xAD55, 0xAD55, 0xAD55, 0xAD55, 0xAD55, 0xAD55, 0xAD55, 0xAD55,
  0xAD55, 0xAD55, 0xAD55, 0xAD55, 0xAD55, 0xA534, 0xA535, 0xAD35, 0xAD55, 0x6330, 0x192D, 0x94F4,
  0xAD55, 0xAD34, 0xAD55, 0xAD55, 0xAD55, 0xAD55, 0xAD55, 0xAD55, 0xAD55, 0xAD55, 0xAD55, 0xAD55,
  0xAD55, 0xAD55, 0xAD55, 0xAD55, 0xAD55, 0xAD55, 0xAD55, 0xAD55, 0xAD55, 0xAD35, 0xAD54, 0x84B3,
  0x006C, 0x504D, 0xAC94, 0xAD55, 0xAD34, 0xAD55, 0x6C32, 0x0453, 0x0555, 0x0554, 0x0534, 0x0554,
  0x0534, 0x0554, 0x0534, 0x0555, 0x0555, 0x024E, 0x000C, 0x000D, 0x0250, 0x0454, 0x012E, 0x006E,
  0x00CF, 0x00CF, 0x00CF, 0x00CF, 0x00CF, 0x00CF, 0x00CF, 0x00CF, 0x00CF, 0x00CF, 0x00CF, 0x00CF,
  0x00CF, 0x00CF, 0x00CF, 0x00CF, 0x00CF, 0x00CF, 0x00CF, 0x00CF, 0x00CF, 0x00CF, 0x00AF, 0x00AF,
  0x00AF, 0x00AF, 0x00AF, 0x00AF, 0x00AF, 0x00AF, 0x00AF, 0x00AF, 0x00AE, 0x00AF, 0x00AF, 0x00AF,
  0x00AF, 0x00AF, 0x00AF, 0x00AF, 0x00AF, 0x00AF, 0x00AF, 0x00AF, 0x00AF, 0x00AF, 0x00AF, 0x00AF,
  0x00AF, 0x00AF, 0x00AF, 0x00AF, 0x00AF, 0x00AE, 0x00AE, 0x00AE, 0x00AE, 0x00AE, 0x00AE, 0x00AE,
  0x00AE, 0x00AF, 0x00AF, 0x00AF, 0x00AF, 0x00AF, 0x00AF, 0x00AF, 0x00AF, 0x00AF, 0x00AF, 0x00AF,
  0x00AF, 0x00AF, 0x00AF, 0x00AF, 0x00AF, 0x00AF, 0x00AF, 0x00AE, 0x00AF, 0x00AF, 0x00AF, 0x00AF,
  0x00AF, 0x00AF, 0x00AF, 0x00AF, 0x00AF, 0x00AF, 0x00AF, 0x00AF, 0x00CF, 0x00CF, 0x00CF, 0x00CF,
  0x00CF, 0x00CF, 0x00CF, 0x00CF, 0x00AF, 0x00AF, 0x00AF, 0x00CF, 0x00CF, 0x00AF, 0x00AF, 0x00AF,
  0x00AF, 0x00AF, 0x00AF, 0x00AF, 0x00AF, 0x00AF, 0x00AF, 0x00AF, 0x00AF, 0x00AF, 0x00AF, 0x00AF,
  0x00AF, 0x00AF, 0x00AF, 0x00AF, 0x00AF, 0x00AF, 0x00AF, 0x00AF, 0x00AF, 0x00AF, 0x00AF, 0x00AF,
  0x00AF, 0x00AF, 0x00AF, 0x00AF, 0x00AF, 0x00AF, 0x00AF, 0x00AF, 0x00AF, 0x00AF, 0x00AF, 0x00AF,
  0x00AF, 0x00AF, 0x00AF, 0x00AF, 0x00AF, 0x00AF, 0x00AF, 0x00AF, 0x00AF, 0x00AF, 0x00AF, 0x00AF,
  0x00AF, 0x00AF, 0x00AF, 0x00AF, 0x00AF, 0x00AF, 0x00AF, 0x00AF, 0x00AF, 0x00AF, 0x00AF, 0x00AF,
  0x00AF, 0x04FC, 0x059E, 0x061F, 0x8F5F, 0xC79F, 0x06BF, 0x05FF, 0x05FF, 0x05FF, 0x05FF, 0x05FF,
  0x05FF, 0x05FF, 0x05DF, 0x05DF, 0x05DF, 0x05DF, 0x05DF, 0x05DF, 0x05DF, 0x05DF, 0x05DF, 0x05DF,
  0x05FF, 0x04DC, 0x00CF, 0x00AF, 0x00AF, 0x00AF, 0x00AF, 0x00AF, 0xAD55, 0xAD55, 0xA535, 0xA535,
  0xAD35, 0xAD54, 0x0473, 0x0474, 0x0474, 0x0474, 0x0474, 0x0494, 0x0494, 0x0474, 0x0494, 0x0494,
  0x0494, 0x0494, 0x0474, 0x0474, 0x0474, 0x0474, 0x0474, 0x0474, 0x0474, 0x0474, 0x0474, 0x0474,
  0x0474, 0x0454, 0x04B4, 0x8D55, 0x8555, 0x8535, 0x8535, 0x8534, 0x8534, 0x8D55, 0x8555, 0x0390,
  0x6493, 0xAD55, 0xAD55, 0xAD55, 0xAD55, 0xAD55, 0xAD55, 0xAD55, 0xAD55, 0xAD55, 0xAD55, 0xAD55,
  0xAD55, 0xAD55, 0xAD55, 0xAD55, 0xAD55, 0xAD55, 0xAD55, 0xAD55, 0xAD55, 0xAD55, 0xAD55, 0xAD55,
  0xAD55, 0xA534, 0xA534, 0xAD35, 0xAD55, 0xAD55, 0x004B, 0x006D, 0x8CB4, 0xAD55, 0xAD55, 0xAD55,
  0xAD55, 0xAD55, 0xAD55, 0xAD55, 0xAD55, 0xAD55, 0xAD55, 0xAD55, 0xAD55, 0xAD55, 0xAD55, 0xAD55,
  0xAD55, 0xAD55, 0xAD55, 0xAD55, 0xAD55, 0xAD34, 0xA554, 0xAD55, 0x8310, 0x880B, 0xB230, 0xAD55,
  0xAD55, 0xAD55, 0x9CD3, 0x0391, 0x0555, 0x0555, 0x0555, 0x0555, 0x0555, 0x0555, 0x0555, 0x0555,
  0x0555, 0x0473, 0x006C, 0x006F, 0x000D, 0x014F, 0x0190, 0x008E, 0x00AF, 0x00AF, 0x00AF, 0x00AF,
  0x00AF, 0x00AF, 0x00CF, 0x00AF, 0x00AF, 0x00CF, 0x00AF, 0x00AF, 0x00AF, 0x00AF, 0x00AF, 0x00AF,
  0x00AF, 0x00AF, 0x00AF, 0x00AF, 0x00AF, 0x00AF, 0x00AF, 0x00AF, 0x00AF, 0x00AF, 0x00AF, 0x00AF,
  0x00AF, 0x00AF, 0x00AF, 0x00AF, 0x00AF, 0x00AF, 0x00AF, 0x00AF, 0x00AE, 0x00AE, 0x00AE, 0x00AF,
  0x00AF, 0x00AF, 0x00AF, 0x00AF, 0x00AF, 0x00AF, 0x00AF, 0x00AF, 0x00AF, 0x00AF, 0x00AF, 0x00AF,
  0x00AF, 0x00AF, 0x00AF, 0x00AF, 0x00AF, 0x00AF, 0x00AF, 0x00AF, 0x00AF, 0x00AE, 0x00AE, 0x00AE,
  0x00AF, 0x00AF, 0x00AF, 0x00AF, 0x00AF, 0x00AF, 0x00AF, 0x00AF, 0x00AF, 0x00AF, 0x00AF, 0x00AF,
  0x00AF, 0x00AF, 0x00AF, 0x00AF, 0x00AF, 0x00AF, 0x00AE, 0x00AE, 0x00AE, 0x00AE, 0x00AE, 0x00AE,
  0x00AE, 0x00AE, 0x00AE, 0x00AE, 0x00AE, 0x00AF, 0x00AF, 0x00AF, 0x00AF, 0x00AF, 0x00AF, 0x00AF,
  0x00AE, 0x00AE, 0x00AE, 0x00AF, 0x00AE, 0x00AE, 0x00AF, 0x00AF, 0x00AF, 0x00AF, 0x00AF, 0x00AF,
  0x00AF, 0x00AF, 0x00AF, 0x00AF, 0x00AF, 0x00AF, 0x00AF, 0x00AF, 0x00AF, 0x00AF, 0x00AF, 0x00AF,
  0x00AF, 0x00AF, 0x00AF, 0x00AF, 0x00AF, 0x00AF, 0x00AF, 0x00AF, 0x00AF, 0x00AF, 0x00AF, 0x00AF,
  0x00AF, 0x00AF, 0x00AF, 0x00AF, 0x00AF, 0x00AF, 0x00AF, 0x00AF, 0x00AF, 0x00AF, 0x00AF, 0x00AF,
  0x00AF, 0x00AF, 0x00AF, 0x00AF, 0x00AF, 0x00AF, 0x00AF, 0x00AF, 0x00AF, 0x00AF, 0x00AF, 0x00AF,
  0x00AF, 0x00AF, 0x00AF, 0x00AF, 0x00AF, 0x00AF, 0x00AF, 0x00AF, 0x02F6, 0x05FF, 0x05FF, 0x05FF,
  0x05FF, 0x065F, 0x875F, 0xE7DF, 0x065F, 0x05FF, 0x05FF, 0x05FF, 0x05FF, 0x05FF, 0x05FF, 0x05DF,
  0x05DF, 0x05DF, 0x05DF, 0x05DF, 0x05DF, 0x05DF, 0x05DF, 0x05FF, 0x05FF, 0x01B2, 0x00AF, 0x00AF,
  0x00AF, 0x00AF, 0x00AF, 0x00AF, 0xAD55, 0xAD55, 0xAD55, 0xAD55, 0xAD35, 0xAD55, 0x1C93, 0x0433,
  0x0494, 0x0474, 0x0474, 0x0494, 0x0494, 0x0474, 0x0494, 0x0494, 0x0494, 0x0494, 0x0474, 0x0474,
  0x0474, 0x0474, 0x0474, 0x0474, 0x0474, 0x0474, 0x0474, 0x0474, 0x0474, 0x0454, 0x0494, 0x8D55,
  0x9555, 0x9534, 0x8D35, 0x8D35, 0x9555, 0x9D55, 0x5431, 0x5C32, 0xAD55, 0xAD55, 0xA555, 0xA555,
  0xAD35, 0xAD35, 0xAD55, 0xAD55, 0xAD55, 0xAD55, 0xAD55, 0xAD55, 0xAD55, 0xAD55, 0xAD55, 0xAD55,
  0xAD55, 0xAD55, 0xAD55, 0xAD55, 0xAD55, 0xAD55, 0xAD55, 0xAD55, 0xAD55, 0xAD55, 0xAD35, 0xAD35,
  0xA534, 0xAD55, 0x5B8F, 0x000A, 0x008E, 0x6BD2, 0xAD55, 0xAD55, 0xAD35, 0xA535, 0xA535, 0xAD35,
  0xAD35, 0xAD35, 0xAD35, 0xAD35, 0xAD55, 0xAD55, 0xAD55, 0xAD55, 0xAD55, 0xAD55, 0xAD55, 0xAD55,
  0xAD55, 0xAD54, 0xA534, 0xAD55, 0xACD4, 0x906C, 0x980C, 0xAC54, 0xAD55, 0xA555, 0xAD55, 0x53D1,
  0x03F2, 0x0493, 0x0453, 0x0412, 0x0413, 0x0433, 0x0473, 0x04D4, 0x0555, 0x0555, 0x02B0, 0x000D,
  0x00AF, 0x006E, 0x008E, 0x00CF, 0x00AF, 0x00AF, 0x00AF, 0x00AF, 0x00AF, 0x00AF, 0x00AF, 0x00AF,
  0x00AF, 0x00AF, 0x00AF, 0x00AF, 0x00AF, 0x00AF, 0x00AF, 0x00AF, 0x00AF, 0x00AF, 0x00CF, 0x00CF,
  0x00CF, 0x00AF, 0x00AF, 0x00AF, 0x00AF, 0x00AF, 0x00AF, 0x00AF, 0x00AF, 0x00AF, 0x00AF, 0x00AF,
  0x00AF, 0x00AF, 0x00AF, 0x00AE, 0x00AE, 0x00AE, 0x00AE, 0x00AF, 0x00AF, 0x00AF, 0x00AF, 0x00AF,
  0x00AF, 0x00AF, 0x00AF, 0x00AE, 0x00AE, 0x00AE, 0x00AF, 0x00AF, 0x00AF, 0x00AF, 0x00AF, 0x00AF,
  0x00AF, 0x00AF, 0x00AF, 0x00AF, 0x00AF, 0x00AF, 0x00AF, 0x00AF, 0x00AF, 0x00AF, 0x00AF, 0x00AF,
  0x00AF, 0x00AF, 0x00AF, 0x00AF, 0x00AF, 0x00AF, 0x00AF, 0x00AE, 0x00AE, 0x00AE, 0x00AF, 0x00AF,
  0x00AF, 0x00AF, 0x00AE, 0x00AE, 0x00AE, 0x00AE, 0x00AE, 0x00AE, 0x00AE, 0x00AE, 0x00AE, 0x00AE,
  0x00AE, 0x00AE, 0x00AE, 0x00AE, 0x00AE, 0x00AE, 0x00AE, 0x00AE, 0x00AF, 0x00AF, 0x00AF, 0x00AF,
  0x00AF, 0x00AF, 0x00AF, 0x00AF, 0x00AF, 0x00AF, 0x00AF, 0x00AF, 0x00AF, 0x00AF, 0x00AF, 0x00AF,
  0x00AF, 0x00AF, 0x00AF, 0x00AF, 0x00AF, 0x00AF, 0x00AF, 0x00AF, 0x00AF, 0x00AF, 0x00AF, 0x00AF,
  0x00AF, 0x00AF, 0x00AF, 0x00AF, 0x00AF, 0x00AF, 0x00AF, 0x00AF, 0x00AF, 0x00AF, 0x00AF, 0x00AF,
  0x00AF, 0x00AF, 0x00AF, 0x00AF, 0x00AF, 0x00AF, 0x00AF, 0x00AF, 0x00AF, 0x00AF, 0x00AF, 0x00AF,
  0x00AF, 0x00AF, 0x00AF, 0x00AF, 0x00AF, 0x00AF, 0x00AF, 0x00AF, 0x00AF, 0x00AF, 0x00AF, 0x00AF,
  0x00AF, 0x00AF, 0x00AF, 0x00EF, 0x05BE, 0x05FF, 0x05FF, 0x05FF, 0x05FF, 0x05FF, 0x05FF, 0x067F,
  0xBF9F, 0xC79F, 0x05FF, 0x05FF, 0x05FF, 0x05FF, 0x05FF, 0x05FF, 0x05FF, 0x05DF, 0x05DF, 0x05DF,
  0x05DF, 0x05DF, 0x05FF, 0x05FF, 0x0419, 0x00AF, 0x00AF, 0x00AF, 0x00AF, 0x00AF, 0x00AF, 0x00AF,
  0xAD55, 0xAD55, 0xAD55, 0xAD55, 0xAD55, 0xAD55, 0x84B4, 0x0413, 0x0494, 0x0474, 0x0494, 0x0494,
  0x0474, 0x0474, 0x0494, 0x0494, 0x0494, 0x0494, 0x0474, 0x0474, 0x0474, 0x0474, 0x0474, 0x0474,
  0x0474, 0x0474, 0x0474, 0x0474, 0x0474, 0x0474, 0x0454, 0x8534, 0x9D55, 0x9534, 0x9554, 0x9D54,
  0xAD55, 0x5C32, 0x4BF1, 0xAD55, 0xAD55, 0x9534, 0x8534, 0x9555, 0xA555, 0xAD55, 0xAD55, 0xAD55,
  0xAD55, 0xAD55, 0xAD55, 0xAD55, 0xAD55, 0xAD55, 0xAD55, 0xAD55, 0xAD55, 0xAD55, 0xAD55, 0xAD55,
  0xAD55, 0xAD55, 0xAD55, 0xAD55, 0xAD55, 0xAD55, 0xAD35, 0xAD35, 0xA534, 0x8C51, 0x9533, 0x01AE,
  0x000E, 0x000D, 0x3A70, 0xA534, 0xAD55, 0xAD55, 0xA535, 0xAD35, 0xAD35, 0xAD55, 0xAD35, 0xAD35,
  0xAD55, 0xAD55, 0xAD55, 0xAD55, 0xAD55, 0xAD55, 0xAD55, 0xAD55, 0xAD55, 0xAD55, 0xAD55, 0xA555,
  0xAD55, 0x9B91, 0x880A, 0xA0CE, 0xAD14, 0xAD55, 0xAD55, 0x94D3, 0x2330, 0x3C53, 0x5493, 0x6CB4,
  0x74B4, 0x6C53, 0x5412, 0x3BB1, 0x0391, 0x0514, 0x0534, 0x008C, 0x004E, 0x00AF, 0x00AF, 0x00AF,
  0x00AF, 0x00AF, 0x00AF, 0x00AF, 0x00AF, 0x00AF, 0x00AF, 0x00AF, 0x00AF, 0x00AF, 0x00AF, 0x00AF,
  0x00AF, 0x00AF, 0x00AF, 0x00AF, 0x00AF, 0x00AF, 0x00AF, 0x00AF, 0x00AF, 0x00AF, 0x00AE, 0x00AF,
  0x00AF, 0x00AE, 0x00AE, 0x00AF, 0x00AF, 0x00AF, 0x00AF, 0x00AF, 0x00AF, 0x00AF, 0x00AF, 0x00AF,
  0x00AF, 0x00AF, 0x00AF, 0x00AF, 0x00AF, 0x00AF, 0x00AF, 0x00AF, 0x00AF, 0x00AF, 0x00AF, 0x00AF,
  0x00AF, 0x00AF, 0x00AF, 0x00AF, 0x00AF, 0x00AF, 0x00AF, 0x00AF, 0x00AF, 0x00AF, 0x00AF, 0x00AF,
  0x00AF, 0x00AF, 0x00AF, 0x00AF, 0x00AF, 0x00AF, 0x00AF, 0x00AF, 0x00AF, 0x00AF, 0x00AF, 0x00AF,
  0x00AF, 0x00AF, 0x00AF, 0x00AF, 0x00AF, 0x00AF, 0x00AF, 0x00AF, 0x00AF, 0x00AF, 0x00AF, 0x00AF,
  0x00AF, 0x00AF, 0x00AF, 0x00AF, 0x00AF, 0x00AF, 0x00AF, 0x00AF, 0x00AF, 0x00AF, 0x00AF, 0x00AF,
  0x00AF, 0x00AF, 0x00AF, 0x00AF, 0x00AF, 0x00AF, 0x00AF, 0x00AF, 0x00AF, 0x00AF, 0x00AF, 0x00AF,
  0x00AF, 0x00AF, 0x00AF, 0x00AF, 0x00AF, 0x00AF, 0x00AF, 0x00AF, 0x00AF, 0x00AF, 0x00AF, 0x00AF,
  0x00AF, 0x00AF, 0x00AF, 0x00AF, 0x00AF, 0x00AF, 0x00AF, 0x00AF, 0x00AF, 0x00AF, 0x00AF, 0x00AF,
  0x00AF, 0x00AF, 0x00AF, 0x00AF, 0x00AF, 0x00AF, 0x00AF, 0x00AF, 0x00AF, 0x00AF, 0x00AF, 0x00AF,
  0x00AF, 0x00AF, 0x00AF, 0x00AF, 0x00AF, 0x00AF, 0x00AF, 0x00AF, 0x00AF, 0x00AF, 0x00AF, 0x00AF,
  0x00AF, 0x00AF, 0x00AF, 0x00AF, 0x00AF, 0x00AF, 0x00AF, 0x00AF, 0x00AF, 0x00AF, 0x00AF, 0x03D8,
  0x05FF, 0x05FF, 0x069F, 0x16FF, 0x067F, 0x05FF, 0x05FF, 0x05FF, 0x05FF, 0x06BF, 0xE7DF, 0x571F,
  0x05FF, 0x05FF, 0x05FF, 0x05FF, 0x05FF, 0x05FF, 0x05FF, 0x05DF, 0x05DF, 0x05DF, 0x05FF, 0x059E,
  0x0130, 0x00AF, 0x00AF, 0x00AF, 0x00AF, 0x00AF, 0x00AF, 0x00AF, 0xAD55, 0xAD55, 0xAD55, 0xAD55,
  0xAD55, 0xAD55, 0xAD14, 0x0453, 0x0474, 0x0494, 0x0494, 0x0494, 0x0474, 0x0474, 0x0494, 0x0494,
  0x0474, 0x0474, 0x0474, 0x0474, 0x0474, 0x0474, 0x0474, 0x0474, 0x0474, 0x0474, 0x0474, 0x0474,
  0x0474, 0x0494, 0x0433, 0x7514, 0x9D55, 0x9D55, 0x9D55, 0xAD55, 0x7C92, 0x4BD1, 0x9D35, 0xAD55,
  0x9D34, 0x8555, 0x7D55, 0x7514, 0x9534, 0xAD55, 0xAD55, 0xAD55, 0xAD55, 0xAD55, 0xAD55, 0xAD55,
  0xAD55, 0xAD55, 0xAD55, 0xAD55, 0xAD55, 0xAD55, 0xAD55, 0xAD55, 0xAD55, 0xAD55, 0xAD55, 0xAD55,
  0xAD55, 0xAD55, 0xAD35, 0xAD35, 0xAD55, 0x7BF1, 0x42EF, 0x4352, 0x002D, 0x006E, 0x000D, 0x090E,
  0x7C12, 0xAD55, 0xAD55, 0xAD35, 0xAD35, 0xA535, 0xAD55, 0xAD55, 0xA534, 0xA534, 0xAD55, 0xAD55,
  0xAD55, 0xAD55, 0xAD55, 0xAD55, 0xAD55, 0xAD55, 0xAD55, 0xA534, 0xAD54, 0xAD55, 0x9A2F, 0x880A,
  0xAA70, 0xAD55, 0xAD55, 0xAD55, 0x6C52, 0x6D14, 0x3D55, 0x0554, 0x4D55, 0x6555, 0x7555, 0x7534,
  0x5C72, 0x03B1, 0x0555, 0x02AF, 0x000C, 0x00AF, 0x00AF, 0x00AF, 0x00AF, 0x00AF, 0x00AF, 0x00AF,
  0x00AE, 0x00AE, 0x00AF, 0x00AF, 0x00AF, 0x00AF, 0x00AF, 0x00AF, 0x00AF, 0x00AF, 0x00AF, 0x00AF,
  0x00AF, 0x00AF, 0x00AF, 0x00AF, 0x00AF, 0x00AF, 0x00AF, 0x00AF, 0x00AF, 0x00AF, 0x00AF, 0x00AF,
  0x00AF, 0x00AF, 0x00AE, 0x00AE, 0x00AF, 0x00AF, 0x00AF, 0x00AF, 0x00AF, 0x00AF, 0x00AF, 0x00AF,
  0x00AF, 0x00AF, 0x00AF, 0x00AF, 0x00AF, 0x00AF, 0x00AF, 0x00AF, 0x00AF, 0x00AF, 0x00AF, 0x00AF,
  0x00AF, 0x00AF, 0x00AF, 0x00AF, 0x00AF, 0x00AF, 0x00AF, 0x00AF, 0x00AF, 0x00AF, 0x00AF, 0x00AF,
  0x00AF, 0x00AF, 0x00AF, 0x00AF, 0x00AF, 0x00AF, 0x00AF, 0x00AF, 0x00AF, 0x00AF, 0x00AF, 0x00AF,
  0x00AF, 0x00AF, 0x00AF, 0x00AF, 0x00AF, 0x00AF, 0x00AF, 0x00AF, 0x00AF, 0x00AF, 0x00AF, 0x00AF,
  0x00AF, 0x00AF, 0x00AF, 0x00AF, 0x00AF, 0x00AF, 0x00AF, 0x00AF, 0x00AF, 0x00AF, 0x00AF, 0x00AF,
  0x00AF, 0x00AF, 0x00AF, 0x00AF, 0x00AF, 0x00AF, 0x00AF, 0x00AF, 0x00AF, 0x00AF, 0x00AF, 0x00AF,
  0x00AF, 0x00AF, 0x00AF, 0x00AF, 0x00AF, 0x00AF, 0x00AF, 0x00AF, 0x00AF, 0x00AF, 0x00AF, 0x00AF,
  0x00AF, 0x00AF, 0x00AF, 0x00AF, 0x00AF, 0x00AF, 0x00AF, 0x00AF, 0x00AF, 0x00AF, 0x00AF, 0x00AF,
  0x00AF, 0x00AF, 0x00AF, 0x00AF, 0x00AF, 0x00AF, 0x00AF, 0x00AF, 0x00AF, 0x00AF, 0x00AF, 0x00AF,
  0x00AF, 0x00AF, 0x00AF, 0x00AF, 0x00AF, 0x00AF, 0x00AF, 0x00AF, 0x00AF, 0x00AF, 0x00AF, 0x00AF,
  0x00AF, 0x00AF, 0x00AF, 0x00AF, 0x00AF, 0x00AF, 0x0191, 0x05FF, 0x05DF, 0x36FF, 0xFFFF, 0xFFFF,
  0xF7DF, 0x875F, 0x061F, 0x05FF, 0x05FF, 0x05FF, 0x061F, 0x3EFF, 0xFFFF, 0x067F, 0x05FF, 0x05FF,
  0x05FF, 0x05FF, 0x05FF, 0x05FF, 0x05DF, 0x05FF, 0x05FF, 0x02F6, 0x00AF, 0x00AF, 0x00AF, 0x00AF,
  0x00AF, 0x00AF, 0x00AF, 0x00AF, 0xAD35, 0xAD55, 0xAD55, 0xAD55, 0xAD55, 0xAD55, 0xAD55, 0x2C93,
  0x0454, 0x0494, 0x0494, 0x0474, 0x0474, 0x0494, 0x0494, 0x0474, 0x0494, 0x0474, 0x0474, 0x0474,
  0x0474, 0x0474, 0x0474, 0x0474, 0x0474, 0x0474, 0x0474, 0x0474, 0x0474, 0x0495, 0x03F3, 0x64B4,
  0xA555, 0x9D55, 0xAD55, 0x7C72, 0x4BD1, 0xA555, 0xAD55, 0xAD55, 0x94F4, 0x6452, 0x5C52, 0x74D3,
  0x9D34, 0xAD55, 0xAD55, 0xAD55, 0xAD55, 0xAD55, 0xAD55, 0xAD55, 0xAD55, 0xAD55, 0xAD55, 0xAD55,
  0xAD55, 0xAD55, 0xAD55, 0xAD55, 0xAD55, 0xAD55, 0xAD55, 0xAD55, 0xAD55, 0xAD55, 0xAD35, 0xAD35,
  0xAD55, 0xAD55, 0x198C, 0x00AD, 0x00EF, 0x008E, 0x00AF, 0x000D, 0x000D, 0x320F, 0xA534, 0xAD55,
  0xAD55, 0x8C52, 0x6B90, 0xAD55, 0xAD55, 0xAD54, 0xAD34, 0xAD35, 0xAD35, 0xAD35, 0xAD35, 0xAD55,
  0xAD55, 0xAD55, 0xAD55, 0xA535, 0xA554, 0xAD55, 0x9D14, 0x78CC, 0x880B, 0xAB72, 0xAD55, 0xAD55,
  0x8472, 0x03F2, 0x0555, 0x4D54, 0x8534, 0x8534, 0x8534, 0x6D54, 0x6D55, 0x4CB3, 0x03F1, 0x0493,
  0x014E, 0x002E, 0x008F, 0x00AF, 0x00AF, 0x00AF, 0x00AE, 0x00AF, 0x00AE, 0x00AF, 0x00AF, 0x00AF,
  0x00AF, 0x00AF, 0x00AF, 0x00AF, 0x00AF, 0x00AF, 0x00AF, 0x00AF, 0x00AF, 0x00AF, 0x00AF, 0x00AF,
  0x00AF, 0x00AF, 0x00AF, 0x00AF, 0x00AF, 0x00AF, 0x00AF, 0x00AF, 0x00AF, 0x00AF, 0x00AE, 0x00AE,
  0x00AF, 0x00AF, 0x00AF, 0x00AF, 0x00AF, 0x00AF, 0x00AF, 0x00AF, 0x00AF, 0x00AF, 0x00AF, 0x00AF,
  0x00AF, 0x00AF, 0x00AF, 0x00AF, 0x00AF, 0x00AF, 0x00AF, 0x00AF, 0x00AF, 0x00AF, 0x00AF, 0x00AF,
  0x00AF, 0x00AF, 0x00AF, 0x00AF, 0x00AF, 0x00AF, 0x00AF, 0x00AF, 0x00AF, 0x00AF, 0x00AF, 0x00AF,
  0x00AF, 0x00AF, 0x00AF, 0x00AF, 0x00AF, 0x00AF, 0x00AF, 0x00AF, 0x00AF, 0x00AF, 0x00AF, 0x00AF,
  0x00AF, 0x00AF, 0x00AF, 0x00AF, 0x00AF, 0x00AF, 0x00AF, 0x00AF, 0x00AF, 0x00AF, 0x00AF, 0x00AF,
  0x00AF, 0x00AF, 0x00AF, 0x00AF, 0x00AF, 0x00AF, 0x00AF, 0x00AF, 0x00AF, 0x00AF, 0x00AF, 0x00AF,
  0x00AF, 0x00AF, 0x00AF, 0x00AF, 0x00AF, 0x00AF, 0x00AF, 0x00AF, 0x00AF, 0x00AF, 0x00AF, 0x00AF,
  0x00AF, 0x00AF, 0x00AF, 0x00AF, 0x00AF, 0x00AF, 0x00AF, 0x00AF, 0x00AF, 0x00AF, 0x00AF, 0x00AF,
  0x00AF, 0x00AF, 0x00AF, 0x00AF, 0x00AF, 0x00AF, 0x00AF, 0x00AF, 0x00AF, 0x00AF, 0x00AF, 0x00AF,
  0x00AF, 0x00AF, 0x00AF, 0x00AF, 0x00AF, 0x00AF, 0x00AF, 0x00AF, 0x00AF, 0x00AF, 0x00AF, 0x00AF,
  0x00AF, 0x00AF, 0x00AF, 0x00AF, 0x00AF, 0x00AF, 0x00AF, 0x00AF, 0x00AF, 0x00AF, 0x00AF, 0x00AF,
  0x00AF, 0x00AF, 0x04FC, 0x05DF, 0x065F, 0xEFDF, 0xFFFF, 0xFFFF, 0xFFFF, 0xFFFF, 0xE7DF, 0x06DF,
  0x05FF, 0x05FF, 0x05FF, 0x05FF, 0x065F, 0xA77F, 0xDFBF, 0x05FF, 0x05FF, 0x05FF, 0x05FF, 0x05FF,
  0x05FF, 0x05FF, 0x051D, 0x00AF, 0x00AF, 0x00AF, 0x00AF, 0x00AF, 0x00AF, 0x00AF, 0x00AF, 0x00AF,
  0xAD35, 0xAD35, 0xAD35, 0xAD55, 0xAD55, 0xAD55, 0xAD55, 0x84F4, 0x0453, 0x0474, 0x0474, 0x0474,
  0x0474, 0x0474, 0x0494, 0x0474, 0x0494, 0x0474, 0x0474, 0x0474, 0x0474, 0x0474, 0x0474, 0x0474,
  0x0474, 0x0474, 0x0474, 0x0474, 0x0474, 0x04B5, 0x03B3, 0x5C53, 0xAD55, 0xA555, 0x9D14, 0x6431,
  0x9514, 0xAD55, 0xA535, 0xAD35, 0xA534, 0x94B3, 0x8CD3, 0xA535, 0xAD55, 0xAD55, 0xAD55, 0xAD55,
  0xAD55, 0xAD55, 0xAD55, 0xAD55, 0xAD55, 0xAD55, 0xAD55, 0xAD55, 0xAD55, 0xAD55, 0xAD55, 0xAD55,
  0xAD55, 0xAD55, 0xAD55, 0xAD55, 0xAD55, 0xAD55, 0xAD55, 0xAD55, 0xAD55, 0xAD55, 0x73D1, 0x000A,
  0x008F, 0x00AF, 0x00AE, 0x00AF, 0x006F, 0x000C, 0x092E, 0x8473, 0xAD55, 0xA514, 0x320C, 0x094D,
  0x9494, 0xAD55, 0xAD55, 0xAD35, 0xAD35, 0xAD35, 0xAD35, 0xAD35, 0xAD55, 0xAD55, 0xAD55, 0xAD55,
  0xAD55, 0xA534, 0xAD55, 0x9432, 0x780B, 0x980C, 0xABF2, 0xAD55, 0x94D3, 0x03B1, 0x6555, 0xAD55,
  0xAD35, 0xAD35, 0xAD35, 0xAD35, 0x9D35, 0x8D55, 0x44D3, 0x0453, 0x01EF, 0x000D, 0x008F, 0x008F,
  0x00AF, 0x00AE, 0x00AE, 0x00AF, 0x00AF, 0x00AF, 0x00AF, 0x00AF, 0x00AF, 0x00AE, 0x00AE, 0x00AF,
  0x00AF, 0x00AF, 0x00AF, 0x00AF, 0x00AF, 0x00AF, 0x00AF, 0x00AF, 0x00AF, 0x00AF, 0x00AF, 0x00AF,
  0x00AF, 0x00AF, 0x00AF, 0x00AF, 0x00AF, 0x00AF, 0x00AF, 0xFFFF, 0x00AF, 0x00AF, 0x00AF, 0x00AF,
  0x00AF, 0x00AF, 0x00AF, 0x00AF, 0x00AF, 0x00AF, 0x00AF, 0x008F, 0x008F, 0x008F, 0x008F, 0x008F,
  0x008F, 0x008F, 0x008F, 0x008F, 0x008F, 0x008F, 0x008F, 0x008F, 0x008F, 0x008F, 0x008F, 0x008F,
  0x008F, 0x008F, 0x008F, 0x008F, 0x00AF, 0x00AF, 0x00AF, 0x00AF, 0x008F, 0x008F, 0x008F, 0x008F,
  0x008F, 0x008F, 0x008F, 0x008F, 0x008F, 0x008F, 0x00AE, 0x00AE, 0x00AE, 0x00AE, 0x008F, 0x008F,
  0x008F, 0x008F, 0x008F, 0x008F, 0x008F, 0x00AE, 0x00AE, 0x00AE, 0x00AE, 0x00AE, 0x00AE, 0x00AE,
  0x008F, 0x008F, 0x008F, 0x008F, 0x008F, 0x008F, 0x008F, 0x008F, 0x008F, 0x008F, 0x008F, 0x008F,
  0x008F, 0x008F, 0x008F, 0x008F, 0x008F, 0x008F, 0x00AF, 0x00AF, 0x00AF, 0x008F, 0x008F, 0x008F,
  0x008F, 0x00AF, 0x00AF, 0x00AF, 0x008F, 0x008F, 0x008F, 0x008F, 0x00AF, 0x00AF, 0x00AF, 0x00AF,
  0x008F, 0x008F, 0x008F, 0x00AE, 0x00AE, 0x00AE, 0x00AE, 0x00AE, 0x00AE, 0x00AE, 0x008F, 0x008F,
  0x008F, 0x008F, 0x00AE, 0x00AE, 0x00AE, 0x008E, 0x008F, 0x008F, 0x008F, 0x008F, 0x008F, 0x008F,
  0x008F, 0x008F, 0x008F, 0x008E, 0x008E, 0x008F, 0x008F, 0x008F, 0x008F, 0x0254, 0x05FF, 0x05FF,
  0x9F7F, 0xFFFF, 0xFFFF, 0xFFFF, 0xFFFF, 0xFFFF, 0xFFFF, 0xFFFF, 0xCF9F, 0x067F, 0x05FF, 0x05FF,
  0x05FF, 0x05FF, 0x069F, 0xDFBF, 0x673F, 0x05FF, 0x05FF, 0x05FF, 0x05FF, 0x05FF, 0x5D9B, 0x008F,
  0x008F, 0x008F, 0x008F, 0x008F, 0x008F, 0x008F, 0x008F, 0x008F, 0xAD35, 0xAD35, 0xAD35, 0xAD55,
  0xAD55, 0xAD55, 0xAD55, 0xAD54, 0x0493, 0x0454, 0x0475, 0x0494, 0x0494, 0x0494, 0x0494, 0x0474,
  0x0494, 0x0494, 0x0474, 0x0474, 0x0474, 0x0474, 0x0474, 0x0474, 0x0474, 0x0474, 0x0474, 0x0474,
  0x0474, 0x0495, 0x03D3, 0x1BD2, 0xA555, 0xA555, 0x8CF4, 0x9534, 0xAD55, 0xAD35, 0xA535, 0xAD35,
  0xAD35, 0xAD55, 0xAD55, 0xAD35, 0xAD35, 0xAD55, 0xAD55, 0xAD55, 0xAD55, 0xAD55, 0xAD55, 0xAD55,
  0xAD55, 0xAD55, 0xAD55, 0xAD55, 0xAD55, 0xAD55, 0xAD55, 0xAD55, 0xAD55, 0xAD55, 0xAD55, 0xAD55,
  0xAD55, 0xAD55, 0xAD55, 0xAD55, 0xAD55, 0xAD55, 0xAD55, 0x098E, 0x000E, 0x00AF, 0x00AF, 0x00AF,
  0x00AF, 0x00AF, 0x000E, 0x000C, 0x6392, 0xAD55, 0xAD55, 0x08EC, 0x000B, 0x4AF0, 0xAD55, 0xAD55,
  0xAD55, 0xAD35, 0xAD35, 0xAD35, 0xAD55, 0xAD55, 0xAD55, 0xAD55, 0xAD35, 0xAD34, 0xA535, 0xAD55,
  0x6B30, 0x500C, 0x900D, 0xB413, 0xAD55, 0x4BF1, 0x84B3, 0xAD55, 0xAD34, 0xAD34, 0xAD34, 0xAD55,
  0xAD55, 0xAD55, 0xAD55, 0x7D55, 0x0332, 0x006D, 0x002E, 0x00AF, 0x00AF, 0x00AF, 0x00AF, 0x00AF,
  0x00AF, 0x00AF, 0x00AF, 0x00AF, 0x00AF, 0x00AF, 0x00AE, 0x00AF, 0x00AF, 0x00AF, 0x00AF, 0x00AF,
  0x00AF, 0x00AF, 0x00AF, 0x00AF, 0x00AF, 0x00AF, 0x00AF, 0x00AF, 0x00AF, 0x00AF, 0x00AF, 0x00AF,
  0x00AF, 0x00AF, 0x00AF, 0xFFFF, 0x00AF, 0x00AF, 0x00AF, 0x00AF, 0x008F, 0x008F, 0x008F, 0x008F,
  0x008F, 0x008F, 0x00AF, 0x008F, 0x008F, 0x008F, 0x008F, 0x008F, 0x008F, 0x008F, 0x008F, 0x008F,
  0x008F, 0x008F, 0x008F, 0x008F, 0x008F, 0x008F, 0x008F, 0x008F, 0x008F, 0x008F, 0x008F, 0x008F,
  0x008F, 0x008F, 0x008F, 0x008F, 0x008F, 0x008F, 0x008F, 0x008F, 0x008F, 0x008F, 0x008F, 0x008F,
  0x008F, 0x008F, 0x008F, 0x008F, 0x008F, 0x008F, 0x008F, 0x008F, 0x008F, 0x008F, 0x008F, 0x008F,
  0x008F, 0x008F, 0x008F, 0x008F, 0x008F, 0x008F, 0x008F, 0x008F, 0x008F, 0x008F, 0x008F, 0x008F,
  0x008F, 0x008F, 0x008F, 0x008F, 0x008F, 0x008F, 0x008F, 0x008F, 0x008F, 0x008F, 0x008F, 0x008F,
  0x008F, 0x008F, 0x00AF, 0x00AF, 0x00AF, 0x00AF, 0x008F, 0x008F, 0x008F, 0x008F, 0x008F, 0x008F,
  0x008F, 0x008F, 0x008F, 0x008F, 0x008F, 0x008F, 0x008F, 0x008F, 0x008F, 0x008F, 0x008F, 0x008F,
  0x008F, 0x008F, 0x008F, 0x008F, 0x008F, 0x008F, 0x008F, 0x008F, 0x008F, 0x008F, 0x00AE, 0x00AE,
  0x00AE, 0x008E, 0x008F, 0x008F, 0x008F, 0x00AF, 0x00AF, 0x00AF, 0x00AF, 0x008F, 0x008F, 0x008F,
  0x00AF, 0x00AF, 0x00AF, 0x00AF, 0x00AF, 0x059E, 0x05DF, 0x069F, 0xFFFF, 0xF7DF, 0x326D, 0xA598,
  0xFFFF, 0xFFFF, 0xFFFF, 0xFFFF, 0xFFFF, 0xF7FF, 0x975F, 0x063F, 0x05FF, 0x05FF, 0x05FF, 0x061F,
  0x571F, 0xDFBF, 0x065F, 0x05FF, 0x05FF, 0x069F, 0x7C57, 0x00AF, 0x008F, 0x008F, 0x008F, 0x008F,
  0x00AF, 0x00AF, 0x00AF, 0x008F, 0xAD55, 0xAD55, 0xAD35, 0xAD55, 0xAD55, 0xAD55, 0xAD34, 0xAD54,
  0x0493, 0x0454, 0x0474, 0x0494, 0x0494, 0x0494, 0x0494, 0x0494, 0x0494, 0x0494, 0x0494, 0x0474,
  0x0474, 0x0474, 0x0474, 0x0474, 0x0474, 0x0474, 0x0474, 0x0474, 0x0474, 0x0494, 0x0454, 0x0392,
  0x8D34, 0xA555, 0x9514, 0xA555, 0xAD35, 0xAD34, 0xAD35, 0xAD35, 0xAD35, 0xAD35, 0xAD35, 0xAD35,
  0xAD35, 0xAD55, 0xAD55, 0xAD55, 0xAD55, 0xAD55, 0xAD55, 0xAD55, 0xAD55, 0xAD55, 0xAD55, 0xAD55,
  0xAD55, 0xAD55, 0xAD55, 0xAD55, 0xAD55, 0xAD55, 0xAD55, 0xAD55, 0xAD55, 0xAD55, 0xAD55, 0xAD55,
  0xAD55, 0xAD55, 0xAD55, 0x6371, 0x000D, 0x008F, 0x00AF, 0x00AF, 0x00AF, 0x008F, 0x00AF, 0x002E,
  0x000D, 0x42D1, 0xAD55, 0xAD55, 0x000C, 0x000B, 0x218E, 0x8C93, 0xAD55, 0xAD55, 0xAD35, 0xAD35,
  0xAD55, 0xAD55, 0xAD55, 0xAD55, 0xAD55, 0xAD55, 0xAD35, 0xAD55, 0x7452, 0x000B, 0x300F, 0x708D,
  0xACD3, 0x7D13, 0x6BF2, 0xAD55, 0xAD54, 0xAD55, 0xAD55, 0xA534, 0x94D4, 0x8C93, 0x8C73, 0x94D4,
  0x8535, 0x2311, 0x008D, 0x002E, 0x008F, 0x00AF, 0x00AF, 0x00AF, 0x00AF, 0x00AF, 0x00AF, 0x008F,
  0x008F, 0x00AF, 0x00AF, 0x00AF, 0x00AF, 0x00AF, 0x00AF, 0x00AF, 0x00AF, 0x00AF, 0x00AF, 0x00AF,
  0x00AF, 0x00AF, 0x008F, 0x008F, 0x008F, 0x008F, 0x008F, 0x008F, 0x008F, 0x008F, 0x008F, 0xFFFF,
  0x008E, 0x008E, 0x008E, 0x008F, 0x008F, 0x008F, 0x008F, 0x008F, 0x008F, 0x008F, 0x008F, 0x008F,
  0x008F, 0x008F, 0x008F, 0x008F, 0x008F, 0x008F, 0x008F, 0x008F, 0x008F, 0x008F, 0x008F, 0x008F,
  0x008F, 0x008F, 0x008F, 0x008F, 0x008F, 0x008F, 0x008F, 0x008F, 0x008F, 0x008F, 0x008F, 0x008F,
  0x008F, 0x008F, 0x008F, 0x008F, 0x008F, 0x008F, 0x008F, 0x008F, 0x008F, 0x008F, 0x008F, 0x008F,
  0x008F, 0x008F, 0x008F, 0x008F, 0x008F, 0x008F, 0x008F, 0x008F, 0x008F, 0x008F, 0x008F, 0x008F,
  0x008F, 0x008F, 0x008F, 0x008F, 0x008F, 0x008F, 0x008F, 0x008F, 0x008F, 0x008F, 0x008F, 0x008F,
  0x008F, 0x008F, 0x008F, 0x008F, 0x008F, 0x008F, 0x008F, 0x008F, 0x008F, 0x008F, 0x008F, 0x008F,
  0x008F, 0x008F, 0x008F, 0x008F, 0x008F, 0x008F, 0x008F, 0x008F, 0x008F, 0x008F, 0x008F, 0x008F,
  0x008F, 0x008F, 0x008F, 0x008F, 0x008F, 0x008F, 0x008F, 0x008F, 0x008F, 0x008F, 0x008F, 0x008F,
  0x008F, 0x008F, 0x008F, 0x008F, 0x008F, 0x008F, 0x008F, 0x008F, 0x008F, 0x008F, 0x008F, 0x008F,
  0x008F, 0x008F, 0x008F, 0x008F, 0x008F, 0x008F, 0x008F, 0x008F, 0x008F, 0x008F, 0x008F, 0x008F,
  0x03B8, 0x05FF, 0x061F, 0xC79F, 0xFFFF, 0x84B5, 0x0087, 0x0087, 0x328E, 0xCE9B, 0xFFFF, 0xFFFF,
  0xFFFF, 0xFFFF, 0xFFFF, 0xE7DF, 0x471F, 0x05FF, 0x05FF, 0x05FF, 0x05FF, 0x067F, 0xEFDF, 0x065F,
  0x05FF, 0xBEDD, 0x00CF, 0x008F, 0x008F, 0x008F, 0x008F, 0x008F, 0x008F, 0x008F, 0x008F, 0x008F,
  0x04B4, 0x8534, 0xAD55, 0xAD54, 0xA534, 0xA535, 0xAD34, 0xAD55, 0x6CD4, 0x0453, 0x0474, 0x0474,
  0x0474, 0x0494, 0x0494, 0x0494, 0x0494, 0x0434, 0x0434, 0x0495, 0x0474, 0x0474, 0x0474, 0x0474,
  0x0474, 0x0474, 0x0474, 0x0474, 0x0474, 0x0474, 0x0495, 0x03D3, 0x4CB4, 0xA555, 0xA534, 0xAD35,
  0xA535, 0xAD35, 0xAD35, 0xAD35, 0xAD35, 0xAD35, 0xAD35, 0xAD35, 0xAD35, 0xAD55, 0xAD55, 0xAD55,
  0xAD55, 0xAD55, 0xAD55, 0xAD55, 0xAD55, 0xAD55, 0xAD55, 0xAD55, 0xAD55, 0xAD55, 0xAD55, 0xAD55,
  0xAD55, 0xAD55, 0xAD55, 0xAD55, 0xAD55, 0xAD55, 0xAD55, 0xAD55, 0xAD55, 0xAD35, 0xAD55, 0x8C92,
  0x002C, 0x006F, 0x008F, 0x008F, 0x008F, 0x008F, 0x008F, 0x00AF, 0x004F, 0x000D, 0x198E, 0xA555,
  0x63B1, 0x000C, 0x000D, 0x280C, 0xAB92, 0xAD55, 0xAD55, 0xAD55, 0xAD35, 0xAD35, 0xAD35, 0xAD35,
  0xAD35, 0xAD35, 0xAD35, 0xAD55, 0xAD55, 0x226E, 0x000B, 0x000E, 0x190D, 0x8D55, 0x7C92, 0xAD55,
  0xAD55, 0x8493, 0x5B91, 0x4310, 0x4330, 0x5370, 0x5B91, 0x5371, 0x5B90, 0x53B2, 0x1270, 0x008D,
  0x000D, 0x004E, 0x008F, 0x008F, 0x008F, 0x008F, 0x008F, 0x008F, 0x008F, 0x008F, 0x008F, 0x008F,
  0x008F, 0x008F, 0x008F, 0x008F, 0xB61B, 0x2232, 0x008F, 0x008F, 0x008F, 0x008F, 0x008F, 0x008F,
  0x008F, 0x008F, 0x008F, 0x008F, 0x008F, 0x008F, 0x008F, 0xFFFF, 0x008F, 0x008F, 0x008F, 0x008F,
  0x008F, 0x008F, 0x008F, 0x008F, 0x008F, 0x008F, 0x008F, 0x008F, 0x008F, 0x008F, 0x008F, 0x008F,
  0x008F, 0x008F, 0x008F, 0x008F, 0x008F, 0x008F, 0x008F, 0x008F, 0x008F, 0x008F, 0x008F, 0x008F,
  0x008F, 0x008F, 0x008F, 0x008F, 0x008F, 0x008F, 0x008F, 0x008F, 0x008F, 0x008F, 0x008F, 0x008F,
  0x008F, 0x008F, 0x008F, 0x008F, 0x008F, 0x008F, 0x008F, 0x008F, 0x008F, 0x008F, 0x008F, 0x008F,
  0x008F, 0x008F, 0x008F, 0x008F, 0x008F, 0x008F, 0x008F, 0x008F, 0x008F, 0x008F, 0x008F, 0x008F,
  0x008F, 0x008F, 0x008F, 0x008F, 0x008F, 0x008F, 0x008F, 0x008F, 0x008F, 0x008F, 0x008F, 0x008F,
  0x008F, 0x008F, 0x008F, 0x008F, 0x008F, 0x008F, 0x008F, 0x008F, 0x008F, 0x008F, 0x008F, 0x008F,
  0x008F, 0x008F, 0x008F, 0x008F, 0x008F, 0x008F, 0x008F, 0x008F, 0x008F, 0x008F, 0x008F, 0x008F,
  0x008F, 0x008F, 0x008F, 0x008E, 0x008E, 0x008F, 0x008F, 0x008E, 0x008E, 0x008E, 0x008F, 0x008F,
  0x008F, 0x008F, 0x008F, 0x008F, 0x008F, 0x008F, 0x008F, 0x008F, 0x008F, 0x008F, 0x008F, 0x008F,
  0x008F, 0x008F, 0x008F, 0x008F, 0x008F, 0x008F, 0x008F, 0x0130, 0x05DF, 0x05FF, 0x26FF, 0xFFFF,
  0xFFFF, 0x42EF, 0x0087, 0x0087, 0x0087, 0x0087, 0x5B91, 0xEF7E, 0xFFFF, 0xFFFF, 0xFFFF, 0xFFFF,
  0xFFFF, 0xBF9F, 0x05FF, 0x05FF, 0x05FF, 0x05FF, 0x05FF, 0xFFFF, 0x873F, 0x3293, 0x008F, 0x008F,
  0x008F, 0x008F, 0x008F, 0x008F, 0x008F, 0x008F, 0x008F, 0x008F, 0x0494, 0x0493, 0x6D14, 0xAD55,
  0xAD34, 0xA535, 0xA554, 0xAD54, 0x9D34, 0x0473, 0x0474, 0x0474, 0x0474, 0x0494, 0x0494, 0x0494,
  0x0494, 0x0434, 0x0352, 0x0475, 0x0494, 0x0474, 0x0474, 0x0474, 0x0474, 0x0474, 0x0474, 0x0474,
  0x0474, 0x0474, 0x0495, 0x0413, 0x03D1, 0x9D55, 0xAD55, 0xAD35, 0xA535, 0xAD35, 0xAD55, 0xAD55,
  0xAD55, 0xAD55, 0xAD55, 0xAD55, 0xAD55, 0xAD55, 0xAD55, 0xAD55, 0xAD55, 0xAD55, 0xAD55, 0xAD55,
  0xAD55, 0xAD55, 0xAD55, 0xAD55, 0xAD55, 0xAD55, 0xAD55, 0xAD55, 0xAD55, 0xAD55, 0xAD55, 0xAD55,
  0xAD55, 0xAD55, 0xAD55, 0xAD55, 0xAD55, 0xAD35, 0xAD55, 0xA513, 0x00ED, 0x000E, 0x008F, 0x008F,
  0x008F, 0x008F, 0x008F, 0x008F, 0x008F, 0x008F, 0x000D, 0x010F, 0x7453, 0x01CE, 0x002E, 0x682F,
  0x900D, 0x9AB0, 0xAD55, 0xAD55, 0xAD35, 0xAD35, 0xAD35, 0xAD35, 0xAD35, 0xAD35, 0xAD35, 0xAD35,
  0xAD55, 0xA554, 0x094D, 0x000E, 0x000E, 0x2A70, 0x7CD4, 0x63D1, 0x5B91, 0x42F0, 0x5B71, 0x8493,
  0x9D14, 0xA555, 0xAD55, 0xA535, 0x9CF4, 0x94B3, 0x8493, 0x4B51, 0x11EF, 0x008D, 0x000D, 0x006E,
  0x008F, 0x008F, 0x008F, 0x008F, 0x008F, 0x008F, 0x008F, 0x008F, 0x008F, 0x008F, 0x008F, 0x008F,
  0xFFFF, 0xFFFF, 0xA579, 0x0991, 0x008F, 0x008F, 0x008F, 0x008F, 0x008F, 0x008F, 0x008F, 0x008F,
  0x008F, 0x008F, 0x008F, 0xFFFF, 0x008F, 0x008F, 0x008F, 0x008F, 0x008F, 0x008F, 0x008F, 0x008F,
  0x008F, 0x008F, 0x008F, 0x008F, 0x008F, 0x008F, 0x008F, 0x008F, 0x008F, 0x008F, 0x008F, 0x008F,
  0x008F, 0x008F, 0x008F, 0x008F, 0x008F, 0x008F, 0x008F, 0x008F, 0x008F, 0x008F, 0x008F, 0x008F,
  0x008F, 0x008F, 0x008F, 0x008F, 0x008F, 0x008F, 0x008F, 0x008F, 0x008F, 0x008F, 0x008F, 0x008F,
  0x008F, 0x008F, 0x008F, 0x008F, 0x008F, 0x008F, 0x008F, 0x008F, 0x008F, 0x008F, 0x008F, 0x008F,
  0x008F, 0x008F, 0x008F, 0x008F, 0x008F, 0x008F, 0x008F, 0x008F, 0x008F, 0x008F, 0x008F, 0x008F,
  0x008F, 0x008F, 0x008F, 0x008F, 0x008F, 0x008F, 0x008F, 0x008F, 0x008F, 0x008F, 0x008F, 0x008F,
  0x008F, 0x008F, 0x008F, 0x008F, 0x008F, 0x008F, 0x008F, 0x008F, 0x008F, 0x008F, 0x008F, 0x008F,
  0x008F, 0x008F, 0x008F, 0x008F, 0x008F, 0x008F, 0x008F, 0x008F, 0x008F, 0x008F, 0x008F, 0x008E,
  0x008E, 0xB5DA, 0xD69C, 0x008E, 0x008E, 0x008E, 0x008F, 0x52F3, 0xEF5E, 0xFFFF, 0xF7BE, 0x6B94,
  0x9CF7, 0xFFFF, 0xFFFF, 0xFFFF, 0xFFFF, 0x3A51, 0x008F, 0x008F, 0x008F, 0x008F, 0x008F, 0x008F,
  0x008F, 0x008F, 0x008F, 0x045A, 0x05FF, 0x065F, 0xEFDF, 0xFFFF, 0xFFFF, 0xFFFF, 0xADB8, 0x09AB,
  0x0087, 0x0087, 0x0087, 0x0109, 0x84B5, 0xFFDF, 0xFFFF, 0xFFFF, 0xFFFF, 0xFFFF, 0x067F, 0x05FF,
  0x05FF, 0x05FF, 0x05FF, 0x06BF, 0xA57A, 0x008F, 0x008F, 0x008F, 0x008F, 0x008F, 0x008F, 0x008F,
  0x008F, 0x008F, 0x008F, 0x008F, 0x03D4, 0x04D4, 0x0453, 0x04F4, 0xAD55, 0xAD55, 0xAD35, 0xAD34,
  0xAD55, 0x2C94, 0x0454, 0x0474, 0x0474, 0x0494, 0x0494, 0x0474, 0x0494, 0x04D5, 0x0230, 0x0312,
  0x04F5, 0x0474, 0x0474, 0x0474, 0x0474, 0x0474, 0x0474, 0x0474, 0x0474, 0x0474, 0x04B5, 0x0453,
  0x0189, 0x226F, 0x8CF4, 0xAD55, 0xAD35, 0xAD35, 0xAD55, 0xAD55, 0xAD55, 0xAD55, 0xAD55, 0xAD55,
  0xAD55, 0xAD55, 0xAD55, 0xAD55, 0xAD55, 0xAD55, 0xAD55, 0xAD55, 0xAD55, 0xAD55, 0xAD55, 0xAD55,
  0xAD55, 0xAD55, 0xAD55, 0xAD55, 0xAD55, 0xAD55, 0xAD55, 0xAD55, 0xAD55, 0xAD55, 0xAD55, 0xAD55,
  0xAD54, 0xAD54, 0xAD55, 0xAD55, 0x428F, 0x000C, 0x008F, 0x008F, 0x008F, 0x008F, 0x008F, 0x008F,
  0x008F, 0x008F, 0x008F, 0x000F, 0x00CF, 0x0210, 0x308F, 0x98B0, 0x882E, 0x700C, 0x816E, 0xA4D4,
  0xAD55, 0xAD55, 0xA534, 0xAD55, 0xAD55, 0xAD34, 0xAD35, 0xAD35, 0xAD34, 0xAD55, 0x8CB3, 0x000B,
  0x000F, 0x000E, 0x0190, 0x4310, 0x7C52, 0xA534, 0xAD55, 0xAD55, 0xAD55, 0xAD55, 0xAD55, 0xAD55,
  0xAD55, 0xAD55, 0xAD55, 0xAD55, 0xA555, 0x6C13, 0x1A0F, 0x002C, 0x002E, 0x008F, 0x008F, 0x008F,
  0x008F, 0x008F, 0x008F, 0x008F, 0x008F, 0x008F, 0x008F, 0x008F, 0xFFFF, 0xFFFF, 0xFFFF, 0xF7BF,
  0x8CD8, 0x0110, 0x008F, 0x008F, 0x008F, 0x008F, 0x008F, 0x008F, 0x008F, 0x008F, 0x008F, 0xFFFF,
  0x008F, 0x008F, 0x008F, 0x008F, 0x008F, 0x008F, 0x008F, 0x008F, 0x008F, 0x008F, 0x008F, 0x008F,
  0x008F, 0x008F, 0x008F, 0x008F, 0x008F, 0x008F, 0x008F, 0x008F, 0x008F, 0x008F, 0x008F, 0x008F,
  0x008F, 0x008F, 0x008F, 0x008F, 0x008F, 0x008F, 0x008F, 0x008F, 0x008F, 0x008F, 0x008F, 0x008F,
  0x008F, 0x008F, 0x008F, 0x008F, 0x008F, 0x008F, 0x008F, 0x008F, 0x008F, 0x008F, 0x008F, 0x008F,
  0x008F, 0x008F, 0x008F, 0x008F, 0x008F, 0x008F, 0x008F, 0x008F, 0x008F, 0x008F, 0x008F, 0x008F,
  0x008F, 0x008F, 0x008F, 0x008F, 0x008F, 0x008F, 0x008F, 0x008F, 0x008F, 0x008F, 0x008F, 0x008F,
  0x008F, 0x008F, 0x008F, 0x008F, 0x008F, 0x008F, 0x008F, 0x008F, 0x008F, 0x008F, 0x008F, 0x008F,
  0x008F, 0x008F, 0x008F, 0x008F, 0x008F, 0x008F, 0x008F, 0x008F, 0x008F, 0x008F, 0x008F, 0x008F,
  0x008F, 0x008F, 0x008F, 0x008F, 0x008F, 0x008F, 0x008F, 0x2190, 0xD69B, 0xFFFF, 0xD69C, 0x008E,
  0x008E, 0x008E, 0x008E, 0xC63B, 0xF7BE, 0xB5DA, 0xF7BE, 0xDEFD, 0x6B94, 0xB5DA, 0xB5DA, 0xEF5E,
  0xEF5E, 0x2190, 0x008F, 0x008F, 0x008F, 0x008F, 0x008F, 0x008F, 0x008F, 0x008F, 0x0213, 0x05FF,
  0x05FF, 0x6F3F, 0xFFFF, 0xFFFF, 0xFFFF, 0xFFFF, 0xFFFF, 0xF7BE, 0x7C94, 0x00E8, 0x0087, 0x0087,
  0x0087, 0x09AB, 0xADD8, 0xFFFF, 0xFFFF, 0xFFFF, 0x06BF, 0x05FF, 0x05FF, 0x05FF, 0x05FF, 0x8F1E,
  0x0150, 0x008F, 0x008F, 0x008F, 0x008F, 0x008F, 0x008F, 0x008F, 0x008F, 0x008F, 0x008F, 0x008F,
  0x01B0, 0x0495, 0x04B4, 0x0453, 0x04D4, 0x9D55, 0xAD55, 0xAD35, 0xAD55, 0x6CD4, 0x0454, 0x0474,
  0x0474, 0x0474, 0x0474, 0x0474, 0x0494, 0x0515, 0x020F, 0x010D, 0x04B5, 0x0494, 0x0474, 0x0474,
  0x0474, 0x0474, 0x0474, 0x0474, 0x0474, 0x0474, 0x0495, 0x04B4, 0x016A, 0x010C, 0x33B3, 0x7C94,
  0xAD55, 0xAD35, 0xAD55, 0xAD55, 0xAD55, 0xAD55, 0xAD55, 0xAD55, 0xAD55, 0xAD55, 0xAD55, 0xAD55,
  0xAD55, 0xAD55, 0xAD55, 0xAD55, 0xAD55, 0xAD55, 0xAD55, 0xAD55, 0xAD55, 0xAD55, 0xAD55, 0xAD55,
  0xAD55, 0xAD55, 0xAD55, 0xAD55, 0xAD55, 0xAD55, 0xAD55, 0xAD55, 0xAD55, 0xAD55, 0xAD35, 0xAD55,
  0x7C12, 0x000C, 0x006F, 0x008F, 0x008F, 0x008F, 0x008F, 0x008F, 0x008F, 0x008F, 0x008F, 0x008F,
  0x002E, 0x004D, 0x68D0, 0x988F, 0x808F, 0x808F, 0x700D, 0x808D, 0x9BD2, 0xAD55, 0xAD54, 0x8431,
  0x9CD4, 0xAD55, 0xAD54, 0xA534, 0xA534, 0xAD54, 0xAD55, 0x5330, 0x000C, 0x000F, 0x000C, 0x6BD3,
  0xAD55, 0xAD55, 0xAD35, 0xA535, 0xAD55, 0xAD55, 0xAD55, 0xAD55, 0xAD55, 0xAD55, 0xAD55, 0xAD55,
  0xAD55, 0xAD55, 0x9D35, 0x32B0, 0x004C, 0x002E, 0x008F, 0x008F, 0x008F, 0x008F, 0x008F, 0x008F,
  0x008F, 0x008F, 0x008F, 0x008F, 0xFFFF, 0xFFFF, 0xFFFF, 0xFFFF, 0xFFFF, 0xEF7E, 0x6C16, 0x00CF,
  0x008F, 0x008F, 0x008F, 0x008F, 0x008F, 0x008F, 0x008F, 0xFFFF, 0x008F, 0x008F, 0x008F, 0x008F,
  0x008F, 0x008F, 0x008F, 0x008F, 0x008F, 0x008F, 0x008F, 0x008F, 0x008F, 0x008F, 0x008F, 0x008F,
  0x008F, 0x008F, 0x008F, 0x008F, 0x008F, 0x008F, 0x008F, 0x008F, 0x008F, 0x008F, 0x008F, 0x008F,
  0x008F, 0x008F, 0x008F, 0x008F, 0x008F, 0x008F, 0x008F, 0x008F, 0x008F, 0x008F, 0x008F, 0x008F,
  0x008F, 0x008F, 0x008F, 0x008F, 0x008F, 0x008F, 0x008F, 0x008F, 0x008F, 0x008F, 0x008F, 0x008F,
  0x008F, 0x008F, 0x008F, 0x008F, 0x008F, 0x008F, 0x008F, 0x008F, 0x008F, 0x008F, 0x008F, 0x008F,
  0x008F, 0x008F, 0x008F, 0x008F, 0x008F, 0x008F, 0x008F, 0x008F, 0x008F, 0x008F, 0x008F, 0x008F,
  0x008F, 0x008F, 0x008F, 0x008F, 0x008F, 0x008F, 0x008F, 0x008F, 0x008F, 0x008F, 0x008F, 0x008F,
  0x008F, 0x008F, 0x008F, 0x008F, 0x008F, 0x008F, 0x008F, 0x008F, 0x008F, 0x008F, 0x008F, 0x008F,
  0x008F, 0x008F, 0x008F, 0x3A51, 0xFFFF, 0xDEFD, 0xD69C, 0x008E, 0x3A51, 0xFFFF, 0x8C96, 0x9CF7,
  0x8C96, 0x008F, 0xAD78, 0xEF5E, 0x008F, 0x008F, 0x6B94, 0xFFFF, 0x8C96, 0x008F, 0x008F, 0x008F,
  0x008F, 0x008F, 0x008F, 0x008F, 0x008F, 0x008F, 0x055D, 0x05FF, 0x069F, 0xFFFF, 0xFFFF, 0xFFFF,
  0xFFFF, 0xFFFF, 0xFFFF, 0xFFFF, 0xFFFF, 0xE75D, 0x5B91, 0x0087, 0x0087, 0x0087, 0x0087, 0x4B30,
  0xFFFF, 0xD7BF, 0x061F, 0x05FF, 0x05FF, 0x05FF, 0x067F, 0x63B6, 0x008F, 0x008F, 0x008F, 0x008F,
  0x008F, 0x008F, 0x008F, 0x008F, 0x008F, 0x008F, 0x008F, 0x008F, 0x31AE, 0x018F, 0x0555, 0x04B4,
  0x0453, 0x0493, 0x7D34, 0xAD55, 0xAD55, 0xA534, 0x0474, 0x0474, 0x0474, 0x0474, 0x0474, 0x0474,
  0x0494, 0x0515, 0x02F1, 0x000B, 0x0353, 0x0535, 0x0474, 0x0474, 0x0474, 0x0474, 0x0474, 0x0474,
  0x0474, 0x0474, 0x0494, 0x04D5, 0x02B1, 0x00CC, 0x4BF3, 0x2B51, 0x6C12, 0xAD55, 0xAD55, 0xAD54,
  0xAD55, 0xAD55, 0xAD55, 0xAD55, 0xAD55, 0xAD55, 0xAD55, 0xAD55, 0xAD55, 0xAD55, 0xAD55, 0xAD55,
  0xAD55, 0xAD55, 0xAD55, 0xAD55, 0xAD55, 0xAD55, 0xAD55, 0xAD55, 0xAD55, 0xAD55, 0xAD55, 0xAD54,
  0xAD54, 0xAD55, 0xAD55, 0x9CD3, 0x9CD3, 0xAD55, 0xAD35, 0xAD55, 0xA534, 0x00ED, 0x000E, 0x008F,
  0x008F, 0x008F, 0x008F, 0x008F, 0x008F, 0x008E, 0x008F, 0x008F, 0x008E, 0x108F, 0x888F, 0x906F,
  0x808F, 0x788F, 0x808F, 0x800E, 0x700D, 0x822F, 0xAD34, 0xA4F3, 0x424D, 0x7BF2, 0xAD55, 0xAD54,
  0xAD34, 0xAD34, 0xAD55, 0x9D55, 0x00EC, 0x000C, 0x08EE, 0x8C73, 0xAD55, 0xAD35, 0xAD55, 0xAD55,
  0xA514, 0x8C71, 0x8430, 0x8430, 0x8430, 0x8C30, 0x8C71, 0xA534, 0xAD55, 0xAD55, 0xAD55, 0xAD55,
  0x5BB2, 0x008D, 0x000E, 0x008F, 0x008F, 0x008E, 0x008E, 0x008E, 0x008E, 0x008E, 0x008E, 0x008E,
  0xFFFF, 0xFFFF, 0xFFFF, 0xFFFF, 0xFFFF, 0xFFFF, 0xFFFF, 0xE73D, 0x5355, 0x008F, 0x008F, 0x008F,
  0x008F, 0x008F, 0x008F, 0xFFFF, 0x008F, 0x008F, 0x008F, 0x05FF, 0x05FF, 0x05FF, 0x05FF, 0x05FF,
  0x05FF, 0x05FF, 0x05FF, 0x05FF, 0x05FF, 0x05FF, 0x05FF, 0x05FF, 0x05FF, 0x05FF, 0x05FF, 0x05FF,
  0x05FF, 0x05FF, 0x05FF, 0x05FF, 0x05FF, 0x05FF, 0x05FF, 0x05FF, 0x05FF, 0x05FF, 0x05FF, 0x05FF,
  0x05FF, 0x05FF, 0x05FF, 0x05FF, 0x05FF, 0x05FF, 0x05FF, 0x05FF, 0x05FF, 0x05FF, 0x05FF, 0x05FF,
  0x05FF, 0x05FF, 0x05FF, 0x05FF, 0x05FF, 0x05FF, 0x05FF, 0x05FF, 0x05FF, 0x05FF, 0x05FF, 0x05FF,
  0x05FF, 0x05FF, 0x05FF, 0x05FF, 0x05FF, 0x05FF, 0x05FF, 0x05FF, 0x05FF, 0x05FF, 0x05FF, 0x05FF,
  0x05FF, 0x05FF, 0x05FF, 0x05FF, 0x05FF, 0x05FF, 0x05FF, 0xFFFF, 0xFFFF, 0xFFFF, 0xFFFF, 0xFFFF,
  0xFFFF, 0xFFFF, 0xFFFF, 0xFFFF, 0xFFFF, 0xFFFF, 0xFFFF, 0xFFFF, 0xFFFF, 0xFFFF, 0xFFFF, 0xFFFF,
  0xFFFF, 0xFFFF, 0xFFFF, 0xFFFF, 0xFFFF, 0xFFFF, 0xFFFF, 0xFFFF, 0x008F, 0x008F, 0x008F, 0x008F,
  0x008F, 0xB5DA, 0xD69C, 0x008F, 0x2190, 0xB5DA, 0x52F3, 0x008F, 0x008F, 0x3A51, 0xEF5E, 0xB5DA,
  0x008F, 0x008F, 0xD69C, 0xEF5E, 0x008F, 0x008F, 0x008F, 0x008F, 0x008F, 0x008F, 0x008F, 0x008F,
  0x008F, 0x02F6, 0x05FF, 0x061F, 0xB79F, 0xFFFF, 0xFFFF, 0xFFFF, 0xFFFF, 0xFFFF, 0xFFFF, 0xFFFF,
  0xFFFF, 0xFFFF, 0xFFFF, 0xC67A, 0x2A4D, 0x0087, 0x0087, 0x84B5, 0xFFFF, 0x069F, 0x05FF, 0x05FF,
  0x05FF, 0x05FF, 0x965C, 0x008F, 0x008F, 0x008F, 0x008F, 0x008F, 0x008F, 0x008F, 0x008F, 0x008F,
  0x008F, 0x008F, 0x008F, 0x008F, 0x9493, 0x006C, 0x02D2, 0x0515, 0x04B4, 0x0473, 0x0493, 0x7514,
  0xAD55, 0xAD55, 0x0493, 0x0454, 0x0474, 0x0474, 0x0474, 0x0474, 0x0474, 0x04F5, 0x0392, 0x000C,
  0x0190, 0x04F5, 0x0494, 0x0474, 0x0474, 0x0474, 0x0474, 0x0474, 0x0474, 0x0474, 0x0494, 0x04B5,
  0x02B2, 0x000C, 0x5390, 0x7430, 0x4310, 0x8CF4, 0xAD55, 0xAD54, 0xAD55, 0xAD55, 0xAD55, 0xAD55,
  0xAD55, 0xAD55, 0xAD55, 0xAD55, 0xAD55, 0xAD55, 0xAD55, 0xAD55, 0xAD55, 0xAD55, 0xAD55, 0xAD55,
  0xAD55, 0xAD55, 0xAD55, 0xAD55, 0xAD55, 0xAD55, 0xAD55, 0xAD54, 0xAD54, 0xAD55, 0xAD55, 0x9CF3,
  0x4A6C, 0x9493, 0xAD55, 0xAD55, 0xAD55, 0x2A0F, 0x000D, 0x008F, 0x008F, 0x008F, 0x008F, 0x008F,
  0x008F, 0x008E, 0x008E, 0x008E, 0x008E, 0x50AF, 0x908F, 0x808F, 0x788F, 0x788F, 0x788F, 0x788F,
  0x784F, 0x700C, 0x614F, 0x8CD4, 0x94D2, 0x190B, 0x52B0, 0xAD55, 0xAD55, 0xAD55, 0x9CF4, 0x42CE,
  0x63B1, 0x8C73, 0x9D34, 0xAD55, 0xAD55, 0xAD55, 0x9CF3, 0x8C51, 0x8410, 0x8430, 0x8C71, 0x94B2,
  0x94B2, 0x9471, 0x8430, 0x8430, 0x8C71, 0xA514, 0xAD55, 0xAD55, 0xAD55, 0x4311, 0x002C, 0x004E,
  0x008F, 0x008E, 0x008E, 0x008E, 0x008E, 0x008E, 0x008E, 0x008E, 0xFFFF, 0xFFFF, 0xFFFF, 0xFFFF,
  0xFFFF, 0xFFFF, 0xFFFF, 0xFFFF, 0xFFFF, 0xCE9C, 0x3AB3, 0x008F, 0x008F, 0x008F, 0x008F, 0xFFFF,
  0x008F, 0x008F, 0x008F, 0x05FF, 0x05FF, 0x05FF, 0x05FF, 0x05FF, 0x05FF, 0x05FF, 0x05FF, 0x05FF,
  0x05FF, 0x05FF, 0x05FF, 0x05FF, 0x05FF, 0x05FF, 0x05FF, 0x05FF, 0x05FF, 0x05FF, 0x05FF, 0x05FF,
  0x05FF, 0x05FF, 0x05FF, 0x05FF, 0x05FF, 0x05FF, 0x05FF, 0x05FF, 0x05FF, 0x05FF, 0x05FF, 0x05FF,
  0x05FF, 0x05FF, 0x05FF, 0x05FF, 0x05FF, 0x05FF, 0x05FF, 0x05FF, 0x05FF, 0x05FF, 0x05FF, 0x05FF,
  0x05FF, 0x05FF, 0x05FF, 0x05FF, 0x05FF, 0x05FF, 0x05FF, 0x05FF, 0x05FF, 0x05FF, 0x05FF, 0x05FF,
  0x05FF, 0x05FF, 0x05FF, 0x05FF, 0x05FF, 0x05FF, 0x05FF, 0x05FF, 0x05FF, 0x05FF, 0x05FF, 0x05FF,
  0x05FF, 0x05FF, 0x05FF, 0xFFFF, 0xFFFF, 0xFFFF, 0xFFFF, 0xFFFF, 0xFFFF, 0xFFFF, 0xFFFF, 0xFFFF,
  0xFFFF, 0xFFFF, 0xFFFF, 0xFFFF, 0xFFFF, 0xFFFF, 0xFFFF, 0xFFFF, 0xFFFF, 0xFFFF, 0xFFFF, 0xFFFF,
  0xFFFF, 0xFFFF, 0xFFFF, 0xFFFF, 0x008F, 0x008F, 0x008F, 0x008F, 0x008F, 0xB5DA, 0xD69C, 0x008F,
  0x008F, 0x008F, 0x008F, 0x008F, 0x2190, 0xDEFD, 0xDEFD, 0x2190, 0x008F, 0x2190, 0xFFFF, 0x9CF8,
  0x008F, 0x008F, 0x008F, 0x008F, 0x008F, 0x008F, 0x008F, 0x008F, 0x0110, 0x05DF, 0x05FF, 0x06DF,
  0xF7DF, 0x328E, 0xA597, 0xFFFF, 0xFFFF, 0xFFFF, 0xFFFF, 0xFFFF, 0xFFFF, 0xFFFF, 0xFFFF, 0xFFFF,
  0xFFFF, 0xA597, 0x326D, 0xF7DF, 0xAF7F, 0x05FF, 0x05FF, 0x05FF, 0x05FF, 0x06DF, 0x2212, 0x008F,
  0x008F, 0x008F, 0x008F, 0x008F, 0x008F, 0x008F, 0x008F, 0x008F, 0x008F, 0x008F, 0x008F, 0x008F,
  0xAD55, 0x4B51, 0x000B, 0x0252, 0x0515, 0x04D4, 0x0474, 0x0474, 0x5CF4, 0xAD55, 0x64D4, 0x0453,
  0x0474, 0x0474, 0x0474, 0x0495, 0x0474, 0x04D5, 0x03F3, 0x00AE, 0x000D, 0x0353, 0x0515, 0x0474,
  0x0474, 0x0474, 0x0474, 0x0474, 0x0474, 0x0474, 0x04B5, 0x0474, 0x018E, 0x000D, 0x32F0, 0x2470,
  0x2C12, 0x5B91, 0xAD55, 0xAD55, 0xAD55, 0xAD55, 0xAD55, 0xAD55, 0xAD55, 0xAD55, 0xAD55, 0xAD55,
  0xAD55, 0xAD55, 0xAD55, 0xAD55, 0xAD55, 0xAD55, 0xAD55, 0xAD55, 0xAD55, 0xAD55, 0xAD55, 0xAD55,
  0xAD55, 0xAD55, 0xAD55, 0xAD55, 0xAD55, 0xAD55, 0xAD54, 0xAD55, 0x4ACF, 0x08CC, 0xAD55, 0xAD55,
  0xAD55, 0x5B51, 0x000C, 0x006F, 0x008F, 0x008F, 0x008F, 0x008F, 0x008F, 0x008F, 0x008F, 0x006E,
  0x28AF, 0x98AF, 0x908F, 0x888F, 0x888F, 0x888F, 0x888F, 0x888E, 0x888E, 0x9890, 0x380E, 0x000D,
  0x6BB2, 0xAD55, 0x10EC, 0x108C, 0x94D4, 0xAD55, 0x636F, 0x7C11, 0xAD55, 0xAD55, 0xAD55, 0xAD55,
  0xAD55, 0x8430, 0x840F, 0x9492, 0xA534, 0xAD55, 0xAD55, 0xAD55, 0xA534, 0xAD55, 0xAD55, 0xAD55,
  0x9CD3, 0x83EF, 0x9492, 0xAD55, 0xAD54, 0xAD55, 0x32B0, 0x002C, 0x004E, 0x008F, 0x008E, 0x008E,
  0x008E, 0x008E, 0x008E, 0x008E, 0xFFFF, 0xFFFF, 0xFFFF, 0xFFFF, 0xFFFF, 0xFFFF, 0xFFFF, 0xFFFF,
  0xFFFF, 0xCE9C, 0x3AD4, 0x008F, 0x008F, 0x008F, 0x008F, 0xFFFF, 0x008F, 0x008F, 0x008F, 0x05FF,
  0x05FF, 0x05FF, 0x05FF, 0x05FF, 0x05FF, 0x05FF, 0x05FF, 0x05FF, 0x05FF, 0x05FF, 0x05FF, 0x05FF,
  0x05FF, 0x05FF, 0x05FF, 0x05FF, 0x05FF, 0x05FF, 0x05FF, 0x05FF, 0x05FF, 0x05FF, 0x05FF, 0x05FF,
  0x05FF, 0x05FF, 0x05FF, 0x05FF, 0x05FF, 0x05FF, 0x05FF, 0x05FF, 0x05FF, 0x05FF, 0x05FF, 0x05FF,
  0x05FF, 0x05FF, 0x05FF, 0x05FF, 0x05FF, 0x05FF, 0x05FF, 0x05FF, 0x05FF, 0x05FF, 0x05FF, 0x05FF,
  0x05FF, 0x05FF, 0x05FF, 0x05FF, 0x05FF, 0x05FF, 0x05FF, 0x05FF, 0x05FF, 0x05FF, 0x05FF, 0x05FF,
  0x05FF, 0x05FF, 0x05FF, 0x05FF, 0x05FF, 0x05FF, 0x05FF, 0x05FF, 0x05FF, 0x05FF, 0x05FF, 0xFFFF,
  0xFFFF, 0xFFFF, 0xFFFF, 0xFFFF, 0xFFFF, 0xFFFF, 0xFFFF, 0xFFFF, 0xFFFF, 0xFFFF, 0xFFFF, 0xFFFF,
  0xFFFF, 0xFFFF, 0xFFFF, 0xFFFF, 0xFFFF, 0xFFFF, 0xFFFF, 0xFFFF, 0xFFFF, 0xFFFF, 0xFFFF, 0xFFFF,
  0x008F, 0x008F, 0x008F, 0x008F, 0x008F, 0xB5DA, 0xD69C, 0x008F, 0x008F, 0x008F, 0x008F, 0x6B94,
  0xF7BE, 0xDEFD, 0x3A51, 0x008F, 0x008F, 0x7C15, 0xFFFF, 0x2190, 0x008F, 0x008F, 0x008F, 0x008F,
  0x008F, 0x008F, 0x008F, 0x008F, 0x043A, 0x05FF, 0x063F, 0xD7BF, 0x84B5, 0x0087, 0x0087, 0x328E,
  0xCE9B, 0xFFFF, 0xFFFF, 0xFFFF, 0xFFFF, 0xFFFF, 0xFFFF, 0xFFFF, 0xFFFF, 0xFFFF, 0xFFFF, 0xFFFF,
  0x065F, 0x05FF, 0x05FF, 0x05FF, 0x061F, 0x84F9, 0x008F, 0x008F, 0x008F, 0x008F, 0x008F, 0x008F,
  0x008F, 0x008F, 0x008F, 0x008F, 0x008F, 0x008F, 0x008F, 0x008F, 0xAD55, 0xAD55, 0x00CD, 0x000C,
  0x0292, 0x04D5, 0x04D5, 0x0474, 0x0474, 0x6514, 0x8D14, 0x0474, 0x0474, 0x0474, 0x0474, 0x0474,
  0x0474, 0x04B5, 0x0455, 0x014F, 0x000D, 0x012F, 0x0495, 0x04B4, 0x0474, 0x0474, 0x0474, 0x0494,
  0x0474, 0x0474, 0x04F5, 0x03D1, 0x0028, 0x000C, 0x0210, 0x0555, 0x0514, 0x3B70, 0x8C52, 0xAD55,
  0xAD35, 0xAD55, 0xAD55, 0xAD55, 0xAD55, 0xAD55, 0xAD55, 0xAD55, 0xAD55, 0xAD55, 0xAD55, 0xAD55,
  0xAD55, 0xAD55, 0xAD55, 0xAD55, 0xAD55, 0xAD55, 0xAD55, 0xAD55, 0xAD55, 0xAD55, 0xAD55, 0xAD55,
  0xAD55, 0xAD55, 0xAD54, 0xAD55, 0x9D14, 0x000B, 0x4AD0, 0xAD55, 0xAD55, 0x7C12, 0x000D, 0x004F,
  0x008F, 0x008F, 0x008F, 0x008F, 0x008F, 0x006F, 0x006F, 0x006E, 0x308F, 0x708F, 0x608F, 0x608F,
  0x608F, 0x608F, 0x608F, 0x608F, 0x608F, 0x688F, 0x288F, 0x000F, 0x000D, 0x52F1, 0x8CD3, 0x002B,
  0x004E, 0x5B92, 0x8493, 0xAD55, 0xAD55, 0xA535, 0xAD55, 0xAD55, 0x8430, 0x7BEF, 0xA534, 0xAD55,
  0xAD55, 0x8C71, 0x8C71, 0x8430, 0x8410, 0x6B4D, 0x8410, 0x9CD3, 0x94B2, 0xA514, 0x8C51, 0xA514,
  0xAD55, 0xAD55, 0x9514, 0x012D, 0x000D, 0x008F, 0x008E, 0x008E, 0x008E, 0x008E, 0x008E, 0x008E,
  0xFFFF, 0xFFFF, 0xFFFF, 0xFFFF, 0xFFFF, 0xFFFF, 0xFFFF, 0xE73D, 0x5B55, 0x008F, 0x008F, 0x008F,
  0x008F, 0x008E, 0x008E, 0xFFFF, 0x008F, 0x008F, 0x008F, 0x008F, 0x006F, 0x006F, 0x006F, 0x006F,
  0x006F, 0x006F, 0x006F, 0x008F, 0x008F, 0x008F, 0x008F, 0x008E, 0x008E, 0x008E, 0x008F, 0x008F,
  0x008F, 0x008F, 0x008E, 0x008E, 0x008E, 0x008E, 0x008E, 0x008E, 0x008E, 0x008E, 0x008E, 0x008E,
  0x008F, 0x008F, 0x008F, 0x008F, 0x008F, 0x008F, 0x008F, 0x008F, 0x008F, 0x008F, 0x008F, 0x008F,
  0x008F, 0x008F, 0x008F, 0x008F, 0x008F, 0x008F, 0x008F, 0x008F, 0x008F, 0x008F, 0x008F, 0x008F,
  0x008F, 0x008F, 0x008F, 0x008F, 0x008F, 0x008F, 0x008F, 0x008F, 0x008F, 0x008F, 0x008F, 0x008F,
  0x008F, 0x008F, 0x008F, 0x008F, 0x008F, 0x008F, 0x008F, 0x008F, 0x008F, 0x008F, 0x008F, 0x008F,
  0x008F, 0x008F, 0x008F, 0x008F, 0x008F, 0x008F, 0x008F, 0x008F, 0x008F, 0x008F, 0x008F, 0x008F,
  0x008F, 0x008F, 0x008F, 0x008F, 0x008F, 0x008F, 0x008F, 0x008F, 0x008F, 0x008F, 0x008F, 0x008F,
  0x008F, 0xB5DA, 0xD69C, 0x008F, 0x3A51, 0xFFFF, 0x8C96, 0xDEFD, 0xFFFF, 0xFFFF, 0xFFFF, 0xEF5E,
  0x008F, 0x9CF8, 0xF7BE, 0x008F, 0x008F, 0x008F, 0x008F, 0x008F, 0x008F, 0x008F, 0x008F, 0x01F3,
  0x05FF, 0x05FF, 0x6F3F, 0xFFFF, 0x4B0F, 0x0087, 0x0087, 0x0087, 0x0087, 0x5B91, 0xE75D, 0xFFFF,
  0xFFFF, 0xFFFF, 0xFFFF, 0xFFFF, 0xFFFF, 0xFFFF, 0xFFFF, 0x5F1F, 0x05FF, 0x05FF, 0x05FF, 0x05FF,
  0x56BE, 0x00EF, 0x008F, 0x008F, 0x008F, 0x008F, 0x008F, 0x008F, 0x008F, 0x008F, 0x008F, 0x008F,
  0x008F, 0x008F, 0x008F, 0x008F, 0xA535, 0xAD55, 0x7432, 0x000B, 0x000C, 0x01AF, 0x0495, 0x0515,
  0x0475, 0x0474, 0x04B4, 0x0494, 0x0475, 0x0474, 0x0474, 0x0474, 0x0474, 0x0494, 0x04B5, 0x01CF,
  0x000D, 0x000D, 0x02B2, 0x0535, 0x0474, 0x0474, 0x0474, 0x0474, 0x0474, 0x0494, 0x04D5, 0x0370,
  0x0008, 0x000E, 0x00CF, 0x0535, 0x0555, 0x1493, 0x73F1, 0xA535, 0xAD35, 0xAD35, 0xAD55, 0xAD55,
  0xAD55, 0xAD55, 0xAD55, 0xAD55, 0xAD55, 0xAD55, 0xAD55, 0xAD55, 0xAD55, 0xAD55, 0xAD55, 0xAD55,
  0xAD55, 0xAD55, 0xAD55, 0xAD55, 0xAD55, 0xAD55, 0xAD55, 0xAD55, 0xAD55, 0xAD55, 0xAD35, 0xAD35,
  0xAD55, 0x4AB0, 0x0009, 0x6BD3, 0xAD55, 0x94B2, 0x006C, 0x002F, 0x006E, 0x006E, 0x008F, 0x008F,
  0x008F, 0x006E, 0x006E, 0x006E, 0x006E, 0x006E, 0x006E, 0x006E, 0x006E, 0x006E, 0x008E, 0x006E,
  0x008E, 0x006E, 0x006E, 0x008F, 0x004F, 0x000C, 0x19B0, 0x4332, 0x000D, 0x000B, 0x5B91, 0xAD55,
  0xAD55, 0xAD35, 0xAD55, 0x8430, 0x8430, 0xAD55, 0xAD55, 0x9CD3, 0x6B4D, 0x7BEF, 0x94B2, 0x9CF3,
  0xA534, 0x9492, 0x6B4D, 0x7BCF, 0x5AEB, 0x8C71, 0xAD55, 0x9CF3, 0x9CF3, 0xAD55, 0xAD55, 0x4B32,
  0x004D, 0x002E, 0x008F, 0x008E, 0x008F, 0x008F, 0x008F, 0x008F, 0xFFFF, 0xFFFF, 0xFFFF, 0xFFFF,
  0xFFFF, 0xEF9E, 0x6C16, 0x00CF, 0x006E, 0x006F, 0x006E, 0x006E, 0x008F, 0x006F, 0x006E, 0xFFFF,
  0x006E, 0x006E, 0x006E, 0x006E, 0x006E, 0x006E, 0x006E, 0x006E, 0x006E, 0x006E, 0x006E, 0x006E,
  0x006E, 0x006E, 0x006E, 0x006E, 0x008E, 0x008E, 0x006F, 0x006F, 0x006F, 0x006E, 0x006E, 0x006E,
  0x006E, 0x006E, 0x006E, 0x006E, 0x006E, 0x006E, 0x006E, 0x006E, 0x008E, 0x008E, 0x008E, 0x008E,
  0x008F, 0x008F, 0x008F, 0x008E, 0x008E, 0x008E, 0x008E, 0x008E, 0x008E, 0x008E, 0x008E, 0x008E,
  0x008E, 0x008E, 0x006F, 0x006F, 0x006F, 0x006F, 0x006E, 0x006E, 0x006E, 0x008F, 0x008F, 0x008F,
  0x008E, 0x008E, 0x008E, 0x008E, 0x006F, 0x006F, 0x006F, 0x006F, 0x006F, 0x006F, 0x006F, 0x006F,
  0x006F, 0x006F, 0x006F, 0x006F, 0x006F, 0x006F, 0x006F, 0x006F, 0x006F, 0x006F, 0x006F, 0x006F,
  0x006F, 0x006F, 0x006F, 0x006F, 0x006F, 0x006F, 0x006F, 0x006F, 0x006F, 0x006F, 0x006F, 0x006F,
  0x006F, 0x006F, 0x006F, 0x006F, 0x006F, 0x006F, 0x006F, 0x006F, 0x006F, 0x8C96, 0x9CF7, 0x006F,
  0x2190, 0xB5DA, 0x52F3, 0x9CF7, 0xB5DA, 0xB5DA, 0xB5DA, 0x9CF7, 0x006F, 0x6B94, 0x9CF7, 0x006F,
  0x006F, 0x006F, 0x006F, 0x006F, 0x006F, 0x006F, 0x008F, 0x051C, 0x05FF, 0x067F, 0xF7FF, 0xFFFF,
  0xFFFF, 0xADB8, 0x09AB, 0x0087, 0x0087, 0x0087, 0x0109, 0x84B5, 0xFFDF, 0xFFFF, 0xFFFF, 0xFFFF,
  0xFFFF, 0xFFFF, 0xDFBF, 0x061F, 0x05FF, 0x05FF, 0x673F, 0xB79F, 0x4335, 0x006F, 0x006F, 0x006F,
  0x006F, 0x006F, 0x006F, 0x006F, 0x006F, 0x006F, 0x006F, 0x006F, 0x006F, 0x006F, 0x006F, 0x006F,
  0xA535, 0xAD55, 0xAD55, 0x328E, 0x000C, 0x000D, 0x19B0, 0x0475, 0x04D5, 0x0474, 0x0474, 0x0494,
  0x0494, 0x0475, 0x0474, 0x0474, 0x0474, 0x0494, 0x04F5, 0x0271, 0x200E, 0x380E, 0x412F, 0x04B5,
  0x04B4, 0x0474, 0x0494, 0x0474, 0x0474, 0x04F5, 0x03B1, 0x01AA, 0x008C, 0x002F, 0x000E, 0x0434,
  0x0555, 0x0533, 0x8C93, 0x9CF4, 0xAD55, 0xAD35, 0xAD55, 0xAD55, 0xAD55, 0xAD55, 0xAD55, 0xAD55,
  0xAD55, 0xAD55, 0xAD55, 0xAD55, 0xAD55, 0xAD55, 0xAD55, 0xAD55, 0xAD55, 0xAD55, 0xAD55, 0xAD55,
  0xAD55, 0xAD55, 0xAD55, 0xAD55, 0xAD55, 0xAD55, 0xAD35, 0xAD35, 0xAD55, 0x8C93, 0x000A, 0x004D,
  0xA535, 0xAD54, 0x00EC, 0x000E, 0x006F, 0x006E, 0x006F, 0x006F, 0x006F, 0x006E, 0x006E, 0x006E,
  0x006E, 0x006E, 0x006E, 0x006F, 0x006E, 0x006E, 0x006E, 0x006E, 0x006E, 0x008E, 0x006E, 0x006F,
  0x008F, 0x008F, 0x000E, 0x00CF, 0x00CF, 0x000E, 0x000D, 0x6391, 0xAD55, 0xAD55, 0x94B2, 0x8430,
  0xAD55, 0xAD55, 0x9CD3, 0x6B4D, 0x7BEF, 0xAD55, 0xAD55, 0xAD55, 0xAD55, 0xAD55, 0x73AE, 0x52AA,
  0x5AEB, 0x5AEB, 0x73AE, 0x9CD3, 0x9CF3, 0xAD54, 0xAD55, 0x7C94, 0x0210, 0x004E, 0x004E, 0x008F,
  0x006E, 0x006F, 0x006F, 0x006F, 0xFFFF, 0xFFFF, 0xFFFF, 0xF7DF, 0x8CB8, 0x0110, 0x006E, 0x006E,
  0x006E, 0x006E, 0x006E, 0x006E, 0x008F, 0x006F, 0x006E, 0xFFFF, 0x006E, 0x006E, 0x006E, 0x006E,
  0x006E, 0x006E, 0x006E, 0x006E, 0x006E, 0x006E, 0x006E, 0x006E, 0x006E, 0x006E, 0x006E, 0x006E,
  0x006E, 0x006E, 0x006E, 0x006E, 0x006E, 0x006E, 0x006E, 0x006E, 0x006E, 0x006E, 0x006E, 0x006E,
  0x006E, 0x006E, 0x006E, 0x006E, 0x006E, 0x006E, 0x006E, 0x006E, 0x006E, 0x006E, 0x006E, 0x006E,
  0x006E, 0x006E, 0x006E, 0x006E, 0x006E, 0x006E, 0x006E, 0x006E, 0x006E, 0x006E, 0x006E, 0x006E,
  0x006E, 0x006E, 0x006E, 0x006E, 0x006E, 0x006E, 0x006E, 0x006E, 0x006E, 0x006E, 0x006E, 0x006E,
  0x006E, 0x006E, 0x006E, 0x006E, 0x006E, 0x006E, 0x006E, 0x006E, 0x006E, 0x006E, 0x006E, 0x006E,
  0x006E, 0x006E, 0x006E, 0x006E, 0x006E, 0x006E, 0x006E, 0x006E, 0x006E, 0x006E, 0x006E, 0x006E,
  0x006E, 0x006E, 0x006E, 0x006E, 0x006E, 0x006E, 0x006E, 0x006E, 0x006E, 0x006E, 0x006E, 0x006E,
  0x006E, 0x006E, 0x006E, 0x006E, 0x006E, 0x006E, 0x006E, 0x006E, 0x006E, 0x006E, 0x006E, 0x006E,
  0x006E, 0x006E, 0x006E, 0x006E, 0x006E, 0x006E, 0x006E, 0x006E, 0x006E, 0x006E, 0x006E, 0x006E,
  0x006E, 0x006E, 0x0295, 0x05FF, 0x061F, 0xA77F, 0xFFFF, 0xFFFF, 0xFFFF, 0xFFFF, 0xFFDF, 0x8494,
  0x00E8, 0x0087, 0x0087, 0x0087, 0x09AB, 0xADD8, 0xFFFF, 0xFFFF, 0xFFFF, 0xFFFF, 0x06DF, 0x05FF,
  0x05FF, 0x1EFF, 0x065F, 0x05FF, 0x04BB, 0x006E, 0x006E, 0x006E, 0x006E, 0x006E, 0x006E, 0x006E,
  0x006E, 0x006E, 0x006E, 0x006E, 0x006E, 0x006E, 0x006E, 0x006E, 0xAD35, 0xA535, 0xAD55, 0xAD54,
  0x008C, 0x000E, 0x280D, 0x28CE, 0x0434, 0x0515, 0x0494, 0x0494, 0x0494, 0x0475, 0x0474, 0x0474,
  0x0494, 0x0494, 0x04F5, 0x1332, 0x382E, 0x506F, 0x400D, 0x42F2, 0x0535, 0x0494, 0x0494, 0x0494,
  0x0474, 0x0515, 0x03B0, 0x0001, 0x002B, 0x0070, 0x000E, 0x016E, 0x04D3, 0x0554, 0x94D4, 0x9CD4,
  0xAD55, 0xAD35, 0xAD55, 0xAD55, 0xAD55, 0xAD55, 0xAD55, 0xAD55, 0xAD55, 0xAD55, 0xAD55, 0xAD55,
  0xAD55, 0xAD55, 0xAD55, 0xAD55, 0xAD55, 0xAD55, 0xAD55, 0xAD55, 0xAD55, 0xAD55, 0xAD55, 0xAD55,
  0xAD55, 0xAD55, 0xAD35, 0xAD34, 0xAD55, 0xAD55, 0x118D, 0x000A, 0x21AF, 0xAD55, 0x3A8E, 0x000C,
  0x006F, 0x006E, 0x006E, 0x006F, 0x006E, 0x006E, 0x006E, 0x006E, 0x006E, 0x006E, 0x006E, 0x006E,
  0x006E, 0x006E, 0x006E, 0x006E, 0x006E, 0x006E, 0x006E, 0x006F, 0x006E, 0x006E, 0x006F, 0x002E,
  0x006E, 0x008F, 0x000F, 0x000B, 0x326F, 0xAD55, 0x9CD2, 0xA534, 0xAD55, 0x9492, 0x73AF, 0xA514,
  0xAD55, 0xAD55, 0xAD35, 0xAD35, 0xAD35, 0xAD55, 0x9CF3, 0x5ACB, 0x5ACB, 0x7BEF, 0x8410, 0x8410,
  0xAD55, 0xA514, 0xAD55, 0x8D14, 0x4391, 0x01B0, 0x000D, 0x006E, 0x006E, 0x006E, 0x006E, 0x006E,
  0xFFFF, 0xFFFF, 0xA57A, 0x0970, 0x006E, 0x006E, 0x006E, 0x006E, 0x006E, 0x006E, 0x006E, 0x006E,
  0x006E, 0x006E, 0x006E, 0xFFFF, 0x006E, 0x006E, 0x006E, 0x006E, 0x006E, 0x006E, 0x006E, 0x006E,
  0x006E, 0x006E, 0x006E, 0x006E, 0x006E, 0x006E, 0x006E, 0x006E, 0x006E, 0x006E, 0x006E, 0x006E,
  0x006E, 0x006E, 0x006E, 0x006E, 0x006E, 0x006E, 0x006E, 0x006E, 0x006E, 0x006E, 0x006E, 0x006E,
  0x006E, 0x006E, 0x006E, 0x006E, 0x006E, 0x006E, 0x006E, 0x006E, 0x006E, 0x006E, 0x006E, 0x006E,
  0x006E, 0x006E, 0x006E, 0x006E, 0x006E, 0x006E, 0x006E, 0x006E, 0x006E, 0x006E, 0x006E, 0x006E,
  0x006E, 0x006E, 0x006E, 0x006E, 0x006E, 0x006E, 0x006E, 0x006E, 0x006E, 0x006E, 0x006E, 0x006E,
  0x006E, 0x006E, 0x006E, 0x006E, 0x006E, 0x006E, 0x006E, 0x006E, 0x006E, 0x006E, 0x006E, 0x006E,
  0x006E, 0x006E, 0x006E, 0x006E, 0x006E, 0x006E, 0x006E, 0x006E, 0x006E, 0x006E, 0x006E, 0x006E,
  0x006E, 0x006E, 0x006E, 0x006E, 0x006E, 0x006E, 0x006E, 0x006E, 0x006E, 0x006E, 0x006E, 0x006E,
  0x006E, 0x006E, 0x006E, 0x006E, 0x006E, 0x006E, 0x006E, 0x006E, 0x006E, 0x006E, 0x006E, 0x006E,
  0x006E, 0x006E, 0x006E, 0x006E, 0x006E, 0x006E, 0x006E, 0x006E, 0x006E, 0x00AF, 0x05BE, 0x05FF,
  0x06BF, 0xF7BF, 0x326D, 0xA597, 0xFFFF, 0xFFFF, 0xFFFF, 0xFFFF, 0xE75D, 0x5B91, 0x0087, 0x0087,
  0x0087, 0x0087, 0x4B30, 0xFFFF, 0xFFFF, 0xBF9F, 0x05FF, 0x05FF, 0x063F, 0x471F, 0x05FF, 0x05FF,
  0x0419, 0x006E, 0x006E, 0x006E, 0x006E, 0x006E, 0x006E, 0x006E, 0x006E, 0x006E, 0x006E, 0x006E,
  0x006E, 0x006E, 0x006E, 0x006E, 0xAD55, 0x9CD4, 0x9CD4, 0xAD55, 0x5350, 0x000B, 0x284F, 0x300D,
  0x310F, 0x03F4, 0x04F5, 0x0494, 0x0474, 0x0474, 0x0494, 0x0494, 0x0475, 0x0474, 0x04D5, 0x03F3,
  0x308E, 0x484F, 0x400E, 0x40AE, 0x0434, 0x04D5, 0x0474, 0x0474, 0x0495, 0x04B5, 0x034F, 0x0000,
  0x000A, 0x0090, 0x006F, 0x000B, 0x03D1, 0x0554, 0x8CD3, 0xA4D3, 0xAD35, 0xAD35, 0xAD55, 0xAD55,
  0xAD55, 0xAD55, 0xAD55, 0xAD55, 0xAD55, 0xAD55, 0xAD55, 0xAD55, 0xAD55, 0xAD55, 0xAD55, 0xAD55,
  0xAD55, 0xAD55, 0xAD55, 0xAD55, 0xAD55, 0xAD55, 0xAD55, 0xAD55, 0xAD55, 0xAD55, 0xAD55, 0xAD55,
  0xAD55, 0xAD55, 0x8431, 0x000A, 0x000D, 0x63B3, 0x7451, 0x000C, 0x006F, 0x006E, 0x006E, 0x006F,
  0x006E, 0x006E, 0x006E, 0x006E, 0x006E, 0x006E, 0x006E, 0x006E, 0x006E, 0x006E, 0x006E, 0x006E,
  0x006E, 0x006E, 0x006E, 0x006E, 0x006E, 0x006E, 0x006E, 0x006F, 0x006E, 0x006E, 0x008F, 0x002F,
  0x000D, 0x116E, 0x8CD3, 0xAD55, 0x9D13, 0x6B4D, 0x94B2, 0xAD55, 0xAD35, 0xAD55, 0xAD55, 0xAD55,
  0xAD35, 0xAD35, 0xAD55, 0xAD55, 0xA514, 0xAD55, 0xAD55, 0x73AF, 0x8430, 0x94F4, 0x8514, 0x8534,
  0x5C11, 0x5393, 0x00EE, 0x002E, 0x006F, 0x006E, 0x006E, 0x006E, 0xB5FB, 0x2212, 0x006E, 0x006E,
  0x006E, 0x006E, 0x006E, 0x006E, 0x006E, 0x006E, 0x006E, 0x006E, 0x006E, 0x006E, 0x006E, 0xFFFF,
  0x006E, 0x006E, 0x006E, 0x006E, 0x006E, 0x006E, 0x006E, 0x006E, 0x006E, 0x006E, 0x006E, 0x006E,
  0x006E, 0x006E, 0x006E, 0x006E, 0x006E, 0x006E, 0x006E, 0x006E, 0x006E, 0x006E, 0x006E, 0x006E,
  0x006E, 0x006E, 0x006E, 0x006E, 0x006E, 0x006E, 0x006E, 0x006E, 0x006E, 0x006E, 0x006E, 0x006E,
  0x006E, 0x006E, 0x006E, 0x006E, 0x006E, 0x006E, 0x006E, 0x006E, 0x006E, 0x006E, 0x006E, 0x006E,
  0x006E, 0x006E, 0x006E, 0x006E, 0x006E, 0x006E, 0x006E, 0x006E, 0x006E, 0x006E, 0x006E, 0x006E,
  0x006E, 0x006E, 0x006E, 0x006E, 0x006E, 0x006E, 0x006E, 0x006E, 0x006E, 0x006E, 0x006E, 0x006E,
  0x006E, 0x006E, 0x006E, 0x006E, 0x006E, 0x006E, 0x006E, 0x006E, 0x006E, 0x006E, 0x006E, 0x006E,
  0x006E, 0x006E, 0x006E, 0x006E, 0x006E, 0x006E, 0x006E, 0x006E, 0x006E, 0x006E, 0x006E, 0x006E,
  0x006E, 0x006E, 0x006E, 0x006E, 0x006E, 0x006E, 0x006E, 0x006E, 0x006E, 0x006E, 0x006E, 0x006E,
  0x006E, 0x006E, 0x006E, 0x006E, 0x006E, 0x006E, 0x006E, 0x006E, 0x006E, 0x006E, 0x006E, 0x006E,
  0x006E, 0x006E, 0x006E, 0x006E, 0x006E, 0x03F9, 0x05FF, 0x063F, 0xCFBF, 0x84B5, 0x0087, 0x0087,
  0x2A4D, 0xCE9B, 0xFFFF, 0xFFFF, 0xFFFF, 0xFFFF, 0xCE9B, 0x2A4D, 0x0087, 0x0087, 0x8494, 0xFFFF,
  0xF7FF, 0x067F, 0x05FF, 0x05FF, 0x5F1F, 0x061F, 0x05FF, 0x059E, 0x0151, 0x006E, 0x006E, 0x006E,
  0x006E, 0x006E, 0x006E, 0x006E, 0x006E, 0x006E, 0x006E, 0x006E, 0x006E, 0x006E, 0x006E, 0x006E,
  0xAD55, 0xA514, 0x6B30, 0x9493, 0xAD55, 0x4A0E, 0x000D, 0x206F, 0x080D, 0x002C, 0x0393, 0x0555,
  0x04B4, 0x0474, 0x0474, 0x0475, 0x0474, 0x0474, 0x04B4, 0x0495, 0x314F, 0x400E, 0x406F, 0x400D,
  0x4231, 0x0515, 0x0494, 0x0474, 0x0495, 0x04D5, 0x01EA, 0x0000, 0x006C, 0x006F, 0x006E, 0x000D,
  0x4B11, 0xAD55, 0x9D34, 0xA514, 0xA534, 0xAD35, 0xAD55, 0xAD55, 0xAD55, 0xAD55, 0xAD55, 0xAD55,
  0xAD55, 0xAD55, 0xAD55, 0xAD55, 0xAD55, 0xAD55, 0xAD55, 0xAD55, 0xAD55, 0xAD55, 0xAD55, 0xAD55,
  0xAD55, 0xAD55, 0xAD55, 0xAD55, 0xAD55, 0xAD55, 0xAD55, 0xAD55, 0xAD55, 0xAD55, 0xAD55, 0x324F,
  0x000D, 0x002E, 0x63D2, 0x018F, 0x000E, 0x006F, 0x006E, 0x006F, 0x006E, 0x006E, 0x006E, 0x006E,
  0x006E, 0x006E, 0x006E, 0x006E, 0x006E, 0x006E, 0x006E, 0x006E, 0x006E, 0x006E, 0x006E, 0x006E,
  0x006E, 0x006E, 0x006E, 0x006E, 0x006E, 0x006E, 0x006E, 0x008F, 0x004F, 0x000C, 0x00CD, 0x94B4,
  0x9D12, 0x9492, 0xAD55, 0xAD35, 0xAD35, 0xAD55, 0xAD55, 0xAD55, 0xAD35, 0xAD35, 0xAD55, 0xAD55,
  0xAD55, 0xAD55, 0xAD55, 0x9CF4, 0x736D, 0x7C72, 0x54B3, 0x6555, 0x3C32, 0x6432, 0x11F0, 0x000E,
  0x006F, 0x006E, 0x006E, 0x006E, 0x006E, 0x006E, 0x006E, 0x006E, 0x006E, 0x006E, 0x006E, 0x006E,
  0x006E, 0x006E, 0x006E, 0x006E, 0x006E, 0x006E, 0x006E, 0xFFFF, 0x006E, 0x006E, 0x006E, 0x006E,
  0x006E, 0x006E, 0x006E, 0x006E, 0x006E, 0x006E, 0x006E, 0x006E, 0x006E, 0x006E, 0x006E, 0x006E,
  0x006E, 0x006E, 0x006E, 0x006E, 0x006E, 0x006E, 0x006E, 0x006E, 0x006E, 0x006E, 0x006E, 0x006E,
  0x006E, 0x006E, 0x006E, 0x006E, 0x006E, 0x006E, 0x006E, 0x006E, 0x006E, 0x006E, 0x006E, 0x006E,
  0x006E, 0x006E, 0x006E, 0x006E, 0x006E, 0x006E, 0x006E, 0x006E, 0x006E, 0x006E, 0x006E, 0x006E,
  0x006E, 0x006E, 0x006E, 0x006E, 0x006E, 0x006E, 0x006E, 0x006E, 0x006E, 0x006E, 0x006E, 0x006E,
  0x006E, 0x006E, 0x006E, 0x006E, 0x006E, 0x006E, 0x006E, 0x006E, 0x006E, 0x006E, 0x006E, 0x006E,
  0x006E, 0x006E, 0x006E, 0x006E, 0x006E, 0x006E, 0x006E, 0x006E, 0x006E, 0x006E, 0x006E, 0x006E,
  0x006E, 0x006E, 0x006E, 0x006E, 0x006E, 0x006E, 0x006E, 0x006E, 0x006E, 0x006E, 0x006E, 0x006E,
  0x006E, 0x006E, 0x006E, 0x006E, 0x006E, 0x006E, 0x006E, 0x006E, 0x006E, 0x006E, 0x006E, 0x006E,
  0x006E, 0x006E, 0x006E, 0x006E, 0x006E, 0x006E, 0x006E, 0x006E, 0x006E, 0x006E, 0x006E, 0x006E,
  0x0151, 0x05DF, 0x05FF, 0x571F, 0xFFFF, 0x430F, 0x0087, 0x0087, 0x0087, 0x0087, 0x5B91, 0xE75D,
  0xFFFF, 0xFFFF, 0xFFFF, 0xFFFF, 0xA597, 0x2A6D, 0xF7BF, 0xFFFF, 0x875F, 0x05FF, 0x05FF, 0x069F,
  0x06DF, 0x05FF, 0x05FF, 0x0377, 0x008E, 0x006E, 0x006E, 0x006E, 0x006E, 0x006E, 0x006E, 0x006E,
  0x006E, 0x006E, 0x006E, 0x006E, 0x006E, 0x006E, 0x006E, 0x006E, 0xAD35, 0xAD55, 0x8452, 0x2A2D,
  0xA555, 0xA514, 0x082C, 0x000D, 0x006F, 0x000D, 0x088E, 0x0393, 0x0515, 0x0494, 0x0474, 0x0474,
  0x0474, 0x0474, 0x0494, 0x04D5, 0x21D0, 0x380D, 0x406F, 0x482E, 0x288E, 0x0435, 0x0515, 0x0474,
  0x0494, 0x0515, 0x030F, 0x0002, 0x004D, 0x006F, 0x006F, 0x000E, 0x016F, 0x4CD3, 0x9D54, 0xAD55,
  0xA514, 0xAD55, 0xAD55, 0xAD55, 0xAD55, 0xAD55, 0xAD55, 0xAD55, 0xAD55, 0xAD55, 0xAD55, 0xAD55,
  0xAD55, 0xAD55, 0xAD55, 0xAD55, 0xAD55, 0xAD55, 0xAD55, 0xAD55, 0xAD55, 0xAD55, 0xAD55, 0xAD55,
  0xAD55, 0xAD55, 0xAD55, 0xAD55, 0xAD55, 0xAD34, 0xAD55, 0x8472, 0x000C, 0x000E, 0x014F, 0x09B0,
  0x000E, 0x006F, 0x006E, 0x006F, 0x006E, 0x006F, 0x006F, 0x006F, 0x006F, 0x006F, 0x006F, 0x006F,
  0x006F, 0x006F, 0x006F, 0x006E, 0x006E, 0x006E, 0x006E, 0x006E, 0x006E, 0x006E, 0x006E, 0x006E,
  0x006E, 0x006E, 0x006E, 0x006E, 0x006E, 0x008F, 0x000E, 0x002D, 0x5B10, 0xAD55, 0xAD55, 0xAD35,
  0xAD35, 0xAD55, 0xAD55, 0xAD55, 0xAD35, 0xAD55, 0x9CF3, 0x6B4D, 0x7BCF, 0xAD55, 0xAD35, 0xAD55,
  0x7BAE, 0x73CF, 0x4514, 0x0555, 0x0453, 0x5BD1, 0x220F, 0x000E, 0x006F, 0x006E, 0x006E, 0x006E,
  0x006E, 0x006E, 0x006E, 0x006E, 0x006E, 0x006E, 0x006E, 0x006E, 0x006E, 0x006E, 0x006E, 0x006E,
  0x006E, 0x006E, 0x006E, 0xFFFF, 0x006E, 0x006E, 0x006E, 0x006E, 0x006E, 0x006E, 0x006E, 0x006E,
  0x006E, 0x006E, 0x006E, 0x006E, 0x006E, 0x006E, 0x006E, 0x006E, 0x006E, 0x006E, 0x006E, 0x006E,
  0x006E, 0x006E, 0x006E, 0x006E, 0x006E, 0x006E, 0x006E, 0x006E, 0x006E, 0x006E, 0x006E, 0x006E,
  0x006E, 0x006E, 0x006E, 0x006E, 0x006E, 0x006E, 0x006E, 0x006E, 0x006E, 0x006E, 0x006E, 0x006E,
  0x006E, 0x006E, 0x006E, 0x006E, 0x006E, 0x006E, 0x006E, 0x006E, 0x006E, 0x006E, 0x006E, 0x006E,
  0x006E, 0x006E, 0x006E, 0x006E, 0x006E, 0x006E, 0x006E, 0x006E, 0x006E, 0x006E, 0x006E, 0x006E,
  0x006E, 0x006E, 0x006E, 0x006E, 0x006E, 0x006E, 0x006E, 0x006E, 0x006E, 0x006E, 0x006E, 0x006E,
  0x006E, 0x006E, 0x006E, 0x006E, 0x006E, 0x006E, 0x006E, 0x006E, 0x006E, 0x006E, 0x006E, 0x006E,
  0x006E, 0x006E, 0x006E, 0x006E, 0x006E, 0x006E, 0x006E, 0x006E, 0x006E, 0x006E, 0x006E, 0x006E,
  0x006E, 0x006E, 0x006E, 0x006E, 0x006E, 0x006E, 0x006E, 0x006E, 0x006E, 0x006E, 0x006E, 0x006E,
  0x006E, 0x006E, 0x006E, 0x006E, 0x006E, 0x006E, 0x006E, 0x006E, 0x04BB, 0x05FF, 0x065F, 0xEFDF,
  0xFFFF, 0xFFFF, 0xADB8, 0x09AB, 0x0087, 0x0087, 0x0087, 0x0109, 0x84B5, 0xFFDF, 0xFFFF, 0xFFFF,
  0xFFFF, 0xFFFF, 0xFFFF, 0xEFDF, 0x063F, 0x05FF, 0x05FF, 0x773F, 0x05FF, 0x05FF, 0x053D, 0x00CF,
  0x006E, 0x006E, 0x006E, 0x006E, 0x006E, 0x006E, 0x006E, 0x006E, 0x006E, 0x006E, 0x006E, 0x006E,
  0x006E, 0x006E, 0x006E, 0x006E, 0xAD35, 0xAD35, 0xAD55, 0x5310, 0x3270, 0xAD55, 0x52EF, 0x000B,
  0x206F, 0x388F, 0x380E, 0x300C, 0x32F2, 0x0555, 0x04D4, 0x0474, 0x0494, 0x0494, 0x0494, 0x0515,
  0x0270, 0x380D, 0x386F, 0x206F, 0x000D, 0x014F, 0x0495, 0x04F5, 0x0494, 0x0474, 0x0434, 0x026F,
  0x000C, 0x004F, 0x006F, 0x004F, 0x000D, 0x026E, 0x9D55, 0x9492, 0xA514, 0xAD35, 0xAD55, 0xAD55,
  0xAD55, 0xAD55, 0xAD55, 0xAD55, 0xAD55, 0xAD55, 0xAD55, 0xAD55, 0xAD55, 0xAD55, 0xAD55, 0xAD55,
  0xAD55, 0xAD55, 0xAD55, 0xAD55, 0xAD55, 0xAD55, 0xAD55, 0xAD55, 0xAD55, 0xAD55, 0xAD55, 0xAD55,
  0xAD55, 0xAD35, 0xAD54, 0xAD55, 0x218D, 0x000D, 0x002E, 0x004E, 0x006F, 0x006F, 0x006E, 0x006E,
  0x006E, 0x006E, 0x006E, 0x006E, 0x006E, 0x006E, 0x006E, 0x006E, 0x006E, 0x006E, 0x006E, 0x006E,
  0x006E, 0x006E, 0x006E, 0x006E, 0x006E, 0x006E, 0x006E, 0x006E, 0x006E, 0x006E, 0x006E, 0x006E,
  0x006E, 0x006E, 0x008F, 0x000E, 0x000D, 0x5312, 0xAD55, 0xAD55, 0xAD34, 0xAD35, 0xAD35, 0xAD55,
  0xAD55, 0xAD55, 0x5ACB, 0x5AEB, 0xA534, 0xAD55, 0xAD35, 0xAD55, 0x8C30, 0x73AE, 0x3D14, 0x0555,
  0x0452, 0x5BF2, 0x3270, 0x000E, 0x006F, 0x006E, 0x006E, 0x006E, 0x006E, 0x006E, 0x006E, 0x006E,
  0x006E, 0x006E, 0x006E, 0x006E, 0x006E, 0x006E, 0x006E, 0x006E, 0x006E, 0x006E, 0x006E, 0xFFFF,
  0x006E, 0x006E, 0x006E, 0x006E, 0x006E, 0x006E, 0x006E, 0x006E, 0x006E, 0x006E, 0x006E, 0x006E,
  0x006E, 0x006E, 0x006E, 0x006E, 0x006E, 0x006E, 0x006E, 0x006E, 0x006E, 0x006E, 0x006E, 0x006E,
  0x006E, 0x006E, 0x006E, 0x006E, 0x006E, 0x006E, 0x006E, 0x006E, 0x006E, 0x006E, 0x006E, 0x006E,
  0x006E, 0x006E, 0x006E, 0x006E, 0x006E, 0x006E, 0x006E, 0x006E, 0x006E, 0x006E, 0x006E, 0x006E,
  0x006E, 0x006E, 0x006E, 0x006E, 0x006E, 0x006E, 0x006E, 0x006E, 0x006E, 0x006E, 0x006E, 0x006E,
  0x006E, 0x006E, 0x006E, 0x006E, 0x006E, 0x006E, 0x006E, 0x006E, 0x006E, 0x006E, 0x006E, 0x006E,
  0x006E, 0x006E, 0x006E, 0x006E, 0x006E, 0x006E, 0x006E, 0x006E, 0x006E, 0x006E, 0x006E, 0x006E,
  0x006E, 0x006E, 0x006E, 0x006E, 0x006E, 0x006E, 0x006E, 0x006E, 0x006E, 0x006E, 0x006E, 0x006E,
  0x006E, 0x006E, 0x006E, 0x006E, 0x006E, 0x006E, 0x006E, 0x006E, 0x006E, 0x006E, 0x006E, 0x006E,
  0x006E, 0x006E, 0x006E, 0x006E, 0x006E, 0x006E, 0x006E, 0x006E, 0x006E, 0x006E, 0x006E, 0x006E,
  0x006E, 0x006E, 0x006E, 0x0274, 0x05FF, 0x061F, 0x875F, 0xFFFF, 0xFFFF, 0xFFFF, 0xFFFF, 0xFFDF,
  0x7C94, 0x00E8, 0x0087, 0x0087, 0x0087, 0x09AB, 0xB5D9, 0xFFFF, 0xFFFF, 0xFFFF, 0xFFFF, 0x06FF,
  0x05FF, 0x05FF, 0x06DF, 0x067F, 0x05FF, 0x05FF, 0x0254, 0x006E, 0x006E, 0x006E, 0x006E, 0x006E,
  0x006E, 0x006E, 0x006E, 0x006E, 0x006E, 0x006E, 0x006E, 0x006E, 0x006E, 0x006E, 0x006E, 0x006E,
  0xAD55, 0xAD55, 0xAD55, 0xA514, 0x00AC, 0x6BF2, 0xAD54, 0x390D, 0x300D, 0x406F, 0x308F, 0x300E,
  0x280D, 0x1AB2, 0x04F5, 0x04D5, 0x0475, 0x0495, 0x0474, 0x0515, 0x02B1, 0x300D, 0x206F, 0x006E,
  0x004E, 0x000C, 0x01B0, 0x04F5, 0x04D5, 0x0434, 0x0454, 0x0392, 0x000C, 0x004E, 0x006E, 0x006F,
  0x000E, 0x00CC, 0x39E7, 0x8430, 0xAD55, 0xAD35, 0xAD55, 0xAD55, 0xAD55, 0xAD55, 0xAD55, 0xAD55,
  0xAD55, 0xAD55, 0xAD55, 0xAD55, 0xAD55, 0xAD55, 0xAD55, 0xAD55, 0xAD55, 0xAD55, 0xAD55, 0xAD55,
  0xAD55, 0xAD55, 0xAD55, 0xAD55, 0xAD55, 0xAD55, 0xAD55, 0xAD55, 0xAD55, 0xAD55, 0xAD54, 0xAD55,
  0x7C11, 0x000A, 0x002F, 0x004F, 0x006E, 0x006E, 0x006E, 0x006E, 0x006E, 0x006E, 0x006E, 0x006E,
  0x006E, 0x006E, 0x006E, 0x006E, 0x006E, 0x006E, 0x006E, 0x006E, 0x006E, 0x006E, 0x006E, 0x006E,
  0x006E, 0x006E, 0x006E, 0x006E, 0x006E, 0x006E, 0x006E, 0x006E, 0x006E, 0x006E, 0x006E, 0x008F,
  0x002F, 0x000C, 0x3A30, 0xAD55, 0xAD55, 0xAD35, 0xAD35, 0xAD55, 0x9471, 0x52AB, 0x8C71, 0xAD55,
  0xAD55, 0xAD55, 0xAD55, 0xAD55, 0x9C92, 0x83F0, 0x34B3, 0x0555, 0x0453, 0x6432, 0x3AB1, 0x000D,
  0x004F, 0x006F, 0x006E, 0x006E, 0x006E, 0x006E, 0x006E, 0x006E, 0x006E, 0x006F, 0x006E, 0x006E,
  0x006E, 0x006E, 0x006E, 0x006E, 0x006E, 0x006E, 0x006E, 0xFFFF, 0x006E, 0x006E, 0x006E, 0x006F,
  0x006F, 0x006F, 0x006F, 0x006E, 0x006E, 0x006E, 0x006E, 0x006E, 0x006E, 0x006E, 0x006E, 0x006E,
  0x006E, 0x006E, 0x006E, 0x006E, 0x006E, 0x006E, 0x006E, 0x006E, 0x006E, 0x006E, 0x006E, 0x006E,
  0x006E, 0x006E, 0x006E, 0x006E, 0x006E, 0x006E, 0x006E, 0x006E, 0x006E, 0x006E, 0x006E, 0x006E,
  0x006E, 0x006E, 0x006E, 0x006E, 0x006E, 0x006E, 0x006E, 0x006E, 0x006E, 0x006E, 0x006E, 0x006E,
  0x006E, 0x006E, 0x006E, 0x006E, 0x006E, 0x006E, 0x006E, 0x006E, 0x006E, 0x006E, 0x006E, 0x006E,
  0x006E, 0x006E, 0x006E, 0x006E, 0x006E, 0x006E, 0x006E, 0x006E, 0x006E, 0x006E, 0x006E, 0x006E,
  0x006E, 0x006E, 0x006E, 0x006E, 0x006E, 0x006E, 0x006E, 0x006E, 0x006E, 0x006E, 0x006E, 0x006E,
  0x006E, 0x006E, 0x006E, 0x006E, 0x006E, 0x006E, 0x006E, 0x006E, 0x006E, 0x006E, 0x006E, 0x006E,
  0x006E, 0x006E, 0x006E, 0x006E, 0x006E, 0x006E, 0x006E, 0x006E, 0x006E, 0x006E, 0x006E, 0x006E,
  0x006E, 0x006E, 0x006E, 0x006E, 0x006E, 0x006E, 0x006E, 0x006E, 0x006E, 0x006E, 0x008F, 0x057E,
  0x05FF, 0x06BF, 0xFFFF, 0xFFFF, 0xFFFF, 0xFFFF, 0xFFFF, 0xFFFF, 0xFFFF, 0xE75D, 0x5B91, 0x0087,
  0x0087, 0x0087, 0x0087, 0x4B30, 0xFFFF, 0xFFFF, 0xCF9F, 0x05FF, 0x05FF, 0x05FF, 0x875F, 0x05FF,
  0x05FF, 0x047B, 0x008F, 0x006E, 0x006E, 0x006E, 0x006E, 0x006E, 0x006E, 0x006E, 0x006E, 0x006E,
  0x006E, 0x006E, 0x006E, 0x006E, 0x006E, 0x006E, 0x006E, 0x006E, 0xAD55, 0xAD55, 0xAD34, 0xAD55,
  0x6390, 0x000B, 0xAD55, 0xA4D3, 0x180C, 0x300F, 0x306E, 0x308F, 0x302E, 0x200D, 0x2211, 0x04F5,
  0x04D5, 0x0474, 0x0474, 0x04F5, 0x0372, 0x082D, 0x002E, 0x004E, 0x004E, 0x002E, 0x000C, 0x0211,
  0x04F5, 0x0474, 0x0454, 0x02F0, 0x000C, 0x004F, 0x006E, 0x006E, 0x008F, 0x000A, 0x2148, 0xA514,
  0xAD55, 0xAD55, 0xAD55, 0xAD55, 0xAD55, 0xAD55, 0xAD55, 0xAD55, 0xAD55, 0xAD55, 0xAD55, 0xAD55,
  0xAD55, 0xAD55, 0xAD55, 0xAD55, 0xAD55, 0xAD55, 0xAD55, 0xAD55, 0xAD55, 0xAD55, 0xAD55, 0xAD55,
  0xAD55, 0xAD55, 0xAD55, 0xAD55, 0xAD55, 0xAD55, 0xA535, 0xAD55, 0xAD55, 0x322E, 0x000C, 0x006F,
  0x006E, 0x006E, 0x006E, 0x006E, 0x006E, 0x006E, 0x006E, 0x006E, 0x006E, 0x006E, 0x006E, 0x006E,
  0x006E, 0x006E, 0x006E, 0x006E, 0x006E, 0x006E, 0x006E, 0x004E, 0x004E, 0x004E, 0x004E, 0x004E,
  0x004E, 0x004E, 0x004E, 0x004E, 0x004E, 0x006E, 0x006E, 0x006E, 0x006F, 0x002E, 0x000C, 0x18ED,
  0x94B3, 0xAD55, 0xAD55, 0x6B2C, 0x1062, 0x738E, 0xAD55, 0xAD55, 0xAD55, 0xAD55, 0xAD55, 0xAD55,
  0x9CB3, 0x8C31, 0x3C92, 0x0554, 0x0453, 0x6C32, 0x42F0, 0x002D, 0x002F, 0x006E, 0x006F, 0x006E,
  0x006E, 0x006F, 0x006F, 0x006E, 0x006F, 0x006E, 0x006E, 0x006E, 0x006E, 0x006E, 0x006E, 0x006E,
  0x006E, 0x006E, 0x006E, 0x006E, 0x004E, 0x004E, 0x004E, 0x004F, 0x004F, 0x004F, 0x004F, 0x006E,
  0x006E, 0x006E, 0x006E, 0x006E, 0x006E, 0x006E, 0x004E, 0x004E, 0x006E, 0x006E, 0x004E, 0x006E,
  0x006E, 0x006E, 0x006E, 0x006E, 0x006E, 0x006E, 0x006E, 0x006E, 0x006E, 0x006E, 0x006E, 0x006E,
  0x004E, 0x004E, 0x004E, 0x004E, 0x004E, 0x004E, 0x004E, 0x004E, 0x004E, 0x004E, 0x004E, 0x004E,
  0x004E, 0x004E, 0x004E, 0x004E, 0x004E, 0x004E, 0x004E, 0x004E, 0x004E, 0x004E, 0x004E, 0x004E,
  0x004E, 0x004E, 0x004E, 0x004E, 0x004E, 0x004E, 0x004E, 0x004E, 0x004E, 0x004E, 0x004E, 0x004E,
  0x004E, 0x004E, 0x004E, 0x004E, 0x004E, 0x004E, 0x004E, 0x004E, 0x004E, 0x004E, 0x004E, 0x004E,
  0x004E, 0x004E, 0x004E, 0x004E, 0x004E, 0x004E, 0x004E, 0x004E, 0x004E, 0x004E, 0x004E, 0x004E,
  0x004E, 0x004E, 0x004E, 0x004E, 0x004E, 0x004E, 0x004E, 0x004E, 0x004E, 0x004E, 0x004E, 0x004E,
  0x004E, 0x004E, 0x004E, 0x004E, 0x004E, 0x004E, 0x004E, 0x004E, 0x004E, 0x004E, 0x004E, 0x004E,
  0x004E, 0x004E, 0x004E, 0x004E, 0x004E, 0x004E, 0x0337, 0x05FF, 0x063F, 0xC77F, 0x328E, 0xA597,
  0xFFFF, 0xFFFF, 0xFFFF, 0xFFFF, 0xFFFF, 0xFFFF, 0xFFFF, 0xC67A, 0x2A4D, 0x0087, 0x0087, 0x8494,
  0xFFFF, 0xFFFF, 0x067F, 0x05FF, 0x05FF, 0x05FF, 0x065F, 0x0479, 0x04BB, 0x0151, 0x006E, 0x004E,
  0x004E, 0x004E, 0x004E, 0x004E, 0x004E, 0x004E, 0x004E, 0x004E, 0x004E, 0x004E, 0x004E, 0x004E,
  0x004E, 0x004E, 0x004E, 0x004E, 0xAD55, 0xAD55, 0xAD35, 0xAD54, 0xAD55, 0x10ED, 0x2A10, 0xAD55,
  0x4A2F, 0x080D, 0x386F, 0x306E, 0x286F, 0x282E, 0x280D, 0x29D0, 0x04B5, 0x04F5, 0x0474, 0x04B4,
  0x0454, 0x00EE, 0x000E, 0x004F, 0x004E, 0x006E, 0x002E, 0x000C, 0x02B2, 0x04B5, 0x0474, 0x02F0,
  0x000D, 0x004F, 0x006E, 0x006E, 0x004E, 0x000D, 0x4332, 0xAD55, 0xAD55, 0xAD55, 0xAD55, 0xAD55,
  0xAD55, 0xAD55, 0xAD55, 0xAD55, 0xAD55, 0xAD55, 0xAD55, 0xAD55, 0xAD55, 0xAD55, 0xAD55, 0xAD55,
  0xAD55, 0xAD55, 0xAD55, 0xAD55, 0xAD55, 0xAD55, 0xAD55, 0xAD55, 0xAD55, 0xAD55, 0xAD55, 0xAD55,
  0xAD55, 0xAD55, 0xA534, 0xA534, 0xAD55, 0x8C73, 0x000B, 0x002F, 0x004E, 0x004E, 0x006E, 0x006E,
  0x006E, 0x006E, 0x006E, 0x006E, 0x004E, 0x004E, 0x004E, 0x004E, 0x006E, 0x006E, 0x006E, 0x004E,
  0x004E, 0x004E, 0x004E, 0x004E, 0x004E, 0x004E, 0x004E, 0x004E, 0x004E, 0x004E, 0x004E, 0x004E,
  0x004E, 0x006E, 0x006E, 0x006E, 0x006F, 0x006E, 0x004E, 0x000C, 0x008E, 0x8C73, 0x8430, 0x3165,
  0x6B2C, 0x8C31, 0xA514, 0xAD35, 0xAD55, 0xAD55, 0xAD55, 0xAD55, 0x9C92, 0x7BCF, 0x1C73, 0x0555,
  0x0413, 0x7C73, 0x4B30, 0x002E, 0x002E, 0x004E, 0x006E, 0x006E, 0x006E, 0x006E, 0x006E, 0x006E,
  0x006E, 0x006E, 0x004E, 0x004E, 0x004E, 0x004E, 0x004E, 0x004E, 0x004E, 0x006E, 0x006E, 0x006E,
  0x004E, 0x004E, 0x004E, 0x004E, 0x004E, 0x004E, 0x004E, 0x006E, 0x006E, 0x006E, 0x006E, 0x006E,
  0x006E, 0x006E, 0x004E, 0x004E, 0x006E, 0x006E, 0x004E, 0x006E, 0x006E, 0x006E, 0x006E, 0x006E,
  0x006E, 0x004E, 0x004E, 0x004E, 0x004E, 0x004E, 0x004E, 0x004E, 0x004E, 0x004E, 0x004E, 0x004E,
  0x004E, 0x004E, 0x004E, 0x004E, 0x004E, 0x004E, 0x004E, 0x004E, 0x004E, 0x004E, 0x004E, 0x004E,
  0x004E, 0x004E, 0x004E, 0x004E, 0x004E, 0x004E, 0x004E, 0x004E, 0x004E, 0x004E, 0x004E, 0x004E,
  0x004E, 0x004E, 0x004E, 0x004E, 0x004E, 0x004E, 0x004E, 0x004E, 0x004E, 0x004E, 0x004E, 0x004E,
  0x004E, 0x004E, 0x004E, 0x004E, 0x004E, 0x004E, 0x004E, 0x004E, 0x004E, 0x004E, 0x004E, 0x004E,
  0x004E, 0x004E, 0x004E, 0x004E, 0x004E, 0x004E, 0x004E, 0x004E, 0x004E, 0x004E, 0x004E, 0x004E,
  0x004E, 0x004E, 0x004E, 0x004E, 0x004E, 0x004E, 0x004E, 0x004E, 0x004E, 0x004E, 0x004E, 0x004E,
  0x004E, 0x004E, 0x004E, 0x004E, 0x004E, 0x004E, 0x004E, 0x004E, 0x004E, 0x004E, 0x004E, 0x004E,
  0x004E, 0x0110, 0x05FF, 0x05FF, 0x06FF, 0x84B5, 0x0087, 0x0087, 0x326D, 0xCE9B, 0xFFFF, 0xFFFF,
  0xFFFF, 0xFFFF, 0xFFFF, 0xFFFF, 0xFFFF, 0xA577, 0x2A4D, 0xF7BF, 0xFFFF, 0x9F7F, 0x05FF, 0x05FF,
  0x05FF, 0x05FF, 0x063D, 0x006E, 0x004E, 0x004E, 0x004E, 0x004E, 0x004E, 0x004E, 0x004E, 0x004E,
  0x004E, 0x004E, 0x004E, 0x004E, 0x004E, 0x004E, 0x004E, 0x004E, 0x004E, 0x004E, 0x004E, 0x004E,
  0xAD54, 0xAD35, 0xAD35, 0xAD35, 0xAD55, 0x94D4, 0x000A, 0x6BF3, 0xAD54, 0x102C, 0x180F, 0x306E,
  0x286E, 0x286E, 0x282E, 0x200C, 0x214F, 0x0495, 0x04F5, 0x0494, 0x04D5, 0x01CF, 0x000D, 0x004E,
  0x004E, 0x004E, 0x006E, 0x000E, 0x000C, 0x0231, 0x04F5, 0x0310, 0x000D, 0x004F, 0x006E, 0x006E,
  0x006E, 0x000E, 0x00CF, 0xA555, 0x9CB2, 0x9CF3, 0xAD55, 0xAD34, 0xAD34, 0xAD55, 0xAD55, 0xAD55,
  0xAD55, 0xAD55, 0xAD55, 0xAD55, 0xAD55, 0xAD55, 0xAD55, 0xAD55, 0xAD55, 0xAD55, 0xAD55, 0xAD55,
  0xAD55, 0xAD55, 0xAD55, 0xAD55, 0xAD55, 0xAD55, 0xAD55, 0xAD55, 0xAD55, 0xAD35, 0xAD55, 0xAD55,
  0xAD55, 0xAD55, 0x196D, 0x000C, 0x006F, 0x004E, 0x004E, 0x004F, 0x004E, 0x004E, 0x004E, 0x004E,
  0x004E, 0x004E, 0x004E, 0x004E, 0x004E, 0x004E, 0x004E, 0x004E, 0x004E, 0x004E, 0x004E, 0x004E,
  0x004E, 0x004E, 0x004E, 0x006E, 0x006E, 0x006E, 0x004E, 0x004E, 0x004E, 0x004E, 0x004E, 0x004E,
  0x004E, 0x004E, 0x006E, 0x006F, 0x000E, 0x000C, 0x29AB, 0xAD54, 0x630B, 0x8430, 0xA534, 0xAD35,
  0xAD55, 0xAD55, 0xA534, 0xAD55, 0x9431, 0x4B0D, 0x04F4, 0x0555, 0x03B2, 0x94F4, 0x5351, 0x002E,
  0x002E, 0x004E, 0x006E, 0x006E, 0x006E, 0x006E, 0x006E, 0x006E, 0x006E, 0x006E, 0x006E, 0x006E,
  0x006E, 0x004E, 0x004E, 0x004E, 0x004E, 0x006E, 0x006E, 0x006E, 0x004E, 0x004E, 0x004E, 0x006E,
  0x006E, 0x006E, 0x006E, 0x006E, 0x006E, 0x006E, 0x006E, 0x006E, 0x006E, 0x006E, 0x004E, 0x004E,
  0x006E, 0x006E, 0x004E, 0x006E, 0x006E, 0x006E, 0x006E, 0x006E, 0x006E, 0x004E, 0x004E, 0x004E,
  0x004E, 0x004E, 0x004E, 0x004E, 0x004E, 0x004E, 0x004E, 0x004E, 0x004E, 0x004E, 0x004E, 0x004E,
  0x004E, 0x004E, 0x004E, 0x004E, 0x004E, 0x004E, 0x004E, 0x004E, 0x004E, 0x004E, 0x004E, 0x004E,
  0x004E, 0x004E, 0x004E, 0x004E, 0x004E, 0x004E, 0x004E, 0x004E, 0x004E, 0x004E, 0x004E, 0x004E,
  0x004E, 0x004E, 0x004E, 0x004E, 0x004E, 0x004E, 0x004E, 0x004E, 0x004E, 0x004E, 0x004E, 0x004E,
  0x004E, 0x004E, 0x004E, 0x004E, 0x004E, 0x004E, 0x004E, 0x004E, 0x004E, 0x004E, 0x004E, 0x004E,
  0x004E, 0x004E, 0x004E, 0x004E, 0x004E, 0x004E, 0x004E, 0x004E, 0x004E, 0x004E, 0x004E, 0x004E,
  0x004E, 0x004E, 0x004E, 0x004E, 0x004E, 0x004E, 0x004E, 0x004E, 0x004E, 0x004E, 0x004E, 0x004E,
  0x004E, 0x004E, 0x004E, 0x004E, 0x004E, 0x004E, 0x004E, 0x004E, 0x004E, 0x049B, 0x05FF, 0x065F,
  0xE7DF, 0x4B0F, 0x0087, 0x0087, 0x0087, 0x0087, 0x5B91, 0xE75D, 0xFFFF, 0xFFFF, 0xFFFF, 0xFFFF,
  0xFFFF, 0xFFFF, 0xFFFF, 0xFFFF, 0xF7FF, 0x063F, 0x05FF, 0x05FF, 0x05FF, 0x063F, 0x21F2, 0x004E,
  0x004E, 0x004E, 0x004E, 0x004E, 0x004E, 0x004E, 0x004E, 0x004E, 0x004E, 0x004E, 0x004E, 0x004E,
  0x004E, 0x004E, 0x004E, 0x004E, 0x004E, 0x004E, 0x004E, 0x004E, 0xAD54, 0xAD35, 0xAD35, 0xAD35,
  0xAD35, 0xAD55, 0x3A2E, 0x000A, 0xAD55, 0x6BD1, 0x000C, 0x206F, 0x286E, 0x286E, 0x286E, 0x284E,
  0x200C, 0x292F, 0x0495, 0x04F5, 0x04F5, 0x02B1, 0x000D, 0x002F, 0x004E, 0x006E, 0x006E, 0x006F,
  0x000E, 0x000C, 0x2BB3, 0x1B71, 0x000C, 0x004F, 0x006E, 0x006E, 0x006E, 0x002F, 0x000D, 0x8474,
  0x9CB2, 0x52EF, 0xAD55, 0xAD54, 0xAD34, 0xAD55, 0xAD55, 0xAD55, 0xAD55, 0xAD55, 0xAD55, 0xAD55,
  0xAD55, 0xAD55, 0xAD55, 0xAD55, 0xAD55, 0xAD55, 0xAD55, 0xAD55, 0xAD55, 0xAD55, 0xAD55, 0xAD55,
  0xAD55, 0xAD55, 0xAD55, 0xAD55, 0xAD55, 0xAD35, 0xAD55, 0xAD55, 0xAD54, 0xAD55, 0x7C32, 0x000B,
  0x002F, 0x006E, 0x004E, 0x004E, 0x004E, 0x004E, 0x004E, 0x004E, 0x004E, 0x004E, 0x004E, 0x004E,
  0x004E, 0x004E, 0x004E, 0x004E, 0x004E, 0x004E, 0x004E, 0x004E, 0x004E, 0x004E, 0x004E, 0x004E,
  0x004E, 0x004E, 0x004E, 0x004E, 0x004E, 0x004E, 0x004E, 0x004E, 0x004E, 0x004E, 0x004E, 0x006E,
  0x006F, 0x000E, 0x006E, 0x7412, 0xA513, 0xAD55, 0xAD35, 0xAD35, 0xAD55, 0xAD55, 0xA534, 0xAD55,
  0x7BAF, 0x2B2E, 0x0555, 0x0514, 0x2B91, 0xAD55, 0x5372, 0x002D, 0x002E, 0x004E, 0x006E, 0x006E,
  0x006E, 0x006E, 0x006E, 0x006E, 0x006E, 0x006E, 0x006E, 0x006E, 0x006E, 0x006E, 0x006E, 0x006E,
  0x006E, 0x006E, 0x006E, 0x006E, 0x004E, 0x004E, 0x004E, 0x004E, 0x004E, 0x004E, 0x004E, 0x004E,
  0x004E, 0x004E, 0x004E, 0x006E, 0x006E, 0x006E, 0x004E, 0x004E, 0x006E, 0x006E, 0x004E, 0x006E,
  0x006E, 0x006E, 0x006E, 0x006E, 0x006E, 0x004E, 0x004E, 0x004E, 0x004E, 0x004E, 0x004E, 0x004E,
  0x004E, 0x004E, 0x004E, 0x004E, 0x004E, 0x004E, 0x004E, 0x004E, 0x004E, 0x004E, 0x004E, 0x004E,
  0x004E, 0x004E, 0x004E, 0x004E, 0x004E, 0x004E, 0x004E, 0x004E, 0x004E, 0x004E, 0x004E, 0x004E,
  0x004E, 0x004E, 0x004E, 0x004E, 0x004E, 0x004E, 0x004E, 0x004E, 0x004E, 0x004E, 0x004E, 0x004E,
  0x004E, 0x004E, 0x004E, 0x004E, 0x004E, 0x004E, 0x004E, 0x004E, 0x004E, 0x004E, 0x004E, 0x004E,
  0x004E, 0x004E, 0x004E, 0x004E, 0x004E, 0x004E, 0x004E, 0x004E, 0x004E, 0x004E, 0x004E, 0x004E,
  0x004E, 0x004E, 0x004E, 0x004E, 0x004E, 0x004E, 0x004E, 0x004E, 0x004E, 0x004E, 0x004E, 0x004E,
  0x004E, 0x004E, 0x004E, 0x004E, 0x004E, 0x004E, 0x004E, 0x004E, 0x004E, 0x004E, 0x004E, 0x004E,
  0x004E, 0x004E, 0x004E, 0x004E, 0x01B2, 0x05FF, 0x061F, 0x875F, 0xFFFF, 0xFFFF, 0xADB8, 0x09AB,
  0x0087, 0x0087, 0x0087, 0x00E9, 0x84B5, 0xFFDF, 0xFFFF, 0xFFFF, 0xFFFF, 0xFFFF, 0xFFFF, 0xFFFF,
  0x26FF, 0x05FF, 0x05FF, 0x06BF, 0x6F3F, 0x4D1A, 0x004E, 0x004E, 0x004E, 0x004E, 0x004E, 0x004E,
  0x004E, 0x004E, 0x004E, 0x004E, 0x004E, 0x004E, 0x004E, 0x004E, 0x004E, 0x004E, 0x004E, 0x004E,
  0x004E, 0x004E, 0x004E, 0x004E, 0xAD55, 0xAD35, 0xAD35, 0xAD35, 0xAD35, 0xAD55, 0xAD55, 0x000A,
  0x218F, 0xAD55, 0x118E, 0x000E, 0x286E, 0x306E, 0x286E, 0x286F, 0x304E, 0x180B, 0x01B0, 0x0515,
  0x0555, 0x0372, 0x000D, 0x002F, 0x004E, 0x004E, 0x004E, 0x004E, 0x004F, 0x000D, 0x00CE, 0x0190,
  0x002D, 0x006E, 0x006E, 0x006E, 0x006E, 0x006F, 0x000D, 0x114E, 0xAD55, 0x10EC, 0x4290, 0xAD55,
  0xAD34, 0xAD55, 0xAD55, 0xAD55, 0xAD55, 0xAD55, 0xAD55, 0xAD55, 0xAD55, 0xAD55, 0xAD55, 0xAD55,
  0xAD55, 0xAD55, 0xAD55, 0xAD55, 0xAD55, 0xAD55, 0xAD55, 0xAD55, 0xAD55, 0xAD55, 0xAD55, 0xAD55,
  0xAD55, 0xAD55, 0xAD55, 0xAD55, 0xAD55, 0xAD55, 0xAD55, 0x29EE, 0x000C, 0x006F, 0x004E, 0x006E,
  0x004E, 0x004E, 0x004E, 0x004E, 0x004E, 0x004E, 0x004E, 0x004E, 0x004E, 0x004E, 0x004E, 0x004E,
  0x004E, 0x004E, 0x004E, 0x004E, 0x004E, 0x004E, 0x004E, 0x004E, 0x004E, 0x004E, 0x004E, 0x004E,
  0x004E, 0x004E, 0x004E, 0x006E, 0x006E, 0x006E, 0x006E, 0x006E, 0x006E, 0x006E, 0x000E, 0x000C,
  0x7C33, 0xAD55, 0xAD35, 0xAD55, 0xAD55, 0xAD55, 0xAD55, 0xA4D3, 0x6B4D, 0x3C73, 0x0555, 0x0411,
  0x5BF1, 0xAD55, 0x3AB0, 0x000D, 0x002E, 0x004E, 0x004E, 0x004E, 0x004E, 0x004E, 0x004E, 0x004E,
  0x004E, 0x004E, 0x004E, 0x004E, 0x004E, 0x004E, 0x004E, 0x004E, 0x004E, 0x004E, 0x004E, 0x004E,
  0x004E, 0x004E, 0x004E, 0x004E, 0x004E, 0x004E, 0x004E, 0x004E, 0x004E, 0x004E, 0x004E, 0x004E,
  0x004E, 0x004E, 0x004E, 0x004E, 0x004E, 0x004E, 0x004E, 0x004E, 0x004E, 0x004E, 0x004E, 0x004E,
  0x004E, 0x004E, 0x004E, 0x004E, 0x004E, 0x004E, 0x004E, 0x004E, 0x004E, 0x004E, 0x004E, 0x004E,
  0x004E, 0x004E, 0x004E, 0x004E, 0x004E, 0x004E, 0x004E, 0x004E, 0x004E, 0x004E, 0x004E, 0x004E,
  0x004E, 0x004E, 0x004E, 0x004E, 0x004E, 0x004E, 0x004E, 0x004E, 0x004E, 0x004E, 0x004E, 0x004E,
  0x004E, 0x004E, 0x004E, 0x004E, 0x004E, 0x004E, 0x004E, 0x004E, 0x004E, 0x004E, 0x004E, 0x004E,
  0x004E, 0x004E, 0x004E, 0x004E, 0x004E, 0x004E, 0x004E, 0x004E, 0x004E, 0x004E, 0x004E, 0x004E,
  0x004E, 0x004E, 0x004E, 0x004E, 0x004E, 0x004E, 0x004E, 0x004E, 0x004E, 0x004E, 0x004E, 0x004E,
  0x004E, 0x004E, 0x004E, 0x004E, 0x004E, 0x004E, 0x004E, 0x004E, 0x004E, 0x004E, 0x004E, 0x004E,
  0x004E, 0x004E, 0x004E, 0x004E, 0x004E, 0x004E, 0x004E, 0x004E, 0x004E, 0x004E, 0x004E, 0x006E,
  0x053D, 0x05FF, 0x067F, 0xFFFF, 0xFFFF, 0xFFFF, 0xFFFF, 0xFFDF, 0x84B5, 0x00E8, 0x0087, 0x0087,
  0x0087, 0x09AB, 0xADB8, 0xFFFF, 0xFFFF, 0xFFFF, 0xFFFF, 0xD7BF, 0x05FF, 0x05FF, 0x061F, 0x6F3F,
  0x05FF, 0x04BB, 0x008F, 0x004E, 0x004E, 0x004E, 0x004E, 0x004E, 0x004E, 0x004E, 0x004E, 0x004E,
  0x004E, 0x004E, 0x004E, 0x004E, 0x004E, 0x004E, 0x004E, 0x004E, 0x004E, 0x004E, 0x004E, 0x004E,
  0xAD55, 0xAD55, 0xAD35, 0xAD35, 0xAD35, 0xAD35, 0xAD55, 0x8432, 0x0009, 0x63B3, 0x4B51, 0x000C,
  0x104F, 0x206F, 0x304E, 0x304E, 0x204F, 0x002E, 0x000C, 0x0271, 0x0535, 0x0474, 0x00AE, 0x000E,
  0x004E, 0x004E, 0x004E, 0x004E, 0x004E, 0x006F, 0x000E, 0x000E, 0x006F, 0x004E, 0x004E, 0x004E,
  0x006E, 0x004E, 0x002E, 0x000C, 0x8474, 0x5B50, 0x0009, 0x8C74, 0xAD55, 0xAD55, 0xAD55, 0xAD35,
  0xAD35, 0xAD55, 0xAD55, 0xAD55, 0xAD55, 0xAD55, 0xAD55, 0xAD55, 0xAD55, 0xAD55, 0xAD55, 0xAD55,
  0xAD35, 0xAD35, 0xAD35, 0xAD55, 0xAD55, 0xAD55, 0xAD55, 0xAD55, 0xA555, 0xA555, 0xAD55, 0xAD55,
  0xAD54, 0xAD54, 0xAD55, 0x9493, 0x000C, 0x000F, 0x004E, 0x004E, 0x004E, 0x002E, 0x004E, 0x004E,
  0x004E, 0x004E, 0x004E, 0x004E, 0x004E, 0x004E, 0x004E, 0x004E, 0x004E, 0x004E, 0x004E, 0x004E,
  0x004E, 0x004E, 0x004E, 0x004E, 0x004E, 0x004E, 0x004E, 0x004E, 0x004E, 0x004E, 0x004E, 0x004E,
  0x004E, 0x004E, 0x004E, 0x004E, 0x004E, 0x004E, 0x006F, 0x000E, 0x000D, 0x8C94, 0xAD55, 0xA514,
  0x9CD3, 0x9492, 0xAD55, 0x83EF, 0x534E, 0x1CF4, 0x1D55, 0x03B1, 0x8CF4, 0xA555, 0x220F, 0x000D,
  0x002E, 0x004E, 0x004E, 0x004E, 0x004E, 0x004E, 0x004E, 0x004E, 0x004E, 0x004E, 0x004E, 0x004E,
  0x004E, 0x004E, 0x004E, 0x004E, 0x004E, 0x004E, 0x004E, 0x004E, 0x004E, 0x004E, 0x004E, 0x004E,
  0x004E, 0x004E, 0x004E, 0x004E, 0x004E, 0x004E, 0x004E, 0x004E, 0x004E, 0x004E, 0x004E, 0x004E,
  0x004E, 0x004E, 0x004E, 0x004E, 0x004E, 0x004E, 0x004E, 0x004E, 0x004E, 0x004E, 0x004E, 0x004E,
  0x004E, 0x004E, 0x004E, 0x004E, 0x004E, 0x004E, 0x004E, 0x004E, 0x004E, 0x004E, 0x004E, 0x004E,
  0x004E, 0x004E, 0x004E, 0x004E, 0x004E, 0x004E, 0x004E, 0x004E, 0x004E, 0x004E, 0x004E, 0x004E,
  0x004E, 0x004E, 0x004E, 0x004E, 0x004E, 0x004E, 0x004E, 0x004E, 0x004E, 0x004E, 0x004E, 0x004E,
  0x004E, 0x004E, 0x004E, 0x004E, 0x004E, 0x004E, 0x004E, 0x004E, 0x004E, 0x004E, 0x004E, 0x004E,
  0x004E, 0x004E, 0x004E, 0x004E, 0x004E, 0x004E, 0x004E, 0x004E, 0x004E, 0x004E, 0x004E, 0x004E,
  0x004E, 0x004E, 0x004E, 0x004E, 0x004E, 0x004E, 0x004E, 0x004E, 0x004E, 0x004E, 0x004E, 0x004E,
  0x004E, 0x004E, 0x004E, 0x004E, 0x004E, 0x004E, 0x004E, 0x004E, 0x004E, 0x004E, 0x004E, 0x004E,
  0x004E, 0x004E, 0x004E, 0x004E, 0x004E, 0x004E, 0x004E, 0x02F6, 0x05FF, 0x061F, 0xAF7F, 0xFFFF,
  0xFFFF, 0xFFFF, 0xFFFF, 0xFFFF, 0xFFFF, 0xE75D, 0x5B91, 0x0087, 0x0087, 0x0087, 0x0087, 0x4B0F,
  0xFFFF, 0xFFFF, 0xFFFF, 0x06BF, 0x05FF, 0x05FF, 0x471F, 0x063F, 0x05FF, 0x05FF, 0x00AF, 0x004E,
  0x004E, 0x004E, 0x004E, 0x004E, 0x004E, 0x004E, 0x004E, 0x004E, 0x004E, 0x004E, 0x004E, 0x004E,
  0x004E, 0x004E, 0x004E, 0x004E, 0x004E, 0x004E, 0x004E, 0x004E, 0x7D35, 0xAD55, 0xAD55, 0xAD35,
  0xAD34, 0xA535, 0xAD55, 0xAD55, 0x31ED, 0x000B, 0x0150, 0x002E, 0x002E, 0x004E, 0x184E, 0x284E,
  0x004E, 0x006E, 0x002E, 0x000C, 0x02D2, 0x0555, 0x01AF, 0x000D, 0x004F, 0x004E, 0x004E, 0x004E,
  0x004E, 0x004F, 0x004F, 0x004F, 0x004E, 0x004F, 0x004E, 0x004E, 0x004E, 0x004E, 0x004F, 0x000E,
  0x29D1, 0x9533, 0x000A, 0x002D, 0x9CD4, 0xAD55, 0xA535, 0xAD35, 0xAD35, 0xAD55, 0xAD55, 0xAD55,
  0xAD55, 0xAD55, 0xAD55, 0xAD55, 0xAD55, 0xAD55, 0xAD55, 0xAD35, 0xAD35, 0xAD35, 0xAD35, 0xA534,
  0x9CF3, 0xAD14, 0xAD55, 0xAD55, 0xAD55, 0xA535, 0xA535, 0xA535, 0xA534, 0xA534, 0xAD54, 0xAD55,
  0x194D, 0x000D, 0x006F, 0x004E, 0x004E, 0x004E, 0x004E, 0x004E, 0x004E, 0x004E, 0x004E, 0x004E,
  0x004E, 0x004E, 0x004E, 0x004E, 0x004E, 0x004E, 0x004E, 0x004E, 0x004E, 0x004E, 0x004E, 0x004E,
  0x004E, 0x004E, 0x004E, 0x004E, 0x004E, 0x004E, 0x004E, 0x004E, 0x004E, 0x004E, 0x004E, 0x004E,
  0x004E, 0x004F, 0x004E, 0x006F, 0x000E, 0x002D, 0x9493, 0xA512, 0x632C, 0x7BAE, 0x5289, 0x4B0D,
  0x2C12, 0x1534, 0x04D3, 0x43D1, 0xAD55, 0x9514, 0x01AF, 0x000D, 0x004E, 0x004E, 0x004E, 0x004E,
  0x004E, 0x004E, 0x004E, 0x004E, 0x004E, 0x004E, 0x004E, 0x004E, 0x004E, 0x004E, 0x004E, 0x004E,
  0x004E, 0x004E, 0x004E, 0x004E, 0x004E, 0x004E, 0x004E, 0x004E, 0x004E, 0x004E, 0x004E, 0x004E,
  0x004E, 0x004E, 0x004E, 0x004E, 0x004E, 0x004E, 0x004E, 0x004E, 0x004E, 0x004E, 0x004E, 0x004E,
  0x004E, 0x004E, 0x004E, 0x004E, 0x004E, 0x004E, 0x004E, 0x004E, 0x004E, 0x004E, 0x004E, 0x004E,
  0x004E, 0x004E, 0x004E, 0x004E, 0x004E, 0x004E, 0x004E, 0x004E, 0x004E, 0x004E, 0x004E, 0x004E,
  0x004E, 0x004E, 0x004E, 0x004E, 0x004E, 0x004E, 0x004E, 0x004E, 0x004E, 0x004E, 0x004E, 0x004E,
  0x004E, 0x004E, 0x004E, 0x004E, 0x004E, 0x004E, 0x004E, 0x004E, 0x004E, 0x004E, 0x004E, 0x004E,
  0x004E, 0x004E, 0x004E, 0x004E, 0x004E, 0x004E, 0x004E, 0x004E, 0x004E, 0x004E, 0x004E, 0x004E,
  0x004E, 0x004E, 0x004E, 0x004E, 0x004E, 0x004E, 0x004E, 0x004E, 0x004E, 0x004E, 0x004E, 0x004E,
  0x004E, 0x004E, 0x004E, 0x004E, 0x004E, 0x004E, 0x004E, 0x004E, 0x004E, 0x004E, 0x004E, 0x004E,
  0x004E, 0x004E, 0x004E, 0x004E, 0x004E, 0x004E, 0x004E, 0x004E, 0x004E, 0x004E, 0x004E, 0x004E,
  0x004E, 0x004E, 0x008F, 0x05DF, 0x05FF, 0x06DF, 0xFFFF, 0xFFFF, 0xFFFF, 0xFFFF, 0xFFFF, 0xFFFF,
  0xFFFF, 0xFFFF, 0xFFFF, 0xCE9B, 0x2A6D, 0x0087, 0x0087, 0x84B4, 0xFFFF, 0xFFFF, 0xA77F, 0x05FF,
  0x05FF, 0x065F, 0x3EFF, 0x05FF, 0x05FF, 0x0398, 0x004E, 0x004E, 0x004E, 0x004E, 0x004E, 0x004E,
  0x004E, 0x004E, 0x004E, 0x004E, 0x004E, 0x004E, 0x004E, 0x004E, 0x004E, 0x004E, 0x004E, 0x004E,
  0x004E, 0x004E, 0x004E, 0x004E, 0x0494, 0x04D4, 0x8534, 0xAD55, 0xAD55, 0xAD35, 0xAD35, 0xAD55,
  0x8452, 0x000B, 0x000E, 0x004F, 0x004E, 0x002E, 0x004E, 0x004E, 0x004E, 0x004E, 0x004F, 0x000E,
  0x002D, 0x03F4, 0x02F2, 0x000D, 0x002F, 0x004E, 0x004E, 0x004E, 0x004E, 0x004E, 0x004E, 0x004E,
  0x004E, 0x004E, 0x004E, 0x004E, 0x004E, 0x004E, 0x002F, 0x000F, 0x000C, 0x94F4, 0x4B10, 0x000A,
  0x190F, 0xAD55, 0xAD55, 0xAD34, 0xAD35, 0xAD55, 0xAD55, 0xAD55, 0xAD55, 0xAD55, 0xAD55, 0xAD55,
  0xAD55, 0xAD55, 0xAD55, 0xAD55, 0xAD55, 0xAD55, 0xAD35, 0xAD55, 0xA4D3, 0x5AAB, 0x8410, 0xAD55,
  0xAD55, 0xAD55, 0xAD35, 0xAD35, 0xAD34, 0xA534, 0xA554, 0xAD55, 0x6BB1, 0x000C, 0x002F, 0x004E,
  0x004E, 0x004E, 0x004E, 0x004E, 0x004E, 0x004E, 0x004E, 0x004E, 0x004E, 0x004E, 0x004E, 0x004E,
  0x004E, 0x004E, 0x004E, 0x002E, 0x002E, 0x002E, 0x004E, 0x004E, 0x004E, 0x004E, 0x004E, 0x004E,
  0x004E, 0x004E, 0x004E, 0x004E, 0x004E, 0x004E, 0x004E, 0x004E, 0x004E, 0x004E, 0x004E, 0x004E,
  0x004F, 0x000C, 0x00AD, 0x6B70, 0x9491, 0x83EF, 0x6BCF, 0x1BAF, 0x04D4, 0x5D55, 0x0370, 0x6412,
  0xAD55, 0x84B4, 0x010D, 0x000D, 0x004E, 0x004E, 0x004E, 0x004E, 0x004E, 0x004E, 0x004E, 0x004E,
  0x004E, 0x004E, 0x004E, 0x004E, 0x004E, 0x004E, 0x004E, 0x004E, 0x004E, 0x004E, 0x004E, 0x004E,
  0x004E, 0x004E, 0x004E, 0x004E, 0x004E, 0x004E, 0x004E, 0x004E, 0x004E, 0x004E, 0x004E, 0x004E,
  0x004E, 0x004E, 0x004E, 0x004E, 0x004E, 0x004E, 0x004E, 0x004E, 0x004E, 0x004E, 0x004E, 0x004E,
  0x004E, 0x002E, 0x002E, 0x002E, 0x002E, 0x004E, 0x004E, 0x004E, 0x002E, 0x002E, 0x002E, 0x002E,
  0x002E, 0x002E, 0x002E, 0x002E, 0x002E, 0x002E, 0x002E, 0x002E, 0x002E, 0x002E, 0x002E, 0x002E,
  0x002E, 0x002E, 0x002E, 0x002E, 0x002E, 0x002E, 0x002E, 0x002E, 0x002E, 0x002E, 0x002E, 0x002E,
  0x002E, 0x002E, 0x002E, 0x002E, 0x004E, 0x004E, 0x004E, 0x004E, 0x004E, 0x004E, 0x004E, 0x004E,
  0x004E, 0x004E, 0x004E, 0x004E, 0x004E, 0x004E, 0x004E, 0x004E, 0x004E, 0x004E, 0x004E, 0x004E,
  0x004E, 0x004E, 0x004E, 0x004E, 0x004E, 0x004E, 0x004E, 0x004E, 0x004E, 0x004E, 0x004E, 0x004E,
  0x004E, 0x004E, 0x004E, 0x004E, 0x004E, 0x004E, 0x004E, 0x004E, 0x004E, 0x004E, 0x004E, 0x004E,
  0x004E, 0x004E, 0x004E, 0x004E, 0x004E, 0x004E, 0x004E, 0x004E, 0x004E, 0x004E, 0x0419, 0x05FF,
  0x063F, 0xDFBF, 0xF7BE, 0x2A4D, 0xA597, 0xFFFF, 0xFFFF, 0xFFFF, 0xFFFF, 0xFFFF, 0xFFFF, 0xFFFF,
  0xFFFF, 0xA597, 0x326D, 0xF7BF, 0xFFFF, 0xF7DF, 0x065F, 0x05FF, 0x05FF, 0x6F3F, 0x061F, 0x05DF,
  0x059E, 0x00F0, 0x004E, 0x004E, 0x004E, 0x004E, 0x004E, 0x004E, 0x004E, 0x004E, 0x004E, 0x004E,
  0x004E, 0x004E, 0x004E, 0x004E, 0x004E, 0x004E, 0x004E, 0x004E, 0x004E, 0x004E, 0x004E, 0x004E,
  0x0474, 0x0454, 0x0474, 0x04B4, 0x7D34, 0xAD55, 0xAD55, 0xAD55, 0xAD55, 0x090D, 0x000D, 0x004E,
  0x002E, 0x004E, 0x004E, 0x004E, 0x004E, 0x002E, 0x002E, 0x004F, 0x000D, 0x008F, 0x0211, 0x004E,
  0x002E, 0x004E, 0x002E, 0x004E, 0x004E, 0x004E, 0x004E, 0x004E, 0x004E, 0x004E, 0x004E, 0x004E,
  0x004E, 0x004E, 0x002E, 0x004E, 0x000D, 0x3A51, 0x94F3, 0x000D, 0x000C, 0x4A91, 0xAD55, 0xAD54,
  0xAD34, 0xAD55, 0xAD55, 0xAD55, 0xAD55, 0xAD55, 0xAD55, 0xAD55, 0xAD55, 0xAD55, 0xAD55, 0x9CD3,
  0x73CF, 0x94D3, 0xAD35, 0xAD55, 0x9D14, 0x034D, 0x0410, 0x4C30, 0x738E, 0xAD55, 0xA535, 0xAD55,
  0xAD55, 0xA534, 0xA555, 0xAD55, 0xAD55, 0x112D, 0x000D, 0x004E, 0x002E, 0x002E, 0x002E, 0x002E,
  0x002E, 0x002E, 0x002E, 0x002E, 0x002E, 0x002E, 0x002E, 0x002E, 0x002E, 0x002E, 0x002E, 0x002E,
  0x002E, 0x002E, 0x002E, 0x002E, 0x002E, 0x002E, 0x002E, 0x004E, 0x004E, 0x004E, 0x004E, 0x004E,
  0x004E, 0x004E, 0x004E, 0x004E, 0x004E, 0x004F, 0x004F, 0x004F, 0x004E, 0x004E, 0x000E, 0x000B,
  0x52CD, 0x63CE, 0x5473, 0x0CB4, 0x6555, 0x1C12, 0x1B31, 0xA555, 0xAD55, 0x7C53, 0x008D, 0x000D,
  0x002E, 0x004E, 0x004E, 0x004E, 0x004E, 0x004E, 0x004E, 0x004E, 0x004E, 0x004E, 0x004E, 0x004E,
  0x002E, 0x002F, 0x002F, 0x002F, 0x002F, 0x002F, 0x002F, 0x002F, 0x002E, 0x002E, 0x002E, 0x002E,
  0x002E, 0x002E, 0x002E, 0x002E, 0x002E, 0x002E, 0x002E, 0x002E, 0x002E, 0x002E, 0x002E, 0x002E,
  0x002E, 0x002E, 0x002E, 0x002E, 0x002E, 0x002E, 0x002E, 0x002E, 0x002E, 0x002E, 0x002E, 0x002E,
  0x002E, 0x002E, 0x002E, 0x002E, 0x002E, 0x002E, 0x002E, 0x002E, 0x002E, 0x002E, 0x002E, 0x002E,
  0x002E, 0x002E, 0x002E, 0x002E, 0x002E, 0x002E, 0x002E, 0x002E, 0x002E, 0x002E, 0x002E, 0x002E,
  0x002E, 0x002E, 0x002E, 0x002E, 0x002E, 0x002E, 0x002E, 0x002E, 0x002E, 0x002E, 0x002E, 0x002E,
  0x002E, 0x002E, 0x002E, 0x002E, 0x002E, 0x002E, 0x002E, 0x002E, 0x002E, 0x002E, 0x002E, 0x002E,
  0x002E, 0x002E, 0x002E, 0x002E, 0x002E, 0x002E, 0x002E, 0x002E, 0x002E, 0x002E, 0x002E, 0x002E,
  0x002E, 0x002E, 0x002E, 0x002E, 0x002E, 0x002E, 0x002E, 0x002E, 0x002E, 0x002E, 0x002E, 0x002E,
  0x002E, 0x002E, 0x002E, 0x002E, 0x002E, 0x002E, 0x002E, 0x002E, 0x002E, 0x002E, 0x002E, 0x002E,
  0x002E, 0x002E, 0x002E, 0x002E, 0x002E, 0x0171, 0x05FF, 0x05FF, 0x4F1F, 0xFFFF, 0x84B5, 0x0087,
  0x0087, 0x2A4D, 0xC67A, 0xFFFF, 0xFFFF, 0xFFFF, 0xFFFF, 0xFFFF, 0xFFFF, 0xFFFF, 0xFFFF, 0xFFFF,
  0xFFFF, 0x773F, 0x05FF, 0x05FF, 0x06BF, 0x06BF, 0x05FF, 0x05FF, 0x0316, 0x004E, 0x002E, 0x002E,
  0x002E, 0x002E, 0x002E, 0x002E, 0x002E, 0x002E, 0x002E, 0x002E, 0x002E, 0x002E, 0x002E, 0x002E,
  0x002E, 0x002E, 0x002E, 0x002E, 0x002E, 0x002E, 0x002E, 0x002E, 0x0414, 0x0495, 0x0475, 0x0454,
  0x0474, 0x04D4, 0x7D34, 0xAD55, 0xAD55, 0x5B30, 0x000C, 0x002F, 0x002E, 0x004E, 0x004E, 0x002E,
  0x002E, 0x002F, 0x002E, 0x002E, 0x002F, 0x000E, 0x002E, 0x006F, 0x002F, 0x004E, 0x004E, 0x004E,
  0x004E, 0x004E, 0x004E, 0x004E, 0x004E, 0x004F, 0x004E, 0x002E, 0x002E, 0x002E, 0x002E, 0x002E,
  0x002F, 0x000D, 0x6BD2, 0x19CF, 0x000D, 0x000C, 0x6B92, 0xAD55, 0xAD54, 0xAD55, 0xAD55, 0xAD55,
  0xAD55, 0xAD55, 0xAD55, 0xAD55, 0xAD55, 0xAD55, 0xAD55, 0x9CF3, 0x8492, 0x9D14, 0xAD55, 0xA4D3,
  0x238E, 0x0513, 0x0555, 0x0492, 0x01C8, 0x63D0, 0x8D34, 0x9D55, 0xAD55, 0xA555, 0xA555, 0xA555,
  0xAD55, 0x73D1, 0x000C, 0x000F, 0x002E, 0x002E, 0x002E, 0x002E, 0x002E, 0x002E, 0x002E, 0x002E,
  0x002E, 0x002E, 0x002E, 0x002E, 0x002E, 0x002E, 0x002E, 0x002E, 0x002E, 0x002E, 0x002E, 0x002E,
  0x002E, 0x002E, 0x004E, 0x004F, 0x004E, 0x004E, 0x004F, 0x004F, 0x004F, 0x004F, 0x004F, 0x004F,
  0x004F, 0x004F, 0x004F, 0x004F, 0x004E, 0x004E, 0x004F, 0x000D, 0x000A, 0x43D2, 0x3473, 0x5D35,
  0x5D14, 0x0330, 0x64B4, 0xAD55, 0xAD55, 0x6C13, 0x002D, 0x000E, 0x002E, 0x002E, 0x002E, 0x004E,
  0x004F, 0x004E, 0x002E, 0x002E, 0x002E, 0x002E, 0x002E, 0x002E, 0x002E, 0x002E, 0x002E, 0x002E,
  0x002E, 0x002E, 0x002E, 0x002E, 0x002E, 0x002E, 0x002E, 0x002E, 0x002E, 0x002E, 0x002E, 0x002E,
  0x002E, 0x002E, 0x002E, 0x002E, 0x002E, 0x002E, 0x002E, 0x002E, 0x002E, 0x002E, 0x002E, 0x002E,
  0x002E, 0x002E, 0x002E, 0x002E, 0x002E, 0x002E, 0x002E, 0x002E, 0x002E, 0x002E, 0x002E, 0x002E,
  0x002E, 0x002E, 0x002E, 0x002E, 0x002E, 0x002E, 0x002E, 0x002E, 0x002E, 0x002E, 0x002E, 0x002E,
  0x002E, 0x002E, 0x002E, 0x002E, 0x002E, 0x002E, 0x002E, 0x002E, 0x002E, 0x002E, 0x002E, 0x002E,
  0x002E, 0x002E, 0x002E, 0x002E, 0x002E, 0x002E, 0x002E, 0x002E, 0x002E, 0x002E, 0x002E, 0x002E,
  0x002E, 0x002E, 0x002E, 0x002E, 0x002E, 0x002E, 0x002E, 0x002E, 0x002E, 0x002E, 0x002E, 0x002E,
  0x002E, 0x002E, 0x002E, 0x002E, 0x002E, 0x002E, 0x002E, 0x002E, 0x002E, 0x002E, 0x002E, 0x002E,
  0x002E, 0x002E, 0x002E, 0x002E, 0x002E, 0x002E, 0x002E, 0x002E, 0x002E, 0x002E, 0x002E, 0x002E,
  0x002E, 0x002E, 0x002E, 0x002E, 0x002E, 0x002E, 0x002E, 0x002E, 0x002E, 0x002E, 0x002E, 0x002E,
  0x002E, 0x051D, 0x05FF, 0x067F, 0xF7DF, 0xFFFF, 0x42CF, 0x0087, 0x0087, 0x0087, 0x0087, 0x5350,
  0xE73D, 0xFFFF, 0xFFFF, 0xFFFF, 0xFFFF, 0xFFFF, 0xFFFF, 0xFFFF, 0xE7DF, 0x061F, 0x05FF, 0x061F,
  0x6F3F, 0x05FF, 0x05FF, 0x04DC, 0x006F, 0x002E, 0x002E, 0x002E, 0x002E, 0x002E, 0x002E, 0x002E,
  0x002E, 0x002E, 0x002E, 0x002E, 0x002E, 0x002E, 0x002E, 0x002E, 0x002E, 0x002E, 0x002E, 0x002E,
  0x002E, 0x002E, 0x002E, 0x002E, 0x0332, 0x04B5, 0x0494, 0x0474, 0x0474, 0x0454, 0x0474, 0x04B4,
  0x9D55, 0xAD55, 0x090D, 0x000E, 0x002F, 0x002E, 0x002E, 0x002E, 0x002E, 0x004E, 0x004E, 0x002E,
  0x002E, 0x002E, 0x002E, 0x002E, 0x002F, 0x002E, 0x002E, 0x002E, 0x002E, 0x002E, 0x002E, 0x002E,
  0x002E, 0x002E, 0x002E, 0x002E, 0x002E, 0x002E, 0x002F, 0x002F, 0x004F, 0x000E, 0x116F, 0x42CF,
  0x000B, 0x000E, 0x000C, 0x8C94, 0xAD55, 0xAD55, 0xAD55, 0xAD55, 0xAD55, 0xAD55, 0xAD55, 0xAD55,
  0xAD55, 0xAD55, 0xAD55, 0xAD55, 0xAD55, 0x9CF3, 0xAD55, 0x8C72, 0x03CF, 0x0555, 0x0554, 0x0555,
  0x0514, 0x0471, 0xA555, 0x636E, 0x530C, 0xAD55, 0xAD55, 0xAD35, 0xAD55, 0xAD55, 0x08CD, 0x000D,
  0x002E, 0x002E, 0x002E, 0x002E, 0x002E, 0x002E, 0x002E, 0x002E, 0x002E, 0x002E, 0x002E, 0x002E,
  0x002E, 0x002E, 0x002E, 0x002E, 0x002E, 0x002E, 0x002E, 0x002E, 0x002E, 0x002E, 0x002E, 0x002E,
  0x002E, 0x002E, 0x002E, 0x002E, 0x002E, 0x002E, 0x002E, 0x002E, 0x002E, 0x002E, 0x002E, 0x002E,
  0x002E, 0x002F, 0x002E, 0x002F, 0x000F, 0x002D, 0x4C94, 0x7D55, 0x030F, 0x5473, 0xAD55, 0xAD54,
  0xAD55, 0x5B92, 0x000D, 0x000E, 0x002E, 0x002E, 0x002E, 0x002E, 0x002E, 0x002E, 0x002E, 0x002E,
  0x002E, 0x002E, 0x002E, 0x002E, 0x002E, 0x002E, 0x002E, 0x002E, 0x002E, 0x002E, 0x002E, 0x002E,
  0x002E, 0x002E, 0x002E, 0x002E, 0x002E, 0x002E, 0x002E, 0x002E, 0x002E, 0x002E, 0x002E, 0x002E,
  0x002E, 0x002E, 0x002E, 0x002E, 0x002E, 0x002E, 0x002E, 0x002E, 0x002E, 0x002E, 0x002E, 0x002E,
  0x002E, 0x002E, 0x002E, 0x002E, 0x002E, 0x002E, 0x002E, 0x002E, 0x002E, 0x002E, 0x002E, 0x002E,
  0x002E, 0x002E, 0x002E, 0x002E, 0x002E, 0x002E, 0x002E, 0x002E, 0x002E, 0x002E, 0x002E, 0x002E,
  0x002E, 0x002E, 0x002E, 0x002E, 0x002E, 0x002E, 0x002E, 0x002E, 0x002E, 0x002E, 0x002E, 0x002E,
  0x002E, 0x002E, 0x002E, 0x002E, 0x002E, 0x002E, 0x002E, 0x002E, 0x002E, 0x002E, 0x002E, 0x002E,
  0x002E, 0x002E, 0x002E, 0x002E, 0x002E, 0x002E, 0x002E, 0x002E, 0x002E, 0x002E, 0x002E, 0x002E,
  0x002E, 0x002E, 0x002E, 0x002E, 0x002E, 0x002E, 0x002E, 0x002E, 0x002E, 0x002E, 0x002E, 0x002E,
  0x002E, 0x002E, 0x002E, 0x002E, 0x002E, 0x002E, 0x002E, 0x002E, 0x002E, 0x002E, 0x002E, 0x002E,
  0x002E, 0x002E, 0x002E, 0x002E, 0x002E, 0x002E, 0x002E, 0x002E, 0x0295, 0x05FF, 0x061F, 0xA77F,
  0xFFFF, 0xFFFF, 0xFFFF, 0xA597, 0x018A, 0x0087, 0x0087, 0x0087, 0x00C8, 0x7453, 0xF79E, 0xFFFF,
  0xFFFF, 0xFFFF, 0xFFFF, 0xFFFF, 0x06BF, 0x05FF, 0x05FF, 0x06BF, 0x067F, 0x05FF, 0x05DF, 0x01D3,
  0x002E, 0x002E, 0x002E, 0x002E, 0x002E, 0x002E, 0x002E, 0x002E, 0x002E, 0x002E, 0x002E, 0x002E,
  0x002E, 0x002E, 0x002E, 0x002E, 0x002E, 0x002E, 0x002E, 0x002E, 0x002E, 0x002E, 0x002E, 0x002E,
  0x01CF, 0x03F4, 0x04B5, 0x0474, 0x0474, 0x0494, 0x0474, 0x0434, 0x04B4, 0x9555, 0x5AF0, 0x000C,
  0x002F, 0x002E, 0x002E, 0x002E, 0x002E, 0x002E, 0x002E, 0x002E, 0x002E, 0x002E, 0x002E, 0x002E,
  0x002E, 0x002E, 0x002E, 0x002E, 0x002E, 0x002E, 0x002E, 0x002E, 0x002E, 0x002E, 0x002E, 0x002E,
  0x002E, 0x002E, 0x002F, 0x002E, 0x002E, 0x002E, 0x000E, 0x4B11, 0x094D, 0x000F, 0x000E, 0x10EE,
  0xA514, 0xAD55, 0xAD55, 0xAD55, 0xAD55, 0xAD55, 0xAD55, 0xAD55, 0xAD55, 0xAD55, 0xAD55, 0xAD55,
  0xAD55, 0x9CB2, 0xAD34, 0x7CB2, 0x0410, 0x0534, 0x0554, 0x0555, 0x0555, 0x0514, 0x6D34, 0x8BEF,
  0x4269, 0x7C71, 0x9555, 0xAD55, 0xA555, 0xAD55, 0x52AF, 0x000A, 0x002F, 0x002E, 0x002E, 0x002E,
  0x002E, 0x002E, 0x002E, 0x002E, 0x002E, 0x002E, 0x002E, 0x002E, 0x002E, 0x002E, 0x002E, 0x002E,
  0x002E, 0x002E, 0x002E, 0x002E, 0x002E, 0x002E, 0x002E, 0x002E, 0x002E, 0x002E, 0x002E, 0x002E,
  0x002E, 0x002E, 0x002E, 0x002E, 0x002E, 0x002E, 0x002E, 0x002E, 0x002E, 0x002E, 0x002E, 0x002E,
  0x002F, 0x000C, 0x014E, 0x4BB2, 0x6C32, 0xAD55, 0xAD55, 0xAD55, 0x7C73, 0x092D, 0x000D, 0x002E,
  0x002E, 0x002E, 0x002E, 0x002E, 0x002E, 0x002E, 0x002E, 0x002E, 0x002E, 0x002E, 0x002E, 0x002E,
  0x002E, 0x002E, 0x002E, 0x002E, 0x002E, 0x002E, 0x002E, 0x002E, 0x002E, 0x002E, 0x002E, 0x002E,
  0x002F, 0x002F, 0x002F, 0x002F, 0x002F, 0x002F, 0x002E, 0x002E, 0x002E, 0x002E, 0x002E, 0x002E,
  0x002E, 0x002E, 0x002E, 0x002E, 0x002E, 0x002E, 0x002E, 0x002E, 0x002E, 0x002E, 0x002E, 0x002E,
  0x002E, 0x002E, 0x002E, 0x002E, 0x002E, 0x002E, 0x002E, 0x002E, 0x002E, 0x002E, 0x002E, 0x002E,
  0x002E, 0x002E, 0x002E, 0x002E, 0x002E, 0x002E, 0x002E, 0x002E, 0x002E, 0x002E, 0x002E, 0x002E,
  0x002E, 0x002E, 0x002E, 0x002E, 0x002E, 0x002E, 0x002E, 0x002E, 0x002E, 0x002E, 0x002E, 0x002E,
  0x002E, 0x002E, 0x002E, 0x002E, 0x002E, 0x002E, 0x002E, 0x002E, 0x002E, 0x002E, 0x002E, 0x002E,
  0x002E, 0x002E, 0x002E, 0x002E, 0x002E, 0x002E, 0x002E, 0x002E, 0x002E, 0x002E, 0x002E, 0x002E,
  0x002E, 0x002E, 0x002E, 0x002E, 0x002E, 0x002E, 0x002E, 0x002E, 0x002E, 0x002E, 0x002E, 0x002E,
  0x002E, 0x002E, 0x002E, 0x002E, 0x002E, 0x002E, 0x002E, 0x002E, 0x002E, 0x002E, 0x002E, 0x002E,
  0x002E, 0x002E, 0x002E, 0x006F, 0x059E, 0x05FF, 0x06BF, 0xFFFF, 0xFFFF, 0xFFFF, 0xFFFF, 0xFFFF,
  0xF7BE, 0x7C94, 0x00E8, 0x0087, 0x0087, 0x0087, 0x014A, 0x9D56, 0xFFFF, 0xFFFF, 0xFFFF, 0xB79F,
  0x05FF, 0x05FF, 0x05FF, 0x061F, 0x059C, 0x05FF, 0x043A, 0x004E, 0x002E, 0x002E, 0x002E, 0x002E,
  0x002E, 0x002E, 0x002E, 0x002E, 0x002E, 0x002E, 0x002E, 0x002E, 0x002E, 0x002E, 0x002E, 0x002E,
  0x002E, 0x002E, 0x002E, 0x002E, 0x002E, 0x002E, 0x002E, 0x002E, 0x012E, 0x0251, 0x04F5, 0x0474,
  0x0474, 0x0474, 0x0474, 0x0474, 0x0454, 0x0515, 0x03D2, 0x000C, 0x000F, 0x002E, 0x002E, 0x002E,
  0x002E, 0x002E, 0x002E, 0x002E, 0x002E, 0x002E, 0x002E, 0x002E, 0x002E, 0x002E, 0x002E, 0x002E,
  0x002E, 0x002E, 0x002E, 0x002E, 0x002E, 0x002E, 0x002E, 0x002E, 0x002E, 0x002E, 0x002E, 0x002E,
  0x002E, 0x002E, 0x000E, 0x1170, 0x42F1, 0x000D, 0x000F, 0x000C, 0x29CF, 0xAD55, 0xAD55, 0xAD55,
  0xAD55, 0xAD55, 0xAD55, 0xAD55, 0xAD35, 0xAD35, 0xAD55, 0xAD55, 0x8C31, 0x738E, 0xAD14, 0x6451,
  0x03F0, 0x0555, 0x0555, 0x0555, 0x0555, 0x0534, 0x04D2, 0x9555, 0xAD55, 0x7430, 0x43EF, 0xA555,
  0xAD55, 0xAD55, 0x9CF4, 0x002B, 0x000E, 0x002E, 0x002E, 0x002E, 0x002E, 0x002E, 0x002E, 0x002E,
  0x002E, 0x002E, 0x002E, 0x002E, 0x002E, 0x002E, 0x002E, 0x002E, 0x002E, 0x002E, 0x002E, 0x002E,
  0x002E, 0x002E, 0x002E, 0x002E, 0x002E, 0x002E, 0x002E, 0x002E, 0x002E, 0x002E, 0x002E, 0x002E,
  0x002E, 0x002E, 0x002E, 0x002E, 0x002E, 0x002E, 0x002E, 0x002E, 0x002E, 0x002E, 0x000C, 0x63D2,
  0xAD55, 0xAD55, 0xAD55, 0x6BF2, 0x008B, 0x000C, 0x002E, 0x002E, 0x002E, 0x002E, 0x002E, 0x002E,
  0x002E, 0x002E, 0x002E, 0x002E, 0x002E, 0x002E, 0x002E, 0x002E, 0x002E, 0x002E, 0x002E, 0x002E,
  0x002E, 0x002E, 0x002E, 0x002E, 0x002E, 0x002E, 0x002E, 0x002E, 0x002E, 0x002E, 0x002E, 0x002E,
  0x002E, 0x002E, 0x002E, 0x002E, 0x002E, 0x002E, 0x002E, 0x002E, 0x002E, 0x002E, 0x002E, 0x002E,
  0x002E, 0x002E, 0x002E, 0x002E, 0x002E, 0x002E, 0x002E, 0x002E, 0x002E, 0x002E, 0x002E, 0x002E,
  0x002E, 0x002E, 0x002E, 0x002E, 0x002E, 0x002E, 0x002E, 0x002E, 0x002E, 0x002E, 0x002E, 0x002E,
  0x002E, 0x002E, 0x002E, 0x002E, 0x002E, 0x002E, 0x002E, 0x002E, 0x002E, 0x002E, 0x002E, 0x002E,
  0x002E, 0x002E, 0x002E, 0x002E, 0x002E, 0x002E, 0x002E, 0x002E, 0x002E, 0x002E, 0x002E, 0x002E,
  0x002E, 0x002E, 0x002E, 0x002E, 0x002E, 0x002E, 0x002E, 0x002E, 0x002E, 0x002E, 0x002E, 0x002E,
  0x002E, 0x002E, 0x002E, 0x002E, 0x002E, 0x002E, 0x002E, 0x002E, 0x002E, 0x002E, 0x002E, 0x002E,
  0x002E, 0x002E, 0x002E, 0x002E, 0x002E, 0x002E, 0x002E, 0x002E, 0x002E, 0x002E, 0x002E, 0x002E,
  0x002E, 0x002E, 0x002E, 0x002E, 0x002E, 0x002E, 0x002E, 0x002E, 0x002E, 0x002E, 0x002E, 0x03B8,
  0x05FF, 0x061E, 0x1A4D, 0xA597, 0xFFFF, 0xFFFF, 0xFFFF, 0xFFFF, 0xFFFF, 0xFFFF, 0xE75D, 0x5B91,
  0x0087, 0x0087, 0x0087, 0x0087, 0x328E, 0xFFFF, 0xFFFF, 0x067F, 0x05FF, 0x05FF, 0x05FF, 0x05FF,
  0x0150, 0x004E, 0x004E, 0x002E, 0x002E, 0x002E, 0x002E, 0x002E, 0x002E, 0x002E, 0x002E, 0x002E,
  0x002E, 0x002E, 0x002E, 0x002E, 0x002E, 0x002E, 0x002E, 0x002E, 0x002E, 0x002E, 0x002E, 0x002E,
  0x002E, 0x002E, 0x002E, 0x002E, 0x01D0, 0x00AE, 0x0495, 0x04B4, 0x0474, 0x0474, 0x0474, 0x0474,
  0x0474, 0x04B4, 0x0434, 0x00AE, 0x000D, 0x002E, 0x002E, 0x002E, 0x002E, 0x002E, 0x002E, 0x002E,
  0x002E, 0x002F, 0x002E, 0x002E, 0x002E, 0x002E, 0x002E, 0x002E, 0x002E, 0x002E, 0x002E, 0x002E,
  0x002E, 0x002E, 0x002E, 0x002E, 0x002E, 0x002E, 0x002E, 0x002E, 0x002E, 0x002E, 0x002E, 0x000D,
  0x2A11, 0x092F, 0x000E, 0x000F, 0x000B, 0x7413, 0xAD55, 0xA534, 0xAD54, 0xAD55, 0xAD55, 0xAD35,
  0xAD35, 0xAD35, 0xAD55, 0xAD55, 0x83CF, 0x3145, 0xAD55, 0x5B6E, 0x034E, 0x0555, 0x0555, 0x036E,
  0x0451, 0x0555, 0x04F3, 0x24B2, 0xAD55, 0xAD55, 0x6BCE, 0x63AE, 0x9492, 0xA534, 0xAD55, 0x422E,
  0x000C, 0x002F, 0x002E, 0x002E, 0x002E, 0x002E, 0x002E, 0x002E, 0x002E, 0x002E, 0x002E, 0x002E,
  0x002E, 0x002E, 0x002E, 0x002E, 0x002E, 0x002E, 0x002E, 0x002E, 0x002E, 0x002E, 0x002E, 0x002E,
  0x002E, 0x002E, 0x002E, 0x002E, 0x002E, 0x002E, 0x002E, 0x002E, 0x002E, 0x002E, 0x002E, 0x002E,
  0x002E, 0x002E, 0x002E, 0x002E, 0x002E, 0x002E, 0x000D, 0x5312, 0xAD55, 0xA555, 0x6C12, 0x00AC,
  0x000C, 0x002E, 0x002F, 0x002E, 0x002E, 0x002E, 0x002E, 0x002E, 0x002E, 0x002E, 0x002F, 0x002F,
  0x002F, 0x002E, 0x002E, 0x002E, 0x002E, 0x002E, 0x002E, 0x002E, 0x002E, 0x002E, 0x002E, 0x002E,
  0x002E, 0x002E, 0x002E, 0x002E, 0x002E, 0x002E, 0x002E, 0x002E, 0x002E, 0x002E, 0x002E, 0x002E,
  0x002E, 0x002E, 0x002E, 0x002E, 0x002E, 0x002E, 0x002E, 0x002E, 0x002E, 0x002E, 0x002E, 0x002E,
  0x002E, 0x002E, 0x002E, 0x002E, 0x002E, 0x002E, 0x002E, 0x002E, 0x002E, 0x002E, 0x002E, 0x002E,
  0x002E, 0x002E, 0x002E, 0x002E, 0x002E, 0x002E, 0x002E, 0x002E, 0x002E, 0x002E, 0x002E, 0x002E,
  0x002E, 0x002E, 0x002E, 0x002E, 0x002E, 0x002E, 0x002E, 0x002E, 0x002E, 0x002E, 0x002E, 0x002E,
  0x002E, 0x002E, 0x002E, 0x002E, 0x002E, 0x002E, 0x002E, 0x002E, 0x002E, 0x002E, 0x002E, 0x002E,
  0x002E, 0x002E, 0x002E, 0x002E, 0x002E, 0x002E, 0x002E, 0x002E, 0x002E, 0x002E, 0x002E, 0x002E,
  0x002E, 0x002E, 0x002E, 0x002E, 0x002E, 0x002E, 0x002E, 0x002E, 0x002E, 0x002E, 0x002E, 0x002E,
  0x002E, 0x002E, 0x002E, 0x002E, 0x002E, 0x002E, 0x002E, 0x002E, 0x002E, 0x002E, 0x002E, 0x002E,
  0x002E, 0x002E, 0x002E, 0x002E, 0x002E, 0x002E, 0x0131, 0x05FF, 0x05FF, 0x03F4, 0x0087, 0x0087,
  0x2A4D, 0xCE9B, 0xFFFF, 0xFFFF, 0xFFFF, 0xFFFF, 0xFFFF, 0xFFFF, 0xCE9B, 0x328E, 0x0087, 0x0087,
  0x8494, 0xFFFF, 0x7F3F, 0x05FF, 0x05FF, 0x05FF, 0x05FF, 0x0499, 0x002E, 0x002E, 0x002E, 0x002E,
  0x002E, 0x002E, 0x002E, 0x002E, 0x002E, 0x002E, 0x002E, 0x002E, 0x002E, 0x002E, 0x002E, 0x002E,
  0x002E, 0x002E, 0x002E, 0x002E, 0x002E, 0x002E, 0x002E, 0x002E, 0x002E, 0x002E, 0x002E, 0x002E,
  0x02D2, 0x000C, 0x0374, 0x04F5, 0x0474, 0x0474, 0x0474, 0x0474, 0x0474, 0x0474, 0x0515, 0x0291,
  0x000C, 0x002F, 0x002E, 0x002E, 0x002E, 0x002E, 0x002E, 0x002E, 0x002E, 0x002F, 0x002E, 0x002E,
  0x002E, 0x002E, 0x002E, 0x002E, 0x002E, 0x002E, 0x002E, 0x002E, 0x002E, 0x002E, 0x002E, 0x002E,
  0x002E, 0x002E, 0x002E, 0x002E, 0x002E, 0x002E, 0x002E, 0x000E, 0x008F, 0x114F, 0x000D, 0x002F,
  0x000D, 0x08CE, 0xAD55, 0xAD55, 0xAD54, 0xAD55, 0xAD55, 0xAD55, 0xAD35, 0xAD35, 0x8D34, 0x9D55,
  0xAD55, 0x18E3, 0x630C, 0x62CB, 0x01E8, 0x0555, 0x0555, 0x0022, 0x01A7, 0x0555, 0x8535, 0x9D34,
  0xAD55, 0xAD55, 0xAD55, 0x5AEB, 0x7BEF, 0xAD55, 0xAD55, 0x8C72, 0x000C, 0x000F, 0x002E, 0x002E,
  0x002E, 0x002E, 0x002E, 0x002E, 0x002E, 0x002E, 0x002E, 0x002E, 0x002E, 0x002E, 0x002E, 0x002E,
  0x002E, 0x002E, 0x002E, 0x002E, 0x002E, 0x002E, 0x002E, 0x002E, 0x002E, 0x002E, 0x002E, 0x002E,
  0x002E, 0x002E, 0x002E, 0x002E, 0x002E, 0x002E, 0x002E, 0x002E, 0x002E, 0x002E, 0x002E, 0x002E,
  0x002E, 0x002E, 0x000E, 0x008F, 0x2211, 0x11AF, 0x006D, 0x000D, 0x002E, 0x002E, 0x002E, 0x002E,
  0x002E, 0x002E, 0x002E, 0x002E, 0x002E, 0x002E, 0x002E, 0x002E, 0x002E, 0x002E, 0x002E, 0x002E,
  0x002E, 0x002E, 0x002E, 0x002E, 0x002E, 0x002E, 0x002E, 0x002E, 0x002E, 0x002E, 0x002E, 0x002E,
  0x002E, 0x002E, 0x002E, 0x002E, 0x002E, 0x002E, 0x002E, 0x002E, 0x002E, 0x002E, 0x002E, 0x002E,
  0x002E, 0x002E, 0x002E, 0x002E, 0x002E, 0x002E, 0x002E, 0x002E, 0x002E, 0x002E, 0x002E, 0x002E,
  0x002E, 0x002E, 0x002E, 0x002E, 0x002E, 0x002E, 0x002E, 0x002E, 0x002E, 0x002E, 0x002E, 0x002E,
  0x002E, 0x002E, 0x002E, 0x002E, 0x002E, 0x002E, 0x002E, 0x002E, 0x002E, 0x002E, 0x002E, 0x002E,
  0x002E, 0x002E, 0x002E, 0x002E, 0x002E, 0x002E, 0x002E, 0x002E, 0x002E, 0x002E, 0x002E, 0x002E,
  0x002E, 0x002E, 0x002E, 0x002E, 0x002E, 0x002E, 0x002E, 0x002E, 0x002E, 0x002E, 0x002E, 0x002E,
  0x002E, 0x002E, 0x002E, 0x002E, 0x002E, 0x002E, 0x002E, 0x002E, 0x002E, 0x002E, 0x002E, 0x002E,
  0x002E, 0x002E, 0x002E, 0x002E, 0x002E, 0x002E, 0x002E, 0x002E, 0x002E, 0x002E, 0x002E, 0x002E,
  0x002E, 0x002E, 0x002E, 0x002E, 0x002E, 0x002E, 0x002E, 0x002E, 0x002E, 0x002E, 0x002E, 0x002E,
  0x002E, 0x002E, 0x04DC, 0x05FF, 0x067F, 0x3AEF, 0x0087, 0x0087, 0x0087, 0x0087, 0x5B91, 0xE75D,
  0xFFFF, 0xFFFF, 0xFFFF, 0xFFFF, 0xFFFF, 0xFFFF, 0xADB8, 0x2A6D, 0xF7BE, 0xE7DF, 0x063F, 0x05FF,
  0x05FF, 0x063F, 0x061E, 0x004F, 0x002E, 0x002E, 0x002E, 0x002E, 0x002E, 0x002E, 0x002E, 0x002E,
  0x002E, 0x002E, 0x002E, 0x002E, 0x002E, 0x002E, 0x002E, 0x002E, 0x002E, 0x002E, 0x002E, 0x002E,
  0x002E, 0x002E, 0x002E, 0x002E, 0x002E, 0x002E, 0x002E, 0x002E, 0x0394, 0x000C, 0x01B1, 0x04D5,
  0x0494, 0x0474, 0x0474, 0x0474, 0x0475, 0x0474, 0x04F5, 0x03D3, 0x002D, 0x000E, 0x002E, 0x002E,
  0x002E, 0x002E, 0x002E, 0x002E, 0x002E, 0x002E, 0x002E, 0x002E, 0x002E, 0x002E, 0x002E, 0x002E,
  0x002E, 0x002E, 0x002E, 0x002E, 0x002E, 0x002E, 0x002E, 0x002E, 0x002E, 0x002E, 0x002E, 0x002E,
  0x002E, 0x002E, 0x002E, 0x002E, 0x000E, 0x00AF, 0x004E, 0x000E, 0x000F, 0x000C, 0x4AD1, 0xAD55,
  0xAD54, 0xAD55, 0xAD55, 0xAD55, 0xAD35, 0xAD55, 0x7D34, 0x04F3, 0x8D55, 0x2AAB, 0x18A3, 0x72EC,
  0x0042, 0x0534, 0x0555, 0x0001, 0x0084, 0x0555, 0x4D55, 0x9D55, 0xAD34, 0xAD54, 0xAD55, 0xAD55,
  0x8C92, 0xA534, 0xAD55, 0xAD54, 0x112E, 0x000D, 0x002E, 0x002E, 0x002E, 0x002E, 0x002E, 0x002E,
  0x002E, 0x002E, 0x002E, 0x002E, 0x002E, 0x002E, 0x002E, 0x002E, 0x002E, 0x002E, 0x002E, 0x002E,
  0x002E, 0x002E, 0x002E, 0x002E, 0x002E, 0x002E, 0x002E, 0x002E, 0x002E, 0x002E, 0x002E, 0x002E,
  0x002E, 0x002E, 0x002E, 0x002E, 0x002E, 0x002E, 0x002E, 0x002E, 0x002E, 0x002E, 0x002E, 0x000E,
  0x000E, 0x000E, 0x000E, 0x002F, 0x002E, 0x002E, 0x002E, 0x002E, 0x002E, 0x002E, 0x002E, 0x002E,
  0x002E, 0x002E, 0x002E, 0x002E, 0x002E, 0x002E, 0x002E, 0x002E, 0x002E, 0x002E, 0x002E, 0x002E,
  0x002E, 0x002E, 0x002E, 0x002E, 0x002E, 0x002E, 0x002E, 0x002E, 0x002E, 0x002E, 0x002E, 0x002E,
  0x002E, 0x002E, 0x002E, 0x002E, 0x002E, 0x002E, 0x002E, 0x002E, 0x002E, 0x002E, 0x002E, 0x002E,
  0x002E, 0x002E, 0x002E, 0x002E, 0x002E, 0x002E, 0x002E, 0x002E, 0x002E, 0x002E, 0x002E, 0x002E,
  0x002E, 0x002E, 0x002E, 0x002E, 0x002E, 0x002E, 0x002E, 0x002E, 0x002E, 0x002E, 0x002E, 0x002E,
  0x002E, 0x002E, 0x002E, 0x002E, 0x002E, 0x002E, 0x002E, 0x002E, 0x002E, 0x002E, 0x002E, 0x002E,
  0x002E, 0x002E, 0x002E, 0x002E, 0x002E, 0x002E, 0x002E, 0x002E, 0x002E, 0x002E, 0x002E, 0x002E,
  0x002E, 0x002E, 0x002E, 0x002E, 0x002E, 0x002E, 0x002E, 0x002E, 0x002E, 0x002E, 0x002E, 0x002E,
  0x002E, 0x002E, 0x002E, 0x002E, 0x002E, 0x002E, 0x002E, 0x002E, 0x002E, 0x002E, 0x002E, 0x002E,
  0x002E, 0x002E, 0x002E, 0x002E, 0x002E, 0x002E, 0x002E, 0x002E, 0x002E, 0x002E, 0x002E, 0x002E,
  0x002E, 0x002E, 0x002E, 0x002E, 0x002E, 0x002E, 0x002E, 0x002E, 0x002E, 0x0213, 0x05FF, 0x061F,
  0x8F5F, 0xFFFF, 0xADB8, 0x09AB, 0x0087, 0x0087, 0x0087, 0x00E8, 0x84B4, 0xFFDF, 0xFFFF, 0xFFFF,
  0xFFFF, 0xFFFF, 0xFFFF, 0xFFFF, 0xFFFF, 0x06FF, 0x05FF, 0x05FF, 0x06DF, 0x069F, 0x04BB, 0x002E,
  0x002E, 0x002E, 0x002E, 0x002E, 0x002E, 0x002E, 0x002E, 0x002E, 0x002E, 0x002E, 0x002E, 0x002E,
  0x002E, 0x002E, 0x002E, 0x002E, 0x002E, 0x002E, 0x002E, 0x002E, 0x002E, 0x002E, 0x002E, 0x002E,
  0x002E, 0x002E, 0x002E, 0x002E, 0x0434, 0x00CF, 0x000D, 0x03D4, 0x04F5, 0x0494, 0x0474, 0x0474,
  0x0474, 0x0474, 0x04B5, 0x04D5, 0x010E, 0x000D, 0x002E, 0x002E, 0x002E, 0x002E, 0x002E, 0x002E,
  0x002E, 0x002E, 0x002E, 0x002E, 0x002E, 0x002E, 0x002E, 0x002E, 0x002E, 0x002E, 0x002E, 0x002E,
  0x002E, 0x002E, 0x002E, 0x002E, 0x002E, 0x002E, 0x002E, 0x002E, 0x002E, 0x002E, 0x002E, 0x002E,
  0x002E, 0x002E, 0x002E, 0x002E, 0x002E, 0x000E, 0x000C, 0x8473, 0xAD55, 0xAD35, 0xAD35, 0xAD55,
  0xAD55, 0xA514, 0x8D55, 0x0430, 0x02EB, 0x5492, 0x0000, 0x1882, 0x0000, 0x0431, 0x0555, 0x038E,
  0x032E, 0x0555, 0x0555, 0x03EF, 0x9472, 0xAD55, 0xAD35, 0xAD55, 0x9492, 0x73AF, 0xAD55, 0xAD55,
  0x322F, 0x000D, 0x002E, 0x002E, 0x002E, 0x002E, 0x002E, 0x002E, 0x002E, 0x002E, 0x002E, 0x002E,
  0x002E, 0x002E, 0x002E, 0x002E, 0x002E, 0x002E, 0x002E, 0x002E, 0x002E, 0x002E, 0x002E, 0x002E,
  0x002E, 0x002E, 0x002E, 0x002E, 0x002E, 0x002E, 0x002E, 0x002E, 0x002E, 0x002E, 0x002E, 0x002E,
  0x002E, 0x002E, 0x002E, 0x002E, 0x002E, 0x002E, 0x002E, 0x002E, 0x002E, 0x002E, 0x002E, 0x002E,
  0x002E, 0x002E, 0x002E, 0x002E, 0x002E, 0x002E, 0x002E, 0x002E, 0x002E, 0x002E, 0x002E, 0x002E,
  0x002E, 0x002E, 0x002E, 0x002E, 0x002E, 0x002E, 0x002E, 0x002E, 0x002E, 0x002E, 0x002E, 0x002E,
  0x002E, 0x002E, 0x002E, 0x002E, 0x002E, 0x002E, 0x002E, 0x002E, 0x002E, 0x002E, 0x002E, 0x002E,
  0x002E, 0x002E, 0x002E, 0x002E, 0x002E, 0x002E, 0x002E, 0x002E, 0x002E, 0x002E, 0x002E, 0x002E,
  0x002E, 0x002E, 0x002E, 0x002E, 0x002E, 0x002E, 0x002E, 0x002E, 0x002E, 0x002E, 0x002E, 0x002E,
  0x002E, 0x002E, 0x002E, 0x002E, 0x002E, 0x002E, 0x002E, 0x002E, 0x002E, 0x002E, 0x002E, 0x002E,
  0x002E, 0x002E, 0x002E, 0x002E, 0x002E, 0x002E, 0x002E, 0x002E, 0x002E, 0x002E, 0x002E, 0x002E,
  0x002E, 0x002E, 0x002E, 0x002E, 0x002E, 0x002E, 0x002E, 0x002E, 0x002E, 0x002E, 0x002E, 0x002E,
  0x002E, 0x002E, 0x002E, 0x002E, 0x002E, 0x002E, 0x002E, 0x002E, 0x002E, 0x002E, 0x002E, 0x002E,
  0x002E, 0x002E, 0x002E, 0x002E, 0x002E, 0x002E, 0x002E, 0x002E, 0x002E, 0x002E, 0x002E, 0x002E,
  0x002E, 0x002E, 0x002E, 0x002E, 0x002E, 0x002E, 0x002E, 0x002E, 0x002E, 0x002E, 0x002E, 0x002E,
  0x002E, 0x002E, 0x002E, 0x002E, 0x004F, 0x05BE, 0x05FF, 0x069F, 0xFFFF, 0xFFFF, 0xFFFF, 0xFFDF,
  0x8494, 0x00E8, 0x0087, 0x0087, 0x0087, 0x09AB, 0xADB8, 0xFFFF, 0xFFFF, 0xFFFF, 0xFFFF, 0xFFFF,
  0xCF9F, 0x05FF, 0x05FF, 0x061F, 0x571F, 0x05FF, 0x05FF, 0x02D6, 0x002E, 0x002E, 0x002E, 0x002E,
  0x002E, 0x002E, 0x002E, 0x002E, 0x002E, 0x002E, 0x002E, 0x002E, 0x002E, 0x002E, 0x002E, 0x002E,
  0x002E, 0x002E, 0x002E, 0x002E, 0x002E, 0x002E, 0x002E, 0x002E, 0x002E, 0x002E, 0x002E, 0x002E,
  0x04D4, 0x016F, 0x000C, 0x0231, 0x0515, 0x0494, 0x0474, 0x0474, 0x0474, 0x0474, 0x0494, 0x0515,
  0x0210, 0x000C, 0x000E, 0x002E, 0x002E, 0x002E, 0x002E, 0x002E, 0x002E, 0x002E, 0x002E, 0x002E,
  0x002E, 0x002E, 0x002E, 0x002E, 0x002E, 0x002E, 0x002E, 0x002E, 0x002E, 0x002E, 0x002E, 0x002E,
  0x002E, 0x002E, 0x002E, 0x002E, 0x002E, 0x002E, 0x002E, 0x002E, 0x002E, 0x002E, 0x002E, 0x002E,
  0x002E, 0x002E, 0x000C, 0x3A70, 0xAD55, 0xAD35, 0xAD35, 0x9554, 0x6534, 0x7534, 0x4410, 0x64D3,
  0x52EC, 0x29A7, 0x0882, 0x0000, 0x0000, 0x01A7, 0x04D3, 0x0555, 0x0555, 0x0555, 0x0555, 0x02AA,
  0x9431, 0xAD55, 0xAD55, 0xAD55, 0xAD55, 0x528A, 0x738E, 0x9CF3, 0x3A6F, 0x000D, 0x000E, 0x002E,
  0x002E, 0x002E, 0x002E, 0x002E, 0x002E, 0x002E, 0x002E, 0x002E, 0x002E, 0x002E, 0x002E, 0x002E,
  0x002E, 0x002E, 0x002E, 0x002E, 0x002E, 0x002E, 0x002E, 0x002E, 0x002E, 0x002E, 0x002E, 0x002E,
  0x002E, 0x002E, 0x002E, 0x002E, 0x002E, 0x002E, 0x002E, 0x002E, 0x002E, 0x002E, 0x002E, 0x002E,
  0x002E, 0x002E, 0x002E, 0x002E, 0x002E, 0x002E, 0x002E, 0x002E, 0x002E, 0x002E, 0x002E, 0x002E,
  0x002E, 0x002E, 0x002E, 0x002E, 0x002E, 0x002E, 0x002E, 0x002E, 0x002E, 0x002E, 0x002E, 0x002E,
  0x002E, 0x002E, 0x002E, 0x002E, 0x002E, 0x002E, 0x002E, 0x002E, 0x002E, 0x002E, 0x002E, 0x002E,
  0x002E, 0x002E, 0x002E, 0x002E, 0x002E, 0x002E, 0x002E, 0x002E, 0x002E, 0x002E, 0x002E, 0x002E,
  0x002E, 0x002E, 0x002E, 0x002E, 0x002E, 0x002E, 0x002E, 0x002E, 0x002E, 0x002E, 0x002E, 0x002E,
  0x002E, 0x002E, 0x002E, 0x002E, 0x002E, 0x002E, 0x002E, 0x002E, 0x002E, 0x002E, 0x002E, 0x002E,
  0x002E, 0x002E, 0x002E, 0x002E, 0x002E, 0x002E, 0x002E, 0x002E, 0x002E, 0x002E, 0x002E, 0x002E,
  0x002E, 0x002E, 0x002E, 0x002E, 0x002E, 0x002E, 0x002E, 0x002E, 0x002E, 0x002E, 0x002E, 0x002E,
  0x002E, 0x002E, 0x002E, 0x002E, 0x002E, 0x002E, 0x002E, 0x002E, 0x002E, 0x002E, 0x002E, 0x002E,
  0x002E, 0x002E, 0x002E, 0x002E, 0x002E, 0x002E, 0x002E, 0x002E, 0x002E, 0x002E, 0x002E, 0x002E,
  0x002E, 0x002E, 0x002E, 0x002E, 0x002E, 0x002E, 0x002E, 0x002E, 0x002E, 0x002E, 0x002E, 0x002E,
  0x002E, 0x002E, 0x002E, 0x002E, 0x002E, 0x002E, 0x002E, 0x002E, 0x002E, 0x002E, 0x002E, 0x002E,
  0x0398, 0x05FF, 0x061F, 0xBF9F, 0xFFFF, 0xFFFF, 0xFFFF, 0xFFFF, 0xFFFF, 0xE75D, 0x5B91, 0x0087,
  0x0087, 0x0087, 0x0087, 0x42EF, 0xFFFF, 0xFFFF, 0xFFFF, 0xFFFF, 0x069F, 0x05FF, 0x05FF, 0x4F1F,
  0x061F, 0x05DF, 0x05DF, 0x0151, 0x002E, 0x002E, 0x002E, 0x002E, 0x002E, 0x002E, 0x002E, 0x002E,
  0x002E, 0x002E, 0x002E, 0x002E, 0x002E, 0x002E, 0x002E, 0x002E, 0x002E, 0x002E, 0x002E, 0x002E,
  0x002E, 0x002E, 0x002E, 0x002E, 0x002E, 0x002E, 0x002E, 0x002E, 0x8D55, 0x01EF, 0x000C, 0x004E,
  0x0455, 0x04D5, 0x0474, 0x0474, 0x0474, 0x0474, 0x0474, 0x04F5, 0x03B3, 0x000D, 0x000E, 0x002E,
  0x002E, 0x002E, 0x002E, 0x002E, 0x002E, 0x002E, 0x002E, 0x002E, 0x002E, 0x002E, 0x002E, 0x002E,
  0x002E, 0x002E, 0x002E, 0x002E, 0x002E, 0x002E, 0x002E, 0x002E, 0x002E, 0x002E, 0x002E, 0x002E,
  0x002E, 0x002E, 0x002E, 0x002E, 0x002E, 0x002E, 0x002E, 0x002E, 0x002E, 0x002E, 0x000E, 0x000C,
  0x8CB3, 0xAD55, 0xAD35, 0x8534, 0x3534, 0x7555, 0x6492, 0x22CA, 0x6BAE, 0x18A3, 0x0000, 0x0000,
  0x0000, 0x0000, 0x0000, 0x024A, 0x04B2, 0x0555, 0x0513, 0x0186, 0xACD3, 0x9492, 0x738E, 0x5ACB,
  0x3186, 0x0000, 0x2986, 0x9CF3, 0x4270, 0x000D, 0x000E, 0x002E, 0x002E, 0x002E, 0x002E, 0x002E,
  0x002E, 0x002E, 0x002E, 0x002E, 0x002E, 0x002E, 0x002E, 0x002E, 0x002E, 0x002E, 0x002E, 0x002E,
  0x002E, 0x002E, 0x002E, 0x002E, 0x002E, 0x002E, 0x002E, 0x002E, 0x002E, 0x002E, 0x002E, 0x002E,
  0x002E, 0x002E, 0x002E, 0x002E, 0x002E, 0x002E, 0x002E, 0x002E, 0x002E, 0x002E, 0x002E, 0x002E,
  0x002E, 0x002E, 0x002E, 0x002E, 0x002E, 0x002E, 0x002E, 0x002E, 0x002E, 0x002E, 0x002E, 0x002E,
  0x002E, 0x002E, 0x002E, 0x002E, 0x002E, 0x002E, 0x002E, 0x002E, 0x002E, 0x002E, 0x002E, 0x002E,
  0x002E, 0x002E, 0x002E, 0x002E, 0x002E, 0x002E, 0x002E, 0x002E, 0x002E, 0x002E, 0x002E, 0x002E,
  0x002E, 0x002E, 0x002E, 0x002E, 0x002E, 0x002E, 0x002E, 0x002E, 0x002E, 0x002E, 0x002E, 0x002E,
  0x002E, 0x002E, 0x002E, 0x002E, 0x002E, 0x002E, 0x002E, 0x002E, 0x002E, 0x002E, 0x002E, 0x002E,
  0x002E, 0x002E, 0x002E, 0x002E, 0x002E, 0x002E, 0x002E, 0x002E, 0x002E, 0x002E, 0x002E, 0x002E,
  0x002E, 0x002E, 0x002E, 0x002E, 0x002E, 0x002E, 0x002E, 0x002E, 0x002E, 0x002E, 0x002E, 0x002E,
  0x002E, 0x002E, 0x002E, 0x002E, 0x002E, 0x002E, 0x002E, 0x002E, 0x002E, 0x002E, 0x002E, 0x002E,
  0x002E, 0x002E, 0x002E, 0x002E, 0x002E, 0x002E, 0x002E, 0x002E, 0x002E, 0x002E, 0x002E, 0x002E,
  0x002E, 0x002E, 0x002E, 0x002E, 0x002E, 0x002E, 0x002E, 0x002E, 0x002E, 0x002E, 0x002E, 0x002E,
  0x002E, 0x002E, 0x002E, 0x002E, 0x002E, 0x002E, 0x002E, 0x002E, 0x002E, 0x002E, 0x002E, 0x002E,
  0x002E, 0x002E, 0x002E, 0x002E, 0x002E, 0x002E, 0x002E, 0x008F, 0x05DF, 0x05FF, 0x16FF, 0xFFFF,
  0xFFFF, 0xFFFF, 0xFFFF, 0xFFFF, 0xFFFF, 0xFFFF, 0xFFFF, 0xCE9B, 0x2A4D, 0x0087, 0x0087, 0x7C94,
  0xFFFF, 0xFFFF, 0xFFFF, 0x8F5F, 0x05FF, 0x05FF, 0x067F, 0x06FF, 0x05FF, 0x05FF, 0x0378, 0x002E,
  0x002E, 0x002E, 0x002E, 0x002E, 0x002E, 0x002E, 0x002E, 0x002E, 0x002E, 0x002E, 0x002E, 0x002E,
  0x002E, 0x002E, 0x002E, 0x002E, 0x002E, 0x002E, 0x002E, 0x002E, 0x002E, 0x002E, 0x002E, 0x002E,
  0x002E, 0x002E, 0x002E, 0x002E, 0xAD55, 0x63B2, 0x000C, 0x000C, 0x02D2, 0x04F5, 0x0474, 0x0474,
  0x0474, 0x0474, 0x0474, 0x0494, 0x04F5, 0x01AF, 0x000C, 0x000F, 0x002E, 0x002E, 0x002E, 0x002E,
  0x002E, 0x002E, 0x002E, 0x002E, 0x002E, 0x002E, 0x002E, 0x082E, 0x082E, 0x082E, 0x082E, 0x102E,
  0x102E, 0x102E, 0x102E, 0x102E, 0x082E, 0x082E, 0x002E, 0x002E, 0x002E, 0x002E, 0x002E, 0x002E,
  0x002E, 0x002E, 0x002E, 0x002E, 0x002E, 0x002E, 0x002E, 0x000C, 0x31CF, 0xAD55, 0xAD55, 0x8D34,
  0x4D14, 0x8555, 0xA555, 0x53AE, 0x0082, 0x2945, 0x0000, 0x0000, 0x0000, 0x0000, 0x0000, 0x0000,
  0x0000, 0x0165, 0x0145, 0x0000, 0x18A2, 0x0000, 0x0000, 0x0000, 0x0000, 0x0000, 0x4229, 0x9D13,
  0x320F, 0x000D, 0x000E, 0x002E, 0x002E, 0x002E, 0x002E, 0x002E, 0x002E, 0x002E, 0x002E, 0x002E,
  0x002E, 0x002E, 0x002E, 0x002E, 0x002E, 0x002E, 0x002E, 0x002E, 0x002E, 0x002E, 0x002E, 0x002E,
  0x002E, 0x002E, 0x002E, 0x002E, 0x002E, 0x002E, 0x002E, 0x002E, 0x002E, 0x002E, 0x002E, 0x002E,
  0x002E, 0x002E, 0x002E, 0x002E, 0x002E, 0x002E, 0x002E, 0x002E, 0x002E, 0x002E, 0x002E, 0x002E,
  0x002E, 0x002E, 0x002E, 0x002E, 0x002E, 0x002E, 0x002E, 0x002E, 0x002E, 0x002E, 0x002E, 0x002E,
  0x002E, 0x002E, 0x002E, 0x002E, 0x002E, 0x002E, 0x002E, 0x002E, 0x002E, 0x002E, 0x002E, 0x002E,
  0x002E, 0x002E, 0x002E, 0x002E, 0x002E, 0x002E, 0x002E, 0x002E, 0x002E, 0x002E, 0x002E, 0x002E,
  0x002E, 0x002E, 0x002E, 0x002E, 0x002E, 0x002E, 0x002E, 0x002E, 0x002E, 0x002E, 0x002E, 0x002E,
  0x002E, 0x002E, 0x002E, 0x002E, 0x002E, 0x002E, 0x002E, 0x002E, 0x002E, 0x002E, 0x002E, 0x002E,
  0x002E, 0x002E, 0x002E, 0x002E, 0x002E, 0x002E, 0x002E, 0x002E, 0x002E, 0x002E, 0x002E, 0x002E,
  0x002E, 0x002E, 0x002E, 0x002E, 0x002E, 0x002E, 0x002E, 0x002E, 0x002E, 0x002E, 0x002E, 0x002E,
  0x002E, 0x002E, 0x002E, 0x002E, 0x002E, 0x002E, 0x002E, 0x002E, 0x002E, 0x002E, 0x002E, 0x002E,
  0x002E, 0x002E, 0x002E, 0x002E, 0x002E, 0x002E, 0x002E, 0x002E, 0x002E, 0x002E, 0x002E, 0x002E,
  0x002E, 0x002E, 0x002E, 0x002E, 0x002E, 0x002E, 0x002E, 0x002E, 0x002E, 0x002E, 0x002E, 0x002E,
  0x002E, 0x002E, 0x002E, 0x002E, 0x002E, 0x002E, 0x002E, 0x002E, 0x002E, 0x002E, 0x002E, 0x002E,
  0x002E, 0x002E, 0x002E, 0x04DB, 0x05FF, 0x063F, 0xDFBF, 0xFFFF, 0xFFFF, 0xFFFF, 0xFFFF, 0xFFFF,
  0xFFFF, 0xFFFF, 0xFFFF, 0xFFFF, 0xFFFF, 0xA597, 0x2A6D, 0xF7BE, 0xFFFF, 0xFFFF, 0xEFDF, 0x063F,
  0x05FF, 0x05FF, 0x773F, 0x05FF, 0x05DF, 0x057E, 0x00D0, 0x002E, 0x002E, 0x002E, 0x002E, 0x002E,
  0x002E, 0x002E, 0x002E, 0x002E, 0x002E, 0x002E, 0x002E, 0x002E, 0x002E, 0x002E, 0x002E, 0x002E,
  0x002E, 0x002E, 0x002E, 0x002E, 0x002E, 0x002E, 0x002E, 0x002E, 0x002E, 0x002E, 0x002E, 0x002E,
  0xAD55, 0xA513, 0x004D, 0x000D, 0x00AF, 0x0475, 0x04D5, 0x0474, 0x0474, 0x0474, 0x0474, 0x0474,
  0x0515, 0x03D4, 0x000D, 0x000E, 0x000E, 0x002E, 0x002E, 0x002E, 0x002E, 0x102E, 0x102E, 0x102E,
  0x102E, 0x102E, 0x102E, 0x102E, 0x102E, 0x102E, 0x102E, 0x102E, 0x102E, 0x102E, 0x082E, 0x082E,
  0x082E, 0x082E, 0x080E, 0x000E, 0x000E, 0x002E, 0x002E, 0x002E, 0x002E, 0x000E, 0x000E, 0x000E,
  0x000E, 0x000E, 0x000E, 0x000E, 0x000C, 0x8453, 0xAD55, 0x9534, 0x5514, 0x6492, 0x9555, 0xA555,
  0x6C30, 0x1945, 0x0000, 0x0000, 0x0000, 0x0000, 0x0000, 0x0000, 0x0000, 0x0000, 0x0000, 0x0000,
  0x0000, 0x0000, 0x0000, 0x0000, 0x0020, 0x10C3, 0x42EB, 0x9513, 0x326F, 0x000C, 0x000E, 0x000E,
  0x002E, 0x002E, 0x002E, 0x002E, 0x002E, 0x002E, 0x002E, 0x002E, 0x002E, 0x002E, 0x002E, 0x000E,
  0x000E, 0x000E, 0x000E, 0x000E, 0x000E, 0x000E, 0x000E, 0x000E, 0x000E, 0x000E, 0x000E, 0x000E,
  0x000E, 0x000E, 0x000E, 0x000E, 0x000E, 0x000E, 0x000E, 0x000E, 0x002E, 0x002E, 0x002E, 0x002E,
  0x002E, 0x002E, 0x002E, 0x002E, 0x002E, 0x002E, 0x002E, 0x002E, 0x002E, 0x002E, 0x002E, 0x000E,
  0x002E, 0x002E, 0x002E, 0x002E, 0x002E, 0x002E, 0x002E, 0x002E, 0x002E, 0x002E, 0x002E, 0x002E,
  0x002E, 0x002E, 0x002E, 0x002E, 0x002E, 0x002E, 0x002E, 0x002E, 0x002E, 0x002E, 0x002E, 0x002E,
  0x002E, 0x002E, 0x002E, 0x002E, 0x002E, 0x002E, 0x002E, 0x002E, 0x002E, 0x002E, 0x002E, 0x002E,
  0x002E, 0x002E, 0x002E, 0x002E, 0x002E, 0x002E, 0x002E, 0x002E, 0x002E, 0x002E, 0x002E, 0x002E,
  0x002E, 0x002E, 0x002E, 0x002E, 0x002E, 0x002E, 0x002E, 0x002E, 0x002E, 0x002E, 0x002E, 0x002E,
  0x002E, 0x002E, 0x002E, 0x002E, 0x002E, 0x002E, 0x002E, 0x002E, 0x002E, 0x002E, 0x002E, 0x002E,
  0x002E, 0x002E, 0x002E, 0x002E, 0x002E, 0x002E, 0x002E, 0x002E, 0x002E, 0x002E, 0x002E, 0x002E,
  0x002E, 0x002E, 0x002E, 0x002E, 0x002E, 0x002E, 0x002E, 0x002E, 0x002E, 0x002E, 0x002E, 0x002E,
  0x002E, 0x002E, 0x002E, 0x002E, 0x002E, 0x002E, 0x002E, 0x002E, 0x002E, 0x002E, 0x002E, 0x002E,
  0x002E, 0x002E, 0x002E, 0x002E, 0x002E, 0x002E, 0x002E, 0x002E, 0x002E, 0x002E, 0x002E, 0x002E,
  0x002E, 0x002E, 0x002E, 0x002E, 0x002E, 0x002E, 0x002E, 0x002E, 0x002E, 0x002E, 0x01D3, 0x05FF,
  0x061F, 0x6F3F, 0xFFFF, 0xFFFF, 0xFFFF, 0xFFFF, 0xFFFF, 0xFFFF, 0xFFFF, 0xFFFF, 0xFFFF, 0xFFFF,
  0xFFFF, 0xFFFF, 0xFFFF, 0xFFFF, 0xFFFF, 0xFFFF, 0x571F, 0x05FF, 0x05FF, 0x06BF, 0x067F, 0x05FF,
  0x05FF, 0x0295, 0x002E, 0x002E, 0x002E, 0x002E, 0x002E, 0x002E, 0x002E, 0x002E, 0x002E, 0x002E,
  0x002E, 0x002E, 0x002E, 0x002E, 0x002E, 0x002E, 0x002E, 0x002E, 0x002E, 0x002E, 0x002E, 0x002E,
  0x002E, 0x002E, 0x002E, 0x002E, 0x002E, 0x002E, 0x002E, 0x002E, 0xAD55, 0xA534, 0x08CD, 0x000E,
  0x000C, 0x02B2, 0x04F5, 0x0494, 0x0474, 0x0474, 0x0494, 0x0494, 0x0494, 0x04F5, 0x0190, 0x000D,
  0x000E, 0x000E, 0x002E, 0x002E, 0x002E, 0x082E, 0x082E, 0x100E, 0x102E, 0x102E, 0x102E, 0x082E,
  0x082E, 0x082E, 0x082E, 0x082E, 0x082E, 0x102E, 0x082E, 0x082E, 0x082E, 0x080E, 0x100E, 0x080E,
  0x000E, 0x000E, 0x000E, 0x000E, 0x000E, 0x000E, 0x000E, 0x000E, 0x000E, 0x000E, 0x000E, 0x002F,
  0x000C, 0x4230, 0xAD55, 0xA534, 0x7D55, 0x2BAE, 0x4B6E, 0xA555, 0x9D55, 0x8D55, 0x5BAE, 0x2A08,
  0x10C3, 0x0000, 0x0000, 0x0000, 0x0000, 0x0000, 0x0882, 0x1903, 0x2165, 0x29A6, 0x3A49, 0x532C,
  0x6C51, 0x8D55, 0x9D55, 0xAD55, 0x2A4E, 0x000C, 0x000E, 0x000E, 0x002E, 0x002E, 0x002E, 0x002E,
  0x002E, 0x002E, 0x002E, 0x000E, 0x000E, 0x000E, 0x000E, 0x000E, 0x000E, 0x000E, 0x000E, 0x000E,
  0x000E, 0x000E, 0x000E, 0x000E, 0x000E, 0x000E, 0x000E, 0x000E, 0x000E, 0x000E, 0x000E, 0x000E,
  0x000E, 0x000E, 0x000E, 0x000E, 0x000E, 0x002E, 0x000E, 0x002E, 0x002E, 0x002E, 0x002E, 0x002E,
  0x002E, 0x002E, 0x002E, 0x002E, 0x002E, 0x002E, 0x002E, 0x000E, 0x002E, 0x002E, 0x002E, 0x002E,
  0x002E, 0x002E, 0x002E, 0x002E, 0x002E, 0x002E, 0x002E, 0x002E, 0x002E, 0x000E, 0x000E, 0x000E,
  0x002E, 0x002E, 0x002E, 0x002E, 0x002E, 0x002E, 0x002E, 0x002E, 0x002E, 0x002E, 0x002E, 0x002E,
  0x002E, 0x002E, 0x002E, 0x002E, 0x002E, 0x002E, 0x002E, 0x002E, 0x002E, 0x002E, 0x002E, 0x002E,
  0x002E, 0x002E, 0x002E, 0x002E, 0x002E, 0x002E, 0x002E, 0x002E, 0x002E, 0x002E, 0x002E, 0x002E,
  0x002E, 0x002E, 0x002E, 0x002E, 0x002E, 0x002E, 0x002E, 0x002E, 0x002E, 0x002E, 0x002E, 0x002E,
  0x002E, 0x002E, 0x002E, 0x002E, 0x002E, 0x002E, 0x002E, 0x002E, 0x002E, 0x002E, 0x002E, 0x002E,
  0x002E, 0x002E, 0x002E, 0x002E, 0x002E, 0x002E, 0x002E, 0x002E, 0x002E, 0x002E, 0x002E, 0x002E,
  0x002E, 0x002E, 0x002E, 0x002E, 0x002E, 0x002E, 0x002E, 0x002E, 0x002E, 0x002E, 0x002E, 0x002E,
  0x002E, 0x002E, 0x002E, 0x002E, 0x002E, 0x002E, 0x002E, 0x002E, 0x002E, 0x002E, 0x002E, 0x002E,
  0x002E, 0x002E, 0x002E, 0x002E, 0x002E, 0x002E, 0x002E, 0x002E, 0x002E, 0x002E, 0x002E, 0x002E,
  0x002E, 0x002E, 0x002E, 0x002E, 0x002E, 0x002E, 0x059E, 0x05FF, 0x069F, 0xFFFF, 0xF7BE, 0x2A6D,
  0xADB8, 0xFFFF, 0xFFFF, 0xFFFF, 0xFFFF, 0xFFFF, 0xFFFF, 0xFFFF, 0xFFFF, 0xFFFF, 0xFFFF, 0xFFFF,
  0xFFFF, 0xD7BF, 0x05FF, 0x05FF, 0x061F, 0x671F, 0x05DF, 0x05FF, 0x047B, 0x002E, 0x002E, 0x002E,
  0x002E, 0x002E, 0x002E, 0x002E, 0x002E, 0x002E, 0x002E, 0x002E, 0x002E, 0x002E, 0x002E, 0x002E,
  0x002E, 0x002E, 0x002E, 0x002E, 0x002E, 0x002E, 0x002E, 0x002E, 0x002E, 0x002E, 0x002E, 0x002E,
  0x002E, 0x002E, 0x002E, 0x002E, 0xAD55, 0xAD55, 0x192D, 0x000D, 0x000D, 0x006E, 0x0475, 0x04D5,
  0x0474, 0x0474, 0x0494, 0x0494, 0x0474, 0x0535, 0x0332, 0x000C, 0x000E, 0x002E, 0x002E, 0x002E,
  0x000E, 0x000E, 0x080E, 0x080E, 0x080E, 0x080E, 0x082E, 0x082E, 0x080E, 0x082E, 0x082E, 0x080E,
  0x080E, 0x080E, 0x080E, 0x080E, 0x080E, 0x080E, 0x100E, 0x100E, 0x080E, 0x000E, 0x000E, 0x002E,
  0x002E, 0x000E, 0x000E, 0x000E, 0x000E, 0x000E, 0x000E, 0x000E, 0x000E, 0x000D, 0x9493, 0xAD55,
  0x9D55, 0x7D14, 0x01E7, 0x3ACB, 0xAD55, 0xAD55, 0xAD55, 0xA555, 0x8D55, 0x7492, 0x532C, 0x29C7,
  0x10E3, 0x1104, 0x1986, 0x3208, 0x42AA, 0x4B4D, 0x5C10, 0x6C92, 0x74F3, 0x8554, 0x8D34, 0xA555,
  0x322E, 0x000C, 0x000E, 0x000E, 0x002E, 0x002E, 0x002E, 0x002E, 0x002E, 0x002E, 0x002E, 0x000E,
  0x000E, 0x000E, 0x000E, 0x000E, 0x000E, 0x000E, 0x000E, 0x000E, 0x000E, 0x000E, 0x000E, 0x000E,
  0x000E, 0x000E, 0x000E, 0x000E, 0x000E, 0x000E, 0x000E, 0x000E, 0x000E, 0x000E, 0x000E, 0x000E,
  0x000E, 0x002E, 0x002E, 0x002E, 0x000E, 0x000E, 0x000E, 0x000E, 0x000E, 0x000E, 0x000E, 0x000E,
  0x000E, 0x000E, 0x000E, 0x002E, 0x000E, 0x000E, 0x000E, 0x000E, 0x000E, 0x000E, 0x000E, 0x000E,
  0x000E, 0x000E, 0x000E, 0x000E, 0x000E, 0x000E, 0x000E, 0x000E, 0x000E, 0x000E, 0x000E, 0x000E,
  0x000E, 0x000E, 0x000E, 0x000E, 0x000E, 0x000E, 0x000E, 0x000E, 0x000E, 0x000E, 0x000E, 0x000E,
  0x000E, 0x000E, 0x000E, 0x000E, 0x000E, 0x000E, 0x000E, 0x000E, 0x000E, 0x000E, 0x000E, 0x000E,
  0x000E, 0x000E, 0x000E, 0x000E, 0x000E, 0x000E, 0x000E, 0x000E, 0x000E, 0x000E, 0x000E, 0x000E,
  0x000E, 0x000E, 0x000E, 0x000E, 0x000E, 0x000E, 0x000E, 0x000E, 0x000E, 0x000E, 0x000E, 0x000E,
  0x000E, 0x000E, 0x000E, 0x000E, 0x000E, 0x000E, 0x000E, 0x000E, 0x000E, 0x000E, 0x000E, 0x000E,
  0x000E, 0x000E, 0x000E, 0x000E, 0x000E, 0x000E, 0x000E, 0x000E, 0x000E, 0x000E, 0x000E, 0x000E,
  0x000E, 0x000E, 0x000E, 0x000E, 0x000E, 0x000E, 0x000E, 0x000E, 0x000E, 0x000E, 0x000E, 0x000E,
  0x000E, 0x000E, 0x000E, 0x000E, 0x000E, 0x000E, 0x000E, 0x000E, 0x000E, 0x000E, 0x000E, 0x000E,
  0x000E, 0x000E, 0x000E, 0x000E, 0x000E, 0x000E, 0x000E, 0x000E, 0x000E, 0x000E, 0x000E, 0x000E,
  0x000E, 0x0336, 0x05FF, 0x061F, 0xAF7F, 0xFFFF, 0x8494, 0x0087, 0x0087, 0x328E, 0xCE9B, 0xFFFF,
  0xFFFF, 0xFFFF, 0xFFFF, 0xFFFF, 0xFFFF, 0xFFFF, 0xFFFF, 0xFFFF, 0xFFFF, 0x069F, 0x05FF, 0x05FF,
  0x05FF, 0x769E, 0x05FF, 0x05DF, 0x01B2, 0x000E, 0x000E, 0x000E, 0x000E, 0x000E, 0x000E, 0x000E,
  0x000E, 0x000E, 0x000E, 0x000E, 0x000E, 0x000E, 0x000E, 0x000E, 0x000E, 0x000E, 0x000E, 0x000E,
  0x000E, 0x000E, 0x000E, 0x000E, 0x000E, 0x000E, 0x000E, 0x000E, 0x000E, 0x000E, 0x000E, 0x000E,
  0xAD55, 0xAD55, 0x29AD, 0x000C, 0x000E, 0x000D, 0x02B2, 0x0515, 0x0494, 0x0474, 0x0474, 0x0474,
  0x0474, 0x04B4, 0x0474, 0x00EE, 0x000D, 0x000E, 0x000E, 0x000E, 0x000E, 0x000E, 0x000E, 0x080E,
  0x080E, 0x080E, 0x080E, 0x080E, 0x080E, 0x080E, 0x080E, 0x080E, 0x080E, 0x080E, 0x080E, 0x080E,
  0x080E, 0x080E, 0x100E, 0x100E, 0x100E, 0x000E, 0x000E, 0x000E, 0x000E, 0x000E, 0x000E, 0x000E,
  0x000E, 0x000E, 0x000E, 0x000E, 0x000F, 0x000C, 0x51F0, 0xAD55, 0xAD55, 0xAD55, 0x63EF, 0x0000,
  0x2145, 0x52EB, 0x63CF, 0x7CD3, 0x9555, 0x8D55, 0x9555, 0x9D55, 0x8D55, 0x7534, 0x6CF3, 0x74F3,
  0x7D34, 0x8555, 0x8D55, 0x8D55, 0x9555, 0x9D55, 0xA555, 0xAD55, 0x3A4E, 0x000C, 0x000F, 0x000E,
  0x000E, 0x000E, 0x000E, 0x000E, 0x000E, 0x000E, 0x000E, 0x000E, 0x000E, 0x000E, 0x000E, 0x000E,
  0x000E, 0x000E, 0x000E, 0x000E, 0x000E, 0x000E, 0x000E, 0x000E, 0x000E, 0x000E, 0x000E, 0x000E,
  0x000E, 0x000E, 0x000E, 0x000E, 0x000E, 0x000E, 0x000E, 0x000E, 0x000E, 0x000E, 0x000E, 0x000E,
  0x000E, 0x000E, 0x000E, 0x000E, 0x000E, 0x000E, 0x000E, 0x000E, 0x000E, 0x000E, 0x000E, 0x000E,
  0x000E, 0x000E, 0x000E, 0x000E, 0x000E, 0x000E, 0x000E, 0x000E, 0x000E, 0x000E, 0x000E, 0x000E,
  0x000E, 0x000E, 0x000E, 0x000E, 0x000E, 0x000E, 0x000E, 0x000E, 0x000E, 0x000E, 0x000E, 0x000E,
  0x000E, 0x000E, 0x000E, 0x000E, 0x000E, 0x000E, 0x000E, 0x000E, 0x000E, 0x000E, 0x000E, 0x000E,
  0x000E, 0x000E, 0x000E, 0x000E, 0x000E, 0x000E, 0x000E, 0x000E, 0x000E, 0x000E, 0x000E, 0x000E,
  0x000E, 0x000E, 0x000E, 0x000E, 0x000E, 0x000E, 0x000E, 0x000E, 0x000E, 0x000E, 0x000E, 0x000E,
  0x000E, 0x000E, 0x000E, 0x000E, 0x000E, 0x000E, 0x000E, 0x000E, 0x000E, 0x000E, 0x000E, 0x000E,
  0x000E, 0x000E, 0x000E, 0x000E, 0x000E, 0x000E, 0x000E, 0x000E, 0x000E, 0x000E, 0x000E, 0x000E,
  0x000E, 0x000E, 0x000E, 0x000E, 0x000E, 0x000E, 0x000E, 0x000E, 0x000E, 0x000E, 0x000E, 0x000E,
  0x000E, 0x000E, 0x000E, 0x000E, 0x000E, 0x000E, 0x000E, 0x000E, 0x000E, 0x000E, 0x000E, 0x000E,
  0x000E, 0x000E, 0x000E, 0x000E, 0x000E, 0x000E, 0x000E, 0x000E, 0x000E, 0x000E, 0x000E, 0x000E,
  0x000E, 0x000E, 0x000E, 0x000E, 0x000E, 0x000E, 0x000E, 0x000E, 0x008F, 0x05DF, 0x05FF, 0x06BF,
  0xFFFF, 0xFFFF, 0x42EF, 0x0087, 0x0087, 0x0087, 0x0087, 0x5B91, 0xEF5D, 0xFFFF, 0xFFFF, 0xFFFF,
  0xFFFF, 0xFFFF, 0xFFFF, 0xFFFF, 0xB77F, 0x05FF, 0x05FF, 0x05FF, 0x05FF, 0x0377, 0x01F3, 0x0254,
  0x002E, 0x000E, 0x000E, 0x000E, 0x000E, 0x000E, 0x000E, 0x000E, 0x000E, 0x000E, 0x000E, 0x000E,
  0x000E, 0x000E, 0x000E, 0x000E, 0x000E, 0x000E, 0x000E, 0x000E, 0x000E, 0x000E, 0x000E, 0x000E,
  0x000E, 0x000E, 0x000E, 0x000E, 0x000E, 0x000E, 0x000E, 0x000E, 0xAD55, 0xAD55, 0x4A8F, 0x000B,
  0x000F, 0x000D, 0x000D, 0x03D4, 0x04F5, 0x0474, 0x0474, 0x0474, 0x0474, 0x0494, 0x0515, 0x0231,
  0x000C, 0x000E, 0x000E, 0x000E, 0x000E, 0x000E, 0x000E, 0x080E, 0x080E, 0x000E, 0x000E, 0x000E,
  0x000E, 0x080E, 0x080E, 0x080E, 0x080E, 0x080E, 0x080E, 0x080E, 0x080E, 0x100E, 0x100E, 0x100E,
  0x180E, 0x000E, 0x000E, 0x000E, 0x000E, 0x000E, 0x000E, 0x000E, 0x000E, 0x000E, 0x000E, 0x000E,
  0x000E, 0x000E, 0x080C, 0x9C53, 0xAD55, 0xAD35, 0xAD55, 0x9CB2, 0x528A, 0x39E7, 0x39C7, 0x3228,
  0x332D, 0x2C51, 0x0513, 0x5555, 0x8D55, 0x9555, 0x9555, 0x9555, 0x9555, 0x9D55, 0x9D55, 0x9D55,
  0xAD35, 0xAD35, 0xAD55, 0xAD55, 0x31CE, 0x000C, 0x000E, 0x000E, 0x000E, 0x000E, 0x000E, 0x000E,
  0x000E, 0x000E, 0x000E, 0x000E, 0x000E, 0x000E, 0x000E, 0x000E, 0x000E, 0x000E, 0x000E, 0x000E,
  0x000E, 0x000E, 0x000E, 0x000E, 0x000E, 0x000E, 0x000E, 0x000E, 0x000E, 0x000E, 0x000E, 0x000E,
  0x000E, 0x000E, 0x000E, 0x000E, 0x000E, 0x000E, 0x000E, 0x000E, 0x000E, 0x000E, 0x000E, 0x000E,
  0x000E, 0x000E, 0x000E, 0x000E, 0x000E, 0x000E, 0x000E, 0x000E, 0x000E, 0x000E, 0x000E, 0x000E,
  0x000E, 0x000E, 0x000E, 0x000E, 0x000E, 0x000E, 0x000E, 0x000E, 0x000E, 0x000E, 0x000E, 0x000E,
  0x000E, 0x000E, 0x000E, 0x000E, 0x000E, 0x000E, 0x000E, 0x000E, 0x000E, 0x000E, 0x000E, 0x000E,
  0x000E, 0x000E, 0x000E, 0x000E, 0x000E, 0x000E, 0x000E, 0x000E, 0x000E, 0x000E, 0x000E, 0x000E,
  0x000E, 0x000E, 0x000E, 0x000E, 0x000E, 0x000E, 0x000E, 0x000E, 0x000E, 0x000E, 0x000E, 0x000E,
  0x000E, 0x000E, 0x000E, 0x000E, 0x000E, 0x000E, 0x000E, 0x000E, 0x000E, 0x000E, 0x000E, 0x000E,
  0x000E, 0x000E, 0x000E, 0x000E, 0x000E, 0x000E, 0x000E, 0x000E, 0x000E, 0x000E, 0x000E, 0x000E,
  0x000E, 0x000E, 0x000E, 0x000E, 0x000E, 0x000E, 0x000E, 0x000E, 0x000E, 0x000E, 0x000E, 0x000E,
  0x000E, 0x000E, 0x000E, 0x000E, 0x000E, 0x000E, 0x000E, 0x000E, 0x000E, 0x000E, 0x000E, 0x000E,
  0x000E, 0x000E, 0x000E, 0x000E, 0x000E, 0x000E, 0x000E, 0x000E, 0x000E, 0x000E, 0x000E, 0x000E,
  0x000E, 0x000E, 0x000E, 0x000E, 0x000E, 0x000E, 0x000E, 0x000E, 0x000E, 0x000E, 0x000E, 0x000E,
  0x000E, 0x000E, 0x000E, 0x000E, 0x04BB, 0x05FF, 0x065F, 0xDFBF, 0xFFFF, 0xFFFF, 0xFFFF, 0xADB8,
  0x09AB, 0x0087, 0x0087, 0x0087, 0x0109, 0x84B5, 0xFFDF, 0xFFFF, 0xFFFF, 0xFFFF, 0xFFFF, 0xF7FF,
  0x065F, 0x05FF, 0x05FF, 0x05FF, 0x05DF, 0x004F, 0x000E, 0x000E, 0x000E, 0x000E, 0x000E, 0x000E,
  0x000E, 0x000E, 0x000E, 0x000E, 0x000E, 0x000E, 0x000E, 0x000E, 0x000E, 0x000E, 0x000E, 0x000E,
  0x000E, 0x000E, 0x000E, 0x000E, 0x000E, 0x000E, 0x000E, 0x000E, 0x000E, 0x000E, 0x000E, 0x000E,
  0x000E, 0x000E, 0x000E, 0x000E, 0xAD35, 0xAD55, 0x7BF1, 0x000B, 0x000F, 0x000E, 0x000C, 0x00EF,
  0x0495, 0x04B4, 0x0474, 0x0474, 0x0474, 0x0494, 0x0515, 0x0251, 0x000C, 0x000E, 0x000E, 0x000E,
  0x000E, 0x000E, 0x000E, 0x000E, 0x000E, 0x000E, 0x000E, 0x000E, 0x000E, 0x000E, 0x080E, 0x080E,
  0x080E, 0x080E, 0x080E, 0x080E, 0x080E, 0x100E, 0x100E, 0x100E, 0x180E, 0x100E, 0x000E, 0x000E,
  0x000E, 0x000E, 0x000E, 0x000E, 0x000E, 0x000E, 0x000E, 0x000E, 0x000E, 0x000E, 0x000C, 0x6AB1,
  0xAD55, 0xA555, 0xAD55, 0xAD55, 0xAD55, 0xAD55, 0xAD55, 0x94F3, 0x7430, 0x6C31, 0x64B3, 0x5514,
  0x6534, 0x9555, 0xAD35, 0xAD35, 0xAD35, 0xAD35, 0xAD35, 0xAD35, 0xAD35, 0xAD35, 0xAD55, 0xAD55,
  0x190D, 0x000D, 0x000E, 0x000E, 0x000E, 0x000E, 0x000E, 0x000E, 0x000E, 0x000E, 0x000E, 0x000E,
  0x000E, 0x000E, 0x000E, 0x000E, 0x000E, 0x000E, 0x000E, 0x000E, 0x000E, 0x000E, 0x000E, 0x000E,
  0x000E, 0x000E, 0x000E, 0x000E, 0x000E, 0x000E, 0x000E, 0x000E, 0x000E, 0x000E, 0x000E, 0x000E,
  0x000E, 0x000E, 0x000E, 0x000E, 0x000E, 0x000E, 0x000E, 0x000E, 0x000E, 0x000E, 0x000E, 0x000E,
  0x000E, 0x000E, 0x000E, 0x000E, 0x000E, 0x000E, 0x000E, 0x000E, 0x000E, 0x000E, 0x000E, 0x000E,
  0x000E, 0x000E, 0x000E, 0x000E, 0x000E, 0x000E, 0x000E, 0x000E, 0x000E, 0x000E, 0x000E, 0x000E,
  0x000E, 0x000E, 0x000E, 0x000E, 0x000E, 0x000E, 0x000E, 0x000E, 0x000E, 0x000E, 0x000E, 0x000E,
  0x000E, 0x000E, 0x000E, 0x000E, 0x000E, 0x000E, 0x000E, 0x000E, 0x000E, 0x000E, 0x000E, 0x000E,
  0x000E, 0x000E, 0x000E, 0x000E, 0x000E, 0x000E, 0x000E, 0x000E, 0x000E, 0x000E, 0x000E, 0x000E,
  0x000E, 0x000E, 0x000E, 0x000E, 0x000E, 0x000E, 0x000E, 0x000E, 0x000E, 0x000E, 0x000E, 0x000E,
  0x000E, 0x000E, 0x000E, 0x000E, 0x000E, 0x000E, 0x000E, 0x000E, 0x000E, 0x000E, 0x000E, 0x000E,
  0x000E, 0x000E, 0x000E, 0x000E, 0x000E, 0x000E, 0x000E, 0x000E, 0x000E, 0x000E, 0x000E, 0x000E,
  0x000E, 0x000E, 0x000E, 0x000E, 0x000E, 0x000E, 0x000E, 0x000E, 0x000E, 0x000E, 0x000E, 0x000E,
  0x000E, 0x000E, 0x000E, 0x000E, 0x000E, 0x000E, 0x000E, 0x000E, 0x000E, 0x000E, 0x000E, 0x000E,
  0x000E, 0x000E, 0x000E, 0x000E, 0x000E, 0x000E, 0x000E, 0x000E, 0x000E, 0x000E, 0x000E, 0x0151,
  0x05FF, 0x061F, 0x5F1F, 0xFFFF, 0xFFFF, 0xFFFF, 0xFFFF, 0xFFFF, 0xF7BE, 0x7C94, 0x00E8, 0x0087,
  0x0087, 0x0087, 0x09AB, 0xADB8, 0xFFFF, 0xFFFF, 0xFFFF, 0x5F1F, 0x05FF, 0x05FF, 0x05FF, 0x05FF,
  0x02F6, 0x000E, 0x000E, 0x000E, 0x000E, 0x000E, 0x000E, 0x000E, 0x000E, 0x000E, 0x000E, 0x000E,
  0x000E, 0x000E, 0x000E, 0x000E, 0x000E, 0x000E, 0x000E, 0x000E, 0x000E, 0x000E, 0x000E, 0x000E,
  0x000E, 0x000E, 0x000E, 0x000E, 0x000E, 0x000E, 0x000E, 0x000E, 0x000E, 0x000E, 0x000E, 0x000E,
  0xAD35, 0xAD55, 0xAD54, 0x08AC, 0x000E, 0x000F, 0x000E, 0x000C, 0x0252, 0x0535, 0x0494, 0x0474,
  0x0474, 0x0494, 0x04F5, 0x0231, 0x000D, 0x000E, 0x000E, 0x000E, 0x000E, 0x000E, 0x000E, 0x000E,
  0x000E, 0x000E, 0x000E, 0x000E, 0x000E, 0x000E, 0x080E, 0x080E, 0x080E, 0x080E, 0x080E, 0x080E,
  0x080E, 0x100E, 0x100E, 0x100E, 0x180E, 0x180E, 0x180F, 0x000E, 0x000E, 0x000E, 0x000E, 0x000E,
  0x000E, 0x000E, 0x000E, 0x000E, 0x000E, 0x000E, 0x000E, 0x288E, 0xAD55, 0xAD55, 0xA534, 0xA535,
  0xA535, 0xAD35, 0xAD55, 0xAD55, 0xAD55, 0xAD55, 0xAD55, 0xA534, 0x9D34, 0xA535, 0xAD35, 0xAD35,
  0xAD35, 0xAD35, 0xA534, 0xA534, 0xA535, 0xAD35, 0xAD55, 0x9CF4, 0x002D, 0x000D, 0x000E, 0x000E,
  0x000E, 0x000E, 0x000E, 0x000E, 0x000E, 0x000E, 0x000E, 0x000E, 0x000E, 0x000E, 0x000E, 0x000E,
  0x000E, 0x000E, 0x000E, 0x000E, 0x000E, 0x000E, 0x000E, 0x000E, 0x000E, 0x000E, 0x000E, 0x000E,
  0x000E, 0x000E, 0x000E, 0x000E, 0x000E, 0x000E, 0x000E, 0x000E, 0x000E, 0x000E, 0x000E, 0x000E,
  0x000E, 0x000E, 0x000E, 0x000E, 0x000E, 0x000E, 0x000E, 0x000E, 0x000E, 0x000E, 0x000E, 0x000E,
  0x000E, 0x000E, 0x000E, 0x000E, 0x000E, 0x000E, 0x000E, 0x000E, 0x000E, 0x000E, 0x000E, 0x000E,
  0x000E, 0x000E, 0x000E, 0x000E, 0x000E, 0x000E, 0x000E, 0x000E, 0x000E, 0x000E, 0x000E, 0x000E,
  0x000E, 0x000E, 0x000E, 0x000E, 0x000E, 0x000E, 0x000E, 0x000E, 0x000E, 0x000E, 0x000E, 0x000E,
  0x000E, 0x000E, 0x000E, 0x000E, 0x000E, 0x000E, 0x000E, 0x000E, 0x000E, 0x000E, 0x000E, 0x000E,
  0x000E, 0x000E, 0x000E, 0x000E, 0x000E, 0x000E, 0x000E, 0x000E, 0x000E, 0x000E, 0x000E, 0x000E,
  0x000E, 0x000E, 0x000E, 0x000E, 0x000E, 0x000E, 0x000E, 0x000E, 0x000E, 0x000E, 0x000E, 0x000E,
  0x000E, 0x000E, 0x000E, 0x000E, 0x000E, 0x000E, 0x000E, 0x000E, 0x000E, 0x000E, 0x000E, 0x000E,
  0x000E, 0x000E, 0x000E, 0x000E, 0x000E, 0x000E, 0x000E, 0x000E, 0x000E, 0x000E, 0x000E, 0x000E,
  0x000E, 0x000E, 0x000E, 0x000E, 0x000E, 0x000E, 0x000E, 0x000E, 0x000E, 0x000E, 0x000E, 0x000E,
  0x000E, 0x000E, 0x000E, 0x000E, 0x000E, 0x000E, 0x000E, 0x000E, 0x000E, 0x000E, 0x000E, 0x000E,
  0x000E, 0x000E, 0x000E, 0x000E, 0x000E, 0x000E, 0x000E, 0x059D, 0x05FF, 0x065F, 0xEFBE, 0x2A6D,
  0xA597, 0xFFFF, 0xFFFF, 0xFFFF, 0xFFFF, 0xFFFF, 0xE75D, 0x5B91, 0x0087, 0x0087, 0x0087, 0x0087,
  0x4B0F, 0xFFFF, 0xE7DF, 0x061F, 0x05FF, 0x061F, 0x471F, 0x0479, 0x000E, 0x000E, 0x000E, 0x000E,
  0x000E, 0x000E, 0x000E, 0x000E, 0x000E, 0x000E, 0x000E, 0x000E, 0x000E, 0x000E, 0x000E, 0x000E,
  0x000E, 0x000E, 0x000E, 0x000E, 0x000E, 0x000E, 0x000E, 0x000E, 0x000E, 0x000E, 0x000E, 0x000E,
  0x000E, 0x000E, 0x000E, 0x000E, 0x000E, 0x000E, 0x000E, 0x000E, 0xAD55, 0xAD55, 0xAD55, 0x422F,
  0x000C, 0x000F, 0x000E, 0x000D, 0x000D, 0x03B4, 0x04F5, 0x0474, 0x0474, 0x0494, 0x04F5, 0x01F0,
  0x000D, 0x000E, 0x000E, 0x000E, 0x000E, 0x000E, 0x000E, 0x000E, 0x000E, 0x000E, 0x000E, 0x000E,
  0x000E, 0x000E, 0x000E, 0x080E, 0x080E, 0x080E, 0x080E, 0x080E, 0x100E, 0x100E, 0x100E, 0x100E,
  0x180E, 0x180F, 0x200E, 0x000E, 0x000E, 0x000E, 0x000E, 0x000E, 0x000E, 0x000E, 0x000E, 0x000E,
  0x000E, 0x000E, 0x000F, 0x000C, 0x7AD1, 0xAD55, 0xAD55, 0xAD55, 0xAD35, 0xAD35, 0xAD35, 0xAD35,
  0xAD34, 0xAD35, 0xAD55, 0xAD55, 0xAD55, 0xAD55, 0xAD55, 0xAD55, 0xAD55, 0xAD55, 0xAD55, 0xAD55,
  0xAD55, 0xAD35, 0xAD55, 0x73D1, 0x000B, 0x000E, 0x000E, 0x000E, 0x000E, 0x000E, 0x000E, 0x000E,
  0x000E, 0x000E, 0x000E, 0x000E, 0x000E, 0x000E, 0x000E, 0x000E, 0x000E, 0x000E, 0x000E, 0x000E,
  0x000E, 0x000E, 0x000E, 0x000E, 0x000E, 0x000E, 0x000E, 0x000E, 0x000E, 0x000E, 0x000E, 0x000E,
  0x000E, 0x000E, 0x000E, 0x000E, 0x000E, 0x000E, 0x000E, 0x000E, 0x000E, 0x000E, 0x000E, 0x000E,
  0x000E, 0x000E, 0x000E, 0x000E, 0x000E, 0x000E, 0x000E, 0x000E, 0x000E, 0x000E, 0x000E, 0x000E,
  0x000E, 0x000E, 0x000E, 0x000E, 0x000E, 0x000E, 0x000E, 0x000E, 0x000E, 0x000E, 0x000E, 0x000E,
  0x000E, 0x000E, 0x000E, 0x000E, 0x000E, 0x000E, 0x000E, 0x000E, 0x000E, 0x000E, 0x000E, 0x000E,
  0x000E, 0x000E, 0x000E, 0x000E, 0x000E, 0x000E, 0x000E, 0x000E, 0x000E, 0x000E, 0x000E, 0x000E,
  0x000E, 0x000E, 0x000E, 0x000E, 0x000E, 0x000E, 0x000E, 0x000E, 0x000E, 0x000E, 0x000E, 0x000E,
  0x000E, 0x000E, 0x000E, 0x000E, 0x000E, 0x000E, 0x000E, 0x000E, 0x000E, 0x000E, 0x000E, 0x000E,
  0x000E, 0x000E, 0x000E, 0x000E, 0x000E, 0x000E, 0x000E, 0x000E, 0x000E, 0x000E, 0x000E, 0x000E,
  0x000E, 0x000E, 0x000E, 0x000E, 0x000E, 0x000E, 0x000E, 0x000E, 0x000E, 0x000E, 0x000E, 0x000E,
  0x000E, 0x000E, 0x000E, 0x000E, 0x000E, 0x000E, 0x000E, 0x000E, 0x000E, 0x000E, 0x000E, 0x000E,
  0x000E, 0x000E, 0x000E, 0x000E, 0x000E, 0x000E, 0x000E, 0x000E, 0x000E, 0x000E, 0x000E, 0x000E,
  0x000E, 0x000E, 0x000E, 0x000E, 0x000E, 0x000E, 0x000E, 0x000E, 0x000E, 0x000E, 0x000E, 0x000E,
  0x000E, 0x000E, 0x0316, 0x05FF, 0x05FF, 0x471F, 0x7C94, 0x0087, 0x0087, 0x2A4D, 0xCE9B, 0xFFFF,
  0xFFFF, 0xFFFF, 0xFFFF, 0xFFFF, 0xCE9B, 0x2A4D, 0x0087, 0x0087, 0x8494, 0xFFFF, 0x06DF, 0x05FF,
  0x05FF, 0x26FF, 0x05FE, 0x05BF, 0x049B, 0x000E, 0x000E, 0x000E, 0x000E, 0x000E, 0x000E, 0x000E,
  0x000E, 0x000E, 0x000E, 0x000E, 0x000E, 0x000E, 0x000E, 0x000E, 0x000E, 0x000E, 0x000E, 0x000E,
  0x000E, 0x000E, 0x000E, 0x000E, 0x000E, 0x000E, 0x000E, 0x000E, 0x000E, 0x000E, 0x000E, 0x000E,
  0x000E, 0x000E, 0x000E, 0x000E, 0xAD55, 0xAD55, 0xAD55, 0x73D2, 0x000C, 0x000E, 0x000E, 0x000E,
  0x000C, 0x008E, 0x0475, 0x04F5, 0x0474, 0x0494, 0x04F5, 0x01D0, 0x000D, 0x000E, 0x000E, 0x000E,
  0x000E, 0x000E, 0x000E, 0x000E, 0x000E, 0x000E, 0x000E, 0x000E, 0x000E, 0x000E, 0x000E, 0x000E,
  0x000E, 0x080E, 0x080E, 0x080E, 0x100E, 0x100E, 0x100E, 0x100E, 0x180E, 0x180E, 0x200E, 0x180E,
  0x000E, 0x000E, 0x000E, 0x000E, 0x000E, 0x000E, 0x000E, 0x000E, 0x000E, 0x000E, 0x000E, 0x080E,
  0x180C, 0x6A4E, 0x944F, 0xAD33, 0xAD55, 0xAD55, 0xAD55, 0xAD55, 0xAD55, 0xAD35, 0xAD55, 0xAD55,
  0xAD55, 0xAD55, 0xAD55, 0xAD55, 0xAD55, 0xAD55, 0xAD55, 0xAD55, 0xAD55, 0xAD55, 0xAD55, 0x4A8F,
  0x000B, 0x000E, 0x000E, 0x000E, 0x000E, 0x000E, 0x000E, 0x000E, 0x000E, 0x000E, 0x000E, 0x000E,
  0x000E, 0x000E, 0x000E, 0x000E, 0x000E, 0x000E, 0x000E, 0x000E, 0x000E, 0x000E, 0x000E, 0x000E,
  0x000E, 0x000E, 0x000E, 0x000E, 0x000E, 0x000E, 0x000E, 0x000E, 0x000E, 0x000E, 0x000E, 0x000E,
  0x000E, 0x000E, 0x000E, 0x000E, 0x000E, 0x000E, 0x000E, 0x000E, 0x000E, 0x000E, 0x000E, 0x000E,
  0x000E, 0x000E, 0x000E, 0x000E, 0x000E, 0x000E, 0x000E, 0x000E, 0x000E, 0x000E, 0x000E, 0x000E,
  0x000E, 0x000E, 0x000E, 0x000E, 0x000E, 0x000E, 0x000E, 0x000E, 0x000E, 0x000E, 0x000E, 0x000E,
  0x000E, 0x000E, 0x000E, 0x000E, 0x000E, 0x000E, 0x000E, 0x000E, 0x000E, 0x000E, 0x000E, 0x000E,
  0x000E, 0x000E, 0x000E, 0x000E, 0x000E, 0x000E, 0x000E, 0x000E, 0x000E, 0x000E, 0x000E, 0x000E,
  0x000E, 0x000E, 0x000E, 0x000E, 0x000E, 0x000E, 0x000E, 0x000E, 0x000E, 0x000E, 0x000E, 0x000E,
  0x000E, 0x000E, 0x000E, 0x000E, 0x000E, 0x000E, 0x000E, 0x000E, 0x000E, 0x000E, 0x000E, 0x000E,
  0x000E, 0x000E, 0x000E, 0x000E, 0x000E, 0x000E, 0x000E, 0x000E, 0x000E, 0x000E, 0x000E, 0x000E,
  0x000E, 0x000E, 0x000E, 0x000E, 0x000E, 0x000E, 0x000E, 0x000E, 0x000E, 0x000E, 0x000E, 0x000E,
  0x000E, 0x000E, 0x000E, 0x000E, 0x000E, 0x000E, 0x000E, 0x000E, 0x000E, 0x000E, 0x000E, 0x000E,
  0x000E, 0x000E, 0x000E, 0x000E, 0x000E, 0x000E, 0x000E, 0x000E, 0x000E, 0x000E, 0x000E, 0x000E,
  0x000E, 0x000E, 0x000E, 0x000E, 0x000E, 0x000E, 0x000E, 0x000E, 0x000E, 0x002E, 0x05FF, 0x05FF,
  0x05FF, 0x069F, 0x42EF, 0x0087, 0x0087, 0x0087, 0x0087, 0x5B91, 0xE75D, 0xFFFF, 0xFFFF, 0xFFFF,
  0xFFFF, 0xFFFF, 0xA597, 0x326D, 0xF7BF, 0xBF9F, 0x05FF, 0x05FF, 0x063F, 0x56FF, 0x05FF, 0x05FF,
  0x041A, 0x000E, 0x000E, 0x000E, 0x000E, 0x000E, 0x000E, 0x000E, 0x000E, 0x000E, 0x000E, 0x000E,
  0x000E, 0x000E, 0x000E, 0x000E, 0x000E, 0x000E, 0x000E, 0x000E, 0x000E, 0x000E, 0x000E, 0x000E,
  0x000E, 0x000E, 0x000E, 0x000E, 0x000E, 0x000E, 0x000E, 0x000E, 0x000E, 0x000E, 0x000E, 0x000E,
  0xAD55, 0xAD55, 0xAD55, 0x94B3, 0x000C, 0x000E, 0x000E, 0x000E, 0x000E, 0x000C, 0x0232, 0x0515,
  0x0494, 0x0494, 0x04F5, 0x01CF, 0x000C, 0x000E, 0x000E, 0x000E, 0x000E, 0x000E, 0x000E, 0x000E,
  0x000E, 0x000E, 0x080E, 0x000E, 0x000E, 0x000E, 0x000E, 0x000E, 0x080E, 0x080E, 0x080E, 0x080E,
  0x100E, 0x100E, 0x100E, 0x100E, 0x100E, 0x180E, 0x200E, 0x200E, 0x000E, 0x000E, 0x000E, 0x000E,
  0x000E, 0x000E, 0x000E, 0x000E, 0x000E, 0x000E, 0x000E, 0x000E, 0x180E, 0x200B, 0x4064, 0x5143,
  0x6A29, 0x8B8E, 0x9C92, 0xA534, 0xAD55, 0xAD55, 0xAD55, 0xAD55, 0xAD55, 0xAD55, 0xAD55, 0xAD55,
  0xAD55, 0xAD55, 0xAD55, 0xAD55, 0xAD55, 0xAD55, 0xAD55, 0x294D, 0x000C, 0x000E, 0x000E, 0x000E,
  0x000E, 0x000E, 0x000E, 0x000E, 0x000E, 0x000E, 0x000E, 0x000E, 0x000E, 0x000E, 0x000E, 0x000E,
  0x000E, 0x000E, 0x000E, 0x000E, 0x000E, 0x000E, 0x000E, 0x000E, 0x000E, 0x000E, 0x000E, 0x000E,
  0x000E, 0x000E, 0x000E, 0x000E, 0x000E, 0x000E, 0x000E, 0x000E, 0x000E, 0x000E, 0x000E, 0x000E,
  0x000E, 0x000E, 0x000E, 0x000E, 0x000E, 0x000E, 0x000E, 0x000E, 0x000E, 0x000E, 0x000E, 0x000E,
  0x000E, 0x000E, 0x000E, 0x000E, 0x000E, 0x000E, 0x000E, 0x000E, 0x000E, 0x000E, 0x000E, 0x000E,
  0x000E, 0x000E, 0x000E, 0x000E, 0x000E, 0x000E, 0x000E, 0x000E, 0x000E, 0x000E, 0x000E, 0x000E,
  0x000E, 0x000E, 0x000E, 0x000E, 0x000E, 0x000E, 0x000E, 0x000E, 0x000E, 0x000E, 0x000E, 0x000E,
  0x000E, 0x000E, 0x000E, 0x000E, 0x000E, 0x000E, 0x000E, 0x000E, 0x000E, 0x000E, 0x000E, 0x000E,
  0x000E, 0x000E, 0x000E, 0x000E, 0x000E, 0x000E, 0x000E, 0x000E, 0x000E, 0x000E, 0x000E, 0x000E,
  0x000E, 0x000E, 0x000E, 0x000E, 0x000E, 0x000E, 0x000E, 0x000E, 0x000E, 0x000E, 0x000E, 0x000E,
  0x000E, 0x000E, 0x000E, 0x000E, 0x000E, 0x000E, 0x000E, 0x000E, 0x000E, 0x000E, 0x000E, 0x000E,
  0x000E, 0x000E, 0x000E, 0x000E, 0x000E, 0x000E, 0x000E, 0x000E, 0x000E, 0x000E, 0x000E, 0x000E,
  0x000E, 0x000E, 0x000E, 0x000E, 0x000E, 0x000E, 0x000E, 0x000E, 0x000E, 0x000E, 0x000E, 0x000E,
  0x000E, 0x000E, 0x000E, 0x000E, 0x000E, 0x000E, 0x000E, 0x000E, 0x000E, 0x000E, 0x000E, 0x000E,
  0x000E, 0x000E, 0x000E, 0x000E, 0x000E, 0x4B55, 0x05FF, 0x05FF, 0x05FF, 0x05FF, 0x875F, 0xADB8,
  0x09AB, 0x0087, 0x0087, 0x0087, 0x00E8, 0x84B5, 0xFFDF, 0xFFFF, 0xFFFF, 0xFFFF, 0xFFFF, 0xFFFF,
  0xFFFF, 0x067F, 0x05FF, 0x05FF, 0x571F, 0x05BE, 0x05DF, 0x05DF, 0x0111, 0x000E, 0x000E, 0x000E,
  0x000E, 0x000E, 0x000E, 0x000E, 0x000E, 0x000E, 0x000E, 0x000E, 0x000E, 0x000E, 0x000E, 0x000E,
  0x000E, 0x000E, 0x000E, 0x000E, 0x000E, 0x000E, 0x000E, 0x000E, 0x000E, 0x000E, 0x000E, 0x000E,
  0x000E, 0x000E, 0x000E, 0x000E, 0x000E, 0x000E, 0x000E, 0x000E, 0xAD55, 0xAD55, 0xAD55, 0xAD55,
  0x10ED, 0x000D, 0x000E, 0x000E, 0x000E, 0x000E, 0x000C, 0x0353, 0x0535, 0x0494, 0x04F5, 0x01AF,
  0x000C, 0x000E, 0x000E, 0x000E, 0x000E, 0x000E, 0x000E, 0x000E, 0x000E, 0x000E, 0x000E, 0x000E,
  0x000E, 0x000E, 0x000E, 0x000E, 0x000E, 0x000E, 0x000E, 0x000E, 0x000E, 0x000E, 0x000E, 0x000E,
  0x000E, 0x000E, 0x000E, 0x000E, 0x000E, 0x000E, 0x000E, 0x000E, 0x000E, 0x000E, 0x000E, 0x000E,
  0x100E, 0x080E, 0x000E, 0x000E, 0x200E, 0x200F, 0x300C, 0x7AAC, 0x61E7, 0x4062, 0x3800, 0x3862,
  0x3965, 0x528A, 0x738E, 0x8C71, 0xA514, 0xAD55, 0xAD55, 0xAD55, 0xAD55, 0xAD55, 0xAD55, 0xAD55,
  0xAD55, 0xAD55, 0x9CD3, 0x000C, 0x000E, 0x000E, 0x000E, 0x000E, 0x000E, 0x000E, 0x000E, 0x000E,
  0x000E, 0x000E, 0x000E, 0x000E, 0x000E, 0x000E, 0x000E, 0x000E, 0x000E, 0x000E, 0x000E, 0x000E,
  0x000E, 0x000E, 0x000E, 0x000E, 0x000E, 0x000E, 0x000E, 0x000E, 0x000E, 0x000E, 0x000E, 0x000E,
  0x000E, 0x000E, 0x000E, 0x000E, 0x000E, 0x000E, 0x000E, 0x000E, 0x000E, 0x000E, 0x000E, 0x000E,
  0x000E, 0x000E, 0x000E, 0x000E, 0x000E, 0x000E, 0x000E, 0x000E, 0x000E, 0x000E, 0x000E, 0x000E,
  0x000E, 0x000E, 0x000E, 0x000E, 0x000E, 0x000E, 0x000E, 0x000E, 0x000E, 0x000E, 0x000E, 0x000E,
  0x000E, 0x000E, 0x000E, 0x000E, 0x000E, 0x000E, 0x000E, 0x000E, 0x000E, 0x000E, 0x000E, 0x000E,
  0x000E, 0x000E, 0x000E, 0x000E, 0x000E, 0x000E, 0x000E, 0x000E, 0x000E, 0x000E, 0x000E, 0x000E,
  0x000E, 0x000E, 0x000E, 0x000E, 0x000E, 0x000E, 0x000E, 0x000E, 0x000E, 0x000E, 0x000E, 0x000E,
  0x000E, 0x000E, 0x000E, 0x000E, 0x000E, 0x000E, 0x000E, 0x000E, 0x000E, 0x000E, 0x000E, 0x000E,
  0x000E, 0x000E, 0x000E, 0x000E, 0x000E, 0x000E, 0x000E, 0x000E, 0x000E, 0x000E, 0x000E, 0x000E,
  0x000E, 0x000E, 0x000E, 0x000E, 0x000E, 0x000E, 0x000E, 0x000E, 0x000E, 0x000E, 0x000E, 0x000E,
  0x000E, 0x000E, 0x000E, 0x000E, 0x000E, 0x000E, 0x000E, 0x000E, 0x000E, 0x000E, 0x000E, 0x000E,
  0x000E, 0x000E, 0x000E, 0x000E, 0x000E, 0x000E, 0x000E, 0x000E, 0x000E, 0x000E, 0x000E, 0x000E,
  0x000E, 0x000E, 0x000E, 0x000E, 0x000E, 0x000E, 0x000E, 0x000E, 0x000E, 0x000E, 0x000E, 0x000E,
  0x0151, 0x96FE, 0x06FF, 0x05FF, 0x05FF, 0x05FF, 0x05FF, 0x063F, 0xE7BF, 0x8494, 0x00E8, 0x0087,
  0x0087, 0x0087, 0x09AB, 0xADB8, 0xFFFF, 0xFFFF, 0xFFFF, 0xFFFF, 0x975F, 0x05FF, 0x05FF, 0x069F,
  0x067E, 0x05FF, 0x05FF, 0x0317, 0x000E, 0x000E, 0x000E, 0x000E, 0x000E, 0x000E, 0x000E, 0x000E,
  0x000E, 0x000E, 0x000E, 0x000E, 0x000E, 0x000E, 0x000E, 0x000E, 0x000E, 0x000E, 0x000E, 0x000E,
  0x000E, 0x000E, 0x000E, 0x000E, 0x000E, 0x000E, 0x000E, 0x000E, 0x000E, 0x000E, 0x000E, 0x000E,
  0x000E, 0x000E, 0x000E, 0x000E, 0xAD55, 0xAD55, 0xAD55, 0xAD55, 0x424F, 0x000C, 0x000E, 0x000E,
  0x000E, 0x000E, 0x000C, 0x006E, 0x0455, 0x0535, 0x04D5, 0x01AF, 0x000C, 0x000E, 0x000E, 0x000E,
  0x000E, 0x000E, 0x000E, 0x000E, 0x000E, 0x000E, 0x000E, 0x000E, 0x000E, 0x000E, 0x000E, 0x000E,
  0x000E, 0x000E, 0x000E, 0x000E, 0x000E, 0x000E, 0x000E, 0x000E, 0x000E, 0x000E, 0x000E, 0x000E,
  0x000E, 0x000E, 0x000E, 0x000E, 0x000E, 0x000E, 0x000E, 0x100E, 0x200E, 0x180E, 0x180E, 0x200E,
  0x280E, 0x280E, 0x080D, 0x5A32, 0xAD55, 0xA4F3, 0x8BCF, 0x72AB, 0x4186, 0x18C3, 0x1082, 0x20C3,
  0x2945, 0x3166, 0x3186, 0x41E8, 0x5AAB, 0x738E, 0x7BF0, 0x8410, 0x8C51, 0xA513, 0x6B70, 0x000B,
  0x000F, 0x000E, 0x000E, 0x000E, 0x000E, 0x000E, 0x000E, 0x000E, 0x000E, 0x000E, 0x000E, 0x000E,
  0x000E, 0x000E, 0x000E, 0x000E, 0x000E, 0x000E, 0x000E, 0x000E, 0x000E, 0x000E, 0x000E, 0x000E,
  0x000E, 0x000E, 0x000E, 0x000E, 0x000E, 0x000E, 0x000E, 0x000E, 0x000E, 0x000E, 0x000E, 0x000E,
  0x000E, 0x000E, 0x000E, 0x000E, 0x000E, 0x000E, 0x000E, 0x000E, 0x000E, 0x000E, 0x000E, 0x000E,
  0x000E, 0x000E, 0x000E, 0x000E, 0x000E, 0x000E, 0x000E, 0x000E, 0x000E, 0x000E, 0x000E, 0x000E,
  0x000E, 0x000E, 0x000E, 0x000E, 0x000E, 0x000E, 0x000E, 0x000E, 0x000E, 0x000E, 0x000E, 0x000E,
  0x000E, 0x000E, 0x000E, 0x000E, 0x000E, 0x000E, 0x000E, 0x000E, 0x000E, 0x000E, 0x000E, 0x000E,
  0x000E, 0x000E, 0x000E, 0x000E, 0x000E, 0x000E, 0x000E, 0x000E, 0x000E, 0x000E, 0x000E, 0x000E,
  0x000E, 0x000E, 0x000E, 0x000E, 0x000E, 0x000E, 0x000E, 0x000E, 0x000E, 0x000E, 0x000E, 0x000E,
  0x000E, 0x000E, 0x000E, 0x000E, 0x000E, 0x000E, 0x000E, 0x000E, 0x000E, 0x000E, 0x000E, 0x000E,
  0x000E, 0x000E, 0x000E, 0x000E, 0x000E, 0x000E, 0x000E, 0x000E, 0x000E, 0x000E, 0x000E, 0x000E,
  0x000E, 0x000E, 0x000E, 0x000E, 0x000E, 0x000E, 0x000E, 0x000E, 0x000E, 0x000E, 0x000E, 0x000E,
  0x000E, 0x000E, 0x000E, 0x000E, 0x000E, 0x000E, 0x000E, 0x000E, 0x000E, 0x000E, 0x000E, 0x000E,
  0x000E, 0x000E, 0x000E, 0x000E, 0x000E, 0x000E, 0x000E, 0x000E, 0x000E, 0x000E, 0x000E, 0x000E,
  0x000E, 0x000E, 0x000E, 0x000E, 0x000E, 0x000E, 0x000E, 0x000E, 0x05BE, 0x05FF, 0x471F, 0xC79F,
  0x05FF, 0x05FF, 0x05FF, 0x05FF, 0x05FF, 0x06BF, 0xE75D, 0x5B91, 0x0087, 0x0087, 0x0087, 0x0087,
  0x4B0F, 0xFFFF, 0xFFFF, 0xEFDF, 0x063F, 0x05FF, 0x05FF, 0x773F, 0x05DF, 0x05DF, 0x051D, 0x006F,
  0x000E, 0x000E, 0x000E, 0x000E, 0x000E, 0x000E, 0x000E, 0x000E, 0x000E, 0x000E, 0x000E, 0x000E,
  0x000E, 0x000E, 0x000E, 0x000E, 0x000E, 0x000E, 0x000E, 0x000E, 0x000E, 0x000E, 0x000E, 0x000E,
  0x000E, 0x000E, 0x000E, 0x000E, 0x000E, 0x000E, 0x000E, 0x000E, 0x000E, 0x000E, 0x000E, 0x000E,
  0xAD55, 0xAD55, 0xAD35, 0xAD55, 0x73F1, 0x000B, 0x000F, 0x000E, 0x000E, 0x000E, 0x000E, 0x000C,
  0x0110, 0x04D5, 0x0555, 0x016E, 0x000C, 0x000E, 0x000E, 0x000E, 0x000E, 0x000E, 0x000E, 0x000E,
  0x000E, 0x000E, 0x000E, 0x000E, 0x000E, 0x000E, 0x000E, 0x000E, 0x000E, 0x000E, 0x000E, 0x000E,
  0x000E, 0x000E, 0x000E, 0x000E, 0x000E, 0x000E, 0x000E, 0x000E, 0x000E, 0x000E, 0x000E, 0x000E,
  0x000E, 0x000E, 0x000E, 0x180E, 0x200E, 0x200E, 0x200E, 0x280E, 0x300E, 0x300E, 0x280E, 0x000B,
  0x5A50, 0xAD55, 0xAD55, 0xAD55, 0xAD55, 0xAD55, 0xA534, 0x94B2, 0x8430, 0x7BAF, 0x62EB, 0x4A49,
  0x5AAB, 0x6B4D, 0x738E, 0x738E, 0x7BCE, 0x9CD2, 0x39ED, 0x000B, 0x000F, 0x000E, 0x000E, 0x000E,
  0x000E, 0x000E, 0x000E, 0x000E, 0x000E, 0x000E, 0x000E, 0x000E, 0x000E, 0x000E, 0x000E, 0x000E,
  0x000E, 0x000E, 0x000E, 0x000E, 0x000E, 0x000E, 0x000E, 0x000E, 0x000E, 0x000E, 0x000E, 0x000E,
  0x000E, 0x000E, 0x000E, 0x000E, 0x000E, 0x000E, 0x000E, 0x000E, 0x000E, 0x000E, 0x000E, 0x000E,
  0x000E, 0x000E, 0x000E, 0x000E, 0x000E, 0x000E, 0x000E, 0x000E, 0x000E, 0x000E, 0x000E, 0x000E,
  0x000E, 0x000E, 0x000E, 0x000E, 0x000E, 0x000E, 0x000E, 0x000E, 0x000E, 0x000E, 0x000E, 0x000E,
  0x000E, 0x000E, 0x000E, 0x000E, 0x000E, 0x000E, 0x000E, 0x000E, 0x000E, 0x000E, 0x000E, 0x000E,
  0x000E, 0x000E, 0x000E, 0x000E, 0x000E, 0x000E, 0x000E, 0x000E, 0x000E, 0x000E, 0x000E, 0x000E,
  0x000E, 0x000E, 0x000E, 0x000E, 0x000E, 0x000E, 0x000E, 0x000E, 0x000E, 0x000E, 0x000E, 0x000E,
  0x000E, 0x000E, 0x000E, 0x000E, 0x000E, 0x000E, 0x000E, 0x000E, 0x000E, 0x000E, 0x000E, 0x000E,
  0x000E, 0x000E, 0x000E, 0x000E, 0x000E, 0x000E, 0x000E, 0x000E, 0x000E, 0x000E, 0x000E, 0x000E,
  0x000E, 0x000E, 0x000E, 0x000E, 0x000E, 0x000E, 0x000E, 0x000E, 0x000E, 0x000E, 0x000E, 0x000E,
  0x000E, 0x000E, 0x000E, 0x000E, 0x000E, 0x000E, 0x000E, 0x000E, 0x000E, 0x000E, 0x000E, 0x000E,
  0x000E, 0x000E, 0x000E, 0x000E, 0x000E, 0x000E, 0x000E, 0x000E, 0x000E, 0x000E, 0x000E, 0x000E,
  0x000E, 0x000E, 0x000E, 0x000E, 0x000E, 0x000E, 0x000E, 0x000E, 0x000E, 0x000E, 0x000E, 0x000E,
  0x000E, 0x000E, 0x000E, 0x02F5, 0x05FF, 0x05FF, 0x05FF, 0x065F, 0xDFBF, 0x06DF, 0x05FF, 0x05FF,
  0x05FF, 0x05FF, 0x05FF, 0x773F, 0xCE9B, 0x2A4D, 0x0087, 0x0087, 0x7C94, 0xFFFF, 0xFFFF, 0x2EFF,
  0x05FF, 0x05FF, 0x06DF, 0x05DE, 0x05FF, 0x05FF, 0x0214, 0x000E, 0x000E, 0x000E, 0x000E, 0x000E,
  0x000E, 0x000E, 0x000E, 0x000E, 0x000E, 0x000E, 0x000E, 0x000E, 0x000E, 0x000E, 0x000E, 0x000E,
  0x000E, 0x000E, 0x000E, 0x000E, 0x000E, 0x000E, 0x000E, 0x000E, 0x000E, 0x000E, 0x000E, 0x000E,
  0x000E, 0x000E, 0x000E, 0x000E, 0x000E, 0x000E, 0x000E, 0x000E, 0xAD55, 0xAD55, 0xAD35, 0xAD55,
  0xA514, 0x088D, 0x000D, 0x000E, 0x000E, 0x000E, 0x000E, 0x000E, 0x000C, 0x0190, 0x0555, 0x0290,
  0x000C, 0x000E, 0x000E, 0x000E, 0x000E, 0x000E, 0x000E, 0x000E, 0x000E, 0x000E, 0x000E, 0x000E,
  0x000E, 0x000E, 0x000E, 0x000E, 0x000E, 0x000E, 0x000E, 0x000E, 0x000E, 0x000E, 0x000E, 0x000E,
  0x000E, 0x000E, 0x000E, 0x000E, 0x000E, 0x000E, 0x000E, 0x000E, 0x000E, 0x000E, 0x080E, 0x200E,
  0x280E, 0x280E, 0x280E, 0x280E, 0x300E, 0x300E, 0x380E, 0x300E, 0x000B, 0x6B31, 0xAD55, 0xAD35,
  0xAD35, 0xAD55, 0xAD55, 0xAD55, 0xAD55, 0xAD55, 0xAD55, 0xAD55, 0xAD55, 0xAD55, 0xAD55, 0xAD55,
  0xAD55, 0xAD55, 0x212C, 0x000D, 0x000E, 0x000E, 0x000E, 0x000E, 0x000E, 0x000E, 0x000E, 0x000E,
  0x000E, 0x000E, 0x000E, 0x000E, 0x000E, 0x000E, 0x000E, 0x000E, 0x000E, 0x000E, 0x000E, 0x000E,
  0x000E, 0x000E, 0x000E, 0x000E, 0x000E, 0x000E, 0x000E, 0x000E, 0x000E, 0x000E, 0x000E, 0x000E,
  0x000E, 0x000E, 0x000E, 0x000E, 0x000E, 0x000E, 0x000E, 0x000E, 0x000E, 0x000E, 0x000E, 0x000E,
  0x000E, 0x000E, 0x000E, 0x000E, 0x000E, 0x000E, 0x000E, 0x000E, 0x000E, 0x000E, 0x000E, 0x000E,
  0x000E, 0x000E, 0x000E, 0x000E, 0x000E, 0x000E, 0x000E, 0x000E, 0x000E, 0x000E, 0x000E, 0x000E,
  0x000E, 0x000E, 0x000E, 0x000E, 0x000E, 0x000E, 0x000E, 0x000E, 0x000E, 0x000E, 0x000E, 0x000E,
  0x000E, 0x000E, 0x000E, 0x000E, 0x000E, 0x000E, 0x000E, 0x000E, 0x000E, 0x000E, 0x000E, 0x000E,
  0x000E, 0x000E, 0x000E, 0x000E, 0x000E, 0x000E, 0x000E, 0x000E, 0x000E, 0x000E, 0x000E, 0x000E,
  0x000E, 0x000E, 0x000E, 0x000E, 0x000E, 0x000E, 0x000E, 0x000E, 0x000E, 0x000E, 0x000E, 0x000E,
  0x000E, 0x000E, 0x000E, 0x000E, 0x000E, 0x000E, 0x000E, 0x000E, 0x000E, 0x000E, 0x000E, 0x000E,
  0x000E, 0x000E, 0x000E, 0x000E, 0x000E, 0x000E, 0x000E, 0x000E, 0x000E, 0x000E, 0x000E, 0x000E,
  0x000E, 0x000E, 0x000E, 0x000E, 0x000E, 0x000E, 0x000E, 0x000E, 0x000E, 0x000E, 0x000E, 0x000E,
  0x000E, 0x000E, 0x000E, 0x000E, 0x000E, 0x000E, 0x000E, 0x000E, 0x000E, 0x000E, 0x000E, 0x000E,
  0x000E, 0x000E, 0x000E, 0x000E, 0x000E, 0x000E, 0x000E, 0x000E, 0x000E, 0x000E, 0x000E, 0x05FF,
  0x05FF, 0x05FF, 0x05FF, 0x05FF, 0x061F, 0x06FF, 0xBF9F, 0x063F, 0x05FF, 0x05FF, 0x05FF, 0x05FF,
  0x061F, 0xD7BF, 0xA597, 0x2A6D, 0xF7BE, 0xFFFF, 0xD7BF, 0x05FF, 0x05FF, 0x05FF, 0x871F, 0x05FF,
  0x05FF, 0x047B, 0x000E, 0x000E, 0x000E, 0x000E, 0x000E, 0x000E, 0x000E, 0x000E, 0x000E, 0x000E,
  0x000E, 0x000E, 0x000E, 0x000E, 0x000E, 0x000E, 0x000E, 0x000E, 0x000E, 0x000E, 0x000E, 0x000E,
  0x000E, 0x000E, 0x000E, 0x000E, 0x000E, 0x000E, 0x000E, 0x000E, 0x000E, 0x000E, 0x000E, 0x000E,
  0x000E, 0x000E, 0x000E, 0x000E, 0xAD55, 0xAD55, 0xAD34, 0xAD34, 0xAD55, 0x6B91, 0x000B, 0x000F,
  0x000E, 0x000E, 0x000E, 0x000E, 0x000E, 0x000C, 0x0292, 0x0435, 0x000D, 0x000E, 0x000E, 0x000E,
  0x000E, 0x000E, 0x000E, 0x000E, 0x000E, 0x000E, 0x000E, 0x000E, 0x000E, 0x000E, 0x000E, 0x000E,
  0x000E, 0x000E, 0x000E, 0x000E, 0x000E, 0x000E, 0x000E, 0x000E, 0x000E, 0x000E, 0x000E, 0x000E,
  0x000E, 0x000E, 0x000E, 0x000E, 0x000E, 0x000D, 0x100E, 0x280E, 0x300E, 0x300E, 0x300E, 0x300E,
  0x300E, 0x300E, 0x300E, 0x400F, 0x180E, 0x000B, 0x7433, 0xAD55, 0xAD35, 0xAD35, 0xAD35, 0xAD55,
  0xAD55, 0xAD55, 0xAD55, 0xAD55, 0xAD55, 0xAD55, 0xAD55, 0xAD35, 0xAD55, 0xA534, 0x004C, 0x000E,
  0x000E, 0x000E, 0x000E, 0x000E, 0x000E, 0x000E, 0x000E, 0x000E, 0x000E, 0x000E, 0x000E, 0x000E,
  0x000E, 0x000E, 0x000E, 0x000E, 0x000E, 0x000E, 0x000E, 0x000E, 0x000E, 0x000E, 0x000E, 0x000E,
  0x000E, 0x000E, 0x000E, 0x000E, 0x000E, 0x000E, 0x000E, 0x000E, 0x000E, 0x000E, 0x000E, 0x000E,
  0x000E, 0x000E, 0x000E, 0x000E, 0x000E, 0x000E, 0x000E, 0x000E, 0x000E, 0x000E, 0x000E, 0x000E,
  0x000E, 0x000E, 0x000E, 0x000E, 0x000E, 0x000E, 0x000E, 0x000E, 0x000E, 0x000E, 0x000E, 0x000E,
  0x000E, 0x000E, 0x000E, 0x000E, 0x000E, 0x000E, 0x000E, 0x000E, 0x000E, 0x000E, 0x000E, 0x000E,
  0x000E, 0x000E, 0x000E, 0x000E, 0x000E, 0x000E, 0x000E, 0x000E, 0x000E, 0x000E, 0x000E, 0x000E,
  0x000E, 0x000E, 0x000E, 0x000E, 0x000E, 0x000E, 0x000E, 0x000E, 0x000E, 0x000E, 0x000E, 0x000E,
  0x000E, 0x000E, 0x000E, 0x000E, 0x000E, 0x000E, 0x000E, 0x000E, 0x000E, 0x000E, 0x000E, 0x000E,
  0x000E, 0x000E, 0x000E, 0x000E, 0x000E, 0x000E, 0x000E, 0x000E, 0x000E, 0x000E, 0x000E, 0x000E,
  0x000E, 0x000E, 0x000E, 0x000E, 0x000E, 0x000E, 0x000E, 0x000E, 0x000E, 0x000E, 0x000E, 0x000E,
  0x000E, 0x000E, 0x000E, 0x000E, 0x000E, 0x000E, 0x000E, 0x000E, 0x000E, 0x000E, 0x000E, 0x000E,
  0x000E, 0x000E, 0x000E, 0x000E, 0x000E, 0x000E, 0x000E, 0x000E, 0x000E, 0x000E, 0x000E, 0x000E,
  0x000E, 0x000E, 0x000E, 0x000E, 0x000E, 0x000E, 0x000E, 0x000E, 0x000E, 0x000E, 0x000E, 0x000E,
  0x000E, 0x000E, 0x000E, 0x000E, 0x000E, 0x000E, 0x04DA, 0x05FF, 0x05FF, 0x05FF, 0x05FF, 0x05FF,
  0x05FF, 0x05FF, 0x065F, 0x9F5F, 0x7F3F, 0x05FF, 0x05FF, 0x05FF, 0x05FF, 0x05FF, 0x069F, 0xFFFF,
  0xF7FF, 0xB79F, 0x069F, 0x05FF, 0x05FF, 0x05FF, 0x055C, 0x0358, 0x049B, 0x0111, 0x000E, 0x000E,
  0x000E, 0x000E, 0x000E, 0x000E, 0x000E, 0x000E, 0x000E, 0x000E, 0x000E, 0x000E, 0x000E, 0x000E,
  0x000E, 0x000E, 0x000E, 0x000E, 0x000E, 0x000E, 0x000E, 0x000E, 0x000E, 0x000E, 0x000E, 0x000E,
  0x000E, 0x000E, 0x000E, 0x000E, 0x000E, 0x000E, 0x000E, 0x000E, 0x000E, 0x000E, 0x000E, 0x000E,
  0xAD55, 0xAD55, 0xAD34, 0xAD34, 0xAD55, 0xAD54, 0x088D, 0x000D, 0x000E, 0x000E, 0x000E, 0x000E,
  0x000E, 0x000E, 0x000D, 0x0294, 0x0110, 0x000D, 0x000E, 0x000E, 0x000E, 0x000E, 0x000E, 0x000E,
  0x000E, 0x000E, 0x000E, 0x000E, 0x000E, 0x000E, 0x000E, 0x000E, 0x000E, 0x000E, 0x000E, 0x000E,
  0x000E, 0x000E, 0x000E, 0x000E, 0x000E, 0x000E, 0x000E, 0x000E, 0x000E, 0x000E, 0x000E, 0x000E,
  0x000E, 0x000E, 0x180E, 0x300E, 0x300E, 0x300E, 0x300E, 0x300E, 0x300E, 0x300E, 0x380E, 0x380E,
  0x100E, 0x000C, 0x000C, 0x9494, 0xAD55, 0xAD34, 0xAD35, 0xAD55, 0xAD55, 0xAD55, 0xAD55, 0xAD55,
  0xAD55, 0xAD55, 0xAD35, 0xAD35, 0xAD55, 0x8C73, 0x000C, 0x000E, 0x000E, 0x000E, 0x000E, 0x000E,
  0x000E, 0x000E, 0x000E, 0x000E, 0x000E, 0x000E, 0x000E, 0x000E, 0x000E, 0x000E, 0x000E, 0x000E,
  0x000E, 0x000E, 0x000E, 0x000E, 0x000E, 0x000E, 0x000E, 0x000E, 0x000E, 0x000E, 0x000E, 0x000E,
  0x000E, 0x000E, 0x000E, 0x000E, 0x000E, 0x000E, 0x000E, 0x000E, 0x000E, 0x000E, 0x000E, 0x000E,
  0x000E, 0x000E, 0x000E, 0x000E, 0x000E, 0x000E, 0x000E, 0x000E, 0x000E, 0x000E, 0x000E, 0x000E,
  0x000E, 0x000E, 0x000E, 0x000E, 0x000E, 0x000E, 0x000E, 0x000E, 0x000E, 0x000E, 0x000E, 0x000E,
  0x000E, 0x000E, 0x000E, 0x000E, 0x000E, 0x000E, 0x000E, 0x000E, 0x000E, 0x000E, 0x000E, 0x000E,
  0x000E, 0x000E, 0x000E, 0x000E, 0x000E, 0x000E, 0x000E, 0x000E, 0x000E, 0x000E, 0x000E, 0x000E,
  0x000E, 0x000E, 0x000E, 0x000E, 0x000E, 0x000E, 0x000E, 0x000E, 0x000E, 0x000E, 0x000E, 0x000E,
  0x000E, 0x000E, 0x000E, 0x000E, 0x000E, 0x000E, 0x000E, 0x000E, 0x000E, 0x000E, 0x000E, 0x000E,
  0x000E, 0x000E, 0x000E, 0x000E, 0x000E, 0x000E, 0x000E, 0x000E, 0x000E, 0x000E, 0x000E, 0x000E,
  0x000E, 0x000E, 0x000E, 0x000E, 0x000E, 0x000E, 0x000E, 0x000E, 0x000E, 0x000E, 0x000E, 0x000E,
  0x000E, 0x000E, 0x000E, 0x000E, 0x000E, 0x000E, 0x000E, 0x000E, 0x000E, 0x000E, 0x000E, 0x000E,
  0x000E, 0x000E, 0x000E, 0x000E, 0x000E, 0x000E, 0x000E, 0x000E, 0x000E, 0x000E, 0x000E, 0x000E,
  0x000E, 0x000E, 0x000E, 0x000E, 0x000E, 0x000E, 0x000E, 0x000E, 0x000E, 0x000E, 0x000E, 0x000E,
  0x000E, 0x004F, 0x05DF, 0x05FF, 0x05FF, 0x05FF, 0x05FF, 0x05FF, 0x05FF, 0x05FF, 0x05FF, 0x05FF,
  0x06BF, 0xAF7F, 0x06DF, 0x05FF, 0x05FF, 0x05FF, 0x05FF, 0x05FF, 0x065F, 0x061F, 0x05FF, 0x05FF,
  0x05FF, 0x05FF, 0x0357, 0x000E, 0x002E, 0x000E, 0x000E, 0x000E, 0x000E, 0x000E, 0x000E, 0x000E,
  0x000E, 0x000E, 0x000E, 0x000E, 0x000E, 0x000E, 0x000E, 0x000E, 0x000E, 0x000E, 0x000E, 0x000E,
  0x000E, 0x000E, 0x000E, 0x000E, 0x000E, 0x000E, 0x000E, 0x000E, 0x000E, 0x000E, 0x000E, 0x000E,
  0x000E, 0x000E, 0x000E, 0x000E, 0x000E, 0x000E, 0x000E, 0x000E, 0xAD55, 0xAD55, 0xAD35, 0xA534,
  0xAD55, 0xAD55, 0x52CF, 0x000A, 0x000F, 0x000E, 0x000E, 0x000E, 0x000E, 0x000E, 0x000D, 0x000E,
  0x004F, 0x000E, 0x000E, 0x000E, 0x000E, 0x000E, 0x000E, 0x000E, 0x000E, 0x000E, 0x000E, 0x000E,
  0x000E, 0x000E, 0x000E, 0x000E, 0x000E, 0x000E, 0x000E, 0x000E, 0x000E, 0x000E, 0x000E, 0x000E,
  0x000E, 0x000E, 0x000E, 0x000E, 0x000E, 0x000E, 0x000E, 0x000E, 0x000E, 0x000E, 0x200E, 0x300E,
  0x300E, 0x300E, 0x380E, 0x380E, 0x380E, 0x380E, 0x400E, 0x300E, 0x000D, 0x000E, 0x000D, 0x086D,
  0xA535, 0xAD55, 0xAD54, 0xAD55, 0xAD55, 0xAD55, 0xAD54, 0xAD54, 0xAD54, 0xAD55, 0xAD35, 0xAD34,
  0xAD55, 0x6B50, 0x000B, 0x000F, 0x000E, 0x000E, 0x000E, 0x000E, 0x000E, 0x000E, 0x000E, 0x000E,
  0x000E, 0x000E, 0x000E, 0x000E, 0x000E, 0x000E, 0x000E, 0x000E, 0x000E, 0x000E, 0x000E, 0x000E,
  0x000E, 0x000E, 0x000E, 0x000E, 0x000E, 0x000E, 0x000E, 0x000E, 0x000E, 0x000E, 0x000E, 0x000E,
  0x000E, 0x000E, 0x000E, 0x000E, 0x000E, 0x000E, 0x000E, 0x000E, 0x000E, 0x000E, 0x000E, 0x000E,
  0x000E, 0x000E, 0x000E, 0x000E, 0x000E, 0x000E, 0x000E, 0x000E, 0x000E, 0x000E, 0x000E, 0x000E,
  0x000E, 0x000E, 0x000E, 0x000E, 0x000E, 0x000E, 0x000E, 0x000E, 0x000E, 0x000E, 0x000E, 0x000E,
  0x000E, 0x000E, 0x000E, 0x000E, 0x000E, 0x000E, 0x000E, 0x000E, 0x000E, 0x000E, 0x000E, 0x000E,
  0x000E, 0x000E, 0x000E, 0x000E, 0x000E, 0x000E, 0x000E, 0x000E, 0x000E, 0x000E, 0x000E, 0x000E,
  0x000E, 0x000E, 0x000E, 0x000E, 0x000E, 0x000E, 0x000E, 0x000E, 0x000E, 0x000E, 0x000E, 0x000E,
  0x000E, 0x000E, 0x000E, 0x000E, 0x000E, 0x000E, 0x000E, 0x000E, 0x000E, 0x000E, 0x000E, 0x000E,
  0x000E, 0x000E, 0x000E, 0x000E, 0x000E, 0x000E, 0x000E, 0x000E, 0x000E, 0x000E, 0x000E, 0x000E,
  0x000E, 0x000E, 0x000E, 0x000E, 0x000E, 0x000E, 0x000E, 0x000E, 0x000E, 0x000E, 0x000E, 0x000E,
  0x000E, 0x000E, 0x000E, 0x000E, 0x000E, 0x000E, 0x000E, 0x000E, 0x000E, 0x000E, 0x000E, 0x000E,
  0x000E, 0x000E, 0x000E, 0x000E, 0x000E, 0x000E, 0x000E, 0x000E, 0x000E, 0x000E, 0x000E, 0x000E,
  0x000E, 0x000E, 0x000E, 0x000E, 0x000E, 0x000E, 0x000E, 0x000E, 0x000E, 0x0214, 0x059E, 0x05FF,
  0x05FF, 0x05FF, 0x05FF, 0x05FF, 0x05FF, 0x05FF, 0x05FF, 0x05FF, 0x05FF, 0x061F, 0x1EFF, 0xAF7F,
  0x065F, 0x05FF, 0x05FF, 0x05FF, 0x05FF, 0x05FF, 0x05FF, 0x05FF, 0x05FF, 0x059E, 0x002F, 0x000E,
  0x000E, 0x000E, 0x000E, 0x000E, 0x000E, 0x000E, 0x000E, 0x000E, 0x000E, 0x000E, 0x000E, 0x000E,
  0x000E, 0x000E, 0x000E, 0x000E, 0x000E, 0x000E, 0x000E, 0x000E, 0x000E, 0x000E, 0x000E, 0x000E,
  0x000E, 0x000E, 0x000E, 0x000E, 0x000E, 0x000E, 0x000E, 0x000E, 0x000E, 0x000E, 0x000E, 0x000E,
  0x000E, 0x000E, 0x000E, 0x000E, 0xA554, 0xAD34, 0xAD34, 0xA534, 0xA534, 0xAD55, 0x9CD3, 0x000B,
  0x000D, 0x000E, 0x000E, 0x000E, 0x000E, 0x000E, 0x000E, 0x000E, 0x000E, 0x000E, 0x000E, 0x000E,
  0x000E, 0x000E, 0x000E, 0x000E, 0x000E, 0x000E, 0x000E, 0x000E, 0x000E, 0x000E, 0x000E, 0x000E,
  0x000E, 0x000E, 0x000E, 0x000E, 0x000E, 0x000E, 0x000E, 0x000E, 0x000E, 0x000E, 0x000E, 0x000E,
  0x000E, 0x000E, 0x000E, 0x000E, 0x000E, 0x080E, 0x280E, 0x300E, 0x300E, 0x380E, 0x400E, 0x480E,
  0x480E, 0x480E, 0x500E, 0x300E, 0x000D, 0x000E, 0x000F, 0x000C, 0x210D, 0x9CD4, 0xAD55, 0xAD54,
  0xAD34, 0xAD35, 0xAD54, 0xAD54, 0xAD54, 0xAD55, 0xAD35, 0xAD54, 0xAD55, 0x422E, 0x000B, 0x000E,
  0x000E, 0x000E, 0x000E, 0x000E, 0x000E, 0x000E, 0x000E, 0x000E, 0x000E, 0x000E, 0x000E, 0x000E,
  0x000E, 0x000E, 0x000E, 0x000E, 0x000E, 0x000E, 0x000E, 0x000E, 0x000E, 0x000E, 0x000E, 0x000E,
  0x000E, 0x000E, 0x000E, 0x000E, 0x000E, 0x000E, 0x000E, 0x000E, 0x000E, 0x000E, 0x000E, 0x000E,
  0x000E, 0x000E, 0x000E, 0x000E, 0x000E, 0x000E, 0x000E, 0x000E, 0x000E, 0x000E, 0x000E, 0x000E,
  0x000E, 0x000E, 0x000E, 0x000E, 0x000E, 0x000E, 0x000E, 0x000E, 0x000E, 0x000E, 0x000E, 0x000E,
  0x000E, 0x000E, 0x000E, 0x000E, 0x000E, 0x000E, 0x000E, 0x000E, 0x000E, 0x000E, 0x000E, 0x000E,
  0x000E, 0x000E, 0x000E, 0x000E, 0x000E, 0x000E, 0x000E, 0x000E, 0x000E, 0x000E, 0x000E, 0x000E,
  0x000E, 0x000E, 0x000E, 0x000E, 0x000E, 0x000E, 0x000E, 0x000E, 0x000E, 0x000E, 0x000E, 0x000E,
  0x000E, 0x000E, 0x000E, 0x000E, 0x000E, 0x000E, 0x000E, 0x000E, 0x000E, 0x000E, 0x000E, 0x000E,
  0x000E, 0x000E, 0x000E, 0x000E, 0x000E, 0x000E, 0x000E, 0x000E, 0x000E, 0x000E, 0x000E, 0x000E,
  0x000E, 0x000E, 0x000E, 0x000E, 0x000E, 0x000E, 0x000E, 0x000E, 0x000E, 0x000E, 0x000E, 0x000E,
  0x000E, 0x000E, 0x000E, 0x000E, 0x000E, 0x000E, 0x000E, 0x000E, 0x000E, 0x000E, 0x000E, 0x000E,
  0x000E, 0x000E, 0x000E, 0x000E, 0x000E, 0x000E, 0x000E, 0x000E, 0x000E, 0x000E, 0x000E, 0x000E,
  0x000E, 0x000E, 0x000E, 0x000E, 0x000E, 0x000E, 0x000E, 0x000E, 0x000E, 0x000E, 0x000E, 0x000E,
  0x000E, 0x000E, 0x000E, 0x000E, 0x000E, 0x0317, 0x05FF, 0x05DF, 0x05DF, 0x05FF, 0x05FF, 0x05FF,
  0x05FF, 0x05FF, 0x05FF, 0x05FF, 0x05FF, 0x05FF, 0x05FF, 0x065F, 0x7F3F, 0x9F7F, 0x05FF, 0x05FF,
  0x05FF, 0x05FF, 0x05FF, 0x05FF, 0x05FF, 0x0214, 0x000E, 0x000E, 0x000E, 0x000E, 0x000E, 0x000E,
  0x000E, 0x000E, 0x000E, 0x000E, 0x000E, 0x000E, 0x000E, 0x000E, 0x000E, 0x000E, 0x000E, 0x000E,
  0x000E, 0x000E, 0x000E, 0x000E, 0x000E, 0x000E, 0x000E, 0x000E, 0x000E, 0x000E, 0x000E, 0x000E,
  0x000E, 0x000E, 0x000E, 0x000E, 0x000E, 0x000E, 0x000E, 0x000E, 0x000E, 0x000E, 0x000E, 0x000E,
  0xAD55, 0xAD54, 0xA534, 0xA535, 0xAD35, 0xAD55, 0xAD55, 0x5AF0, 0x000B, 0x000E, 0x000E, 0x000E,
  0x000E, 0x000E, 0x000E, 0x000E, 0x000E, 0x000E, 0x000E, 0x000E, 0x000E, 0x000E, 0x000E, 0x000E,
  0x000E, 0x000E, 0x000E, 0x000E, 0x000E, 0x000E, 0x000E, 0x000E, 0x000E, 0x000E, 0x000E, 0x000E,
  0x000E, 0x000E, 0x000E, 0x000E, 0x000E, 0x000E, 0x000E, 0x000E, 0x000E, 0x000E, 0x000E, 0x000E,
  0x000E, 0x000E, 0x080E, 0x080E, 0x100E, 0x200E, 0x280E, 0x300E, 0x400E, 0x480E, 0x580E, 0x180E,
  0x000E, 0x000E, 0x000E, 0x000E, 0x000C, 0x002D, 0x8C74, 0xAD55, 0xAD54, 0xAD35, 0xAD55, 0xAD55,
  0xAD55, 0xAD35, 0xAD35, 0xAD55, 0xAD55, 0x210D, 0x000C, 0x000E, 0x000E, 0x000E, 0x000E, 0x000E,
  0x000E, 0x000E, 0x000E, 0x000E, 0x000E, 0x000E, 0x000E, 0x000E, 0x000E, 0x000E, 0x000E, 0x000E,
  0x000E, 0x000E, 0x000E, 0x000E, 0x000E, 0x000E, 0x000E, 0x000E, 0x000E, 0x000E, 0x000E, 0x000E,
  0x000E, 0x000E, 0x000E, 0x000E, 0x000E, 0x000E, 0x000E, 0x000E, 0x000E, 0x000E, 0x000E, 0x000E,
  0x000E, 0x000E, 0x000E, 0x000E, 0x000E, 0x000E, 0x000E, 0x000E, 0x000E, 0x000E, 0x000E, 0x000E,
  0x000E, 0x000E, 0x000E, 0x000E, 0x000E, 0x000E, 0x000E, 0x000E, 0x000E, 0x000E, 0x000E, 0x000E,
  0x000E, 0x000E, 0x000E, 0x000E, 0x000E, 0x000E, 0x000E, 0x000E, 0x000E, 0x000E, 0x000E, 0x000E,
  0x000E, 0x000E, 0x000E, 0x000E, 0x000E, 0x000E, 0x000E, 0x000E, 0x000E, 0x000E, 0x000E, 0x000E,
  0x000E, 0x000E, 0x000E, 0x000E, 0x000E, 0x000E, 0x000E, 0x000E, 0x000E, 0x000E, 0x000E, 0x000E,
  0x000E, 0x000E, 0x000E, 0x000E, 0x000E, 0x000E, 0x000E, 0x000E, 0x000E, 0x000E, 0x000E, 0x000E,
  0x000E, 0x000E, 0x000E, 0x000E, 0x000E, 0x000E, 0x000E, 0x000E, 0x000E, 0x000E, 0x000E, 0x000E,
  0x000E, 0x000E, 0x000E, 0x000E, 0x000E, 0x000E, 0x000E, 0x000E, 0x000E, 0x000E, 0x000E, 0x000E,
  0x000E, 0x000E, 0x000E, 0x000E, 0x000E, 0x000E, 0x000E, 0x000E, 0x000E, 0x000E, 0x000E, 0x000E,
  0x000E, 0x000E, 0x000E, 0x000E, 0x000E, 0x000E, 0x000E, 0x000E, 0x000E, 0x000E, 0x000E, 0x000E,
  0x000E, 0x000E, 0x000E, 0x000E, 0x000E, 0x000E, 0x000E, 0x000E, 0x000E, 0x000E, 0x000E, 0x000E,
  0x000E, 0x045A, 0x05FF, 0x05DF, 0x05DF, 0x05DF, 0x05DF, 0x05FF, 0x05FF, 0x05FF, 0x05FF, 0x05FF,
  0x05FF, 0x05FF, 0x05FF, 0x05FF, 0x05FF, 0x067F, 0xA77F, 0x673F, 0x05FF, 0x05FF, 0x05FF, 0x05FF,
  0x04BB, 0x000E, 0x000E, 0x000E, 0x000E, 0x000E, 0x000E, 0x000E, 0x000E, 0x000E, 0x000E, 0x000E,
  0x000E, 0x000E, 0x000E, 0x000E, 0x000E, 0x000E, 0x000E, 0x000E, 0x000E, 0x000E, 0x000E, 0x000E,
  0x000E, 0x000E, 0x000E, 0x000E, 0x000E, 0x000E, 0x000E, 0x000E, 0x000E, 0x000E, 0x000E, 0x000E,
  0x000E, 0x000E, 0x000E, 0x000E, 0x000E, 0x000E, 0x000E, 0x000E, 0x9CF5, 0xAD55, 0xAD55, 0xA554,
  0xA534, 0xA535, 0xAD55, 0xA514, 0x002C, 0x000E, 0x000E, 0x000E, 0x000E, 0x000E, 0x000E, 0x000E,
  0x000E, 0x000E, 0x000E, 0x000E, 0x000E, 0x000E, 0x000E, 0x000E, 0x000E, 0x000E, 0x000E, 0x000E,
  0x000E, 0x000E, 0x000E, 0x000E, 0x000E, 0x000E, 0x000E, 0x000E, 0x000E, 0x000E, 0x000E, 0x000E,
  0x000E, 0x000E, 0x000E, 0x000E, 0x000E, 0x000E, 0x000E, 0x000E, 0x000E, 0x000E, 0x000E, 0x000E,
  0x000E, 0x000E, 0x000E, 0x000E, 0x000E, 0x080E, 0x100E, 0x000E, 0x000E, 0x000E, 0x000E, 0x000E,
  0x000E, 0x000D, 0x000D, 0x73D2, 0xAD55, 0xAD55, 0xAD54, 0xAD55, 0xAD55, 0xAD35, 0xAD35, 0xAD55,
  0xA4F3, 0x000C, 0x000E, 0x000E, 0x000E, 0x000E, 0x000E, 0x000E, 0x000E, 0x000E, 0x000E, 0x000E,
  0x000E, 0x000E, 0x000E, 0x000E, 0x000E, 0x000E, 0x000E, 0x000E, 0x000E, 0x000E, 0x000E, 0x000E,
  0x000E, 0x000E, 0x000E, 0x000E, 0x000E, 0x000E, 0x000E, 0x000E, 0x000E, 0x000E, 0x000E, 0x000E,
  0x000E, 0x000E, 0x000E, 0x000E, 0x000E, 0x000E, 0x000E, 0x000E, 0x000E, 0x000E, 0x000E, 0x000E,
  0x000E, 0x000E, 0x000E, 0x000E, 0x000E, 0x000E, 0x000E, 0x000E, 0x000E, 0x000E, 0x000E, 0x000E,
  0x000E, 0x000E, 0x000E, 0x000E, 0x000E, 0x000E, 0x000E, 0x000E, 0x000E, 0x000E, 0x000E, 0x000E,
  0x000E, 0x000E, 0x000E, 0x000E, 0x000E, 0x000E, 0x000E, 0x000E, 0x000E, 0x000E, 0x000E, 0x000E,
  0x000E, 0x000E, 0x000E, 0x000E, 0x000E, 0x000E, 0x000E, 0x000E, 0x000E, 0x000E, 0x000E, 0x000E,
  0x000E, 0x000E, 0x000E, 0x000E, 0x000E, 0x000E, 0x000E, 0x000E, 0x000E, 0x000E, 0x000E, 0x000E,
  0x000E, 0x000E, 0x000E, 0x000E, 0x000E, 0x000E, 0x000E, 0x000E, 0x000E, 0x000E, 0x000E, 0x000E,
  0x000E, 0x000E, 0x000E, 0x000E, 0x000E, 0x000E, 0x000E, 0x000E, 0x000E, 0x000E, 0x000E, 0x000E,
  0x000E, 0x000E, 0x000E, 0x000E, 0x000E, 0x000E, 0x000E, 0x000E, 0x000E, 0x000E, 0x000E, 0x000E,
  0x000E, 0x000E, 0x000E, 0x000E, 0x000E, 0x000E, 0x000E, 0x000E, 0x000E, 0x000E, 0x000E, 0x000E,
  0x000E, 0x000E, 0x000E, 0x000E, 0x000E, 0x000E, 0x000E, 0x000E, 0x000E, 0x000E, 0x000E, 0x000E,
  0x000E, 0x000E, 0x000E, 0x000E, 0x000E, 0x000E, 0x000E, 0x000E, 0x000E, 0x047B, 0x05FF, 0x05DF,
  0x05DF, 0x05DF, 0x05DF, 0x05DF, 0x05FF, 0x05FF, 0x05FF, 0x05FF, 0x05FF, 0x05FF, 0x05FF, 0x05FF,
  0x05FF, 0x05FF, 0x05FF, 0x069F, 0xDFBF, 0x36FF, 0x067F, 0x059E, 0x00F1, 0x000E, 0x000E, 0x000E,
  0x000E, 0x000E, 0x000E, 0x000E, 0x000E, 0x000E, 0x000E, 0x000E, 0x000E, 0x000E, 0x000E, 0x000E,
  0x000E, 0x000E, 0x000E, 0x000E, 0x000E, 0x000E, 0x000E, 0x000E, 0x000E, 0x000E, 0x000E, 0x000E,
  0x000E, 0x000E, 0x000E, 0x000E, 0x000E, 0x000E, 0x000E, 0x000E, 0x000E, 0x000E, 0x000E, 0x000E,
  0x000E, 0x000E, 0x000E, 0x000E, 0x084E, 0x5B12, 0xAD55, 0xAD55, 0xAD54, 0xA554, 0xAD55, 0xAD55,
  0x422F, 0x000C, 0x000E, 0x000E, 0x000E, 0x000E, 0x000E, 0x000E, 0x000E, 0x000E, 0x000E, 0x000E,
  0x000E, 0x000E, 0x000E, 0x000E, 0x000E, 0x000E, 0x000E, 0x000E, 0x000E, 0x000E, 0x000E, 0x000E,
  0x000E, 0x000E, 0x000E, 0x000E, 0x000E, 0x000E, 0x000E, 0x000E, 0x000E, 0x000E, 0x000E, 0x000E,
  0x000E, 0x000E, 0x000E, 0x000E, 0x000E, 0x000E, 0x000E, 0x000E, 0x000E, 0x000E, 0x000E, 0x000E,
  0x000E, 0x000E, 0x000E, 0x000E, 0x000E, 0x000E, 0x000E, 0x000E, 0x000E, 0x000E, 0x000D, 0x000C,
  0x6311, 0xAD55, 0xAD55, 0xAD55, 0xAD55, 0xAD55, 0xAD35, 0xAD55, 0x7BF1, 0x000B, 0x000E, 0x000E,
  0x000E, 0x000E, 0x000E, 0x000E, 0x000E, 0x000E, 0x000E, 0x000E, 0x000E, 0x000E, 0x000E, 0x000E,
  0x000E, 0x000E, 0x000E, 0x000E, 0x000E, 0x000E, 0x000E, 0x000E, 0x000E, 0x000E, 0x000E, 0x000E,
  0x000E, 0x000E, 0x000E, 0x000E, 0x000E, 0x000E, 0x000E, 0x000E, 0x000E, 0x000E, 0x000E, 0x000E,
  0x000E, 0x000E, 0x000E, 0x000E, 0x000E, 0x000E, 0x000E, 0x000E, 0x000E, 0x000E, 0x000E, 0x000E,
  0x000E, 0x000E, 0x000E, 0x000E, 0x000E, 0x000E, 0x000E, 0x000E, 0x000E, 0x000E, 0x000E, 0x000E,
  0x000E, 0x000E, 0x000E, 0x000E, 0x000E, 0x000E, 0x000E, 0x000E, 0x000E, 0x000E, 0x000E, 0x000E,
  0x000E, 0x000E, 0x000E, 0x000E, 0x000E, 0x000E, 0x000E, 0x000E, 0x000E, 0x000E, 0x000E, 0x000E,
  0x000E, 0x000E, 0x000E, 0x000E, 0x000E, 0x000E, 0x000E, 0x000E, 0x000E, 0x000E, 0x000E, 0x000E,
  0x000E, 0x000E, 0x000E, 0x000E, 0x000E, 0x000E, 0x000E, 0x000E, 0x000E, 0x000E, 0x000E, 0x000E,
  0x000E, 0x000E, 0x000E, 0x000E, 0x000E, 0x000E, 0x000E, 0x000E, 0x000E, 0x000E, 0x000E, 0x000E,
  0x000E, 0x000E, 0x000E, 0x000E, 0x000E, 0x000E, 0x000E, 0x000E, 0x000E, 0x000E, 0x000E, 0x000E,
  0x000E, 0x000E, 0x000E, 0x000E, 0x000E, 0x000E, 0x000E, 0x000E, 0x000E, 0x000E, 0x000E, 0x000E,
  0x000E, 0x000E, 0x000E, 0x000E, 0x000E, 0x000E, 0x000E, 0x000E, 0x000E, 0x000E, 0x000E, 0x000E,
  0x000E, 0x000E, 0x000E, 0x000E, 0x000E, 0x000E, 0x000E, 0x000E, 0x000E, 0x000E, 0x000E, 0x000E,
  0x000E, 0x000E, 0x000E, 0x000E, 0x000E, 0x047B, 0x05FF, 0x05DF, 0x05DF, 0x05DF, 0x05DF, 0x05DF,
  0x05DF, 0x05DF, 0x05FF, 0x05FF, 0x05FF, 0x05FF, 0x05FF, 0x05FF, 0x05FF, 0x05FF, 0x05FF, 0x05FF,
  0x061F, 0x067F, 0x863C, 0x000E, 0x000E, 0x000E, 0x000E, 0x000E, 0x000E, 0x000E, 0x000E, 0x000E,
  0x000E, 0x000E, 0x000E, 0x000E, 0x000E, 0x000E, 0x000E, 0x000E, 0x000E, 0x000E, 0x000E, 0x000E,
  0x000E, 0x000E, 0x000E, 0x000E, 0x000E, 0x000E, 0x000E, 0x000E, 0x000E, 0x000E, 0x000E, 0x000E,
  0x000E, 0x000E, 0x000E, 0x000E, 0x000E, 0x000E, 0x000E, 0x000E, 0x000E, 0x000E, 0x000E, 0x000E,
  0x000C, 0x000C, 0x31B0, 0x8434, 0xAD55, 0xAD55, 0xAD55, 0xAD55, 0x9493, 0x000C, 0x000E, 0x000E,
  0x000E, 0x000E, 0x000E, 0x000E, 0x000E, 0x000E, 0x000E, 0x000E, 0x000E, 0x000E, 0x000E, 0x000E,
  0x000E, 0x000E, 0x000E, 0x000E, 0x000E, 0x000E, 0x000E, 0x000E, 0x000E, 0x000E, 0x000E, 0x000E,
  0x000E, 0x000E, 0x000E, 0x000E, 0x000E, 0x000E, 0x000E, 0x000E, 0x000E, 0x000E, 0x000E, 0x000E,
  0x000E, 0x000E, 0x000E, 0x000E, 0x000E, 0x000E, 0x000E, 0x000E, 0x000E, 0x000E, 0x000E, 0x000E,
  0x000E, 0x000E, 0x000E, 0x000E, 0x000E, 0x000E, 0x000E, 0x000D, 0x000B, 0x5290, 0xAD55, 0xAD55,
  0xAD35, 0xAD35, 0xAD35, 0xAD55, 0x52AF, 0x000B, 0x000E, 0x000E, 0x000E, 0x000E, 0x000E, 0x000E,
  0x000E, 0x000E, 0x000E, 0x000E, 0x000E, 0x000E, 0x000E, 0x000E, 0x000E, 0x000E, 0x000E, 0x000E,
  0x000E, 0x000E, 0x000E, 0x000E, 0x000E, 0x000E, 0x000E, 0x000E, 0x000E, 0x000E, 0x000E, 0x000E,
  0x000E, 0x000E, 0x000E, 0x000E, 0x000E, 0x000E, 0x000E, 0x000E, 0x000E, 0x000E, 0x000E, 0x000E,
  0x000E, 0x000E, 0x000E, 0x000E, 0x000E, 0x000E, 0x000E, 0x000E, 0x000E, 0x000E, 0x000E, 0x000E,
  0x000E, 0x000E, 0x000E, 0x000E, 0x000E, 0x000E, 0x000E, 0x000E, 0x000E, 0x000E, 0x000E, 0x000E,
  0x000E, 0x000E, 0x000E, 0x000E, 0x000E, 0x000E, 0x000E, 0x000E, 0x000E, 0x000E, 0x000E, 0x000E,
  0x000E, 0x000E, 0x000E, 0x000E, 0x000E, 0x000E, 0x000E, 0x000E, 0x000E, 0x000E, 0x000E, 0x000E,
  0x000E, 0x000E, 0x000E, 0x000E, 0x000E, 0x000E, 0x000E, 0x000E, 0x000E, 0x000E, 0x000E, 0x000D,
  0x000E, 0x000E, 0x000E, 0x000E, 0x000E, 0x000E, 0x000E, 0x000E, 0x000E, 0x000E, 0x000E, 0x000E,
  0x000E, 0x000E, 0x000E, 0x000E, 0x000E, 0x000E, 0x000E, 0x000E, 0x000E, 0x000E, 0x000E, 0x000E,
  0x000E, 0x000E, 0x000E, 0x000E, 0x000E, 0x000E, 0x000E, 0x000E, 0x000E, 0x000E, 0x000E, 0x000E,
  0x000E, 0x000E, 0x000E, 0x000E, 0x000E, 0x000E, 0x000E, 0x000E, 0x000E, 0x000E, 0x000E, 0x000E,
  0x000E, 0x000E, 0x000E, 0x000E, 0x000E, 0x000E, 0x000E, 0x000E, 0x000E, 0x000E, 0x000E, 0x000E,
  0x000E, 0x000E, 0x000E, 0x000E, 0x000E, 0x000E, 0x000E, 0x000E, 0x000E, 0x000E, 0x000E, 0x000E,
  0x000E, 0x03D9, 0x05FF, 0x05DF, 0x05DF, 0x05DF, 0x05DF, 0x05DF, 0x05DF, 0x05DF, 0x05DF, 0x05DF,
  0x05FF, 0x05FF, 0x05FF, 0x05FF, 0x05FF, 0x05FF, 0x05FF, 0x05FF, 0x05FF, 0x05FF, 0x05DF, 0x000E,
  0x000E, 0x000E, 0x000E, 0x000E, 0x000E, 0x000E, 0x000E, 0x000E, 0x000E, 0x000E, 0x000E, 0x000E,
  0x000E, 0x000E, 0x000E, 0x000E, 0x000E, 0x000E, 0x000E, 0x000E, 0x000E, 0x000E, 0x000E, 0x000E,
  0x000E, 0x000E, 0x000E, 0x000E, 0x000E, 0x000E, 0x000E, 0x000E, 0x000E, 0x000E, 0x000E, 0x000E,
  0x000E, 0x000E, 0x000E, 0x000E, 0x000E, 0x000E, 0x000E, 0x000E, 0x000E, 0x000E, 0x000C, 0x000C,
  0x4A71, 0xA535, 0xAD55, 0xAD54, 0xAD55, 0x6B71, 0x000C, 0x000E, 0x000E, 0x000E, 0x000E, 0x000E,
  0x000E, 0x000E, 0x000E, 0x000E, 0x000E, 0x000E, 0x000E, 0x000E, 0x000E, 0x000E, 0x000E, 0x000E,
  0x000E, 0x000E, 0x000E, 0x000E, 0x000E, 0x000E, 0x000E, 0x000E, 0x000E, 0x000E, 0x000E, 0x000E,
  0x000E, 0x000E, 0x000E, 0x000E, 0x000E, 0x000E, 0x000E, 0x000E, 0x000E, 0x000E, 0x000E, 0x000E,
  0x000E, 0x000E, 0x000E, 0x000E, 0x000E, 0x000E, 0x000E, 0x000E, 0x000E, 0x000E, 0x000E, 0x000E,
  0x000E, 0x000E, 0x000E, 0x000E, 0x000E, 0x000C, 0x31AF, 0xAD55, 0xAD55, 0xAD35, 0xAD55, 0xAD55,
  0x296D, 0x000C, 0x000E, 0x000E, 0x000E, 0x000E, 0x000E, 0x000E, 0x000E, 0x000E, 0x000E, 0x000E,
  0x000E, 0x000E, 0x000E, 0x000E, 0x000E, 0x000E, 0x000E, 0x000E, 0x000E, 0x000E, 0x000E, 0x000E,
  0x000E, 0x000E, 0x000E, 0x000E, 0x000E, 0x000E, 0x000E, 0x000E, 0x000E, 0x000E, 0x000E, 0x000E,
  0x000E, 0x000E, 0x000E, 0x000E, 0x000E, 0x000E, 0x000E, 0x000E, 0x000E, 0x000E, 0x000E, 0x000E,
  0x000E, 0x000E, 0x000E, 0x000E, 0x000E, 0x000E, 0x000E, 0x000E, 0x000E, 0x000E, 0x000E, 0x000E,
  0x000E, 0x000E, 0x000E, 0x000E, 0x000E, 0x000E, 0x000E, 0x000E, 0x000E, 0x000E, 0x000E, 0x000E,
  0x000E, 0x000E, 0x000E, 0x000E, 0x000E, 0x000E, 0x000E, 0x000E, 0x000E, 0x000E, 0x000E, 0x000E,
  0x000E, 0x000E, 0x000E, 0x000E, 0x000E, 0x000E, 0x000E, 0x000E, 0x000E, 0x000E, 0x000E, 0x000E,
  0x000E, 0x000E, 0x000E, 0x000E, 0x000E, 0x000E, 0x000E, 0x000E, 0x000E, 0x000D, 0x000D, 0x000D,
  0x000E, 0x000E, 0x000E, 0x000E, 0x000E, 0x000E, 0x000E, 0x000E, 0x000E, 0x000E, 0x000E, 0x000E,
  0x000E, 0x000E, 0x000E, 0x000E, 0x000E, 0x000E, 0x000E, 0x000E, 0x000E, 0x000E, 0x000E, 0x000E,
  0x000E, 0x000E, 0x000E, 0x000E, 0x000E, 0x000E, 0x000E, 0x000E, 0x000E, 0x000E, 0x000E, 0x000E,
  0x000E, 0x000E, 0x000E, 0x000E, 0x000E, 0x000E, 0x000E, 0x000E, 0x000E, 0x000E, 0x000E, 0x000E,
  0x000E, 0x000E, 0x000E, 0x000E, 0x000E, 0x000E, 0x000E, 0x000E, 0x000E, 0x000E, 0x000E, 0x000E,
  0x000E, 0x000E, 0x000E, 0x000E, 0x000E, 0x000E, 0x000E, 0x000E, 0x000E, 0x0192, 0x05FF, 0x05DF,
  0x05DF, 0x05DF, 0x05DF, 0x05DF, 0x05DF, 0x05DF, 0x05DF, 0x05DF, 0x05DF, 0x05FF, 0x05FF, 0x05FF,
  0x05FF, 0x05FF, 0x05FF, 0x05FF, 0x05FF, 0x05FF, 0x0255, 0x000E, 0x000E, 0x000E, 0x000E, 0x000E,
  0x000E, 0x000E, 0x000E, 0x000E, 0x000E, 0x000E, 0x000E, 0x000E, 0x000E, 0x000E, 0x000E, 0x000E,
  0x000E, 0x000E, 0x000E, 0x000E, 0x000E, 0x000E, 0x000E, 0x000E, 0x000E, 0x000E, 0x000E, 0x000E,
  0x000E, 0x000E, 0x000E, 0x000E, 0x000E, 0x000E, 0x000E, 0x000E, 0x000E, 0x000E, 0x000E, 0x000E,
  0x000E, 0x000E, 0x000E, 0x000E, 0x000B, 0x000E, 0x000F, 0x000D, 0x000C, 0x210F, 0x8454, 0xAD55,
  0xAD55, 0xAD55, 0x08AD, 0x000D, 0x000F, 0x000E, 0x000E, 0x000E, 0x000E, 0x000E, 0x000E, 0x000E,
  0x000E, 0x000E, 0x000E, 0x000E, 0x000E, 0x000E, 0x000E, 0x000E, 0x000E, 0x000E, 0x000E, 0x000E,
  0x000E, 0x000E, 0x000E, 0x000E, 0x000E, 0x000E, 0x000E, 0x000E, 0x000E, 0x000E, 0x000E, 0x000E,
  0x000E, 0x000E, 0x000E, 0x000E, 0x000E, 0x000E, 0x000E, 0x000E, 0x000E, 0x000E, 0x000E, 0x000E,
  0x000E, 0x000E, 0x000E, 0x000E, 0x000E, 0x000E, 0x000E, 0x000E, 0x000E, 0x000E, 0x000E, 0x000E,
  0x000E, 0x000E, 0x000B, 0x212E, 0xA514, 0xAD55, 0xAD55, 0xAD55, 0x18AD, 0x000D, 0x000E, 0x000E,
  0x000E, 0x000E, 0x000E, 0x000E, 0x000E, 0x000E, 0x000E, 0x000E, 0x000E, 0x000E, 0x000E, 0x000E,
  0x000E, 0x000E, 0x000E, 0x000E, 0x000E, 0x000E, 0x000E, 0x000E, 0x000E, 0x000E, 0x000E, 0x000E,
  0x000E, 0x000E, 0x000E, 0x000E, 0x000E, 0x000E, 0x000E, 0x000E, 0x000E, 0x000E, 0x000E, 0x000E,
  0x000E, 0x000E, 0x000E, 0x000E, 0x000E, 0x000E, 0x000E, 0x000E, 0x000E, 0x000E, 0x000E, 0x000E,
  0x000E, 0x000E, 0x000E, 0x000E, 0x000E, 0x000E, 0x000E, 0x000E, 0x000E, 0x000E, 0x000E, 0x000E,
  0x000E, 0x000E, 0x000E, 0x000E, 0x000E, 0x000E, 0x000E, 0x000E, 0x000E, 0x000E, 0x000E, 0x000E,
  0x000E, 0x000E, 0x000E, 0x000E, 0x000E, 0x000E, 0x000E, 0x000E, 0x000E, 0x000E, 0x000E, 0x000E,
  0x000E, 0x000E, 0x000E, 0x000E, 0x000E, 0x000E, 0x000D, 0x000E, 0x000E, 0x000E, 0x000D, 0x000D,
  0x000D, 0x000E, 0x000E, 0x000E, 0x000D, 0x000D, 0x000D, 0x000D, 0x000E, 0x000E, 0x000E, 0x000E,
  0x000E, 0x000E, 0x000E, 0x000E, 0x000E, 0x000E, 0x000E, 0x000E, 0x000E, 0x000E, 0x000E, 0x000E,
  0x000E, 0x000E, 0x000E, 0x000E, 0x000E, 0x000E, 0x000E, 0x000E, 0x000E, 0x000E, 0x000E, 0x000E,
  0x000E, 0x000E, 0x000E, 0x000E, 0x000D, 0x000D, 0x000D, 0x000D, 0x000D, 0x000D, 0x000D, 0x000D,
  0x000D, 0x000D, 0x000D, 0x000D, 0x000D, 0x000D, 0x000D, 0x000D, 0x000D, 0x000D, 0x000D, 0x000D,
  0x000D, 0x000D, 0x000D, 0x000D, 0x000D, 0x000D, 0x000D, 0x000D, 0x000D, 0x000D, 0x000D, 0x000D,
  0x000D, 0x000D, 0x000D, 0x000D, 0x000D, 0x000E, 0x05DF, 0x05DF, 0x05DF, 0x05DF, 0x05DF, 0x05DF,
  0x05DF, 0x05DF, 0x05DF, 0x05DF, 0x05DF, 0x05DF, 0x05DF, 0x05FF, 0x05FF, 0x05FF, 0x05FF, 0x05FF,
  0x05FF, 0x04FC, 0x000D, 0x000D, 0x000D, 0x000D, 0x000D, 0x000D, 0x000D, 0x000D, 0x000D, 0x000D,
  0x000D, 0x000D, 0x000D, 0x000D, 0x000D, 0x000D, 0x000D, 0x000D, 0x000D, 0x000D, 0x000D, 0x000D,
  0x000D, 0x000D, 0x000D, 0x000D, 0x000D, 0x000D, 0x000D, 0x000D, 0x000D, 0x000D, 0x000D, 0x000D,
  0x000D, 0x000D, 0x000D, 0x000D, 0x000D, 0x000D, 0x000D, 0x000D, 0x000D, 0x000D, 0x000D, 0x000D,
  0x52B0, 0x000A, 0x000D, 0x000F, 0x000E, 0x000C, 0x000D, 0x52B2, 0xAD55, 0xAD55, 0x6BB1, 0x000B,
  0x000F, 0x000E, 0x000E, 0x000E, 0x000E, 0x000E, 0x000E, 0x000E, 0x000E, 0x000E, 0x000E, 0x000E,
  0x000E, 0x000E, 0x000E, 0x000E, 0x000E, 0x000E, 0x000E, 0x000E, 0x000E, 0x000E, 0x000E, 0x000E,
  0x000E, 0x000E, 0x000E, 0x000E, 0x000E, 0x000E, 0x000E, 0x000E, 0x000E, 0x000E, 0x000E, 0x000E,
  0x000E, 0x000E, 0x000E, 0x000E, 0x000E, 0x000E, 0x000E, 0x000E, 0x000E, 0x000E, 0x000E, 0x000E,
  0x000E, 0x000E, 0x000E, 0x000E, 0x000E, 0x000E, 0x000E, 0x000E, 0x000E, 0x000E, 0x000E, 0x000C,
  0x086C, 0x8C53, 0xAD55, 0xA533, 0x002E, 0x000E, 0x000E, 0x000E, 0x000E, 0x000E, 0x000E, 0x000E,
  0x000E, 0x000E, 0x000E, 0x000E, 0x000E, 0x000E, 0x000E, 0x000E, 0x000E, 0x000E, 0x000E, 0x000E,
  0x000E, 0x000E, 0x000E, 0x000E, 0x000E, 0x000E, 0x000E, 0x000E, 0x000E, 0x000E, 0x000E, 0x000E,
  0x000E, 0x000E, 0x000E, 0x000E, 0x000E, 0x000E, 0x000E, 0x000E, 0x000E, 0x000E, 0x000E, 0x000E,
  0x000E, 0x000E, 0x000E, 0x000E, 0x000E, 0x000E, 0x000E, 0x000E, 0x000E, 0x000E, 0x000E, 0x000E,
  0x000E, 0x000E, 0x000E, 0x000E, 0x000E, 0x000E, 0x000E, 0x000E, 0x000E, 0x000E, 0x000E, 0x000E,
  0x000E, 0x000E, 0x000E, 0x000E, 0x000E, 0x000E, 0x000E, 0x000E, 0x000E, 0x000E, 0x000E, 0x000E,
  0x000E, 0x000E, 0x000E, 0x000E, 0x000E, 0x000E, 0x000E, 0x000E, 0x000E, 0x000E, 0x000E, 0x000E,
  0x000E, 0x000E, 0x000E, 0x000E, 0x000E, 0x000E, 0x000E, 0x000E, 0x000E, 0x000E, 0x000E, 0x000E,
  0x000E, 0x000E, 0x000E, 0x000E, 0x000E, 0x000E, 0x000E, 0x000E, 0x000E, 0x000E, 0x000E, 0x000E,
  0x000E, 0x000E, 0x000E, 0x000E, 0x000E, 0x000E, 0x000E, 0x000E, 0x000E, 0x000E, 0x000E, 0x000E,
  0x000E, 0x000E, 0x000E, 0x000E, 0x000E, 0x000E, 0x000E, 0x000E, 0x000E, 0x000E, 0x000E, 0x000E,
  0x000E, 0x000E, 0x000E, 0x000E, 0x000E, 0x000E, 0x000E, 0x000E, 0x000E, 0x000E, 0x000E, 0x000E,
  0x000E, 0x000E, 0x000D, 0x000D, 0x000E, 0x000E, 0x000E, 0x000E, 0x000E, 0x000E, 0x000D, 0x000E,
  0x000E, 0x000E, 0x000E, 0x000E, 0x000E, 0x000E, 0x000E, 0x000E, 0x000E, 0x000E, 0x000E, 0x000E,
  0x000E, 0x000E, 0x02F6, 0x05FF, 0x05DF, 0x05DF, 0x05DF, 0x05DF, 0x05DF, 0x05DF, 0x05DF, 0x05DF,
  0x05DF, 0x05DF, 0x05DF, 0x05DF, 0x05FF, 0x05FF, 0x05FF, 0x05FF, 0x05FF, 0x0172, 0x000E, 0x000E,
  0x000E, 0x000E, 0x000E, 0x000E, 0x000E, 0x000E, 0x000E, 0x000E, 0x000E, 0x000E, 0x000E, 0x000E,
  0x000E, 0x000E, 0x000E, 0x000E, 0x000E, 0x000E, 0x000E, 0x000E, 0x000E, 0x000E, 0x000E, 0x000E,
  0x000E, 0x000E, 0x000E, 0x000E, 0x000E, 0x000E, 0x000E, 0x000E, 0x000E, 0x000E, 0x000E, 0x000E,
  0x000E, 0x000E, 0x000E, 0x000E, 0x000E, 0x000E, 0x000E, 0x000E, 0xAD55, 0x6B91, 0x000C, 0x000C,
  0x000E, 0x000E, 0x000D, 0x000B, 0x3A31, 0xA515, 0xAD55, 0x216E, 0x000C, 0x000E, 0x000E, 0x000E,
  0x000E, 0x000E, 0x000E, 0x000E, 0x000E, 0x000E, 0x000E, 0x000E, 0x000E, 0x000E, 0x000E, 0x000E,
  0x000E, 0x000E, 0x000E, 0x000E, 0x000E, 0x000E, 0x000E, 0x000E, 0x000E, 0x000E, 0x000E, 0x000E,
  0x000E, 0x000E, 0x000E, 0x000E, 0x000E, 0x000E, 0x000E, 0x000E, 0x000E, 0x000E, 0x000E, 0x000E,
  0x000E, 0x000E, 0x000E, 0x000E, 0x000E, 0x000E, 0x000E, 0x000E, 0x000E, 0x000E, 0x000E, 0x000E,
  0x000E, 0x000E, 0x000E, 0x000E, 0x000E, 0x000E, 0x000E, 0x000E, 0x000C, 0x000C, 0x9494, 0xA513,
  0x000D, 0x000E, 0x000E, 0x000E, 0x000E, 0x000E, 0x000E, 0x000E, 0x000E, 0x000E, 0x000E, 0x000E,
  0x000E, 0x000E, 0x000E, 0x000E, 0x000E, 0x000E, 0x000E, 0x000E, 0x000E, 0x000E, 0x000E, 0x000E,
  0x000E, 0x000E, 0x000E, 0x000E, 0x000E, 0x000E, 0x000E, 0x000E, 0x000E, 0x000E, 0x000E, 0x000E,
  0x000E, 0x000E, 0x000E, 0x000E, 0x000E, 0x000E, 0x000E, 0x000E, 0x000E, 0x000E, 0x000E, 0x000E,
  0x000E, 0x000E, 0x000E, 0x000E, 0x000E, 0x000E, 0x000E, 0x000E, 0x000E, 0x000E, 0x000E, 0x000E,
  0x000E, 0x000E, 0x000E, 0x000E, 0x000E, 0x000E, 0x000E, 0x000E, 0x000E, 0x000E, 0x000E, 0x000E,
  0x000E, 0x000E, 0x000E, 0x000E, 0x000E, 0x000E, 0x000E, 0x000E, 0x000E, 0x000E, 0x000E, 0x000E,
  0x000E, 0x000E, 0x000E, 0x000E, 0x000E, 0x000E, 0x000E, 0x000E, 0x000E, 0x000E, 0x000E, 0x000E,
  0x000D, 0x000E, 0x000E, 0x000E, 0x000E, 0x000E, 0x000E, 0x000E, 0x000E, 0x000E, 0x000E, 0x000E,
  0x000E, 0x000E, 0x000E, 0x000E, 0x000E, 0x000E, 0x000E, 0x000E, 0x000E, 0x000E, 0x000E, 0x000E,
  0x000E, 0x000E, 0x000E, 0x000E, 0x000E, 0x000E, 0x000E, 0x000E, 0x000E, 0x000E, 0x000E, 0x000E,
  0x000E, 0x000E, 0x000E, 0x000E, 0x000E, 0x000E, 0x000E, 0x000E, 0x000E, 0x000E, 0x000E, 0x000E,
  0x000E, 0x000E, 0x000E, 0x000E, 0x000E, 0x000E, 0x000E, 0x000E, 0x000E, 0x000E, 0x000E, 0x000E,
  0x000E, 0x000E, 0x000E, 0x000E, 0x000E, 0x000E, 0x000E, 0x000E, 0x000E, 0x000E, 0x000E, 0x000E,
  0x000E, 0x000E, 0x000E, 0x000E, 0x000E, 0x000E, 0x000E, 0x000E, 0x000E, 0x000E, 0x000E, 0x059E,
  0x05DF, 0x05DF, 0x05DF, 0x05DF, 0x05DF, 0x05DF, 0x05DF, 0x05DF, 0x05DF, 0x05DF, 0x05DF, 0x05DF,
  0x05DF, 0x05DF, 0x05FF, 0x05FF, 0x03B9, 0x000E, 0x000E, 0x000E, 0x000E, 0x000E, 0x000E, 0x000E,
  0x000E, 0x000E, 0x000E, 0x000E, 0x000E, 0x000E, 0x000E, 0x000E, 0x000E, 0x000E, 0x000E, 0x000E,
  0x000E, 0x000E, 0x000E, 0x000E, 0x000E, 0x000E, 0x000E, 0x000E, 0x000E, 0x000E, 0x000E, 0x000E,
  0x000E, 0x000E, 0x000E, 0x000E, 0x000E, 0x000E, 0x000E, 0x000E, 0x000E, 0x000E, 0x000E, 0x000E,
  0x000E, 0x000E, 0x000E, 0x000E, 0xAD55, 0xAD55, 0x8C53, 0x108C, 0x000B, 0x000E, 0x000E, 0x000E,
  0x000D, 0x08AE, 0x94D5, 0xAD55, 0x004C, 0x000D, 0x000E, 0x000E, 0x000E, 0x000E, 0x000E, 0x000E,
  0x000E, 0x000E, 0x000E, 0x000E, 0x000E, 0x000E, 0x000E, 0x000E, 0x000E, 0x000E, 0x000E, 0x000E,
  0x000E, 0x000E, 0x000E, 0x000E, 0x000E, 0x000E, 0x000E, 0x000E, 0x000E, 0x000E, 0x000E, 0x000E,
  0x000E, 0x000E, 0x000E, 0x000E, 0x000E, 0x000E, 0x000E, 0x000E, 0x000E, 0x000E, 0x000E, 0x000E,
  0x000E, 0x000E, 0x000E, 0x000E, 0x000E, 0x000E, 0x000E, 0x000E, 0x000E, 0x000E, 0x000E, 0x000E,
  0x000E, 0x000E, 0x000E, 0x000E, 0x000E, 0x000D, 0x000D, 0x296E, 0x000D, 0x000E, 0x000E, 0x000E,
  0x000E, 0x000E, 0x000E, 0x000E, 0x000E, 0x000E, 0x000E, 0x000E, 0x000E, 0x000E, 0x000E, 0x000E,
  0x000E, 0x000E, 0x000E, 0x000E, 0x000E, 0x000E, 0x000E, 0x000E, 0x000E, 0x000E, 0x000E, 0x000E,
  0x000E, 0x000E, 0x000E, 0x000E, 0x000E, 0x000E, 0x000E, 0x000E, 0x000E, 0x000E, 0x000E, 0x000E,
  0x000E, 0x000E, 0x000E, 0x000E, 0x000E, 0x000E, 0x000E, 0x000E, 0x000E, 0x000E, 0x000E, 0x000E,
  0x000E, 0x000E, 0x000E, 0x000E, 0x000E, 0x000E, 0x000E, 0x000E, 0x000E, 0x000E, 0x000E, 0x000E,
  0x000E, 0x000E, 0x000E, 0x000E, 0x000E, 0x000E, 0x000E, 0x000E, 0x000E, 0x000E, 0x000E, 0x000E,
  0x000E, 0x000E, 0x000E, 0x000E, 0x000E, 0x000E, 0x000E, 0x000E, 0x000E, 0x000E, 0x000E, 0x000E,
  0x000E, 0x000E, 0x000E, 0x000E, 0x000E, 0x000E, 0x000E, 0x000E, 0x000D, 0x000E, 0x000E, 0x000E,
  0x000E, 0x000E, 0x000E, 0x000E, 0x000E, 0x000E, 0x000E, 0x000E, 0x000E, 0x000E, 0x000E, 0x000E,
  0x000E, 0x000E, 0x000E, 0x000E, 0x000E, 0x000E, 0x000E, 0x000E, 0x000E, 0x000E, 0x000E, 0x000E,
  0x000E, 0x000E, 0x000E, 0x000E, 0x000E, 0x000E, 0x000E, 0x000E, 0x000E, 0x000E, 0x000E, 0x000E,
  0x000E, 0x000E, 0x000E, 0x000E, 0x000E, 0x000E, 0x000E, 0x000E, 0x000E, 0x000E, 0x000E, 0x000E,
  0x000E, 0x000E, 0x000E, 0x000E, 0x000E, 0x000E, 0x000E, 0x000E, 0x000E, 0x000E, 0x000E, 0x000E,
  0x000E, 0x000E, 0x000E, 0x000E, 0x000E, 0x000E, 0x000E, 0x000E, 0x000E, 0x000E, 0x000E, 0x000E,
  0x000E, 0x000E, 0x000E, 0x000E, 0x000E, 0x000E, 0x000E, 0x0090, 0x05FF, 0x05DF, 0x05DF, 0x05DF,
  0x05DF, 0x05DF, 0x05DF, 0x05DF, 0x05DF, 0x05DF, 0x05DF, 0x05DF, 0x05DF, 0x05DF, 0x05FF, 0x041A,
  0x000E, 0x000E, 0x000E, 0x000E, 0x000E, 0x000E, 0x000E, 0x000E, 0x000E, 0x000E, 0x000E, 0x000E,
  0x000E, 0x000E, 0x000E, 0x000E, 0x000E, 0x000E, 0x000E, 0x000E, 0x000E, 0x000E, 0x000E, 0x000E,
  0x000E, 0x000E, 0x000E, 0x000E, 0x000E, 0x000E, 0x000E, 0x000E, 0x000E, 0x000E, 0x000E, 0x000E,
  0x000E, 0x000E, 0x000E, 0x000E, 0x000E, 0x000E, 0x000E, 0x000E, 0x000E, 0x000E, 0x000E, 0x000E,
  0xAD34, 0xAD54, 0xAD55, 0x94B4, 0x108C, 0x000B, 0x000E, 0x000E, 0x000E, 0x000D, 0x086F, 0x7C14,
  0x298F, 0x000C, 0x000E, 0x000E, 0x000E, 0x000E, 0x000E, 0x000E, 0x000E, 0x000E, 0x000E, 0x000E,
  0x000E, 0x000E, 0x000E, 0x000E, 0x000E, 0x000E, 0x000E, 0x000E, 0x000E, 0x000E, 0x000E, 0x000E,
  0x000E, 0x000E, 0x000E, 0x000E, 0x000E, 0x000E, 0x000E, 0x000E, 0x000E, 0x000E, 0x000E, 0x000E,
  0x000E, 0x000E, 0x000E, 0x000E, 0x000E, 0x000E, 0x000E, 0x000E, 0x000E, 0x000E, 0x000E, 0x000E,
  0x000E, 0x000E, 0x000E, 0x000E, 0x000E, 0x000E, 0x000E, 0x000E, 0x000E, 0x000E, 0x000E, 0x000E,
  0x000E, 0x000E, 0x000D, 0x000C, 0x000E, 0x000E, 0x000E, 0x000E, 0x000E, 0x000E, 0x000E, 0x000E,
  0x000E, 0x000E, 0x000E, 0x000E, 0x000E, 0x000E, 0x000E, 0x000E, 0x000E, 0x000E, 0x000E, 0x000E,
  0x000E, 0x000E, 0x000E, 0x000E, 0x000E, 0x000E, 0x000E, 0x000E, 0x000E, 0x000E, 0x000E, 0x000E,
  0x000E, 0x000E, 0x000E, 0x000E, 0x000E, 0x000E, 0x000E, 0x000E, 0x000E, 0x000E, 0x000E, 0x000E,
  0x000E, 0x000E, 0x000E, 0x000E, 0x000E, 0x000E, 0x000E, 0x000E, 0x000E, 0x000E, 0x000E, 0x000E,
  0x000E, 0x000E, 0x000E, 0x000E, 0x000E, 0x000E, 0x000E, 0x000E, 0x000E, 0x000E, 0x000E, 0x000E,
  0x000E, 0x000E, 0x000E, 0x000E, 0x000E, 0x000E, 0x000E, 0x000E, 0x000E, 0x000E, 0x000E, 0x000E,
  0x000E, 0x000E, 0x000E, 0x000E, 0x000E, 0x000E, 0x000E, 0x000E, 0x000E, 0x000E, 0x000E, 0x000E,
  0x000E, 0x000E, 0x000E, 0x000E, 0x000D, 0x000E, 0x000E, 0x000E, 0x000E, 0x000E, 0x000E, 0x000E,
  0x000E, 0x000E, 0x000E, 0x000E, 0x000E, 0x000E, 0x000E, 0x000E, 0x000E, 0x000E, 0x000E, 0x000E,
  0x000E, 0x000E, 0x000E, 0x000E, 0x000E, 0x000E, 0x000E, 0x000E, 0x000E, 0x000E, 0x000E, 0x000E,
  0x000E, 0x000E, 0x000E, 0x000E, 0x000E, 0x000E, 0x000E, 0x000E, 0x000E, 0x000E, 0x000E, 0x000E,
  0x000E, 0x000E, 0x000E, 0x000E, 0x000E, 0x000E, 0x000E, 0x000E, 0x000E, 0x000E, 0x000E, 0x000E,
  0x000E, 0x000E, 0x000E, 0x000E, 0x000E, 0x000E, 0x000E, 0x000E, 0x000E, 0x000E, 0x000E, 0x000E,
  0x000E, 0x000E, 0x000E, 0x000E, 0x000E, 0x000E, 0x000E, 0x000E, 0x000E, 0x000E, 0x000E, 0x000E,
  0x000E, 0x000E, 0x000E, 0x000E, 0x002F, 0x055D, 0x05FF, 0x05DF, 0x05DF, 0x05DF, 0x05DF, 0x05DF,
  0x05DF, 0x05DF, 0x05DF, 0x05DF, 0x05FF, 0x059E, 0x0398, 0x0090, 0x000E, 0x000E, 0x000E, 0x000E,
  0x000E, 0x000E, 0x000E, 0x000E, 0x000E, 0x000E, 0x000E, 0x000E, 0x000E, 0x000E, 0x000E, 0x000E,
  0x000E, 0x000E, 0x000E, 0x000E, 0x000E, 0x000E, 0x000E, 0x000E, 0x000E, 0x000E, 0x000E, 0x000E,
  0x000E, 0x000E, 0x000E, 0x000E, 0x000E, 0x000E, 0x000E, 0x000E, 0x000E, 0x000E, 0x000E, 0x000E,
  0x000E, 0x000E, 0x000E, 0x000E, 0x000E, 0x000E, 0x000E, 0x000E, 0xAD34, 0xAD34, 0xAD34, 0xAD55,
  0x9D14, 0x318D, 0x000B, 0x000E, 0x000E, 0x000E, 0x000E, 0x000D, 0x000E, 0x000E, 0x000E, 0x000E,
  0x000E, 0x000E, 0x000E, 0x000E, 0x000E, 0x000E, 0x000E, 0x000E, 0x000E, 0x000E, 0x000E, 0x000E,
  0x000E, 0x000E, 0x000E, 0x000E, 0x000E, 0x000E, 0x000E, 0x000E, 0x000E, 0x000E, 0x000E, 0x000E,
  0x000E, 0x000E, 0x000E, 0x000E, 0x000E, 0x000E, 0x000E, 0x000E, 0x000E, 0x000E, 0x000E, 0x000E,
  0x000E, 0x000E, 0x000E, 0x000E, 0x000E, 0x000E, 0x000E, 0x000E, 0x000E, 0x000E, 0x000E, 0x000E,
  0x000E, 0x000E, 0x000E, 0x000E, 0x000E, 0x000E, 0x000E, 0x000E, 0x000E, 0x000E, 0x000E, 0x000E,
  0x000E, 0x000E, 0x000E, 0x000E, 0x000E, 0x000E, 0x000E, 0x000E, 0x000E, 0x000E, 0x000E, 0x000E,
  0x000E, 0x000E, 0x000E, 0x000E, 0x000E, 0x000E, 0x000E, 0x000E, 0x000E, 0x000E, 0x000E, 0x000E,
  0x000E, 0x000E, 0x000E, 0x000E, 0x000E, 0x000E, 0x000E, 0x000E, 0x000E, 0x000E, 0x000E, 0x000E,
  0x000E, 0x000E, 0x000E, 0x000E, 0x000E, 0x000E, 0x000E, 0x000E, 0x000E, 0x000E, 0x000E, 0x000E,
  0x000E, 0x000E, 0x000E, 0x000E, 0x000E, 0x000E, 0x000E, 0x000E, 0x000E, 0x000E, 0x000E, 0x000E,
  0x000E, 0x000E, 0x000E, 0x000E, 0x000E, 0x000E, 0x000E, 0x000E, 0x000E, 0x000E, 0x000E, 0x000E,
  0x000E, 0x000E, 0x000E, 0x000E, 0x000E, 0x000E, 0x000E, 0x000E, 0x000E, 0x000E, 0x000E, 0x000E,
  0x000E, 0x000E, 0x000E, 0x000E, 0x000E, 0x000E, 0x000E, 0x000E, 0x000E, 0x000E, 0x000E, 0x000E,
  0x000E, 0x000E, 0x000E, 0x000E, 0x000E, 0x000E, 0x000E, 0x000E, 0x000E, 0x000E, 0x000E, 0x000E,
  0x000E, 0x000E, 0x000E, 0x000E, 0x000E, 0x000E, 0x000E, 0x000E, 0x000E, 0x000E, 0x000E, 0x000E,
  0x000E, 0x000E, 0x000E, 0x000E, 0x000E, 0x000E, 0x000E, 0x000E, 0x000E, 0x000E, 0x000E, 0x000E,
  0x000E, 0x000E, 0x000E, 0x000E, 0x000E, 0x000E, 0x000E, 0x000E, 0x000E, 0x000E, 0x000E, 0x000E,
  0x000E, 0x000E, 0x000E, 0x000E, 0x000E, 0x000E, 0x000E, 0x000E, 0x000E, 0x000E, 0x000E, 0x000E,
  0x000E, 0x000E, 0x000E, 0x000E, 0x000E, 0x000E, 0x000E, 0x000E, 0x000E, 0x000E, 0x000E, 0x000E,
  0x000E, 0x000E, 0x000E, 0x000E, 0x000E, 0x000E, 0x000E, 0x000E, 0x000E, 0x000E, 0x000E, 0x000E,
  0x000E, 0x0050, 0x03B9, 0x05FF, 0x05FF, 0x05FF, 0x05FF, 0x05DF, 0x05DF, 0x05DF, 0x05DF, 0x05DF,
  0x04FC, 0x01F4, 0x000F, 0x000E, 0x000E, 0x000E, 0x000E, 0x000E, 0x000E, 0x000E, 0x000E, 0x000E,
  0x000E, 0x000E, 0x000E, 0x000E, 0x000E, 0x000E, 0x000E, 0x000E, 0x000E, 0x000E, 0x000E, 0x000E,
  0x000E, 0x000E, 0x000E, 0x000E, 0x000E, 0x000E, 0x000E, 0x000E, 0x000E, 0x000E, 0x000E, 0x000E,
  0x000E, 0x000E, 0x000E, 0x000E, 0x000E, 0x000E, 0x000E, 0x000E, 0x000E, 0x000E, 0x000E, 0x000E,
  0x000E, 0x000E, 0x000E, 0x000E, 0xA514, 0xA514, 0xA514, 0xA514, 0xA514, 0xA514, 0x316D, 0x000B,
  0x000D, 0x000D, 0x000D, 0x000D, 0x000D, 0x000D, 0x000D, 0x000D, 0x000D, 0x000D, 0x000D, 0x000D,
  0x000D, 0x000D, 0x000D, 0x000D, 0x000D, 0x000D, 0x000D, 0x000D, 0x000D, 0x000D, 0x000D, 0x000D,
  0x000D, 0x000D, 0x000D, 0x000D, 0x000D, 0x000D, 0x000D, 0x000D, 0x000D, 0x000D, 0x000D, 0x000D,
  0x000D, 0x000D, 0x000D, 0x000D, 0x000D, 0x000D, 0x000D, 0x000D, 0x000D, 0x000D, 0x000D, 0x000D,
  0x000D, 0x000D, 0x000D, 0x000D, 0x000D, 0x000D, 0x000D, 0x000D, 0x000D, 0x000D, 0x000D, 0x000D,
  0x000D, 0x000D, 0x000D, 0x000D, 0x000D, 0x000D, 0x000D, 0x000D, 0x000D, 0x000D, 0x000D, 0x000D,
  0x000D, 0x000D, 0x000D, 0x000D, 0x000D, 0x000D, 0x000D, 0x000D, 0x000D, 0x000D, 0x000D, 0x000D,
  0x000D, 0x000D, 0x000D, 0x000D, 0x000D, 0x000D, 0x000D, 0x000D, 0x000D, 0x000D, 0x000D, 0x000D,
  0x000D, 0x000D, 0x000D, 0x000D, 0x000D, 0x000D, 0x000D, 0x000D, 0x000D, 0x000D, 0x000D, 0x000D,
  0x000D, 0x000D, 0x000D, 0x000D, 0x000D, 0x000D, 0x000D, 0x000D, 0x000D, 0x000D, 0x000D, 0x000D,
  0x000D, 0x000D, 0x000D, 0x000D, 0x000D, 0x000D, 0x000D, 0x000D, 0x000D, 0x000D, 0x000D, 0x000D,
  0x000D, 0x000D, 0x000D, 0x000D, 0x000D, 0x000D, 0x000D, 0x000D, 0x000D, 0x000D, 0x000D, 0x000D,
  0x000D, 0x000D, 0x000D, 0x000D, 0x000D, 0x000D, 0x000D, 0x000D, 0x000D, 0x000D, 0x000D, 0x000D,
  0x000D, 0x000D, 0x000D, 0x000D, 0x000D, 0x000D, 0x000D, 0x000D, 0x000D, 0x000D, 0x000D, 0x000D,
  0x000D, 0x000D, 0x000D, 0x000D, 0x000D, 0x000D, 0x000D, 0x000D, 0x000D, 0x000D, 0x000D, 0x000D,
  0x000D, 0x000D, 0x000D, 0x000D, 0x000D, 0x000D, 0x000D, 0x000D, 0x000D, 0x000D, 0x000D, 0x000D,
  0x000D, 0x000D, 0x000D, 0x000D, 0x000D, 0x000D, 0x000D, 0x000D, 0x000D, 0x000E, 0x000E, 0x000E,
  0x000D, 0x000D, 0x000D, 0x000D, 0x000D, 0x000D, 0x000D, 0x000D, 0x000D, 0x000D, 0x000D, 0x000D,
  0x000D, 0x000D, 0x000D, 0x000D, 0x000D, 0x000D, 0x000E, 0x000E, 0x000E, 0x000E, 0x000E, 0x000E,
  0x000E, 0x000E, 0x000E, 0x000E, 0x000E, 0x000D, 0x000D, 0x000D, 0x000D, 0x000D, 0x000D, 0x000D,
  0x000D, 0x000D, 0x000D, 0x000D, 0x000D, 0x000D, 0x000D, 0x000D, 0x000D, 0x000D, 0x000D, 0x00F1,
  0x0317, 0x04DC, 0x05DF, 0x05BF, 0x057E, 0x04DC, 0x03F9, 0x02B6, 0x008F, 0x000D, 0x000D, 0x000D,
  0x000D, 0x000D, 0x000D, 0x000D, 0x000D, 0x000D, 0x000D, 0x000D, 0x000D, 0x000D, 0x000D, 0x000D,
  0x000D, 0x000D, 0x000D, 0x000E, 0x000E, 0x000E, 0x000E, 0x000E, 0x000E, 0x000E, 0x000E, 0x000E,
  0x000E, 0x000E, 0x000D, 0x000D, 0x000D, 0x000D, 0x000D, 0x000D, 0x000D, 0x000D, 0x000D, 0x000D,
  0x000D, 0x000D, 0x000D, 0x000D, 0x000D, 0x000D, 0x000D, 0x000D, 0x000E, 0x000E, 0x000E, 0x000E
};
const int Conceito01_width  = 320;
const int Conceito01_height = 240;
