// p3  320 x 240  (RGB565)
const uint16_t p3[] PROGMEM = {
  0xFFFF, 0xFFFF, 0xFFFF, 0xFFFF, 0xFFFF, 0xFFFF, 0xFFFF, 0xFFFF, 0xFFFF, 0xFFFF, 0xFFFF, 0xFFFF,
  0xFFFF, 0xFFFF, 0xFFFF, 0xFFFF, 0xFFFF, 0xFFFF, 0xFFFF, 0xFFFF, 0xFFFF, 0xFFFF, 0xFFFF, 0xFFFF,
  0xFFFF, 0xFFFF, 0xFFFF, 0xFFFF, 0xFFFF, 0xFFFF, 0xFFFF, 0xFFFF, 0xFFFF, 0xFFFF, 0xFFFF, 0xFFFF,
  0xFFFF, 0xFFFF, 0xFFFF, 0xFFFF, 0xFFFF, 0xFFFF, 0xFFFF, 0xFFFF, 0xFFFF, 0xFFFF, 0xFFFF, 0xFFFF,
  0xFFFF, 0xFFFF, 0xFFFF, 0xFFFF, 0xFFFF, 0xFFFF, 0xFFFF, 0xFFFF, 0xFFFF, 0xFFFF, 0xFFFF, 0xFFFF,
  0xFFFF, 0xFFFF, 0xFFFF, 0xFFFF, 0xFFFF, 0xFFFF, 0xFFFF, 0xFFFF, 0xFFFF, 0xFFFF, 0xFFFF, 0xFFFF,
  0xFFFF, 0xFFFF, 0xFFFF, 0xFFFF, 0xFFFF, 0xFFFF, 0xFFFF, 0xFFFF, 0xFFFF, 0xFFFF, 0xFFFF, 0xFFFF,
  0xFFFF, 0xFFFF, 0xFFFF, 0xFFFF, 0xFFFF, 0xFFFF, 0xFFFF, 0xFFFF, 0xFFFF, 0xFFFF, 0xFFFF, 0xFFFF,
  0xFFFF, 0xFFFF, 0xFFFF, 0xFFFF, 0xFFFF, 0xFFFF, 0xFFFF, 0xFFFF, 0xFFFF, 0xFFFF, 0xFFFF, 0xFFFF,
  0xFFFF, 0xFFFF, 0xFFFF, 0xFFFF, 0xFFFF, 0xFFFF, 0x07DF, 0x07BF, 0x07DF, 0xFFFF, 0xFFFF, 0xFFFF,
  0xFFFF, 0xFFFF, 0xFFFF, 0xFFFF, 0xFFFF, 0xFFFF, 0xFFFF, 0xFFFF, 0xFFFF, 0xFFFF, 0xFFFF, 0xFFFF,
  0xFFFF, 0x6FDF, 0x079E, 0x07DF, 0x07DF, 0x079E, 0x07BF, 0x07DF, 0x07DF, 0x07DF, 0x07BF, 0x07DF,
  0x6FDF, 0xFFFF, 0xFFFF, 0xFFFF, 0xFFFF, 0xFFFF, 0xFFFF, 0xFFFF, 0xFFFF, 0xFFFF, 0xFFFF, 0xFFFF,
  0xFFFF, 0xFFFF, 0xFFFF, 0xFFFF, 0xFFBF, 0x661C, 0x073E, 0xB7DF, 0xFFFF, 0xFFFF, 0xFFFF, 0xFFFF,
  0xFFFF, 0xFFFF, 0xFFFF, 0xFFFF, 0xDFFF, 0x06DF, 0x065F, 0x06DF, 0x065F, 0x06DF, 0x06DF, 0x065F,
  0x06DF, 0x065F, 0x06DF, 0x06DF, 0x06DF, 0x06DF, 0x06DF, 0x06DF, 0x06DF, 0x075F, 0x075F, 0x075F,
  0x07DF, 0x07DF, 0x07DF, 0x075F, 0x075F, 0x06BE, 0x06DF, 0x06BE, 0x06DF, 0x06BE, 0x065F, 0x06BE,
  0x065F, 0x06BE, 0x065F, 0x06DF, 0x06DF, 0x075F, 0x075F, 0x07DF, 0x07DF, 0x07DF, 0x07DF, 0x07DF,
  0x07DF, 0x07DF, 0x07DF, 0x07DF, 0x07DF, 0x07DF, 0x07DF, 0x07DF, 0x07DF, 0x07DF, 0x07DF, 0x07DF,
  0x07DF, 0x07DF, 0x07DF, 0x07DF, 0x07DF, 0x07DF, 0x07DF, 0x07DF, 0x07DF, 0x07DF, 0x07DF, 0x07DF,
  0x07DF, 0x07DF, 0x07DF, 0x07DF, 0x07DF, 0x07DF, 0x07DF, 0x07DF, 0x07DF, 0x07DF, 0x07DF, 0x07DF,
  0x07DF, 0x07DF, 0x07DF, 0x07DF, 0x07DF, 0x07DF, 0x07DF, 0x07DF, 0x07DF, 0x07DF, 0x07DF, 0x07DF,
  0x07DF, 0x07DF, 0x07DF, 0x07DF, 0x07DF, 0x07DF, 0x07DF, 0x07DF, 0x07DF, 0x07DF, 0x07DF, 0x07DF,
  0x07DF, 0x07DF, 0x07DF, 0x07FF, 0x07FF, 0x07FF, 0x07FF, 0x07FF, 0x07FF, 0x07FF, 0x07FF, 0x07FF,
  0x07FF, 0x07FF, 0x07FF, 0x07FF, 0x07FF, 0x07FF, 0x07FF, 0x07FF, 0x07FF, 0x07FF, 0x07FF, 0x07FF,
  0x07FF, 0x07FF, 0x07FF, 0x07FF, 0x07FF, 0x07FF, 0x07FF, 0x07FF, 0x07FF, 0x07FF, 0x07FF, 0x07FF,
  0x07FF, 0x07FF, 0x07FF, 0x07FF, 0x07FF, 0x07FF, 0x07FF, 0x07FF, 0xFFFF, 0xFFFF, 0xFFFF, 0xFFFF,
  0xFFFF, 0xFFFF, 0xFFFF, 0xFFFF, 0xFFFF, 0xFFFF, 0xFFFF, 0xFFFF, 0xFFFF, 0xFFFF, 0xFFFF, 0xFFFF,
  0xFFFF, 0xFFFF, 0xFFFF, 0xFFFF, 0xFFFF, 0xFFFF, 0xFFFF, 0xFFFF, 0xFFFF, 0xFFFF, 0xFFFF, 0xFFFF,
  0xFFFF, 0xFFFF, 0xFFFF, 0xFFFF, 0xFFFF, 0xFFFF, 0xFFFF, 0xFFFF, 0xFFFF, 0xFFFF, 0xFFFF, 0xFFFF,
  0xFFFF, 0xFFFF, 0xFFFF, 0xFFFF, 0xFFFF, 0xFFFF, 0xFFFF, 0xFFFF, 0xFFFF, 0xFFFF, 0xFFFF, 0xFFFF,
  0xFFFF, 0xFFFF, 0xFFFF, 0xFFFF, 0xFFFF, 0xFFFF, 0xFFFF, 0xFFFF, 0xFFFF, 0xFFFF, 0xFFFF, 0xFFFF,
  0xFFFF, 0xFFFF, 0xFFFF, 0xFFFF, 0xFFFF, 0xFFFF, 0xFFFF, 0xFFFF, 0xFFFF, 0xFFFF, 0xFFFF, 0xFFFF,
  0xFFFF, 0xFFFF, 0xFFFF, 0xFFFF, 0xFFFF, 0xFFFF, 0xFFFF, 0xFFFF, 0xFFFF, 0xFFFF, 0xFFFF, 0xFFFF,
  0xFFFF, 0xFFFF, 0xFFFF, 0xFFFF, 0xFFFF, 0xFFFF, 0xFFFF, 0xFFFF, 0xFFFF, 0xFFFF, 0xFFFF, 0xFFFF,
  0xFFFF, 0xFFFF, 0xFFFF, 0xFFFF, 0xFFFF, 0xFFFF, 0xFFFF, 0xFFFF, 0xFFFF, 0xFFFF, 0xFFFF, 0xFFFF,
  0xFFFF, 0xFFFF, 0x07DF, 0x077F, 0x07DF, 0xFFFF, 0xFFFF, 0xFFFF, 0xFFFF, 0xFFFF, 0xFFFF, 0xFFFF,
  0xFFFF, 0xFFFF, 0xFFFF, 0xFFFF, 0xFFFF, 0xFFFF, 0xFFFF, 0xFFFF, 0xB7DF, 0x075F, 0x07BF, 0x07BF,
  0x077F, 0x077F, 0x07BF, 0x07BF, 0x07BF, 0x07BF, 0x07BF, 0x07DF, 0xB7DF, 0xFFFF, 0xFFFF, 0xFFFF,
  0xFFFF, 0xFFFF, 0xFFFF, 0xFFFF, 0xFFFF, 0xFFFF, 0xFFFF, 0xFFFF, 0xFFFF, 0xFFFF, 0xFFFF, 0xFFFF,
  0xA596, 0x05FB, 0x6FDF, 0xFFFF, 0xFFFF, 0xFFFF, 0xFFFF, 0xFFFF, 0xFFFF, 0xFFFF, 0xFFFF, 0xFFFF,
  0x671E, 0x065E, 0x06BE, 0x065F, 0x06BF, 0x065F, 0x06BF, 0x06BF, 0x065F, 0x06BF, 0x065F, 0x06BF,
  0x065F, 0x065F, 0x065F, 0x065F, 0x06BE, 0x065F, 0x06BF, 0x06BF, 0x06BF, 0x07BF, 0x07DF, 0x07BF,
  0x07BF, 0x07DF, 0x075F, 0x075F, 0x06FF, 0x075F, 0x075F, 0x075F, 0x075F, 0x06FF, 0x06FF, 0x06BE,
  0x065E, 0x065E, 0x065E, 0x06BF, 0x06FF, 0x075F, 0x07DF, 0x07BF, 0x07BF, 0x07BF, 0x07BF, 0x07BF,
  0x07BF, 0x07BF, 0x07BF, 0x07BF, 0x07BF, 0x07BF, 0x07BF, 0x07BF, 0x07BF, 0x07BF, 0x07BF, 0x07BF,
  0x07BF, 0x07BF, 0x07BF, 0x07BF, 0x07BF, 0x07BF, 0x07BF, 0x07BF, 0x07BF, 0x07BF, 0x07BF, 0x07BF,
  0x07BF, 0x07BF, 0x07BF, 0x07BF, 0x07BF, 0x07BF, 0x07BF, 0x07BF, 0x07BF, 0x07BF, 0x07BF, 0x07BF,
  0x07BF, 0x07BF, 0x07BF, 0x07BF, 0x07BF, 0x07BF, 0x07BF, 0x07BF, 0x07BF, 0x07BF, 0x07BF, 0x07BF,
  0x07BF, 0x07BF, 0x07BF, 0x07BF, 0x07BF, 0x07BF, 0x07BF, 0x07DF, 0x07DF, 0x07FF, 0x07FF, 0x07FF,
  0x07FF, 0x07FF, 0x07FF, 0x07FF, 0x07FF, 0x07FF, 0x07FF, 0x07FF, 0x07FF, 0x07FF, 0x07FF, 0x07FF,
  0x07FF, 0x07FF, 0x07FF, 0x07FF, 0x07FF, 0x07FF, 0x07FF, 0x07FF, 0x07FF, 0x07FF, 0x07FF, 0x07FF,
  0x07FF, 0x07FF, 0x07FF, 0x07FF, 0x07FF, 0x07FF, 0x07FF, 0x07FF, 0x07FF, 0x07FF, 0x07FF, 0x07FF,
  0x07FF, 0x07FF, 0x07FF, 0x07FF, 0xFFFF, 0xFFFF, 0xFFFF, 0xFFFF, 0xFFFF, 0xFFFF, 0xFFFF, 0xFFFF,
  0xFFFF, 0xFFFF, 0xFFFF, 0xFFFF, 0xFFFF, 0xFFFF, 0xFFFF, 0xFFFF, 0xFFFF, 0xFFFF, 0xFFFF, 0xFFFF,
  0xFFFF, 0xFFFF, 0xFFFF, 0xFFFF, 0xFFFF, 0xFFFF, 0xFFFF, 0xFFFF, 0xFFFF, 0xFFFF, 0xFFFF, 0xFFFF,
  0xFFFF, 0xFFFF, 0xFFFF, 0xFFFF, 0xFFFF, 0xFFFF, 0xFFFF, 0xFFFF, 0xFFFF, 0xFFFF, 0xFFFF, 0xFFFF,
  0xFFFF, 0xFFFF, 0xFFFF, 0xFFFF, 0xFFFF, 0xFFFF, 0xFFFF, 0xFFFF, 0xFFFF, 0xFFFF, 0xFFFF, 0xFFFF,
  0xFFFF, 0xFFFF, 0xFFFF, 0xFFFF, 0xFFFF, 0xFFFF, 0xFFFF, 0xFFFF, 0xFFFF, 0xFFFF, 0xFFFF, 0xFFFF,
  0xFFFF, 0xFFFF, 0xFFFF, 0xFFFF, 0xFFFF, 0xFFFF, 0xFFFF, 0xFFFF, 0xFFFF, 0xFFFF, 0xFFFF, 0xFFFF,
  0xFFFF, 0xFFFF, 0xFFFF, 0xFFFF, 0xFFFF, 0xFFFF, 0xFFFF, 0xFFFF, 0xFFFF, 0xFFFF, 0xFFFF, 0xFFFF,
  0xFFFF, 0xFFFF, 0xFFFF, 0xFFFF, 0xFFFF, 0xFFFF, 0xFFFF, 0xFFFF, 0xFFFF, 0xFFFF, 0xFFFF, 0xFFFF,
  0xF7BE, 0xDEDB, 0xFFFF, 0xFFFF, 0xFFFF, 0xFFFF, 0xFFFF, 0xFFFF, 0xFFFF, 0xFFFF, 0x079F, 0x07BF,
  0x6FDF, 0xFFFF, 0xFFFF, 0xFFFF, 0xFFFF, 0xFFFF, 0xFFFF, 0xFFFF, 0xFFFF, 0xFFFF, 0xFFFF, 0xFFFF,
  0xFFFF, 0xFFFF, 0xFFFF, 0xF7FF, 0x07BF, 0x07BF, 0x07BF, 0x07BF, 0x07BF, 0x07DF, 0x07FF, 0x07DF,
  0x07BF, 0x07BF, 0x077F, 0x07FF, 0xDFFF, 0xFFFF, 0xFFFF, 0xFFFF, 0xFFFF, 0xFFFF, 0xFFFF, 0xFFFF,
  0xFFFF, 0xFFFF, 0xFFFF, 0xFFFF, 0xFFFF, 0xFFFF, 0xFFFF, 0x9E3B, 0x05FB, 0x6FDF, 0xF7FF, 0xFFFF,
  0xFFFF, 0xFFFF, 0xFFFF, 0xFFFF, 0xFFFF, 0xFFFF, 0xFFFF, 0xB7DF, 0x05DD, 0x065E, 0x065F, 0x06BF,
  0x06BF, 0x06BF, 0x065F, 0x065F, 0x06BF, 0x06BF, 0x06BF, 0x065F, 0x06BF, 0x065F, 0x06BF, 0x065F,
  0x065F, 0x065F, 0x065F, 0x065E, 0x065F, 0x065E, 0x077F, 0x07BF, 0x07BF, 0x07BF, 0x07BF, 0x07BF,
  0x07BF, 0x07BF, 0x07BF, 0x07BF, 0x07BF, 0x07DF, 0x07BF, 0x077F, 0x07BF, 0x075F, 0x06FF, 0x06BE,
  0x06BE, 0x06BF, 0x075F, 0x07BF, 0x07BF, 0x07BF, 0x07BF, 0x07BF, 0x07BF, 0x07BF, 0x07DF, 0x07BF,
  0x07BF, 0x07DF, 0x07BF, 0x07BF, 0x07DF, 0x07BF, 0x07BF, 0x07BF, 0x07BF, 0x07BF, 0x07BF, 0x07BF,
  0x07BF, 0x07BF, 0x07BF, 0x07BF, 0x07BF, 0x07BF, 0x07BF, 0x07BF, 0x07BF, 0x07BF, 0x07BF, 0x07BF,
  0x07BF, 0x07BF, 0x07BF, 0x07BF, 0x07BF, 0x07BF, 0x07BF, 0x07BF, 0x07BF, 0x07BF, 0x07BF, 0x07BF,
  0x07BF, 0x07BF, 0x07BF, 0x07BF, 0x07BF, 0x07BF, 0x07BF, 0x07BF, 0x079E, 0x07BF, 0x07BF, 0x07DF,
  0x07DF, 0x07DF, 0x07FF, 0x07FF, 0x07FF, 0x07FF, 0x07FF, 0x07FF, 0x07FF, 0x07FF, 0x07FF, 0x07FF,
  0x07FF, 0x07FF, 0x07FF, 0x07FF, 0x07FF, 0x07FF, 0x07FF, 0x07FF, 0x07FF, 0x07FF, 0x07FF, 0x07FF,
  0x07FF, 0x07FF, 0x07FF, 0x07FF, 0x07FF, 0x07FF, 0x07FF, 0x07FF, 0x07FF, 0x07FF, 0x07FF, 0x07FF,
  0x07FF, 0x07FF, 0x07FF, 0x07FF, 0x07FF, 0x07FF, 0x07FF, 0x07FF, 0x07FF, 0x07FF, 0x07FF, 0x07FF,
  0xFFFF, 0xFFFF, 0xFFFF, 0xFFFF, 0xFFFF, 0xFFFF, 0xFFFF, 0xFFFF, 0xFFFF, 0xFFFF, 0xFFFF, 0xFFFF,
  0xFFFF, 0xFFFF, 0xFFFF, 0xFFFF, 0xFFFF, 0xFFFF, 0xFFFF, 0xFFFF, 0xFFFF, 0xFFFF, 0xFFFF, 0xFFFF,
  0xFFFF, 0xFFFF, 0xFFFF, 0xFFFF, 0xFFFF, 0xFFFF, 0xFFFF, 0xFFFF, 0xFFFF, 0xFFFF, 0xFFFF, 0xFFFF,
  0xFFFF, 0xFFFF, 0xFFFF, 0xFFFF, 0xFFFF, 0xFFFF, 0xFFFF, 0xFFFF, 0xFFFF, 0xFFFF, 0xFFFF, 0xFFFF,
  0xFFFF, 0xFFFF, 0xFFFF, 0xFFFF, 0xFFFF, 0xFFFF, 0xFFFF, 0xFFFF, 0xFFFF, 0xFFFF, 0xFFFF, 0xFFFF,
  0xFFFF, 0xFFFF, 0xFFFF, 0xFFFF, 0xFFFF, 0xFFFF, 0xFFFF, 0xFFFF, 0xFFFF, 0xFFFF, 0xFFFF, 0xFFFF,
  0xFFFF, 0xFFFF, 0xFFFF, 0xFFFF, 0xFFFF, 0xFFFF, 0xFFFF, 0xFFFF, 0xFFFF, 0xFFFF, 0xFFFF, 0xFFFF,
  0xFFFF, 0xFFFF, 0xFFFF, 0xFFFF, 0xFFFF, 0xFFFF, 0xFFFF, 0xFFFF, 0xFFFF, 0xFFFF, 0xFFFF, 0xFFFF,
  0xFFFF, 0xFFFF, 0xFFFF, 0xFFFF, 0xFFFF, 0xFFFF, 0xFFFF, 0xFFFF, 0xBDF8, 0x20C4, 0xFFFF, 0xFFFF,
  0xFFFF, 0xFFFF, 0xFFFF, 0xFFFF, 0xFFFF, 0xFFFF, 0x077F, 0x077F, 0x6FDF, 0xFFFF, 0xFFFF, 0xFFFF,
  0xFFFF, 0xFFFF, 0xFFFF, 0xFFFF, 0xFFFF, 0xFFFF, 0xFFFF, 0xFFFF, 0xFFFF, 0xFFFF, 0xFFFF, 0x079F,
  0x077F, 0x07BF, 0x077F, 0x077F, 0x07BF, 0x07DF, 0xB7DF, 0x07BF, 0x077F, 0x07BF, 0x077F, 0x07FF,
  0xDFFF, 0xFFFF, 0xFFFF, 0xFFFF, 0xFFFF, 0xFFFF, 0xFFFF, 0xFFFF, 0xFFFF, 0xFFFF, 0xFFFF, 0xFFFF,
  0xFFFF, 0xFFFF, 0xDEDB, 0x661C, 0x07DF, 0xDFFF, 0xFFFF, 0xFFFF, 0xFFFF, 0xFFFF, 0xFFFF, 0xFFFF,
  0xFFFF, 0xFFFF, 0xF7FF, 0x06BE, 0x065E, 0x06BF, 0x065F, 0x065F, 0x065F, 0x065F, 0x065F, 0x06BF,
  0x065F, 0x065F, 0x065F, 0x065F, 0x065F, 0x065F, 0x065F, 0x065F, 0x06BF, 0x065F, 0x065F, 0x065F,
  0x065F, 0x065F, 0x065E, 0x075F, 0x07BF, 0x075F, 0x07BF, 0x07BF, 0x07BF, 0x07BF, 0x07DF, 0x07DF,
  0x07BF, 0x07BF, 0x07BF, 0x07BF, 0x07BF, 0x07BF, 0x07BF, 0x07BF, 0x07BF, 0x075F, 0x075F, 0x07BF,
  0x07BF, 0x07BF, 0x07BF, 0x07BF, 0x07BF, 0x07BF, 0x07BF, 0x07BF, 0x07BF, 0x07BF, 0x07BF, 0x07BF,
  0x07BF, 0x07BF, 0x07BF, 0x07BF, 0x07BF, 0x07BF, 0x07BF, 0x07BF, 0x07BF, 0x07BF, 0x07BF, 0x07BF,
  0x07BF, 0x07BF, 0x07BF, 0x07BF, 0x07BF, 0x07BF, 0x07BF, 0x07BF, 0x07BF, 0x07BF, 0x07BF, 0x07BF,
  0x07BF, 0x07BF, 0x07BF, 0x07BF, 0x07BF, 0x07BF, 0x07BF, 0x07BF, 0x07DF, 0x07DF, 0x07DF, 0x07DF,
  0x07DF, 0x07DF, 0x07DF, 0x07DF, 0x07DF, 0x07DF, 0x07DF, 0x07FF, 0x07FF, 0x07FF, 0x07FF, 0x07FF,
  0x07FF, 0x07FF, 0x07FF, 0x07FF, 0x07FF, 0x07FF, 0x07FF, 0x07FF, 0x07FF, 0x07FF, 0x07FF, 0x07FF,
  0x07FF, 0x07FF, 0x07FF, 0x07FF, 0x07FF, 0x07FF, 0x07FF, 0x07FF, 0x07FF, 0x07FF, 0x07FF, 0x07FF,
  0x07FF, 0x07FF, 0x07FF, 0x07FF, 0x07FF, 0x07FF, 0x07FF, 0x07FF, 0x07FF, 0x07FF, 0x07FF, 0x07FF,
  0x07FF, 0x07FF, 0x07FF, 0x07FF, 0x07FF, 0x07FF, 0x07FF, 0x07FF, 0xFFFF, 0xFFFF, 0xFFFF, 0xFFFF,
  0xFFFF, 0xFFFF, 0xFFFF, 0xFFFF, 0xFFFF, 0xFFFF, 0xFFFF, 0xFFFF, 0xFFFF, 0xFFFF, 0xFFFF, 0xFFFF,
  0xFFFF, 0xFFFF, 0xFFFF, 0xFFFF, 0xFFFF, 0xFFFF, 0xFFFF, 0xFFFF, 0xFFFF, 0xFFFF, 0xFFFF, 0xFFFF,
  0xFFFF, 0xFFFF, 0xFFFF, 0xFFFF, 0xFFFF, 0xFFFF, 0xFFFF, 0xFFFF, 0xFFFF, 0xFFFF, 0xFFFF, 0xFFFF,
  0xFFFF, 0xFFFF, 0xFFFF, 0xFFFF, 0xFFFF, 0xFFFF, 0xFFFF, 0xFFFF, 0xFFFF, 0xFFFF, 0xFFFF, 0xFFFF,
  0xFFFF, 0xFFFF, 0xFFFF, 0xFFFF, 0xFFFF, 0xFFFF, 0xFFFF, 0xFFFF, 0xFFFF, 0xFFFF, 0xFFFF, 0xFFFF,
  0xFFFF, 0xFFFF, 0xFFFF, 0xFFFF, 0xFFFF, 0xFFFF, 0xFFFF, 0xFFFF, 0xFFFF, 0xFFFF, 0xFFFF, 0xFFFF,
  0xFFFF, 0xFFFF, 0xFFFF, 0x7C10, 0xBDF8, 0xFFFF, 0xFFFF, 0xFFFF, 0xFFFF, 0xFFFF, 0xFFFF, 0xFFFF,
  0xFFFF, 0xFFFF, 0xFFFF, 0xFFFF, 0xFFFF, 0xFFFF, 0xFFFF, 0xFFFF, 0xFFFF, 0xFFFF, 0xFFFF, 0xFFFF,
  0xFFFF, 0xFFFF, 0xFFFF, 0xFFFF, 0xDEDB, 0x0000, 0x528A, 0xFFFF, 0xFFFF, 0xFFFF, 0xFFFF, 0xFFFF,
  0xFFFF, 0xFFFF, 0x077F, 0x07BF, 0xB7DF, 0xFFFF, 0xFFFF, 0xFFFF, 0xFFFF, 0xFFFF, 0xFFFF, 0xFFFF,
  0xFFFF, 0xFFFF, 0xFFFF, 0xFFFF, 0xFFFF, 0xFFFF, 0x073E, 0x077F, 0x077F, 0x077F, 0x077F, 0x077F,
  0x07FF, 0xFFFF, 0xFFFF, 0x079F, 0x077F, 0x07BF, 0x077F, 0x07DF, 0xB7DF, 0xFFFF, 0xFFFF, 0xFFFF,
  0xFFFF, 0xFFFF, 0xFFFF, 0xFFFF, 0xFFFF, 0xFFFF, 0xFFFF, 0xFFFF, 0xFFFF, 0xEF5D, 0x661C, 0x671E,
  0xB7DF, 0xFFFF, 0xFFFF, 0xFFFF, 0xFFFF, 0xFFFF, 0xFFFF, 0xFFFF, 0xFFFF, 0xFFFF, 0x671E, 0x065E,
  0x065E, 0x065F, 0x065F, 0x065F, 0x06BF, 0x065F, 0x06BF, 0x065F, 0x065F, 0x06BF, 0x065F, 0x065F,
  0x065F, 0x06BE, 0x065F, 0x06BF, 0x065F, 0x065F, 0x06BF, 0x065F, 0x06BF, 0x065F, 0x065F, 0x075F,
  0x07DF, 0x07BF, 0x07BF, 0x07BF, 0x075F, 0x065F, 0x06BF, 0x075F, 0x075F, 0x07BF, 0x07BF, 0x07BF,
  0x07BF, 0x07BF, 0x07BF, 0x07BF, 0x07BF, 0x07BF, 0x07BF, 0x075F, 0x07BF, 0x07BF, 0x07BF, 0x07BF,
  0x07BF, 0x07BF, 0x07BF, 0x07BF, 0x07BF, 0x07BF, 0x07BF, 0x07BF, 0x07BF, 0x07BF, 0x07BF, 0x07BF,
  0x07BF, 0x07BF, 0x07BF, 0x07BF, 0x07BF, 0x07BF, 0x07BF, 0x07BF, 0x07BF, 0x07BF, 0x07BF, 0x07BF,
  0x07BF, 0x07BF, 0x07BF, 0x07BF, 0x07BF, 0x07BF, 0x07BF, 0x07BF, 0x07BF, 0x07BF, 0x07BF, 0x07BF,
  0x07BF, 0x07BF, 0x07DF, 0x07DF, 0x07FF, 0x07FF, 0x07FF, 0x07FF, 0x07FF, 0x07FF, 0x07FF, 0x07FF,
  0x07FF, 0x07FF, 0x07FF, 0x07FF, 0x07FF, 0x07FF, 0x07FF, 0x07FF, 0x07FF, 0x07FF, 0x07FF, 0x07FF,
  0x07FF, 0x07FF, 0x07FF, 0x07FF, 0x07FF, 0x07FF, 0x07FF, 0x07FF, 0x07FF, 0x07FF, 0x07FF, 0x07FF,
  0x07FF, 0x07FF, 0x07FF, 0x07FF, 0x07FF, 0x07FF, 0x07FF, 0x07FF, 0x07FF, 0x07FF, 0x07FF, 0x07FF,
  0x07FF, 0x07FF, 0x07FF, 0x07FF, 0x07FF, 0x07FF, 0x07FF, 0x07FF, 0x07FF, 0x07FF, 0x07FF, 0x07FF,
  0x07FF, 0x07FF, 0x07FF, 0x07FF, 0xFFFF, 0xFFFF, 0xFFFF, 0xFFFF, 0xFFFF, 0xFFFF, 0xFFFF, 0xFFFF,
  0xFFFF, 0xFFFF, 0xFFFF, 0xFFFF, 0xFFFF, 0xFFFF, 0xFFFF, 0xFFFF, 0xFFFF, 0xFFFF, 0xFFFF, 0xFFFF,
  0xFFFF, 0xFFFF, 0xFFFF, 0xFFFF, 0xFFFF, 0xFFFF, 0xFFFF, 0xFFFF, 0xFFFF, 0xFFFF, 0xFFFF, 0xFFFF,
  0xFFFF, 0xFFFF, 0xFFFF, 0xFFFF, 0xFFFF, 0xFFFF, 0xFFFF, 0xFFFF, 0xFFFF, 0xFFFF, 0xFFFF, 0xFFFF,
  0xFFFF, 0xFFFF, 0xFFFF, 0xFFFF, 0xFFFF, 0xFFFF, 0xFFFF, 0xFFFF, 0xFFFF, 0xFFFF, 0xFFFF, 0xFFFF,
  0xFFFF, 0xFFFF, 0xFFFF, 0xFFFF, 0xFFFF, 0xFFFF, 0xFFFF, 0xFFFF, 0xFFFF, 0xFFFF, 0xFFFF, 0xFFFF,
  0xFFFF, 0xFFFF, 0xFFFF, 0xFFFF, 0xFFFF, 0xFFFF, 0xFFFF, 0xFFFF, 0xFFFF, 0xFFFF, 0xFFFF, 0x20C4,
  0x632C, 0xFFFF, 0xFFFF, 0xFFFF, 0xFFFF, 0xFFFF, 0xFFFF, 0xFFFF, 0xFFFF, 0xFFFF, 0xFFFF, 0xFFFF,
  0xFFFF, 0xFFFF, 0xFFFF, 0xFFFF, 0xFFFF, 0xFFFF, 0xFFFF, 0xFFFF, 0xFFFF, 0xFFFF, 0xFFFF, 0xFFFF,
  0xFFFF, 0x632C, 0x0000, 0xBDF8, 0xFFFF, 0xFFFF, 0xFFFF, 0xFFFF, 0xFFFF, 0xFFFF, 0x075F, 0x077F,
  0xB7DF, 0xFFFF, 0xFFFF, 0xFFFF, 0xFFFF, 0xFFFF, 0xFFFF, 0xFFFF, 0xFFFF, 0xFFFF, 0xFFFF, 0xFFFF,
  0xFFFF, 0x07DF, 0x077F, 0x077F, 0x07BF, 0x077F, 0x07BF, 0x07FF, 0xB7DF, 0xFFFF, 0xFFFF, 0x07DF,
  0x077F, 0x077F, 0x077F, 0x07DF, 0xB7DF, 0xFFFF, 0xFFFF, 0xFFFF, 0xFFFF, 0xFFFF, 0xFFFF, 0xFFFF,
  0xFFFF, 0xFFFF, 0xFFFF, 0xFFFF, 0xFFFF, 0x9E3B, 0x671E, 0xE7BE, 0xDFFF, 0xFFFF, 0xFFFF, 0xFFFF,
  0xFFFF, 0xFFFF, 0xFFFF, 0xFFFF, 0xFFFF, 0xB7DF, 0x06DF, 0x05DD, 0x065E, 0x065F, 0x065F, 0x065E,
  0x065F, 0x065E, 0x065F, 0x065F, 0x06BF, 0x065F, 0x065F, 0x065E, 0x065F, 0x065F, 0x065F, 0x065F,
  0x065F, 0x065F, 0x065F, 0x065F, 0x065F, 0x065F, 0x065F, 0x065F, 0x075F, 0x07DF, 0x07BF, 0x07BF,
  0x075F, 0x065E, 0x065E, 0x065E, 0x06BE, 0x06BF, 0x06FF, 0x075F, 0x075F, 0x075F, 0x07DF, 0x075F,
  0x07DF, 0x07BF, 0x07BF, 0x07BF, 0x075F, 0x07BF, 0x07BF, 0x07BF, 0x077F, 0x07BF, 0x077F, 0x07BF,
  0x07BF, 0x077F, 0x07BF, 0x07BF, 0x077F, 0x07BF, 0x07BF, 0x07BF, 0x07BF, 0x07BF, 0x07BF, 0x07BF,
  0x07BF, 0x07BF, 0x07BF, 0x07BF, 0x07BF, 0x07BF, 0x07BF, 0x07BF, 0x07BF, 0x07BF, 0x07BF, 0x07BF,
  0x07BF, 0x07BF, 0x07BF, 0x07BF, 0x07BF, 0x075F, 0x07BF, 0x075F, 0x077F, 0x07DF, 0x07FF, 0x07FF,
  0x07FF, 0x07FF, 0x07FF, 0x07FF, 0x07FF, 0x07FF, 0x07FF, 0x07FF, 0x07FF, 0x07FF, 0x07FF, 0x07FF,
  0x07FF, 0x07FF, 0x07FF, 0x07FF, 0x07FF, 0x07FF, 0x07FF, 0x07FF, 0x07FF, 0x07FF, 0x07FF, 0x07FF,
  0x07FF, 0x07FF, 0x07FF, 0x07FF, 0x07FF, 0x07FF, 0x07FF, 0x07FF, 0x07FF, 0x07FF, 0x07FF, 0x07FF,
  0x07FF, 0x07FF, 0x07FF, 0x07FF, 0x07FF, 0x07FF, 0x07FF, 0x07FF, 0x07FF, 0x07FF, 0x07FF, 0x07FF,
  0x07FF, 0x07FF, 0x07FF, 0x07FF, 0x07FF, 0x07FF, 0x07FF, 0x07FF, 0x07FF, 0x07FF, 0x07FF, 0x07FF,
  0xFFFF, 0xFFFF, 0xFFFF, 0xFFFF, 0xFFFF, 0xFFFF, 0xFFFF, 0xFFFF, 0xFFFF, 0xFFFF, 0xFFFF, 0xFFFF,
  0xFFFF, 0xFFFF, 0xFFFF, 0xFFFF, 0xFFFF, 0xFFFF, 0xFFFF, 0xFFFF, 0xFFFF, 0xFFFF, 0xFFFF, 0xFFFF,
  0xFFFF, 0xFFFF, 0xFFFF, 0xFFFF, 0xFFFF, 0xFFFF, 0xFFFF, 0xFFFF, 0xFFFF, 0xFFFF, 0xFFFF, 0xFFFF,
  0xFFFF, 0xFFFF, 0xFFFF, 0xFFFF, 0xFFFF, 0xFFFF, 0xFFFF, 0xFFFF, 0xFFFF, 0xFFFF, 0xFFFF, 0xFFFF,
  0xFFFF, 0xFFFF, 0xFFFF, 0xFFFF, 0xFFFF, 0xFFFF, 0xFFFF, 0xFFFF, 0xFFFF, 0xFFFF, 0xFFFF, 0xFFFF,
  0xFFFF, 0xFFFF, 0xFFFF, 0xFFFF, 0xFFFF, 0xFFFF, 0xFFFF, 0xFFFF, 0xFFFF, 0xFFFF, 0xFFFF, 0xFFFF,
  0xFFFF, 0xFFFF, 0xFFFF, 0xFFFF, 0xFFFF, 0xFFFF, 0xFFFF, 0x632C, 0x20C4, 0xFFFF, 0xFFFF, 0xFFFF,
  0xFFFF, 0xFFFF, 0xFFFF, 0xFFFF, 0xFFFF, 0xFFFF, 0xFFFF, 0xFFFF, 0xFFFF, 0xFFFF, 0xFFFF, 0xFFFF,
  0xFFFF, 0xFFFF, 0xFFFF, 0xFFFF, 0xFFFF, 0xFFFF, 0xFFFF, 0xFFFF, 0xFFFF, 0xBDF8, 0x0000, 0x1021,
  0xFFFF, 0xFFFF, 0xFFFF, 0xFFFF, 0xFFFF, 0xFFFF, 0x077F, 0x077F, 0xB7DF, 0xFFFF, 0xFFFF, 0xFFFF,
  0xFFFF, 0xFFFF, 0xFFFF, 0xFFFF, 0xFFFF, 0xFFFF, 0xFFFF, 0xFFFF, 0x671E, 0x06FE, 0x077F, 0x079E,
  0x077F, 0x077F, 0x07FE, 0xDFFF, 0xFFFF, 0xFFFF, 0xFFFF, 0x671E, 0x079E, 0x07BF, 0x077F, 0x077F,
  0x6FDF, 0xFFFF, 0xFFFF, 0xFFFF, 0xFFFF, 0xFFFF, 0xFFFF, 0xFFFF, 0xFFFF, 0xFFFF, 0xFFFF, 0xFFFF,
  0xA75D, 0x671E, 0xB7DF, 0xDFFF, 0xFFFF, 0xFFFF, 0xFFFF, 0xFFFF, 0xFFFF, 0xFFFF, 0xFFFF, 0xFFFF,
  0xFFFF, 0x073E, 0x06FE, 0x06FF, 0x06FF, 0x06BF, 0x06FE, 0x06FF, 0x06FF, 0x06BF, 0x065F, 0x065E,
  0x065F, 0x065E, 0x065E, 0x06BF, 0x065F, 0x065E, 0x065E, 0x065F, 0x065F, 0x065F, 0x065F, 0x065F,
  0x065F, 0x065F, 0x065F, 0x065F, 0x065F, 0x06BF, 0x075F, 0x075F, 0x07BF, 0x075F, 0x065E, 0x065E,
  0x065F, 0x065F, 0x065F, 0x065E, 0x065F, 0x06BF, 0x06BF, 0x06FF, 0x075F, 0x06FF, 0x06BF, 0x06BE,
  0x06BE, 0x06BF, 0x06FF, 0x075F, 0x07BF, 0x075F, 0x07BF, 0x075F, 0x07BF, 0x07BF, 0x075F, 0x075F,
  0x07BF, 0x075F, 0x07BF, 0x075F, 0x075F, 0x07BF, 0x075F, 0x075F, 0x07BF, 0x075F, 0x075F, 0x07BF,
  0x075F, 0x075F, 0x07BF, 0x075F, 0x077F, 0x075F, 0x07BF, 0x075F, 0x075F, 0x075F, 0x07BF, 0x075F,
  0x075F, 0x07BF, 0x077F, 0x07BF, 0x07DF, 0x07DF, 0x07FF, 0x07FF, 0x07FF, 0x07FF, 0x07FF, 0x07FF,
  0x07FF, 0x07FF, 0x07FF, 0x07FF, 0x07FF, 0x07FF, 0x07FF, 0x07FF, 0x07FF, 0x07FF, 0x07FF, 0x07FF,
  0x07FF, 0x07FF, 0x07FF, 0x07FF, 0x07FF, 0x07FF, 0x07FF, 0x07FF, 0x07FF, 0x07FF, 0x07FF, 0x07FF,
  0x07FF, 0x07FF, 0x07FF, 0x07FF, 0x07FF, 0x07FF, 0x07FF, 0x07FF, 0x07FF, 0x07FF, 0x07FF, 0x07FF,
  0x07FF, 0x07FF, 0x07FF, 0x07FF, 0x07FF, 0x07FF, 0x07FF, 0x07FF, 0x07FF, 0x07FF, 0x07FF, 0x07FF,
  0x07FF, 0x07FF, 0x07FF, 0x07FF, 0x07FF, 0x07FF, 0x07FF, 0x07FF, 0xFFFF, 0xFFFF, 0xFFFF, 0xFFFF,
  0xFFFF, 0xFFFF, 0xFFFF, 0xFFFF, 0xFFFF, 0xFFFF, 0xFFFF, 0xFFFF, 0xFFFF, 0xFFFF, 0xFFFF, 0xFFFF,
  0xFFFF, 0xFFFF, 0xFFFF, 0xFFFF, 0xFFFF, 0xFFFF, 0xFFFF, 0xFFFF, 0xFFFF, 0xFFFF, 0xFFFF, 0xFFFF,
  0xFFFF, 0xFFFF, 0xFFFF, 0xFFFF, 0xFFFF, 0xFFFF, 0xFFFF, 0xFFFF, 0xFFFF, 0xFFFF, 0xFFFF, 0xFFFF,
  0xFFFF, 0xFFFF, 0xFFFF, 0xFFFF, 0xFFFF, 0xFFFF, 0xFFFF, 0xFFFF, 0xFFFF, 0xFFFF, 0xFFFF, 0xFFFF,
  0xFFFF, 0xFFFF, 0xFFFF, 0xFFFF, 0xFFFF, 0xFFFF, 0xFFFF, 0xFFFF, 0xFFFF, 0xFFFF, 0xFFFF, 0xFFFF,
  0xFFFF, 0xFFFF, 0xFFFF, 0xFFFF, 0xFFFF, 0xFFFF, 0xFFFF, 0xFFFF, 0xFFFF, 0xFFFF, 0xFFFF, 0xFFFF,
  0xFFFF, 0xFFFF, 0xFFFF, 0xA596, 0x0000, 0xEF5D, 0xFFFF, 0xFFFF, 0xFFFF, 0xFFFF, 0xFFFF, 0xFFFF,
  0xFFFF, 0xFFFF, 0xFFFF, 0xFFFF, 0xFFFF, 0xFFFF, 0xFFFF, 0xFFFF, 0xFFFF, 0xFFFF, 0xFFFF, 0xFFFF,
  0xFFFF, 0xFFFF, 0xFFFF, 0xFFFF, 0xFFFF, 0xFFBF, 0x1082, 0x0000, 0x7C10, 0xFFFF, 0xFFFF, 0xFFFF,
  0xFFFF, 0xFFFF, 0x075F, 0x077F, 0xB7DF, 0xFFFF, 0xFFFF, 0xFFFF, 0xFFFF, 0xFFFF, 0xFFFF, 0xFFFF,
  0xFFFF, 0xFFFF, 0xFFFF, 0xA75D, 0x079E, 0x07BF, 0x07BF, 0x077F, 0x077F, 0x07FF, 0x6FDF, 0xFFFF,
  0xFFFF, 0xFFFF, 0xFFFF, 0x6FDF, 0x077F, 0x077F, 0x077F, 0x077F, 0x07DF, 0xFFFF, 0xFFFF, 0xFFFF,
  0xFFFF, 0xFFFF, 0xFFFF, 0xFFFF, 0xFFFF, 0xFFFF, 0xFFFF, 0xEF5D, 0x671E, 0xB7DF, 0xB7DF, 0xF7FF,
  0xFFFF, 0xFFFF, 0xFFFF, 0xFFFF, 0xFFFF, 0xFFFF, 0xFFFF, 0xFFFF, 0x6FDF, 0x079E, 0x077F, 0x07BF,
  0x075F, 0x07BF, 0x075F, 0x075F, 0x07DF, 0x075F, 0x075F, 0x06BF, 0x06BE, 0x065E, 0x06FF, 0x075F,
  0x06FF, 0x06BF, 0x065F, 0x065F, 0x065E, 0x065F, 0x065F, 0x065F, 0x065F, 0x065F, 0x065F, 0x065F,
  0x065F, 0x05DF, 0x065E, 0x06BF, 0x075F, 0x06FF, 0x065F, 0x065E, 0x065F, 0x065F, 0x065E, 0x065F,
  0x065F, 0x065F, 0x065F, 0x065F, 0x05DF, 0x065E, 0x065F, 0x065F, 0x065F, 0x065F, 0x05DF, 0x065F,
  0x075F, 0x07BF, 0x075F, 0x07BF, 0x075F, 0x075F, 0x07BF, 0x07BF, 0x07BF, 0x079E, 0x075F, 0x07BF,
  0x07BF, 0x075F, 0x07BF, 0x07BF, 0x075F, 0x07BF, 0x07BF, 0x07BF, 0x075F, 0x07BF, 0x07BF, 0x075F,
  0x07BF, 0x07BF, 0x075F, 0x075F, 0x07BF, 0x07BF, 0x075F, 0x075F, 0x07BF, 0x075F, 0x07BF, 0x07DF,
  0x07DF, 0x07FF, 0x07FF, 0x07FF, 0x07FF, 0x07FF, 0x07FF, 0x07FF, 0x07FF, 0x07FF, 0x07FF, 0x07FF,
  0x07FF, 0x07FF, 0x07FF, 0x07FF, 0x07FF, 0x07FF, 0x07FF, 0x07FF, 0x07FF, 0x07FF, 0x07FF, 0x07FF,
  0x07FF, 0x07FF, 0x07FF, 0x07FF, 0x07FF, 0x07FF, 0x07FF, 0x07FF, 0x07FF, 0x07DF, 0x07DF, 0x07DF,
  0x07DF, 0x07FF, 0x07FF, 0x07FF, 0x07FF, 0x07FF, 0x07FF, 0x07FF, 0x07FF, 0x07FF, 0x07FF, 0x07FF,
  0x07FF, 0x07FF, 0x07FF, 0x07FF, 0x07FF, 0x07FF, 0x07FF, 0x07FF, 0x07FF, 0x07FF, 0x07FF, 0x07FF,
  0x07FF, 0x07FF, 0x07FF, 0x07FF, 0xFFFF, 0xFFFF, 0xFFFF, 0xFFFF, 0xFFFF, 0xFFFF, 0xFFFF, 0xFFFF,
  0xFFFF, 0xFFFF, 0xFFFF, 0xFFFF, 0xFFFF, 0xFFFF, 0xFFFF, 0xFFFF, 0xFFFF, 0xFFFF, 0xFFFF, 0xFFFF,
  0xFFFF, 0xFFFF, 0xFFFF, 0xFFFF, 0xFFFF, 0xFFFF, 0xFFFF, 0xFFFF, 0xFFFF, 0xFFFF, 0xFFFF, 0xFFFF,
  0xFFFF, 0xFFFF, 0xFFFF, 0xFFFF, 0xFFFF, 0xFFFF, 0xFFFF, 0xFFFF, 0xFFFF, 0xFFFF, 0xFFFF, 0xFFFF,
  0xFFFF, 0xFFFF, 0xFFFF, 0xFFFF, 0xFFFF, 0xFFFF, 0xFFFF, 0xFFFF, 0xFFFF, 0xFFFF, 0xFFFF, 0xFFFF,
  0xFFFF, 0xFFFF, 0xFFFF, 0xFFFF, 0xFFFF, 0xFFFF, 0xFFFF, 0xFFFF, 0xFFFF, 0xFFFF, 0xFFFF, 0xFFFF,
  0xFFFF, 0xFFFF, 0xFFFF, 0xFFFF, 0xFFFF, 0xFFFF, 0xFFFF, 0xFFFF, 0xFFFF, 0xFFFF, 0xFFFF, 0xFF7D,
  0x0000, 0xA596, 0xFFFF, 0xFFFF, 0xFFFF, 0xFFFF, 0xFFFF, 0xFFFF, 0xFFFF, 0xFFFF, 0xFFFF, 0xFFFF,
  0xFFFF, 0xFFFF, 0xFFFF, 0xFFFF, 0xFFFF, 0xFFFF, 0xFFFF, 0xFFFF, 0xFFFF, 0xFFFF, 0xFFFF, 0xFFFF,
  0xFFFF, 0xFFFF, 0x7C10, 0x0000, 0x0000, 0xBDF8, 0xFFFF, 0xFFFF, 0xFFFF, 0xFFFF, 0x075F, 0x07BF,
  0xB7DF, 0xFFFF, 0xFFFF, 0xFFFF, 0xFFFF, 0xFFFF, 0xFFFF, 0xFFFF, 0xFFFF, 0xFFFF, 0x6FDF, 0x06FE,
  0x077F, 0x077F, 0x077F, 0x077F, 0x07DF, 0x6FDF, 0xFFFF, 0xFFFF, 0xFFFF, 0xFFFF, 0xFFFF, 0xB7DF,
  0x075F, 0x077F, 0x077F, 0x077F, 0x079F, 0xFFFF, 0xFFFF, 0xFFFF, 0xFFFF, 0xFFFF, 0xFFFF, 0xFFFF,
  0xFFFF, 0xFFFF, 0xF7FF, 0xA75D, 0x6FDF, 0xB7DF, 0xF7FF, 0xFFFF, 0xFFFF, 0xFFFF, 0xFFFF, 0xFFFF,
  0xFFFF, 0xFFFF, 0xFFFF, 0xDFFF, 0x071F, 0x06FE, 0x075F, 0x075F, 0x075F, 0x075F, 0x07BF, 0x07BF,
  0x075F, 0x07BF, 0x075F, 0x07BF, 0x075F, 0x075F, 0x07DF, 0x075F, 0x07BF, 0x07BF, 0x06FF, 0x06BF,
  0x065E, 0x065E, 0x065F, 0x065F, 0x065F, 0x065F, 0x065F, 0x065F, 0x065F, 0x065F, 0x065E, 0x05DF,
  0x065F, 0x065F, 0x065F, 0x065F, 0x065F, 0x05DF, 0x065F, 0x065F, 0x065F, 0x065F, 0x065F, 0x065F,
  0x065F, 0x065F, 0x065F, 0x05DF, 0x065F, 0x065F, 0x065F, 0x065F, 0x075F, 0x075F, 0x07BF, 0x075F,
  0x079E, 0x075F, 0x075F, 0x075F, 0x075F, 0x07BF, 0x075F, 0x07BF, 0x075F, 0x07BF, 0x075F, 0x075F,
  0x07BF, 0x075F, 0x075F, 0x075F, 0x075F, 0x075F, 0x075F, 0x075F, 0x079E, 0x075F, 0x075F, 0x07BF,
  0x075F, 0x075F, 0x07BF, 0x077F, 0x079E, 0x07DF, 0x07DF, 0x07FF, 0x07FF, 0x07FF, 0x07FF, 0x07FF,
  0x07FF, 0x07FF, 0x07FF, 0x07FF, 0x07FF, 0x07FF, 0x07FF, 0x07FF, 0x07FF, 0x07FF, 0x07FF, 0x07FF,
  0x07FF, 0x07FF, 0x07FF, 0x07FF, 0x07FF, 0x07FF, 0x07FF, 0x07FF, 0x07FF, 0x07FF, 0x07DF, 0x07DF,
  0x07DF, 0x07DF, 0x07DF, 0x07DF, 0x07DF, 0x07BF, 0x079E, 0x077F, 0x07BF, 0x07DF, 0x07FF, 0x07FF,
  0x07FF, 0x07FF, 0x07FF, 0x07FF, 0x07FF, 0x07FF, 0x07FF, 0x07FF, 0x07FF, 0x07FF, 0x07FF, 0x07FF,
  0x07FF, 0x07FF, 0x07FF, 0x07FF, 0x07FF, 0x07FF, 0x07FF, 0x07FF, 0x07FF, 0x07FF, 0x07FF, 0x07FF,
  0xFFFF, 0xFFFF, 0xFFFF, 0xFFFF, 0xFFFF, 0xFFFF, 0xFFFF, 0xFFFF, 0xFFFF, 0xFFFF, 0xFFFF, 0xFFFF,
  0xFFFF, 0xFFFF, 0xFFFF, 0xFFFF, 0xFFFF, 0xFFFF, 0xFFFF, 0xFFFF, 0xFFFF, 0xFFFF, 0xFFFF, 0xFFFF,
  0xFFFF, 0xFFFF, 0xFFFF, 0xFFFF, 0xFFFF, 0xFFFF, 0xFFFF, 0xFFFF, 0xFFFF, 0xFFFF, 0xFFFF, 0xFFFF,
  0xFFFF, 0xFFFF, 0xFFFF, 0xFFFF, 0xFFFF, 0xFFFF, 0xFFFF, 0xFFFF, 0xFFFF, 0xFFFF, 0xFFFF, 0xFFFF,
  0xFFFF, 0xFFFF, 0xFFFF, 0xFFFF, 0xFFFF, 0xFFFF, 0xFFFF, 0xFFFF, 0xFFFF, 0xFFFF, 0xFFFF, 0xFFFF,
  0xFFFF, 0xFFFF, 0xFFFF, 0xFFFF, 0xFFFF, 0xFFFF, 0xFFFF, 0xFFFF, 0xFFFF, 0xFFFF, 0xFFFF, 0xFFFF,
  0xFFFF, 0xFFFF, 0xFFFF, 0xFFFF, 0xFFFF, 0xFFFF, 0xFFFF, 0xFFFF, 0x1104, 0x7C10, 0xFFFF, 0xFFFF,
  0xFFFF, 0xFFFF, 0xFFFF, 0xFFFF, 0xFFFF, 0xFFFF, 0xFFFF, 0xFFFF, 0xFFFF, 0xFFFF, 0xFFFF, 0xFFFF,
  0xFFFF, 0xFFFF, 0xFFFF, 0xFFFF, 0xFFFF, 0xFFFF, 0xFFFF, 0xFFFF, 0xFFFF, 0xFFFF, 0xEF5D, 0x0000,
  0x0000, 0x1082, 0xFFFF, 0xFFFF, 0xFFFF, 0xFFFF, 0x075F, 0x077F, 0xB7DF, 0xFFFF, 0xFFFF, 0xFFFF,
  0xFFFF, 0xFFFF, 0xFFFF, 0xFFFF, 0xFFFF, 0xDFFF, 0x075F, 0x06FE, 0x077F, 0x077F, 0x077F, 0x079E,
  0x6FDF, 0xF7FF, 0xFFFF, 0xFFFF, 0xFFFF, 0xFFFF, 0xFFFF, 0xDFFF, 0x075F, 0x077F, 0x077F, 0x077F,
  0x07BF, 0xFFFF, 0xFFFF, 0xFFFF, 0xFFFF, 0xFFFF, 0xFFFF, 0xFFFF, 0xFFFF, 0xFFFF, 0xA75D, 0x6FDF,
  0xB7DF, 0xF7FF, 0xFFFF, 0xFFFF, 0xFFFF, 0xFFFF, 0xFFFF, 0xFFFF, 0xFFFF, 0xFFFF, 0xFFFF, 0x07DF,
  0x05DD, 0x06BF, 0x065F, 0x06BF, 0x06BF, 0x06BF, 0x075F, 0x075F, 0x07DF, 0x075F, 0x07BF, 0x075F,
  0x07BF, 0x075F, 0x07BF, 0x077F, 0x075F, 0x07BF, 0x07BF, 0x075F, 0x075F, 0x06FF, 0x065F, 0x065F,
  0x065E, 0x05DF, 0x065F, 0x05DF, 0x065F, 0x065F, 0x065F, 0x065F, 0x065F, 0x05DF, 0x065F, 0x065F,
  0x065F, 0x065F, 0x065F, 0x065F, 0x05DF, 0x065F, 0x065F, 0x05DF, 0x065F, 0x065F, 0x065F, 0x065F,
  0x065F, 0x05DF, 0x065F, 0x075F, 0x079E, 0x075F, 0x079E, 0x075F, 0x075F, 0x07BF, 0x075F, 0x079E,
  0x075F, 0x06BE, 0x06FF, 0x075F, 0x07BF, 0x075F, 0x07BF, 0x075F, 0x075F, 0x07BF, 0x075F, 0x079E,
  0x07BF, 0x075F, 0x07BF, 0x075F, 0x075F, 0x07BF, 0x075F, 0x075F, 0x07BF, 0x075F, 0x075F, 0x077F,
  0x07DF, 0x07FF, 0x07FF, 0x07FF, 0x07FF, 0x07FF, 0x07FF, 0x07FF, 0x07FF, 0x07FF, 0x07FF, 0x07FF,
  0x07FF, 0x07FF, 0x07FF, 0x07FF, 0x07FF, 0x07FF, 0x07FF, 0x07FF, 0x07FF, 0x07FF, 0x07FF, 0x07FF,
  0x07FF, 0x07FF, 0x07FF, 0x07DF, 0x07BF, 0x07BF, 0x079E, 0x07BF, 0x079E, 0x07DF, 0x07DF, 0x07DF,
  0x07DF, 0x07FF, 0x07FF, 0x07DF, 0x079E, 0x079E, 0x07DF, 0x07DF, 0x07DF, 0x07DF, 0x07DF, 0x07FF,
  0x07FF, 0x07FF, 0x07FF, 0x07FF, 0x07FF, 0x07FF, 0x07FF, 0x07FF, 0x07FF, 0x07FF, 0x07FF, 0x07FF,
  0x07FF, 0x07FF, 0x07FF, 0x07FF, 0x07FF, 0x07FF, 0x07FF, 0x07FF, 0xFFFF, 0xFFFF, 0xFFFF, 0xFFFF,
  0xFFFF, 0xFFFF, 0xFFFF, 0xFFFF, 0xFFFF, 0xFFFF, 0xFFFF, 0xFFFF, 0xFFFF, 0xFFFF, 0xFFFF, 0xFFFF,
  0xFFFF, 0xFFFF, 0xFFFF, 0xFFFF, 0xFFFF, 0xFFFF, 0xFFFF, 0xFFFF, 0xFFFF, 0xFFFF, 0xFFFF, 0xFFFF,
  0xFFFF, 0xFFFF, 0xFFFF, 0xFFFF, 0xFFFF, 0xFFFF, 0xFFFF, 0xFFFF, 0xFFFF, 0xFFFF, 0xFFFF, 0xFFFF,
  0xFFFF, 0xFFFF, 0xFFFF, 0xFFFF, 0xFFFF, 0xFFFF, 0xFFFF, 0xFFFF, 0xFFFF, 0xFFFF, 0xFFFF, 0xFFFF,
  0xFFFF, 0xFFFF, 0xFFFF, 0xFFFF, 0xFFFF, 0xFFFF, 0xFFFF, 0xFFFF, 0xFFFF, 0xFFFF, 0xFFFF, 0xFFFF,
  0xFFFF, 0xFFFF, 0xFFFF, 0xFFFF, 0xFFFF, 0xFFFF, 0xFFFF, 0xFFFF, 0xFFFF, 0xFFFF, 0xFFFF, 0xFFFF,
  0xFFFF, 0xFFFF, 0xFFFF, 0xFFFF, 0x528A, 0x2966, 0xFFFF, 0xFFFF, 0xFFFF, 0xFFFF, 0xFFFF, 0xFFFF,
  0xFFFF, 0xFFFF, 0xFFFF, 0xFFFF, 0xFFFF, 0xFFFF, 0xFFFF, 0xFFFF, 0xFFFF, 0xFFFF, 0xFFFF, 0xFFFF,
  0xFFFF, 0xFFFF, 0xFFFF, 0xFFFF, 0xFFFF, 0xFFFF, 0xFFFF, 0x528A, 0x0000, 0x0000, 0x94D3, 0xFFFF,
  0xFFFF, 0xFFBE, 0x075F, 0x07BF, 0xB7DF, 0xFFFF, 0xFFFF, 0xFFFF, 0xFFFF, 0xFFFF, 0xFFFF, 0xFFFF,
  0xDFFF, 0x06DF, 0x06FE, 0x07BF, 0x077F, 0x077F, 0x07DF, 0x07DF, 0xDFFF, 0xFFFF, 0xFFFF, 0xFFFF,
  0xFFFF, 0xFFFF, 0xFFFF, 0xB7DF, 0x075F, 0x077F, 0x075F, 0x077F, 0x075F, 0xDFFF, 0xFFFF, 0xFFFF,
  0xFFFF, 0xFFFF, 0xFFFF, 0xFFFF, 0xFFFF, 0xB7DF, 0x671E, 0xB7DF, 0xF7FF, 0xFFFF, 0xFFFF, 0xFFFF,
  0xFFFF, 0xFFFF, 0xFFFF, 0xFFFF, 0xFFFF, 0xFFFF, 0xB7DF, 0x06DF, 0x077F, 0x06BF, 0x065F, 0x05DF,
  0x065F, 0x05DF, 0x065F, 0x06BF, 0x06BF, 0x075F, 0x075F, 0x075F, 0x075F, 0x07BF, 0x075F, 0x07BF,
  0x075F, 0x075F, 0x075F, 0x077F, 0x075F, 0x075F, 0x075F, 0x075F, 0x06FF, 0x06BF, 0x06BF, 0x065E,
  0x065F, 0x05DF, 0x065F, 0x065F, 0x065F, 0x065F, 0x05DF, 0x065F, 0x05DF, 0x065F, 0x06DF, 0x075F,
  0x06FF, 0x06BF, 0x06BF, 0x065E, 0x065E, 0x05DF, 0x065F, 0x05DF, 0x065F, 0x065F, 0x065F, 0x075F,
  0x075F, 0x07BF, 0x075F, 0x079E, 0x075F, 0x075F, 0x06FF, 0x065E, 0x065E, 0x065E, 0x065E, 0x065F,
  0x06DF, 0x075F, 0x075F, 0x07BF, 0x075F, 0x075F, 0x075F, 0x075F, 0x075F, 0x079E, 0x075F, 0x075F,
  0x075F, 0x075F, 0x07BF, 0x075F, 0x075F, 0x075F, 0x077F, 0x07DF, 0x07DF, 0x07FF, 0x07FF, 0x07FF,
  0x07FF, 0x07FF, 0x07FF, 0x07FF, 0x07FF, 0x07FF, 0x07FF, 0x07FF, 0x07FF, 0x07FF, 0x07FF, 0x07FF,
  0x07FF, 0x07FF, 0x07FF, 0x07FF, 0x07FF, 0x07FF, 0x07FF, 0x07FF, 0x07FF, 0x07FF, 0x07FF, 0x07DF,
  0x075F, 0x07DF, 0x07DF, 0x07FF, 0x07FF, 0x07FF, 0x07FF, 0x07FF, 0x07FF, 0x07FF, 0x07FF, 0x07FF,
  0x07DF, 0x079E, 0x077F, 0x079E, 0x077F, 0x077F, 0x07BF, 0x07BF, 0x07BF, 0x07BF, 0x077F, 0x07DF,
  0x07DF, 0x07FF, 0x07FF, 0x07FF, 0x07FF, 0x07FF, 0x07FF, 0x07FF, 0x07FF, 0x07FF, 0x07FF, 0x07FF,
  0x07FF, 0x07FF, 0x07FF, 0x07FF, 0xFFFF, 0xFFFF, 0xFFFF, 0xFFFF, 0xFFFF, 0xFFFF, 0xFFFF, 0xFFFF,
  0xFFFF, 0xFFFF, 0xFFFF, 0xFFFF, 0xFFFF, 0xFFFF, 0xFFFF, 0xFFFF, 0xFFFF, 0xFFFF, 0xFFFF, 0xFFFF,
  0xFFFF, 0xFFFF, 0xFFFF, 0xFFFF, 0xFFFF, 0xFFFF, 0xFFFF, 0xFFFF, 0xFFFF, 0xFFFF, 0xFFFF, 0xFFFF,
  0xFFFF, 0xFFFF, 0xFFFF, 0xFFFF, 0xFFFF, 0xFFFF, 0xFFFF, 0xFFFF, 0xFFFF, 0xFFFF, 0xFFFF, 0xFFFF,
  0xFFFF, 0xFFFF, 0xFFFF, 0xFFFF, 0xFFFF, 0xFFFF, 0xFFFF, 0xFFFF, 0xFFFF, 0xFFFF, 0xFFFF, 0xFFFF,
  0xFFFF, 0xFFFF, 0xFFFF, 0xFFFF, 0xFFFF, 0xFFFF, 0xFFFF, 0xFFFF, 0xFFFF, 0xFFFF, 0xFFFF, 0xFFFF,
  0xFFFF, 0xFFFF, 0xFFFF, 0xFFFF, 0xFFFF, 0xFFFF, 0xFFFF, 0xFFFF, 0xFFFF, 0xFFFF, 0xFFFF, 0xFFFF,
  0x94D3, 0x1082, 0xFFFF, 0xFFFF, 0xFFFF, 0xFFFF, 0xFFFF, 0xFFFF, 0xFFFF, 0xFFFF, 0xFFFF, 0xFFFF,
  0xFFFF, 0xFFFF, 0xFFFF, 0xFFFF, 0xFFFF, 0xFFFF, 0xFFFF, 0xFFFF, 0xFFFF, 0xFFFF, 0xFFFF, 0xFFFF,
  0xFFFF, 0xFFFF, 0xFFFF, 0xA596, 0x0000, 0x0000, 0x1021, 0xFFFF, 0xFFFF, 0xDFFF, 0x075F, 0x077F,
  0xDFFF, 0xFFFF, 0xFFFF, 0xFFFF, 0xFFFF, 0xFFFF, 0xFFFF, 0xFFFF, 0x075F, 0x06FE, 0x077F, 0x077F,
  0x077F, 0x077F, 0x07FF, 0xB7DF, 0xFFFF, 0xFFFF, 0xFFFF, 0xFFFF, 0xFFFF, 0xFFFF, 0xFFFF, 0x073E,
  0x06FE, 0x077F, 0x075F, 0x077F, 0x075F, 0x6FDF, 0xFFFF, 0xFFFF, 0xFFFF, 0xFFFF, 0xFFFF, 0xFFFF,
  0xDFFF, 0x671E, 0xB7DF, 0xDFFF, 0xF7FF, 0xFFFF, 0xFFFF, 0xFFFF, 0xFFFF, 0xFFFF, 0xFFFF, 0xFFFF,
  0xFFFF, 0xDFFF, 0x075F, 0x077F, 0x075F, 0x06FE, 0x065E, 0x05DF, 0x065F, 0x065F, 0x065E, 0x065F,
  0x05DF, 0x065F, 0x065F, 0x06BF, 0x06BF, 0x06DF, 0x075F, 0x075F, 0x075F, 0x07BF, 0x075F, 0x075F,
  0x07BF, 0x075F, 0x07BF, 0x075F, 0x075F, 0x075F, 0x075F, 0x06FF, 0x05DF, 0x065F, 0x065F, 0x05DF,
  0x065F, 0x05DF, 0x065F, 0x065F, 0x065F, 0x065F, 0x06FF, 0x075F, 0x075F, 0x075F, 0x075F, 0x075F,
  0x06FF, 0x06BE, 0x06BD, 0x065F, 0x065F, 0x05DF, 0x05DF, 0x065F, 0x06DF, 0x075F, 0x075F, 0x075F,
  0x075F, 0x075F, 0x06BE, 0x065E, 0x05DF, 0x05DF, 0x05DF, 0x065F, 0x05DF, 0x06BF, 0x06FF, 0x075F,
  0x075F, 0x07BF, 0x075F, 0x075F, 0x075F, 0x075F, 0x075F, 0x075F, 0x075F, 0x075F, 0x075F, 0x075F,
  0x075F, 0x075F, 0x075F, 0x07DF, 0x07FF, 0x07FF, 0x07FF, 0x07FF, 0x07FF, 0x07FF, 0x07FF, 0x07FF,
  0x07FF, 0x07FF, 0x07FF, 0x07FF, 0x07FF, 0x07FF, 0x07FF, 0x07FF, 0x07FF, 0x07FF, 0x07FF, 0x07FF,
  0x07FF, 0x07FF, 0x07FF, 0x07FF, 0x07FF, 0x07FF, 0x07FF, 0x07FF, 0x07FF, 0x07FF, 0x07FF, 0x07FF,
  0x07FF, 0x07FF, 0x07FF, 0x07FF, 0x07FF, 0x07FF, 0x07FF, 0x07FF, 0x07FF, 0x07FF, 0x07DF, 0x079E,
  0x079E, 0x077F, 0x077F, 0x06FE, 0x077F, 0x075F, 0x075F, 0x075F, 0x075F, 0x07DF, 0x07DF, 0x07FF,
  0x07FF, 0x07FF, 0x07FF, 0x07FF, 0x07FF, 0x07FF, 0x07FF, 0x07FF, 0x07FF, 0x07FF, 0x07FF, 0x07FF,
  0xFFFF, 0xFFFF, 0xFFFF, 0xFFFF, 0xFFFF, 0xFFFF, 0xFFFF, 0xFFFF, 0xFFFF, 0xFFFF, 0xFFFF, 0xFFFF,
  0xFFFF, 0xFFFF, 0xFFFF, 0xFFFF, 0xFFFF, 0xFFFF, 0xFFFF, 0xFFFF, 0xFFFF, 0xFFFF, 0xFFFF, 0xFFFF,
  0xFFFF, 0xFFFF, 0xFFFF, 0xFFFF, 0xFFFF, 0xFFFF, 0xFFFF, 0xFFFF, 0xFFFF, 0xFFFF, 0xFFFF, 0xFFFF,
  0xFFFF, 0xFFFF, 0xFFFF, 0xFFFF, 0xFFFF, 0xFFFF, 0xFFFF, 0xFFFF, 0xFFFF, 0xFFFF, 0xFFFF, 0xFFFF,
  0xFFFF, 0xFFFF, 0xFFFF, 0xFFFF, 0xFFFF, 0xFFFF, 0xFFFF, 0xFFFF, 0xFFFF, 0xFFFF, 0xFFFF, 0xFFFF,
  0xFFFF, 0xFFFF, 0xFFFF, 0xFFFF, 0xFFFF, 0xFFFF, 0xFFFF, 0xFFFF, 0xFFFF, 0xFFFF, 0xFFFF, 0xFFFF,
  0xFFFF, 0xFFFF, 0xFFFF, 0xFFFF, 0xFFFF, 0xFFFF, 0xFFFF, 0xFFFF, 0xFFBE, 0x1082, 0xA596, 0xFFFF,
  0xFFFF, 0xFFFF, 0xFFFF, 0xFFFF, 0xFFFF, 0xFFFF, 0xFFFF, 0xFFFF, 0xFFFF, 0xFFFF, 0xFFFF, 0xFFFF,
  0xFFFF, 0xFFFF, 0xFFFF, 0xFFFF, 0xFFFF, 0xFFFF, 0xFFFF, 0xFFFF, 0xFFFF, 0xFFFF, 0xFFFF, 0xDEDB,
  0x0000, 0x0000, 0x0000, 0xA596, 0xFFFF, 0xF7FF, 0x075F, 0x079E, 0xB7DF, 0xFFFF, 0xFFFF, 0xFFFF,
  0xFFFF, 0xFFFF, 0xFFFF, 0x073E, 0x06FE, 0x077F, 0x077F, 0x077F, 0x07BF, 0x07FF, 0xB7DF, 0xF7FF,
  0xFFFF, 0xFFFF, 0xFFFF, 0xFFFF, 0xFFFF, 0xFFFF, 0xFFFF, 0x079F, 0x06FE, 0x077F, 0x075F, 0x06FF,
  0x077F, 0x6FDF, 0xFFFF, 0xFFFF, 0xFFFF, 0xFFFF, 0xFFFF, 0xDFFF, 0x671E, 0xB7DF, 0xDFFF, 0xF7FF,
  0xFFFF, 0xFFFF, 0xFFFF, 0xFFFF, 0xFFFF, 0xFFFF, 0xFFFF, 0xFFFF, 0xFFFF, 0x07DF, 0x06FE, 0x077F,
  0x075F, 0x075F, 0x06DF, 0x065F, 0x05DF, 0x065F, 0x065F, 0x06DF, 0x06BF, 0x065F, 0x065E, 0x065E,
  0x065E, 0x065F, 0x065F, 0x065F, 0x06BF, 0x06BF, 0x075F, 0x075F, 0x075F, 0x075F, 0x075F, 0x075F,
  0x07BF, 0x075F, 0x07BF, 0x075F, 0x065F, 0x065F, 0x05DF, 0x065F, 0x065F, 0x05DF, 0x065F, 0x05DF,
  0x065F, 0x05DF, 0x065F, 0x075F, 0x075F, 0x07BF, 0x075F, 0x075F, 0x07BF, 0x075F, 0x075F, 0x075F,
  0x06FF, 0x065F, 0x065F, 0x065F, 0x05DF, 0x065F, 0x075F, 0x075F, 0x075F, 0x075F, 0x075F, 0x075F,
  0x075F, 0x06BE, 0x065E, 0x065F, 0x05DF, 0x065F, 0x065F, 0x065F, 0x06BF, 0x06FF, 0x075F, 0x07DF,
  0x075F, 0x075F, 0x075F, 0x075F, 0x075F, 0x075F, 0x079E, 0x075F, 0x075F, 0x075F, 0x077F, 0x07DF,
  0x07FF, 0x07FF, 0x07FF, 0x07FF, 0x07FF, 0x07FF, 0x07FF, 0x07FF, 0x07FF, 0x07FF, 0x07FF, 0x07FF,
  0x07FF, 0x07FF, 0x07FF, 0x07FF, 0x07FF, 0x07FF, 0x07FF, 0x07FF, 0x07FF, 0x07FF, 0x07FF, 0x07FF,
  0x07FF, 0x07FF, 0x07FF, 0x07FF, 0x07FF, 0x07FF, 0x07FF, 0x07FF, 0x07FF, 0x07FF, 0x07FF, 0x07FF,
  0x07FF, 0x07FF, 0x07FF, 0x07FF, 0x07FF, 0x07FF, 0x07FF, 0x07FF, 0x07FF, 0x07DF, 0x07DF, 0x079E,
  0x075F, 0x06FF, 0x077F, 0x075F, 0x06FE, 0x077F, 0x075F, 0x07DF, 0x07FF, 0x07DF, 0x07FF, 0x07DF,
  0x07DF, 0x07DF, 0x07DF, 0x07FF, 0x07DF, 0x07FF, 0x07DF, 0x07FF, 0xFFFF, 0xFFFF, 0xFFFF, 0xFFFF,
  0xFFFF, 0xFFFF, 0xFFFF, 0xFFFF, 0xFFFF, 0xFFFF, 0xFFFF, 0xFFFF, 0xFFFF, 0xFFFF, 0xFFFF, 0xFFFF,
  0xFFFF, 0xFFFF, 0xFFFF, 0xFFFF, 0xFFFF, 0xFFFF, 0xFFFF, 0xFFFF, 0xFFFF, 0xFFFF, 0xFFFF, 0xFFFF,
  0xFFFF, 0xFFFF, 0xFFFF, 0xFFFF, 0xFFFF, 0xFFFF, 0xFFFF, 0xFFFF, 0xFFFF, 0xFFFF, 0xFFFF, 0xFFFF,
  0xFFFF, 0xFFFF, 0xFFFF, 0xFFFF, 0xFFFF, 0xFFFF, 0xFFFF, 0xFFFF, 0xFFFF, 0xFFFF, 0xFFFF, 0xFFFF,
  0xFFFF, 0xFFFF, 0xFFFF, 0xFFFF, 0xFFFF, 0xFFFF, 0xFFFF, 0xFFFF, 0xFFFF, 0xFFFF, 0xFFFF, 0xFFFF,
  0xFFFF, 0xFFFF, 0xFFFF, 0xFFFF, 0xFFFF, 0xFFFF, 0xFFFF, 0xFFFF, 0xFFFF, 0xFFFF, 0xFFFF, 0xFFFF,
  0xFFFF, 0xFFFF, 0xFFFF, 0xFFFF, 0xFFFF, 0x2966, 0x528A, 0xFFFF, 0xFFFF, 0xFFFF, 0xFFFF, 0xFFFF,
  0xFFFF, 0xFFFF, 0xFFFF, 0xFFFF, 0xFFFF, 0xFFFF, 0xFFFF, 0xFFFF, 0xFFFF, 0xFFFF, 0xFFFF, 0xFFFF,
  0xFFFF, 0xFFFF, 0xFFFF, 0xFFFF, 0xFFFF, 0xFFFF, 0xFFFF, 0xFFFF, 0x20C4, 0x0000, 0x0000, 0x528A,
  0xFFFF, 0xDFFF, 0x06FE, 0x075F, 0xDFFF, 0xFFFF, 0xFFFF, 0xFFFF, 0xFFFF, 0xFFFF, 0x07DF, 0x06BD,
  0x077F, 0x077F, 0x077F, 0x077F, 0x07FF, 0x6FDF, 0xDFFF, 0xFFFF, 0xFFFF, 0xFFFF, 0xFFFF, 0xFFFF,
  0xFFFF, 0xFFFF, 0xEFBF, 0x075F, 0x06FF, 0x077F, 0x075F, 0x075F, 0x06FF, 0x07DF, 0xFFFF, 0xFFFF,
  0xFFFF, 0xFFFF, 0xFFFF, 0xA75D, 0x6FDF, 0xDFFF, 0xFFFF, 0xFFFF, 0xFFFF, 0xFFFF, 0xFFFF, 0xFFFF,
  0xFFFF, 0xFFFF, 0xFFFF, 0xFFFF, 0xDFFF, 0x071F, 0x06FE, 0x075F, 0x075F, 0x075F, 0x075F, 0x065F,
  0x065F, 0x05DF, 0x065F, 0x06FF, 0x075F, 0x075F, 0x06BF, 0x06FF, 0x06FF, 0x06FF, 0x06DF, 0x065E,
  0x05DF, 0x05DF, 0x065F, 0x065F, 0x06BF, 0x06FF, 0x075F, 0x075F, 0x075F, 0x075F, 0x075F, 0x06FF,
  0x065F, 0x05DF, 0x065F, 0x05DF, 0x065F, 0x065F, 0x065F, 0x065F, 0x05DF, 0x065F, 0x05DF, 0x065F,
  0x06DF, 0x075F, 0x075F, 0x075F, 0x075F, 0x075F, 0x075F, 0x075F, 0x075F, 0x06FF, 0x065F, 0x05DF,
  0x065F, 0x05DF, 0x065E, 0x075F, 0x075F, 0x075F, 0x075F, 0x075F, 0x075F, 0x075F, 0x06BF, 0x065E,
  0x05DF, 0x05DF, 0x065F, 0x05DF, 0x065F, 0x065F, 0x065F, 0x06FF, 0x075F, 0x075F, 0x07BF, 0x075F,
  0x075F, 0x075F, 0x075F, 0x075F, 0x075F, 0x079E, 0x06FE, 0x075F, 0x07DF, 0x07DF, 0x07DF, 0x07DF,
  0x07DF, 0x07DF, 0x07DF, 0x07FF, 0x07FF, 0x07FF, 0x07FF, 0x07FF, 0x07FF, 0x07FF, 0x07FF, 0x07FF,
  0x07FF, 0x07FF, 0x07FF, 0x07FF, 0x07FF, 0x07FF, 0x07FF, 0x07FF, 0x07FF, 0x07FF, 0x07FF, 0x07FF,
  0x07FF, 0x07FF, 0x07FF, 0x07FF, 0x07FF, 0x07FF, 0x07FF, 0x07FF, 0x07FF, 0x07FF, 0x07FF, 0x07FF,
  0x07FF, 0x07FF, 0x07FF, 0x07FF, 0x07FF, 0x07FF, 0x07FF, 0x07FF, 0x07DF, 0x079E, 0x06FE, 0x079E,
  0x079E, 0x079E, 0x07DF, 0x07DF, 0x07DF, 0x07DF, 0x075F, 0x075F, 0x075F, 0x06FE, 0x077F, 0x07BF,
  0x075F, 0x07BF, 0x075F, 0x07BF, 0xFFFF, 0xFFFF, 0xFFFF, 0xFFFF, 0xFFFF, 0xFFFF, 0xFFFF, 0xFFFF,
  0xFFFF, 0xFFFF, 0xFFFF, 0xFFFF, 0xFFFF, 0xFFFF, 0xFFFF, 0xFFFF, 0xFFFF, 0xFFFF, 0xFFFF, 0xFFFF,
  0xFFFF, 0xFFFF, 0xFFFF, 0xFFFF, 0xFFFF, 0xFFFF, 0xFFFF, 0xFFFF, 0xFFFF, 0xFFFF, 0xFFFF, 0xFFFF,
  0xFFFF, 0xFFFF, 0xFFFF, 0xFFFF, 0xFFFF, 0xFFFF, 0xFFFF, 0xFFFF, 0xFFFF, 0xFFFF, 0xFFFF, 0xFFFF,
  0xFFFF, 0xFFFF, 0xFFFF, 0xFFFF, 0xFFFF, 0xFFFF, 0xFFFF, 0xFFFF, 0xFFFF, 0xFFFF, 0xFFFF, 0xFFFF,
  0xFFFF, 0xFFFF, 0xFFFF, 0xFFFF, 0xFFFF, 0xFFFF, 0xFFFF, 0xFFFF, 0xFFFF, 0xFFFF, 0xFFFF, 0xFFFF,
  0xFFFF, 0xFFFF, 0xFFFF, 0xFFFF, 0xFFFF, 0xFFFF, 0xFFFF, 0xFFFF, 0xFFFF, 0xFFFF, 0xFFFF, 0xFFFF,
  0xFFBE, 0x7C10, 0x1082, 0xFFFF, 0xFFFF, 0xFFFF, 0xFFFF, 0xFFFF, 0xFFFF, 0xFFFF, 0xFFFF, 0xFFFF,
  0xFFFF, 0xFFFF, 0xFFFF, 0xFFFF, 0xFFFF, 0xFFFF, 0xFFFF, 0xFFFF, 0xFFFF, 0xFFFF, 0xFFFF, 0xFFFF,
  0xFFFF, 0xFFFF, 0xFFFF, 0xFFFF, 0x528A, 0x0000, 0x0000, 0x1021, 0xFFFF, 0xF7FF, 0x06FE, 0x077F,
  0xF7FF, 0xFFFF, 0xFFFF, 0xFFFF, 0xFFFF, 0x671E, 0x06BD, 0x06FF, 0x075F, 0x077F, 0x077F, 0x07DF,
  0x6FDF, 0xDFFF, 0xFFFF, 0xFFFF, 0xFFFF, 0xFFFF, 0xFFFF, 0xFFFF, 0xFFFF, 0xFFFF, 0xB7DF, 0x06FE,
  0x075F, 0x075F, 0x077F, 0x075F, 0x06FF, 0x077F, 0xF7FF, 0xFFFF, 0xFFFF, 0xFFFF, 0xA75D, 0xB7DF,
  0xF7FF, 0xFFFF, 0xFFFF, 0xFFFF, 0xFFFF, 0xFFFF, 0xFFFF, 0xFFFF, 0xFFFF, 0xFFFF, 0xFFFF, 0xF7FF,
  0x079F, 0x06FE, 0x077F, 0x075F, 0x075F, 0x075F, 0x075F, 0x075F, 0x06BE, 0x065F, 0x05DF, 0x065F,
  0x065F, 0x075F, 0x075F, 0x075F, 0x075F, 0x075F, 0x075F, 0x075F, 0x065F, 0x05DF, 0x05DF, 0x065F,
  0x05DF, 0x065F, 0x06BF, 0x065F, 0x075F, 0x075F, 0x075F, 0x06FF, 0x065E, 0x065F, 0x05DF, 0x065F,
  0x05DF, 0x05DF, 0x05DF, 0x05DF, 0x065F, 0x05DF, 0x05DF, 0x065F, 0x075F, 0x075F, 0x075F, 0x075F,
  0x075F, 0x075F, 0x075F, 0x075F, 0x075F, 0x075F, 0x065F, 0x05DF, 0x05DF, 0x065F, 0x06DF, 0x075F,
  0x075F, 0x075F, 0x075F, 0x075F, 0x075F, 0x075F, 0x075F, 0x065F, 0x05DD, 0x065F, 0x05DF, 0x065F,
  0x05DF, 0x05DF, 0x05DF, 0x05DF, 0x065F, 0x065F, 0x06DF, 0x075F, 0x075F, 0x075F, 0x075F, 0x075F,
  0x075F, 0x075F, 0x075F, 0x075F, 0x075F, 0x075F, 0x075F, 0x07BF, 0x07DF, 0x07DF, 0x07DF, 0x07FF,
  0x07FF, 0x07FF, 0x07FF, 0x07FF, 0x07FF, 0x07FF, 0x07FF, 0x07FF, 0x07FF, 0x07FF, 0x07FF, 0x07FF,
  0x07FF, 0x07FF, 0x07FF, 0x07FF, 0x07FF, 0x07FF, 0x07FF, 0x07FF, 0x07FF, 0x07FF, 0x07FF, 0x07FF,
  0x07FF, 0x07FF, 0x07FF, 0x07FF, 0x07FF, 0x07FF, 0x07FF, 0x07FF, 0x07FF, 0x07FF, 0x07FF, 0x07FF,
  0x07FF, 0x07FF, 0x07FF, 0x07FF, 0x07FF, 0x07FF, 0x07FF, 0x07FF, 0x07FF, 0x07FF, 0x07FF, 0x07FF,
  0x07FF, 0x07DF, 0x079E, 0x06FE, 0x077F, 0x075F, 0x075F, 0x06FE, 0x075F, 0x075F, 0x077F, 0x075F,
  0xFFFF, 0xFFFF, 0xFFFF, 0xFFFF, 0xFFFF, 0xFFFF, 0xFFFF, 0xFFFF, 0xFFFF, 0xFFFF, 0xFFFF, 0xFFFF,
  0xFFFF, 0xFFFF, 0xFFFF, 0xFFFF, 0xFFFF, 0xFFFF, 0xFFFF, 0xFFFF, 0xFFFF, 0xFFFF, 0xFFFF, 0xFFFF,
  0xFFFF, 0xFFFF, 0xFFFF, 0xFFFF, 0xFFFF, 0xFFFF, 0xFFFF, 0xFFFF, 0xFFFF, 0xFFFF, 0xFFFF, 0xFFFF,
  0xFFFF, 0xFFFF, 0xFFFF, 0xFFFF, 0xFFFF, 0xFFFF, 0xFFFF, 0xFFFF, 0xFFFF, 0xFFFF, 0xFFFF, 0xFFFF,
  0xFFFF, 0xFFFF, 0xFFFF, 0xFFFF, 0xFFFF, 0xFFFF, 0xFFFF, 0xFFFF, 0xFFFF, 0xFFFF, 0xFFFF, 0xFFFF,
  0xFFFF, 0xFFFF, 0xFFFF, 0xFFFF, 0xFFFF, 0xFFFF, 0xFFFF, 0xFFFF, 0xFFFF, 0xFFFF, 0xFFFF, 0xFFFF,
  0xFFFF, 0xFFFF, 0xFFFF, 0xFFFF, 0xFFFF, 0xFFFF, 0xFFFF, 0xFFFF, 0xFFFF, 0xBDF8, 0x0000, 0xDEDB,
  0xFFFF, 0xFFFF, 0xFFFF, 0xFFFF, 0xFFFF, 0xFFFF, 0xFFFF, 0xFFFF, 0xFFFF, 0xFFFF, 0xFFFF, 0xFFFF,
  0xFFFF, 0xFFFF, 0xFFFF, 0xFFFF, 0xFFFF, 0xFFFF, 0xFFFF, 0xFFFF, 0xFFFF, 0xFFFF, 0xFFFF, 0xFFFF,
  0xA596, 0x0000, 0x0000, 0x0000, 0xC67A, 0xF7FF, 0x06FE, 0x07BF, 0xF7FF, 0xFFFF, 0xFFFF, 0xFFFF,
  0x6FDF, 0x06BD, 0x077F, 0x075F, 0x077F, 0x077F, 0x07DF, 0x6FDF, 0xB7DF, 0xFFFF, 0xFFFF, 0xFFFF,
  0xFFFF, 0xFFFF, 0xFFFF, 0xFFFF, 0xFFFF, 0xFFFF, 0x6FDF, 0x06BD, 0x07FF, 0x073E, 0x06FE, 0x075F,
  0x06FF, 0x075F, 0xB7DF, 0xFFFF, 0xFFFF, 0xB7DF, 0x6FDF, 0xDFFF, 0xFFFF, 0xFFFF, 0xFFFF, 0xFFFF,
  0xFFFF, 0xFFFF, 0xFFFF, 0xFFFF, 0xFFFF, 0xFFFF, 0xFFFF, 0x6FDF, 0x06BD, 0x077F, 0x075F, 0x075F,
  0x075F, 0x075F, 0x075F, 0x075F, 0x075F, 0x06DF, 0x065E, 0x05DF, 0x05DF, 0x065F, 0x075F, 0x075F,
  0x075F, 0x075F, 0x075F, 0x075F, 0x065F, 0x065E, 0x05DF, 0x05DF, 0x065F, 0x05DF, 0x05DF, 0x05DF,
  0x06BF, 0x075F, 0x075F, 0x075F, 0x06FE, 0x065F, 0x05DF, 0x05DF, 0x065F, 0x05DF, 0x065F, 0x065F,
  0x05DF, 0x05DF, 0x05DF, 0x065F, 0x075F, 0x075F, 0x075F, 0x075F, 0x075F, 0x075F, 0x075F, 0x075F,
  0x075F, 0x075F, 0x06BE, 0x05DF, 0x05DF, 0x065F, 0x075F, 0x075F, 0x075F, 0x075F, 0x075F, 0x075F,
  0x06FF, 0x075F, 0x075F, 0x06DF, 0x065F, 0x05DF, 0x05DF, 0x05DF, 0x05DF, 0x065F, 0x05DF, 0x065F,
  0x05DF, 0x05DF, 0x05DF, 0x065F, 0x06BF, 0x06DF, 0x075F, 0x075F, 0x075F, 0x075F, 0x06FE, 0x075F,
  0x06FF, 0x075F, 0x07DF, 0x07FF, 0x07FF, 0x07FF, 0x07FF, 0x07FF, 0x07FF, 0x07FF, 0x07FF, 0x07FF,
  0x07FF, 0x07FF, 0x07FF, 0x07FF, 0x07FF, 0x07FF, 0x07FF, 0x07FF, 0x07FF, 0x07FF, 0x07FF, 0x07FF,
  0x07FF, 0x07FF, 0x07FF, 0x07FF, 0x07FF, 0x07FF, 0x07FF, 0x07FF, 0x07FF, 0x07FF, 0x07FF, 0x07FF,
  0x07FF, 0x07FF, 0x07FF, 0x07FF, 0x07FF, 0x07FF, 0x07FF, 0x07FF, 0x07FF, 0x07FF, 0x07FF, 0x07FF,
  0x07FF, 0x07FF, 0x07FF, 0x07FF, 0x07FF, 0x07FF, 0x07FF, 0x07FF, 0x07FF, 0x07FE, 0x07DF, 0x075F,
  0x07DF, 0x07DF, 0x07DF, 0x07DF, 0x07DF, 0x07DF, 0x07DF, 0x075F, 0xFFFF, 0xFFFF, 0xFFFF, 0xFFFF,
  0xFFFF, 0xFFFF, 0xFFFF, 0xFFFF, 0xFFFF, 0xFFFF, 0xFFFF, 0xFFFF, 0xFFFF, 0xFFFF, 0xFFFF, 0xFFFF,
  0xFFFF, 0xFFFF, 0xFFFF, 0xFFFF, 0xFFFF, 0xFFFF, 0xFFFF, 0xFFFF, 0xFFFF, 0xFFFF, 0xFFFF, 0xFFFF,
  0xFFFF, 0xFFFF, 0xFFFF, 0xFFFF, 0xFFFF, 0xFFFF, 0xFFFF, 0xFFFF, 0xFFFF, 0xFFFF, 0xFFFF, 0xFFFF,
  0xFFFF, 0xFFFF, 0xFFFF, 0xFFFF, 0xFFFF, 0xFFFF, 0xFFFF, 0xFFFF, 0xFFFF, 0xFFFF, 0xFFFF, 0xFFFF,
  0xFFFF, 0xFFFF, 0xFFFF, 0xFFFF, 0xFFFF, 0xFFFF, 0xFFFF, 0xFFFF, 0xFFFF, 0xFFFF, 0xFFFF, 0xFFFF,
  0xFFFF, 0xFFFF, 0xFFFF, 0xFFFF, 0xFFFF, 0xFFFF, 0xFFFF, 0xFFFF, 0xFFFF, 0xFFFF, 0xFFFF, 0xFFFF,
  0xFFFF, 0xFFFF, 0xFFFF, 0xFFFF, 0xFFFF, 0xFFFF, 0x20C4, 0x94D3, 0xFFFF, 0xFFFF, 0xFFFF, 0xFFFF,
  0xFFFF, 0xFFFF, 0xFFFF, 0xFFFF, 0xFFFF, 0xFFFF, 0xFFFF, 0xFFFF, 0xFFFF, 0xFFFF, 0xFFFF, 0xFFFF,
  0xFFFF, 0xFFFF, 0xFFFF, 0xFFFF, 0xFFFF, 0xFFFF, 0xFFFF, 0xFFFF, 0xEF5D, 0x0000, 0x0000, 0x0000,
  0x7C10, 0xDFFF, 0x06FE, 0x079F, 0xFFFF, 0xFFFF, 0xFFFF, 0xB7DF, 0x06DF, 0x06BE, 0x075F, 0x077F,
  0x077F, 0x075F, 0x07DF, 0xB7DF, 0xFFFF, 0xFFFF, 0xFFFF, 0xFFFF, 0xFFFF, 0xFFFF, 0xFFFF, 0xFFFF,
  0xFFFF, 0xFFFF, 0x671E, 0x06BE, 0x6FDF, 0x671E, 0x06FE, 0x06FF, 0x077F, 0x06FF, 0x6FDF, 0xFFFF,
  0xF7FF, 0xB7DF, 0xF7FF, 0xFFFF, 0xFFFF, 0xFFFF, 0xFFFF, 0xFFFF, 0xFFFF, 0xFFFF, 0xFFFF, 0xFFFF,
  0xFFFF, 0xFFFF, 0xDFFF, 0x075F, 0x06BD, 0x075F, 0x06FF, 0x06FF, 0x075F, 0x06FF, 0x075F, 0x06FF,
  0x075F, 0x075F, 0x06FF, 0x065E, 0x05DF, 0x05DF, 0x075F, 0x075F, 0x075F, 0x075F, 0x075F, 0x075F,
  0x06DF, 0x06BE, 0x065F, 0x05DF, 0x05DF, 0x05DF, 0x05DF, 0x05DF, 0x06BF, 0x075F, 0x06FF, 0x075F,
  0x075F, 0x065F, 0x05DF, 0x05DF, 0x065F, 0x05DF, 0x065F, 0x05DF, 0x065F, 0x05DF, 0x065F, 0x065F,
  0x065F, 0x06BF, 0x06FF, 0x06FF, 0x06FF, 0x075F, 0x075F, 0x075F, 0x075F, 0x075F, 0x06FF, 0x065E,
  0x05DF, 0x05DF, 0x065F, 0x06BF, 0x06DF, 0x075F, 0x075F, 0x075F, 0x075F, 0x075F, 0x06FF, 0x075F,
  0x075F, 0x06FF, 0x06BE, 0x065F, 0x05DF, 0x05DF, 0x05DF, 0x05DF, 0x05DF, 0x065F, 0x05DF, 0x05DF,
  0x05DF, 0x065F, 0x065F, 0x06DF, 0x06DF, 0x06FF, 0x075F, 0x06FF, 0x075F, 0x07DF, 0x07FF, 0x07FF,
  0x07FF, 0x07FF, 0x07FF, 0x07FF, 0x07FF, 0x07FF, 0x07FF, 0x07FF, 0x07FF, 0x07FF, 0x07FF, 0x07FF,
  0x07FF, 0x07FF, 0x07FF, 0x07FF, 0x07FF, 0x07FF, 0x07FF, 0x07FF, 0x07FF, 0x07FF, 0x07FF, 0x07FF,
  0x07FF, 0x07FF, 0x07FF, 0x07FF, 0x07FF, 0x07FF, 0x07FF, 0x07FF, 0x07FF, 0x07FF, 0x07FF, 0x07FF,
  0x07FF, 0x07FF, 0x07FF, 0x07FF, 0x07FF, 0x07FF, 0x07FF, 0x07FF, 0x07FF, 0x07FF, 0x07FF, 0x07FF,
  0x07FF, 0x07FF, 0x07FF, 0x07FF, 0x07FF, 0x07FF, 0x07FF, 0x07FF, 0x07FF, 0x07FE, 0x07FF, 0x07FF,
  0x07FF, 0x07FF, 0x07FF, 0x07FF, 0xFFFF, 0xFFFF, 0xFFFF, 0xFFFF, 0xFFFF, 0xFFFF, 0xFFFF, 0xFFFF,
  0xFFFF, 0xFFFF, 0xFFFF, 0xFFFF, 0xFFFF, 0xFFFF, 0xFFFF, 0xFFFF, 0xFFFF, 0xFFFF, 0xFFFF, 0xFFFF,
  0xFFFF, 0xFFFF, 0xFFFF, 0xFFFF, 0xFFFF, 0xFFFF, 0xFFFF, 0xFFFF, 0xFFFF, 0xFFFF, 0xFFFF, 0xFFFF,
  0xFFFF, 0xFFFF, 0xFFFF, 0xFFFF, 0xFFFF, 0xFFFF, 0xFFFF, 0xFFFF, 0xFFFF, 0xFFFF, 0xFFFF, 0xFFFF,
  0xFFFF, 0xFFFF, 0xFFFF, 0xFFFF, 0xFFFF, 0xFFFF, 0xFFFF, 0xFFFF, 0xFFFF, 0xFFFF, 0xFFFF, 0xFFFF,
  0xFFFF, 0xFFFF, 0xFFFF, 0xFFFF, 0xFFFF, 0xFFFF, 0xFFFF, 0xFFFF, 0xFFFF, 0xFFFF, 0xFFFF, 0xFFFF,
  0xFFFF, 0xFFFF, 0xFFFF, 0xFFFF, 0xFFFF, 0xFFFF, 0xFFFF, 0xFFFF, 0xFFFF, 0xFFFF, 0xFFFF, 0xFFFF,
  0xFFFF, 0xFFFF, 0x528A, 0x632C, 0xFFFF, 0xFFFF, 0xFFFF, 0xFFFF, 0xFFFF, 0xFFFF, 0xFFFF, 0xFFFF,
  0xFFFF, 0xFFFF, 0xFFFF, 0xFFFF, 0xFFFF, 0xFFFF, 0xFFFF, 0xFFFF, 0xFFFF, 0xFFFF, 0xFFFF, 0xFFFF,
  0xFFFF, 0xFFFF, 0xFFFF, 0xFFFF, 0xFFFF, 0x2966, 0x0000, 0x0000, 0x632C, 0xB7DF, 0x077F, 0x07DF,
  0xFFFF, 0xFFFF, 0xB7DF, 0x06DF, 0x06BD, 0x075F, 0x06FF, 0x077F, 0x07BF, 0x07DF, 0xB7DF, 0xF7FF,
  0xFFFF, 0xFFFF, 0xFFFF, 0xDFFF, 0xB7DF, 0xFFFF, 0xFFFF, 0xFFFF, 0xFFFF, 0xFFFF, 0x079F, 0x06BE,
  0xB7DF, 0xB7DF, 0x06BE, 0x06FF, 0x06FF, 0x06FE, 0x6FDF, 0xF7FF, 0xB7DF, 0xE7BE, 0xFFFF, 0xFFFF,
  0xFFFF, 0xFFFF, 0xFFFF, 0xFFFF, 0xFFFF, 0xFFFF, 0xFFFF, 0xFFFF, 0xFFFF, 0xFFFF, 0x671E, 0x06BD,
  0x077F, 0x06FF, 0x075F, 0x06FF, 0x075F, 0x06FF, 0x075F, 0x075F, 0x06FF, 0x075F, 0x075F, 0x06DF,
  0x065F, 0x05DF, 0x05DF, 0x06FF, 0x075F, 0x06FF, 0x06FF, 0x075F, 0x075F, 0x075F, 0x075F, 0x06BF,
  0x065F, 0x05DF, 0x05DF, 0x065F, 0x06DF, 0x075F, 0x06FE, 0x075F, 0x075F, 0x065F, 0x05DF, 0x05DF,
  0x05DF, 0x065F, 0x05DF, 0x05DF, 0x05DF, 0x05DF, 0x05DF, 0x05DF, 0x05DF, 0x05DF, 0x05DF, 0x065E,
  0x05DF, 0x065F, 0x065F, 0x06BF, 0x06BF, 0x075F, 0x06FF, 0x06DF, 0x065F, 0x05DF, 0x05DF, 0x05DF,
  0x065F, 0x065F, 0x06DF, 0x06FF, 0x06FF, 0x075F, 0x075F, 0x06FF, 0x075F, 0x075F, 0x06FF, 0x06BF,
  0x065E, 0x05DD, 0x065F, 0x05DF, 0x065F, 0x05DF, 0x065F, 0x05DF, 0x05DF, 0x05DF, 0x05DF, 0x05DF,
  0x065F, 0x065F, 0x06DF, 0x06FF, 0x06FF, 0x075F, 0x07FF, 0x07FF, 0x07FF, 0x07FF, 0x07FF, 0x07FF,
  0x07FF, 0x07FF, 0x07FF, 0x07FF, 0x07FF, 0x07FF, 0x07FF, 0x07FF, 0x07FF, 0x07FF, 0x07FF, 0x07FF,
  0x07FF, 0x07FF, 0x07FF, 0x07FF, 0x07FF, 0x07FF, 0x07FF, 0x07FF, 0x07FF, 0x07FF, 0x07FF, 0x07FF,
  0x07FF, 0x07FF, 0x07FF, 0x07FF, 0x07FF, 0x07FF, 0x07FF, 0x07FF, 0x07FF, 0x07FF, 0x07FF, 0x07FF,
  0x07FF, 0x07FF, 0x07FF, 0x07FF, 0x07FF, 0x07FF, 0x07FF, 0x07FF, 0x07FF, 0x07FF, 0x07FF, 0x07FF,
  0x07FF, 0x07FF, 0x07FF, 0x07FF, 0x07FF, 0x07FF, 0x07FF, 0x07FF, 0x07FF, 0x07FF, 0x07FF, 0x07FF,
  0xFFFF, 0xFFFF, 0xFFFF, 0xFFFF, 0xFFFF, 0xFFFF, 0xFFFF, 0xFFFF, 0xFFFF, 0xFFFF, 0xFFFF, 0xFFFF,
  0xFFFF, 0xFFFF, 0xFFFF, 0xFFFF, 0xFFFF, 0xFFFF, 0xFFFF, 0xFFFF, 0xFFFF, 0xFFFF, 0xFFFF, 0xFFFF,
  0xFFFF, 0xFFFF, 0xFFFF, 0xFFFF, 0xFFFF, 0xFFFF, 0xFFFF, 0xFFFF, 0xFFFF, 0xFFFF, 0xFFFF, 0xFFFF,
  0xFFFF, 0xFFFF, 0xFFFF, 0xFFFF, 0xFFFF, 0xFFFF, 0xFFFF, 0xFFFF, 0xFFFF, 0xFFFF, 0xFFFF, 0xFFFF,
  0xFFFF, 0xFFFF, 0xFFFF, 0xFFFF, 0xFFFF, 0xFFFF, 0xFFFF, 0xFFFF, 0xFFFF, 0xFFFF, 0xFFFF, 0xFFFF,
  0xFFFF, 0xFFFF, 0xFFFF, 0xFFFF, 0xFFFF, 0xFFFF, 0xFFFF, 0xFFFF, 0xFFFF, 0xFFFF, 0xFFFF, 0xFFFF,
  0xFFFF, 0xFFFF, 0xFFFF, 0xFFFF, 0xFFFF, 0xFFFF, 0xFFFF, 0xFFFF, 0xFFFF, 0xFFFF, 0x94D3, 0x528A,
  0xFFFF, 0xFFFF, 0xFFFF, 0xFFFF, 0xFFFF, 0xFFFF, 0xFFFF, 0xFFFF, 0xFFFF, 0xFFFF, 0xFFFF, 0xFFFF,
  0xFFFF, 0xFFFF, 0xFFFF, 0xFFFF, 0xFFFF, 0xFFFF, 0xFFFF, 0xFFFF, 0xFFFF, 0xFFFF, 0xFFFF, 0xFFFF,
  0xFFFF, 0x528A, 0x0000, 0x0000, 0x20C4, 0x06BE, 0x077F, 0x6FDF, 0xFFFF, 0xEFFE, 0x06DF, 0x06FE,
  0x06FF, 0x077F, 0x077F, 0x07DF, 0x07FF, 0xB7DF, 0xFFFF, 0xFFFF, 0xFFFF, 0xFFFF, 0xB7DF, 0x6FDF,
  0xDFFF, 0xFFFF, 0xFFFF, 0xFFFF, 0xFFFF, 0xFFBF, 0x06DF, 0x06FF, 0xF7FF, 0xE7BE, 0x06DF, 0x06FF,
  0x075F, 0x06FF, 0x075F, 0xB7DF, 0xDFFF, 0xFFFF, 0xFFFF, 0xFFFF, 0xFFFF, 0xFFFF, 0xFFFF, 0xFFFF,
  0xFFFF, 0xFFFF, 0xFFFF, 0xFFFF, 0xFFFF, 0xB7DF, 0x06FE, 0x06FF, 0x06FF, 0x075F, 0x06FF, 0x06FF,
  0x06FF, 0x075F, 0x06FF, 0x06FF, 0x075F, 0x06FF, 0x06FF, 0x075F, 0x06FF, 0x06BE, 0x065E, 0x05DD,
  0x065F, 0x065F, 0x06BF, 0x06BF, 0x06FF, 0x06FF, 0x06FF, 0x075F, 0x06DF, 0x065F, 0x05DF, 0x065F,
  0x06DF, 0x075F, 0x075F, 0x06FF, 0x075F, 0x06FF, 0x065F, 0x05DF, 0x05DF, 0x05DF, 0x05DF, 0x065F,
  0x05DF, 0x05DF, 0x065F, 0x05DF, 0x05DF, 0x05DF, 0x05DF, 0x05DF, 0x05DF, 0x05DF, 0x05DF, 0x05DF,
  0x065F, 0x06DF, 0x075F, 0x075F, 0x06FF, 0x065E, 0x065E, 0x05DF, 0x05DF, 0x05DF, 0x05DF, 0x05DF,
  0x065F, 0x065F, 0x06DF, 0x06DF, 0x06FF, 0x06FF, 0x075F, 0x075F, 0x06DF, 0x065F, 0x05DD, 0x05DF,
  0x05DF, 0x05DF, 0x05DF, 0x065F, 0x05DF, 0x05DF, 0x05DF, 0x05DF, 0x05DF, 0x05DF, 0x05DF, 0x065F,
  0x06DF, 0x075F, 0x075F, 0x07DF, 0x07DF, 0x07DF, 0x07DF, 0x07FF, 0x07FF, 0x07FF, 0x07FF, 0x07FF,
  0x07FF, 0x07DF, 0x07DF, 0x07DF, 0x075F, 0x075F, 0x075F, 0x075F, 0x07DF, 0x07DF, 0x07DF, 0x07FF,
  0x07DF, 0x07DF, 0x07DF, 0x07DF, 0x07DF, 0x07FF, 0x07FF, 0x07FF, 0x07FF, 0x07FF, 0x07FF, 0x07FF,
  0x07FF, 0x07FF, 0x07FF, 0x07FF, 0x07FF, 0x07FF, 0x07FF, 0x07FF, 0x07FF, 0x07FF, 0x07FF, 0x07FF,
  0x07FF, 0x07FF, 0x07FF, 0x07FF, 0x07FF, 0x07FF, 0x07FF, 0x07FF, 0x07FF, 0x07FF, 0x07FF, 0x07FF,
  0x07FF, 0x07FF, 0x07FF, 0x07FF, 0x07FF, 0x07FF, 0x07FF, 0x07FF, 0xFFFF, 0xFFFF, 0xFFFF, 0xFFFF,
  0xFFFF, 0xFFFF, 0xFFFF, 0xFFFF, 0xFFFF, 0xFFFF, 0xFFFF, 0xFFFF, 0xFFFF, 0xFFFF, 0xFFFF, 0xFFFF,
  0xFFFF, 0xFFFF, 0xFFFF, 0xFFFF, 0xFFFF, 0xFFFF, 0xFFFF, 0xFFFF, 0xFFFF, 0xFFFF, 0xFFFF, 0xFFFF,
  0xFFFF, 0xFFFF, 0xFFFF, 0xFFFF, 0xFFFF, 0xFFFF, 0xFFFF, 0xFFFF, 0xFFFF, 0xFFFF, 0xFFFF, 0xFFFF,
  0xFFFF, 0xFFFF, 0xFFFF, 0xFFFF, 0xFFFF, 0xFFFF, 0xFFFF, 0xFFFF, 0xFFFF, 0xFFFF, 0xFFFF, 0xFFFF,
  0xFFFF, 0xFFFF, 0xFFFF, 0xFFFF, 0xFFFF, 0xFFFF, 0xFFFF, 0xFFFF, 0xFFFF, 0xFFFF, 0xFFFF, 0xFFFF,
  0xFFFF, 0xFFFF, 0xFFFF, 0xFFFF, 0xFFFF, 0xFFFF, 0xFFFF, 0xFFFF, 0xFFFF, 0xFFFF, 0xFFFF, 0xFFFF,
  0xFFFF, 0xFFFF, 0xFFFF, 0xFFFF, 0xFFFF, 0xFFFF, 0xEF5D, 0x41E8, 0xEF5D, 0xFFFF, 0xFFFF, 0xFFFF,
  0xFFFF, 0xFFFF, 0xFFFF, 0xFFFF, 0xFFFF, 0xFFFF, 0xFFFF, 0xFFFF, 0xFFFF, 0xFFFF, 0xFFFF, 0xFFFF,
  0xFFFF, 0xFFFF, 0xFFFF, 0xFFFF, 0xFFFF, 0xFFFF, 0xFFFF, 0xFFFF, 0xFFFF, 0x7C10, 0x0000, 0x0000,
  0x0000, 0x0413, 0x07DF, 0xB7DF, 0xFFFF, 0x06BE, 0x06BD, 0x06FF, 0x077F, 0x077F, 0x075F, 0x07FF,
  0x6FDF, 0xF7FF, 0xFFFF, 0xFFFF, 0xDFFF, 0x6FDF, 0xB7DF, 0xFFFF, 0xFFFF, 0xFFFF, 0xFFFF, 0xFFFF,
  0xFFFF, 0xE7BE, 0x06BE, 0x077F, 0xFFFF, 0xFFBE, 0x06DF, 0x077F, 0x06FF, 0x06FE, 0x06DF, 0xB7DF,
  0xFFFF, 0xFFFF, 0xFFFF, 0xFFFF, 0xFFFF, 0xFFFF, 0xFFFF, 0xFFFF, 0xFFFF, 0xFFFF, 0xFFFF, 0xFFFF,
  0xFFFF, 0x06BE, 0x06BF, 0x075F, 0x06FF, 0x06FF, 0x06FF, 0x075F, 0x075F, 0x06FF, 0x06FF, 0x075F,
  0x075F, 0x06FE, 0x075F, 0x075F, 0x06DF, 0x06FF, 0x06DF, 0x065F, 0x05DF, 0x05DF, 0x05DD, 0x05DF,
  0x05DF, 0x065F, 0x06BE, 0x06DF, 0x06DF, 0x05DF, 0x05DF, 0x05DF, 0x05DF, 0x06DF, 0x06FF, 0x06FE,
  0x06FF, 0x075F, 0x06FF, 0x06BE, 0x065E, 0x05DF, 0x05DF, 0x05DF, 0x05DF, 0x065F, 0x05DF, 0x05DF,
  0x065F, 0x05DF, 0x065F, 0x05DF, 0x05DF, 0x05DF, 0x05DF, 0x05DF, 0x05DF, 0x065F, 0x06DF, 0x075F,
  0x075F, 0x075F, 0x06FF, 0x065E, 0x065E, 0x065F, 0x05DF, 0x05DF, 0x05DD, 0x05DF, 0x05DF, 0x065E,
  0x06DF, 0x075F, 0x06FF, 0x06FF, 0x075F, 0x06DF, 0x05DF, 0x05DF, 0x05DF, 0x05DF, 0x05DF, 0x05DF,
  0x065F, 0x05DF, 0x065F, 0x05DF, 0x05DF, 0x05DF, 0x05DF, 0x05DF, 0x05DF, 0x06DF, 0x06FF, 0x06FE,
  0x06FE, 0x06FE, 0x06FE, 0x075F, 0x075F, 0x07DF, 0x07DF, 0x07DF, 0x075F, 0x075F, 0x075F, 0x06FE,
  0x06FE, 0x06FE, 0x06FF, 0x06FF, 0x06FE, 0x06FF, 0x075F, 0x075F, 0x075F, 0x075F, 0x075F, 0x06FE,
  0x07DF, 0x07FF, 0x07FF, 0x07FF, 0x07FF, 0x07FF, 0x07FF, 0x07FF, 0x07FF, 0x07FF, 0x07FE, 0x07FF,
  0x07FF, 0x07FF, 0x07FF, 0x07FF, 0x07FF, 0x07FF, 0x07FF, 0x07FF, 0x07FF, 0x07FF, 0x07FE, 0x07FF,
  0x07FF, 0x07FF, 0x07FF, 0x07FF, 0x07FF, 0x07FF, 0x07FF, 0x07FF, 0x07FF, 0x07FF, 0x07FF, 0x07FF,
  0x07FF, 0x07FF, 0x07FF, 0x07DF, 0xFFFF, 0xFFFF, 0xFFFF, 0xFFFF, 0xFFFF, 0xFFFF, 0xFFFF, 0xFFFF,
  0xFFFF, 0xFFFF, 0xFFFF, 0xFFFF, 0xFFFF, 0xFFFF, 0xFFFF, 0xFFFF, 0xFFFF, 0xFFFF, 0xFFFF, 0xFFFF,
  0xFFFF, 0xFFFF, 0xFFFF, 0xFFFF, 0xFFFF, 0xFFFF, 0xFFFF, 0xFFFF, 0xFFFF, 0xFFFF, 0xFFFF, 0xFFFF,
  0xFFFF, 0xFFFF, 0xFFFF, 0xFFFF, 0xFFFF, 0xFFFF, 0xFFFF, 0xFFFF, 0xFFFF, 0xFFFF, 0xFFFF, 0xFFFF,
  0xFFFF, 0xFFFF, 0xFFFF, 0xFFFF, 0xFFFF, 0xFFFF, 0xFFFF, 0xFFFF, 0xFFFF, 0xFFFF, 0xFFFF, 0xFFFF,
  0xFFFF, 0xFFFF, 0xFFFF, 0xFFFF, 0xFFFF, 0xFFFF, 0xFFFF, 0xFFFF, 0xFFFF, 0xFFFF, 0xFFFF, 0xFFFF,
  0xFFFF, 0xFFFF, 0xFFFF, 0xFFFF, 0xFFFF, 0xFFFF, 0xFFFF, 0xFFFF, 0xFFFF, 0xFFFF, 0xFFFF, 0xFFFF,
  0xFFFF, 0xFFFF, 0xFFFF, 0x41E8, 0xA596, 0xFFFF, 0xFFFF, 0xFFFF, 0xFFFF, 0xFFFF, 0xFFFF, 0xFFFF,
  0xFFFF, 0xFFFF, 0xFFFF, 0xFFFF, 0xFFFF, 0xFFFF, 0xFFFF, 0xFFFF, 0xFFFF, 0xFFFF, 0xFFFF, 0xFFFF,
  0xFFFF, 0xFFFF, 0xFFFF, 0xFFFF, 0xFFFF, 0x94D3, 0x0000, 0x0000, 0x0000, 0x0413, 0x07DF, 0xDFFF,
  0x671E, 0x06FE, 0x06FE, 0x077F, 0x077F, 0x077F, 0x07FF, 0x6FDF, 0xFFFF, 0xFFFF, 0xDFFF, 0x6FDF,
  0x6FDF, 0xDFFF, 0xF7FF, 0xFFFF, 0xFFFF, 0xFFFF, 0xFFFF, 0xFFFF, 0xFFFF, 0xA75D, 0x065E, 0x079F,
  0xFFFF, 0xFFFF, 0x06BE, 0x06BD, 0x06FF, 0x06FE, 0x075F, 0xDFFF, 0xFFFF, 0xFFFF, 0xFFFF, 0xFFFF,
  0xFFFF, 0xFFFF, 0xFFFF, 0xFFFF, 0xFFFF, 0xFFFF, 0xFFFF, 0xFFFF, 0x671E, 0x06FE, 0x06FF, 0x06FF,
  0x06FF, 0x075F, 0x06FF, 0x06FE, 0x06FF, 0x075F, 0x06FF, 0x06FF, 0x06FF, 0x06FF, 0x075F, 0x06FF,
  0x06FF, 0x075F, 0x06FF, 0x06FF, 0x06FF, 0x06BE, 0x065F, 0x065F, 0x065F, 0x05DF, 0x05DD, 0x065F,
  0x05DF, 0x05DF, 0x05DF, 0x05DF, 0x05DF, 0x05DF, 0x067F, 0x075F, 0x06DF, 0x075F, 0x075F, 0x075F,
  0x06FF, 0x06FF, 0x06BE, 0x065F, 0x05DF, 0x05DF, 0x05DF, 0x05DF, 0x05DF, 0x05DF, 0x05DF, 0x05DF,
  0x065F, 0x05DF, 0x05DF, 0x05DF, 0x05DF, 0x05DF, 0x05DF, 0x065F, 0x065F, 0x06BF, 0x06FF, 0x075F,
  0x06FF, 0x06DF, 0x06FF, 0x06BE, 0x065F, 0x05DF, 0x05DD, 0x05DF, 0x05DF, 0x06DF, 0x075F, 0x06FF,
  0x06DF, 0x06DF, 0x06DF, 0x06BF, 0x065F, 0x05DF, 0x05DF, 0x05DF, 0x05DF, 0x05DF, 0x05DF, 0x05DF,
  0x065F, 0x05DF, 0x05DF, 0x05DF, 0x05DF, 0x05DF, 0x065F, 0x06BF, 0x06FF, 0x06DF, 0x06FF, 0x06FE,
  0x06FE, 0x06FF, 0x06FF, 0x06FE, 0x06FE, 0x06FE, 0x06BE, 0x075F, 0x07DF, 0x07DF, 0x075F, 0x07DF,
  0x07DF, 0x077F, 0x07DF, 0x077F, 0x07DF, 0x07DF, 0x07FF, 0x07DF, 0x07FF, 0x07FF, 0x07FF, 0x07FF,
  0x07FF, 0x07FF, 0x07FF, 0x07FF, 0x07FE, 0x07FF, 0x07FF, 0x07FF, 0x07FE, 0x07FF, 0x07FF, 0x07FF,
  0x07FF, 0x07FF, 0x07FF, 0x07FE, 0x07FF, 0x07FF, 0x07FF, 0x07FF, 0x07FE, 0x07FF, 0x07FF, 0x07FF,
  0x07FF, 0x07FF, 0x07FF, 0x07FF, 0x07FF, 0x07FF, 0x07FF, 0x07FF, 0x07FF, 0x07DF, 0x075F, 0x06FE,
  0xFFFF, 0xFFFF, 0xFFFF, 0xFFFF, 0xFFFF, 0xFFFF, 0xFFFF, 0xFFFF, 0xFFFF, 0xFFFF, 0xFFFF, 0xFFFF,
  0xFFFF, 0xFFFF, 0xFFFF, 0xFFFF, 0xFFFF, 0xFFFF, 0xFFFF, 0xFFFF, 0xFFFF, 0xFFFF, 0xFFFF, 0xFFFF,
  0xFFFF, 0xFFFF, 0xFFFF, 0xFFFF, 0xFFFF, 0xFFFF, 0xFFFF, 0xFFFF, 0xFFFF, 0xFFFF, 0xFFFF, 0xFFFF,
  0xFFFF, 0xFFFF, 0xFFFF, 0xFFFF, 0xFFFF, 0xFFFF, 0xFFFF, 0xFFFF, 0xFFFF, 0xFFFF, 0xFFFF, 0xFFFF,
  0xFFFF, 0xFFFF, 0xFFFF, 0xFFFF, 0xFFFF, 0xFFFF, 0xFFFF, 0xFFFF, 0xFFFF, 0xFFFF, 0xFFFF, 0xFFFF,
  0xFFFF, 0xFFFF, 0xFFFF, 0xFFFF, 0xFFFF, 0xFFFF, 0xFFFF, 0xFFFF, 0xFFFF, 0xFFFF, 0xFFFF, 0xFFFF,
  0xFFFF, 0xFFFF, 0xFFFF, 0xFFFF, 0xFFFF, 0xFFFF, 0xFFFF, 0xFFFF, 0xFFFF, 0xFFFF, 0xFFFF, 0x41E8,
  0x7C10, 0xFFFF, 0xFFFF, 0xFFFF, 0xFFFF, 0xFFFF, 0xFFFF, 0xFFFF, 0xFFFF, 0xFFFF, 0xFFFF, 0xFFFF,
  0xFFFF, 0xFFFF, 0xFFFF, 0xFFFF, 0xFFFF, 0xFFFF, 0xFFFF, 0xFFFF, 0xFFFF, 0xFFFF, 0xFFFF, 0xFFFF,
  0xFFFF, 0xC67A, 0x0000, 0x0000, 0x0000, 0x02ED, 0x077F, 0x07DF, 0x06DF, 0x06BD, 0x077F, 0x077F,
  0x077F, 0x07FF, 0x6FDF, 0xF7FF, 0xFFFF, 0xDFFF, 0x6FDF, 0x6FDF, 0xFFFF, 0xFFFF, 0xFFFF, 0xFFFF,
  0xFFFF, 0xFFFF, 0xFFFF, 0xFFFF, 0xFFFF, 0x671E, 0x06BE, 0x07DF, 0xFFFF, 0xFFFF, 0x073E, 0x06FE,
  0x06FF, 0x06FE, 0x06FE, 0xB7DF, 0xFFFF, 0xFFFF, 0xFFFF, 0xFFFF, 0xFFFF, 0xFFFF, 0xFFFF, 0xFFFF,
  0xFFFF, 0xFFFF, 0xFFFF, 0xB7DF, 0x06FE, 0x06FF, 0x06FF, 0x06FF, 0x06FF, 0x06FF, 0x075F, 0x075F,
  0x06FF, 0x06FF, 0x075F, 0x06DF, 0x075F, 0x06FF, 0x06FE, 0x06FF, 0x06FF, 0x06DF, 0x075F, 0x06DF,
  0x06FF, 0x075F, 0x06FF, 0x075F, 0x06FE, 0x06FF, 0x06DF, 0x065F, 0x06BE, 0x065F, 0x05DF, 0x05DF,
  0x05DF, 0x05DF, 0x05DF, 0x065F, 0x065F, 0x065F, 0x065F, 0x06DF, 0x06FF, 0x06FF, 0x075F, 0x06DF,
  0x06BF, 0x05DF, 0x05DF, 0x05DF, 0x05DF, 0x05DF, 0x05DF, 0x05DF, 0x05DF, 0x05DF, 0x05DF, 0x05DF,
  0x05DF, 0x05DF, 0x05DF, 0x057F, 0x05DF, 0x05DF, 0x05DF, 0x065F, 0x06BE, 0x06DF, 0x06FF, 0x075F,
  0x06DF, 0x06FF, 0x065F, 0x05DF, 0x05DD, 0x06BF, 0x075F, 0x075F, 0x075F, 0x075F, 0x06FF, 0x075F,
  0x06DF, 0x065F, 0x05DF, 0x05DF, 0x05DF, 0x05DF, 0x05DF, 0x05DF, 0x057F, 0x05DF, 0x05DF, 0x05DF,
  0x05DF, 0x05DF, 0x055F, 0x057F, 0x065F, 0x06DF, 0x06DF, 0x06FF, 0x06FF, 0x06BF, 0x06BF, 0x06BF,
  0x06FE, 0x06FE, 0x07DF, 0x07DF, 0x07FF, 0x07FF, 0x07FF, 0x07FF, 0x07FF, 0x07FF, 0x07FF, 0x07FF,
  0x07FF, 0x07FF, 0x07FF, 0x07FE, 0x07FF, 0x07FF, 0x07FF, 0x07FF, 0x07FF, 0x07FF, 0x07FF, 0x07FF,
  0x07FF, 0x07FF, 0x07FF, 0x07FF, 0x07FF, 0x07FF, 0x07FF, 0x07FF, 0x07FF, 0x07FE, 0x07FF, 0x07FF,
  0x07FF, 0x07FF, 0x07FF, 0x07FF, 0x07FF, 0x07FF, 0x07FF, 0x07FF, 0x07FF, 0x07FF, 0x07FF, 0x07FF,
  0x07FF, 0x07FF, 0x07FF, 0x07FF, 0x07FF, 0x07DF, 0x075F, 0x075F, 0xFFFF, 0xFFFF, 0xFFFF, 0xFFFF,
  0xFFFF, 0xFFFF, 0xFFFF, 0xFFFF, 0xFFFF, 0xFFFF, 0xFFFF, 0xFFFF, 0xFFFF, 0xFFFF, 0xFFFF, 0xFFFF,
  0xFFFF, 0xFFFF, 0xFFFF, 0xFFFF, 0xFFFF, 0xFFFF, 0xFFFF, 0xFFFF, 0xFFFF, 0xFFFF, 0xFFFF, 0xFFFF,
  0xFFFF, 0xFFFF, 0xFFFF, 0xFFFF, 0xFFFF, 0xFFFF, 0xFFFF, 0xFFFF, 0xFFFF, 0xFFFF, 0xFFFF, 0xFFFF,
  0xFFFF, 0xFFFF, 0xFFFF, 0xFFFF, 0xFFFF, 0xFFFF, 0xFFFF, 0xFFFF, 0xFFFF, 0xFFFF, 0xFFFF, 0xFFFF,
  0xFFFF, 0xFFFF, 0xFFFF, 0xFFFF, 0xFFFF, 0xFFFF, 0xFFFF, 0xFFFF, 0xFFFF, 0xFFFF, 0xFFFF, 0xFFFF,
  0xFFFF, 0xFFFF, 0xFFFF, 0xFFFF, 0xFFFF, 0xFFFF, 0xFFFF, 0xFFFF, 0xFFFF, 0xFFFF, 0xFFFF, 0xFFFF,
  0xFFFF, 0xFFFF, 0xFFFF, 0xFFFF, 0xFFFF, 0xFFFF, 0xFFFF, 0x7C10, 0x2966, 0xFFFF, 0xFFFF, 0xFFFF,
  0xFFFF, 0xFFFF, 0xFFFF, 0xFFFF, 0xFFFF, 0xFFFF, 0xFFFF, 0xFFFF, 0xFFFF, 0xFFFF, 0xFFFF, 0xFFFF,
  0xFFFF, 0xFFFF, 0xFFFF, 0xFFFF, 0xFFFF, 0xFFFF, 0xFFFF, 0xFFFF, 0xFFFF, 0xDEDB, 0x0000, 0x0000,
  0x0000, 0x02ED, 0x07DF, 0x06FE, 0x06FE, 0x06FF, 0x077F, 0x077F, 0x07DF, 0x6FDF, 0xDFFF, 0xF7FF,
  0xB7DF, 0x6FDF, 0xB7DF, 0xFFFF, 0xFFFF, 0xFFFF, 0xFFFF, 0xFFFF, 0xFFFF, 0xFFFF, 0xFFFF, 0xFFFF,
  0xFFFF, 0x06BE, 0x06BE, 0xB7DF, 0xFFFF, 0xF7FF, 0x671E, 0x06BD, 0x06FF, 0x06FF, 0x06FF, 0xB7DF,
  0xFFFF, 0xFFFF, 0xFFFF, 0xFFFF, 0xFFFF, 0xFFFF, 0xFFFF, 0xFFFF, 0xFFFF, 0xFFFF, 0xFFFF, 0x06BE,
  0x06BE, 0x06FF, 0x06FE, 0x06DF, 0x06FE, 0x06DF, 0x06BF, 0x06FF, 0x06DF, 0x06FF, 0x06DF, 0x06FF,
  0x06DF, 0x06FF, 0x06FF, 0x06DF, 0x06FE, 0x06FF, 0x06FE, 0x06FF, 0x06FF, 0x06DF, 0x06FF, 0x06FE,
  0x06DF, 0x06FE, 0x06FF, 0x075F, 0x06FE, 0x06FF, 0x06FE, 0x06BE, 0x065F, 0x065F, 0x057F, 0x057F,
  0x05DF, 0x057F, 0x05DF, 0x05DF, 0x05DF, 0x065F, 0x05DF, 0x065F, 0x05DF, 0x05DF, 0x05DF, 0x05DF,
  0x05DF, 0x05DF, 0x05DF, 0x05DD, 0x05DF, 0x05DF, 0x053E, 0x05DF, 0x05DF, 0x057F, 0x05DF, 0x05DF,
  0x05DF, 0x05DF, 0x05DF, 0x053E, 0x05DF, 0x05DF, 0x065F, 0x06BF, 0x06FF, 0x075F, 0x06DF, 0x065E,
  0x05DF, 0x05DF, 0x05DF, 0x06BF, 0x065F, 0x06BE, 0x065F, 0x06BE, 0x06DF, 0x05DF, 0x05DF, 0x065F,
  0x06DF, 0x06DF, 0x065F, 0x065F, 0x065E, 0x05DF, 0x05DD, 0x05DF, 0x05DF, 0x05DF, 0x053E, 0x05DF,
  0x055F, 0x05DF, 0x06FE, 0x075F, 0x07DF, 0x075F, 0x07DF, 0x075F, 0x07DF, 0x07FF, 0x07FF, 0x07FF,
  0x07FF, 0x07FF, 0x07FF, 0x07FF, 0x07FF, 0x07FF, 0x07FF, 0x07FF, 0x07FF, 0x07FF, 0x07FF, 0x07FF,
  0x07FF, 0x07FF, 0x07FF, 0x07FF, 0x07FF, 0x07FF, 0x07FF, 0x07FF, 0x07FF, 0x07FF, 0x07FF, 0x07FF,
  0x07FF, 0x07FF, 0x07FF, 0x07FF, 0x07FF, 0x07FF, 0x07FF, 0x07FF, 0x07DF, 0x07DF, 0x07DF, 0x07DF,
  0x07DF, 0x075F, 0x07DF, 0x07FF, 0x07FF, 0x07FF, 0x07FF, 0x07FF, 0x07FF, 0x07FF, 0x07FF, 0x07FF,
  0x07FF, 0x07FF, 0x07FF, 0x07FF, 0xFFFF, 0xFFFF, 0xFFFF, 0xFFFF, 0xFFFF, 0xFFFF, 0xFFFF, 0xFFFF,
  0xFFFF, 0xFFFF, 0xFFFF, 0xFFFF, 0xFFFF, 0xFFFF, 0xFFFF, 0xFFFF, 0xFFFF, 0xFFFF, 0xFFFF, 0xFFFF,
  0xFFFF, 0xFFFF, 0xFFFF, 0xFFFF, 0xFFFF, 0xFFFF, 0xFFFF, 0xFFFF, 0xFFFF, 0xFFFF, 0xFFFF, 0xFFFF,
  0xFFFF, 0xFFFF, 0xFFFF, 0xFFFF, 0xFFFF, 0xFFFF, 0xFFFF, 0xFFFF, 0xFFFF, 0xFFFF, 0xFFFF, 0xFFFF,
  0xFFFF, 0xFFFF, 0xFFFF, 0xFFFF, 0xFFFF, 0xFFFF, 0xFFFF, 0xFFFF, 0xFFFF, 0xFFFF, 0xFFFF, 0xFFFF,
  0xFFFF, 0xFFFF, 0xFFFF, 0xFFFF, 0xFFFF, 0xFFFF, 0xFFFF, 0xFFFF, 0xFFFF, 0xFFFF, 0xFFFF, 0xFFFF,
  0xFFFF, 0xFFFF, 0xFFFF, 0xFFFF, 0xFFFF, 0xFFFF, 0xFFFF, 0xFFFF, 0xFFFF, 0xFFFF, 0xFFFF, 0xFFFF,
  0xFFFF, 0xFFFF, 0xFFFF, 0xDEDB, 0x20C4, 0xEF5D, 0xFFFF, 0xFFFF, 0xFFFF, 0xFFFF, 0xFFFF, 0xFFFF,
  0xFFFF, 0xFFFF, 0xFFFF, 0xFFFF, 0xFFFF, 0xFFFF, 0xFFFF, 0xFFFF, 0xFFFF, 0xFFFF, 0xFFFF, 0xFFFF,
  0xFFFF, 0xFFFF, 0xFFFF, 0xFFFF, 0xFFFF, 0xC67A, 0x0000, 0x0000, 0x0000, 0x02ED, 0x075F, 0x06FF,
  0x06FF, 0x075F, 0x077F, 0x07DF, 0x6FDF, 0xB7DF, 0xDFFF, 0x6FDF, 0x6FDF, 0xB7DF, 0xFFFF, 0xFFFF,
  0xFFFF, 0xFFFF, 0xFFFF, 0xFFFF, 0xFFFF, 0xFFFF, 0xFFFF, 0xFFFF, 0xFFFF, 0x071F, 0x06FF, 0xB7DF,
  0xFFFF, 0xFFFF, 0x671E, 0x06BE, 0x06FF, 0x06BF, 0x06FE, 0x6FDF, 0xFFFF, 0xFFFF, 0xFFFF, 0xFFFF,
  0xFFFF, 0xFFFF, 0xFFFF, 0xFFFF, 0xFFFF, 0xFFFF, 0x6FDF, 0x06BD, 0x06FF, 0x06DF, 0x06DF, 0x06FF,
  0x06FF, 0x06FF, 0x06FF, 0x06FE, 0x06FF, 0x06DF, 0x06FF, 0x06FE, 0x06FF, 0x06FF, 0x06FF, 0x06FF,
  0x06FE, 0x06FF, 0x06FE, 0x06FF, 0x06DF, 0x06FF, 0x06FE, 0x06FF, 0x06FF, 0x06FF, 0x06FF, 0x06BF,
  0x06FF, 0x06FF, 0x075F, 0x06DF, 0x071F, 0x071F, 0x065F, 0x065F, 0x05DF, 0x057F, 0x05DF, 0x057F,
  0x055F, 0x057F, 0x055F, 0x05DF, 0x053E, 0x05DF, 0x05DF, 0x057F, 0x05DD, 0x05DF, 0x05DD, 0x05DF,
  0x05DF, 0x05DF, 0x05DF, 0x05DF, 0x05DF, 0x05DD, 0x05DF, 0x05DF, 0x05DF, 0x05DF, 0x05DF, 0x05DF,
  0x05DF, 0x057F, 0x05DF, 0x06BF, 0x06DF, 0x06FF, 0x06DF, 0x06DF, 0x05DF, 0x057F, 0x05DD, 0x05DF,
  0x05DF, 0x05DF, 0x05DF, 0x05DF, 0x055F, 0x05DF, 0x05DF, 0x05DF, 0x06DF, 0x06DF, 0x06FF, 0x06FF,
  0x06DF, 0x06DF, 0x06BF, 0x05DF, 0x065F, 0x06DF, 0x075F, 0x075F, 0x077F, 0x077F, 0x07FF, 0x07FF,
  0x07FF, 0x07FF, 0x07FF, 0x07FF, 0x07FF, 0x07FF, 0x07FF, 0x07FF, 0x07FF, 0x07FF, 0x07FF, 0x07FF,
  0x07FF, 0x07FF, 0x07FF, 0x07FF, 0x07FF, 0x07FF, 0x07FF, 0x07FF, 0x07FF, 0x07FF, 0x07FF, 0x07FF,
  0x07FF, 0x07FF, 0x07FF, 0x07FF, 0x07FF, 0x07FF, 0x07FF, 0x07FF, 0x07FF, 0x07FF, 0x07FF, 0x07FF,
  0x075F, 0x06FF, 0x075F, 0x06FF, 0x06FF, 0x06FF, 0x06BE, 0x06BF, 0x06FE, 0x079E, 0x07DF, 0x07DF,
  0x07FF, 0x07FF, 0x07FF, 0x07FF, 0x07FF, 0x07FF, 0x07FF, 0x07FF, 0x07FF, 0x07FF, 0x07FF, 0x07FF,
  0xFFFF, 0xFFFF, 0xFFFF, 0xFFFF, 0xFFFF, 0xFFFF, 0xFFFF, 0xFFFF, 0xFFFF, 0xFFFF, 0xFFFF, 0xFFFF,
  0xFFFF, 0xFFFF, 0xFFFF, 0xFFFF, 0xFFFF, 0xFFFF, 0xFFFF, 0xFFFF, 0xFFFF, 0xFFFF, 0xFFFF, 0xFFFF,
  0xFFFF, 0xFFFF, 0xFFFF, 0xFFFF, 0xFFFF, 0xFFFF, 0xFFFF, 0xFFFF, 0xFFFF, 0xFFFF, 0xFFFF, 0xFFFF,
  0xFFFF, 0xFFFF, 0xFFFF, 0xFFFF, 0xFFFF, 0xFFFF, 0xFFFF, 0xFFFF, 0xFFFF, 0xFFFF, 0xFFFF, 0xFFFF,
  0xFFFF, 0xFFFF, 0xFFFF, 0xFFFF, 0xFFFF, 0xFFFF, 0xFFFF, 0xFFFF, 0xFFFF, 0xFFFF, 0xFFFF, 0xFFFF,
  0xFFFF, 0xFFFF, 0xFFFF, 0xFFFF, 0xFFFF, 0xFFFF, 0xFFFF, 0xFFFF, 0xFFFF, 0xFFFF, 0xFFFF, 0xFFFF,
  0xFFFF, 0xFFFF, 0xFFFF, 0xFFFF, 0xFFFF, 0xFFFF, 0xFFFF, 0xFFFF, 0xFFFF, 0xFFFF, 0xFFFF, 0xFFFF,
  0x2966, 0x94D3, 0xFFFF, 0xFFFF, 0xFFFF, 0xFFFF, 0xFFFF, 0xFFFF, 0xFFFF, 0xFFFF, 0xFFFF, 0xFFFF,
  0xFFFF, 0xFFFF, 0xFFFF, 0xFFFF, 0xFFFF, 0xFFFF, 0xFFFF, 0xFFFF, 0xFFFF, 0xFFFF, 0xFFFF, 0xFFFF,
  0xFFFF, 0xBDF8, 0x0000, 0x0000, 0x0000, 0x02ED, 0x075F, 0x06FF, 0x075F, 0x075F, 0x07BF, 0x07DF,
  0xB7DF, 0xDFFF, 0xB7DF, 0x6FDF, 0xB7DF, 0xF7FF, 0xFFFF, 0xFFFF, 0xFFFF, 0xFFFF, 0xFFFF, 0xFFFF,
  0xFFFF, 0xFFFF, 0xFFFF, 0xFFFF, 0xFFFF, 0x063B, 0x06FE, 0xF7FF, 0xFFFF, 0xFFBF, 0x661C, 0x06FF,
  0x06FF, 0x06FF, 0x06BE, 0x07DF, 0xFFFF, 0xFFFF, 0xFFFF, 0xFFFF, 0xFFFF, 0xFFFF, 0xFFFF, 0xFFFF,
  0xFFFF, 0xDFFF, 0x067F, 0x06BE, 0x06FF, 0x06FF, 0x06FF, 0x06FF, 0x06DF, 0x06DF, 0x06DF, 0x06DF,
  0x06FF, 0x06FE, 0x06FF, 0x06FF, 0x06FF, 0x06FF, 0x06FF, 0x06FF, 0x06FF, 0x06DF, 0x06FF, 0x06DF,
  0x06FF, 0x06FE, 0x06DF, 0x06DF, 0x06DF, 0x06FE, 0x06FF, 0x06FE, 0x06FF, 0x06DF, 0x06DF, 0x071F,
  0x071F, 0x06DF, 0x071F, 0x06DF, 0x06DF, 0x065F, 0x065F, 0x065F, 0x065F, 0x065F, 0x05DF, 0x065F,
  0x065F, 0x065F, 0x05DF, 0x065F, 0x065F, 0x065F, 0x065F, 0x065F, 0x06BF, 0x06DF, 0x06DF, 0x06DF,
  0x06BE, 0x065F, 0x065F, 0x05DF, 0x057F, 0x05DF, 0x05DF, 0x05DF, 0x05DF, 0x05DF, 0x057F, 0x05DF,
  0x06DF, 0x06DF, 0x06FF, 0x06DF, 0x06DF, 0x065F, 0x065F, 0x05DF, 0x05DF, 0x057F, 0x05DF, 0x057F,
  0x05DF, 0x05DF, 0x057F, 0x05DF, 0x05DF, 0x065F, 0x06DF, 0x06DF, 0x06DF, 0x06DF, 0x06DF, 0x06BF,
  0x075F, 0x07FF, 0x07FF, 0x07FF, 0x07FF, 0x07FF, 0x07FF, 0x07FF, 0x07FF, 0x07FF, 0x07FF, 0x07FF,
  0x07FF, 0x07FF, 0x07FF, 0x07FF, 0x07FF, 0x07FF, 0x07FF, 0x07FF, 0x07FF, 0x07FF, 0x07FF, 0x07FF,
  0x07FF, 0x07FF, 0x07FF, 0x07FF, 0x07FF, 0x07FF, 0x07FF, 0x07FF, 0x07FF, 0x07FF, 0x07FF, 0x07FF,
  0x07FF, 0x07FF, 0x07FF, 0x07FF, 0x07FF, 0x07FF, 0x07FF, 0x079E, 0x06FE, 0x06FE, 0x06BF, 0x06BE,
  0x06BE, 0x06BE, 0x06FF, 0x075F, 0x07FF, 0x07FF, 0x07FF, 0x07FF, 0x07FF, 0x07FF, 0x07FF, 0x07FF,
  0x07FF, 0x07FF, 0x07FF, 0x07FF, 0x07FF, 0x07FF, 0x07FF, 0x07FF, 0xFFFF, 0xFFFF, 0xFFFF, 0xFFFF,
  0xFFFF, 0xFFFF, 0xFFFF, 0xFFFF, 0xFFFF, 0xFFFF, 0xFFFF, 0xFFFF, 0xFFFF, 0xFFFF, 0xFFFF, 0xFFFF,
  0xFFFF, 0xFFFF, 0xFFFF, 0xFFFF, 0xFFFF, 0xFFFF, 0xFFFF, 0xFFFF, 0xFFFF, 0xFFFF, 0xFFFF, 0xFFFF,
  0xFFFF, 0xFFFF, 0xFFFF, 0xFFFF, 0xFFFF, 0xFFFF, 0xFFFF, 0xFFFF, 0xFFFF, 0xFFFF, 0xFFFF, 0xFFFF,
  0xFFFF, 0xFFFF, 0xFFFF, 0xFFFF, 0xFFFF, 0xFFFF, 0xFFFF, 0xFFFF, 0xFFFF, 0xFFFF, 0xFFFF, 0xFFFF,
  0xFFFF, 0xFFFF, 0xFFFF, 0xFFFF, 0xFFFF, 0xFFFF, 0xFFFF, 0xFFFF, 0xFFFF, 0xFFFF, 0xFFFF, 0xFFFF,
  0xFFFF, 0xFFFF, 0xFFFF, 0xFFFF, 0xFFFF, 0xFFFF, 0xFFFF, 0xFFFF, 0xFFFF, 0xFFFF, 0xFFFF, 0xFFFF,
  0xFFFF, 0xFFFF, 0xFFFF, 0xFFFF, 0xFFFF, 0xFFFF, 0xFFFF, 0xFFFF, 0x7C10, 0x528A, 0xFFFF, 0xFFFF,
  0xFFFF, 0xFFFF, 0xFFFF, 0xFFFF, 0xFFFF, 0xFFFF, 0xFFFF, 0xFFFF, 0xFFFF, 0xFFFF, 0xFFFF, 0xFFFF,
  0xFFFF, 0xFFFF, 0xFFFF, 0xFFFF, 0xFFFF, 0xFFFF, 0xFFFF, 0xFFFF, 0xFFFF, 0xA596, 0x0000, 0x0000,
  0x0000, 0x024A, 0x075F, 0x075F, 0x077F, 0x07DF, 0x07DF, 0xB7DF, 0xB7DF, 0xB7DF, 0x07DF, 0x6FDF,
  0xF7FF, 0xFFFF, 0xFFFF, 0xFFFF, 0xFFFF, 0xFFFF, 0xFFFF, 0xFFFF, 0xFFFF, 0xFFFF, 0xFFFF, 0xFFFF,
  0xDFFF, 0x06BE, 0x075F, 0xFFFF, 0xFFFF, 0xC67A, 0x9E3B, 0x075F, 0x06BF, 0x06BF, 0x06BF, 0x073E,
  0xFFFF, 0xFFFF, 0xFFFF, 0xFFFF, 0xFFFF, 0xFFFF, 0xFFFF, 0xFFFF, 0xFFFF, 0x06BE, 0x06BD, 0x06BF,
  0x06DF, 0x06BE, 0x06BF, 0x06DF, 0x06BF, 0x06FF, 0x06FF, 0x06DF, 0x06FF, 0x06BF, 0x06FE, 0x06BF,
  0x06DF, 0x06DF, 0x06BE, 0x06DF, 0x06FF, 0x06BF, 0x06FF, 0x06BE, 0x06FF, 0x06BF, 0x06FF, 0x06FF,
  0x06BF, 0x06BF, 0x06DF, 0x06BF, 0x06BF, 0x06DF, 0x071F, 0x067F, 0x071F, 0x06DF, 0x06DF, 0x06DF,
  0x06DF, 0x06DF, 0x06DF, 0x06BF, 0x06BE, 0x06DF, 0x06FE, 0x06DF, 0x06DF, 0x06DF, 0x06DF, 0x06DF,
  0x06DF, 0x06FF, 0x06FF, 0x06FF, 0x06DF, 0x06DF, 0x065F, 0x065F, 0x065F, 0x065F, 0x065F, 0x05DF,
  0x05DF, 0x057F, 0x05DF, 0x057F, 0x05DF, 0x05DF, 0x05DF, 0x055F, 0x05DF, 0x06DF, 0x06FF, 0x06FF,
  0x06DF, 0x06DF, 0x06FF, 0x06BF, 0x065F, 0x065F, 0x05DD, 0x05DF, 0x057F, 0x05DF, 0x05DD, 0x057F,
  0x05DD, 0x05DF, 0x065F, 0x065F, 0x06FF, 0x06FF, 0x06FF, 0x06BE, 0x075F, 0x07DF, 0x07FF, 0x07FF,
  0x07FF, 0x07FF, 0x07FF, 0x07FF, 0x07FF, 0x07FF, 0x07FF, 0x07FF, 0x07FF, 0x07FF, 0x07FF, 0x07FF,
  0x07FF, 0x07FF, 0x07FF, 0x07FF, 0x07FF, 0x07FF, 0x07FF, 0x07FF, 0x07FF, 0x07FF, 0x07FF, 0x07FF,
  0x07FF, 0x07FF, 0x07FF, 0x07FF, 0x07FF, 0x07FF, 0x07FF, 0x07FF, 0x07FF, 0x07FF, 0x07FF, 0x07FF,
  0x07FF, 0x07FF, 0x07FF, 0x07FF, 0x07DF, 0x07DF, 0x075F, 0x06FE, 0x06FE, 0x06FE, 0x07DF, 0x07FF,
  0x07FF, 0x07FF, 0x07FF, 0x07FF, 0x07FF, 0x07FF, 0x07FF, 0x07FF, 0x07FF, 0x07FF, 0x07FF, 0x07FF,
  0x07FF, 0x07FF, 0x07FF, 0x07FF, 0xFFFF, 0xFFFF, 0xFFFF, 0xFFFF, 0xFFFF, 0xFFFF, 0xFFFF, 0xFFFF,
  0xFFFF, 0xFFFF, 0xFFFF, 0xFFFF, 0xFFFF, 0xFFFF, 0xFFFF, 0xFFFF, 0xFFFF, 0xFFFF, 0xFFFF, 0xFFFF,
  0xFFFF, 0xFFFF, 0xFFFF, 0xFFFF, 0xFFFF, 0xFFFF, 0xFFFF, 0xFFFF, 0xFFFF, 0xFFFF, 0xFFFF, 0xFFFF,
  0xFFFF, 0xFFFF, 0xFFFF, 0xFFFF, 0xFFFF, 0xFFFF, 0xFFFF, 0xFFFF, 0xFFFF, 0xFFFF, 0xFFFF, 0xFFFF,
  0xFFFF, 0xFFFF, 0xFFFF, 0xFFFF, 0xFFFF, 0xFFFF, 0xFFFF, 0xFFFF, 0xFFFF, 0xFFFF, 0xFFFF, 0xFFFF,
  0xFFFF, 0xFFFF, 0xFFFF, 0xFFFF, 0xFFFF, 0xFFFF, 0xFFFF, 0xFFFF, 0xFFFF, 0xFFFF, 0xFFFF, 0xFFFF,
  0xFFFF, 0xFFFF, 0xFFFF, 0xFFFF, 0xFFFF, 0xFFFF, 0xFFFF, 0xFFFF, 0xFFFF, 0xFFFF, 0xFFFF, 0xFFFF,
  0xFFFF, 0xFFFF, 0xFFFF, 0xFFFF, 0xDEDB, 0x0000, 0x7C10, 0xFFFF, 0xFFFF, 0xFFFF, 0xFFFF, 0xFFFF,
  0xFFFF, 0xFFFF, 0xFFFF, 0xFFFF, 0xFFFF, 0xFFFF, 0xFFFF, 0xFFFF, 0xFFFF, 0xFFFF, 0xFFFF, 0xFFFF,
  0xFFFF, 0xFFFF, 0xFFFF, 0xFFFF, 0xFFFF, 0x94D3, 0x0000, 0x0000, 0x0000, 0x022E, 0x075F, 0x077F,
  0x077F, 0x07FF, 0x6FDF, 0xB7DF, 0xB7DF, 0x6FDF, 0x6FDF, 0xDFFF, 0xFFFF, 0xFFFF, 0xFFFF, 0xFFFF,
  0xFFFF, 0xFFFF, 0xFFFF, 0xFFFF, 0xFFFF, 0xFFFF, 0xFFFF, 0xFFFF, 0xE7BE, 0x06BE, 0x071F, 0xFFFF,
  0xDEDB, 0xFF7D, 0xDFFF, 0x06BE, 0x06BF, 0x06BF, 0x065E, 0x079F, 0xFFFF, 0xFFFF, 0xFFFF, 0xFFFF,
  0xFFFF, 0xFFFF, 0xFFFF, 0xFFFF, 0xA75D, 0x06BD, 0x06BF, 0x06DF, 0x06BF, 0x06BF, 0x06BF, 0x06BF,
  0x06BF, 0x06DF, 0x06BF, 0x06DF, 0x06BF, 0x06DF, 0x06BF, 0x06BF, 0x06BF, 0x06BF, 0x06BF, 0x06BE,
  0x06BF, 0x06BF, 0x06BF, 0x06BF, 0x06BE, 0x06BF, 0x06BE, 0x06BF, 0x06DF, 0x06DF, 0x06BE, 0x06BE,
  0x06DF, 0x067F, 0x067F, 0x071F, 0x067F, 0x067F, 0x06DF, 0x071F, 0x06DF, 0x06DF, 0x06FF, 0x06BF,
  0x06FF, 0x06DF, 0x06BF, 0x06BE, 0x06BF, 0x06BF, 0x06DF, 0x06FF, 0x06BF, 0x06FF, 0x06DF, 0x065F,
  0x05DF, 0x05DF, 0x05DF, 0x05DF, 0x05DF, 0x057F, 0x055F, 0x055F, 0x057F, 0x05DD, 0x05DF, 0x05DF,
  0x053E, 0x05DF, 0x057F, 0x05DF, 0x05DF, 0x065F, 0x065F, 0x06DF, 0x06DF, 0x06FF, 0x06FF, 0x06FF,
  0x06DF, 0x06BF, 0x06DF, 0x065F, 0x065F, 0x05DD, 0x05DF, 0x05DF, 0x057F, 0x053E, 0x055F, 0x05DF,
  0x06DF, 0x06BF, 0x06FE, 0x06BF, 0x06BF, 0x06DF, 0x075F, 0x075F, 0x06DF, 0x06DF, 0x065F, 0x065F,
  0x06DF, 0x065F, 0x065F, 0x065F, 0x065F, 0x077F, 0x07FF, 0x07FF, 0x07FF, 0x07FF, 0x07FF, 0x07FF,
  0x07FF, 0x07FF, 0x07FF, 0x07FF, 0x07FF, 0x07FF, 0x07FF, 0x07FF, 0x07FF, 0x07FF, 0x07FF, 0x07FF,
  0x07FF, 0x07FF, 0x07FF, 0x07FF, 0x07FF, 0x07FF, 0x07FF, 0x07FF, 0x07FF, 0x07FF, 0x07FF, 0x07FF,
  0x07FF, 0x07FF, 0x07FF, 0x07FE, 0x07DF, 0x07FF, 0x07FF, 0x07FF, 0x07FF, 0x07FF, 0x07FF, 0x07FF,
  0x07FF, 0x07FF, 0x07FF, 0x07FF, 0x07FF, 0x07FF, 0x07FF, 0x07FF, 0x07FF, 0x07FF, 0x07FF, 0x07FF,
  0xFFFF, 0xFFFF, 0xFFFF, 0xFFFF, 0xFFFF, 0xFFFF, 0xFFFF, 0xFFFF, 0xFFFF, 0xFFFF, 0xFFFF, 0xFFFF,
  0xFFFF, 0xFFFF, 0xFFFF, 0xFFFF, 0xFFFF, 0xFFFF, 0xFFFF, 0xFFFF, 0xFFFF, 0xFFFF, 0xFFFF, 0xFFFF,
  0xFFFF, 0xFFFF, 0xFFFF, 0xFFFF, 0xFFFF, 0xFFFF, 0xFFFF, 0xFFFF, 0xFFFF, 0xFFFF, 0xFFFF, 0xFFFF,
  0xFFFF, 0xFFFF, 0xFFFF, 0xFFFF, 0xFFFF, 0xFFFF, 0xFFFF, 0xFFFF, 0xFFFF, 0xFFFF, 0xFFFF, 0xFFFF,
  0xFFFF, 0xFFFF, 0xFFFF, 0xFFFF, 0xFFFF, 0xFFFF, 0xFFFF, 0xFFFF, 0xFFFF, 0xFFFF, 0xFFFF, 0xFFFF,
  0xFFFF, 0xFFFF, 0xFFFF, 0xFFFF, 0xFFFF, 0xFFFF, 0xFFFF, 0xFFFF, 0xFFFF, 0xFFFF, 0xFFFF, 0xFFFF,
  0xFFFF, 0xFFFF, 0xFFFF, 0xFFFF, 0xFFFF, 0xFFFF, 0xFFFF, 0xFFFF, 0xFFFF, 0xFFFF, 0xFFFF, 0xFFFF,
  0xFFFF, 0x20C4, 0x0000, 0xDEDB, 0xFFFF, 0xFFFF, 0xFFFF, 0xFFFF, 0xFFFF, 0xFFFF, 0xFFFF, 0xFFFF,
  0xFFFF, 0xFFFF, 0xFFFF, 0xFFFF, 0xFFFF, 0xFFFF, 0xFFFF, 0xFFFF, 0xFFFF, 0xFFFF, 0xFFFF, 0xFFFF,
  0xFFFF, 0x7C10, 0x0000, 0x0000, 0x0000, 0x024A, 0x07BF, 0x077F, 0x07DF, 0x07DF, 0x6FDF, 0xB7DF,
  0x6FDF, 0x07DF, 0xDFFF, 0xFFFF, 0xFFFF, 0xFFFF, 0xFFFF, 0xFFFF, 0xFFFF, 0xFFFF, 0xFFFF, 0xFFFF,
  0xFFFF, 0xFFFF, 0xFFFF, 0xFFFF, 0xCF3D, 0x065E, 0x07FF, 0xDEDB, 0xBDF8, 0xFFFF, 0xE7BE, 0x06DF,
  0x06BF, 0x06FF, 0x065E, 0x06DF, 0xF7FF, 0xFFFF, 0xFFFF, 0xFFFF, 0xFFFF, 0xFFFF, 0xFFFF, 0xF7FF,
  0x06DF, 0x065E, 0x06BF, 0x06BE, 0x06BE, 0x06DF, 0x06BF, 0x06BF, 0x06DF, 0x06BF, 0x06DF, 0x06BF,
  0x06BF, 0x06BF, 0x06BF, 0x06BE, 0x06DF, 0x06BF, 0x06DF, 0x06BF, 0x06BF, 0x06BF, 0x06BF, 0x06DF,
  0x06BF, 0x06BF, 0x06BF, 0x06BF, 0x06DF, 0x071F, 0x067F, 0x06DF, 0x06DF, 0x06DF, 0x071F, 0x071F,
  0x06DF, 0x071F, 0x067F, 0x06DF, 0x06DF, 0x06DF, 0x06BF, 0x06BF, 0x06BF, 0x06FF, 0x06BF, 0x06FF,
  0x06BF, 0x06FF, 0x06FF, 0x06FF, 0x06BF, 0x06FF, 0x06BF, 0x065F, 0x053E, 0x05DF, 0x053E, 0x053E,
  0x055F, 0x057F, 0x05DF, 0x057F, 0x05DF, 0x055F, 0x05DF, 0x053E, 0x05DF, 0x05DF, 0x055F, 0x05DF,
  0x055F, 0x055F, 0x05DF, 0x05DF, 0x065F, 0x065F, 0x06BE, 0x06DF, 0x06FF, 0x06DF, 0x06BF, 0x06DF,
  0x06BF, 0x065F, 0x065F, 0x05DF, 0x065F, 0x065F, 0x05DF, 0x065F, 0x06DF, 0x06BF, 0x06BF, 0x06BF,
  0x06DF, 0x06BF, 0x06BF, 0x065F, 0x065F, 0x065F, 0x05DD, 0x05DD, 0x05DD, 0x055F, 0x05DF, 0x05DF,
  0x05DF, 0x05DF, 0x077F, 0x07FF, 0x07FF, 0x07FF, 0x07FF, 0x07FF, 0x07FF, 0x07FF, 0x07FF, 0x07FF,
  0x07FF, 0x07FF, 0x07FF, 0x07FF, 0x07FF, 0x07FF, 0x07FF, 0x07FF, 0x07FF, 0x07FF, 0x07FF, 0x07FF,
  0x07FF, 0x07FF, 0x07FF, 0x07FF, 0x07FF, 0x07FF, 0x07FF, 0x07FF, 0x07FF, 0x07FF, 0x07FF, 0x07FF,
  0x07FF, 0x07FF, 0x07FF, 0x07FF, 0x07FF, 0x07FF, 0x07FF, 0x07FF, 0x07FF, 0x07FF, 0x07FF, 0x07FF,
  0x07FF, 0x07FF, 0x07FF, 0x07FF, 0x07FF, 0x07FF, 0x07FF, 0x07FF, 0xFFFF, 0xFFFF, 0xFFFF, 0xFFFF,
  0xFFFF, 0xFFFF, 0xFFFF, 0xFFFF, 0xFFFF, 0xFFFF, 0xFFFF, 0xFFFF, 0xFFFF, 0xFFFF, 0xFFFF, 0xFFFF,
  0xFFFF, 0xFFFF, 0xFFFF, 0xFFFF, 0xFFFF, 0xFFFF, 0xFFFF, 0xFFFF, 0xFFFF, 0xFFFF, 0xFFFF, 0xFFFF,
  0xFFFF, 0xFFFF, 0xFFFF, 0xFFFF, 0xFFFF, 0xFFFF, 0xFFFF, 0xFFFF, 0xFFFF, 0xFFFF, 0xFFFF, 0xFFFF,
  0xFFFF, 0xFFFF, 0xFFFF, 0xFFFF, 0xFFFF, 0xFFFF, 0xFFFF, 0xFFFF, 0xFFFF, 0xFFFF, 0xFFFF, 0xFFFF,
  0xFFFF, 0xFFFF, 0xFFFF, 0xFFFF, 0xFFFF, 0xFFFF, 0xFFFF, 0xFFFF, 0xFFFF, 0xFFFF, 0xFFFF, 0xFFFF,
  0xFFFF, 0xFFFF, 0xFFFF, 0xFFFF, 0xFFFF, 0xFFFF, 0xFFFF, 0xFFFF, 0xFFFF, 0xFFFF, 0xFFFF, 0xFFFF,
  0xFFFF, 0xFFFF, 0xFFFF, 0xFFFF, 0xFFFF, 0xFFFF, 0xFFFF, 0xFFFF, 0xFFFF, 0xBDF8, 0x0000, 0x1104,
  0xFFFF, 0xFFFF, 0xFFFF, 0xFFFF, 0xFFFF, 0xFFFF, 0xFFFF, 0xFFFF, 0xFFFF, 0xFFFF, 0xFFFF, 0xFFFF,
  0xFFFF, 0xFFFF, 0xFFFF, 0xFFFF, 0xFFFF, 0xFFFF, 0xFFFF, 0xFFFF, 0xFFFF, 0x7C10, 0x0000, 0x0000,
  0x0000, 0x02ED, 0x07BF, 0x07BF, 0x07FF, 0x6FDF, 0xB7DF, 0x6FDF, 0x6FDF, 0xB7DF, 0xF7FF, 0xFFFF,
  0xFFFF, 0xFFFF, 0xFFFF, 0xFFFF, 0xFFFF, 0xFFFF, 0xFFFF, 0xFFFF, 0xFFFF, 0xFFFF, 0xFFFF, 0xFFFF,
  0xB7DF, 0x065E, 0x06DF, 0xC67A, 0xFFBE, 0xFFFF, 0xF7FF, 0x067F, 0x06BE, 0x06BF, 0x06BF, 0x06DF,
  0xDFFF, 0xFFFF, 0xFFFF, 0xFFFF, 0xFFFF, 0xFFFF, 0xFFFF, 0x073E, 0x065E, 0x06BE, 0x06BF, 0x06BF,
  0x065F, 0x06BF, 0x06BF, 0x06DF, 0x06BF, 0x06BF, 0x06BE, 0x06BF, 0x06BE, 0x06BF, 0x06BF, 0x06BF,
  0x06BF, 0x06BE, 0x06FF, 0x06DF, 0x06BF, 0x06BF, 0x06DF, 0x06BF, 0x06BF, 0x06DF, 0x06BF, 0x06BF,
  0x06BF, 0x067F, 0x06DF, 0x071F, 0x06DF, 0x067F, 0x065F, 0x05DF, 0x065F, 0x065F, 0x05DF, 0x065F,
  0x05DF, 0x065F, 0x06DF, 0x06DF, 0x06DF, 0x06DF, 0x06BF, 0x06DF, 0x065F, 0x06BF, 0x06BE, 0x065F,
  0x06BF, 0x065F, 0x05DF, 0x055F, 0x05DF, 0x057F, 0x05DF, 0x057F, 0x05DF, 0x057F, 0x057F, 0x057F,
  0x057F, 0x05DF, 0x057F, 0x05DF, 0x057F, 0x055F, 0x05DF, 0x057F, 0x05DF, 0x057F, 0x055F, 0x057F,
  0x05DF, 0x055F, 0x05DF, 0x05DF, 0x065F, 0x065F, 0x06DF, 0x06DF, 0x06BF, 0x06DF, 0x06DF, 0x06BF,
  0x06BE, 0x065F, 0x06DF, 0x06DF, 0x06DF, 0x06BE, 0x06BF, 0x06BF, 0x06DF, 0x06BF, 0x06BF, 0x06BF,
  0x06BF, 0x06DF, 0x06DF, 0x06BF, 0x065F, 0x06BF, 0x065F, 0x065F, 0x06BF, 0x065E, 0x06BE, 0x075F,
  0x07FF, 0x07FF, 0x07FF, 0x07FF, 0x07FF, 0x07FF, 0x07FF, 0x07FF, 0x07FF, 0x07FF, 0x07FF, 0x07FF,
  0x07FF, 0x07FF, 0x07FF, 0x07FF, 0x07FF, 0x07FF, 0x07FF, 0x07FF, 0x07FF, 0x07FF, 0x07FF, 0x07FF,
  0x07FF, 0x07FF, 0x07FF, 0x07FF, 0x07FF, 0x07FF, 0x07FF, 0x07FF, 0x07FF, 0x07FF, 0x07FF, 0x07FF,
  0x07FF, 0x07FF, 0x07FF, 0x07FF, 0x07FF, 0x07FF, 0x07FF, 0x07FF, 0x07FF, 0x07FF, 0x07FF, 0x07FF,
  0x07FF, 0x07FF, 0x07FF, 0x07FF, 0xFFFF, 0xFFFF, 0xFFFF, 0xFFFF, 0xFFFF, 0xFFFF, 0xFFFF, 0xFFFF,
  0xFFFF, 0xFFFF, 0xFFFF, 0xFFFF, 0xFFFF, 0xFFFF, 0xFFFF, 0xFFFF, 0xFFFF, 0xFFFF, 0xFFFF, 0xFFFF,
  0xFFFF, 0xFFFF, 0xFFFF, 0xFFFF, 0xFFFF, 0xFFFF, 0xFFFF, 0xFFFF, 0xFFFF, 0xFFFF, 0xFFFF, 0xFFFF,
  0xFFFF, 0xFFFF, 0xFFFF, 0xFFFF, 0xFFFF, 0xFFFF, 0xFFFF, 0xFFFF, 0xFFFF, 0xFFFF, 0xFFFF, 0xFFFF,
  0xFFFF, 0xFFFF, 0xFFFF, 0xFFFF, 0xFFFF, 0xFFFF, 0xFFFF, 0xFFFF, 0xFFFF, 0xFFFF, 0xFFFF, 0xFFFF,
  0xFFFF, 0xFFFF, 0xFFFF, 0xFFFF, 0xFFFF, 0xFFFF, 0xFFFF, 0xFFFF, 0xFFFF, 0xFFFF, 0xFFFF, 0xFFFF,
  0xFFFF, 0xFFFF, 0xFFFF, 0xFFFF, 0xFFFF, 0xFFFF, 0xFFFF, 0xFFFF, 0xFFFF, 0xFFFF, 0xFFFF, 0xFFFF,
  0xFFFF, 0xFFFF, 0xFFFF, 0xFFFF, 0xFFFF, 0xFFFF, 0x528A, 0x0000, 0x528A, 0xFFFF, 0xFFFF, 0xFFFF,
  0xFFFF, 0xFFFF, 0xFFFF, 0xFFFF, 0xFFFF, 0xFFFF, 0xFFFF, 0xFFFF, 0xFFFF, 0xFFFF, 0xFFFF, 0xFFFF,
  0xFFFF, 0xFFFF, 0xFFFF, 0xFFFF, 0xFFFF, 0x528A, 0x0000, 0x0000, 0x0000, 0x0413, 0x07BF, 0x07DF,
  0x6FDF, 0x6FDF, 0xB7DF, 0x6FDF, 0x6FDF, 0xDFFF, 0xFFFF, 0xFFFF, 0xFFFF, 0xFFFF, 0xFFFF, 0xFFFF,
  0xFFFF, 0xFFFF, 0xFFFF, 0xFFFF, 0xFFFF, 0xFFFF, 0xFFFF, 0xFFFF, 0xA75D, 0x06BF, 0x063B, 0xFF7D,
  0xFFFF, 0xFFFF, 0xFFFF, 0x071F, 0x065E, 0x06BF, 0x06BF, 0x06DF, 0xB7DF, 0xFFFF, 0xFFFF, 0xFFFF,
  0xFFFF, 0xFFFF, 0xB7DF, 0x06BD, 0x06BE, 0x06BF, 0x06DF, 0x06BE, 0x06BF, 0x06BF, 0x06BF, 0x06BF,
  0x06BE, 0x06BF, 0x06BF, 0x06DF, 0x06BF, 0x06BF, 0x06BF, 0x06BF, 0x06DF, 0x065F, 0x065F, 0x06BF,
  0x06BF, 0x06DF, 0x06DF, 0x06BF, 0x06FF, 0x06BE, 0x06BF, 0x06BF, 0x06BF, 0x071F, 0x06DF, 0x067F,
  0x05DF, 0x05DF, 0x053E, 0x053E, 0x053E, 0x055F, 0x05DF, 0x053E, 0x05DF, 0x05DD, 0x05DF, 0x05DF,
  0x05DF, 0x05DF, 0x05DF, 0x05DF, 0x05DF, 0x05DF, 0x05DF, 0x05DF, 0x05DF, 0x05DF, 0x055F, 0x05DF,
  0x057F, 0x055F, 0x05DF, 0x055F, 0x05DF, 0x057F, 0x05DF, 0x055F, 0x057F, 0x057F, 0x05DF, 0x057F,
  0x05DF, 0x057F, 0x057F, 0x05DF, 0x057F, 0x05DF, 0x05DF, 0x057F, 0x055F, 0x057F, 0x055F, 0x055F,
  0x053E, 0x05DF, 0x05DF, 0x065F, 0x06BE, 0x06BF, 0x06BF, 0x06FE, 0x075F, 0x077F, 0x07DF, 0x07FF,
  0x07DF, 0x077F, 0x06FE, 0x065F, 0x065F, 0x065F, 0x065F, 0x06BF, 0x06BF, 0x065F, 0x06BF, 0x06BF,
  0x06BF, 0x06DF, 0x06BF, 0x06BF, 0x06DF, 0x06BF, 0x065E, 0x065E, 0x06FE, 0x07FF, 0x07FF, 0x07FF,
  0x07FF, 0x07FF, 0x07FF, 0x07FF, 0x07FF, 0x07FF, 0x07FF, 0x07FF, 0x07FF, 0x07FF, 0x07FF, 0x07FF,
  0x07FF, 0x07FF, 0x07FF, 0x07FF, 0x07FF, 0x07FF, 0x07FF, 0x07FF, 0x07FF, 0x07FF, 0x07FF, 0x07FF,
  0x07FF, 0x07FF, 0x07FF, 0x07FF, 0x07FF, 0x07FF, 0x07FF, 0x07FF, 0x07FF, 0x07FF, 0x07FF, 0x07FF,
  0x07FF, 0x07FF, 0x07FF, 0x07FF, 0x07FF, 0x07FF, 0x07FF, 0x07FF, 0x07FF, 0x07FF, 0x07FF, 0x07FF,
  0xFFFF, 0xFFFF, 0xFFFF, 0xFFFF, 0xFFFF, 0xFFFF, 0xFFFF, 0xFFFF, 0xFFFF, 0xFFFF, 0xFFFF, 0xFFFF,
  0xFFFF, 0xFFFF, 0xFFFF, 0xFFFF, 0xFFFF, 0xFFFF, 0xFFFF, 0xFFFF, 0xFFFF, 0xFFFF, 0xFFFF, 0xFFFF,
  0xFFFF, 0xFFFF, 0xFFFF, 0xFFFF, 0xFFFF, 0xFFFF, 0xFFFF, 0xFFFF, 0xFFFF, 0xFFFF, 0xFFFF, 0xFFFF,
  0xFFFF, 0xFFFF, 0xFFFF, 0xFFFF, 0xFFFF, 0xFFFF, 0xFFFF, 0xFFFF, 0xFFFF, 0xFFFF, 0xFFFF, 0xFFFF,
  0xFFFF, 0xFFFF, 0xFFFF, 0xFFFF, 0xFFFF, 0xFFFF, 0xFFFF, 0xFFFF, 0xFFFF, 0xFFFF, 0xFFFF, 0xFFFF,
  0xFFFF, 0xFFFF, 0xFFFF, 0xFFFF, 0xFFFF, 0xFFFF, 0xFFFF, 0xFFFF, 0xFFFF, 0xFFFF, 0xFFFF, 0xFFFF,
  0xFFFF, 0xFFFF, 0xFFFF, 0xFFFF, 0xFFFF, 0xFFFF, 0xFFFF, 0xFFFF, 0xFFFF, 0xFFFF, 0xFFFF, 0xFFFF,
  0xFFFF, 0xFFFF, 0xF7BE, 0x0021, 0x0000, 0x94D3, 0xFFFF, 0xFFFF, 0xFFFF, 0xFFFF, 0xFFFF, 0xFFFF,
  0xFFFF, 0xFFFF, 0xFFFF, 0xFFFF, 0xFFFF, 0xFFFF, 0xFFFF, 0xFFFF, 0xFFFF, 0xFFFF, 0xFFFF, 0xFFFF,
  0xBEDD, 0x0020, 0x0000, 0x0000, 0x0000, 0x0516, 0x07DF, 0x07FF, 0x6FDF, 0xB7DF, 0x6FDF, 0x6FDF,
  0xB7DF, 0xFFFF, 0xFFFF, 0xFFFF, 0xFFFF, 0xFFFF, 0xFFFF, 0xFFFF, 0xFFFF, 0xFFFF, 0xFFFF, 0xFFFF,
  0xFFFF, 0xFFFF, 0xFFFF, 0xFFFF, 0x6FDF, 0x05DD, 0x073E, 0xFFFF, 0xFFFF, 0xFFFF, 0xFFBE, 0x06DF,
  0x065E, 0x06BF, 0x065E, 0x06DF, 0xB7DF, 0xFFFF, 0xFFFF, 0xFFFF, 0xFFFF, 0xFFFF, 0x06BE, 0x065E,
  0x06BF, 0x065F, 0x06BE, 0x06BF, 0x06BF, 0x06BF, 0x06DF, 0x065F, 0x06BF, 0x06BE, 0x06BF, 0x065F,
  0x06BF, 0x06BF, 0x06BE, 0x06BF, 0x05DF, 0x057F, 0x05DF, 0x057F, 0x05DF, 0x05DF, 0x065F, 0x065F,
  0x065F, 0x065F, 0x06DF, 0x065F, 0x065F, 0x05DF, 0x3D7F, 0x05DF, 0x05DF, 0x05DF, 0x05DF, 0x057F,
  0x05DF, 0x05DD, 0x055F, 0x05DF, 0x055F, 0x055F, 0x055F, 0x055F, 0x055F, 0x055F, 0x055F, 0x055F,
  0x055F, 0x055F, 0x055F, 0x055F, 0x055F, 0x055F, 0x055F, 0x055F, 0x05DF, 0x057F, 0x055F, 0x05DF,
  0x055F, 0x055F, 0x053E, 0x05DF, 0x05DF, 0x055F, 0x055F, 0x05DF, 0x053E, 0x057F, 0x05DF, 0x053E,
  0x057F, 0x055F, 0x057F, 0x05DF, 0x057F, 0x05DF, 0x055F, 0x057F, 0x055F, 0x055F, 0x055F, 0x055F,
  0x05DF, 0x06DF, 0x07BF, 0x07FF, 0x07FF, 0x07FF, 0x07FF, 0x07FF, 0x07FF, 0x07FF, 0x07FF, 0x077F,
  0x06FE, 0x06DF, 0x075F, 0x06DF, 0x06BE, 0x06BF, 0x06BF, 0x065F, 0x06BF, 0x065F, 0x06BF, 0x065F,
  0x065E, 0x065E, 0x06BE, 0x075F, 0x075F, 0x07FF, 0x07FF, 0x07FF, 0x07FF, 0x07FF, 0x07FF, 0x07FF,
  0x07FF, 0x07FF, 0x07FF, 0x07FF, 0x07FF, 0x07FF, 0x07FF, 0x07FF, 0x07FF, 0x07FF, 0x07FF, 0x07FF,
  0x07FF, 0x07FF, 0x07FF, 0x07FF, 0x07FF, 0x07FF, 0x07FF, 0x07FF, 0x07FF, 0x07FF, 0x07FF, 0x07FF,
  0x07FF, 0x07FF, 0x07FF, 0x07FF, 0x07FF, 0x07FF, 0x07FF, 0x07FF, 0x07FF, 0x07FF, 0x07FF, 0x07FF,
  0x07FF, 0x07FF, 0x07FF, 0x07FF, 0x07FF, 0x07FF, 0x07FF, 0x07FF, 0xFFFF, 0xFFFF, 0xFFFF, 0xFFFF,
  0xFFFF, 0xFFFF, 0xFFFF, 0xFFFF, 0xFFFF, 0xFFFF, 0xFFFF, 0xFFFF, 0xFFFF, 0xFFFF, 0xFFFF, 0xFFFF,
  0xFFFF, 0xFFFF, 0xFFFF, 0xFFFF, 0xFFFF, 0xFFFF, 0xFFFF, 0xFFFF, 0xFFFF, 0xFFFF, 0xFFFF, 0xFFFF,
  0xFFFF, 0xFFFF, 0xFFFF, 0xFFFF, 0xFFFF, 0xFFFF, 0xFFFF, 0xFFFF, 0xFFFF, 0xFFFF, 0xFFFF, 0xFFFF,
  0xFFFF, 0xFFFF, 0xFFFF, 0xFFFF, 0xFFFF, 0xFFFF, 0xFFFF, 0xFFFF, 0xFFFF, 0xFFFF, 0xFFFF, 0xFFFF,
  0xFFFF, 0xFFFF, 0xFFFF, 0xFFFF, 0xFFFF, 0xFFFF, 0xFFFF, 0xFFFF, 0xFFFF, 0xFFFF, 0xFFFF, 0xFFFF,
  0xFFFF, 0xFFFF, 0xFFFF, 0xFFFF, 0xFFFF, 0xFFFF, 0xFFFF, 0xFFFF, 0xFFFF, 0xFFFF, 0xFFFF, 0xFFFF,
  0xFFFF, 0xFFFF, 0xFFFF, 0xFFFF, 0xFFFF, 0xFFFF, 0xFFFF, 0xFFFF, 0xFFFF, 0xFFFF, 0xFFBE, 0x7C10,
  0x0000, 0x0000, 0xEF5D, 0xFFFF, 0xFFFF, 0xFFFF, 0xFFFF, 0xFFFF, 0xFFFF, 0xFFFF, 0xFFFF, 0xFFFF,
  0xFFFF, 0xFFFF, 0xFFFF, 0xFFFF, 0xFFFF, 0xFFFF, 0xFFFF, 0xFFFF, 0x0516, 0x0000, 0x0000, 0x0000,
  0x0000, 0x05B8, 0x07DF, 0x6FDF, 0x6FDF, 0xB7DF, 0x6FDF, 0x6FDF, 0xFFFF, 0xFFFF, 0xFFFF, 0xFFFF,
  0xFFFF, 0xFFFF, 0xFFFF, 0xFFFF, 0xFFFF, 0xFFFF, 0xFFFF, 0xFFFF, 0xFFFF, 0xFFFF, 0xFFFF, 0xFFFF,
  0x671E, 0x05DD, 0x6FDF, 0xFFFF, 0xFFFF, 0xFFFF, 0xFFFF, 0x063B, 0x06BE, 0x065F, 0x06BF, 0x065F,
  0xB7DF, 0xFFFF, 0xFFFF, 0xFFFF, 0xFFFF, 0xA75D, 0x065E, 0x06BF, 0x06BF, 0x06DF, 0x06BF, 0x06BF,
  0x06BE, 0x06DF, 0x065F, 0x06BF, 0x065F, 0x06BF, 0x06BE, 0x06BF, 0x065F, 0x06DF, 0x065F, 0x06BF,
  0x05DF, 0x055F, 0x053F, 0x053E, 0x053E, 0x053F, 0x053E, 0x053E, 0x053E, 0x05DF, 0x05DF, 0x05DF,
  0x053E, 0x051F, 0x05DF, 0x3D7F, 0x05DF, 0x3D7F, 0x05DF, 0x05DF, 0x053E, 0x055F, 0x055F, 0x057F,
  0x055F, 0x05DF, 0x055F, 0x05DF, 0x055F, 0x05DF, 0x053E, 0x05DF, 0x055F, 0x05DF, 0x057F, 0x057F,
  0x055F, 0x057F, 0x05DF, 0x057F, 0x055F, 0x055F, 0x053E, 0x057F, 0x055F, 0x05DF, 0x05DF, 0x055F,
  0x053E, 0x055F, 0x05DF, 0x055F, 0x057F, 0x05DF, 0x053E, 0x057F, 0x05DF, 0x053E, 0x05DF, 0x057F,
  0x053E, 0x04FE, 0x053E, 0x055F, 0x057F, 0x057F, 0x053E, 0x05DD, 0x055F, 0x06DF, 0x07FF, 0x07FF,
  0x07FF, 0x07FF, 0x07FF, 0x07FF, 0x07FF, 0x07FF, 0x07FF, 0x07FF, 0x07FF, 0x07FF, 0x07FF, 0x07FF,
  0x07FF, 0x077F, 0x075F, 0x075F, 0x075F, 0x06FE, 0x065F, 0x065E, 0x05DD, 0x065F, 0x07FF, 0x07FF,
  0x07FF, 0x07FF, 0x07FF, 0x07FF, 0x07FF, 0x07FF, 0x07FF, 0x07FF, 0x07FF, 0x07FF, 0x07FF, 0x07FF,
  0x07FF, 0x07FF, 0x07FF, 0x07FF, 0x07FF, 0x07FF, 0x07FF, 0x07FF, 0x07FF, 0x07FF, 0x07FF, 0x07FF,
  0x07FF, 0x07FF, 0x07FF, 0x07FF, 0x07FF, 0x07FF, 0x07FF, 0x07FF, 0x07FF, 0x07FF, 0x07FF, 0x07FF,
  0x07FF, 0x07FF, 0x07FF, 0x07FF, 0x07FF, 0x07FF, 0x07FF, 0x07FF, 0x07FF, 0x07FF, 0x07FF, 0x07FF,
  0x07FF, 0x07FF, 0x07FF, 0x07FF, 0xFFFF, 0xFFFF, 0xFFFF, 0xFFFF, 0xFFFF, 0xFFFF, 0xFFFF, 0xFFFF,
  0xFFFF, 0xFFFF, 0xFFFF, 0xFFFF, 0xFFFF, 0xFFFF, 0xFFFF, 0xFFFF, 0xFFFF, 0xFFFF, 0xFFFF, 0xFFFF,
  0xFFFF, 0xFFFF, 0xFFFF, 0xFFFF, 0xFFFF, 0xFFFF, 0xFFFF, 0xFFFF, 0xFFFF, 0xFFFF, 0xFFFF, 0xFFFF,
  0xFFFF, 0xFFFF, 0xFFFF, 0xFFFF, 0xFFFF, 0xFFFF, 0xFFFF, 0xFFFF, 0xFFFF, 0xFFFF, 0xFFFF, 0xFFFF,
  0xFFFF, 0xFFFF, 0xFFFF, 0xFFFF, 0xFFFF, 0xFFFF, 0xFFFF, 0xFFFF, 0xFFFF, 0xFFFF, 0xFFFF, 0xFFFF,
  0xFFFF, 0xFFFF, 0xFFFF, 0xFFFF, 0xFFFF, 0xFFFF, 0xFFFF, 0xFFFF, 0xFFFF, 0xFFFF, 0xFFFF, 0xFFFF,
  0xFFFF, 0xFFFF, 0xFFFF, 0xFFFF, 0xFFFF, 0xFFFF, 0xFFFF, 0xFFFF, 0xFFFF, 0xFFFF, 0xFFFF, 0xFFFF,
  0xFFFF, 0xFFFF, 0xFFFF, 0xFFFF, 0xFFFF, 0xFFFF, 0xFFFF, 0xFF7D, 0x1021, 0x0000, 0x41E8, 0xFFFF,
  0xFFFF, 0xFFFF, 0xFFFF, 0xFFFF, 0xFFFF, 0xFFFF, 0xFFFF, 0xFFFF, 0xFFFF, 0xFFFF, 0xFFFF, 0xFFFF,
  0xFFFF, 0xFFFF, 0xFFFF, 0x6FDF, 0x0413, 0x0000, 0x0000, 0x0000, 0x0000, 0x0516, 0x07DF, 0x6FDF,
  0xB7DF, 0x6FDF, 0x6FDF, 0xDFFF, 0xFFFF, 0xFFFF, 0xFFFF, 0xFFFF, 0xFFFF, 0xFFFF, 0xFFFF, 0xFFFF,
  0xFFFF, 0xFFFF, 0xFFFF, 0xFFFF, 0xFFFF, 0xFFFF, 0xFFFF, 0xFFFF, 0x671E, 0x065E, 0x6FDF, 0xF7FF,
  0xFFFF, 0xFFFF, 0xFFFF, 0x06BE, 0x065E, 0x05DF, 0x05DF, 0x05DF, 0x6FDF, 0xFFFF, 0xFFFF, 0xFFFF,
  0xF7FF, 0x05DF, 0x05DD, 0x05DF, 0x065F, 0x065F, 0x065F, 0x06DF, 0x065F, 0x06BF, 0x06BF, 0x06BF,
  0x06BE, 0x065F, 0x065F, 0x06DF, 0x06BE, 0x073E, 0x067F, 0x065F, 0x065F, 0x057F, 0x057F, 0x057F,
  0x057F, 0x057F, 0x055F, 0x057F, 0x057F, 0x055F, 0x053F, 0x055F, 0x055F, 0x055F, 0x057F, 0x053E,
  0x057F, 0x051F, 0x051F, 0x057F, 0x055F, 0x057F, 0x055F, 0x055F, 0x057F, 0x055F, 0x057F, 0x055F,
  0x057F, 0x057F, 0x057F, 0x055F, 0x053E, 0x057F, 0x053E, 0x05DF, 0x057F, 0x057F, 0x057F, 0x057F,
  0x057F, 0x057F, 0x05DF, 0x057F, 0x055F, 0x053E, 0x057F, 0x055F, 0x057F, 0x05DF, 0x055F, 0x057F,
  0x05DF, 0x053E, 0x05DF, 0x055F, 0x057F, 0x057F, 0x055F, 0x055F, 0x05DF, 0x065F, 0x071F, 0x077F,
  0x07BF, 0x07BF, 0x07BF, 0x07BF, 0x077F, 0x07FF, 0x07FF, 0x07FF, 0x07FF, 0x07FF, 0x07FF, 0x07FF,
  0x07FF, 0x07FF, 0x07FF, 0x07FF, 0x07FF, 0x07FF, 0x07FF, 0x07FF, 0x07FF, 0x07FF, 0x07FF, 0x07FF,
  0x07FF, 0x07FF, 0x07FF, 0x07BF, 0x077F, 0x07FF, 0x07FF, 0x07FF, 0x07FF, 0x07FF, 0x07FF, 0x07FF,
  0x07FF, 0x07FF, 0x07FF, 0x07FF, 0x07FF, 0x07FF, 0x07FF, 0x07FF, 0x07FF, 0x07FF, 0x07FF, 0x07FF,
  0x07FF, 0x07FF, 0x07FF, 0x07FF, 0x07FF, 0x07FF, 0x07FF, 0x07FF, 0x07FF, 0x07FF, 0x07FF, 0x07FF,
  0x07FF, 0x07FF, 0x07FF, 0x07FF, 0x07FF, 0x07FF, 0x07FF, 0x07FF, 0x07FF, 0x07FF, 0x07FF, 0x07FF,
  0x07FF, 0x07FF, 0x07FF, 0x07FF, 0x07FF, 0x07FF, 0x07FF, 0x07FF, 0x07FF, 0x07FF, 0x07FF, 0x07FF,
  0xFFFF, 0xFFFF, 0xFFFF, 0xFFFF, 0xFFFF, 0xFFFF, 0xFFFF, 0xFFFF, 0xFFFF, 0xFFFF, 0xFFFF, 0xFFFF,
  0xFFFF, 0xFFFF, 0xFFFF, 0xFFFF, 0xFFFF, 0xFFFF, 0xFFFF, 0xFFFF, 0xFFFF, 0xFFFF, 0xFFFF, 0xFFFF,
  0xFFFF, 0xFFFF, 0xFFFF, 0xFFFF, 0xFFFF, 0xFFFF, 0xFFFF, 0xFFFF, 0xFFFF, 0xFFFF, 0xFFFF, 0xFFFF,
  0xFFFF, 0xFFFF, 0xFFFF, 0xFFFF, 0xFFFF, 0xFFFF, 0xFFFF, 0xFFFF, 0xFFFF, 0xFFFF, 0xFFFF, 0xFFFF,
  0xFFFF, 0xFFFF, 0xFFFF, 0xFFFF, 0xFFFF, 0xFFFF, 0xFFFF, 0xFFFF, 0xFFFF, 0xFFFF, 0xFFFF, 0xFFFF,
  0xFFFF, 0xFFFF, 0xFFFF, 0xFFFF, 0xFFFF, 0xFFFF, 0xFFFF, 0xFFFF, 0xFFFF, 0xFFFF, 0xFFFF, 0xFFFF,
  0xFFFF, 0xFFFF, 0xFFFF, 0xFFFF, 0xFFFF, 0xFFFF, 0xFFFF, 0xFFFF, 0xFFFF, 0xFFFF, 0xFFFF, 0xFFFF,
  0xFFFF, 0xFFFF, 0xFFFF, 0xFFFF, 0xA596, 0x0000, 0x0000, 0xA596, 0xFFFF, 0xFFFF, 0xFFFF, 0xFFFF,
  0xFFFF, 0xFFFF, 0xFFFF, 0xFFFF, 0xFFFF, 0xFFFF, 0xFFFF, 0xFFFF, 0xFFFF, 0xFFFF, 0xB7DF, 0x075F,
  0x0378, 0x0000, 0x0000, 0x0000, 0x0000, 0x253A, 0x07DF, 0xB7DF, 0xB7DF, 0x6FDF, 0xB7DF, 0xFFFF,
  0xFFFF, 0xFFFF, 0xFFFF, 0xFFFF, 0xFFFF, 0xFFFF, 0xFFFF, 0xFFFF, 0xFFFF, 0xFFFF, 0xFFFF, 0xFFFF,
  0xFFFF, 0xFFFF, 0xFFFF, 0xFFFF, 0x06BE, 0x065E, 0x6FDF, 0xFFBF, 0xFFFF, 0xFFFF, 0xFFFF, 0x06BE,
  0x05DF, 0x055F, 0x04FE, 0x04FE, 0xA75D, 0xFFFF, 0xFFFF, 0xFFFF, 0x671E, 0x04DD, 0x053F, 0x055F,
  0x055F, 0x05DF, 0x065F, 0x065F, 0x06DF, 0x065F, 0x06BE, 0x065F, 0x06BF, 0x06BF, 0x06BF, 0x06BE,
  0x671E, 0x073E, 0x3D7F, 0x065F, 0x05DF, 0x053E, 0x057F, 0x057F, 0x057F, 0x057F, 0x055F, 0x057F,
  0x057F, 0x055F, 0x057F, 0x057F, 0x055F, 0x057F, 0x055F, 0x055F, 0x055F, 0x057F, 0x057F, 0x055F,
  0x055F, 0x055F, 0x057F, 0x057F, 0x055F, 0x057F, 0x057F, 0x05DF, 0x053E, 0x057F, 0x055F, 0x057F,
  0x05DF, 0x053E, 0x057F, 0x057F, 0x057F, 0x055F, 0x055F, 0x057F, 0x055F, 0x057F, 0x055F, 0x057F,
  0x057F, 0x05DF, 0x055F, 0x057F, 0x055F, 0x055F, 0x055F, 0x053E, 0x057F, 0x055F, 0x055F, 0x057F,
  0x055F, 0x057F, 0x053E, 0x053E, 0x065F, 0x07FF, 0x07FF, 0x07FF, 0x07FF, 0x07FE, 0x07FF, 0x07FF,
  0x07FF, 0x07FF, 0x07FF, 0x07FF, 0x07FF, 0x07FF, 0x07FF, 0x07FF, 0x07FF, 0x07FF, 0x07FF, 0x07FF,
  0x07FF, 0x07FF, 0x07FF, 0x07FF, 0x07FF, 0x07FF, 0x07FF, 0x07FF, 0x07FF, 0x07FF, 0x07FF, 0x07FF,
  0x07FF, 0x07FF, 0x07FF, 0x07FF, 0x07FF, 0x07FF, 0x07FF, 0x071F, 0x065E, 0x05DF, 0x05DF, 0x065F,
  0x07BF, 0x07FF, 0x07FF, 0x07FF, 0x07FF, 0x07FF, 0x07FF, 0x07FF, 0x07FF, 0x07FF, 0x07FF, 0x07FF,
  0x07FF, 0x07FF, 0x07FF, 0x07FF, 0x07FF, 0x07FF, 0x07FF, 0x07FF, 0x07FF, 0x07FF, 0x07FF, 0x07FF,
  0x07FF, 0x07FF, 0x07FF, 0x07FF, 0x07FF, 0x07FF, 0x07FF, 0x07FF, 0x07FF, 0x07FF, 0x07FF, 0x07FF,
  0x07FF, 0x07FF, 0x07FF, 0x07FF, 0x07FF, 0x07FF, 0x07FF, 0x07FF, 0xFFFF, 0xFFFF, 0xFFFF, 0xFFFF,
  0xFFFF, 0xFFFF, 0xFFFF, 0xFFFF, 0xFFFF, 0xFFFF, 0xFFFF, 0xFFFF, 0xFFFF, 0xFFFF, 0xFFFF, 0xFFFF,
  0xFFFF, 0xFFFF, 0xFFFF, 0xFFFF, 0xFFFF, 0xFFFF, 0xFFFF, 0xFFFF, 0xFFFF, 0xFFFF, 0xFFFF, 0xFFFF,
  0xFFFF, 0xFFFF, 0xFFFF, 0xFFFF, 0xFFFF, 0xFFFF, 0xFFFF, 0xFFFF, 0xFFFF, 0xFFFF, 0xFFFF, 0xFFFF,
  0xFFFF, 0xFFFF, 0xFFFF, 0xFFFF, 0xFFFF, 0xFFFF, 0xFFFF, 0xFFFF, 0xFFFF, 0xFFFF, 0xFFFF, 0xFFFF,
  0xFFFF, 0xFFFF, 0xFFFF, 0xFFFF, 0xFFFF, 0xFFFF, 0xFFFF, 0xFFFF, 0xFFFF, 0xFFFF, 0xFFFF, 0xFFFF,
  0xFFFF, 0xFFFF, 0xFFFF, 0xFFFF, 0xFFFF, 0xFFFF, 0xFFFF, 0xFFFF, 0xFFFF, 0xFFFF, 0xFFFF, 0xFFFF,
  0xFFFF, 0xFFFF, 0xFFFF, 0xFFFF, 0xFFFF, 0xFFFF, 0xFFFF, 0xFFFF, 0xFFFF, 0xFFFF, 0xFFFF, 0xFFFF,
  0xFFBE, 0x41E8, 0x0000, 0x20C4, 0xFFFF, 0xFFFF, 0xFFFF, 0xFFFF, 0xFFFF, 0xFFFF, 0xFFFF, 0xFFFF,
  0xFFFF, 0xFFFF, 0xFFFF, 0xFFFF, 0xFFFF, 0xEFFE, 0x065F, 0x06FF, 0x0413, 0x0000, 0x0000, 0x0000,
  0x0000, 0x94D3, 0xDFFF, 0xB7DF, 0x6FDF, 0xB7DF, 0xFFFF, 0xFFFF, 0xFFFF, 0xFFFF, 0xFFFF, 0xFFFF,
  0xFFFF, 0xFFFF, 0xFFFF, 0xFFFF, 0xFFFF, 0xFFFF, 0xFFFF, 0xFFFF, 0xFFFF, 0xFFFF, 0xFFFF, 0xC67A,
  0x063B, 0x065F, 0xDFFF, 0xFFFF, 0xFFFF, 0xFFFF, 0xFFFF, 0x06BE, 0x05DF, 0x055F, 0x055F, 0x053E,
  0xB7DF, 0xFFFF, 0xFFFF, 0xF7BE, 0x3D7F, 0x3D7F, 0x05DF, 0x055F, 0x055F, 0x055F, 0x053E, 0x055F,
  0x05DF, 0x065F, 0x065F, 0x065F, 0x065F, 0x065F, 0x065F, 0x06BE, 0x3D7F, 0x3D7F, 0x3D7F, 0x057F,
  0x055F, 0x055F, 0x055F, 0x057F, 0x057F, 0x053E, 0x057F, 0x055F, 0x057F, 0x057F, 0x053E, 0x055F,
  0x057F, 0x055F, 0x057F, 0x055F, 0x057F, 0x055F, 0x055F, 0x057F, 0x055F, 0x057F, 0x05DF, 0x055F,
  0x057F, 0x057F, 0x053E, 0x057F, 0x057F, 0x055F, 0x053E, 0x055F, 0x053E, 0x05DF, 0x053E, 0x057F,
  0x053E, 0x057F, 0x057F, 0x057F, 0x057F, 0x053E, 0x057F, 0x053E, 0x057F, 0x053E, 0x057F, 0x053E,
  0x057F, 0x057F, 0x057F, 0x057F, 0x057F, 0x057F, 0x057F, 0x057F, 0x053E, 0x057F, 0x055F, 0x053E,
  0x05DF, 0x07FF, 0x07FF, 0x07FE, 0x07FF, 0x07FF, 0x07FF, 0x07FF, 0x07FF, 0x07FF, 0x07FF, 0x07FF,
  0x07FF, 0x07FF, 0x07FF, 0x07FF, 0x07FF, 0x07FF, 0x07FF, 0x07FF, 0x07FF, 0x07FF, 0x07FF, 0x07FF,
  0x07FF, 0x07FF, 0x07FF, 0x07FF, 0x07FF, 0x07FF, 0x07FF, 0x07FF, 0x07FF, 0x07FF, 0x07FE, 0x071F,
  0x065F, 0x05DF, 0x05DF, 0x053E, 0x05DD, 0x05DD, 0x065F, 0x06DF, 0x07FF, 0x07FF, 0x07FF, 0x07FF,
  0x07FF, 0x07FF, 0x07FF, 0x07FF, 0x07FF, 0x07FF, 0x07FF, 0x07FF, 0x07FF, 0x07FF, 0x07FF, 0x07FF,
  0x07FF, 0x07FF, 0x07FF, 0x07FF, 0x07FF, 0x07FF, 0x07FF, 0x07FF, 0x07FF, 0x07FF, 0x07FF, 0x07FF,
  0x07FF, 0x07FF, 0x07FF, 0x07FF, 0x07FF, 0x07FF, 0x07FF, 0x07FF, 0x07FF, 0x07FF, 0x07FF, 0x07FF,
  0x07FF, 0x07FF, 0x07FF, 0x07FF, 0xFFFF, 0xFFFF, 0xFFFF, 0xFFFF, 0xFFFF, 0xFFFF, 0xFFFF, 0xFFFF,
  0xFFFF, 0xFFFF, 0xFFFF, 0xFFFF, 0xFFFF, 0xFFFF, 0xFFFF, 0xFFFF, 0xFFFF, 0xFFFF, 0xFFFF, 0xFFFF,
  0xFFFF, 0xFFFF, 0xFFFF, 0xFFFF, 0xFFFF, 0xFFFF, 0xFFFF, 0xFFFF, 0xFFFF, 0xFFFF, 0xFFFF, 0xFFFF,
  0xFFFF, 0xFFFF, 0xFFFF, 0xFFFF, 0xFFFF, 0xFFFF, 0xFFFF, 0xFFFF, 0xFFFF, 0xFFFF, 0xFFFF, 0xFFFF,
  0xFFFF, 0xFFFF, 0xFFFF, 0xFFFF, 0xFFFF, 0xFFFF, 0xFFFF, 0xFFFF, 0xFFFF, 0xFFFF, 0xFFFF, 0xFFFF,
  0xFFFF, 0xFFFF, 0xFFFF, 0xFFFF, 0xFFFF, 0xFFFF, 0xFFFF, 0xFFFF, 0xFFFF, 0xFFFF, 0xFFFF, 0xFFFF,
  0xFFFF, 0xFFFF, 0xFFFF, 0xFFFF, 0xFFFF, 0xFFFF, 0xFFFF, 0xFFFF, 0xFFFF, 0xFFFF, 0xFFFF, 0xFFFF,
  0xFFFF, 0xFFFF, 0xFFFF, 0xFFFF, 0xFFFF, 0xFFFF, 0xFFFF, 0xFFFF, 0xFFFF, 0xBDF8, 0x0000, 0x0000,
  0x94D3, 0xFFFF, 0xFFFF, 0xFFFF, 0xFFFF, 0xFFFF, 0xFFFF, 0xFFFF, 0xFFFF, 0xFFFF, 0xFFFF, 0xFFFF,
  0xFFFF, 0x073E, 0x05DD, 0x075F, 0x0413, 0x0000, 0x0000, 0x0000, 0x0000, 0x253A, 0xDFFF, 0xB7DF,
  0x6FDF, 0xF7FF, 0xFFFF, 0xFFFF, 0xFFFF, 0xFFFF, 0xFFFF, 0xFFFF, 0xFFFF, 0xFFFF, 0xFFFF, 0xFFFF,
  0xFFFF, 0xFFFF, 0xFFFF, 0xFFFF, 0xFFFF, 0xFFFF, 0xDEDB, 0xC67A, 0x06DF, 0x06DF, 0xF7FF, 0xFFFF,
  0xFFFF, 0xFFFF, 0xFFFF, 0x05FB, 0x04FE, 0x057F, 0x057F, 0x3D7F, 0xCF3D, 0xFFFF, 0xFFBF, 0xBEDD,
  0x3D7F, 0x05DF, 0x053E, 0x053E, 0x055F, 0x057F, 0x053F, 0x053F, 0x053E, 0x055F, 0x057F, 0x057F,
  0x057F, 0x05DF, 0x3D7F, 0x3D7F, 0x3D7F, 0x3D7F, 0x3D7F, 0x3D7F, 0x053E, 0x055F, 0x057F, 0x055F,
  0x053E, 0x057F, 0x057F, 0x053E, 0x057F, 0x053E, 0x057F, 0x057F, 0x053E, 0x057F, 0x055F, 0x053E,
  0x055F, 0x053E, 0x057F, 0x053E, 0x057F, 0x053E, 0x057F, 0x053E, 0x057F, 0x053E, 0x057F, 0x057F,
  0x053E, 0x055F, 0x057F, 0x053E, 0x057F, 0x057F, 0x053E, 0x057F, 0x057F, 0x057F, 0x053E, 0x057F,
  0x053E, 0x057F, 0x057F, 0x057F, 0x057F, 0x057F, 0x057F, 0x057F, 0x057F, 0x053E, 0x057F, 0x053E,
  0x057F, 0x053E, 0x057F, 0x053E, 0x057F, 0x057F, 0x055F, 0x057F, 0x04FE, 0x05DF, 0x07BF, 0x07FF,
  0x07FF, 0x07FF, 0x07FF, 0x07FF, 0x07FF, 0x07FF, 0x07FF, 0x07FF, 0x07FF, 0x07FF, 0x07FF, 0x07FF,
  0x07FF, 0x07FF, 0x07FF, 0x07FF, 0x07FF, 0x07FF, 0x07FF, 0x07FF, 0x07FF, 0x07FF, 0x07FF, 0x07FF,
  0x07FF, 0x07FF, 0x07FF, 0x07FF, 0x07FF, 0x077F, 0x06BE, 0x05DD, 0x05DF, 0x05DF, 0x071F, 0x071F,
  0x07BF, 0x07FF, 0x07FF, 0x07FF, 0x07FF, 0x07FF, 0x07FF, 0x07FF, 0x07FF, 0x07FF, 0x07FF, 0x07FF,
  0x07FF, 0x07FF, 0x07FF, 0x07FF, 0x07FF, 0x07FF, 0x07FF, 0x07FF, 0x07FF, 0x07FF, 0x07FF, 0x07FF,
  0x07FF, 0x07FF, 0x07FF, 0x07FF, 0x07FF, 0x07FF, 0x07FF, 0x07FF, 0x07FF, 0x07FF, 0x07FF, 0x07FF,
  0x07FF, 0x07FF, 0x07FF, 0x07FF, 0x07FF, 0x07FF, 0x07FF, 0x07FF, 0x07FF, 0x07FF, 0x07FF, 0x07FF,
  0xFFFF, 0xFFFF, 0xFFFF, 0xFFFF, 0xFFFF, 0xFFFF, 0xFFFF, 0xFFFF, 0xFFFF, 0xFFFF, 0xFFFF, 0xFFFF,
  0xFFFF, 0xFFFF, 0xFFFF, 0xFFFF, 0xFFFF, 0xFFFF, 0xFFFF, 0xFFFF, 0xFFFF, 0xFFFF, 0xFFFF, 0xFFFF,
  0xFFFF, 0xFFFF, 0xFFFF, 0xFFFF, 0xFFFF, 0xFFFF, 0xFFFF, 0xFFFF, 0xFFFF, 0xFFFF, 0xFFFF, 0xFFFF,
  0xFFFF, 0xFFFF, 0xFFFF, 0xFFFF, 0xFFFF, 0xFFFF, 0xFFFF, 0xFFFF, 0xFFFF, 0xFFFF, 0xFFFF, 0xFFFF,
  0xFFFF, 0xFFFF, 0xFFFF, 0xFFFF, 0xFFFF, 0xFFFF, 0xFFFF, 0xFFFF, 0xFFFF, 0xFFFF, 0xFFFF, 0xFFFF,
  0xFFFF, 0xFFFF, 0xFFFF, 0xFFFF, 0xFFFF, 0xFFFF, 0xFFFF, 0xFFFF, 0xFFFF, 0xFFFF, 0xFFFF, 0xFFFF,
  0xFFFF, 0xFFFF, 0xFFFF, 0xFFFF, 0xFFFF, 0xFFFF, 0xFFFF, 0xFFFF, 0xFFFF, 0xFFFF, 0xFFFF, 0xFFFF,
  0xFFFF, 0xFFFF, 0xFFFF, 0xFFFF, 0xFFFF, 0xFFFF, 0x632C, 0x0000, 0x0000, 0xDEDB, 0xFFFF, 0xFFFF,
  0xFFFF, 0xFFFF, 0xFFFF, 0xFFFF, 0xFFFF, 0xFFFF, 0xFFFF, 0xFFFF, 0x671E, 0x05DD, 0x06BF, 0x07BF,
  0x0413, 0x0000, 0x0000, 0x0000, 0x0000, 0x94D3, 0xDFFF, 0xB7DF, 0xDFFF, 0xFFFF, 0xFFFF, 0xFFFF,
  0xFFFF, 0xFFFF, 0xFFFF, 0xFFFF, 0xFFFF, 0xFFFF, 0xFFFF, 0xFFFF, 0xFFFF, 0xFFFF, 0xFFFF, 0xFFFF,
  0xFFFF, 0xF7BE, 0xDEDB, 0xDF7E, 0x05DD, 0x06BE, 0xFFFF, 0xFFFF, 0xFFFF, 0xFFFF, 0xFFFF, 0x661C,
  0x3D7F, 0x3D7F, 0x3D7F, 0x3D7F, 0xB7DF, 0xFFFF, 0xEFBF, 0x859B, 0x051F, 0x051F, 0x055F, 0x053F,
  0x055F, 0x053F, 0x053E, 0x057F, 0x055F, 0x053F, 0x055F, 0x053F, 0x053E, 0x051F, 0x3D7F, 0x3D7F,
  0x3D7F, 0x661C, 0x3D7F, 0x3D7F, 0x057F, 0x055F, 0x053F, 0x053E, 0x055F, 0x053E, 0x057F, 0x057F,
  0x053E, 0x057F, 0x057F, 0x057F, 0x057F, 0x053E, 0x053E, 0x055F, 0x055F, 0x055F, 0x053E, 0x057F,
  0x057F, 0x057F, 0x057F, 0x057F, 0x057F, 0x057F, 0x055F, 0x057F, 0x057F, 0x057F, 0x057F, 0x055F,
  0x057F, 0x053E, 0x057F, 0x053E, 0x057F, 0x053E, 0x057F, 0x057F, 0x057F, 0x053E, 0x055F, 0x053E,
  0x053E, 0x053E, 0x055F, 0x057F, 0x053E, 0x057F, 0x053E, 0x057F, 0x057F, 0x057F, 0x057F, 0x053E,
  0x057F, 0x053E, 0x057F, 0x053E, 0x057F, 0x04FE, 0x057F, 0x071F, 0x07FF, 0x07FF, 0x07FF, 0x07FF,
  0x07FF, 0x07FF, 0x07FF, 0x07FF, 0x07FF, 0x07FF, 0x07FF, 0x07FF, 0x07FF, 0x07FF, 0x07FF, 0x07FF,
  0x07FF, 0x07FF, 0x07FF, 0x07FF, 0x07FF, 0x07FF, 0x07FF, 0x07FF, 0x07FF, 0x07FF, 0x07FF, 0x077F,
  0x06FE, 0x075F, 0x077F, 0x07BF, 0x07FF, 0x07FF, 0x07FF, 0x07FF, 0x07FF, 0x07FF, 0x07FF, 0x07FF,
  0x07FF, 0x07FF, 0x07FF, 0x07FF, 0x07FF, 0x07FF, 0x07FF, 0x07FF, 0x071F, 0x065F, 0x065F, 0x077F,
  0x07BF, 0x07FF, 0x07FF, 0x07FF, 0x07FF, 0x07FF, 0x07FF, 0x07FF, 0x07FF, 0x07FF, 0x07FF, 0x07FF,
  0x07FF, 0x07FF, 0x07FF, 0x07FF, 0x07FF, 0x07FF, 0x07FF, 0x07FF, 0x07FF, 0x07FF, 0x07FF, 0x07FF,
  0x07FF, 0x077F, 0x077F, 0x077F, 0x077F, 0x07FF, 0x07FF, 0x07FF, 0xFFFF, 0xFFFF, 0xFFFF, 0xFFFF,
  0xFFFF, 0xFFFF, 0xFFFF, 0xFFFF, 0xFFFF, 0xFFFF, 0xFFFF, 0xFFFF, 0xFFFF, 0xFFFF, 0xFFFF, 0xFFFF,
  0xFFFF, 0xFFFF, 0xFFFF, 0xFFFF, 0xFFFF, 0xFFFF, 0xFFFF, 0xFFFF, 0xFFFF, 0xFFFF, 0xFFFF, 0xFFFF,
  0xFFFF, 0xFFFF, 0xFFFF, 0xFFFF, 0xFFFF, 0xFFFF, 0xFFFF, 0xFFFF, 0xFFFF, 0xFFFF, 0xFFFF, 0xFFFF,
  0xFFFF, 0xFFFF, 0xFFFF, 0xFFFF, 0xFFFF, 0xFFFF, 0xFFFF, 0xFFFF, 0xFFFF, 0xFFFF, 0xFFFF, 0xFFFF,
  0xFFFF, 0xFFFF, 0xFFFF, 0xFFFF, 0xBDF8, 0x94D3, 0x7C10, 0x7C10, 0xBDF8, 0xFFBE, 0xFFFF, 0xFFFF,
  0xFFFF, 0xFFFF, 0xFFFF, 0xFFFF, 0xFFFF, 0xFFFF, 0xFFFF, 0xFFFF, 0xFFFF, 0xFFFF, 0xFFFF, 0xFFFF,
  0xFFFF, 0xFFFF, 0xFFFF, 0xFFFF, 0xFFFF, 0xFFFF, 0xFFFF, 0xFFFF, 0xFFFF, 0xFFFF, 0xFFFF, 0xFFFF,
  0xFFFF, 0xFFFF, 0xFFFF, 0x1082, 0x0000, 0x528A, 0xFFFF, 0xFFFF, 0xFFFF, 0xFFFF, 0xFFFF, 0xFFFF,
  0xFFFF, 0xFFFF, 0xFFFF, 0xB7DF, 0x05DF, 0x065E, 0x06BF, 0x07DF, 0x0413, 0x0000, 0x0000, 0x0000,
  0x0000, 0x7C10, 0xDFFF, 0xDFFF, 0xFFFF, 0xFFFF, 0xFFFF, 0xFFFF, 0xFFFF, 0xFFFF, 0xFFFF, 0xFFFF,
  0xFFFF, 0xFFFF, 0xFFFF, 0xFFFF, 0xFFFF, 0xFFFF, 0xFFFF, 0xFFFF, 0xFFFF, 0xBDF8, 0xFF7D, 0xA75D,
  0x053E, 0x671E, 0xFFFF, 0xFFFF, 0xFFFF, 0xFFFF, 0xFFFF, 0x661C, 0x051F, 0x3D7F, 0x3D7F, 0x3D7F,
  0xDF7E, 0xFFFF, 0x9E3B, 0x3D7F, 0x04FF, 0x053E, 0x053F, 0x053F, 0x055F, 0x055F, 0x053F, 0x053F,
  0x053E, 0x053F, 0x053E, 0x055F, 0x055F, 0x057F, 0x3D7F, 0x661C, 0x3D7F, 0x3D7F, 0x661C, 0x3D7F,
  0x05DF, 0x04FE, 0x055F, 0x053F, 0x053E, 0x057F, 0x053E, 0x053E, 0x053F, 0x053E, 0x053E, 0x053E,
  0x053F, 0x055F, 0x055F, 0x053E, 0x055F, 0x053E, 0x053F, 0x053E, 0x053F, 0x053E, 0x053F, 0x053E,
  0x057F, 0x053E, 0x057F, 0x053E, 0x057F, 0x053E, 0x057F, 0x053E, 0x053F, 0x053F, 0x055F, 0x053E,
  0x053E, 0x057F, 0x053E, 0x053F, 0x053E, 0x053F, 0x055F, 0x053F, 0x057F, 0x053E, 0x053E, 0x055F,
  0x053E, 0x055F, 0x057F, 0x053E, 0x053E, 0x053E, 0x057F, 0x057F, 0x053E, 0x057F, 0x053E, 0x055F,
  0x053E, 0x053F, 0x04FE, 0x053E, 0x065F, 0x07FF, 0x07FF, 0x07FF, 0x07FF, 0x07FF, 0x07FF, 0x07FF,
  0x07FF, 0x07FF, 0x07FF, 0x07FF, 0x07FF, 0x07FF, 0x07FF, 0x07FF, 0x07FF, 0x077F, 0x05DF, 0x065F,
  0x06DF, 0x06DF, 0x06DF, 0x06DF, 0x06DF, 0x06DF, 0x06DF, 0x075F, 0x07BF, 0x07FF, 0x07FF, 0x07FF,
  0x07FF, 0x07FF, 0x07FF, 0x07FF, 0x07FF, 0x07FF, 0x071F, 0x06DF, 0x06DF, 0x06DF, 0x071F, 0x07BF,
  0x07BF, 0x07FF, 0x07BF, 0x05DF, 0x04FE, 0x04FE, 0x04FE, 0x04FE, 0x057F, 0x077F, 0x07FF, 0x07FF,
  0x07FF, 0x07FF, 0x07FF, 0x07FF, 0x07FF, 0x07FF, 0x07FF, 0x07FF, 0x07FF, 0x07FF, 0x07FF, 0x07FF,
  0x07FF, 0x07FF, 0x07FF, 0x07FF, 0x07FF, 0x07FF, 0x07FF, 0x06DF, 0x065F, 0x06BE, 0x065F, 0x065F,
  0x065F, 0x06BE, 0x06BE, 0x06DF, 0xFFFF, 0xFFFF, 0xFFFF, 0xFFFF, 0xFFFF, 0xFFFF, 0xFFFF, 0xFFFF,
  0xFFFF, 0xFFFF, 0xFFFF, 0xFFFF, 0xFFFF, 0xFFFF, 0xFFFF, 0xFFFF, 0xFFFF, 0xFFFF, 0xFFFF, 0xFFFF,
  0xFFFF, 0xFFFF, 0xFFFF, 0xFFFF, 0xFFFF, 0xFFFF, 0xFFFF, 0xFFFF, 0xFFFF, 0xFFFF, 0xFFFF, 0xFFFF,
  0xFFFF, 0xFFFF, 0xFFFF, 0xFFFF, 0xFFFF, 0xFFFF, 0xFFFF, 0xFFFF, 0xFFFF, 0xFFFF, 0xFFFF, 0xFFFF,
  0xFFFF, 0xFFFF, 0xFFFF, 0xFFFF, 0xFFFF, 0xFFFF, 0xFFFF, 0xFFFF, 0xFFFF, 0xFFFF, 0xEF5D, 0x2966,
  0x0000, 0x0000, 0x0000, 0x0000, 0x0000, 0x1082, 0x7C10, 0xFFFF, 0xFFFF, 0xFFFF, 0xFFFF, 0xFFFF,
  0xFFFF, 0xFFFF, 0xFFFF, 0xFFFF, 0xFFFF, 0xFFFF, 0xFFFF, 0xFFFF, 0xFFFF, 0xFFFF, 0xFFFF, 0xFFFF,
  0xFFFF, 0xFFFF, 0xFFFF, 0xFFFF, 0xFFFF, 0xFFFF, 0xF7BE, 0x528A, 0x20C4, 0x2966, 0x528A, 0x1082,
  0x0000, 0x0000, 0xC67A, 0xFFFF, 0xFFFF, 0xFFFF, 0xFFFF, 0xFFFF, 0xFFFF, 0xFFFF, 0xEFBF, 0x063B,
  0x053E, 0x055F, 0x077F, 0x077F, 0x022E, 0x0000, 0x0000, 0x0000, 0x0020, 0x7C10, 0xFFFF, 0xFFFF,
  0xFFFF, 0xFFFF, 0xFFFF, 0xFFFF, 0xFFFF, 0xFFFF, 0xFFFF, 0xFFFF, 0xFFFF, 0xFFFF, 0xFFFF, 0xFFFF,
  0xFFFF, 0xFFFF, 0xFFFF, 0xFFFF, 0xFF7D, 0xDEDB, 0xFFFF, 0x661C, 0x047F, 0xB7DF, 0xFFFF, 0xFFFF,
  0xFFFF, 0xFFFF, 0xFFFF, 0x859B, 0x3D7F, 0x3D7F, 0x3D7F, 0x3D7F, 0xDFFF, 0xCF3D, 0x3D7F, 0x04FF,
  0x053E, 0x053F, 0x053F, 0x053E, 0x053F, 0x053F, 0x053E, 0x053F, 0x053F, 0x057F, 0x055F, 0x053F,
  0x055F, 0x055F, 0x051F, 0x3D7F, 0x859B, 0x3D7F, 0x3D7F, 0x3D7F, 0x3D7F, 0x053E, 0x04FF, 0x057F,
  0x3D7F, 0x05DF, 0x051F, 0x053E, 0x053E, 0x053F, 0x055F, 0x053F, 0x055F, 0x053E, 0x053F, 0x055F,
  0x053E, 0x053F, 0x053F, 0x053E, 0x055F, 0x053E, 0x053F, 0x055F, 0x053E, 0x053F, 0x055F, 0x053E,
  0x055F, 0x053E, 0x053F, 0x055F, 0x053E, 0x053E, 0x053F, 0x055F, 0x055F, 0x053F, 0x053E, 0x053F,
  0x055F, 0x053E, 0x053E, 0x053F, 0x053E, 0x053F, 0x055F, 0x053F, 0x055F, 0x053E, 0x053F, 0x053E,
  0x057F, 0x053F, 0x053F, 0x053E, 0x053F, 0x053E, 0x053F, 0x055F, 0x053F, 0x053E, 0x055F, 0x04FF,
  0x04BE, 0x05DF, 0x07FF, 0x07FF, 0x07FF, 0x07FF, 0x07FF, 0x07FF, 0x07FF, 0x07FF, 0x07FF, 0x07FF,
  0x07FF, 0x07FF, 0x07FF, 0x07FF, 0x07BF, 0x05DD, 0x04FE, 0x04FE, 0x053E, 0x053E, 0x055F, 0x04FE,
  0x04FE, 0x05DF, 0x077F, 0x07FF, 0x07FF, 0x07FE, 0x07BF, 0x075F, 0x06DF, 0x071F, 0x07BF, 0x07BF,
  0x06DF, 0x05DF, 0x053E, 0x04FE, 0x04FE, 0x04FF, 0x053E, 0x053E, 0x05DF, 0x05DF, 0x057F, 0x053E,
  0x04FE, 0x04FE, 0x053E, 0x053E, 0x065F, 0x077F, 0x07FF, 0x07FF, 0x07FF, 0x07FF, 0x07FF, 0x07FF,
  0x07FF, 0x07FF, 0x07FF, 0x07FF, 0x07FF, 0x07FF, 0x07FF, 0x07FF, 0x07FF, 0x07FF, 0x07FF, 0x07FF,
  0x07FF, 0x07FF, 0x07FF, 0x06DF, 0x065F, 0x065F, 0x065F, 0x065F, 0x065F, 0x065F, 0x06DF, 0x075F,
  0xFFFF, 0xFFFF, 0xFFFF, 0xFFFF, 0xFFFF, 0xFFFF, 0xFFFF, 0xFFFF, 0xFFFF, 0xFFFF, 0xFFFF, 0xFFFF,
  0xFFFF, 0xFFFF, 0xFFFF, 0xFFFF, 0xFFFF, 0xFFFF, 0xFFFF, 0xFFFF, 0xFFFF, 0xFFFF, 0xFFFF, 0xFFFF,
  0xFFFF, 0xFFFF, 0xFFFF, 0xFFFF, 0xFFFF, 0xFFFF, 0xFFFF, 0xFFFF, 0xFFFF, 0xFFFF, 0xFFFF, 0xFFFF,
  0xFFFF, 0xFFFF, 0xFFFF, 0xFFFF, 0xFFFF, 0xFFFF, 0xFFFF, 0xFFFF, 0xFFFF, 0xFFFF, 0xFFFF, 0xFFFF,
  0xFFFF, 0xFFFF, 0xFFFF, 0xFFFF, 0xFFFF, 0xFFFF, 0x94D3, 0x0000, 0x0000, 0x0000, 0x0000, 0x0000,
  0x0000, 0x0000, 0x0000, 0x1104, 0xBDF8, 0xFFFF, 0xFFFF, 0xFFFF, 0xFFFF, 0xFFFF, 0xFFFF, 0xFFFF,
  0xFFFF, 0xFFFF, 0xFFFF, 0xFFFF, 0xFFFF, 0xFFFF, 0xFFFF, 0xFFFF, 0xFFFF, 0xFFFF, 0xFFFF, 0xFFFF,
  0xFFFF, 0xFFFF, 0x41E8, 0x0000, 0x0000, 0x0000, 0x0000, 0x0000, 0x0000, 0x0000, 0x2966, 0xFFFF,
  0xFFFF, 0xFFFF, 0xFFFF, 0xFFFF, 0xFFFF, 0xFFFF, 0x05FB, 0x043D, 0x04BF, 0x065E, 0x07BF, 0x06FF,
  0x00ED, 0x0000, 0x0000, 0x0000, 0x0000, 0x632C, 0xFFFF, 0xFFFF, 0xFFFF, 0xFFFF, 0xFFFF, 0xFFFF,
  0xFFFF, 0xFFFF, 0xFFFF, 0xFFFF, 0xFFFF, 0xFFFF, 0xFFFF, 0xFFFF, 0xFFFF, 0xFFFF, 0xFFFF, 0xFFFF,
  0xEFBD, 0xFFFF, 0xFFFF, 0x05DF, 0x04FE, 0xDFFF, 0xFFFF, 0xFFFF, 0xFFFF, 0xFFFF, 0xFFFF, 0x661C,
  0x051F, 0x3D7F, 0x3D7F, 0x3D7F, 0xCF3D, 0x661C, 0x04DD, 0x053E, 0x053F, 0x053F, 0x053F, 0x053F,
  0x053F, 0x053F, 0x053E, 0x053F, 0x053E, 0x053F, 0x053E, 0x053F, 0x053F, 0x055F, 0x04FF, 0x3D7F,
  0x661C, 0x859B, 0x3D7F, 0x859B, 0x3D7F, 0x051F, 0x053E, 0x053F, 0x3D7F, 0x05DF, 0x3D7F, 0x05DF,
  0x051F, 0x053F, 0x055F, 0x053E, 0x053F, 0x053F, 0x053E, 0x053F, 0x055F, 0x053E, 0x055F, 0x053F,
  0x053F, 0x055F, 0x055F, 0x053E, 0x055F, 0x053F, 0x04FE, 0x053F, 0x053F, 0x053F, 0x053E, 0x053F,
  0x055F, 0x053F, 0x055F, 0x053E, 0x053F, 0x053E, 0x04FF, 0x055F, 0x053E, 0x055F, 0x053F, 0x057F,
  0x053F, 0x053E, 0x053F, 0x053E, 0x053E, 0x055F, 0x055F, 0x053F, 0x053E, 0x053F, 0x053E, 0x053F,
  0x057F, 0x053F, 0x053E, 0x053F, 0x053E, 0x053F, 0x053F, 0x053F, 0x055F, 0x04FE, 0x05DF, 0x067F,
  0x05DF, 0x05DF, 0x071F, 0x07FF, 0x07FF, 0x07FF, 0x07FF, 0x07FF, 0x07FF, 0x07FF, 0x07FF, 0x07FE,
  0x05DF, 0x04FE, 0x053F, 0x053F, 0x04FE, 0x053F, 0x04FE, 0x04FF, 0x04FF, 0x05DF, 0x06DF, 0x071F,
  0x065F, 0x065F, 0x057F, 0x053E, 0x04FE, 0x04BE, 0x053E, 0x053E, 0x04BE, 0x04BE, 0x04BE, 0x04FF,
  0x04BE, 0x04FF, 0x04BE, 0x04FE, 0x04FF, 0x04BF, 0x04FE, 0x04FE, 0x055F, 0x065F, 0x071F, 0x07FF,
  0x07FF, 0x07FF, 0x07FF, 0x07FF, 0x07FF, 0x07FF, 0x07FF, 0x07FF, 0x07FF, 0x07FF, 0x07FF, 0x07FF,
  0x07FF, 0x07FF, 0x07FF, 0x07FF, 0x07FF, 0x07FF, 0x07BF, 0x06DF, 0x05DF, 0x05DF, 0x05DF, 0x05DF,
  0x05DF, 0x065F, 0x06BE, 0x071F, 0x077F, 0x07BF, 0x07FF, 0x07FF, 0xFFFF, 0xFFFF, 0xFFFF, 0xFFFF,
  0xFFFF, 0xFFFF, 0xFFFF, 0xFFFF, 0xFFFF, 0xFFFF, 0xFFFF, 0xFFFF, 0xFFFF, 0xFFFF, 0xFFFF, 0xFFFF,
  0xFFFF, 0xFFFF, 0xFFFF, 0xFFFF, 0xFFFF, 0xFFFF, 0xFFFF, 0xFFFF, 0xFFFF, 0xFFFF, 0xFFFF, 0xFFFF,
  0xFFFF, 0xFFFF, 0xFFFF, 0xFFFF, 0xFFFF, 0xFFFF, 0xFFFF, 0xFFFF, 0xFFFF, 0xFFFF, 0xFFFF, 0xFFFF,
  0xFFFF, 0xFFFF, 0xFFFF, 0xFFFF, 0xFFFF, 0xFFFF, 0xFFFF, 0xFFFF, 0xFFFF, 0xFFFF, 0xFFFF, 0xFFFF,
  0xFFFF, 0xFFFF, 0x7C10, 0x0000, 0x0000, 0x0000, 0x0000, 0x0000, 0x2966, 0x7C10, 0x94D3, 0x1082,
  0x0000, 0x528A, 0xC67A, 0xFFFF, 0xFFFF, 0xFFFF, 0xFFFF, 0xFFFF, 0xFFFF, 0xFFFF, 0xFFFF, 0xFFFF,
  0xFFFF, 0xFFFF, 0xFFFF, 0xFFFF, 0xFFFF, 0xFFFF, 0xFFFF, 0xFFFF, 0xFFFF, 0x632C, 0x0000, 0x0000,
  0x0000, 0x0000, 0x2000, 0x0000, 0x0000, 0x0000, 0x0000, 0xBDF8, 0xFFFF, 0xFFFF, 0xFFFF, 0xFFFF,
  0xFFFF, 0xDF7E, 0x047C, 0x04BF, 0x05DF, 0x07BF, 0x077F, 0x05DF, 0x022E, 0x0000, 0x0000, 0x0000,
  0x0000, 0x7C10, 0xFFFF, 0xFFFF, 0xFFFF, 0xFFFF, 0xFFFF, 0xFFFF, 0xFFFF, 0xFFFF, 0xFFFF, 0xFFFF,
  0xFFFF, 0xFFFF, 0xFFFF, 0xFFFF, 0xFFFF, 0xFFFF, 0xFFFF, 0xDFFF, 0xDFFF, 0xFFFF, 0xFFFF, 0x04DD,
  0x057F, 0xFFFF, 0xFFFF, 0xFFFF, 0xFFFF, 0xFFFF, 0xFFFF, 0x661C, 0x3D7F, 0x3D7F, 0x3D7F, 0x3D7F,
  0x3D7F, 0x3D7F, 0x04BF, 0x04FF, 0x055F, 0x053F, 0x053E, 0x053F, 0x053E, 0x053F, 0x053E, 0x053F,
  0x053F, 0x053E, 0x053F, 0x053E, 0x053F, 0x053E, 0x055F, 0x04FF, 0x3D7F, 0x3D7F, 0x3D7F, 0x3D7F,
  0x859B, 0x3D7F, 0x04FE, 0x055F, 0x051F, 0x3D7F, 0x051F, 0x3D7F, 0x05DF, 0x04FF, 0x04FF, 0x053F,
  0x055F, 0x053F, 0x055F, 0x053F, 0x04FE, 0x055F, 0x053F, 0x053F, 0x053E, 0x053F, 0x053F, 0x053E,
  0x053F, 0x04FE, 0x053F, 0x053E, 0x04FE, 0x055F, 0x04FF, 0x053E, 0x04FF, 0x053E, 0x04FF, 0x055F,
  0x04FE, 0x053F, 0x053F, 0x053F, 0x053E, 0x053F, 0x053E, 0x053F, 0x053E, 0x053F, 0x053F, 0x053F,
  0x055F, 0x053F, 0x053E, 0x053F, 0x053F, 0x053E, 0x053F, 0x053F, 0x053E, 0x053F, 0x055F, 0x053F,
  0x055F, 0x053F, 0x053E, 0x053F, 0x053E, 0x053F, 0x04FF, 0x04FF, 0x04FE, 0x04BE, 0x04FF, 0x071F,
  0x07FF, 0x07BF, 0x07BF, 0x07BF, 0x07FF, 0x07FF, 0x07BF, 0x065F, 0x04BD, 0x053E, 0x053E, 0x04FE,
  0x04FF, 0x053F, 0x053F, 0x053F, 0x053F, 0x04FE, 0x04FF, 0x04BF, 0x04BE, 0x04FE, 0x04FF, 0x04BF,
  0x04FF, 0x057F, 0x05DF, 0x05DF, 0x065F, 0x065F, 0x05DF, 0x05DF, 0x05DF, 0x05DF, 0x05DF, 0x05DF,
  0x053E, 0x05DF, 0x065F, 0x071F, 0x07BF, 0x07FF, 0x07FF, 0x07FF, 0x07FF, 0x07FF, 0x07FF, 0x07FF,
  0x07FF, 0x07FF, 0x07FF, 0x07FF, 0x07FF, 0x07FF, 0x07FF, 0x07FF, 0x07FF, 0x07FF, 0x07FF, 0x07BF,
  0x06DF, 0x05DF, 0x04FE, 0x04BD, 0x053E, 0x053E, 0x05DF, 0x065F, 0x06DF, 0x07BF, 0x07FE, 0x07FF,
  0x07FF, 0x07FF, 0x07FF, 0x07FF, 0xFFFF, 0xFFFF, 0xFFFF, 0xFFFF, 0xFFFF, 0xFFFF, 0xFFFF, 0xFFFF,
  0xFFFF, 0xFFFF, 0xFFFF, 0xFFFF, 0xFFFF, 0xFFFF, 0xFFFF, 0xFFFF, 0xFFFF, 0xFFFF, 0xFFFF, 0xFFFF,
  0xFFFF, 0xFFFF, 0xFFFF, 0xFFFF, 0xFFFF, 0xFFFF, 0xFFFF, 0xFFFF, 0xFFFF, 0xFFFF, 0xFFFF, 0xFFFF,
  0xFFFF, 0xFFFF, 0xFFFF, 0xFFFF, 0xFFFF, 0xFFFF, 0xFFFF, 0xFFFF, 0xFFFF, 0xFFFF, 0xFFFF, 0xFFFF,
  0xFFFF, 0xFFFF, 0xFFFF, 0xFFFF, 0xFFFF, 0xFFFF, 0xFFFF, 0xFFFF, 0xFFFF, 0xFFFF, 0x7C10, 0x0000,
  0x0000, 0x0000, 0x0000, 0x632C, 0xFFFF, 0xFFBE, 0xFFFF, 0xFFBE, 0x0000, 0x0000, 0x0000, 0x94D3,
  0xFFFF, 0xFFFF, 0xFFFF, 0xFFFF, 0xFFFF, 0xFFFF, 0xFFFF, 0xFFFF, 0xFFFF, 0xFFFF, 0xFFFF, 0xFFFF,
  0xFFFF, 0xFFFF, 0xFFFF, 0xFFFF, 0xFFFF, 0x20C4, 0x0000, 0x0000, 0x4800, 0x7043, 0x7043, 0x2000,
  0x0000, 0x0000, 0x0000, 0x528A, 0xFFFF, 0xFFFF, 0xFFFF, 0xFFFF, 0xFFFF, 0x661C, 0x047F, 0x04FE,
  0x06FF, 0x07BF, 0x06BF, 0x055F, 0x00ED, 0x0000, 0x0000, 0x0000, 0x0000, 0x7C10, 0xFFFF, 0xFFFF,
  0xFFFF, 0xFFFF, 0xFFFF, 0xFFFF, 0xFFFF, 0xFFFF, 0xFFFF, 0xFFFF, 0xFFFF, 0xFFFF, 0xFFFF, 0xFFFF,
  0xFFFF, 0xFFFF, 0xEFBF, 0xA75D, 0xF7FF, 0xFFFF, 0xE7BE, 0x049C, 0x05DF, 0xFFFF, 0xFFFF, 0xFFFF,
  0xFFFF, 0xFFFF, 0xFFFF, 0x661C, 0x3D7F, 0x3D7F, 0x3D7F, 0x859B, 0x3D7F, 0x04BF, 0x055F, 0x053F,
  0x04FF, 0x053E, 0x053F, 0x04FF, 0x053F, 0x04FF, 0x053F, 0x04FF, 0x053E, 0x053F, 0x04FF, 0x053F,
  0x04FF, 0x04FF, 0x04FF, 0x04FF, 0x053F, 0x3D7F, 0x859B, 0x3D7F, 0x3D7F, 0x3D7F, 0x051F, 0x055F,
  0x05DF, 0x3D7F, 0x051F, 0x3D7F, 0x051F, 0x04FE, 0x053E, 0x04FE, 0x04FE, 0x04FE, 0x04FE, 0x053E,
  0x053F, 0x04FE, 0x053F, 0x04FE, 0x053F, 0x04FE, 0x04FF, 0x04FF, 0x053E, 0x053F, 0x04FE, 0x053F,
  0x04FE, 0x053F, 0x04FE, 0x053F, 0x053E, 0x053F, 0x04FE, 0x04FE, 0x053F, 0x053E, 0x053E, 0x053F,
  0x04FE, 0x053F, 0x04FE, 0x053F, 0x04FF, 0x053E, 0x053E, 0x04FF, 0x04FE, 0x04FF, 0x053E, 0x04FF,
  0x053F, 0x053E, 0x04FF, 0x053F, 0x04FE, 0x053E, 0x04FF, 0x053E, 0x04FF, 0x053E, 0x053F, 0x04FE,
  0x053F, 0x04FF, 0x053F, 0x053E, 0x04FE, 0x053F, 0x04FE, 0x057F, 0x053E, 0x057F, 0x05DF, 0x05DF,
  0x057F, 0x05DF, 0x05DF, 0x053E, 0x04BE, 0x04BF, 0x04FE, 0x053F, 0x04FF, 0x04FF, 0x04FF, 0x04FF,
  0x04FE, 0x04FF, 0x04FE, 0x04FF, 0x053F, 0x04FE, 0x04BE, 0x04FE, 0x065F, 0x07BF, 0x07FF, 0x07FF,
  0x07FF, 0x07FF, 0x07FF, 0x07FF, 0x07FF, 0x07FF, 0x07FF, 0x07BF, 0x07BF, 0x07BF, 0x07FF, 0x07FF,
  0x07FF, 0x07FF, 0x07FF, 0x07FF, 0x07FF, 0x07FF, 0x07FF, 0x07FF, 0x07FF, 0x07FF, 0x07FF, 0x07FF,
  0x07FF, 0x07FF, 0x07FF, 0x07FF, 0x07BF, 0x071F, 0x05DF, 0x053E, 0x04BD, 0x05DF, 0x067F, 0x071F,
  0x075F, 0x07BF, 0x075F, 0x07FF, 0x07FF, 0x07FF, 0x07FF, 0x07FF, 0x07BF, 0x07FF, 0x07FF, 0x07FF,
  0xFFFF, 0xFFFF, 0xFFFF, 0xFFFF, 0xFFFF, 0xFFFF, 0xFFFF, 0xFFFF, 0xFFFF, 0xFFFF, 0xFFFF, 0xFFFF,
  0xFFFF, 0xFFFF, 0xFFFF, 0xFFFF, 0xFFFF, 0xFFFF, 0xFFFF, 0xFFFF, 0xFFFF, 0xFFFF, 0xFFFF, 0xFFFF,
  0xFFFF, 0xFFFF, 0xFFFF, 0xFFFF, 0xFFFF, 0xFFFF, 0xFFFF, 0xFFFF, 0xFFFF, 0xFFFF, 0xFFFF, 0xFFFF,
  0xFFFF, 0xFFFF, 0xFFFF, 0xFFFF, 0xFFFF, 0xFFFF, 0xFFFF, 0xFFFF, 0xFFFF, 0xFFFF, 0xFFFF, 0xFFFF,
  0xFFFF, 0xFFFF, 0xFFFF, 0xFFFF, 0xFFFF, 0xFFFF, 0x7C10, 0x0000, 0x0000, 0x0000, 0x20C4, 0xFFFF,
  0xFFFF, 0xFFFF, 0xFFFF, 0xFFFF, 0x94D3, 0x0000, 0x0000, 0x0000, 0x20C4, 0xBDF8, 0xFFFF, 0xFFFF,
  0xFFFF, 0xFFFF, 0xFFFF, 0xFFFF, 0xFFFF, 0xFFFF, 0xFFFF, 0xFFFF, 0xFFFF, 0xFFFF, 0xFFFF, 0xFFFF,
  0xFFFF, 0x632C, 0x0000, 0x4800, 0xC000, 0xC000, 0x7043, 0x0000, 0x0000, 0x0000, 0x0000, 0x0000,
  0xDEDB, 0xFFFF, 0xFFFF, 0xFFFF, 0xEFBF, 0x04DD, 0x047F, 0x05DF, 0x07BF, 0x077F, 0x05DF, 0x055F,
  0x00ED, 0x0000, 0x0000, 0x0000, 0x0000, 0x7C10, 0xFFFF, 0xFFFF, 0xFFFF, 0xFFFF, 0xFFFF, 0xFFFF,
  0xFFFF, 0xFFFF, 0xFFFF, 0xFFFF, 0xFFFF, 0xFFFF, 0xFFFF, 0xFFFF, 0xFFFF, 0xFFFF, 0xA75D, 0x6FDF,
  0xFFFF, 0xFFFF, 0xA75D, 0x043E, 0x06BE, 0xFFFF, 0xFFFF, 0xFFFF, 0xFFFF, 0xFFFF, 0xFFBF, 0x3D7F,
  0x3D7F, 0x3D7F, 0x3D7F, 0x3D7F, 0x04FF, 0x04FF, 0x04FE, 0x04FE, 0x053F, 0x04FF, 0x04FF, 0x053F,
  0x04FE, 0x053F, 0x04FE, 0x053F, 0x04FF, 0x053E, 0x04FF, 0x053E, 0x053F, 0x053E, 0x053F, 0x053E,
  0x04FF, 0x051F, 0x859B, 0x859B, 0x859B, 0x3D7F, 0x051F, 0x04BF, 0x051F, 0x3D7F, 0x3D7F, 0x051F,
  0x051F, 0x04FF, 0x04FF, 0x053E, 0x053F, 0x053F, 0x053F, 0x053F, 0x04FE, 0x053F, 0x04FE, 0x053F,
  0x053F, 0x053E, 0x053F, 0x04FE, 0x04FE, 0x04FE, 0x053F, 0x04FE, 0x053F, 0x04FE, 0x053F, 0x04FE,
  0x04FF, 0x053E, 0x04FE, 0x053E, 0x04FE, 0x04FF, 0x04FF, 0x04FE, 0x053E, 0x04FF, 0x053E, 0x04FE,
  0x053F, 0x053F, 0x04FE, 0x053F, 0x053E, 0x053F, 0x04FF, 0x053E, 0x04FF, 0x053F, 0x04FE, 0x053E,
  0x04FF, 0x053F, 0x04FF, 0x04FF, 0x053E, 0x04FF, 0x04FE, 0x053F, 0x04FE, 0x053F, 0x053E, 0x04FF,
  0x053F, 0x055F, 0x053F, 0x04FE, 0x04FE, 0x04FE, 0x04BE, 0x04BE, 0x04FE, 0x04FE, 0x04BF, 0x04BF,
  0x053E, 0x065F, 0x071F, 0x075F, 0x075F, 0x065F, 0x053E, 0x04FE, 0x04FE, 0x055F, 0x04FE, 0x04BE,
  0x04FE, 0x04FE, 0x065F, 0x075F, 0x07FF, 0x07FF, 0x07FF, 0x07FF, 0x07FF, 0x07FF, 0x07FF, 0x07FF,
  0x07FF, 0x07FF, 0x07FF, 0x07FF, 0x07FF, 0x07FF, 0x07FF, 0x07FF, 0x07FF, 0x07FF, 0x07FF, 0x07BF,
  0x07BF, 0x07BF, 0x07FF, 0x07BF, 0x07FF, 0x07BF, 0x07BF, 0x07BF, 0x07FF, 0x07FF, 0x07FE, 0x065F,
  0x053E, 0x04BE, 0x04BD, 0x05DF, 0x075F, 0x07FE, 0x07FF, 0x07FF, 0x07FF, 0x07FF, 0x07FF, 0x07FF,
  0x07BF, 0x07FF, 0x07BF, 0x07FF, 0x07BF, 0x07BF, 0x07BF, 0x07BF, 0xFFFF, 0xFFFF, 0xFFFF, 0xFFFF,
  0xFFFF, 0xFFFF, 0xFFFF, 0xFFFF, 0xFFFF, 0xFFFF, 0xFFFF, 0xFFFF, 0xFFFF, 0xFFFF, 0xFFFF, 0xFFFF,
  0xFFFF, 0xFFFF, 0xFFFF, 0xFFFF, 0xFFFF, 0xFFFF, 0xFFFF, 0xFFFF, 0xFFFF, 0xFFFF, 0xFFFF, 0xFFFF,
  0xFFFF, 0xFFFF, 0xFFFF, 0xFFFF, 0xFFFF, 0xFFFF, 0xFFFF, 0xFFFF, 0xFFFF, 0xFFFF, 0xFFFF, 0xFFFF,
  0xFFFF, 0xFFFF, 0xFFFF, 0xFFFF, 0xFFFF, 0xFFFF, 0xFFFF, 0xFFFF, 0xFFFF, 0xFFFF, 0xFFFF, 0xFFFF,
  0xFFFF, 0xFFFF, 0xC67A, 0x0000, 0x0000, 0x0000, 0x1104, 0xFFFF, 0xFFFF, 0xFFFF, 0xFFFF, 0xFFFF,
  0xFFFF, 0x20C4, 0x0000, 0x0000, 0x0000, 0x0000, 0xDEDB, 0xFFFF, 0xFFFF, 0xFFFF, 0xFFFF, 0xFFFF,
  0xFFFF, 0xFFFF, 0xFFFF, 0xFFFF, 0xFFFF, 0xFFFF, 0xFFFF, 0xFFFF, 0xFFFF, 0x94D3, 0x0000, 0x7043,
  0xC000, 0xC000, 0x4800, 0x0000, 0x0000, 0x0000, 0x0000, 0x0000, 0x7C10, 0xFFFF, 0xFFFF, 0xFFFF,
  0x661C, 0x043E, 0x04FE, 0x06FF, 0x07DF, 0x06FF, 0x04BF, 0x053F, 0x01A8, 0x0000, 0x0000, 0x0000,
  0x0000, 0x94D3, 0xFFFF, 0xFFFF, 0xFFFF, 0xFFFF, 0xFFFF, 0xFFFF, 0xFFFF, 0xFFFF, 0xFFFF, 0xFFFF,
  0xFFFF, 0xFFFF, 0xFFFF, 0xFFFF, 0xFFFF, 0xE7BE, 0xA75D, 0xF7FF, 0xFFFF, 0xFFFF, 0xA75D, 0x039E,
  0x671E, 0xFFFF, 0xFFFF, 0xFFFF, 0xFFFF, 0xFFFF, 0xEFBF, 0x7CDA, 0x3D7F, 0x3D7F, 0x3D7F, 0x04BF,
  0x04BE, 0x04FF, 0x04FF, 0x053E, 0x04FF, 0x04FE, 0x053E, 0x04FE, 0x053F, 0x04FE, 0x053E, 0x04FE,
  0x04FE, 0x04FF, 0x053E, 0x04FF, 0x04FE, 0x04FF, 0x04FE, 0x04FF, 0x04FE, 0x04FF, 0x051F, 0x3D7F,
  0x3D7F, 0x859B, 0x3D7F, 0x051F, 0x04FF, 0x3D7F, 0x051F, 0x3D7F, 0x051F, 0x04FE, 0x04FF, 0x053F,
  0x04FE, 0x04FE, 0x04FF, 0x04FF, 0x053F, 0x04FE, 0x053F, 0x04FE, 0x04FE, 0x04FF, 0x04FE, 0x04FE,
  0x053F, 0x04FF, 0x04FE, 0x04FE, 0x04FE, 0x04FE, 0x053F, 0x04FE, 0x053F, 0x04FE, 0x04FF, 0x053F,
  0x04FE, 0x053F, 0x04FE, 0x053F, 0x04FE, 0x04FF, 0x04FE, 0x053F, 0x04FE, 0x04FE, 0x04FE, 0x04FF,
  0x04FE, 0x04FF, 0x04FE, 0x04FF, 0x04FE, 0x053F, 0x04FE, 0x04FF, 0x04FE, 0x04FF, 0x04FE, 0x053F,
  0x04FF, 0x04FF, 0x053F, 0x04FE, 0x04FF, 0x04FE, 0x04FF, 0x053E, 0x04FE, 0x04FF, 0x04FE, 0x04FF,
  0x04FE, 0x04FF, 0x04FE, 0x053F, 0x04FF, 0x04FF, 0x053F, 0x067F, 0x075F, 0x07BF, 0x07FF, 0x07FF,
  0x07FF, 0x07FE, 0x071F, 0x071F, 0x075F, 0x071F, 0x065F, 0x065F, 0x065F, 0x071F, 0x07FF, 0x07FF,
  0x07FF, 0x07FF, 0x07FF, 0x07FF, 0x07BF, 0x07FF, 0x07FF, 0x07FF, 0x07FF, 0x07BF, 0x07BF, 0x067F,
  0x065F, 0x05DF, 0x057F, 0x05DF, 0x05DF, 0x065F, 0x067F, 0x07BF, 0x07FF, 0x07FF, 0x07BF, 0x07FF,
  0x07FF, 0x07FF, 0x07FF, 0x07FF, 0x07FF, 0x06DF, 0x05DF, 0x04BD, 0x04BD, 0x04FF, 0x065F, 0x07BF,
  0x07FF, 0x07FF, 0x07FF, 0x07BF, 0x07FF, 0x07BF, 0x07FF, 0x07BF, 0x07BF, 0x07BF, 0x07BF, 0x07BF,
  0x07BF, 0x07FF, 0x07FF, 0x07BF, 0xFFFF, 0xFFFF, 0xFFFF, 0xFFFF, 0xFFFF, 0xFFFF, 0xFFFF, 0xFFFF,
  0xFFFF, 0xFFFF, 0xFFFF, 0xFFFF, 0xFFFF, 0xFFFF, 0xFFFF, 0xFFFF, 0xFFFF, 0xFFFF, 0xFFFF, 0xFFFF,
  0xFFFF, 0xFFFF, 0xFFFF, 0xFFFF, 0xFFFF, 0xFFFF, 0xFFFF, 0xFFFF, 0xFFFF, 0xFFFF, 0xFFFF, 0xFFFF,
  0xFFFF, 0xFFFF, 0xFFFF, 0xFFFF, 0xFFFF, 0xFFFF, 0xFFFF, 0xFFFF, 0xFFFF, 0xFFFF, 0xFFFF, 0xFFFF,
  0xFFFF, 0xFFFF, 0xFFFF, 0xFFFF, 0xFFFF, 0xFFFF, 0xFFFF, 0xFFFF, 0xFFFF, 0xFFFF, 0xFFFF, 0x41E8,
  0x0000, 0x0000, 0x0000, 0xC67A, 0xFFFF, 0xFFFF, 0xFFFF, 0xFFFF, 0xFFFF, 0xDEDB, 0x0000, 0x0000,
  0x0000, 0x0000, 0x528A, 0xFFFF, 0xFFFF, 0xFFFF, 0xFFFF, 0xFFFF, 0xFFFF, 0xFFFF, 0xFFFF, 0xFFFF,
  0xFFFF, 0xFFFF, 0xFFFF, 0xFFFF, 0xFFFF, 0xDEDB, 0x0000, 0x4800, 0xC000, 0xC000, 0x0000, 0x0000,
  0x0000, 0x0000, 0x0000, 0x0000, 0x1082, 0xFFBE, 0xFFFF, 0xDFFF, 0x04DD, 0x047F, 0x05DF, 0x07BF,
  0x07BF, 0x05DF, 0x047F, 0x06BE, 0x024A, 0x0000, 0x0000, 0x0000, 0x0000, 0xA596, 0xFFFF, 0xFFFF,
  0xFFFF, 0xFFFF, 0xFFFF, 0xFFFF, 0xFFFF, 0xFFFF, 0xFFFF, 0xFFFF, 0xFFFF, 0xFFFF, 0xFFFF, 0xFFFF,
  0xFFBF, 0xA75D, 0xB7DF, 0xFFFF, 0xFFFF, 0xFFFF, 0x661C, 0x047F, 0xA75D, 0xFFFF, 0xFFFF, 0xFFFF,
  0xFFFF, 0xFFFF, 0xCF3D, 0x3D7F, 0x3D7F, 0x047F, 0x047F, 0x04BF, 0x04FF, 0x04FF, 0x04FE, 0x04FE,
  0x04FE, 0x04FF, 0x04FE, 0x04FF, 0x04FE, 0x04FE, 0x04FF, 0x04FE, 0x04FE, 0x04FF, 0x04FE, 0x04FE,
  0x04FF, 0x053E, 0x04FE, 0x04FE, 0x04FF, 0x04FF, 0x04FF, 0x04BF, 0x051F, 0x051F, 0x3D7F, 0x051F,
  0x051F, 0x3D7F, 0x051F, 0x3D7F, 0x047F, 0x04FF, 0x04FE, 0x04FE, 0x04FE, 0x04FF, 0x04FE, 0x04FF,
  0x04FE, 0x04FF, 0x04FE, 0x04FF, 0x04FE, 0x04FF, 0x04FF, 0x04FE, 0x04FF, 0x04FE, 0x04FF, 0x04FF,
  0x053F, 0x04FE, 0x04FE, 0x04FF, 0x04FE, 0x04FF, 0x04FE, 0x04FE, 0x04FF, 0x04FE, 0x04FE, 0x04FF,
  0x04FE, 0x04FE, 0x04FF, 0x04FE, 0x04FF, 0x053F, 0x04FF, 0x04FE, 0x053F, 0x04FE, 0x04FF, 0x04FE,
  0x053F, 0x04FE, 0x04FF, 0x04FE, 0x053F, 0x04FE, 0x04FF, 0x04FE, 0x04FE, 0x04FF, 0x04FE, 0x04FF,
  0x04FE, 0x053F, 0x04FF, 0x04FE, 0x04FF, 0x04FE, 0x04FF, 0x04FE, 0x04FF, 0x04FE, 0x04FE, 0x04FE,
  0x04FE, 0x04FE, 0x057F, 0x06DF, 0x07FF, 0x07BF, 0x07BF, 0x07BF, 0x07BF, 0x07BF, 0x07BF, 0x07FE,
  0x07FE, 0x07FF, 0x07FF, 0x07FE, 0x07FF, 0x07FF, 0x07FF, 0x07BF, 0x07BF, 0x07BF, 0x07BF, 0x07BF,
  0x07BF, 0x07BF, 0x071F, 0x06DF, 0x065F, 0x057F, 0x053E, 0x04FE, 0x04FE, 0x053E, 0x053E, 0x057F,
  0x05DF, 0x05DF, 0x06DF, 0x07BF, 0x07BF, 0x07BF, 0x075F, 0x07BF, 0x07BF, 0x075F, 0x071F, 0x065F,
  0x053E, 0x04BD, 0x04BD, 0x04FE, 0x05DF, 0x071F, 0x07FF, 0x07FF, 0x07FF, 0x07FF, 0x07FE, 0x07BF,
  0x07BF, 0x07BF, 0x07BF, 0x07BF, 0x07FF, 0x07FF, 0x07BF, 0x07BF, 0x07BF, 0x07BF, 0x07BF, 0x07BF,
  0xFFFF, 0xFFFF, 0xFFFF, 0xFFFF, 0xFFFF, 0xFFFF, 0xFFFF, 0xFFFF, 0xFFFF, 0xFFFF, 0xFFFF, 0xFFFF,
  0xFFFF, 0xFFFF, 0xFFFF, 0xFFFF, 0xFFFF, 0xFFFF, 0xFFFF, 0xFFFF, 0xFFFF, 0xFFFF, 0xFFFF, 0xFFFF,
  0xFFFF, 0xFFFF, 0xFFFF, 0xFFFF, 0xFFFF, 0xFFFF, 0xFFFF, 0xFFFF, 0xFFFF, 0xFFFF, 0xFFFF, 0xFFFF,
  0xFFFF, 0xFFFF, 0xFFFF, 0xFFFF, 0xFFFF, 0xFFFF, 0xFFFF, 0xFFFF, 0xFFFF, 0xFFFF, 0xFFFF, 0xFFFF,
  0xFFFF, 0xFFFF, 0xFFFF, 0xFFFF, 0xFFFF, 0xFFFF, 0xFFFF, 0xA596, 0x0000, 0x0000, 0x0000, 0x632C,
  0xFFFF, 0xFFFF, 0xFFFF, 0xFFFF, 0xFFFF, 0xFFFF, 0x7C10, 0x0000, 0x0000, 0x0000, 0x0000, 0xEF5D,
  0xFFFF, 0xFFFF, 0xFFFF, 0xFFFF, 0xFFFF, 0xFFFF, 0xFFFF, 0xFFFF, 0xFFFF, 0xFFFF, 0xFFFF, 0xFFFF,
  0xFFFF, 0xFFFF, 0x2966, 0x0000, 0x4800, 0x7043, 0x7C10, 0x94D3, 0x7C10, 0x0021, 0x0000, 0x0000,
  0x0000, 0xBDF8, 0xFFFF, 0x9E3B, 0x043E, 0x04FF, 0x075F, 0x07BF, 0x06FF, 0x04BD, 0x047F, 0x6FDF,
  0x41E8, 0x0000, 0x0000, 0x0000, 0x0000, 0xBDF8, 0xFFFF, 0xFFFF, 0xFFFF, 0xFFFF, 0xFFFF, 0xFFFF,
  0xFFFF, 0xFFFF, 0xFFFF, 0xFFFF, 0xFFFF, 0xFFFF, 0xFFFF, 0xFFFF, 0xDEDB, 0xA75D, 0xEFFE, 0xFFFF,
  0xFFFF, 0xFFFF, 0x05DF, 0x04BF, 0xDFFF, 0xFFFF, 0xFFFF, 0xFFFF, 0xFFFF, 0xFFFF, 0x671E, 0x03FD,
  0x047F, 0x04BF, 0x04FF, 0x04FF, 0x04FE, 0x04FF, 0x04FF, 0x04FF, 0x04FF, 0x04FE, 0x04FF, 0x04FE,
  0x04FF, 0x04FE, 0x04FF, 0x04FE, 0x04FF, 0x04FE, 0x04FF, 0x04FE, 0x04FE, 0x04FF, 0x04FF, 0x04FE,
  0x04FF, 0x04FF, 0x04FF, 0x04FF, 0x04BF, 0x04BF, 0x047F, 0x04BF, 0x04FF, 0x3D7F, 0x3D7F, 0x047F,
  0x04BF, 0x04FF, 0x04FF, 0x04FE, 0x04FE, 0x04FE, 0x04FF, 0x04FE, 0x04FF, 0x04FF, 0x04FF, 0x04FE,
  0x04FF, 0x04FE, 0x04FF, 0x04FF, 0x04FF, 0x04FE, 0x04FF, 0x04FE, 0x04FF, 0x04FF, 0x04FF, 0x04FF,
  0x04FF, 0x04FF, 0x04FF, 0x04FF, 0x04FF, 0x04FF, 0x04FF, 0x04FF, 0x04FF, 0x04FF, 0x04FF, 0x04FF,
  0x04FF, 0x04FE, 0x04FF, 0x04FF, 0x04FF, 0x04FF, 0x04FE, 0x04FF, 0x04FE, 0x04FF, 0x04FF, 0x04FF,
  0x04FE, 0x04FF, 0x04FE, 0x04FF, 0x04FF, 0x04FF, 0x04FF, 0x04FF, 0x04FF, 0x04FE, 0x04FF, 0x04FF,
  0x04FE, 0x04FF, 0x04FF, 0x04FF, 0x04FE, 0x04FF, 0x04FF, 0x04FF, 0x04FF, 0x04FF, 0x04FE, 0x04FE,
  0x057F, 0x071F, 0x07BF, 0x07BF, 0x07BF, 0x07BF, 0x07BF, 0x07BF, 0x07BF, 0x07BF, 0x07BF, 0x07BF,
  0x07FF, 0x07FF, 0x06DF, 0x057F, 0x057F, 0x05DF, 0x053E, 0x05DF, 0x057F, 0x057F, 0x053E, 0x04BE,
  0x047F, 0x04BE, 0x065F, 0x071F, 0x075F, 0x075F, 0x075F, 0x07BF, 0x07BF, 0x079F, 0x07BF, 0x07BF,
  0x07BF, 0x06DF, 0x05DF, 0x05DF, 0x05DF, 0x05DF, 0x04FE, 0x04FE, 0x053E, 0x05DF, 0x065F, 0x075F,
  0x07FF, 0x07FF, 0x07FE, 0x07BF, 0x071F, 0x06DF, 0x075F, 0x07FF, 0x07BF, 0x07BF, 0x07BF, 0x07BF,
  0x07BF, 0x07BF, 0x07BF, 0x07BF, 0x07BF, 0x07BF, 0x07BF, 0x07BF, 0xFFFF, 0xFFFF, 0xFFFF, 0xFFFF,
  0xFFFF, 0xFFFF, 0xFFFF, 0xFFFF, 0xFFFF, 0xFFFF, 0xFFFF, 0xFFFF, 0xFFFF, 0xFFFF, 0xFFFF, 0xFFFF,
  0xFFFF, 0xFFFF, 0xFFFF, 0xFFFF, 0xFFFF, 0xFFFF, 0xFFFF, 0xFFFF, 0xFFFF, 0xFFFF, 0xFFFF, 0xFFFF,
  0xFFFF, 0xFFFF, 0xFFFF, 0xFFFF, 0xFFFF, 0xFFFF, 0xFFFF, 0xFFFF, 0xFFFF, 0xFFFF, 0xFFFF, 0xFFFF,
  0xFFFF, 0xFFFF, 0xFFFF, 0xFFFF, 0xFFFF, 0xFFFF, 0xFFFF, 0xFFFF, 0xFFFF, 0xFFFF, 0xFFFF, 0xFFFF,
  0xFFFF, 0xFFFF, 0xFFFF, 0xFFFF, 0x2966, 0x0000, 0x0000, 0x0000, 0xC67A, 0xFFFF, 0xFFFF, 0xFFFF,
  0xFFFF, 0xFFFF, 0xFFBE, 0x1082, 0x0000, 0x0000, 0x0000, 0x7C10, 0xFFFF, 0xFFFF, 0xFFFF, 0xFFFF,
  0xFFFF, 0xFFFF, 0xFFFF, 0xFFFF, 0xFFFF, 0xFFFF, 0xFFFF, 0xFFFF, 0xFFFF, 0xFFFF, 0x7C10, 0x0000,
  0x0020, 0xEF5D, 0xF7FF, 0xFFFF, 0xFFFF, 0xEF5D, 0x528A, 0x0000, 0x0000, 0x7C10, 0xFFFF, 0x051F,
  0x043E, 0x05DF, 0x07BF, 0x07BF, 0x05DF, 0x039E, 0x06BE, 0xDFFF, 0x2966, 0x0000, 0x0000, 0x0000,
  0x0000, 0xC67A, 0xFFFF, 0xFFFF, 0xFFFF, 0xFFFF, 0xFFFF, 0xFFFF, 0xFFFF, 0xFFFF, 0xFFFF, 0xFFFF,
  0xFFFF, 0xFFFF, 0xFFFF, 0xEF5D, 0xA75D, 0xDFFF, 0xFFFF, 0xFFFF, 0xFFFF, 0xF7FF, 0x03BB, 0x05DF,
  0xFFFF, 0xFFFF, 0xFFFF, 0xFFFF, 0xFFFF, 0xFFFF, 0x3D7F, 0x043E, 0x04FF, 0x04FF, 0x04BE, 0x04BF,
  0x04FF, 0x04BF, 0x04BF, 0x04FF, 0x04FE, 0x04FF, 0x04FF, 0x04FF, 0x04FF, 0x04FF, 0x04BE, 0x04FF,
  0x04BF, 0x04FF, 0x04BE, 0x04FF, 0x04FF, 0x04BE, 0x04BE, 0x04FF, 0x04FE, 0x04FF, 0x04BE, 0x04FF,
  0x04BE, 0x04BF, 0x04FF, 0x04BF, 0x047F, 0x3D7F, 0x051F, 0x04BF, 0x04FE, 0x04FE, 0x04BE, 0x04FF,
  0x04FF, 0x04FF, 0x04FE, 0x04FF, 0x04FE, 0x04FF, 0x04FE, 0x04FF, 0x04FF, 0x04FF, 0x04BE, 0x04FF,
  0x04BE, 0x04FF, 0x04BF, 0x04FF, 0x04BE, 0x04BF, 0x04BF, 0x04BE, 0x04FF, 0x04BE, 0x04BE, 0x04FF,
  0x04BE, 0x04FF, 0x04BF, 0x04FE, 0x04BE, 0x04FE, 0x04BE, 0x04BF, 0x04FF, 0x04FF, 0x04BF, 0x04FF,
  0x04BE, 0x04FF, 0x04FF, 0x04FF, 0x04FF, 0x04FF, 0x04BE, 0x04FF, 0x04FF, 0x04FE, 0x04FF, 0x04FE,
  0x04FF, 0x04FE, 0x04FE, 0x04FE, 0x04FF, 0x04FF, 0x04FF, 0x04BF, 0x04FF, 0x04BF, 0x04FF, 0x04FE,
  0x04FF, 0x04FF, 0x04BE, 0x04FF, 0x04FF, 0x04FE, 0x04FF, 0x05DF, 0x067F, 0x071F, 0x07BF, 0x07BF,
  0x07BF, 0x07BF, 0x07BF, 0x07BF, 0x079F, 0x07BF, 0x07BF, 0x07FF, 0x075F, 0x05DF, 0x047F, 0x04BE,
  0x04BE, 0x04BF, 0x04BF, 0x047F, 0x04BE, 0x04BF, 0x04BE, 0x04BE, 0x053E, 0x075F, 0x07FF, 0x07FF,
  0x07FF, 0x07FF, 0x07BF, 0x07BF, 0x07BF, 0x07BF, 0x07BF, 0x07BF, 0x07BF, 0x06DF, 0x06DF, 0x067F,
  0x06DF, 0x067F, 0x071F, 0x075F, 0x07BF, 0x079F, 0x07FF, 0x07FF, 0x07BF, 0x067F, 0x065F, 0x053E,
  0x04FE, 0x04BD, 0x05DF, 0x075F, 0x07FF, 0x07FF, 0x07BF, 0x07BF, 0x07BF, 0x07BF, 0x07BF, 0x07BF,
  0x07BF, 0x07BF, 0x075F, 0x07BF, 0xFFFF, 0xFFFF, 0xFFFF, 0xFFFF, 0xFFFF, 0xFFFF, 0xFFFF, 0xFFFF,
  0xFFFF, 0xFFFF, 0xFFFF, 0xFFFF, 0xFFFF, 0xFFFF, 0xFFFF, 0xFFFF, 0xFFFF, 0xFFFF, 0xFFFF, 0xFFFF,
  0xFFFF, 0xFFFF, 0xFFFF, 0xFFFF, 0xFFFF, 0xFFFF, 0xFFFF, 0xFFFF, 0xFFFF, 0xFFFF, 0xFFFF, 0xFFFF,
  0xFFFF, 0xFFFF, 0xFFFF, 0xFFFF, 0xFFFF, 0xFFFF, 0xFFFF, 0xFFFF, 0xFFFF, 0xFFFF, 0xFFFF, 0xFFFF,
  0xFFFF, 0xFFFF, 0xFFFF, 0xFFFF, 0xFFFF, 0xFFFF, 0xFFFF, 0xFFFF, 0xFFFF, 0xFFFF, 0xFFFF, 0xFFFF,
  0x94D3, 0x0000, 0x0000, 0x0000, 0x528A, 0xFFFF, 0xFFFF, 0xFFFF, 0xFFFF, 0xFFFF, 0xFFFF, 0xA596,
  0x0000, 0x0000, 0x0000, 0x0020, 0xFF7D, 0xFFFF, 0xFFFF, 0xFFFF, 0xFFFF, 0xFFFF, 0xFFFF, 0xFFFF,
  0xFFFF, 0xFFFF, 0xFFFF, 0xFFFF, 0xFFFF, 0xFFFF, 0x94D3, 0x0000, 0x94D3, 0xFFFF, 0xFFFF, 0xFFFF,
  0xFFFF, 0xFFFF, 0xFFFF, 0x2966, 0x0000, 0x41E8, 0xA75D, 0x047D, 0x04BE, 0x06FF, 0x07BF, 0x077F,
  0x047F, 0x047F, 0x6FDF, 0xB7DF, 0x1104, 0x0000, 0x0000, 0x0000, 0x0000, 0xDEDB, 0xFFFF, 0xFFFF,
  0xFFFF, 0xFFFF, 0xFFFF, 0xFFBF, 0xFFBF, 0xFFFF, 0xFFFF, 0xFFFF, 0xFFFF, 0xFFFF, 0xEFFE, 0x9E3B,
  0xB7DF, 0xF7FF, 0xFFFF, 0xFFFF, 0xFFFF, 0xA75D, 0x043E, 0x661C, 0xFFFF, 0xFFFF, 0xFFFF, 0xFFFF,
  0xFFFF, 0xFFFF, 0x05FB, 0x047F, 0x04BF, 0x04BE, 0x04FF, 0x04FE, 0x04BF, 0x04BE, 0x04FF, 0x04BE,
  0x04BF, 0x04BE, 0x04BE, 0x04BF, 0x04BE, 0x04BF, 0x04BE, 0x04BF, 0x04BE, 0x04BE, 0x04BF, 0x04BE,
  0x04BF, 0x04BE, 0x04BF, 0x04BE, 0x04BF, 0x04BE, 0x04BF, 0x04BF, 0x04BE, 0x04FF, 0x04BE, 0x04BF,
  0x047F, 0x051F, 0x047F, 0x04BF, 0x04BE, 0x04BF, 0x04FE, 0x04FF, 0x04BE, 0x04BF, 0x04BF, 0x04BE,
  0x04BF, 0x04BE, 0x04BE, 0x04FF, 0x04BE, 0x04BE, 0x04BE, 0x04BE, 0x04BF, 0x04BF, 0x04BE, 0x04BF,
  0x04BF, 0x04BE, 0x04FF, 0x04BE, 0x04BF, 0x04FE, 0x04BF, 0x04BE, 0x04FF, 0x04BF, 0x04FE, 0x04BF,
  0x04FE, 0x04BF, 0x04FE, 0x04FF, 0x04BE, 0x04BF, 0x04BF, 0x04BE, 0x04BF, 0x04BE, 0x04BE, 0x04BF,
  0x04BE, 0x04BE, 0x04BF, 0x04BF, 0x04BE, 0x04BF, 0x04BE, 0x04BE, 0x04BE, 0x04BF, 0x04BE, 0x04BF,
  0x04BE, 0x04BF, 0x04BE, 0x04BE, 0x04BE, 0x04BF, 0x04BE, 0x04BF, 0x04BF, 0x04BE, 0x04BF, 0x04FF,
  0x04BE, 0x04BE, 0x04BF, 0x05DF, 0x07BF, 0x07BF, 0x079F, 0x07BF, 0x079F, 0x07BF, 0x07BF, 0x07BF,
  0x071F, 0x067F, 0x067F, 0x065F, 0x053E, 0x04BD, 0x04BE, 0x04BF, 0x04BE, 0x04BF, 0x04BF, 0x04BF,
  0x04FF, 0x04BF, 0x04BF, 0x04BE, 0x067F, 0x07BF, 0x075F, 0x075F, 0x075F, 0x075F, 0x075F, 0x07BF,
  0x075F, 0x075F, 0x075F, 0x075F, 0x075F, 0x07BF, 0x07FE, 0x07FE, 0x07BF, 0x07FF, 0x07BF, 0x075F,
  0x071F, 0x067F, 0x065F, 0x05DF, 0x053E, 0x04BE, 0x047F, 0x04BE, 0x04BF, 0x04BF, 0x047F, 0x04FE,
  0x065F, 0x067F, 0x067F, 0x075F, 0x075F, 0x075F, 0x075F, 0x075F, 0x075F, 0x07BF, 0x075F, 0x07BF,
  0xFFFF, 0xFFFF, 0xFFFF, 0xFFFF, 0xFFFF, 0xFFFF, 0xFFFF, 0xFFFF, 0xFFFF, 0xFFFF, 0xFFFF, 0xFFFF,
  0xFFFF, 0xFFFF, 0xFFFF, 0xFFFF, 0xFFFF, 0xFFFF, 0xFFFF, 0xFFFF, 0xFFFF, 0xFFFF, 0xFFFF, 0xFFFF,
  0xFFFF, 0xFFFF, 0xFFFF, 0xFFFF, 0xFFFF, 0xFFFF, 0xFFFF, 0xFFFF, 0xFFFF, 0xFFFF, 0xFFFF, 0xFFFF,
  0xFFFF, 0xFFFF, 0xFFFF, 0xFFFF, 0xFFFF, 0xFFFF, 0xFFFF, 0xFFFF, 0xFFFF, 0xFFFF, 0xFFFF, 0xFFFF,
  0xFFFF, 0xFFFF, 0xFFFF, 0xFFFF, 0xFFFF, 0xFFFF, 0xFFFF, 0xFFFF, 0xEF5D, 0x0000, 0x0000, 0x0000,
  0x0000, 0xDEDB, 0xFFFF, 0xFFFF, 0xFFFF, 0xFFFF, 0xFFFF, 0xFFFF, 0x632C, 0x0000, 0x0000, 0x0000,
  0x632C, 0xFFFF, 0xFFFF, 0xFFFF, 0xFFFF, 0xFFFF, 0xFFFF, 0xFFFF, 0xFFFF, 0xFFFF, 0xFFFF, 0xFFFF,
  0xFFFF, 0xFFFF, 0xDEDB, 0x0000, 0x94D3, 0xFFFF, 0xFFFF, 0xFFFF, 0xFFFF, 0xFFFF, 0xFFFF, 0x94D3,
  0x0000, 0x0000, 0x0377, 0x04BF, 0x065F, 0x07BF, 0x07BF, 0x065E, 0x039E, 0x05DF, 0xB7DF, 0x6FDF,
  0x024A, 0x0000, 0x0000, 0x0000, 0x0021, 0xEF5D, 0xFFFF, 0xFFFF, 0xFFFF, 0xFFFF, 0xFFFF, 0xF7BE,
  0xFFFF, 0xFFFF, 0xFFFF, 0xFFFF, 0xFFFF, 0xFFFF, 0xDEDB, 0xA75D, 0xE7BE, 0xFFFF, 0xFFFF, 0xFFFF,
  0xFFFF, 0x671E, 0x039E, 0x6FDF, 0xFFFF, 0xFFFF, 0xFFFF, 0xFFFF, 0xFFFF, 0xE7BE, 0x04DD, 0x047F,
  0x04BF, 0x04FE, 0x04BE, 0x04BF, 0x04BE, 0x04BF, 0x04BE, 0x04BF, 0x04BE, 0x04BF, 0x04BF, 0x04BE,
  0x04BF, 0x04BE, 0x04FF, 0x04BE, 0x04BE, 0x04BF, 0x04BE, 0x04BF, 0x04BE, 0x04BF, 0x04BE, 0x04BF,
  0x04BE, 0x04BF, 0x04BE, 0x04BF, 0x04BE, 0x04BF, 0x04BE, 0x04BF, 0x04FF, 0x047F, 0x04BF, 0x04BF,
  0x04BF, 0x04BE, 0x04BF, 0x04BE, 0x04BF, 0x04BE, 0x04FF, 0x04BF, 0x04BE, 0x04FF, 0x04BE, 0x04BE,
  0x04BF, 0x04FE, 0x04BF, 0x04FE, 0x04BE, 0x04BF, 0x04BE, 0x04BF, 0x04BE, 0x04FF, 0x04BE, 0x04BF,
  0x04BE, 0x04BE, 0x04BE, 0x04BF, 0x04BE, 0x04BF, 0x04BE, 0x04BE, 0x04BF, 0x04FE, 0x04BF, 0x04BE,
  0x04BF, 0x04BF, 0x04BE, 0x04FF, 0x04BE, 0x04FF, 0x04BF, 0x04BE, 0x04BF, 0x04BF, 0x04BE, 0x04FE,
  0x04BF, 0x04BE, 0x04BE, 0x04BF, 0x04BE, 0x04BE, 0x04FF, 0x04BE, 0x04FF, 0x04BE, 0x04BE, 0x04FF,
  0x04BF, 0x04FE, 0x04BF, 0x04FE, 0x04BF, 0x04FF, 0x04BE, 0x04FE, 0x04BE, 0x04BF, 0x047F, 0x04BF,
  0x04BF, 0x057F, 0x05DF, 0x05DF, 0x05DF, 0x05DF, 0x057F, 0x053F, 0x04BE, 0x04BE, 0x04BE, 0x047F,
  0x04BF, 0x04BE, 0x04BE, 0x04BE, 0x04FF, 0x04BE, 0x04FE, 0x04FF, 0x04BE, 0x04BF, 0x04BE, 0x04BF,
  0x04BE, 0x04BF, 0x04BE, 0x04BF, 0x04FE, 0x05DF, 0x067F, 0x07BF, 0x075F, 0x07BF, 0x07BF, 0x07BF,
  0x07BF, 0x075F, 0x075F, 0x075F, 0x075F, 0x07BF, 0x075F, 0x071F, 0x05DF, 0x053E, 0x047F, 0x047F,
  0x047F, 0x047F, 0x04BE, 0x047F, 0x04BF, 0x047F, 0x047F, 0x047F, 0x047F, 0x053E, 0x053E, 0x053E,
  0x053E, 0x053E, 0x053E, 0x065F, 0x071F, 0x075F, 0x07BF, 0x075F, 0xFFFF, 0xFFFF, 0xFFFF, 0xFFFF,
  0xFFFF, 0xFFFF, 0xFFFF, 0xFFFF, 0xFFFF, 0xFFFF, 0xFFFF, 0xFFFF, 0xFFFF, 0xFFFF, 0xFFFF, 0xFFFF,
  0xFFFF, 0xFFFF, 0xFFFF, 0xFFFF, 0xFFFF, 0xFFFF, 0xFFFF, 0xFFFF, 0xFFFF, 0xFFFF, 0xFFFF, 0xFFFF,
  0xFFFF, 0xFFFF, 0xFFFF, 0xFFFF, 0xFFFF, 0xFFFF, 0xFFFF, 0xFFFF, 0xFFFF, 0xFFFF, 0xFFFF, 0xFFFF,
  0xFFFF, 0xFFFF, 0xFFFF, 0xFFFF, 0xFFFF, 0xFFFF, 0xFFFF, 0xFFFF, 0xFFFF, 0xFFFF, 0xFFFF, 0xFFFF,
  0xFFFF, 0xFFFF, 0xFFFF, 0xFFFF, 0xFFFF, 0x7C10, 0x0000, 0x0000, 0x0000, 0x632C, 0xFFFF, 0xFFFF,
  0xFFFF, 0xFFFF, 0xFFFF, 0xFFFF, 0xF7BE, 0x0000, 0x0000, 0x0000, 0x0000, 0xFFBF, 0xFFFF, 0xFFFF,
  0xFFFF, 0xFFFF, 0xFFFF, 0xFFFF, 0xFFFF, 0xFFFF, 0xFFFF, 0xFFFF, 0xFFFF, 0xFFFF, 0xFFFF, 0x0021,
  0x7C10, 0xFFFF, 0xFFFF, 0xFFFF, 0xFFFF, 0xFFFF, 0xFFFF, 0x94D3, 0x0000, 0x0000, 0x022E, 0x057F,
  0x075F, 0x07BF, 0x077F, 0x04FE, 0x03FC, 0x073E, 0xB7DF, 0xB7DF, 0x41E8, 0x0000, 0x0000, 0x0000,
  0x1082, 0xFFBE, 0xFFFF, 0xFFFF, 0xFFFF, 0xFFFF, 0xF7BE, 0xFFBE, 0xFFFF, 0xFFFF, 0xFFFF, 0xFFFF,
  0xFFFF, 0xF7FF, 0xC67A, 0xB7DF, 0xDFFF, 0xFFFF, 0xFFFF, 0xFFFF, 0xFFFF, 0x3D7F, 0x043D, 0xB7DF,
  0xFFFF, 0xFFFF, 0xFFFF, 0xFFFF, 0xFFFF, 0xBEDD, 0x043D, 0x04BF, 0x04BF, 0x04BE, 0x04BF, 0x04BF,
  0x04BF, 0x04BE, 0x04BF, 0x04BE, 0x04BF, 0x04BE, 0x04BF, 0x04BE, 0x04BF, 0x04BE, 0x04BF, 0x04BE,
  0x04BF, 0x04BE, 0x04FF, 0x04BF, 0x04BF, 0x04BE, 0x04BF, 0x04BE, 0x04BF, 0x04BE, 0x04BF, 0x04BE,
  0x04BF, 0x04BE, 0x04BF, 0x04BF, 0x047F, 0x04BF, 0x047F, 0x04BF, 0x04BE, 0x04BE, 0x04BF, 0x04BF,
  0x04BF, 0x04BF, 0x04BE, 0x04BE, 0x04BF, 0x04BE, 0x04BF, 0x04BE, 0x04BE, 0x04BF, 0x04BE, 0x04BF,
  0x04BE, 0x04BF, 0x04FF, 0x04BE, 0x04BF, 0x04BE, 0x04BF, 0x04BE, 0x04BF, 0x04BF, 0x04FF, 0x04BF,
  0x04BF, 0x04BE, 0x04FF, 0x04BF, 0x04BE, 0x04BE, 0x04BF, 0x04BF, 0x04FF, 0x04BE, 0x04BF, 0x04BE,
  0x04BF, 0x04BE, 0x04BF, 0x04BF, 0x04BE, 0x04BE, 0x04BF, 0x04BF, 0x04BE, 0x04BF, 0x04BE, 0x04BE,
  0x04BF, 0x04BE, 0x04BE, 0x04BE, 0x04BF, 0x04BE, 0x04BE, 0x04BF, 0x04BE, 0x04BF, 0x04BE, 0x04BF,
  0x04BE, 0x04BE, 0x04BF, 0x04BE, 0x04BF, 0x04BE, 0x04BF, 0x04BF, 0x047F, 0x047F, 0x047F, 0x04BF,
  0x047F, 0x04BF, 0x047F, 0x047F, 0x047F, 0x04BF, 0x047F, 0x04BF, 0x047F, 0x04BE, 0x04BF, 0x04BE,
  0x04BF, 0x04BE, 0x04BF, 0x04BE, 0x04BF, 0x04BE, 0x04BE, 0x04BF, 0x047F, 0x047F, 0x047F, 0x04FF,
  0x05DF, 0x067F, 0x075F, 0x07BF, 0x075F, 0x075F, 0x075F, 0x075F, 0x075F, 0x07BF, 0x075F, 0x075F,
  0x075F, 0x075F, 0x07BF, 0x075F, 0x075F, 0x075F, 0x065F, 0x04FE, 0x047F, 0x047F, 0x04BE, 0x04FF,
  0x053F, 0x057F, 0x05DF, 0x065F, 0x067F, 0x075F, 0x06DF, 0x067F, 0x065F, 0x05DF, 0x067F, 0x071F,
  0x07BF, 0x075F, 0x075F, 0x075F, 0xFFFF, 0xFFFF, 0xFFFF, 0xFFFF, 0xFFFF, 0xFFFF, 0xFFFF, 0xFFFF,
  0xFFFF, 0xFFFF, 0xFFFF, 0xFFFF, 0xFFFF, 0xFFFF, 0xFFFF, 0xFFFF, 0xFFFF, 0xFFFF, 0xFFFF, 0xFFFF,
  0xFFFF, 0xFFFF, 0xFFFF, 0xFFFF, 0xFFFF, 0xFFFF, 0xFFFF, 0xFFFF, 0xFFFF, 0xFFFF, 0xFFFF, 0xFFFF,
  0xFFFF, 0xFFFF, 0xFFFF, 0xFFFF, 0xFFFF, 0xFFFF, 0xFFFF, 0xFFFF, 0xFFFF, 0xFFFF, 0xFFFF, 0xFFFF,
  0xFFFF, 0xFFFF, 0xFFFF, 0xFFFF, 0xFFFF, 0xFFFF, 0xFFFF, 0xFFFF, 0xFFFF, 0xFFFF, 0xFFFF, 0xFFFF,
  0xFFFF, 0xFFFF, 0x2966, 0x0000, 0x0000, 0x0000, 0xC67A, 0xFFFF, 0xFFFF, 0xFFFF, 0xFFFF, 0xFFFF,
  0xFFFF, 0xA596, 0x0000, 0x0000, 0x0000, 0x7C10, 0xFFFF, 0xFFFF, 0xFFFF, 0xFFFF, 0xFFFF, 0xFFFF,
  0xFFFF, 0xFFFF, 0xFFFF, 0xFFFF, 0xFFFF, 0xFFFF, 0xFFFF, 0x2966, 0x528A, 0xFFFF, 0xFFFF, 0xFFFF,
  0xFFFF, 0xFFFF, 0xFFFF, 0xA596, 0x0000, 0x0000, 0x022E, 0x06DF, 0x07BF, 0x07BF, 0x05DF, 0x03FC,
  0x051F, 0x6FDF, 0x6FDF, 0xDFFF, 0x41E8, 0x0000, 0x0000, 0x0000, 0x2966, 0xFFFF, 0xFFFF, 0xFFFF,
  0xFFFF, 0xFFFF, 0xF7BE, 0xFFFF, 0xFFFF, 0xFFFF, 0xFFFF, 0xFFFF, 0xFFFF, 0xC67A, 0xA75D, 0xDFFF,
  0xF7FF, 0xFFFF, 0xFFFF, 0xFFFF, 0xFFFF, 0x047D, 0x051F, 0xFFFF, 0xFFFF, 0xFFFF, 0xFFFF, 0xFFFF,
  0xFFFF, 0x661C, 0x03FC, 0x04BF, 0x04BE, 0x04BF, 0x04BE, 0x04BE, 0x04BE, 0x04BE, 0x04BE, 0x04BF,
  0x04BE, 0x04BE, 0x04BE, 0x04BF, 0x04BE, 0x04BE, 0x04BE, 0x04BE, 0x04BF, 0x047F, 0x04BF, 0x04BE,
  0x04BF, 0x04BE, 0x04BE, 0x04BF, 0x04BE, 0x04BE, 0x04BE, 0x04BF, 0x047F, 0x04BF, 0x047F, 0x04BF,
  0x047F, 0x04BF, 0x04BF, 0x04BE, 0x04BF, 0x04BE, 0x04BE, 0x04BE, 0x04BE, 0x04BE, 0x04BF, 0x04BE,
  0x04BE, 0x04BF, 0x04BE, 0x04BF, 0x04BF, 0x04BE, 0x04BE, 0x04BE, 0x04BF, 0x047F, 0x04BE, 0x04BF,
  0x04BE, 0x04BE, 0x04BE, 0x04BF, 0x04BE, 0x04BE, 0x047F, 0x04BE, 0x047F, 0x04BF, 0x047F, 0x04BF,
  0x047F, 0x04BF, 0x047F, 0x04BE, 0x047F, 0x04BE, 0x04BF, 0x047F, 0x04BF, 0x047F, 0x04BF, 0x04BE,
  0x04BF, 0x04BE, 0x04BF, 0x047F, 0x04BF, 0x04BE, 0x04BF, 0x04BF, 0x047F, 0x04BF, 0x047F, 0x04BF,
  0x047F, 0x04BF, 0x04BE, 0x04BE, 0x04BF, 0x04BE, 0x04BF, 0x04BE, 0x04BE, 0x04BF, 0x04BE, 0x04BE,
  0x04BE, 0x04BF, 0x04BE, 0x04BF, 0x04BE, 0x04BF, 0x04BF, 0x047F, 0x04BF, 0x047F, 0x04BF, 0x04BF,
  0x047F, 0x04BF, 0x047F, 0x04BF, 0x04BE, 0x04BF, 0x04BF, 0x04BE, 0x04BF, 0x047F, 0x04BF, 0x047F,
  0x047F, 0x047F, 0x047E, 0x047F, 0x047F, 0x04FE, 0x067F, 0x075F, 0x07BF, 0x07BF, 0x075F, 0x075F,
  0x075F, 0x075F, 0x077F, 0x075F, 0x075F, 0x075F, 0x07BF, 0x075F, 0x077F, 0x075F, 0x075F, 0x075F,
  0x07BF, 0x075F, 0x07BF, 0x071F, 0x065F, 0x05DF, 0x067F, 0x075F, 0x075F, 0x07BF, 0x07BF, 0x07BF,
  0x07BF, 0x075F, 0x07BF, 0x075F, 0x07BF, 0x075F, 0x07BF, 0x075F, 0x075F, 0x075F, 0x075F, 0x075F,
  0xFFFF, 0xFFFF, 0xFFFF, 0xFFFF, 0xFFFF, 0xFFFF, 0xFFFF, 0xFFFF, 0xFFFF, 0xFFFF, 0xFFFF, 0xFFFF,
  0xFFFF, 0xFFFF, 0xFFFF, 0xFFFF, 0xFFFF, 0xFFFF, 0xFFFF, 0xFFFF, 0xFFFF, 0xFFFF, 0xFFFF, 0xFFFF,
  0xFFFF, 0xFFFF, 0xFFFF, 0xFFFF, 0xFFFF, 0xFFFF, 0xFFFF, 0xFFFF, 0xFFFF, 0xFFFF, 0xFFFF, 0xFFFF,
  0xFFFF, 0xFFFF, 0xFFFF, 0xFFFF, 0xFFFF, 0xFFFF, 0xFFFF, 0xFFFF, 0xFFFF, 0xFFFF, 0xFFFF, 0xFFFF,
  0xFFFF, 0xFFFF, 0xFFFF, 0xFFFF, 0xFFFF, 0xFFFF, 0xFFFF, 0xFFFF, 0xFFFF, 0xFFFF, 0xC67A, 0x0000,
  0x0000, 0x0000, 0x41E8, 0xFFFF, 0xFFFF, 0xFFFF, 0xFFFF, 0xFFFF, 0xFFFF, 0xFFBE, 0x528A, 0x0000,
  0x0000, 0x0021, 0xF7BE, 0xFFFF, 0xFFFF, 0xFFFF, 0xFFFF, 0xFFFF, 0xFFFF, 0xFFFF, 0xFFFF, 0xFFFF,
  0xFFFF, 0xFFFF, 0xFFFF, 0x528A, 0x2966, 0xFFFF, 0xFFFF, 0xFFFF, 0xFFFF, 0xFFFF, 0xFFFF, 0xDEDB,
  0x0000, 0x0000, 0x024A, 0x07DF, 0x07BF, 0x077F, 0x04BD, 0x039E, 0x073E, 0x6FDF, 0x6FDF, 0xF7FF,
  0x2966, 0x0000, 0x0000, 0x0000, 0x41E8, 0xFFFF, 0xFFFF, 0xFFFF, 0xFFFF, 0xF7BE, 0xF7BE, 0xFFFF,
  0xFFFF, 0xFFFF, 0xFFFF, 0xFFFF, 0xEFFE, 0xC67A, 0xB7DF, 0xB7DF, 0xFFFF, 0xFFFF, 0xFFFF, 0xFFFF,
  0xCF3D, 0x03BC, 0x05DF, 0xFFFF, 0xFFFF, 0xFFFF, 0xFFFF, 0xFFFF, 0xFFFF, 0x05FB, 0x03FC, 0x04BF,
  0x04BE, 0x04BE, 0x047F, 0x04BE, 0x04BE, 0x04BE, 0x04BE, 0x04BE, 0x047F, 0x04BF, 0x04BE, 0x04BE,
  0x04BE, 0x047F, 0x047F, 0x04BF, 0x047F, 0x04BF, 0x04BF, 0x047F, 0x04BF, 0x047F, 0x04BF, 0x04BE,
  0x04BE, 0x04BF, 0x047F, 0x04BE, 0x04BE, 0x04BE, 0x04BE, 0x047F, 0x04BE, 0x04BE, 0x047F, 0x04BE,
  0x04BE, 0x047F, 0x04BE, 0x04BE, 0x047F, 0x04BE, 0x047F, 0x047F, 0x04BE, 0x047F, 0x04BE, 0x047F,
  0x04BE, 0x047F, 0x047F, 0x04BE, 0x047F, 0x04BE, 0x04BE, 0x047F, 0x047F, 0x047F, 0x04BE, 0x047F,
  0x047F, 0x047F, 0x04BF, 0x04BE, 0x04BE, 0x04BE, 0x04BE, 0x047F, 0x04BE, 0x047F, 0x04BE, 0x047F,
  0x04BE, 0x047F, 0x04BE, 0x047F, 0x04BE, 0x047F, 0x04BE, 0x047F, 0x047F, 0x04BE, 0x047F, 0x04BE,
  0x047F, 0x04BE, 0x047F, 0x047F, 0x04BE, 0x047F, 0x04BE, 0x047F, 0x04BE, 0x04BE, 0x04BE, 0x047F,
  0x04BE, 0x04BE, 0x047F, 0x04BE, 0x04BE, 0x047F, 0x04BF, 0x04BE, 0x04BF, 0x04BE, 0x04BF, 0x04BE,
  0x047F, 0x04BE, 0x04BE, 0x04BF, 0x047F, 0x04BF, 0x047F, 0x04BE, 0x04BE, 0x04BE, 0x04BF, 0x04BE,
  0x04BF, 0x047F, 0x04BE, 0x04BF, 0x047F, 0x04BF, 0x04BE, 0x047F, 0x04BE, 0x04FE, 0x057F, 0x05DF,
  0x067F, 0x067F, 0x075F, 0x07BF, 0x075F, 0x075F, 0x075F, 0x077F, 0x075F, 0x075F, 0x075F, 0x075F,
  0x071F, 0x075F, 0x071F, 0x075F, 0x075F, 0x075F, 0x075F, 0x075F, 0x075F, 0x075F, 0x075F, 0x075F,
  0x075F, 0x07BF, 0x07BF, 0x07BF, 0x075F, 0x075F, 0x075F, 0x075F, 0x075F, 0x071F, 0x075F, 0x075F,
  0x075F, 0x075F, 0x075F, 0x075F, 0x071F, 0x075F, 0x071F, 0x075F, 0xFFFF, 0xFFFF, 0xFFFF, 0xFFFF,
  0xFFFF, 0xFFFF, 0xFFFF, 0xFFFF, 0xFFFF, 0xFFFF, 0xFFFF, 0xFFFF, 0xFFFF, 0xFFFF, 0xFFFF, 0xFFFF,
  0xFFFF, 0xFFFF, 0xFFFF, 0xFFFF, 0xFFFF, 0xFFFF, 0xFFFF, 0xFFFF, 0xFFFF, 0xFFFF, 0xFFFF, 0xFFFF,
  0xFFFF, 0xFFFF, 0xFFFF, 0xFFFF, 0xFFFF, 0xFFFF, 0xFFFF, 0xFFFF, 0xFFFF, 0xFFFF, 0xFFFF, 0xFFFF,
  0xFFFF, 0xFFFF, 0xFFFF, 0xFFFF, 0xFFFF, 0xFFFF, 0xFFFF, 0xFFFF, 0xFFFF, 0xFFFF, 0xFFFF, 0xFFFF,
  0xFFFF, 0xFFFF, 0xFFFF, 0xFFFF, 0xFFFF, 0xFFFF, 0xFFFF, 0x632C, 0x0000, 0x0000, 0x0000, 0xC67A,
  0xFFFF, 0xFFFF, 0xFFFF, 0xFFFF, 0xFFFF, 0xFFFF, 0xFFFF, 0x0021, 0x0000, 0x0000, 0x632C, 0xFFFF,
  0xFFFF, 0xFFFF, 0xFFFF, 0xFFFF, 0xFFFF, 0xFFFF, 0xFFFF, 0xFFFF, 0xFFFF, 0xFFFF, 0xFFFF, 0x94D3,
  0x41E8, 0xFFFF, 0xFFFF, 0xFFFF, 0xFFFF, 0xFFFF, 0xFFFF, 0xFFFF, 0x1082, 0x0000, 0x01A8, 0x07DF,
  0x07BF, 0x06BE, 0x03BB, 0x04DD, 0x07DF, 0x07DF, 0xDFFF, 0xFFFF, 0x2966, 0x0000, 0x0000, 0x0000,
  0x41E8, 0xFFFF, 0xFFFF, 0xFFFF, 0xFFFF, 0xEF5D, 0xFFFF, 0xFFFF, 0xFFFF, 0xFFFF, 0xFFFF, 0xFFFF,
  0xDEDB, 0xA75D, 0xB7DF, 0xEFFE, 0xFFFF, 0xFFFF, 0xFFFF, 0xFFFF, 0x661C, 0x03BB, 0x671E, 0xFFFF,
  0xFFFF, 0xFFFF, 0xFFFF, 0xFFFF, 0xFFFF, 0x2C79, 0x047F, 0x047F, 0x047F, 0x047F, 0x04BE, 0x047F,
  0x047F, 0x047F, 0x047E, 0x047F, 0x047E, 0x04BE, 0x047F, 0x047F, 0x047F, 0x04BE, 0x047F, 0x04BE,
  0x047F, 0x04BE, 0x047F, 0x04BF, 0x047F, 0x04BE, 0x047F, 0x047F, 0x047F, 0x047F, 0x04BF, 0x047F,
  0x047F, 0x047E, 0x047F, 0x047E, 0x047F, 0x047F, 0x04BE, 0x047F, 0x047F, 0x04BE, 0x047F, 0x047E,
  0x04BE, 0x047E, 0x04BE, 0x047E, 0x047F, 0x04BE, 0x047E, 0x04BE, 0x047F, 0x04BE, 0x04BE, 0x047E,
  0x04BE, 0x047E, 0x047F, 0x047E, 0x04BE, 0x047E, 0x047F, 0x047E, 0x04BE, 0x04BE, 0x047E, 0x047F,
  0x047F, 0x047F, 0x047F, 0x047F, 0x04BE, 0x047E, 0x04BE, 0x047F, 0x047F, 0x04BE, 0x047F, 0x047F,
  0x04BE, 0x047F, 0x04BE, 0x047E, 0x04BE, 0x047F, 0x04BE, 0x047E, 0x047F, 0x047E, 0x04BE, 0x04BE,
  0x047E, 0x04BE, 0x047F, 0x04BE, 0x047F, 0x047F, 0x047F, 0x04BE, 0x047F, 0x047E, 0x04BE, 0x047F,
  0x047F, 0x04BE, 0x047E, 0x047F, 0x04BE, 0x047F, 0x047F, 0x04BE, 0x047F, 0x047F, 0x04BE, 0x047F,
  0x04BE, 0x04BE, 0x047F, 0x04BE, 0x047F, 0x04BF, 0x047F, 0x047F, 0x04BE, 0x04BE, 0x047F, 0x047F,
  0x04BE, 0x047E, 0x05DF, 0x06DF, 0x06DF, 0x075F, 0x079F, 0x079F, 0x079F, 0x07BF, 0x075F, 0x075F,
  0x075F, 0x075F, 0x075F, 0x075F, 0x075F, 0x075F, 0x075F, 0x075F, 0x075F, 0x075F, 0x075F, 0x075F,
  0x071F, 0x075F, 0x071F, 0x075F, 0x071F, 0x075F, 0x071F, 0x075F, 0x075F, 0x075F, 0x071F, 0x06DF,
  0x075F, 0x071F, 0x075F, 0x071F, 0x075F, 0x075F, 0x071F, 0x075F, 0x071F, 0x075F, 0x075F, 0x075F,
  0x075F, 0x071F, 0x075F, 0x075F, 0xFFFF, 0xFFFF, 0xFFFF, 0xFFFF, 0xFFFF, 0xFFFF, 0xFFFF, 0xFFFF,
  0xFFFF, 0xFFFF, 0xFFFF, 0xFFFF, 0xFFFF, 0xFFFF, 0xFFFF, 0xFFFF, 0xFFFF, 0xFFFF, 0xFFFF, 0xFFFF,
  0xFFFF, 0xFFFF, 0xFFFF, 0xFFFF, 0xFFFF, 0xFFFF, 0xFFFF, 0xFFFF, 0xFFFF, 0xFFFF, 0xFFFF, 0xFFFF,
  0xFFFF, 0xFFFF, 0xFFFF, 0xFFFF, 0xFFFF, 0xFFFF, 0xFFFF, 0xFFFF, 0xFFFF, 0xFFFF, 0xFFFF, 0xFFFF,
  0xFFFF, 0xFFFF, 0xFFFF, 0xFFFF, 0xFFFF, 0xFFFF, 0xFFFF, 0xFFFF, 0xFFFF, 0xFFFF, 0xFFFF, 0xFFFF,
  0xFFFF, 0xFFFF, 0xFFFF, 0xFFFF, 0x20C4, 0x0000, 0x0000, 0x41E8, 0xFFFF, 0xFFFF, 0xFFFF, 0xFFFF,
  0xFFFF, 0xFFFF, 0xFFFF, 0x94D3, 0x0000, 0x0000, 0x0000, 0xEF5D, 0xFFFF, 0xFFFF, 0xFFFF, 0xFFFF,
  0xFFFF, 0xFFFF, 0xFFFF, 0xFFFF, 0xFFFF, 0xFFFF, 0xFFFF, 0xFF7D, 0x528A, 0xEF5D, 0xFFFF, 0xFFFF,
  0xFFFF, 0xFFFF, 0xFFFF, 0xCF3D, 0x0021, 0x0000, 0x1104, 0x075F, 0x07BF, 0x053E, 0x03BB, 0x05DF,
  0x07DF, 0x6FDF, 0xFFFF, 0xFFFF, 0x1104, 0x0000, 0x0000, 0x0000, 0x632C, 0xFFFF, 0xFFFF, 0xFFFF,
  0xFF7D, 0xFFBF, 0xFFFF, 0xFFFF, 0xFFFF, 0xFFFF, 0xFFFF, 0xFFFF, 0xBEDD, 0xB7DF, 0xB7DF, 0xF7FF,
  0xFFFF, 0xFFFF, 0xFFFF, 0xFFFF, 0x3D7F, 0x039E, 0xDFFF, 0xFFFF, 0xFFFF, 0xFFFF, 0xFFFF, 0xFFFF,
  0xDF7E, 0x043D, 0x043E, 0x047F, 0x047F, 0x04BE, 0x047F, 0x047E, 0x047F, 0x04BE, 0x047E, 0x04BE,
  0x047E, 0x047E, 0x04BE, 0x04BE, 0x047F, 0x047F, 0x047F, 0x047F, 0x047F, 0x047E, 0x047F, 0x047E,
  0x047F, 0x047F, 0x047F, 0x04BE, 0x047F, 0x047F, 0x047F, 0x04BE, 0x047E, 0x047F, 0x047F, 0x04BE,
  0x047E, 0x047E, 0x047E, 0x047E, 0x047E, 0x047E, 0x04BE, 0x047E, 0x047F, 0x047E, 0x047F, 0x047E,
  0x04BE, 0x047E, 0x047F, 0x047E, 0x047E, 0x047E, 0x047F, 0x047E, 0x047F, 0x047E, 0x04BE, 0x047E,
  0x04BE, 0x047E, 0x04BE, 0x047E, 0x047E, 0x047E, 0x04BE, 0x047E, 0x047F, 0x047E, 0x047E, 0x047E,
  0x047F, 0x047F, 0x047F, 0x047F, 0x047F, 0x047F, 0x047E, 0x047E, 0x047E, 0x047E, 0x047E, 0x047F,
  0x047E, 0x047E, 0x047F, 0x047E, 0x04BE, 0x047E, 0x047E, 0x047F, 0x047E, 0x047F, 0x047E, 0x047F,
  0x047E, 0x04BE, 0x047F, 0x047E, 0x04BE, 0x047E, 0x047F, 0x047E, 0x04BE, 0x047F, 0x04BE, 0x047F,
  0x047E, 0x047F, 0x047E, 0x047F, 0x04BE, 0x047E, 0x047F, 0x047E, 0x04BE, 0x047F, 0x047F, 0x04BE,
  0x047F, 0x047F, 0x04BE, 0x047F, 0x047F, 0x047F, 0x04BE, 0x047F, 0x047E, 0x043E, 0x057F, 0x06DF,
  0x067F, 0x067F, 0x067F, 0x065F, 0x067F, 0x067F, 0x06DF, 0x06DF, 0x06DF, 0x071F, 0x06DF, 0x067F,
  0x067F, 0x071F, 0x075F, 0x075F, 0x071F, 0x06DF, 0x071F, 0x075F, 0x075F, 0x071F, 0x075F, 0x06DF,
  0x075F, 0x071F, 0x075F, 0x071F, 0x075F, 0x06DF, 0x075F, 0x071F, 0x06DF, 0x075F, 0x071F, 0x06DF,
  0x071F, 0x06DF, 0x075F, 0x06DF, 0x075F, 0x071F, 0x06DF, 0x071F, 0x06DF, 0x075F, 0x06DF, 0x075F,
  0xFFFF, 0xFFFF, 0xFFFF, 0xFFFF, 0xFFFF, 0xFFFF, 0xFFFF, 0xFFFF, 0xFFFF, 0xFFFF, 0xFFFF, 0xFFFF,
  0xFFFF, 0xFFFF, 0xFFFF, 0xFFFF, 0xFFFF, 0xFFFF, 0xFFFF, 0xFFFF, 0xFFFF, 0xFFFF, 0xFFFF, 0xFFFF,
  0xFFFF, 0xFFFF, 0xFFFF, 0xFFFF, 0xFFFF, 0xFFFF, 0xFFFF, 0xFFFF, 0xFFFF, 0xFFFF, 0xFFFF, 0xFFFF,
  0xFFFF, 0xFFFF, 0xFFFF, 0xFFFF, 0xFFFF, 0xFFFF, 0xFFFF, 0xFFFF, 0xFFFF, 0xFFFF, 0xFFFF, 0xFFFF,
  0xFFFF, 0xFFFF, 0xFFFF, 0xFFFF, 0xFFFF, 0xFFFF, 0xFFFF, 0xFFFF, 0xFFFF, 0xFFFF, 0xFFFF, 0xFFFF,
  0xC67A, 0x0000, 0x0000, 0x0000, 0x94D3, 0xFFFF, 0xFFFF, 0xFFFF, 0xFFFF, 0xFFFF, 0xFFFF, 0xFFFF,
  0x7C10, 0x0000, 0x0000, 0x7C10, 0xFFFF, 0xFFFF, 0xFFFF, 0xFFFF, 0xFFFF, 0xFFFF, 0xFFFF, 0xFFFF,
  0xFFFF, 0xFFFF, 0xFFFF, 0xFFFF, 0x632C, 0xA596, 0xFFFF, 0xFFFF, 0xFFFF, 0xFFFF, 0xFFFF, 0x3D7F,
  0x0004, 0x1021, 0x0061, 0x05B8, 0x077F, 0x03FC, 0x047E, 0x073E, 0x07DF, 0xB7DF, 0xFFFF, 0xFFFF,
  0x1082, 0x0000, 0x0000, 0x0000, 0x7C10, 0xFFFF, 0xFFFF, 0xF7FF, 0xE7BE, 0xFFFF, 0xFFFF, 0xFFFF,
  0xFFFF, 0xFFFF, 0xFFFF, 0xDEDB, 0xA75D, 0xB7DF, 0xB7DF, 0xFFFF, 0xFFFF, 0xFFFF, 0xFFFF, 0xE7BE,
  0x043C, 0x051F, 0xFFFF, 0xFFFF, 0xFFFF, 0xFFFF, 0xFFFF, 0xFFFF, 0xA75D, 0x043E, 0x047F, 0x047F,
  0x047F, 0x047E, 0x047F, 0x047F, 0x047E, 0x047F, 0x047F, 0x047E, 0x04BE, 0x047E, 0x047F, 0x047E,
  0x047F, 0x047E, 0x047F, 0x047E, 0x047E, 0x047F, 0x047E, 0x04BE, 0x047E, 0x047F, 0x047E, 0x047F,
  0x047E, 0x04BE, 0x047E, 0x047E, 0x047F, 0x047F, 0x047F, 0x047E, 0x04BE, 0x047E, 0x047F, 0x047F,
  0x047F, 0x047F, 0x047E, 0x047F, 0x04BE, 0x047F, 0x047E, 0x047F, 0x047E, 0x047F, 0x047E, 0x04BE,
  0x047F, 0x047F, 0x04BE, 0x047F, 0x047E, 0x047F, 0x047E, 0x047F, 0x047E, 0x047F, 0x047E, 0x047F,
  0x047F, 0x047E, 0x047F, 0x047E, 0x047E, 0x047E, 0x047F, 0x047F, 0x047E, 0x047F, 0x047F, 0x047E,
  0x047F, 0x047E, 0x047F, 0x047F, 0x04BE, 0x047F, 0x047E, 0x047F, 0x047E, 0x047F, 0x047E, 0x047F,
  0x047E, 0x047F, 0x047F, 0x047E, 0x047F, 0x047E, 0x047E, 0x047E, 0x047F, 0x047E, 0x047E, 0x047F,
  0x047E, 0x047F, 0x04BE, 0x047E, 0x047F, 0x047E, 0x047F, 0x047E, 0x04BE, 0x047E, 0x04BE, 0x047E,
  0x047E, 0x04BE, 0x047E, 0x04BE, 0x047E, 0x04BE, 0x047E, 0x047E, 0x04BE, 0x047E, 0x047E, 0x04BE,
  0x047E, 0x047E, 0x043E, 0x043E, 0x043E, 0x043E, 0x047F, 0x047F, 0x043E, 0x043E, 0x043E, 0x043E,
  0x047F, 0x04BE, 0x04FF, 0x04FF, 0x04FF, 0x04FF, 0x04BE, 0x047E, 0x043E, 0x057F, 0x075F, 0x075F,
  0x06DF, 0x075F, 0x06DF, 0x071F, 0x06DF, 0x06DF, 0x071F, 0x075F, 0x071F, 0x06DF, 0x075F, 0x06DF,
  0x071F, 0x071F, 0x06DF, 0x071F, 0x075F, 0x071F, 0x06DF, 0x075F, 0x075F, 0x075F, 0x06DF, 0x071F,
  0x06DF, 0x06DF, 0x071F, 0x075F, 0x071F, 0x071F, 0x075F, 0x071F, 0xFFFF, 0xFFFF, 0xFFFF, 0xFFFF,
  0xFFFF, 0xFFFF, 0xFFFF, 0xFFFF, 0xFFFF, 0xFFFF, 0xFFFF, 0xFFFF, 0xFFFF, 0xFFFF, 0xFFFF, 0xFFFF,
  0xFFFF, 0xFFFF, 0xFFFF, 0xFFFF, 0xFFFF, 0xFFFF, 0xFFFF, 0xFFFF, 0xFFFF, 0xFFFF, 0xFFFF, 0xFFFF,
  0xFFFF, 0xFFFF, 0xFFFF, 0xFFFF, 0xFFFF, 0xFFFF, 0xFFFF, 0xFFFF, 0xFFFF, 0xFFFF, 0xFFFF, 0xFFFF,
  0xFFFF, 0xFFFF, 0xFFFF, 0xFFFF, 0xFFFF, 0xFFFF, 0xFFFF, 0xFFFF, 0xFFFF, 0xFFFF, 0xFFFF, 0xFFFF,
  0xFFFF, 0xFFFF, 0xFFFF, 0xFFFF, 0xFFFF, 0xFFFF, 0xFFFF, 0xFFFF, 0xFFFF, 0x632C, 0x0000, 0x0000,
  0x1082, 0xFFFF, 0xFFFF, 0xFFFF, 0xFFFF, 0xFFFF, 0xFFFF, 0xFFFF, 0xFFFF, 0x1082, 0x0000, 0x0021,
  0xFFFF, 0xFFFF, 0xFFFF, 0xFFFF, 0xFFFF, 0xFFFF, 0xFFFF, 0xFFFF, 0xFFFF, 0xFFFF, 0xFFFF, 0xFFFF,
  0xA596, 0x94D3, 0xFFFF, 0xFFFF, 0xFFFF, 0xFFFF, 0xEFBF, 0x051F, 0x00ED, 0x1104, 0x1082, 0x0413,
  0x06BF, 0x03BB, 0x05DF, 0x07DF, 0x6FDF, 0xB7DF, 0xFFFF, 0xFFBF, 0x1082, 0x0000, 0x0000, 0x0000,
  0x94D3, 0xFFFF, 0xDFFF, 0xA75D, 0xB7DF, 0xF7FF, 0xFFFF, 0xFFFF, 0xFFFF, 0xFFFF, 0xFFFF, 0xBEDD,
  0xB7DF, 0x6FDF, 0xB7DF, 0xFFFF, 0xFFFF, 0xFFFF, 0xFFFF, 0xA75D, 0x02FB, 0x671E, 0xFFFF, 0xFFFF,
  0xFFFF, 0xFFFF, 0xFFFF, 0xFFFF, 0x253A, 0x039E, 0x047F, 0x047E, 0x047F, 0x047F, 0x047E, 0x047F,
  0x047F, 0x047E, 0x047E, 0x047E, 0x047F, 0x047E, 0x047F, 0x047E, 0x047E, 0x047F, 0x047E, 0x047F,
  0x047F, 0x047E, 0x047F, 0x047F, 0x047F, 0x047E, 0x047F, 0x047F, 0x047F, 0x047F, 0x047F, 0x047F,
  0x047F, 0x047E, 0x047E, 0x047E, 0x047F, 0x047F, 0x047E, 0x047F, 0x047E, 0x047F, 0x047E, 0x047F,
  0x047E, 0x047E, 0x047F, 0x047E, 0x047F, 0x047E, 0x047F, 0x047F, 0x047E, 0x047E, 0x047F, 0x047E,
  0x047F, 0x047E, 0x047F, 0x047F, 0x047E, 0x047F, 0x047E, 0x047F, 0x047E, 0x04BE, 0x047E, 0x047F,
  0x047F, 0x047E, 0x04BE, 0x047E, 0x047F, 0x047E, 0x047F, 0x047E, 0x047F, 0x047F, 0x047E, 0x047F,
  0x047E, 0x047F, 0x047F, 0x047F, 0x047F, 0x047F, 0x047E, 0x047F, 0x047F, 0x047F, 0x047E, 0x047F,
  0x047E, 0x047F, 0x047F, 0x047F, 0x047E, 0x047E, 0x047F, 0x047E, 0x047E, 0x047E, 0x047E, 0x047F,
  0x047E, 0x047E, 0x047E, 0x047F, 0x047E, 0x047F, 0x047F, 0x047F, 0x047F, 0x047E, 0x047F, 0x047E,
  0x047F, 0x047E, 0x047E, 0x047F, 0x047E, 0x047F, 0x047F, 0x047E, 0x047E, 0x04BE, 0x04FE, 0x057F,
  0x057F, 0x05DF, 0x057F, 0x057F, 0x057F, 0x057F, 0x057F, 0x057F, 0x05DF, 0x05DF, 0x05DF, 0x05DF,
  0x05DF, 0x05DF, 0x05DF, 0x05DF, 0x057F, 0x067F, 0x06DF, 0x071F, 0x071F, 0x071F, 0x06DF, 0x06DF,
  0x071F, 0x075F, 0x06DF, 0x06DF, 0x06DF, 0x071F, 0x06DF, 0x071F, 0x06DF, 0x075F, 0x071F, 0x075F,
  0x06DF, 0x071F, 0x075F, 0x071F, 0x06DF, 0x06DF, 0x075F, 0x075F, 0x075F, 0x075F, 0x075F, 0x075F,
  0x06DF, 0x075F, 0x075F, 0x075F, 0xFFFF, 0xFFFF, 0xFFFF, 0xFFFF, 0xFFFF, 0xFFFF, 0xFFFF, 0xFFFF,
  0xFFFF, 0xFFFF, 0xFFFF, 0xFFFF, 0xFFFF, 0xFFFF, 0xFFFF, 0xFFFF, 0xFFFF, 0xFFFF, 0xFFFF, 0xFFFF,
  0xFFFF, 0xFFFF, 0xFFFF, 0xFFFF, 0xFFFF, 0xFFFF, 0xFFFF, 0xFFFF, 0xFFFF, 0xFFFF, 0xFFFF, 0xFFFF,
  0xFFFF, 0xFFFF, 0xFFFF, 0xFFFF, 0xFFFF, 0xFFFF, 0xFFFF, 0xFFFF, 0xFFFF, 0xFFFF, 0xFFFF, 0xFFFF,
  0xFFFF, 0xFFFF, 0xFFFF, 0xFFFF, 0xFFFF, 0xFFFF, 0xFFFF, 0xFFFF, 0xFFFF, 0xFFFF, 0xFFFF, 0xFFFF,
  0xFFFF, 0xFFFF, 0xFFFF, 0xFFFF, 0xFFFF, 0xFFFF, 0x528A, 0x0000, 0x0000, 0x94D3, 0xFFFF, 0xFFFF,
  0xFFFF, 0xFFFF, 0xFFFF, 0xFFFF, 0xFFFF, 0xDEDB, 0x0000, 0x0000, 0x94D3, 0xFFFF, 0xFFFF, 0xFFFF,
  0xFFFF, 0xFFFF, 0xFFFF, 0xFFFF, 0xFFFF, 0xFFFF, 0xFFFF, 0xFFFF, 0xDEDB, 0x94D3, 0xFFFF, 0xFFFF,
  0xFFFF, 0xFFFF, 0x661C, 0x047F, 0x03B5, 0x01A8, 0x01A8, 0x01A8, 0x04FF, 0x043E, 0x075F, 0x07DF,
  0x6FDF, 0xDFFF, 0xFFFF, 0xEF5D, 0x0000, 0x0000, 0x0000, 0x0000, 0xA596, 0xF7FF, 0x07DF, 0x06BE,
  0x6FDF, 0x6FDF, 0xDFFF, 0xFFFF, 0xFFFF, 0xFFFF, 0xCF3D, 0xA75D, 0xB7DF, 0x6FDF, 0x6FDF, 0xF7FF,
  0xFFFF, 0xFFFF, 0xFFFF, 0x2C79, 0x043D, 0xDFFF, 0xFFFF, 0xFFFF, 0xFFFF, 0xFFFF, 0xFFFF, 0xA75D,
  0x03BB, 0x043E, 0x047E, 0x047E, 0x047E, 0x047E, 0x047F, 0x047E, 0x047F, 0x047F, 0x047F, 0x047F,
  0x047F, 0x047F, 0x047E, 0x047F, 0x047F, 0x047F, 0x047F, 0x047F, 0x047E, 0x047F, 0x047F, 0x047E,
  0x047F, 0x047F, 0x047E, 0x047E, 0x047E, 0x047E, 0x047E, 0x047E, 0x047E, 0x047E, 0x047F, 0x047F,
  0x043E, 0x047F, 0x047F, 0x047E, 0x047F, 0x047E, 0x047F, 0x047E, 0x047F, 0x047F, 0x047E, 0x047F,
  0x047F, 0x047F, 0x047E, 0x047F, 0x047F, 0x047F, 0x047E, 0x047F, 0x047F, 0x047E, 0x047F, 0x047E,
  0x047F, 0x047E, 0x047F, 0x047E, 0x047F, 0x047E, 0x047F, 0x047E, 0x047F, 0x047F, 0x047F, 0x047E,
  0x047D, 0x047E, 0x047E, 0x047E, 0x047E, 0x047E, 0x047E, 0x047F, 0x047E, 0x047E, 0x047E, 0x047E,
  0x047E, 0x047F, 0x047E, 0x047F, 0x047E, 0x047E, 0x047F, 0x047F, 0x047E, 0x047F, 0x047F, 0x047F,
  0x047E, 0x047F, 0x047F, 0x047F, 0x047F, 0x047F, 0x047F, 0x047E, 0x047F, 0x047F, 0x047F, 0x047E,
  0x047F, 0x047E, 0x047F, 0x047E, 0x047F, 0x047F, 0x047E, 0x047F, 0x047F, 0x047F, 0x047F, 0x047E,
  0x047F, 0x047E, 0x047E, 0x047F, 0x043E, 0x04FF, 0x06DF, 0x075F, 0x075F, 0x06DF, 0x075F, 0x075F,
  0x075F, 0x075F, 0x075F, 0x075F, 0x075F, 0x075F, 0x075F, 0x075F, 0x075F, 0x075F, 0x075F, 0x075F,
  0x075F, 0x06DF, 0x06DF, 0x06DF, 0x06DF, 0x06DF, 0x071F, 0x06DF, 0x06DF, 0x071F, 0x06DF, 0x075F,
  0x075F, 0x075F, 0x075F, 0x075F, 0x075F, 0x06DF, 0x075F, 0x06DF, 0x075F, 0x075F, 0x06DF, 0x075F,
  0x075F, 0x06DF, 0x067F, 0x05DF, 0x05DF, 0x065F, 0x067F, 0x06DF, 0x06DF, 0x06DF, 0x06DF, 0x05DF,
  0xFFFF, 0xFFFF, 0xFFFF, 0xFFFF, 0xFFFF, 0xFFFF, 0xFFFF, 0xFFFF, 0xFFFF, 0xFFFF, 0xFFFF, 0xFFFF,
  0xFFFF, 0xFFFF, 0xFFFF, 0xFFFF, 0xFFFF, 0xFFFF, 0xFFFF, 0xFFFF, 0xFFFF, 0xFFFF, 0xFFFF, 0xFFFF,
  0xFFFF, 0xFFFF, 0xFFFF, 0xFFFF, 0xFFFF, 0xFFFF, 0xFFFF, 0xFFFF, 0xFFFF, 0xFFFF, 0xFFFF, 0xFFFF,
  0xFFFF, 0xFFFF, 0xFFFF, 0xFFFF, 0xFFFF, 0xFFFF, 0xFFFF, 0xFFFF, 0xFFFF, 0xFFFF, 0xFFFF, 0xFFFF,
  0xFFFF, 0xFFFF, 0xFFFF, 0xFFFF, 0xFFFF, 0xFFFF, 0xFFFF, 0xFFFF, 0xFFFF, 0xFFFF, 0xFFFF, 0xFFFF,
  0xFFFF, 0xFFFF, 0xFFFF, 0x20C4, 0x0000, 0x0000, 0xDEDB, 0xFFFF, 0xFFFF, 0xFFFF, 0xFFFF, 0xFFFF,
  0xFFFF, 0xFFFF, 0xA596, 0x0000, 0x2966, 0xFFFF, 0xFFFF, 0xFFFF, 0xFFFF, 0xFFFF, 0xFFFF, 0xFFFF,
  0xFFFF, 0xFFFF, 0xFFFF, 0xFFFF, 0xFFFF, 0xC67A, 0xFFFF, 0xFFFF, 0xFFFF, 0xE7BE, 0x03BA, 0x05DF,
  0x065A, 0x024A, 0x01A8, 0x0085, 0x043E, 0x055F, 0x07FF, 0x07DF, 0xB7DF, 0xDFFF, 0xFFFF, 0xC67A,
  0x0000, 0x0000, 0x0000, 0x0000, 0x661C, 0x07DF, 0x063B, 0x07FE, 0x07FF, 0x07DF, 0x6FDF, 0xB7DF,
  0xFFFF, 0xFFFF, 0xBEDD, 0xB7DF, 0xB7DF, 0x07DF, 0x07DF, 0xB7DF, 0xFFFF, 0xFFFF, 0xDFFF, 0x03FC,
  0x051F, 0xFFFF, 0xFFFF, 0xFFFF, 0xFFFF, 0xFFFF, 0xFFFF, 0x253A, 0x03BB, 0x047F, 0x047E, 0x047F,
  0x047E, 0x047F, 0x047E, 0x047F, 0x043E, 0x047E, 0x047E, 0x047E, 0x043E, 0x047E, 0x047F, 0x047E,
  0x047E, 0x047E, 0x047E, 0x047E, 0x047F, 0x047E, 0x047E, 0x047F, 0x047E, 0x047E, 0x047F, 0x047F,
  0x047E, 0x047F, 0x047E, 0x047E, 0x047D, 0x043E, 0x047D, 0x047E, 0x047E, 0x047D, 0x047E, 0x047C,
  0x047D, 0x043D, 0x047E, 0x047E, 0x047E, 0x047E, 0x047E, 0x047E, 0x047E, 0x047E, 0x047E, 0x047E,
  0x047E, 0x047E, 0x043E, 0x047E, 0x047E, 0x047E, 0x047E, 0x047E, 0x047E, 0x047E, 0x047E, 0x047E,
  0x047E, 0x047E, 0x047E, 0x047E, 0x043E, 0x047E, 0x043E, 0x047E, 0x047E, 0x047E, 0x047E, 0x047E,
  0x047E, 0x047E, 0x047E, 0x047E, 0x043E, 0x047E, 0x047E, 0x047E, 0x047E, 0x047E, 0x047E, 0x047D,
  0x047E, 0x047E, 0x047E, 0x047E, 0x047E, 0x047E, 0x047E, 0x047E, 0x047E, 0x047E, 0x047E, 0x047E,
  0x047E, 0x047E, 0x047E, 0x047E, 0x047E, 0x047E, 0x047E, 0x047E, 0x047F, 0x047E, 0x047E, 0x047F,
  0x047E, 0x047E, 0x047E, 0x047E, 0x047E, 0x047E, 0x047F, 0x047E, 0x047E, 0x047E, 0x047E, 0x047E,
  0x043E, 0x043E, 0x05DF, 0x075F, 0x06DF, 0x071F, 0x06DF, 0x06DF, 0x071F, 0x06DF, 0x071F, 0x06DF,
  0x071F, 0x06DF, 0x071F, 0x06DF, 0x071F, 0x06DF, 0x071F, 0x06DF, 0x071F, 0x06DF, 0x071F, 0x071F,
  0x06DF, 0x071F, 0x06DF, 0x06DF, 0x06DF, 0x071F, 0x067F, 0x067F, 0x05DF, 0x065F, 0x05DF, 0x057F,
  0x05DF, 0x057F, 0x057F, 0x05DF, 0x057F, 0x05DF, 0x065F, 0x05DF, 0x067F, 0x057F, 0x04BD, 0x043D,
  0x03FC, 0x043D, 0x043E, 0x04FF, 0x053E, 0x053E, 0x047E, 0x043D, 0xFFFF, 0xFFFF, 0xFFFF, 0xFFFF,
  0xFFFF, 0xFFFF, 0xFFFF, 0xFFFF, 0xFFFF, 0xFFFF, 0xFFFF, 0xFFFF, 0xFFFF, 0xFFFF, 0xFFFF, 0xFFFF,
  0xFFFF, 0xFFFF, 0xFFFF, 0xFFFF, 0xFFFF, 0xFFFF, 0xFFFF, 0xFFFF, 0xFFFF, 0xFFFF, 0xFFFF, 0xFFFF,
  0xFFFF, 0xFFFF, 0xFFFF, 0xFFFF, 0xFFFF, 0xFFFF, 0xFFFF, 0xFFFF, 0xFFFF, 0xFFFF, 0xFFFF, 0xFFFF,
  0xFFFF, 0xFFFF, 0xFFFF, 0xFFFF, 0xFFFF, 0xFFFF, 0xFFFF, 0xFFFF, 0xFFFF, 0xFFFF, 0xFFFF, 0xFFFF,
  0xFFFF, 0xFFFF, 0xFFFF, 0xFFFF, 0xFFFF, 0xFFFF, 0xFFFF, 0xFFFF, 0xFFFF, 0xFFFF, 0xFFFF, 0xFF7D,
  0x2966, 0x0000, 0x2966, 0xFFFF, 0xFFFF, 0xFFFF, 0xFFFF, 0xFFFF, 0xFFFF, 0xFFFF, 0xFFFF, 0x528A,
  0x0000, 0xEF5D, 0xFFFF, 0xFFFF, 0xFFFF, 0xFFFF, 0xFFFF, 0xFFFF, 0xFFFF, 0xFFFF, 0xFFFF, 0xFFFF,
  0xFFFF, 0xC67A, 0xEF5D, 0xFFFF, 0xFFFF, 0x661C, 0x033A, 0x06FF, 0x07BF, 0x03AF, 0x1104, 0x0004,
  0x03FD, 0x06DF, 0x07DF, 0x6FDF, 0xDFFF, 0xFFFF, 0xFFFF, 0x94D3, 0x0000, 0x0000, 0x0000, 0x0000,
  0x073E, 0x07DF, 0x07DF, 0x07DF, 0x07DF, 0x07FF, 0x07DF, 0x6FDF, 0xFFFF, 0xEF5D, 0xA75D, 0xDFFF,
  0x6FDF, 0x07FF, 0x07FF, 0x6FDF, 0xF7FF, 0xFFBF, 0x671E, 0x02FB, 0x671E, 0xFFFF, 0xFFFF, 0xFFFF,
  0xFFFF, 0xFFFF, 0xCF3D, 0x03BC, 0x043E, 0x047E, 0x043E, 0x047E, 0x043E, 0x047E, 0x043E, 0x047E,
  0x043E, 0x047D, 0x043E, 0x043E, 0x047E, 0x043D, 0x047E, 0x047E, 0x047D, 0x047E, 0x043E, 0x047E,
  0x047E, 0x047D, 0x047E, 0x047E, 0x047D, 0x047E, 0x047E, 0x047E, 0x047E, 0x043E, 0x047E, 0x043E,
  0x047D, 0x047E, 0x043E, 0x043E, 0x043D, 0x043E, 0x043E, 0x043E, 0x043D, 0x047E, 0x047E, 0x043E,
  0x047E, 0x047E, 0x047E, 0x047E, 0x047E, 0x047E, 0x047D, 0x047E, 0x047E, 0x047D, 0x043E, 0x047E,
  0x043E, 0x047D, 0x047E, 0x047E, 0x047D, 0x043E, 0x047D, 0x043E, 0x047C, 0x043E, 0x047C, 0x043E,
  0x047E, 0x043E, 0x047E, 0x043E, 0x043E, 0x043D, 0x043E, 0x043D, 0x043E, 0x043D, 0x043E, 0x047D,
  0x043E, 0x047D, 0x043E, 0x047D, 0x043E, 0x043D, 0x043E, 0x043E, 0x043E, 0x043D, 0x043E, 0x043E,
  0x043E, 0x043E, 0x043D, 0x043E, 0x043E, 0x047E, 0x047E, 0x047E, 0x047E, 0x047E, 0x047E, 0x043E,
  0x047E, 0x047E, 0x047E, 0x047E, 0x047E, 0x043E, 0x047E, 0x047E, 0x047E, 0x047E, 0x047E, 0x043E,
  0x043E, 0x043E, 0x043E, 0x047E, 0x047E, 0x047E, 0x043E, 0x043E, 0x043D, 0x047D, 0x05DF, 0x06DF,
  0x071F, 0x06DF, 0x06DF, 0x071F, 0x067F, 0x071F, 0x06DF, 0x067F, 0x06DF, 0x071F, 0x06DF, 0x067F,
  0x06DF, 0x071F, 0x06DF, 0x067F, 0x06DF, 0x071F, 0x06DF, 0x071F, 0x06DF, 0x067F, 0x06DF, 0x071F,
  0x071F, 0x06DF, 0x067F, 0x05DF, 0x047D, 0x03FC, 0x03FC, 0x03FC, 0x03FC, 0x039E, 0x043E, 0x03FD,
  0x043E, 0x03FC, 0x043E, 0x03FC, 0x03FC, 0x043E, 0x043E, 0x043D, 0x03FC, 0x03FC, 0x03FD, 0x03FC,
  0x03FD, 0x03FC, 0x03FC, 0x043E, 0xFFFF, 0xFFFF, 0xFFFF, 0xFFFF, 0xFFFF, 0xFFFF, 0xFFFF, 0xFFFF,
  0xFFFF, 0xFFFF, 0xFFFF, 0xFFFF, 0xFFFF, 0xFFFF, 0xFFFF, 0xFFFF, 0xFFFF, 0xFFFF, 0xFFFF, 0xFFFF,
  0xFFFF, 0xFFFF, 0xFFFF, 0xFFFF, 0xFFFF, 0xFFFF, 0xFFFF, 0xFFFF, 0xFFFF, 0xFFFF, 0xFFFF, 0xFFFF,
  0xFFFF, 0xFFFF, 0xFFFF, 0xFFFF, 0xFFFF, 0xFFFF, 0xFFFF, 0xFFFF, 0xFFFF, 0xFFFF, 0xFFFF, 0xFFFF,
  0xFFFF, 0xFFFF, 0xFFFF, 0xFFFF, 0xFFFF, 0xFFFF, 0xFFFF, 0xFFFF, 0xFFFF, 0xFFFF, 0xFFFF, 0xFFFF,
  0xFFFF, 0xFFFF, 0xFFFF, 0xFFFF, 0xFFFF, 0xFFFF, 0xFFFF, 0xFFFF, 0xEF5D, 0x0000, 0x0000, 0xA596,
  0xFFFF, 0xFFFF, 0xFFFF, 0xFFFF, 0xFFFF, 0xFFFF, 0xFFFF, 0xFFFF, 0x1021, 0x7C10, 0xFFFF, 0xFFFF,
  0xFFFF, 0xFFFF, 0xFFFF, 0xFFFF, 0xFFFF, 0xFFFF, 0xFFFF, 0xFFFF, 0xFFFF, 0xA596, 0xBDF8, 0xFFFF,
  0xFFFF, 0x043A, 0x04BD, 0x07BF, 0x07BF, 0x0413, 0x0000, 0x0004, 0x03BB, 0x075F, 0x07DF, 0x6FDF,
  0xF7FF, 0xFFFF, 0xFFFF, 0x632C, 0x0000, 0x0000, 0x0000, 0x0020, 0x671E, 0x07DF, 0x6FDF, 0x6FDF,
  0x6FDF, 0x07DF, 0x07FF, 0x6FDF, 0xFFFF, 0xC67A, 0xB7DF, 0xB7DF, 0x6FDF, 0x07FF, 0x07FF, 0x07DF,
  0xDFFF, 0xFFFF, 0x043A, 0x039E, 0xE7BE, 0xFFFF, 0xFFFF, 0xFFFF, 0xFFFF, 0xFFFF, 0x661C, 0x03BB,
  0x047F, 0x043E, 0x047E, 0x043E, 0x047D, 0x043E, 0x043E, 0x047D, 0x043E, 0x047D, 0x043E, 0x047D,
  0x047E, 0x043E, 0x047D, 0x043D, 0x043E, 0x043E, 0x047E, 0x047D, 0x043E, 0x043D, 0x043E, 0x043D,
  0x043E, 0x043E, 0x043E, 0x043D, 0x043E, 0x047E, 0x043D, 0x047E, 0x043E, 0x043E, 0x043E, 0x043E,
  0x047E, 0x043E, 0x047C, 0x043E, 0x047E, 0x043D, 0x043E, 0x047D, 0x043E, 0x047D, 0x043D, 0x043D,
  0x043D, 0x043D, 0x043E, 0x043E, 0x043D, 0x043E, 0x043E, 0x047D, 0x043D, 0x047E, 0x043D, 0x043D,
  0x043E, 0x043D, 0x043E, 0x047D, 0x043E, 0x047E, 0x043E, 0x043E, 0x043D, 0x043D, 0x043D, 0x043E,
  0x043D, 0x047E, 0x043D, 0x047E, 0x043D, 0x047E, 0x043D, 0x043E, 0x043E, 0x043D, 0x043E, 0x043E,
  0x043D, 0x047E, 0x043D, 0x047E, 0x043E, 0x043D, 0x047E, 0x043D, 0x047E, 0x047C, 0x043E, 0x047C,
  0x047E, 0x047D, 0x043D, 0x043E, 0x043D, 0x043E, 0x043D, 0x047D, 0x043E, 0x047D, 0x043E, 0x043D,
  0x043E, 0x043D, 0x047E, 0x043E, 0x043E, 0x043E, 0x03FD, 0x043E, 0x043E, 0x047F, 0x043E, 0x03FC,
  0x043E, 0x043E, 0x047E, 0x057F, 0x067F, 0x067F, 0x06DF, 0x06DF, 0x06DF, 0x06DF, 0x06DF, 0x06DF,
  0x06DF, 0x06DF, 0x067F, 0x06DF, 0x071F, 0x067F, 0x067F, 0x06DF, 0x067F, 0x06DF, 0x067F, 0x071F,
  0x06DF, 0x067F, 0x06DF, 0x067F, 0x06DF, 0x071F, 0x067F, 0x06DF, 0x06DF, 0x06DF, 0x06DF, 0x06DF,
  0x04DD, 0x043D, 0x047C, 0x04DD, 0x04DD, 0x053E, 0x047D, 0x03BB, 0x03FC, 0x043E, 0x043E, 0x047E,
  0x04DD, 0x05DF, 0x05DF, 0x05DF, 0x057F, 0x04DD, 0x047F, 0x047D, 0x043E, 0x043E, 0x047E, 0x047D,
  0xFFFF, 0xFFFF, 0xFFFF, 0xFFFF, 0xFFFF, 0xFFFF, 0xFFFF, 0xFFFF, 0xFFFF, 0xFFFF, 0xFFFF, 0xFFFF,
  0xFFFF, 0xFFFF, 0xFFFF, 0xFFFF, 0xFFFF, 0xFFFF, 0xFFFF, 0xFFFF, 0xFFFF, 0xFFFF, 0xFFFF, 0xFFFF,
  0xFFFF, 0xFFFF, 0xFFFF, 0xFFFF, 0xFFFF, 0xFFFF, 0xFFFF, 0xFFFF, 0xFFFF, 0xFFFF, 0xFFFF, 0xFFFF,
  0xFFFF, 0xFFFF, 0xFFFF, 0xFFFF, 0xFFFF, 0xFFFF, 0xFFFF, 0xFFFF, 0xFFFF, 0xFFFF, 0xFFFF, 0xFFFF,
  0xFFFF, 0xFFFF, 0xFFFF, 0xFFFF, 0xFFFF, 0xFFFF, 0xFFFF, 0xFFFF, 0xFFFF, 0xFFFF, 0xFFFF, 0xFFFF,
  0xFFFF, 0xFFFF, 0xFFFF, 0xFFFF, 0xFFFF, 0xC67A, 0x0000, 0x0000, 0xEF5D, 0xFFFF, 0xFFFF, 0xFFFF,
  0xFFFF, 0xFFFF, 0xFFFF, 0xFFFF, 0xDEDB, 0x528A, 0xF7BE, 0xFFFF, 0xFFFF, 0xFFFF, 0xFFFF, 0xFFFF,
  0xFFFF, 0xFFFF, 0xFFFF, 0xFFFF, 0xFFFF, 0xDEDB, 0x94D3, 0xFFBE, 0x9E3B, 0x03BB, 0x06FF, 0x07BF,
  0x07BF, 0x0516, 0x0000, 0x0000, 0x03D8, 0x07DF, 0x6FDF, 0xDFFF, 0xFFFF, 0xFFFF, 0xDFFF, 0x1104,
  0x0000, 0x0000, 0x0000, 0x2966, 0x6FDF, 0x6FDF, 0xB7DF, 0x6FDF, 0x6FDF, 0x07DF, 0x07DF, 0xB7DF,
  0xDEDB, 0xA75D, 0xB7DF, 0xB7DF, 0x07DF, 0x07FF, 0x07FF, 0x07DF, 0xB7DF, 0x6FDF, 0x033A, 0x05FB,
  0xFFFF, 0xFFFF, 0xFFFF, 0xFFFF, 0xFFFF, 0xE7BE, 0x03BB, 0x03FC, 0x043E, 0x043E, 0x043D, 0x043D,
  0x043E, 0x043E, 0x047D, 0x043E, 0x043D, 0x043D, 0x043D, 0x043D, 0x043D, 0x043D, 0x047E, 0x043E,
  0x047E, 0x047C, 0x043E, 0x043D, 0x047E, 0x043D, 0x047C, 0x043D, 0x047D, 0x043E, 0x047E, 0x047D,
  0x043D, 0x043D, 0x043E, 0x043D, 0x043D, 0x043D, 0x043E, 0x043D, 0x043D, 0x043D, 0x043E, 0x043D,
  0x043E, 0x043E, 0x043D, 0x043D, 0x043D, 0x043E, 0x043D, 0x047E, 0x043D, 0x047E, 0x043D, 0x043D,
  0x047E, 0x043D, 0x043D, 0x043E, 0x043E, 0x043D, 0x043D, 0x047E, 0x043D, 0x047E, 0x043D, 0x043D,
  0x043E, 0x043D, 0x043D, 0x043E, 0x047E, 0x043D, 0x047E, 0x043D, 0x047E, 0x043D, 0x043E, 0x043E,
  0x043E, 0x043D, 0x043D, 0x047C, 0x043E, 0x047E, 0x043D, 0x047E, 0x043D, 0x043D, 0x043D, 0x043D,
  0x043E, 0x047E, 0x043D, 0x043D, 0x043D, 0x043E, 0x043D, 0x043E, 0x043D, 0x043E, 0x043D, 0x043D,
  0x047E, 0x043D, 0x043D, 0x043D, 0x043D, 0x043D, 0x043D, 0x047E, 0x047C, 0x043E, 0x043D, 0x043D,
  0x043D, 0x047C, 0x057F, 0x05DF, 0x067F, 0x067F, 0x05DF, 0x047E, 0x03FC, 0x03FC, 0x043D, 0x057F,
  0x06DF, 0x06BE, 0x06DF, 0x067F, 0x05DF, 0x04DD, 0x065F, 0x067F, 0x06DF, 0x067F, 0x067F, 0x067F,
  0x06DF, 0x067F, 0x06DF, 0x071F, 0x067F, 0x06DF, 0x067F, 0x06DF, 0x067F, 0x067F, 0x071F, 0x067F,
  0x06DF, 0x06DF, 0x06DF, 0x071F, 0x067F, 0x05DF, 0x05DF, 0x053E, 0x04DD, 0x065F, 0x06DF, 0x06DF,
  0x06DF, 0x06BE, 0x053E, 0x047E, 0x057F, 0x067F, 0x067F, 0x06DF, 0x06DF, 0x06DF, 0x075F, 0x06DF,
  0x075F, 0x06DF, 0x067F, 0x067F, 0x067F, 0x067F, 0x067F, 0x067F, 0xFFFF, 0xFFFF, 0xFFFF, 0xFFFF,
  0xFFFF, 0xFFFF, 0xFFFF, 0xFFFF, 0xFFFF, 0xFFFF, 0xFFFF, 0xFFFF, 0xFFFF, 0xFFFF, 0xFFFF, 0xFFFF,
  0xFFFF, 0xFFFF, 0xFFFF, 0xFFFF, 0xFFFF, 0xFFFF, 0xFFFF, 0xFFFF, 0xFFFF, 0xFFFF, 0xFFFF, 0xFFFF,
  0xFFFF, 0xFFFF, 0xFFFF, 0xFFFF, 0xFFFF, 0xFFFF, 0xFFFF, 0xFFFF, 0xFFFF, 0xFFFF, 0xFFFF, 0xFFFF,
  0xFFFF, 0xFFFF, 0xFFFF, 0xFFFF, 0xFFFF, 0xFFFF, 0xFFFF, 0xFFFF, 0xFFFF, 0xFFFF, 0xFFFF, 0xFFFF,
  0xFFFF, 0xFFFF, 0xFFFF, 0xFFFF, 0xFFFF, 0xFFFF, 0xFFFF, 0xFFFF, 0xFFFF, 0xFFFF, 0xFFFF, 0xFFFF,
  0xFFFF, 0xFFFF, 0xBDF8, 0x0000, 0x2966, 0xFFFF, 0xFFFF, 0xFFFF, 0xFFFF, 0xFFFF, 0xFFFF, 0xFFFF,
  0xFFFF, 0xA596, 0x94D3, 0xFFFF, 0xFFFF, 0xFFFF, 0xFFFF, 0xFFFF, 0xFFFF, 0xFFFF, 0xFFFF, 0xFFFF,
  0xFFFF, 0xFFBE, 0x94D3, 0xFF7D, 0x043A, 0x04FE, 0x07DF, 0x07BF, 0x07BF, 0x065A, 0x0000, 0x0000,
  0x0377, 0x07DF, 0x6FDF, 0xFFFF, 0xFFFF, 0xFFFF, 0x07DF, 0x0020, 0x0000, 0x0000, 0x0000, 0x632C,
  0xDFFF, 0xA75D, 0xB7DF, 0x6FDF, 0x6FDF, 0x07DF, 0x6FDF, 0xF7FF, 0xBEDD, 0xB7DF, 0xB7DF, 0xB7DF,
  0x07DF, 0x07DF, 0x07FF, 0x07FF, 0x6FDF, 0x04DD, 0x037A, 0x6FDF, 0xFFFF, 0xFFFF, 0xFFFF, 0xFFFF,
  0xFFFF, 0x661C, 0x037A, 0x043E, 0x043D, 0x047E, 0x043D, 0x043E, 0x047C, 0x043E, 0x043E, 0x043D,
  0x043E, 0x047E, 0x043D, 0x043E, 0x043D, 0x043E, 0x043D, 0x043D, 0x043E, 0x043E, 0x043D, 0x043D,
  0x043D, 0x043E, 0x043E, 0x043E, 0x043D, 0x043D, 0x043D, 0x043E, 0x047E, 0x043D, 0x047E, 0x043D,
  0x043E, 0x043D, 0x043D, 0x043E, 0x043E, 0x043D, 0x043D, 0x043E, 0x043D, 0x043D, 0x043D, 0x047E,
  0x043D, 0x047E, 0x043D, 0x043E, 0x043D, 0x043E, 0x043D, 0x047E, 0x043D, 0x043E, 0x047E, 0x043D,
  0x043D, 0x047E, 0x043D, 0x043D, 0x043E, 0x043D, 0x043E, 0x043D, 0x043D, 0x047D, 0x043D, 0x043D,
  0x043E, 0x043D, 0x043D, 0x043D, 0x043D, 0x043E, 0x043D, 0x043D, 0x043D, 0x043D, 0x043D, 0x043D,
  0x043D, 0x043D, 0x043D, 0x043D, 0x043D, 0x043D, 0x043E, 0x043D, 0x043D, 0x043D, 0x043E, 0x043D,
  0x043E, 0x043D, 0x043D, 0x043D, 0x043E, 0x043D, 0x047E, 0x043D, 0x043D, 0x047C, 0x043E, 0x047C,
  0x043D, 0x047E, 0x043D, 0x043E, 0x043D, 0x047E, 0x043E, 0x043D, 0x043D, 0x043E, 0x057F, 0x05DF,
  0x067F, 0x06DF, 0x06DF, 0x06DF, 0x057F, 0x04DD, 0x043D, 0x043E, 0x04FF, 0x057F, 0x04FF, 0x047D,
  0x03FC, 0x03BB, 0x03FC, 0x04FF, 0x067F, 0x06DF, 0x067F, 0x06DF, 0x067F, 0x06DF, 0x067F, 0x067F,
  0x06DF, 0x067F, 0x06DF, 0x067F, 0x06DF, 0x06DF, 0x06DF, 0x06DF, 0x067F, 0x05DF, 0x057F, 0x04DD,
  0x047E, 0x043D, 0x03FC, 0x053E, 0x067F, 0x06DF, 0x06DF, 0x06DF, 0x067F, 0x057F, 0x047F, 0x05DF,
  0x06DF, 0x06DF, 0x06DF, 0x067F, 0x067F, 0x05DF, 0x05DF, 0x05DF, 0x05DF, 0x05DF, 0x067F, 0x06DF,
  0x06DF, 0x06DF, 0x06DF, 0x06DF, 0xFFFF, 0xFFFF, 0xFFFF, 0xFFFF, 0xFFFF, 0xFFFF, 0xFFFF, 0xFFFF,
  0xFFFF, 0xFFFF, 0xFFFF, 0xFFFF, 0xFFFF, 0xFFFF, 0xFFFF, 0xFFFF, 0xFFFF, 0xFFFF, 0xFFFF, 0xFFFF,
  0xFFFF, 0xFFFF, 0xFFFF, 0xFFFF, 0xFFFF, 0xFFFF, 0xFFFF, 0xFFFF, 0xFFFF, 0xFFFF, 0xFFFF, 0xFFFF,
  0xFFFF, 0xFFFF, 0xFFFF, 0xFFFF, 0xFFFF, 0xFFFF, 0xFFFF, 0xFFFF, 0xFFFF, 0xFFFF, 0xFFFF, 0xFFFF,
  0xFFFF, 0xFFFF, 0xFFFF, 0xFFFF, 0xFFFF, 0xFFFF, 0xFFFF, 0xFFFF, 0xFFFF, 0xFFFF, 0xFFFF, 0xFFFF,
  0xFFFF, 0xFFFF, 0xFFFF, 0xFFFF, 0xFFFF, 0xFFFF, 0xFFFF, 0xFFFF, 0xFFFF, 0xFFFF, 0xFFFF, 0x94D3,
  0x0000, 0xA596, 0xFFFF, 0xFFFF, 0xFFFF, 0xFFFF, 0xFFFF, 0xFFFF, 0xFFFF, 0xFFBE, 0x41E8, 0xBDF8,
  0xFFFF, 0xFFFF, 0xFFFF, 0xFFFF, 0xFFFF, 0xFFFF, 0xFFFF, 0xFFFF, 0xFFFF, 0xFFFF, 0xBDF8, 0x94D3,
  0x047D, 0x065E, 0x07BF, 0x077F, 0x07BF, 0x06FE, 0x0061, 0x0000, 0x03AF, 0x6FDF, 0xDFFF, 0xB7DF,
  0xF7FF, 0xB7DF, 0x05FB, 0x0000, 0x0000, 0x0000, 0x0000, 0xA596, 0xB7DF, 0xA75D, 0xB7DF, 0xB7DF,
  0x6FDF, 0x07DF, 0xB7DF, 0xDEDB, 0xA75D, 0xDFFF, 0xB7DF, 0x6FDF, 0x07DF, 0x07DF, 0x07DF, 0x07DF,
  0x07FE, 0x0378, 0x051F, 0xB7DF, 0xB7DF, 0xB7DF, 0xB7DF, 0xFFFF, 0xDF7E, 0x03BB, 0x03FC, 0x043E,
  0x043D, 0x043D, 0x043D, 0x043D, 0x043E, 0x043D, 0x043D, 0x043D, 0x043D, 0x043D, 0x043D, 0x043D,
  0x043D, 0x043D, 0x043D, 0x043E, 0x043D, 0x043D, 0x043D, 0x043D, 0x043D, 0x043D, 0x043D, 0x043E,
  0x043D, 0x043E, 0x043D, 0x043D, 0x043D, 0x043E, 0x043D, 0x043D, 0x043D, 0x043D, 0x043D, 0x043D,
  0x043D, 0x043D, 0x043D, 0x043D, 0x043D, 0x043D, 0x043D, 0x043E, 0x043D, 0x043D, 0x043E, 0x043D,
  0x043D, 0x043D, 0x043E, 0x043D, 0x043D, 0x043D, 0x043D, 0x043D, 0x043E, 0x043D, 0x043D, 0x043E,
  0x043D, 0x043D, 0x043D, 0x043E, 0x043D, 0x043D, 0x043D, 0x043E, 0x043D, 0x043D, 0x043D, 0x043D,
  0x043D, 0x043E, 0x043D, 0x043D, 0x043D, 0x043D, 0x043D, 0x043D, 0x043D, 0x043D, 0x043D, 0x043D,
  0x043D, 0x043D, 0x043D, 0x043D, 0x043E, 0x043D, 0x043D, 0x043D, 0x043D, 0x043D, 0x043D, 0x043D,
  0x043D, 0x043D, 0x043D, 0x043D, 0x043D, 0x043E, 0x043D, 0x043D, 0x043E, 0x043D, 0x043D, 0x043D,
  0x043E, 0x043D, 0x043D, 0x043E, 0x043E, 0x043E, 0x043D, 0x03FD, 0x03FD, 0x04DD, 0x051F, 0x067F,
  0x06DF, 0x06DF, 0x067F, 0x05DF, 0x057F, 0x04DD, 0x053E, 0x057F, 0x057F, 0x04DD, 0x04DD, 0x053E,
  0x05DF, 0x067F, 0x071F, 0x067F, 0x067F, 0x067F, 0x067F, 0x06DF, 0x067F, 0x067F, 0x06DF, 0x06DF,
  0x067F, 0x067F, 0x057F, 0x053E, 0x053E, 0x04DD, 0x057F, 0x05DF, 0x05DF, 0x05DF, 0x05DF, 0x06DF,
  0x06DF, 0x06DF, 0x067F, 0x05DF, 0x047C, 0x043D, 0x047E, 0x04DD, 0x04DD, 0x04DD, 0x047F, 0x047D,
  0x043D, 0x047D, 0x057F, 0x05DF, 0x057F, 0x057F, 0x05DF, 0x06DF, 0x067F, 0x067F, 0x06DF, 0x067F,
  0xFFFF, 0xFFFF, 0xFFFF, 0xFFFF, 0xFFFF, 0xFFFF, 0xFFFF, 0xFFFF, 0xFFFF, 0xFFFF, 0xFFFF, 0xFFFF,
  0xFFFF, 0xFFFF, 0xFFFF, 0xFFFF, 0xFFFF, 0xFFFF, 0xFFFF, 0xFFFF, 0xFFFF, 0xFFFF, 0xFFFF, 0xFFFF,
  0xFFFF, 0xFFFF, 0xFFFF, 0xFFFF, 0xFFFF, 0xFFFF, 0xFFFF, 0xFFFF, 0xFFFF, 0xFFFF, 0xFFFF, 0xFFFF,
  0xFFFF, 0xFFFF, 0xFFFF, 0xFFFF, 0xFFFF, 0xFFFF, 0xFFFF, 0xFFFF, 0xFFFF, 0xFFFF, 0xFFFF, 0xFFFF,
  0xFFFF, 0xFFFF, 0xFFFF, 0xFFFF, 0xFFFF, 0xFFFF, 0xFFFF, 0xFFFF, 0xFFFF, 0xFFFF, 0xFFFF, 0xFFFF,
  0xFFFF, 0xFFFF, 0xFFFF, 0xFFFF, 0xFFFF, 0xFFFF, 0xFFFF, 0xFFFF, 0x632C, 0x0000, 0xFF7D, 0xFFFF,
  0xFFFF, 0xFFFF, 0xFFFF, 0xFFFF, 0xFFFF, 0xFFFF, 0x94D3, 0x1082, 0xFFFF, 0xFFFF, 0xFFFF, 0xFFFF,
  0xFFFF, 0xFFFF, 0xFFFF, 0xFFFF, 0xFFFF, 0xFFFF, 0xDEDB, 0x024A, 0x043D, 0x06BF, 0x07BF, 0x07BF,
  0x07BF, 0x07BF, 0x01A8, 0x0000, 0x03AF, 0xF7FF, 0xF7FF, 0x6FDF, 0x6FDF, 0x6FDF, 0x7C10, 0x0000,
  0x0000, 0x0000, 0x0021, 0xB7DF, 0xA75D, 0xB7DF, 0xB7DF, 0xB7DF, 0x6FDF, 0x6FDF, 0xDFFF, 0xC67A,
  0xB7DF, 0xB7DF, 0x6FDF, 0x6FDF, 0x07DF, 0x07DF, 0x07DF, 0x07DF, 0x063B, 0x0299, 0x06BE, 0x6FDF,
  0x6FDF, 0x6FDF, 0x6FDF, 0xB7DF, 0x661C, 0x033A, 0x043E, 0x03FD, 0x043D, 0x043D, 0x043E, 0x043D,
  0x043D, 0x043D, 0x043D, 0x043D, 0x043D, 0x043D, 0x043D, 0x043D, 0x043D, 0x043D, 0x043E, 0x043D,
  0x043D, 0x043D, 0x043D, 0x043D, 0x043D, 0x043D, 0x043E, 0x043D, 0x043D, 0x043D, 0x043D, 0x043E,
  0x043D, 0x043D, 0x043D, 0x043D, 0x043D, 0x043D, 0x043D, 0x043D, 0x043D, 0x043D, 0x043D, 0x043D,
  0x043D, 0x043D, 0x043D, 0x043D, 0x043D, 0x043D, 0x043D, 0x043D, 0x043D, 0x043D, 0x043D, 0x043D,
  0x043D, 0x043D, 0x043D, 0x043D, 0x043D, 0x043D, 0x043D, 0x043D, 0x043D, 0x043D, 0x043D, 0x043D,
  0x043D, 0x043D, 0x03FD, 0x043D, 0x043D, 0x043D, 0x043D, 0x043D, 0x043D, 0x043D, 0x043D, 0x043D,
  0x043D, 0x043D, 0x043C, 0x043D, 0x043D, 0x043D, 0x043D, 0x043D, 0x043D, 0x043D, 0x043D, 0x043D,
  0x043D, 0x043D, 0x043D, 0x043D, 0x043D, 0x043D, 0x043D, 0x043D, 0x043D, 0x043D, 0x043D, 0x043D,
  0x043D, 0x043D, 0x043D, 0x043D, 0x043D, 0x043D, 0x043D, 0x043D, 0x043D, 0x043D, 0x043D, 0x043D,
  0x043D, 0x043D, 0x03FC, 0x03FC, 0x03FD, 0x03FC, 0x043D, 0x047D, 0x04DD, 0x05DF, 0x06DF, 0x06BE,
  0x06DF, 0x06DF, 0x06DF, 0x06DF, 0x06DF, 0x067F, 0x067F, 0x06DF, 0x06DF, 0x067F, 0x067F, 0x067F,
  0x06DF, 0x06DF, 0x06DF, 0x06DF, 0x06DF, 0x067F, 0x067F, 0x05DF, 0x04DD, 0x043D, 0x043E, 0x051F,
  0x067F, 0x06DF, 0x06DF, 0x06BE, 0x075F, 0x06DF, 0x06DF, 0x06DF, 0x067F, 0x067F, 0x067F, 0x067F,
  0x067F, 0x067F, 0x05DF, 0x05DF, 0x057F, 0x03FD, 0x03BB, 0x03FC, 0x03FC, 0x05DF, 0x06BE, 0x06DF,
  0x06DF, 0x06DF, 0x06DF, 0x06DF, 0x06DF, 0x06DF, 0x05DF, 0x047D, 0xFFFF, 0xFFFF, 0xFFFF, 0xFFFF,
  0xFFFF, 0xFFFF, 0xFFFF, 0xFFFF, 0xFFFF, 0xFFFF, 0xFFFF, 0xFFFF, 0xFFFF, 0xFFFF, 0xFFFF, 0xFFFF,
  0xFFFF, 0xFFFF, 0xFFFF, 0xFFFF, 0xFFFF, 0xFFFF, 0xFFFF, 0xFFFF, 0xFFFF, 0xFFFF, 0xFFFF, 0xFFFF,
  0xFFFF, 0xFFFF, 0xFFFF, 0xFFFF, 0xFFFF, 0xFFFF, 0xFFFF, 0xFFFF, 0xFFFF, 0xFFFF, 0xFFFF, 0xFFFF,
  0xFFFF, 0xFFFF, 0xFFFF, 0xFFFF, 0xFFFF, 0xFFFF, 0xFFFF, 0xFFFF, 0xFFFF, 0xFFFF, 0xFFFF, 0xFFFF,
  0xFFFF, 0xFFFF, 0xFFFF, 0xFFFF, 0xFFFF, 0xFFFF, 0xFFFF, 0xFFFF, 0xFFFF, 0xFFFF, 0xFFFF, 0xFFFF,
  0xFFFF, 0xFFFF, 0xFFFF, 0xFFFF, 0xFFFF, 0x528A, 0x0000, 0xF7BE, 0xFFFF, 0xFFFF, 0xFFFF, 0xFFFF,
  0xFFFF, 0xFFFF, 0xFFFF, 0x0000, 0x2966, 0xFFBE, 0xFFFF, 0xFFFF, 0xFFFF, 0xFFFF, 0xFFFF, 0xFFFF,
  0xFFFF, 0xFFFF, 0xFFFF, 0x528A, 0x0297, 0x075F, 0x07BF, 0x077F, 0x07BF, 0x077F, 0x0085, 0x0000,
  0x7C10, 0xFFFF, 0xDFFF, 0x6FDF, 0x07DF, 0xB7DF, 0x03AF, 0x0000, 0x0000, 0x0000, 0x528A, 0xDFFF,
  0x9E3B, 0xDFFF, 0xB7DF, 0xB7DF, 0x6FDF, 0xB7DF, 0xA75D, 0x9E3B, 0xB7DF, 0xB7DF, 0xB7DF, 0x6FDF,
  0x07DF, 0x6FDF, 0x6FDF, 0x6FDF, 0x04DD, 0x03BB, 0x079F, 0x07DF, 0x07DF, 0x07DF, 0x07FF, 0x07DF,
  0x04DD, 0x03BB, 0x03FC, 0x03FC, 0x03FC, 0x03FC, 0x043C, 0x03FD, 0x043D, 0x03FD, 0x043D, 0x043D,
  0x03FD, 0x03FD, 0x043D, 0x03FC, 0x043D, 0x043C, 0x03FC, 0x043D, 0x03FD, 0x043D, 0x043C, 0x043D,
  0x043C, 0x043D, 0x043D, 0x043D, 0x043D, 0x043D, 0x043D, 0x043D, 0x043D, 0x043D, 0x043D, 0x043D,
  0x03FC, 0x043C, 0x043C, 0x043C, 0x03FC, 0x043D, 0x03FC, 0x043C, 0x03FD, 0x043C, 0x03FD, 0x043C,
  0x03FD, 0x043D, 0x03FC, 0x043D, 0x03FC, 0x043D, 0x043C, 0x043D, 0x043D, 0x03FC, 0x043D, 0x043D,
  0x03FC, 0x043D, 0x03FD, 0x043D, 0x03FC, 0x043D, 0x043D, 0x03FD, 0x03FC, 0x043C, 0x043C, 0x03FC,
  0x03FD, 0x043C, 0x03FC, 0x03FC, 0x03FC, 0x03FC, 0x043C, 0x03FC, 0x043C, 0x043C, 0x03FD, 0x043C,
  0x03FC, 0x043C, 0x03FC, 0x043C, 0x03FC, 0x043D, 0x03FC, 0x043C, 0x03FC, 0x043C, 0x03FC, 0x043C,
  0x03FC, 0x043D, 0x03FC, 0x043D, 0x043D, 0x043D, 0x043D, 0x043D, 0x043D, 0x043D, 0x043D, 0x043D,
  0x043D, 0x043D, 0x043D, 0x043D, 0x043D, 0x043D, 0x043D, 0x043D, 0x043D, 0x043D, 0x043D, 0x043D,
  0x043D, 0x03FC, 0x03FC, 0x03FC, 0x03BB, 0x043D, 0x051F, 0x05DF, 0x05DF, 0x051F, 0x04DD, 0x04DD,
  0x05DF, 0x06DF, 0x06BE, 0x067F, 0x067F, 0x06DF, 0x06DF, 0x067F, 0x067F, 0x05DF, 0x057F, 0x04DD,
  0x04DD, 0x047C, 0x047D, 0x03BC, 0x03FC, 0x03BB, 0x03FD, 0x05DF, 0x067F, 0x05DF, 0x05DF, 0x05DF,
  0x057F, 0x04DD, 0x047C, 0x04DD, 0x067F, 0x06DF, 0x06DF, 0x06DF, 0x067F, 0x06DF, 0x06DF, 0x06DF,
  0x06DF, 0x057F, 0x041A, 0x03FC, 0x043D, 0x057F, 0x05DF, 0x05DF, 0x05DF, 0x05DF, 0x05DF, 0x057F,
  0x05DF, 0x051F, 0x03FC, 0x03BB, 0xFFFF, 0xFFFF, 0xFFFF, 0xFFFF, 0xFFFF, 0xFFFF, 0xFFFF, 0xFFFF,
  0xFFFF, 0xFFFF, 0xFFFF, 0xFFFF, 0xFFFF, 0xFFFF, 0xFFFF, 0xFFFF, 0xFFFF, 0xFFFF, 0xFFFF, 0xFFFF,
  0xFFFF, 0xFFFF, 0xFFFF, 0xFFFF, 0xFFFF, 0xFFFF, 0xFFFF, 0xFFFF, 0xFFFF, 0xFFFF, 0xFFFF, 0xFFFF,
  0xFFFF, 0xFFFF, 0xFFFF, 0xFFFF, 0xFFFF, 0xFFFF, 0xFFFF, 0xFFFF, 0xFFFF, 0xFFFF, 0xFFFF, 0xFFFF,
  0xFFFF, 0xFFFF, 0xFFFF, 0xFFFF, 0xFFFF, 0xFFFF, 0xFFFF, 0xFFFF, 0xFFFF, 0xFFFF, 0xFFFF, 0xFFFF,
  0xFFFF, 0xFFFF, 0xFFFF, 0xFFFF, 0xFFFF, 0xFFFF, 0xFFFF, 0xFFFF, 0xFFFF, 0xFFFF, 0xFFFF, 0xFFFF,
  0xFFFF, 0xFFFF, 0x2966, 0x0000, 0xF7BE, 0xFFFF, 0xFFFF, 0xFFFF, 0xFFFF, 0xFFFF, 0xFFFF, 0x632C,
  0x0000, 0x2966, 0xFFFF, 0xFFFF, 0xFFFF, 0xFFFF, 0xFFFF, 0xFFFF, 0xFFFF, 0xFFFF, 0xFFFF, 0x632C,
  0x022E, 0x07BF, 0x07BF, 0x07BF, 0x07BF, 0x065A, 0x0000, 0x0000, 0x7C10, 0xFFFF, 0xDFFF, 0x6FDF,
  0x6FDF, 0xB7DF, 0x41E8, 0x0000, 0x0000, 0x0000, 0x7C10, 0xF7FF, 0xA75D, 0xDFFF, 0xB7DF, 0xB7DF,
  0xB7DF, 0xB7DF, 0xBDF8, 0xBDF8, 0xDFFF, 0xB7DF, 0xB7DF, 0x6FDF, 0x6FDF, 0x6FDF, 0xB7DF, 0x07DF,
  0x02F9, 0x053E, 0x07DF, 0x07FF, 0x07FF, 0x07FF, 0x07DF, 0x06DF, 0x0378, 0x043A, 0x043A, 0x043A,
  0x043A, 0x043D, 0x03FC, 0x043C, 0x03FD, 0x043D, 0x03FD, 0x03FC, 0x043C, 0x03FC, 0x03FC, 0x043D,
  0x03FC, 0x043D, 0x03FC, 0x043C, 0x03FC, 0x03FD, 0x043C, 0x03FD, 0x03FC, 0x03FC, 0x03FC, 0x03FC,
  0x03FC, 0x03FC, 0x03FC, 0x03FC, 0x03FC, 0x03FC, 0x03FC, 0x043D, 0x03FC, 0x043D, 0x03FC, 0x043D,
  0x03FC, 0x043C, 0x03FD, 0x043C, 0x03FC, 0x043C, 0x03FC, 0x03FC, 0x043C, 0x03FC, 0x043D, 0x03FC,
  0x043C, 0x03FC, 0x03FC, 0x03FC, 0x043D, 0x03FC, 0x03FC, 0x03FC, 0x043D, 0x03FC, 0x03FC, 0x03FC,
  0x043D, 0x03FC, 0x03FC, 0x043D, 0x03FC, 0x03FC, 0x043C, 0x043D, 0x03FC, 0x03FD, 0x043D, 0x043C,
  0x043D, 0x03FD, 0x043C, 0x03FD, 0x03FD, 0x03FC, 0x03FC, 0x03FD, 0x043C, 0x03FC, 0x043C, 0x03FD,
  0x03FC, 0x03FC, 0x03FD, 0x03FC, 0x043D, 0x03FC, 0x03FD, 0x03FC, 0x043D, 0x03FC, 0x043C, 0x03FC,
  0x03FC, 0x03FC, 0x03FC, 0x03FC, 0x03FC, 0x043D, 0x03FC, 0x03FC, 0x03FC, 0x03FC, 0x03FC, 0x03FD,
  0x03FD, 0x03FD, 0x03FC, 0x03FD, 0x03FC, 0x03FD, 0x03FC, 0x043D, 0x03FD, 0x043D, 0x03FC, 0x043C,
  0x03FD, 0x03FC, 0x03FC, 0x043D, 0x03FD, 0x03FC, 0x03BC, 0x03BB, 0x03FC, 0x057F, 0x06DF, 0x067F,
  0x05DF, 0x05DF, 0x057F, 0x04DD, 0x047D, 0x03FD, 0x03FC, 0x03BB, 0x03BB, 0x03BB, 0x03FD, 0x03FC,
  0x043D, 0x03FC, 0x03FD, 0x047D, 0x03FD, 0x043E, 0x03FD, 0x03FC, 0x03BB, 0x03FC, 0x03BC, 0x039E,
  0x04DD, 0x051F, 0x04DD, 0x04DD, 0x047D, 0x047D, 0x047D, 0x047D, 0x047D, 0x047D, 0x03FC, 0x03BB,
  0x03FC, 0x03FD, 0x03FC, 0x03BB, 0x03BB, 0x03FC, 0x03BC, 0x03FC, 0x03FC, 0x03FC, 0x03FC, 0x03FC,
  0xFFFF, 0xFFFF, 0xFFFF, 0xFFFF, 0xFFFF, 0xFFFF, 0xFFFF, 0xFFFF, 0xFFFF, 0xFFFF, 0xFFFF, 0xFFFF,
  0xFFFF, 0xFFFF, 0xFFFF, 0xFFFF, 0xFFFF, 0xFFFF, 0xFFFF, 0xFFFF, 0xFFFF, 0xFFFF, 0xFFFF, 0xFFFF,
  0xFFFF, 0xFFFF, 0xFFFF, 0xFFFF, 0xFFFF, 0xFFFF, 0xFFFF, 0xFFFF, 0xFFFF, 0xFFFF, 0xFFFF, 0xFFFF,
  0xFFFF, 0xFFFF, 0xFFFF, 0xFFFF, 0xFFFF, 0xFFFF, 0xFFFF, 0xFFFF, 0xFFFF, 0xFFFF, 0xFFFF, 0xFFFF,
  0xFFFF, 0xFFFF, 0xFFFF, 0xFFFF, 0xFFFF, 0xFFFF, 0xFFFF, 0xFFFF, 0xFFFF, 0xFFFF, 0xFFFF, 0xFFFF,
  0xFFFF, 0xFFFF, 0xFFFF, 0xFFFF, 0xFFFF, 0xFFFF, 0xFFFF, 0xFFFF, 0xFFFF, 0xFFFF, 0xFFFF, 0x1104,
  0x0000, 0xF7BE, 0xFFFF, 0xFFFF, 0xFFFF, 0xFFFF, 0xFFFF, 0xFF7D, 0x0000, 0x0000, 0x20C4, 0xEFBD,
  0xFFFF, 0xFFFF, 0xFFFF, 0xFFFF, 0xFFFF, 0xFFFF, 0xFFFF, 0x41E8, 0x01A8, 0x07DF, 0x07BF, 0x077F,
  0x07BF, 0x065A, 0x0000, 0x0000, 0x7C10, 0xFFFF, 0xB7DF, 0x6FDF, 0xB7DF, 0xA75D, 0x0000, 0x0000,
  0x0000, 0x0000, 0xBEDD, 0xDFFF, 0xA75D, 0xDFFF, 0xB7DF, 0xB7DF, 0xB7DF, 0xB7DF, 0xA596, 0x9E3B,
  0xDFFF, 0xB7DF, 0xB7DF, 0xB7DF, 0xB7DF, 0xB7DF, 0xB7DF, 0x253A, 0x02F9, 0x073E, 0x6FDF, 0x07DF,
  0x07FF, 0x07FF, 0x07FF, 0x043C, 0x02FB, 0x859B, 0xFDBB, 0xFC7C, 0xFC7C, 0xFC7C, 0x03BB, 0x03FC,
  0x043C, 0x03FD, 0x043D, 0x03FC, 0x03FD, 0x03FC, 0x043D, 0x03FC, 0x03FC, 0x03FC, 0x043C, 0x03FD,
  0x03FC, 0x043C, 0x03FD, 0x03FC, 0x043C, 0x03FD, 0x043D, 0x03FC, 0x043D, 0x03FC, 0x043D, 0x03FC,
  0x043D, 0x043C, 0x03FD, 0x043C, 0x03FC, 0x03FD, 0x03FC, 0x03FC, 0x03FD, 0x03FC, 0x043C, 0x03FD,
  0x03FC, 0x03FD, 0x043C, 0x03FD, 0x03FC, 0x03FD, 0x03FC, 0x03FC, 0x03FD, 0x03FD, 0x047D, 0x043D,
  0x03FC, 0x03FC, 0x03FD, 0x043C, 0x03FC, 0x03FC, 0x043D, 0x03FC, 0x03FC, 0x043C, 0x03FD, 0x03FC,
  0x043C, 0x03FC, 0x03FC, 0x03FC, 0x043C, 0x03FC, 0x03FC, 0x03FC, 0x03FC, 0x03FC, 0x03FC, 0x03FC,
  0x03FC, 0x03FD, 0x03FC, 0x043C, 0x03FC, 0x03FD, 0x03FC, 0x03FC, 0x03FD, 0x03FC, 0x043C, 0x03FC,
  0x03FC, 0x03FC, 0x043C, 0x03FC, 0x03FC, 0x03FC, 0x03FC, 0x03FC, 0x043C, 0x03FD, 0x043C, 0x03FD,
  0x043C, 0x03FC, 0x03FD, 0x043C, 0x043D, 0x043C, 0x043C, 0x03FD, 0x043C, 0x03FD, 0x043D, 0x03FD,
  0x043D, 0x03FD, 0x043D, 0x03FC, 0x03FD, 0x043C, 0x03FD, 0x043C, 0x03FD, 0x03FC, 0x03FD, 0x03FC,
  0x03FD, 0x03FD, 0x03FD, 0x03FD, 0x03BC, 0x03FC, 0x047D, 0x047D, 0x047E, 0x03FC, 0x03BB, 0x03BC,
  0x03BC, 0x03FC, 0x03FC, 0x03FD, 0x03FC, 0x03FC, 0x03FD, 0x03FC, 0x03BC, 0x03FC, 0x03BC, 0x03BC,
  0x03BC, 0x03BC, 0x03BC, 0x03BC, 0x03FD, 0x03FD, 0x03FD, 0x03BC, 0x03BB, 0x037A, 0x03BB, 0x03BB,
  0x03FC, 0x03FC, 0x03FD, 0x03FD, 0x03FC, 0x043D, 0x047F, 0x051F, 0x04DD, 0x04DD, 0x051F, 0x051F,
  0x03FD, 0x03FB, 0x03FC, 0x03BB, 0x03FC, 0x03FC, 0x03FC, 0x03FD, 0xFFFF, 0xFFFF, 0xFFFF, 0xFFFF,
  0xFFFF, 0xFFFF, 0xFFFF, 0xFFFF, 0xFFFF, 0xFFFF, 0xFFFF, 0xFFFF, 0xFFFF, 0xFFFF, 0xFFFF, 0xFFFF,
  0xFFFF, 0xFFFF, 0xFFFF, 0xFFFF, 0xFFFF, 0xFFFF, 0xFFFF, 0xFFFF, 0xFFFF, 0xFFFF, 0xFFFF, 0xFFFF,
  0xFFFF, 0xFFFF, 0xFFFF, 0xFFFF, 0xFFFF, 0xFFFF, 0xFFFF, 0xFFFF, 0xFFFF, 0xFFFF, 0xFFFF, 0xFFFF,
  0xFFFF, 0xFFFF, 0xFFFF, 0xFFFF, 0xFFFF, 0xFFFF, 0xFFFF, 0xFFFF, 0xFFFF, 0xFFFF, 0xFFFF, 0xFFFF,
  0xFFFF, 0xFFFF, 0xFFFF, 0xFFFF, 0xFFFF, 0xFFFF, 0xFFFF, 0xFFFF, 0xFFFF, 0xFFFF, 0xFFFF, 0xFFFF,
  0xFFFF, 0xFFFF, 0xFFFF, 0xFFFF, 0xFFFF, 0xFFFF, 0xFFFF, 0xFFFF, 0x0021, 0x1082, 0xBDF8, 0xFFFF,
  0xFFFF, 0xFFFF, 0xFFFF, 0xFFFF, 0x632C, 0x0000, 0x0000, 0x20C4, 0xF7BE, 0xFFFF, 0xFFFF, 0xFFFF,
  0xFFFF, 0xFFFF, 0xFFBF, 0x024A, 0x0004, 0x07DF, 0x07BF, 0x07BF, 0x07BF, 0x0516, 0x0000, 0x0000,
  0x94D3, 0xFFFF, 0xB7DF, 0xB7DF, 0xDFFF, 0x9E3B, 0x0000, 0x0000, 0x0000, 0x0021, 0xDFFF, 0xA75D,
  0xA75D, 0xB7DF, 0xB7DF, 0xB7DF, 0xB7DF, 0xB7DF, 0xA596, 0xA75D, 0xB7DF, 0xB7DF, 0xB7DF, 0x6FDF,
  0xB7DF, 0xB7DF, 0x6FDF, 0x0378, 0x04DD, 0x6FDF, 0x6FDF, 0x07DF, 0x6FDF, 0x6FDF, 0x06BE, 0x0378,
  0x047F, 0xFC7C, 0xFC7C, 0xFC7C, 0xFDBB, 0xFC7C, 0x03FC, 0x03FC, 0x03FC, 0x03FC, 0x03FC, 0x03FC,
  0x043C, 0x03FC, 0x03FC, 0x03FC, 0x043C, 0x03FC, 0x03FC, 0x03FC, 0x03FC, 0x03FC, 0x03FC, 0x043C,
  0x03FC, 0x043C, 0x03FC, 0x03FC, 0x03FC, 0x03FD, 0x03FC, 0x03FD, 0x03FC, 0x03FC, 0x03FC, 0x03FD,
  0x03FC, 0x03FC, 0x03FC, 0x043C, 0x03FC, 0x03FC, 0x03FC, 0x03FC, 0x03FD, 0x03FC, 0x03FC, 0x03FD,
  0x03FC, 0x043C, 0x03FD, 0x03FC, 0x043D, 0x047F, 0x04FF, 0x04BE, 0x043D, 0x03FC, 0x03FC, 0x03FD,
  0x03FC, 0x03FD, 0x03FC, 0x03FD, 0x03FD, 0x03FC, 0x03FD, 0x03FD, 0x03FC, 0x03FC, 0x03FC, 0x03FC,
  0x03FD, 0x03FC, 0x03FD, 0x03FC, 0x03FC, 0x03FC, 0x03FC, 0x03FC, 0x03FD, 0x03FC, 0x043C, 0x03FC,
  0x03FC, 0x043C, 0x03FD, 0x03FC, 0x03FC, 0x03FD, 0x03FC, 0x03FD, 0x03FC, 0x03FD, 0x03FC, 0x03FD,
  0x03FC, 0x03FC, 0x043D, 0x03FC, 0x03FC, 0x03FC, 0x03FC, 0x03FC, 0x03FC, 0x03FC, 0x03FC, 0x03FD,
  0x03FC, 0x03FC, 0x03FD, 0x03FC, 0x03FD, 0x03FC, 0x03FD, 0x03FC, 0x03FC, 0x03FD, 0x03FC, 0x03FD,
  0x043C, 0x03FD, 0x03FC, 0x03FC, 0x03FC, 0x03FD, 0x03FC, 0x03FC, 0x03FC, 0x03FC, 0x03FC, 0x03FC,
  0x03FD, 0x03FC, 0x03BB, 0x03BB, 0x03FC, 0x03BB, 0x03FC, 0x03FC, 0x03BB, 0x03BB, 0x03BB, 0x03BC,
  0x03FC, 0x03BC, 0x03BB, 0x03BB, 0x03BB, 0x03BC, 0x03BC, 0x037A, 0x03BB, 0x03FC, 0x03FC, 0x03BC,
  0x03BC, 0x03BC, 0x03FD, 0x03FD, 0x04DD, 0x051F, 0x05DF, 0x05DF, 0x05DF, 0x05DF, 0x05DF, 0x05DF,
  0x05DF, 0x05DF, 0x067F, 0x067F, 0x06DF, 0x06DF, 0x067F, 0x057F, 0x043C, 0x041A, 0x03FB, 0x03FC,
  0x03FC, 0x03FC, 0x03FC, 0x03FC, 0xFFFF, 0xFFFF, 0xFFFF, 0xFFFF, 0xFFFF, 0xFFFF, 0xFFFF, 0xFFFF,
  0xFFFF, 0xFFFF, 0xFFFF, 0xFFFF, 0xFFFF, 0xFFFF, 0xFFFF, 0xFFFF, 0xFFFF, 0xFFFF, 0xFFFF, 0xFFFF,
  0xFFFF, 0xFFFF, 0xFFFF, 0xFFFF, 0xFFFF, 0xFFFF, 0xFFFF, 0xFFFF, 0xFFFF, 0xFFFF, 0xFFFF, 0xFFFF,
  0xFFFF, 0xFFFF, 0xFFFF, 0xFFFF, 0xFFFF, 0xFFFF, 0xFFFF, 0xFFFF, 0xFFFF, 0xFFFF, 0xFFFF, 0xFFFF,
  0xFFFF, 0xFFFF, 0xFFFF, 0xFFFF, 0xFFFF, 0xFFFF, 0xFFFF, 0xFFFF, 0xFFFF, 0xFFFF, 0xFFFF, 0xFFFF,
  0xFFFF, 0xFFFF, 0xFFFF, 0xFFFF, 0xFFFF, 0xFFFF, 0xFFFF, 0xFFFF, 0xFFFF, 0xFFFF, 0xFFFF, 0xFFFF,
  0xFFFF, 0xFFFF, 0xFFFF, 0xFFFF, 0xFFFF, 0x0000, 0x0000, 0x528A, 0xC67A, 0xFFFF, 0xFFFF, 0xFFFF,
  0xEF5D, 0x0000, 0x0000, 0x0000, 0x1082, 0xEF5D, 0xFFFF, 0xFFFF, 0xFFFF, 0xFFFF, 0xDFFF, 0x0255,
  0x0000, 0x05B8, 0x07BF, 0x077F, 0x07BF, 0x0413, 0x0000, 0x0000, 0x94D3, 0xFFFF, 0xB7DF, 0xB7DF,
  0xDFFF, 0x94D3, 0x0000, 0x0000, 0x0000, 0x41E8, 0xFFFF, 0xBDF8, 0xA75D, 0xDFFF, 0xB7DF, 0xB7DF,
  0xB7DF, 0xB7DF, 0xA596, 0xB7DF, 0xB7DF, 0xB7DF, 0xB7DF, 0xB7DF, 0xB7DF, 0xB7DF, 0x671E, 0x0259,
  0x05FB, 0xB7DF, 0x6FDF, 0x6FDF, 0xDFFF, 0xFFFF, 0x9E3B, 0x02F7, 0x043A, 0xFDBB, 0xFC7C, 0xFC7C,
  0xFC7C, 0xFC7C, 0x03FC, 0x03FC, 0x03FC, 0x03FC, 0x03FC, 0x03FC, 0x03FC, 0x03FC, 0x03FC, 0x03FC,
  0x03FC, 0x03FC, 0x03FC, 0x03FC, 0x043C, 0x03FC, 0x03FC, 0x03FC, 0x03FC, 0x03FC, 0x03FC, 0x03FC,
  0x03FC, 0x03FC, 0x03FC, 0x03FC, 0x03FC, 0x03FC, 0x03FC, 0x03FC, 0x03FC, 0x03FC, 0x03FC, 0x03FC,
  0x03FC, 0x03FC, 0x03FC, 0x03FC, 0x03FC, 0x03FC, 0x03FC, 0x03FC, 0x03FC, 0x03FC, 0x03BC, 0x043D,
  0x04FF, 0x053F, 0x04FF, 0x053F, 0x04FE, 0x043D, 0x03FC, 0x03BC, 0x03FC, 0x03FD, 0x043D, 0x047F,
  0x043D, 0x03FC, 0x03FC, 0x03FB, 0x03FC, 0x03FC, 0x03FC, 0x03FC, 0x03FC, 0x043C, 0x03FC, 0x03FC,
  0x03FC, 0x03FC, 0x03FC, 0x03FC, 0x03FC, 0x03FC, 0x03FC, 0x03FC, 0x03FC, 0x03FC, 0x03FC, 0x03FC,
  0x043C, 0x03FC, 0x03FC, 0x03FC, 0x03FC, 0x03FC, 0x03FC, 0x03FC, 0x03FC, 0x043C, 0x03FC, 0x03FC,
  0x03FC, 0x03FC, 0x03FC, 0x03FC, 0x03FC, 0x03FC, 0x03FC, 0x03FC, 0x03FC, 0x03FC, 0x03FC, 0x03FC,
  0x03FC, 0x03FC, 0x03FB, 0x03FC, 0x03FC, 0x03FB, 0x03FC, 0x03FC, 0x03FC, 0x03FC, 0x03FC, 0x03FC,
  0x03FC, 0x03FB, 0x043C, 0x03FC, 0x03FC, 0x03FC, 0x03FC, 0x03FC, 0x03FC, 0x03FC, 0x03FC, 0x03FC,
  0x03FB, 0x03FC, 0x03FB, 0x03FC, 0x03FC, 0x03FC, 0x03FC, 0x03FC, 0x03BB, 0x03BB, 0x043E, 0x057F,
  0x05DF, 0x067F, 0x05DF, 0x053E, 0x047D, 0x03FB, 0x03FD, 0x03BC, 0x03BB, 0x03BC, 0x03BB, 0x03FD,
  0x051F, 0x05DF, 0x05DF, 0x06DF, 0x06DF, 0x06DF, 0x06DF, 0x06DF, 0x06DF, 0x06DF, 0x067F, 0x05DF,
  0x04DD, 0x047D, 0x03BB, 0x03FC, 0x03BC, 0x03FC, 0x03BB, 0x03FC, 0x03FB, 0x03FC, 0x03FC, 0x03FC,
  0xFFFF, 0xFFFF, 0xFFFF, 0xFFFF, 0xFFFF, 0xFFFF, 0xFFFF, 0xFFFF, 0xFFFF, 0xFFFF, 0xFFFF, 0xFFFF,
  0xFFFF, 0xFFFF, 0xFFFF, 0xFFFF, 0xFFFF, 0xFFFF, 0xFFFF, 0xFFFF, 0xFFFF, 0xFFFF, 0xFFFF, 0xFFFF,
  0xFFFF, 0xFFFF, 0xFFFF, 0xFFFF, 0xFFFF, 0xFFFF, 0xFFFF, 0xFFFF, 0xFFFF, 0xFFFF, 0xFFFF, 0xFFFF,
  0xFFFF, 0xFFFF, 0xFFFF, 0xFFFF, 0xFFFF, 0xFFFF, 0xFFFF, 0xFFFF, 0xFFFF, 0xFFFF, 0xFFFF, 0xFFFF,
  0xFFFF, 0xFFFF, 0xFFFF, 0xFFFF, 0xFFFF, 0xFFFF, 0xFFFF, 0xFFFF, 0xFFFF, 0xFFFF, 0xFFFF, 0xFFFF,
  0xFFFF, 0xFFFF, 0xFFFF, 0xFFFF, 0xFFFF, 0xFFFF, 0xFFFF, 0xFFFF, 0xFFFF, 0xFFFF, 0xFFFF, 0xFFFF,
  0xFFFF, 0xDEDB, 0x0000, 0x0000, 0x0000, 0x94D3, 0xFFFF, 0xFFFF, 0xFFFF, 0x41E8, 0x0000, 0x0000,
  0x0000, 0x2966, 0xFFFF, 0xFFFF, 0xFFFF, 0xFFFF, 0xBEDD, 0x0339, 0x0000, 0x02ED, 0x07BF, 0x07BF,
  0x07BF, 0x02ED, 0x2000, 0x4800, 0xA596, 0xFFFF, 0xB7DF, 0xB7DF, 0xF7FF, 0x7C10, 0x0000, 0x0000,
  0x0000, 0x94D3, 0xDFFF, 0x9E3B, 0xB7DF, 0xB7DF, 0xB7DF, 0xB7DF, 0xB7DF, 0xA75D, 0x9E3B, 0xDFFF,
  0xB7DF, 0xDFFF, 0xB7DF, 0xB7DF, 0xB7DF, 0xDFFF, 0x05FB, 0x0259, 0x671E, 0xDFFF, 0xB7DF, 0x6FDF,
  0xF7FF, 0xFFBF, 0xFC7C, 0x033A, 0x7CDA, 0xFC7C, 0xFC7C, 0xFDBB, 0xFC7C, 0xFC7C, 0x03BB, 0x03FC,
  0x03FB, 0x03FC, 0x03FC, 0x03FC, 0x03FC, 0x03FC, 0x03FC, 0x03BC, 0x03FC, 0x03BC, 0x03FC, 0x03FC,
  0x03FC, 0x03FC, 0x03FC, 0x03FC, 0x03FC, 0x03FC, 0x03FC, 0x03FC, 0x03FB, 0x03FC, 0x03FC, 0x03FC,
  0x03FC, 0x03FC, 0x03FC, 0x03FB, 0x03FC, 0x03FC, 0x03BB, 0x03FC, 0x03BB, 0x03BC, 0x03BB, 0x03FC,
  0x03BB, 0x03FC, 0x03BB, 0x03FC, 0x03FC, 0x03BB, 0x03FC, 0x047D, 0x04FF, 0x04FE, 0x04FE, 0x04FE,
  0x04FF, 0x04FF, 0x043D, 0x043C, 0x03FC, 0x03BC, 0x043D, 0x04FF, 0x04FE, 0x043D, 0x03FC, 0x03FB,
  0x03FC, 0x03FC, 0x03FC, 0x03FB, 0x03FC, 0x03FB, 0x03FC, 0x03FB, 0x03FC, 0x03FB, 0x03FC, 0x03FB,
  0x03FC, 0x03FB, 0x03FB, 0x03FB, 0x03FB, 0x03FC, 0x03FB, 0x03FC, 0x03FB, 0x03FC, 0x03FC, 0x03FC,
  0x03FC, 0x03FC, 0x03FB, 0x03FC, 0x03FC, 0x03FC, 0x03FC, 0x041A, 0x03FC, 0x03FC, 0x03FC, 0x03FC,
  0x03FC, 0x03FB, 0x03FC, 0x03FB, 0x03FC, 0x03FC, 0x03FB, 0x03FC, 0x03FB, 0x03FC, 0x03FC, 0x03FB,
  0x03FC, 0x03FC, 0x03FB, 0x03FC, 0x03FB, 0x03FB, 0x03FC, 0x03FB, 0x03FC, 0x03FC, 0x03FB, 0x03FC,
  0x03FC, 0x03FB, 0x03FC, 0x03FB, 0x03FB, 0x03FC, 0x03FB, 0x03FC, 0x03FC, 0x03BB, 0x047D, 0x05DF,
  0x05DF, 0x05DF, 0x05DF, 0x057F, 0x053E, 0x05DF, 0x071F, 0x077F, 0x075F, 0x07BF, 0x07BF, 0x075F,
  0x067F, 0x057F, 0x05DF, 0x05DF, 0x05DF, 0x05DF, 0x04DD, 0x03BB, 0x03BB, 0x03FC, 0x043D, 0x03FD,
  0x047D, 0x04DD, 0x051F, 0x051F, 0x051F, 0x05DF, 0x04DD, 0x037B, 0x037B, 0x03BC, 0x03BB, 0x03BB,
  0x03FC, 0x03BB, 0x03FC, 0x03FC, 0x03FC, 0x03BC, 0x03BB, 0x03FC, 0xFFFF, 0xFFFF, 0xFFFF, 0xFFFF,
  0xFFFF, 0xFFFF, 0xFFFF, 0xFFFF, 0xFFFF, 0xFFFF, 0xFFFF, 0xFFFF, 0xFFFF, 0xFFFF, 0xFFFF, 0xFFFF,
  0xFFFF, 0xFFFF, 0xFFFF, 0xFFFF, 0xFFFF, 0xFFFF, 0xFFFF, 0xFFFF, 0xFFFF, 0xFFFF, 0xFFFF, 0xFFFF,
  0xFFFF, 0xFFFF, 0xFFFF, 0xFFFF, 0xFFFF, 0xFFFF, 0xFFFF, 0xFFFF, 0xFFFF, 0xFFFF, 0xFFFF, 0xFFFF,
  0xFFFF, 0xFFFF, 0xFFFF, 0xFFFF, 0xFFFF, 0xFFFF, 0xFFFF, 0xFFFF, 0xFFFF, 0xFFFF, 0xFFFF, 0xFFFF,
  0xFFFF, 0xFFFF, 0xFFFF, 0xFFFF, 0xFFFF, 0xFFFF, 0xFFFF, 0xFFFF, 0xFFFF, 0xFFFF, 0xFFFF, 0xFFFF,
  0xFFFF, 0xFFFF, 0xFFFF, 0xFFFF, 0xFFFF, 0xFFFF, 0xFFFF, 0xFFFF, 0xFFFF, 0xFFFF, 0xDEDB, 0x0000,
  0x0000, 0x0000, 0x1104, 0x94D3, 0xFFFF, 0xC67A, 0x0000, 0x0000, 0x0000, 0x0000, 0x2966, 0xFFFF,
  0xFFFF, 0xFFFF, 0x859B, 0x043D, 0x0085, 0x1104, 0x07DF, 0x07BF, 0x07BF, 0x01A8, 0x2000, 0xC000,
  0xFDBB, 0xF7FF, 0xF7FF, 0xDFFF, 0xF7FF, 0x528A, 0x0000, 0x0000, 0x0061, 0xDFFF, 0xA75D, 0x9E3B,
  0xEFFE, 0xB7DF, 0xDFFF, 0xB7DF, 0xB7DF, 0x9E3B, 0xA596, 0xF7FF, 0xB7DF, 0xB7DF, 0xB7DF, 0xB7DF,
  0xDFFF, 0xFFBF, 0x03BB, 0x043C, 0xB7DF, 0xB7DF, 0xB7DF, 0xB7DF, 0xFFFF, 0xC67A, 0x3B38, 0x039E,
  0xFC7C, 0xFDBB, 0xFC7C, 0xFC7C, 0xFDBB, 0x7CDA, 0x03BB, 0x03BB, 0x03FC, 0x03BC, 0x03FC, 0x03BB,
  0x03BC, 0x03BB, 0x03BC, 0x03FB, 0x03BC, 0x03FB, 0x03FC, 0x03FC, 0x03BB, 0x03FC, 0x03BC, 0x03BC,
  0x03BC, 0x03BC, 0x03BB, 0x03BC, 0x03BC, 0x03BC, 0x03BC, 0x03BC, 0x03BC, 0x03BB, 0x03BC, 0x03BC,
  0x03BC, 0x03BB, 0x03FC, 0x03BB, 0x03FC, 0x03FB, 0x03FC, 0x03BB, 0x03FC, 0x03BB, 0x03FC, 0x03BB,
  0x03FB, 0x03BC, 0x03FC, 0x03BB, 0x047E, 0x04FF, 0x04FE, 0x04FF, 0x04FE, 0x04FF, 0x04FE, 0x04BE,
  0x04BE, 0x043D, 0x043D, 0x04FF, 0x04FF, 0x047E, 0x03BB, 0x03BB, 0x03FC, 0x03BB, 0x03FC, 0x03BC,
  0x03BB, 0x03BC, 0x03BC, 0x03BC, 0x03BB, 0x03BC, 0x03BC, 0x03BB, 0x03BC, 0x03BB, 0x03FC, 0x03BC,
  0x03FC, 0x03FB, 0x03FC, 0x03FC, 0x03BB, 0x03FB, 0x03FC, 0x03BB, 0x03FB, 0x03FC, 0x03FB, 0x03FC,
  0x03BB, 0x03FB, 0x03BC, 0x03FC, 0x03BB, 0x03FC, 0x03BB, 0x03FC, 0x03BB, 0x03BC, 0x03BC, 0x03BC,
  0x03BB, 0x03BC, 0x03BC, 0x03FC, 0x03BC, 0x03FC, 0x03BC, 0x03FC, 0x03BC, 0x03FC, 0x03BC, 0x03FC,
  0x03BC, 0x03FC, 0x03BC, 0x03FC, 0x03BC, 0x03FC, 0x03BC, 0x03BC, 0x03FC, 0x03BC, 0x03FC, 0x03BC,
  0x03FC, 0x03FB, 0x03FC, 0x03FC, 0x03BC, 0x037A, 0x051F, 0x067F, 0x067F, 0x067F, 0x067F, 0x071F,
  0x075F, 0x07BF, 0x075F, 0x075F, 0x071F, 0x071F, 0x071F, 0x075F, 0x071F, 0x067F, 0x06DF, 0x07BF,
  0x07BF, 0x07BF, 0x065F, 0x04DD, 0x057F, 0x051F, 0x051F, 0x051F, 0x051F, 0x047D, 0x047D, 0x03FD,
  0x047D, 0x03FD, 0x03BC, 0x03BB, 0x03BC, 0x03BC, 0x03FC, 0x03FC, 0x03BB, 0x03FB, 0x03BC, 0x03FB,
  0x03BC, 0x03FB, 0x03FC, 0x03BC, 0xFFFF, 0xFFFF, 0xFFFF, 0xFFFF, 0xFFFF, 0xFFFF, 0xFFFF, 0xFFFF,
  0xFFFF, 0xFFFF, 0xFFFF, 0xFFFF, 0xFFFF, 0xFFFF, 0xFFFF, 0xFFFF, 0xFFFF, 0xFFFF, 0xFFFF, 0xFFFF,
  0xFFFF, 0xFFFF, 0xFFFF, 0xFFFF, 0xFFFF, 0xFFFF, 0xFFFF, 0xFFFF, 0xFFFF, 0xFFFF, 0xFFFF, 0xFFFF,
  0xFFFF, 0xFFFF, 0xFFFF, 0xFFFF, 0xFFFF, 0xFFFF, 0xFFFF, 0xFFFF, 0xFFFF, 0xFFFF, 0xFFFF, 0xFFFF,
  0xFFFF, 0xFFFF, 0xFFFF, 0xFFFF, 0xFFFF, 0xFFFF, 0xFFFF, 0xFFFF, 0xFFFF, 0xFFFF, 0xFFFF, 0xFFFF,
  0xFFFF, 0xFFFF, 0xFFFF, 0xFFFF, 0xFFFF, 0xFFFF, 0xFFFF, 0xFFFF, 0xFFFF, 0xFFFF, 0xFFFF, 0xFFFF,
  0xFFFF, 0xFFFF, 0xFFFF, 0xFFFF, 0xFFFF, 0xFFFF, 0xFFFF, 0xBDF8, 0x0000, 0x0000, 0x0000, 0x0000,
  0x528A, 0xFFBE, 0x2966, 0x0000, 0x0000, 0x0000, 0x0000, 0x528A, 0xFFFF, 0xFFFF, 0x2BF8, 0x055F,
  0x02ED, 0x0000, 0x075F, 0x07BF, 0x077F, 0x0085, 0x0000, 0x4800, 0x94D3, 0xFFFF, 0xDFFF, 0xF7FF,
  0xDFFF, 0x7043, 0x2000, 0x0000, 0x632C, 0xFFFF, 0x9E3B, 0xC67A, 0xDFFF, 0xB7DF, 0xB7DF, 0xB7DF,
  0xDFFF, 0x94D3, 0xA596, 0xDFFF, 0xB7DF, 0xB7DF, 0xB7DF, 0xB7DF, 0xF7FF, 0xBEDD, 0x0258, 0x05FB,
  0xDFFF, 0xB7DF, 0xB7DF, 0xDFFF, 0xA75D, 0x0297, 0x02FA, 0x3D7F, 0xFDBB, 0xFC7C, 0xFC7C, 0xFC7C,
  0x7C39, 0x03BB, 0x03BC, 0x03FC, 0x03FC, 0x03FC, 0x03BB, 0x03FC, 0x03FB, 0x03FC, 0x03FC, 0x03FC,
  0x03FC, 0x03FC, 0x03BB, 0x03BC, 0x03FB, 0x03BC, 0x03BB, 0x03FC, 0x03FB, 0x03FC, 0x03FB, 0x03FC,
  0x03FB, 0x03FC, 0x03FC, 0x03FC, 0x03FB, 0x03FC, 0x03FC, 0x03FB, 0x03FB, 0x03FC, 0x03BC, 0x03FB,
  0x03BC, 0x03BB, 0x03BC, 0x03FB, 0x03BC, 0x03FB, 0x03BB, 0x03FC, 0x03BC, 0x03BC, 0x03FB, 0x03BB,
  0x043C, 0x047F, 0x04FF, 0x04FE, 0x04BF, 0x04FE, 0x04FF, 0x04FF, 0x04FE, 0x04BE, 0x043E, 0x04BE,
  0x04BE, 0x043D, 0x03FC, 0x03BB, 0x03FC, 0x03BC, 0x03FC, 0x03BB, 0x03FC, 0x03FB, 0x03FB, 0x03BC,
  0x03FB, 0x03FC, 0x03FB, 0x03FC, 0x03BB, 0x03FC, 0x03FC, 0x03BB, 0x03FC, 0x03BC, 0x03BC, 0x03BB,
  0x03BC, 0x03FC, 0x03BB, 0x03FC, 0x03FC, 0x03BC, 0x03BC, 0x03BB, 0x03FC, 0x03BC, 0x03FC, 0x03BB,
  0x03FC, 0x03BB, 0x03FC, 0x03BB, 0x03BC, 0x03FB, 0x03FC, 0x03FB, 0x03FC, 0x03FB, 0x03FC, 0x03FC,
  0x03BC, 0x03FB, 0x03BC, 0x03FC, 0x03BC, 0x03FB, 0x03BC, 0x03FC, 0x03BC, 0x03FC, 0x03BB, 0x03FC,
  0x03BC, 0x03FC, 0x03BC, 0x03FB, 0x03FC, 0x03BC, 0x03FC, 0x03BC, 0x03FC, 0x03BC, 0x03BB, 0x03BC,
  0x03BB, 0x03FC, 0x03BC, 0x03FD, 0x047D, 0x05DF, 0x05DF, 0x06DF, 0x077F, 0x071F, 0x071F, 0x071F,
  0x077F, 0x071F, 0x075F, 0x071F, 0x071F, 0x067F, 0x067F, 0x071F, 0x075F, 0x075F, 0x067F, 0x067F,
  0x067F, 0x05DF, 0x067F, 0x067F, 0x05DF, 0x067F, 0x05DF, 0x05DF, 0x05DF, 0x05DF, 0x051F, 0x03FC,
  0x03BB, 0x03FC, 0x03BB, 0x03BB, 0x03FC, 0x03FB, 0x03BC, 0x03FB, 0x03BC, 0x03FC, 0x03BB, 0x03FC,
  0xFFFF, 0xFFFF, 0xFFFF, 0xFFFF, 0xFFFF, 0xFFFF, 0xFFFF, 0xFFFF, 0xFFFF, 0xFFFF, 0xFFFF, 0xFFFF,
  0xFFFF, 0xFFFF, 0xFFFF, 0xFFFF, 0xFFFF, 0xFFFF, 0xFFFF, 0xFFFF, 0xFFFF, 0xFFFF, 0xFFFF, 0xFFFF,
  0xFFFF, 0xFFFF, 0xFFFF, 0xFFFF, 0xFFFF, 0xFFFF, 0xFFFF, 0xFFFF, 0xFFFF, 0xFFFF, 0xFFFF, 0xFFFF,
  0xFFFF, 0xFFFF, 0xFFFF, 0xFFFF, 0xFFFF, 0xFFFF, 0xFFFF, 0xFFFF, 0xFFFF, 0xFFFF, 0xFFFF, 0xFFFF,
  0xFFFF, 0xFFFF, 0xFFFF, 0xFFFF, 0xFFFF, 0xFFFF, 0xFFFF, 0xFFFF, 0xFFFF, 0xFFFF, 0xFFFF, 0xFFFF,
  0xFFFF, 0xFFFF, 0xFFFF, 0xFFFF, 0xFFFF, 0xFFFF, 0xFFFF, 0xFFFF, 0xFFFF, 0xFFFF, 0xFFFF, 0xFFFF,
  0xFFFF, 0xFFFF, 0xFFFF, 0xFFFF, 0xBDF8, 0x0000, 0x0000, 0x0000, 0x0000, 0x0021, 0x1104, 0x0000,
  0x0000, 0x0000, 0x0000, 0x0000, 0x632C, 0xFFFF, 0x043A, 0x065E, 0x0516, 0x0000, 0x03AF, 0x07BF,
  0x065A, 0x0000, 0x0000, 0x0000, 0x528A, 0xFF7D, 0xDFFF, 0xF7FF, 0x9E3B, 0x0000, 0x0000, 0x0000,
  0xA596, 0xFFFF, 0x9E3B, 0xA75D, 0xB7DF, 0xDFFF, 0xB7DF, 0xB7DF, 0xDFFF, 0x94D3, 0x671E, 0xDFFF,
  0xB7DF, 0xB7DF, 0xDFFF, 0xFFFF, 0xFFFF, 0x253A, 0x0299, 0x6FDF, 0xDFFF, 0xB7DF, 0xB7DF, 0xB7DF,
  0x661C, 0x6397, 0x043A, 0x7CDA, 0xFC7C, 0x7CDA, 0x3D7F, 0x039E, 0x039E, 0x03BB, 0x03BC, 0x03BC,
  0x03BB, 0x03BB, 0x03BB, 0x03BC, 0x03BB, 0x03FB, 0x03BB, 0x03BB, 0x03BB, 0x03BB, 0x03FC, 0x03BB,
  0x03BC, 0x03FB, 0x03FC, 0x03BB, 0x03BC, 0x03BB, 0x03BC, 0x03BB, 0x03BC, 0x03BB, 0x03BB, 0x03BB,
  0x03BC, 0x03BB, 0x03BB, 0x03BC, 0x03BC, 0x03BB, 0x03FB, 0x03BB, 0x03BB, 0x03FB, 0x03BB, 0x03BB,
  0x03BB, 0x03BB, 0x03BB, 0x03BC, 0x03BB, 0x03FB, 0x03BC, 0x03FB, 0x03BB, 0x03FC, 0x047F, 0x04FF,
  0x04BE, 0x04BF, 0x04BE, 0x04BF, 0x04FF, 0x04BE, 0x03FD, 0x03FD, 0x03FC, 0x03FB, 0x03BB, 0x03BB,
  0x03FB, 0x03BC, 0x03FB, 0x03BC, 0x03BB, 0x03BC, 0x03BC, 0x03BB, 0x03BC, 0x03BB, 0x03BC, 0x03BB,
  0x03BC, 0x03BB, 0x03BC, 0x03FB, 0x03BC, 0x03FB, 0x03FB, 0x03FC, 0x03FB, 0x03BC, 0x03FC, 0x03BB,
  0x03BC, 0x03FB, 0x03FC, 0x03FB, 0x03BC, 0x03FB, 0x03BB, 0x03FC, 0x03BB, 0x03BB, 0x03BC, 0x03BB,
  0x03FC, 0x03BC, 0x03BB, 0x03BC, 0x03BB, 0x03BC, 0x03BB, 0x03BB, 0x03FC, 0x03BC, 0x03FB, 0x03BB,
  0x03FC, 0x03BB, 0x03FC, 0x03BB, 0x03FB, 0x03BC, 0x03FB, 0x03BC, 0x03FB, 0x03BB, 0x03FC, 0x03BC,
  0x03BB, 0x03FB, 0x03BC, 0x03FB, 0x03BB, 0x03FC, 0x03FC, 0x03FB, 0x03BB, 0x03BB, 0x03FC, 0x047D,
  0x051F, 0x05DF, 0x067F, 0x075F, 0x075F, 0x077F, 0x071F, 0x071F, 0x071F, 0x075F, 0x071F, 0x071F,
  0x075F, 0x071F, 0x067F, 0x067F, 0x071F, 0x075F, 0x067F, 0x05DF, 0x067F, 0x067F, 0x05DF, 0x05DF,
  0x067F, 0x05DF, 0x067F, 0x05DF, 0x05DF, 0x05DF, 0x051F, 0x03BC, 0x03BB, 0x03BB, 0x03BB, 0x03FB,
  0x03BB, 0x03BB, 0x03BB, 0x03BB, 0x03BB, 0x03BB, 0x03BB, 0x03BB, 0xFFFF, 0xFFFF, 0xFFFF, 0xFFFF,
  0xFFFF, 0xFFFF, 0xFFFF, 0xFFFF, 0xFFFF, 0xFFFF, 0xFFFF, 0xFFFF, 0xFFFF, 0xFFFF, 0xFFFF, 0xFFFF,
  0xFFFF, 0xFFFF, 0xFFFF, 0xFFFF, 0xFFFF, 0xFFFF, 0xFFFF, 0xFFFF, 0xFFFF, 0xFFFF, 0xFFFF, 0xFFFF,
  0xFFFF, 0xFFFF, 0xFFFF, 0xFFFF, 0xFFFF, 0xFFFF, 0xFFFF, 0xFFFF, 0xFFFF, 0xFFFF, 0xFFFF, 0xFFFF,
  0xFFFF, 0xFFFF, 0xFFFF, 0xFFFF, 0xFFFF, 0xFFFF, 0xFFFF, 0xFFFF, 0xFFFF, 0xFFFF, 0xFFFF, 0xFFFF,
  0xFFFF, 0xFFFF, 0xFFFF, 0xFFFF, 0xFFFF, 0xFFFF, 0xFFFF, 0xFFFF, 0xFFFF, 0xFFFF, 0xFFFF, 0xFFFF,
  0xFFFF, 0xFFFF, 0xFFFF, 0xFFFF, 0xFFFF, 0xFFFF, 0xFFFF, 0xFFFF, 0xFFFF, 0xFFFF, 0xFFFF, 0xFFFF,
  0xFFFF, 0x94D3, 0x0000, 0x0000, 0x0000, 0x0000, 0x0000, 0x0000, 0x0000, 0x0000, 0x0000, 0x0000,
  0x0000, 0x7C10, 0x047D, 0x06BF, 0x065A, 0x0000, 0x1021, 0x07DF, 0x065A, 0x0000, 0x0000, 0x0000,
  0x20C4, 0xDFFF, 0xB7DF, 0xFFFF, 0x7C10, 0x0000, 0x0000, 0x0000, 0xB7DF, 0xDFFF, 0xBDF8, 0xB7DF,
  0xB7DF, 0xB7DF, 0xDFFF, 0xB7DF, 0xB7DF, 0x7C10, 0xB7DF, 0xB7DF, 0xB7DF, 0xDFFF, 0xF7FF, 0xFFFF,
  0xFFFF, 0x03D8, 0x03BB, 0xB7DF, 0xB7DF, 0xB7DF, 0xDFFF, 0x6FDF, 0x03BA, 0xFC7C, 0xFC7C, 0xFC7C,
  0xFC7C, 0x0259, 0x02FB, 0x037A, 0x03BB, 0x03BC, 0x03BC, 0x03BB, 0x03BB, 0x03BB, 0x03BB, 0x03BB,
  0x03BB, 0x03BC, 0x03BB, 0x03BB, 0x03BB, 0x03BC, 0x03BB, 0x03FC, 0x03BB, 0x03BC, 0x03BB, 0x03BC,
  0x03FB, 0x03BC, 0x03FB, 0x03BC, 0x03BB, 0x03BC, 0x03BC, 0x03BB, 0x03BC, 0x03BB, 0x03BC, 0x03BB,
  0x03BB, 0x03BC, 0x03BB, 0x03BB, 0x03BB, 0x03BB, 0x03BB, 0x03BB, 0x03BB, 0x03BB, 0x03BB, 0x03FC,
  0x03BB, 0x03BC, 0x03BB, 0x03BC, 0x03BB, 0x037A, 0x043E, 0x04BE, 0x04BE, 0x04BF, 0x04BE, 0x04BE,
  0x04BE, 0x04BE, 0x03FD, 0x037A, 0x037B, 0x03BB, 0x03BB, 0x03FC, 0x03BB, 0x03BB, 0x03BC, 0x03BB,
  0x03BB, 0x03BB, 0x03BB, 0x03BB, 0x03BB, 0x03BC, 0x03BB, 0x03FC, 0x03BB, 0x03BC, 0x03BB, 0x03BB,
  0x03BB, 0x03BC, 0x03BB, 0x03BC, 0x03BB, 0x03BB, 0x03BC, 0x03BB, 0x03BB, 0x03BC, 0x03BB, 0x03BC,
  0x03BB, 0x03BC, 0x03BB, 0x03BC, 0x03BB, 0x03BC, 0x03FB, 0x03BC, 0x03BB, 0x03BB, 0x03BC, 0x03BB,
  0x03BC, 0x03BB, 0x03BC, 0x03BB, 0x03BB, 0x03BB, 0x03BC, 0x03BB, 0x03BB, 0x03BC, 0x03BB, 0x03BC,
  0x03BB, 0x03BC, 0x03BB, 0x03BB, 0x03BC, 0x03BB, 0x03BB, 0x03BB, 0x03BC, 0x03BB, 0x03BB, 0x03BC,
  0x03BB, 0x03BB, 0x03BB, 0x03BB, 0x03BB, 0x03BB, 0x051F, 0x05DF, 0x05DF, 0x05DF, 0x05DF, 0x06DF,
  0x071F, 0x071F, 0x071F, 0x075F, 0x071F, 0x071F, 0x075F, 0x071F, 0x071F, 0x075F, 0x075F, 0x067F,
  0x067F, 0x075F, 0x067F, 0x067F, 0x05DF, 0x05DF, 0x067F, 0x05DF, 0x05DF, 0x067F, 0x05DF, 0x05DF,
  0x04DD, 0x037A, 0x033A, 0x03BB, 0x037A, 0x03BB, 0x03BB, 0x03BB, 0x03BC, 0x03BB, 0x03BC, 0x03BB,
  0x03BC, 0x03BB, 0x03BB, 0x03BC, 0xFFFF, 0xFFFF, 0xFFFF, 0xFFFF, 0xFFFF, 0xFFFF, 0xFFFF, 0xFFFF,
  0xFFFF, 0xFFFF, 0xFFFF, 0xFFFF, 0xFFFF, 0xFFFF, 0xFFFF, 0xFFFF, 0xFFFF, 0xFFFF, 0xFFFF, 0xFFFF,
  0xFFFF, 0xFFFF, 0xFFFF, 0xFFFF, 0xFFFF, 0xFFFF, 0xFFFF, 0xFFFF, 0xFFFF, 0xFFFF, 0xFFFF, 0xFFFF,
  0xFFFF, 0xFFFF, 0xFFFF, 0xFFFF, 0xFFFF, 0xFFFF, 0xFFFF, 0xFFFF, 0xFFFF, 0xFFFF, 0xFFFF, 0xFFFF,
  0xFFFF, 0xFFFF, 0xFFFF, 0xFFFF, 0xFFFF, 0xFFFF, 0xFFFF, 0xFFFF, 0xFFFF, 0xFFFF, 0xFFFF, 0xFFFF,
  0xFFFF, 0xFFFF, 0xFFFF, 0xFFFF, 0xFFFF, 0xFFFF, 0xFFFF, 0xFFFF, 0xFFFF, 0xFFFF, 0xFFFF, 0xFFFF,
  0xFFFF, 0xFFFF, 0xFFFF, 0xFFFF, 0xFFFF, 0xFFFF, 0xFFFF, 0xFFFF, 0xFFFF, 0xFFFF, 0x94D3, 0x0000,
  0x0000, 0x0000, 0x0000, 0x0000, 0x0000, 0x0000, 0x0000, 0x0000, 0x0000, 0x0000, 0x022E, 0x07DF,
  0x077F, 0x0061, 0x0000, 0x05B8, 0x05B8, 0x0000, 0x0000, 0x0000, 0x0000, 0xA75D, 0xF7FF, 0xDFFF,
  0x2966, 0x0000, 0x0000, 0x41E8, 0xFFFF, 0xA75D, 0xBDF8, 0xE7BE, 0xDFFF, 0xB7DF, 0xB7DF, 0xDFFF,
  0x661C, 0x7C10, 0xDFFF, 0xB7DF, 0xDFFF, 0xFFFF, 0xFFFF, 0xFFFF, 0xBEDD, 0x0215, 0x05FB, 0xF7FF,
  0xDFFF, 0xB7DF, 0xDFFF, 0x05FB, 0x0217, 0x051F, 0xFC7C, 0xFC7C, 0xFC7C, 0xFC7C, 0xFC7C, 0x03BA,
  0x03BB, 0x03BB, 0x03BB, 0x03BB, 0x03BB, 0x03BB, 0x03BB, 0x03BB, 0x03BB, 0x03BB, 0x03BB, 0x03BB,
  0x03BB, 0x03BB, 0x03BB, 0x03BB, 0x03BB, 0x03BB, 0x03BB, 0x03BB, 0x03BB, 0x03BB, 0x03BC, 0x03BB,
  0x03BB, 0x03BB, 0x03BB, 0x03BB, 0x03BB, 0x03BB, 0x03BB, 0x03BB, 0x03BB, 0x03BB, 0x03BB, 0x03BB,
  0x03BB, 0x03BB, 0x03BB, 0x03BB, 0x03BB, 0x03BB, 0x03BB, 0x03BB, 0x03BB, 0x03BB, 0x03BB, 0x03BB,
  0x03BB, 0x03BB, 0x043E, 0x04FF, 0x04BE, 0x04BE, 0x04BF, 0x04BF, 0x04BF, 0x04FF, 0x047F, 0x03FC,
  0x03BB, 0x03BB, 0x03BB, 0x03BB, 0x03BB, 0x03BC, 0x03BB, 0x03BB, 0x03BB, 0x03BB, 0x03BB, 0x03BB,
  0x03BB, 0x03BB, 0x03BB, 0x03BB, 0x03BB, 0x03BB, 0x03BB, 0x03BB, 0x03BB, 0x03BB, 0x03BB, 0x03BB,
  0x03BB, 0x03BB, 0x03BB, 0x03BC, 0x03BB, 0x03BB, 0x03BB, 0x03BB, 0x03BB, 0x03BB, 0x03BB, 0x03BB,
  0x03BB, 0x03BB, 0x03BB, 0x03BB, 0x03BB, 0x03BB, 0x03BB, 0x03BB, 0x03BB, 0x03BB, 0x03BB, 0x03BB,
  0x03BC, 0x03BB, 0x03BB, 0x03BC, 0x03BB, 0x03BB, 0x03BB, 0x03BB, 0x03BB, 0x03BB, 0x03BC, 0x03BB,
  0x03BB, 0x03BB, 0x03BC, 0x03BB, 0x03BB, 0x03BC, 0x03BB, 0x03BB, 0x03BB, 0x03BB, 0x03BC, 0x03BB,
  0x03BB, 0x03BB, 0x047D, 0x03FD, 0x03FD, 0x03BC, 0x043D, 0x04BE, 0x04FE, 0x065F, 0x071F, 0x075F,
  0x067F, 0x06DF, 0x067F, 0x071F, 0x06DF, 0x071F, 0x065F, 0x065F, 0x057F, 0x04DD, 0x04DD, 0x047D,
  0x047D, 0x03BB, 0x047D, 0x05DF, 0x067F, 0x05DF, 0x05DF, 0x05DF, 0x05DF, 0x057F, 0x043C, 0x037A,
  0x03BC, 0x03BB, 0x03BB, 0x03BB, 0x03BB, 0x03BC, 0x03BB, 0x03BB, 0x03BB, 0x03BC, 0x03BB, 0x03BB,
  0xFFFF, 0xFFFF, 0xFFFF, 0xFFFF, 0xFFFF, 0xFFFF, 0xFFFF, 0xFFFF, 0xFFFF, 0xFFFF, 0xFFFF, 0xFFFF,
  0xFFFF, 0xFFFF, 0xFFFF, 0xFFFF, 0xFFFF, 0xFFFF, 0xFFFF, 0xFFFF, 0xFFFF, 0xFFFF, 0xFFFF, 0xFFFF,
  0xFFFF, 0xFFFF, 0xFFFF, 0xFFFF, 0xFFFF, 0xFFFF, 0xFFFF, 0xFFFF, 0xFFFF, 0xFFFF, 0xFFFF, 0xFFFF,
  0xFFFF, 0xFFFF, 0xFFFF, 0xFFFF, 0xFFFF, 0xFFFF, 0xFFFF, 0xFFFF, 0xFFFF, 0xFFFF, 0xFFFF, 0xFFFF,
  0xFFFF, 0xFFFF, 0xFFFF, 0xFFFF, 0xFFFF, 0xFFFF, 0xFFFF, 0xFFFF, 0xFFFF, 0xFFFF, 0xFFFF, 0xFFFF,
  0xFFFF, 0xFFFF, 0xFFFF, 0xFFFF, 0xFFFF, 0xFFFF, 0xFFFF, 0xFFFF, 0xFFFF, 0xFFFF, 0xFFFF, 0xFFFF,
  0xFFFF, 0xFFFF, 0xFFFF, 0xFFFF, 0xFFFF, 0xFFFF, 0xFFFF, 0x632C, 0x0000, 0x0000, 0x0000, 0x0000,
  0x0000, 0x0000, 0x0000, 0x0000, 0x0000, 0x0000, 0x0000, 0x063B, 0x07BF, 0x01A8, 0x0000, 0x03AF,
  0x0413, 0x0000, 0x0000, 0x0000, 0x0000, 0xBDF8, 0xFFFF, 0xA75D, 0x0000, 0x0000, 0x0000, 0x94D3,
  0xFFFF, 0xA75D, 0xA75D, 0xDFFF, 0xB7DF, 0xB7DF, 0xDFFF, 0xDFFF, 0x94D3, 0x253A, 0xDFFF, 0xDF7E,
  0xFFFF, 0xFFFF, 0xFFFF, 0xFFFF, 0x9E3B, 0x0197, 0x661C, 0xFFFF, 0xB7DF, 0xDFFF, 0xB7DF, 0x03D8,
  0x02F9, 0x037A, 0xFC7C, 0xFC7C, 0xFC7C, 0xFC7C, 0x7CDA, 0x037A, 0x03BB, 0x03BB, 0x03BB, 0x03BB,
  0x03BB, 0x03BB, 0x03BB, 0x03BB, 0x03BB, 0x03BB, 0x03BB, 0x03BB, 0x03BB, 0x03BB, 0x03BB, 0x03BB,
  0x03BB, 0x03BB, 0x03BB, 0x03BB, 0x03BC, 0x03BB, 0x03BB, 0x03BB, 0x03BC, 0x03BB, 0x03BB, 0x03BB,
  0x03BB, 0x03BB, 0x03BB, 0x03BB, 0x03BB, 0x03BB, 0x03BB, 0x03BB, 0x03BA, 0x03BB, 0x03BB, 0x03BB,
  0x03BB, 0x03BB, 0x03BB, 0x03BB, 0x03BB, 0x03BB, 0x03BB, 0x03BB, 0x03BB, 0x03BB, 0x043E, 0x04FF,
  0x04BE, 0x04BF, 0x04BF, 0x04BE, 0x04BE, 0x047F, 0x047F, 0x04BF, 0x04BE, 0x04BE, 0x03BB, 0x03BB,
  0x03BC, 0x03BB, 0x03BB, 0x03BB, 0x03BB, 0x03BB, 0x03BB, 0x03BB, 0x03BB, 0x03BB, 0x03BB, 0x03BB,
  0x03BB, 0x03BB, 0x03BB, 0x03BB, 0x03BC, 0x03BB, 0x03BB, 0x03BB, 0x03BC, 0x03BB, 0x03BB, 0x03BB,
  0x03BB, 0x03BB, 0x03BB, 0x03BB, 0x03BB, 0x03BB, 0x03BC, 0x03BB, 0x03BB, 0x03BB, 0x03BB, 0x03BB,
  0x03BB, 0x03BB, 0x03BB, 0x03BB, 0x03BB, 0x03BB, 0x03BB, 0x03BB, 0x03BB, 0x03BB, 0x03BB, 0x03BB,
  0x03BB, 0x03BB, 0x03BB, 0x03BB, 0x03BB, 0x03BB, 0x03BB, 0x03BB, 0x03BB, 0x03BB, 0x03BB, 0x03BB,
  0x03BB, 0x03BB, 0x03BB, 0x03BB, 0x03BB, 0x03BB, 0x03BB, 0x03BB, 0x03BB, 0x03BB, 0x037A, 0x037A,
  0x037B, 0x033A, 0x03FC, 0x043E, 0x04FE, 0x06DF, 0x06DF, 0x06DF, 0x067F, 0x067F, 0x05DF, 0x067F,
  0x067F, 0x057F, 0x04BE, 0x047F, 0x03FC, 0x037A, 0x03BC, 0x03FC, 0x03FC, 0x03FC, 0x03FD, 0x05DF,
  0x05DF, 0x067F, 0x067F, 0x05DF, 0x067F, 0x06DF, 0x05DF, 0x03BB, 0x03BA, 0x03BB, 0x03BB, 0x03BB,
  0x03BB, 0x03BB, 0x03BB, 0x03BB, 0x03BB, 0x03BB, 0x03BB, 0x03BB, 0xFFFF, 0xFFFF, 0xFFFF, 0xFFFF,
  0xFFFF, 0xFFFF, 0xFFFF, 0xFFFF, 0xFFFF, 0xFFFF, 0xFFFF, 0xFFFF, 0xFFFF, 0xFFFF, 0xFFFF, 0xFFFF,
  0xFFFF, 0xFFFF, 0xFFFF, 0xFFFF, 0xFFFF, 0xFFFF, 0xFFFF, 0xFFFF, 0xFFFF, 0xFFFF, 0xFFFF, 0xFFFF,
  0xFFFF, 0xFFFF, 0xFFFF, 0xFFFF, 0xFFFF, 0xFFFF, 0xFFFF, 0xFFFF, 0xFFFF, 0xFFFF, 0xFFFF, 0xFFFF,
  0xFFFF, 0xFFFF, 0xFFFF, 0xFFFF, 0xFFFF, 0xFFFF, 0xFFFF, 0xFFFF, 0xFFFF, 0xFFFF, 0xFFFF, 0xFFFF,
  0xFFFF, 0xFFFF, 0xFFFF, 0xFFFF, 0xFFFF, 0xFFFF, 0xFFFF, 0xFFFF, 0xFFFF, 0xFFFF, 0xFFFF, 0xFFFF,
  0xFFFF, 0xFFFF, 0xFFFF, 0xFFFF, 0xFFFF, 0xFFFF, 0xFFFF, 0xFFFF, 0xFFFF, 0xFFFF, 0xFFFF, 0xFFFF,
  0xFFFF, 0xFFFF, 0xFFFF, 0xFFFF, 0x7C10, 0x0000, 0x0000, 0x0000, 0x0000, 0x0000, 0x0000, 0x0000,
  0x0000, 0x0000, 0x0000, 0x02ED, 0x07DF, 0x02ED, 0x0000, 0x0061, 0x1104, 0x0000, 0x0000, 0x0000,
  0x0000, 0x94D3, 0xF7FF, 0xA596, 0x0000, 0x0000, 0x1082, 0xDFFF, 0xF7FF, 0xA75D, 0xC67A, 0xDFFF,
  0xDFFF, 0xB7DF, 0xB7DF, 0xF7FF, 0x7C10, 0x94D3, 0xDFFF, 0xF7FF, 0xFFFF, 0xFFFF, 0xFFFF, 0xFFFF,
  0x253A, 0x0217, 0xCF3D, 0xFFFF, 0xB7DF, 0xDFFF, 0x661C, 0x0258, 0x03BB, 0x037A, 0x03BB, 0x043A,
  0x043A, 0x03BB, 0x03BB, 0x037B, 0x03BA, 0x03BB, 0x03BB, 0x03BB, 0x03BB, 0x037A, 0x03BB, 0x03BB,
  0x03BB, 0x03BB, 0x03BB, 0x03BB, 0x03BB, 0x03BB, 0x03BB, 0x03BB, 0x03BB, 0x03BB, 0x03BB, 0x03BB,
  0x03BB, 0x03BB, 0x03BB, 0x03BB, 0x03BB, 0x03BB, 0x03BB, 0x03BB, 0x03BB, 0x03BB, 0x03BB, 0x03BB,
  0x03BB, 0x03BA, 0x037A, 0x03BB, 0x03BB, 0x03BB, 0x03BA, 0x03BB, 0x03BB, 0x03BB, 0x03BA, 0x03BB,
  0x03BB, 0x03BB, 0x03BB, 0x03BB, 0x03BB, 0x037B, 0x03FD, 0x047F, 0x04BF, 0x04BE, 0x04BE, 0x04BF,
  0x047F, 0x04BF, 0x04BF, 0x04BE, 0x04BF, 0x04BF, 0x047F, 0x03BB, 0x037A, 0x03BB, 0x03BB, 0x03BB,
  0x03BB, 0x03BB, 0x03BB, 0x03BB, 0x03BB, 0x03BA, 0x03BB, 0x03BB, 0x03BB, 0x03BB, 0x03BB, 0x03BB,
  0x03BB, 0x03BB, 0x03BB, 0x03BB, 0x03BB, 0x03BB, 0x03BB, 0x03BB, 0x03BB, 0x03BB, 0x03BB, 0x03BB,
  0x03BB, 0x03BB, 0x03BB, 0x03BB, 0x03BB, 0x03BB, 0x03BB, 0x03BB, 0x03BB, 0x03BB, 0x03BB, 0x03BB,
  0x03BB, 0x03BB, 0x03BB, 0x03BB, 0x03BB, 0x03BB, 0x03BB, 0x03BB, 0x03BB, 0x03BB, 0x03BB, 0x03BB,
  0x03BB, 0x03BB, 0x03BB, 0x03BB, 0x03BB, 0x03BB, 0x03BB, 0x03BB, 0x03BB, 0x03BB, 0x03BB, 0x03BB,
  0x03BB, 0x037A, 0x03BB, 0x03BB, 0x03BB, 0x037A, 0x037B, 0x03BB, 0x037B, 0x03BB, 0x043D, 0x047F,
  0x04FE, 0x053E, 0x053E, 0x047D, 0x047D, 0x051F, 0x051F, 0x051F, 0x047F, 0x047F, 0x047F, 0x047F,
  0x047F, 0x051F, 0x05DF, 0x05DF, 0x05DF, 0x05DF, 0x05DF, 0x05DF, 0x05DF, 0x05DF, 0x05DF, 0x05DF,
  0x05DF, 0x051F, 0x047D, 0x037B, 0x037A, 0x037B, 0x03BB, 0x037B, 0x037B, 0x03BA, 0x037A, 0x03BB,
  0x037B, 0x03BB, 0x037B, 0x03BB, 0xFFFF, 0xFFFF, 0xFFFF, 0xFFFF, 0xFFFF, 0xFFFF, 0xFFFF, 0xFFFF,
  0xFFFF, 0xFFFF, 0xFFFF, 0xFFFF, 0xFFFF, 0xFFFF, 0xFFFF, 0xFFFF, 0xFFFF, 0xFFFF, 0xFFFF, 0xFFFF,
  0xFFFF, 0xFFFF, 0xFFFF, 0xFFFF, 0xFFFF, 0xFFFF, 0xFFFF, 0xFFFF, 0xFFFF, 0xFFFF, 0xFFFF, 0xFFFF,
  0xFFFF, 0xFFFF, 0xFFFF, 0xFFFF, 0xFFFF, 0xFFFF, 0xFFFF, 0xFFFF, 0xFFFF, 0xFFFF, 0xFFFF, 0xFFFF,
  0xFFFF, 0xFFFF, 0xFFFF, 0xFFFF, 0xFFFF, 0xFFFF, 0xFFFF, 0xFFFF, 0xFFFF, 0xFFFF, 0xFFFF, 0xFFFF,
  0xFFFF, 0xFFFF, 0xFFFF, 0xFFFF, 0xFFFF, 0xFFFF, 0xFFFF, 0xFFFF, 0xFFFF, 0xFFFF, 0xFFFF, 0xFFFF,
  0xFFFF, 0xFFFF, 0xFFFF, 0xFFFF, 0xFFFF, 0xFFFF, 0xFFFF, 0xFFFF, 0xFFFF, 0xFFFF, 0xFFFF, 0xFFFF,
  0xFFFF, 0x528A, 0x0000, 0x0000, 0x0000, 0x0000, 0x0000, 0x0000, 0x0000, 0x0000, 0x0000, 0x0000,
  0x063B, 0x0413, 0x0000, 0x0000, 0x0000, 0x0000, 0x0000, 0x0000, 0x0000, 0x632C, 0xF7FF, 0x7C10,
  0x0000, 0x0000, 0x7C10, 0xFFFF, 0xDFFF, 0xA596, 0xA75D, 0xDFFF, 0xDFFF, 0xDFFF, 0xDFFF, 0xB7DF,
  0x7C10, 0x671E, 0xFFBE, 0xFFFF, 0xFFFF, 0xFFFF, 0xFFFF, 0xFFFF, 0x03D8, 0x037A, 0xF7FF, 0xFFFF,
  0xDFFF, 0xB7DF, 0x043A, 0x02F9, 0x037B, 0x03BB, 0x037A, 0x037A, 0x037A, 0x03BB, 0x037A, 0x03BB,
  0x037B, 0x037A, 0x03BB, 0x037A, 0x03BB, 0x03BB, 0x037A, 0x037B, 0x037A, 0x037B, 0x037A, 0x03BA,
  0x037B, 0x037A, 0x03BB, 0x037B, 0x03BB, 0x037B, 0x03BB, 0x037B, 0x03BB, 0x03BB, 0x03BB, 0x03BB,
  0x037B, 0x03BB, 0x037B, 0x03BB, 0x03BB, 0x03BB, 0x03BA, 0x03BB, 0x037A, 0x03BB, 0x03BA, 0x037B,
  0x03BA, 0x037A, 0x03BB, 0x037A, 0x03BA, 0x037A, 0x03BB, 0x037A, 0x03BA, 0x037B, 0x03BA, 0x037B,
  0x03BB, 0x037B, 0x03BB, 0x03FD, 0x047F, 0x047F, 0x04BF, 0x04BF, 0x047F, 0x04BE, 0x047F, 0x047F,
  0x04BF, 0x04BF, 0x047F, 0x03BC, 0x037B, 0x03BB, 0x03BB, 0x037B, 0x037B, 0x037B, 0x037B, 0x03BA,
  0x037B, 0x03BB, 0x03BA, 0x037B, 0x03BB, 0x037B, 0x03BB, 0x03BB, 0x03BB, 0x03BB, 0x03BB, 0x03BB,
  0x03BB, 0x03BB, 0x03BB, 0x03BB, 0x03BB, 0x03BB, 0x03BB, 0x03BB, 0x03BB, 0x03BB, 0x03BB, 0x037B,
  0x03BB, 0x037A, 0x03BB, 0x03BB, 0x03BB, 0x03BB, 0x03BB, 0x037B, 0x03BB, 0x03BB, 0x037B, 0x037A,
  0x037B, 0x037B, 0x037B, 0x037B, 0x037B, 0x037B, 0x037B, 0x037B, 0x037B, 0x037B, 0x03BA, 0x037B,
  0x037B, 0x037B, 0x037B, 0x037A, 0x037B, 0x037B, 0x037B, 0x037A, 0x03BB, 0x03BB, 0x037A, 0x037B,
  0x03BA, 0x03BB, 0x037B, 0x037A, 0x037A, 0x03FC, 0x047F, 0x047F, 0x047F, 0x047F, 0x03FC, 0x02FB,
  0x02FB, 0x03BB, 0x03FC, 0x043E, 0x043E, 0x04BF, 0x047F, 0x04BF, 0x04BF, 0x04DD, 0x051F, 0x051F,
  0x051F, 0x05DF, 0x05DF, 0x05DF, 0x047D, 0x047D, 0x047D, 0x047D, 0x03BC, 0x033A, 0x033A, 0x037A,
  0x03BB, 0x03BA, 0x037A, 0x03BA, 0x037A, 0x037B, 0x037B, 0x03BB, 0x037B, 0x03BB, 0x037B, 0x03BB,
  0xFFFF, 0xFFFF, 0xFFFF, 0xFFFF, 0xFFFF, 0xFFFF, 0xFFFF, 0xFFFF, 0xFFFF, 0xFFFF, 0xFFFF, 0xFFFF,
  0xFFFF, 0xFFFF, 0xFFFF, 0xFFFF, 0xFFFF, 0xFFFF, 0xFFFF, 0xFFFF, 0xFFFF, 0xFFFF, 0xFFFF, 0xFFFF,
  0xFFFF, 0xFFFF, 0xFFFF, 0xFFFF, 0xFFFF, 0xFFFF, 0xFFFF, 0xFFFF, 0xFFFF, 0xFFFF, 0xFFFF, 0xFFFF,
  0xFFFF, 0xFFFF, 0xFFFF, 0xFFFF, 0xFFFF, 0xFFFF, 0xFFFF, 0xFFFF, 0xFFFF, 0xFFFF, 0xFFFF, 0xFFFF,
  0xFFFF, 0xFFFF, 0xFFFF, 0xFFFF, 0xFFFF, 0xFFFF, 0xFFFF, 0xFFFF, 0xFFFF, 0xFFFF, 0xFFFF, 0xFFFF,
  0xFFFF, 0xFFFF, 0xFFFF, 0xFFFF, 0xFFFF, 0xFFFF, 0xFFFF, 0xFFFF, 0xFFFF, 0xFFFF, 0xFFFF, 0xFFFF,
  0xFFFF, 0xFFFF, 0xFFFF, 0xFFFF, 0xFFFF, 0xFFFF, 0xFFFF, 0xFFFF, 0xFFFF, 0xFFFF, 0x632C, 0x0000,
  0x0000, 0x0000, 0x0000, 0x0000, 0x0000, 0x0000, 0x0000, 0x0000, 0x024A, 0x024A, 0x0000, 0x0000,
  0x0000, 0x0000, 0x0000, 0x0000, 0x0000, 0x7C10, 0xFFFF, 0x2966, 0x0000, 0x0000, 0xBEDD, 0xFFFF,
  0x9E3B, 0x9E3B, 0xEFFE, 0xE7BE, 0xB7DF, 0xDFFF, 0xDFFF, 0xB7DF, 0xB7DF, 0xFFBE, 0xFFFF, 0xFFFF,
  0xFFFF, 0xFFFF, 0xFFFF, 0xCF3D, 0x0215, 0x253A, 0xFFFF, 0xFFFF, 0xF7FF, 0xA75D, 0x0378, 0x037A,
  0x037A, 0x037A, 0x037B, 0x037A, 0x037B, 0x037A, 0x03BB, 0x037A, 0x037B, 0x03BA, 0x037B, 0x03BB,
  0x037A, 0x037A, 0x03BB, 0x037A, 0x03BB, 0x03BB, 0x03BB, 0x037B, 0x037A, 0x03BA, 0x037A, 0x03BA,
  0x037B, 0x03BA, 0x037B, 0x03BA, 0x037B, 0x037A, 0x037B, 0x037A, 0x03BB, 0x037A, 0x03BB, 0x037B,
  0x037A, 0x037B, 0x037A, 0x037B, 0x03BA, 0x037A, 0x037A, 0x03BA, 0x037A, 0x037A, 0x037A, 0x03BA,
  0x037B, 0x03BB, 0x037A, 0x037B, 0x037A, 0x03BA, 0x037B, 0x03BA, 0x037A, 0x03BA, 0x037A, 0x037A,
  0x03BB, 0x03BB, 0x03FD, 0x043E, 0x047F, 0x04BF, 0x047F, 0x04BF, 0x047F, 0x04BF, 0x043E, 0x03BB,
  0x037A, 0x03BB, 0x037A, 0x03BA, 0x03BB, 0x037A, 0x03BA, 0x037A, 0x03BA, 0x037A, 0x037A, 0x03BB,
  0x037A, 0x03BB, 0x037A, 0x03BB, 0x037A, 0x03BB, 0x037B, 0x03BB, 0x037A, 0x03BA, 0x037B, 0x037A,
  0x037B, 0x037A, 0x037B, 0x037A, 0x037B, 0x037B, 0x037A, 0x03BB, 0x037A, 0x03BB, 0x037B, 0x037A,
  0x037A, 0x037B, 0x037A, 0x03BB, 0x037A, 0x03BB, 0x03BB, 0x03BB, 0x03BB, 0x03BB, 0x03BA, 0x03BB,
  0x03BA, 0x03BB, 0x03BA, 0x03BB, 0x037A, 0x03BB, 0x037B, 0x037A, 0x03BB, 0x03BA, 0x03BB, 0x03BB,
  0x03BB, 0x03BB, 0x03BB, 0x03BB, 0x037A, 0x037A, 0x037A, 0x03BA, 0x037B, 0x037A, 0x03BA, 0x03BB,
  0x037A, 0x03BB, 0x047D, 0x04BF, 0x047F, 0x04BF, 0x047F, 0x03FC, 0x043E, 0x043E, 0x047F, 0x047F,
  0x047F, 0x047F, 0x047F, 0x04BF, 0x043E, 0x033A, 0x0339, 0x033A, 0x037A, 0x037B, 0x03BB, 0x037B,
  0x033A, 0x033A, 0x033A, 0x033A, 0x037A, 0x037A, 0x037A, 0x037B, 0x037A, 0x037B, 0x037B, 0x037B,
  0x037B, 0x03BB, 0x037A, 0x037B, 0x03BA, 0x037B, 0x03BA, 0x037B, 0xFFFF, 0xFFFF, 0xFFFF, 0xFFFF,
  0xFFFF, 0xFFFF, 0xFFFF, 0xFFFF, 0xFFFF, 0xFFFF, 0xFFFF, 0xFFFF, 0xFFFF, 0xFFFF, 0xFFFF, 0xFFFF,
  0xFFFF, 0xFFFF, 0xFFFF, 0xFFFF, 0xFFFF, 0xFFFF, 0xFFFF, 0xFFFF, 0xFFFF, 0xFFFF, 0xFFFF, 0xFFFF,
  0xFFFF, 0xFFFF, 0xFFFF, 0xFFFF, 0xFFFF, 0xFFFF, 0xFFFF, 0xFFFF, 0xFFFF, 0xFFFF, 0xFFFF, 0xFFFF,
  0xFFFF, 0xFFFF, 0xFFFF, 0xFFFF, 0xFFFF, 0xFFFF, 0xFFFF, 0xFFFF, 0xFFFF, 0xFFFF, 0xFFFF, 0xFFFF,
  0xFFFF, 0xFFFF, 0xFFFF, 0xFFFF, 0xFFFF, 0xFFFF, 0xFFFF, 0xFFFF, 0xFFFF, 0xFFFF, 0xFFFF, 0xFFFF,
  0xFFFF, 0xFFFF, 0xFFFF, 0xFFFF, 0xFFFF, 0xFFFF, 0xFFFF, 0xFFFF, 0xFFFF, 0xFFFF, 0xFFFF, 0xFFFF,
  0xFFFF, 0xFFFF, 0xFFFF, 0xFFFF, 0xFFFF, 0xFFFF, 0xFFFF, 0x41E8, 0x0000, 0x0000, 0x0000, 0x0000,
  0x0000, 0x0000, 0x0000, 0x0000, 0x0000, 0x0000, 0x0000, 0x0000, 0x0000, 0x0000, 0x0000, 0x0000,
  0x0000, 0x7C10, 0xDFFF, 0x0000, 0x0000, 0x2966, 0xFFFF, 0xB7DF, 0xA596, 0xEFFE, 0xDFFF, 0xDFFF,
  0xDFFF, 0xEFFE, 0xCF3D, 0xEF5D, 0xFFFF, 0xFFFF, 0xFFFF, 0xFFFF, 0xFFFF, 0xFFFF, 0xFFFF, 0x859B,
  0x01B4, 0x671E, 0xFFFF, 0xFFFF, 0xF7FF, 0x661C, 0x0298, 0x037A, 0x037A, 0x037B, 0x037A, 0x03BA,
  0x037A, 0x037B, 0x037A, 0x03BA, 0x037A, 0x037B, 0x037A, 0x037A, 0x037B, 0x03BA, 0x037B, 0x03BA,
  0x037A, 0x037A, 0x037A, 0x037A, 0x03BA, 0x037A, 0x037B, 0x03BA, 0x037A, 0x03BA, 0x037A, 0x037A,
  0x037A, 0x03BA, 0x037A, 0x03BA, 0x037A, 0x037A, 0x037B, 0x037A, 0x037A, 0x03BB, 0x037A, 0x03BB,
  0x037A, 0x037A, 0x03BA, 0x037B, 0x037A, 0x03BB, 0x037A, 0x037B, 0x037A, 0x037A, 0x03BA, 0x037A,
  0x037B, 0x037A, 0x037B, 0x037A, 0x037B, 0x037A, 0x037A, 0x037A, 0x037A, 0x037A, 0x037A, 0x03BB,
  0x03FC, 0x043E, 0x047F, 0x047F, 0x047F, 0x043E, 0x03BC, 0x037A, 0x037B, 0x037A, 0x037B, 0x03BA,
  0x037A, 0x03BA, 0x037A, 0x03BA, 0x037B, 0x037A, 0x03BA, 0x037A, 0x037B, 0x037A, 0x03BA, 0x037A,
  0x037A, 0x03BA, 0x037A, 0x037A, 0x037B, 0x037B, 0x037A, 0x03BA, 0x03BA, 0x037A, 0x03BB, 0x037B,
  0x03BA, 0x03BA, 0x03BA, 0x037A, 0x037A, 0x037B, 0x037A, 0x03BB, 0x037B, 0x037A, 0x037B, 0x037A,
  0x037B, 0x037A, 0x037A, 0x037A, 0x037A, 0x037A, 0x037A, 0x037A, 0x037A, 0x037A, 0x037A, 0x037A,
  0x03BA, 0x037A, 0x037A, 0x03BB, 0x037A, 0x037A, 0x037A, 0x037A, 0x037A, 0x037A, 0x037A, 0x037A,
  0x03BA, 0x037A, 0x03BA, 0x037A, 0x037A, 0x037A, 0x037B, 0x037A, 0x037A, 0x037A, 0x03FD, 0x043E,
  0x047F, 0x047F, 0x04BF, 0x04BF, 0x047F, 0x047F, 0x047F, 0x047F, 0x047F, 0x047F, 0x04BF, 0x047F,
  0x03BB, 0x037A, 0x037A, 0x037A, 0x037A, 0x037A, 0x033A, 0x037A, 0x037B, 0x037A, 0x037B, 0x037A,
  0x037A, 0x037A, 0x037B, 0x03BA, 0x037A, 0x037A, 0x037A, 0x037B, 0x03BA, 0x037A, 0x037B, 0x03BB,
  0x037B, 0x03BA, 0x037B, 0x037B, 0xFFFF, 0xFFFF, 0xFFFF, 0xFFFF, 0xFFFF, 0xFFFF, 0xFFFF, 0xFFFF,
  0xFFFF, 0xFFFF, 0xFFFF, 0xFFFF, 0xFFFF, 0xFFFF, 0xFFFF, 0xFFFF, 0xFFFF, 0xFFFF, 0xFFFF, 0xFFFF,
  0xFFFF, 0xFFFF, 0xFFFF, 0xFFFF, 0xFFFF, 0xFFFF, 0xFFFF, 0xFFFF, 0xFFFF, 0xFFFF, 0xFFFF, 0xFFFF,
  0xFFFF, 0xFFFF, 0xFFFF, 0xFFFF, 0xFFFF, 0xFFFF, 0xFFFF, 0xFFFF, 0xFFFF, 0xFFFF, 0xFFFF, 0xFFFF,
  0xFFFF, 0xFFFF, 0xFFFF, 0xFFFF, 0xFFFF, 0xFFFF, 0xFFFF, 0xFFFF, 0xFFFF, 0xFFFF, 0xFFFF, 0xFFFF,
  0xFFFF, 0xFFFF, 0xFFFF, 0xFFFF, 0xFFFF, 0xFFFF, 0xFFFF, 0xFFFF, 0xFFFF, 0xFFFF, 0xFFFF, 0xFFFF,
  0xFFFF, 0xFFFF, 0xFFFF, 0xFFFF, 0xFFFF, 0xFFFF, 0xFFFF, 0xFFFF, 0xFFFF, 0xFFFF, 0xFFFF, 0xFFFF,
  0xFFFF, 0xFFFF, 0xFFFF, 0xFFFF, 0x528A, 0x0000, 0x0000, 0x0000, 0x0000, 0x0000, 0x0000, 0x0000,
  0x0000, 0x0000, 0x0000, 0x0000, 0x0000, 0x0000, 0x0000, 0x0000, 0x0000, 0x94D3, 0xA596, 0x0000,
  0x0000, 0x7C10, 0xF7FF, 0xA596, 0xA75D, 0xDFFF, 0xDFFF, 0xDFFF, 0xDFFF, 0xCF3D, 0xEFFE, 0xFFFF,
  0xFFFF, 0xFFFF, 0xFFFF, 0xFFFF, 0xFFFF, 0xFFFF, 0xFFFF, 0xFC7C, 0x0377, 0xDFFF, 0xFFFF, 0xFFFF,
  0xFFFF, 0x2C79, 0x0297, 0x037A, 0x037B, 0x037B, 0x037A, 0x037A, 0x037A, 0x03BA, 0x037B, 0x037A,
  0x037B, 0x037A, 0x037A, 0x03BA, 0x037A, 0x037B, 0x037A, 0x037A, 0x037A, 0x037A, 0x037A, 0x037B,
  0x037A, 0x037A, 0x03BA, 0x037A, 0x037B, 0x037A, 0x037A, 0x03BB, 0x037A, 0x037A, 0x037A, 0x037A,
  0x037A, 0x037B, 0x03BA, 0x037B, 0x037B, 0x037A, 0x037A, 0x037A, 0x037A, 0x037A, 0x037B, 0x037A,
  0x037A, 0x037A, 0x03BA, 0x037A, 0x037A, 0x037A, 0x037A, 0x037A, 0x03BA, 0x037A, 0x037A, 0x037A,
  0x037A, 0x037A, 0x037A, 0x03BA, 0x037A, 0x037A, 0x037A, 0x033A, 0x037A, 0x03BA, 0x03BC, 0x03BC,
  0x037B, 0x037A, 0x037A, 0x037A, 0x037B, 0x03BA, 0x037A, 0x037A, 0x037B, 0x037A, 0x037B, 0x037B,
  0x037A, 0x03BA, 0x037B, 0x037A, 0x03BA, 0x037B, 0x037A, 0x037A, 0x03BA, 0x037A, 0x037B, 0x037B,
  0x03BA, 0x037A, 0x03BA, 0x037B, 0x037A, 0x037A, 0x037B, 0x037A, 0x037A, 0x037A, 0x037A, 0x03BA,
  0x037A, 0x037A, 0x037A, 0x037A, 0x037A, 0x037A, 0x03BA, 0x037B, 0x037A, 0x03BA, 0x037B, 0x037B,
  0x037A, 0x037A, 0x037B, 0x037A, 0x037B, 0x037A, 0x037B, 0x037A, 0x037A, 0x037B, 0x037A, 0x037A,
  0x037A, 0x037A, 0x037A, 0x037A, 0x037A, 0x037A, 0x037B, 0x037A, 0x037B, 0x037A, 0x037A, 0x037B,
  0x03BA, 0x037B, 0x037A, 0x037A, 0x037A, 0x037A, 0x037A, 0x037B, 0x037A, 0x03FC, 0x043E, 0x043E,
  0x047F, 0x047F, 0x047F, 0x047F, 0x047F, 0x043E, 0x039E, 0x037A, 0x037A, 0x037A, 0x037A, 0x037A,
  0x033A, 0x03BA, 0x037A, 0x037A, 0x037A, 0x037A, 0x037A, 0x037A, 0x037B, 0x037A, 0x03BA, 0x037A,
  0x037B, 0x037A, 0x037A, 0x037A, 0x037A, 0x037B, 0x037A, 0x037A, 0x037A, 0x037A, 0x037A, 0x037A,
  0xFFFF, 0xFFFF, 0xFFFF, 0xFFFF, 0xFFFF, 0xFFFF, 0xFFFF, 0xFFFF, 0xFFFF, 0xFFFF, 0xFFFF, 0xFFFF,
  0xFFFF, 0xFFFF, 0xFFFF, 0xFFFF, 0xFFFF, 0xFFFF, 0xFFFF, 0xFFFF, 0xFFFF, 0xFFFF, 0xFFFF, 0xFFFF,
  0xFFFF, 0xFFFF, 0xFFFF, 0xFFFF, 0xFFFF, 0xFFFF, 0xFFFF, 0xFFFF, 0xFFFF, 0xFFFF, 0xFFFF, 0xFFFF,
  0xFFFF, 0xFFFF, 0xFFFF, 0xFFFF, 0xFFFF, 0xFFFF, 0xFFFF, 0xFFFF, 0xFFFF, 0xFFFF, 0xFFFF, 0xFFFF,
  0xFFFF, 0xFFFF, 0xFFFF, 0xFFFF, 0xFFFF, 0xFFFF, 0xFFFF, 0xFFFF, 0xFFFF, 0xFFFF, 0xFFFF, 0xFFFF,
  0xFFFF, 0xFFFF, 0xFFFF, 0xFFFF, 0xFFFF, 0xFFFF, 0xFFFF, 0xFFFF, 0xFFFF, 0xFFFF, 0xFFFF, 0xFFFF,
  0xFFFF, 0xFFFF, 0xFFFF, 0xFFFF, 0xFFFF, 0xFFFF, 0xFFFF, 0xFFFF, 0xFFFF, 0xFFFF, 0xFFFF, 0xFFFF,
  0xFFFF, 0x41E8, 0x0000, 0x0000, 0x0000, 0x0000, 0x0000, 0x0000, 0x0000, 0x0000, 0x0000, 0x0000,
  0x0000, 0x0000, 0x0000, 0x0000, 0x0000, 0x7C10, 0x632C, 0x0000, 0x0000, 0xBEDD, 0xA75D, 0x9E3B,
  0xDFFF, 0xB7DF, 0xDFFF, 0xDFFF, 0xCF3D, 0xEF5D, 0xFFFF, 0xFFFF, 0xFFFF, 0xFFFF, 0xFFFF, 0xFFFF,
  0xFFFF, 0xFFFF, 0xF7FF, 0xFC7C, 0xFC7C, 0xF7FF, 0xFFFF, 0xFFFF, 0xDFFF, 0x03B5, 0x02FA, 0x037A,
  0x037A, 0x037A, 0x037A, 0x037A, 0x037A, 0x037A, 0x037A, 0x037A, 0x037A, 0x037A, 0x037A, 0x037A,
  0x037A, 0x037A, 0x037A, 0x037A, 0x037B, 0x037A, 0x037A, 0x037A, 0x037A, 0x037A, 0x037A, 0x037A,
  0x037A, 0x037A, 0x037A, 0x037A, 0x037A, 0x037A, 0x037A, 0x037A, 0x03BA, 0x037A, 0x037A, 0x037A,
  0x037A, 0x037A, 0x037A, 0x037B, 0x037A, 0x037A, 0x037A, 0x037A, 0x037A, 0x037A, 0x037A, 0x037A,
  0x037A, 0x037A, 0x037A, 0x037A, 0x037A, 0x037A, 0x037A, 0x037A, 0x037A, 0x03BA, 0x037B, 0x037A,
  0x037A, 0x037A, 0x037A, 0x037A, 0x037A, 0x037A, 0x033A, 0x033A, 0x033A, 0x037A, 0x037A, 0x037A,
  0x037A, 0x037A, 0x037A, 0x037A, 0x037A, 0x037A, 0x037A, 0x037A, 0x037A, 0x037A, 0x037A, 0x037A,
  0x037A, 0x037A, 0x037A, 0x037A, 0x037A, 0x037A, 0x037A, 0x037A, 0x037A, 0x037A, 0x037A, 0x037A,
  0x037A, 0x037A, 0x037A, 0x037A, 0x037A, 0x037A, 0x037A, 0x037A, 0x037A, 0x037A, 0x037A, 0x037A,
  0x037A, 0x037A, 0x037A, 0x037A, 0x037A, 0x037A, 0x037A, 0x037A, 0x037A, 0x037A, 0x037A, 0x037A,
  0x037A, 0x037A, 0x037A, 0x037A, 0x037A, 0x037A, 0x037A, 0x037A, 0x037A, 0x037A, 0x037A, 0x037B,
  0x037A, 0x037A, 0x037A, 0x037A, 0x037A, 0x037A, 0x03BA, 0x037A, 0x037A, 0x037A, 0x03BA, 0x037B,
  0x037B, 0x03BA, 0x037A, 0x037A, 0x033A, 0x033A, 0x02FB, 0x02FB, 0x03BB, 0x047F, 0x047F, 0x047F,
  0x039E, 0x037B, 0x033A, 0x037A, 0x037A, 0x037A, 0x037A, 0x037A, 0x037A, 0x037A, 0x037A, 0x037A,
  0x037A, 0x037A, 0x037A, 0x037A, 0x03BA, 0x037A, 0x037A, 0x037A, 0x037A, 0x037A, 0x037A, 0x037A,
  0x037A, 0x03BA, 0x037A, 0x037A, 0x037A, 0x037A, 0x037A, 0x037A, 0xFFFF, 0xFFFF, 0xFFFF, 0xFFFF,
  0xFFFF, 0xFFFF, 0xFFFF, 0xFFFF, 0xFFFF, 0xFFFF, 0xFFFF, 0xFFFF, 0xFFFF, 0xFFFF, 0xFFFF, 0xFFFF,
  0xFFFF, 0xFFFF, 0xFFFF, 0xFFFF, 0xFFFF, 0xFFFF, 0xFFFF, 0xFFFF, 0xFFFF, 0xFFFF, 0xFFFF, 0xFFFF,
  0xFFFF, 0xFFFF, 0xFFFF, 0xFFFF, 0xFFFF, 0xFFFF, 0xFFFF, 0xFFFF, 0xFFFF, 0xFFFF, 0xFFFF, 0xFFFF,
  0xFFFF, 0xFFFF, 0xFFFF, 0xFFFF, 0xFFFF, 0xFFFF, 0xFFFF, 0xFFFF, 0xFFFF, 0xFFFF, 0xFFFF, 0xFFFF,
  0xFFFF, 0xFFFF, 0xFFFF, 0xFFFF, 0xFFFF, 0xFFFF, 0xFFFF, 0xFFFF, 0xFFFF, 0xFFFF, 0xFFFF, 0xFFFF,
  0xFFFF, 0xFFFF, 0xFFFF, 0xFFFF, 0xFFFF, 0xFFFF, 0xFFFF, 0xFFFF, 0xFFFF, 0xFFFF, 0xFFFF, 0xFFFF,
  0xFFFF, 0xFFFF, 0xFFFF, 0xFFFF, 0xFFFF, 0xFFFF, 0xFFFF, 0xFFFF, 0xFFFF, 0xFFFF, 0x528A, 0x0000,
  0x0000, 0x0000, 0x0000, 0x0000, 0x0000, 0x0000, 0x0000, 0x0000, 0x0000, 0x0000, 0x0000, 0x0000,
  0x0000, 0x632C, 0x2966, 0x0000, 0x528A, 0xB7DF, 0x9E3B, 0xDFFF, 0xB7DF, 0xB7DF, 0xB7DF, 0xC67A,
  0xEFBD, 0xFFFF, 0xFFFF, 0xFFFF, 0xFFFF, 0xFFFF, 0xFFFF, 0xFFFF, 0xFFFF, 0xFFFF, 0xFF7D, 0xD0D6,
  0xFDBB, 0xFFFF, 0xFFFF, 0xFFFF, 0x9E3B, 0x0297, 0x037A, 0x037A, 0x037A, 0x037A, 0x037A, 0x037A,
  0x037A, 0x033A, 0x037A, 0x037A, 0x037A, 0x037A, 0x037A, 0x037A, 0x037A, 0x037A, 0x037A, 0x037A,
  0x037A, 0x037A, 0x037A, 0x037A, 0x037A, 0x037A, 0x037A, 0x037B, 0x037A, 0x037A, 0x037A, 0x037A,
  0x037A, 0x037A, 0x037A, 0x037A, 0x033A, 0x037A, 0x037A, 0x037A, 0x037A, 0x037A, 0x037A, 0x037A,
  0x037A, 0x037A, 0x037A, 0x037A, 0x037A, 0x037A, 0x037A, 0x037A, 0x037A, 0x037A, 0x037A, 0x037A,
  0x037A, 0x037A, 0x037A, 0x037A, 0x037B, 0x033A, 0x037A, 0x037A, 0x037A, 0x037A, 0x037A, 0x037A,
  0x037A, 0x037A, 0x037A, 0x037B, 0x037A, 0x033A, 0x037A, 0x037A, 0x037A, 0x037A, 0x037A, 0x037A,
  0x037A, 0x037A, 0x037A, 0x037A, 0x037A, 0x037A, 0x037A, 0x037A, 0x037A, 0x037A, 0x037A, 0x037A,
  0x037A, 0x037A, 0x037A, 0x037A, 0x037A, 0x037A, 0x033A, 0x037A, 0x037A, 0x037A, 0x037A, 0x037A,
  0x037A, 0x037A, 0x037A, 0x037A, 0x037A, 0x037A, 0x037A, 0x037A, 0x037A, 0x037A, 0x037A, 0x037A,
  0x037A, 0x037A, 0x037A, 0x037A, 0x037A, 0x037A, 0x037A, 0x037A, 0x037A, 0x037A, 0x037A, 0x037A,
  0x037A, 0x037A, 0x037A, 0x037A, 0x037B, 0x037A, 0x037A, 0x037A, 0x037A, 0x037A, 0x037A, 0x037A,
  0x037A, 0x037A, 0x037A, 0x037B, 0x037A, 0x037A, 0x037A, 0x037A, 0x037A, 0x033A, 0x037A, 0x037B,
  0x037A, 0x037B, 0x037A, 0x037A, 0x033A, 0x037B, 0x03BC, 0x037B, 0x037A, 0x037A, 0x037A, 0x037A,
  0x037A, 0x037A, 0x037A, 0x037A, 0x037A, 0x037A, 0x037A, 0x037A, 0x037A, 0x037A, 0x037A, 0x037A,
  0x033A, 0x037A, 0x037A, 0x037A, 0x037A, 0x037A, 0x037A, 0x037A, 0x037A, 0x033A, 0x037A, 0x037A,
  0x037A, 0x037A, 0x037A, 0x037A, 0xFFFF, 0xFFFF, 0xFFFF, 0xFFFF, 0xFFFF, 0xFFFF, 0xFFFF, 0xFFFF,
  0xFFFF, 0xFFFF, 0xFFFF, 0xFFFF, 0xFFFF, 0xFFFF, 0xFFFF, 0xFFFF, 0xFFFF, 0xFFFF, 0xFFFF, 0xFFFF,
  0xFFFF, 0xFFFF, 0xFFFF, 0xFFFF, 0xFFFF, 0xFFFF, 0xFFFF, 0xFFFF, 0xFFFF, 0xFFFF, 0xFFFF, 0xFFFF,
  0xFFFF, 0xFFFF, 0xFFFF, 0xFFFF, 0xFFFF, 0xFFFF, 0xFFFF, 0xFFFF, 0xFFFF, 0xFFFF, 0xFFFF, 0xFFFF,
  0xFFFF, 0xFFFF, 0xFFFF, 0xFFFF, 0xFFFF, 0xFFFF, 0xFFFF, 0xFFFF, 0xFFFF, 0xFFFF, 0xFFFF, 0xFFFF,
  0xFFFF, 0xFFFF, 0xFFFF, 0xFFFF, 0xFFFF, 0xFFFF, 0xFFFF, 0xFFFF, 0xFFFF, 0xFFFF, 0xFFFF, 0xFFFF,
  0xFFFF, 0xFFFF, 0xFFFF, 0xFFFF, 0xFFFF, 0xFFFF, 0xFFFF, 0xFFFF, 0xFFFF, 0xFFFF, 0xFFFF, 0xFFFF,
  0xFFFF, 0xFFFF, 0xFFFF, 0xFFFF, 0xFFFF, 0xFFFF, 0xFFFF, 0x2966, 0x0000, 0x0000, 0x0000, 0x0000,
  0x0000, 0x0000, 0x0000, 0x0000, 0x0000, 0x0000, 0x0000, 0x0000, 0x0000, 0x41E8, 0x0061, 0x0000,
  0x94D3, 0xA75D, 0xEFBD, 0xB7DF, 0xDFFF, 0xB7DF, 0xC67A, 0xE7BE, 0xFFFF, 0xFFFF, 0xFFFF, 0xFFFF,
  0xFFFF, 0xFFFF, 0xFFFF, 0xFFFF, 0xFFFF, 0xFFBF, 0xBDF8, 0xFC7C, 0xFF5E, 0xFFFF, 0xFFFF, 0xFFFF,
  0x859B, 0x0258, 0x037A, 0x033A, 0x037A, 0x037A, 0x033A, 0x037A, 0x033A, 0x037A, 0x037A, 0x037A,
  0x033A, 0x037A, 0x033A, 0x037A, 0x0339, 0x033A, 0x037A, 0x0339, 0x037A, 0x033A, 0x037A, 0x033A,
  0x037A, 0x033A, 0x033A, 0x037A, 0x037A, 0x033A, 0x037A, 0x037A, 0x033A, 0x037A, 0x037A, 0x037A,
  0x037A, 0x037A, 0x0339, 0x037A, 0x037A, 0x037A, 0x037A, 0x033A, 0x037A, 0x037A, 0x037A, 0x037A,
  0x0378, 0x037A, 0x033A, 0x037A, 0x033A, 0x037A, 0x037A, 0x037A, 0x033A, 0x037A, 0x037A, 0x033A,
  0x037A, 0x037A, 0x033A, 0x037A, 0x037A, 0x037A, 0x037A, 0x037A, 0x037A, 0x037A, 0x037A, 0x037A,
  0x037A, 0x037A, 0x037A, 0x037A, 0x037A, 0x037A, 0x037A, 0x0339, 0x037A, 0x033A, 0x037A, 0x0339,
  0x037A, 0x0339, 0x037A, 0x037A, 0x033A, 0x037A, 0x033A, 0x037A, 0x033A, 0x037A, 0x037A, 0x037A,
  0x037A, 0x033A, 0x037A, 0x037A, 0x033A, 0x037A, 0x037A, 0x037A, 0x037A, 0x037A, 0x037A, 0x037A,
  0x033A, 0x037A, 0x037A, 0x033A, 0x037A, 0x033A, 0x037A, 0x0339, 0x037A, 0x037A, 0x037A, 0x037A,
  0x037A, 0x037A, 0x037A, 0x037A, 0x037A, 0x037A, 0x037A, 0x037A, 0x037A, 0x037A, 0x037A, 0x037A,
  0x033A, 0x037A, 0x037A, 0x037A, 0x037A, 0x037A, 0x037A, 0x037A, 0x037A, 0x037A, 0x037A, 0x033A,
  0x037A, 0x037A, 0x037A, 0x033A, 0x037A, 0x037A, 0x037A, 0x037A, 0x037A, 0x037A, 0x037A, 0x037A,
  0x033A, 0x033A, 0x033A, 0x033A, 0x037A, 0x033A, 0x037A, 0x033A, 0x037A, 0x033A, 0x037A, 0x033A,
  0x037A, 0x037A, 0x037A, 0x037A, 0x037A, 0x037A, 0x037A, 0x037A, 0x037A, 0x037B, 0x037A, 0x033A,
  0x037B, 0x033A, 0x037A, 0x037A, 0x037A, 0x037A, 0x037A, 0x033A, 0x037A, 0x037A, 0x033A, 0x037A,
  0xFFFF, 0xFFFF, 0xFFFF, 0xFFFF, 0xFFFF, 0xFFFF, 0xFFFF, 0xFFFF, 0xFFFF, 0xFFFF, 0xFFFF, 0xFFFF,
  0xFFFF, 0xFFFF, 0xFFFF, 0xFFFF, 0xFFFF, 0xFFFF, 0xFFFF, 0xFFFF, 0xFFFF, 0xFFFF, 0xFFFF, 0xFFFF,
  0xFFFF, 0xFFFF, 0xFFFF, 0xFFFF, 0xFFFF, 0xFFFF, 0xFFFF, 0xFFFF, 0xFFFF, 0xFFFF, 0xFFFF, 0xFFFF,
  0xFFFF, 0xFFFF, 0xFFFF, 0xFFFF, 0xFFFF, 0xFFFF, 0xFFFF, 0xFFFF, 0xFFFF, 0xFFFF, 0xFFFF, 0xFFFF,
  0xFFFF, 0xFFFF, 0xFFFF, 0xFFFF, 0xFFFF, 0xFFFF, 0xFFFF, 0xFFFF, 0xFFFF, 0xFFFF, 0xFFFF, 0xFFFF,
  0xFFFF, 0xFFFF, 0xFFFF, 0xFFFF, 0xFFFF, 0xFFFF, 0xFFFF, 0xFFFF, 0xFFFF, 0xFFFF, 0xFFFF, 0xFFFF,
  0xFFFF, 0xFFFF, 0xFFFF, 0xFFFF, 0xFFFF, 0xFFFF, 0xFFFF, 0xFFFF, 0xFFFF, 0xFFFF, 0xFFFF, 0xFFFF,
  0xFFFF, 0xFFFF, 0xFFFF, 0xEF5D, 0x0000, 0x0000, 0x0000, 0x0000, 0x0000, 0x0000, 0x0000, 0x0000,
  0x0000, 0x0000, 0x0000, 0x0000, 0x0000, 0x0021, 0x0000, 0x0000, 0x94D3, 0xE7BE, 0xB7DF, 0xDFFF,
  0xA75D, 0xC67A, 0xF7FF, 0xF7FF, 0xFFFF, 0xFFFF, 0xFFFF, 0xFFFF, 0xFFFF, 0xFFFF, 0xFFFF, 0xFFFF,
  0xFFFF, 0xFFFF, 0xFC7C, 0xD0D6, 0xFF5E, 0xFFFF, 0xFFFF, 0xFFFF, 0x2C79, 0x0298, 0x033A, 0x037A,
  0x033A, 0x0339, 0x037A, 0x0339, 0x037A, 0x0339, 0x033A, 0x0339, 0x037A, 0x0339, 0x037A, 0x0339,
  0x037A, 0x037A, 0x0339, 0x037A, 0x0339, 0x037A, 0x033A, 0x033A, 0x037A, 0x033A, 0x037A, 0x033A,
  0x037A, 0x033A, 0x037A, 0x033A, 0x037A, 0x033A, 0x037A, 0x033A, 0x033A, 0x0339, 0x037A, 0x0339,
  0x037A, 0x033A, 0x0339, 0x037A, 0x0339, 0x033A, 0x033A, 0x0339, 0x033A, 0x033A, 0x0378, 0x037A,
  0x0339, 0x037A, 0x0339, 0x033A, 0x037A, 0x0339, 0x037A, 0x033A, 0x037A, 0x033A, 0x037A, 0x033A,
  0x037A, 0x033A, 0x037A, 0x0339, 0x037A, 0x033A, 0x037A, 0x037A, 0x0339, 0x037A, 0x033A, 0x037A,
  0x033A, 0x0339, 0x037A, 0x037A, 0x0339, 0x037A, 0x0339, 0x037A, 0x033A, 0x037A, 0x033A, 0x0339,
  0x037A, 0x033A, 0x037A, 0x033A, 0x037A, 0x037A, 0x0339, 0x037A, 0x033A, 0x037A, 0x0339, 0x037A,
  0x037A, 0x0339, 0x037A, 0x033A, 0x0339, 0x037A, 0x0339, 0x037A, 0x037A, 0x0339, 0x037A, 0x0378,
  0x037A, 0x0339, 0x037A, 0x037A, 0x0339, 0x033A, 0x0339, 0x0339, 0x0339, 0x037A, 0x0339, 0x037A,
  0x0339, 0x037A, 0x0339, 0x037A, 0x033A, 0x037A, 0x033A, 0x033A, 0x037A, 0x0339, 0x037A, 0x033A,
  0x033A, 0x0339, 0x033A, 0x0339, 0x033A, 0x0339, 0x037A, 0x0339, 0x037A, 0x033A, 0x033A, 0x037A,
  0x0339, 0x037A, 0x0339, 0x037A, 0x033A, 0x033A, 0x033A, 0x0339, 0x037A, 0x037A, 0x033A, 0x037A,
  0x033A, 0x037A, 0x037A, 0x0339, 0x037A, 0x037A, 0x033A, 0x037A, 0x033A, 0x033A, 0x033A, 0x033A,
  0x037A, 0x033A, 0x037A, 0x033A, 0x037A, 0x033A, 0x033A, 0x037A, 0x033A, 0x037A, 0x033A, 0x037A,
  0x033A, 0x037A, 0x033A, 0x037A, 0x037A, 0x033A, 0x037A, 0x033A, 0xFFFF, 0xFFFF, 0xFFFF, 0xFFFF,
  0xFFFF, 0xFFFF, 0xFFFF, 0xFFFF, 0xFFFF, 0xFFFF, 0xFFFF, 0xFFFF, 0xFFFF, 0xFFFF, 0xFFFF, 0xFFFF,
  0xFFFF, 0xFFFF, 0xFFFF, 0xFFFF, 0xFFFF, 0xFFFF, 0xFFFF, 0xFFFF, 0xFFFF, 0xFFFF, 0xFFFF, 0xFFFF,
  0xFFFF, 0xFFFF, 0xFFFF, 0xFFFF, 0xFFFF, 0xFFFF, 0xFFFF, 0xFFFF, 0xFFFF, 0xFFFF, 0xFFFF, 0xFFFF,
  0xFFFF, 0xFFFF, 0xFFFF, 0xFFFF, 0xFFFF, 0xFFFF, 0xFFFF, 0xFFFF, 0xFFFF, 0xFFFF, 0xFFFF, 0xFFFF,
  0xFFFF, 0xFFFF, 0xFFFF, 0xFFFF, 0xFFFF, 0xFFFF, 0xFFFF, 0xFFFF, 0xFFFF, 0xFFFF, 0xFFFF, 0xFFFF,
  0xFFFF, 0xFFFF, 0xFFFF, 0xFFFF, 0xFFFF, 0xFFFF, 0xFFFF, 0xFFFF, 0xFFFF, 0xFFFF, 0xFFFF, 0xFFFF,
  0xFFFF, 0xFFFF, 0xFFFF, 0xFFFF, 0xFFFF, 0xFFFF, 0xFFFF, 0xFFFF, 0xFFFF, 0xFFFF, 0xFFFF, 0xFFFF,
  0x01A8, 0x0000, 0x0000, 0x0000, 0x0000, 0x0000, 0x0000, 0x0000, 0x0000, 0x0000, 0x0000, 0x0000,
  0x0000, 0x0000, 0x0000, 0x1104, 0xDFFF, 0xDFFF, 0xDFFF, 0xA75D, 0xC67A, 0xF7FF, 0xFFFF, 0xFFFF,
  0xFFFF, 0xFFFF, 0xFFFF, 0xFFFF, 0xFFFF, 0xFFFF, 0xFFFF, 0xFFFF, 0xFFFF, 0xFFFF, 0x7CDA, 0xFC7C,
  0xF7FF, 0xFFFF, 0xFFFF, 0xFFFF, 0x2BF8, 0x0299, 0x037A, 0x033A, 0x033A, 0x033A, 0x033A, 0x037A,
  0x033A, 0x037A, 0x037A, 0x0339, 0x037A, 0x037A, 0x033A, 0x037A, 0x033A, 0x0339, 0x037A, 0x0339,
  0x037A, 0x0339, 0x037A, 0x0339, 0x033A, 0x033A, 0x037A, 0x033A, 0x0339, 0x037A, 0x033A, 0x037A,
  0x0339, 0x037A, 0x033A, 0x037A, 0x0339, 0x037A, 0x0339, 0x033A, 0x037A, 0x0339, 0x037A, 0x033A,
  0x037A, 0x037A, 0x0339, 0x037A, 0x033A, 0x037A, 0x033A, 0x033A, 0x037A, 0x033A, 0x037A, 0x033A,
  0x033A, 0x037A, 0x033A, 0x037A, 0x033A, 0x033A, 0x037A, 0x033A, 0x033A, 0x033A, 0x037A, 0x033A,
  0x037A, 0x0378, 0x033A, 0x0339, 0x037A, 0x037A, 0x033A, 0x037A, 0x037A, 0x037A, 0x0339, 0x037A,
  0x033A, 0x037A, 0x037A, 0x033A, 0x0339, 0x033A, 0x037A, 0x033A, 0x0339, 0x037A, 0x033A, 0x037A,
  0x0339, 0x033A, 0x037A, 0x033A, 0x0339, 0x037A, 0x037A, 0x0339, 0x037A, 0x037A, 0x0339, 0x037A,
  0x033A, 0x037A, 0x033A, 0x0339, 0x033A, 0x037A, 0x033A, 0x033A, 0x0339, 0x037A, 0x0339, 0x033A,
  0x037A, 0x0339, 0x037A, 0x037A, 0x037A, 0x0339, 0x037A, 0x033A, 0x033A, 0x037A, 0x033A, 0x033A,
  0x0339, 0x033A, 0x037A, 0x0339, 0x037A, 0x033A, 0x037A, 0x033A, 0x037A, 0x037A, 0x033A, 0x037A,
  0x037A, 0x033A, 0x033A, 0x037A, 0x033A, 0x037A, 0x033A, 0x037A, 0x033A, 0x0339, 0x033A, 0x037A,
  0x033A, 0x037A, 0x037A, 0x037A, 0x033A, 0x033A, 0x033A, 0x0339, 0x033A, 0x0339, 0x037A, 0x037A,
  0x033A, 0x037A, 0x033A, 0x037A, 0x037A, 0x033A, 0x037A, 0x033A, 0x037A, 0x033A, 0x037A, 0x0339,
  0x037A, 0x033A, 0x037A, 0x033A, 0x037A, 0x033A, 0x037A, 0x033A, 0x037A, 0x033A, 0x037A, 0x033A,
  0x033A, 0x037A, 0x0339, 0x033A, 0xFFFF, 0xFFFF, 0xFFFF, 0xFFFF, 0xFFFF, 0xFFFF, 0xFFFF, 0xFFFF,
  0xFFFF, 0xFFFF, 0xFFFF, 0xFFFF, 0xFFFF, 0xFFFF, 0xFFFF, 0xFFFF, 0xFFFF, 0xFFFF, 0xFFFF, 0xFFFF,
  0xFFFF, 0xFFFF, 0xFFFF, 0xFFFF, 0xFFFF, 0xFFFF, 0xFFFF, 0xFFFF, 0xFFFF, 0xFFFF, 0xFFFF, 0xFFFF,
  0xFFFF, 0xFFFF, 0xFFFF, 0xFFFF, 0xFFFF, 0xFFFF, 0xFFFF, 0xFFFF, 0xFFFF, 0xFFFF, 0xFFFF, 0xFFFF,
  0xFFFF, 0xFFFF, 0xFFFF, 0xFFFF, 0xFFFF, 0xFFFF, 0xFFFF, 0xFFFF, 0xFFFF, 0xFFFF, 0xFFFF, 0xFFFF,
  0xFFFF, 0xFFFF, 0xFFFF, 0xFFFF, 0xFFFF, 0xFFFF, 0xFFFF, 0xFFFF, 0xFFFF, 0xFFFF, 0xFFFF, 0xFFFF,
  0xFFFF, 0xFFFF, 0xFFFF, 0xFFFF, 0xFFFF, 0xFFFF, 0xFFFF, 0xFFFF, 0xFFFF, 0xFFFF, 0xFFFF, 0xFFFF,
  0xFFFF, 0xFFFF, 0xFFFF, 0xFFFF, 0xFFFF, 0xFFFF, 0xFFFF, 0xDF7E, 0x02B7, 0x0004, 0x0000, 0x0000,
  0x0000, 0x0000, 0x0000, 0x0000, 0x0000, 0x0000, 0x0000, 0x0000, 0x0000, 0x0000, 0x0000, 0x94D3,
  0xEFFE, 0xDFFF, 0xA75D, 0xBEDD, 0xF7FF, 0xFFFF, 0xFFFF, 0xFFFF, 0xFFFF, 0xFFFF, 0xFFFF, 0xFFFF,
  0xFFFF, 0xFFFF, 0xFFFF, 0xFFFF, 0xFFFF, 0xE7BE, 0x0256, 0x2C79, 0xFFFF, 0xFFFF, 0xFFFF, 0xFF5E,
  0x7C39, 0x0339, 0x033A, 0x0339, 0x033A, 0x037A, 0x033A, 0x033A, 0x033A, 0x033A, 0x033A, 0x037A,
  0x033A, 0x033A, 0x0339, 0x033A, 0x033A, 0x033A, 0x033A, 0x033A, 0x033A, 0x033A, 0x033A, 0x033A,
  0x033A, 0x033A, 0x037A, 0x0339, 0x037A, 0x033A, 0x033A, 0x033A, 0x033A, 0x033A, 0x033A, 0x033A,
  0x033A, 0x033A, 0x033A, 0x0339, 0x033A, 0x033A, 0x033A, 0x0339, 0x033A, 0x033A, 0x033A, 0x033A,
  0x033A, 0x0339, 0x033A, 0x0339, 0x033A, 0x033A, 0x0339, 0x033A, 0x033A, 0x033A, 0x0339, 0x033A,
  0x033A, 0x0339, 0x033A, 0x037A, 0x033A, 0x037A, 0x0339, 0x033A, 0x033A, 0x033A, 0x037A, 0x033A,
  0x033A, 0x033A, 0x037A, 0x033A, 0x0339, 0x033A, 0x033A, 0x033A, 0x037A, 0x0339, 0x033A, 0x037A,
  0x033A, 0x0339, 0x0339, 0x033A, 0x033A, 0x0339, 0x037A, 0x033A, 0x037A, 0x033A, 0x033A, 0x033A,
  0x033A, 0x033A, 0x033A, 0x033A, 0x033A, 0x033A, 0x037A, 0x033A, 0x033A, 0x0339, 0x037A, 0x033A,
  0x033A, 0x033A, 0x0339, 0x033A, 0x033A, 0x0339, 0x033A, 0x0339, 0x033A, 0x0339, 0x033A, 0x0339,
  0x037A, 0x033A, 0x033A, 0x037A, 0x033A, 0x0339, 0x037A, 0x033A, 0x033A, 0x037A, 0x033A, 0x033A,
  0x0339, 0x037A, 0x033A, 0x0339, 0x033A, 0x0339, 0x037A, 0x033A, 0x033A, 0x0339, 0x037A, 0x033A,
  0x0339, 0x033A, 0x0339, 0x033A, 0x0339, 0x033A, 0x033A, 0x033A, 0x0339, 0x033A, 0x0339, 0x0339,
  0x037A, 0x0339, 0x033A, 0x033A, 0x0339, 0x037A, 0x0339, 0x033A, 0x0339, 0x033A, 0x033A, 0x0339,
  0x033A, 0x037A, 0x033A, 0x037A, 0x0339, 0x033A, 0x033A, 0x033A, 0x0339, 0x0339, 0x033A, 0x033A,
  0x033A, 0x033A, 0x033A, 0x033A, 0x033A, 0x033A, 0x033A, 0x037A, 0x033A, 0x033A, 0x033A, 0x033A,
  0xFFFF, 0xFFFF, 0xFFFF, 0xFFFF, 0xFFFF, 0xFFFF, 0xFFFF, 0xFFFF, 0xFFFF, 0xFFFF, 0xFFFF, 0xFFFF,
  0xFFFF, 0xFFFF, 0xFFFF, 0xFFFF, 0xFFFF, 0xFFFF, 0xFFFF, 0xFFFF, 0xFFFF, 0xFFFF, 0xFFFF, 0xFFFF,
  0xFFFF, 0xFFFF, 0xFFFF, 0xFFFF, 0xFFFF, 0xFFFF, 0xFFFF, 0xFFFF, 0xFFFF, 0xFFFF, 0xFFFF, 0xFFFF,
  0xFFFF, 0xFFFF, 0xFFFF, 0xFFFF, 0xFFFF, 0xFFFF, 0xFFFF, 0xFFFF, 0xFFFF, 0xFFFF, 0xFFFF, 0xFFFF,
  0xFFFF, 0xFFFF, 0xFFFF, 0xFFFF, 0xFFFF, 0xFFFF, 0xFFFF, 0xFFFF, 0xFFFF, 0xFFFF, 0xFFFF, 0xFFFF,
  0xFFFF, 0xFFFF, 0xFFFF, 0xFFFF, 0xFFFF, 0xFFFF, 0xFFFF, 0xFFFF, 0xFFFF, 0xFFFF, 0xFFFF, 0xFFFF,
  0xFFFF, 0xFFFF, 0xFFFF, 0xFFFF, 0xFFFF, 0xFFFF, 0xFFFF, 0xFFFF, 0xFFFF, 0xFFFF, 0xFFFF, 0xFFFF,
  0xFFFF, 0xFFFF, 0xFFFF, 0xBEDD, 0x03BB, 0x00ED, 0x0000, 0x0000, 0x0000, 0x0000, 0x0000, 0x0000,
  0x0000, 0x0000, 0x0000, 0x0000, 0x0000, 0x0000, 0x0061, 0xFFFF, 0xB7DF, 0x9E3B, 0xC67A, 0xFFFF,
  0xFFFF, 0xFFFF, 0xFFFF, 0xFFFF, 0xFFFF, 0xFFFF, 0xFFFF, 0xFFFF, 0xFFFF, 0xFFFF, 0xFFFF, 0xFFFF,
  0xFFFF, 0xBEDD, 0x01B4, 0x05FB, 0xFFFF, 0xFFFF, 0xFFFF, 0xFC7C, 0xFC7C, 0x7C39, 0x02F9, 0x033A,
  0x033A, 0x033A, 0x033A, 0x033A, 0x033A, 0x0339, 0x033A, 0x0339, 0x033A, 0x033A, 0x033A, 0x033A,
  0x0339, 0x033A, 0x033A, 0x0339, 0x033A, 0x0339, 0x033A, 0x033A, 0x0339, 0x033A, 0x0339, 0x033A,
  0x033A, 0x0339, 0x033A, 0x033A, 0x033A, 0x033A, 0x033A, 0x0339, 0x033A, 0x0339, 0x033A, 0x033A,
  0x0339, 0x033A, 0x0339, 0x033A, 0x033A, 0x0339, 0x033A, 0x033A, 0x0339, 0x033A, 0x033A, 0x0339,
  0x033A, 0x0339, 0x033A, 0x0339, 0x033A, 0x033A, 0x033A, 0x0339, 0x033A, 0x033A, 0x033A, 0x033A,
  0x033A, 0x033A, 0x033A, 0x033A, 0x0339, 0x033A, 0x033A, 0x0339, 0x033A, 0x0339, 0x033A, 0x0339,
  0x033A, 0x033A, 0x033A, 0x033A, 0x033A, 0x033A, 0x033A, 0x0339, 0x033A, 0x033A, 0x033A, 0x0339,
  0x033A, 0x033A, 0x0339, 0x033A, 0x0339, 0x033A, 0x033A, 0x033A, 0x033A, 0x037A, 0x033A, 0x0339,
  0x037A, 0x0339, 0x033A, 0x0339, 0x037A, 0x033A, 0x0339, 0x033A, 0x0339, 0x033A, 0x0339, 0x033A,
  0x0339, 0x033A, 0x033A, 0x033A, 0x0339, 0x033A, 0x033A, 0x033A, 0x0339, 0x033A, 0x0339, 0x033A,
  0x0339, 0x033A, 0x033A, 0x0339, 0x037A, 0x0339, 0x0339, 0x033A, 0x033A, 0x033A, 0x0339, 0x033A,
  0x033A, 0x033A, 0x033A, 0x0339, 0x0339, 0x033A, 0x033A, 0x0339, 0x033A, 0x037A, 0x033A, 0x033A,
  0x033A, 0x037A, 0x0339, 0x033A, 0x037A, 0x033A, 0x0339, 0x033A, 0x033A, 0x033A, 0x037A, 0x033A,
  0x033A, 0x0339, 0x033A, 0x0339, 0x0339, 0x033A, 0x033A, 0x033A, 0x0339, 0x033A, 0x0339, 0x033A,
  0x033A, 0x033A, 0x0339, 0x033A, 0x033A, 0x033A, 0x033A, 0x0339, 0x033A, 0x033A, 0x033A, 0x033A,
  0x033A, 0x0339, 0x033A, 0x033A, 0x033A, 0x0339, 0x033A, 0x0339, 0xFFFF, 0xFFFF, 0xFFFF, 0xFFFF,
  0xFFFF, 0xFFFF, 0xFFFF, 0xFFFF, 0xFFFF, 0xFFFF, 0xFFFF, 0xFFFF, 0xFFFF, 0xFFFF, 0xFFFF, 0xFFFF,
  0xFFFF, 0xFFFF, 0xFFFF, 0xFFFF, 0xFFFF, 0xFFFF, 0xFFFF, 0xFFFF, 0xFFFF, 0xFFFF, 0xFFFF, 0xFFFF,
  0xFFFF, 0xFFFF, 0xFFFF, 0xFFFF, 0xFFFF, 0xFFFF, 0xFFFF, 0xFFFF, 0xFFFF, 0xFFFF, 0xFFFF, 0xFFFF,
  0xFFFF, 0xFFFF, 0xFFFF, 0xFFFF, 0xFFFF, 0xFFFF, 0xFFFF, 0xFFFF, 0xFFFF, 0xFFFF, 0xFFFF, 0xFFFF,
  0xFFFF, 0xFFFF, 0xFFFF, 0xFFFF, 0xFFFF, 0xFFFF, 0xFFFF, 0xFFFF, 0xFFFF, 0xFFFF, 0xFFFF, 0xFFFF,
  0xFFFF, 0xFFFF, 0xFFFF, 0xFFFF, 0xFFFF, 0xFFFF, 0xFFFF, 0xFFFF, 0xFFFF, 0xFFFF, 0xFFFF, 0xFFFF,
  0xFFFF, 0xFFFF, 0xFFFF, 0xFFFF, 0xFFFF, 0xFFFF, 0xFFFF, 0xFFFF, 0xFFFF, 0xFFFF, 0xFFFF, 0xBEDD,
  0x02F7, 0x00ED, 0x0000, 0x0000, 0x0000, 0x0000, 0x0000, 0x0000, 0x0000, 0x0000, 0x0000, 0x0000,
  0x0000, 0x0000, 0x94D3, 0x94D3, 0x0061, 0xA596, 0xF7FF, 0xFFFF, 0xFFFF, 0xFFFF, 0xFFFF, 0xFFFF,
  0xFFFF, 0xFFFF, 0xFFFF, 0xFFFF, 0xFFFF, 0xFFFF, 0xFFFF, 0xFFFF, 0xFFFF, 0x859B, 0x01B4, 0xA75D,
  0xFFFF, 0xFFFF, 0xFFFF, 0x2BF8, 0x0217, 0x1A97, 0x0339, 0x02FB, 0x033A, 0x0339, 0x033A, 0x0339,
  0x033A, 0x0339, 0x033A, 0x033A, 0x033A, 0x0339, 0x033A, 0x0339, 0x033A, 0x033A, 0x0339, 0x033A,
  0x0339, 0x033A, 0x033A, 0x0339, 0x033A, 0x033A, 0x033A, 0x0339, 0x033A, 0x0339, 0x033A, 0x0339,
  0x0339, 0x033A, 0x0339, 0x033A, 0x033A, 0x033A, 0x033A, 0x0339, 0x033A, 0x033A, 0x033A, 0x033A,
  0x0339, 0x033A, 0x033A, 0x0339, 0x033A, 0x033A, 0x0339, 0x033A, 0x033A, 0x033A, 0x033A, 0x033A,
  0x033A, 0x0339, 0x033A, 0x033A, 0x0339, 0x033A, 0x033A, 0x0339, 0x033A, 0x033A, 0x033A, 0x033A,
  0x033A, 0x0339, 0x02FA, 0x0339, 0x033A, 0x033A, 0x033A, 0x033A, 0x0339, 0x033A, 0x0339, 0x033A,
  0x0339, 0x033A, 0x0339, 0x033A, 0x033A, 0x033A, 0x0339, 0x033A, 0x033A, 0x033A, 0x033A, 0x0339,
  0x033A, 0x033A, 0x0339, 0x033A, 0x033A, 0x0339, 0x033A, 0x033A, 0x0339, 0x033A, 0x033A, 0x0339,
  0x033A, 0x033A, 0x033A, 0x0339, 0x033A, 0x0339, 0x033A, 0x033A, 0x033A, 0x0339, 0x033A, 0x0339,
  0x033A, 0x0339, 0x033A, 0x033A, 0x033A, 0x0339, 0x033A, 0x033A, 0x033A, 0x0339, 0x033A, 0x0339,
  0x033A, 0x033A, 0x033A, 0x0339, 0x033A, 0x0339, 0x033A, 0x033A, 0x0339, 0x033A, 0x0339, 0x033A,
  0x033A, 0x033A, 0x0339, 0x033A, 0x033A, 0x0339, 0x033A, 0x0339, 0x033A, 0x033A, 0x033A, 0x033A,
  0x033A, 0x033A, 0x033A, 0x0339, 0x033A, 0x033A, 0x0339, 0x0339, 0x033A, 0x0339, 0x033A, 0x0339,
  0x033A, 0x0339, 0x033A, 0x0339, 0x033A, 0x033A, 0x033A, 0x033A, 0x033A, 0x033A, 0x033A, 0x033A,
  0x033A, 0x033A, 0x033A, 0x033A, 0x033A, 0x0339, 0x033A, 0x0339, 0x033A, 0x033A, 0x033A, 0x0339,
  0x033A, 0x033A, 0x0339, 0x033A, 0xFFFF, 0xFFFF, 0xFFFF, 0xFFFF, 0xFFFF, 0xFFFF, 0xFFFF, 0xFFFF,
  0xFFFF, 0xFFFF, 0xFFFF, 0xFFFF, 0xFFFF, 0xFFFF, 0xFFFF, 0xFFFF, 0xFFFF, 0xFFFF, 0xFFFF, 0xFFFF,
  0xFFFF, 0xFFFF, 0xFFFF, 0xFFFF, 0xFFFF, 0xFFFF, 0xFFFF, 0xFFFF, 0xFFFF, 0xFFFF, 0xFFFF, 0xFFFF,
  0xFFFF, 0xFFFF, 0xFFFF, 0xFFFF, 0xFFFF, 0xFFFF, 0xFFFF, 0xFFFF, 0xFFFF, 0xFFFF, 0xFFFF, 0xFFFF,
  0xFFFF, 0xFFFF, 0xFFFF, 0xFFFF, 0xFFFF, 0xFFFF, 0xFFFF, 0xFFFF, 0xFFFF, 0xFFFF, 0xFFFF, 0xFFFF,
  0xFFFF, 0xFFFF, 0xFFFF, 0xFFFF, 0xFFFF, 0xFFFF, 0xFFFF, 0xFFFF, 0xFFFF, 0xFFFF, 0xFFFF, 0xFFFF,
  0xFFFF, 0xFFFF, 0xFFFF, 0xFFFF, 0xFFFF, 0xFFFF, 0xFFFF, 0xFFFF, 0xFFFF, 0xFFFF, 0xFFFF, 0xFFFF,
  0xFFFF, 0xFFFF, 0xFFFF, 0xFFFF, 0xFFFF, 0xFFFF, 0xFFFF, 0x9E3B, 0x0297, 0x0085, 0x0000, 0x0000,
  0x0000, 0x0000, 0x0000, 0x0000, 0x0000, 0x0000, 0x0000, 0x0000, 0x0000, 0x1082, 0x94D3, 0x024A,
  0x7C10, 0xFFFF, 0xFFFF, 0xFFFF, 0xFFFF, 0xFFFF, 0xFFFF, 0xFFFF, 0xFFFF, 0xFFFF, 0xFFFF, 0xFFFF,
  0xFFFF, 0xFFFF, 0xFFFF, 0xFFFF, 0xFFFF, 0x043A, 0x0258, 0xDFFF, 0xFFFF, 0xFFFF, 0xCF3D, 0x0295,
  0x02F9, 0x02FA, 0x02FA, 0x0339, 0x0339, 0x033A, 0x033A, 0x033A, 0x0339, 0x033A, 0x033A, 0x0339,
  0x02FA, 0x033A, 0x0339, 0x033A, 0x033A, 0x033A, 0x033A, 0x0339, 0x033A, 0x033A, 0x0339, 0x033A,
  0x033A, 0x0339, 0x02FA, 0x033A, 0x0339, 0x033A, 0x033A, 0x033A, 0x033A, 0x0339, 0x033A, 0x033A,
  0x0339, 0x033A, 0x0339, 0x033A, 0x033A, 0x0339, 0x033A, 0x0339, 0x033A, 0x0339, 0x033A, 0x0339,
  0x02FA, 0x0339, 0x02FA, 0x033A, 0x02FA, 0x0339, 0x033A, 0x0339, 0x033A, 0x033A, 0x0339, 0x033A,
  0x033A, 0x0339, 0x033A, 0x033A, 0x0339, 0x033A, 0x0339, 0x033A, 0x0339, 0x02FA, 0x0339, 0x02FA,
  0x0339, 0x033A, 0x0339, 0x033A, 0x033A, 0x033A, 0x033A, 0x0339, 0x033A, 0x02FA, 0x033A, 0x02FA,
  0x0339, 0x033A, 0x033A, 0x033A, 0x0339, 0x033A, 0x0339, 0x033A, 0x033A, 0x0339, 0x033A, 0x033A,
  0x0339, 0x033A, 0x0339, 0x033A, 0x033A, 0x033A, 0x0339, 0x033A, 0x033A, 0x0339, 0x033A, 0x033A,
  0x0339, 0x033A, 0x033A, 0x0339, 0x033A, 0x033A, 0x0339, 0x033A, 0x033A, 0x033A, 0x0339, 0x033A,
  0x0339, 0x033A, 0x033A, 0x0339, 0x033A, 0x033A, 0x0339, 0x033A, 0x033A, 0x0339, 0x033A, 0x033A,
  0x033A, 0x033A, 0x0339, 0x033A, 0x033A, 0x0339, 0x033A, 0x033A, 0x033A, 0x0339, 0x033A, 0x033A,
  0x0339, 0x033A, 0x0339, 0x033A, 0x033A, 0x0339, 0x033A, 0x0339, 0x033A, 0x0339, 0x033A, 0x033A,
  0x0339, 0x033A, 0x033A, 0x033A, 0x0339, 0x033A, 0x033A, 0x033A, 0x033A, 0x033A, 0x0339, 0x033A,
  0x02FA, 0x0339, 0x02FA, 0x0339, 0x02FA, 0x0339, 0x033A, 0x0339, 0x033A, 0x0339, 0x033A, 0x0339,
  0x033A, 0x033A, 0x033A, 0x033A, 0x0339, 0x033A, 0x0339, 0x033A, 0x033A, 0x033A, 0x033A, 0x033A,
  0xFFFF, 0xFFFF, 0xFFFF, 0xFFFF, 0xFFFF, 0xFFFF, 0xFFFF, 0xFFFF, 0xFFFF, 0xFFFF, 0xFFFF, 0xFFFF,
  0xFFFF, 0xFFFF, 0xFFFF, 0xFFFF, 0xFFFF, 0xFFFF, 0xFFFF, 0xFFFF, 0xFFFF, 0xFFFF, 0xFFFF, 0xFFFF,
  0xFFFF, 0xFFFF, 0xFFFF, 0xFFFF, 0xFFFF, 0xFFFF, 0xFFFF, 0xFFFF, 0xFFFF, 0xFFFF, 0xFFFF, 0xFFFF,
  0xFFFF, 0xFFFF, 0xFFFF, 0xFFFF, 0xFFFF, 0xFFFF, 0xFFFF, 0xFFFF, 0xFFFF, 0xFFFF, 0xFFFF, 0xFFFF,
  0xFFFF, 0xFFFF, 0xFFFF, 0xFFFF, 0xFFFF, 0xFFFF, 0xFFFF, 0xFFFF, 0xFFFF, 0xFFFF, 0xFFFF, 0xFFFF,
  0xFFFF, 0xFFFF, 0xFFFF, 0xFFFF, 0xFFFF, 0xFFFF, 0xFFFF, 0xFFFF, 0xFFFF, 0xFFFF, 0xFFFF, 0xFFFF,
  0xFFFF, 0xFFFF, 0xFFFF, 0xFFFF, 0xFFFF, 0xFFFF, 0xFFFF, 0xFFFF, 0xFFFF, 0xFFFF, 0xFFFF, 0xFFFF,
  0xFFFF, 0xFFFF, 0xFFFF, 0x859B, 0x0258, 0x0004, 0x1021, 0x0085, 0x0000, 0x0000, 0x0000, 0x0000,
  0x0000, 0x0000, 0x0000, 0x0000, 0x0000, 0x632C, 0xEFBD, 0xA75D, 0xFFFF, 0xFFFF, 0xFFFF, 0xFFFF,
  0xFFFF, 0xFFFF, 0xFFFF, 0xFFFF, 0xFFFF, 0xFFFF, 0xFFFF, 0xFFFF, 0xFFFF, 0xFFFF, 0xFFFF, 0xFFFF,
  0xFFFF, 0x0255, 0x043A, 0xFFFF, 0xFFFF, 0xFFFF, 0x9E3B, 0x0215, 0x02FA, 0x033A, 0x033A, 0x02FA,
  0x033A, 0x02F9, 0x033A, 0x0339, 0x02FA, 0x0339, 0x02FA, 0x0339, 0x033A, 0x0339, 0x02FA, 0x0339,
  0x02FA, 0x0339, 0x02F9, 0x033A, 0x02FA, 0x0339, 0x02FA, 0x0339, 0x02FA, 0x0339, 0x033A, 0x0339,
  0x02FA, 0x033A, 0x02F9, 0x0339, 0x02F9, 0x033A, 0x02FA, 0x0339, 0x02FA, 0x0339, 0x02FA, 0x033A,
  0x02F9, 0x033A, 0x02F9, 0x033A, 0x02F9, 0x033A, 0x02F9, 0x0339, 0x033A, 0x02F9, 0x033A, 0x02F9,
  0x0339, 0x033A, 0x02F9, 0x033A, 0x02F9, 0x02F9, 0x033A, 0x02F9, 0x033A, 0x02F9, 0x033A, 0x02F9,
  0x033A, 0x02F9, 0x033A, 0x02F9, 0x033A, 0x02F9, 0x033A, 0x0339, 0x033A, 0x02FA, 0x0339, 0x02FA,
  0x0339, 0x02F9, 0x033A, 0x02F9, 0x033A, 0x0339, 0x033A, 0x0339, 0x02FA, 0x0339, 0x033A, 0x0339,
  0x033A, 0x02F9, 0x033A, 0x02F9, 0x033A, 0x02F9, 0x033A, 0x0339, 0x02FA, 0x033A, 0x02F9, 0x033A,
  0x02F9, 0x0339, 0x033A, 0x033A, 0x02F9, 0x033A, 0x0339, 0x0339, 0x02FA, 0x033A, 0x02F9, 0x033A,
  0x02F9, 0x033A, 0x02F9, 0x033A, 0x02F9, 0x0339, 0x02FA, 0x0339, 0x02FA, 0x0339, 0x02FA, 0x0339,
  0x033A, 0x0339, 0x033A, 0x02FA, 0x0339, 0x02FA, 0x0339, 0x033A, 0x0339, 0x02F9, 0x033A, 0x0339,
  0x0339, 0x033A, 0x02FA, 0x0339, 0x02F9, 0x033A, 0x02FA, 0x0339, 0x02FA, 0x0339, 0x02FA, 0x033A,
  0x0339, 0x02FA, 0x0339, 0x033A, 0x02F9, 0x033A, 0x0339, 0x033A, 0x02F9, 0x033A, 0x02F9, 0x033A,
  0x0339, 0x033A, 0x0339, 0x033A, 0x02F9, 0x0339, 0x02FA, 0x033A, 0x0339, 0x033A, 0x0339, 0x033A,
  0x0339, 0x02FA, 0x0339, 0x02FA, 0x0339, 0x033A, 0x0339, 0x033A, 0x0339, 0x033A, 0x0339, 0x0339,
  0x033A, 0x0339, 0x02FA, 0x0339, 0x02FA, 0x0339, 0x02F9, 0x0339, 0xFFFF, 0xFFFF, 0xFFFF, 0xFFFF,
  0xFFFF, 0xFFFF, 0xFFFF, 0xFFFF, 0xFFFF, 0xFFFF, 0xFFFF, 0xFFFF, 0xFFFF, 0xFFFF, 0xFFFF, 0xFFFF,
  0xFFFF, 0xFFFF, 0xFFFF, 0xFFFF, 0xFFFF, 0xFFFF, 0xFFFF, 0xFFFF, 0xFFFF, 0xFFFF, 0xFFFF, 0xFFFF,
  0xFFFF, 0xFFFF, 0xFFFF, 0xFFFF, 0xFFFF, 0xFFFF, 0xFFFF, 0xFFFF, 0xFFFF, 0xFFFF, 0xFFFF, 0xFFFF,
  0xFFFF, 0xFFFF, 0xFFFF, 0xFFFF, 0xFFFF, 0xFFFF, 0xFFFF, 0xFFFF, 0xFFFF, 0xFFFF, 0xFFFF, 0xFFFF,
  0xFFFF, 0xFFFF, 0xFFFF, 0xFFFF, 0xFFFF, 0xFFFF, 0xFFFF, 0xFFFF, 0xFFFF, 0xFFFF, 0xFFFF, 0xFFFF,
  0xFFFF, 0xFFFF, 0xFFFF, 0xFFFF, 0xFFFF, 0xFFFF, 0xFFFF, 0xFFFF, 0xFFFF, 0xFFFF, 0xFFFF, 0xFFFF,
  0xFFFF, 0xFFFF, 0xFFFF, 0xFFFF, 0xFFFF, 0xFFFF, 0xFFFF, 0xFFFF, 0xFFFF, 0xFFFF, 0xFFFF, 0x661C,
  0x01B4, 0x0000, 0x6397, 0x7C10, 0x0000, 0x0000, 0x0000, 0x0000, 0x0000, 0x0000, 0x0000, 0x0000,
  0x0000, 0x528A, 0xCF3D, 0xCF3D, 0xFFFF, 0xFFFF, 0xFFFF, 0xFFFF, 0xFFFF, 0xFFFF, 0xFFFF, 0xFFFF,
  0xFFFF, 0xFFFF, 0xFFFF, 0xFFFF, 0xFFFF, 0xFFFF, 0xFFFF, 0xFFFF, 0xCF3D, 0x01B4, 0x253A, 0xFFFF,
  0xFFFF, 0xFFFF, 0x7CDA, 0x0215, 0x033A, 0x02F9, 0x02F9, 0x0339, 0x0339, 0x02FA, 0x0339, 0x02FA,
  0x02F9, 0x033A, 0x02F9, 0x033A, 0x02F9, 0x02FA, 0x0339, 0x02FA, 0x0339, 0x02FA, 0x0339, 0x02FA,
  0x0339, 0x02FA, 0x0339, 0x02FA, 0x0339, 0x02FA, 0x0339, 0x02FA, 0x0339, 0x033A, 0x02F9, 0x033A,
  0x02FA, 0x0339, 0x02F9, 0x033A, 0x02F9, 0x033A, 0x02F9, 0x0339, 0x02F9, 0x033A, 0x02F9, 0x033A,
  0x02F9, 0x033A, 0x02F9, 0x033A, 0x02F9, 0x02FA, 0x0339, 0x02FA, 0x0339, 0x02FA, 0x0339, 0x02FA,
  0x0339, 0x033A, 0x02F9, 0x033A, 0x02F9, 0x033A, 0x02F9, 0x0339, 0x02FA, 0x0339, 0x02FA, 0x0339,
  0x033A, 0x02F9, 0x0339, 0x02FA, 0x02F9, 0x02F9, 0x033A, 0x02F9, 0x0339, 0x02FA, 0x0339, 0x02FA,
  0x0339, 0x02FA, 0x02F9, 0x02F9, 0x033A, 0x0339, 0x02F9, 0x02FA, 0x02F9, 0x02FA, 0x0339, 0x02FA,
  0x0339, 0x02FA, 0x0339, 0x02FA, 0x02F9, 0x0339, 0x02FA, 0x0339, 0x02F9, 0x033A, 0x02F9, 0x02F9,
  0x02F9, 0x033A, 0x02F9, 0x02FA, 0x02F9, 0x0339, 0x02FA, 0x0339, 0x02FA, 0x0339, 0x02FA, 0x0339,
  0x02F9, 0x033A, 0x02F9, 0x033A, 0x02F9, 0x033A, 0x02F9, 0x033A, 0x02F9, 0x02FA, 0x0339, 0x02F9,
  0x0339, 0x02FA, 0x0339, 0x02F9, 0x02FA, 0x02F9, 0x033A, 0x02F9, 0x02FA, 0x02F9, 0x02F9, 0x0339,
  0x02FA, 0x0339, 0x02F9, 0x033A, 0x02F9, 0x033A, 0x02F9, 0x0339, 0x02F9, 0x02FA, 0x0339, 0x02FA,
  0x02F9, 0x033A, 0x02F9, 0x0339, 0x02FA, 0x0339, 0x02FA, 0x0339, 0x02FA, 0x02F9, 0x02FA, 0x0339,
  0x02F9, 0x033A, 0x02F9, 0x0339, 0x02F9, 0x02FA, 0x02F9, 0x02FA, 0x02F9, 0x033A, 0x0339, 0x02FA,
  0x0339, 0x02FA, 0x02F9, 0x02FA, 0x02F9, 0x02F9, 0x02FA, 0x033A, 0x02F9, 0x02FA, 0x0339, 0x033A,
  0x0339, 0x02F9, 0x033A, 0x02FA, 0xFFFF, 0xFFFF, 0xFFFF, 0xFFFF, 0xFFFF, 0xFFFF, 0xFFFF, 0xFFFF,
  0xFFFF, 0xFFFF, 0xFFFF, 0xFFFF, 0xFFFF, 0xFFFF, 0xFFFF, 0xFFFF, 0xFFFF, 0xFFFF, 0xFFFF, 0xFFFF,
  0xFFFF, 0xFFFF, 0xFFFF, 0xFFFF, 0xFFFF, 0xFFFF, 0xFFFF, 0xFFFF, 0xFFFF, 0xFFFF, 0xFFFF, 0xFFFF,
  0xFFFF, 0xFFFF, 0xFFFF, 0xFFFF, 0xFFFF, 0xFFFF, 0xFFFF, 0xFFFF, 0xFFFF, 0xFFFF, 0xFFFF, 0xFFFF,
  0xFFFF, 0xFFFF, 0xFFFF, 0xFFFF, 0xFFFF, 0xFFFF, 0xFFFF, 0xFFFF, 0xFFFF, 0xFFFF, 0xFFFF, 0xFFFF,
  0xFFFF, 0xFFFF, 0xFFFF, 0xFFFF, 0xFFFF, 0xFFFF, 0xFFFF, 0xFFFF, 0xFFFF, 0xFFFF, 0xFFFF, 0xFFFF,
  0xFFFF, 0xFFFF, 0xFFFF, 0xFFFF, 0xFFFF, 0xFFFF, 0xFFFF, 0xFFFF, 0xFFFF, 0xFFFF, 0xFFFF, 0xFFFF,
  0xFFFF, 0xFFFF, 0xFFFF, 0xFFFF, 0xFFFF, 0xFFFF, 0xFFFF, 0x7CDA, 0x00D3, 0x0004, 0xDF7E, 0xBDF8,
  0x0000, 0x0000, 0x0000, 0x0000, 0x0000, 0x0000, 0x0000, 0x0000, 0x0000, 0x0000, 0xC67A, 0xF7FF,
  0xFFFF, 0xFFFF, 0xFFFF, 0xFFFF, 0xFFFF, 0xFFFF, 0xFFFF, 0xFFFF, 0xFFFF, 0xFFFF, 0xFFFF, 0xFFFF,
  0xFFFF, 0xFFFF, 0xFFFF, 0xFFFF, 0x9E3B, 0x0154, 0x671E, 0xFFFF, 0xFFFF, 0xFFFF, 0x2BF8, 0x0258,
  0x02FA, 0x0339, 0x02FA, 0x02F9, 0x02F9, 0x0339, 0x02FA, 0x0339, 0x0339, 0x02F9, 0x0339, 0x02F9,
  0x0339, 0x0339, 0x02F9, 0x0339, 0x02F9, 0x0339, 0x02FA, 0x0339, 0x02F9, 0x0339, 0x02FA, 0x0339,
  0x02F9, 0x0339, 0x02FA, 0x0339, 0x02F9, 0x02F9, 0x033A, 0x02F9, 0x0339, 0x02F9, 0x033A, 0x02F9,
  0x0339, 0x02F9, 0x033A, 0x02F9, 0x033A, 0x02F9, 0x0339, 0x02F9, 0x033A, 0x02F9, 0x0339, 0x02F9,
  0x0339, 0x0339, 0x02F9, 0x0339, 0x02FA, 0x0339, 0x02FA, 0x0339, 0x02FA, 0x02F9, 0x033A, 0x02F9,
  0x033A, 0x02F9, 0x033A, 0x02F9, 0x0339, 0x02FA, 0x0339, 0x02F9, 0x0339, 0x02FA, 0x0339, 0x02F9,
  0x033A, 0x0339, 0x033A, 0x02F9, 0x033A, 0x02F9, 0x0339, 0x02F9, 0x0339, 0x02F9, 0x0339, 0x033A,
  0x02F9, 0x02F9, 0x0339, 0x0339, 0x0339, 0x0339, 0x02F9, 0x0339, 0x02F9, 0x0339, 0x02F9, 0x0339,
  0x0339, 0x02F9, 0x0339, 0x02F9, 0x033A, 0x02F9, 0x0339, 0x033A, 0x0339, 0x02F9, 0x0339, 0x0339,
  0x0339, 0x02F9, 0x0339, 0x02F9, 0x0339, 0x02F9, 0x0339, 0x02F9, 0x033A, 0x02F9, 0x0339, 0x02F9,
  0x0339, 0x02F9, 0x0339, 0x02F9, 0x0339, 0x0339, 0x02F9, 0x033A, 0x02F9, 0x0339, 0x02F9, 0x0339,
  0x0339, 0x0339, 0x02F9, 0x0339, 0x0339, 0x0339, 0x033A, 0x02F9, 0x0339, 0x02F9, 0x0339, 0x02F9,
  0x0339, 0x02F9, 0x0339, 0x02FA, 0x0339, 0x0339, 0x02F9, 0x0339, 0x0339, 0x02F9, 0x0339, 0x02F9,
  0x0339, 0x02F9, 0x0339, 0x02F9, 0x0339, 0x0339, 0x0339, 0x02FA, 0x0339, 0x02F9, 0x033A, 0x02F9,
  0x033A, 0x0339, 0x033A, 0x0339, 0x0339, 0x02F9, 0x02FA, 0x0339, 0x02F9, 0x0339, 0x033A, 0x0339,
  0x0339, 0x033A, 0x0339, 0x02F9, 0x0339, 0x0339, 0x02F9, 0x02F9, 0x0339, 0x02F9, 0x0339, 0x02F9,
  0xFFFF, 0xFFFF, 0xFFFF, 0xFFFF, 0xFFFF, 0xFFFF, 0xFFFF, 0xFFFF, 0xFFFF, 0xFFFF, 0xFFFF, 0xFFFF,
  0xFFFF, 0xFFFF, 0xFFFF, 0xFFFF, 0xFFFF, 0xFFFF, 0xFFFF, 0xFFFF, 0xFFFF, 0xFFFF, 0xFFFF, 0xFFFF,
  0xFFFF, 0xFFFF, 0xFFFF, 0xFFFF, 0xFFFF, 0xFFFF, 0xFFFF, 0xFFFF, 0xFFFF, 0xFFFF, 0xFFFF, 0xFFFF,
  0xFFFF, 0xFFFF, 0xFFFF, 0xFFFF, 0xFFFF, 0xFFFF, 0xFFFF, 0xFFFF, 0xFFFF, 0xFFFF, 0xFFFF, 0xFFFF,
  0xFFFF, 0xFFFF, 0xFFFF, 0xFFFF, 0xFFFF, 0xFFFF, 0xFFFF, 0xFFFF, 0xFFFF, 0xFFFF, 0xFFFF, 0xFFFF,
  0xFFFF, 0xFFFF, 0xFFFF, 0xFFFF, 0xFFFF, 0xFFFF, 0xFFFF, 0xFFFF, 0xFFFF, 0xFFFF, 0xFFFF, 0xFFFF,
  0xFFFF, 0xFFFF, 0xFFFF, 0xFFFF, 0xFFFF, 0xFFFF, 0xFFFF, 0xFFFF, 0xFFFF, 0xFFFF, 0xFFFF, 0xFFFF,
  0xFFFF, 0xFFFF, 0xFFFF, 0x253A, 0x00ED, 0x024A, 0xFFFF, 0xEFBD, 0x0000, 0x0000, 0x0000, 0x0000,
  0x0000, 0x0000, 0x0000, 0x0000, 0x0000, 0x7C10, 0xFFFF, 0xFFFF, 0xFFFF, 0xFFFF, 0xFFFF, 0xFFFF,
  0xFFFF, 0xFFFF, 0xFFFF, 0xFFFF, 0xFFFF, 0xFFFF, 0xFFFF, 0xFFFF, 0xFFFF, 0xFFFF, 0xFFFF, 0xFFFF,
  0x2C79, 0x0157, 0x3D7F, 0xFFFF, 0xFFFF, 0xE7BE, 0x02F7, 0x02F9, 0x02FA, 0x02F9, 0x0339, 0x02F9,
  0x02FA, 0x02F9, 0x02F9, 0x02F9, 0x02F9, 0x02FA, 0x02F9, 0x02FA, 0x02F9, 0x02F9, 0x0339, 0x02FA,
  0x02F9, 0x02FA, 0x02F9, 0x02F9, 0x0339, 0x02F9, 0x0339, 0x02FA, 0x02F9, 0x02FA, 0x02F9, 0x02F9,
  0x033A, 0x02F9, 0x02F9, 0x02F9, 0x02F9, 0x02F9, 0x02F9, 0x02F9, 0x02F9, 0x02F9, 0x02F9, 0x02F9,
  0x02F9, 0x02F9, 0x02FA, 0x02F9, 0x02F9, 0x02F9, 0x02F9, 0x02F9, 0x02FA, 0x02F9, 0x02FA, 0x02F9,
  0x02F9, 0x02F9, 0x02F9, 0x02F9, 0x0339, 0x02F9, 0x0339, 0x02F9, 0x02F9, 0x02F9, 0x02F9, 0x02FA,
  0x02F9, 0x0339, 0x02F9, 0x0339, 0x02F9, 0x0339, 0x02F9, 0x0339, 0x02F9, 0x02F9, 0x02F9, 0x02F9,
  0x02F9, 0x02F9, 0x02F9, 0x02F9, 0x02F9, 0x02F9, 0x02F9, 0x02F9, 0x02F9, 0x02F9, 0x02F9, 0x02F9,
  0x02F9, 0x02F9, 0x02F9, 0x02F9, 0x02F9, 0x02F9, 0x02F9, 0x02F9, 0x02F9, 0x02F9, 0x02F9, 0x02F9,
  0x02F9, 0x02F9, 0x02F9, 0x02F9, 0x02F9, 0x02F9, 0x02F9, 0x02F9, 0x02F9, 0x02F9, 0x02F9, 0x02F9,
  0x02F9, 0x02F9, 0x02F9, 0x02F9, 0x02F9, 0x02F9, 0x02F9, 0x02F9, 0x02F9, 0x02F9, 0x02F9, 0x02F9,
  0x02F9, 0x02F9, 0x02F9, 0x02F9, 0x02F9, 0x02F9, 0x02F9, 0x02F9, 0x02F9, 0x02F9, 0x02F9, 0x02F9,
  0x02F9, 0x02F9, 0x02F9, 0x02F9, 0x02F9, 0x02F9, 0x02F9, 0x02F9, 0x02F9, 0x02F9, 0x02F9, 0x02F9,
  0x02F9, 0x02F9, 0x02F9, 0x02F9, 0x02F9, 0x02F9, 0x02F9, 0x02F9, 0x02F9, 0x02F9, 0x02F9, 0x02F9,
  0x02F9, 0x02F9, 0x02F9, 0x02F9, 0x02F9, 0x0339, 0x02F9, 0x0339, 0x02F9, 0x02F9, 0x02F9, 0x02F9,
  0x02F9, 0x0339, 0x02F9, 0x0339, 0x02F9, 0x02F9, 0x02F9, 0x02F9, 0x02F9, 0x02F9, 0x02F9, 0x0339,
  0x02F9, 0x02F9, 0x0339, 0x02F9, 0x0339, 0x02F9, 0x02F9, 0x0339, 0xFFFF, 0xFFFF, 0xFFFF, 0xFFFF,
  0xFFFF, 0xFFFF, 0xFFFF, 0xFFFF, 0xFFFF, 0xFFFF, 0xFFFF, 0xFFFF, 0xFFFF, 0xFFFF, 0xFFFF, 0xFFFF,
  0xFFFF, 0xFFFF, 0xFFFF, 0xFFFF, 0xFFFF, 0xFFFF, 0xFFFF, 0xFFFF, 0xFFFF, 0xFFFF, 0xFFFF, 0xFFFF,
  0xFFFF, 0xFFFF, 0xFFFF, 0xFFFF, 0xFFFF, 0xFFFF, 0xFFFF, 0xFFFF, 0xFFFF, 0xFFFF, 0xFFFF, 0xFFFF,
  0xFFFF, 0xFFFF, 0xFFFF, 0xFFFF, 0xFFFF, 0xFFFF, 0xFFFF, 0xFFFF, 0xFFFF, 0xFFFF, 0xFFFF, 0xFFFF,
  0xFFFF, 0xFFFF, 0xFFFF, 0xFFFF, 0xFFFF, 0xFFFF, 0xFFFF, 0xFFFF, 0xFFFF, 0xFFFF, 0xFFFF, 0xFFFF,
  0xFFFF, 0xFFFF, 0xFFFF, 0xFFFF, 0xFFFF, 0xFFFF, 0xFFFF, 0xFFFF, 0xFFFF, 0xFFFF, 0xFFFF, 0xFFFF,
  0xFFFF, 0xFFFF, 0xFFFF, 0xFFFF, 0xFFFF, 0xFFFF, 0xFFFF, 0xFFFF, 0xFFFF, 0xFFFF, 0xFFFF, 0x2BF8,
  0x00D3, 0x859B, 0xFFFF, 0xF7FF, 0x1104, 0x0000, 0x0000, 0x0000, 0x0000, 0x0000, 0x0000, 0x0000,
  0x7C10, 0xFFFF, 0xFFFF, 0xFFFF, 0xFFFF, 0xFFFF, 0xFFFF, 0xFFFF, 0xFFFF, 0xFFFF, 0xFFFF, 0xFFFF,
  0xFFFF, 0xFFFF, 0xFFFF, 0xFFFF, 0xFFFF, 0xFFFF, 0xFFFF, 0xFFFF, 0x02F8, 0x01D8, 0x0377, 0xFFFF,
  0xFFFF, 0x9E3B, 0x0215, 0x02F9, 0x02F9, 0x02F9, 0x02F9, 0x02F9, 0x02F9, 0x0339, 0x02F9, 0x02F9,
  0x0339, 0x02F9, 0x0339, 0x02F9, 0x0339, 0x02F9, 0x02F9, 0x02F9, 0x0339, 0x02F9, 0x0339, 0x02F9,
  0x02F9, 0x02F9, 0x02F9, 0x02F9, 0x02F9, 0x02F9, 0x02F9, 0x02F9, 0x02F9, 0x02F9, 0x02F9, 0x0339,
  0x02F9, 0x02F9, 0x02F9, 0x02F9, 0x0339, 0x02F9, 0x02F9, 0x02F9, 0x02F9, 0x02F9, 0x02F9, 0x02F9,
  0x0339, 0x02F9, 0x0339, 0x02F9, 0x0339, 0x02F9, 0x0339, 0x02FA, 0x0339, 0x02F9, 0x0339, 0x02FA,
  0x02F9, 0x02F9, 0x02FA, 0x02F9, 0x0339, 0x02FA, 0x0339, 0x02F9, 0x02F9, 0x02F9, 0x02F9, 0x02F9,
  0x02FA, 0x02F9, 0x02F9, 0x02F9, 0x02F9, 0x02F9, 0x02F9, 0x02F9, 0x02F9, 0x02F9, 0x02F9, 0x02F9,
  0x02F9, 0x02F9, 0x02F9, 0x02F9, 0x02F9, 0x02F9, 0x02F9, 0x02F9, 0x02F9, 0x02F9, 0x02F9, 0x02F9,
  0x02F9, 0x02F9, 0x02F9, 0x02F9, 0x02F9, 0x02F9, 0x02F9, 0x02F9, 0x02F9, 0x02F9, 0x02F9, 0x02F9,
  0x02F9, 0x02F9, 0x02F9, 0x02F9, 0x02F9, 0x02F9, 0x02F9, 0x02F9, 0x02F9, 0x02F9, 0x02F9, 0x02F9,
  0x02F9, 0x02F9, 0x02F9, 0x02F9, 0x02F9, 0x02F9, 0x02F9, 0x02F9, 0x02F9, 0x02F9, 0x02F9, 0x02F9,
  0x02F9, 0x02F9, 0x02F9, 0x02F9, 0x02F9, 0x02F9, 0x02F9, 0x02F9, 0x02F9, 0x02F9, 0x02F9, 0x02F9,
  0x02F9, 0x02F9, 0x02F9, 0x02F9, 0x02F9, 0x02F9, 0x02F9, 0x02F9, 0x02F9, 0x02F9, 0x02F9, 0x02F9,
  0x02F9, 0x02F9, 0x02F9, 0x02F9, 0x02F9, 0x02F9, 0x02F9, 0x02F9, 0x02F9, 0x02F9, 0x02F9, 0x02F9,
  0x02F9, 0x02F9, 0x02F9, 0x02F9, 0x02F9, 0x0339, 0x02F9, 0x0339, 0x02F9, 0x02F9, 0x02F9, 0x02F9,
  0x02F9, 0x02F9, 0x02F9, 0x02F9, 0x02F9, 0x0339, 0x02F9, 0x02F9, 0x02F9, 0x02F9, 0x0339, 0x02F9,
  0x02F9, 0x0339, 0x02F9, 0x02F9, 0xFFFF, 0xFFFF, 0xFFFF, 0xFFFF, 0xFFFF, 0xFFFF, 0xFFFF, 0xFFFF,
  0xFFFF, 0xFFFF, 0xFFFF, 0xFFFF, 0xFFFF, 0xFFFF, 0xFFFF, 0xFFFF, 0xFFFF, 0xFFFF, 0xFFFF, 0xFFFF,
  0xFFFF, 0xFFFF, 0xFFFF, 0xFFFF, 0xFFFF, 0xFFFF, 0xFFFF, 0xFFFF, 0xFFFF, 0xFFFF, 0xFFFF, 0xFFFF,
  0xFFFF, 0xFFFF, 0xFFFF, 0xFFFF, 0xFFFF, 0xFFFF, 0xFFFF, 0xFFFF, 0xFFFF, 0xFFFF, 0xFFFF, 0xFFFF,
  0xFFFF, 0xFFFF, 0xFFFF, 0xFFFF, 0xFFFF, 0xFFFF, 0xFFFF, 0xFFFF, 0xFFFF, 0xFFFF, 0xFFFF, 0xFFFF,
  0xFFFF, 0xFFFF, 0xFFFF, 0xFFFF, 0xFFFF, 0xFFFF, 0xFFFF, 0xFFFF, 0xFFFF, 0xFFFF, 0xFFFF, 0xFFFF,
  0xFFFF, 0xFFFF, 0xFFFF, 0xFFFF, 0xFFFF, 0xFFFF, 0xFFFF, 0xFFFF, 0xFFFF, 0xFFFF, 0xFFFF, 0xFFFF,
  0xFFFF, 0xFFFF, 0xFFFF, 0xFFFF, 0xFFFF, 0xFFFF, 0xFFFF, 0x2BF8, 0x02F7, 0xDFFF, 0xFFFF, 0xBDF8,
  0x0000, 0x0000, 0x0000, 0x0000, 0x0000, 0x0000, 0x0000, 0x20C4, 0xF7FF, 0xFFFF, 0xFFFF, 0xFFFF,
  0xFFFF, 0xFFFF, 0xFFFF, 0xFFFF, 0xFFFF, 0xFFFF, 0xFFFF, 0xFFFF, 0xFFFF, 0xFFFF, 0xFFFF, 0xFFFF,
  0xFFFF, 0xFFFF, 0xFFFF, 0xEFBD, 0x02F8, 0x0259, 0x02F7, 0xDF7E, 0xFFFF, 0x7C39, 0x0215, 0x02F9,
  0x02F9, 0x02F9, 0x02F9, 0x02F9, 0x02F9, 0x02F9, 0x02F9, 0x02F9, 0x02F9, 0x02F9, 0x02FA, 0x02F9,
  0x02F9, 0x02F9, 0x0339, 0x02F9, 0x02FA, 0x02F9, 0x02F9, 0x02F9, 0x02F9, 0x02F9, 0x0339, 0x02F9,
  0x02FA, 0x02F9, 0x02F9, 0x02F9, 0x02F9, 0x02F9, 0x02F9, 0x02F9, 0x02F9, 0x02F9, 0x02F9, 0x02F9,
  0x02F9, 0x02F9, 0x02F9, 0x02F9, 0x02F9, 0x02F9, 0x02F9, 0x02F9, 0x02F9, 0x02F9, 0x02F9, 0x02F9,
  0x02FA, 0x02F9, 0x02F9, 0x02F9, 0x02F9, 0x02F9, 0x02F9, 0x02F9, 0x02F9, 0x02F9, 0x0339, 0x02F9,
  0x02F9, 0x02F9, 0x02F9, 0x02FA, 0x02F9, 0x02F9, 0x02FA, 0x0339, 0x02F9, 0x0339, 0x02F9, 0x033A,
  0x02F9, 0x02F9, 0x02F9, 0x02F9, 0x02F9, 0x02F9, 0x02F7, 0x02F9, 0x02F9, 0x02F9, 0x02F9, 0x02F9,
  0x02F7, 0x02F9, 0x02F9, 0x02F9, 0x02F9, 0x02F9, 0x02F9, 0x02F9, 0x02F9, 0x02F9, 0x02F9, 0x02F9,
  0x02F9, 0x02F9, 0x02F9, 0x02F9, 0x02F9, 0x02F9, 0x02F9, 0x02F9, 0x02F9, 0x02F9, 0x02F9, 0x02F9,
  0x02F9, 0x02F9, 0x02F9, 0x02F9, 0x02F9, 0x02F9, 0x02F9, 0x02F9, 0x02F9, 0x02F9, 0x02F9, 0x02F9,
  0x02F9, 0x02F9, 0x02F9, 0x02F9, 0x02F9, 0x02F9, 0x02F9, 0x02F9, 0x02F9, 0x02F7, 0x02F9, 0x02F9,
  0x02F9, 0x02F9, 0x02F9, 0x02F9, 0x02F9, 0x02F9, 0x02F9, 0x02F9, 0x02F7, 0x02F9, 0x02F9, 0x02F9,
  0x02F9, 0x02F9, 0x02F9, 0x02F9, 0x02F9, 0x02F7, 0x02F9, 0x02F9, 0x02F9, 0x02F9, 0x02F9, 0x02F9,
  0x02F9, 0x02F9, 0x02F9, 0x02F9, 0x02F9, 0x02F9, 0x02F9, 0x02F9, 0x02F9, 0x02F9, 0x02F9, 0x02F9,
  0x02F9, 0x02F9, 0x02F9, 0x02F9, 0x02F9, 0x02F9, 0x02F9, 0x02F9, 0x02F9, 0x02F9, 0x02F9, 0x02F9,
  0x02F9, 0x02F9, 0x02F9, 0x02F9, 0x02F9, 0x02F9, 0x02F9, 0x02F9, 0x02F9, 0x02F9, 0x02F9, 0x02F9,
  0xFFFF, 0xFFFF, 0xFFFF, 0xFFFF, 0xFFFF, 0xFFFF, 0xFFFF, 0xFFFF, 0xFFFF, 0xFFFF, 0xFFFF, 0xFFFF,
  0xFFFF, 0xFFFF, 0xFFFF, 0xFFFF, 0xFFFF, 0xFFFF, 0xFFFF, 0xFFFF, 0xFFFF, 0xFFFF, 0xFFFF, 0xFFFF,
  0xFFFF, 0xFFFF, 0xFFFF, 0xFFFF, 0xFFFF, 0xFFFF, 0xFFFF, 0xFFFF, 0xFFFF, 0xFFFF, 0xFFFF, 0xFFFF,
  0xFFFF, 0xFFFF, 0xFFFF, 0xFFFF, 0xFFFF, 0xFFFF, 0xFFFF, 0xFFFF, 0xFFFF, 0xFFFF, 0xFFFF, 0xFFFF,
  0xFFFF, 0xFFFF, 0xFFFF, 0xFFFF, 0xFFFF, 0xFFFF, 0xFFFF, 0xFFFF, 0xFFFF, 0xFFFF, 0xFFFF, 0xFFFF,
  0xFFFF, 0xFFFF, 0xFFFF, 0xFFFF, 0xFFFF, 0xFFFF, 0xFFFF, 0xFFFF, 0xFFFF, 0xFFFF, 0xFFFF, 0xFFFF,
  0xFFFF, 0xFFFF, 0xFFFF, 0xFFFF, 0xFFFF, 0xFFFF, 0xFFFF, 0xFFFF, 0xFFFF, 0xFFFF, 0xFFFF, 0xFFFF,
  0xFFFF, 0xFFFF, 0xFFFF, 0x0377, 0x3D7F, 0xFFFF, 0xFFFF, 0xA75D, 0x0020, 0x0000, 0x0000, 0x0000,
  0x0000, 0x0000, 0x0004, 0xCF3D, 0xFFFF, 0xFFFF, 0xFFFF, 0xFFFF, 0xFFFF, 0xFFFF, 0xFFFF, 0xFFFF,
  0xFFFF, 0xFFFF, 0xFFFF, 0xFFFF, 0xFFFF, 0xFFFF, 0xFFFF, 0xFFFF, 0xFFFF, 0xFFFF, 0xFFFF, 0xCF3D,
  0x0297, 0x0259, 0x0218, 0xA75D, 0xF7FF, 0x02B7, 0x0298, 0x02F9, 0x02FA, 0x02F9, 0x02F9, 0x02F9,
  0x02F9, 0x02F9, 0x02F9, 0x02F9, 0x02F9, 0x02F9, 0x02F9, 0x02F9, 0x02F9, 0x02F9, 0x02F9, 0x02F9,
  0x02F9, 0x02F9, 0x02F9, 0x02F9, 0x02F9, 0x02F9, 0x02F9, 0x02F9, 0x02F9, 0x02F9, 0x02F9, 0x02F9,
  0x02F9, 0x02F9, 0x02F9, 0x02F9, 0x02F9, 0x02F9, 0x02F9, 0x02F9, 0x02F9, 0x02F9, 0x02F9, 0x02F9,
  0x02F9, 0x02F9, 0x02F9, 0x02F9, 0x02F9, 0x02F9, 0x02F9, 0x02F9, 0x02F9, 0x02F9, 0x02F9, 0x02F9,
  0x02F9, 0x02F9, 0x02F9, 0x02F9, 0x02F9, 0x02F9, 0x02F9, 0x02F9, 0x02F9, 0x02F9, 0x02F9, 0x02F9,
  0x02F9, 0x02F9, 0x02F9, 0x02F9, 0x02F9, 0x02F9, 0x02F9, 0x02F9, 0x02F9, 0x02F9, 0x02F9, 0x02F9,
  0x02F9, 0x02F9, 0x02F9, 0x02F9, 0x02F9, 0x02F9, 0x02F9, 0x02F9, 0x02F9, 0x02F9, 0x02F9, 0x02F7,
  0x02F9, 0x02F9, 0x02F9, 0x02F9, 0x02F9, 0x02F9, 0x02F9, 0x02F9, 0x02F9, 0x02F9, 0x02F9, 0x02F9,
  0x02F9, 0x02F9, 0x02F9, 0x02F9, 0x02F9, 0x02F9, 0x02F9, 0x02F9, 0x02F9, 0x02F9, 0x02F9, 0x02F9,
  0x02F9, 0x02F9, 0x02F9, 0x02F9, 0x02F9, 0x02F9, 0x02F9, 0x02F9, 0x02F9, 0x02F9, 0x02F9, 0x02F9,
  0x02F9, 0x02F9, 0x02F9, 0x02F9, 0x02F9, 0x02F9, 0x02F9, 0x02F9, 0x02F9, 0x02F9, 0x02F9, 0x02F9,
  0x02F9, 0x02F9, 0x02F9, 0x02F9, 0x02F9, 0x02F9, 0x02F9, 0x02F9, 0x02F9, 0x02F9, 0x02F9, 0x02F9,
  0x02F9, 0x02F9, 0x02F9, 0x02F9, 0x02F9, 0x02F9, 0x02F9, 0x02F9, 0x02F9, 0x02F9, 0x02F9, 0x02F9,
  0x02F9, 0x02F9, 0x02F9, 0x02F9, 0x02F9, 0x02F9, 0x02F9, 0x02F7, 0x02F9, 0x02F9, 0x02F9, 0x02F9,
  0x02F9, 0x02F9, 0x02F9, 0x02F9, 0x02F9, 0x02F9, 0x02F9, 0x02F9, 0x02F9, 0x02F9, 0x02F9, 0x02F9,
  0x02F9, 0x02F9, 0x02F9, 0x02F9, 0x02F9, 0x02F9, 0x02F9, 0x02F9, 0xFFFF, 0xFFFF, 0xFFFF, 0xFFFF,
  0xFFFF, 0xFFFF, 0xFFFF, 0xFFFF, 0xFFFF, 0xFFFF, 0xFFFF, 0xFFFF, 0xFFFF, 0xFFFF, 0xFFFF, 0xFFFF,
  0xFFFF, 0xFFFF, 0xFFFF, 0xFFFF, 0xFFFF, 0xFFFF, 0xFFFF, 0xFFFF, 0xFFFF, 0xFFFF, 0xFFFF, 0xFFFF,
  0xFFFF, 0xFFFF, 0xFFFF, 0xFFFF, 0xFFFF, 0xFFFF, 0xFFFF, 0xFFFF, 0xFFFF, 0xFFFF, 0xFFFF, 0xFFFF,
  0xFFFF, 0xFFFF, 0xFFFF, 0xFFFF, 0xFFFF, 0xFFFF, 0xFFFF, 0xFFFF, 0xFFFF, 0xFFFF, 0xFFFF, 0xFFFF,
  0xFFFF, 0xFFFF, 0xFFFF, 0xFFFF, 0xFFFF, 0xFFFF, 0xFFFF, 0xFFFF, 0xFFFF, 0xFFFF, 0xFFFF, 0xFFFF,
  0xFFFF, 0xFFFF, 0xFFFF, 0xFFFF, 0xFFFF, 0xFFFF, 0xFFFF, 0xFFFF, 0xFFFF, 0xFFFF, 0xFFFF, 0xFFFF,
  0xFFFF, 0xFFFF, 0xFFFF, 0xFFFF, 0xFFFF, 0xFFFF, 0xFFFF, 0xFFFF, 0xFFFF, 0xFFFF, 0xE7BE, 0x2C79,
  0xDF7E, 0xFFFF, 0xDFFF, 0xF7FF, 0x632C, 0x0000, 0x0000, 0x0000, 0x0000, 0x0000, 0xBDF8, 0xFFFF,
  0xFFFF, 0xFFFF, 0xFFFF, 0xFFFF, 0xFFFF, 0xFFFF, 0xFFFF, 0xFFFF, 0xFFFF, 0xFFFF, 0xFFFF, 0xFFFF,
  0xFFFF, 0xFFFF, 0xFFFF, 0xFFFF, 0xFFFF, 0xFFFF, 0xFFFF, 0xBEDD, 0x0256, 0x029A, 0x01D7, 0x661C,
  0xF7BE, 0x0215, 0x02F9, 0x0299, 0x02F9, 0x02F9, 0x02F9, 0x02F9, 0x02F9, 0x02F9, 0x02F9, 0x02F9,
  0x02F9, 0x02F9, 0x02F9, 0x02F9, 0x02F9, 0x02F9, 0x02F9, 0x02F9, 0x02F9, 0x02F9, 0x02F9, 0x02F9,
  0x02F9, 0x02F9, 0x02F9, 0x02F9, 0x02F9, 0x02F9, 0x02F9, 0x02F9, 0x02F9, 0x02F9, 0x02F9, 0x02F9,
  0x02F9, 0x02F9, 0x02F9, 0x02F9, 0x02F9, 0x02F9, 0x02F9, 0x02F9, 0x02F9, 0x02F9, 0x0298, 0x02F9,
  0x0298, 0x02F9, 0x0298, 0x02F9, 0x02F9, 0x02F9, 0x02F9, 0x02F9, 0x02F9, 0x02F9, 0x02F9, 0x02F9,
  0x02F9, 0x02F9, 0x02F9, 0x02F9, 0x02F9, 0x02F9, 0x02F9, 0x02F9, 0x02F9, 0x02F9, 0x02F9, 0x02F9,
  0x02F9, 0x02F9, 0x02F9, 0x02F9, 0x02F9, 0x02F9, 0x02F9, 0x02F9, 0x02F9, 0x02F9, 0x02F9, 0x02F9,
  0x02F9, 0x02F9, 0x02F9, 0x02F9, 0x02F9, 0x02F9, 0x02F9, 0x02F9, 0x02F9, 0x02F7, 0x02F9, 0x02F9,
  0x02F9, 0x02F9, 0x02F9, 0x02F9, 0x02F9, 0x02F9, 0x02F9, 0x02F9, 0x02F9, 0x02F9, 0x02F9, 0x02F9,
  0x02F9, 0x02F9, 0x02F9, 0x02F9, 0x02F9, 0x02F9, 0x02F9, 0x02F9, 0x02F9, 0x02F9, 0x02F9, 0x02F9,
  0x02F9, 0x02F9, 0x02F9, 0x02F9, 0x02F9, 0x02F9, 0x02F9, 0x02F9, 0x02F9, 0x02F9, 0x02F9, 0x02F9,
  0x02F9, 0x02F9, 0x02F9, 0x02F9, 0x02F9, 0x02F9, 0x02F9, 0x02F9, 0x02F9, 0x02F9, 0x02F9, 0x02F9,
  0x02F9, 0x02F9, 0x02F9, 0x02F9, 0x02F9, 0x02F9, 0x02F9, 0x02F9, 0x02F9, 0x02F9, 0x02F9, 0x02F9,
  0x02F9, 0x02F9, 0x02F9, 0x02F9, 0x02F9, 0x02F9, 0x02F9, 0x02F9, 0x02F9, 0x02F9, 0x02F9, 0x02F9,
  0x02F9, 0x02F9, 0x02F9, 0x0299, 0x02F9, 0x02F9, 0x02F9, 0x02F9, 0x02F9, 0x02F9, 0x02F9, 0x02F9,
  0x02F9, 0x02F9, 0x02F9, 0x02F9, 0x02F9, 0x02F9, 0x02F9, 0x02F9, 0x02F9, 0x02F9, 0x02F9, 0x02F9,
  0x02F9, 0x02F9, 0x02F9, 0x02F9, 0xFFFF, 0xFFFF, 0xFFFF, 0xFFFF, 0xFFFF, 0xFFFF, 0xFFFF, 0xFFFF,
  0xFFFF, 0xFFFF, 0xFFFF, 0xFFFF, 0xFFFF, 0xFFFF, 0xFFFF, 0xFFFF, 0xFFFF, 0xFFFF, 0xFFFF, 0xFFFF,
  0xFFFF, 0xFFFF, 0xFFFF, 0xFFFF, 0xFFFF, 0xFFFF, 0xFFFF, 0xFFFF, 0xFFFF, 0xFFFF, 0xFFFF, 0xFFFF,
  0xFFFF, 0xFFFF, 0xFFFF, 0xFFFF, 0xFFFF, 0xFFFF, 0xFFFF, 0xFFFF, 0xFFFF, 0xFFFF, 0xFFFF, 0xFFFF,
  0xFFFF, 0xFFFF, 0xFFFF, 0xFFFF, 0xFFFF, 0xFFFF, 0xFFFF, 0xFFFF, 0xFFFF, 0xFFFF, 0xFFFF, 0xFFFF,
  0xFFFF, 0xFFFF, 0xFFFF, 0xFFFF, 0xFFFF, 0xFFFF, 0xFFFF, 0xFFFF, 0xFFFF, 0xFFFF, 0xFFFF, 0xFFFF,
  0xFFFF, 0xFFFF, 0xFFFF, 0xFFFF, 0xFFFF, 0xFFFF, 0xFFFF, 0xFFFF, 0xFFFF, 0xFFFF, 0xFFFF, 0xFFFF,
  0xFFFF, 0xFFFF, 0xFFFF, 0xFFFF, 0xFFFF, 0xFFFF, 0xEF5D, 0x9E3B, 0xFFFF, 0xF7FF, 0xB7DF, 0xFFFF,
  0x528A, 0x0000, 0x0000, 0x0000, 0x0000, 0x7C10, 0xFFFF, 0xFFFF, 0xFFFF, 0xFFFF, 0xFFFF, 0xFFFF,
  0xFFFF, 0xFFFF, 0xFFFF, 0xFFFF, 0xFFFF, 0xFFFF, 0xFFFF, 0xFFFF, 0xFFFF, 0xFFFF, 0xFFFF, 0xFFFF,
  0xFFFF, 0xFFFF, 0xFFFF, 0xC67A, 0x0215, 0x0299, 0x01D7, 0x7CDA, 0x9E3B, 0x0215, 0x02FA, 0x02F9,
  0x02F9, 0x02F9, 0x0299, 0x02F9, 0x02F9, 0x02F9, 0x02F9, 0x02F9, 0x02F9, 0x02F9, 0x02F9, 0x0299,
  0x02F9, 0x02F9, 0x0299, 0x02F9, 0x02F9, 0x0299, 0x02F9, 0x0299, 0x02F9, 0x0299, 0x02F9, 0x0299,
  0x02F9, 0x0299, 0x02F9, 0x02F9, 0x02F9, 0x02F9, 0x02F9, 0x02F9, 0x02F9, 0x0298, 0x02F9, 0x0299,
  0x02F9, 0x0298, 0x02F9, 0x02F9, 0x0298, 0x0299, 0x02F9, 0x02F9, 0x0298, 0x02F9, 0x02F9, 0x0299,
  0x02F9, 0x0299, 0x02F9, 0x0299, 0x02FA, 0x0299, 0x02F9, 0x0299, 0x02F9, 0x0299, 0x0299, 0x0299,
  0x02F9, 0x0299, 0x02F9, 0x0299, 0x02F9, 0x0299, 0x02F9, 0x0299, 0x02F9, 0x0299, 0x02F9, 0x0299,
  0x02F9, 0x02F9, 0x02F9, 0x02F9, 0x02F9, 0x0299, 0x02F9, 0x02F9, 0x02F9, 0x02F9, 0x02F9, 0x0299,
  0x02F9, 0x0299, 0x02F9, 0x0298, 0x02F9, 0x0299, 0x02F9, 0x02F9, 0x0298, 0x02F9, 0x02F9, 0x0298,
  0x02F9, 0x02F9, 0x0298, 0x02F9, 0x02F9, 0x0298, 0x02F9, 0x02F9, 0x0298, 0x02F9, 0x02F9, 0x0298,
  0x02F9, 0x02F9, 0x0298, 0x02F9, 0x02F9, 0x0298, 0x02F9, 0x02F9, 0x0298, 0x02F9, 0x02F9, 0x0298,
  0x02F9, 0x02F9, 0x0298, 0x02F9, 0x02F9, 0x0298, 0x02F9, 0x02F9, 0x02F9, 0x02F9, 0x02F9, 0x02F9,
  0x02F9, 0x0298, 0x02F9, 0x02F9, 0x0298, 0x02F9, 0x02F9, 0x02F9, 0x02F9, 0x02F9, 0x02F9, 0x02F9,
  0x02F9, 0x0298, 0x02F9, 0x02F9, 0x02F9, 0x02F9, 0x02F9, 0x02F9, 0x02F9, 0x02F9, 0x02F9, 0x0298,
  0x02F9, 0x02F9, 0x02F9, 0x02F9, 0x02F9, 0x02F9, 0x02F9, 0x02F9, 0x02F9, 0x02F9, 0x02F9, 0x0299,
  0x02F9, 0x02F9, 0x02F9, 0x02F9, 0x02F9, 0x0299, 0x02F9, 0x0299, 0x02F9, 0x0299, 0x02F9, 0x0299,
  0x02F9, 0x0298, 0x0299, 0x02F9, 0x0299, 0x02F9, 0x0299, 0x02F9, 0x0299, 0x02F9, 0x0299, 0x02F9,
  0xFFFF, 0xFFFF, 0xFFFF, 0xFFFF, 0xFFFF, 0xFFFF, 0xFFFF, 0xFFFF, 0xFFFF, 0xFFFF, 0xFFFF, 0xFFFF,
  0xFFFF, 0xFFFF, 0xFFFF, 0xFFFF, 0xFFFF, 0xFFFF, 0xFFFF, 0xFFFF, 0xFFFF, 0xFFFF, 0xFFFF, 0xFFFF,
  0xFFFF, 0xFFFF, 0xFFFF, 0xFFFF, 0xFFFF, 0xFFFF, 0xFFFF, 0xFFFF, 0xFFFF, 0xFFFF, 0xFFFF, 0xFFFF,
  0xFFFF, 0xFFFF, 0xFFFF, 0xFFFF, 0xFFFF, 0xFFFF, 0xFFFF, 0xFFFF, 0xFFFF, 0xFFFF, 0xFFFF, 0xFFFF,
  0xFFFF, 0xFFFF, 0xFFFF, 0xFFFF, 0xFFFF, 0xFFFF, 0xFFFF, 0xFFFF, 0xFFFF, 0xFFFF, 0xFFFF, 0xFFFF,
  0xFFFF, 0xFFFF, 0xFFFF, 0xFFFF, 0xFFFF, 0xFFFF, 0xFFFF, 0xFFFF, 0xFFFF, 0xFFFF, 0xFFFF, 0xFFFF,
  0xFFFF, 0xFFFF, 0xFFFF, 0xFFFF, 0xFFFF, 0xFFFF, 0xFFFF, 0xFFFF, 0xFFFF, 0xFFFF, 0xFFFF, 0xFFFF,
  0xFFFF, 0xFFFF, 0xBEDD, 0xCF3D, 0xFFFF, 0xDFFF, 0xFFFF, 0xA596, 0x0000, 0x41E8, 0x1104, 0x0000,
  0x41E8, 0xFFFF, 0xFFFF, 0xFFFF, 0xFFFF, 0xFFFF, 0xFFFF, 0xFFFF, 0xFFFF, 0xFFFF, 0xFFFF, 0xFFFF,
  0xFFFF, 0xFFFF, 0xFFFF, 0xFFFF, 0xFFFF, 0xFFFF, 0xFFFF, 0xFFFF, 0xFFFF, 0xFFFF, 0xFFFF, 0x9E3B,
  0x0215, 0x029A, 0x0258, 0x043A, 0x253A, 0x0218, 0x0299, 0x0299, 0x0299, 0x02F9, 0x0299, 0x02F9,
  0x0299, 0x0299, 0x0299, 0x0299, 0x0299, 0x0299, 0x0299, 0x02F9, 0x0299, 0x02F9, 0x0299, 0x02F9,
  0x0299, 0x02F9, 0x0299, 0x02F9, 0x0298, 0x02F9, 0x0299, 0x0298, 0x02F9, 0x0298, 0x02F9, 0x0299,
  0x0299, 0x0299, 0x0299, 0x0299, 0x02F9, 0x0299, 0x02F9, 0x0298, 0x02F9, 0x02F9, 0x02F9, 0x0299,
  0x02F9, 0x02F9, 0x0298, 0x0299, 0x0299, 0x02F9, 0x0299, 0x02F9, 0x0299, 0x02F9, 0x0299, 0x02F9,
  0x0299, 0x02F9, 0x0299, 0x02F9, 0x0299, 0x0299, 0x02F9, 0x02F9, 0x0299, 0x0299, 0x02F9, 0x0299,
  0x02F9, 0x0299, 0x02F9, 0x0299, 0x02F9, 0x0299, 0x02F9, 0x0299, 0x02F9, 0x0299, 0x0299, 0x0299,
  0x02F9, 0x0299, 0x02F9, 0x0299, 0x0299, 0x0299, 0x0299, 0x0299, 0x02F9, 0x0299, 0x02F9, 0x0299,
  0x0299, 0x0298, 0x0298, 0x0299, 0x02F9, 0x02F9, 0x0299, 0x02F9, 0x02F9, 0x0299, 0x02F9, 0x02F9,
  0x0299, 0x02F9, 0x02F9, 0x0299, 0x02F9, 0x02F9, 0x0299, 0x02F9, 0x02F9, 0x0299, 0x02F9, 0x02F9,
  0x0299, 0x02F9, 0x02F9, 0x0299, 0x02F9, 0x02F9, 0x0299, 0x02F9, 0x02F9, 0x0299, 0x02F9, 0x02F9,
  0x0299, 0x02F9, 0x02F9, 0x0299, 0x0299, 0x0299, 0x0299, 0x0299, 0x0299, 0x02F9, 0x02F9, 0x0299,
  0x02F9, 0x02F9, 0x0299, 0x0299, 0x0299, 0x0299, 0x0299, 0x0299, 0x0299, 0x02F9, 0x02F9, 0x0299,
  0x0299, 0x0299, 0x0299, 0x0299, 0x0299, 0x0299, 0x0299, 0x02F9, 0x02F9, 0x0299, 0x0299, 0x0299,
  0x0299, 0x0299, 0x02F9, 0x0299, 0x02F9, 0x0299, 0x02F9, 0x02F9, 0x0299, 0x02F9, 0x0299, 0x02F9,
  0x0299, 0x02F9, 0x0299, 0x02F9, 0x0299, 0x02F9, 0x0299, 0x02F9, 0x0299, 0x02F9, 0x02F9, 0x0299,
  0x02F9, 0x0299, 0x02F9, 0x0299, 0x02F9, 0x0299, 0x02F9, 0x0299, 0xFFFF, 0xFFFF, 0xFFFF, 0xFFFF,
  0xFFFF, 0xFFFF, 0xFFFF, 0xFFFF, 0xFFFF, 0xFFFF, 0xFFFF, 0xFFFF, 0xFFFF, 0xFFFF, 0xFFFF, 0xFFFF,
  0xFFFF, 0xFFFF, 0xFFFF, 0xFFFF, 0xFFFF, 0xFFFF, 0xFFFF, 0xFFFF, 0xFFFF, 0xFFFF, 0xFFFF, 0xFFFF,
  0xFFFF, 0xFFFF, 0xFFFF, 0xFFFF, 0xFFFF, 0xFFFF, 0xFFFF, 0xFFFF, 0xFFFF, 0xFFFF, 0xFFFF, 0xFFFF,
  0xFFFF, 0xFFFF, 0xFFFF, 0xFFFF, 0xFFFF, 0xFFFF, 0xFFFF, 0xFFFF, 0xFFFF, 0xFFFF, 0xFFFF, 0xFFFF,
  0xFFFF, 0xFFFF, 0xFFFF, 0xFFFF, 0xFFFF, 0xFFFF, 0xFFFF, 0xFFFF, 0xFFFF, 0xFFFF, 0xFFFF, 0xFFFF,
  0xFFFF, 0xFFFF, 0xFFFF, 0xFFFF, 0xFFFF, 0xFFFF, 0xFFFF, 0xFFFF, 0xFFFF, 0xFFFF, 0xFFFF, 0xFFFF,
  0xFFFF, 0xFFFF, 0xFFFF, 0xFFFF, 0xFFFF, 0xFFFF, 0xFFFF, 0xFFFF, 0xFFFF, 0xDF7E, 0x9E3B, 0xF7BE,
  0xFFFF, 0xDFFF, 0xCF3D, 0x0020, 0xA596, 0x94D3, 0x2966, 0x632C, 0xE7BE, 0xFFFF, 0xFFFF, 0xFFFF,
  0xFFFF, 0xFFFF, 0xFFFF, 0xFFFF, 0xFFFF, 0xFFFF, 0xFFFF, 0xFFFF, 0xFFFF, 0xFFFF, 0xFFFF, 0xFFFF,
  0xFFFF, 0xFFFF, 0xFFFF, 0xFFFF, 0xFFFF, 0xFFFF, 0xFFFF, 0x859B, 0x01B4, 0x029A, 0x0299, 0x02F9,
  0x0339, 0x0298, 0x02F9, 0x0299, 0x0298, 0x02F9, 0x02F9, 0x0299, 0x02F9, 0x02F9, 0x02F9, 0x02F9,
  0x0299, 0x02F9, 0x0298, 0x0299, 0x0298, 0x02F9, 0x0298, 0x0298, 0x02F9, 0x0298, 0x0298, 0x02F9,
  0x0299, 0x0298, 0x02F9, 0x0298, 0x02F9, 0x0299, 0x0298, 0x0298, 0x02F7, 0x02F9, 0x0298, 0x02F9,
  0x0298, 0x02F9, 0x0299, 0x02F9, 0x0299, 0x0298, 0x0299, 0x0298, 0x02F9, 0x0298, 0x02F9, 0x0298,
  0x02F9, 0x0298, 0x0298, 0x02F9, 0x0299, 0x0299, 0x02F9, 0x0299, 0x0298, 0x02F9, 0x0298, 0x0299,
  0x0298, 0x02F9, 0x0298, 0x0299, 0x02F9, 0x0298, 0x02F9, 0x0298, 0x02F9, 0x0298, 0x02F9, 0x0298,
  0x02F9, 0x0299, 0x0298, 0x02F9, 0x0299, 0x02F9, 0x02F9, 0x02F9, 0x0299, 0x02F9, 0x0299, 0x02F9,
  0x02F9, 0x02F9, 0x02F9, 0x02F9, 0x0299, 0x0298, 0x02F9, 0x033A, 0x037A, 0x037B, 0x02FB, 0x02F9,
  0x0299, 0x02F9, 0x0299, 0x02F9, 0x0299, 0x02F9, 0x0299, 0x0299, 0x02F9, 0x0299, 0x0299, 0x02F9,
  0x0299, 0x0299, 0x02F9, 0x0299, 0x0299, 0x02F9, 0x0299, 0x0299, 0x02F9, 0x0299, 0x0299, 0x02F9,
  0x0299, 0x0299, 0x02F9, 0x0299, 0x0299, 0x02F9, 0x0299, 0x0299, 0x02F9, 0x0299, 0x0299, 0x02F9,
  0x02F9, 0x02F9, 0x02F9, 0x02F9, 0x02F9, 0x0299, 0x0299, 0x02F9, 0x0299, 0x0299, 0x02F9, 0x02F9,
  0x02F9, 0x02F9, 0x02F9, 0x02F9, 0x02F9, 0x0299, 0x0299, 0x02F9, 0x02F9, 0x02F9, 0x02F9, 0x02F9,
  0x02F9, 0x02F9, 0x02F9, 0x0299, 0x0299, 0x02F9, 0x02F9, 0x02F9, 0x02F9, 0x02F9, 0x0298, 0x02F9,
  0x0299, 0x02F9, 0x0299, 0x0299, 0x02F9, 0x0299, 0x02F9, 0x0299, 0x02F9, 0x0298, 0x02F9, 0x0298,
  0x02F9, 0x0298, 0x02F9, 0x0298, 0x02F9, 0x0299, 0x0298, 0x02F9, 0x0298, 0x02F9, 0x0298, 0x02F9,
  0x0298, 0x0298, 0x02F9, 0x0298, 0xFFFF, 0xFFFF, 0xFFFF, 0xFFFF, 0xFFFF, 0xFFFF, 0xFFFF, 0xFFFF,
  0xFFFF, 0xFFFF, 0xFFFF, 0xFFFF, 0xFFFF, 0xFFFF, 0xFFFF, 0xFFFF, 0xFFFF, 0xFFFF, 0xFFFF, 0xFFFF,
  0xFFFF, 0xFFFF, 0xFFFF, 0xFFFF, 0xFFFF, 0xFFFF, 0xFFFF, 0xFFFF, 0xFFFF, 0xFFFF, 0xFFFF, 0xFFFF,
  0xFFFF, 0xFFFF, 0xFFFF, 0xFFFF, 0xFFFF, 0xFFFF, 0xFFFF, 0xFFFF, 0xFFFF, 0xFFFF, 0xFFFF, 0xFFFF,
  0xFFFF, 0xFFFF, 0xFFFF, 0xFFFF, 0xFFFF, 0xFFFF, 0xFFFF, 0xFFFF, 0xFFFF, 0xFFFF, 0xFFFF, 0xFFFF,
  0xFFFF, 0xFFFF, 0xFFFF, 0xFFFF, 0xFFFF, 0xFFFF, 0xFFFF, 0xFFFF, 0xFFFF, 0xFFFF, 0xFFFF, 0xFFFF,
  0xFFFF, 0xFFFF, 0xFFFF, 0xFFFF, 0xFFFF, 0xFFFF, 0xFFFF, 0xFFFF, 0xFFFF, 0xFFFF, 0xFFFF, 0xFFFF,
  0xFFFF, 0xFFFF, 0xFFFF, 0xFFFF, 0xFFFF, 0x9E3B, 0xC67A, 0xFFFF, 0xDFFF, 0xF7FF, 0x024A, 0x1104,
  0xF7FF, 0x7C10, 0x0085, 0x9E3B, 0xFFFF, 0xFFFF, 0xFFFF, 0xFFFF, 0xFFFF, 0xFFFF, 0xFFFF, 0xFFFF,
  0xFFFF, 0xFFFF, 0xFFFF, 0xFFFF, 0xFFFF, 0xFFFF, 0xFFFF, 0xFFFF, 0xFFFF, 0xFFFF, 0xFFFF, 0xFFFF,
  0xFFFF, 0xFFFF, 0xFFFF, 0x7CDA, 0x01D7, 0x02F9, 0x02F9, 0x0298, 0x0258, 0x02F9, 0x0299, 0x0298,
  0x02F9, 0x0299, 0x0299, 0x02F9, 0x0298, 0x0299, 0x0299, 0x02F9, 0x0298, 0x0298, 0x02F9, 0x0298,
  0x02F9, 0x0298, 0x02F9, 0x0298, 0x0298, 0x02F9, 0x0298, 0x0298, 0x02F9, 0x0298, 0x0298, 0x02F9,
  0x0298, 0x0298, 0x02F9, 0x0299, 0x0298, 0x0299, 0x02F9, 0x0298, 0x02F9, 0x0298, 0x0298, 0x0298,
  0x02F9, 0x0298, 0x02F9, 0x02F9, 0x0298, 0x0299, 0x0298, 0x02F9, 0x0298, 0x02F9, 0x0298, 0x0298,
  0x02F9, 0x0298, 0x0298, 0x02F9, 0x0298, 0x0298, 0x02F9, 0x0298, 0x02F9, 0x0298, 0x02F9, 0x0298,
  0x0298, 0x02F9, 0x0298, 0x02F9, 0x0298, 0x02F9, 0x0298, 0x02F9, 0x0298, 0x02F9, 0x0298, 0x02F9,
  0x0298, 0x0299, 0x0298, 0x0299, 0x0298, 0x02F9, 0x0298, 0x0298, 0x0299, 0x0298, 0x0298, 0x0299,
  0x0299, 0x02FA, 0x03BB, 0x039E, 0x039E, 0x039E, 0x039E, 0x03BB, 0x029A, 0x02F9, 0x0298, 0x0299,
  0x0298, 0x0298, 0x02F9, 0x0298, 0x0298, 0x02F9, 0x0298, 0x0298, 0x02F9, 0x0298, 0x0298, 0x02F9,
  0x0298, 0x0298, 0x02F9, 0x0298, 0x0298, 0x02F9, 0x0298, 0x0298, 0x02F9, 0x0298, 0x0298, 0x02F9,
  0x0298, 0x0298, 0x02F9, 0x0298, 0x0298, 0x02F9, 0x0298, 0x0298, 0x0299, 0x0298, 0x0298, 0x0299,
  0x0298, 0x02F9, 0x0298, 0x0298, 0x02F9, 0x0298, 0x0298, 0x0299, 0x0298, 0x0298, 0x0299, 0x0298,
  0x0298, 0x02F9, 0x0298, 0x0298, 0x0299, 0x0298, 0x0298, 0x0298, 0x0298, 0x0298, 0x0298, 0x02F9,
  0x0298, 0x0298, 0x0298, 0x0298, 0x0298, 0x0298, 0x02F9, 0x0298, 0x0298, 0x0298, 0x02F9, 0x0298,
  0x0298, 0x02F9, 0x0298, 0x0298, 0x0298, 0x0299, 0x0298, 0x0299, 0x0298, 0x0299, 0x0298, 0x02F9,
  0x0298, 0x02F9, 0x0298, 0x0299, 0x0298, 0x0299, 0x0298, 0x0298, 0x02F9, 0x0298, 0x0298, 0x02F9,
  0xFFFF, 0xFFFF, 0xFFFF, 0xFFFF, 0xFFFF, 0xFFFF, 0xFFFF, 0xFFFF, 0xFFFF, 0xFFFF, 0xFFFF, 0xFFFF,
  0xFFFF, 0xFFFF, 0xFFFF, 0xFFFF, 0xFFFF, 0xFFFF, 0xFFFF, 0xFFFF, 0xFFFF, 0xFFFF, 0xFFFF, 0xFFFF,
  0xFFFF, 0xFFFF, 0xFFFF, 0xFFFF, 0xFFFF, 0xFFFF, 0xFFFF, 0xFFFF, 0xFFFF, 0xFFFF, 0xFFFF, 0xFFFF,
  0xFFFF, 0xFFFF, 0xFFFF, 0xFFFF, 0xFFFF, 0xFFFF, 0xFFFF, 0xFFFF, 0xFFFF, 0xFFFF, 0xFFFF, 0xFFFF,
  0xFFFF, 0xFFFF, 0xFFFF, 0xFFFF, 0xFFFF, 0xFFFF, 0xFFFF, 0xFFFF, 0xFFFF, 0xFFFF, 0xFFFF, 0xFFFF,
  0xFFFF, 0xFFFF, 0xFFFF, 0xFFFF, 0xFFFF, 0xFFFF, 0xFFFF, 0xFFFF, 0xFFFF, 0xFFFF, 0xFFFF, 0xFFFF,
  0xFFFF, 0xFFFF, 0xFFFF, 0xFFFF, 0xFFFF, 0xFFFF, 0xFFFF, 0xFFFF, 0xFFFF, 0xFFFF, 0xFFFF, 0xFFFF,
  0xEFBF, 0xC67A, 0xFFFF, 0xF7FF, 0xDFFF, 0xA75D, 0x024A, 0x9E3B, 0xDFFF, 0xB7DF, 0xA75D, 0xFFFF,
  0xFFFF, 0xFFFF, 0xFFFF, 0xFFFF, 0xFFFF, 0xFFFF, 0xFFFF, 0xFFFF, 0xFFFF, 0xFFFF, 0xFFFF, 0xFFFF,
  0xFFFF, 0xFFFF, 0xFFFF, 0xFFFF, 0xFFFF, 0xFFFF, 0xFFFF, 0xFFFF, 0xFFFF, 0xFFFF, 0xFFFF, 0x2BF8,
  0x0197, 0x02FA, 0x0298, 0x0256, 0x0298, 0x0299, 0x02F9, 0x0298, 0x0298, 0x0298, 0x0298, 0x0298,
  0x02F9, 0x0298, 0x0298, 0x0298, 0x0298, 0x0299, 0x0298, 0x0299, 0x0298, 0x0298, 0x0298, 0x0298,
  0x0299, 0x0298, 0x0298, 0x0299, 0x0298, 0x0298, 0x0299, 0x0298, 0x0298, 0x02F9, 0x0298, 0x0298,
  0x0298, 0x0298, 0x0298, 0x0298, 0x0298, 0x0298, 0x02F9, 0x0298, 0x0298, 0x02F9, 0x0298, 0x0298,
  0x0298, 0x0298, 0x0298, 0x0298, 0x0298, 0x0298, 0x0299, 0x0299, 0x0298, 0x0298, 0x0299, 0x0298,
  0x0298, 0x0299, 0x0298, 0x0299, 0x0298, 0x0298, 0x0298, 0x02F9, 0x0298, 0x0298, 0x0299, 0x0298,
  0x0298, 0x0298, 0x0299, 0x0298, 0x0298, 0x0298, 0x0299, 0x0298, 0x0298, 0x0298, 0x02F9, 0x0298,
  0x0298, 0x0298, 0x0299, 0x0298, 0x0298, 0x0298, 0x0299, 0x0298, 0x02FA, 0x039E, 0x039E, 0x039E,
  0x039E, 0x039E, 0x039E, 0x039E, 0x02FB, 0x0299, 0x0298, 0x02F9, 0x0298, 0x02F9, 0x0298, 0x0298,
  0x02F9, 0x0298, 0x0298, 0x02F9, 0x0298, 0x0298, 0x02F9, 0x0298, 0x0298, 0x02F9, 0x0298, 0x0298,
  0x02F9, 0x0298, 0x0298, 0x02F9, 0x0298, 0x0298, 0x02F9, 0x0298, 0x0298, 0x02F9, 0x0298, 0x0298,
  0x02F9, 0x0298, 0x0298, 0x02F9, 0x0298, 0x02F9, 0x0298, 0x02F9, 0x0298, 0x0298, 0x0298, 0x02F9,
  0x0298, 0x0298, 0x02F9, 0x0298, 0x0298, 0x02F9, 0x0298, 0x0298, 0x02F9, 0x0298, 0x0298, 0x02F9,
  0x0298, 0x02F9, 0x0298, 0x02F9, 0x0298, 0x02F9, 0x0298, 0x0298, 0x02F9, 0x0298, 0x02F9, 0x0298,
  0x02F9, 0x0298, 0x0299, 0x0298, 0x02F9, 0x02F9, 0x0298, 0x0298, 0x02F9, 0x0298, 0x0298, 0x02F9,
  0x0298, 0x02F9, 0x0298, 0x0298, 0x02F9, 0x0298, 0x0299, 0x0298, 0x0298, 0x0298, 0x0298, 0x0298,
  0x02F9, 0x0298, 0x0298, 0x02F9, 0x0298, 0x0298, 0x0299, 0x0298, 0xFFFF, 0xFFFF, 0xFFFF, 0xFFFF,
  0xFFFF, 0xFFFF, 0xFFFF, 0xFFFF, 0xFFFF, 0xFFFF, 0xFFFF, 0xFFFF, 0xFFFF, 0xFFFF, 0xFFFF, 0xFFFF,
  0xFFFF, 0xFFFF, 0xFFFF, 0xFFFF, 0xFFFF, 0xFFFF, 0xFFFF, 0xFFFF, 0xFFFF, 0xFFFF, 0xFFFF, 0xFFFF,
  0xFFFF, 0xFFFF, 0xFFFF, 0xFFFF, 0xFFFF, 0xFFFF, 0xFFFF, 0xFFFF, 0xFFFF, 0xFFFF, 0xFFFF, 0xFFFF,
  0xFFFF, 0xFFFF, 0xFFFF, 0xFFFF, 0xFFFF, 0xFFFF, 0xFFFF, 0xFFFF, 0xFFFF, 0xFFFF, 0xFFFF, 0xFFFF,
  0xFFFF, 0xFFFF, 0xFFFF, 0xFFFF, 0xFFFF, 0xFFFF, 0xFFFF, 0xFFFF, 0xFFFF, 0xFFFF, 0xFFFF, 0xFFFF,
  0xFFFF, 0xFFFF, 0xFFFF, 0xFFFF, 0xFFFF, 0xFFFF, 0xFFFF, 0xFFFF, 0xFFFF, 0xFFFF, 0xFFFF, 0xFFFF,
  0xFFFF, 0xFFFF, 0xFFFF, 0xFFFF, 0xFFFF, 0xFFFF, 0xFFFF, 0xFFFF, 0x9E3B, 0xBEDD, 0xFFFF, 0xDFFF,
  0xB7DF, 0x661C, 0xA75D, 0xF7FF, 0xB7DF, 0x9E3B, 0xEFFE, 0xFFFF, 0xFFFF, 0xFFFF, 0xFFFF, 0xFFFF,
  0xFFFF, 0xFFFF, 0xFFFF, 0xFFFF, 0xFFFF, 0xFFFF, 0xFFFF, 0xFFFF, 0xFFFF, 0xFFFF, 0xFFFF, 0xFFFF,
  0xFFFF, 0xFFFF, 0xFFFF, 0xFFFF, 0xFFFF, 0xFFFF, 0xFFFF, 0x9E3B, 0x0297, 0x0259, 0x02F9, 0x0377,
  0x0297, 0x0299, 0x02F9, 0x0299, 0x0298, 0x0299, 0x02F9, 0x0299, 0x0298, 0x0299, 0x02F9, 0x0298,
  0x02F9, 0x0298, 0x0298, 0x02F9, 0x0298, 0x0299, 0x0299, 0x02F9, 0x0298, 0x0298, 0x02F9, 0x0298,
  0x0298, 0x02F9, 0x0298, 0x0298, 0x0299, 0x0298, 0x0298, 0x0299, 0x02F9, 0x0299, 0x02F9, 0x0298,
  0x0299, 0x02F9, 0x0299, 0x0298, 0x02F9, 0x0299, 0x0298, 0x0299, 0x0299, 0x02F9, 0x0298, 0x0299,
  0x0299, 0x0299, 0x0299, 0x0298, 0x02F9, 0x02F9, 0x0298, 0x0299, 0x02F9, 0x0298, 0x0299, 0x0298,
  0x0298, 0x0299, 0x0298, 0x0298, 0x0298, 0x02F9, 0x0298, 0x0298, 0x0299, 0x0298, 0x0298, 0x0298,
  0x0299, 0x0298, 0x0298, 0x02F9, 0x0298, 0x02F9, 0x0298, 0x0299, 0x0298, 0x02F9, 0x0298, 0x02F9,
  0x0298, 0x02F9, 0x0298, 0x0298, 0x037B, 0x039E, 0x039E, 0x039E, 0x039E, 0x039E, 0x039E, 0x039E,
  0x039E, 0x0299, 0x0298, 0x0298, 0x0299, 0x0298, 0x0299, 0x02F9, 0x0298, 0x0298, 0x02F9, 0x0298,
  0x0298, 0x02F9, 0x0298, 0x0298, 0x02F9, 0x0298, 0x0298, 0x02F9, 0x0298, 0x0298, 0x02F9, 0x0298,
  0x0298, 0x02F9, 0x0298, 0x0298, 0x02F9, 0x0298, 0x0298, 0x02F9, 0x0298, 0x0298, 0x02F9, 0x0298,
  0x0298, 0x0298, 0x0299, 0x0298, 0x0298, 0x0298, 0x02F9, 0x0298, 0x0298, 0x02F9, 0x0298, 0x0298,
  0x02F9, 0x0298, 0x0298, 0x02F9, 0x0298, 0x0298, 0x02F9, 0x0298, 0x0298, 0x0298, 0x0299, 0x0298,
  0x0298, 0x0298, 0x0299, 0x0298, 0x0298, 0x0299, 0x0298, 0x0298, 0x0298, 0x0299, 0x0298, 0x0298,
  0x0298, 0x0298, 0x0298, 0x02F9, 0x0298, 0x0298, 0x02F9, 0x0298, 0x0298, 0x0298, 0x0298, 0x02F9,
  0x0298, 0x0298, 0x0298, 0x0298, 0x0299, 0x0298, 0x02F9, 0x0298, 0x0298, 0x0298, 0x02F9, 0x0298,
  0x0298, 0x02F9, 0x0298, 0x0298, 0xFFFF, 0xFFFF, 0xFFFF, 0xFFFF, 0xFFFF, 0xFFFF, 0xFFFF, 0xFFFF,
  0xFFFF, 0xFFFF, 0xFFFF, 0xFFFF, 0xFFFF, 0xFFFF, 0xFFFF, 0xFFFF, 0xFFFF, 0xFFFF, 0xFFFF, 0xFFFF,
  0xFFFF, 0xFFFF, 0xFFFF, 0xFFFF, 0xFFFF, 0xFFFF, 0xFFFF, 0xFFFF, 0xFFFF, 0xFFFF, 0xFFFF, 0xFFFF,
  0xFFFF, 0xFFFF, 0xFFFF, 0xFFFF, 0xFFFF, 0xFFFF, 0xFFFF, 0xFFFF, 0xFFFF, 0xFFFF, 0xFFFF, 0xFFFF,
  0xFFFF, 0xFFFF, 0xFFFF, 0xFFFF, 0xFFFF, 0xFFFF, 0xFFFF, 0xFFFF, 0xFFFF, 0xFFFF, 0xFFFF, 0xFFFF,
  0xFFFF, 0xFFFF, 0xFFFF, 0xFFFF, 0xFFFF, 0xFFFF, 0xFFFF, 0xFFFF, 0xFFFF, 0xFFFF, 0xFFFF, 0xFFFF,
  0xFFFF, 0xFFFF, 0xFFFF, 0xFFFF, 0xFFFF, 0xFFFF, 0xFFFF, 0xFFFF, 0xFFFF, 0xFFFF, 0xFFFF, 0xFFFF,
  0xFFFF, 0xFFFF, 0xFFFF, 0xE7BE, 0xA596, 0xFFBF, 0xFFFF, 0xDFFF, 0x671E, 0x9E3B, 0xDFFF, 0xB7DF,
  0x9E3B, 0xCF3D, 0xF7FF, 0xFFFF, 0xFFFF, 0xFFFF, 0xFFFF, 0xFFFF, 0xFFFF, 0xFFFF, 0xFFFF, 0xFFFF,
  0xFFFF, 0xFFFF, 0xFFFF, 0xFFFF, 0xFFFF, 0xFFFF, 0xFFFF, 0xFFFF, 0xFFFF, 0xFFFF, 0xFFFF, 0xFFFF,
  0xFFFF, 0xFFFF, 0xFFFF, 0xFFFF, 0x0377, 0x0198, 0x043A, 0x253A, 0x0215, 0x0297, 0x0299, 0x0298,
  0x02F9, 0x0298, 0x0299, 0x0298, 0x02F9, 0x0298, 0x0298, 0x0299, 0x0298, 0x0298, 0x0298, 0x0298,
  0x0299, 0x0298, 0x02F9, 0x0298, 0x0299, 0x0299, 0x0298, 0x0298, 0x02F9, 0x0298, 0x0298, 0x0298,
  0x0298, 0x0298, 0x0299, 0x0298, 0x0298, 0x0298, 0x0299, 0x0298, 0x02F9, 0x0298, 0x0298, 0x02F9,
  0x0298, 0x0299, 0x0298, 0x0299, 0x0298, 0x0298, 0x0299, 0x0298, 0x0298, 0x0298, 0x0298, 0x0299,
  0x0298, 0x0298, 0x0299, 0x0298, 0x0298, 0x0299, 0x0298, 0x0299, 0x0298, 0x0299, 0x0298, 0x0299,
  0x0298, 0x0298, 0x0299, 0x02F9, 0x0298, 0x02F9, 0x0298, 0x02F9, 0x0298, 0x02F9, 0x0298, 0x0298,
  0x0299, 0x0298, 0x0298, 0x0299, 0x0298, 0x0299, 0x0298, 0x0299, 0x0299, 0x0298, 0x0299, 0x0298,
  0x02FB, 0x039E, 0x039E, 0x039E, 0x039E, 0x039E, 0x039E, 0x039E, 0x02FB, 0x0299, 0x0299, 0x0298,
  0x02F9, 0x0298, 0x02F9, 0x0298, 0x0298, 0x0299, 0x0298, 0x0298, 0x0299, 0x0298, 0x0298, 0x0299,
  0x0298, 0x0298, 0x0299, 0x0298, 0x0298, 0x0299, 0x0298, 0x0298, 0x0299, 0x0298, 0x0298, 0x0299,
  0x0298, 0x0298, 0x0299, 0x0298, 0x0298, 0x0299, 0x0298, 0x0298, 0x0299, 0x0298, 0x0298, 0x0299,
  0x0298, 0x02F9, 0x0298, 0x0298, 0x0299, 0x0298, 0x0298, 0x0299, 0x0298, 0x0298, 0x0299, 0x0298,
  0x0298, 0x0299, 0x0298, 0x0298, 0x0299, 0x0298, 0x0298, 0x0299, 0x0298, 0x0299, 0x0298, 0x02F9,
  0x0298, 0x0298, 0x0298, 0x0299, 0x0298, 0x0298, 0x02F9, 0x0298, 0x02F9, 0x0298, 0x0299, 0x0298,
  0x0298, 0x0299, 0x0298, 0x0298, 0x02F9, 0x0298, 0x02F9, 0x0298, 0x0298, 0x02F9, 0x0298, 0x02F9,
  0x0298, 0x0298, 0x0298, 0x0299, 0x0298, 0x02F9, 0x0298, 0x0298, 0x0299, 0x0298, 0x0298, 0x02F9,
  0xFFFF, 0xFFFF, 0xFFFF, 0xFFFF, 0xFFFF, 0xFFFF, 0xFFFF, 0xFFFF, 0xFFFF, 0xFFFF, 0xFFFF, 0xFFFF,
  0xFFFF, 0xFFFF, 0xFFFF, 0xFFFF, 0xFFFF, 0xFFFF, 0xFFFF, 0xFFFF, 0xFFFF, 0xFFFF, 0xFFFF, 0xFFFF,
  0xFFFF, 0xFFFF, 0xFFFF, 0xFFFF, 0xFFFF, 0xFFFF, 0xFFFF, 0xFFFF, 0xFFFF, 0xFFFF, 0xFFFF, 0xFFFF,
  0xFFFF, 0xFFFF, 0xFFFF, 0xFFFF, 0xFFFF, 0xFFFF, 0xFFFF, 0xFFFF, 0xFFFF, 0xFFFF, 0xFFFF, 0xFFFF,
  0xFFFF, 0xFFFF, 0xFFFF, 0xFFFF, 0xFFFF, 0xFFFF, 0xFFFF, 0xFFFF, 0xFFFF, 0xFFFF, 0xFFFF, 0xFFFF,
  0xFFFF, 0xFFFF, 0xFFFF, 0xFFFF, 0xFFFF, 0xFFFF, 0xFFFF, 0xFFFF, 0xFFFF, 0xFFFF, 0xFFFF, 0xFFFF,
  0xFFFF, 0xFFFF, 0xFFFF, 0xFFFF, 0xFFFF, 0xFFFF, 0xFFFF, 0xFFFF, 0xFFFF, 0xFFFF, 0xFFFF, 0xC67A,
  0xBEDD, 0xFFFF, 0xE7BE, 0xA75D, 0x661C, 0xB7DF, 0xEFFE, 0xBEDD, 0xC67A, 0xFFFF, 0xFFFF, 0xFFFF,
  0xFFFF, 0xFFFF, 0xFFFF, 0xFFFF, 0xFFFF, 0xFFFF, 0xFFFF, 0xFFFF, 0xFFFF, 0xFFFF, 0xFFFF, 0xFFFF,
  0xFFFF, 0xFFFF, 0xFFFF, 0xFFFF, 0xFFFF, 0xFFFF, 0xFFFF, 0xFFFF, 0xFFFF, 0xFFFF, 0xFFFF, 0xE7BE,
  0x02B7, 0x01D7, 0x03D8, 0x2BF8, 0x0215, 0x0298, 0x0298, 0x0299, 0x0298, 0x0299, 0x0298, 0x0298,
  0x0299, 0x0298, 0x0299, 0x0298, 0x0298, 0x0299, 0x0298, 0x0299, 0x0299, 0x0299, 0x0298, 0x0299,
  0x0298, 0x0298, 0x0299, 0x0298, 0x0298, 0x0299, 0x0298, 0x0299, 0x0298, 0x0299, 0x0298, 0x02F9,
  0x0299, 0x0299, 0x0298, 0x0299, 0x0298, 0x0299, 0x0298, 0x0299, 0x0298, 0x0298, 0x0299, 0x0298,
  0x0299, 0x0298, 0x0299, 0x0298, 0x0299, 0x0299, 0x0298, 0x0299, 0x0298, 0x0299, 0x0298, 0x0299,
  0x0298, 0x0298, 0x0299, 0x0298, 0x0299, 0x0298, 0x02F9, 0x0298, 0x0299, 0x0298, 0x0298, 0x0298,
  0x0299, 0x0298, 0x0299, 0x0298, 0x0298, 0x0298, 0x0299, 0x0298, 0x0298, 0x0299, 0x0298, 0x0298,
  0x0299, 0x0298, 0x0299, 0x0298, 0x0298, 0x0299, 0x0298, 0x0298, 0x02FA, 0x039E, 0x039E, 0x039E,
  0x039E, 0x039E, 0x039E, 0x039E, 0x029A, 0x0299, 0x0298, 0x0299, 0x0298, 0x0299, 0x0298, 0x0299,
  0x0298, 0x0299, 0x0298, 0x0299, 0x0298, 0x0299, 0x0298, 0x0299, 0x0298, 0x0299, 0x0298, 0x0299,
  0x0298, 0x0299, 0x0298, 0x0299, 0x0298, 0x0299, 0x0298, 0x0299, 0x0298, 0x0299, 0x0298, 0x0299,
  0x0298, 0x0299, 0x0298, 0x0299, 0x0298, 0x0299, 0x0298, 0x0298, 0x0299, 0x0298, 0x0299, 0x0298,
  0x0299, 0x0298, 0x0299, 0x0298, 0x0299, 0x0298, 0x0299, 0x0298, 0x0299, 0x0298, 0x0299, 0x0298,
  0x0299, 0x0298, 0x0299, 0x0298, 0x0299, 0x0298, 0x0298, 0x0298, 0x0299, 0x0298, 0x0299, 0x0298,
  0x0299, 0x0298, 0x0298, 0x0298, 0x0298, 0x0298, 0x0298, 0x0298, 0x0298, 0x0298, 0x0298, 0x0298,
  0x0298, 0x0298, 0x0298, 0x0299, 0x0298, 0x0299, 0x0298, 0x0299, 0x0298, 0x0299, 0x0298, 0x0298,
  0x0299, 0x0298, 0x0299, 0x0298, 0x0299, 0x0298, 0x0299, 0x0298, 0xFFFF, 0xFFFF, 0xFFFF, 0xFFFF,
  0xFFFF, 0xFFFF, 0xFFFF, 0xFFFF, 0xFFFF, 0xFFFF, 0xFFFF, 0xFFFF, 0xFFFF, 0xFFFF, 0xFFFF, 0xFFFF,
  0xFFFF, 0xFFFF, 0xFFFF, 0xFFFF, 0xFFFF, 0xFFFF, 0xFFFF, 0xFFFF, 0xFFFF, 0xFFFF, 0xFFFF, 0xFFFF,
  0xFFFF, 0xFFFF, 0xFFFF, 0xFFFF, 0xFFFF, 0xFFFF, 0xFFFF, 0xFFFF, 0xFFFF, 0xFFFF, 0xFFFF, 0xFFFF,
  0xFFFF, 0xFFFF, 0xFFFF, 0xFFFF, 0xFFFF, 0xFFFF, 0xFFFF, 0xFFFF, 0xFFFF, 0xFFFF, 0xFFFF, 0xFFFF,
  0xFFFF, 0xFFFF, 0xFFFF, 0xFFFF, 0xFFFF, 0xFFFF, 0xFFFF, 0xFFFF, 0xFFFF, 0xFFFF, 0xFFFF, 0xFFFF,
  0xFFFF, 0xFFFF, 0xFFFF, 0xFFFF, 0xFFFF, 0xFFFF, 0xFFFF, 0xFFFF, 0xFFFF, 0xFFFF, 0xFFFF, 0xFFFF,
  0xFFFF, 0xFFFF, 0xFFFF, 0xFFFF, 0xFFFF, 0xFFFF, 0xFFFF, 0x9E3B, 0xEFBF, 0xFFFF, 0xCF3D, 0x671E,
  0xB7DF, 0xF7FF, 0xCF3D, 0xC67A, 0xFFFF, 0xFFFF, 0xFFFF, 0xFFFF, 0xFFFF, 0xFFFF, 0xFFFF, 0xFFFF,
  0xFFFF, 0xFFFF, 0xFFFF, 0xFFFF, 0xFFFF, 0xFFFF, 0xFFFF, 0xFFFF, 0xFFFF, 0xFFFF, 0xFFFF, 0xFFFF,
  0xFFFF, 0xFFFF, 0xFFFF, 0xFFFF, 0xFFFF, 0xFFFF, 0xFFFF, 0xE7BE, 0x02B7, 0x01D8, 0x02F9, 0x02F7,
  0x0297, 0x0298, 0x0299, 0x0298, 0x0298, 0x0298, 0x0298, 0x0299, 0x0298, 0x0299, 0x0298, 0x0298,
  0x0299, 0x0298, 0x0299, 0x0298, 0x0298, 0x0298, 0x0299, 0x0298, 0x0299, 0x0299, 0x0298, 0x0299,
  0x0298, 0x0298, 0x0299, 0x0298, 0x0298, 0x0298, 0x0299, 0x0298, 0x0299, 0x0298, 0x0299, 0x0298,
  0x0299, 0x0299, 0x0299, 0x0298, 0x0299, 0x0299, 0x0298, 0x0299, 0x0298, 0x0299, 0x0298, 0x0299,
  0x0298, 0x0298, 0x0299, 0x0298, 0x0298, 0x0299, 0x0298, 0x0298, 0x0299, 0x0299, 0x0298, 0x0298,
  0x0298, 0x0299, 0x0298, 0x0298, 0x0298, 0x0299, 0x0298, 0x0299, 0x0298, 0x0298, 0x0298, 0x0298,
  0x0299, 0x0298, 0x0298, 0x0299, 0x0298, 0x0298, 0x0299, 0x0299, 0x0298, 0x0298, 0x0298, 0x0298,
  0x0299, 0x0298, 0x0298, 0x0299, 0x0299, 0x02FB, 0x039E, 0x039E, 0x039E, 0x039E, 0x039E, 0x039E,
  0x029A, 0x0299, 0x0298, 0x0298, 0x0298, 0x0298, 0x0298, 0x0298, 0x0298, 0x0298, 0x0299, 0x0298,
  0x0298, 0x0298, 0x0299, 0x0298, 0x0298, 0x0298, 0x0299, 0x0298, 0x0298, 0x0298, 0x0299, 0x0298,
  0x0298, 0x0298, 0x0299, 0x0298, 0x0298, 0x0298, 0x0299, 0x0298, 0x0298, 0x0298, 0x0299, 0x0298,
  0x0298, 0x0298, 0x0299, 0x0298, 0x0298, 0x0299, 0x0298, 0x0298, 0x0298, 0x0299, 0x0298, 0x0298,
  0x0298, 0x0299, 0x0298, 0x0298, 0x0298, 0x0299, 0x0298, 0x0298, 0x0298, 0x0299, 0x0298, 0x0298,
  0x0298, 0x0298, 0x0299, 0x0298, 0x0298, 0x0299, 0x0298, 0x0298, 0x0298, 0x0299, 0x0298, 0x0299,
  0x0298, 0x0298, 0x0298, 0x0299, 0x0298, 0x0298, 0x0299, 0x0298, 0x0298, 0x0299, 0x0298, 0x0298,
  0x0299, 0x0298, 0x0298, 0x0298, 0x0299, 0x0298, 0x0298, 0x0299, 0x0298, 0x0298, 0x0298, 0x0299,
  0x0298, 0x0298, 0x0298, 0x0299, 0xFFFF, 0xFFFF, 0xFFFF, 0xFFFF, 0xFFFF, 0xFFFF, 0xFFFF, 0xFFFF,
  0xFFFF, 0xFFFF, 0xFFFF, 0xFFFF, 0xFFFF, 0xFFFF, 0xFFFF, 0xFFFF, 0xFFFF, 0xFFFF, 0xFFFF, 0xFFFF,
  0xFFFF, 0xFFFF, 0xFFFF, 0xFFFF, 0xFFFF, 0xFFFF, 0xFFFF, 0xFFFF, 0xFFFF, 0xFFFF, 0xFFFF, 0xFFFF,
  0xFFFF, 0xFFFF, 0xFFFF, 0xFFFF, 0xFFFF, 0xFFFF, 0xFFFF, 0xFFFF, 0xFFFF, 0xFFFF, 0xFFFF, 0xFFFF,
  0xFFFF, 0xFFFF, 0xFFFF, 0xFFFF, 0xFFFF, 0xFFFF, 0xFFFF, 0xFFFF, 0xFFFF, 0xFFFF, 0xFFFF, 0xFFFF,
  0xFFFF, 0xFFFF, 0xFFFF, 0xFFFF, 0xFFFF, 0xFFFF, 0xFFFF, 0xFFFF, 0xFFFF, 0xFFFF, 0xFFFF, 0xFFFF,
  0xFFFF, 0xFFFF, 0xFFFF, 0xFFFF, 0xFFFF, 0xFFFF, 0xFFFF, 0xFFFF, 0xFFFF, 0xFFFF, 0xFFFF, 0xFFFF,
  0xFFFF, 0xFFFF, 0xEF5D, 0xBEDD, 0xFFFF, 0xFFFF, 0xEFFE, 0xB7DF, 0xFFFF, 0xFFBE, 0x9E3B, 0xE7BE,
  0xFFFF, 0xFFFF, 0xFFFF, 0xFFFF, 0xFFFF, 0xFFFF, 0xFFFF, 0xFFFF, 0xFFFF, 0xFFFF, 0xFFFF, 0xFFFF,
  0xFFFF, 0xFFFF, 0xFFFF, 0xFFFF, 0xFFFF, 0xFFFF, 0xFFFF, 0xFFFF, 0xFFFF, 0xFFFF, 0xFFFF, 0xFFFF,
  0xFFFF, 0xFFFF, 0xFFFF, 0xEFBD, 0x02B7, 0x0218, 0x0258, 0x0258, 0x0299, 0x0298, 0x0298, 0x0299,
  0x0298, 0x0299, 0x0299, 0x0298, 0x0298, 0x0298, 0x0299, 0x0298, 0x0298, 0x0298, 0x0298, 0x0298,
  0x0299, 0x0299, 0x0298, 0x0299, 0x0298, 0x0298, 0x0298, 0x0299, 0x0298, 0x0299, 0x0298, 0x0298,
  0x0298, 0x0298, 0x0298, 0x0298, 0x0298, 0x0298, 0x0298, 0x0299, 0x0298, 0x0299, 0x0298, 0x0299,
  0x0298, 0x0298, 0x0299, 0x0298, 0x0298, 0x0258, 0x0298, 0x0258, 0x0298, 0x0299, 0x0298, 0x0298,
  0x0299, 0x0258, 0x0298, 0x0299, 0x0298, 0x0298, 0x0299, 0x0258, 0x0299, 0x0298, 0x0258, 0x0299,
  0x0298, 0x0298, 0x0299, 0x0298, 0x0258, 0x0298, 0x0299, 0x0298, 0x0298, 0x0299, 0x0298, 0x0299,
  0x0298, 0x0298, 0x0298, 0x0298, 0x0298, 0x0298, 0x0298, 0x0298, 0x0298, 0x0298, 0x0298, 0x0258,
  0x0258, 0x02FA, 0x039E, 0x039E, 0x039E, 0x039E, 0x039E, 0x039E, 0x02FA, 0x0258, 0x0298, 0x0298,
  0x0298, 0x0298, 0x0298, 0x0298, 0x0299, 0x0298, 0x0298, 0x0298, 0x0299, 0x0298, 0x0298, 0x0298,
  0x0299, 0x0298, 0x0298, 0x0298, 0x0299, 0x0298, 0x0298, 0x0298, 0x0299, 0x0298, 0x0298, 0x0298,
  0x0299, 0x0298, 0x0298, 0x0298, 0x0299, 0x0298, 0x0298, 0x0298, 0x0299, 0x0298, 0x0298, 0x0298,
  0x0298, 0x0298, 0x0298, 0x0299, 0x0298, 0x0298, 0x0298, 0x0299, 0x0298, 0x0298, 0x0298, 0x0299,
  0x0298, 0x0298, 0x0298, 0x0299, 0x0298, 0x0298, 0x0298, 0x0298, 0x0298, 0x0299, 0x0298, 0x0298,
  0x0298, 0x0298, 0x0298, 0x0299, 0x0298, 0x0298, 0x0298, 0x0298, 0x0298, 0x0299, 0x0298, 0x0298,
  0x0298, 0x0298, 0x0298, 0x0298, 0x0298, 0x0298, 0x0298, 0x0298, 0x0298, 0x0298, 0x0299, 0x0298,
  0x0298, 0x0298, 0x0298, 0x0298, 0x0298, 0x0299, 0x0298, 0x0298, 0x0298, 0x0299, 0x0298, 0x0298,
  0xFFFF, 0xFFFF, 0xFFFF, 0xFFFF, 0xFFFF, 0xFFFF, 0xFFFF, 0xFFFF, 0xFFFF, 0xFFFF, 0xFFFF, 0xFFFF,
  0xFFFF, 0xFFFF, 0xFFFF, 0xFFFF, 0xFFFF, 0xFFFF, 0xFFFF, 0xFFFF, 0xFFFF, 0xFFFF, 0xFFFF, 0xFFFF,
  0xFFFF, 0xFFFF, 0xFFFF, 0xFFFF, 0xFFFF, 0xFFFF, 0xFFFF, 0xFFFF, 0xFFFF, 0xFFFF, 0xFFFF, 0xFFFF,
  0xFFFF, 0xFFFF, 0xFFFF, 0xFFFF, 0xFFFF, 0xFFFF, 0xFFFF, 0xFFFF, 0xFFFF, 0xFFFF, 0xFFFF, 0xBEDD,
  0x7CDA, 0x2BF8, 0x0256, 0x0216, 0x2C79, 0xBEDD, 0xFFFF, 0xFFFF, 0xFFFF, 0xFFFF, 0xFFFF, 0xFFFF,
  0xFFFF, 0xFFFF, 0xFFFF, 0xFFFF, 0xFFFF, 0xFFFF, 0xFFFF, 0xFFFF, 0xFFFF, 0xFFFF, 0xFFFF, 0xFFFF,
  0xFFFF, 0xFFFF, 0xFFFF, 0xFFFF, 0xFFFF, 0xFFFF, 0xFFFF, 0xFFFF, 0xFFFF, 0xFFFF, 0xC67A, 0xBEDD,
  0xFFBF, 0xFFFF, 0xFFFF, 0xFFFF, 0xFFFF, 0x661C, 0xC67A, 0xFFFF, 0xFFFF, 0xFFFF, 0xFFFF, 0xFFFF,
  0xFFFF, 0xFFFF, 0xFFFF, 0xFFFF, 0xFFFF, 0xFFFF, 0xFFFF, 0xFFFF, 0xFFFF, 0xFFFF, 0xFFFF, 0xFFFF,
  0xFFFF, 0xFFFF, 0xFFFF, 0xFFFF, 0xFFFF, 0xFFFF, 0xFFFF, 0xFFFF, 0xFFFF, 0xFFFF, 0xFFFF, 0xE7BE,
  0x0297, 0x0218, 0x0299, 0x0258, 0x0258, 0x0258, 0x0299, 0x0258, 0x0298, 0x0258, 0x0258, 0x0299,
  0x0258, 0x0259, 0x0298, 0x0298, 0x0259, 0x0258, 0x0299, 0x0258, 0x0258, 0x0298, 0x0259, 0x0298,
  0x0258, 0x0299, 0x0258, 0x0298, 0x0258, 0x0298, 0x0258, 0x0299, 0x0258, 0x0298, 0x0258, 0x0298,
  0x0258, 0x0299, 0x0299, 0x0298, 0x0299, 0x0298, 0x0299, 0x0258, 0x0299, 0x0258, 0x0258, 0x0299,
  0x0258, 0x0299, 0x0258, 0x0299, 0x0258, 0x0258, 0x0259, 0x0258, 0x0258, 0x0299, 0x0258, 0x0258,
  0x0299, 0x0258, 0x0258, 0x0299, 0x0258, 0x0259, 0x0298, 0x0258, 0x0299, 0x0258, 0x0258, 0x0299,
  0x0258, 0x0299, 0x0258, 0x0298, 0x0258, 0x0299, 0x0258, 0x0258, 0x0299, 0x0258, 0x0298, 0x0258,
  0x0299, 0x0258, 0x0299, 0x0258, 0x0298, 0x0259, 0x0298, 0x0259, 0x0258, 0x0259, 0x02FB, 0x02FB,
  0x039E, 0x039E, 0x039E, 0x02FB, 0x029A, 0x0258, 0x0298, 0x0299, 0x0258, 0x0299, 0x0258, 0x0299,
  0x0258, 0x0298, 0x0299, 0x0298, 0x0298, 0x0298, 0x0299, 0x0298, 0x0298, 0x0298, 0x0299, 0x0298,
  0x0298, 0x0298, 0x0299, 0x0298, 0x0298, 0x0298, 0x0299, 0x0298, 0x0298, 0x0298, 0x0299, 0x0298,
  0x0298, 0x0298, 0x0299, 0x0298, 0x0298, 0x0298, 0x0299, 0x0298, 0x0299, 0x0258, 0x0299, 0x0258,
  0x0298, 0x0299, 0x0298, 0x0298, 0x0298, 0x0299, 0x0298, 0x0298, 0x0298, 0x0299, 0x0298, 0x0298,
  0x0298, 0x0299, 0x0298, 0x0299, 0x0298, 0x0298, 0x0258, 0x0299, 0x0258, 0x0299, 0x0298, 0x0298,
  0x0298, 0x0299, 0x0298, 0x0298, 0x0299, 0x0298, 0x0298, 0x0299, 0x0298, 0x0299, 0x0258, 0x0299,
  0x0258, 0x0299, 0x0258, 0x0299, 0x0258, 0x0298, 0x0258, 0x0299, 0x0258, 0x0299, 0x0298, 0x0299,
  0x0258, 0x0298, 0x0258, 0x0299, 0x0298, 0x0298, 0x0258, 0x0299, 0xFFFF, 0xFFFF, 0xFFFF, 0xFFFF,
  0xFFFF, 0xFFFF, 0xFFFF, 0xFFFF, 0xFFFF, 0xFFFF, 0xFFFF, 0xFFFF, 0xFFFF, 0xFFFF, 0xFFFF, 0xFFFF,
  0xFFFF, 0xFFFF, 0xFFFF, 0xFFFF, 0xFFFF, 0xFFFF, 0xFFFF, 0xFFFF, 0xFFFF, 0xFFFF, 0xFFFF, 0xFFFF,
  0xFFFF, 0xFFFF, 0xFFFF, 0xFFFF, 0xFFFF, 0xFFFF, 0xFFFF, 0xFFFF, 0xFFFF, 0xFFFF, 0xFFFF, 0xFFFF,
  0xFFFF, 0xFFFF, 0xFFFF, 0xFFFF, 0xFFFF, 0xFFFF, 0x7CDA, 0x00D3, 0x0154, 0x0197, 0x02F7, 0x0377,
  0x01B4, 0x00F6, 0x0297, 0x859B, 0xF7FF, 0xFFFF, 0xFFFF, 0xFFFF, 0xFFFF, 0xFFFF, 0xFFFF, 0xFFFF,
  0xFFFF, 0xFFFF, 0xFFFF, 0xFFFF, 0xFFFF, 0xFFFF, 0xFFFF, 0xFFFF, 0xFFFF, 0xFFFF, 0xFFFF, 0xFFFF,
  0xFFFF, 0xFFFF, 0xFFFF, 0xFFFF, 0xFFFF, 0xFFFF, 0x9E3B, 0xEF5D, 0xFFFF, 0xFFFF, 0xFFFF, 0xF7FF,
  0x661C, 0x253A, 0xFFFF, 0xFFFF, 0xFFFF, 0xFFFF, 0xFFFF, 0xFFFF, 0xFFFF, 0xFFFF, 0xFFFF, 0xFFFF,
  0xFFFF, 0xFFFF, 0xFFFF, 0xFFFF, 0xFFFF, 0xFFFF, 0xFFFF, 0xFFFF, 0xFFFF, 0xFFFF, 0xFFFF, 0xFFFF,
  0xFFFF, 0xFFFF, 0xFFFF, 0xFFFF, 0xFFFF, 0xFFFF, 0xFFFF, 0xEFBD, 0x02B7, 0x0218, 0x0258, 0x0258,
  0x0299, 0x0258, 0x0258, 0x0298, 0x0259, 0x0299, 0x0258, 0x0259, 0x0298, 0x0258, 0x0258, 0x0298,
  0x0298, 0x0259, 0x0258, 0x0299, 0x0258, 0x0299, 0x0258, 0x0298, 0x0258, 0x0298, 0x0258, 0x0299,
  0x0258, 0x0299, 0x0258, 0x0298, 0x0258, 0x0299, 0x0258, 0x0299, 0x0258, 0x0258, 0x0258, 0x0259,
  0x0258, 0x0258, 0x0299, 0x0258, 0x0258, 0x0299, 0x0258, 0x0259, 0x0258, 0x0258, 0x0258, 0x0258,
  0x0299, 0x0258, 0x0258, 0x0299, 0x0258, 0x0258, 0x0299, 0x0258, 0x0258, 0x0259, 0x0258, 0x0258,
  0x0258, 0x0258, 0x0299, 0x0258, 0x0258, 0x0259, 0x0298, 0x0259, 0x0298, 0x0258, 0x0298, 0x0259,
  0x0298, 0x0258, 0x0299, 0x0258, 0x0258, 0x0299, 0x0259, 0x0298, 0x0259, 0x0298, 0x0258, 0x0299,
  0x0258, 0x0298, 0x0259, 0x0258, 0x0258, 0x0258, 0x0258, 0x0258, 0x029A, 0x029A, 0x02FB, 0x029A,
  0x029A, 0x0258, 0x0259, 0x0258, 0x0299, 0x0258, 0x0299, 0x0258, 0x0299, 0x0258, 0x0258, 0x0299,
  0x0258, 0x0259, 0x0258, 0x0258, 0x0299, 0x0258, 0x0258, 0x0299, 0x0258, 0x0259, 0x0258, 0x0258,
  0x0299, 0x0258, 0x0258, 0x0299, 0x0258, 0x0259, 0x0258, 0x0258, 0x0299, 0x0258, 0x0258, 0x0299,
  0x0258, 0x0259, 0x0258, 0x0258, 0x0258, 0x0299, 0x0258, 0x0299, 0x0258, 0x0258, 0x0299, 0x0258,
  0x0259, 0x0258, 0x0258, 0x0299, 0x0258, 0x0258, 0x0299, 0x0258, 0x0259, 0x0258, 0x0258, 0x0258,
  0x0299, 0x0259, 0x0298, 0x0258, 0x0299, 0x0258, 0x0258, 0x0299, 0x0258, 0x0258, 0x0299, 0x0258,
  0x0258, 0x0299, 0x0258, 0x0258, 0x0299, 0x0258, 0x0299, 0x0258, 0x0299, 0x0258, 0x0299, 0x0258,
  0x0299, 0x0258, 0x0299, 0x0258, 0x0298, 0x0258, 0x0299, 0x0258, 0x0299, 0x0258, 0x0299, 0x0258,
  0x0258, 0x0299, 0x0258, 0x0298, 0xFFFF, 0xFFFF, 0xFFFF, 0xFFFF, 0xFFFF, 0xFFFF, 0xFFFF, 0xFFFF,
  0xFFFF, 0xFFFF, 0xFFFF, 0xFFFF, 0xFFFF, 0xFFFF, 0xFFFF, 0xFFFF, 0xFFFF, 0xFFFF, 0xFFFF, 0xFFFF,
  0xFFFF, 0xFFFF, 0xFFFF, 0xFFFF, 0xFFFF, 0xFFFF, 0xFFFF, 0xFFFF, 0xFFFF, 0xFFFF, 0xFFFF, 0xFFFF,
  0xFFFF, 0xFFFF, 0xFFFF, 0xFFFF, 0xFFFF, 0xFFFF, 0xFFFF, 0xFFFF, 0xFFFF, 0xFFFF, 0xFFFF, 0xFFFF,
  0xFFFF, 0x2BF8, 0x0074, 0x0298, 0x9E3B, 0xDF7E, 0xFFFF, 0xFFFF, 0xF7BE, 0x9E3B, 0x2BF8, 0x01B4,
  0x0197, 0x2BF8, 0xBEDD, 0xFFFF, 0xFFFF, 0xFFFF, 0xFFFF, 0xFFFF, 0xFFFF, 0xFFFF, 0xFFFF, 0xFFFF,
  0xFFFF, 0xFFFF, 0xFFFF, 0xFFFF, 0xFFFF, 0xFFFF, 0xFFFF, 0xFFFF, 0xFFFF, 0xFFFF, 0xFFFF, 0xFFFF,
  0xFFFF, 0xEF5D, 0x9E3B, 0xFFFF, 0xFFFF, 0xF7FF, 0xB7DF, 0xA75D, 0x661C, 0xBEDD, 0xFFFF, 0xFFFF,
  0xFFFF, 0xFFFF, 0xFFFF, 0xFFFF, 0xFFFF, 0xFFFF, 0xFFFF, 0xFFFF, 0xFFFF, 0xFFFF, 0xFFFF, 0xFFFF,
  0xFFFF, 0xFFFF, 0xFFFF, 0xFFFF, 0xFFFF, 0xFFFF, 0xFFFF, 0xFFFF, 0xFFFF, 0xFFFF, 0xFFFF, 0xFFFF,
  0xFFFF, 0xFFFF, 0xFFFF, 0xDF7E, 0x0297, 0x0218, 0x0258, 0x0258, 0x0258, 0x0258, 0x0298, 0x0259,
  0x0298, 0x0258, 0x0298, 0x0258, 0x0259, 0x0298, 0x0259, 0x0258, 0x0258, 0x0298, 0x0258, 0x0258,
  0x0258, 0x0258, 0x0258, 0x0258, 0x0258, 0x0299, 0x0258, 0x0258, 0x0258, 0x0258, 0x0258, 0x0258,
  0x0258, 0x0258, 0x0298, 0x0258, 0x0299, 0x0258, 0x0299, 0x0258, 0x0299, 0x0258, 0x0258, 0x0299,
  0x0258, 0x0258, 0x0258, 0x0258, 0x0298, 0x0258, 0x0298, 0x0258, 0x0258, 0x0299, 0x0258, 0x0258,
  0x0299, 0x0258, 0x0258, 0x0258, 0x0258, 0x0258, 0x0299, 0x0258, 0x0299, 0x0259, 0x0258, 0x0259,
  0x0258, 0x0258, 0x0258, 0x0258, 0x0299, 0x0258, 0x0258, 0x0258, 0x0259, 0x0258, 0x0258, 0x0299,
  0x0258, 0x0258, 0x0258, 0x0258, 0x0258, 0x0259, 0x0258, 0x0258, 0x0259, 0x0258, 0x0298, 0x0258,
  0x0299, 0x0258, 0x0258, 0x0258, 0x0258, 0x0259, 0x0258, 0x0258, 0x0258, 0x0258, 0x0298, 0x0258,
  0x0258, 0x0258, 0x0258, 0x0258, 0x0258, 0x0299, 0x0258, 0x0258, 0x0258, 0x0258, 0x0299, 0x0258,
  0x0258, 0x0299, 0x0258, 0x0258, 0x0258, 0x0258, 0x0299, 0x0258, 0x0258, 0x0299, 0x0258, 0x0258,
  0x0258, 0x0258, 0x0299, 0x0258, 0x0258, 0x0299, 0x0258, 0x0258, 0x0258, 0x0298, 0x0258, 0x0299,
  0x0258, 0x0258, 0x0258, 0x0258, 0x0299, 0x0258, 0x0258, 0x0258, 0x0258, 0x0299, 0x0258, 0x0258,
  0x0299, 0x0258, 0x0258, 0x0258, 0x0298, 0x0258, 0x0299, 0x0258, 0x0258, 0x0258, 0x0299, 0x0258,
  0x0258, 0x0299, 0x0258, 0x0258, 0x0299, 0x0258, 0x0258, 0x0299, 0x0258, 0x0258, 0x0299, 0x0258,
  0x0258, 0x0258, 0x0258, 0x0258, 0x0258, 0x0258, 0x0258, 0x0258, 0x0258, 0x0258, 0x0258, 0x0258,
  0x0259, 0x0258, 0x0258, 0x0258, 0x0258, 0x0258, 0x0258, 0x0299, 0x0258, 0x0258, 0x0299, 0x0258,
  0xFFFF, 0xFFFF, 0xFFFF, 0xFFFF, 0xFFFF, 0xFFFF, 0xFFFF, 0xFFFF, 0xFFFF, 0xFFFF, 0xFFFF, 0xFFFF,
  0xFFFF, 0xFFFF, 0xFFFF, 0xFFFF, 0xFFFF, 0xFFFF, 0xFFFF, 0xFFFF, 0xFFFF, 0xFFFF, 0xFFFF, 0xFFFF,
  0xFFFF, 0xFFFF, 0xFFFF, 0xFFFF, 0xFFFF, 0xFFFF, 0xFFFF, 0xFFFF, 0xFFFF, 0xFFFF, 0xFFFF, 0xFFFF,
  0xFFFF, 0xFFFF, 0xFFFF, 0xFFFF, 0xFFFF, 0xFFFF, 0xFFFF, 0xFFFF, 0x2C79, 0x0012, 0x02F8, 0xDFFF,
  0xFFFF, 0xFFFF, 0xFFFF, 0xFFFF, 0xFFFF, 0xFFFF, 0xFFFF, 0xE7BE, 0x7C39, 0x0154, 0x00F6, 0x2BF8,
  0xDF7E, 0xFFFF, 0xFFFF, 0xFFFF, 0xFFFF, 0xFFFF, 0xFFFF, 0xFFFF, 0xFFFF, 0xFFFF, 0xFFFF, 0xFFFF,
  0xFFFF, 0xFFFF, 0xFFFF, 0xFFFF, 0xFFFF, 0xFFFF, 0xFFFF, 0xFFFF, 0xFFFF, 0xE7BE, 0xC67A, 0xFFFF,
  0xFFFF, 0xB7DF, 0xA75D, 0xB7DF, 0xA75D, 0xDEDB, 0xFFFF, 0xFFFF, 0xFFFF, 0xFFFF, 0xFFFF, 0xFFFF,
  0xFFFF, 0xFFFF, 0xFFFF, 0xFFFF, 0xFFFF, 0xFFFF, 0xFFFF, 0xFFFF, 0xFFFF, 0xFFFF, 0xFFFF, 0xFFFF,
  0xFFFF, 0xFFFF, 0xFFFF, 0xFFFF, 0xFFFF, 0xFFFF, 0xFFFF, 0xFFFF, 0xFFFF, 0xFFFF, 0xFFFF, 0xDF7E,
  0x0295, 0x02F8, 0x02F9, 0x0258, 0x0299, 0x0258, 0x0299, 0x0258, 0x0258, 0x0258, 0x0259, 0x0258,
  0x0258, 0x0258, 0x0258, 0x0258, 0x0259, 0x0258, 0x0299, 0x0258, 0x0299, 0x0258, 0x0299, 0x0258,
  0x0299, 0x0258, 0x0258, 0x0258, 0x0299, 0x0258, 0x0299, 0x0258, 0x0299, 0x0298, 0x0259, 0x0258,
  0x0298, 0x0258, 0x0258, 0x0258, 0x0258, 0x0258, 0x0258, 0x0258, 0x0258, 0x0298, 0x0259, 0x0298,
  0x0259, 0x0258, 0x0299, 0x0258, 0x0258, 0x0258, 0x0258, 0x0258, 0x0258, 0x0258, 0x0299, 0x0258,
  0x0299, 0x0298, 0x0258, 0x0258, 0x0259, 0x0258, 0x0258, 0x0258, 0x0299, 0x0258, 0x0299, 0x0258,
  0x0258, 0x0258, 0x0299, 0x0298, 0x0258, 0x0298, 0x0259, 0x0258, 0x0258, 0x0299, 0x0258, 0x0299,
  0x0298, 0x0258, 0x0299, 0x0258, 0x0298, 0x0258, 0x0258, 0x0299, 0x0258, 0x0258, 0x0299, 0x0258,
  0x0258, 0x0258, 0x0258, 0x0259, 0x0258, 0x0299, 0x0258, 0x0299, 0x0258, 0x0299, 0x0258, 0x0299,
  0x0258, 0x0258, 0x0258, 0x0299, 0x0258, 0x0299, 0x0258, 0x0258, 0x0258, 0x0258, 0x0258, 0x0299,
  0x0258, 0x0299, 0x0258, 0x0258, 0x0258, 0x0258, 0x0258, 0x0299, 0x0258, 0x0299, 0x0258, 0x0258,
  0x0258, 0x0258, 0x0258, 0x0258, 0x0299, 0x0258, 0x0299, 0x0258, 0x0258, 0x0258, 0x0299, 0x0258,
  0x0258, 0x0258, 0x0299, 0x0258, 0x0299, 0x0258, 0x0258, 0x0258, 0x0258, 0x0258, 0x0258, 0x0299,
  0x0258, 0x0299, 0x0258, 0x0258, 0x0258, 0x0258, 0x0258, 0x0258, 0x0258, 0x0258, 0x0258, 0x0258,
  0x0258, 0x0258, 0x0258, 0x0258, 0x0258, 0x0258, 0x0258, 0x0258, 0x0299, 0x0258, 0x0299, 0x0258,
  0x0299, 0x0258, 0x0299, 0x0258, 0x0299, 0x0258, 0x0299, 0x0298, 0x0258, 0x0299, 0x0258, 0x0299,
  0x0258, 0x0299, 0x0258, 0x0258, 0x0258, 0x0258, 0x0258, 0x0258, 0xFFFF, 0xFFFF, 0xFFFF, 0xFFFF,
  0xFFFF, 0xFFFF, 0xFFFF, 0xFFFF, 0xFFFF, 0xFFFF, 0xFFFF, 0xFFFF, 0xFFFF, 0xFFFF, 0xFFFF, 0xFFFF,
  0xFFFF, 0xFFFF, 0xFFFF, 0xFFFF, 0xFFFF, 0xFFFF, 0xFFFF, 0xFFFF, 0xFFFF, 0xFFFF, 0xFFFF, 0xFFFF,
  0xFFFF, 0xFFFF, 0xFFFF, 0xFFFF, 0xFFFF, 0xFFFF, 0xFFFF, 0xFFFF, 0xFFFF, 0xFFFF, 0xFFFF, 0xFFFF,
  0xFFFF, 0xFFFF, 0xFFFF, 0xBEDD, 0x00D3, 0x0255, 0xDFFF, 0xFFFF, 0xFFFF, 0xFFFF, 0xFFFF, 0xFFFF,
  0xFFFF, 0xFFFF, 0xFFFF, 0xFFFF, 0xFFFF, 0xEFFE, 0x9E3B, 0x0216, 0x00F6, 0x2BF8, 0xBEDD, 0xFFFF,
  0xFFFF, 0xFFFF, 0xFFFF, 0xFFFF, 0xFFFF, 0xFFFF, 0xFFFF, 0xFFFF, 0xFFFF, 0xFFFF, 0xFFFF, 0xFFFF,
  0xFFFF, 0xFFFF, 0xFFFF, 0xFFFF, 0xFFFF, 0xFFFF, 0x9E3B, 0xFF5E, 0xF7FF, 0xB7DF, 0xB7DF, 0xDFFF,
  0x661C, 0xA75D, 0xFFFF, 0xFFFF, 0xFFFF, 0xFFFF, 0xFFFF, 0xFFFF, 0xFFFF, 0xFFFF, 0xFFFF, 0xFFFF,
  0xFFFF, 0xFFFF, 0xFFFF, 0xFFFF, 0xFFFF, 0xFFFF, 0xFFFF, 0xFFFF, 0xFFFF, 0xFFFF, 0xFFFF, 0xFFFF,
  0xFFFF, 0xFFFF, 0xFFFF, 0xFFFF, 0xFFFF, 0xFFFF, 0xFFFF, 0xEF5D, 0x0215, 0x2C79, 0x043A, 0x01D7,
  0x0258, 0x0258, 0x0258, 0x0258, 0x0299, 0x0258, 0x0298, 0x0258, 0x0299, 0x0258, 0x0299, 0x0258,
  0x0298, 0x0258, 0x0258, 0x0258, 0x0258, 0x0258, 0x0258, 0x0258, 0x0258, 0x0258, 0x0299, 0x0258,
  0x0258, 0x0258, 0x0258, 0x0258, 0x0258, 0x0258, 0x0258, 0x0299, 0x0258, 0x0259, 0x0298, 0x0299,
  0x0258, 0x0299, 0x0258, 0x0299, 0x0258, 0x0259, 0x0258, 0x0258, 0x0258, 0x0258, 0x0258, 0x0258,
  0x0299, 0x0258, 0x0299, 0x0258, 0x0258, 0x0298, 0x0258, 0x0258, 0x0258, 0x0258, 0x0258, 0x0299,
  0x0258, 0x0298, 0x0258, 0x0298, 0x0258, 0x0258, 0x0258, 0x0258, 0x0299, 0x0258, 0x0258, 0x0258,
  0x0258, 0x0299, 0x0258, 0x0258, 0x0299, 0x0258, 0x0258, 0x0258, 0x0258, 0x0258, 0x0258, 0x0258,
  0x0299, 0x0258, 0x0259, 0x0258, 0x0258, 0x0299, 0x0258, 0x0258, 0x0299, 0x0258, 0x0258, 0x0298,
  0x0258, 0x0258, 0x0258, 0x0258, 0x0258, 0x0258, 0x0258, 0x0258, 0x0258, 0x0299, 0x0258, 0x0258,
  0x0258, 0x0258, 0x0258, 0x0299, 0x0258, 0x0299, 0x0258, 0x0258, 0x0258, 0x0258, 0x0258, 0x0299,
  0x0258, 0x0299, 0x0258, 0x0258, 0x0258, 0x0258, 0x0258, 0x0299, 0x0258, 0x0299, 0x0258, 0x0299,
  0x0258, 0x0258, 0x0258, 0x0258, 0x0299, 0x0258, 0x0258, 0x0258, 0x0299, 0x0258, 0x0258, 0x0258,
  0x0258, 0x0258, 0x0299, 0x0258, 0x0299, 0x0258, 0x0299, 0x0258, 0x0258, 0x0258, 0x0258, 0x0299,
  0x0258, 0x0299, 0x0258, 0x0299, 0x0258, 0x0299, 0x0258, 0x0299, 0x0258, 0x0299, 0x0258, 0x0299,
  0x0258, 0x0299, 0x0258, 0x0299, 0x0258, 0x0258, 0x0258, 0x0258, 0x0258, 0x0258, 0x0258, 0x0258,
  0x0258, 0x0258, 0x0258, 0x0258, 0x0258, 0x0258, 0x0258, 0x0258, 0x0258, 0x0258, 0x0258, 0x0299,
  0x0258, 0x0299, 0x0258, 0x0299, 0xFFFF, 0xFFFF, 0xFFFF, 0xFFFF, 0xFFFF, 0xFFFF, 0xFFFF, 0xFFFF,
  0xFFFF, 0xFFFF, 0xFFFF, 0xFFFF, 0xFFFF, 0xFFFF, 0xFFFF, 0xFFFF, 0xFFFF, 0xFFFF, 0xFFFF, 0xFFFF,
  0xFFFF, 0xFFFF, 0xFFFF, 0xFFFF, 0xFFFF, 0xFFFF, 0xFFFF, 0xFFFF, 0xFFFF, 0xFFFF, 0xFFFF, 0xFFFF,
  0xFFFF, 0xFFFF, 0xFFFF, 0xFFFF, 0xFFFF, 0xFFFF, 0xFFFF, 0xFFFF, 0xFFFF, 0xFFFF, 0xF7FF, 0x0255,
  0x0074, 0xA75D, 0xFFBF, 0xFFFF, 0xFFFF, 0xFFFF, 0xFFFF, 0xFFFF, 0xFFFF, 0xFFFF, 0xFFFF, 0xFFFF,
  0xFFFF, 0xFFFF, 0xFFFF, 0xFFFF, 0x7CDA, 0x01B4, 0x0197, 0x02B7, 0x0377, 0x7CDA, 0xBEDD, 0xF7FF,
  0xFFFF, 0xFFFF, 0xFFFF, 0xFFFF, 0xFFFF, 0xFFFF, 0xFFFF, 0xFFFF, 0xFFFF, 0xFFFF, 0xFFFF, 0xFFFF,
  0xFFFF, 0xFFFF, 0xC67A, 0xCF3D, 0xB7DF, 0xB7DF, 0xDFFF, 0xB7DF, 0x253A, 0x2C79, 0xDFFF, 0xFFFF,
  0xFFFF, 0xFFFF, 0xFFFF, 0xFFFF, 0xFFFF, 0xFFFF, 0xFFFF, 0xFFFF, 0xFFFF, 0xFFFF, 0xFFFF, 0xFFFF,
  0xFFFF, 0xFFFF, 0xFFFF, 0xFFFF, 0xFFFF, 0xFFFF, 0xFFFF, 0xFFFF, 0xFFFF, 0xFFFF, 0xFFFF, 0xFFFF,
  0xFFFF, 0xFFFF, 0xFFFF, 0xE7BE, 0x0215, 0x043A, 0x0339, 0x0218, 0x0259, 0x0298, 0x0299, 0x0258,
  0x0258, 0x0299, 0x0258, 0x0258, 0x0258, 0x0258, 0x0258, 0x0299, 0x0258, 0x0299, 0x0258, 0x0299,
  0x0258, 0x0299, 0x0258, 0x0299, 0x0258, 0x0258, 0x0258, 0x0299, 0x0258, 0x0299, 0x0258, 0x0299,
  0x0258, 0x0299, 0x0258, 0x0258, 0x0258, 0x0258, 0x0258, 0x0258, 0x0258, 0x0258, 0x0258, 0x0258,
  0x0299, 0x0258, 0x0258, 0x0299, 0x0258, 0x0258, 0x0299, 0x0258, 0x0258, 0x0258, 0x0258, 0x0258,
  0x0259, 0x0258, 0x0258, 0x0299, 0x0258, 0x0299, 0x0258, 0x0258, 0x0258, 0x0259, 0x0258, 0x0258,
  0x0259, 0x0298, 0x0259, 0x0258, 0x0258, 0x0259, 0x0258, 0x0259, 0x0258, 0x0258, 0x0258, 0x0258,
  0x0258, 0x0258, 0x0299, 0x0258, 0x0299, 0x0258, 0x0299, 0x0258, 0x0258, 0x0258, 0x0258, 0x0299,
  0x0258, 0x0258, 0x0258, 0x0258, 0x0258, 0x0299, 0x0258, 0x0259, 0x0298, 0x0259, 0x0298, 0x0299,
  0x0258, 0x0299, 0x0258, 0x0299, 0x0258, 0x0258, 0x0299, 0x0258, 0x0299, 0x0258, 0x0258, 0x0258,
  0x0258, 0x0258, 0x0299, 0x0258, 0x0299, 0x0258, 0x0258, 0x0258, 0x0258, 0x0258, 0x0299, 0x0258,
  0x0299, 0x0258, 0x0258, 0x0258, 0x0258, 0x0258, 0x0258, 0x0258, 0x0299, 0x0258, 0x0299, 0x0258,
  0x0258, 0x0299, 0x0258, 0x0258, 0x0258, 0x0299, 0x0258, 0x0299, 0x0258, 0x0258, 0x0258, 0x0258,
  0x0258, 0x0258, 0x0258, 0x0299, 0x0258, 0x0299, 0x0258, 0x0258, 0x0258, 0x0258, 0x0258, 0x0258,
  0x0258, 0x0258, 0x0258, 0x0258, 0x0258, 0x0258, 0x0258, 0x0258, 0x0258, 0x0258, 0x0258, 0x0258,
  0x0258, 0x0299, 0x0258, 0x0299, 0x0258, 0x0299, 0x0258, 0x0299, 0x0258, 0x0299, 0x0258, 0x0299,
  0x0258, 0x0299, 0x0258, 0x0299, 0x0258, 0x0299, 0x0258, 0x0258, 0x0258, 0x0258, 0x0258, 0x0258,
  0xFFFF, 0xFFFF, 0xFFFF, 0xFFFF, 0xFFFF, 0xFFFF, 0xFFFF, 0xFFFF, 0xFFFF, 0xFFFF, 0xFFFF, 0xFFFF,
  0xFFFF, 0xFFFF, 0xFFFF, 0xFFFF, 0xFFFF, 0xFFFF, 0xFFFF, 0xFFFF, 0xFFFF, 0xFFFF, 0xFFFF, 0xFFFF,
  0xFFFF, 0xFFFF, 0xFFFF, 0xFFFF, 0xFFFF, 0xFFFF, 0xFFFF, 0xFFFF, 0xFFFF, 0xFFFF, 0xFFFF, 0xFFFF,
  0xFFFF, 0xFFFF, 0xFFFF, 0xFFFF, 0xFFFF, 0xFFFF, 0x7CDA, 0x0012, 0x253A, 0xFFFF, 0xFFFF, 0xFFFF,
  0xFFFF, 0xFFFF, 0xFFFF, 0xFFFF, 0xFFFF, 0xFFFF, 0xFFFF, 0xFFFF, 0xFFFF, 0xFFFF, 0xFFFF, 0xFFFF,
  0xFFFF, 0xEFBF, 0xBEDD, 0x7CDA, 0x0377, 0x0216, 0x0215, 0x01D6, 0x0258, 0x2C79, 0x859B, 0xEFBF,
  0xFFFF, 0xFFFF, 0xFFFF, 0xFFFF, 0xFFFF, 0xFFFF, 0xFFFF, 0xFFFF, 0xFFFF, 0xFFFF, 0xC67A, 0xA75D,
  0xDFFF, 0xB7DF, 0x661C, 0x859B, 0xCF3D, 0xC67A, 0x2C79, 0xCF3D, 0xFFFF, 0xFFFF, 0xFFFF, 0xFFFF,
  0xFFFF, 0xFFFF, 0xFFFF, 0xFFFF, 0xFFFF, 0xFFFF, 0xFFFF, 0xFFFF, 0xFFFF, 0xFFFF, 0xFFFF, 0xFFFF,
  0xFFFF, 0xFFFF, 0xFFFF, 0xFFFF, 0xFFFF, 0xFFFF, 0xFFFF, 0xFFFF, 0xFFFF, 0xFFFF, 0xFFFF, 0xDF7E,
  0x0255, 0x0258, 0x0298, 0x0258, 0x0258, 0x0258, 0x0258, 0x0259, 0x0258, 0x0258, 0x0259, 0x0258,
  0x0258, 0x0298, 0x0258, 0x0258, 0x0258, 0x0258, 0x02B7, 0x0258, 0x0258, 0x0258, 0x0258, 0x0258,
  0x0258, 0x0259, 0x0258, 0x0258, 0x0258, 0x0258, 0x0258, 0x0258, 0x0258, 0x0258, 0x0258, 0x0258,
  0x0258, 0x0258, 0x0258, 0x0259, 0x0258, 0x0299, 0x0258, 0x0258, 0x0258, 0x0258, 0x0258, 0x0258,
  0x0258, 0x0258, 0x0258, 0x0258, 0x0258, 0x0258, 0x0258, 0x0258, 0x0258, 0x0259, 0x0258, 0x0258,
  0x0258, 0x0258, 0x0258, 0x0258, 0x0258, 0x0258, 0x0258, 0x0258, 0x0258, 0x0258, 0x0258, 0x0258,
  0x0258, 0x0258, 0x0258, 0x0258, 0x0258, 0x0259, 0x0258, 0x0258, 0x0259, 0x0258, 0x0258, 0x0258,
  0x0258, 0x0258, 0x0258, 0x0258, 0x0259, 0x0258, 0x0258, 0x0258, 0x0258, 0x0258, 0x0259, 0x0258,
  0x0258, 0x0258, 0x0258, 0x0258, 0x0258, 0x0258, 0x0258, 0x0258, 0x0258, 0x0258, 0x0258, 0x0258,
  0x0258, 0x0258, 0x0258, 0x0258, 0x0258, 0x0259, 0x0258, 0x0299, 0x0258, 0x0258, 0x0258, 0x0258,
  0x0258, 0x0259, 0x0258, 0x0299, 0x0258, 0x0258, 0x0258, 0x0258, 0x0258, 0x0299, 0x0258, 0x0259,
  0x0258, 0x0299, 0x0258, 0x0258, 0x0258, 0x0258, 0x0258, 0x0259, 0x0258, 0x0258, 0x0299, 0x0258,
  0x0258, 0x0258, 0x0258, 0x0258, 0x0299, 0x0258, 0x0259, 0x0258, 0x0299, 0x0258, 0x0258, 0x0258,
  0x0258, 0x0258, 0x0258, 0x0259, 0x0258, 0x0299, 0x0258, 0x0259, 0x0258, 0x0299, 0x0258, 0x0259,
  0x0258, 0x0299, 0x0258, 0x0258, 0x0259, 0x0258, 0x0258, 0x0259, 0x0258, 0x0258, 0x0258, 0x0258,
  0x0258, 0x0258, 0x0258, 0x0258, 0x0258, 0x0258, 0x0258, 0x0258, 0x0258, 0x0258, 0x0258, 0x0258,
  0x0258, 0x0258, 0x0258, 0x0259, 0x0258, 0x0299, 0x0258, 0x0258, 0xFFFF, 0xFFFF, 0xFFFF, 0xFFFF,
  0xFFFF, 0xFFFF, 0xFFFF, 0xFFFF, 0xFFFF, 0xFFFF, 0xFFFF, 0xFFFF, 0xFFFF, 0xFFFF, 0xFFFF, 0xFFFF,
  0xFFFF, 0xFFFF, 0xFFFF, 0xFFFF, 0xFFFF, 0xFFFF, 0xFFFF, 0xFFFF, 0xFFFF, 0xFFFF, 0xFFFF, 0xFFFF,
  0xFFFF, 0xFFFF, 0xFFFF, 0xFFFF, 0xFFFF, 0xFFFF, 0xFFFF, 0xFFFF, 0xFFFF, 0xFFFF, 0xFFFF, 0xFFFF,
  0xFFFF, 0xFFFF, 0x02B7, 0x00B6, 0xDF7E, 0xFFFF, 0xFFFF, 0xFFFF, 0xFFFF, 0xFFFF, 0xFFFF, 0xFFFF,
  0xFFFF, 0xFFFF, 0xFFFF, 0xFFFF, 0xFFFF, 0xFFFF, 0xFFFF, 0xFFFF, 0xFFFF, 0xFFFF, 0xFFFF, 0xFFFF,
  0xFFFF, 0xF7FF, 0xCF3D, 0x7CDA, 0x2BF8, 0x0216, 0x01D7, 0x0217, 0x0377, 0x859B, 0xCF3D, 0xFFFF,
  0xFFFF, 0xFFFF, 0xFFFF, 0xFFFF, 0xFFFF, 0xFFFF, 0xCF3D, 0xA75D, 0xBEDD, 0x661C, 0x859B, 0xEFBD,
  0xFFFF, 0xFFFF, 0x9E3B, 0x2C79, 0xB7DF, 0xFFFF, 0xFFFF, 0xFFFF, 0xFFFF, 0xFFFF, 0xFFFF, 0xFFFF,
  0xFFFF, 0xFFFF, 0xFFFF, 0xFFFF, 0xFFFF, 0xFFFF, 0xFFFF, 0xFFFF, 0xFFFF, 0xFFFF, 0xFFFF, 0xFFFF,
  0xFFFF, 0xFFFF, 0xFFFF, 0xFFFF, 0xFFFF, 0xFFFF, 0xFFFF, 0xE7BE, 0x02B7, 0x01D7, 0x0218, 0x0299,
  0x0258, 0x0258, 0x0258, 0x0258, 0x0258, 0x0258, 0x0258, 0x0258, 0x0258, 0x0258, 0x0258, 0x0258,
  0x0258, 0x4A56, 0x1A97, 0x0258, 0x0258, 0x0258, 0x0258, 0x0258, 0x0258, 0x0258, 0x0258, 0x0258,
  0x0258, 0x0258, 0x0258, 0x0258, 0x0258, 0x0258, 0x0258, 0x0258, 0x0258, 0x0258, 0x0258, 0x0258,
  0x0258, 0x0258, 0x0258, 0x0259, 0x0258, 0x0258, 0x0258, 0x0258, 0x0258, 0x0258, 0x0258, 0x0258,
  0x0258, 0x0258, 0x0258, 0x0258, 0x0258, 0x0258, 0x0258, 0x0258, 0x0258, 0x0258, 0x0258, 0x0258,
  0x0258, 0x0258, 0x0258, 0x0258, 0x0258, 0x0258, 0x0258, 0x0258, 0x0258, 0x0258, 0x0258, 0x0258,
  0x0258, 0x0258, 0x0258, 0x0258, 0x0258, 0x0258, 0x0258, 0x0258, 0x0258, 0x0258, 0x0258, 0x0258,
  0x0258, 0x0258, 0x0259, 0x0258, 0x0258, 0x0258, 0x0258, 0x0258, 0x0258, 0x0258, 0x0258, 0x0258,
  0x0258, 0x0258, 0x0258, 0x0258, 0x0258, 0x0258, 0x0258, 0x0258, 0x0258, 0x0299, 0x0258, 0x0258,
  0x0258, 0x0258, 0x0258, 0x0258, 0x0258, 0x0259, 0x0258, 0x0258, 0x0258, 0x0258, 0x0258, 0x0258,
  0x0258, 0x0259, 0x0258, 0x0258, 0x0258, 0x0258, 0x0258, 0x0258, 0x0258, 0x0258, 0x0258, 0x0259,
  0x0258, 0x0258, 0x0258, 0x0258, 0x0258, 0x0258, 0x0258, 0x0258, 0x0259, 0x0258, 0x0258, 0x0258,
  0x0258, 0x0258, 0x0258, 0x0258, 0x0258, 0x0258, 0x0259, 0x0258, 0x0258, 0x0258, 0x0258, 0x0258,
  0x0258, 0x0258, 0x0258, 0x0258, 0x0258, 0x0258, 0x0258, 0x0258, 0x0258, 0x0258, 0x0258, 0x0258,
  0x0258, 0x0258, 0x0258, 0x0258, 0x0258, 0x0258, 0x0258, 0x0258, 0x0258, 0x0258, 0x0258, 0x0258,
  0x0258, 0x0258, 0x0258, 0x0258, 0x0258, 0x0258, 0x0258, 0x0258, 0x0258, 0x0258, 0x0258, 0x0258,
  0x0258, 0x0258, 0x0258, 0x0258, 0xFFFF, 0xFFFF, 0xFFFF, 0xFFFF, 0xFFFF, 0xFFFF, 0xFFFF, 0xFFFF,
  0xFFFF, 0xFFFF, 0xFFFF, 0xFFFF, 0xFFFF, 0xFFFF, 0xFFFF, 0xFFFF, 0xFFFF, 0xFFFF, 0xFFFF, 0xFFFF,
  0xFFFF, 0xFFFF, 0xFFFF, 0xFFFF, 0xFFFF, 0xFFFF, 0xFFFF, 0xFFFF, 0xFFFF, 0xFFFF, 0xFFFF, 0xFFFF,
  0xFFFF, 0xFFFF, 0xFFFF, 0xFFFF, 0xFFFF, 0xFFFF, 0xFFFF, 0xFFFF, 0xFFFF, 0xEF5D, 0x00D3, 0x2C79,
  0xF7FF, 0xFFFF, 0xFFFF, 0xFFFF, 0xFFFF, 0xFFFF, 0xFFFF, 0xFFFF, 0xFFFF, 0xFFFF, 0xFFFF, 0xFFFF,
  0xFFFF, 0xFFFF, 0xFFFF, 0xFFFF, 0xFFFF, 0xFFFF, 0xFFFF, 0xFFFF, 0xFFFF, 0xFFFF, 0xFFFF, 0xFFFF,
  0xFFFF, 0xFFFF, 0xE7BE, 0x859B, 0x3B38, 0x0217, 0x00F6, 0x01D7, 0x2BF8, 0x9E3B, 0xEFBF, 0xFFFF,
  0xFFFF, 0xFFFF, 0xDF7E, 0x7CDA, 0x859B, 0xCF3D, 0xFFBE, 0xFFFF, 0xFFFF, 0xFFFF, 0xFFFF, 0xBEDD,
  0x2BF8, 0xBEDD, 0xFFFF, 0xFFFF, 0xFFFF, 0xFFFF, 0xFFFF, 0xFFFF, 0xFFFF, 0xFFFF, 0xFFFF, 0xFFFF,
  0xFFFF, 0xFFFF, 0xFFFF, 0xFFFF, 0xFFFF, 0xFFFF, 0xFFFF, 0xFFFF, 0xFFFF, 0xFFFF, 0xFFFF, 0xFFFF,
  0xFFFF, 0xFFFF, 0xFFFF, 0xF7BE, 0x0297, 0x0198, 0x0258, 0x0258, 0x0258, 0x0258, 0x0258, 0x0258,
  0x0258, 0x0258, 0x0258, 0x0258, 0x0258, 0x0258, 0x0218, 0x1A97, 0x4A56, 0x1A97, 0x01D8, 0x0258,
  0x0258, 0x0258, 0x0258, 0x0258, 0x0258, 0x0258, 0x0258, 0x0258, 0x0258, 0x0258, 0x0258, 0x0258,
  0x0258, 0x0258, 0x0258, 0x0258, 0x0258, 0x0258, 0x0258, 0x0258, 0x0258, 0x0258, 0x0258, 0x0258,
  0x0258, 0x0258, 0x0258, 0x0258, 0x0258, 0x0258, 0x0258, 0x0258, 0x0258, 0x0258, 0x0258, 0x0258,
  0x0258, 0x0258, 0x0258, 0x0258, 0x0258, 0x0258, 0x0258, 0x0258, 0x0258, 0x0258, 0x0258, 0x0258,
  0x0258, 0x0258, 0x0258, 0x0258, 0x0258, 0x0258, 0x0258, 0x0258, 0x0258, 0x0258, 0x0258, 0x0258,
  0x0258, 0x0258, 0x0258, 0x0258, 0x0258, 0x0258, 0x0258, 0x0258, 0x0258, 0x0258, 0x0258, 0x0258,
  0x0258, 0x0258, 0x0258, 0x0258, 0x0258, 0x0258, 0x0258, 0x0258, 0x0258, 0x0258, 0x0258, 0x0258,
  0x0258, 0x0258, 0x0258, 0x0258, 0x0258, 0x0258, 0x0258, 0x0258, 0x0258, 0x0258, 0x0258, 0x0258,
  0x0258, 0x0258, 0x0258, 0x0258, 0x0258, 0x0258, 0x0258, 0x0258, 0x0258, 0x0258, 0x0258, 0x0258,
  0x0258, 0x0258, 0x0258, 0x0258, 0x0258, 0x0258, 0x0258, 0x0258, 0x0258, 0x0258, 0x0258, 0x0258,
  0x0258, 0x0258, 0x0258, 0x0258, 0x0258, 0x0258, 0x0258, 0x0258, 0x0258, 0x0258, 0x0258, 0x0258,
  0x0258, 0x0258, 0x0258, 0x0258, 0x0258, 0x0258, 0x0258, 0x0258, 0x0258, 0x0258, 0x0258, 0x0258,
  0x0258, 0x0258, 0x0258, 0x0258, 0x0258, 0x0258, 0x0258, 0x0258, 0x0258, 0x0258, 0x0258, 0x0258,
  0x0258, 0x0258, 0x0258, 0x0258, 0x0258, 0x0258, 0x0258, 0x0258, 0x0258, 0x0258, 0x0258, 0x0258,
  0x0258, 0x0258, 0x0258, 0x0258, 0x0258, 0x0258, 0x0258, 0x0258, 0x0258, 0x0258, 0x0258, 0x0258,
  0xFFFF, 0xFFFF, 0xFFFF, 0xFFFF, 0xFFFF, 0xFFFF, 0xFFFF, 0xFFFF, 0xFFFF, 0xFFFF, 0xFFFF, 0xFFFF,
  0xFFFF, 0xFFFF, 0xFFFF, 0xFFFF, 0xFFFF, 0xFFFF, 0xFFFF, 0xFFFF, 0xFFFF, 0xFFFF, 0xFFFF, 0xFFFF,
  0xFFFF, 0xFFFF, 0xFFFF, 0xFFFF, 0xFFFF, 0xFFFF, 0xFFFF, 0xFFFF, 0xFFFF, 0xFFFF, 0xFFFF, 0xFFFF,
  0xFFFF, 0xFFFF, 0xFFFF, 0xFFFF, 0xFFFF, 0x7CDA, 0x00D3, 0xB7DF, 0xFFFF, 0xFFFF, 0xFFFF, 0xFFFF,
  0xFFFF, 0xFFFF, 0xFFFF, 0xFFFF, 0xFFFF, 0xFFFF, 0xFFFF, 0xFFFF, 0xFFFF, 0xFFFF, 0xFFFF, 0xFFFF,
  0xFFFF, 0xFFFF, 0xFFFF, 0xFFFF, 0xFFFF, 0xFFFF, 0xFFFF, 0xFFFF, 0xFFFF, 0xFFFF, 0xFFFF, 0xFFFF,
  0xFFFF, 0xF7FF, 0x9E3B, 0x2C79, 0x01D8, 0x00F6, 0x0217, 0x2BF8, 0x9E3B, 0xCF3D, 0x9E3B, 0x9E3B,
  0xFFFF, 0xFFFF, 0xFFFF, 0xFFFF, 0xFFFF, 0xFFFF, 0xFFFF, 0xFFFF, 0xC67A, 0x2C79, 0xCF3D, 0xFFFF,
  0xFFFF, 0xFFFF, 0xFFFF, 0xFFFF, 0xFFFF, 0xFFFF, 0xFFFF, 0xFFFF, 0xFFFF, 0xFFFF, 0xFFFF, 0xFFFF,
  0xFFFF, 0xFFFF, 0xFFFF, 0xFFFF, 0xFFFF, 0xFFFF, 0xFFFF, 0xFFFF, 0xFFFF, 0xFFFF, 0xFFFF, 0xE7BE,
  0x02B7, 0x01D8, 0x0258, 0x0258, 0x0258, 0x0258, 0x0258, 0x0258, 0x0258, 0x0258, 0x0258, 0x0258,
  0x0258, 0x0258, 0x0259, 0x1A97, 0x0259, 0x0259, 0x0258, 0x0218, 0x0258, 0x0258, 0x0258, 0x0258,
  0x0258, 0x0258, 0x0258, 0x0258, 0x0258, 0x0258, 0x0258, 0x0258, 0x0258, 0x0258, 0x0258, 0x0258,
  0x0258, 0x0258, 0x0258, 0x0258, 0x0258, 0x0258, 0x0258, 0x0258, 0x0258, 0x0258, 0x0258, 0x0258,
  0x0258, 0x0258, 0x0218, 0x0258, 0x0218, 0x0258, 0x0258, 0x0258, 0x0258, 0x0258, 0x0258, 0x0258,
  0x0258, 0x0218, 0x0258, 0x0258, 0x0258, 0x0258, 0x0258, 0x0258, 0x0258, 0x0258, 0x0258, 0x0258,
  0x0258, 0x0258, 0x0258, 0x0258, 0x0258, 0x0258, 0x0258, 0x0258, 0x0258, 0x0258, 0x0258, 0x0258,
  0x0258, 0x0258, 0x0258, 0x0258, 0x0258, 0x0258, 0x0258, 0x0258, 0x0258, 0x0258, 0x0258, 0x0258,
  0x0218, 0x0258, 0x0258, 0x0258, 0x0258, 0x0258, 0x0258, 0x0258, 0x0258, 0x0258, 0x0258, 0x0258,
  0x0258, 0x0258, 0x0258, 0x0258, 0x0258, 0x0258, 0x0258, 0x0258, 0x0258, 0x0258, 0x0258, 0x0258,
  0x0258, 0x0258, 0x0258, 0x0258, 0x0258, 0x0258, 0x0258, 0x0258, 0x0258, 0x0258, 0x0258, 0x0258,
  0x0258, 0x0258, 0x0258, 0x0258, 0x0258, 0x0258, 0x0258, 0x0258, 0x0258, 0x0258, 0x0258, 0x0258,
  0x0258, 0x0258, 0x0258, 0x0258, 0x0258, 0x0258, 0x0258, 0x0258, 0x0258, 0x0258, 0x0258, 0x0258,
  0x0258, 0x0258, 0x0258, 0x0258, 0x0258, 0x0258, 0x0258, 0x0258, 0x0258, 0x0258, 0x0258, 0x0258,
  0x0258, 0x0258, 0x0258, 0x0258, 0x0258, 0x0258, 0x0258, 0x0258, 0x0258, 0x0258, 0x0258, 0x0258,
  0x0258, 0x0258, 0x0258, 0x0258, 0x0258, 0x0258, 0x0258, 0x0258, 0x0258, 0x0258, 0x0258, 0x0258,
  0x0258, 0x0258, 0x0258, 0x0258, 0x0258, 0x0258, 0x0258, 0x0258, 0xFFFF, 0xFFFF, 0xFFFF, 0xFFFF,
  0xFFFF, 0xFFFF, 0xFFFF, 0xFFFF, 0xFFFF, 0xFFFF, 0xFFFF, 0xFFFF, 0xFFFF, 0xFFFF, 0xFFFF, 0xFFFF,
  0xFFFF, 0xFFFF, 0xFFFF, 0xFFFF, 0xFFFF, 0xFFFF, 0xFFFF, 0xFFFF, 0xFFFF, 0xFFFF, 0xFFFF, 0xFFFF,
  0xFFFF, 0xFFFF, 0xFFFF, 0xFFFF, 0xFFFF, 0xFFFF, 0xFFFF, 0xFFFF, 0xFFFF, 0xFFFF, 0xFFFF, 0xFFFF,
  0xFFFF, 0x0255, 0x0377, 0xFFFF, 0xFFFF, 0xFFFF, 0xFFFF, 0xFFFF, 0xFFFF, 0xFFFF, 0xFFFF, 0xFFFF,
  0xFFFF, 0xFFFF, 0xFFFF, 0xFFFF, 0xFFFF, 0xFFFF, 0xFFFF, 0xFFFF, 0xFFFF, 0xFFFF, 0xFFFF, 0xFFFF,
  0xFFFF, 0xFFFF, 0xFFFF, 0xFFFF, 0xFFFF, 0xFFFF, 0xFFFF, 0xFFFF, 0xFFFF, 0xFFFF, 0xFFFF, 0xFFFF,
  0xFFFF, 0xCF3D, 0x859B, 0x2BF8, 0x01B4, 0x859B, 0xF7FF, 0xFFFF, 0xFFFF, 0xFFFF, 0xFFFF, 0xFFFF,
  0xFFFF, 0xFFFF, 0xFFFF, 0xFFFF, 0xFFFF, 0xBEDD, 0x2C79, 0xA75D, 0xFFFF, 0xFFFF, 0xFFFF, 0xFFFF,
  0xFFFF, 0xFFFF, 0xFFFF, 0xFFFF, 0xFFFF, 0xFFFF, 0xFFFF, 0xFFFF, 0xFFFF, 0xFFFF, 0xFFFF, 0xFFFF,
  0xFFFF, 0xFFFF, 0xFFFF, 0xFFFF, 0xFFFF, 0xFFFF, 0xFFFF, 0xE7BE, 0x02B7, 0x01D8, 0x0218, 0x0258,
  0x0258, 0x0258, 0x0258, 0x0258, 0x0258, 0x0258, 0x0258, 0x0258, 0x0218, 0x0258, 0x0259, 0x0218,
  0x0218, 0x0218, 0x0258, 0x0258, 0x0258, 0x0218, 0x0258, 0x0218, 0x0258, 0x0218, 0x0258, 0x0218,
  0x0258, 0x0218, 0x0258, 0x0218, 0x0258, 0x0218, 0x0258, 0x0218, 0x0258, 0x0218, 0x0258, 0x0258,
  0x0258, 0x0258, 0x0258, 0x0258, 0x0258, 0x0258, 0x0258, 0x0258, 0x0218, 0x0258, 0x0258, 0x0258,
  0x0258, 0x0218, 0x0258, 0x0218, 0x0258, 0x0218, 0x0258, 0x0218, 0x0258, 0x0258, 0x0218, 0x0258,
  0x0218, 0x0258, 0x0258, 0x0258, 0x0258, 0x0258, 0x0258, 0x0258, 0x0218, 0x0258, 0x0218, 0x0258,
  0x0218, 0x0258, 0x0218, 0x0258, 0x0258, 0x0258, 0x0218, 0x0258, 0x0218, 0x0258, 0x0218, 0x0258,
  0x0258, 0x0258, 0x0258, 0x0258, 0x0258, 0x0258, 0x0258, 0x0258, 0x0258, 0x0258, 0x0258, 0x0218,
  0x0258, 0x0218, 0x0258, 0x0258, 0x0258, 0x0258, 0x0258, 0x0258, 0x0258, 0x0218, 0x0258, 0x0258,
  0x0258, 0x0258, 0x0258, 0x0258, 0x0258, 0x0258, 0x0258, 0x0258, 0x0258, 0x0258, 0x0258, 0x0258,
  0x0258, 0x0258, 0x0258, 0x0258, 0x0258, 0x0258, 0x0258, 0x0258, 0x0258, 0x0258, 0x0258, 0x0258,
  0x0258, 0x0258, 0x0258, 0x0258, 0x0258, 0x0258, 0x0258, 0x0258, 0x0258, 0x0258, 0x0258, 0x0258,
  0x0258, 0x0258, 0x0258, 0x0258, 0x0258, 0x0258, 0x0258, 0x0258, 0x0258, 0x0258, 0x0258, 0x0258,
  0x0258, 0x0258, 0x0258, 0x0258, 0x0258, 0x0258, 0x0258, 0x0258, 0x0258, 0x0258, 0x0258, 0x0258,
  0x0258, 0x0258, 0x0258, 0x0258, 0x0258, 0x0258, 0x0258, 0x0258, 0x0258, 0x0258, 0x0258, 0x0258,
  0x0258, 0x0258, 0x0258, 0x0258, 0x0258, 0x0258, 0x0258, 0x0258, 0x0258, 0x0258, 0x0258, 0x0258,
  0x0258, 0x0258, 0x0258, 0x0258, 0xFFFF, 0xFFFF, 0xFFFF, 0xFFFF, 0xFFFF, 0xFFFF, 0xFFFF, 0xFFFF,
  0xFFFF, 0xFFFF, 0xFFFF, 0xFFFF, 0xFFFF, 0xFFFF, 0xFFFF, 0xFFFF, 0xFFFF, 0xFFFF, 0xFFFF, 0xFFFF,
  0xFFFF, 0xFFFF, 0xFFFF, 0xFFFF, 0xFFFF, 0xFFFF, 0xFFFF, 0xFFFF, 0xFFFF, 0xFFFF, 0xFFFF, 0xFFFF,
  0xFFFF, 0xFFFF, 0xFFFF, 0xFFFF, 0xFFFF, 0xFFFF, 0xFFFF, 0xFFFF, 0xCF3D, 0x00D3, 0x9E3B, 0xFFFF,
  0xFFFF, 0xFFFF, 0xFFFF, 0xFFFF, 0xFFFF, 0xFFFF, 0xFFFF, 0xFFFF, 0xFFFF, 0xFFFF, 0xFFFF, 0xFFFF,
  0xFFFF, 0xFFFF, 0xFFFF, 0xFFFF, 0xFFFF, 0xFFFF, 0xFFFF, 0xFFFF, 0xFFFF, 0xFFFF, 0xFFFF, 0xFFFF,
  0xFFFF, 0xFFFF, 0xFFFF, 0xFFFF, 0xFFFF, 0xFFFF, 0xFFFF, 0xFFFF, 0xFFFF, 0xFFFF, 0xFFFF, 0xEFBF,
  0x9E3B, 0xF7FF, 0xFFFF, 0xFFFF, 0xFFFF, 0xFFFF, 0xFFFF, 0xFFFF, 0xFFFF, 0xFFFF, 0xFFFF, 0xFFFF,
  0xFFFF, 0xFFFF, 0xBEDD, 0x2C79, 0xA75D, 0xFFFF, 0xFFFF, 0xFFFF, 0xFFFF, 0xFFFF, 0xFFFF, 0xFFFF,
  0xFFFF, 0xFFFF, 0xFFFF, 0xFFFF, 0xFFFF, 0xFFFF, 0xFFFF, 0xFFFF, 0xFFFF, 0xFFFF, 0xFFFF, 0xFFFF,
  0xFFFF, 0xFFFF, 0xFFFF, 0xF7BE, 0x02B7, 0x0199, 0x0258, 0x0218, 0x0258, 0x0258, 0x0258, 0x0218,
  0x0258, 0x0218, 0x0258, 0x0218, 0x0258, 0x0258, 0x0218, 0x0258, 0x0258, 0x0258, 0x0218, 0x0258,
  0x0218, 0x0258, 0x0218, 0x0258, 0x0258, 0x0258, 0x0218, 0x0258, 0x0258, 0x0258, 0x0218, 0x0258,
  0x0258, 0x0258, 0x0218, 0x0258, 0x0258, 0x0258, 0x0258, 0x0258, 0x0218, 0x0258, 0x0218, 0x0258,
  0x0218, 0x0258, 0x0218, 0x0258, 0x0258, 0x0258, 0x0218, 0x0258, 0x0218, 0x0258, 0x0258, 0x0258,
  0x0258, 0x0258, 0x0218, 0x0258, 0x0258, 0x0218, 0x0258, 0x0258, 0x0258, 0x0258, 0x0258, 0x0218,
  0x0258, 0x0218, 0x0258, 0x0218, 0x0258, 0x0258, 0x0258, 0x0258, 0x0258, 0x0258, 0x0258, 0x0258,
  0x0258, 0x0218, 0x0258, 0x0258, 0x0258, 0x0258, 0x0258, 0x0258, 0x0218, 0x0218, 0x0218, 0x0218,
  0x0258, 0x0218, 0x0258, 0x0218, 0x0258, 0x0258, 0x0218, 0x0258, 0x0258, 0x0258, 0x0258, 0x0258,
  0x0218, 0x0258, 0x0218, 0x0258, 0x0218, 0x0258, 0x0258, 0x0258, 0x0218, 0x0258, 0x0218, 0x0258,
  0x0218, 0x0258, 0x0218, 0x0258, 0x0218, 0x0258, 0x0218, 0x0258, 0x0218, 0x0258, 0x0218, 0x0258,
  0x0218, 0x0258, 0x0218, 0x0258, 0x0218, 0x0258, 0x0218, 0x0258, 0x0218, 0x0258, 0x0218, 0x0258,
  0x0218, 0x0258, 0x0218, 0x0258, 0x0218, 0x0258, 0x0218, 0x0258, 0x0218, 0x0258, 0x0218, 0x0258,
  0x0218, 0x0258, 0x0218, 0x0258, 0x0218, 0x0258, 0x0218, 0x0258, 0x0218, 0x0258, 0x0218, 0x0258,
  0x0218, 0x0258, 0x0218, 0x0258, 0x0218, 0x0258, 0x0218, 0x0258, 0x0218, 0x0258, 0x0218, 0x0258,
  0x0218, 0x0258, 0x0218, 0x0258, 0x0218, 0x0258, 0x0218, 0x0258, 0x0218, 0x0258, 0x0218, 0x0258,
  0x0218, 0x0258, 0x0218, 0x0258, 0x0218, 0x0258, 0x0218, 0x0258, 0x0218, 0x0258, 0x0218, 0x0258,
  0xFFFF, 0xFFFF, 0xFFFF, 0xFFFF, 0xFFFF, 0xFFFF, 0xFFFF, 0xFFFF, 0xFFFF, 0xFFFF, 0xFFFF, 0xFFFF,
  0xFFFF, 0xFFFF, 0xFFFF, 0xFFFF, 0xFFFF, 0xFFFF, 0xFFFF, 0xFFFF, 0xFFFF, 0xFFFF, 0xFFFF, 0xFFFF,
  0xFFFF, 0xFFFF, 0xFFFF, 0xFFFF, 0xFFFF, 0xFFFF, 0xFFFF, 0xFFFF, 0xFFFF, 0xFFFF, 0xFFFF, 0xFFFF,
  0xFFFF, 0xFFFF, 0xFFFF, 0xFFFF, 0x7CDA, 0x00D3, 0xDF7E, 0xFFFF, 0xFFFF, 0xFFFF, 0xFFFF, 0xFFFF,
  0xFFFF, 0xFFFF, 0xFFFF, 0xFFFF, 0xFFFF, 0xFFFF, 0xFFFF, 0xFFFF, 0xFFFF, 0xFFFF, 0xFFFF, 0xFFFF,
  0xFFFF, 0xFFFF, 0xFFFF, 0xFFFF, 0xFFFF, 0xFFFF, 0xFFFF, 0xFFFF, 0xFFFF, 0xFFFF, 0xFFFF, 0xFFFF,
  0xFFFF, 0xFFFF, 0xFFFF, 0xFFFF, 0xFFFF, 0xFFFF, 0xDEDB, 0xC67A, 0xFFFF, 0xFFFF, 0xFFFF, 0xFFFF,
  0xFFFF, 0xFFFF, 0xFFFF, 0xFFFF, 0xFFFF, 0xFFFF, 0xFFFF, 0xFFFF, 0xFFFF, 0xFFFF, 0xFFFF, 0xEF5D,
  0x2C79, 0x9E3B, 0xFFFF, 0xFFFF, 0xFFFF, 0xFFFF, 0xFFFF, 0xFFFF, 0xFFFF, 0xFFFF, 0xFFFF, 0xFFFF,
  0xFFFF, 0xFFFF, 0xFFFF, 0xFFFF, 0xFFFF, 0xFFFF, 0xFFFF, 0xFFFF, 0xFFFF, 0xFFFF, 0xFFFF, 0xFFFF,
  0x0377, 0x0197, 0x0258, 0x0258, 0x0258, 0x0218, 0x0258, 0x0258, 0x0218, 0x0258, 0x0258, 0x0258,
  0x0218, 0x0258, 0x0258, 0x0218, 0x0258, 0x0218, 0x0258, 0x0258, 0x0258, 0x0258, 0x0258, 0x0258,
  0x0218, 0x0258, 0x0258, 0x0258, 0x0218, 0x0258, 0x0258, 0x0258, 0x0218, 0x0258, 0x0258, 0x0258,
  0x0218, 0x0258, 0x0218, 0x0258, 0x0258, 0x0218, 0x0258, 0x0258, 0x0258, 0x0258, 0x0258, 0x0258,
  0x0218, 0x0258, 0x0218, 0x0258, 0x0258, 0x0258, 0x0218, 0x0258, 0x0218, 0x0258, 0x0258, 0x0258,
  0x0218, 0x0258, 0x0258, 0x0218, 0x0258, 0x0218, 0x0258, 0x0258, 0x0218, 0x0258, 0x0258, 0x0258,
  0x0258, 0x0218, 0x0258, 0x0218, 0x0258, 0x0218, 0x0258, 0x0218, 0x0258, 0x0258, 0x0258, 0x0218,
  0x0258, 0x0218, 0x0258, 0x0218, 0x0258, 0x0258, 0x0258, 0x0258, 0x0258, 0x0258, 0x0218, 0x0258,
  0x0258, 0x0218, 0x0258, 0x0258, 0x0218, 0x0258, 0x0218, 0x0258, 0x0258, 0x0218, 0x0258, 0x0258,
  0x0258, 0x0258, 0x0218, 0x0258, 0x0258, 0x0218, 0x0258, 0x0258, 0x0258, 0x0218, 0x0258, 0x0258,
  0x0258, 0x0218, 0x0258, 0x0258, 0x0258, 0x0218, 0x0258, 0x0258, 0x0258, 0x0218, 0x0258, 0x0258,
  0x0258, 0x0218, 0x0258, 0x0258, 0x0258, 0x0218, 0x0258, 0x0258, 0x0258, 0x0218, 0x0258, 0x0258,
  0x0258, 0x0218, 0x0258, 0x0258, 0x0258, 0x0218, 0x0258, 0x0258, 0x0258, 0x0258, 0x0258, 0x0258,
  0x0258, 0x0258, 0x0258, 0x0258, 0x0258, 0x0258, 0x0258, 0x0258, 0x0258, 0x0258, 0x0258, 0x0258,
  0x0258, 0x0258, 0x0258, 0x0258, 0x0258, 0x0258, 0x0258, 0x0258, 0x0258, 0x0258, 0x0258, 0x0258,
  0x0258, 0x0258, 0x0258, 0x0258, 0x0258, 0x0258, 0x0258, 0x0258, 0x0258, 0x0258, 0x0258, 0x0258,
  0x0258, 0x0258, 0x0258, 0x0258, 0x0258, 0x0258, 0x0258, 0x0258, 0xFFFF, 0xFFFF, 0xFFFF, 0xFFFF,
  0xFFFF, 0xFFFF, 0xFFFF, 0xFFFF, 0xFFFF, 0xFFFF, 0xFFFF, 0xFFFF, 0xFFFF, 0xFFFF, 0xFFFF, 0xFFFF,
  0xFFFF, 0xFFFF, 0xFFFF, 0xFFFF, 0xFFFF, 0xFFFF, 0xFFFF, 0xFFFF, 0xFFFF, 0xFFFF, 0xFFFF, 0xFFFF,
  0xFFFF, 0xFFFF, 0xFFFF, 0xFFFF, 0xFFFF, 0xFFFF, 0xFFFF, 0xFFFF, 0xFFFF, 0xFFFF, 0xFFFF, 0xFFFF,
  0x0255, 0x02F8, 0xFFFF, 0xFFFF, 0xFFFF, 0xFFFF, 0xFFFF, 0xFFFF, 0xFFFF, 0xFFFF, 0xFFFF, 0xFFFF,
  0xFFFF, 0xFFFF, 0xFFFF, 0xFFFF, 0xFFFF, 0xFFFF, 0xFFFF, 0xFFFF, 0xFFFF, 0xFFFF, 0xFFFF, 0xFFFF,
  0xFFFF, 0xFFFF, 0xFFFF, 0xFFFF, 0xFFFF, 0xFFFF, 0xFFFF, 0xFFFF, 0xFFFF, 0xFFFF, 0xFFFF, 0xFFFF,
  0xFFFF, 0xDEDB, 0x9E3B, 0xF7FF, 0xFFFF, 0xFFFF, 0xFFFF, 0xFFFF, 0xFFFF, 0xFFFF, 0xFFFF, 0xFFFF,
  0xFFFF, 0xFFFF, 0xFFFF, 0xFFFF, 0xFFFF, 0xFFFF, 0xFFFF, 0xFFFF, 0xDF7E, 0x253A, 0x9E3B, 0xFFFF,
  0xFFFF, 0xFFFF, 0xFFFF, 0xFFFF, 0xFFFF, 0xFFFF, 0xFFFF, 0xFFFF, 0xFFFF, 0xFFFF, 0xFFFF, 0xFFFF,
  0xFFFF, 0xFFFF, 0xFFFF, 0xFFFF, 0xFFFF, 0xFFFF, 0xFFFF, 0xFFFF, 0x2BF8, 0x00F6, 0x0258, 0x0218,
  0x0218, 0x0258, 0x0218, 0x0258, 0x0258, 0x0218, 0x0258, 0x0258, 0x0258, 0x0218, 0x0258, 0x0258,
  0x0258, 0x0258, 0x0218, 0x0258, 0x0218, 0x0259, 0x0218, 0x0258, 0x0258, 0x0218, 0x0258, 0x0218,
  0x0258, 0x0218, 0x0218, 0x0258, 0x0218, 0x0218, 0x0218, 0x0258, 0x0218, 0x0258, 0x0218, 0x0218,
  0x0258, 0x0218, 0x0258, 0x0218, 0x0218, 0x0218, 0x0218, 0x0258, 0x0218, 0x0258, 0x0218, 0x0218,
  0x0218, 0x0258, 0x0218, 0x0258, 0x0218, 0x0218, 0x0218, 0x0258, 0x0217, 0x0258, 0x0218, 0x0258,
  0x0218, 0x0258, 0x0218, 0x0258, 0x0258, 0x0218, 0x0258, 0x0218, 0x0258, 0x0258, 0x0218, 0x0258,
  0x0258, 0x0258, 0x0218, 0x0258, 0x0218, 0x0258, 0x0218, 0x0258, 0x0258, 0x0258, 0x0218, 0x0258,
  0x0218, 0x0258, 0x0218, 0x0258, 0x0218, 0x0258, 0x0258, 0x0218, 0x0258, 0x0258, 0x0218, 0x0258,
  0x0258, 0x0218, 0x0258, 0x0218, 0x0258, 0x0258, 0x0218, 0x0258, 0x0218, 0x0258, 0x0258, 0x0218,
  0x0258, 0x0258, 0x0218, 0x0258, 0x0258, 0x0258, 0x0218, 0x0258, 0x0258, 0x0258, 0x0218, 0x0258,
  0x0258, 0x0258, 0x0218, 0x0258, 0x0258, 0x0258, 0x0218, 0x0258, 0x0258, 0x0258, 0x0218, 0x0258,
  0x0258, 0x0258, 0x0218, 0x0258, 0x0258, 0x0258, 0x0218, 0x0258, 0x0258, 0x0258, 0x0218, 0x0258,
  0x0258, 0x0258, 0x0218, 0x0258, 0x0218, 0x0258, 0x0218, 0x0258, 0x0218, 0x0258, 0x0218, 0x0258,
  0x0218, 0x0258, 0x0218, 0x0258, 0x0218, 0x0258, 0x0218, 0x0258, 0x0218, 0x0258, 0x0218, 0x0258,
  0x0218, 0x0258, 0x0218, 0x0258, 0x0218, 0x0258, 0x0218, 0x0258, 0x0218, 0x0258, 0x0218, 0x0258,
  0x0218, 0x0258, 0x0218, 0x0258, 0x0218, 0x0258, 0x0218, 0x0258, 0x0218, 0x0258, 0x0218, 0x0258,
  0x0218, 0x0258, 0x0218, 0x0258, 0xFFFF, 0xFFFF, 0xFFFF, 0xFFFF, 0xFFFF, 0xFFFF, 0xFFFF, 0xFFFF,
  0xFFFF, 0xFFFF, 0xFFFF, 0xFFFF, 0xFFFF, 0xFFFF, 0xFFFF, 0xFFFF, 0xFFFF, 0xFFFF, 0xFFFF, 0xFFFF,
  0xFFFF, 0xFFFF, 0xFFFF, 0xFFFF, 0xFFFF, 0xFFFF, 0xFFFF, 0xFFFF, 0xFFFF, 0xFFFF, 0xFFFF, 0xFFFF,
  0xFFFF, 0xFFFF, 0xFFFF, 0xFFFF, 0xFFFF, 0xFFFF, 0xFFFF, 0xFFFF, 0x01D6, 0x253A, 0xFFFF, 0xFFFF,
  0xFFFF, 0xFFFF, 0xFFFF, 0xFFFF, 0xFFFF, 0xFFFF, 0xFFFF, 0xFFFF, 0xFFFF, 0xFFFF, 0xFFFF, 0xFFFF,
  0xFFFF, 0xFFFF, 0xFFFF, 0xFFFF, 0xFFFF, 0xFFFF, 0xFFFF, 0xFFFF, 0xFFFF, 0xFFFF, 0xFFFF, 0xFFFF,
  0xFFFF, 0xFFFF, 0xFFFF, 0xFFFF, 0xFFFF, 0xFFFF, 0xFFFF, 0xFFFF, 0xBEDD, 0xC67A, 0xFFFF, 0xFFFF,
  0xFFFF, 0xFFFF, 0xFFFF, 0xFFFF, 0xFFFF, 0xFFFF, 0xFFFF, 0xFFFF, 0xFFFF, 0xFFFF, 0xFFFF, 0xFFFF,
  0xFFFF, 0xFFFF, 0xFFFF, 0xFFFF, 0xFFFF, 0xEFBF, 0x2C79, 0x9E3B, 0xFFFF, 0xFFFF, 0xFFFF, 0xFFFF,
  0xFFFF, 0xFFFF, 0xFFFF, 0xFFFF, 0xFFFF, 0xFFFF, 0xFFFF, 0xFFFF, 0xFFFF, 0xFFFF, 0xFFFF, 0xFFFF,
  0xFFFF, 0xFFFF, 0xFFFF, 0xFFFF, 0x2C79, 0x00F6, 0x0217, 0x0218, 0x0258, 0x0218, 0x0218, 0x0258,
  0x0218, 0x0258, 0x0218, 0x0218, 0x0218, 0x0258, 0x0217, 0x0218, 0x0217, 0x0218, 0x0258, 0x0218,
  0x0258, 0x0218, 0x0258, 0x0218, 0x0258, 0x0218, 0x0258, 0x0218, 0x0258, 0x0258, 0x0258, 0x0218,
  0x0258, 0x0258, 0x0258, 0x0218, 0x0258, 0x0218, 0x0258, 0x0258, 0x0218, 0x0258, 0x0217, 0x0258,
  0x0258, 0x0258, 0x0258, 0x0218, 0x0258, 0x0218, 0x0258, 0x0258, 0x0258, 0x0218, 0x0258, 0x0218,
  0x0258, 0x0258, 0x0258, 0x0218, 0x0258, 0x0218, 0x0258, 0x0217, 0x0258, 0x0217, 0x0258, 0x0217,
  0x0256, 0x0258, 0x0217, 0x0258, 0x0218, 0x0218, 0x0258, 0x0218, 0x0218, 0x0218, 0x0258, 0x0218,
  0x0258, 0x0218, 0x0258, 0x0218, 0x0218, 0x0218, 0x0258, 0x0218, 0x0258, 0x0218, 0x0258, 0x0218,
  0x0258, 0x0218, 0x0218, 0x0258, 0x0218, 0x0218, 0x0258, 0x0218, 0x0218, 0x0258, 0x0218, 0x0258,
  0x0218, 0x0218, 0x0258, 0x0218, 0x0258, 0x0218, 0x0218, 0x0258, 0x0218, 0x0218, 0x0258, 0x0218,
  0x0218, 0x0218, 0x0258, 0x0218, 0x0218, 0x0218, 0x0258, 0x0218, 0x0218, 0x0218, 0x0258, 0x0218,
  0x0218, 0x0218, 0x0258, 0x0218, 0x0218, 0x0218, 0x0258, 0x0218, 0x0218, 0x0218, 0x0258, 0x0218,
  0x0218, 0x0218, 0x0258, 0x0218, 0x0218, 0x0218, 0x0258, 0x0218, 0x0218, 0x0218, 0x0258, 0x0218,
  0x0258, 0x0218, 0x0258, 0x0218, 0x0258, 0x0218, 0x0258, 0x0218, 0x0258, 0x0218, 0x0258, 0x0218,
  0x0258, 0x0218, 0x0258, 0x0218, 0x0258, 0x0218, 0x0258, 0x0218, 0x0258, 0x0218, 0x0258, 0x0218,
  0x0258, 0x0218, 0x0258, 0x0218, 0x0258, 0x0218, 0x0258, 0x0218, 0x0258, 0x0218, 0x0258, 0x0218,
  0x0258, 0x0218, 0x0258, 0x0218, 0x0258, 0x0218, 0x0258, 0x0218, 0x0258, 0x0218, 0x0258, 0x0218,
  0xFFFF, 0xFFFF, 0xFFFF, 0xFFFF, 0xFFFF, 0xFFFF, 0xFFFF, 0xFFFF, 0xFFFF, 0xFFFF, 0xFFFF, 0xFFFF,
  0xFFFF, 0xFFFF, 0xFFFF, 0xFFFF, 0xFFFF, 0xFFFF, 0xFFFF, 0xFFFF, 0xFFFF, 0xFFFF, 0xFFFF, 0xFFFF,
  0xFFFF, 0xFFFF, 0xFFFF, 0xFFFF, 0xFFFF, 0xFFFF, 0xFFFF, 0xFFFF, 0xFFFF, 0xFFFF, 0xFFFF, 0xFFFF,
  0xFFFF, 0xFFFF, 0xFFFF, 0xE7BE, 0x0197, 0x859B, 0xFFFF, 0xFFFF, 0xFFFF, 0xFFFF, 0xFFFF, 0xFFFF,
  0xFFFF, 0xFFFF, 0xFFFF, 0xFFFF, 0xFFFF, 0xFFFF, 0xFFFF, 0xFFFF, 0xFFFF, 0xFFFF, 0xFFFF, 0xFFFF,
  0xFFFF, 0xFFFF, 0xFFFF, 0xFFFF, 0xFFFF, 0xFFFF, 0xFFFF, 0xFFFF, 0xFFFF, 0xFFFF, 0xFFFF, 0xFFFF,
  0xFFFF, 0xFFFF, 0xFFFF, 0xBEDD, 0xBDF8, 0xFFFF, 0xFFFF, 0xFFFF, 0xFFFF, 0xFFFF, 0xFFFF, 0xFFFF,
  0xFFFF, 0xFFFF, 0xFFFF, 0xFFFF, 0xFFFF, 0xFFFF, 0xFFFF, 0xFFFF, 0xFFFF, 0xFFFF, 0xFFFF, 0xFFFF,
  0xFFFF, 0xFFFF, 0xDF7E, 0x253A, 0xA75D, 0xFFFF, 0xFFFF, 0xFFFF, 0xFFFF, 0xFFFF, 0xFFFF, 0xFFFF,
  0xFFFF, 0xFFFF, 0xFFFF, 0xFFFF, 0xFFFF, 0xFFFF, 0xFFFF, 0xFFFF, 0xFFFF, 0xFFFF, 0xFFFF, 0xFFFF,
  0x7CDA, 0x0154, 0x0217, 0x0258, 0x0218, 0x0218, 0x0258, 0x0218, 0x0218, 0x0218, 0x0218, 0x0218,
  0x0258, 0x0218, 0x0218, 0x0258, 0x0258, 0x0258, 0x0217, 0x0258, 0x0218, 0x0258, 0x0218, 0x0218,
  0x0218, 0x0218, 0x0258, 0x0218, 0x0258, 0x0218, 0x0218, 0x0218, 0x0218, 0x0218, 0x0218, 0x0218,
  0x0218, 0x0218, 0x0218, 0x0218, 0x0218, 0x0218, 0x0218, 0x0218, 0x0218, 0x0217, 0x0218, 0x0218,
  0x0217, 0x0218, 0x0217, 0x0218, 0x0217, 0x0218, 0x0217, 0x0217, 0x0258, 0x0217, 0x0217, 0x0217,
  0x0218, 0x0218, 0x0258, 0x0217, 0x0218, 0x0217, 0x0258, 0x0218, 0x0258, 0x0218, 0x0218, 0x0218,
  0x0217, 0x0258, 0x0218, 0x0218, 0x0218, 0x0258, 0x0218, 0x0218, 0x0218, 0x0218, 0x0218, 0x0218,
  0x0218, 0x0258, 0x0218, 0x0218, 0x0218, 0x0218, 0x0218, 0x0258, 0x0218, 0x0218, 0x0258, 0x0218,
  0x0218, 0x0258, 0x0218, 0x0217, 0x0258, 0x0218, 0x0258, 0x0217, 0x0258, 0x0217, 0x0258, 0x0217,
  0x0218, 0x0217, 0x0258, 0x0218, 0x0217, 0x0258, 0x0217, 0x0258, 0x0217, 0x0258, 0x0217, 0x0258,
  0x0217, 0x0258, 0x0217, 0x0258, 0x0217, 0x0258, 0x0217, 0x0258, 0x0217, 0x0258, 0x0217, 0x0258,
  0x0217, 0x0258, 0x0217, 0x0258, 0x0217, 0x0258, 0x0217, 0x0258, 0x0217, 0x0258, 0x0217, 0x0258,
  0x0217, 0x0258, 0x0217, 0x0258, 0x0217, 0x0258, 0x0217, 0x0258, 0x0217, 0x0258, 0x0217, 0x0258,
  0x0217, 0x0258, 0x0217, 0x0258, 0x0217, 0x0258, 0x0217, 0x0258, 0x0217, 0x0258, 0x0217, 0x0258,
  0x0217, 0x0258, 0x0217, 0x0258, 0x0217, 0x0258, 0x0217, 0x0258, 0x0217, 0x0258, 0x0217, 0x0258,
  0x0217, 0x0258, 0x0217, 0x0258, 0x0217, 0x0258, 0x0217, 0x0258, 0x0217, 0x0258, 0x0217, 0x0258,
  0x0217, 0x0258, 0x0217, 0x0258, 0x0217, 0x0258, 0x0217, 0x0218, 0xFFFF, 0xFFFF, 0xFFFF, 0xFFFF,
  0xFFFF, 0xFFFF, 0xFFFF, 0xFFFF, 0xFFFF, 0xFFFF, 0xFFFF, 0xFFFF, 0xFFFF, 0xFFFF, 0xFFFF, 0xFFFF,
  0xFFFF, 0xFFFF, 0xFFFF, 0xFFFF, 0xFFFF, 0xFFFF, 0xFFFF, 0xFFFF, 0xFFFF, 0xFFFF, 0xFFFF, 0xFFFF,
  0xFFFF, 0xFFFF, 0xFFFF, 0xFFFF, 0xFFFF, 0xFFFF, 0xFFFF, 0xFFFF, 0xFFFF, 0xFFFF, 0xFFFF, 0xDF7E,
  0x01B4, 0x661C, 0xFFFF, 0xFFFF, 0xFFFF, 0xFFFF, 0xFFFF, 0xFFFF, 0xFFFF, 0xFFFF, 0xFFFF, 0xFFFF,
  0xFFFF, 0xFFFF, 0xFFFF, 0xFFFF, 0xFFFF, 0xFFFF, 0xFFFF, 0xFFFF, 0xFFFF, 0xFFFF, 0xFFFF, 0xFFFF,
  0xFFFF, 0xFFFF, 0xFFFF, 0xFFFF, 0xFFFF, 0xFFFF, 0xFFFF, 0xFFFF, 0xFFFF, 0xFFFF, 0xC67A, 0xC67A,
  0xFFFF, 0xFFFF, 0xFFFF, 0xFFFF, 0xFFFF, 0xFFFF, 0xFFFF, 0xFFFF, 0xFFFF, 0xFFFF, 0xFFFF, 0xFFFF,
  0xFFFF, 0xFFFF, 0xFFFF, 0xFFFF, 0xFFFF, 0xFFFF, 0xFFFF, 0xFFFF, 0xFFFF, 0xFFFF, 0xFFFF, 0xDF7E,
  0x253A, 0xBEDD, 0xFFFF, 0xFFFF, 0xFFFF, 0xFFFF, 0xFFFF, 0xFFFF, 0xFFFF, 0xFFFF, 0xFFFF, 0xFFFF,
  0xFFFF, 0xFFFF, 0xFFFF, 0xFFFF, 0xFFFF, 0xFFFF, 0xFFFF, 0xFFFF, 0x859B, 0x0154, 0x0218, 0x0218,
  0x0218, 0x0218, 0x0218, 0x0218, 0x0258, 0x0218, 0x0258, 0x0218, 0x0218, 0x0218, 0x0258, 0x0218,
  0x0218, 0x0218, 0x0218, 0x0218, 0x0218, 0x0218, 0x0217, 0x0258, 0x0217, 0x0218, 0x0217, 0x0218,
  0x0217, 0x0218, 0x0217, 0x0258, 0x0217, 0x0218, 0x0217, 0x0218, 0x0218, 0x0218, 0x0218, 0x0258,
  0x0218, 0x0258, 0x0218, 0x0218, 0x0218, 0x0218, 0x0217, 0x0218, 0x0258, 0x0218, 0x0258, 0x0217,
  0x0258, 0x0217, 0x0258, 0x0218, 0x0217, 0x0218, 0x0258, 0x0218, 0x0218, 0x0218, 0x0218, 0x0258,
  0x0217, 0x0258, 0x0218, 0x0218, 0x0218, 0x0217, 0x0258, 0x0218, 0x0218, 0x0218, 0x0218, 0x0217,
  0x0258, 0x0218, 0x0217, 0x0218, 0x0258, 0x0217, 0x0258, 0x0218, 0x0217, 0x0218, 0x0218, 0x0217,
  0x0258, 0x0218, 0x0218, 0x0218, 0x0218, 0x0258, 0x0218, 0x0218, 0x0218, 0x0218, 0x0218, 0x0258,
  0x0218, 0x0218, 0x0218, 0x0218, 0x0218, 0x0218, 0x0218, 0x0218, 0x0258, 0x0218, 0x0218, 0x0217,
  0x0258, 0x0218, 0x0218, 0x0218, 0x0218, 0x0218, 0x0218, 0x0218, 0x0218, 0x0218, 0x0218, 0x0218,
  0x0218, 0x0218, 0x0218, 0x0218, 0x0218, 0x0218, 0x0218, 0x0218, 0x0218, 0x0218, 0x0218, 0x0218,
  0x0218, 0x0218, 0x0218, 0x0218, 0x0218, 0x0218, 0x0218, 0x0218, 0x0218, 0x0218, 0x0218, 0x0218,
  0x0218, 0x0218, 0x0218, 0x0218, 0x0218, 0x0218, 0x0218, 0x0218, 0x0218, 0x0218, 0x0218, 0x0218,
  0x0218, 0x0218, 0x0218, 0x0218, 0x0218, 0x0218, 0x0218, 0x0218, 0x0218, 0x0218, 0x0218, 0x0218,
  0x0218, 0x0218, 0x0218, 0x0218, 0x0218, 0x0218, 0x0218, 0x0218, 0x0218, 0x0218, 0x0218, 0x0218,
  0x0218, 0x0218, 0x0218, 0x0218, 0x0218, 0x0218, 0x0218, 0x0218, 0x0218, 0x0218, 0x0218, 0x0218,
  0x0218, 0x0218, 0x0218, 0x0258, 0xFFFF, 0xFFFF, 0xFFFF, 0xFFFF, 0xFFFF, 0xFFFF, 0xFFFF, 0xFFFF,
  0xFFFF, 0xFFFF, 0xFFFF, 0xFFFF, 0xFFFF, 0xFFFF, 0xFFFF, 0xFFFF, 0xFFFF, 0xFFFF, 0xFFFF, 0xFFFF,
  0xFFFF, 0xFFFF, 0xFFFF, 0xFFFF, 0xFFFF, 0xFFFF, 0xFFFF, 0xFFFF, 0xFFFF, 0xFFFF, 0xFFFF, 0xFFFF,
  0xFFFF, 0xFFFF, 0xFFFF, 0xFFFF, 0xFFFF, 0xFFFF, 0xFFFF, 0xCF3D, 0x0154, 0xBEDD, 0xFFFF, 0xFFFF,
  0xFFFF, 0xFFFF, 0xFFFF, 0xFFFF, 0xFFFF, 0xFFFF, 0xFFFF, 0xFFFF, 0xFFFF, 0xFFFF, 0xFFFF, 0xFFFF,
  0xFFFF, 0xFFFF, 0xFFFF, 0xFFFF, 0xFFFF, 0xFFFF, 0xFFFF, 0xFFFF, 0xFFFF, 0xFFFF, 0xFFFF, 0xFFFF,
  0xFFFF, 0xFFFF, 0xFFFF, 0xFFFF, 0xFFFF, 0xC67A, 0xC67A, 0xFFFF, 0xFFFF, 0xFFFF, 0xFFFF, 0xFFFF,
  0xFFFF, 0xFFFF, 0xFFFF, 0xFFFF, 0xFFFF, 0xFFFF, 0xFFFF, 0xFFFF, 0xFFFF, 0xFFFF, 0xFFFF, 0xFFFF,
  0xFFFF, 0xFFFF, 0xFFFF, 0xFFFF, 0xFFFF, 0xFFFF, 0xFFFF, 0xFFFF, 0xDEDB, 0x2C79, 0xE7BE, 0xFFFF,
  0xFFFF, 0xFFFF, 0xFFFF, 0xFFFF, 0xFFFF, 0xFFFF, 0xFFFF, 0xFFFF, 0xFFFF, 0xFFFF, 0xFFFF, 0xFFFF,
  0xFFFF, 0xFFFF, 0xFFFF, 0xFFFF, 0x859B, 0x00F6, 0x0258, 0x0218, 0x0258, 0x0218, 0x0218, 0x0218,
  0x0218, 0x0218, 0x0218, 0x0218, 0x0218, 0x0218, 0x0218, 0x0218, 0x0218, 0x0217, 0x0258, 0x0218,
  0x0217, 0x0218, 0x0218, 0x0218, 0x0258, 0x0218, 0x0218, 0x0218, 0x0218, 0x0258, 0x0218, 0x0218,
  0x0218, 0x0218, 0x0258, 0x0218, 0x0217, 0x0258, 0x0218, 0x0217, 0x0218, 0x0218, 0x0218, 0x0218,
  0x0258, 0x0218, 0x0258, 0x0218, 0x0218, 0x0218, 0x0218, 0x0218, 0x0218, 0x0218, 0x0218, 0x0258,
  0x0218, 0x0218, 0x0218, 0x0258, 0x0218, 0x0218, 0x0218, 0x0218, 0x0218, 0x0218, 0x0218, 0x0217,
  0x0218, 0x0218, 0x0218, 0x0258, 0x0218, 0x0217, 0x0218, 0x0218, 0x0218, 0x0218, 0x0258, 0x0218,
  0x0218, 0x0218, 0x0218, 0x0258, 0x0218, 0x0218, 0x0258, 0x0218, 0x0218, 0x0217, 0x0218, 0x0217,
  0x0218, 0x0217, 0x0218, 0x0258, 0x0218, 0x0258, 0x0218, 0x0218, 0x0218, 0x0218, 0x0217, 0x0218,
  0x0258, 0x0217, 0x0258, 0x0218, 0x0217, 0x0218, 0x0218, 0x0218, 0x0218, 0x0218, 0x0217, 0x0218,
  0x0218, 0x0217, 0x0218, 0x0218, 0x0217, 0x0218, 0x0218, 0x0217, 0x0218, 0x0218, 0x0217, 0x0218,
  0x0218, 0x0217, 0x0218, 0x0218, 0x0217, 0x0218, 0x0218, 0x0217, 0x0218, 0x0218, 0x0217, 0x0218,
  0x0218, 0x0217, 0x0218, 0x0218, 0x0217, 0x0218, 0x0218, 0x0217, 0x0218, 0x0218, 0x0217, 0x0218,
  0x0218, 0x0217, 0x0218, 0x0218, 0x0217, 0x0218, 0x0218, 0x0217, 0x0218, 0x0218, 0x0217, 0x0218,
  0x0218, 0x0217, 0x0218, 0x0218, 0x0217, 0x0218, 0x0218, 0x0217, 0x0218, 0x0218, 0x0217, 0x0218,
  0x0218, 0x0217, 0x0218, 0x0218, 0x0217, 0x0218, 0x0218, 0x0217, 0x0218, 0x0218, 0x0217, 0x0218,
  0x0218, 0x0217, 0x0218, 0x0218, 0x0217, 0x0218, 0x0218, 0x0217, 0x0218, 0x0218, 0x0217, 0x0218,
  0xFFFF, 0xFFFF, 0xFFFF, 0xFFFF, 0xFFFF, 0xFFFF, 0xFFFF, 0xFFFF, 0xFFFF, 0xFFFF, 0xFFFF, 0xFFFF,
  0xFFFF, 0xFFFF, 0xFFFF, 0xFFFF, 0xFFFF, 0xFFFF, 0xFFFF, 0xFFFF, 0xFFFF, 0xFFFF, 0xFFFF, 0xFFFF,
  0xFFFF, 0xFFFF, 0xFFFF, 0xFFFF, 0xFFFF, 0xFFFF, 0xFFFF, 0xFFFF, 0xFFFF, 0xFFFF, 0xFFFF, 0xFFFF,
  0xFFFF, 0xFFFF, 0xFFFF, 0x9E3B, 0x0197, 0xCF3D, 0xFFFF, 0xFFFF, 0xFFFF, 0xFFFF, 0xFFFF, 0xFFFF,
  0xFFFF, 0xFFFF, 0xFFFF, 0xFFFF, 0xFFFF, 0xFFFF, 0xFFFF, 0xFFFF, 0xFFFF, 0xFFFF, 0xFFFF, 0xFFFF,
  0xFFFF, 0xFFFF, 0xFFFF, 0xFFFF, 0xFFFF, 0xFFFF, 0xFFFF, 0xFFFF, 0xFFFF, 0xFFFF, 0xFFFF, 0xEFBF,
  0xC67A, 0xBEDD, 0xFFFF, 0xFFFF, 0xFFFF, 0xFFFF, 0xFFFF, 0xFFFF, 0xFFFF, 0xFFFF, 0xFFFF, 0xFFFF,
  0xFFFF, 0xFFFF, 0xFFFF, 0xFFFF, 0xFFFF, 0xFFFF, 0xFFFF, 0xFFFF, 0xFFFF, 0xFFFF, 0xFFFF, 0xFFFF,
  0xFFFF, 0xFFFF, 0xFFFF, 0xFFFF, 0xFFFF, 0xDEDB, 0x253A, 0xDF7E, 0xFFFF, 0xFFFF, 0xFFFF, 0xFFFF,
  0xFFFF, 0xFFFF, 0xFFFF, 0xFFFF, 0xFFFF, 0xFFFF, 0xFFFF, 0xFFFF, 0xFFFF, 0xFFFF, 0xFFFF, 0xFFFF,
  0x0377, 0x00F6, 0x0218, 0x0218, 0x0218, 0x0218, 0x0218, 0x0218, 0x0218, 0x0218, 0x0218, 0x0218,
  0x0218, 0x0218, 0x0218, 0x0218, 0x0218, 0x0218, 0x0218, 0x0218, 0x0218, 0x0218, 0x0218, 0x0218,
  0x0218, 0x0218, 0x0218, 0x0218, 0x0218, 0x0218, 0x0218, 0x0218, 0x0218, 0x0218, 0x0218, 0x0258,
  0x0218, 0x0218, 0x0218, 0x0218, 0x0218, 0x0218, 0x0218, 0x0218, 0x0218, 0x0218, 0x0218, 0x0218,
  0x0218, 0x0218, 0x0218, 0x0218, 0x0218, 0x0218, 0x0218, 0x0218, 0x0218, 0x0218, 0x0218, 0x0218,
  0x0258, 0x0218, 0x0218, 0x0218, 0x0218, 0x0218, 0x0218, 0x0218, 0x0218, 0x0218, 0x0218, 0x0218,
  0x0218, 0x0218, 0x0218, 0x0218, 0x0217, 0x0218, 0x0218, 0x0218, 0x0218, 0x0218, 0x0218, 0x0218,
  0x0258, 0x0218, 0x0218, 0x0218, 0x0218, 0x0218, 0x0258, 0x0218, 0x0218, 0x0218, 0x0218, 0x0218,
  0x0218, 0x0218, 0x0218, 0x0218, 0x0218, 0x0218, 0x0218, 0x0218, 0x0218, 0x0218, 0x0218, 0x0218,
  0x0218, 0x0218, 0x0218, 0x0218, 0x0218, 0x0218, 0x0218, 0x0218, 0x0218, 0x0218, 0x0218, 0x0218,
  0x0218, 0x0218, 0x0218, 0x0218, 0x0218, 0x0218, 0x0218, 0x0218, 0x0218, 0x0218, 0x0218, 0x0218,
  0x0218, 0x0218, 0x0218, 0x0218, 0x0218, 0x0218, 0x0218, 0x0218, 0x0218, 0x0218, 0x0218, 0x0218,
  0x0218, 0x0218, 0x0218, 0x0218, 0x0218, 0x0218, 0x0218, 0x0218, 0x0218, 0x0218, 0x0218, 0x0218,
  0x0218, 0x0218, 0x0218, 0x0218, 0x0218, 0x0218, 0x0218, 0x0218, 0x0218, 0x0218, 0x0218, 0x0218,
  0x0218, 0x0218, 0x0218, 0x0218, 0x0218, 0x0218, 0x0218, 0x0218, 0x0218, 0x0218, 0x0218, 0x0218,
  0x0218, 0x0218, 0x0218, 0x0218, 0x0218, 0x0218, 0x0218, 0x0218, 0x0218, 0x0218, 0x0218, 0x0218,
  0x0218, 0x0218, 0x0218, 0x0218, 0x0218, 0x0218, 0x0218, 0x0218, 0xFFFF, 0xFFFF, 0xFFFF, 0xFFFF,
  0xFFFF, 0xFFFF, 0xFFFF, 0xFFFF, 0xFFFF, 0xFFFF, 0xFFFF, 0xFFFF, 0xFFFF, 0xFFFF, 0xFFFF, 0xFFFF,
  0xFFFF, 0xFFFF, 0xFFFF, 0xFFFF, 0xFFFF, 0xFFFF, 0xFFFF, 0xFFFF, 0xFFFF, 0xFFFF, 0xFFFF, 0xFFFF,
  0xFFFF, 0xFFFF, 0xFFFF, 0xFFFF, 0xFFFF, 0xFFFF, 0xFFFF, 0xFFFF, 0xFFFF, 0xFFFF, 0xFFFF, 0xBEDD,
  0x0154, 0xBEDD, 0xFFFF, 0xFFFF, 0xFFFF, 0xFFFF, 0xFFFF, 0xFFFF, 0xFFFF, 0xFFFF, 0xFFFF, 0xFFFF,
  0xFFFF, 0xFFFF, 0xFFFF, 0xFFFF, 0xFFFF, 0xFFFF, 0xFFFF, 0xFFFF, 0xFFFF, 0xFFFF, 0xFFFF, 0xFFFF,
  0xFFFF, 0xFFFF, 0xFFFF, 0xFFFF, 0xFFFF, 0xF7BE, 0xCF3D, 0xC67A, 0xBEDD, 0xFFFF, 0xFFFF, 0xFFFF,
  0xFFFF, 0xFFFF, 0xFFFF, 0xFFFF, 0xFFFF, 0xFFFF, 0xFFFF, 0xFFFF, 0xFFFF, 0xFFFF, 0xFFFF, 0xFFFF,
  0xFFFF, 0xFFFF, 0xFFFF, 0xFFFF, 0xFFFF, 0xFFFF, 0xFFFF, 0xFFFF, 0xFFFF, 0xFFFF, 0xFFFF, 0xFFFF,
  0xFFFF, 0xFFFF, 0xC67A, 0x7CDA, 0xDFFF, 0xFFFF, 0xFFFF, 0xFFFF, 0xFFFF, 0xFFFF, 0xFFFF, 0xFFFF,
  0xFFFF, 0xFFFF, 0xFFFF, 0xFFFF, 0xFFFF, 0xFFFF, 0xFFFF, 0x7CDA, 0x00D3, 0x0218, 0x0218, 0x0218,
  0x0218, 0x0218, 0x0218, 0x0218, 0x0218, 0x0218, 0x0218, 0x0217, 0x0218, 0x0217, 0x0218, 0x0217,
  0x0218, 0x0218, 0x0218, 0x0218, 0x0218, 0x0218, 0x0218, 0x0218, 0x0218, 0x0218, 0x0218, 0x0218,
  0x0217, 0x0218, 0x0218, 0x0218, 0x0218, 0x0218, 0x0218, 0x0218, 0x0218, 0x0218, 0x0218, 0x0218,
  0x0218, 0x0218, 0x0218, 0x0218, 0x0218, 0x0218, 0x0218, 0x0218, 0x0218, 0x0218, 0x0218, 0x0218,
  0x0218, 0x0218, 0x0218, 0x0218, 0x0218, 0x0218, 0x0218, 0x0218, 0x0218, 0x0218, 0x0218, 0x0218,
  0x0218, 0x0218, 0x0218, 0x0218, 0x0218, 0x0218, 0x0217, 0x0218, 0x0218, 0x0218, 0x0218, 0x0218,
  0x0218, 0x0218, 0x0218, 0x0218, 0x0218, 0x0218, 0x0218, 0x0218, 0x0218, 0x0218, 0x0218, 0x0218,
  0x0218, 0x0218, 0x0218, 0x0218, 0x0218, 0x0218, 0x0218, 0x0218, 0x0218, 0x0218, 0x0218, 0x0218,
  0x0218, 0x0218, 0x0218, 0x0218, 0x0218, 0x0218, 0x0218, 0x0218, 0x0218, 0x0217, 0x0218, 0x0218,
  0x0218, 0x0218, 0x0218, 0x0218, 0x0218, 0x0218, 0x0218, 0x0218, 0x0218, 0x0218, 0x0218, 0x0218,
  0x0218, 0x0218, 0x0218, 0x0218, 0x0218, 0x0218, 0x0218, 0x0218, 0x0218, 0x0218, 0x0218, 0x0218,
  0x0218, 0x0218, 0x0218, 0x0218, 0x0218, 0x0218, 0x0218, 0x0218, 0x0218, 0x0218, 0x0218, 0x0218,
  0x0218, 0x0218, 0x0218, 0x0218, 0x0218, 0x0218, 0x0218, 0x0218, 0x0218, 0x0218, 0x0218, 0x0218,
  0x0218, 0x0218, 0x0218, 0x0218, 0x0218, 0x0218, 0x0218, 0x0218, 0x0218, 0x0218, 0x0218, 0x0218,
  0x0218, 0x0218, 0x0218, 0x0218, 0x0218, 0x0218, 0x0218, 0x0218, 0x0218, 0x0218, 0x0218, 0x0218,
  0x0218, 0x0218, 0x0218, 0x0218, 0x0218, 0x0218, 0x0218, 0x0218, 0x0218, 0x0218, 0x0218, 0x0218,
  0x0218, 0x0218, 0x0218, 0x0218, 0xFFFF, 0xFFFF, 0xFFFF, 0xFFFF, 0xFFFF, 0xFFFF, 0xFFFF, 0xFFFF,
  0xFFFF, 0xFFFF, 0xFFFF, 0xFFFF, 0xFFFF, 0xFFFF, 0xFFFF, 0xFFFF, 0xFFFF, 0xFFFF, 0xFFFF, 0xFFFF,
  0xFFFF, 0xFFFF, 0xFFFF, 0xFFFF, 0xFFFF, 0xFFFF, 0xFFFF, 0xFFFF, 0xFFFF, 0xFFFF, 0xFFFF, 0xFFFF,
  0xFFFF, 0xFFFF, 0xFFFF, 0xFFFF, 0xFFFF, 0xFFFF, 0xFFFF, 0xDF7E, 0x00D3, 0x859B, 0xFFFF, 0xFFFF,
  0xFFFF, 0xFFFF, 0xFFFF, 0xFFFF, 0xFFFF, 0xFFFF, 0xFFFF, 0xFFFF, 0xFFFF, 0xFFFF, 0xFFFF, 0xFFFF,
  0xFFFF, 0xFFFF, 0xFFFF, 0xFFFF, 0xFFFF, 0xFFFF, 0xFFFF, 0xFFFF, 0xFFFF, 0xFFFF, 0xFFFF, 0xF7FF,
  0xDEDB, 0xC67A, 0xCF3D, 0xFFFF, 0xFFFF, 0xFFFF, 0xFFFF, 0xFFFF, 0xFFFF, 0xFFFF, 0xFFFF, 0xFFFF,
  0xFFFF, 0xFFFF, 0xFFFF, 0xFFFF, 0xFFFF, 0xFFFF, 0xFFFF, 0xFFFF, 0xFFFF, 0xFFFF, 0xFFFF, 0xFFFF,
  0xFFFF, 0xFFFF, 0xFFFF, 0xFFFF, 0xFFFF, 0xFFFF, 0xFFFF, 0xFFFF, 0xFFFF, 0xFFFF, 0xFFFF, 0xBEDD,
  0x253A, 0xF7FF, 0xFFFF, 0xFFFF, 0xFFFF, 0xFFFF, 0xFFFF, 0xFFFF, 0xFFFF, 0xFFFF, 0xFFFF, 0xFFFF,
  0xFFFF, 0xFFFF, 0x859B, 0x0012, 0x859B, 0x2C79, 0x0154, 0x0218, 0x0218, 0x0218, 0x0218, 0x0218,
  0x0218, 0x0218, 0x0218, 0x0218, 0x0218, 0x0218, 0x0218, 0x0218, 0x0218, 0x0218, 0x0218, 0x0218,
  0x0218, 0x0217, 0x0218, 0x0218, 0x0217, 0x0218, 0x0218, 0x0217, 0x0218, 0x0218, 0x0218, 0x0217,
  0x0218, 0x0218, 0x0218, 0x01D8, 0x0218, 0x0218, 0x0218, 0x0218, 0x0218, 0x0218, 0x0218, 0x0218,
  0x0218, 0x0218, 0x0218, 0x0218, 0x0218, 0x0218, 0x0218, 0x0218, 0x0218, 0x0218, 0x0218, 0x0218,
  0x0218, 0x0218, 0x0218, 0x0218, 0x0218, 0x0218, 0x0218, 0x0217, 0x0218, 0x0217, 0x0218, 0x0218,
  0x0218, 0x0218, 0x0218, 0x0218, 0x0218, 0x0218, 0x0218, 0x0218, 0x0218, 0x0218, 0x0218, 0x0217,
  0x0218, 0x0218, 0x0218, 0x0218, 0x0218, 0x0218, 0x0218, 0x0218, 0x0218, 0x0218, 0x0218, 0x0218,
  0x0218, 0x0218, 0x0218, 0x0218, 0x0218, 0x0218, 0x0218, 0x0218, 0x0218, 0x0218, 0x0218, 0x0218,
  0x0218, 0x0218, 0x0218, 0x0218, 0x0218, 0x0218, 0x0218, 0x0218, 0x0218, 0x0218, 0x0218, 0x0218,
  0x0218, 0x0218, 0x0218, 0x0218, 0x0218, 0x0218, 0x0218, 0x0218, 0x0218, 0x0218, 0x0218, 0x0218,
  0x0218, 0x0218, 0x0218, 0x0218, 0x0218, 0x0218, 0x0218, 0x0218, 0x0218, 0x0218, 0x0218, 0x0218,
  0x0218, 0x0218, 0x0218, 0x0218, 0x0218, 0x0218, 0x0218, 0x0218, 0x0218, 0x0218, 0x0218, 0x0218,
  0x0218, 0x0218, 0x0218, 0x0218, 0x0218, 0x0218, 0x0218, 0x0218, 0x0218, 0x0218, 0x0218, 0x0218,
  0x0218, 0x0218, 0x0218, 0x0218, 0x0218, 0x0218, 0x0218, 0x0218, 0x0218, 0x0218, 0x0218, 0x0218,
  0x0218, 0x0218, 0x0218, 0x0218, 0x0218, 0x0218, 0x0218, 0x0218, 0x0218, 0x0218, 0x0218, 0x0218,
  0x0218, 0x0218, 0x0218, 0x0218, 0x0218, 0x0218, 0x0218, 0x0218, 0x0218, 0x0218, 0x0218, 0x0218,
  0xFFFF, 0xFFFF, 0xFFFF, 0xFFFF, 0xFFFF, 0xFFFF, 0xFFFF, 0xFFFF, 0xFFFF, 0xFFFF, 0xFFFF, 0xFFFF,
  0xFFFF, 0xFFFF, 0xFFFF, 0xFFFF, 0xFFFF, 0xFFFF, 0xFFFF, 0xFFFF, 0xFFFF, 0xFFFF, 0xFFFF, 0xFFFF,
  0xFFFF, 0xFFFF, 0xFFFF, 0xFFFF, 0xFFFF, 0xFFFF, 0xFFFF, 0xFFFF, 0xFFFF, 0xFFFF, 0xFFFF, 0xFFFF,
  0xFFFF, 0xF7BE, 0xBEDD, 0x661C, 0x043A, 0x859B, 0xBEDD, 0xBEDD, 0xBEDD, 0xBEDD, 0xBEDD, 0xBEDD,
  0xCF3D, 0xBEDD, 0xCF3D, 0xBEDD, 0xCF3D, 0xCF3D, 0xCF3D, 0xCF3D, 0xCF3D, 0xBEDD, 0xCF3D, 0xCF3D,
  0xCF3D, 0xCF3D, 0xCF3D, 0xCF3D, 0xCF3D, 0xBEDD, 0xCF3D, 0xBEDD, 0xBEDD, 0xFFFF, 0xFFFF, 0xFFFF,
  0xFFFF, 0xFFFF, 0xFFFF, 0xFFFF, 0xFFFF, 0xFFFF, 0xFFFF, 0xFFFF, 0xFFFF, 0xFFFF, 0xFFFF, 0xFFFF,
  0xFFFF, 0xFFFF, 0xFFFF, 0xFFFF, 0xFFFF, 0xFFFF, 0xFFFF, 0xFFFF, 0xFFFF, 0xFFFF, 0xFFFF, 0xFFFF,
  0xFFFF, 0xFFFF, 0xFFFF, 0xFFFF, 0xFFFF, 0xFFFF, 0xFFFF, 0xFFFF, 0x9E3B, 0x859B, 0xF7FF, 0xFFFF,
  0xFFFF, 0xFFFF, 0xFFFF, 0xFFFF, 0xFFFF, 0xFFFF, 0xFFFF, 0xFFFF, 0xFFFF, 0xCF3D, 0x0012, 0x02B7,
  0xF7FF, 0x2BF8, 0x00F6, 0x0218, 0x0218, 0x0218, 0x0218, 0x0218, 0x0217, 0x0218, 0x0218, 0x0218,
  0x0218, 0x0218, 0x0218, 0x0218, 0x0218, 0x0218, 0x0218, 0x0218, 0x0218, 0x0218, 0x01D8, 0x0218,
  0x01D8, 0x0218, 0x01D8, 0x0218, 0x01D8, 0x0218, 0x01D8, 0x0218, 0x0218, 0x01D8, 0x0218, 0x01D8,
  0x01D8, 0x0218, 0x0218, 0x0218, 0x0218, 0x0218, 0x0218, 0x0218, 0x0218, 0x0218, 0x0218, 0x0218,
  0x0218, 0x0218, 0x0218, 0x0218, 0x0218, 0x0217, 0x0218, 0x0218, 0x0218, 0x0218, 0x0218, 0x0218,
  0x0218, 0x0218, 0x0218, 0x0218, 0x0218, 0x0218, 0x0218, 0x0218, 0x0218, 0x01D8, 0x0218, 0x0218,
  0x0218, 0x0218, 0x01D8, 0x0218, 0x01D8, 0x0218, 0x0218, 0x0218, 0x0218, 0x0218, 0x01D8, 0x0218,
  0x01D8, 0x0218, 0x01D8, 0x0218, 0x01D8, 0x0218, 0x01D8, 0x0218, 0x0218, 0x0218, 0x0218, 0x0218,
  0x0218, 0x0218, 0x0218, 0x0218, 0x0218, 0x0218, 0x0218, 0x0218, 0x0218, 0x0218, 0x0218, 0x0218,
  0x0218, 0x0218, 0x0218, 0x0218, 0x0218, 0x0218, 0x0218, 0x0218, 0x0218, 0x0218, 0x0218, 0x0218,
  0x0218, 0x0218, 0x0218, 0x0218, 0x0218, 0x0218, 0x0218, 0x0218, 0x0218, 0x0218, 0x0218, 0x0218,
  0x0218, 0x0218, 0x0218, 0x0218, 0x0218, 0x0218, 0x0218, 0x0218, 0x0218, 0x0218, 0x0218, 0x0218,
  0x0218, 0x0218, 0x0218, 0x0218, 0x0218, 0x0218, 0x0218, 0x0218, 0x0218, 0x0218, 0x0218, 0x0218,
  0x0218, 0x0218, 0x0218, 0x0218, 0x0218, 0x0218, 0x0218, 0x0218, 0x0218, 0x0218, 0x0218, 0x0218,
  0x0218, 0x0218, 0x0218, 0x0218, 0x0218, 0x0218, 0x0218, 0x0218, 0x0218, 0x0218, 0x0218, 0x0218,
  0x0218, 0x0218, 0x0218, 0x0218, 0x0218, 0x0218, 0x0218, 0x0218, 0x0218, 0x0218, 0x0218, 0x0218,
  0x0218, 0x0218, 0x0218, 0x0218, 0x0218, 0x0218, 0x0218, 0x0218, 0xFFFF, 0xFFFF, 0xFFFF, 0xFFFF,
  0xFFFF, 0xFFFF, 0xFFFF, 0xFFFF, 0xFFFF, 0xFFFF, 0xFFFF, 0xFFFF, 0xFFFF, 0xFFFF, 0xFFFF, 0xFFFF,
  0xFFFF, 0xFFFF, 0xFFFF, 0xFFFF, 0xFFFF, 0xFFFF, 0xFFFF, 0xFFFF, 0xFFFF, 0xFFFF, 0xFFFF, 0xFFFF,
  0xFFFF, 0xFFFF, 0xFFFF, 0xFFFF, 0xFFFF, 0xFFFF, 0xFFFF, 0xF7FF, 0x859B, 0x253A, 0x05FB, 0x073E,
  0xB7DF, 0xDF7E, 0xDF7E, 0xDF7E, 0xDF7E, 0xDF7E, 0xDF7E, 0xDF7E, 0xCF3D, 0xCF3D, 0xCF3D, 0xCF3D,
  0xBEDD, 0xCF3D, 0xBEDD, 0xBEDD, 0xBEDD, 0xBEDD, 0xBEDD, 0xBEDD, 0xBEDD, 0xBEDD, 0xBEDD, 0xBEDD,
  0xBEDD, 0xC67A, 0xCF3D, 0xFFBE, 0xFFFF, 0xFFFF, 0xFFFF, 0xFFFF, 0xFFFF, 0xFFFF, 0xFFFF, 0xFFFF,
  0xFFFF, 0xFFFF, 0xFFFF, 0xFFFF, 0xFFFF, 0xFFFF, 0xFFFF, 0xFFFF, 0xFFFF, 0xFFFF, 0xFFFF, 0xFFFF,
  0xFFFF, 0xFFFF, 0xFFFF, 0xFFFF, 0xFFFF, 0xFFFF, 0xFFFF, 0xFFFF, 0xFFFF, 0xFFFF, 0xFFFF, 0xFFFF,
  0xFFFF, 0xFFFF, 0xFFFF, 0xFFFF, 0xFFFF, 0x9E3B, 0x859B, 0xFFFF, 0xFFFF, 0xFFFF, 0xFFFF, 0xFFFF,
  0xFFFF, 0xFFFF, 0xFFFF, 0xFFFF, 0xBEDD, 0x00D3, 0x0154, 0xF7FF, 0xFFFF, 0x0377, 0x00F7, 0x0218,
  0x0218, 0x01D8, 0x0218, 0x0218, 0x0218, 0x01D8, 0x0218, 0x01D8, 0x0218, 0x0218, 0x01D8, 0x0218,
  0x01D8, 0x0218, 0x01D8, 0x0218, 0x01D8, 0x0218, 0x01D8, 0x0218, 0x01D8, 0x0218, 0x01D8, 0x0218,
  0x01D8, 0x0218, 0x01D8, 0x0218, 0x01D8, 0x0218, 0x01D8, 0x0218, 0x0218, 0x01D8, 0x01D8, 0x01D8,
  0x01D8, 0x01D8, 0x0218, 0x01D8, 0x0218, 0x01D8, 0x01D8, 0x01D8, 0x01D8, 0x01D8, 0x01D8, 0x01D8,
  0x01D8, 0x01D8, 0x01D7, 0x01D8, 0x01D8, 0x01D8, 0x01D8, 0x01D8, 0x01D8, 0x01D8, 0x01D8, 0x01D8,
  0x01D8, 0x01D8, 0x01D8, 0x01D8, 0x01D8, 0x0218, 0x01D8, 0x01D8, 0x01D8, 0x01D8, 0x0218, 0x01D8,
  0x0218, 0x01D8, 0x01D8, 0x01D8, 0x01D8, 0x0218, 0x01D8, 0x0218, 0x01D8, 0x0218, 0x01D8, 0x0218,
  0x01D8, 0x0218, 0x01D8, 0x0218, 0x01D8, 0x01D8, 0x01D8, 0x01D8, 0x01D8, 0x01D8, 0x01D8, 0x01D8,
  0x01D8, 0x01D8, 0x01D8, 0x01D8, 0x01D8, 0x01D8, 0x01D8, 0x01D8, 0x01D8, 0x01D8, 0x01D8, 0x01D8,
  0x01D8, 0x01D8, 0x01D8, 0x01D8, 0x01D8, 0x01D8, 0x01D8, 0x01D8, 0x01D8, 0x01D8, 0x01D8, 0x01D8,
  0x01D8, 0x01D8, 0x01D8, 0x01D8, 0x01D8, 0x01D8, 0x01D8, 0x01D8, 0x01D8, 0x01D8, 0x01D8, 0x01D8,
  0x01D8, 0x01D8, 0x01D8, 0x01D8, 0x01D8, 0x01D8, 0x01D8, 0x01D8, 0x01D8, 0x01D8, 0x01D8, 0x01D8,
  0x01D8, 0x01D8, 0x01D8, 0x01D8, 0x01D8, 0x01D8, 0x01D8, 0x01D8, 0x01D8, 0x01D8, 0x01D8, 0x01D8,
  0x01D8, 0x01D8, 0x01D8, 0x01D8, 0x01D8, 0x01D8, 0x01D8, 0x01D8, 0x01D8, 0x01D8, 0x01D8, 0x01D8,
  0x01D8, 0x01D8, 0x01D8, 0x01D8, 0x01D8, 0x01D8, 0x01D8, 0x01D8, 0x01D8, 0x01D8, 0x01D8, 0x01D8,
  0x01D8, 0x01D8, 0x01D8, 0x01D8, 0x01D8, 0x01D8, 0x01D8, 0x01D8, 0x01D8, 0x01D8, 0x01D8, 0x01D8,
  0x01D8, 0x01D8, 0x01D8, 0x01D8, 0xFFFF, 0xFFFF, 0xFFFF, 0xFFFF, 0xFFFF, 0xFFFF, 0xFFFF, 0xFFFF,
  0xFFFF, 0xFFFF, 0xFFFF, 0xFFFF, 0xFFFF, 0xFFFF, 0xFFFF, 0xFFFF, 0xFFFF, 0xFFFF, 0xFFFF, 0xFFFF,
  0xFFFF, 0xFFFF, 0xFFFF, 0xFFFF, 0xFFFF, 0xFFFF, 0xFFFF, 0xFFFF, 0xFFFF, 0xFFFF, 0xFFFF, 0xFFFF,
  0xFFFF, 0xFFFF, 0xEFBD, 0x253A, 0x253A, 0x671E, 0xDFFF, 0xFFFF, 0xFFFF, 0xFFFF, 0xFFFF, 0xFFFF,
  0xFFFF, 0xF7FF, 0xF7FF, 0xF7FF, 0xFFFF, 0xFFFF, 0xFFFF, 0xFFFF, 0xFFFF, 0xFFFF, 0xFFFF, 0xFFFF,
  0xFFFF, 0xFFFF, 0xFFFF, 0xFFFF, 0xFFFF, 0xFFFF, 0xFFBF, 0xFFBF, 0xFFBF, 0xFFFF, 0xFFFF, 0xFFFF,
  0xFFFF, 0xFFFF, 0xFFFF, 0xFFFF, 0xFFFF, 0xFFFF, 0xFFFF, 0xFFFF, 0xFFFF, 0xFFFF, 0xFFFF, 0xFFFF,
  0xFFFF, 0xFFFF, 0xFFFF, 0xFFFF, 0xFFFF, 0xFFFF, 0xFFFF, 0xFFFF, 0xFFFF, 0xFFFF, 0xFFFF, 0xFFFF,
  0xFFFF, 0xFFFF, 0xFFFF, 0xFFFF, 0xFFFF, 0xFFFF, 0xFFFF, 0xFFFF, 0xFFFF, 0xFFFF, 0xFFFF, 0xFFFF,
  0xFFFF, 0xFFFF, 0x859B, 0x9E3B, 0xFFFF, 0xFFFF, 0xFFFF, 0xFFFF, 0xFFFF, 0xFFFF, 0xFFFF, 0xBEDD,
  0x00D3, 0x0012, 0xBEDD, 0xFFFF, 0xFFFF, 0x2BF8, 0x00F6, 0x0218, 0x01D8, 0x0218, 0x01D8, 0x0217,
  0x01D8, 0x0218, 0x0218, 0x0218, 0x0218, 0x01D7, 0x0218, 0x01D8, 0x0218, 0x01D8, 0x0218, 0x01D8,
  0x0218, 0x01D7, 0x0218, 0x01D8, 0x0218, 0x01D8, 0x0218, 0x01D8, 0x0218, 0x01D8, 0x0218, 0x01D7,
  0x0218, 0x01D8, 0x0217, 0x01D8, 0x01D7, 0x01D8, 0x0218, 0x0218, 0x0218, 0x0218, 0x01D7, 0x0218,
  0x01D8, 0x0218, 0x0218, 0x0218, 0x0218, 0x0218, 0x0218, 0x0218, 0x0218, 0x0218, 0x0218, 0x0218,
  0x0218, 0x0218, 0x0218, 0x0218, 0x0218, 0x0218, 0x0218, 0x0218, 0x0218, 0x0218, 0x0218, 0x0218,
  0x0218, 0x01D8, 0x0218, 0x0218, 0x0218, 0x0218, 0x01D8, 0x0218, 0x01D8, 0x0218, 0x0218, 0x0218,
  0x0218, 0x01D8, 0x0218, 0x01D8, 0x0218, 0x01D8, 0x0218, 0x01D8, 0x0218, 0x01D8, 0x0218, 0x01D8,
  0x0218, 0x0218, 0x0218, 0x0218, 0x0218, 0x0218, 0x0218, 0x0218, 0x0218, 0x0218, 0x0218, 0x0218,
  0x0218, 0x0218, 0x0218, 0x0218, 0x0218, 0x0218, 0x0218, 0x0218, 0x0218, 0x0218, 0x0218, 0x0218,
  0x0218, 0x0218, 0x0218, 0x0218, 0x0218, 0x0218, 0x0218, 0x0218, 0x0218, 0x0218, 0x0218, 0x0218,
  0x0218, 0x0218, 0x0218, 0x0218, 0x0218, 0x0218, 0x0218, 0x0218, 0x0218, 0x0218, 0x0218, 0x0218,
  0x0218, 0x0218, 0x0218, 0x0218, 0x0218, 0x0218, 0x0218, 0x0218, 0x0218, 0x0218, 0x0218, 0x0218,
  0x0218, 0x0218, 0x0218, 0x0218, 0x0218, 0x0218, 0x0218, 0x0218, 0x0218, 0x0218, 0x0218, 0x0218,
  0x0218, 0x0218, 0x0218, 0x0218, 0x0218, 0x0218, 0x0218, 0x0218, 0x0218, 0x0218, 0x0218, 0x0218,
  0x0218, 0x0218, 0x0218, 0x0218, 0x0218, 0x0218, 0x0218, 0x0218, 0x0218, 0x0218, 0x0218, 0x0218,
  0x0218, 0x0218, 0x0218, 0x0218, 0x0218, 0x0218, 0x0218, 0x0218, 0x0218, 0x0218, 0x0218, 0x0218,
  0xFFFF, 0xFFFF, 0xFFFF, 0xFFFF, 0xFFFF, 0xFFFF, 0xFFFF, 0xFFFF, 0xFFFF, 0xFFFF, 0xFFFF, 0xFFFF,
  0xFFFF, 0xFFFF, 0xFFFF, 0xFFFF, 0xFFFF, 0xFFFF, 0xFFFF, 0xFFFF, 0xFFFF, 0xFFFF, 0xFFFF, 0xFFFF,
  0xFFFF, 0xFFFF, 0xFFFF, 0xFFFF, 0xFFFF, 0xFFFF, 0xFFFF, 0xFFFF, 0xFFFF, 0xFFFF, 0x7CDA, 0x661C,
  0xDFFF, 0xFFFF, 0xFFFF, 0xFFFF, 0xFFFF, 0xFFFF, 0xFFFF, 0xFFFF, 0xFFFF, 0xFFFF, 0xFFFF, 0xFFFF,
  0xFFFF, 0xFFFF, 0xFFFF, 0xFFFF, 0xFFFF, 0xFFFF, 0xFFFF, 0xFFFF, 0xFFFF, 0xFFFF, 0xFFFF, 0xFFFF,
  0xFFFF, 0xFFFF, 0xFFFF, 0xFFFF, 0xFFFF, 0xFFFF, 0xFFFF, 0xFFFF, 0xFFFF, 0xFFFF, 0xFFFF, 0xFFFF,
  0xFFFF, 0xFFFF, 0xFFFF, 0xFFFF, 0xFFFF, 0xFFFF, 0xFFFF, 0xFFFF, 0xFFFF, 0xFFFF, 0xFFFF, 0xFFFF,
  0xFFFF, 0xFFFF, 0xFFFF, 0xFFFF, 0xFFFF, 0xFFFF, 0xFFFF, 0xFFFF, 0xFFFF, 0xFFFF, 0xFFFF, 0xFFFF,
  0xFFFF, 0xFFFF, 0xFFFF, 0xFFFF, 0xFFFF, 0xFFFF, 0xFFFF, 0xFFFF, 0xFFFF, 0xFFFF, 0xFFFF, 0x859B,
  0xCF3D, 0xFFFF, 0xFFFF, 0xFFFF, 0xFFFF, 0xFFFF, 0x859B, 0x0012, 0x00D3, 0xBEDD, 0xF7FF, 0xFFFF,
  0xFFFF, 0x7C39, 0x00B6, 0x01D8, 0x0218, 0x01D8, 0x0218, 0x0218, 0x0218, 0x0218, 0x01D8, 0x0218,
  0x01D8, 0x0218, 0x01D8, 0x0218, 0x0218, 0x0218, 0x01D8, 0x0218, 0x01D8, 0x0218, 0x01D8, 0x0218,
  0x01D8, 0x0218, 0x01D8, 0x0218, 0x01D8, 0x0218, 0x01D8, 0x0218, 0x0218, 0x0218, 0x0218, 0x0217,
  0x0218, 0x0218, 0x01D8, 0x0218, 0x01D8, 0x0218, 0x0218, 0x01D8, 0x0218, 0x01D8, 0x0218, 0x01D8,
  0x0218, 0x01D8, 0x0218, 0x01D8, 0x0217, 0x01D8, 0x0218, 0x01D7, 0x0218, 0x01D8, 0x0218, 0x01D8,
  0x0218, 0x01D8, 0x0218, 0x01D8, 0x0218, 0x01D8, 0x0218, 0x01D8, 0x0217, 0x0218, 0x0218, 0x01D7,
  0x0218, 0x01D8, 0x0217, 0x0218, 0x0218, 0x0217, 0x01D8, 0x0218, 0x01D8, 0x0218, 0x0218, 0x0218,
  0x0218, 0x0218, 0x0218, 0x01D8, 0x0218, 0x01D8, 0x0218, 0x0218, 0x0218, 0x01D7, 0x0218, 0x01D8,
  0x0217, 0x01D8, 0x0218, 0x01D8, 0x0218, 0x01D8, 0x0218, 0x01D8, 0x0218, 0x01D8, 0x0218, 0x01D8,
  0x0218, 0x01D8, 0x0218, 0x01D8, 0x0218, 0x01D8, 0x0218, 0x01D8, 0x0218, 0x01D8, 0x0218, 0x01D8,
  0x0218, 0x01D8, 0x0218, 0x01D8, 0x0218, 0x01D8, 0x0218, 0x01D8, 0x0218, 0x01D8, 0x0218, 0x01D8,
  0x0218, 0x01D8, 0x0218, 0x01D8, 0x0218, 0x01D8, 0x0218, 0x01D8, 0x0218, 0x01D8, 0x0218, 0x01D8,
  0x0218, 0x01D8, 0x0218, 0x01D8, 0x0218, 0x01D8, 0x0218, 0x01D8, 0x0218, 0x01D8, 0x0218, 0x01D8,
  0x0218, 0x01D8, 0x0218, 0x01D8, 0x0218, 0x01D8, 0x0218, 0x01D8, 0x0218, 0x01D8, 0x0218, 0x01D8,
  0x0218, 0x01D8, 0x0218, 0x01D8, 0x0218, 0x01D8, 0x0218, 0x01D8, 0x0218, 0x01D8, 0x0218, 0x01D8,
  0x0218, 0x01D8, 0x0218, 0x01D8, 0x0218, 0x01D8, 0x0218, 0x01D8, 0x0218, 0x01D8, 0x0218, 0x01D8,
  0x0218, 0x01D8, 0x0218, 0x01D8, 0x0218, 0x01D8, 0x0218, 0x01D8, 0xFFFF, 0xFFFF, 0xFFFF, 0xFFFF,
  0xFFFF, 0xFFFF, 0xFFFF, 0xFFFF, 0xFFFF, 0xFFFF, 0xFFFF, 0xFFFF, 0xFFFF, 0xFFFF, 0xFFFF, 0xFFFF,
  0xFFFF, 0xFFFF, 0xFFFF, 0xFFFF, 0xFFFF, 0xFFFF, 0xFFFF, 0xFFFF, 0xFFFF, 0xFFFF, 0xFFFF, 0xFFFF,
  0xFFFF, 0xFFFF, 0xFFFF, 0xFFFF, 0xFFFF, 0xCF3D, 0x253A, 0xEFFE, 0xFFFF, 0xFFFF, 0xFFFF, 0xFFFF,
  0xFFFF, 0xFFFF, 0xFFFF, 0xFFFF, 0xFFFF, 0xFFFF, 0xFFFF, 0xFFFF, 0xFFFF, 0xFFFF, 0xFFFF, 0xFFFF,
  0xFFFF, 0xFFFF, 0xFFFF, 0xFFFF, 0xFFFF, 0xFFFF, 0xFFFF, 0xFFFF, 0xFFFF, 0xFFFF, 0xFFFF, 0xFFFF,
  0xFFFF, 0xFFFF, 0xFFFF, 0xFFFF, 0xFFFF, 0xFFFF, 0xFFFF, 0xFFFF, 0xFFFF, 0xFFFF, 0xFFFF, 0xFFFF,
  0xFFFF, 0xFFFF, 0xFFFF, 0xFFFF, 0xFFFF, 0xFFFF, 0xFFFF, 0xFFFF, 0xFFFF, 0xFFFF, 0xFFFF, 0xFFFF,
  0xFFFF, 0xFFFF, 0xFFFF, 0xFFFF, 0xFFFF, 0xFFFF, 0xFFFF, 0xFFFF, 0xFFFF, 0xFFFF, 0xFFFF, 0xFFFF,
  0xFFFF, 0xFFFF, 0xFFFF, 0xFFFF, 0xFFFF, 0xFFFF, 0xFFFF, 0xEF5D, 0x859B, 0xF7FF, 0xFFFF, 0xFFFF,
  0xFFFF, 0x7CDA, 0x0012, 0x0012, 0x9E3B, 0xF7FF, 0xFFFF, 0xFFFF, 0xFFFF, 0x7CDA, 0x0154, 0x01D8,
  0x01D8, 0x0218, 0x01D8, 0x01D8, 0x01D8, 0x0218, 0x01D7, 0x0218, 0x01D8, 0x0217, 0x0218, 0x01D7,
  0x01D8, 0x0218, 0x01D8, 0x0218, 0x0217, 0x01D8, 0x0217, 0x01D8, 0x0218, 0x01D7, 0x0218, 0x01D8,
  0x0218, 0x01D8, 0x0218, 0x01D8, 0x01D8, 0x01D8, 0x01D8, 0x01D8, 0x0218, 0x0218, 0x01D8, 0x0218,
  0x01D8, 0x01D8, 0x01D8, 0x0218, 0x01D8, 0x0218, 0x01D7, 0x0218, 0x01D7, 0x0218, 0x01D8, 0x0218,
  0x01D8, 0x0218, 0x01D8, 0x0218, 0x01D8, 0x0217, 0x01D8, 0x0217, 0x01D8, 0x0217, 0x01D8, 0x0218,
  0x01D8, 0x0218, 0x01D8, 0x0218, 0x01D8, 0x01D8, 0x0218, 0x01D8, 0x0218, 0x01D7, 0x01D8, 0x01D8,
  0x01D8, 0x0218, 0x01D8, 0x0217, 0x01D8, 0x01D7, 0x01D8, 0x01D7, 0x01D8, 0x01D7, 0x0218, 0x01D7,
  0x0218, 0x01D8, 0x01D8, 0x01D8, 0x0217, 0x01D8, 0x0218, 0x01D8, 0x0218, 0x01D8, 0x0218, 0x01D8,
  0x0218, 0x01D8, 0x0218, 0x01D8, 0x0218, 0x01D8, 0x0218, 0x01D8, 0x0218, 0x01D8, 0x0218, 0x01D8,
  0x0218, 0x01D8, 0x0218, 0x01D8, 0x0218, 0x01D8, 0x0218, 0x01D8, 0x0218, 0x01D8, 0x0218, 0x01D8,
  0x0218, 0x01D8, 0x0218, 0x01D8, 0x0218, 0x01D8, 0x0218, 0x01D8, 0x0218, 0x01D8, 0x0218, 0x01D8,
  0x0218, 0x01D8, 0x0218, 0x01D8, 0x0218, 0x01D8, 0x0218, 0x01D8, 0x0218, 0x01D8, 0x0218, 0x01D8,
  0x0218, 0x01D8, 0x0218, 0x01D8, 0x0218, 0x01D8, 0x0218, 0x01D8, 0x0218, 0x01D8, 0x0218, 0x01D8,
  0x0218, 0x01D8, 0x0218, 0x01D8, 0x0218, 0x01D8, 0x0218, 0x01D8, 0x0218, 0x01D8, 0x0218, 0x01D8,
  0x0218, 0x01D8, 0x0218, 0x01D8, 0x0218, 0x01D8, 0x0218, 0x01D8, 0x0218, 0x01D8, 0x0218, 0x01D8,
  0x0218, 0x01D8, 0x0218, 0x01D8, 0x0218, 0x01D8, 0x0218, 0x01D8, 0x0218, 0x01D8, 0x0218, 0x01D8,
  0x0218, 0x01D8, 0x0218, 0x0218, 0xFFFF, 0xFFFF, 0xFFFF, 0xFFFF, 0xFFFF, 0xFFFF, 0xFFFF, 0xFFFF,
  0xFFFF, 0xFFFF, 0xFFFF, 0xFFFF, 0xFFFF, 0xFFFF, 0xFFFF, 0xFFFF, 0xFFFF, 0xFFFF, 0xFFFF, 0xFFFF,
  0xFFFF, 0xFFFF, 0xFFFF, 0xFFFF, 0xFFFF, 0xFFFF, 0xFFFF, 0xFFFF, 0xFFFF, 0xFFFF, 0xFFFF, 0xFFFF,
  0xFFFF, 0x9E3B, 0x671E, 0xFFFF, 0xFFFF, 0xFFFF, 0xFFFF, 0xFFFF, 0xFFFF, 0xFFFF, 0xFFFF, 0xFFFF,
  0xFFFF, 0xFFFF, 0xFFFF, 0xFFFF, 0xFFFF, 0xFFFF, 0xFFFF, 0xFFFF, 0xFFFF, 0xFFFF, 0xFFFF, 0xFFFF,
  0xFFFF, 0xFFFF, 0xFFFF, 0xFFFF, 0xFFFF, 0xFFFF, 0xFFFF, 0xFFFF, 0xFFFF, 0xFFFF, 0xFFFF, 0xFFFF,
  0xFFFF, 0xFFFF, 0xFFFF, 0xFFFF, 0xFFFF, 0xFFFF, 0xFFFF, 0xFFFF, 0xFFFF, 0xFFFF, 0xFFFF, 0xFFFF,
  0xFFFF, 0xFFFF, 0xFFFF, 0xFFFF, 0xFFFF, 0xFFFF, 0xFFFF, 0xFFFF, 0xFFFF, 0xFFFF, 0xFFFF, 0xFFFF,
  0xFFFF, 0xFFFF, 0xFFFF, 0xFFFF, 0xFFFF, 0xFFFF, 0xFFFF, 0xFFFF, 0xFFFF, 0xFFFF, 0xFFFF, 0xFFFF,
  0xFFFF, 0xFFFF, 0xFFFF, 0xFFFF, 0x9E3B, 0xC67A, 0xFFFF, 0xCF3D, 0x2A93, 0x0012, 0x0154, 0x9E3B,
  0xFFFF, 0xFFFF, 0xFFFF, 0xFFFF, 0xFFFF, 0x859B, 0x00B6, 0x01D8, 0x0218, 0x01D8, 0x0218, 0x0217,
  0x0218, 0x01D8, 0x0218, 0x01D8, 0x0218, 0x01D8, 0x01D8, 0x0218, 0x0218, 0x01D8, 0x0217, 0x01D8,
  0x01D8, 0x0218, 0x01D8, 0x0217, 0x01D8, 0x0218, 0x01D8, 0x0218, 0x01D8, 0x0218, 0x01D8, 0x0218,
  0x01D8, 0x0217, 0x0218, 0x01D7, 0x01D8, 0x0218, 0x01D7, 0x0218, 0x01D8, 0x0218, 0x0218, 0x01D8,
  0x0218, 0x01D8, 0x0218, 0x01D8, 0x0218, 0x01D8, 0x0218, 0x01D7, 0x0218, 0x01D8, 0x0218, 0x01D7,
  0x0218, 0x01D8, 0x0218, 0x01D8, 0x0218, 0x01D8, 0x0218, 0x01D8, 0x0218, 0x01D8, 0x0218, 0x01D8,
  0x01D7, 0x0218, 0x01D8, 0x0217, 0x01D8, 0x0218, 0x0218, 0x01D8, 0x0218, 0x01D7, 0x0218, 0x01D8,
  0x0218, 0x0218, 0x01D8, 0x0218, 0x01D8, 0x0218, 0x01D8, 0x0218, 0x01D8, 0x0217, 0x01D8, 0x0218,
  0x01D8, 0x0218, 0x01D8, 0x0217, 0x01D8, 0x0218, 0x01D7, 0x0217, 0x01D8, 0x0217, 0x01D7, 0x0218,
  0x01D7, 0x0217, 0x01D8, 0x0217, 0x01D7, 0x0218, 0x01D7, 0x0217, 0x01D8, 0x0217, 0x01D7, 0x0218,
  0x01D7, 0x0217, 0x01D8, 0x0217, 0x01D7, 0x0218, 0x01D7, 0x0217, 0x01D8, 0x0217, 0x01D7, 0x0218,
  0x01D7, 0x0217, 0x01D8, 0x0217, 0x01D7, 0x0218, 0x01D7, 0x0217, 0x01D8, 0x0217, 0x01D7, 0x0218,
  0x01D7, 0x0217, 0x01D8, 0x0217, 0x01D7, 0x0218, 0x01D7, 0x0217, 0x01D8, 0x0217, 0x01D7, 0x0218,
  0x01D7, 0x0217, 0x01D8, 0x0217, 0x01D7, 0x0218, 0x01D7, 0x0217, 0x01D8, 0x0217, 0x01D7, 0x0218,
  0x01D7, 0x0217, 0x01D8, 0x0217, 0x01D7, 0x0218, 0x01D7, 0x0217, 0x01D8, 0x0217, 0x01D7, 0x0218,
  0x01D7, 0x0217, 0x01D8, 0x0217, 0x01D7, 0x0218, 0x01D7, 0x0217, 0x01D8, 0x0217, 0x01D7, 0x0218,
  0x01D7, 0x0217, 0x01D8, 0x0217, 0x01D7, 0x0218, 0x01D7, 0x0217, 0x01D8, 0x0217, 0x01D7, 0x01D8,
  0xFFFF, 0xFFFF, 0xFFFF, 0xFFFF, 0xFFFF, 0xFFFF, 0xFFFF, 0xFFFF, 0xFFFF, 0xFFFF, 0xFFFF, 0xFFFF,
  0xFFFF, 0xFFFF, 0xFFFF, 0xFFFF, 0xFFFF, 0xFFFF, 0xFFFF, 0xFFFF, 0xFFFF, 0xFFFF, 0xFFFF, 0xFFFF,
  0xFFFF, 0xFFFF, 0xFFFF, 0xFFFF, 0xFFFF, 0xFFFF, 0xFFFF, 0xFFFF, 0xFFFF, 0x859B, 0xA75D, 0xF7FF,
  0xFFFF, 0xFFFF, 0xFFFF, 0xFFFF, 0xFFFF, 0xFFFF, 0xFFFF, 0xFFFF, 0xFFFF, 0xFFFF, 0xFFFF, 0xFFFF,
  0xFFFF, 0xFFFF, 0xFFFF, 0xFFFF, 0xFFFF, 0xFFFF, 0xFFFF, 0xFFFF, 0xFFFF, 0xFFFF, 0xFFFF, 0xFFFF,
  0xFFFF, 0xFFFF, 0xFFFF, 0xFFFF, 0xFFFF, 0xFFFF, 0xFFFF, 0xFFFF, 0xFFFF, 0xFFFF, 0xFFFF, 0xFFFF,
  0xFFFF, 0xFFFF, 0xFFFF, 0xFFFF, 0xFFFF, 0xFFFF, 0xFFFF, 0xFFFF, 0xFFFF, 0xFFFF, 0xFFFF, 0xFFFF,
  0xFFFF, 0xFFFF, 0xFFFF, 0xFFFF, 0xFFFF, 0xFFFF, 0xFFFF, 0xFFFF, 0xFFFF, 0xFFFF, 0xFFFF, 0xFFFF,
  0xFFFF, 0xFFFF, 0xFFFF, 0xFFFF, 0xFFFF, 0xFFFF, 0xFFFF, 0xFFFF, 0xFFFF, 0xFFFF, 0xFFFF, 0xFFFF,
  0xFFFF, 0x859B, 0x2BF8, 0x0154, 0x0012, 0x01D7, 0x9E3B, 0xFFFF, 0xFFFF, 0xFFFF, 0xFFFF, 0xFFFF,
  0xFFFF, 0x9E3B, 0x0154, 0x01D8, 0x01D8, 0x01D7, 0x01D8, 0x01D8, 0x01D8, 0x01D7, 0x01D7, 0x01D7,
  0x01D7, 0x01D8, 0x0217, 0x01D8, 0x01D7, 0x01D8, 0x01D8, 0x01D7, 0x0218, 0x01D7, 0x01D8, 0x01D8,
  0x01D8, 0x01D7, 0x01D8, 0x01D7, 0x01D7, 0x01D7, 0x01D7, 0x01D7, 0x01D7, 0x01D7, 0x01D8, 0x01D8,
  0x0218, 0x01D8, 0x01D8, 0x01D7, 0x01D8, 0x01D7, 0x01D8, 0x01D7, 0x01D8, 0x01D7, 0x01D7, 0x01D7,
  0x01D7, 0x01D7, 0x01D7, 0x01D8, 0x01D7, 0x01D7, 0x01D7, 0x01D8, 0x01D8, 0x01D7, 0x01D8, 0x01D7,
  0x01D8, 0x01D8, 0x01D8, 0x01D7, 0x01D8, 0x01D7, 0x01D7, 0x01D7, 0x0218, 0x01D7, 0x01D7, 0x01D8,
  0x01D7, 0x01D8, 0x01D7, 0x01D7, 0x01D7, 0x01D8, 0x01D7, 0x01D8, 0x01D7, 0x01D8, 0x01D7, 0x01D8,
  0x01D7, 0x01D8, 0x01D7, 0x01D8, 0x01D7, 0x01D8, 0x01D8, 0x01D7, 0x0218, 0x01D7, 0x0217, 0x01D8,
  0x01D7, 0x01D7, 0x01D8, 0x01D7, 0x01D7, 0x01D8, 0x01D7, 0x01D7, 0x01D8, 0x01D7, 0x01D7, 0x01D8,
  0x01D7, 0x01D7, 0x01D8, 0x01D7, 0x01D7, 0x01D8, 0x01D7, 0x01D7, 0x01D8, 0x01D7, 0x01D7, 0x01D8,
  0x01D7, 0x01D7, 0x01D8, 0x01D7, 0x01D7, 0x01D8, 0x01D7, 0x01D7, 0x01D8, 0x01D7, 0x01D7, 0x01D8,
  0x01D7, 0x01D7, 0x01D8, 0x01D7, 0x01D7, 0x01D8, 0x01D7, 0x01D7, 0x01D8, 0x01D7, 0x01D7, 0x01D8,
  0x01D7, 0x01D7, 0x01D8, 0x01D7, 0x01D7, 0x01D8, 0x01D7, 0x01D7, 0x01D8, 0x01D7, 0x01D7, 0x01D8,
  0x01D7, 0x01D7, 0x01D8, 0x01D7, 0x01D7, 0x01D8, 0x01D7, 0x01D7, 0x01D8, 0x01D7, 0x01D7, 0x01D8,
  0x01D7, 0x01D7, 0x01D8, 0x01D7, 0x01D7, 0x01D8, 0x01D7, 0x01D7, 0x01D8, 0x01D7, 0x01D7, 0x01D8,
  0x01D7, 0x01D7, 0x01D8, 0x01D7, 0x01D7, 0x01D8, 0x01D7, 0x01D7, 0x01D8, 0x01D7, 0x01D7, 0x01D8,
  0x01D7, 0x01D7, 0x01D8, 0x01D7, 0x01D7, 0x01D8, 0x01D7, 0x01D7, 0xFFFF, 0xFFFF, 0xFFFF, 0xFFFF,
  0xFFFF, 0xFFFF, 0xFFFF, 0xFFFF, 0xFFFF, 0xFFFF, 0xFFFF, 0xFFFF, 0xFFFF, 0xFFFF, 0xFFFF, 0xFFFF,
  0xFFFF, 0xFFFF, 0xFFFF, 0xFFFF, 0xFFFF, 0xFFFF, 0xFFFF, 0xFFFF, 0xFFFF, 0xFFFF, 0xFFFF, 0xFFFF,
  0xFFFF, 0xFFFF, 0xFFFF, 0xFFFF, 0xFFFF, 0x859B, 0xA75D, 0xB7DF, 0xFFFF, 0xFFFF, 0xFFFF, 0xFFFF,
  0xFFFF, 0xFFFF, 0xFFFF, 0xFFFF, 0xFFFF, 0xFFFF, 0xFFFF, 0xFFFF, 0xFFFF, 0xFFFF, 0xFFFF, 0xFFFF,
  0xFFFF, 0xFFFF, 0xFFFF, 0xFFFF, 0xFFFF, 0xFFFF, 0xFFFF, 0xFFFF, 0xFFFF, 0xFFFF, 0xFFFF, 0xFFFF,
  0xFFFF, 0xFFFF, 0xFFFF, 0xFFFF, 0xFFFF, 0xFFFF, 0xFFFF, 0xFFFF, 0xFFFF, 0xFFFF, 0xFFFF, 0xFFFF,
  0xFFFF, 0xFFFF, 0xFFFF, 0xFFFF, 0xFFFF, 0xFFFF, 0xFFFF, 0xFFFF, 0xFFFF, 0xFFFF, 0xFFFF, 0xFFFF,
  0xFFFF, 0xFFFF, 0xFFFF, 0xFFFF, 0xFFFF, 0xFFFF, 0xFFFF, 0xFFFF, 0xFFFF, 0xFFFF, 0xFFFF, 0xFFFF,
  0xFFFF, 0xFFFF, 0xFFFF, 0xFFFF, 0xFFFF, 0xFFFF, 0xFFFF, 0xDF7E, 0x7CDA, 0x01D6, 0x0012, 0x0074,
  0x2C79, 0xDF7E, 0xFFFF, 0xFFFF, 0xFFFF, 0xFFFF, 0xFFFF, 0xFFFF, 0xFFFF, 0xC67A, 0x0154, 0x0199,
  0x01D7, 0x0218, 0x01D7, 0x0218, 0x01D7, 0x0218, 0x01D7, 0x0218, 0x01D7, 0x0218, 0x01D8, 0x01D7,
  0x0218, 0x01D7, 0x0218, 0x01D7, 0x01D8, 0x01D8, 0x0217, 0x01D7, 0x0218, 0x01D7, 0x0218, 0x01D7,
  0x0217, 0x01D8, 0x0217, 0x01D7, 0x0218, 0x01D7, 0x0218, 0x0217, 0x01D8, 0x0217, 0x01D7, 0x0218,
  0x01D7, 0x0218, 0x01D7, 0x0217, 0x01D7, 0x0217, 0x01D8, 0x0217, 0x01D7, 0x0218, 0x01D7, 0x0217,
  0x01D7, 0x0217, 0x01D7, 0x0217, 0x01D8, 0x0217, 0x01D8, 0x0218, 0x01D7, 0x0217, 0x01D8, 0x0217,
  0x01D8, 0x0218, 0x01D7, 0x0217, 0x01D7, 0x01D7, 0x0217, 0x01D7, 0x0217, 0x01D7, 0x0217, 0x01D8,
  0x0217, 0x01D7, 0x0217, 0x01D7, 0x0218, 0x01D7, 0x0218, 0x01D7, 0x0218, 0x01D7, 0x0218, 0x01D7,
  0x0218, 0x01D7, 0x0217, 0x01D7, 0x01D7, 0x01D7, 0x01D7, 0x01D7, 0x0217, 0x01D7, 0x0217, 0x01D8,
  0x0217, 0x01D7, 0x0217, 0x01D8, 0x0217, 0x01D7, 0x0218, 0x01D7, 0x0217, 0x01D8, 0x0217, 0x01D7,
  0x0218, 0x01D7, 0x0217, 0x01D8, 0x0217, 0x01D7, 0x0218, 0x01D7, 0x0217, 0x01D8, 0x0217, 0x01D7,
  0x0218, 0x01D7, 0x0217, 0x01D8, 0x0217, 0x01D7, 0x0218, 0x01D7, 0x0217, 0x01D8, 0x0217, 0x01D7,
  0x0218, 0x01D7, 0x0217, 0x01D8, 0x0217, 0x01D7, 0x0218, 0x01D7, 0x0217, 0x01D8, 0x0217, 0x01D7,
  0x0218, 0x01D7, 0x0217, 0x01D8, 0x0217, 0x01D7, 0x0218, 0x01D7, 0x0217, 0x01D8, 0x0217, 0x01D7,
  0x0218, 0x01D7, 0x0217, 0x01D8, 0x0217, 0x01D7, 0x0218, 0x01D7, 0x0217, 0x01D8, 0x0217, 0x01D7,
  0x0218, 0x01D7, 0x0217, 0x01D8, 0x0217, 0x01D7, 0x0218, 0x01D7, 0x0217, 0x01D8, 0x0217, 0x01D7,
  0x0218, 0x01D7, 0x0217, 0x01D8, 0x0217, 0x01D7, 0x0218, 0x01D7, 0x0217, 0x01D8, 0x0217, 0x01D7,
  0x0218, 0x01D7, 0x0217, 0x01D8, 0xFFFF, 0xFFFF, 0xFFFF, 0xFFFF, 0xFFFF, 0xFFFF, 0xFFFF, 0xFFFF,
  0xFFFF, 0xFFFF, 0xFFFF, 0xFFFF, 0xFFFF, 0xFFFF, 0xFFFF, 0xFFFF, 0xFFFF, 0xFFFF, 0xFFFF, 0xFFFF,
  0xFFFF, 0xFFFF, 0xFFFF, 0xFFFF, 0xFFFF, 0xFFFF, 0xFFFF, 0xFFFF, 0xFFFF, 0xFFFF, 0xFFFF, 0xFFFF,
  0xCF3D, 0x253A, 0xB7DF, 0xB7DF, 0xF7FF, 0xFFFF, 0xFFFF, 0xFFFF, 0xFFFF, 0xFFFF, 0xFFFF, 0xFFFF,
  0xFFFF, 0xFFFF, 0xFFFF, 0xFFFF, 0xFFFF, 0xFFFF, 0xFFFF, 0xFFFF, 0xFFFF, 0xFFFF, 0xFFFF, 0xFFFF,
  0xFFFF, 0xFFFF, 0xFFFF, 0xFFFF, 0xFFFF, 0xFFFF, 0xFFFF, 0xFFFF, 0xFFFF, 0xFFFF, 0xFFFF, 0xFFFF,
  0xFFFF, 0xFFFF, 0xFFFF, 0xFFFF, 0xFFFF, 0xFFFF, 0xFFFF, 0xFFFF, 0xFFFF, 0xFFFF, 0xFFFF, 0xFFFF,
  0xFFFF, 0xFFFF, 0xFFFF, 0xFFFF, 0xFFFF, 0xFFFF, 0xFFFF, 0xFFFF, 0xFFFF, 0xFFFF, 0xFFFF, 0xFFFF,
  0xFFFF, 0xFFFF, 0xFFFF, 0xFFFF, 0xFFFF, 0xFFFF, 0xFFFF, 0xFFFF, 0xFFFF, 0xFFFF, 0xFFFF, 0xEF5D,
  0xBEDD, 0x7CDA, 0x0377, 0x0157, 0x0012, 0x0034, 0x02B7, 0x2C79, 0xFFFF, 0xFFFF, 0xFFFF, 0xFFFF,
  0xFFFF, 0xFFFF, 0xFFFF, 0xFFFF, 0xFFFF, 0xBEDD, 0x01B4, 0x0198, 0x01D8, 0x01D7, 0x01D8, 0x01D7,
  0x01D8, 0x01D7, 0x01D8, 0x01D8, 0x01D7, 0x01D8, 0x01D7, 0x01D8, 0x01D7, 0x01D8, 0x01D7, 0x0218,
  0x01D7, 0x01D8, 0x01D7, 0x01D8, 0x01D7, 0x01D8, 0x01D7, 0x01D8, 0x01D8, 0x01D7, 0x01D8, 0x01D8,
  0x01D7, 0x01D8, 0x01D7, 0x01D7, 0x01D7, 0x01D8, 0x01D7, 0x01D7, 0x01D7, 0x01D7, 0x01D7, 0x01D8,
  0x01D7, 0x01D8, 0x01D7, 0x01D8, 0x01D7, 0x01D8, 0x01D7, 0x01D8, 0x01D8, 0x01D8, 0x01D8, 0x01D7,
  0x01D7, 0x01D8, 0x01D7, 0x01D7, 0x01D7, 0x01D8, 0x01D7, 0x01D8, 0x01D7, 0x01D8, 0x01D7, 0x01D8,
  0x01D8, 0x01D8, 0x01D8, 0x01D8, 0x01D7, 0x01D8, 0x01D7, 0x01D8, 0x01D7, 0x01D8, 0x01D8, 0x01D7,
  0x01D8, 0x01D7, 0x01D8, 0x01D8, 0x01D7, 0x01D8, 0x01D7, 0x01D8, 0x01D7, 0x01D8, 0x01D8, 0x0218,
  0x01D8, 0x0218, 0x01D8, 0x01D8, 0x01D8, 0x01D8, 0x01D7, 0x01D8, 0x01D7, 0x01D8, 0x01D8, 0x01D7,
  0x01D8, 0x01D7, 0x01D7, 0x01D8, 0x01D8, 0x01D7, 0x01D8, 0x01D7, 0x01D7, 0x01D8, 0x01D8, 0x01D7,
  0x01D8, 0x01D7, 0x01D7, 0x01D8, 0x01D8, 0x01D7, 0x01D8, 0x01D7, 0x01D7, 0x01D8, 0x01D8, 0x01D7,
  0x01D8, 0x01D7, 0x01D7, 0x01D8, 0x01D8, 0x01D7, 0x01D8, 0x01D7, 0x01D7, 0x01D8, 0x01D8, 0x01D7,
  0x01D8, 0x01D7, 0x01D7, 0x01D8, 0x01D8, 0x01D7, 0x01D8, 0x01D7, 0x01D7, 0x01D8, 0x01D8, 0x01D7,
  0x01D8, 0x01D7, 0x01D7, 0x01D8, 0x01D8, 0x01D7, 0x01D8, 0x01D7, 0x01D7, 0x01D8, 0x01D8, 0x01D7,
  0x01D8, 0x01D7, 0x01D7, 0x01D8, 0x01D8, 0x01D7, 0x01D8, 0x01D7, 0x01D7, 0x01D8, 0x01D8, 0x01D7,
  0x01D8, 0x01D7, 0x01D7, 0x01D8, 0x01D8, 0x01D7, 0x01D8, 0x01D7, 0x01D7, 0x01D8, 0x01D8, 0x01D7,
  0x01D8, 0x01D7, 0x01D7, 0x01D8, 0x01D8, 0x01D7, 0x01D8, 0x01D7, 0x01D7, 0x01D8, 0x01D8, 0x0217,
  0xFFFF, 0xFFFF, 0xFFFF, 0xFFFF, 0xFFFF, 0xFFFF, 0xFFFF, 0xFFFF, 0xFFFF, 0xFFFF, 0xFFFF, 0xFFFF,
  0xFFFF, 0xFFFF, 0xFFFF, 0xFFFF, 0xFFFF, 0xFFFF, 0xFFFF, 0xFFFF, 0xFFFF, 0xFFFF, 0xFFFF, 0xFFFF,
  0xFFFF, 0xFFFF, 0xFFFF, 0xFFFF, 0xFFFF, 0xFFFF, 0xFFFF, 0xFFFF, 0x9E3B, 0x661C, 0xB7DF, 0xB7DF,
  0xDFFF, 0xFFFF, 0xFFFF, 0xFFFF, 0xFFFF, 0xFFFF, 0xFFFF, 0xFFFF, 0xFFFF, 0xFFFF, 0xFFFF, 0xFFFF,
  0xFFFF, 0xFFFF, 0xFFFF, 0xFFFF, 0xFFFF, 0xFFFF, 0xFFFF, 0xFFFF, 0xFFFF, 0xFFFF, 0xFFFF, 0xFFFF,
  0xFFFF, 0xFFFF, 0xFFFF, 0xFFFF, 0xFFFF, 0xFFFF, 0xFFFF, 0xFFFF, 0xFFFF, 0xFFFF, 0xFFFF, 0xFFFF,
  0xFFFF, 0xFFFF, 0xFFFF, 0xFFFF, 0xFFFF, 0xFFFF, 0xFFFF, 0xFFFF, 0xFFFF, 0xFFFF, 0xFFFF, 0xFFFF,
  0xFFFF, 0xFFFF, 0xFFFF, 0xFFFF, 0xFFFF, 0xFFFF, 0xFFFF, 0xFFFF, 0xFFFF, 0xFFFF, 0xFFFF, 0xFFFF,
  0xFFFF, 0xFFFF, 0xFFFF, 0xFFFF, 0xEFBF, 0x9E3B, 0x3B38, 0x0154, 0x0034, 0x0015, 0x0015, 0x00F7,
  0x3B38, 0x859B, 0xFFFF, 0xCF3D, 0xBEDD, 0xFFFF, 0xFFFF, 0xFFFF, 0xFFFF, 0xFFFF, 0xFFFF, 0xFFFF,
  0xFFFF, 0xEF5D, 0x0215, 0x0197, 0x01D8, 0x0218, 0x01D7, 0x0218, 0x01D7, 0x0218, 0x01D8, 0x0217,
  0x01D8, 0x0217, 0x01D8, 0x0217, 0x01D8, 0x0217, 0x01D8, 0x01D7, 0x01D8, 0x0217, 0x01D8, 0x0217,
  0x01D8, 0x0218, 0x01D7, 0x0218, 0x01D7, 0x0218, 0x01D7, 0x0217, 0x01D8, 0x0218, 0x01D7, 0x0218,
  0x01D8, 0x0217, 0x01D8, 0x0217, 0x01D8, 0x0217, 0x01D8, 0x0217, 0x01D8, 0x0217, 0x01D8, 0x0217,
  0x01D8, 0x0217, 0x01D8, 0x0217, 0x01D7, 0x0218, 0x01D7, 0x0218, 0x01D7, 0x0217, 0x01D7, 0x0217,
  0x01D8, 0x0217, 0x01D7, 0x0218, 0x01D7, 0x0218, 0x01D7, 0x0218, 0x01D7, 0x0218, 0x01D7, 0x0217,
  0x01D8, 0x0217, 0x01D7, 0x0217, 0x01D8, 0x0217, 0x01D7, 0x0217, 0x01D7, 0x0218, 0x01D7, 0x0217,
  0x01D8, 0x0217, 0x01D8, 0x0217, 0x01D8, 0x0217, 0x01D7, 0x01D8, 0x01D7, 0x01D7, 0x01D7, 0x0217,
  0x01D7, 0x0218, 0x01D7, 0x0218, 0x01D7, 0x0218, 0x01D7, 0x0218, 0x01D7, 0x0218, 0x01D7, 0x0218,
  0x01D7, 0x0218, 0x01D7, 0x0218, 0x01D7, 0x0218, 0x01D7, 0x0218, 0x01D7, 0x0218, 0x01D7, 0x0218,
  0x01D7, 0x0218, 0x01D7, 0x0218, 0x01D7, 0x0218, 0x01D7, 0x0218, 0x01D7, 0x0218, 0x01D7, 0x0218,
  0x01D7, 0x0218, 0x01D7, 0x0218, 0x01D7, 0x0218, 0x01D7, 0x0218, 0x01D7, 0x0218, 0x01D7, 0x0218,
  0x01D7, 0x0218, 0x01D7, 0x0218, 0x01D7, 0x0218, 0x01D7, 0x0218, 0x01D7, 0x0218, 0x01D7, 0x0218,
  0x01D7, 0x0218, 0x01D7, 0x0218, 0x01D7, 0x0218, 0x01D7, 0x0218, 0x01D7, 0x0218, 0x01D7, 0x0218,
  0x01D7, 0x0218, 0x01D7, 0x0218, 0x01D7, 0x0218, 0x01D7, 0x0218, 0x01D7, 0x0218, 0x01D7, 0x0218,
  0x01D7, 0x0218, 0x01D7, 0x0218, 0x01D7, 0x0218, 0x01D7, 0x0218, 0x01D7, 0x0218, 0x01D7, 0x0218,
  0x01D7, 0x0218, 0x01D7, 0x0218, 0x01D7, 0x0218, 0x01D7, 0x01D8, 0xFFFF, 0xFFFF, 0xFFFF, 0xFFFF,
  0xFFFF, 0xFFFF, 0xFFFF, 0xFFFF, 0xFFFF, 0xFFFF, 0xFFFF, 0xFFFF, 0xFFFF, 0xFFFF, 0xFFFF, 0xFFFF,
  0xFFFF, 0xFFFF, 0xFFFF, 0xFFFF, 0xFFFF, 0xFFFF, 0xFFFF, 0xFFFF, 0xFFFF, 0xFFFF, 0xFFFF, 0xFFFF,
  0xFFFF, 0xFFFF, 0xFFFF, 0xFFFF, 0x859B, 0x07DF, 0xB7DF, 0xB7DF, 0xB7DF, 0xF7FF, 0xFFFF, 0xFFFF,
  0xFFFF, 0xFFFF, 0xFFFF, 0xFFFF, 0xFFFF, 0xFFFF, 0xFFFF, 0xFFFF, 0xFFFF, 0xFFFF, 0xFFFF, 0xFFFF,
  0xFFFF, 0xFFFF, 0xFFFF, 0xFFFF, 0xFFFF, 0xFFFF, 0xFFFF, 0xFFFF, 0xFFFF, 0xFFFF, 0xFFFF, 0xFFFF,
  0xFFFF, 0xFFFF, 0xFFFF, 0xFFFF, 0xFFFF, 0xFFFF, 0xFFFF, 0xFFFF, 0xFFFF, 0xFFFF, 0xFFFF, 0xFFFF,
  0xFFFF, 0xFFFF, 0xFFFF, 0xFFFF, 0xFFFF, 0xFFFF, 0xFFFF, 0xFFFF, 0xFFFF, 0xFFFF, 0xFFFF, 0xFFFF,
  0xFFFF, 0xFFFF, 0xFFFF, 0xFFFF, 0xFFFF, 0xFFFF, 0xFFFF, 0xFFFF, 0xFFFF, 0xFFFF, 0xBEDD, 0x7CDA,
  0x0255, 0x0034, 0x0015, 0x00B7, 0x0259, 0x2BF8, 0x859B, 0xCF3D, 0xFFFF, 0xFFFF, 0xFFFF, 0xEFBD,
  0x859B, 0xE7BE, 0xFFFF, 0xFFFF, 0xFFFF, 0xFFFF, 0xFFFF, 0xFFFF, 0xFFFF, 0xE7BE, 0x0255, 0x0158,
  0x01D8, 0x01D7, 0x01D7, 0x01D7, 0x01D8, 0x01D7, 0x01D7, 0x01D7, 0x01D7, 0x01D8, 0x01D7, 0x01D8,
  0x01D7, 0x01D8, 0x01D7, 0x01D8, 0x0217, 0x01D8, 0x01D8, 0x01D7, 0x01D8, 0x01D7, 0x01D8, 0x01D7,
  0x01D7, 0x01D8, 0x01D7, 0x01D8, 0x01D7, 0x01D8, 0x01D7, 0x01D7, 0x01D7, 0x01D7, 0x01D7, 0x01D7,
  0x01D8, 0x01D7, 0x01D8, 0x01D7, 0x01D8, 0x01D7, 0x01D8, 0x01D7, 0x01D8, 0x01D7, 0x01D8, 0x01D7,
  0x01D8, 0x01D7, 0x01D8, 0x01D7, 0x01D8, 0x01D7, 0x01D8, 0x01D8, 0x01D7, 0x01D7, 0x01D8, 0x01D7,
  0x01D8, 0x01D7, 0x01D8, 0x01D7, 0x01D8, 0x01D7, 0x01D7, 0x01D7, 0x01D7, 0x01D7, 0x01D8, 0x01D7,
  0x01D7, 0x01D8, 0x01D7, 0x01D8, 0x01D7, 0x01D7, 0x01D7, 0x01D7, 0x01D7, 0x01D7, 0x01D7, 0x01D7,
  0x01D7, 0x01D7, 0x01D7, 0x01D7, 0x0217, 0x01D7, 0x0218, 0x01D7, 0x01D7, 0x01D7, 0x01D8, 0x01D7,
  0x01D8, 0x01D7, 0x01D8, 0x01D7, 0x01D8, 0x01D7, 0x01D8, 0x01D7, 0x01D8, 0x01D7, 0x01D8, 0x01D7,
  0x01D8, 0x01D7, 0x01D7, 0x01D8, 0x01D7, 0x01D8, 0x01D7, 0x01D7, 0x01D8, 0x01D7, 0x01D8, 0x01D7,
  0x01D8, 0x01D7, 0x01D8, 0x01D7, 0x01D8, 0x01D7, 0x01D8, 0x01D7, 0x01D8, 0x01D7, 0x01D8, 0x01D7,
  0x01D8, 0x01D7, 0x01D8, 0x01D7, 0x01D8, 0x01D7, 0x01D8, 0x01D7, 0x01D8, 0x01D7, 0x01D8, 0x01D7,
  0x01D8, 0x01D7, 0x01D8, 0x01D7, 0x01D8, 0x01D7, 0x01D8, 0x01D7, 0x01D8, 0x01D7, 0x01D8, 0x01D7,
  0x01D8, 0x01D7, 0x01D8, 0x01D7, 0x01D8, 0x01D7, 0x01D8, 0x01D7, 0x01D8, 0x01D7, 0x01D8, 0x01D7,
  0x01D8, 0x01D7, 0x01D8, 0x01D7, 0x01D8, 0x01D7, 0x01D8, 0x01D7, 0x01D8, 0x01D7, 0x01D8, 0x01D7,
  0x01D8, 0x01D7, 0x01D8, 0x01D7, 0x01D8, 0x01D7, 0x01D8, 0x01D7, 0x01D8, 0x01D7, 0x01D8, 0x01D7,
  0x01D8, 0x01D7, 0x01D8, 0x01D7, 0xFFFF, 0xFFFF, 0xFFFF, 0xFFFF, 0xFFFF, 0xFFFF, 0xFFFF, 0xFFFF,
  0xFFFF, 0xFFFF, 0xFFFF, 0xFFFF, 0xFFFF, 0xFFFF, 0xFFFF, 0xFFFF, 0xFFFF, 0xFFFF, 0xFFFF, 0xFFFF,
  0xFFFF, 0xFFFF, 0xFFFF, 0xFFFF, 0xFFFF, 0xFFFF, 0xFFFF, 0xFFFF, 0xFFFF, 0xFFFF, 0xFFFF, 0xFF5E,
  0x05FB, 0x6FDF, 0xB7DF, 0xDFFF, 0xB7DF, 0xDFFF, 0xFFFF, 0xFFFF, 0xFFFF, 0xFFFF, 0xFFFF, 0xFFFF,
  0xFFFF, 0xFFFF, 0xFFFF, 0xFFFF, 0xFFFF, 0xFFFF, 0xFFFF, 0xFFFF, 0xFFFF, 0xFFFF, 0xFFFF, 0xFFFF,
  0xFFFF, 0xFFFF, 0xFFFF, 0xFFFF, 0xFFFF, 0xFFFF, 0xFFFF, 0xFFFF, 0xFFFF, 0xFFFF, 0xFFFF, 0xFFFF,
  0xFFFF, 0xFFFF, 0xFFFF, 0xFFFF, 0xFFFF, 0xFFFF, 0xFFFF, 0xFFFF, 0xFFFF, 0xFFFF, 0xFFFF, 0xFFFF,
  0xFFFF, 0xFFFF, 0xFFFF, 0xFFFF, 0xFFFF, 0xFFFF, 0xFFFF, 0xFFFF, 0xFFFF, 0xFFFF, 0xFFFF, 0xFFFF,
  0xFFFF, 0xFFFF, 0xFFFF, 0xCF3D, 0x7C39, 0x02B7, 0x0076, 0x0012, 0x0015, 0x01D8, 0x2C79, 0xBEDD,
  0xFFBF, 0xFFFF, 0xFFFF, 0xFFFF, 0xFFFF, 0xFFFF, 0xFFFF, 0xFFFF, 0xBEDD, 0x859B, 0xFFFF, 0xFFFF,
  0xFFFF, 0xFFFF, 0xFFFF, 0xFFFF, 0xFFFF, 0xFFFF, 0x02B7, 0x00F7, 0x01D7, 0x01D7, 0x01D8, 0x01D7,
  0x01D7, 0x01D8, 0x01D7, 0x01D8, 0x01D7, 0x01D7, 0x01D8, 0x01D7, 0x01D7, 0x01D7, 0x01D8, 0x01D7,
  0x01D8, 0x01D7, 0x01D7, 0x01D8, 0x01D7, 0x01D8, 0x01D7, 0x01D8, 0x01D7, 0x01D7, 0x01D8, 0x01D7,
  0x01D8, 0x01D7, 0x01D7, 0x01D7, 0x01D7, 0x01D8, 0x01D7, 0x01D8, 0x01D7, 0x01D7, 0x01D7, 0x01D8,
  0x01D7, 0x01D7, 0x01D7, 0x01D8, 0x01D7, 0x01D7, 0x01D7, 0x01D8, 0x01D7, 0x01D8, 0x01D7, 0x01D8,
  0x01D7, 0x01D7, 0x01D7, 0x01D7, 0x01D8, 0x01D7, 0x01D7, 0x01D8, 0x01D7, 0x01D8, 0x01D7, 0x01D8,
  0x01D7, 0x01D8, 0x01D8, 0x01D7, 0x01D8, 0x01D8, 0x01D7, 0x01D8, 0x01D7, 0x01D7, 0x01D8, 0x01D7,
  0x01D7, 0x01D8, 0x01D7, 0x01D8, 0x01D7, 0x01D8, 0x01D7, 0x01D8, 0x01D7, 0x01D8, 0x01D7, 0x01D8,
  0x01D7, 0x01D8, 0x01D7, 0x01D7, 0x0218, 0x01D7, 0x01D7, 0x01D7, 0x01D7, 0x01D7, 0x01D7, 0x01D8,
  0x01D7, 0x01D7, 0x01D7, 0x01D7, 0x01D8, 0x01D7, 0x01D7, 0x01D8, 0x01D7, 0x01D7, 0x01D8, 0x01D7,
  0x01D7, 0x01D7, 0x01D8, 0x01D7, 0x01D7, 0x01D8, 0x01D7, 0x01D7, 0x01D7, 0x01D7, 0x01D7, 0x01D8,
  0x01D7, 0x01D7, 0x01D7, 0x01D7, 0x01D7, 0x01D8, 0x01D7, 0x01D7, 0x01D7, 0x01D7, 0x01D7, 0x01D8,
  0x01D7, 0x01D7, 0x01D7, 0x01D7, 0x01D7, 0x01D8, 0x01D7, 0x01D7, 0x01D7, 0x01D7, 0x01D7, 0x01D8,
  0x01D7, 0x01D7, 0x01D7, 0x01D7, 0x01D7, 0x01D8, 0x01D7, 0x01D7, 0x01D7, 0x01D7, 0x01D7, 0x01D8,
  0x01D7, 0x01D7, 0x01D7, 0x01D7, 0x01D7, 0x01D8, 0x01D7, 0x01D7, 0x01D7, 0x01D7, 0x01D7, 0x01D8,
  0x01D7, 0x01D7, 0x01D7, 0x01D7, 0x01D7, 0x01D8, 0x01D7, 0x01D7, 0x01D7, 0x01D7, 0x01D7, 0x01D8,
  0x01D7, 0x01D7, 0x01D8, 0x01D7, 0x01D8, 0x01D7, 0x01D7, 0x01D8, 0x01D7, 0x01D7, 0x01D7, 0x01D8,
  0xFFFF, 0xFFFF, 0xFFFF, 0xFFFF, 0xFFFF, 0xFFFF, 0xFFFF, 0xFFFF, 0xFFFF, 0xFFFF, 0xFFFF, 0xFFFF,
  0xFFFF, 0xFFFF, 0xFFFF, 0xFFFF, 0xFFFF, 0xFFFF, 0xFFFF, 0xFFFF, 0xFFFF, 0xFFFF, 0xFFFF, 0xFFFF,
  0xFFFF, 0xFFFF, 0xFFFF, 0xFFFF, 0xFFFF, 0xFFFF, 0xFFFF, 0xDF7E, 0x06BE, 0xB7DF, 0xB7DF, 0xB7DF,
  0xB7DF, 0xDFFF, 0xF7FF, 0xFFFF, 0xFFFF, 0xFFFF, 0xFFFF, 0xFFFF, 0xFFFF, 0xFFFF, 0xFFFF, 0xFFFF,
  0xFFFF, 0xFFFF, 0xFFFF, 0xFFFF, 0xFFFF, 0xFFFF, 0xFFFF, 0xFFFF, 0xFFFF, 0xFFFF, 0xFFFF, 0xFFFF,
  0xFFFF, 0xFFFF, 0xFFFF, 0xFFFF, 0xFFFF, 0xFFFF, 0xFFFF, 0xFFFF, 0xFFFF, 0xFFFF, 0xFFFF, 0xFFFF,
  0xFFFF, 0xFFFF, 0xFFFF, 0xFFFF, 0xFFFF, 0xFFFF, 0xFFFF, 0xFFFF, 0xFFFF, 0xFFFF, 0xFFFF, 0xFFFF,
  0xFFFF, 0xFFFF, 0xFFFF, 0xFFFF, 0xFFFF, 0xFFFF, 0xFFFF, 0xFFFF, 0xFFFF, 0xE7BE, 0x7C39, 0x00B6,
  0x0012, 0x0015, 0x01D7, 0x0377, 0x859B, 0xEF5D, 0xFFFF, 0xFFFF, 0xFFFF, 0xFFFF, 0xFFFF, 0xFFFF,
  0xFFFF, 0xFFFF, 0xFFFF, 0xFFFF, 0xFFFF, 0xC67A, 0xBEDD, 0xFFFF, 0xFFFF, 0xFFFF, 0xFFFF, 0xFFFF,
  0xFFFF, 0xFFFF, 0x1A97, 0x00F6, 0x01D8, 0x01D8, 0x01D7, 0x01D7, 0x01D7, 0x01D7, 0x01D7, 0x01D7,
  0x01D8, 0x01D7, 0x01D7, 0x01D7, 0x01D8, 0x01D7, 0x01D7, 0x01D7, 0x01D7, 0x01D8, 0x01D7, 0x01D7,
  0x01D7, 0x01D7, 0x01D7, 0x01D7, 0x01D8, 0x01D7, 0x01D7, 0x01D8, 0x01D7, 0x01D7, 0x01D8, 0x01D7,
  0x01D8, 0x01D7, 0x01D7, 0x01D7, 0x01D8, 0x01D7, 0x01D8, 0x01D7, 0x01D7, 0x01D8, 0x01D7, 0x01D7,
  0x01D7, 0x01D8, 0x01D7, 0x01D7, 0x01D8, 0x01D7, 0x01D7, 0x01D7, 0x01D8, 0x01D7, 0x01D8, 0x01D7,
  0x01D7, 0x01D8, 0x01D7, 0x01D8, 0x01D7, 0x01D8, 0x01D7, 0x01D8, 0x01D7, 0x01D7, 0x01D7, 0x01D8,
  0x01D7, 0x01D7, 0x01D7, 0x01D7, 0x01D8, 0x01D7, 0x01D7, 0x01D7, 0x01D8, 0x01D7, 0x01D8, 0x01D7,
  0x01D8, 0x01D7, 0x01D8, 0x01D7, 0x01D8, 0x01D7, 0x01D8, 0x01D7, 0x01D8, 0x01D7, 0x01D8, 0x01D7,
  0x01D7, 0x01D8, 0x01D7, 0x01D7, 0x01D8, 0x01D7, 0x01D7, 0x01D7, 0x01D7, 0x01D8, 0x01D7, 0x01D7,
  0x01D7, 0x01D7, 0x01D7, 0x01D7, 0x01D7, 0x01D7, 0x01D7, 0x01D7, 0x01D8, 0x01D7, 0x01D7, 0x01D8,
  0x01D7, 0x01D7, 0x01D7, 0x01D8, 0x01D7, 0x01D7, 0x01D7, 0x01D7, 0x01D7, 0x01D8, 0x01D7, 0x01D7,
  0x01D7, 0x01D7, 0x01D7, 0x01D8, 0x01D7, 0x01D7, 0x01D7, 0x01D7, 0x01D7, 0x01D8, 0x01D7, 0x01D7,
  0x01D7, 0x01D7, 0x01D7, 0x01D8, 0x01D7, 0x01D7, 0x01D7, 0x01D7, 0x01D7, 0x01D8, 0x01D7, 0x01D7,
  0x01D7, 0x01D7, 0x01D7, 0x01D8, 0x01D7, 0x01D7, 0x01D7, 0x01D7, 0x01D7, 0x01D8, 0x01D7, 0x01D7,
  0x01D7, 0x01D7, 0x01D7, 0x01D8, 0x01D7, 0x01D7, 0x01D7, 0x01D7, 0x01D7, 0x01D8, 0x01D7, 0x01D7,
  0x01D8, 0x01D7, 0x01D7, 0x01D8, 0x01D7, 0x01D8, 0x01D7, 0x01D7, 0x01D7, 0x01D7, 0x01D7, 0x01D7,
  0x01D7, 0x01D7, 0x01D8, 0x01D7, 0x01D7, 0x01D8, 0x01D7, 0x01D7, 0xFFFF, 0xFFFF, 0xFFFF, 0xFFFF,
  0xFFFF, 0xFFFF, 0xFFFF, 0xFFFF, 0xFFFF, 0xFFFF, 0xFFFF, 0xFFFF, 0xFFFF, 0xFFFF, 0xFFFF, 0xFFFF,
  0xFFFF, 0xFFFF, 0xFFFF, 0xFFFF, 0xFFFF, 0xFFFF, 0xFFFF, 0xFFFF, 0xFFFF, 0xFFFF, 0xFFFF, 0xFFFF,
  0xFFFF, 0xFFFF, 0xFFFF, 0x9E3B, 0x073E, 0xB7DF, 0xB7DF, 0xB7DF, 0xB7DF, 0xDFFF, 0xFFFF, 0xFFFF,
  0xFFFF, 0xFFFF, 0xFFFF, 0xFFFF, 0xFFFF, 0xFFFF, 0xFFFF, 0xFFFF, 0xFFFF, 0xFFFF, 0xFFFF, 0xFFFF,
  0xFFFF, 0xFFFF, 0xFFFF, 0xFFFF, 0xFFFF, 0xFFFF, 0xFFFF, 0xFFFF, 0xFFFF, 0xFFFF, 0xFFFF, 0xFFFF,
  0xFFFF, 0xFFFF, 0xFFFF, 0xFFFF, 0xFFFF, 0xFFFF, 0xFFFF, 0xFFFF, 0xFFFF, 0xFFFF, 0xFFFF, 0xFFFF,
  0xFFFF, 0xFFFF, 0xFFFF, 0xFFFF, 0xFFFF, 0xFFFF, 0xFFFF, 0xFFFF, 0xFFFF, 0xFFFF, 0xFFFF, 0xFFFF,
  0xFFFF, 0xFFFF, 0xFFFF, 0xFFFF, 0x9E3B, 0x0154, 0x0015, 0x0077, 0x2BF8, 0x859B, 0xF7BE, 0xFFFF,
  0xFFFF, 0xFFFF, 0xFFFF, 0xFFFF, 0xFFFF, 0xFFFF, 0xFFFF, 0xFFFF, 0xFFFF, 0xFFFF, 0xFFFF, 0xFFFF,
  0xFFFF, 0xEFFE, 0x859B, 0xDF7E, 0xFFFF, 0xFFFF, 0xFFFF, 0xFFFF, 0xFFFF, 0xFFFF, 0x0377, 0x00B6,
  0x01D8, 0x0197, 0x01D8, 0x01D7, 0x01D8, 0x01D7, 0x01D8, 0x01D7, 0x01D7, 0x01D7, 0x01D8, 0x01D7,
  0x01D7, 0x01D8, 0x01D7, 0x01D8, 0x01D7, 0x01D7, 0x01D8, 0x01D7, 0x01D8, 0x01D7, 0x01D8, 0x01D7,
  0x01D7, 0x01D8, 0x01D7, 0x01D7, 0x01D7, 0x01D8, 0x01D7, 0x01D7, 0x01D7, 0x01D7, 0x01D7, 0x01D8,
  0x01D7, 0x01D7, 0x01D7, 0x01D7, 0x01D8, 0x01D7, 0x01D7, 0x01D8, 0x01D7, 0x01D7, 0x01D8, 0x01D7,
  0x01D7, 0x01D8, 0x01D7, 0x01D8, 0x01D7, 0x01D7, 0x01D7, 0x01D8, 0x01D7, 0x01D7, 0x01D8, 0x01D7,
  0x01D7, 0x01D7, 0x01D8, 0x01D7, 0x01D7, 0x01D8, 0x01D7, 0x01D7, 0x01D7, 0x01D8, 0x01D7, 0x01D8,
  0x01D7, 0x01D7, 0x01D7, 0x01D8, 0x01D7, 0x01D7, 0x01D7, 0x01D7, 0x01D7, 0x01D7, 0x01D7, 0x01D7,
  0x01D7, 0x01D7, 0x01D7, 0x01D7, 0x01D7, 0x01D7, 0x01D7, 0x01D7, 0x01D8, 0x01D7, 0x01D7, 0x01D7,
  0x01D7, 0x01D7, 0x01D8, 0x01D7, 0x01D7, 0x01D7, 0x01D7, 0x01D8, 0x01D7, 0x01D8, 0x01D7, 0x01D8,
  0x01D7, 0x01D8, 0x01D7, 0x01D8, 0x01D7, 0x01D7, 0x01D8, 0x01D7, 0x01D7, 0x01D7, 0x01D8, 0x01D7,
  0x01D7, 0x01D8, 0x01D7, 0x01D8, 0x01D7, 0x01D7, 0x01D8, 0x01D7, 0x01D8, 0x01D7, 0x01D8, 0x01D7,
  0x01D7, 0x01D8, 0x01D7, 0x01D8, 0x01D7, 0x01D7, 0x01D8, 0x01D7, 0x01D8, 0x01D7, 0x01D8, 0x01D7,
  0x01D7, 0x01D8, 0x01D7, 0x01D8, 0x01D7, 0x01D7, 0x01D8, 0x01D7, 0x01D8, 0x01D7, 0x01D8, 0x01D7,
  0x01D7, 0x01D8, 0x01D7, 0x01D8, 0x01D7, 0x01D7, 0x01D8, 0x01D7, 0x01D8, 0x01D7, 0x01D8, 0x01D7,
  0x01D7, 0x01D8, 0x01D7, 0x01D8, 0x01D7, 0x01D7, 0x01D7, 0x01D7, 0x01D7, 0x01D8, 0x01D7, 0x01D7,
  0x01D7, 0x01D7, 0x01D7, 0x01D8, 0x0197, 0x01D8, 0x01D7, 0x01D7, 0x01D8, 0x01D7, 0x01D7, 0x01D7,
  0x01D7, 0x01D7, 0x01D8, 0x01D7, 0xFFFF, 0xFFFF, 0xFFFF, 0xFFFF, 0xFFFF, 0xFFFF, 0xFFFF, 0xFFFF,
  0xFFFF, 0xFFFF, 0xFFFF, 0xFFFF, 0xFFFF, 0xFFFF, 0xFFFF, 0xFFFF, 0xFFFF, 0xFFFF, 0xFFFF, 0xFFFF,
  0xFFFF, 0xFFFF, 0xFFFF, 0xFFFF, 0xFFFF, 0xFFFF, 0xFFFF, 0xFFFF, 0xFFFF, 0xFFFF, 0xDEDB, 0x253A,
  0x6FDF, 0xB7DF, 0xB7DF, 0xB7DF, 0xB7DF, 0xB7DF, 0x6FDF, 0xB7DF, 0xF7FF, 0xFFFF, 0xFFFF, 0xFFFF,
  0xFFFF, 0xFFFF, 0xFFFF, 0xFFFF, 0xFFFF, 0xFFFF, 0xFFFF, 0xFFFF, 0xFFFF, 0xFFFF, 0xFFFF, 0xFFFF,
  0xFFFF, 0xFFFF, 0xFFFF, 0xFFFF, 0xFFFF, 0xFFFF, 0xFFFF, 0xFFFF, 0xFFFF, 0xFFFF, 0xFFFF, 0xFFFF,
  0xFFFF, 0xFFFF, 0xFFFF, 0xFFFF, 0xFFFF, 0xFFFF, 0xFFFF, 0xFFFF, 0xFFFF, 0xFFFF, 0xFFFF, 0xFFFF,
  0xFFFF, 0xFFFF, 0xFFFF, 0xFFFF, 0xFFFF, 0xFFFF, 0xFFFF, 0xFFFF, 0xFFFF, 0xFFFF, 0xFFFF, 0xCF3D,
  0x00D3, 0x0015, 0x0217, 0x9E3B, 0xFFFF, 0xFFFF, 0xFFFF, 0xFFFF, 0xFFFF, 0xFFFF, 0xFFFF, 0xFFFF,
  0xFFFF, 0xFFFF, 0xFFFF, 0xFFFF, 0xFFFF, 0xFFFF, 0xFFFF, 0xFFFF, 0xFFFF, 0xFFFF, 0xC67A, 0x859B,
  0xFFFF, 0xFFFF, 0xFFFF, 0xFFFF, 0xFFFF, 0xFFFF, 0x3B38, 0x0076, 0x01D8, 0x01D7, 0x01D7, 0x01D7,
  0x01D7, 0x01D8, 0x01D7, 0x01D7, 0x01D8, 0x01D7, 0x01D7, 0x01D7, 0x01D8, 0x01D7, 0x01D7, 0x01D7,
  0x01D8, 0x01D7, 0x01D7, 0x01D7, 0x01D7, 0x01D8, 0x01D7, 0x01D7, 0x01D8, 0x01D7, 0x01D7, 0x01D8,
  0x01D7, 0x01D7, 0x01D8, 0x01D7, 0x01D8, 0x01D7, 0x01D8, 0x01D7, 0x01D7, 0x01D8, 0x01D7, 0x01D7,
  0x01D7, 0x01D7, 0x01D7, 0x01D7, 0x01D7, 0x01D7, 0x01D7, 0x01D7, 0x01D7, 0x01D7, 0x01D7, 0x01D7,
  0x01D7, 0x01D8, 0x01D7, 0x01D7, 0x01D8, 0x01D7, 0x01D7, 0x01D7, 0x01D8, 0x01D7, 0x01D7, 0x01D7,
  0x01D8, 0x01D7, 0x01D7, 0x01D7, 0x01D7, 0x01D7, 0x01D7, 0x01D7, 0x01D7, 0x01D8, 0x01D7, 0x01D7,
  0x01D7, 0x01D7, 0x01D7, 0x01D8, 0x01D7, 0x01D7, 0x01D8, 0x01D7, 0x01D8, 0x01D7, 0x01D7, 0x01D8,
  0x01D7, 0x01D7, 0x01D8, 0x01D7, 0x01D7, 0x0197, 0x01D7, 0x0198, 0x01D7, 0x0197, 0x01D7, 0x01D7,
  0x01D8, 0x01D7, 0x01D8, 0x01D7, 0x01D7, 0x01D7, 0x01D7, 0x01D7, 0x01D7, 0x01D7, 0x01D7, 0x01D7,
  0x01D7, 0x01D7, 0x01D7, 0x01D7, 0x01D8, 0x01D7, 0x01D7, 0x01D7, 0x01D8, 0x01D7, 0x01D7, 0x01D7,
  0x01D7, 0x01D7, 0x01D7, 0x01D7, 0x01D7, 0x01D7, 0x01D7, 0x01D7, 0x01D8, 0x01D7, 0x01D7, 0x01D7,
  0x01D7, 0x01D7, 0x01D7, 0x01D7, 0x01D7, 0x01D7, 0x01D7, 0x01D7, 0x01D8, 0x01D7, 0x01D7, 0x01D7,
  0x01D7, 0x01D7, 0x01D7, 0x01D7, 0x01D7, 0x01D7, 0x01D7, 0x01D7, 0x01D8, 0x01D7, 0x01D7, 0x01D7,
  0x01D7, 0x01D7, 0x01D7, 0x01D7, 0x01D7, 0x01D7, 0x01D7, 0x01D7, 0x01D8, 0x01D7, 0x01D7, 0x01D7,
  0x0197, 0x01D7, 0x0198, 0x01D7, 0x01D7, 0x01D7, 0x01D7, 0x01D7, 0x01D7, 0x0197, 0x01D7, 0x0197,
  0x01D8, 0x01D7, 0x01D7, 0x0198, 0x0197, 0x01D7, 0x0197, 0x01D7, 0x0197, 0x01D7, 0x0197, 0x01D7,
  0xFFFF, 0xFFFF, 0xFFFF, 0xFFFF, 0xFFFF, 0xFFFF, 0xFFFF, 0xFFFF, 0xFFFF, 0xFFFF, 0xFFFF, 0xFFFF,
  0xFFFF, 0xFFFF, 0xFFFF, 0xFFFF, 0xFFFF, 0xFFFF, 0xFFFF, 0xFFFF, 0xFFFF, 0xFFFF, 0xFFFF, 0xFFFF,
  0xFFFF, 0xFFFF, 0xFFFF, 0xFFFF, 0xFFFF, 0xFFFF, 0x859B, 0x073E, 0x6FDF, 0xB7DF, 0xB7DF, 0xB7DF,
  0x6FDF, 0x07FF, 0x07FF, 0x07DF, 0xB7DF, 0xF7FF, 0xFFFF, 0xFFFF, 0xFFFF, 0xFFFF, 0xFFFF, 0xFFFF,
  0xFFFF, 0xFFFF, 0xFFFF, 0xFFFF, 0xFFFF, 0xFFFF, 0xFFFF, 0xFFFF, 0xFFFF, 0xFFFF, 0xFFFF, 0xFFFF,
  0xFFFF, 0xFFFF, 0xFFFF, 0xFFFF, 0xFFFF, 0xFFFF, 0xFFFF, 0xFFFF, 0xFFFF, 0xFFFF, 0xFFFF, 0xFFFF,
  0xFFFF, 0xFFFF, 0xFFFF, 0xFFFF, 0xFFFF, 0xFFFF, 0xFFFF, 0xFFFF, 0xFFFF, 0xFFFF, 0xFFFF, 0xFFFF,
  0xFFFF, 0xFFFF, 0xFFFF, 0xFFFF, 0xFFFF, 0xFFFF, 0xFFFF, 0x1A97, 0x0012, 0x2BF8, 0xFFFF, 0xFFFF,
  0xFFFF, 0xFFFF, 0xFFFF, 0xFFFF, 0xFFFF, 0xFFFF, 0xFFFF, 0xFFFF, 0xFFFF, 0xFFFF, 0xFFFF, 0xFFFF,
  0xFFFF, 0xFFFF, 0xFFFF, 0xFFFF, 0xFFFF, 0xFFFF, 0xFFFF, 0x9E3B, 0xBEDD, 0xFFFF, 0xFFFF, 0xFFFF,
  0xFFFF, 0xFFFF, 0x7CDA, 0x0074, 0x01D8, 0x0198, 0x01D7, 0x01D7, 0x0197, 0x01D7, 0x01D8, 0x01D7,
  0x01D7, 0x01D7, 0x01D8, 0x01D7, 0x01D7, 0x01D7, 0x01D8, 0x01D7, 0x01D7, 0x01D7, 0x01D8, 0x01D7,
  0x01D8, 0x01D7, 0x01D7, 0x01D8, 0x01D7, 0x01D7, 0x01D8, 0x01D7, 0x01D7, 0x01D8, 0x01D7, 0x01D7,
  0x01D7, 0x01D7, 0x01D7, 0x01D7, 0x01D7, 0x01D7, 0x01D7, 0x01D7, 0x01D7, 0x01D7, 0x01D7, 0x01D7,
  0x01D8, 0x01D7, 0x01D7, 0x01D8, 0x01D7, 0x01D7, 0x01D8, 0x01D7, 0x01D7, 0x01D7, 0x01D7, 0x01D7,
  0x01D7, 0x01D7, 0x01D7, 0x01D7, 0x01D7, 0x01D8, 0x01D7, 0x01D7, 0x01D7, 0x01D8, 0x01D7, 0x01D7,
  0x01D8, 0x01D7, 0x01D7, 0x01D8, 0x01D7, 0x01D7, 0x01D7, 0x01D8, 0x01D7, 0x01D8, 0x01D7, 0x0197,
  0x01D7, 0x0197, 0x01D7, 0x01D7, 0x01D7, 0x01D8, 0x01D7, 0x01D7, 0x01D7, 0x01D8, 0x01D7, 0x01D7,
  0x01D8, 0x01D7, 0x01D8, 0x01D7, 0x01D7, 0x01D8, 0x01D7, 0x01D7, 0x0197, 0x01D7, 0x0197, 0x01D7,
  0x0197, 0x01D7, 0x0197, 0x01D7, 0x0197, 0x01D7, 0x0197, 0x01D7, 0x0197, 0x01D7, 0x01D7, 0x01D7,
  0x01D7, 0x01D7, 0x0197, 0x01D7, 0x0197, 0x01D7, 0x0197, 0x01D7, 0x0197, 0x01D7, 0x0197, 0x01D7,
  0x0197, 0x01D7, 0x0197, 0x01D7, 0x0197, 0x01D7, 0x0197, 0x01D7, 0x0197, 0x01D7, 0x0197, 0x01D7,
  0x0197, 0x01D7, 0x0197, 0x01D7, 0x0197, 0x01D7, 0x0197, 0x01D7, 0x0197, 0x01D7, 0x0197, 0x01D8,
  0x0197, 0x01D7, 0x0197, 0x01D7, 0x0197, 0x01D7, 0x0198, 0x01D7, 0x0197, 0x01D8, 0x0197, 0x01D7,
  0x0197, 0x01D7, 0x0197, 0x01D7, 0x0197, 0x01D7, 0x0198, 0x0197, 0x01D7, 0x0197, 0x01D7, 0x0197,
  0x0197, 0x0197, 0x0197, 0x0198, 0x0198, 0x01D8, 0x0198, 0x01D7, 0x0197, 0x0197, 0x0197, 0x01D7,
  0x01D7, 0x0198, 0x01D7, 0x0197, 0x01D8, 0x0197, 0x01D7, 0x0197, 0xFFFF, 0xFFFF, 0xFFFF, 0xFFFF,
  0xFFFF, 0xFFFF, 0xFFFF, 0xFFFF, 0xFFFF, 0xFFFF, 0xFFFF, 0xFFFF, 0xFFFF, 0xFFFF, 0xFFFF, 0xFFFF,
  0xFFFF, 0xFFFF, 0xFFFF, 0xFFFF, 0xFFFF, 0xFFFF, 0xFFFF, 0xFFFF, 0xFFFF, 0xFFFF, 0xFFFF, 0xFFFF,
  0xFFFF, 0xEF5D, 0x05FB, 0x07DF, 0xB7DF, 0xB7DF, 0xDFFF, 0xB7DF, 0x07DF, 0x07FF, 0x07DF, 0xB7DF,
  0xB7DF, 0xDFFF, 0xFFFF, 0xFFFF, 0xFFFF, 0xFFFF, 0xFFFF, 0xFFFF, 0xFFFF, 0xFFFF, 0xFFFF, 0xFFFF,
  0xFFFF, 0xFFFF, 0xFFFF, 0xFFFF, 0xFFFF, 0xFFFF, 0xFFFF, 0xFFFF, 0xFFFF, 0xFFFF, 0xFFFF, 0xFFFF,
  0xFFFF, 0xFFFF, 0xFFFF, 0xFFFF, 0xFFFF, 0xFFFF, 0xFFFF, 0xFFFF, 0xFFFF, 0xFFFF, 0xFFFF, 0xFFFF,
  0xFFFF, 0xFFFF, 0xFFFF, 0xFFFF, 0xFFFF, 0xFFFF, 0xFFFF, 0xFFFF, 0xFFFF, 0xFFFF, 0xFFFF, 0xFFFF,
  0xFFFF, 0xFFFF, 0x7CDA, 0x0012, 0x0156, 0xDF7E, 0xFFFF, 0xFFFF, 0xFFFF, 0xFFFF, 0xFFFF, 0xFFFF,
  0xFFFF, 0xFFFF, 0xFFFF, 0xFFFF, 0xFFFF, 0xFFFF, 0xFFFF, 0xFFFF, 0xFFFF, 0xFFFF, 0xFFFF, 0xFFFF,
  0xFFFF, 0xFFFF, 0xFFFF, 0xEFBD, 0x859B, 0xF7FF, 0xFFFF, 0xFFFF, 0xFFFF, 0xFFFF, 0xCF3D, 0x01B4,
  0x0157, 0x0198, 0x01D7, 0x01D8, 0x01D7, 0x01D7, 0x0197, 0x01D7, 0x0197, 0x01D8, 0x0197, 0x01D7,
  0x01D8, 0x01D7, 0x01D7, 0x01D8, 0x01D7, 0x01D7, 0x01D7, 0x01D7, 0x01D7, 0x01D7, 0x01D7, 0x01D7,
  0x01D7, 0x01D7, 0x01D7, 0x01D7, 0x01D7, 0x01D7, 0x01D7, 0x01D7, 0x01D7, 0x01D8, 0x0197, 0x01D7,
  0x0198, 0x01D7, 0x0197, 0x01D8, 0x0197, 0x01D7, 0x0198, 0x01D7, 0x0197, 0x01D7, 0x0197, 0x01D7,
  0x0197, 0x01D7, 0x0197, 0x01D7, 0x0198, 0x01D7, 0x0197, 0x01D8, 0x0197, 0x01D7, 0x0197, 0x01D8,
  0x01D7, 0x01D7, 0x01D7, 0x01D8, 0x01D7, 0x01D7, 0x01D7, 0x01D7, 0x01D7, 0x01D7, 0x01D7, 0x01D7,
  0x01D7, 0x01D7, 0x01D7, 0x01D7, 0x01D7, 0x01D7, 0x01D7, 0x01D7, 0x01D7, 0x01D7, 0x0197, 0x01D8,
  0x01D7, 0x01D7, 0x01D7, 0x01D7, 0x01D7, 0x01D7, 0x01D7, 0x01D7, 0x01D7, 0x01D7, 0x01D7, 0x01D7,
  0x01D7, 0x01D7, 0x01D7, 0x01D7, 0x01D7, 0x01D7, 0x01D7, 0x01D7, 0x01D8, 0x01D7, 0x01D7, 0x01D8,
  0x01D7, 0x01D7, 0x01D8, 0x01D7, 0x01D7, 0x0198, 0x01D7, 0x0197, 0x01D7, 0x0197, 0x01D7, 0x01D7,
  0x01D7, 0x0197, 0x01D8, 0x01D7, 0x01D7, 0x0198, 0x01D7, 0x01D7, 0x01D8, 0x0197, 0x01D7, 0x01D8,
  0x01D7, 0x01D7, 0x01D8, 0x01D7, 0x01D7, 0x01D8, 0x01D7, 0x01D7, 0x01D8, 0x01D7, 0x01D7, 0x01D8,
  0x01D7, 0x01D7, 0x01D8, 0x01D7, 0x01D7, 0x01D8, 0x01D7, 0x01D7, 0x01D7, 0x01D7, 0x01D7, 0x01D7,
  0x01D7, 0x01D7, 0x01D7, 0x01D7, 0x01D7, 0x01D7, 0x01D7, 0x01D7, 0x01D7, 0x01D7, 0x01D7, 0x01D7,
  0x01D7, 0x01D7, 0x01D7, 0x01D7, 0x0197, 0x01D7, 0x0197, 0x01D7, 0x01D7, 0x01D7, 0x01D7, 0x01D7,
  0x0197, 0x01D7, 0x0197, 0x01D8, 0x01D7, 0x01D8, 0x0197, 0x0198, 0x01D7, 0x0197, 0x01D8, 0x0197,
  0x01D7, 0x0197, 0x01D8, 0x01D7, 0xFFFF, 0xFFFF, 0xFFFF, 0xFFFF, 0xFFFF, 0xFFFF, 0xFFFF, 0xFFFF,
  0xFFFF, 0xFFFF, 0xFFFF, 0xFFFF, 0xFFFF, 0xFFFF, 0xFFFF, 0xFFFF, 0xFFFF, 0xFFFF, 0xFFFF, 0xFFFF,
  0xFFFF, 0xFFFF, 0xFFFF, 0xFFFF, 0xFFFF, 0xFFFF, 0xFFFF, 0xFFFF, 0xFFFF, 0xC67A, 0x06BE, 0x6FDF,
  0xB7DF, 0xB7DF, 0xB7DF, 0xB7DF, 0x6FDF, 0x07DF, 0x6FDF, 0xDFFF, 0xB7DF, 0xDFFF, 0xFFFF, 0xFFFF,
  0xFFFF, 0xFFFF, 0xFFFF, 0xFFFF, 0xFFFF, 0xFFFF, 0xFFFF, 0xFFFF, 0xFFFF, 0xFFFF, 0xFFFF, 0xFFFF,
  0xFFFF, 0xFFFF, 0xFFFF, 0xFFFF, 0xFFFF, 0xFFFF, 0xFFFF, 0xFFFF, 0xFFFF, 0xFFFF, 0xFFFF, 0xFFFF,
  0xFFFF, 0xFFFF, 0xFFFF, 0xFFFF, 0xFFFF, 0xFFFF, 0xFFFF, 0xFFFF, 0xFFFF, 0xFFFF, 0xFFFF, 0xFFFF,
  0xFFFF, 0xFFFF, 0xFFFF, 0xFFFF, 0xFFFF, 0xFFFF, 0xFFFF, 0xFFFF, 0xFFFF, 0xEFBD, 0x0154, 0x0034,
  0xBEDD, 0xFFFF, 0xFFFF, 0xFFFF, 0xFFFF, 0xFFFF, 0xFFFF, 0xFFFF, 0xFFFF, 0xFFFF, 0xFFFF, 0xFFFF,
  0xFFFF, 0xFFFF, 0xFFFF, 0xFFFF, 0xFFFF, 0xFFFF, 0xFFFF, 0xFFFF, 0xFFFF, 0xFFFF, 0xFFFF, 0xFFFF,
  0xC67A, 0x9E3B, 0xFFFF, 0xFFFF, 0xFFFF, 0xFFFF, 0xFFBE, 0x3B38, 0x00B6, 0x0199, 0x0197, 0x01D7,
  0x0197, 0x01D8, 0x01D7, 0x01D7, 0x01D8, 0x01D7, 0x01D7, 0x01D8, 0x0197, 0x01D8, 0x0197, 0x01D8,
  0x0197, 0x01D8, 0x0197, 0x01D8, 0x0197, 0x01D7, 0x0198, 0x01D7, 0x0197, 0x01D8, 0x0197, 0x01D7,
  0x0198, 0x01D7, 0x0197, 0x01D8, 0x0198, 0x01D7, 0x01D7, 0x01D8, 0x01D7, 0x01D7, 0x01D8, 0x01D7,
  0x01D7, 0x01D8, 0x01D7, 0x01D8, 0x01D7, 0x01D8, 0x01D8, 0x01D7, 0x01D8, 0x01D8, 0x01D7, 0x01D8,
  0x01D7, 0x01D7, 0x01D8, 0x01D7, 0x01D7, 0x01D8, 0x01D8, 0x01D7, 0x0198, 0x01D7, 0x0198, 0x01D7,
  0x0198, 0x01D7, 0x0198, 0x01D8, 0x0197, 0x01D8, 0x0198, 0x01D7, 0x0197, 0x01D7, 0x0198, 0x01D7,
  0x0197, 0x01D7, 0x0198, 0x01D7, 0x0197, 0x01D8, 0x01D7, 0x0197, 0x01D7, 0x0197, 0x01D7, 0x0198,
  0x01D7, 0x0197, 0x01D8, 0x0197, 0x01D7, 0x0198, 0x01D7, 0x0197, 0x01D7, 0x0198, 0x01D7, 0x0198,
  0x01D8, 0x0197, 0x01D8, 0x0198, 0x01D7, 0x0197, 0x01D8, 0x0197, 0x01D7, 0x0198, 0x01D7, 0x0197,
  0x01D8, 0x01D7, 0x0197, 0x01D8, 0x01D7, 0x01D8, 0x01D8, 0x0197, 0x01D8, 0x01D8, 0x01D7, 0x0197,
  0x01D8, 0x01D7, 0x01D7, 0x0198, 0x01D7, 0x01D7, 0x01D8, 0x0197, 0x01D7, 0x0198, 0x01D7, 0x0197,
  0x01D8, 0x0197, 0x01D7, 0x0198, 0x01D7, 0x0197, 0x01D8, 0x0197, 0x01D7, 0x0198, 0x01D7, 0x0197,
  0x01D8, 0x0197, 0x01D7, 0x0198, 0x01D7, 0x0198, 0x01D7, 0x0198, 0x01D7, 0x0198, 0x01D7, 0x0197,
  0x0197, 0x0197, 0x0197, 0x0198, 0x0197, 0x0197, 0x0198, 0x0197, 0x0197, 0x0198, 0x0197, 0x01D7,
  0x0198, 0x01D7, 0x01D7, 0x0197, 0x01D7, 0x0198, 0x01D7, 0x0197, 0x01D8, 0x0197, 0x01D8, 0x0197,
  0x0197, 0x0197, 0x01D8, 0x01D7, 0x0197, 0x01D8, 0x0197, 0x01D7, 0x0197, 0x01D8, 0x0197, 0x0197,
  0xF7FF, 0xFFFF, 0xFFFF, 0xFFFF, 0xFFFF, 0xFFFF, 0xFFFF, 0xFFFF, 0xFFFF, 0xFFFF, 0xFFFF, 0xFFFF,
  0xFFFF, 0xFFFF, 0xFFFF, 0xFFFF, 0xFFFF, 0xFFFF, 0xFFFF, 0xFFFF, 0xFFFF, 0xFFFF, 0xFFFF, 0xFFFF,
  0xFFFF, 0xFFFF, 0xFFFF, 0xFFFF, 0xFFFF, 0x661C, 0x07DF, 0x6FDF, 0xB7DF, 0xB7DF, 0xDFFF, 0xB7DF,
  0xB7DF, 0x6FDF, 0x6FDF, 0xDFFF, 0xB7DF, 0xB7DF, 0xFFFF, 0xFFFF, 0xFFFF, 0xFFFF, 0xFFFF, 0xFFFF,
  0xFFFF, 0xFFFF, 0xFFFF, 0xFFFF, 0xFFFF, 0xFFFF, 0xFFFF, 0xFFFF, 0xFFFF, 0xFFFF, 0xFFFF, 0xFFFF,
  0xFFFF, 0xFFFF, 0xFFFF, 0xFFFF, 0xFFFF, 0xFFFF, 0xFFFF, 0xFFFF, 0xFFFF, 0xFFFF, 0xFFFF, 0xFFFF,
  0xFFFF, 0xFFFF, 0xFFFF, 0xFFFF, 0xFFFF, 0xFFFF, 0xFFFF, 0xFFFF, 0xFFFF, 0xFFFF, 0xFFFF, 0xFFFF,
  0xFFFF, 0xFFFF, 0xFFFF, 0xFFFF, 0xFFFF, 0x859B, 0x0012, 0x0339, 0xFFFF, 0xFFFF, 0xFFFF, 0xFFFF,
  0xFFFF, 0xFFFF, 0xFFFF, 0xFFFF, 0xFFFF, 0xFFFF, 0xFFFF, 0xFFFF, 0xFFFF, 0xFFFF, 0xFFFF, 0xFFFF,
  0xFFFF, 0xFFFF, 0xFFFF, 0xFFFF, 0xFFFF, 0xFFFF, 0xFFFF, 0xFFFF, 0xFFBE, 0x7CDA, 0xCF3D, 0xFFFF,
  0xFFFF, 0xFFFF, 0xFFFF, 0x7C39, 0x0074, 0x01D8, 0x01D7, 0x01D7, 0x01D7, 0x01D7, 0x01D7, 0x0197,
  0x01D7, 0x0197, 0x01D8, 0x0197, 0x01D7, 0x0197, 0x01D8, 0x01D7, 0x01D8, 0x0197, 0x01D8, 0x01D7,
  0x01D7, 0x01D7, 0x01D7, 0x01D8, 0x01D7, 0x01D7, 0x01D7, 0x01D8, 0x01D7, 0x01D7, 0x01D8, 0x01D7,
  0x01D7, 0x0198, 0x01D8, 0x0197, 0x01D8, 0x0198, 0x01D7, 0x0198, 0x01D8, 0x0197, 0x01D8, 0x0197,
  0x01D8, 0x0197, 0x01D7, 0x0198, 0x01D7, 0x0197, 0x01D8, 0x0197, 0x01D8, 0x0197, 0x01D8, 0x0197,
  0x01D8, 0x0197, 0x01D7, 0x0198, 0x01D7, 0x0198, 0x01D7, 0x01D8, 0x01D7, 0x0198, 0x01D7, 0x01D7,
  0x01D8, 0x0197, 0x01D7, 0x01D8, 0x01D7, 0x01D8, 0x01D7, 0x01D7, 0x01D8, 0x01D7, 0x01D7, 0x01D8,
  0x01D7, 0x01D7, 0x01D7, 0x01D8, 0x01D7, 0x01D8, 0x01D7, 0x01D7, 0x01D8, 0x01D7, 0x01D7, 0x01D7,
  0x01D8, 0x01D7, 0x01D7, 0x01D8, 0x01D7, 0x01D7, 0x01D8, 0x01D7, 0x01D7, 0x01D8, 0x0197, 0x01D7,
  0x01D8, 0x01D7, 0x0198, 0x01D7, 0x01D8, 0x01D7, 0x0198, 0x01D7, 0x01D8, 0x0197, 0x01D8, 0x01D7,
  0x0198, 0x01D7, 0x0197, 0x01D8, 0x0197, 0x01D7, 0x0198, 0x01D7, 0x0198, 0x01D7, 0x0198, 0x01D7,
  0x0198, 0x01D7, 0x0198, 0x01D7, 0x01D8, 0x01D7, 0x0198, 0x01D7, 0x01D8, 0x01D7, 0x0198, 0x01D7,
  0x01D8, 0x01D7, 0x0198, 0x01D7, 0x01D8, 0x01D7, 0x0198, 0x01D7, 0x01D8, 0x01D7, 0x0198, 0x01D7,
  0x01D7, 0x01D8, 0x01D7, 0x01D8, 0x01D7, 0x01D8, 0x0197, 0x01D8, 0x01D7, 0x01D8, 0x01D7, 0x01D7,
  0x01D8, 0x01D7, 0x01D7, 0x01D7, 0x01D8, 0x01D7, 0x01D7, 0x0198, 0x01D7, 0x0197, 0x01D7, 0x0197,
  0x01D8, 0x0197, 0x01D7, 0x0198, 0x01D7, 0x0197, 0x01D7, 0x0198, 0x01D7, 0x01D8, 0x01D7, 0x0197,
  0x01D8, 0x0197, 0x01D7, 0x0198, 0x01D7, 0x0197, 0x01D7, 0x01D8, 0x071F, 0xDFFF, 0xFFFF, 0xFFFF,
  0xFFFF, 0xFFFF, 0xFFFF, 0xFFFF, 0xFFFF, 0xFFFF, 0xFFFF, 0xFFFF, 0xFFFF, 0xFFFF, 0xFFFF, 0xFFFF,
  0xFFFF, 0xFFFF, 0xFFFF, 0xFFFF, 0xFFFF, 0xFFFF, 0xFFFF, 0xFFFF, 0xFFFF, 0xFFFF, 0xFFFF, 0xFFFF,
  0xDEDB, 0x05FB, 0x6FDF, 0xB7DF, 0xB7DF, 0xB7DF, 0xB7DF, 0xB7DF, 0xDFFF, 0xB7DF, 0xB7DF, 0x6FDF,
  0xDFFF, 0xF7FF, 0xFFFF, 0xFFFF, 0xFFFF, 0xFFFF, 0xFFFF, 0xFFFF, 0xFFFF, 0xFFFF, 0xFFFF, 0xFFFF,
  0xFFFF, 0xFFFF, 0xFFFF, 0xFFFF, 0xFFFF, 0xFFFF, 0xFFFF, 0xFFFF, 0xFFFF, 0xFFFF, 0xFFFF, 0xFFFF,
  0xFFFF, 0xFFFF, 0xFFFF, 0xFFFF, 0xFFFF, 0xFFFF, 0xFFFF, 0xFFFF, 0xFFFF, 0xFFFF, 0xFFFF, 0xFFFF,
  0xFFFF, 0xFFFF, 0xFFFF, 0xFFFF, 0xFFFF, 0xFFFF, 0xFFFF, 0xFFFF, 0xFFFF, 0xFFFF, 0xFFFF, 0xFFFF,
  0xFFFF, 0x7CDA, 0x0012, 0x859B, 0xFFFF, 0xFFFF, 0xFFFF, 0xFFFF, 0xFFFF, 0xFFFF, 0xFFFF, 0xFFFF,
  0xFFFF, 0xFFFF, 0xFFFF, 0xFFFF, 0xFFFF, 0xFFFF, 0xFFFF, 0xFFFF, 0xFFFF, 0xFFFF, 0xFFFF, 0xFFFF,
  0xFFFF, 0xFFFF, 0xFFFF, 0xFFFF, 0xFFFF, 0xCF3D, 0x859B, 0xFFFF, 0xFFFF, 0xFFFF, 0xFFFF, 0x859B,
  0x00D3, 0x0197, 0x0198, 0x01D7, 0x0198, 0x01D7, 0x0198, 0x01D7, 0x01D8, 0x01D8, 0x0197, 0x01D8,
  0x01D8, 0x01D7, 0x01D7, 0x0198, 0x01D7, 0x01D8, 0x01D7, 0x0197, 0x01D8, 0x0197, 0x01D8, 0x0197,
  0x01D8, 0x0197, 0x01D8, 0x0197, 0x01D8, 0x0197, 0x0198, 0x0198, 0x01D8, 0x0197, 0x01D8, 0x0198,
  0x0198, 0x01D7, 0x0198, 0x01D8, 0x0197, 0x01D8, 0x0197, 0x01D8, 0x0197, 0x01D8, 0x0198, 0x01D7,
  0x0198, 0x01D8, 0x0197, 0x01D8, 0x0197, 0x01D8, 0x0197, 0x01D8, 0x0197, 0x01D8, 0x0198, 0x01D7,
  0x01D8, 0x01D7, 0x01D8, 0x0197, 0x01D8, 0x01D7, 0x01D8, 0x0197, 0x01D7, 0x01D8, 0x01D7, 0x0197,
  0x01D8, 0x0197, 0x01D8, 0x0197, 0x01D8, 0x0197, 0x01D8, 0x0197, 0x01D8, 0x0197, 0x01D8, 0x0197,
  0x01D8, 0x0197, 0x01D8, 0x0197, 0x01D7, 0x0198, 0x01D7, 0x0198, 0x01D7, 0x0198, 0x01D7, 0x0198,
  0x01D7, 0x0198, 0x0197, 0x0198, 0x0198, 0x01D7, 0x0198, 0x01D8, 0x0197, 0x01D8, 0x0197, 0x01D8,
  0x0197, 0x01D8, 0x0197, 0x01D8, 0x0197, 0x01D8, 0x0197, 0x01D8, 0x0197, 0x01D8, 0x0198, 0x01D7,
  0x01D8, 0x0198, 0x01D7, 0x01D8, 0x0197, 0x01D8, 0x0197, 0x01D8, 0x01D7, 0x0198, 0x01D7, 0x0198,
  0x0197, 0x01D8, 0x0197, 0x01D8, 0x0197, 0x01D8, 0x0197, 0x01D8, 0x0197, 0x01D8, 0x0197, 0x01D8,
  0x0197, 0x01D8, 0x0197, 0x01D8, 0x0197, 0x01D8, 0x0197, 0x01D8, 0x0197, 0x0197, 0x0198, 0x0197,
  0x0198, 0x0197, 0x01D7, 0x0197, 0x0197, 0x0197, 0x0198, 0x0197, 0x0197, 0x0198, 0x0197, 0x0198,
  0x0197, 0x0198, 0x0197, 0x01D8, 0x0197, 0x0198, 0x01D7, 0x0197, 0x01D7, 0x0197, 0x01D7, 0x0197,
  0x01D7, 0x0197, 0x01D7, 0x0197, 0x01D7, 0x0197, 0x0197, 0x01D7, 0x0197, 0x01D7, 0x0197, 0x01D7,
  0x0197, 0x01D7, 0x0197, 0x01D7, 0x06BD, 0x071F, 0xB7DF, 0xFFFF, 0xFFFF, 0xFFFF, 0xFFFF, 0xFFFF,
  0xFFFF, 0xFFFF, 0xFFFF, 0xFFFF, 0xFFFF, 0xFFFF, 0xFFFF, 0xFFFF, 0xFFFF, 0xFFFF, 0xFFFF, 0xFFFF,
  0xFFFF, 0xFFFF, 0xFFFF, 0xFFFF, 0xFFFF, 0xFFFF, 0xFFFF, 0xFFFF, 0x661C, 0x06BE, 0x6FDF, 0xB7DF,
  0xB7DF, 0xB7DF, 0xB7DF, 0xB7DF, 0xDFFF, 0xF7FF, 0xFFFF, 0xF7FF, 0xFFFF, 0xFFFF, 0xFFFF, 0xFFFF,
  0xFFFF, 0xFFFF, 0xFFFF, 0xFFFF, 0xFFFF, 0xFFFF, 0xFFFF, 0xFFFF, 0xFFFF, 0xFFFF, 0xFFFF, 0xFFFF,
  0xFFFF, 0xFFFF, 0xFFFF, 0xFFFF, 0xFFFF, 0xFFFF, 0xFFFF, 0xFFFF, 0xFFFF, 0xFFFF, 0xFFFF, 0xFFFF,
  0xFFFF, 0xFFFF, 0xFFFF, 0xFFFF, 0xFFFF, 0xFFFF, 0xFFFF, 0xFFFF, 0xFFFF, 0xFFFF, 0xFFFF, 0xFFFF,
  0xFFFF, 0xFFFF, 0xFFFF, 0xDFFF, 0xF7FF, 0xFFFF, 0xFFFF, 0xFFFF, 0xFFFF, 0x3B38, 0x0034, 0xBEDD,
  0xFFFF, 0xFFFF, 0xFFFF, 0xFFFF, 0xFFFF, 0xFFFF, 0xFFFF, 0xFFFF, 0xFFFF, 0xFFFF, 0xFFFF, 0xFFFF,
  0xFFFF, 0xFFFF, 0xFFFF, 0xFFFF, 0xFFFF, 0xFFFF, 0xFFFF, 0xFFFF, 0xFFFF, 0xFFFF, 0xFFFF, 0xFFFF,
  0xFFFF, 0xFFFF, 0x859B, 0xBEDD, 0xFFFF, 0xFFFF, 0xFFFF, 0x9E3B, 0x0074, 0x0198, 0x0197, 0x0198,
  0x01D7, 0x0198, 0x01D7, 0x0197, 0x01D7, 0x0198, 0x01D7, 0x0197, 0x01D7, 0x0198, 0x01D7, 0x0197,
  0x0198, 0x0197, 0x01D8, 0x0198, 0x01D7, 0x0198, 0x01D7, 0x0197, 0x01D7, 0x01D8, 0x0197, 0x01D8,
  0x01D7, 0x01D7, 0x01D8, 0x0197, 0x01D8, 0x0197, 0x0198, 0x01D7, 0x0197, 0x0198, 0x01D7, 0x0198,
  0x01D7, 0x0198, 0x0198, 0x0197, 0x01D8, 0x0197, 0x01D7, 0x0198, 0x01D7, 0x0197, 0x01D8, 0x0197,
  0x01D8, 0x0197, 0x01D8, 0x0197, 0x01D8, 0x0197, 0x01D8, 0x0197, 0x0198, 0x0198, 0x0198, 0x01D7,
  0x0198, 0x0198, 0x01D7, 0x01D7, 0x0197, 0x01D7, 0x0198, 0x01D7, 0x0198, 0x01D7, 0x0197, 0x01D8,
  0x0197, 0x01D8, 0x0197, 0x01D7, 0x0197, 0x01D8, 0x0197, 0x01D8, 0x0197, 0x01D7, 0x0197, 0x01D8,
  0x0197, 0x01D7, 0x0198, 0x01D7, 0x0198, 0x01D7, 0x0198, 0x01D7, 0x0198, 0x01D7, 0x01D8, 0x01D7,
  0x0198, 0x01D7, 0x0198, 0x0197, 0x01D8, 0x0197, 0x01D8, 0x0197, 0x01D8, 0x0197, 0x01D8, 0x0197,
  0x01D8, 0x0197, 0x01D8, 0x0197, 0x01D8, 0x0197, 0x01D8, 0x0197, 0x01D8, 0x0197, 0x0198, 0x01D7,
  0x0198, 0x01D7, 0x0198, 0x0197, 0x01D8, 0x0197, 0x0198, 0x01D7, 0x0198, 0x01D7, 0x0198, 0x0197,
  0x01D8, 0x0197, 0x01D8, 0x0197, 0x01D8, 0x0197, 0x01D8, 0x0197, 0x01D8, 0x0197, 0x0198, 0x0197,
  0x0198, 0x0197, 0x0198, 0x0197, 0x0198, 0x01D7, 0x0198, 0x01D7, 0x0197, 0x0198, 0x0197, 0x01D8,
  0x0197, 0x01D8, 0x0197, 0x01D8, 0x0197, 0x01D8, 0x0197, 0x01D8, 0x0197, 0x01D7, 0x0198, 0x0197,
  0x0197, 0x0197, 0x0197, 0x0197, 0x0197, 0x0197, 0x0197, 0x0197, 0x0197, 0x0197, 0x0197, 0x0197,
  0x0197, 0x01D7, 0x0197, 0x0197, 0x0197, 0x0197, 0x0197, 0x0197, 0x0197, 0x0197, 0x0197, 0x0197,
  0x06FF, 0x06BF, 0x06BE, 0x6FDF, 0xFFFF, 0xFFFF, 0xFFFF, 0xFFFF, 0xFFFF, 0xFFFF, 0xFFFF, 0xFFFF,
  0xFFFF, 0xFFFF, 0xFFFF, 0xFFFF, 0xFFFF, 0xFFFF, 0xFFFF, 0xFFFF, 0xFFFF, 0xFFFF, 0xFFFF, 0xFFFF,
  0xFFFF, 0xFFFF, 0xFFFF, 0xEFBD, 0x661C, 0x6FDF, 0xB7DF, 0xB7DF, 0xB7DF, 0xB7DF, 0xB7DF, 0xA75D,
  0xDFFF, 0xFFFF, 0xFFFF, 0xFFFF, 0xFFFF, 0xFFFF, 0xFFFF, 0xFFFF, 0xFFFF, 0xFFFF, 0xFFFF, 0xFFFF,
  0xFFFF, 0xFFFF, 0xFFFF, 0xFFFF, 0xFFFF, 0xFFFF, 0xFFFF, 0xFFFF, 0xFFFF, 0xFFFF, 0xFFFF, 0xFFFF,
  0xFFFF, 0xFFFF, 0xFFFF, 0xFFFF, 0xFFFF, 0xFFFF, 0xFFFF, 0xFFFF, 0xFFFF, 0xFFFF, 0xFFFF, 0xFFFF,
  0xFFFF, 0xFFFF, 0xFFFF, 0xFFFF, 0xFFFF, 0xFFFF, 0xFFFF, 0xFFFF, 0xFFFF, 0xFFFF, 0xFFFF, 0xB7DF,
  0x6FDF, 0x6FDF, 0xDFFF, 0xFFFF, 0xFFFF, 0x0256, 0x00F6, 0xEFBF, 0xFFFF, 0xFFFF, 0xFFFF, 0xFFFF,
  0xFFFF, 0xFFFF, 0xFFFF, 0xFFFF, 0xFFFF, 0xFFFF, 0xFFFF, 0xFFFF, 0xFFFF, 0xFFFF, 0xFFFF, 0xFFFF,
  0xFFFF, 0xFFFF, 0xFFFF, 0xFFFF, 0xFFFF, 0xFFFF, 0xFFFF, 0xFFFF, 0xFFFF, 0xFFFF, 0xEF5D, 0x7CDA,
  0xF7FF, 0xFFFF, 0xFFFF, 0xDEDB, 0x01B4, 0x00F8, 0x01D7, 0x0198, 0x0198, 0x0197, 0x0197, 0x0198,
  0x0197, 0x0197, 0x0197, 0x0198, 0x0197, 0x0197, 0x0198, 0x0198, 0x01D7, 0x0198, 0x0197, 0x0197,
  0x0198, 0x0197, 0x0198, 0x01D7, 0x0198, 0x01D7, 0x0197, 0x01D7, 0x0197, 0x01D8, 0x0197, 0x01D8,
  0x0197, 0x01D8, 0x0197, 0x0197, 0x01D8, 0x0197, 0x0198, 0x0197, 0x0198, 0x0197, 0x01D7, 0x0198,
  0x0197, 0x0197, 0x0197, 0x0197, 0x0197, 0x0197, 0x0197, 0x01D8, 0x0197, 0x0198, 0x0197, 0x0198,
  0x0197, 0x0198, 0x0197, 0x01D7, 0x0197, 0x01D7, 0x0197, 0x0197, 0x0197, 0x0197, 0x0197, 0x01D8,
  0x0197, 0x01D8, 0x0197, 0x01D7, 0x0197, 0x01D7, 0x0198, 0x01D7, 0x0197, 0x01D7, 0x0198, 0x01D7,
  0x0198, 0x01D7, 0x0197, 0x01D7, 0x0198, 0x01D7, 0x0198, 0x01D7, 0x0197, 0x0198, 0x0197, 0x0198,
  0x0197, 0x0197, 0x0197, 0x0198, 0x01D7, 0x0197, 0x0197, 0x0198, 0x0197, 0x0198, 0x01D7, 0x0197,
  0x0197, 0x0198, 0x0197, 0x0198, 0x0197, 0x0198, 0x0197, 0x0198, 0x0197, 0x0198, 0x0197, 0x0198,
  0x0197, 0x0198, 0x0197, 0x0198, 0x0197, 0x01D8, 0x0197, 0x0198, 0x0197, 0x0198, 0x01D7, 0x0198,
  0x0197, 0x01D8, 0x0197, 0x01D8, 0x0197, 0x0198, 0x01D7, 0x0198, 0x0197, 0x0198, 0x0197, 0x0198,
  0x0197, 0x0198, 0x0197, 0x0198, 0x0197, 0x01D7, 0x0197, 0x01D7, 0x0197, 0x01D7, 0x0197, 0x01D8,
  0x0197, 0x0197, 0x0197, 0x0197, 0x01D7, 0x0197, 0x0197, 0x0197, 0x0197, 0x0197, 0x0197, 0x0197,
  0x0197, 0x0197, 0x0197, 0x0197, 0x0197, 0x0197, 0x0197, 0x0197, 0x01D7, 0x0198, 0x01D7, 0x0198,
  0x01D7, 0x0197, 0x01D8, 0x0197, 0x01D7, 0x0198, 0x01D7, 0x0197, 0x0197, 0x0198, 0x0197, 0x01D7,
  0x0198, 0x01D7, 0x0197, 0x01D8, 0x0197, 0x01D7, 0x0198, 0x0197, 0x06BF, 0x06FF, 0x06BF, 0x06BE,
  0x073E, 0xDFFF, 0xFFFF, 0xFFFF, 0xFFFF, 0xFFFF, 0xFFFF, 0xFFFF, 0xFFFF, 0xFFFF, 0xFFFF, 0xFFFF,
  0xFFFF, 0xFFFF, 0xFFFF, 0xFFFF, 0xFFFF, 0xFFFF, 0xFFFF, 0xFFFF, 0xFFFF, 0xFFFF, 0xFFFF, 0xEF5D,
  0x671E, 0x6FDF, 0xB7DF, 0xB7DF, 0xB7DF, 0xB7DF, 0xDFFF, 0xB7DF, 0xDFFF, 0xFFFF, 0xFFFF, 0xFFFF,
  0xFFFF, 0xFFFF, 0xFFFF, 0xFFFF, 0xFFFF, 0xFFFF, 0xFFFF, 0xFFFF, 0xFFFF, 0xFFFF, 0xFFFF, 0xFFFF,
  0xFFFF, 0xFFFF, 0xFFFF, 0xFFFF, 0xFFFF, 0xFFFF, 0xFFFF, 0xFFFF, 0xFFFF, 0xFFFF, 0xFFFF, 0xFFFF,
  0xFFFF, 0xFFFF, 0xFFFF, 0xFFFF, 0xFFFF, 0xFFFF, 0xFFFF, 0xFFFF, 0xFFFF, 0xFFFF, 0xFFFF, 0xFFFF,
  0xFFFF, 0xFFFF, 0xFFFF, 0xFFFF, 0xFFFF, 0xFFFF, 0xFFFF, 0xFFFF, 0xDFFF, 0x07DF, 0x07DF, 0xB7DF,
  0xA75D, 0x00D3, 0x0258, 0xFFFF, 0xFFFF, 0xFFFF, 0xFFFF, 0xFFFF, 0xFFFF, 0xFFFF, 0xFFFF, 0xFFFF,
  0xFFFF, 0xFFFF, 0xFFFF, 0xFFFF, 0xFFFF, 0xFFFF, 0xFFFF, 0xFFFF, 0xFFFF, 0xFFFF, 0xFFFF, 0xFFFF,
  0xFFFF, 0xFFFF, 0xFFFF, 0xFFFF, 0xFFFF, 0xFFFF, 0xFFFF, 0x9E3B, 0xBEDD, 0xFFFF, 0xFFFF, 0xFFFF,
  0x02B7, 0x00F7, 0x0198, 0x0198, 0x01D8, 0x0197, 0x01D8, 0x0197, 0x01D7, 0x0198, 0x01D7, 0x0197,
  0x01D8, 0x0197, 0x0197, 0x01D7, 0x0197, 0x0198, 0x01D7, 0x0198, 0x01D7, 0x0198, 0x01D7, 0x0198,
  0x0197, 0x0197, 0x0198, 0x01D7, 0x0198, 0x0197, 0x0198, 0x0197, 0x0198, 0x0198, 0x0197, 0x01D8,
  0x0197, 0x0197, 0x0197, 0x01D8, 0x0197, 0x01D8, 0x0197, 0x0198, 0x01D7, 0x0198, 0x01D7, 0x0198,
  0x01D8, 0x0197, 0x01D8, 0x0197, 0x0198, 0x01D7, 0x0198, 0x01D7, 0x0198, 0x01D7, 0x0198, 0x0197,
  0x0197, 0x0198, 0x0197, 0x0197, 0x0197, 0x0197, 0x01D8, 0x0197, 0x01D7, 0x0197, 0x01D7, 0x0198,
  0x01D7, 0x0198, 0x01D7, 0x0197, 0x01D8, 0x0197, 0x01D7, 0x0198, 0x01D7, 0x0197, 0x01D8, 0x0197,
  0x01D7, 0x0198, 0x01D7, 0x0197, 0x0198, 0x01D7, 0x0197, 0x01D8, 0x0197, 0x0198, 0x01D8, 0x0197,
  0x0197, 0x0198, 0x01D8, 0x0197, 0x01D7, 0x0198, 0x0197, 0x0198, 0x0198, 0x01D7, 0x0197, 0x01D7,
  0x0198, 0x01D7, 0x0197, 0x01D7, 0x0198, 0x01D7, 0x0197, 0x01D7, 0x0198, 0x01D7, 0x0197, 0x01D7,
  0x0198, 0x0197, 0x0197, 0x0198, 0x01D7, 0x0198, 0x0197, 0x0198, 0x0197, 0x0198, 0x0197, 0x0198,
  0x0197, 0x0198, 0x0197, 0x0198, 0x0197, 0x01D8, 0x0197, 0x01D8, 0x0197, 0x01D8, 0x0197, 0x01D8,
  0x0197, 0x0197, 0x0198, 0x0197, 0x0197, 0x0198, 0x0197, 0x0197, 0x0197, 0x0198, 0x0197, 0x0197,
  0x0197, 0x0198, 0x01D7, 0x0197, 0x0198, 0x0197, 0x0197, 0x0197, 0x0198, 0x0197, 0x0197, 0x0197,
  0x0198, 0x0197, 0x0197, 0x01D8, 0x0197, 0x0197, 0x0197, 0x0197, 0x0197, 0x0197, 0x0197, 0x0197,
  0x0197, 0x0197, 0x0197, 0x0198, 0x01D7, 0x0197, 0x0197, 0x0197, 0x0197, 0x0197, 0x0197, 0x0197,
  0x0197, 0x0197, 0x0197, 0x0197, 0x06FF, 0x06BF, 0x06FF, 0x06BF, 0x06BE, 0x06BD, 0x079F, 0xDFFF,
  0xFFFF, 0xFFFF, 0xFFFF, 0xB7DF, 0x671E, 0xF7FF, 0xFFFF, 0xFFFF, 0xFFFF, 0xFFFF, 0xFFFF, 0xFFFF,
  0xFFFF, 0xFFFF, 0xFFFF, 0xFFFF, 0xFFFF, 0xFFFF, 0xFFFF, 0xBEDD, 0x6FDF, 0xB7DF, 0xB7DF, 0xB7DF,
  0xB7DF, 0xB7DF, 0x7C10, 0x03AF, 0xC67A, 0x9E3B, 0xEFFE, 0xFFFF, 0xFFFF, 0xFFFF, 0xFFFF, 0xFFFF,
  0xFFFF, 0xFFFF, 0xFFFF, 0xFFFF, 0xFFFF, 0xFFFF, 0xFFFF, 0xFFFF, 0xFFFF, 0xFFFF, 0xFFFF, 0xFFFF,
  0xFFFF, 0xFFFF, 0xFFFF, 0xFFFF, 0xFFFF, 0xFFFF, 0xFFFF, 0xFFFF, 0xFFFF, 0xFFFF, 0xFFFF, 0xFFFF,
  0xFFFF, 0xFFFF, 0xFFFF, 0xFFFF, 0xFFFF, 0xFFFF, 0xFFFF, 0xFFFF, 0xFFFF, 0xFFFF, 0xFFFF, 0xFFFF,
  0xFFFF, 0xFFFF, 0xFFFF, 0xFFFF, 0xFFFF, 0xFFFF, 0x6FDF, 0x07DF, 0x063B, 0x0034, 0x0339, 0xF7FF,
  0xFFFF, 0xFFFF, 0xFFFF, 0xFFFF, 0xFFFF, 0xFFFF, 0xFFFF, 0xFFFF, 0xFFFF, 0xFFFF, 0xFFFF, 0xFFFF,
  0xFFFF, 0xFFFF, 0xFFFF, 0xFFFF, 0xFFFF, 0xFFFF, 0xFFFF, 0xFFFF, 0xFFFF, 0xFFFF, 0xFFFF, 0xFFFF,
  0xFFFF, 0xFFFF, 0xFFFF, 0xDEDB, 0x9E3B, 0xFFFF, 0xFFFF, 0x859B, 0x00D3, 0x0158, 0x0197, 0x0197,
  0x0197, 0x0197, 0x0197, 0x0197, 0x0197, 0x0197, 0x0197, 0x0197, 0x0197, 0x0197, 0x01D7, 0x0198,
  0x0197, 0x01D7, 0x0198, 0x0197, 0x0197, 0x0198, 0x0197, 0x0197, 0x01D8, 0x0197, 0x01D8, 0x0197,
  0x0197, 0x01D8, 0x0198, 0x01D8, 0x0197, 0x01D8, 0x0197, 0x0198, 0x0197, 0x01D8, 0x0197, 0x0197,
  0x0198, 0x0197, 0x0198, 0x01D7, 0x0198, 0x0197, 0x0198, 0x0197, 0x0197, 0x0198, 0x0197, 0x0197,
  0x01D7, 0x0198, 0x0197, 0x0197, 0x0197, 0x0198, 0x0197, 0x01D7, 0x0197, 0x0197, 0x0197, 0x0198,
  0x01D7, 0x0198, 0x01D7, 0x0198, 0x0198, 0x0197, 0x0198, 0x0197, 0x0197, 0x0197, 0x0198, 0x0198,
  0x0197, 0x0197, 0x0197, 0x0197, 0x0198, 0x0198, 0x0197, 0x0197, 0x0197, 0x0197, 0x0198, 0x0197,
  0x0197, 0x0197, 0x0198, 0x0197, 0x0198, 0x01D7, 0x0197, 0x0198, 0x01D8, 0x0197, 0x0197, 0x0198,
  0x0197, 0x0197, 0x01D8, 0x0197, 0x01D7, 0x0198, 0x0198, 0x0197, 0x0197, 0x0198, 0x0197, 0x0198,
  0x0197, 0x0197, 0x0198, 0x0197, 0x0197, 0x0198, 0x0197, 0x0198, 0x0197, 0x01D7, 0x0198, 0x01D7,
  0x0197, 0x0197, 0x01D8, 0x0197, 0x01D7, 0x0197, 0x01D8, 0x0197, 0x01D7, 0x0197, 0x01D8, 0x0197,
  0x01D7, 0x0197, 0x0198, 0x0197, 0x0197, 0x0197, 0x0198, 0x0197, 0x0197, 0x0197, 0x0197, 0x0197,
  0x0197, 0x0197, 0x0197, 0x0197, 0x0197, 0x0197, 0x0197, 0x0198, 0x0197, 0x0197, 0x0197, 0x0197,
  0x01D7, 0x0197, 0x01D8, 0x0197, 0x01D7, 0x0197, 0x01D8, 0x0197, 0x01D7, 0x0197, 0x01D7, 0x0197,
  0x0197, 0x0197, 0x0198, 0x0197, 0x0197, 0x0198, 0x0197, 0x0197, 0x0198, 0x0197, 0x0197, 0x0197,
  0x0197, 0x0197, 0x0198, 0x01D7, 0x0197, 0x0198, 0x0197, 0x0197, 0x0198, 0x0197, 0x0197, 0x0198,
  0x06FF, 0x06FF, 0x06FE, 0x06DF, 0x06DF, 0x06BF, 0x065E, 0x06FE, 0x073E, 0xDFFF, 0xFFFF, 0xE7BE,
  0x063B, 0x06FE, 0x073E, 0x6FDF, 0xF7FF, 0xFFFF, 0xFFFF, 0xFFFF, 0xFFFF, 0xFFFF, 0xFFFF, 0xFFFF,
  0xFFFF, 0xFFFF, 0xF7FF, 0x661C, 0xA75D, 0xB7DF, 0x6FDF, 0xB7DF, 0xB7DF, 0xB7DF, 0x7C10, 0x0000,
  0x7C10, 0x94D3, 0x94D3, 0xA596, 0xC67A, 0xEF5D, 0xFFFF, 0xFFFF, 0xFFFF, 0xFFFF, 0xFFFF, 0xFFFF,
  0xFFFF, 0xFFFF, 0xFFFF, 0xFFFF, 0xFFFF, 0xFFFF, 0xFFFF, 0xFFFF, 0xFFFF, 0xFFFF, 0xFFFF, 0xFFFF,
  0xFFFF, 0xFFFF, 0xFFFF, 0xFFFF, 0xFFFF, 0xFFFF, 0xFFFF, 0xFFFF, 0xFFFF, 0xFFFF, 0xFFFF, 0xFFFF,
  0xFFFF, 0xFFFF, 0xFFFF, 0xFFFF, 0xFFFF, 0xFFFF, 0xFFFF, 0xFFFF, 0xFFFF, 0xFFFF, 0xFFFF, 0xFFFF,
  0xFFFF, 0xFFFF, 0xFFFF, 0xB7DF, 0x0377, 0x0012, 0x043A, 0x07DF, 0xB7DF, 0xF7FF, 0xFFFF, 0xFFFF,
  0xFFFF, 0xFFFF, 0xFFFF, 0xFFFF, 0xFFFF, 0xFFFF, 0xFFFF, 0xFFFF, 0xFFFF, 0xFFFF, 0xFFFF, 0xFFFF,
  0xFFFF, 0xFFFF, 0xFFFF, 0xFFFF, 0xFFFF, 0xFFFF, 0xB7DF, 0x6FDF, 0x6FDF, 0xB7DF, 0xB7DF, 0xDFFF,
  0x661C, 0xBEDD, 0x7CDA, 0x00D3, 0x00F6, 0x01D7, 0x0197, 0x0197, 0x0197, 0x0198, 0x0197, 0x0197,
  0x0198, 0x01D7, 0x0198, 0x01D7, 0x0197, 0x0198, 0x0197, 0x0197, 0x0198, 0x0197, 0x0197, 0x0198,
  0x0197, 0x0197, 0x0198, 0x0197, 0x0197, 0x0198, 0x0197, 0x0197, 0x0197, 0x0197, 0x0197, 0x0197,
  0x0197, 0x0197, 0x0197, 0x01D7, 0x0197, 0x0197, 0x01D8, 0x0197, 0x01D7, 0x0197, 0x0197, 0x0197,
  0x0197, 0x0197, 0x0197, 0x0197, 0x0197, 0x0197, 0x0197, 0x0198, 0x0198, 0x0197, 0x0198, 0x0197,
  0x0198, 0x0197, 0x0197, 0x0198, 0x01D7, 0x0197, 0x01D8, 0x0198, 0x0198, 0x0198, 0x0198, 0x0197,
  0x01D8, 0x0198, 0x01D8, 0x0198, 0x01D8, 0x0198, 0x01D7, 0x0198, 0x01D8, 0x0198, 0x01D8, 0x0198,
  0x01D7, 0x0197, 0x01D8, 0x0198, 0x01D8, 0x0198, 0x01D7, 0x0198, 0x0198, 0x0198, 0x01D7, 0x0197,
  0x0197, 0x0197, 0x0197, 0x0197, 0x0197, 0x0197, 0x0197, 0x0197, 0x0198, 0x0197, 0x0197, 0x0197,
  0x0197, 0x0197, 0x01D7, 0x0197, 0x0197, 0x0197, 0x0197, 0x0197, 0x0197, 0x0198, 0x0197, 0x0198,
  0x0197, 0x0197, 0x0198, 0x0197, 0x0198, 0x0197, 0x0198, 0x0197, 0x0198, 0x0197, 0x0197, 0x0198,
  0x0198, 0x0197, 0x0197, 0x0197, 0x0198, 0x0197, 0x0197, 0x0198, 0x0197, 0x0198, 0x0197, 0x0197,
  0x0198, 0x0197, 0x0197, 0x0197, 0x0197, 0x0197, 0x0197, 0x0198, 0x0197, 0x0198, 0x0198, 0x0197,
  0x0198, 0x0197, 0x0198, 0x0197, 0x0198, 0x0198, 0x0197, 0x0198, 0x0197, 0x0198, 0x0197, 0x0197,
  0x0198, 0x0197, 0x0197, 0x0197, 0x0198, 0x0197, 0x0198, 0x0197, 0x0198, 0x0197, 0x0197, 0x0198,
  0x0197, 0x0197, 0x0197, 0x0198, 0x0197, 0x0197, 0x0198, 0x0197, 0x0198, 0x0197, 0x0197, 0x0198,
  0x0197, 0x0197, 0x0197, 0x0198, 0x0197, 0x0197, 0x0198, 0x0197, 0x06FF, 0x06BF, 0x071F, 0x071F,
  0x071F, 0x06FE, 0x06FF, 0x06BF, 0x06BE, 0x06BE, 0x073E, 0xDFFF, 0xF7FF, 0x06BE, 0x06BE, 0x06BE,
  0x06FE, 0x06DF, 0x6FDF, 0xF7FF, 0xFFFF, 0xFFFF, 0xFFFF, 0xFFFF, 0xFFFF, 0xFFFF, 0xC67A, 0x661C,
  0xB7DF, 0x6FDF, 0xB7DF, 0xB7DF, 0xB7DF, 0xB7DF, 0xDFFF, 0x632C, 0xBDF8, 0xFFFF, 0xEFBD, 0x9E3B,
  0x7C10, 0x7C10, 0x94D3, 0x94D3, 0xA596, 0xBDF8, 0xDEDB, 0xEFBD, 0xFFFF, 0xFFFF, 0xFFFF, 0xFFFF,
  0xFFFF, 0xFFFF, 0xFFFF, 0xFFFF, 0xFFFF, 0xFFFF, 0xFFFF, 0xFFFF, 0xFFFF, 0xFFFF, 0xFFFF, 0xFFFF,
  0xFFFF, 0xFFFF, 0xFFFF, 0xFFFF, 0xFFFF, 0xFFFF, 0xFFFF, 0xFFFF, 0xFFFF, 0xFFFF, 0xFFFF, 0xFFFF,
  0xFFFF, 0xFFFF, 0xFFFF, 0xFFFF, 0xFFFF, 0xFFFF, 0xFFFF, 0xFFFF, 0xFFFF, 0xFFFF, 0xFFFF, 0xFFFF,
  0x859B, 0x0012, 0x043A, 0x07FF, 0x07FF, 0x07DF, 0xB7DF, 0xFFFF, 0xFFFF, 0xFFFF, 0xFFFF, 0xFFFF,
  0xFFFF, 0xFFFF, 0xFFFF, 0xFFFF, 0xFFFF, 0xFFFF, 0xFFFF, 0xFFFF, 0xFFFF, 0xFFFF, 0xF7FF, 0xB7DF,
  0x6FDF, 0x07DF, 0x07FF, 0x07DF, 0x07FF, 0x07FF, 0x05B8, 0x07DF, 0x2C79, 0x0012, 0x0036, 0x0157,
  0x0198, 0x0198, 0x0198, 0x0197, 0x0198, 0x0197, 0x0197, 0x01D7, 0x0197, 0x0198, 0x0197, 0x0197,
  0x0198, 0x0197, 0x0197, 0x0198, 0x0197, 0x0197, 0x0198, 0x0197, 0x0198, 0x0198, 0x0197, 0x0198,
  0x0197, 0x0197, 0x0197, 0x0198, 0x0197, 0x0198, 0x0197, 0x0197, 0x0198, 0x01D7, 0x0197, 0x0197,
  0x0198, 0x0197, 0x0197, 0x0197, 0x0198, 0x0197, 0x0197, 0x0198, 0x0197, 0x0197, 0x0197, 0x0198,
  0x0197, 0x0197, 0x0198, 0x0197, 0x0197, 0x0197, 0x0197, 0x0197, 0x0198, 0x0197, 0x0198, 0x0197,
  0x0198, 0x0197, 0x0198, 0x0197, 0x0197, 0x0198, 0x01D7, 0x0198, 0x0197, 0x0198, 0x0197, 0x0197,
  0x0198, 0x0197, 0x0198, 0x0197, 0x0198, 0x0197, 0x0197, 0x0197, 0x0198, 0x0198, 0x0197, 0x0198,
  0x0197, 0x0197, 0x0198, 0x0197, 0x0198, 0x0197, 0x0198, 0x0197, 0x0197, 0x0197, 0x0198, 0x0197,
  0x0197, 0x0197, 0x0198, 0x0197, 0x0197, 0x0197, 0x0197, 0x0197, 0x0198, 0x0197, 0x0197, 0x0198,
  0x0197, 0x0198, 0x0197, 0x0197, 0x0198, 0x0197, 0x0198, 0x0197, 0x0198, 0x0197, 0x0198, 0x0197,
  0x0197, 0x0198, 0x0197, 0x0197, 0x0198, 0x0197, 0x0198, 0x0197, 0x0197, 0x0197, 0x0198, 0x0197,
  0x0197, 0x0198, 0x0197, 0x0197, 0x0198, 0x0197, 0x0197, 0x0198, 0x0197, 0x0197, 0x0197, 0x0198,
  0x0197, 0x0197, 0x0197, 0x0197, 0x0197, 0x0197, 0x0197, 0x0197, 0x0197, 0x0198, 0x0197, 0x0197,
  0x0197, 0x0197, 0x0198, 0x0197, 0x0197, 0x0197, 0x0198, 0x0197, 0x0197, 0x0197, 0x0198, 0x0197,
  0x0197, 0x0198, 0x0197, 0x0197, 0x0197, 0x0198, 0x0197, 0x0197, 0x0197, 0x0198, 0x0197, 0x0197,
  0x0197, 0x0198, 0x0197, 0x0197, 0x0197, 0x0198, 0x0197, 0x0197, 0x0197, 0x0198, 0x0197, 0x0197,
  0x0198, 0x0197, 0x0197, 0x0197, 0x06BF, 0x071F, 0x06DF, 0x071F, 0x067F, 0x06DF, 0x06BF, 0x06FF,
  0x06FF, 0x06BF, 0x06BE, 0x06FE, 0x07DF, 0x075F, 0x06BE, 0x06FF, 0x06BF, 0x06BF, 0x065E, 0x06DF,
  0x6FDF, 0xDFFF, 0xFFFF, 0xFFFF, 0xFFFF, 0xFFFF, 0x859B, 0x671E, 0xB7DF, 0xB7DF, 0xB7DF, 0xB7DF,
  0x6FDF, 0xB7DF, 0xDFFF, 0xB7DF, 0xA596, 0xDEDB, 0xFFFF, 0xFFFF, 0xFFFF, 0xF7FF, 0xC67A, 0xC67A,
  0xBDF8, 0xBDF8, 0xA596, 0x94D3, 0x632C, 0x7C10, 0xFFFF, 0xFFFF, 0xFFFF, 0xFFFF, 0xFFFF, 0xFFFF,
  0xFFFF, 0xFFFF, 0xFFFF, 0xFFFF, 0xFFFF, 0xFFFF, 0xFFFF, 0xFFFF, 0xFFFF, 0xFFFF, 0xFFFF, 0xFFFF,
  0xFFFF, 0xFFFF, 0xFFFF, 0xFFFF, 0xFFFF, 0xFFFF, 0xFFFF, 0xFFFF, 0xFFFF, 0xFFFF, 0xFFFF, 0xFFFF,
  0xFFFF, 0xFFFF, 0xFFFF, 0xFFFF, 0xFFFF, 0xFFFF, 0xFFFF, 0xFFFF, 0x7CDA, 0x0012, 0x02B7, 0x06BE,
  0x07FF, 0x07FF, 0x07FF, 0x6FDF, 0xF7FF, 0xFFFF, 0xFFFF, 0xFFFF, 0xFFFF, 0xFFFF, 0xFFFF, 0xFFFF,
  0xFFFF, 0xF7FF, 0xDFFF, 0xDFFF, 0x6FDF, 0x6FDF, 0x07DF, 0x07FF, 0x07FF, 0x07FF, 0x07FF, 0x07FF,
  0x07DF, 0x063B, 0x0074, 0x05FB, 0x03BA, 0x00B6, 0x0198, 0x0198, 0x0197, 0x0197, 0x0197, 0x0198,
  0x0197, 0x0197, 0x0197, 0x0198, 0x0197, 0x0197, 0x0197, 0x01D7, 0x0197, 0x0197, 0x0198, 0x0197,
  0x0197, 0x0197, 0x0197, 0x0197, 0x0197, 0x0197, 0x0197, 0x0197, 0x0197, 0x0197, 0x0197, 0x0197,
  0x0198, 0x0197, 0x0197, 0x0197, 0x0197, 0x0197, 0x0198, 0x0197, 0x0197, 0x0198, 0x0197, 0x0198,
  0x0197, 0x0197, 0x0198, 0x0197, 0x0198, 0x0197, 0x0198, 0x0197, 0x0198, 0x0197, 0x0198, 0x0197,
  0x0197, 0x0197, 0x0197, 0x0198, 0x0197, 0x0198, 0x0197, 0x0198, 0x0197, 0x0197, 0x0198, 0x0197,
  0x0198, 0x0197, 0x0198, 0x0197, 0x0198, 0x0197, 0x0198, 0x0197, 0x0198, 0x0197, 0x0198, 0x0197,
  0x0198, 0x0197, 0x0198, 0x0198, 0x0197, 0x0197, 0x0197, 0x0198, 0x0197, 0x0198, 0x0197, 0x0198,
  0x0197, 0x0197, 0x0198, 0x0197, 0x0198, 0x0198, 0x0197, 0x0197, 0x0198, 0x0198, 0x0197, 0x0197,
  0x0198, 0x0197, 0x0198, 0x0198, 0x0197, 0x0197, 0x0198, 0x0197, 0x0197, 0x0197, 0x0198, 0x0197,
  0x0197, 0x0197, 0x0197, 0x0197, 0x0197, 0x0197, 0x0197, 0x0197, 0x0197, 0x0197, 0x0197, 0x0197,
  0x0197, 0x0197, 0x0197, 0x0197, 0x0197, 0x0197, 0x0197, 0x0197, 0x0197, 0x0197, 0x0197, 0x0197,
  0x0197, 0x0197, 0x0197, 0x0197, 0x0198, 0x0197, 0x0198, 0x0197, 0x0197, 0x0197, 0x0197, 0x0197,
  0x0197, 0x0197, 0x0197, 0x0197, 0x0197, 0x0197, 0x0197, 0x0197, 0x0197, 0x0197, 0x0197, 0x0197,
  0x0197, 0x0197, 0x0157, 0x0197, 0x0197, 0x0197, 0x0157, 0x0197, 0x0197, 0x0197, 0x0157, 0x0197,
  0x0197, 0x0197, 0x0197, 0x0197, 0x0197, 0x0197, 0x0197, 0x0197, 0x0197, 0x0197, 0x0197, 0x0197,
  0x0197, 0x0197, 0x0197, 0x0157, 0x0197, 0x0197, 0x0197, 0x0197, 0x0197, 0x0197, 0x0197, 0x0197,
  0x071F, 0x06DF, 0x067F, 0x071F, 0x071F, 0x06DF, 0x06FF, 0x06FF, 0x06BF, 0x06FF, 0x06BF, 0x06BF,
  0x06BE, 0x06BF, 0x06FF, 0x06FF, 0x06BF, 0x06FF, 0x06FF, 0x06BF, 0x06BF, 0x06BE, 0x073E, 0xDFFF,
  0xFFFF, 0xFFBE, 0x859B, 0x6FDF, 0xB7DF, 0xB7DF, 0x6FDF, 0xB7DF, 0xB7DF, 0xB7DF, 0xB7DF, 0xDFFF,
  0xA75D, 0xA596, 0xA596, 0xC67A, 0xEF5D, 0xF7BE, 0xF7FF, 0xF7BE, 0xEFFE, 0xF7BE, 0xEF5D, 0xBEDD,
  0xC67A, 0xC67A, 0xFFFF, 0xFFFF, 0xFFFF, 0xFFFF, 0xFFFF, 0xFFFF, 0xFFFF, 0xFFFF, 0xFFFF, 0xFFFF,
  0xFFFF, 0xFFFF, 0xFFFF, 0xFFFF, 0xFFFF, 0xFFFF, 0xFFFF, 0xFFFF, 0xFFFF, 0xFFFF, 0xFFFF, 0xFFFF,
  0xFFFF, 0xFFFF, 0xFFFF, 0xFFFF, 0xFFFF, 0xFFFF, 0xFFFF, 0xFFFF, 0xFFFF, 0xFFFF, 0xFFFF, 0xFFFF,
  0xFFFF, 0xFFFF, 0xFFFF, 0xFFFF, 0x9E3B, 0x0012, 0x2C79, 0x9E3B, 0x05FB, 0x07FF, 0x07FF, 0x07FF,
  0x07FF, 0x6FDF, 0xFFFF, 0xFFFF, 0xFFFF, 0xDFFF, 0xB7DF, 0x6FDF, 0x07DF, 0x07DF, 0x07FF, 0x07FF,
  0x07FF, 0x07FF, 0x07FF, 0x07FF, 0x07FF, 0x07FF, 0x07FF, 0x07DF, 0x06DF, 0x00D3, 0x0076, 0x0218,
  0x01D7, 0x0197, 0x0197, 0x0197, 0x0197, 0x0198, 0x0197, 0x0197, 0x0197, 0x0198, 0x0197, 0x0197,
  0x0198, 0x0197, 0x0198, 0x0197, 0x0198, 0x0197, 0x0197, 0x0197, 0x0197, 0x0197, 0x0197, 0x0197,
  0x0197, 0x0197, 0x0197, 0x0157, 0x0197, 0x0157, 0x0197, 0x0157, 0x0197, 0x0157, 0x0197, 0x0158,
  0x0197, 0x0157, 0x0197, 0x0157, 0x0197, 0x0197, 0x0197, 0x0197, 0x0197, 0x0197, 0x0197, 0x0197,
  0x0197, 0x0197, 0x0197, 0x0197, 0x0197, 0x0197, 0x0197, 0x0197, 0x0157, 0x0197, 0x0157, 0x0197,
  0x0197, 0x0197, 0x0197, 0x0197, 0x0197, 0x0198, 0x0197, 0x0198, 0x0197, 0x0197, 0x0197, 0x0198,
  0x0197, 0x0197, 0x0197, 0x0198, 0x0197, 0x0198, 0x0197, 0x0198, 0x0197, 0x0198, 0x0197, 0x0197,
  0x0198, 0x0198, 0x0197, 0x0197, 0x0198, 0x0197, 0x0198, 0x0197, 0x0198, 0x0198, 0x0197, 0x0197,
  0x0197, 0x0197, 0x0197, 0x0198, 0x0197, 0x0197, 0x0197, 0x0198, 0x0197, 0x0197, 0x0197, 0x0197,
  0x0197, 0x0198, 0x0197, 0x0197, 0x0197, 0x0157, 0x0197, 0x0157, 0x0197, 0x0157, 0x0197, 0x0157,
  0x0197, 0x0157, 0x0197, 0x0157, 0x0197, 0x0157, 0x0197, 0x0157, 0x0197, 0x0157, 0x0197, 0x0157,
  0x0197, 0x0157, 0x0197, 0x0158, 0x0197, 0x0157, 0x0197, 0x0157, 0x0197, 0x0157, 0x0157, 0x0157,
  0x0157, 0x0197, 0x0157, 0x0197, 0x0157, 0x0197, 0x0157, 0x0197, 0x0157, 0x0197, 0x0157, 0x0197,
  0x0157, 0x0197, 0x0157, 0x0197, 0x0157, 0x0197, 0x0157, 0x0197, 0x0157, 0x0197, 0x0197, 0x0197,
  0x0157, 0x0197, 0x0197, 0x0197, 0x0157, 0x0197, 0x0197, 0x0197, 0x0157, 0x0197, 0x0157, 0x0197,
  0x0157, 0x0197, 0x0157, 0x0197, 0x0157, 0x0197, 0x0157, 0x0197, 0x0157, 0x0197, 0x0157, 0x0197,
  0x0197, 0x0157, 0x0197, 0x0157, 0x0197, 0x0157, 0x0197, 0x0157, 0x065F, 0x06DF, 0x071F, 0x06DF,
  0x06DF, 0x06DF, 0x06BE, 0x06FE, 0x06BF, 0x06FF, 0x06FF, 0x06BF, 0x06FE, 0x06FF, 0x06BE, 0x06FF,
  0x06BF, 0x06BF, 0x06FF, 0x06FF, 0x06FF, 0x06BF, 0x06BE, 0x06BE, 0x07DF, 0x671E, 0x9E3B, 0xB7DF,
  0xB7DF, 0xB7DF, 0xB7DF, 0xB7DF, 0xB7DF, 0xB7DF, 0xB7DF, 0xB7DF, 0xDFFF, 0xB7DF, 0x9E3B, 0x9E3B,
  0xBEDD, 0xBEDD, 0xC67A, 0xC67A, 0xA75D, 0xCF3D, 0xEFFE, 0xEFFE, 0xFFFF, 0xFFFF, 0xFFFF, 0xFFFF,
  0xFFFF, 0xFFFF, 0xFFFF, 0xFFFF, 0xFFFF, 0xFFFF, 0xFFFF, 0xFFFF, 0xFFFF, 0xFFFF, 0xFFFF, 0xFFFF,
  0xFFFF, 0xFFFF, 0xFFFF, 0xFFFF, 0xFFFF, 0xFFFF, 0xFFFF, 0xFFFF, 0xFFFF, 0xFFFF, 0xFFFF, 0xFFFF,
  0xFFFF, 0xFFFF, 0xFFFF, 0xFFFF, 0xFFFF, 0xFFFF, 0xFFFF, 0xFFFF, 0xFFFF, 0xFFFF, 0xFFFF, 0xFFFF,
  0xDF7E, 0x0074, 0x0259, 0xF7FF, 0x859B, 0x06BE, 0x07FF, 0x07FF, 0x07FF, 0x07FF, 0x6FDF, 0x6FDF,
  0x07DF, 0x07DF, 0x07FF, 0x07FF, 0x07FF, 0x07FF, 0x07FF, 0x07FF, 0x07FF, 0x07FF, 0x07FF, 0x07FF,
  0x07FF, 0x07FF, 0x07FF, 0x07DF, 0x03B5, 0x0012, 0x0198, 0x00F7, 0x0158, 0x0198, 0x0197, 0x0197,
  0x0198, 0x0197, 0x0197, 0x0197, 0x0197, 0x0197, 0x0198, 0x0197, 0x0197, 0x0197, 0x0197, 0x0197,
  0x0197, 0x0197, 0x0198, 0x0157, 0x0197, 0x0157, 0x0197, 0x0157, 0x0157, 0x0157, 0x0197, 0x0157,
  0x0197, 0x0157, 0x0197, 0x0157, 0x0197, 0x0157, 0x0197, 0x0157, 0x0157, 0x0197, 0x0157, 0x0197,
  0x0157, 0x0157, 0x0157, 0x0157, 0x0157, 0x0197, 0x0157, 0x0197, 0x0157, 0x0197, 0x0157, 0x0197,
  0x0157, 0x0157, 0x0197, 0x0157, 0x0157, 0x0197, 0x0197, 0x0197, 0x0197, 0x0197, 0x0197, 0x0197,
  0x0197, 0x0197, 0x0197, 0x0197, 0x0197, 0x0198, 0x0197, 0x0197, 0x0197, 0x0198, 0x0197, 0x0197,
  0x0197, 0x0197, 0x0197, 0x0197, 0x0197, 0x0197, 0x0197, 0x0197, 0x0197, 0x0197, 0x0197, 0x0197,
  0x0197, 0x0197, 0x0197, 0x0197, 0x0197, 0x0197, 0x0197, 0x0197, 0x0197, 0x0197, 0x0197, 0x0157,
  0x0197, 0x0157, 0x0197, 0x0157, 0x0197, 0x0197, 0x0197, 0x0197, 0x0197, 0x0157, 0x0197, 0x0157,
  0x0197, 0x0198, 0x0157, 0x0197, 0x0198, 0x0197, 0x0157, 0x0197, 0x0197, 0x0197, 0x0157, 0x0197,
  0x0197, 0x0197, 0x0157, 0x0197, 0x0197, 0x0197, 0x0157, 0x0197, 0x0197, 0x0197, 0x0157, 0x0197,
  0x0197, 0x0197, 0x0157, 0x0197, 0x0197, 0x0197, 0x0197, 0x0197, 0x0157, 0x0197, 0x0157, 0x0197,
  0x0157, 0x0197, 0x0197, 0x0157, 0x0197, 0x0197, 0x0197, 0x0157, 0x0197, 0x0157, 0x0197, 0x0157,
  0x0197, 0x0157, 0x0197, 0x0157, 0x0197, 0x0157, 0x0157, 0x0197, 0x0157, 0x0157, 0x0157, 0x0197,
  0x0157, 0x0157, 0x0157, 0x0197, 0x0157, 0x0197, 0x0157, 0x0197, 0x0157, 0x0197, 0x0157, 0x0197,
  0x0157, 0x0197, 0x0157, 0x0197, 0x0157, 0x0197, 0x0157, 0x0197, 0x0157, 0x0197, 0x0157, 0x0197,
  0x0157, 0x0197, 0x0157, 0x0197, 0x071F, 0x06DF, 0x06DF, 0x06DF, 0x06DF, 0x06DF, 0x06FF, 0x06BF,
  0x06FF, 0x06FF, 0x06BE, 0x06FF, 0x06BF, 0x06FF, 0x06FF, 0x06FF, 0x06FF, 0x06FE, 0x06BF, 0x06BF,
  0x06BF, 0x06FF, 0x06FF, 0x06FF, 0x06BF, 0x05DD, 0xA75D, 0xB7DF, 0xB7DF, 0x6FDF, 0xB7DF, 0xB7DF,
  0xB7DF, 0xDFFF, 0xDFFF, 0xDFFF, 0xB7DF, 0xB7DF, 0xDFFF, 0xDFFF, 0xDFFF, 0xDFFF, 0xDFFF, 0xFFFF,
  0xFFFF, 0xFFFF, 0xFFFF, 0xFFFF, 0xFFFF, 0xFFFF, 0xFFFF, 0xFFFF, 0xFFFF, 0xFFFF, 0xFFFF, 0xFFFF,
  0xFFFF, 0xFFFF, 0xFFFF, 0xFFFF, 0xFFFF, 0xFFFF, 0xFFFF, 0xFFFF, 0xFFFF, 0xFFFF, 0xFFFF, 0xFFFF,
  0xFFFF, 0xFFFF, 0xFFFF, 0xFFFF, 0xFFFF, 0xFFFF, 0xFFFF, 0xFFFF, 0xFFFF, 0xFFFF, 0xFFFF, 0xFFFF,
  0xFFFF, 0xFFFF, 0xFFFF, 0xFFFF, 0xFFFF, 0xFFFF, 0xFFFF, 0xFFFF, 0xFFFF, 0x1A97, 0x0036, 0xEFBF,
  0xEFFE, 0x253A, 0x079F, 0x07DF, 0x07FF, 0x07FF, 0x07FF, 0x07FF, 0x07FF, 0x07FF, 0x07FF, 0x07FF,
  0x07FF, 0x07FF, 0x07FF, 0x07FF, 0x07DF, 0x07FF, 0x07DF, 0x07DF, 0x07FF, 0x07FF, 0x07DF, 0x073E,
  0x01B4, 0x00F8, 0x0198, 0x0157, 0x0197, 0x0197, 0x0158, 0x0198, 0x0157, 0x0198, 0x0157, 0x0197,
  0x0157, 0x0197, 0x0197, 0x0197, 0x0197, 0x0157, 0x0197, 0x0157, 0x0197, 0x0157, 0x0197, 0x0197,
  0x0157, 0x0197, 0x0197, 0x0197, 0x0197, 0x0157, 0x0197, 0x0157, 0x0197, 0x0157, 0x0197, 0x0197,
  0x0197, 0x0197, 0x0157, 0x0197, 0x0197, 0x0157, 0x0197, 0x0157, 0x0197, 0x0157, 0x0197, 0x0157,
  0x0197, 0x0157, 0x0197, 0x0157, 0x0197, 0x0157, 0x0197, 0x0157, 0x0197, 0x0197, 0x0157, 0x0197,
  0x0157, 0x0197, 0x0157, 0x0197, 0x0157, 0x0197, 0x0197, 0x0197, 0x0157, 0x0197, 0x0197, 0x0197,
  0x0197, 0x0197, 0x0197, 0x0197, 0x0197, 0x0197, 0x0197, 0x0197, 0x0197, 0x0197, 0x0197, 0x0197,
  0x0197, 0x0197, 0x0197, 0x0197, 0x0197, 0x0197, 0x0197, 0x0197, 0x0197, 0x0197, 0x0197, 0x0197,
  0x0197, 0x0197, 0x0197, 0x0197, 0x0197, 0x0197, 0x0197, 0x0197, 0x0197, 0x0197, 0x0197, 0x0197,
  0x0197, 0x0157, 0x0157, 0x0157, 0x0157, 0x0197, 0x0157, 0x0197, 0x0157, 0x0197, 0x0157, 0x0197,
  0x0157, 0x0197, 0x0157, 0x0197, 0x0157, 0x0197, 0x0197, 0x0197, 0x0157, 0x0197, 0x0197, 0x0197,
  0x0157, 0x0197, 0x0197, 0x0197, 0x0157, 0x0197, 0x0157, 0x0197, 0x0157, 0x0197, 0x0197, 0x0157,
  0x0197, 0x0157, 0x0157, 0x0157, 0x0197, 0x0197, 0x0197, 0x0197, 0x0197, 0x0157, 0x0157, 0x0197,
  0x0157, 0x0197, 0x0157, 0x0197, 0x0157, 0x0197, 0x0157, 0x0197, 0x0157, 0x0197, 0x0157, 0x0197,
  0x0157, 0x0197, 0x0157, 0x0197, 0x0197, 0x0197, 0x0157, 0x0197, 0x0197, 0x0197, 0x0157, 0x0197,
  0x0157, 0x0197, 0x0197, 0x0197, 0x0197, 0x0197, 0x0197, 0x0197, 0x0197, 0x0197, 0x0197, 0x0197,
  0x0197, 0x0197, 0x0197, 0x0197, 0x0197, 0x0157, 0x0197, 0x0197, 0x0197, 0x0157, 0x0197, 0x0197,
  0x071F, 0x06DF, 0x071F, 0x067F, 0x06DF, 0x06DF, 0x06BF, 0x06FE, 0x06FF, 0x06DF, 0x06FF, 0x06BE,
  0x06FF, 0x06BE, 0x06FF, 0x06BE, 0x06BF, 0x071F, 0x06DF, 0x06DF, 0x06DF, 0x06BE, 0x06FF, 0x06BF,
  0x06FF, 0x063B, 0x6FDF, 0xB7DF, 0xB7DF, 0xB7DF, 0xB7DF, 0xB7DF, 0xB7DF, 0xA75D, 0xF7FF, 0xFFFF,
  0xF7FF, 0xF7FF, 0xDFFF, 0xEFFE, 0xF7FF, 0xFFFF, 0xFFFF, 0xFFFF, 0xFFFF, 0xFFFF, 0xFFFF, 0xFFFF,
  0xFFFF, 0xFFFF, 0xFFFF, 0xFFFF, 0xFFFF, 0xFFFF, 0xFFFF, 0xFFFF, 0xFFFF, 0xFFFF, 0xFFFF, 0xFFFF,
  0xFFFF, 0xFFFF, 0xFFFF, 0xFFFF, 0xFFFF, 0xFFFF, 0xFFFF, 0xFFFF, 0xFFFF, 0xFFFF, 0xFFFF, 0xFFFF,
  0xFFFF, 0xFFFF, 0xFFFF, 0xFFFF, 0xFFFF, 0xFFFF, 0xFFFF, 0xFFFF, 0xFFFF, 0xFFFF, 0xFFFF, 0xFFFF,
  0xFFFF, 0xFFFF, 0xFFFF, 0xFFFF, 0xFFFF, 0x7C39, 0x0012, 0x9E3B, 0xFFFF, 0xC67A, 0x253A, 0x07FF,
  0x07FF, 0x07FF, 0x07FF, 0x07FF, 0x07FF, 0x07FF, 0x07FF, 0x07FF, 0x07DF, 0x07FF, 0x07DF, 0x07FF,
  0x07DF, 0x06BE, 0x0516, 0x079F, 0x07DF, 0x07DF, 0x07DF, 0x03D8, 0x0074, 0x0158, 0x0157, 0x0197,
  0x0198, 0x0158, 0x0197, 0x0197, 0x0198, 0x0157, 0x0197, 0x0197, 0x0197, 0x0197, 0x0157, 0x0197,
  0x0157, 0x0197, 0x0197, 0x0197, 0x0157, 0x0197, 0x0197, 0x0157, 0x0197, 0x0197, 0x0157, 0x0197,
  0x0157, 0x0197, 0x0197, 0x0157, 0x0197, 0x0157, 0x0197, 0x0157, 0x0197, 0x0157, 0x0197, 0x0157,
  0x0157, 0x0197, 0x0157, 0x0157, 0x0157, 0x0157, 0x0157, 0x0157, 0x0157, 0x0197, 0x0157, 0x0197,
  0x0157, 0x0197, 0x0157, 0x0197, 0x0157, 0x0157, 0x0197, 0x0157, 0x0157, 0x0197, 0x0197, 0x0157,
  0x0157, 0x0197, 0x0197, 0x0157, 0x0197, 0x0197, 0x0197, 0x0157, 0x0197, 0x0157, 0x0197, 0x0157,
  0x0197, 0x0157, 0x0157, 0x0157, 0x0157, 0x0197, 0x0157, 0x0197, 0x0157, 0x0157, 0x0157, 0x0157,
  0x0157, 0x0157, 0x0157, 0x0157, 0x0157, 0x0157, 0x0157, 0x0157, 0x0197, 0x0157, 0x0197, 0x0157,
  0x0197, 0x0157, 0x0197, 0x0157, 0x0197, 0x0157, 0x0197, 0x0157, 0x0197, 0x0157, 0x0197, 0x0197,
  0x0197, 0x0157, 0x0197, 0x0157, 0x0197, 0x0157, 0x0197, 0x0157, 0x0197, 0x0157, 0x0197, 0x0157,
  0x01B4, 0x0197, 0x0197, 0x00F6, 0x0197, 0x0157, 0x01B4, 0x0157, 0x0157, 0x01B4, 0x0197, 0x00F6,
  0x0197, 0x0197, 0x0157, 0x0197, 0x0157, 0x0197, 0x0157, 0x0197, 0x0197, 0x0157, 0x0197, 0x0197,
  0x0197, 0x0157, 0x0157, 0x0157, 0x0157, 0x0157, 0x0197, 0x0157, 0x0197, 0x0197, 0x0197, 0x0197,
  0x0157, 0x0197, 0x0157, 0x0197, 0x0157, 0x0197, 0x0157, 0x0197, 0x0157, 0x0197, 0x0197, 0x0157,
  0x0197, 0x0157, 0x0197, 0x0157, 0x0197, 0x0157, 0x0197, 0x0197, 0x0157, 0x0197, 0x0157, 0x0157,
  0x0157, 0x0157, 0x0157, 0x0157, 0x0157, 0x0157, 0x0157, 0x0157, 0x0157, 0x0157, 0x0157, 0x0157,
  0x0197, 0x0157, 0x0197, 0x0157, 0x0197, 0x0157, 0x0197, 0x0157, 0x06DF, 0x06DF, 0x06DF, 0x06DF,
  0x06DF, 0x06DF, 0x06BF, 0x06FE, 0x06DF, 0x06DF, 0x071F, 0x071F, 0x06DF, 0x06BF, 0x06BF, 0x06FF,
  0x06FF, 0x06FF, 0x06DF, 0x06DF, 0x073E, 0x073E, 0x06BE, 0x071F, 0x06DF, 0x06DF, 0xB7DF, 0xB7DF,
  0xB7DF, 0xB7DF, 0xB7DF, 0xB7DF, 0xA75D, 0x9E3B, 0xDFFF, 0xF7FF, 0xF7FF, 0xFFFF, 0xFFFF, 0xFFFF,
  0xFFFF, 0xFFFF, 0xFFFF, 0xFFFF, 0xFFFF, 0xFFFF, 0xFFFF, 0xFFFF, 0xFFFF, 0xFFFF, 0xFFFF, 0xFFFF,
  0xFFFF, 0xFFFF, 0xFFFF, 0xFFFF, 0xFFFF, 0xFFFF, 0xFFFF, 0xFFFF, 0xFFFF, 0xFFFF, 0xFFFF, 0xFFFF,
  0xFFFF, 0xFFFF, 0xFFFF, 0xFFFF, 0xFFFF, 0xFFFF, 0xFFFF, 0xFFFF, 0xFFFF, 0xFFFF, 0xFFFF, 0xFFFF,
  0xFFFF, 0xFFFF, 0xFFFF, 0xFFFF, 0xFFFF, 0xFFFF, 0xFFFF, 0xFFFF, 0xFFFF, 0xFFFF, 0xFFFF, 0xFFFF,
  0xFFFF, 0x9E3B, 0x0012, 0x2C79, 0xFFBF, 0xFFFF, 0x9E3B, 0x05FB, 0x07DF, 0x07FF, 0x07DF, 0x07FF,
  0x07FF, 0x07DF, 0x07FF, 0x07DF, 0x07FF, 0x07FF, 0x07FF, 0x07DF, 0x07FF, 0x07FF, 0x01B4, 0x00D3,
  0x03D8, 0x03D8, 0x03BA, 0x01B4, 0x0157, 0x0197, 0x0198, 0x0157, 0x0197, 0x0157, 0x0197, 0x0157,
  0x0198, 0x0197, 0x0198, 0x0157, 0x0197, 0x0157, 0x0197, 0x0197, 0x0197, 0x0197, 0x0157, 0x0197,
  0x0157, 0x0197, 0x0157, 0x0197, 0x0157, 0x0197, 0x0157, 0x0197, 0x0157, 0x0197, 0x0157, 0x0197,
  0x0157, 0x0197, 0x0157, 0x0197, 0x0157, 0x0197, 0x0157, 0x0197, 0x0157, 0x0157, 0x0157, 0x0197,
  0x0157, 0x0197, 0x0157, 0x0197, 0x0157, 0x0157, 0x0157, 0x0157, 0x0157, 0x0157, 0x0157, 0x0157,
  0x0157, 0x0157, 0x00F6, 0x0197, 0x0197, 0x0157, 0x0157, 0x0197, 0x0197, 0x0157, 0x0157, 0x0197,
  0x0157, 0x0157, 0x0157, 0x0197, 0x0157, 0x0197, 0x0157, 0x0197, 0x0157, 0x0197, 0x0197, 0x0197,
  0x0197, 0x0157, 0x0197, 0x0197, 0x0197, 0x0197, 0x0197, 0x0197, 0x0197, 0x0197, 0x0197, 0x0197,
  0x0197, 0x0197, 0x0197, 0x0197, 0x0197, 0x0197, 0x0197, 0x0157, 0x0197, 0x0157, 0x0197, 0x0197,
  0x0157, 0x0197, 0x0157, 0x0197, 0x0157, 0x0197, 0x0157, 0x0157, 0x0157, 0x0197, 0x0157, 0x0197,
  0x0157, 0x0157, 0x0157, 0x0157, 0x0157, 0x0157, 0x0157, 0x0157, 0x0157, 0x0157, 0x0157, 0x0197,
  0x0157, 0x0157, 0x0157, 0x0157, 0x0197, 0x0157, 0x0157, 0x0197, 0x0157, 0x0157, 0x0157, 0x0157,
  0x0157, 0x0157, 0x0157, 0x0157, 0x0157, 0x0157, 0x0157, 0x0157, 0x0157, 0x0157, 0x0197, 0x0157,
  0x0197, 0x0157, 0x0197, 0x0157, 0x0157, 0x0157, 0x0157, 0x0157, 0x0157, 0x0157, 0x0157, 0x0157,
  0x0157, 0x0157, 0x0157, 0x0157, 0x0157, 0x0157, 0x0157, 0x0157, 0x0157, 0x0157, 0x0197, 0x0157,
  0x0157, 0x0157, 0x0157, 0x0157, 0x0157, 0x0157, 0x0157, 0x0197, 0x0157, 0x0197, 0x0157, 0x0197,
  0x0157, 0x0197, 0x0157, 0x0197, 0x0157, 0x0197, 0x0157, 0x0197, 0x0157, 0x0157, 0x0157, 0x0157,
  0x0157, 0x0157, 0x0157, 0x0157, 0x065F, 0x06DF, 0x06DF, 0x071F, 0x06DF, 0x071F, 0x06BE, 0x06FF,
  0x071F, 0x071F, 0x071F, 0x067F, 0x06DF, 0x06DF, 0x06FF, 0x06BF, 0x06BF, 0x06FF, 0x06FF, 0x06BF,
  0x06DF, 0x06DF, 0x06DF, 0x06DF, 0x067F, 0x06BE, 0xDFFF, 0xB7DF, 0xB7DF, 0xB7DF, 0xB7DF, 0xB7DF,
  0xB7DF, 0xA75D, 0xDFFF, 0xDFFF, 0xF7FF, 0xFFFF, 0xFFFF, 0xFFFF, 0xFFFF, 0xFFFF, 0xFFFF, 0xFFFF,
  0xFFFF, 0xFFFF, 0xFFFF, 0xFFFF, 0xFFFF, 0xFFFF, 0xFFFF, 0xFFFF, 0xFFFF, 0xFFFF, 0xFFFF, 0xFFFF,
  0xFFFF, 0xFFFF, 0xFFFF, 0xFFFF, 0xFFFF, 0xFFFF, 0xFFFF, 0xFFFF, 0xFFFF, 0xFFFF, 0xFFFF, 0xFFFF,
  0xFFFF, 0xFFFF, 0xFFFF, 0xFFFF, 0xFFFF, 0xFFFF, 0xFFFF, 0xFFFF, 0xFFFF, 0xFFFF, 0xFFFF, 0xFFFF,
  0xFFFF, 0xFFFF, 0xFFFF, 0xFFFF, 0xFFFF, 0xFFFF, 0xFFFF, 0xFFFF, 0xFFFF, 0xDEDB, 0x0012, 0x0259,
  0xFFFF, 0xFFFF, 0xFFFF, 0x859B, 0x06DF, 0x07DF, 0x07FF, 0x07DF, 0x07FF, 0x07FF, 0x07FF, 0x07FF,
  0x07FF, 0x07DF, 0x07FF, 0x079F, 0x07DF, 0x07DF, 0x0516, 0x0012, 0x0077, 0x0074, 0x0076, 0x0157,
  0x0198, 0x0157, 0x0157, 0x0197, 0x0157, 0x0197, 0x0157, 0x0197, 0x0157, 0x0157, 0x0198, 0x0197,
  0x0158, 0x0197, 0x0157, 0x0197, 0x0157, 0x0197, 0x0197, 0x0197, 0x0157, 0x0197, 0x0157, 0x0197,
  0x0157, 0x0197, 0x0157, 0x0197, 0x0157, 0x0197, 0x0157, 0x0197, 0x0157, 0x0197, 0x0157, 0x0197,
  0x0157, 0x0157, 0x0157, 0x0157, 0x0197, 0x0157, 0x0157, 0x0157, 0x0157, 0x0157, 0x0157, 0x0157,
  0x0197, 0x0157, 0x0157, 0x0197, 0x0157, 0x0197, 0x0157, 0x0197, 0x0157, 0x01B4, 0x0157, 0x0157,
  0x0157, 0x0157, 0x0157, 0x0157, 0x0157, 0x0197, 0x0157, 0x0157, 0x0197, 0x0157, 0x0157, 0x0157,
  0x0157, 0x0157, 0x0197, 0x0157, 0x0197, 0x0157, 0x0157, 0x0157, 0x0157, 0x0197, 0x0157, 0x0157,
  0x0158, 0x0197, 0x0157, 0x0198, 0x0157, 0x0197, 0x0158, 0x0197, 0x0157, 0x0198, 0x0157, 0x0197,
  0x0157, 0x0157, 0x0197, 0x0157, 0x0197, 0x0157, 0x0157, 0x0197, 0x0157, 0x0197, 0x0157, 0x0197,
  0x0157, 0x0157, 0x0157, 0x0157, 0x0157, 0x0157, 0x0157, 0x0157, 0x0157, 0x0197, 0x0157, 0x0197,
  0x0157, 0x0197, 0x0157, 0x0197, 0x0157, 0x0157, 0x0197, 0x0157, 0x0197, 0x0157, 0x0157, 0x0157,
  0x0157, 0x0157, 0x0157, 0x0157, 0x0197, 0x0157, 0x0197, 0x0157, 0x0197, 0x0157, 0x0197, 0x0157,
  0x0197, 0x0157, 0x0197, 0x0157, 0x0197, 0x0157, 0x0157, 0x0157, 0x0157, 0x0157, 0x0157, 0x0197,
  0x0157, 0x0197, 0x0157, 0x0197, 0x0157, 0x0197, 0x0157, 0x0197, 0x0157, 0x0197, 0x0157, 0x0197,
  0x0157, 0x0197, 0x0157, 0x0197, 0x0157, 0x0157, 0x0157, 0x0197, 0x0157, 0x0197, 0x0157, 0x0197,
  0x0157, 0x0197, 0x0157, 0x0157, 0x0157, 0x0157, 0x0157, 0x0157, 0x0157, 0x0157, 0x0157, 0x0157,
  0x0157, 0x0157, 0x0157, 0x0157, 0x0157, 0x0197, 0x0157, 0x0197, 0x0157, 0x0197, 0x0157, 0x0197,
  0x06BE, 0x06DF, 0x06DF, 0x06DF, 0x06DF, 0x071F, 0x06FE, 0x06DF, 0x06DF, 0x067F, 0x071F, 0x071F,
  0x06DF, 0x06DF, 0x06FF, 0x06BE, 0x06FF, 0x06BF, 0x06BF, 0x06FE, 0x06BE, 0x06FF, 0x06FF, 0x06DF,
  0x06BE, 0x073E, 0xDFFF, 0xB7DF, 0xB7DF, 0xB7DF, 0xB7DF, 0xB7DF, 0xB7DF, 0xB7DF, 0xDFFF, 0xFFFF,
  0xFFFF, 0xFFFF, 0xFFFF, 0xFFFF, 0xFFFF, 0xFFFF, 0xFFFF, 0xFFFF, 0xFFFF, 0xFFFF, 0xFFFF, 0xFFFF,
  0xFFFF, 0xFFFF, 0xFFFF, 0xFFFF, 0xFFFF, 0xFFFF, 0xFFFF, 0xFFFF, 0xFFFF, 0xFFFF, 0xFFFF, 0xFFFF,
  0xFFFF, 0xFFFF, 0xFFFF, 0xFFFF, 0xFFFF, 0xFFFF, 0xFFFF, 0xFFFF, 0xFFFF, 0xFFFF, 0xFFFF, 0xFFFF,
  0xFFFF, 0xFFFF, 0xFFFF, 0xFFFF, 0xFFFF, 0xFFFF, 0xFFFF, 0xFFFF, 0xFFFF, 0xFFFF, 0xFFFF, 0xFFFF,
  0xFFFF, 0xFFFF, 0xFFFF, 0xFFFF, 0xFFFF, 0xFFFF, 0x0217, 0x0012, 0x9E3B, 0xFFFF, 0xF7FF, 0xEFBD,
  0x253A, 0x073E, 0x07FF, 0x07FF, 0x07FF, 0x07FF, 0x07DF, 0x07FF, 0x07FF, 0x07FF, 0x07DF, 0x03B5,
  0x063B, 0x6FDF, 0x079F, 0x00D3, 0x00B6, 0x0198, 0x0197, 0x0157, 0x0157, 0x0157, 0x0197, 0x0157,
  0x0197, 0x0157, 0x0157, 0x0197, 0x0157, 0x0197, 0x0157, 0x0157, 0x0197, 0x0158, 0x0197, 0x0157,
  0x0197, 0x0157, 0x0157, 0x0157, 0x0197, 0x0157, 0x0198, 0x0157, 0x0198, 0x0157, 0x0197, 0x0157,
  0x0197, 0x0158, 0x0197, 0x0157, 0x0197, 0x0157, 0x0197, 0x0157, 0x0197, 0x0197, 0x0157, 0x0157,
  0x0157, 0x0157, 0x0197, 0x0157, 0x0197, 0x0157, 0x0197, 0x0157, 0x0157, 0x0197, 0x0157, 0x0157,
  0x0157, 0x0157, 0x0157, 0x0157, 0x0157, 0x0157, 0x0197, 0x0157, 0x0157, 0x0197, 0x0157, 0x0197,
  0x0157, 0x0157, 0x0197, 0x0157, 0x0157, 0x0197, 0x0157, 0x0157, 0x0157, 0x0157, 0x0157, 0x0157,
  0x0157, 0x0157, 0x0157, 0x0197, 0x0157, 0x0157, 0x0157, 0x0197, 0x0197, 0x0157, 0x0197, 0x0157,
  0x0197, 0x0157, 0x0197, 0x0157, 0x0197, 0x0157, 0x0197, 0x0157, 0x0197, 0x0197, 0x0157, 0x0197,
  0x0157, 0x0197, 0x0157, 0x0157, 0x0157, 0x0157, 0x0157, 0x0157, 0x0157, 0x0197, 0x0157, 0x0197,
  0x0157, 0x0197, 0x0157, 0x0197, 0x0157, 0x0157, 0x0157, 0x0157, 0x0157, 0x0157, 0x0157, 0x0157,
  0x0157, 0x0197, 0x00F6, 0x0197, 0x00F6, 0x0197, 0x0157, 0x0197, 0x0157, 0x0197, 0x0157, 0x0157,
  0x01B4, 0x0157, 0x0157, 0x0157, 0x0157, 0x0197, 0x00F6, 0x0157, 0x0157, 0x0157, 0x0157, 0x0157,
  0x0157, 0x0157, 0x0197, 0x0157, 0x0197, 0x0157, 0x0197, 0x00F6, 0x0197, 0x00F6, 0x0157, 0x0157,
  0x0157, 0x0157, 0x0157, 0x0157, 0x0157, 0x0157, 0x0157, 0x0157, 0x0157, 0x0157, 0x0157, 0x0157,
  0x0157, 0x0197, 0x0157, 0x0157, 0x0197, 0x00F6, 0x0197, 0x00F6, 0x0197, 0x00F6, 0x0197, 0x0157,
  0x0197, 0x0157, 0x0197, 0x0157, 0x0197, 0x0157, 0x0197, 0x0157, 0x0197, 0x0197, 0x00F6, 0x0197,
  0x0157, 0x0157, 0x0157, 0x0157, 0x0157, 0x0157, 0x0157, 0x0157, 0x671E, 0x067F, 0x06DF, 0x06DF,
  0x06DF, 0x071F, 0x06BF, 0x06DF, 0x06DF, 0x06DF, 0x071F, 0x06DF, 0x06DF, 0x06DF, 0x06BE, 0x06FF,
  0x06BF, 0x06FE, 0x06FF, 0x06FF, 0x06FF, 0x06BE, 0x06FF, 0x06FF, 0x06BF, 0x06BE, 0xDFFF, 0xB7DF,
  0xB7DF, 0xB7DF, 0xB7DF, 0xB7DF, 0xB7DF, 0xB7DF, 0xB7DF, 0xDFFF, 0xFFFF, 0xFFFF, 0xFFFF, 0xFFFF,
  0xFFFF, 0xFFFF, 0xFFFF, 0xFFFF, 0xFFFF, 0xFFFF, 0xFFFF, 0xFFFF, 0xFFFF, 0xFFFF, 0xFFFF, 0xFFFF,
  0xFFFF, 0xFFFF, 0xFFFF, 0xFFFF, 0xFFFF, 0xFFFF, 0xFFFF, 0xFFFF, 0xFFFF, 0xFFFF, 0xFFFF, 0xFFFF,
  0xFFFF, 0xFFFF, 0xFFFF, 0xFFFF, 0xFFFF, 0xFFFF, 0xFFFF, 0xFFFF, 0xFFFF, 0xFFFF, 0xFFFF, 0xFFFF,
  0xFFFF, 0xFFFF, 0xFFFF, 0xFFFF, 0xFFFF, 0xFFFF, 0xFFFF, 0xFFFF, 0xFFFF, 0xFFFF, 0xFFFF, 0xFFFF,
  0xFFFF, 0xFFFF, 0x6397, 0x0012, 0x7C39, 0xFFFF, 0xFFFF, 0xFFFF, 0x9E3B, 0x063B, 0x07DF, 0x07FF,
  0x07DF, 0x07FF, 0x07FF, 0x07FF, 0x07DF, 0x07FF, 0x07DF, 0x063B, 0x0012, 0x043A, 0x6FDF, 0x05FB,
  0x0012, 0x0157, 0x0157, 0x0157, 0x0157, 0x0197, 0x0157, 0x0197, 0x0157, 0x0157, 0x0197, 0x0157,
  0x0157, 0x0197, 0x0157, 0x0197, 0x0157, 0x0197, 0x0157, 0x0197, 0x0158, 0x0157, 0x0197, 0x0198,
  0x0157, 0x0197, 0x0157, 0x0157, 0x0197, 0x0157, 0x0158, 0x0157, 0x0197, 0x0157, 0x0197, 0x0157,
  0x0157, 0x0157, 0x0157, 0x0157, 0x0197, 0x0157, 0x0157, 0x0157, 0x0157, 0x0197, 0x00F6, 0x0157,
  0x00F6, 0x0197, 0x00F6, 0x0157, 0x00F6, 0x0157, 0x0157, 0x0157, 0x0157, 0x0157, 0x0157, 0x0157,
  0x0157, 0x0157, 0x0157, 0x0157, 0x0157, 0x0157, 0x0157, 0x0157, 0x0157, 0x0157, 0x0157, 0x0157,
  0x0157, 0x0157, 0x0157, 0x0157, 0x0157, 0x0157, 0x0197, 0x0157, 0x0197, 0x0157, 0x0197, 0x0157,
  0x0157, 0x0197, 0x0197, 0x0157, 0x0157, 0x0197, 0x0157, 0x0197, 0x0157, 0x0197, 0x0157, 0x0197,
  0x0157, 0x0197, 0x0157, 0x0197, 0x0157, 0x0157, 0x0197, 0x0158, 0x0157, 0x0197, 0x0157, 0x0157,
  0x0197, 0x0157, 0x0197, 0x0157, 0x0197, 0x0157, 0x0157, 0x0157, 0x0157, 0x0157, 0x0157, 0x0157,
  0x0157, 0x0157, 0x0197, 0x00F6, 0x0197, 0x0154, 0x0197, 0x0157, 0x0197, 0x00F6, 0x0197, 0x0157,
  0x0197, 0x0157, 0x0157, 0x0157, 0x0157, 0x0157, 0x0157, 0x0157, 0x0157, 0x0157, 0x01B4, 0x0157,
  0x0197, 0x00F6, 0x0197, 0x0157, 0x01B4, 0x0157, 0x0197, 0x00F6, 0x0157, 0x0197, 0x00F6, 0x0197,
  0x00F6, 0x0197, 0x00F6, 0x0197, 0x0157, 0x0197, 0x0157, 0x0197, 0x0157, 0x0197, 0x0157, 0x01B4,
  0x0157, 0x0197, 0x0154, 0x0197, 0x0157, 0x01B4, 0x0157, 0x0197, 0x00F6, 0x0197, 0x00F6, 0x0197,
  0x00F6, 0x0197, 0x0157, 0x0197, 0x0157, 0x0157, 0x0197, 0x00F6, 0x0197, 0x00F6, 0x0197, 0x00F6,
  0x0197, 0x00F6, 0x0197, 0x00F6, 0x0197, 0x00F6, 0x0197, 0x0157, 0x0157, 0x0157, 0x01B4, 0x0157,
  0x0197, 0x00F6, 0x0197, 0x0157, 0xB7DF, 0x067F, 0x071F, 0x071F, 0x06DF, 0x06BF, 0x06BF, 0x071F,
  0x06DF, 0x071F, 0x06DF, 0x067F, 0x06DF, 0x06DF, 0x06FF, 0x06BF, 0x06FF, 0x06FF, 0x06BF, 0x06FE,
  0x06BF, 0x06FF, 0x06FF, 0x06FF, 0x06BE, 0x071F, 0xB7DF, 0xB7DF, 0xB7DF, 0xB7DF, 0xB7DF, 0xB7DF,
  0xB7DF, 0xDFFF, 0x073E, 0x671E, 0xFFFF, 0xFFFF, 0xFFFF, 0xFFFF, 0xFFFF, 0xFFFF, 0xFFFF, 0xFFFF,
  0xFFFF, 0xFFFF, 0xFFFF, 0xFFFF, 0xFFFF, 0xFFFF, 0xFFFF, 0xFFFF, 0xFFFF, 0xFFFF, 0xFFFF, 0xFFFF,
  0xFFFF, 0xFFFF, 0xFFFF, 0xFFFF, 0xFFFF, 0xFFFF, 0xFFFF, 0xF7BE, 0xA596, 0xF7FF, 0xFFFF, 0xFFFF,
  0xFFFF, 0xFFFF, 0xFFFF, 0xFFFF, 0xFFFF, 0xFFFF, 0xFFFF, 0xFFFF, 0xFFFF, 0xFFFF, 0xFFFF, 0xFFFF,
  0xFFFF, 0xFFFF, 0xFFFF, 0xFFFF, 0xFFFF, 0xFFFF, 0xFFFF, 0xFFFF, 0xFFFF, 0xFFFF, 0xA596, 0x0012,
  0x1A97, 0xFFFF, 0xFFFF, 0xFFFF, 0xFFBE, 0x253A, 0x07FF, 0x07FF, 0x07FF, 0x07FF, 0x07FF, 0x07FF,
  0x07FF, 0x07FF, 0x07DF, 0x07DF, 0x0154, 0x0012, 0x03D8, 0x6FDF, 0x0516, 0x0034, 0x0158, 0x0197,
  0x0157, 0x0157, 0x0157, 0x0157, 0x0197, 0x0197, 0x0157, 0x0157, 0x0197, 0x0157, 0x0157, 0x0197,
  0x0157, 0x0157, 0x0157, 0x0157, 0x0157, 0x0197, 0x0157, 0x0157, 0x0157, 0x0157, 0x0157, 0x0197,
  0x0157, 0x0157, 0x0197, 0x0157, 0x0157, 0x0157, 0x0157, 0x0157, 0x0157, 0x0157, 0x0157, 0x0157,
  0x0157, 0x0157, 0x0157, 0x0157, 0x0157, 0x0157, 0x0157, 0x0197, 0x0157, 0x0157, 0x0197, 0x0157,
  0x0197, 0x0157, 0x0157, 0x0157, 0x0157, 0x0157, 0x0157, 0x0157, 0x0157, 0x0157, 0x0157, 0x0157,
  0x0157, 0x0157, 0x0157, 0x0157, 0x0157, 0x0157, 0x0157, 0x0157, 0x0157, 0x0157, 0x0157, 0x0157,
  0x0157, 0x0157, 0x0157, 0x0157, 0x0157, 0x00F6, 0x0157, 0x00F6, 0x0197, 0x0157, 0x0157, 0x0157,
  0x0157, 0x0157, 0x0157, 0x0157, 0x0157, 0x0158, 0x0157, 0x0157, 0x0157, 0x0157, 0x0157, 0x0157,
  0x0157, 0x0157, 0x0157, 0x0157, 0x0157, 0x0157, 0x0157, 0x0197, 0x00F6, 0x0157, 0x0157, 0x0157,
  0x0157, 0x0157, 0x0157, 0x0157, 0x0157, 0x0157, 0x0157, 0x0157, 0x0157, 0x00F6, 0x0197, 0x0157,
  0x0157, 0x0157, 0x0157, 0x0157, 0x00F6, 0x0197, 0x0157, 0x0157, 0x00F6, 0x0157, 0x0157, 0x0154,
  0x0157, 0x0157, 0x00F6, 0x0197, 0x0157, 0x0157, 0x0157, 0x0157, 0x0157, 0x0157, 0x0157, 0x0157,
  0x0157, 0x0157, 0x0157, 0x0157, 0x0197, 0x00F6, 0x0197, 0x0157, 0x0157, 0x0157, 0x0197, 0x0157,
  0x00F6, 0x0157, 0x0157, 0x00F6, 0x0197, 0x00F6, 0x0157, 0x0157, 0x0157, 0x00F6, 0x0157, 0x0157,
  0x0157, 0x0157, 0x0157, 0x0157, 0x0197, 0x0157, 0x0157, 0x0157, 0x0157, 0x0157, 0x0157, 0x00F6,
  0x0157, 0x0157, 0x00F6, 0x0197, 0x0157, 0x0157, 0x0157, 0x0157, 0x0157, 0x0157, 0x0157, 0x0157,
  0x0157, 0x0157, 0x0157, 0x00F6, 0x0197, 0x0157, 0x0157, 0x0157, 0x0157, 0x0197, 0x0157, 0x00F6,
  0xEFBF, 0x06DF, 0x06BF, 0x06BF, 0x06BF, 0x06FF, 0x06DF, 0x06DF, 0x06DF, 0x071F, 0x06DF, 0x06DF,
  0x06DF, 0x06DF, 0x06FF, 0x06FF, 0x06BF, 0x06FE, 0x06FF, 0x06FF, 0x06FF, 0x06BF, 0x06FF, 0x06BF,
  0x06BE, 0x075F, 0xDFFF, 0xB7DF, 0xDFFF, 0xB7DF, 0xB7DF, 0xDFFF, 0xB7DF, 0xDFFF, 0x073E, 0x05FB,
  0xFFFF, 0xFFFF, 0xFFFF, 0xFFFF, 0xFFFF, 0xFFFF, 0xFFFF, 0xFFFF, 0xFFFF, 0xFFFF, 0xFFFF, 0xFFFF,
  0xFFFF, 0xFFFF, 0xFFFF, 0xFFFF, 0xFFFF, 0xFFFF, 0xFFFF, 0xFFFF, 0xFFFF, 0xFFFF, 0xFFFF, 0xFFFF,
  0xFFFF, 0xFFFF, 0xFFFF, 0xFFFF, 0x7CDA, 0x29D5, 0xEFBF, 0xFFFF, 0xFFFF, 0xFFFF, 0xFFFF, 0xFFFF,
  0xFFFF, 0xFFFF, 0xFFFF, 0xFFFF, 0xFFFF, 0xFFFF, 0xFFFF, 0xFFFF, 0xFFFF, 0xFFFF, 0xFFFF, 0xFFFF,
  0xFFFF, 0xFFFF, 0xFFFF, 0xFFFF, 0xFFFF, 0xFFFF, 0xCF3D, 0x00D3, 0x90D6, 0xFF5E, 0xFFFF, 0xFFFF,
  0xFFFF, 0xC67A, 0x06BE, 0x07FF, 0x07FF, 0x07DF, 0x07FF, 0x07DF, 0x07FF, 0x07FF, 0x07FF, 0x07DF,
  0x03B5, 0x0012, 0x0034, 0x03D8, 0x06BE, 0x0196, 0x00F6, 0x0157, 0x0157, 0x0197, 0x0157, 0x0157,
  0x0157, 0x0157, 0x0197, 0x0157, 0x0157, 0x0197, 0x0157, 0x0157, 0x0197, 0x0157, 0x0197, 0x0157,
  0x0157, 0x0157, 0x0157, 0x0197, 0x0157, 0x0157, 0x0157, 0x0157, 0x0157, 0x0157, 0x0157, 0x0157,
  0x0157, 0x0157, 0x0157, 0x0157, 0x0157, 0x0157, 0x0157, 0x0157, 0x0157, 0x0157, 0x0157, 0x0157,
  0x0157, 0x0157, 0x0157, 0x0157, 0x0157, 0x0157, 0x00F6, 0x0157, 0x0157, 0x0157, 0x0157, 0x0157,
  0x00F6, 0x0197, 0x00F6, 0x0157, 0x00F6, 0x0197, 0x00F6, 0x0157, 0x0157, 0x0157, 0x0157, 0x0157,
  0x0157, 0x0157, 0x0157, 0x0157, 0x0157, 0x0157, 0x0157, 0x0157, 0x0157, 0x0157, 0x0157, 0x0157,
  0x0157, 0x0197, 0x0157, 0x0157, 0x0157, 0x0157, 0x0157, 0x0157, 0x0157, 0x0157, 0x0157, 0x0157,
  0x0157, 0x0157, 0x0157, 0x0197, 0x0157, 0x0197, 0x0157, 0x0197, 0x0157, 0x0197, 0x0157, 0x0157,
  0x0157, 0x0157, 0x0157, 0x0157, 0x0197, 0x0157, 0x00F6, 0x0197, 0x00F6, 0x0197, 0x0157, 0x0157,
  0x0157, 0x0157, 0x0157, 0x0157, 0x0197, 0x0157, 0x00F6, 0x0197, 0x0157, 0x0157, 0x0157, 0x0157,
  0x0157, 0x0157, 0x0157, 0x0157, 0x0197, 0x0157, 0x0157, 0x0157, 0x0157, 0x0197, 0x0157, 0x00F6,
  0x0157, 0x0157, 0x0157, 0x0157, 0x0157, 0x0157, 0x0157, 0x0157, 0x0157, 0x0157, 0x0157, 0x00F6,
  0x0197, 0x0157, 0x0157, 0x00F6, 0x0197, 0x00F6, 0x0157, 0x0157, 0x0197, 0x0157, 0x0157, 0x0197,
  0x00F6, 0x0197, 0x0157, 0x0157, 0x0157, 0x0197, 0x0157, 0x0157, 0x0157, 0x0157, 0x0157, 0x00F6,
  0x0157, 0x0157, 0x0157, 0x0157, 0x0157, 0x0157, 0x0197, 0x0157, 0x0157, 0x0197, 0x0157, 0x0157,
  0x00F6, 0x0197, 0x0157, 0x0157, 0x0157, 0x0157, 0x0157, 0x0157, 0x0157, 0x0157, 0x0197, 0x0157,
  0x00F6, 0x0197, 0x0157, 0x0157, 0x00F6, 0x0157, 0x0157, 0x0197, 0xFFFF, 0x06DF, 0x06BF, 0x06FF,
  0x06FE, 0x06FF, 0x071F, 0x06DF, 0x06DF, 0x06DF, 0x06DF, 0x06DF, 0x06BE, 0x06DF, 0x06BF, 0x06FF,
  0x06FF, 0x06BF, 0x06FE, 0x06BF, 0x06FF, 0x06FE, 0x06FF, 0x06FF, 0x065E, 0x075F, 0xDFFF, 0xDFFF,
  0xB7DF, 0xDFFF, 0xDFFF, 0xB7DF, 0xDFFF, 0xDFFF, 0x253A, 0xA75D, 0xFFFF, 0xFFFF, 0xFFFF, 0xFFFF,
  0xFFFF, 0xFFFF, 0xFFFF, 0xFFFF, 0xFFFF, 0xFFFF, 0xFFFF, 0xFFFF, 0xFFFF, 0xFFFF, 0xFFFF, 0xFFFF,
  0xFFFF, 0xFFFF, 0xFFFF, 0xFFFF, 0xFFFF, 0xFFFF, 0xFFFF, 0xFFFF, 0xFFFF, 0xFFFF, 0xFFFF, 0xFFFF,
  0xFFFF, 0x00D3, 0x00B5, 0xCF3D, 0xFFFF, 0xFFFF, 0xFFFF, 0xFFFF, 0xFFFF, 0xFFFF, 0xFFFF, 0xFFFF,
  0xFFFF, 0xFFFF, 0xFFFF, 0xFFFF, 0xFFFF, 0xFFFF, 0xFFFF, 0xFFFF, 0xFFFF, 0xFFFF, 0xFFFF, 0xFFFF,
  0xFFFF, 0xFFFF, 0xFFBF, 0x94D3, 0xD0D6, 0xFC7C, 0xFFFF, 0xFFFF, 0xFFFF, 0xDF7E, 0x253A, 0x07FF,
  0x07FF, 0x07DF, 0x07FF, 0x07FF, 0x07DF, 0x07FF, 0x07FF, 0x07DF, 0x06BE, 0x00D3, 0x00B8, 0x0015,
  0x0217, 0x0298, 0x00F6, 0x0157, 0x0157, 0x0157, 0x0157, 0x0157, 0x0157, 0x0157, 0x0157, 0x0157,
  0x0157, 0x0157, 0x0157, 0x0157, 0x0157, 0x0157, 0x0157, 0x0157, 0x0157, 0x0157, 0x0157, 0x0157,
  0x0157, 0x0157, 0x0157, 0x0157, 0x0157, 0x0157, 0x0157, 0x0157, 0x0157, 0x0157, 0x0157, 0x0157,
  0x0157, 0x0157, 0x0197, 0x00F6, 0x0157, 0x0157, 0x0157, 0x0157, 0x0157, 0x0157, 0x0197, 0x00F6,
  0x0157, 0x0157, 0x0197, 0x0157, 0x0197, 0x00F6, 0x0157, 0x0157, 0x0197, 0x0157, 0x0157, 0x0197,
  0x0157, 0x0157, 0x0197, 0x0157, 0x0157, 0x0157, 0x0157, 0x0157, 0x0157, 0x0157, 0x0157, 0x0157,
  0x0157, 0x0157, 0x0157, 0x0157, 0x0157, 0x0157, 0x0157, 0x0157, 0x0157, 0x0157, 0x0157, 0x0157,
  0x0157, 0x0157, 0x0157, 0x0157, 0x0157, 0x0157, 0x0157, 0x0157, 0x0157, 0x0157, 0x0157, 0x0157,
  0x0157, 0x0157, 0x0157, 0x0157, 0x0157, 0x0157, 0x0157, 0x0157, 0x0157, 0x0157, 0x0157, 0x0157,
  0x00F6, 0x0157, 0x0197, 0x0157, 0x0157, 0x0157, 0x0157, 0x00F6, 0x0197, 0x00F6, 0x0157, 0x0157,
  0x00F6, 0x0197, 0x0157, 0x0157, 0x0157, 0x0157, 0x0157, 0x0157, 0x0157, 0x0157, 0x0157, 0x0157,
  0x0157, 0x0157, 0x0157, 0x0157, 0x0157, 0x0157, 0x0157, 0x0197, 0x0157, 0x0157, 0x0157, 0x0157,
  0x0157, 0x0157, 0x0157, 0x0157, 0x0157, 0x0157, 0x0197, 0x0157, 0x0157, 0x0157, 0x0157, 0x0157,
  0x0157, 0x0157, 0x0197, 0x00F6, 0x0157, 0x0157, 0x0157, 0x0157, 0x0197, 0x0157, 0x0157, 0x0157,
  0x0157, 0x0157, 0x0157, 0x0157, 0x0157, 0x0157, 0x0157, 0x0157, 0x0197, 0x00F6, 0x0197, 0x00F6,
  0x0197, 0x00F6, 0x0157, 0x0157, 0x0157, 0x00F6, 0x0157, 0x0157, 0x0157, 0x0157, 0x00F6, 0x0197,
  0x00F6, 0x0197, 0x00F6, 0x0157, 0x0157, 0x0157, 0x00F6, 0x0197, 0x0157, 0x0157, 0x0157, 0x0157,
  0x0197, 0x0157, 0x0157, 0x0157, 0xFFFF, 0x661C, 0x06BD, 0x06FF, 0x06FE, 0x06BF, 0x06DF, 0x06DF,
  0x06DF, 0x06DF, 0x06DF, 0x06DF, 0x06DF, 0x06DF, 0x06BF, 0x06FE, 0x06BF, 0x06FF, 0x06FF, 0x06FE,
  0x06BF, 0x06FF, 0x06BF, 0x06FF, 0x06BE, 0x071F, 0xDFFF, 0xDFFF, 0xDFFF, 0xDFFF, 0xDFFF, 0xDFFF,
  0xF7FF, 0x9E3B, 0x9E3B, 0xFFFF, 0xFFFF, 0xFFFF, 0xFFFF, 0xFFFF, 0xFFFF, 0xFFFF, 0xFFFF, 0xFFFF,
  0xFFFF, 0xFFFF, 0xFFFF, 0xFFFF, 0xFFFF, 0xFFFF, 0xFFFF, 0xFFFF, 0xFFFF, 0xFFFF, 0xFFFF, 0xFFFF,
  0xFFFF, 0xFFFF, 0xFFFF, 0xFFFF, 0xFFFF, 0xFFFF, 0xFFFF, 0xFFFF, 0xFFFF, 0xA596, 0x0012, 0x00F6,
  0x9E3B, 0xFFFF, 0xFFFF, 0xFFFF, 0xFFFF, 0xFFFF, 0xFFFF, 0xFFFF, 0xFFFF, 0xFFFF, 0xFFFF, 0xFFFF,
  0xFFFF, 0xFFFF, 0xFFFF, 0xFFFF, 0xFFFF, 0xFFFF, 0xFFFF, 0xFFFF, 0xFFFF, 0xFFFF, 0xFFFF, 0xFF7D,
  0xD0D6, 0xD0D6, 0xFF5E, 0xFFFF, 0xFFFF, 0xFFFF, 0x859B, 0x05FB, 0x06DF, 0x06BE, 0x06BE, 0x05FB,
  0x06BE, 0x06BE, 0x079F, 0x07FF, 0x07DF, 0x03D8, 0x0034, 0x0158, 0x00B6, 0x00F7, 0x0157, 0x0157,
  0x0157, 0x0157, 0x0157, 0x0157, 0x0157, 0x0157, 0x0157, 0x0157, 0x0157, 0x0157, 0x0157, 0x0157,
  0x0157, 0x0157, 0x0157, 0x0157, 0x0157, 0x0157, 0x0157, 0x0157, 0x0157, 0x0157, 0x0157, 0x0157,
  0x0157, 0x0157, 0x0157, 0x0157, 0x0157, 0x0157, 0x0157, 0x00F6, 0x0157, 0x0157, 0x00F6, 0x0157,
  0x0157, 0x0157, 0x0157, 0x0157, 0x0157, 0x0157, 0x00F6, 0x0157, 0x0157, 0x0157, 0x00F6, 0x0157,
  0x00F6, 0x0157, 0x0157, 0x0157, 0x00F6, 0x0157, 0x00F6, 0x0157, 0x00F6, 0x0157, 0x0157, 0x00F6,
  0x0157, 0x00F6, 0x0197, 0x00F6, 0x0157, 0x0157, 0x0157, 0x0157, 0x0157, 0x0157, 0x0157, 0x0157,
  0x0157, 0x0157, 0x0157, 0x0157, 0x00F6, 0x0157, 0x0157, 0x0157, 0x0157, 0x00F6, 0x0197, 0x00F6,
  0x0157, 0x00F6, 0x0197, 0x00F6, 0x0157, 0x00F6, 0x0157, 0x00F6, 0x0157, 0x0157, 0x0157, 0x0157,
  0x0157, 0x0157, 0x0157, 0x0197, 0x00F6, 0x0197, 0x00F6, 0x0157, 0x0157, 0x0197, 0x00F6, 0x0157,
  0x0157, 0x0157, 0x00F6, 0x0197, 0x0157, 0x0157, 0x0197, 0x00F6, 0x0197, 0x0157, 0x0157, 0x0157,
  0x0157, 0x0157, 0x0157, 0x0157, 0x0157, 0x0157, 0x0157, 0x0157, 0x0157, 0x0157, 0x0157, 0x0157,
  0x0157, 0x0157, 0x0157, 0x0157, 0x0157, 0x0157, 0x0157, 0x0157, 0x0157, 0x0197, 0x00F6, 0x0197,
  0x00F6, 0x0157, 0x0157, 0x0157, 0x0157, 0x0157, 0x0157, 0x0157, 0x0157, 0x0157, 0x0157, 0x0157,
  0x0157, 0x0197, 0x00F6, 0x0157, 0x0157, 0x00F6, 0x0197, 0x00F6, 0x0157, 0x0157, 0x0197, 0x00F6,
  0x0197, 0x00F6, 0x0157, 0x0197, 0x00F6, 0x0197, 0x0157, 0x0157, 0x0157, 0x0157, 0x0197, 0x0157,
  0x0157, 0x0157, 0x0197, 0x0157, 0x0157, 0x0157, 0x0197, 0x0157, 0x0197, 0x0157, 0x0157, 0x0197,
  0x0157, 0x0157, 0x0197, 0x0157, 0x0157, 0x0157, 0x0157, 0x0157, 0x0157, 0x00F6, 0x0157, 0x0157,
  0xFFFF, 0xB7DF, 0x065E, 0x06FE, 0x06BF, 0x06DF, 0x06DF, 0x06DF, 0x06DF, 0x06DF, 0x06DF, 0x06DF,
  0x06DF, 0x06FE, 0x06FF, 0x06BF, 0x06FF, 0x06FE, 0x06BF, 0x06FF, 0x06FF, 0x06FF, 0x06FE, 0x06BF,
  0x06BF, 0x06DF, 0xDFFF, 0xF7FF, 0xDFFF, 0xF7FF, 0xF7FF, 0xFFFF, 0x9E3B, 0x661C, 0xEFFE, 0xFFFF,
  0xDFFF, 0xDFFF, 0xDFFF, 0xFFFF, 0xFFFF, 0xFFFF, 0xFFFF, 0xFFFF, 0xFFFF, 0xFFFF, 0xFFFF, 0xFFFF,
  0xFFFF, 0xFFFF, 0xFFFF, 0xFFFF, 0xFFFF, 0xFFFF, 0xFFFF, 0xFFFF, 0xFFFF, 0xFFFF, 0xFFFF, 0xFFFF,
  0xFFFF, 0xFFFF, 0xFFFF, 0xFFFF, 0xC67A, 0xEFFE, 0x0255, 0x0015, 0x0015, 0x6397, 0xFFFF, 0xFFFF,
  0xFFFF, 0xFFFF, 0xFFFF, 0xFFFF, 0xFFFF, 0xFFFF, 0xFFFF, 0xFFFF, 0xFFFF, 0xFFFF, 0xFFFF, 0xFFFF,
  0xFFFF, 0xFFFF, 0xFFFF, 0xFFFF, 0xFFFF, 0xFFFF, 0xFFFF, 0xFFFF, 0xFDBB, 0xC000, 0xD0D6, 0xFFBF,
  0xFFFF, 0xFFFF, 0xDF7E, 0x253A, 0x661C, 0x671E, 0xBEDD, 0xA75D, 0x9E3B, 0x661C, 0x859B, 0x253A,
  0x07FF, 0x07DF, 0x0154, 0x00B6, 0x0157, 0x0157, 0x0157, 0x0157, 0x0157, 0x0157, 0x0157, 0x0157,
  0x0157, 0x0157, 0x0157, 0x0157, 0x0157, 0x0157, 0x0157, 0x0157, 0x0157, 0x0157, 0x0157, 0x0157,
  0x0157, 0x0157, 0x0157, 0x0157, 0x0157, 0x0157, 0x0157, 0x0157, 0x00F6, 0x0157, 0x00F6, 0x0157,
  0x0157, 0x00F6, 0x0157, 0x0157, 0x0157, 0x0157, 0x0157, 0x0157, 0x0157, 0x0157, 0x0157, 0x0157,
  0x0157, 0x0157, 0x0157, 0x0157, 0x0157, 0x0157, 0x0157, 0x0157, 0x0157, 0x0157, 0x0157, 0x0157,
  0x0197, 0x0157, 0x0197, 0x0157, 0x0157, 0x0157, 0x0157, 0x0157, 0x0157, 0x0197, 0x0157, 0x0157,
  0x0157, 0x0157, 0x0157, 0x0157, 0x0157, 0x0157, 0x0157, 0x0157, 0x0157, 0x00F6, 0x0157, 0x0157,
  0x0197, 0x0157, 0x00F6, 0x0157, 0x0157, 0x0157, 0x0157, 0x0157, 0x0157, 0x0197, 0x0157, 0x0157,
  0x0157, 0x0157, 0x0157, 0x0157, 0x0157, 0x00F6, 0x0157, 0x00F6, 0x0157, 0x00F6, 0x0157, 0x0157,
  0x0157, 0x0157, 0x0157, 0x0157, 0x0157, 0x0157, 0x0157, 0x0157, 0x00F6, 0x0157, 0x0157, 0x0157,
  0x0157, 0x0157, 0x00F6, 0x0157, 0x0157, 0x0157, 0x00F6, 0x0157, 0x0157, 0x00F6, 0x0157, 0x0157,
  0x00F6, 0x0157, 0x0157, 0x00F6, 0x0157, 0x0157, 0x00F6, 0x0157, 0x0157, 0x00F6, 0x0157, 0x0157,
  0x0157, 0x00F6, 0x0157, 0x0157, 0x00F6, 0x0157, 0x0157, 0x0157, 0x0157, 0x0157, 0x00F6, 0x0157,
  0x0157, 0x00F6, 0x0157, 0x00F6, 0x0157, 0x0157, 0x00F6, 0x0157, 0x0157, 0x00F6, 0x0197, 0x0157,
  0x00F6, 0x0197, 0x0157, 0x0157, 0x0157, 0x00F6, 0x0157, 0x0157, 0x0157, 0x0157, 0x0157, 0x00F6,
  0x0157, 0x0157, 0x00F6, 0x0157, 0x0157, 0x00F6, 0x0157, 0x00F6, 0x0157, 0x0157, 0x00F6, 0x0157,
  0x00F6, 0x0157, 0x00F6, 0x0157, 0x00F6, 0x0157, 0x0157, 0x00F6, 0x0157, 0x00F6, 0x0157, 0x00F6,
  0x0157, 0x00F6, 0x0157, 0x00F6, 0x0157, 0x0157, 0x0157, 0x00F6, 0xFFFF, 0xFFBF, 0x067F, 0x06FE,
  0x06FE, 0x071F, 0x06DF, 0x06BE, 0x06DF, 0x06DF, 0x06DF, 0x06BE, 0x06DF, 0x06FF, 0x06BF, 0x06FE,
  0x06FF, 0x06BF, 0x06FF, 0x06BF, 0x06FF, 0x06BE, 0x06FF, 0x06FF, 0x06FF, 0x06BE, 0xA75D, 0xF7FF,
  0xF7FF, 0xDFFF, 0xFFFF, 0xBEDD, 0x859B, 0xEFFE, 0xFFFF, 0xF7FF, 0xDFFF, 0xB7DF, 0xB7DF, 0xDFFF,
  0xFFFF, 0xFFFF, 0xFFFF, 0xFFFF, 0xFFFF, 0xFFFF, 0xFFFF, 0xFFFF, 0xFFFF, 0xFFFF, 0xFFFF, 0xFFFF,
  0xFFFF, 0xFFFF, 0xFFFF, 0xFFFF, 0xFFFF, 0xFFFF, 0xFFFF, 0xFFFF, 0xFFFF, 0xFFFF, 0xFFFF, 0xFFFF,
  0xC67A, 0x7C39, 0x859B, 0x0034, 0x00B7, 0x0015, 0x0217, 0xC67A, 0xFFFF, 0xFFFF, 0xFFFF, 0xFFFF,
  0xFFFF, 0xFFFF, 0xFFFF, 0xFFFF, 0xFFFF, 0xFFFF, 0xFFFF, 0xFFFF, 0xFFFF, 0xFFFF, 0xFFFF, 0xFFFF,
  0xFFFF, 0xFFFF, 0xFFFF, 0xFFBE, 0xFFBF, 0xFC7C, 0xD0D6, 0xFC7C, 0xFFBE, 0xFFFF, 0xFFFF, 0xC67A,
  0xB7DF, 0x6FDF, 0x07DF, 0x6FDF, 0xB7DF, 0xB7DF, 0xB7DF, 0x671E, 0x05FB, 0x07DF, 0x03D8, 0x0012,
  0x0158, 0x0157, 0x0157, 0x0157, 0x0157, 0x0157, 0x00F6, 0x0157, 0x00F6, 0x0157, 0x0157, 0x0157,
  0x0157, 0x0157, 0x0157, 0x0157, 0x0157, 0x0157, 0x0157, 0x0157, 0x0157, 0x0157, 0x0157, 0x0157,
  0x0157, 0x00F6, 0x0157, 0x0157, 0x0157, 0x0157, 0x0157, 0x0157, 0x0157, 0x0157, 0x00F6, 0x0157,
  0x0157, 0x00F6, 0x0157, 0x0157, 0x00F6, 0x0157, 0x0157, 0x0157, 0x0157, 0x0157, 0x0157, 0x0157,
  0x0157, 0x0157, 0x00F6, 0x0157, 0x0157, 0x00F6, 0x0157, 0x00F6, 0x0157, 0x0157, 0x00F6, 0x0157,
  0x0157, 0x0157, 0x0157, 0x0157, 0x0157, 0x00F6, 0x0157, 0x0157, 0x0157, 0x0157, 0x0157, 0x00F6,
  0x0157, 0x0157, 0x00F6, 0x0157, 0x0157, 0x0157, 0x0157, 0x00F6, 0x0157, 0x0157, 0x0157, 0x0157,
  0x00F6, 0x0157, 0x0157, 0x0157, 0x00F6, 0x0157, 0x00F6, 0x0157, 0x0157, 0x00F6, 0x0157, 0x0157,
  0x0157, 0x0157, 0x0157, 0x0157, 0x0157, 0x0157, 0x00F6, 0x0157, 0x00F6, 0x0157, 0x0157, 0x0157,
  0x0157, 0x00F6, 0x0157, 0x0157, 0x0157, 0x0157, 0x0157, 0x0157, 0x00F6, 0x0157, 0x0157, 0x0157,
  0x0157, 0x0157, 0x0157, 0x0157, 0x0157, 0x0157, 0x0157, 0x0157, 0x0157, 0x0157, 0x0157, 0x0157,
  0x0157, 0x0157, 0x0157, 0x0157, 0x0157, 0x0157, 0x0157, 0x00F6, 0x0157, 0x0157, 0x0157, 0x0157,
  0x0157, 0x00F6, 0x0157, 0x00F6, 0x0157, 0x0157, 0x0157, 0x0157, 0x0157, 0x0157, 0x0157, 0x0157,
  0x00F6, 0x0157, 0x0157, 0x0157, 0x0157, 0x0157, 0x00F6, 0x0157, 0x0157, 0x00F7, 0x0157, 0x0157,
  0x0157, 0x0157, 0x00F6, 0x0157, 0x00F6, 0x0157, 0x0157, 0x0157, 0x0157, 0x0157, 0x0157, 0x0157,
  0x0157, 0x0157, 0x0157, 0x0157, 0x00F6, 0x0157, 0x0157, 0x0157, 0x0157, 0x0157, 0x0157, 0x0157,
  0x0157, 0x0157, 0x0157, 0x0157, 0x0157, 0x0157, 0x0157, 0x0157, 0x0157, 0x0157, 0x0157, 0x0157,
  0x0157, 0x0157, 0x0157, 0x0157, 0xFFFF, 0xFFFF, 0x671E, 0x06BE, 0x06FF, 0x06DF, 0x06DF, 0x06DF,
  0x06DF, 0x06BE, 0x06DF, 0x06DF, 0x06DF, 0x06BF, 0x06FF, 0x06BF, 0x06FF, 0x06FF, 0x06FE, 0x06FF,
  0x06FF, 0x06FF, 0x06BF, 0x06FF, 0x06FF, 0x05DD, 0xA75D, 0xFFFF, 0xF7FF, 0xFFFF, 0xBEDD, 0x661C,
  0xF7FF, 0xFFFF, 0xFFFF, 0xDFFF, 0x9E3B, 0x9E3B, 0xA75D, 0xF7FF, 0xFFFF, 0xFFFF, 0xFFFF, 0xFFFF,
  0xFFFF, 0xFFFF, 0xFFFF, 0xFFFF, 0xFFFF, 0xFFFF, 0xFFFF, 0xFFFF, 0xFFFF, 0xFFFF, 0xFFFF, 0xFFFF,
  0xFFFF, 0xFFFF, 0xFFFF, 0xFFFF, 0xFFFF, 0xFFFF, 0xFFFF, 0xFFFF, 0xFFFF, 0x2A93, 0x0154, 0x01D8,
  0x00F6, 0x0157, 0x0015, 0x0015, 0x6397, 0xF7FF, 0xFFFF, 0xFFFF, 0xDEDB, 0xA596, 0xFFFF, 0xFFFF,
  0xFFFF, 0xFFFF, 0xFFFF, 0xFFFF, 0xFFFF, 0xFFFF, 0xFFFF, 0xFFFF, 0xFFFF, 0xFFFF, 0xFFFF, 0xFFFF,
  0xFFBE, 0xFF7D, 0xD0D6, 0xD0D6, 0xFDBB, 0xFFFF, 0xF7FF, 0xBEDD, 0x05FB, 0x07DF, 0x6FDF, 0xDFFF,
  0xB7DF, 0xB7DF, 0xB7DF, 0xB7DF, 0x671E, 0x05FB, 0x06BE, 0x0216, 0x0076, 0x00F7, 0x0157, 0x0157,
  0x00F6, 0x0157, 0x0157, 0x0157, 0x0157, 0x0157, 0x0157, 0x00F7, 0x0157, 0x0157, 0x0157, 0x0157,
  0x0157, 0x0157, 0x0157, 0x0157, 0x0157, 0x0157, 0x0157, 0x0157, 0x0157, 0x0157, 0x0157, 0x00F6,
  0x0157, 0x0157, 0x00F6, 0x0157, 0x00F6, 0x0157, 0x0157, 0x0157, 0x0157, 0x0157, 0x0157, 0x0157,
  0x0157, 0x00F6, 0x0157, 0x0157, 0x00F6, 0x0157, 0x00F7, 0x0157, 0x00F6, 0x0157, 0x0157, 0x00F6,
  0x0157, 0x0157, 0x0157, 0x0157, 0x00F6, 0x0157, 0x0157, 0x0157, 0x00F6, 0x0157, 0x0157, 0x00F6,
  0x0157, 0x0157, 0x0157, 0x0157, 0x0157, 0x00F6, 0x0157, 0x0157, 0x00F6, 0x0157, 0x0157, 0x0157,
  0x00F6, 0x0157, 0x0157, 0x0157, 0x0157, 0x00F6, 0x0157, 0x0157, 0x0157, 0x0157, 0x00F6, 0x0157,
  0x0157, 0x0157, 0x0157, 0x00F6, 0x0157, 0x0157, 0x0157, 0x00F6, 0x0157, 0x0157, 0x00F6, 0x0157,
  0x00F6, 0x0157, 0x0157, 0x0157, 0x0157, 0x0157, 0x0157, 0x00F6, 0x0157, 0x0157, 0x0157, 0x00F6,
  0x0157, 0x0157, 0x00F6, 0x0157, 0x0157, 0x0157, 0x0157, 0x0157, 0x00F6, 0x0157, 0x0157, 0x00F6,
  0x0157, 0x00F6, 0x0157, 0x00F6, 0x0157, 0x0157, 0x0157, 0x0157, 0x00F6, 0x0157, 0x0157, 0x00F6,
  0x0157, 0x0157, 0x0157, 0x0157, 0x0157, 0x0157, 0x00F6, 0x0157, 0x0157, 0x0157, 0x0157, 0x0157,
  0x0157, 0x0157, 0x00F6, 0x0157, 0x0157, 0x00F6, 0x0157, 0x0157, 0x0157, 0x0157, 0x0157, 0x00F6,
  0x0157, 0x0157, 0x0157, 0x0157, 0x0157, 0x00F7, 0x0157, 0x00F6, 0x0157, 0x0157, 0x0157, 0x0157,
  0x0157, 0x00F6, 0x0157, 0x0157, 0x0157, 0x00F6, 0x0157, 0x00F7, 0x0157, 0x00F6, 0x0157, 0x0157,
  0x0157, 0x0157, 0x00F6, 0x0157, 0x0157, 0x0157, 0x0157, 0x0157, 0x0157, 0x00F6, 0x0157, 0x0157,
  0x00F6, 0x0157, 0x0157, 0x00F6, 0x0157, 0x0157, 0x0157, 0x0157, 0x00F6, 0x0157, 0x00F7, 0x0157,
  0xFFFF, 0xFFFF, 0xCF3D, 0x065E, 0x06FF, 0x06DF, 0x06DF, 0x06DF, 0x06DF, 0x06DF, 0x06DF, 0x06BE,
  0x06DF, 0x06FF, 0x06BE, 0x06FF, 0x06FE, 0x06BF, 0x06FF, 0x06BF, 0x06FE, 0x06BF, 0x06FF, 0x06FF,
  0x06FF, 0x05DD, 0x671E, 0xFFFF, 0xFFFF, 0xEFFE, 0x9E3B, 0xEFBD, 0xFFFF, 0xFFFF, 0xFFFF, 0xFFFF,
  0xCF3D, 0xDF7E, 0xF7FF, 0xFFFF, 0xFFFF, 0xFFFF, 0xFFFF, 0xFFFF, 0xFFFF, 0xFFFF, 0xFFFF, 0xFFFF,
  0xFFFF, 0xFFFF, 0xFFFF, 0xFFFF, 0xFFFF, 0xFFFF, 0xFFFF, 0xFFFF, 0xFFFF, 0xFFFF, 0xFFFF, 0xFFFF,
  0xFFFF, 0xFFFF, 0xFFFF, 0xFFFF, 0xFFFF, 0xBDF8, 0x0012, 0x00F7, 0x00F7, 0x0157, 0x0157, 0x00B8,
  0x0012, 0x0217, 0xBEDD, 0xFFFF, 0xFFBE, 0x3B38, 0x29D5, 0xDF7E, 0xFFFF, 0xFFFF, 0xFFFF, 0xFFFF,
  0xFFFF, 0xFFFF, 0xFFFF, 0xFFFF, 0xFFFF, 0xFFFF, 0xFFFF, 0xFFFF, 0xFFFF, 0xFFBE, 0xFDBB, 0xC000,
  0xD0D6, 0xFDBB, 0xFFFF, 0xCF3D, 0x05FB, 0x6FDF, 0xFFFF, 0xFFFF, 0xFFFF, 0xFFFF, 0xF7FF, 0xF7FF,
  0xDFFF, 0x671E, 0x06BE, 0x02F7, 0x0034, 0x0158, 0x00F7, 0x0157, 0x0157, 0x0157, 0x0157, 0x00F6,
  0x0157, 0x0157, 0x00F7, 0x0157, 0x0157, 0x00F6, 0x0157, 0x00F7, 0x0157, 0x00F7, 0x0157, 0x00F6,
  0x0157, 0x00F7, 0x0157, 0x00F7, 0x0157, 0x00F7, 0x0157, 0x0157, 0x0157, 0x0157, 0x0157, 0x0157,
  0x0157, 0x0157, 0x0157, 0x0157, 0x00F7, 0x0157, 0x00F7, 0x0157, 0x00F7, 0x0157, 0x0157, 0x0157,
  0x0157, 0x0157, 0x00F6, 0x00F7, 0x00F7, 0x0157, 0x00F7, 0x0157, 0x0157, 0x00F6, 0x00F7, 0x0157,
  0x00F7, 0x0157, 0x00F7, 0x00F7, 0x00F7, 0x0157, 0x00F6, 0x00F7, 0x0157, 0x00F7, 0x00F6, 0x00F7,
  0x00F7, 0x0157, 0x0157, 0x00F7, 0x0157, 0x0157, 0x00F6, 0x00F7, 0x00F7, 0x0157, 0x00F6, 0x00F7,
  0x00F6, 0x0157, 0x0157, 0x00F6, 0x00F7, 0x0157, 0x00F7, 0x0157, 0x00F7, 0x00F7, 0x00F7, 0x0157,
  0x0157, 0x00F6, 0x00F6, 0x00F6, 0x0157, 0x00F6, 0x0157, 0x00F7, 0x0157, 0x0157, 0x00F6, 0x0157,
  0x00F6, 0x0157, 0x00F6, 0x00F7, 0x0157, 0x00F7, 0x00F6, 0x0157, 0x0157, 0x00F6, 0x00F7, 0x0157,
  0x00F7, 0x0157, 0x00F7, 0x0157, 0x00F7, 0x0157, 0x00F7, 0x0157, 0x0157, 0x0157, 0x0157, 0x0157,
  0x0157, 0x00F6, 0x00F7, 0x00F7, 0x0157, 0x00F7, 0x0157, 0x00F7, 0x0157, 0x00F7, 0x00F6, 0x0157,
  0x00F6, 0x00F7, 0x0157, 0x00F6, 0x00F7, 0x0157, 0x00F6, 0x00F7, 0x00F7, 0x00F6, 0x00F6, 0x0157,
  0x00F6, 0x0157, 0x0157, 0x00F6, 0x0157, 0x00F7, 0x00F7, 0x00F7, 0x0157, 0x00F7, 0x00F6, 0x00F7,
  0x00F7, 0x00F6, 0x0157, 0x00F7, 0x0157, 0x00F6, 0x00F7, 0x00F7, 0x00F7, 0x00F7, 0x0157, 0x00F7,
  0x00F6, 0x00F7, 0x0157, 0x00F7, 0x0157, 0x00F7, 0x0157, 0x00F6, 0x0157, 0x00F7, 0x0157, 0x0157,
  0x00F7, 0x00F6, 0x00F7, 0x00F6, 0x00F7, 0x00F7, 0x0157, 0x00F7, 0x0157, 0x0157, 0x00F7, 0x0157,
  0x0157, 0x00F6, 0x00F7, 0x00F6, 0x0157, 0x00F7, 0x0157, 0x00F7, 0xFFFF, 0xFFFF, 0xFFFF, 0x06DF,
  0x06BE, 0x06DF, 0x06DF, 0x06DF, 0x06DF, 0x06DF, 0x06DF, 0x06DF, 0x071F, 0x06FE, 0x06FF, 0x06FF,
  0x06BF, 0x06FF, 0x06FE, 0x06FF, 0x06BF, 0x06FF, 0x06FE, 0x06BF, 0x06FF, 0x05DD, 0x661C, 0xFFBF,
  0xFFFF, 0xDF7E, 0xDFFF, 0xFFFF, 0xFFFF, 0xFFFF, 0xFFFF, 0xFFFF, 0xFFFF, 0xFFFF, 0xFFFF, 0xFFFF,
  0xFFFF, 0xFFFF, 0xFFFF, 0xFFFF, 0xFFFF, 0xFFFF, 0xFFFF, 0xFFFF, 0xFFFF, 0xFFFF, 0xFFFF, 0xFFFF,
  0xFFFF, 0xFFFF, 0xFFFF, 0xFFFF, 0xFFFF, 0xFFFF, 0xFFFF, 0xFFFF, 0xFFFF, 0xFFFF, 0xFFFF, 0xFFFF,
  0xFFFF, 0xFFFF, 0x29D5, 0x0074, 0x0157, 0x0157, 0x00F7, 0x0157, 0x0158, 0x0016, 0x0034, 0x859B,
  0xFFFF, 0xFFFF, 0x0993, 0x0012, 0x7C39, 0xFFFF, 0xFFFF, 0xFFFF, 0xFFFF, 0xFFFF, 0xFFFF, 0xFFFF,
  0xFFFF, 0xFFFF, 0xFFFF, 0xFFFF, 0xFFFF, 0xFFFF, 0xF7FF, 0x859B, 0x90D6, 0xD0D6, 0xFDBB, 0xFFFF,
  0x859B, 0xCF3D, 0xFFFF, 0xFFFF, 0xFFFF, 0xFFFF, 0xFFFF, 0xFFFF, 0xFFFF, 0xFFFF, 0xDFFF, 0x253A,
  0x0074, 0x0076, 0x0157, 0x00F7, 0x0157, 0x0157, 0x00F7, 0x0157, 0x0157, 0x00F7, 0x0157, 0x0157,
  0x00F7, 0x0157, 0x0157, 0x00F6, 0x0157, 0x0157, 0x00F7, 0x0157, 0x0157, 0x0157, 0x00F7, 0x0157,
  0x00F7, 0x0157, 0x0157, 0x00F7, 0x0157, 0x00F7, 0x0157, 0x00F7, 0x0157, 0x00F7, 0x0157, 0x00F7,
  0x0157, 0x00F7, 0x0157, 0x00F7, 0x0157, 0x00F7, 0x00F6, 0x00F7, 0x00F7, 0x0157, 0x00F7, 0x0157,
  0x0157, 0x00F6, 0x0157, 0x00F7, 0x00F6, 0x0157, 0x0157, 0x00F7, 0x0157, 0x00F6, 0x0157, 0x0157,
  0x00F6, 0x0157, 0x00F7, 0x0157, 0x00F7, 0x00F6, 0x0157, 0x0157, 0x0157, 0x00F7, 0x00F6, 0x0157,
  0x00F7, 0x00F6, 0x0157, 0x00F7, 0x0157, 0x00F6, 0x0157, 0x0157, 0x0157, 0x00F7, 0x00F6, 0x0157,
  0x0157, 0x00F7, 0x0157, 0x00F7, 0x0157, 0x0157, 0x00F6, 0x0157, 0x00F7, 0x0157, 0x0157, 0x0157,
  0x00F7, 0x0157, 0x00F7, 0x0157, 0x00F6, 0x00F7, 0x0157, 0x00F7, 0x0157, 0x00F7, 0x0157, 0x0157,
  0x00F6, 0x0157, 0x0157, 0x00F7, 0x00F7, 0x0157, 0x0157, 0x00F7, 0x00F6, 0x0157, 0x00F7, 0x00F6,
  0x0157, 0x00F7, 0x00F6, 0x0157, 0x00F7, 0x00F6, 0x00F7, 0x00F7, 0x00F7, 0x0157, 0x00F7, 0x0157,
  0x00F6, 0x0157, 0x00F7, 0x0157, 0x00F7, 0x0157, 0x00F7, 0x00F7, 0x0157, 0x0157, 0x00F7, 0x0157,
  0x0157, 0x00F7, 0x0157, 0x0157, 0x00F6, 0x0157, 0x0157, 0x0157, 0x00F7, 0x00F7, 0x00F6, 0x0157,
  0x00F7, 0x0157, 0x0157, 0x0157, 0x00F6, 0x0157, 0x0157, 0x0157, 0x0157, 0x0157, 0x00F7, 0x0157,
  0x00F6, 0x0157, 0x0157, 0x0157, 0x0157, 0x0157, 0x00F7, 0x00F6, 0x0157, 0x0157, 0x00F7, 0x0157,
  0x00F7, 0x0157, 0x00F6, 0x0157, 0x00F7, 0x0157, 0x00F7, 0x00F7, 0x00F6, 0x0157, 0x0157, 0x00F7,
  0x0157, 0x0157, 0x00F7, 0x00F6, 0x0157, 0x00F6, 0x00F7, 0x0157, 0x00F7, 0x0157, 0x00F7, 0x0157,
  0x00F7, 0x00F6, 0x0157, 0x0157, 0xFFFF, 0xFFFF, 0xFFFF, 0x073E, 0x06BE, 0x06DF, 0x06DF, 0x06DF,
  0x06DF, 0x06DF, 0x06BE, 0x06DF, 0x071F, 0x06FF, 0x06BF, 0x06FF, 0x06FE, 0x06BF, 0x06FF, 0x06FF,
  0x06FE, 0x06BF, 0x06FF, 0x06FF, 0x06FF, 0x065E, 0x057F, 0xDFFF, 0xF7FF, 0xDFFF, 0xFFFF, 0xFFFF,
  0xFFFF, 0xFFFF, 0xFFFF, 0xFFFF, 0xFFFF, 0xFFFF, 0xFFFF, 0xFFFF, 0xFFFF, 0xFFFF, 0xFFFF, 0xFFFF,
  0xFFFF, 0xFFFF, 0xFFFF, 0xFFFF, 0xFFFF, 0xFFFF, 0xFFFF, 0xFFFF, 0xFFFF, 0xFFFF, 0xFFFF, 0xFFFF,
  0xFFFF, 0xFFFF, 0xFFFF, 0xFFFF, 0xFFFF, 0xFFFF, 0xFFFF, 0xFFFF, 0xFFFF, 0xFFFF, 0x859B, 0x0015,
  0x00F8, 0x0157, 0x0157, 0x00F7, 0x00F7, 0x0157, 0x0036, 0x0015, 0x7CDA, 0xFFFF, 0xFFFF, 0x0012,
  0x0012, 0x4A56, 0xCF3D, 0xFFFF, 0xFFFF, 0xFFFF, 0xFFFF, 0xFFFF, 0xFFFF, 0xFFFF, 0xFFFF, 0xFFFF,
  0xFFFF, 0xFFFF, 0xFFFF, 0xC67A, 0x0012, 0x5816, 0xD0D6, 0xFF7D, 0xB7DF, 0x9E3B, 0xFFFF, 0xFFFF,
  0xFFFF, 0xFFFF, 0xFFFF, 0xDF7E, 0xCF3D, 0xDEDB, 0xDF7E, 0xB7DF, 0x253A, 0x00B6, 0x00B6, 0x00F7,
  0x00F7, 0x0157, 0x0157, 0x00F7, 0x0157, 0x0157, 0x00F7, 0x00F6, 0x0157, 0x00F7, 0x0157, 0x0157,
  0x0157, 0x0157, 0x0157, 0x00F7, 0x0157, 0x0157, 0x0157, 0x0157, 0x00F7, 0x00F7, 0x0157, 0x00F7,
  0x00F7, 0x0157, 0x00F7, 0x0157, 0x00F7, 0x0157, 0x00F7, 0x0157, 0x00F7, 0x00F6, 0x0157, 0x00F6,
  0x00F7, 0x0157, 0x00F7, 0x0157, 0x00F6, 0x0157, 0x00F7, 0x00F6, 0x00F7, 0x0157, 0x00F7, 0x0157,
  0x00F7, 0x00F7, 0x00F7, 0x00F6, 0x0157, 0x00F7, 0x00F7, 0x00F6, 0x0157, 0x00F7, 0x0157, 0x00F6,
  0x0157, 0x0157, 0x00F7, 0x00F7, 0x00F6, 0x0157, 0x00F7, 0x00F7, 0x0157, 0x00F7, 0x0157, 0x00F7,
  0x00F6, 0x0157, 0x00F7, 0x00F7, 0x00F6, 0x0157, 0x00F7, 0x00F7, 0x00F7, 0x0157, 0x00F7, 0x0157,
  0x00F7, 0x00F7, 0x0157, 0x00F7, 0x0157, 0x00F7, 0x00F7, 0x0157, 0x00F7, 0x0157, 0x00F7, 0x00F7,
  0x0157, 0x00F7, 0x00F6, 0x0157, 0x00F7, 0x00F6, 0x00F7, 0x00F7, 0x0157, 0x00F7, 0x00F6, 0x0157,
  0x00F6, 0x00F7, 0x00F7, 0x0157, 0x0157, 0x00F7, 0x0157, 0x0157, 0x00F7, 0x0157, 0x0157, 0x00F7,
  0x0157, 0x00F7, 0x0157, 0x00F7, 0x0157, 0x00F7, 0x0157, 0x00F7, 0x0157, 0x00F7, 0x00F6, 0x0157,
  0x00F7, 0x0157, 0x0157, 0x00F6, 0x00F7, 0x0157, 0x00F6, 0x00F7, 0x00F7, 0x0157, 0x00F6, 0x00F7,
  0x0157, 0x0157, 0x00F7, 0x00F6, 0x0157, 0x0157, 0x00F7, 0x00F7, 0x0157, 0x00F7, 0x00F7, 0x00F7,
  0x0157, 0x00F7, 0x00F7, 0x00F7, 0x00F7, 0x00F7, 0x0157, 0x00F7, 0x0157, 0x00F7, 0x00F7, 0x00F7,
  0x00F7, 0x00F7, 0x0157, 0x0157, 0x00F7, 0x00F7, 0x0157, 0x00F7, 0x0157, 0x00F7, 0x0157, 0x00F7,
  0x0157, 0x00F7, 0x0157, 0x0157, 0x00F7, 0x00F7, 0x0157, 0x00F7, 0x00F7, 0x00F7, 0x0157, 0x0157,
  0x00F7, 0x0157, 0x00F7, 0x00F7, 0x0157, 0x00F7, 0x0157, 0x00F7, 0x0157, 0x0157, 0x00F7, 0x00F7,
  0xFFFF, 0xFFFF, 0xFFFF, 0xA75D, 0x067F, 0x06DF, 0x06DF, 0x06DF, 0x06DF, 0x06DF, 0x075F, 0x06BE,
  0x065F, 0x06BE, 0x06FF, 0x06BF, 0x06BF, 0x06FE, 0x06BF, 0x06BF, 0x06FF, 0x06FE, 0x06FF, 0x06FF,
  0x06FF, 0x06FE, 0x05DD, 0x671E, 0xFFFF, 0xFFFF, 0xFFFF, 0xFFFF, 0xFFFF, 0xFFFF, 0xFFFF, 0xFFFF,
  0xFFFF, 0xFFFF, 0xFFFF, 0xFFFF, 0xFFFF, 0xFFFF, 0xFFFF, 0xFFFF, 0xFFFF, 0xFFFF, 0xFFFF, 0xFFFF,
  0xFFFF, 0xFFFF, 0xFFFF, 0xFFFF, 0xFFFF, 0xFFFF, 0xFFFF, 0xFFFF, 0xFFFF, 0xFFFF, 0xFFFF, 0xFFFF,
  0xFFFF, 0xFFFF, 0xFFFF, 0xFFFF, 0xFFFF, 0xFFFF, 0xDEDB, 0x00D3, 0x00B7, 0x00F8, 0x00F7, 0x00F7,
  0x0158, 0x00F7, 0x0158, 0x0077, 0x0015, 0x1A97, 0xFFFF, 0x859B, 0x0012, 0x0015, 0x5816, 0xFDBB,
  0xFFFF, 0xFFFF, 0xFFFF, 0xFFFF, 0xFFFF, 0xFFFF, 0xFFFF, 0xFFFF, 0xFFFF, 0xFFFF, 0xFFFF, 0xF7FF,
  0x6397, 0x0012, 0x0015, 0x29D5, 0xDFFF, 0xBEDD, 0xFFFF, 0xFFFF, 0xCF3D, 0x859B, 0x7C39, 0x7CDA,
  0x7CDA, 0x859B, 0x859B, 0x859B, 0x859B, 0x2BF8, 0x0154, 0x0034, 0x00B6, 0x00F8, 0x0157, 0x00F7,
  0x00F7, 0x00F7, 0x0157, 0x0157, 0x00F7, 0x0157, 0x00F7, 0x00F7, 0x00F7, 0x00F7, 0x00F7, 0x0157,
  0x00F7, 0x00F7, 0x00F7, 0x00F7, 0x0157, 0x00F7, 0x00F7, 0x0157, 0x00F7, 0x00F7, 0x00F7, 0x00F7,
  0x00F7, 0x00F7, 0x00F7, 0x00F7, 0x0157, 0x00F7, 0x00F7, 0x0157, 0x00F7, 0x00F7, 0x00F7, 0x0157,
  0x00F7, 0x00F7, 0x00F7, 0x0157, 0x00F7, 0x00F7, 0x00F6, 0x00F7, 0x0157, 0x00F7, 0x0157, 0x00F7,
  0x00F7, 0x0157, 0x00F7, 0x0157, 0x00F7, 0x00F7, 0x00F7, 0x00F7, 0x00F7, 0x00F7, 0x00F7, 0x00F7,
  0x0157, 0x00F7, 0x0157, 0x00F6, 0x00F7, 0x00F7, 0x00F7, 0x0157, 0x00F7, 0x00F7, 0x00F7, 0x00F7,
  0x0157, 0x00F7, 0x00F7, 0x0157, 0x00F7, 0x00F7, 0x00F7, 0x00F7, 0x00F7, 0x00F7, 0x00F7, 0x00F7,
  0x00F6, 0x0157, 0x00F7, 0x00F7, 0x00F7, 0x00F7, 0x0157, 0x00F7, 0x00F7, 0x0157, 0x00F7, 0x00F7,
  0x00F7, 0x0157, 0x0157, 0x00F7, 0x00F7, 0x00F7, 0x00F7, 0x00F7, 0x00F7, 0x0157, 0x00F6, 0x00F7,
  0x00F7, 0x00F6, 0x00F7, 0x00F7, 0x00F7, 0x00F7, 0x00F7, 0x00F7, 0x00F7, 0x00F7, 0x00F7, 0x00F7,
  0x00F7, 0x00F7, 0x00F7, 0x00F7, 0x00F7, 0x00F7, 0x0157, 0x00F7, 0x00F7, 0x00F7, 0x00F6, 0x0157,
  0x00F7, 0x00F7, 0x00F7, 0x0157, 0x00F6, 0x00F7, 0x00F7, 0x00F7, 0x00F7, 0x00F7, 0x0157, 0x00F7,
  0x00F7, 0x00F7, 0x0157, 0x00F7, 0x00F7, 0x00F7, 0x0157, 0x00F7, 0x00F7, 0x00F7, 0x00F7, 0x00F7,
  0x0157, 0x00F7, 0x00F7, 0x00F7, 0x00F7, 0x00F7, 0x00F7, 0x00F7, 0x0157, 0x00F7, 0x00F7, 0x00F7,
  0x0157, 0x00F7, 0x00F7, 0x00F7, 0x00F7, 0x00F7, 0x00F7, 0x00F7, 0x00F7, 0x00F7, 0x00F7, 0x00F7,
  0x0157, 0x00F7, 0x00F6, 0x00F7, 0x0157, 0x00F7, 0x00F7, 0x00F7, 0x00F7, 0x00F7, 0x0157, 0x00F7,
  0x00F7, 0x00F7, 0x00F7, 0x00F6, 0x00F7, 0x00F7, 0x0157, 0x00F7, 0xFFFF, 0xFFFF, 0xFFFF, 0xEFFE,
  0x06BE, 0x071F, 0x06DF, 0x06DF, 0x06DF, 0x06DF, 0x06DF, 0x075F, 0x065F, 0x04DD, 0x06FF, 0x06FF,
  0x06FF, 0x06BF, 0x06FE, 0x06FF, 0x06BF, 0x06FF, 0x06BF, 0x06BF, 0x06FE, 0x06FF, 0x065E, 0x05FB,
  0xF7FF, 0xFFFF, 0xFFFF, 0xFFFF, 0xFFFF, 0xFFFF, 0xFFFF, 0xFFFF, 0xFFFF, 0xFFFF, 0xFFFF, 0xFFFF,
  0xFFFF, 0xFFFF, 0xFFFF, 0xFFFF, 0xFFFF, 0xFFFF, 0xFFFF, 0xFFFF, 0xFFFF, 0xFFFF, 0xFFFF, 0xFFFF,
  0xFFFF, 0xFFFF, 0xFFFF, 0xFFFF, 0xFFFF, 0xFFFF, 0xFFFF, 0xFFFF, 0xFFFF, 0xFFFF, 0xFFFF, 0xFFFF,
  0xFFFF, 0xFFFF, 0xEFFE, 0x0993, 0x0036, 0x0157, 0x00F7, 0x0157, 0x00F7, 0x00F7, 0x00F7, 0x0157,
  0x00B7, 0x0015, 0x0217, 0xBEDD, 0x02B7, 0x0036, 0x90D6, 0xD0D6, 0xFC7C, 0xFFFF, 0xFFFF, 0xFFFF,
  0xFFFF, 0xFFFF, 0xFFFF, 0xFFFF, 0xFFFF, 0xFFFF, 0xFFFF, 0xFFFF, 0xEFFE, 0x0993, 0x0016, 0x0016,
  0x2BF8, 0xCF3D, 0x9E3B, 0x859B, 0x7C39, 0x859B, 0xCF3D, 0xE7BE, 0xFFFF, 0xFFFF, 0xF7FF, 0xDF7E,
  0xDF7E, 0xBEDD, 0x7CDA, 0x0377, 0x00F6, 0x0034, 0x00B6, 0x00F7, 0x0157, 0x00F7, 0x00F7, 0x00F7,
  0x00F7, 0x0157, 0x00F7, 0x0157, 0x0157, 0x00F7, 0x0157, 0x00F7, 0x00F7, 0x0157, 0x00F7, 0x0157,
  0x00F7, 0x00F7, 0x00F7, 0x00F7, 0x00F7, 0x00F7, 0x00F7, 0x00F7, 0x00F7, 0x00F7, 0x00F7, 0x00F7,
  0x00F7, 0x00F7, 0x00F7, 0x00F7, 0x00F6, 0x0157, 0x00F7, 0x00F7, 0x00F7, 0x0157, 0x00F7, 0x00F7,
  0x00F7, 0x00F7, 0x00F7, 0x00F7, 0x00F7, 0x00F7, 0x00F7, 0x00F7, 0x00F7, 0x00F7, 0x00F7, 0x00F7,
  0x00F7, 0x00F7, 0x0157, 0x00F7, 0x00F7, 0x00F7, 0x00F7, 0x0157, 0x00F7, 0x00F7, 0x00F7, 0x00F7,
  0x00F7, 0x00F7, 0x00F7, 0x00F7, 0x00F7, 0x00F7, 0x00F7, 0x00F7, 0x00F7, 0x00F7, 0x0157, 0x00F7,
  0x00F7, 0x00F7, 0x00F7, 0x00F7, 0x00F6, 0x0157, 0x00F7, 0x00F7, 0x00F7, 0x00F7, 0x00F7, 0x00F7,
  0x00F7, 0x00F7, 0x00F7, 0x00F7, 0x00F7, 0x00F7, 0x00F7, 0x0157, 0x00F7, 0x00F7, 0x00F7, 0x00F7,
  0x0157, 0x00F7, 0x00F7, 0x0157, 0x00F7, 0x00F7, 0x00F7, 0x0157, 0x00F7, 0x00F7, 0x0157, 0x00F7,
  0x00F7, 0x0157, 0x00F7, 0x00F7, 0x0157, 0x00F6, 0x00F7, 0x0157, 0x00F7, 0x0157, 0x00F6, 0x00F7,
  0x0157, 0x00F7, 0x00F7, 0x00F7, 0x00F7, 0x00F7, 0x00F7, 0x00F7, 0x00F6, 0x00F7, 0x0157, 0x00F6,
  0x00F7, 0x0157, 0x00F7, 0x0157, 0x00F7, 0x00F7, 0x00F7, 0x00F7, 0x00F6, 0x00F7, 0x00F7, 0x00F7,
  0x00F7, 0x00F7, 0x00F7, 0x00F7, 0x00F7, 0x00F7, 0x00F7, 0x0157, 0x00F7, 0x00F7, 0x00F6, 0x00F7,
  0x00F7, 0x00F7, 0x00F7, 0x0157, 0x00F7, 0x00F7, 0x00F7, 0x00F7, 0x00F7, 0x00F6, 0x00F7, 0x00F7,
  0x00F6, 0x00F7, 0x00F7, 0x00F7, 0x00F7, 0x00F7, 0x00F7, 0x00F7, 0x00F7, 0x00F7, 0x00F7, 0x00F7,
  0x00F7, 0x00F7, 0x00F7, 0x00F7, 0x00F7, 0x00F7, 0x00F7, 0x00F7, 0x00F7, 0x00F7, 0x00F7, 0x00F7,
  0x00F7, 0x00F7, 0x00F7, 0x00F7, 0xFFFF, 0xFFFF, 0xFFFF, 0xFFFF, 0x671E, 0x065F, 0x06DF, 0x06DF,
  0x06DF, 0x06DF, 0x06DF, 0x06DF, 0x075F, 0x0378, 0x04DD, 0x07BF, 0x06BE, 0x06FF, 0x06FF, 0x06BF,
  0x06FF, 0x06FE, 0x06BF, 0x06FF, 0x06FF, 0x06FF, 0x06BD, 0x022E, 0x2BF8, 0xE7BE, 0xFFFF, 0xFFFF,
  0xFFFF, 0xFFFF, 0xFFFF, 0xFFFF, 0xFFFF, 0xFFFF, 0xFFFF, 0xFFFF, 0xFFFF, 0xFFFF, 0xFFFF, 0xFFFF,
  0xFFFF, 0xFFFF, 0xFFFF, 0xFFFF, 0xFFFF, 0xFFFF, 0xFFFF, 0xFFFF, 0xFFFF, 0xFFFF, 0xFFFF, 0xFFFF,
  0xFFFF, 0xFFFF, 0xFFFF, 0xFFFF, 0xFFFF, 0xFFFF, 0xFFFF, 0xFFFF, 0xFFFF, 0xFFFF, 0xFFFF, 0x6397,
  0x0015, 0x00F7, 0x00F7, 0x00F7, 0x00F7, 0x00F7, 0x0158, 0x00F7, 0x00F7, 0x0158, 0x0016, 0x0156,
  0x0339, 0x48D7, 0xD0D6, 0xD0D6, 0xD0D6, 0xD0D6, 0xEFBD, 0xFFFF, 0xFFFF, 0xFFFF, 0xFFFF, 0xFFFF,
  0xFFFF, 0xFFFF, 0xFFFF, 0xFFFF, 0xFFFF, 0xDF7E, 0x0012, 0x0036, 0x0036, 0x1A97, 0x7CDA, 0xC67A,
  0xF7FF, 0xFFFF, 0xFFFF, 0xFFFF, 0xFFFF, 0xFFFF, 0xFFFF, 0xFFFF, 0xFFFF, 0xFFFF, 0xFFFF, 0xFFFF,
  0x9E3B, 0x3B38, 0x0074, 0x0076, 0x00F7, 0x00F7, 0x0157, 0x00F7, 0x00F7, 0x00F7, 0x00F7, 0x00F7,
  0x00F7, 0x00F7, 0x00F7, 0x00F7, 0x00F7, 0x00F7, 0x00F7, 0x00F7, 0x00F7, 0x00F7, 0x00F7, 0x00F7,
  0x00F7, 0x00F7, 0x00F7, 0x00F7, 0x00F7, 0x00F7, 0x00F7, 0x00F7, 0x00F7, 0x00F6, 0x00F7, 0x00F7,
  0x00F7, 0x00F7, 0x00F6, 0x00F7, 0x00F7, 0x00F6, 0x00F7, 0x00F7, 0x00F6, 0x00F7, 0x00F7, 0x00F7,
  0x00F6, 0x00F7, 0x00F7, 0x00F6, 0x00F7, 0x00F7, 0x00F6, 0x00F7, 0x00F7, 0x00F6, 0x00F7, 0x00F7,
  0x00F6, 0x00F7, 0x00F7, 0x00F6, 0x00F7, 0x00F7, 0x00F7, 0x00F7, 0x00F6, 0x00F7, 0x00F7, 0x00F6,
  0x00F7, 0x00F7, 0x00F6, 0x00F7, 0x00F7, 0x00F7, 0x00F7, 0x00F7, 0x00F6, 0x00F7, 0x00F7, 0x00F7,
  0x00F7, 0x00F7, 0x00F6, 0x00F7, 0x00F7, 0x00F7, 0x00F6, 0x00F7, 0x00F7, 0x00F6, 0x00F7, 0x00F7,
  0x00F6, 0x00F7, 0x00F7, 0x00F6, 0x00F7, 0x0157, 0x00F6, 0x00F7, 0x00F7, 0x00F6, 0x00F7, 0x00F7,
  0x00F7, 0x00F7, 0x00F7, 0x00F7, 0x00F7, 0x0157, 0x00F7, 0x00F6, 0x00F7, 0x00F7, 0x00F6, 0x00F7,
  0x00F7, 0x00F7, 0x00F7, 0x00F6, 0x00F7, 0x00F7, 0x00F7, 0x00F7, 0x00F6, 0x00F7, 0x00F7, 0x00F7,
  0x00F7, 0x00F6, 0x00F7, 0x00F6, 0x0157, 0x00F7, 0x00F6, 0x00F7, 0x00F6, 0x00F7, 0x00F7, 0x00F6,
  0x00F7, 0x00F7, 0x00F6, 0x00F7, 0x00F7, 0x00F7, 0x00F7, 0x00F6, 0x00F7, 0x00F7, 0x00F6, 0x00F7,
  0x00F7, 0x00F6, 0x00F7, 0x00F7, 0x00F6, 0x00F7, 0x00F7, 0x00F7, 0x00F7, 0x00F6, 0x00F7, 0x00F7,
  0x00F6, 0x00F7, 0x00F7, 0x00F6, 0x00F7, 0x00F7, 0x00F7, 0x00F6, 0x00F7, 0x00F7, 0x00F7, 0x00F6,
  0x00F7, 0x00F7, 0x00F6, 0x00F7, 0x00F7, 0x00F7, 0x00F7, 0x00F6, 0x00F7, 0x00F7, 0x00F6, 0x00F7,
  0x00F7, 0x00F6, 0x00F7, 0x00F7, 0x00F7, 0x00F7, 0x00F7, 0x00F7, 0x00F7, 0x00F6, 0x00F7, 0x00F7,
  0xF7FF, 0xFFFF, 0xFFFF, 0xFFFF, 0xA75D, 0x06DF, 0x06DF, 0x06DF, 0x06DF, 0x06DF, 0x06DF, 0x06DF,
  0x07DF, 0x0378, 0x01B4, 0x075F, 0x06FF, 0x06FF, 0x06BF, 0x06FF, 0x06FE, 0x06FF, 0x06FF, 0x06BE,
  0x06FF, 0x06FF, 0x077F, 0x022E, 0x0993, 0x3D7F, 0xCF3D, 0xFFFF, 0xFFFF, 0xFFFF, 0xFFFF, 0xFFFF,
  0xFFFF, 0xFFFF, 0xFFFF, 0xFFFF, 0xFFFF, 0xFFFF, 0xFFFF, 0xFFFF, 0xFFFF, 0xFFFF, 0xFFFF, 0xFFFF,
  0xFFFF, 0xFFFF, 0xFFFF, 0xFFFF, 0xFFFF, 0xFFFF, 0xFFFF, 0xFFFF, 0xFFFF, 0xFFFF, 0xFFFF, 0xFFFF,
  0xFFFF, 0xFFFF, 0xFFFF, 0xFFFF, 0xFFFF, 0xFFFF, 0xFFFF, 0xC67A, 0x0034, 0x00F7, 0x00F7, 0x00F7,
  0x00F7, 0x00F7, 0x00F7, 0x00F7, 0x00F7, 0x00F7, 0x00F8, 0x0077, 0x0074, 0x90D6, 0xD0D6, 0xD0D6,
  0xD0D6, 0x90D6, 0xD0D6, 0xFDBB, 0xFFFF, 0xFFFF, 0xC67A, 0xEFBF, 0xFFFF, 0xFFFF, 0xFFFF, 0xFFFF,
  0xFFFF, 0xFFFF, 0x7CDA, 0x0012, 0x0017, 0x0015, 0x9E3B, 0xFFFF, 0xFFFF, 0xFFFF, 0xFFFF, 0xFFFF,
  0xFFFF, 0xFFFF, 0xFFFF, 0xFFFF, 0xFFFF, 0xFFFF, 0xFFFF, 0xFFFF, 0xFFFF, 0xF7FF, 0x2C79, 0x00D3,
  0x0076, 0x00F7, 0x00F7, 0x00F7, 0x00F7, 0x00F7, 0x00F7, 0x00F7, 0x00F7, 0x00F7, 0x00F7, 0x0157,
  0x00F7, 0x00F7, 0x00F7, 0x00F7, 0x00F7, 0x00F7, 0x00F7, 0x00F6, 0x00F7, 0x00F7, 0x00F6, 0x00F7,
  0x00F7, 0x00F7, 0x00F7, 0x00F7, 0x00F7, 0x00F7, 0x00F7, 0x00F7, 0x00F7, 0x00F7, 0x00F7, 0x00F7,
  0x00F7, 0x00F7, 0x00F7, 0x00F7, 0x00F7, 0x00F7, 0x00F7, 0x00F7, 0x00F7, 0x00F7, 0x00F6, 0x00F7,
  0x00F7, 0x00F7, 0x00F7, 0x00F7, 0x00F6, 0x00F7, 0x00F7, 0x00F7, 0x00F7, 0x00F7, 0x00F7, 0x00F7,
  0x00F7, 0x00F7, 0x00F6, 0x00F7, 0x00F7, 0x00F7, 0x00F7, 0x00F7, 0x00F7, 0x00F7, 0x00F7, 0x00F7,
  0x00F7, 0x00F7, 0x00F7, 0x00F7, 0x00F7, 0x00F7, 0x00F7, 0x00F6, 0x00F7, 0x00F7, 0x00F7, 0x00F7,
  0x00F7, 0x00F7, 0x00F7, 0x00F7, 0x00F7, 0x00F7, 0x00F7, 0x00F7, 0x00F7, 0x00F7, 0x00F6, 0x00F7,
  0x00F7, 0x00F7, 0x00F7, 0x00F7, 0x00F6, 0x00F7, 0x00F7, 0x00F7, 0x00F7, 0x00F7, 0x00F7, 0x00F7,
  0x00F7, 0x00F7, 0x00F6, 0x00F7, 0x00F7, 0x00F7, 0x00F7, 0x00F7, 0x00F6, 0x00F7, 0x00F7, 0x00F7,
  0x00F7, 0x00F7, 0x00F6, 0x00F7, 0x00F7, 0x00F7, 0x00F7, 0x00F6, 0x00F7, 0x00F7, 0x00F6, 0x0157,
  0x00F6, 0x00F7, 0x00F7, 0x00F6, 0x0157, 0x00F7, 0x00F6, 0x00F7, 0x00F7, 0x00F7, 0x00F7, 0x00F7,
  0x00F7, 0x00F7, 0x00F6, 0x00F7, 0x00F7, 0x00F7, 0x00F7, 0x00F7, 0x00F6, 0x00F7, 0x00F7, 0x00F7,
  0x00F7, 0x00F7, 0x00F7, 0x00F7, 0x00F6, 0x00F7, 0x00F7, 0x00F7, 0x00F7, 0x00F7, 0x00F6, 0x00F7,
  0x00F7, 0x00F7, 0x00F6, 0x00F7, 0x00F7, 0x00F7, 0x00F7, 0x00F7, 0x00F7, 0x00F7, 0x00F7, 0x00F7,
  0x00F6, 0x00F7, 0x00F7, 0x00F7, 0x00F7, 0x00F6, 0x00F7, 0x00F7, 0x00F7, 0x00F7, 0x00F7, 0x00F7,
  0x00F6, 0x00F7, 0x00F7, 0x00F6, 0x00F7, 0x00F7, 0x00F7, 0x00F7, 0x075F, 0xB7DF, 0xFFFF, 0xFFFF,
  0xFFFF, 0x06BE, 0x06DF, 0x06DF, 0x06DF, 0x06DF, 0x06DF, 0x06DF, 0x07DF, 0x041A, 0x0012, 0x053E,
  0x07BF, 0x06BE, 0x06FF, 0x06FF, 0x06BF, 0x06FF, 0x06BF, 0x06FF, 0x06FF, 0x06FF, 0x075F, 0x043C,
  0x0993, 0x661C, 0x253A, 0x9E3B, 0xFFFF, 0xFFFF, 0xFFFF, 0xFFFF, 0xFFFF, 0xFFFF, 0xFFFF, 0xFFFF,
  0xFFFF, 0xFFFF, 0xFFFF, 0xFFFF, 0xFFFF, 0xFFFF, 0xFFFF, 0xFFFF, 0xFFFF, 0xFFFF, 0xFFFF, 0xFFFF,
  0xFFFF, 0xFFFF, 0xFFFF, 0xFFFF, 0xFFFF, 0xFFFF, 0xFFFF, 0xFFFF, 0xFFFF, 0xFFFF, 0xEF5D, 0xEF5D,
  0xFFFF, 0xFFFF, 0xFFFF, 0xFFFF, 0x0154, 0x0017, 0x00F7, 0x00F7, 0x00F7, 0x00F7, 0x00F7, 0x00F7,
  0x00F7, 0x00F7, 0x00F7, 0x00B8, 0x0217, 0xD0D6, 0xD0D6, 0xD0D6, 0xD0D6, 0xD0D6, 0xD0D6, 0xD0D6,
  0x7C39, 0xFFFF, 0xFF7D, 0x6397, 0xC67A, 0xFFFF, 0xFFFF, 0xFFFF, 0xFFFF, 0xFFFF, 0xEFFE, 0x01B4,
  0x0015, 0x1915, 0xCF3D, 0xFFFF, 0xFFFF, 0xFFFF, 0xFFFF, 0xFFBE, 0xDEDB, 0xC67A, 0xC67A, 0xC67A,
  0xC67A, 0xDEDB, 0xFFFF, 0xFFFF, 0xFFFF, 0xFFFF, 0xFFFF, 0x859B, 0x0154, 0x0036, 0x0157, 0x00F7,
  0x00F7, 0x00F6, 0x00F7, 0x00F6, 0x00F7, 0x00F6, 0x00F7, 0x00F6, 0x00F7, 0x00F6, 0x00F7, 0x00F6,
  0x00F7, 0x00F7, 0x00F7, 0x00F7, 0x00F7, 0x00F7, 0x00F7, 0x00F7, 0x00F7, 0x00F7, 0x00F7, 0x00F7,
  0x00F6, 0x00F7, 0x00F7, 0x00F7, 0x00F7, 0x00F7, 0x00F7, 0x00F7, 0x00F7, 0x00F7, 0x00F7, 0x00F7,
  0x00F7, 0x00F7, 0x00F7, 0x00F7, 0x00F7, 0x00F7, 0x00F7, 0x00F7, 0x00F7, 0x00F7, 0x00F7, 0x00F7,
  0x00F7, 0x00F7, 0x00F7, 0x00F7, 0x00F7, 0x00F7, 0x00F7, 0x00F7, 0x00F7, 0x00F7, 0x00F7, 0x00F7,
  0x00F7, 0x00F7, 0x00F7, 0x00F7, 0x00F7, 0x00F7, 0x00F7, 0x00F7, 0x00F7, 0x00F7, 0x00F7, 0x00F7,
  0x00F7, 0x00F7, 0x00F7, 0x00F7, 0x00F7, 0x00F7, 0x00F7, 0x00F7, 0x00F7, 0x00F7, 0x00F7, 0x00F7,
  0x00F7, 0x00F7, 0x00F7, 0x00F6, 0x00F7, 0x00F7, 0x00F7, 0x00F7, 0x00F7, 0x00F7, 0x00F7, 0x00F7,
  0x00F7, 0x00F7, 0x00F7, 0x00F7, 0x00F7, 0x00F7, 0x00F6, 0x00F7, 0x00F7, 0x00F7, 0x00F7, 0x00F7,
  0x00F7, 0x00F6, 0x00F7, 0x00F7, 0x00F7, 0x00F7, 0x00F7, 0x00F7, 0x00F7, 0x00F7, 0x00F7, 0x00F7,
  0x00F7, 0x00F7, 0x00F7, 0x00F7, 0x00F7, 0x00F7, 0x00F7, 0x00F7, 0x00F7, 0x00F7, 0x00F7, 0x00F7,
  0x00F7, 0x00F7, 0x00F7, 0x00F7, 0x00F7, 0x00F7, 0x00F6, 0x00F7, 0x00F7, 0x00F7, 0x00F7, 0x00F7,
  0x00F7, 0x00F6, 0x00F7, 0x00F7, 0x00F7, 0x00F7, 0x00F7, 0x00F7, 0x00F6, 0x00F7, 0x00F7, 0x00F7,
  0x00F7, 0x00F7, 0x00F7, 0x00F6, 0x00F7, 0x00F7, 0x00F7, 0x00F7, 0x00F7, 0x00F7, 0x00F7, 0x00F7,
  0x00F7, 0x00F7, 0x00F7, 0x00F7, 0x00F7, 0x00F6, 0x00F7, 0x00F7, 0x00F7, 0x00F7, 0x00F7, 0x00F7,
  0x00F7, 0x00F7, 0x00F7, 0x00F7, 0x00F7, 0x00F7, 0x00F7, 0x00F7, 0x00F7, 0x00F7, 0x00F7, 0x00F7,
  0x00F7, 0x00F7, 0x00F7, 0x00F7, 0x06BD, 0x06DF, 0xB7DF, 0xFFFF, 0xFFFF, 0x073E, 0x065F, 0x06DF,
  0x06DF, 0x06DF, 0x06DF, 0x06DF, 0x075F, 0x05DD, 0x0012, 0x0258, 0x07BF, 0x06FF, 0x06FF, 0x06BF,
  0x06FF, 0x06BE, 0x06FF, 0x06FF, 0x06FF, 0x06FF, 0x075F, 0x03BB, 0x00D3, 0x859B, 0xBDF8, 0x7CDA,
  0xDF7E, 0xFFFF, 0xFFFF, 0xFFFF, 0xFFFF, 0xFFFF, 0xFFFF, 0xFFFF, 0xFFFF, 0xFFFF, 0xFFFF, 0xFFFF,
  0xFFFF, 0xFFFF, 0xFFFF, 0xFFFF, 0xFFFF, 0xFFFF, 0xFFFF, 0xFFFF, 0xFFFF, 0xFFFF, 0xFFFF, 0xFFFF,
  0xFFFF, 0xFFFF, 0xFFFF, 0xFFFF, 0xFFFF, 0xFFFF, 0xEFBF, 0x7C10, 0xCF3D, 0xFFFF, 0xFFFF, 0xFFFF,
  0x3B38, 0x0015, 0x00F7, 0x00F7, 0x00F7, 0x00F7, 0x00F7, 0x00F7, 0x00F6, 0x00F7, 0x00F7, 0x0158,
  0x90D6, 0xD0D6, 0xD0D6, 0xD0D6, 0xD0D6, 0x90D6, 0xD0D6, 0x90D6, 0xD0D6, 0x90D6, 0xDF7E, 0xEF5D,
  0x0993, 0x7C39, 0xFFFF, 0xFFFF, 0xFFFF, 0xEFBD, 0x6397, 0x9E3B, 0xDEDB, 0xF7FF, 0xFFFF, 0xFFFF,
  0xFFFF, 0xEFBD, 0xDEDB, 0xC67A, 0xBDF8, 0xDEDB, 0xEF5D, 0xEF5D, 0xDEDB, 0xBDF8, 0xC67A, 0xDEDB,
  0xFFFF, 0xFFFF, 0xFFFF, 0xFFFF, 0x7CDA, 0x00D3, 0x00B6, 0x00F7, 0x00F7, 0x00F7, 0x00F6, 0x00F7,
  0x00F7, 0x00F7, 0x00F7, 0x00F7, 0x00F6, 0x00F7, 0x00F7, 0x00F7, 0x00F7, 0x00F7, 0x00F7, 0x00F7,
  0x00F7, 0x00F7, 0x00F7, 0x00F7, 0x00F7, 0x00F7, 0x00F7, 0x00F7, 0x00F7, 0x00F7, 0x00F7, 0x00F7,
  0x00F7, 0x00F7, 0x00F7, 0x00F7, 0x00F7, 0x00F7, 0x00F7, 0x00F7, 0x00F7, 0x00F7, 0x00F7, 0x00F7,
  0x00F7, 0x00F7, 0x00F7, 0x00F7, 0x00F7, 0x00F7, 0x00F7, 0x00F7, 0x00F7, 0x00F7, 0x00F7, 0x00F7,
  0x00F7, 0x00F7, 0x00F7, 0x00F7, 0x00F7, 0x00F7, 0x00F7, 0x00F7, 0x00F7, 0x00F7, 0x00F7, 0x00F7,
  0x00F7, 0x00F7, 0x00F7, 0x00F7, 0x00F7, 0x00F7, 0x00F7, 0x00F7, 0x00F7, 0x00F7, 0x00F7, 0x00F7,
  0x00F7, 0x00F7, 0x00F7, 0x00F7, 0x00F7, 0x00F7, 0x00F7, 0x00F7, 0x00F7, 0x00F7, 0x00F7, 0x00F7,
  0x00F7, 0x00F7, 0x00F7, 0x00F7, 0x00F7, 0x00F7, 0x00F7, 0x00F7, 0x00F7, 0x00F7, 0x00F7, 0x00F7,
  0x00F7, 0x00F7, 0x00F7, 0x00F7, 0x00F7, 0x00F7, 0x00F7, 0x00F7, 0x00F7, 0x00F7, 0x00F7, 0x00F7,
  0x00F7, 0x00F7, 0x00F7, 0x00F6, 0x00F7, 0x00F7, 0x00F7, 0x00F7, 0x00F7, 0x00F7, 0x00F7, 0x00F7,
  0x00F7, 0x00F7, 0x00F7, 0x00F7, 0x00F7, 0x00F7, 0x00F7, 0x00F7, 0x00F7, 0x00F7, 0x00F7, 0x00F7,
  0x00F7, 0x00F7, 0x00F7, 0x00F7, 0x00F7, 0x00F7, 0x00F7, 0x00F7, 0x00F7, 0x00F7, 0x00F7, 0x00F7,
  0x00F7, 0x00F7, 0x00F7, 0x00F7, 0x00F7, 0x00F7, 0x00F7, 0x00F7, 0x00F7, 0x00F7, 0x00F7, 0x00F7,
  0x00F7, 0x00F7, 0x00F7, 0x00F7, 0x00F7, 0x00F7, 0x00F7, 0x00F7, 0x00F7, 0x00F7, 0x00F7, 0x00F7,
  0x00F7, 0x00F7, 0x00F7, 0x00F7, 0x00F7, 0x00F7, 0x00F7, 0x00F7, 0x00F7, 0x00F7, 0x00F7, 0x00F7,
  0x00F7, 0x00F7, 0x00F6, 0x00F7, 0x00F7, 0x00F7, 0x00F7, 0x00F7, 0x00F7, 0x00F6, 0x00F7, 0x00F7,
  0x077F, 0x06BE, 0x06DF, 0xA75D, 0xFFFF, 0xA75D, 0x065F, 0x06DF, 0x06DF, 0x06DF, 0x06DF, 0x06BE,
  0x075F, 0x065E, 0x00F6, 0x0034, 0x04DD, 0x07DF, 0x06BF, 0x06FF, 0x06FF, 0x06FF, 0x06FF, 0x06BE,
  0x06FF, 0x077F, 0x06BE, 0x02B7, 0x0015, 0x2C79, 0x661C, 0x661C, 0x859B, 0xFFFF, 0xFFFF, 0xFFFF,
  0xFFFF, 0xFFFF, 0xFFFF, 0xFFFF, 0xFFFF, 0xFFFF, 0xFFFF, 0xFFFF, 0xFFFF, 0xFFFF, 0xFFFF, 0xFFFF,
  0xFFFF, 0xFFFF, 0xFFFF, 0xFFFF, 0xFFFF, 0xFFFF, 0xFFFF, 0xFFFF, 0xFFFF, 0xFFFF, 0xFFFF, 0xFFFF,
  0xFFFF, 0xFFFF, 0xFFFF, 0x7C39, 0x0993, 0xFFFF, 0xFFFF, 0xFFFF, 0x859B, 0x0012, 0x00F7, 0x00F7,
  0x00F7, 0x00F7, 0x00F7, 0x00F7, 0x00F7, 0x00F7, 0x00F6, 0x48D7, 0xD0D6, 0xD0D6, 0xD0D6, 0xD0D6,
  0xD0D6, 0xD0D6, 0xD0D6, 0xD0D6, 0xD0D6, 0x5816, 0x0034, 0x9E3B, 0xFFBE, 0x29D5, 0x0993, 0xDF7E,
  0xFFFF, 0xA596, 0xC67A, 0xFFFF, 0xFFFF, 0xFFFF, 0xFFFF, 0xFFFF, 0xC67A, 0xBDF8, 0xDEDB, 0xFFBE,
  0xFFFF, 0xFFFF, 0xFFBE, 0xFFBE, 0xFFFF, 0xFFFF, 0xFFFF, 0xEF5D, 0xBDF8, 0xEF5D, 0xFFFF, 0xFFFF,
  0xFFFF, 0x2C79, 0x0074, 0x00B6, 0x00F7, 0x00F6, 0x00F7, 0x00F7, 0x00F6, 0x00F7, 0x00F6, 0x00F7,
  0x00F7, 0x00F6, 0x00F7, 0x00F6, 0x00F7, 0x00F7, 0x00F7, 0x00F7, 0x00F7, 0x00F7, 0x00F7, 0x00F7,
  0x00F7, 0x00F7, 0x00F7, 0x00F7, 0x00F7, 0x00F7, 0x00F7, 0x00F7, 0x00F7, 0x00F7, 0x00F7, 0x00F7,
  0x00F7, 0x00F7, 0x00F7, 0x00F7, 0x00F7, 0x00F7, 0x00F7, 0x00F7, 0x00F7, 0x00F7, 0x00F7, 0x00F7,
  0x00F7, 0x00F7, 0x00F7, 0x00F7, 0x00F7, 0x00F7, 0x00F7, 0x00F7, 0x00F7, 0x00F7, 0x00F7, 0x00F7,
  0x00F7, 0x00F7, 0x00F7, 0x00F7, 0x00F7, 0x00F7, 0x00F7, 0x00F7, 0x00F7, 0x00F7, 0x00F7, 0x00F7,
  0x00F7, 0x00F7, 0x00F7, 0x00F7, 0x00F7, 0x00F7, 0x00F7, 0x00F7, 0x00F7, 0x00F7, 0x00F7, 0x00F7,
  0x00F7, 0x00F7, 0x00F7, 0x00F7, 0x00F7, 0x00F7, 0x00F7, 0x00F7, 0x00F7, 0x00F7, 0x00F7, 0x00F7,
  0x00F7, 0x00F7, 0x00F7, 0x00F7, 0x00F7, 0x00F7, 0x00F7, 0x00F7, 0x00F7, 0x00F7, 0x00F7, 0x00F7,
  0x00F7, 0x00F7, 0x00F7, 0x00F7, 0x00F7, 0x00F7, 0x00F7, 0x00F7, 0x00F7, 0x00F7, 0x00F7, 0x00F7,
  0x00F7, 0x00F7, 0x00F7, 0x00F7, 0x00F7, 0x00F7, 0x00F7, 0x00F7, 0x00F6, 0x00F7, 0x00F7, 0x00F7,
  0x00F7, 0x00F7, 0x00F7, 0x00F7, 0x00F7, 0x00F7, 0x00F7, 0x00F7, 0x00F7, 0x00F7, 0x00F7, 0x00F7,
  0x00F7, 0x00F7, 0x00F7, 0x00F7, 0x00F7, 0x00F7, 0x00F7, 0x00F7, 0x00F7, 0x00F7, 0x00F7, 0x00F7,
  0x00F7, 0x00F7, 0x00F7, 0x00F7, 0x00F7, 0x00F7, 0x00F7, 0x00F7, 0x00F7, 0x00F7, 0x00F7, 0x00F7,
  0x00F7, 0x00F7, 0x00F7, 0x00F7, 0x00F7, 0x00F7, 0x00F7, 0x00F7, 0x00F7, 0x00F7, 0x00F7, 0x00F7,
  0x00F7, 0x00F7, 0x00F7, 0x00F7, 0x00F7, 0x00F7, 0x00F7, 0x00F7, 0x00F7, 0x00F7, 0x00F7, 0x00F7,
  0x00F7, 0x00F7, 0x00F7, 0x00F7, 0x00F7, 0x00F7, 0x00F7, 0x00F7, 0x075F, 0x075F, 0x06DF, 0x071F,
  0xB7DF, 0xDFFF, 0x06BE, 0x071F, 0x06DF, 0x06DF, 0x06BE, 0x06DF, 0x06FF, 0x06BF, 0x0217, 0x0015,
  0x0218, 0x06DF, 0x077F, 0x06BE, 0x06BF, 0x06FF, 0x06FF, 0x06FF, 0x06BF, 0x077F, 0x065A, 0x00ED,
  0x0012, 0x0377, 0x07FF, 0x07FE, 0x253A, 0xDEDB, 0xFFFF, 0xFFFF, 0xFFFF, 0xFFFF, 0xFFFF, 0xFFFF,
  0xFFFF, 0xFFFF, 0xFFFF, 0xFFFF, 0xFFFF, 0xFFFF, 0xFFFF, 0xFFFF, 0xFFFF, 0xFFFF, 0xFFFF, 0xFFFF,
  0xFFFF, 0xFFFF, 0xFFFF, 0xFFFF, 0xFFFF, 0xFFFF, 0xFFFF, 0xFFFF, 0xFFFF, 0xFFFF, 0xFFFF, 0xF7FF,
  0x0012, 0x7C39, 0xFFFF, 0xFFFF, 0xC67A, 0x0015, 0x00B7, 0x00F7, 0x00F7, 0x00F7, 0x00F7, 0x00F7,
  0x00F7, 0x00B7, 0x00F7, 0x48D7, 0xD0D6, 0x90D6, 0x90D6, 0x90D6, 0x90D6, 0x90D6, 0x90D6, 0x90D6,
  0xD0D6, 0x48D7, 0x0017, 0x0015, 0x7C39, 0xEF5D, 0x0012, 0x00B5, 0x859B, 0xBEDD, 0xFFFF, 0xFFFF,
  0xFFFF, 0xFFFF, 0xFFFF, 0xC67A, 0xBDF8, 0xFFFF, 0xFFFF, 0xFFFF, 0xDEDB, 0xDEDB, 0xC67A, 0xBDF8,
  0x94D3, 0xC67A, 0xFF7D, 0xEF5D, 0xF7BE, 0xC67A, 0xFFFF, 0xFFFF, 0xFFFF, 0xEFBF, 0x0993, 0x0034,
  0x00F7, 0x00F7, 0x00F7, 0x00F6, 0x00F7, 0x00F6, 0x00F7, 0x00F7, 0x00F6, 0x00F7, 0x00F7, 0x00F7,
  0x00F7, 0x00F7, 0x00F7, 0x00F7, 0x00F7, 0x00F7, 0x00F7, 0x00F7, 0x00F7, 0x00F7, 0x00F7, 0x00F7,
  0x00F7, 0x00F7, 0x00F7, 0x00F7, 0x00F7, 0x00F7, 0x00F7, 0x00F7, 0x00F7, 0x00F7, 0x00F7, 0x00F7,
  0x00F7, 0x00F7, 0x00F7, 0x00F7, 0x00F7, 0x00F7, 0x00F7, 0x00F7, 0x00F7, 0x00F7, 0x00F7, 0x00F7,
  0x00F7, 0x00F7, 0x00F7, 0x00F7, 0x00F7, 0x00F7, 0x00F7, 0x00F7, 0x00F7, 0x00F7, 0x00F7, 0x00F7,
  0x00F7, 0x00F7, 0x00F7, 0x00F7, 0x00F7, 0x00F7, 0x00F7, 0x00F7, 0x00F7, 0x00F7, 0x00F7, 0x00F7,
  0x00F7, 0x00F7, 0x00F7, 0x00F7, 0x00F7, 0x00F7, 0x00F7, 0x00F7, 0x00F7, 0x00F7, 0x00F7, 0x00F7,
  0x00F7, 0x00F7, 0x00F7, 0x00F7, 0x00F7, 0x00F7, 0x00F7, 0x00F7, 0x00F7, 0x00F7, 0x00F7, 0x00F7,
  0x00F7, 0x00F7, 0x00F7, 0x00F7, 0x00F7, 0x00F7, 0x00F7, 0x00F7, 0x00F7, 0x00F7, 0x00F7, 0x00F7,
  0x00F7, 0x00F7, 0x00F7, 0x00F7, 0x00F7, 0x00F7, 0x00F7, 0x00F7, 0x00F7, 0x00F7, 0x00F7, 0x00F7,
  0x00F7, 0x00F7, 0x00F7, 0x00F7, 0x00F7, 0x00F7, 0x00F7, 0x00F7, 0x00F7, 0x00F7, 0x00F7, 0x00F7,
  0x00F7, 0x00F7, 0x00F7, 0x00F7, 0x00F7, 0x00F7, 0x00F7, 0x00F7, 0x00F7, 0x00F7, 0x00F7, 0x00F7,
  0x00F7, 0x00F7, 0x00F7, 0x00F7, 0x00F7, 0x00F7, 0x00F7, 0x00F7, 0x00F7, 0x00F7, 0x00F7, 0x00F7,
  0x00F7, 0x00F7, 0x00F7, 0x00F7, 0x00F7, 0x00F7, 0x00F7, 0x00F7, 0x00F7, 0x00F7, 0x00F7, 0x00F7,
  0x00F7, 0x00F7, 0x00F7, 0x00F7, 0x00F7, 0x00F7, 0x00F7, 0x00F7, 0x00F7, 0x00F7, 0x00F7, 0x00F7,
  0x00F7, 0x00F7, 0x00F7, 0x00F7, 0x00F7, 0x00F7, 0x00F7, 0x00F7, 0x00F7, 0x00F7, 0x00F7, 0x00F7,
  0x00F7, 0x00F7, 0x00F7, 0x00F7, 0x02F8, 0x06DF, 0x07BF, 0x065F, 0x06DF, 0x073E, 0x06BE, 0x067F,
  0x06DF, 0x06DF, 0x06BE, 0x06DF, 0x06FF, 0x06FF, 0x02F7, 0x0015, 0x1015, 0x043A, 0x07DF, 0x06FF,
  0x06FF, 0x06FE, 0x06BE, 0x06FF, 0x06FF, 0x075F, 0x0516, 0x00ED, 0x0017, 0x0197, 0x07FF, 0x07DF,
  0x671E, 0xC67A, 0xFFFF, 0xFFFF, 0xFFFF, 0xFFFF, 0xFFFF, 0xFFFF, 0xFFFF, 0xFFFF, 0xFFFF, 0xFFFF,
  0xFFFF, 0xFFFF, 0xFFFF, 0xFFFF, 0xFFFF, 0xFFFF, 0xFFFF, 0xFFFF, 0xFFFF, 0xFFFF, 0xFFFF, 0xFFFF,
  0xFFFF, 0xFFFF, 0xFFFF, 0xFFFF, 0xFFFF, 0xFFFF, 0xFFFF, 0xFFFF, 0x7C39, 0x0012, 0x9E3B, 0xFFFF,
  0xEF5D, 0x00D3, 0x0077, 0x00B7, 0x00F7, 0x00F7, 0x00F7, 0x00F7, 0x00B7, 0x00F6, 0x00F8, 0x00F8,
  0x0199, 0x0199, 0x0199, 0x0199, 0x0199, 0x0199, 0x00F8, 0x00F8, 0x00F7, 0x00F7, 0x00F7, 0x00B7,
  0x0012, 0x1A97, 0x7CDA, 0x0015, 0x0012, 0x859B, 0xFFFF, 0xFFFF, 0xFFFF, 0xFFFF, 0xC67A, 0xC67A,
  0xFFFF, 0xFFFF, 0xFF7D, 0x94D3, 0xBDF8, 0xEF5D, 0xEFBD, 0xFFBE, 0xEF5D, 0x94D3, 0xA596, 0x94D3,
  0xDEDB, 0xFFFF, 0xEFBD, 0xF7BE, 0xFFFF, 0xFFFF, 0x7CDA, 0x0074, 0x0076, 0x00F7, 0x00F6, 0x00F7,
  0x00F7, 0x00F7, 0x00F7, 0x00F7, 0x00F7, 0x00F7, 0x00F7, 0x00F6, 0x00F7, 0x00F7, 0x00F6, 0x00F7,
  0x00F7, 0x00F7, 0x00F6, 0x00F7, 0x00F7, 0x00F7, 0x00F6, 0x00B7, 0x00F7, 0x00B6, 0x00F7, 0x00B7,
  0x00F6, 0x00B7, 0x00F7, 0x00B6, 0x00F7, 0x00B7, 0x00F7, 0x00F7, 0x00F6, 0x00F7, 0x00F6, 0x00F7,
  0x00F6, 0x00F7, 0x00F7, 0x00F7, 0x00F7, 0x00F6, 0x00F6, 0x00F6, 0x00F6, 0x00F6, 0x00F6, 0x00F6,
  0x00F6, 0x00F6, 0x00F6, 0x00F7, 0x00F6, 0x00F7, 0x00F7, 0x00F7, 0x00F7, 0x00F7, 0x00F6, 0x00F6,
  0x00F7, 0x00F6, 0x00F6, 0x00F7, 0x00F6, 0x00F6, 0x00F7, 0x00F6, 0x00F7, 0x00F7, 0x00F7, 0x00F7,
  0x00F7, 0x00F7, 0x00F7, 0x00F7, 0x00F7, 0x00F7, 0x00F7, 0x00F7, 0x00F7, 0x00F6, 0x00F7, 0x00F7,
  0x00F7, 0x00F7, 0x00F7, 0x00F7, 0x00F7, 0x00F7, 0x00F7, 0x00F6, 0x00F7, 0x00F7, 0x00F7, 0x00F7,
  0x00F7, 0x00F7, 0x00F7, 0x00F7, 0x00F7, 0x00F7, 0x00F7, 0x00F7, 0x00F7, 0x00F7, 0x00F7, 0x00F7,
  0x00F7, 0x00F7, 0x00F7, 0x00F7, 0x00F7, 0x00F7, 0x00F7, 0x00F7, 0x00F7, 0x00F7, 0x00F7, 0x00F7,
  0x00F7, 0x00F7, 0x00F7, 0x00F7, 0x00F7, 0x00F7, 0x00F7, 0x00F7, 0x00F7, 0x00F7, 0x00F7, 0x00F7,
  0x00F7, 0x00F7, 0x00F7, 0x00F7, 0x00F7, 0x00F7, 0x00F7, 0x00F7, 0x00F7, 0x00F7, 0x00F7, 0x00F7,
  0x00F7, 0x00F7, 0x00F7, 0x00F7, 0x00F7, 0x00F7, 0x00F7, 0x00F7, 0x00F7, 0x00F7, 0x00F7, 0x00F7,
  0x00F7, 0x00F7, 0x00F7, 0x00F7, 0x00F7, 0x00F7, 0x00F7, 0x00F7, 0x00F7, 0x00F7, 0x00F7, 0x00F7,
  0x00F7, 0x00F7, 0x00F7, 0x00F7, 0x00F7, 0x00F7, 0x00F7, 0x00F7, 0x00F7, 0x00F6, 0x00F7, 0x00F7,
  0x00F7, 0x00F7, 0x00F7, 0x00F7, 0x00F7, 0x00F7, 0x00F7, 0x00F7, 0x00F7, 0x00F7, 0x00F7, 0x00F7,
  0x0015, 0x1A97, 0x06BE, 0x075F, 0x071F, 0x06DF, 0x071F, 0x06DF, 0x06DF, 0x06DF, 0x06DF, 0x071F,
  0x06FF, 0x07BF, 0x03BB, 0x2816, 0x5816, 0x4A56, 0x073E, 0x075F, 0x06DF, 0x06DF, 0x06DF, 0x06BF,
  0x077F, 0x05DD, 0x2A93, 0x0873, 0x0017, 0x0036, 0x067F, 0x07DF, 0x07DF, 0xBEDD, 0xEFBF, 0xFFFF,
  0xFFFF, 0xFFFF, 0xFFFF, 0xFFFF, 0xFFFF, 0xFFFF, 0xFFFF, 0xFFFF, 0xFFFF, 0xFFFF, 0xFFFF, 0xFFFF,
  0xFFFF, 0xFFFF, 0xFFFF, 0xFFFF, 0xFFFF, 0xFFFF, 0xFFFF, 0xFFFF, 0xFFFF, 0xFFFF, 0xFFFF, 0xFFFF,
  0xFFFF, 0xFFFF, 0xFFFF, 0xFFFF, 0xDEDB, 0x0012, 0x0074, 0xFFFF, 0xEFFE, 0x0993, 0x0036, 0x00B7,
  0x00F7, 0x00B7, 0x00F7, 0x00F7, 0x00F6, 0x00F7, 0x00F7, 0x00F7, 0x00F8, 0x00B8, 0x00F8, 0x00F8,
  0x00B8, 0x00B7, 0x00B7, 0x00F6, 0x00F7, 0x00B7, 0x00F7, 0x00F7, 0x00F8, 0x0036, 0x01D8, 0x0198,
  0x0036, 0x0034, 0x859B, 0xFFFF, 0xFFFF, 0xEF5D, 0xC67A, 0xFFFF, 0xFFFF, 0xEFBD, 0x94D3, 0xBDF8,
  0xFFBE, 0xFFBE, 0xFFFF, 0xFFFF, 0xFFBE, 0xBDF8, 0x7C10, 0x94D3, 0x7C10, 0xA596, 0xEF5D, 0xF7BE,
  0xFFFF, 0xFFFF, 0xCF3D, 0x0339, 0x00B6, 0x00B7, 0x00F7, 0x00F7, 0x00F6, 0x00F7, 0x00F7, 0x00B6,
  0x00F7, 0x00B6, 0x00F7, 0x00F7, 0x00B7, 0x00F6, 0x00B7, 0x00F7, 0x00B6, 0x00F7, 0x00B7, 0x00F7,
  0x00B7, 0x00F6, 0x00B7, 0x00F7, 0x00F7, 0x00F7, 0x00F6, 0x00F7, 0x00F7, 0x00F6, 0x00B7, 0x00F7,
  0x00F6, 0x00F7, 0x00B6, 0x00F7, 0x00B7, 0x00F6, 0x00B7, 0x00F6, 0x00F6, 0x00B7, 0x00F6, 0x00B6,
  0x00F6, 0x00B7, 0x00F7, 0x00B7, 0x00F7, 0x00B7, 0x00F7, 0x00B7, 0x00F7, 0x00B7, 0x00F7, 0x00B6,
  0x00F7, 0x00B7, 0x00F6, 0x00B6, 0x00F7, 0x00B6, 0x00F6, 0x00B7, 0x00F6, 0x00B6, 0x00F7, 0x00B6,
  0x00F6, 0x00B7, 0x00F6, 0x00B6, 0x00F7, 0x00B6, 0x00F7, 0x00B6, 0x00F7, 0x00B6, 0x00F7, 0x00B6,
  0x00F7, 0x00B6, 0x00F7, 0x00B6, 0x00F6, 0x00B7, 0x00F6, 0x00B6, 0x00F7, 0x00B6, 0x00F7, 0x00B6,
  0x00F6, 0x00B7, 0x00F6, 0x00B7, 0x00F7, 0x00B6, 0x00F7, 0x00B6, 0x00F7, 0x00B6, 0x00F7, 0x00B6,
  0x00F7, 0x00B6, 0x00F7, 0x00B6, 0x00F7, 0x00B6, 0x00F7, 0x00B6, 0x00F7, 0x00B6, 0x00F7, 0x00B6,
  0x00F7, 0x00B6, 0x00F7, 0x00B6, 0x00F7, 0x00B6, 0x00F7, 0x00B6, 0x00F7, 0x00B6, 0x00F7, 0x00B6,
  0x00F7, 0x00B6, 0x00F7, 0x00B6, 0x00F7, 0x00B6, 0x00F7, 0x00B6, 0x00F7, 0x00B6, 0x00F7, 0x00B6,
  0x00F7, 0x00B6, 0x00F7, 0x00B6, 0x00F7, 0x00B6, 0x00F7, 0x00B6, 0x00F7, 0x00B6, 0x00F7, 0x00B6,
  0x00F7, 0x00B6, 0x00F7, 0x00B6, 0x00F7, 0x00B6, 0x00F7, 0x00B6, 0x00F7, 0x00B6, 0x00F7, 0x00B6,
  0x00F7, 0x00B6, 0x00F7, 0x00B6, 0x00F7, 0x00B6, 0x00F7, 0x00B6, 0x00F7, 0x00B6, 0x00F7, 0x00B6,
  0x00F7, 0x00B6, 0x00F6, 0x00B7, 0x00F6, 0x00B7, 0x00F7, 0x00B6, 0x00F7, 0x00B6, 0x00F7, 0x00B6,
  0x00F7, 0x00B6, 0x00F7, 0x00B6, 0x00F7, 0x00B6, 0x00F7, 0x00B7, 0x0016, 0x5816, 0x48D7, 0x06DF,
  0x079F, 0x06DF, 0x06DF, 0x06DF, 0x06DF, 0x06DF, 0x06DF, 0x06DF, 0x06DF, 0x079F, 0x253A, 0x5816,
  0x90D6, 0x5816, 0x7CDA, 0x073E, 0x06BE, 0x073E, 0x071F, 0x06BF, 0x07BF, 0x05B8, 0x0000, 0x00D3,
  0x00F8, 0x0036, 0x0216, 0x079E, 0x07FF, 0xEF5D, 0xFF5E, 0xFFFF, 0xFFFF, 0xFFFF, 0xFFFF, 0xFFFF,
  0xFFFF, 0xFFFF, 0xFFFF, 0xFFFF, 0xFFFF, 0xFFFF, 0xFFFF, 0xFFFF, 0xFFFF, 0xFFFF, 0xFFFF, 0xFFFF,
  0xFFFF, 0xFFFF, 0xFFFF, 0xFFFF, 0xFFFF, 0xFFFF, 0xFFFF, 0xFFFF, 0xFFFF, 0xFFFF, 0xFFFF, 0xFFFF,
  0xFFFF, 0x2A93, 0x0012, 0x4A56, 0xFFFF, 0x6397, 0x0012, 0x00F8, 0x00F7, 0x00F6, 0x00F7, 0x00B7,
  0x00F7, 0x00B7, 0x00F6, 0x00B7, 0x00F6, 0x00B7, 0x00B7, 0x00F7, 0x00F7, 0x00F7, 0x00F6, 0x00F7,
  0x00B7, 0x00F6, 0x00B7, 0x00F7, 0x00F6, 0x00F7, 0x0076, 0x00B6, 0x00F8, 0x0077, 0x0012, 0x6397,
  0xFFFF, 0xEF5D, 0xFFBE, 0xFFFF, 0xDEDB, 0xBDF8, 0xFFBE, 0xFFFF, 0xFFFF, 0xFFFF, 0xFFFF, 0xFFFF,
  0xFFFF, 0xFF7D, 0x7C10, 0x7C10, 0xBDF8, 0xC67A, 0xBDF8, 0xFFFF, 0xFFFF, 0xFFFF, 0xDFFF, 0x7CDA,
  0x0339, 0x0034, 0x00B6, 0x00B7, 0x00B7, 0x00F6, 0x00B7, 0x00F7, 0x00F7, 0x00F7, 0x00F6, 0x00B7,
  0x00F6, 0x00F7, 0x00F7, 0x00B6, 0x00F7, 0x00F7, 0x00F6, 0x00B7, 0x00F6, 0x00F7, 0x00F7, 0x00F6,
  0x00B7, 0x00F6, 0x00B7, 0x00F7, 0x00B6, 0x00F7, 0x00F7, 0x00F6, 0x00B7, 0x00F7, 0x00F7, 0x00F6,
  0x00F7, 0x00B6, 0x00F6, 0x00F7, 0x00B7, 0x00F6, 0x00F7, 0x00F6, 0x00B7, 0x00F7, 0x00F7, 0x00F6,
  0x00B7, 0x00F7, 0x00F6, 0x00F7, 0x00B7, 0x00F6, 0x00F7, 0x00F7, 0x00B6, 0x00F7, 0x00F7, 0x00B6,
  0x00F6, 0x00B7, 0x00F7, 0x00F6, 0x00B7, 0x00F7, 0x00F6, 0x00F7, 0x00B6, 0x00F7, 0x00F6, 0x00F7,
  0x00B6, 0x00F7, 0x00F7, 0x00F7, 0x00B7, 0x00F7, 0x00F6, 0x00F7, 0x00B7, 0x00F7, 0x00F7, 0x00F6,
  0x00B7, 0x00F6, 0x00F7, 0x00F7, 0x00B7, 0x00F7, 0x00F6, 0x00F7, 0x00B7, 0x00F6, 0x00F7, 0x00F7,
  0x00B6, 0x00F7, 0x00F7, 0x00F7, 0x00B7, 0x00F7, 0x00F6, 0x00F7, 0x00B7, 0x00F7, 0x00F7, 0x00F7,
  0x00B6, 0x00F7, 0x00F7, 0x00F7, 0x00B7, 0x00F7, 0x00F6, 0x00F7, 0x00B7, 0x00F7, 0x00F7, 0x00F7,
  0x00B6, 0x00F7, 0x00F7, 0x00F7, 0x00B7, 0x00F7, 0x00F6, 0x00F7, 0x00B7, 0x00F7, 0x00F7, 0x00F7,
  0x00B6, 0x00F7, 0x00F7, 0x00F7, 0x00B7, 0x00F7, 0x00F6, 0x00F7, 0x00B7, 0x00F7, 0x00F7, 0x00F7,
  0x00B6, 0x00F7, 0x00F7, 0x00F7, 0x00B7, 0x00F7, 0x00F6, 0x00F7, 0x00B7, 0x00F7, 0x00F7, 0x00F7,
  0x00B6, 0x00F7, 0x00F7, 0x00F7, 0x00B7, 0x00F7, 0x00F6, 0x00F7, 0x00B7, 0x00F7, 0x00F7, 0x00F7,
  0x00B6, 0x00F7, 0x00F7, 0x00F7, 0x00B7, 0x00F7, 0x00F6, 0x00F7, 0x00B7, 0x00F7, 0x00F7, 0x00F6,
  0x00B7, 0x00F7, 0x00F6, 0x00F7, 0x00B7, 0x00F7, 0x00F7, 0x00F7, 0x00B6, 0x00F7, 0x00F7, 0x00F7,
  0x00B7, 0x00F7, 0x00F6, 0x00F7, 0x0012, 0x48D7, 0x3813, 0x4A56, 0x3D7F, 0x07BF, 0x06DF, 0x06DF,
  0x06BF, 0x06DF, 0x071F, 0x06DF, 0x073E, 0x073E, 0x3D7F, 0x48D7, 0x90D6, 0x5816, 0x48D7, 0x073E,
  0x073E, 0x067F, 0x06FF, 0x06FF, 0x077F, 0x05B8, 0x0000, 0x0012, 0x00F8, 0x00B7, 0x0012, 0x253A,
  0x07DF, 0xCF3D, 0xFF7D, 0xFFFF, 0xFFFF, 0xFFFF, 0xFFFF, 0xFFFF, 0xFFFF, 0xFFFF, 0xFFFF, 0xFFFF,
  0xFFFF, 0xFFFF, 0xFFFF, 0xFFFF, 0xFFFF, 0xFFFF, 0xFFFF, 0xFFFF, 0xFFFF, 0xFFFF, 0xFFFF, 0xFFFF,
  0xFFFF, 0xFFFF, 0xFFFF, 0xFFFF, 0xFFFF, 0xFFFF, 0xFFFF, 0xFFFF, 0xFFFF, 0xC67A, 0x0012, 0x0015,
  0x859B, 0xBEDD, 0x0012, 0x00B8, 0x00B7, 0x00F7, 0x00B7, 0x00F7, 0x00B6, 0x00F7, 0x00B6, 0x00F6,
  0x00B7, 0x00F7, 0x00F6, 0x00B7, 0x00B6, 0x00F7, 0x00B6, 0x00F7, 0x00B6, 0x00F7, 0x00F6, 0x00B7,
  0x00B7, 0x00F7, 0x00F6, 0x00F7, 0x00F6, 0x00B7, 0x0077, 0x0015, 0x29D5, 0xDF7E, 0xFFFF, 0xEFBD,
  0x94D3, 0xEF5D, 0xFFFF, 0xFFFF, 0xFFFF, 0xFFFF, 0xFFFF, 0xFFFF, 0xFFFF, 0xFFFF, 0xFFFF, 0xFFBE,
  0xFFFF, 0xFFFF, 0xBDF8, 0xC67A, 0xE7BE, 0xDF7E, 0xB7DF, 0x9E3B, 0x859B, 0x0196, 0x0076, 0x00F7,
  0x00B6, 0x00F7, 0x00F6, 0x00B7, 0x00F6, 0x00B6, 0x00F7, 0x00B6, 0x00F7, 0x00B7, 0x00F7, 0x00F7,
  0x00B6, 0x00F7, 0x00F7, 0x00F7, 0x00B7, 0x00F6, 0x00B7, 0x00F7, 0x00F6, 0x00B7, 0x00F7, 0x00F6,
  0x00F7, 0x00B7, 0x00F6, 0x00B7, 0x00F7, 0x00B6, 0x00F7, 0x00B7, 0x00F7, 0x00F7, 0x00B6, 0x00F7,
  0x00B6, 0x00F6, 0x00B6, 0x00F7, 0x00B6, 0x00F6, 0x00B7, 0x00F6, 0x00B7, 0x00F6, 0x00B7, 0x00F6,
  0x00B7, 0x00F6, 0x00B7, 0x00F6, 0x00B6, 0x00F6, 0x00B6, 0x00F7, 0x00B7, 0x00F6, 0x00B7, 0x00F6,
  0x00B7, 0x00F6, 0x00B6, 0x00F6, 0x00B7, 0x00F6, 0x00B6, 0x00F6, 0x00B7, 0x00F6, 0x00B7, 0x00F6,
  0x00B6, 0x00F6, 0x00B6, 0x00F6, 0x00B7, 0x00F6, 0x00B6, 0x00F7, 0x00B6, 0x00F7, 0x00B6, 0x00F6,
  0x00B6, 0x00F6, 0x00B6, 0x00F6, 0x00B6, 0x00F7, 0x00B6, 0x00F6, 0x00B7, 0x00F6, 0x00B6, 0x00F6,
  0x00B6, 0x00F6, 0x00B6, 0x00F6, 0x00B6, 0x00F6, 0x00B6, 0x00F6, 0x00B6, 0x00F6, 0x00B6, 0x00F6,
  0x00B6, 0x00F6, 0x00B6, 0x00F6, 0x00B6, 0x00F6, 0x00B6, 0x00F6, 0x00B6, 0x00F6, 0x00B6, 0x00F6,
  0x00B6, 0x00F6, 0x00B6, 0x00F6, 0x00B6, 0x00F6, 0x00B6, 0x00F6, 0x00B6, 0x00F6, 0x00B6, 0x00F6,
  0x00B6, 0x00F6, 0x00B6, 0x00F6, 0x00B6, 0x00F6, 0x00B6, 0x00F6, 0x00B6, 0x00F6, 0x00B6, 0x00F6,
  0x00B6, 0x00F6, 0x00B6, 0x00F6, 0x00B6, 0x00F6, 0x00B6, 0x00F6, 0x00B6, 0x00F6, 0x00B6, 0x00F6,
  0x00B6, 0x00F6, 0x00B6, 0x00F6, 0x00B6, 0x00F6, 0x00B6, 0x00F6, 0x00B6, 0x00F6, 0x00B6, 0x00F6,
  0x00B6, 0x00F6, 0x00B6, 0x00F6, 0x00B6, 0x00F6, 0x00B6, 0x00F6, 0x00B6, 0x00F6, 0x00B7, 0x00F6,
  0x00B6, 0x00F6, 0x00B6, 0x00F6, 0x00B6, 0x00F6, 0x00B6, 0x00F6, 0x00B6, 0x00F6, 0x00B6, 0x00F6,
  0x6397, 0x0015, 0x48D7, 0x1015, 0x00D3, 0x053E, 0x07DF, 0x075F, 0x071F, 0x06BE, 0x06BE, 0x06BE,
  0x06BE, 0x06DF, 0x079F, 0x4A56, 0x5816, 0x90D6, 0x5816, 0x6397, 0x07FF, 0x06FF, 0x06FF, 0x06FF,
  0x077F, 0x022E, 0x0000, 0x00D3, 0x00F8, 0x00B7, 0x0012, 0x7CDA, 0xFFFF, 0xF7FF, 0xEFBF, 0xFFFF,
  0xFFFF, 0xFFFF, 0xFFFF, 0xFFFF, 0xFFFF, 0xFFFF, 0xFFFF, 0xFFFF, 0xFFFF, 0xFFFF, 0xFFFF, 0xFFFF,
  0xFFFF, 0xFFFF, 0xFFFF, 0xFFFF, 0xFFFF, 0xFFFF, 0xFFFF, 0xFFFF, 0xFFFF, 0xFFFF, 0xFFFF, 0xFFFF,
  0xFFFF, 0xFFFF, 0xFFFF, 0xFFFF, 0xFFFF, 0xFFFF, 0x6397, 0x0015, 0x0077, 0x9E3B, 0x02B7, 0x0036,
  0x00F7, 0x00F6, 0x00F7, 0x00F7, 0x00F7, 0x00B6, 0x00F7, 0x00B7, 0x00F6, 0x00B6, 0x00B7, 0x00F7,
  0x00F6, 0x00B7, 0x00B6, 0x00F7, 0x00B7, 0x00F7, 0x00B6, 0x00F7, 0x00F6, 0x00B6, 0x00B7, 0x00B7,
  0x00F7, 0x00F6, 0x00F7, 0x00B8, 0x0012, 0x0993, 0xDF7E, 0xEFBD, 0xEF5D, 0xFFFF, 0xFFFF, 0xFFFF,
  0xFFFF, 0xFFFF, 0xFFFF, 0xFFFF, 0xFFFF, 0xFFFF, 0xFFFF, 0xFFFF, 0xFFFF, 0xFFFF, 0xFF7D, 0x94D3,
  0xDEDB, 0x671E, 0x6FDF, 0x661C, 0x9E3B, 0x0377, 0x0034, 0x00B7, 0x00F7, 0x00B6, 0x00F7, 0x00B6,
  0x00F7, 0x00B7, 0x00F6, 0x00B7, 0x00F6, 0x00F7, 0x00B6, 0x00F7, 0x00F7, 0x00F6, 0x00B7, 0x00F6,
  0x00F7, 0x00B7, 0x00F6, 0x00B6, 0x00B7, 0x00F7, 0x00B6, 0x00F7, 0x00B7, 0x00F6, 0x00F7, 0x00F7,
  0x00F7, 0x00F7, 0x00B6, 0x00F7, 0x00F6, 0x00B6, 0x00F7, 0x00B6, 0x00F6, 0x00B7, 0x00F6, 0x00B6,
  0x00F7, 0x00B6, 0x00F6, 0x00B7, 0x00F6, 0x00B6, 0x00F6, 0x00B7, 0x00F6, 0x00B7, 0x00F6, 0x00B7,
  0x00F6, 0x00B7, 0x00F6, 0x00B7, 0x00F6, 0x00B7, 0x00F7, 0x00B6, 0x00F7, 0x00B6, 0x00F7, 0x00B6,
  0x00F6, 0x00B7, 0x00F6, 0x00B7, 0x00F6, 0x00B7, 0x00F6, 0x00B7, 0x00F7, 0x00B6, 0x00F7, 0x00B6,
  0x00F6, 0x00B7, 0x00F7, 0x00B6, 0x00F7, 0x00B6, 0x00F7, 0x00B6, 0x00F6, 0x00B7, 0x00F6, 0x00B7,
  0x00F6, 0x00B6, 0x00F7, 0x00B6, 0x00F6, 0x00B6, 0x00F7, 0x00B6, 0x00F6, 0x00B7, 0x00F6, 0x00B7,
  0x00F6, 0x00B7, 0x00F6, 0x00B7, 0x00F6, 0x00B7, 0x00F6, 0x00B7, 0x00F6, 0x00B7, 0x00F6, 0x00B7,
  0x00F6, 0x00B7, 0x00F6, 0x00B7, 0x00F6, 0x00B7, 0x00F6, 0x00B7, 0x00F6, 0x00B7, 0x00F6, 0x00B7,
  0x00F6, 0x00B7, 0x00F6, 0x00B7, 0x00F6, 0x00B7, 0x00F6, 0x00B7, 0x00F6, 0x00B7, 0x00F6, 0x00B7,
  0x00F6, 0x00B7, 0x00F6, 0x00B7, 0x00F6, 0x00B7, 0x00F6, 0x00B7, 0x00F6, 0x00B7, 0x00F6, 0x00B7,
  0x00F6, 0x00B7, 0x00F6, 0x00B7, 0x00F6, 0x00B7, 0x00F6, 0x00B7, 0x00F6, 0x00B7, 0x00F6, 0x00B7,
  0x00F6, 0x00B7, 0x00F6, 0x00B7, 0x00F6, 0x00B7, 0x00F6, 0x00B7, 0x00F6, 0x00B7, 0x00F6, 0x00B7,
  0x00F6, 0x00B6, 0x00F7, 0x00B6, 0x00F7, 0x00B6, 0x00F6, 0x00B6, 0x00F7, 0x00B6, 0x00F6, 0x00B7,
  0x00F6, 0x00B7, 0x00F6, 0x00B7, 0x00F6, 0x00B7, 0x00F6, 0x00B7, 0xFF7D, 0x0873, 0x0036, 0x00B8,
  0x0034, 0x1915, 0x3D7F, 0x07FF, 0x06DF, 0x06BE, 0x06DF, 0x06DF, 0x06DF, 0x075F, 0x06BE, 0x3B38,
  0x5816, 0x48D7, 0x90D6, 0x48D7, 0x065F, 0x077F, 0x06BF, 0x06FF, 0x07BF, 0x0516, 0x0004, 0x0074,
  0x00F7, 0x00F7, 0x0016, 0x0297, 0x671E, 0xF7FF, 0xFFFF, 0xFFFF, 0xFFFF, 0xFFFF, 0xFFFF, 0xFFFF,
  0xFFFF, 0xFFFF, 0xFFFF, 0xFFFF, 0xFFFF, 0xFFFF, 0xFFFF, 0xFFFF, 0xFFFF, 0xFFFF, 0xFFFF, 0xFFFF,
  0xFFFF, 0xFFFF, 0xFFFF, 0xFFFF, 0xFFFF, 0xFFFF, 0xFFFF, 0xFFFF, 0xFFFF, 0xFFFF, 0xFFFF, 0xFFFF,
  0xFFFF, 0xFFFF, 0xBEDD, 0x0012, 0x0016, 0x0217, 0x1A97, 0x0076, 0x00B7, 0x00F7, 0x00B7, 0x00B6,
  0x00B7, 0x00B7, 0x00B7, 0x00B7, 0x00B7, 0x00B7, 0x00F6, 0x00B7, 0x00B7, 0x00B7, 0x00F7, 0x00B6,
  0x00B7, 0x00B6, 0x00F7, 0x00B6, 0x00B7, 0x00B7, 0x00F6, 0x00F7, 0x00B6, 0x00F7, 0x00B6, 0x00F7,
  0x00F8, 0x0016, 0x0873, 0x7CDA, 0xFFFF, 0xFFFF, 0xFFFF, 0xFFFF, 0xFFFF, 0xFFFF, 0xFFFF, 0xFFFF,
  0xFFFF, 0xFFBE, 0x94D3, 0xBDF8, 0xFFFF, 0xFFFF, 0xFFFF, 0xBDF8, 0xA596, 0x6FDF, 0x6FDF, 0x073E,
  0x661C, 0x3B38, 0x0036, 0x00B7, 0x00B6, 0x00F7, 0x00B7, 0x00F6, 0x00B7, 0x00F6, 0x00B7, 0x00F6,
  0x00B7, 0x00F6, 0x00B7, 0x00F6, 0x00B7, 0x00B6, 0x00B7, 0x00F6, 0x00B7, 0x00F6, 0x00F7, 0x00B7,
  0x00F6, 0x00F6, 0x00B7, 0x00F7, 0x00B6, 0x00F7, 0x00B6, 0x00B6, 0x00B7, 0x00F6, 0x00B7, 0x00F6,
  0x00B7, 0x00F6, 0x00B6, 0x00F6, 0x00B7, 0x00F6, 0x00B7, 0x00F6, 0x00B6, 0x00F7, 0x00B6, 0x00F6,
  0x00B7, 0x00F6, 0x00B7, 0x00F6, 0x00B6, 0x00F7, 0x00B6, 0x00F6, 0x00B6, 0x00F6, 0x00B7, 0x00F6,
  0x00B7, 0x00F6, 0x00B6, 0x00B7, 0x00B6, 0x00B7, 0x00B6, 0x00F7, 0x00B6, 0x00F6, 0x00B6, 0x00F6,
  0x00B7, 0x00F6, 0x00B6, 0x00F6, 0x00B6, 0x00F6, 0x00B6, 0x00F6, 0x00B7, 0x00B6, 0x00B6, 0x00F6,
  0x00B6, 0x00F7, 0x00B6, 0x00F6, 0x00B6, 0x00F6, 0x00B6, 0x00F6, 0x00B7, 0x00F6, 0x00B6, 0x00F6,
  0x00B7, 0x00F6, 0x00B6, 0x00F6, 0x00B6, 0x00F6, 0x00B6, 0x00F6, 0x00B6, 0x00F6, 0x00B6, 0x00F6,
  0x00B6, 0x00F6, 0x00B7, 0x00F6, 0x00B6, 0x00F6, 0x00B6, 0x00F6, 0x00B7, 0x00F6, 0x00B6, 0x00F6,
  0x00B6, 0x00F6, 0x00B7, 0x00F6, 0x00B6, 0x00F6, 0x00B6, 0x00F6, 0x00B7, 0x00F6, 0x00B6, 0x00F6,
  0x00B6, 0x00F6, 0x00B7, 0x00F6, 0x00B6, 0x00F6, 0x00B6, 0x00F6, 0x00B7, 0x00F6, 0x00B6, 0x00F6,
  0x00B6, 0x00F6, 0x00B7, 0x00F6, 0x00B6, 0x00F6, 0x00B6, 0x00F6, 0x00B7, 0x00F6, 0x00B6, 0x00F6,
  0x00B6, 0x00F6, 0x00B7, 0x00F6, 0x00B6, 0x00F6, 0x00B6, 0x00F6, 0x00B7, 0x00F6, 0x00B6, 0x00F6,
  0x00B6, 0x00F6, 0x00B7, 0x00F6, 0x00B6, 0x00F6, 0x00B6, 0x00F6, 0x00B7, 0x00F6, 0x00B6, 0x00F7,
  0x00B6, 0x00F6, 0x00B7, 0x00F6, 0x00B6, 0x00F6, 0x00B7, 0x00F6, 0x00B6, 0x00F6, 0x00B7, 0x00F6,
  0x00B6, 0x00F6, 0x00B6, 0x00B6, 0xFFFF, 0x7CDA, 0x0012, 0x48D7, 0x48D7, 0x5816, 0x3813, 0x2C79,
  0x07FF, 0x075F, 0x06DF, 0x06DF, 0x06DF, 0x06BE, 0x07BF, 0x2BF8, 0x5816, 0x48D7, 0x48D7, 0x0015,
  0x0218, 0x075F, 0x077F, 0x06FF, 0x06BF, 0x067F, 0x0377, 0x0074, 0x00B7, 0x00B7, 0x00B7, 0x0034,
  0x03B5, 0xF7FF, 0xDEDB, 0xFFFF, 0xFFFF, 0xFFFF, 0xFFFF, 0xFFFF, 0xFFFF, 0xFFFF, 0xFFFF, 0xFFFF,
  0xFFFF, 0xFFFF, 0xFFFF, 0xFFFF, 0xFFFF, 0xFFFF, 0xFFFF, 0xFFFF, 0xFFFF, 0xFFFF, 0xFFFF, 0xFFFF,
  0xFFFF, 0xFFFF, 0xFFFF, 0xFFFF, 0xFFFF, 0xFFFF, 0xFFFF, 0xFFFF, 0xFFFF, 0xFFFF, 0xFFFF, 0x4A56,
  0x0015, 0x0076, 0x0077, 0x00F7, 0x00B7, 0x00F6, 0x00B7, 0x00F7, 0x00B6, 0x00F6, 0x00B7, 0x00F6,
  0x00B7, 0x00B6, 0x00B7, 0x00B6, 0x00B7, 0x00B6, 0x00B7, 0x00B6, 0x00F7, 0x00B6, 0x00B7, 0x00B7,
  0x00F6, 0x00B7, 0x00B7, 0x00B6, 0x00B7, 0x00B7, 0x00F7, 0x00B6, 0x00B7, 0x00F7, 0x0015, 0x0012,
  0x7CDA, 0xFFFF, 0xFFFF, 0xFFFF, 0xFFFF, 0xFFFF, 0xFFFF, 0xFFFF, 0xFFFF, 0x7C10, 0x94D3, 0xFFBE,
  0xFFFF, 0xFFFF, 0xFFFF, 0xC67A, 0xA596, 0x6FDF, 0x07DF, 0x05FB, 0x9E3B, 0x6397, 0x0077, 0x00B7,
  0x00F7, 0x00B6, 0x00F6, 0x00B7, 0x00F6, 0x00B7, 0x00F6, 0x00B7, 0x00F7, 0x00B7, 0x00B6, 0x00B7,
  0x00B7, 0x00F7, 0x00B6, 0x00F7, 0x00B6, 0x00F7, 0x00B6, 0x00B7, 0x00F7, 0x00B7, 0x00B6, 0x00F7,
  0x00B6, 0x00F7, 0x00B7, 0x00F6, 0x00F7, 0x00B6, 0x00F7, 0x00B7, 0x00F6, 0x00B7, 0x00B6, 0x00B7,
  0x00B6, 0x00B7, 0x00F6, 0x00B6, 0x00B7, 0x00B6, 0x00B7, 0x00B6, 0x00B6, 0x00B7, 0x00F6, 0x00B6,
  0x00B7, 0x00B6, 0x00F6, 0x00B6, 0x00B7, 0x00B6, 0x00B6, 0x00B6, 0x00B6, 0x00B6, 0x00B7, 0x00F6,
  0x00B6, 0x00F6, 0x00B6, 0x00B6, 0x00B7, 0x00B6, 0x00F6, 0x00B6, 0x00F6, 0x00B6, 0x00F7, 0x00B6,
  0x00B7, 0x00B6, 0x00B6, 0x00B6, 0x00F6, 0x00B6, 0x00F6, 0x00B6, 0x00F6, 0x00B6, 0x00F6, 0x00B6,
  0x00F6, 0x00B6, 0x00F6, 0x00B6, 0x00F6, 0x00B6, 0x00F6, 0x00B6, 0x00F6, 0x00B6, 0x00F6, 0x00B6,
  0x00F6, 0x00B6, 0x00F6, 0x00B6, 0x00F6, 0x00B7, 0x00F6, 0x00B6, 0x00F7, 0x00B6, 0x00F6, 0x00B6,
  0x00F7, 0x00B6, 0x00F6, 0x00B6, 0x00F6, 0x00B6, 0x00F7, 0x00B6, 0x00F6, 0x00B6, 0x00F6, 0x00B6,
  0x00F7, 0x00B6, 0x00F6, 0x00B6, 0x00F6, 0x00B6, 0x00F7, 0x00B6, 0x00F6, 0x00B6, 0x00F6, 0x00B6,
  0x00F7, 0x00B6, 0x00F6, 0x00B6, 0x00F6, 0x00B6, 0x00F7, 0x00B6, 0x00F6, 0x00B6, 0x00F6, 0x00B6,
  0x00F7, 0x00B6, 0x00F6, 0x00B6, 0x00F6, 0x00B6, 0x00F7, 0x00B6, 0x00F6, 0x00B6, 0x00F6, 0x00B6,
  0x00F7, 0x00B6, 0x00F6, 0x00B6, 0x00F6, 0x00B6, 0x00F7, 0x00B6, 0x00F6, 0x00B6, 0x00F6, 0x00B6,
  0x00F7, 0x00B6, 0x00F6, 0x00B6, 0x00F6, 0x00B6, 0x00F6, 0x00B6, 0x00F6, 0x00B6, 0x00F6, 0x00B6,
  0x00F6, 0x00B6, 0x00F6, 0x00B6, 0x00F7, 0x00B6, 0x00F6, 0x00B6, 0x00F7, 0x00B6, 0x00F6, 0x00F6,
  0x9E3B, 0xFFBE, 0x4A56, 0x3813, 0x90D6, 0x48D7, 0x5816, 0x5816, 0x2C79, 0x079F, 0x075F, 0x06DF,
  0x06DF, 0x06DF, 0x07BF, 0x043A, 0x5816, 0x48D7, 0x0077, 0x0077, 0x0015, 0x0299, 0x07DF, 0x077F,
  0x065E, 0x06DF, 0x05FB, 0x0034, 0x00B7, 0x00B6, 0x00F7, 0x0036, 0x0993, 0x632C, 0xC67A, 0xFFFF,
  0xFFFF, 0xFFFF, 0xFFFF, 0xFFFF, 0xFFFF, 0xFFFF, 0xFFFF, 0xFFFF, 0xFFFF, 0xFFFF, 0xFFFF, 0xFFFF,
  0xFFFF, 0xFFFF, 0xFFFF, 0xFFFF, 0xFFFF, 0xFFFF, 0xFFFF, 0xFFFF, 0xFFFF, 0xFFFF, 0xFFFF, 0xFFFF,
  0xFFFF, 0xFFFF, 0xFFFF, 0xFFFF, 0xFFFF, 0xFFFF, 0xFFFF, 0xC67A, 0x0012, 0x0076, 0x00B7, 0x00B7,
  0x00B7, 0x00B7, 0x00F6, 0x00B7, 0x00B6, 0x00B6, 0x00B6, 0x00B6, 0x00F6, 0x00B6, 0x00B6, 0x00F6,
  0x00B6, 0x00B6, 0x00F6, 0x00B6, 0x00B6, 0x00F7, 0x00B6, 0x00B7, 0x00B7, 0x00F6, 0x00B7, 0x00F7,
  0x00B7, 0x00B6, 0x00B7, 0x00F7, 0x00B7, 0x00B7, 0x00F7, 0x0078, 0x0015, 0x6397, 0xFFFF, 0xFFFF,
  0xFFFF, 0xFFFF, 0xFFFF, 0xDEDB, 0x7C10, 0xDEDB, 0xFFFF, 0xFFFF, 0xFFFF, 0xFFFF, 0xFFFF, 0xEF5D,
  0xBDF8, 0x671E, 0x07FF, 0x06BE, 0x9E3B, 0x2C79, 0x0036, 0x00B7, 0x00F7, 0x00B7, 0x00B7, 0x00F7,
  0x00B7, 0x00F6, 0x00B7, 0x00F7, 0x00B6, 0x00F7, 0x00B7, 0x00F7, 0x00B6, 0x00B7, 0x00B7, 0x00B7,
  0x00B7, 0x00B7, 0x00B7, 0x00B6, 0x00B7, 0x00F7, 0x00B7, 0x00B7, 0x00B7, 0x00B7, 0x00B6, 0x00B7,
  0x00B6, 0x00B7, 0x00B6, 0x00B7, 0x00B7, 0x00F7, 0x00B7, 0x00F6, 0x00B7, 0x00B6, 0x00B7, 0x00F6,
  0x00B6, 0x00F7, 0x00B6, 0x00F7, 0x00B6, 0x00B6, 0x00B6, 0x00F6, 0x00B7, 0x00F6, 0x00B6, 0x00B7,
  0x00F6, 0x00B7, 0x00B7, 0x00F7, 0x00B7, 0x00F6, 0x00B6, 0x00B7, 0x00B7, 0x00B6, 0x00B7, 0x00F7,
  0x00B6, 0x00B7, 0x00B7, 0x00B7, 0x00B7, 0x00B6, 0x00B7, 0x00F6, 0x00B6, 0x00F7, 0x00B7, 0x00B6,
  0x00B6, 0x00B6, 0x00B7, 0x00B6, 0x00B6, 0x00B6, 0x00B6, 0x00B6, 0x00B6, 0x00B6, 0x00B7, 0x00F6,
  0x00B6, 0x00F7, 0x00B6, 0x00F6, 0x00B6, 0x00F6, 0x00B6, 0x00F7, 0x00B6, 0x00F6, 0x00B7, 0x00F6,
  0x00B6, 0x00B6, 0x00B7, 0x00B6, 0x00B6, 0x00B7, 0x00B6, 0x00B7, 0x00B6, 0x00B7, 0x00B6, 0x00B7,
  0x00B6, 0x00B7, 0x00B6, 0x00B7, 0x00B6, 0x00B7, 0x00B6, 0x00B7, 0x00B6, 0x00B7, 0x00B6, 0x00B7,
  0x00B6, 0x00B7, 0x00B6, 0x00B7, 0x00B6, 0x00B7, 0x00B6, 0x00B7, 0x00B6, 0x00B7, 0x00B6, 0x00B7,
  0x00B6, 0x00B7, 0x00B6, 0x00B7, 0x00B6, 0x00B7, 0x00B6, 0x00B7, 0x00B6, 0x00B7, 0x00B6, 0x00B7,
  0x00B6, 0x00B7, 0x00B6, 0x00B7, 0x00B6, 0x00B7, 0x00B6, 0x00B7, 0x00B6, 0x00B7, 0x00B6, 0x00B7,
  0x00B6, 0x00B7, 0x00B6, 0x00B7, 0x00B6, 0x00B7, 0x00B6, 0x00B7, 0x00B6, 0x00B7, 0x00B6, 0x00B7,
  0x00B6, 0x00B7, 0x00B7, 0x00B6, 0x00B7, 0x00B7, 0x00B6, 0x00B7, 0x00B7, 0x00B6, 0x00B7, 0x00B6,
  0x00B6, 0x00B7, 0x00B6, 0x00B7, 0x00B6, 0x00B7, 0x00B6, 0x00B7, 0x0012, 0xFFBE, 0xFF7D, 0x3813,
  0x48D7, 0x48D7, 0x48D7, 0x5816, 0x5816, 0x3B38, 0x079F, 0x075F, 0x067F, 0x06DF, 0x079F, 0x051F,
  0x1015, 0x0076, 0x00B7, 0x00B6, 0x0076, 0x0015, 0x033A, 0x07BF, 0x06BE, 0x067F, 0x043A, 0x0012,
  0x00B7, 0x00B7, 0x00B7, 0x00F8, 0x0012, 0x528A, 0xFFBE, 0xFFFF, 0xFFFF, 0xFFFF, 0xFFFF, 0xFFFF,
  0xFFFF, 0xFFFF, 0xFFFF, 0xFFFF, 0xFFFF, 0xFFFF, 0xFFFF, 0xFFFF, 0xFFFF, 0xFFFF, 0xFFFF, 0xFFFF,
  0xFFFF, 0xFFFF, 0xFFFF, 0xFFFF, 0xFFFF, 0xFFFF, 0xFFFF, 0xFFFF, 0xFFFF, 0xFFFF, 0xFFFF, 0xFFFF,
  0xFFFF, 0xFFFF, 0xFFFF, 0xFFFF, 0x3B38, 0x0015, 0x00B7, 0x00F6, 0x00B7, 0x00B6, 0x00B7, 0x00F7,
  0x00B6, 0x00B7, 0x00B6, 0x00B7, 0x00B6, 0x00F7, 0x00B6, 0x00B7, 0x00F6, 0x00B6, 0x00B7, 0x00F6,
  0x00B7, 0x00B6, 0x00B6, 0x00B7, 0x00B6, 0x00B7, 0x00B6, 0x00B6, 0x00B7, 0x00B6, 0x00B7, 0x00B6,
  0x00B6, 0x00B7, 0x00B7, 0x00B6, 0x0076, 0x0015, 0x29D5, 0xDF7E, 0xFFFF, 0xFFFF, 0x94D3, 0x20C4,
  0xA596, 0xFFFF, 0xFFFF, 0xFFFF, 0xFFFF, 0xFFFF, 0xFFFF, 0xFF7D, 0xC67A, 0x671E, 0x07FF, 0x067F,
  0x9E3B, 0x7CDA, 0x0074, 0x0077, 0x00B7, 0x00F6, 0x00B7, 0x00B6, 0x00B7, 0x00B7, 0x00B7, 0x00B7,
  0x00B7, 0x00B6, 0x00B7, 0x00B6, 0x00B7, 0x00F6, 0x00B6, 0x00B6, 0x00B6, 0x00B6, 0x00F6, 0x00B7,
  0x00B7, 0x00B6, 0x00B7, 0x00B6, 0x00B7, 0x00B7, 0x00B6, 0x00B6, 0x00F6, 0x00B6, 0x00F6, 0x00B6,
  0x00B6, 0x00B6, 0x00B7, 0x00B6, 0x00B6, 0x00B7, 0x00B6, 0x00B6, 0x00B7, 0x00B6, 0x00B6, 0x00B6,
  0x00B7, 0x00F6, 0x00B6, 0x00B7, 0x00B6, 0x00B6, 0x00F6, 0x00B7, 0x00B6, 0x00B7, 0x00B6, 0x00B6,
  0x00B6, 0x00B7, 0x00B6, 0x00B7, 0x00B6, 0x00B7, 0x00B6, 0x00B7, 0x00B6, 0x00B7, 0x00B6, 0x00B7,
  0x00B6, 0x00B6, 0x00B6, 0x00B7, 0x00B6, 0x00B7, 0x00B6, 0x00B7, 0x00B6, 0x00B7, 0x00B6, 0x00B6,
  0x00B7, 0x00B6, 0x00B7, 0x00B6, 0x00B7, 0x00B6, 0x00B6, 0x00B6, 0x00B6, 0x00B6, 0x00B6, 0x00B6,
  0x00B6, 0x00B7, 0x00B6, 0x00B6, 0x00B6, 0x00B6, 0x00B6, 0x00B6, 0x00B7, 0x00B6, 0x00B6, 0x00B7,
  0x00B6, 0x00B6, 0x00B6, 0x00B6, 0x00B6, 0x00B6, 0x00B6, 0x00B6, 0x00B6, 0x00B6, 0x00B6, 0x00B6,
  0x00B6, 0x00B6, 0x00B6, 0x00B6, 0x00B6, 0x00B6, 0x00B6, 0x00B6, 0x00B6, 0x00B6, 0x00B6, 0x00B6,
  0x00B6, 0x00B6, 0x00B6, 0x00B6, 0x00B6, 0x00B6, 0x00B6, 0x00B6, 0x00B6, 0x00B6, 0x00B6, 0x00B6,
  0x00B6, 0x00B6, 0x00B6, 0x00B6, 0x00B6, 0x00B6, 0x00B6, 0x00B6, 0x00B6, 0x00B6, 0x00B6, 0x00B6,
  0x00B6, 0x00B6, 0x00B6, 0x00B6, 0x00B6, 0x00B6, 0x00B6, 0x00B6, 0x00B6, 0x00B6, 0x00B6, 0x00B6,
  0x00B6, 0x00B6, 0x00B6, 0x00B6, 0x00B6, 0x00B6, 0x00B6, 0x00B6, 0x00B6, 0x00B6, 0x00B6, 0x00B6,
  0x00B6, 0x00B6, 0x00B6, 0x00B6, 0x00B6, 0x00B6, 0x00B6, 0x00B7, 0x00B6, 0x00B6, 0x00B6, 0x00B6,
  0x00B6, 0x00B6, 0x00B6, 0x00B6, 0x29D5, 0x3B38, 0xFFBF, 0x6397, 0x1015, 0x48D7, 0x48D7, 0x48D7,
  0x2816, 0x5816, 0x3B38, 0x075F, 0x07BF, 0x071F, 0x075F, 0x067F, 0x01B4, 0x0036, 0x00B7, 0x00B6,
  0x00B6, 0x0076, 0x0012, 0x043C, 0x075F, 0x06BE, 0x2BF8, 0x0015, 0x00B8, 0x00F7, 0x00B6, 0x00B6,
  0x0015, 0x7CDA, 0xFFFF, 0xFFFF, 0xFFFF, 0xFFFF, 0xFFFF, 0xFFFF, 0xFFFF, 0xFFFF, 0xFFFF, 0xFFFF,
  0xFFFF, 0xFFFF, 0xFFFF, 0xFFFF, 0xFFFF, 0xFFFF, 0xFFFF, 0xFFFF, 0xFFFF, 0xFFFF, 0xFFFF, 0xFFFF,
  0xFFFF, 0xFFFF, 0xFFFF, 0xFFFF, 0xFFFF, 0xFFFF, 0xFFFF, 0xFFFF, 0xFFFF, 0xFFFF, 0xFFFF, 0xFFFF,
  0xDEDB, 0x0012, 0x0077, 0x00B7, 0x00B6, 0x00F7, 0x00B7, 0x00B6, 0x00B6, 0x00B6, 0x00F7, 0x00B6,
  0x00B6, 0x00B6, 0x00B7, 0x00B6, 0x00B7, 0x00B6, 0x00B6, 0x00B7, 0x00B6, 0x00B7, 0x00B7, 0x00B6,
  0x00B7, 0x00B6, 0x00B7, 0x00B7, 0x00B6, 0x00B7, 0x00B6, 0x00B7, 0x00B7, 0x00F6, 0x00B7, 0x00F7,
  0x00B7, 0x00B6, 0x0012, 0x00B5, 0xDEDB, 0xC67A, 0x528A, 0x94D3, 0xDEDB, 0xFFBE, 0xFFFF, 0xFFFF,
  0xFFFF, 0xFFFF, 0xFFFF, 0xDEDB, 0xBDF8, 0x671E, 0x07FF, 0x05FB, 0xBEDD, 0x7CDA, 0x0076, 0x0077,
  0x00B6, 0x00B7, 0x00B6, 0x00F7, 0x00B6, 0x00F7, 0x00B6, 0x00F7, 0x00B6, 0x00B7, 0x00B6, 0x00B7,
  0x00B6, 0x00B6, 0x00B7, 0x00B6, 0x00B7, 0x00F6, 0x00B7, 0x00B6, 0x00B6, 0x00B7, 0x00B6, 0x00B7,
  0x00B6, 0x00B6, 0x00B6, 0x00F7, 0x00B6, 0x00B7, 0x00B6, 0x00B6, 0x00F6, 0x00B6, 0x00B7, 0x00B6,
  0x00B7, 0x00B6, 0x00B6, 0x00B7, 0x00B6, 0x00B6, 0x00B7, 0x00B6, 0x00B6, 0x00B7, 0x00B6, 0x00B6,
  0x00B6, 0x00B7, 0x00B6, 0x00B7, 0x00B6, 0x00B7, 0x00B6, 0x00B7, 0x00B7, 0x00B6, 0x00B7, 0x00B6,
  0x00B7, 0x00B6, 0x00B7, 0x00B6, 0x00B7, 0x00B6, 0x00B6, 0x00B6, 0x00B7, 0x00B6, 0x00B7, 0x00B6,
  0x00B7, 0x00B6, 0x00B7, 0x00B6, 0x00B7, 0x00B6, 0x00B6, 0x00B7, 0x00B6, 0x00B7, 0x00B6, 0x00B6,
  0x00B6, 0x00B7, 0x00B6, 0x00B7, 0x00B6, 0x00B7, 0x00B6, 0x00B7, 0x00B6, 0x00B6, 0x00B7, 0x00B6,
  0x00B7, 0x00B6, 0x00B7, 0x00B6, 0x00B6, 0x00B7, 0x00B6, 0x00B6, 0x00B7, 0x00B6, 0x00B7, 0x00B6,
  0x00B7, 0x00B6, 0x00B7, 0x00B6, 0x00B7, 0x00B6, 0x00B7, 0x00B6, 0x00B7, 0x00B6, 0x00B7, 0x00B6,
  0x00B7, 0x00B6, 0x00B7, 0x00B6, 0x00B7, 0x00B6, 0x00B7, 0x00B6, 0x00B7, 0x00B6, 0x00B7, 0x00B6,
  0x00B7, 0x00B6, 0x00B7, 0x00B6, 0x00B7, 0x00B6, 0x00B7, 0x00B6, 0x00B7, 0x00B6, 0x00B7, 0x00B6,
  0x00B7, 0x00B6, 0x00B7, 0x00B6, 0x00B7, 0x00B6, 0x00B7, 0x00B6, 0x00B7, 0x00B6, 0x00B7, 0x00B6,
  0x00B7, 0x00B6, 0x00B7, 0x00B6, 0x00B7, 0x00B6, 0x00B7, 0x00B6, 0x00B7, 0x00B6, 0x00B7, 0x00B6,
  0x00B7, 0x00B6, 0x00B7, 0x00B6, 0x00B7, 0x00B6, 0x00B6, 0x00B7, 0x00B6, 0x00B7, 0x00B6, 0x00B7,
  0x00B6, 0x00B7, 0x00B6, 0x00B6, 0x00B7, 0x00B6, 0x00B7, 0x00B6, 0x00B7, 0x00B6, 0x00B7, 0x00B6,
  0xDF7E, 0x0012, 0x9E3B, 0xFFFF, 0x0873, 0x2816, 0x48D7, 0x48D7, 0x48D7, 0x48D7, 0x3813, 0x4A56,
  0x06BE, 0x07BF, 0x06DF, 0x075F, 0x02F7, 0x0015, 0x00B6, 0x00B7, 0x00B6, 0x00B7, 0x0034, 0x0034,
  0x03BB, 0x07DF, 0x2C79, 0x0034, 0x00B6, 0x00B6, 0x00B6, 0x00B7, 0x0016, 0x0158, 0xFFFF, 0xEF5D,
  0xF7BE, 0xFFFF, 0xFFFF, 0xFFFF, 0xFFFF, 0xFFFF, 0xFFFF, 0xFFFF, 0xFFFF, 0xFFFF, 0xFFFF, 0xFFFF,
  0xFFFF, 0xFFFF, 0xFFFF, 0xFFFF, 0xFFFF, 0xFFFF, 0xFFFF, 0xFFFF, 0xFFFF, 0xFFFF, 0xFFFF, 0xFFFF,
  0xFFFF, 0xFFFF, 0xFFFF, 0xFFFF, 0xFFFF, 0xFFFF, 0xFFFF, 0xFFFF, 0xFFFF, 0x2A93, 0x0012, 0x00B8,
  0x00B6, 0x00B7, 0x00B7, 0x00B6, 0x00B6, 0x00B6, 0x00B6, 0x00B6, 0x00B7, 0x00B6, 0x00B6, 0x00B6,
  0x00B6, 0x00B6, 0x00B7, 0x00B6, 0x00B6, 0x00B6, 0x00B7, 0x00B6, 0x00B7, 0x00B6, 0x00B6, 0x00B6,
  0x00B7, 0x00B6, 0x00B7, 0x00B6, 0x00B7, 0x00B6, 0x00B7, 0x00B6, 0x00B6, 0x00B7, 0x00B7, 0x0017,
  0x0012, 0x2A93, 0xFFBE, 0x94D3, 0xBDF8, 0xFFFF, 0xFFFF, 0xFFFF, 0xFFFF, 0xFFFF, 0xFFFF, 0xDEDB,
  0x94D3, 0x073E, 0x07FF, 0x05FB, 0xDF7E, 0x859B, 0x0076, 0x0076, 0x00B6, 0x00B6, 0x00B7, 0x00B6,
  0x00B6, 0x00B6, 0x00B7, 0x00B6, 0x00B6, 0x00F7, 0x00B6, 0x00B6, 0x00B7, 0x00B7, 0x00B6, 0x00B7,
  0x00F6, 0x00B7, 0x00B6, 0x00B7, 0x00B7, 0x00B6, 0x00B7, 0x00B6, 0x00B6, 0x00F7, 0x00B6, 0x00B6,
  0x00B7, 0x00B6, 0x00B6, 0x00B7, 0x00B6, 0x00B7, 0x00B6, 0x00B7, 0x00F6, 0x00B7, 0x00F6, 0x00B6,
  0x00F7, 0x00B6, 0x00F6, 0x00B7, 0x00B6, 0x00B6, 0x00B7, 0x00B6, 0x00B7, 0x00B6, 0x00B7, 0x00B6,
  0x00B7, 0x00B6, 0x00B7, 0x00B6, 0x00B6, 0x00B7, 0x00B6, 0x00B6, 0x00B7, 0x00B6, 0x00B7, 0x00B6,
  0x00B7, 0x00B6, 0x00B7, 0x00B6, 0x00B7, 0x00B6, 0x00B6, 0x00B7, 0x00B6, 0x00B6, 0x00B7, 0x00B6,
  0x00B7, 0x00B6, 0x00B7, 0x00B6, 0x00B7, 0x00B6, 0x00B7, 0x00B7, 0x00B7, 0x00B6, 0x00B7, 0x00B6,
  0x00B7, 0x00B6, 0x00B7, 0x00B6, 0x00B7, 0x00B7, 0x00B6, 0x00B7, 0x00B6, 0x00B7, 0x00B6, 0x00B7,
  0x00B7, 0x00B6, 0x00B7, 0x00B6, 0x00B6, 0x00B7, 0x00B6, 0x00B7, 0x00B6, 0x00B7, 0x00B6, 0x00B7,
  0x00B6, 0x00B7, 0x00B6, 0x00B7, 0x00B6, 0x00B7, 0x00B6, 0x00B7, 0x00B6, 0x00B7, 0x00B6, 0x00B7,
  0x00B6, 0x00B7, 0x00B6, 0x00B7, 0x00B6, 0x00B7, 0x00B6, 0x00B7, 0x00B6, 0x00B7, 0x00B6, 0x00B7,
  0x00B6, 0x00B7, 0x00B6, 0x00B7, 0x00B6, 0x00B7, 0x00B6, 0x00B7, 0x00B6, 0x00B7, 0x00B6, 0x00B7,
  0x00B6, 0x00B7, 0x00B6, 0x00B7, 0x00B6, 0x00B7, 0x00B6, 0x00B7, 0x00B6, 0x00B7, 0x00B6, 0x00B7,
  0x00B6, 0x00B7, 0x00B6, 0x00B7, 0x00B6, 0x00B7, 0x00B6, 0x00B7, 0x00B6, 0x00B7, 0x00B6, 0x00B7,
  0x00B6, 0x00B7, 0x00B7, 0x00B6, 0x00B7, 0x00B6, 0x00B7, 0x00B6, 0x00B7, 0x00B6, 0x00B7, 0x00B6,
  0x00B6, 0x00B7, 0x00B6, 0x00B7, 0x00B6, 0x00B7, 0x00B6, 0x00B7, 0xFFFF, 0x6397, 0x0012, 0xFFFF,
  0xBDF8, 0x0015, 0x48D7, 0x48D7, 0x2816, 0x48D7, 0x2816, 0x3813, 0x4A56, 0x06DF, 0x07BF, 0x07BF,
  0x041A, 0x0015, 0x00B7, 0x00B7, 0x00B6, 0x00B6, 0x00F7, 0x0036, 0x0012, 0x3D7F, 0x253A, 0x0012,
  0x00B8, 0x00B7, 0x00B6, 0x00B6, 0x0077, 0x0015, 0xBEDD, 0xEF5D, 0x7C39, 0xFFFF, 0xFFFF, 0xFFFF,
  0xFFFF, 0xFFFF, 0xFFFF, 0xFFFF, 0xFFFF, 0xFFFF, 0xFFFF, 0xFFFF, 0xFFFF, 0xFFFF, 0xFFFF, 0xFFFF,
  0xFFFF, 0xFFFF, 0xFFFF, 0xFFFF, 0xFFFF, 0xFFFF, 0xFFFF, 0xFFFF, 0xFFFF, 0xFFFF, 0xFFFF, 0xFFFF,
  0xFFFF, 0xFFFF, 0xFFFF, 0xFFFF, 0xFFFF, 0xC67A, 0x0012, 0x0077, 0x00B7, 0x00B6, 0x00B6, 0x00B7,
  0x00B6, 0x00B7, 0x00B6, 0x00B6, 0x00B6, 0x00B6, 0x00B7, 0x00B6, 0x00B6, 0x00B6, 0x00B6, 0x00B6,
  0x00B7, 0x00B6, 0x00B6, 0x00B6, 0x00B6, 0x00B7, 0x00B6, 0x00B6, 0x00B6, 0x00B7, 0x00B6, 0x00B7,
  0x00B6, 0x00B7, 0x00B6, 0x00B7, 0x00B7, 0x00B6, 0x00B7, 0x00B7, 0x0016, 0x1915, 0xC67A, 0xFF7D,
  0xFFFF, 0xFFFF, 0xFFFF, 0xFFFF, 0xFFFF, 0xFFFF, 0xFFFF, 0xA596, 0x2C79, 0x07DF, 0x079F, 0x253A,
  0xFFFF, 0x859B, 0x0074, 0x0076, 0x00B7, 0x00F6, 0x00B6, 0x00B6, 0x00B7, 0x00B6, 0x00B6, 0x00B7,
  0x00B6, 0x00B6, 0x00F7, 0x00B6, 0x00B6, 0x00B6, 0x00B7, 0x00B6, 0x00B6, 0x00B6, 0x00B7, 0x00B6,
  0x00B6, 0x00B7, 0x00B6, 0x00B7, 0x00B6, 0x00B7, 0x00B6, 0x00B7, 0x00B6, 0x00B7, 0x00B6, 0x00B6,
  0x00B6, 0x00B7, 0x00B7, 0x00B6, 0x00B6, 0x00B7, 0x00B6, 0x00B7, 0x00B6, 0x00B7, 0x00B6, 0x00B6,
  0x00B7, 0x00B6, 0x00B6, 0x00B7, 0x00B6, 0x00B7, 0x00B6, 0x00B7, 0x00B6, 0x00B7, 0x00B6, 0x00B6,
  0x00B7, 0x00B6, 0x00B6, 0x00B7, 0x00B6, 0x00B7, 0x00B6, 0x00B7, 0x00B6, 0x00B7, 0x00B6, 0x00B7,
  0x00B6, 0x00B7, 0x00B6, 0x00B6, 0x00B7, 0x00B6, 0x00B6, 0x00B7, 0x00B6, 0x00B7, 0x00B6, 0x00B7,
  0x00B6, 0x00B7, 0x00B6, 0x00B6, 0x00B6, 0x00B7, 0x00B6, 0x00B7, 0x00B6, 0x00B7, 0x00B6, 0x00B7,
  0x00B6, 0x00B6, 0x00B7, 0x00B6, 0x00B7, 0x00B6, 0x00B7, 0x00B6, 0x00B6, 0x00B7, 0x00B6, 0x00B7,
  0x00B6, 0x00B7, 0x00B6, 0x00B7, 0x00B6, 0x00B7, 0x00B6, 0x00B7, 0x00B6, 0x00B7, 0x00B6, 0x00B7,
  0x00B6, 0x00B7, 0x00B6, 0x00B7, 0x00B6, 0x00B7, 0x00B6, 0x00B7, 0x00B6, 0x00B7, 0x00B6, 0x00B7,
  0x00B6, 0x00B7, 0x00B6, 0x00B7, 0x00B6, 0x00B7, 0x00B6, 0x00B7, 0x00B6, 0x00B7, 0x00B6, 0x00B7,
  0x00B6, 0x00B7, 0x00B6, 0x00B7, 0x00B6, 0x00B7, 0x00B6, 0x00B7, 0x00B6, 0x00B7, 0x00B6, 0x00B7,
  0x00B6, 0x00B7, 0x00B6, 0x00B7, 0x00B6, 0x00B7, 0x00B6, 0x00B7, 0x00B6, 0x00B7, 0x00B6, 0x00B7,
  0x00B6, 0x00B7, 0x00B6, 0x00B7, 0x00B6, 0x00B7, 0x00B6, 0x00B7, 0x00B6, 0x00B6, 0x00B6, 0x00B7,
  0x00B6, 0x00B6, 0x00B7, 0x00B6, 0x00B7, 0x00B6, 0x00B7, 0x00B6, 0x00B7, 0x00B6, 0x00B7, 0x00B6,
  0x00B7, 0x00B6, 0x00B7, 0x00B6, 0xFFFF, 0xFFBE, 0x0012, 0x4A56, 0xFFFF, 0x1A97, 0x0015, 0x1915,
  0x48D7, 0x48D7, 0x48D7, 0x48D7, 0x3813, 0x02F8, 0x07DF, 0x07BF, 0x05DD, 0x0074, 0x0077, 0x00B6,
  0x00B7, 0x00B7, 0x00B6, 0x00B7, 0x0034, 0x0196, 0x0217, 0x0076, 0x00B6, 0x00B6, 0x00F6, 0x00B7,
  0x00B7, 0x0015, 0x1A97, 0xFFFF, 0x0993, 0x7C39, 0xFFFF, 0xFFFF, 0xFFFF, 0xFFFF, 0xFFFF, 0xFFFF,
  0xFFFF, 0xFFFF, 0xFFFF, 0xFFFF, 0xFFFF, 0xFFFF, 0xFFFF, 0xFFFF, 0xFFFF, 0xFFFF, 0xFFFF, 0xFFFF,
  0xFFFF, 0xFFFF, 0xFFFF, 0xFFFF, 0xFFFF, 0xFFFF, 0xFFFF, 0xFFFF, 0xFFFF, 0xFFFF, 0xFFFF, 0xFFFF,
  0xFFFF, 0xFFFF, 0x4A56, 0x0015, 0x00B7, 0x00B6, 0x00B6, 0x00B6, 0x00B7, 0x00B6, 0x00B7, 0x00B7,
  0x00B7, 0x00B7, 0x00B6, 0x00B7, 0x00B6, 0x00B7, 0x00B6, 0x00B6, 0x00B6, 0x00B6, 0x00B6, 0x00B7,
  0x00B6, 0x00B6, 0x00B6, 0x00B7, 0x00B6, 0x00B6, 0x00B6, 0x00B6, 0x00B6, 0x00B6, 0x00B7, 0x00B6,
  0x00B6, 0x00B6, 0x00B6, 0x00B6, 0x00B6, 0x0016, 0x0012, 0xBEDD, 0xFFFF, 0xFFFF, 0xFFFF, 0xFFFF,
  0xFFFF, 0xFFFF, 0xFF7D, 0x94D3, 0x671E, 0x07DF, 0x05FB, 0x9E3B, 0xFFFF, 0x6397, 0x0074, 0x0077,
  0x00B6, 0x00B7, 0x00B6, 0x00B7, 0x00B6, 0x00B6, 0x00B7, 0x00B6, 0x00B6, 0x00B6, 0x00B6, 0x00B6,
  0x00B6, 0x00B6, 0x00B6, 0x00B6, 0x00B7, 0x00B6, 0x00B6, 0x00B6, 0x00B6, 0x00B6, 0x00B7, 0x00B6,
  0x00B7, 0x00B6, 0x00B6, 0x00B7, 0x00B6, 0x00B6, 0x00B7, 0x00B6, 0x00B7, 0x00B6, 0x00B6, 0x00B6,
  0x00B6, 0x00B6, 0x00B6, 0x00B6, 0x00B6, 0x00B6, 0x00B6, 0x00B6, 0x00B6, 0x00B6, 0x00B6, 0x00B6,
  0x00B6, 0x00B6, 0x00B6, 0x00B6, 0x00B6, 0x00B6, 0x00B6, 0x00B6, 0x00B6, 0x00B6, 0x00B6, 0x00B6,
  0x00B6, 0x00B6, 0x00B6, 0x00B6, 0x00B6, 0x00B6, 0x00B6, 0x00B6, 0x00B6, 0x00B6, 0x00B6, 0x00B6,
  0x00B6, 0x00B6, 0x00B6, 0x00B6, 0x00B6, 0x00B6, 0x00B6, 0x00B6, 0x00B6, 0x00B6, 0x00B6, 0x00B6,
  0x00B6, 0x00B6, 0x00B6, 0x00B6, 0x00B6, 0x00B6, 0x00B6, 0x00B6, 0x00B6, 0x00B6, 0x00B6, 0x00B6,
  0x00B6, 0x00B6, 0x00B6, 0x00B6, 0x00B6, 0x00B6, 0x00B6, 0x00B6, 0x00B6, 0x00B6, 0x00B6, 0x00B6,
  0x00B6, 0x00B6, 0x00B6, 0x00B6, 0x00B6, 0x00B6, 0x00B6, 0x00B6, 0x00B6, 0x00B6, 0x00B6, 0x00B6,
  0x00B6, 0x00B6, 0x00B6, 0x00B6, 0x00B6, 0x00B6, 0x00B6, 0x00B6, 0x00B6, 0x00B6, 0x00B6, 0x00B6,
  0x00B6, 0x00B6, 0x00B6, 0x00B6, 0x00B6, 0x00B6, 0x00B6, 0x00B6, 0x00B6, 0x00B6, 0x00B6, 0x00B6,
  0x00B6, 0x00B6, 0x00B6, 0x00B6, 0x00B6, 0x00B6, 0x00B6, 0x00B6, 0x00B6, 0x00B6, 0x00B6, 0x00B6,
  0x00B6, 0x00B6, 0x00B6, 0x00B6, 0x00B6, 0x00B6, 0x00B6, 0x00B6, 0x00B6, 0x00B6, 0x00B6, 0x00B6,
  0x00B6, 0x00B6, 0x00B6, 0x00B6, 0x00B6, 0x00B6, 0x00B6, 0x00B6, 0x00B6, 0x00B6, 0x00B6, 0x00B6,
  0x00B6, 0x00B6, 0x00B6, 0x00B6, 0x00B6, 0x00B6, 0x00B6, 0x00B6, 0x00B6, 0x00B6, 0x00B6, 0x00B6,
  0xFFFF, 0xFFFF, 0xC67A, 0x0012, 0x9E3B, 0x7CDA, 0x0012, 0x2076, 0x48D7, 0x48D7, 0x48D7, 0x2076,
  0x0036, 0x0015, 0x03BB, 0x07BF, 0x06BE, 0x00F6, 0x0036, 0x00B7, 0x00B6, 0x00B7, 0x00B6, 0x00B7,
  0x00B6, 0x0036, 0x0076, 0x00F7, 0x00B6, 0x00B6, 0x00B6, 0x00B6, 0x00B7, 0x0077, 0x0012, 0xBEDD,
  0x7CDA, 0x0012, 0xCF3D, 0xFFFF, 0xFFFF, 0xFFFF, 0xFFFF, 0xFFFF, 0xFFFF, 0xFFFF, 0xFFFF, 0xFFFF,
  0xFFFF, 0xFFFF, 0xFFFF, 0xFFFF, 0xFFFF, 0xFFFF, 0xFFFF, 0xFFFF, 0xFFFF, 0xFFFF, 0xFFFF, 0xFFFF,
  0xFFFF, 0xFFFF, 0xFFFF, 0xFFFF, 0xFFFF, 0xFFFF, 0xFFFF, 0xFFFF, 0xFFFF, 0xFFFF, 0xCF3D, 0x0012,
  0x0077, 0x00B6, 0x00B7, 0x00B6, 0x0077, 0x00B7, 0x0076, 0x00B7, 0x0076, 0x00B6, 0x0077, 0x00B6,
  0x00B7, 0x00B6, 0x00B7, 0x00B7, 0x00B6, 0x00B7, 0x00B7, 0x00B6, 0x00B6, 0x00B7, 0x00B7, 0x00B6,
  0x00B7, 0x00B6, 0x00B6, 0x00B7, 0x00B6, 0x00B7, 0x00B6, 0x00B6, 0x00B7, 0x00B6, 0x00B7, 0x00B6,
  0x00B6, 0x00B7, 0x0016, 0x0015, 0xCF3D, 0xFFFF, 0xFFFF, 0xEF5D, 0xEF5D, 0xFFFF, 0xBDF8, 0x94D3,
  0x671E, 0x6FDF, 0x05FB, 0xDF7E, 0xFFFF, 0x2BF8, 0x0034, 0x0076, 0x00B6, 0x00B6, 0x00B7, 0x00B7,
  0x00B6, 0x00B7, 0x00B6, 0x00B6, 0x00B7, 0x00B6, 0x00B7, 0x00B6, 0x00B7, 0x00B6, 0x00B7, 0x00B6,
  0x00B6, 0x00B6, 0x00B7, 0x00B6, 0x00B6, 0x00B6, 0x00B6, 0x00B6, 0x00B7, 0x00B6, 0x00B7, 0x00B6,
  0x00B6, 0x00B7, 0x00B6, 0x00B7, 0x00B6, 0x00B6, 0x00B7, 0x00B6, 0x00B7, 0x00B6, 0x00B7, 0x00B6,
  0x00B6, 0x00B6, 0x00B7, 0x00B6, 0x00B6, 0x00B6, 0x0076, 0x00B6, 0x0076, 0x00B6, 0x0076, 0x00B6,
  0x0076, 0x00B6, 0x0076, 0x00B6, 0x0076, 0x00B6, 0x0076, 0x00B6, 0x0076, 0x00B6, 0x0076, 0x00B6,
  0x0076, 0x00B6, 0x0076, 0x00B6, 0x0076, 0x00B6, 0x0076, 0x00B6, 0x0076, 0x00B6, 0x0076, 0x00B6,
  0x0076, 0x00B6, 0x0076, 0x00B6, 0x0076, 0x00B6, 0x0076, 0x00B6, 0x00B6, 0x00B6, 0x00B6, 0x00B6,
  0x00B6, 0x00B6, 0x00B6, 0x00B6, 0x00B6, 0x00B6, 0x00B6, 0x00B6, 0x00B6, 0x00B6, 0x00B6, 0x00B6,
  0x00B6, 0x00B6, 0x00B6, 0x00B6, 0x00B6, 0x00B6, 0x00B6, 0x00B6, 0x00B6, 0x00B6, 0x00B6, 0x00B6,
  0x00B6, 0x00B6, 0x00B6, 0x00B6, 0x00B6, 0x00B6, 0x00B6, 0x00B6, 0x00B6, 0x00B6, 0x00B6, 0x00B6,
  0x00B6, 0x00B6, 0x00B6, 0x00B6, 0x00B6, 0x00B6, 0x00B6, 0x00B6, 0x00B6, 0x00B6, 0x00B6, 0x00B6,
  0x00B6, 0x00B6, 0x00B6, 0x00B6, 0x00B6, 0x00B6, 0x00B6, 0x00B6, 0x00B6, 0x00B6, 0x00B6, 0x00B6,
  0x00B6, 0x00B6, 0x00B6, 0x00B6, 0x00B6, 0x00B6, 0x00B6, 0x00B6, 0x00B6, 0x00B6, 0x00B6, 0x00B6,
  0x00B6, 0x00B6, 0x00B6, 0x00B6, 0x00B6, 0x00B6, 0x00B6, 0x00B6, 0x00B6, 0x00B6, 0x00B6, 0x00B6,
  0x00B6, 0x00B6, 0x00B6, 0x00B6, 0x00B6, 0x00B6, 0x00B6, 0x00B6, 0x00B6, 0x00B6, 0x00B6, 0x00B6,
  0x00B6, 0x00B6, 0x00B6, 0x00B6, 0x00B6, 0x00B6, 0x00B6, 0x00B6, 0xFFFF, 0xFFFF, 0xFFFF, 0x2A93,
  0x0012, 0x0217, 0x0077, 0x00B7, 0x0076, 0x2076, 0x5816, 0x00B5, 0x00B7, 0x0036, 0x0012, 0x047D,
  0x07DF, 0x02F7, 0x0015, 0x00B7, 0x00B6, 0x00B7, 0x00B6, 0x00B7, 0x00B7, 0x00B7, 0x00B6, 0x00B7,
  0x00B7, 0x00B7, 0x00B6, 0x00B6, 0x00B6, 0x00B7, 0x0016, 0x3B38, 0xF7BE, 0x0012, 0x0873, 0xDF7E,
  0xFFFF, 0xFFFF, 0xFFFF, 0xFFFF, 0xFFFF, 0xFFFF, 0xFFFF, 0xFFFF, 0xFFFF, 0xFFFF, 0xFFFF, 0xFFFF,
  0xFFFF, 0xFFFF, 0xFFFF, 0xFFFF, 0xFFFF, 0xFFFF, 0xFFFF, 0xF7BE, 0xFFBF, 0xFFFF, 0xFFFF, 0xFFFF,
  0xFFFF, 0xFFFF, 0xFFFF, 0xFFFF, 0xFFFF, 0xFFFF, 0xFFFF, 0x29D5, 0x0015, 0x00B7, 0x00B6, 0x00B6,
  0x00B7, 0x00B6, 0x00B7, 0x0076, 0x00B7, 0x00B7, 0x00B6, 0x0077, 0x00B6, 0x0077, 0x00B6, 0x0077,
  0x00B7, 0x0076, 0x00B6, 0x00B7, 0x00B7, 0x00B6, 0x00B7, 0x00B7, 0x00B6, 0x00B7, 0x00B6, 0x00B6,
  0x00B7, 0x00B6, 0x00B7, 0x00B6, 0x00B7, 0x00B6, 0x00B6, 0x00B7, 0x00B6, 0x00B7, 0x00B7, 0x0015,
  0x00B5, 0xCF3D, 0xFF7D, 0x94D3, 0xA596, 0x7C10, 0x94D3, 0x661C, 0x07DF, 0x07DF, 0x859B, 0xFFFF,
  0xE7BE, 0x1A97, 0x0034, 0x00B7, 0x00B6, 0x00B7, 0x00B6, 0x00B7, 0x00B7, 0x00B6, 0x00B6, 0x00B7,
  0x00B6, 0x00B6, 0x00B6, 0x00B7, 0x00B6, 0x00B6, 0x00B6, 0x00B6, 0x00B6, 0x00B6, 0x00B6, 0x00B6,
  0x00B7, 0x00B6, 0x00B7, 0x00B6, 0x00B6, 0x00B7, 0x00B6, 0x00B6, 0x00B7, 0x00B6, 0x00B6, 0x00B6,
  0x00B6, 0x00B6, 0x00B6, 0x00B7, 0x00B6, 0x00B6, 0x00B6, 0x00B7, 0x00B6, 0x00B6, 0x00B6, 0x00B7,
  0x00B6, 0x0076, 0x00B6, 0x00B6, 0x00B7, 0x00B6, 0x00B7, 0x00B6, 0x00B7, 0x0076, 0x00B7, 0x00B6,
  0x00B7, 0x0076, 0x00B7, 0x00B7, 0x00B6, 0x0077, 0x00B6, 0x00B7, 0x00B6, 0x0077, 0x00B6, 0x00B7,
  0x00B6, 0x0077, 0x00B7, 0x00B6, 0x00B7, 0x00B7, 0x00B6, 0x00B7, 0x00B6, 0x00B7, 0x00B6, 0x00B7,
  0x00B6, 0x00B7, 0x00B7, 0x00B6, 0x0077, 0x00B6, 0x0076, 0x00B6, 0x0076, 0x00B6, 0x0076, 0x00B6,
  0x0076, 0x00B6, 0x0076, 0x00B6, 0x0076, 0x00B6, 0x0076, 0x00B6, 0x0076, 0x00B6, 0x0076, 0x00B6,
  0x0076, 0x00B6, 0x0076, 0x00B6, 0x0076, 0x00B6, 0x0076, 0x00B6, 0x0076, 0x00B6, 0x0076, 0x00B6,
  0x0076, 0x00B6, 0x0076, 0x00B6, 0x0076, 0x00B6, 0x0076, 0x00B6, 0x0076, 0x00B6, 0x0076, 0x00B6,
  0x0076, 0x00B6, 0x0076, 0x00B6, 0x0076, 0x00B6, 0x0076, 0x00B6, 0x0076, 0x00B6, 0x0076, 0x00B6,
  0x0076, 0x00B6, 0x0076, 0x00B6, 0x0076, 0x00B6, 0x0076, 0x00B6, 0x0076, 0x00B6, 0x0076, 0x00B6,
  0x0076, 0x00B6, 0x0076, 0x00B6, 0x0076, 0x00B6, 0x0076, 0x00B6, 0x0076, 0x00B6, 0x0076, 0x00B6,
  0x0076, 0x00B6, 0x0076, 0x00B6, 0x0076, 0x00B6, 0x0076, 0x00B6, 0x0076, 0x00B6, 0x0076, 0x00B6,
  0x0076, 0x00B6, 0x0076, 0x00B6, 0x0076, 0x00B6, 0x0076, 0x00B6, 0x0076, 0x00B6, 0x0076, 0x00B6,
  0x0076, 0x00B6, 0x0076, 0x00B6, 0xFFFF, 0xFFFF, 0xFFFF, 0xDEDB, 0x0012, 0x0017, 0x00B7, 0x00B6,
  0x00B6, 0x00B6, 0x00F6, 0x00B6, 0x00B6, 0x00B7, 0x0016, 0x0074, 0x065F, 0x047D, 0x0015, 0x0077,
  0x00B6, 0x00B6, 0x00B7, 0x00B6, 0x00B7, 0x00B6, 0x00B7, 0x0077, 0x00B6, 0x00B7, 0x00B6, 0x00B7,
  0x00B6, 0x0077, 0x0078, 0x0015, 0xE7BE, 0x7C39, 0x0012, 0x0217, 0xFFFF, 0xFFFF, 0xFFFF, 0xFFFF,
  0xFFFF, 0xFFFF, 0xFFFF, 0xFFFF, 0xFFFF, 0xFFFF, 0xFFFF, 0xFFFF, 0xFFFF, 0xFFFF, 0xFFFF, 0xFFFF,
  0xFFFF, 0xFFFF, 0xFFFF, 0xFF7D, 0x7C10, 0xC67A, 0xFFFF, 0xFFFF, 0xFFFF, 0xFFFF, 0xFFFF, 0xFFFF,
  0xFFFF, 0xFFFF, 0xFFFF, 0xBDF8, 0x0012, 0x0077, 0x00B6, 0x0077, 0x00B6, 0x0077, 0x00B6, 0x00B7,
  0x0076, 0x00B7, 0x00B6, 0x00B7, 0x00B6, 0x00B7, 0x00B6, 0x00B7, 0x00B6, 0x00B7, 0x0077, 0x00B6,
  0x0076, 0x00B7, 0x0076, 0x00B6, 0x0077, 0x00B6, 0x00B7, 0x00B6, 0x00B7, 0x00B6, 0x00B6, 0x00B6,
  0x00B6, 0x00B7, 0x00B6, 0x00B6, 0x00B7, 0x00B6, 0x0076, 0x00B7, 0x0012, 0x1915, 0xA596, 0xDEDB,
  0xBDF8, 0xA596, 0x253A, 0x07DF, 0xB7DF, 0x253A, 0x9E3B, 0xFFFF, 0xCF3D, 0x01D6, 0x0015, 0x00B7,
  0x00B6, 0x00B7, 0x00B6, 0x00B6, 0x00B6, 0x00B7, 0x00B6, 0x00B7, 0x0076, 0x00B7, 0x00B7, 0x00B6,
  0x00B7, 0x00B7, 0x00B7, 0x00B7, 0x00B7, 0x00B6, 0x00B7, 0x00B6, 0x00B6, 0x00B7, 0x0076, 0x00B7,
  0x00B6, 0x00B6, 0x0077, 0x00B7, 0x0076, 0x00B7, 0x0077, 0x00B7, 0x0077, 0x00B7, 0x0077, 0x00B6,
  0x00B7, 0x00B6, 0x00B7, 0x00B6, 0x0077, 0x00B6, 0x0077, 0x00B6, 0x0077, 0x00B6, 0x0076, 0x0076,
  0x00B6, 0x0077, 0x00B6, 0x0076, 0x00B6, 0x0077, 0x00B6, 0x0076, 0x00B6, 0x0076, 0x00B6, 0x0076,
  0x00B6, 0x0076, 0x00B6, 0x0076, 0x00B6, 0x0076, 0x00B6, 0x0076, 0x00B6, 0x0076, 0x00B6, 0x0076,
  0x0076, 0x0076, 0x0076, 0x0076, 0x0076, 0x0076, 0x0076, 0x0076, 0x0076, 0x0076, 0x0076, 0x00B6,
  0x00B6, 0x0077, 0x00B6, 0x00B6, 0x00B6, 0x0076, 0x00B6, 0x00B6, 0x00B6, 0x0076, 0x00B6, 0x00B6,
  0x00B6, 0x0076, 0x00B6, 0x00B6, 0x00B6, 0x0076, 0x00B6, 0x00B6, 0x00B6, 0x0076, 0x00B6, 0x00B6,
  0x00B6, 0x0076, 0x00B6, 0x00B6, 0x00B6, 0x0076, 0x00B6, 0x00B6, 0x00B6, 0x0076, 0x00B6, 0x00B6,
  0x00B6, 0x0076, 0x00B6, 0x00B6, 0x00B6, 0x0076, 0x00B6, 0x00B6, 0x00B6, 0x0076, 0x00B6, 0x00B6,
  0x00B6, 0x0076, 0x00B6, 0x00B6, 0x00B6, 0x0076, 0x00B6, 0x00B6, 0x00B6, 0x0076, 0x00B6, 0x00B6,
  0x00B6, 0x0076, 0x00B6, 0x00B6, 0x00B6, 0x0076, 0x00B6, 0x00B6, 0x00B6, 0x0076, 0x00B6, 0x00B6,
  0x00B6, 0x0076, 0x00B6, 0x00B6, 0x00B6, 0x0076, 0x00B6, 0x00B6, 0x00B6, 0x0076, 0x00B6, 0x00B6,
  0x00B6, 0x0076, 0x00B6, 0x00B6, 0x00B6, 0x0076, 0x00B6, 0x00B6, 0x00B6, 0x0076, 0x00B6, 0x00B6,
  0x00B6, 0x0076, 0x00B6, 0x00B6, 0x00B6, 0x0076, 0x00B6, 0x00B6, 0x00B6, 0x0076, 0x00B6, 0x00B6,
  0xFFFF, 0xFFFF, 0xFFFF, 0xFFFF, 0x0196, 0x0015, 0x00B6, 0x0076, 0x00B6, 0x00B6, 0x0076, 0x00B7,
  0x0077, 0x00B7, 0x00B7, 0x0015, 0x0156, 0x033A, 0x00B6, 0x0077, 0x00B6, 0x00B6, 0x0076, 0x00B7,
  0x00B6, 0x0077, 0x00B6, 0x00B7, 0x00B6, 0x0077, 0x00B6, 0x00B6, 0x00B7, 0x0076, 0x0077, 0x0015,
  0x6397, 0xEFBD, 0x0012, 0x0015, 0x7C39, 0xFFFF, 0xFFFF, 0xFFFF, 0xFFFF, 0xFFFF, 0xFFFF, 0xFFFF,
  0xFFFF, 0xFFFF, 0xFFFF, 0xFFFF, 0xFFFF, 0xFFFF, 0xEFBD, 0xA596, 0xEF5D, 0xFFFF, 0xFFFF, 0xFFBE,
  0x0516, 0x05FB, 0x9E3B, 0xA596, 0xFFFF, 0xFFFF, 0xFFFF, 0xFFFF, 0xFFFF, 0xFFFF, 0xFFFF, 0xF7FF,
  0x29D5, 0x0015, 0x00B7, 0x0076, 0x00B6, 0x0076, 0x00B6, 0x0076, 0x00B7, 0x0076, 0x0076, 0x0076,
  0x0077, 0x0076, 0x0076, 0x0076, 0x0077, 0x00B6, 0x0076, 0x00B7, 0x0076, 0x00B6, 0x0077, 0x00B6,
  0x0076, 0x00B7, 0x0076, 0x00B7, 0x0076, 0x00B7, 0x0076, 0x00B7, 0x0077, 0x00B6, 0x0077, 0x00B6,
  0x0077, 0x00B7, 0x00B7, 0x0076, 0x00B6, 0x0016, 0x0012, 0x94D3, 0xA596, 0x671E, 0x671E, 0xB7DF,
  0x05FB, 0x253A, 0xF7FF, 0xFFFF, 0xBEDD, 0x0154, 0x0034, 0x0077, 0x00B7, 0x00B6, 0x0077, 0x00B7,
  0x0077, 0x00B6, 0x0077, 0x00B6, 0x00B7, 0x0076, 0x00B6, 0x0077, 0x0077, 0x0077, 0x0077, 0x0077,
  0x0077, 0x0077, 0x0077, 0x0077, 0x0077, 0x0076, 0x00B7, 0x0076, 0x0077, 0x0076, 0x00B7, 0x0076,
  0x00B7, 0x0076, 0x00B7, 0x0076, 0x00B7, 0x0076, 0x00B7, 0x0076, 0x0077, 0x0076, 0x0077, 0x0076,
  0x00B6, 0x0077, 0x00B6, 0x0077, 0x00B6, 0x0076, 0x00B6, 0x00B6, 0x0076, 0x00B6, 0x0076, 0x00B6,
  0x0076, 0x00B6, 0x0076, 0x00B6, 0x0076, 0x00B6, 0x0076, 0x00B6, 0x0076, 0x00B6, 0x0076, 0x00B6,
  0x0076, 0x00B6, 0x0076, 0x00B6, 0x0076, 0x00B6, 0x0076, 0x00B6, 0x00B6, 0x00B6, 0x00B6, 0x00B6,
  0x00B6, 0x00B6, 0x00B6, 0x00B6, 0x00B6, 0x00B6, 0x00B6, 0x0076, 0x00B6, 0x0076, 0x00B6, 0x0076,
  0x00B6, 0x0076, 0x00B6, 0x0076, 0x00B6, 0x0076, 0x00B6, 0x0076, 0x00B6, 0x0076, 0x00B6, 0x0076,
  0x00B6, 0x0076, 0x00B6, 0x0076, 0x00B6, 0x0076, 0x00B6, 0x0076, 0x00B6, 0x0076, 0x00B6, 0x0076,
  0x00B6, 0x0076, 0x00B6, 0x0076, 0x00B6, 0x0076, 0x00B6, 0x0076, 0x00B6, 0x0076, 0x00B6, 0x0076,
  0x00B6, 0x0076, 0x00B6, 0x0076, 0x00B6, 0x0076, 0x00B6, 0x0076, 0x00B6, 0x0076, 0x00B6, 0x0076,
  0x00B6, 0x0076, 0x00B6, 0x0076, 0x00B6, 0x0076, 0x00B6, 0x0076, 0x00B6, 0x0076, 0x00B6, 0x0076,
  0x00B6, 0x0076, 0x00B6, 0x0076, 0x00B6, 0x0076, 0x00B6, 0x0076, 0x00B6, 0x0076, 0x00B6, 0x0076,
  0x00B6, 0x0076, 0x00B6, 0x0076, 0x00B6, 0x0076, 0x00B6, 0x0076, 0x00B6, 0x0076, 0x00B6, 0x0076,
  0x00B6, 0x0076, 0x00B6, 0x0076, 0x00B6, 0x0076, 0x00B6, 0x0076, 0x00B6, 0x0076, 0x00B6, 0x0076,
  0x00B6, 0x0076, 0x00B6, 0x0076, 0x00B6, 0x0076, 0x00B6, 0x0076, 0x073E, 0xB7DF, 0xFFFF, 0xFFFF,
  0x7CDA, 0x0012, 0x0077, 0x00B7, 0x0076, 0x00B6, 0x0076, 0x00B6, 0x0077, 0x00B6, 0x0077, 0x0077,
  0x0036, 0x0076, 0x00B7, 0x0077, 0x00B7, 0x0076, 0x00B7, 0x00B7, 0x0077, 0x00B6, 0x00B7, 0x00B7,
  0x0077, 0x00B6, 0x00B7, 0x0076, 0x00B7, 0x0076, 0x00B7, 0x0017, 0x0015, 0x9E3B, 0x1A97, 0x0012,
  0x0015, 0x859B, 0xFFFF, 0xFFFF, 0xFFFF, 0xFFFF, 0xFFFF, 0xFFFF, 0xFFFF, 0xFFFF, 0xFFFF, 0xFFFF,
  0xFFFF, 0xFFFF, 0xF7BE, 0xDEDB, 0xF7FF, 0xFFFF, 0xE7BE, 0x94D3, 0x07DF, 0x07FF, 0x065A, 0x02ED,
  0xA596, 0xDFFF, 0xF7FF, 0xFFFF, 0xFFFF, 0xFFFF, 0xFFFF, 0xFFBF, 0x9E3B, 0x0015, 0x0077, 0x0076,
  0x00B6, 0x0077, 0x00B6, 0x0077, 0x00B6, 0x0077, 0x00B6, 0x00B7, 0x00B6, 0x00B7, 0x00B7, 0x00B6,
  0x00B6, 0x00B7, 0x0076, 0x00B6, 0x0077, 0x00B6, 0x0076, 0x00B6, 0x0077, 0x00B6, 0x00B7, 0x00B7,
  0x00B7, 0x00B7, 0x00B7, 0x00B6, 0x00B7, 0x00B7, 0x00B7, 0x00B7, 0x00B7, 0x00B7, 0x0077, 0x00B7,
  0x00B7, 0x0077, 0x0015, 0x0012, 0x859B, 0x671E, 0x6FDF, 0x6FDF, 0x2C79, 0xA75D, 0xFFFF, 0xFFFF,
  0x9E3B, 0x0034, 0x0036, 0x00B6, 0x0076, 0x0077, 0x00B7, 0x00B6, 0x00B7, 0x0076, 0x00B6, 0x0076,
  0x00B6, 0x0077, 0x00B6, 0x0076, 0x00B7, 0x00B6, 0x00B6, 0x00B6, 0x00B6, 0x00B7, 0x00B6, 0x00B7,
  0x0076, 0x00B7, 0x0076, 0x0077, 0x00B6, 0x00B7, 0x0076, 0x0077, 0x00B6, 0x0077, 0x00B6, 0x0077,
  0x00B6, 0x0077, 0x00B6, 0x0077, 0x00B6, 0x00B7, 0x00B6, 0x00B6, 0x0077, 0x00B6, 0x0077, 0x00B6,
  0x0076, 0x00B6, 0x0076, 0x0076, 0x00B6, 0x0076, 0x00B6, 0x0076, 0x00B6, 0x0076, 0x00B6, 0x0076,
  0x00B6, 0x0076, 0x00B6, 0x0076, 0x00B6, 0x0076, 0x00B6, 0x0076, 0x00B6, 0x0076, 0x00B6, 0x0076,
  0x00B6, 0x0076, 0x00B6, 0x0076, 0x0076, 0x0076, 0x0076, 0x0076, 0x0076, 0x0076, 0x0076, 0x0076,
  0x0076, 0x0076, 0x0076, 0x00B6, 0x0076, 0x00B6, 0x0076, 0x00B6, 0x0076, 0x00B6, 0x0076, 0x00B6,
  0x0076, 0x00B6, 0x0076, 0x00B6, 0x0076, 0x00B6, 0x0076, 0x00B6, 0x0076, 0x00B6, 0x0076, 0x00B6,
  0x0076, 0x00B6, 0x0076, 0x00B6, 0x0076, 0x00B6, 0x0076, 0x00B6, 0x0076, 0x00B6, 0x0076, 0x00B6,
  0x0076, 0x00B6, 0x0076, 0x00B6, 0x0076, 0x00B6, 0x0076, 0x00B6, 0x0076, 0x00B6, 0x0076, 0x00B6,
  0x0076, 0x00B6, 0x0076, 0x00B6, 0x0076, 0x00B6, 0x0076, 0x00B6, 0x0076, 0x00B6, 0x0076, 0x00B6,
  0x0076, 0x00B6, 0x0076, 0x00B6, 0x0076, 0x00B6, 0x0076, 0x00B6, 0x0076, 0x00B6, 0x0076, 0x00B6,
  0x0076, 0x00B6, 0x0076, 0x00B6, 0x0076, 0x00B6, 0x0076, 0x00B6, 0x0076, 0x00B6, 0x0076, 0x00B6,
  0x0076, 0x00B6, 0x0076, 0x00B6, 0x0076, 0x00B6, 0x0076, 0x00B6, 0x0076, 0x00B6, 0x0076, 0x00B6,
  0x0076, 0x00B6, 0x0076, 0x00B6, 0x0076, 0x00B6, 0x0076, 0x00B6, 0x0076, 0x00B6, 0x0076, 0x00B6,
  0x0076, 0x0076, 0x00B6, 0x0076, 0x06BF, 0x06BE, 0x079F, 0xF7FF, 0xFFFF, 0x29D5, 0x0016, 0x0077,
  0x00B6, 0x0077, 0x00B6, 0x0077, 0x00B6, 0x00B7, 0x0076, 0x00B6, 0x0077, 0x0076, 0x0077, 0x00B7,
  0x00B6, 0x0077, 0x0076, 0x0077, 0x00B6, 0x0077, 0x0076, 0x0077, 0x00B6, 0x0077, 0x0076, 0x00B7,
  0x0076, 0x00B7, 0x0077, 0x00B7, 0x0015, 0x0217, 0x7C39, 0x0012, 0x0016, 0x0015, 0xCF3D, 0xFFFF,
  0xFFFF, 0xFFFF, 0xFFFF, 0xFFFF, 0xFFFF, 0xFFFF, 0xFFFF, 0xFFFF, 0xFFFF, 0xFFFF, 0xFFFF, 0xFFFF,
  0xEFBD, 0xFFFF, 0xDEDB, 0x05B8, 0x07DF, 0x079E, 0x07DF, 0x07DF, 0x063B, 0xFFFF, 0xA596, 0x94D3,
  0xF7FF, 0xFFFF, 0xFFFF, 0xFFFF, 0xFFFF, 0x1915, 0x0015, 0x0077, 0x0077, 0x00B6, 0x0077, 0x00B6,
  0x0076, 0x00B7, 0x0076, 0x0077, 0x0076, 0x0077, 0x0076, 0x0077, 0x0076, 0x0076, 0x00B7, 0x0076,
  0x00B6, 0x0077, 0x00B6, 0x0077, 0x00B6, 0x0077, 0x0077, 0x0076, 0x0076, 0x0077, 0x0076, 0x0077,
  0x0076, 0x0077, 0x0076, 0x0076, 0x0076, 0x0076, 0x00B6, 0x0077, 0x0076, 0x00B7, 0x0076, 0x0036,
  0x00D3, 0x671E, 0xDFFF, 0x2C79, 0x671E, 0xEFFE, 0xFFFF, 0xFFFF, 0x859B, 0x0016, 0x0036, 0x0077,
  0x0076, 0x00B6, 0x0076, 0x0077, 0x0076, 0x00B7, 0x0077, 0x00B7, 0x0077, 0x00B6, 0x0077, 0x00B7,
  0x0076, 0x0077, 0x0077, 0x0076, 0x0077, 0x0076, 0x0076, 0x0076, 0x0077, 0x0076, 0x0077, 0x00B6,
  0x0077, 0x0076, 0x0077, 0x00B6, 0x0077, 0x0076, 0x0077, 0x0076, 0x0077, 0x0076, 0x0077, 0x0076,
  0x0077, 0x0076, 0x0077, 0x0077, 0x0076, 0x0077, 0x0076, 0x0077, 0x00B6, 0x0076, 0x0076, 0x0076,
  0x0076, 0x0076, 0x0076, 0x0076, 0x0076, 0x0076, 0x0076, 0x0076, 0x0076, 0x0076, 0x0076, 0x0076,
  0x0076, 0x0076, 0x0076, 0x0076, 0x0076, 0x0076, 0x0076, 0x0076, 0x0076, 0x0076, 0x0076, 0x0076,
  0x00B6, 0x0076, 0x00B6, 0x0076, 0x00B6, 0x0076, 0x00B6, 0x0076, 0x00B6, 0x0076, 0x0076, 0x0076,
  0x0076, 0x0076, 0x0076, 0x0076, 0x0076, 0x0076, 0x0076, 0x0076, 0x0076, 0x0076, 0x0076, 0x0076,
  0x0076, 0x0076, 0x0076, 0x0076, 0x0076, 0x0076, 0x0076, 0x0076, 0x0076, 0x0076, 0x0076, 0x0076,
  0x0076, 0x0076, 0x0076, 0x0076, 0x0076, 0x0076, 0x0076, 0x0076, 0x0076, 0x0076, 0x0076, 0x0076,
  0x0076, 0x0076, 0x0076, 0x0076, 0x0076, 0x0076, 0x0076, 0x0076, 0x0076, 0x0076, 0x0076, 0x0076,
  0x0076, 0x0076, 0x0076, 0x0076, 0x0076, 0x0076, 0x0076, 0x0076, 0x0076, 0x0076, 0x0076, 0x0076,
  0x0076, 0x0076, 0x0076, 0x0076, 0x0076, 0x0076, 0x0076, 0x0076, 0x0076, 0x0076, 0x0076, 0x0076,
  0x0076, 0x0076, 0x0076, 0x0076, 0x0076, 0x0076, 0x0076, 0x0076, 0x0076, 0x0076, 0x0076, 0x0076,
  0x0076, 0x0076, 0x0076, 0x0076, 0x0076, 0x0076, 0x0076, 0x0076, 0x0076, 0x0076, 0x0076, 0x0076,
  0x0076, 0x0076, 0x0076, 0x0076, 0x0076, 0x0076, 0x0076, 0x0076, 0x0076, 0x00B6, 0x0076, 0x0076,
  0x06FF, 0x06BF, 0x065E, 0x071F, 0xDFFF, 0x7C39, 0x0012, 0x0078, 0x0076, 0x0076, 0x0077, 0x0076,
  0x0076, 0x00B6, 0x0076, 0x00B7, 0x0076, 0x0077, 0x0076, 0x0076, 0x00B7, 0x00B6, 0x0077, 0x0076,
  0x0077, 0x00B6, 0x0077, 0x0076, 0x0077, 0x00B6, 0x0077, 0x0076, 0x0077, 0x0077, 0x00B6, 0x0076,
  0x0077, 0x0015, 0x7CDA, 0x29D5, 0x0016, 0x0016, 0x29D5, 0xEFBF, 0xFFFF, 0xFFFF, 0xFFFF, 0xFFFF,
  0xFFFF, 0xFFFF, 0xFFFF, 0xFFFF, 0xFFFF, 0xFFFF, 0xFFFF, 0xFFFF, 0xEF5D, 0xFFFF, 0xCF3D, 0x063B,
  0x07DF, 0x07DF, 0x07DF, 0x07DF, 0x07DF, 0xB7DF, 0xBDF8, 0x632C, 0xBEDD, 0xF7FF, 0xFFFF, 0xFFFF,
  0xFFFF, 0x7C39, 0x0012, 0x0076, 0x0076, 0x0077, 0x0076, 0x0077, 0x0076, 0x0076, 0x00B7, 0x0076,
  0x00B6, 0x0076, 0x00B6, 0x0077, 0x00B7, 0x0076, 0x00B7, 0x0077, 0x00B7, 0x0076, 0x00B7, 0x0076,
  0x00B7, 0x00B6, 0x00B7, 0x00B6, 0x00B7, 0x00B6, 0x00B7, 0x00B7, 0x00B6, 0x00B7, 0x00B6, 0x0077,
  0x00B7, 0x0077, 0x00B7, 0x00B6, 0x0077, 0x0076, 0x00B7, 0x0076, 0x0012, 0x0217, 0x661C, 0xBDF8,
  0xFFFF, 0xFFFF, 0xFFFF, 0xBEDD, 0x29D5, 0x0015, 0x0077, 0x0076, 0x0077, 0x0076, 0x0077, 0x0076,
  0x0077, 0x0076, 0x00B6, 0x0076, 0x00B6, 0x0077, 0x00B6, 0x0077, 0x00B6, 0x0076, 0x00B6, 0x0077,
  0x00B6, 0x0077, 0x00B7, 0x0076, 0x00B7, 0x0076, 0x0077, 0x0077, 0x0077, 0x0077, 0x0077, 0x0077,
  0x0077, 0x00B7, 0x0077, 0x00B7, 0x0076, 0x00B7, 0x0077, 0x00B7, 0x0077, 0x00B7, 0x0076, 0x00B7,
  0x0076, 0x00B6, 0x0077, 0x0076, 0x0076, 0x00B6, 0x00B6, 0x0076, 0x00B6, 0x0076, 0x00B7, 0x0076,
  0x00B7, 0x0076, 0x00B7, 0x0076, 0x00B6, 0x0077, 0x00B6, 0x0077, 0x00B6, 0x0077, 0x00B6, 0x0076,
  0x00B7, 0x0076, 0x00B7, 0x0076, 0x00B7, 0x0076, 0x00B7, 0x0076, 0x0077, 0x0076, 0x0077, 0x0076,
  0x0077, 0x0076, 0x0077, 0x0076, 0x0077, 0x00B6, 0x0077, 0x00B6, 0x0077, 0x00B6, 0x0077, 0x00B6,
  0x0077, 0x00B6, 0x0076, 0x00B7, 0x0076, 0x00B6, 0x0077, 0x00B6, 0x0076, 0x00B7, 0x0076, 0x00B6,
  0x0077, 0x00B6, 0x0076, 0x00B7, 0x0076, 0x00B6, 0x0077, 0x00B6, 0x0076, 0x00B7, 0x0076, 0x00B6,
  0x0077, 0x00B6, 0x0076, 0x00B7, 0x0076, 0x00B6, 0x0077, 0x00B6, 0x0076, 0x00B7, 0x0076, 0x00B6,
  0x0077, 0x00B6, 0x0076, 0x00B7, 0x0076, 0x00B6, 0x0077, 0x00B6, 0x0076, 0x00B7, 0x0076, 0x00B6,
  0x0077, 0x00B6, 0x0076, 0x00B7, 0x0076, 0x00B6, 0x0077, 0x00B6, 0x0076, 0x00B7, 0x0076, 0x00B6,
  0x0077, 0x00B6, 0x0076, 0x00B7, 0x0076, 0x00B6, 0x0077, 0x00B6, 0x0076, 0x00B7, 0x0076, 0x00B6,
  0x0077, 0x00B6, 0x0076, 0x00B7, 0x0076, 0x00B6, 0x0077, 0x00B6, 0x0076, 0x00B7, 0x0076, 0x00B6,
  0x0077, 0x00B6, 0x0076, 0x00B7, 0x0076, 0x00B6, 0x0077, 0x00B6, 0x0076, 0x00B7, 0x0076, 0x00B6,
  0x0077, 0x00B6, 0x0076, 0x00B7, 0x0076, 0x0076, 0x0077, 0x00B6, 0x06FF, 0x06BE, 0x06FE, 0x06BE,
  0x07DF, 0x05FB, 0x0015, 0x0077, 0x0077, 0x00B7, 0x0076, 0x00B7, 0x0076, 0x0076, 0x0077, 0x0076,
  0x00B7, 0x0076, 0x00B6, 0x0077, 0x0076, 0x0077, 0x0077, 0x00B6, 0x0077, 0x0076, 0x0076, 0x00B7,
  0x0076, 0x0076, 0x00B6, 0x0077, 0x00B6, 0x0077, 0x0076, 0x00B7, 0x0077, 0x0016, 0x0217, 0x7CDA,
  0x0036, 0x0017, 0x0015, 0x3B38, 0xFFFF, 0xFFFF, 0xFFFF, 0xFFFF, 0xFFFF, 0xFFFF, 0xFFFF, 0xFFFF,
  0xFFFF, 0xFFFF, 0xFFFF, 0xC67A, 0xA596, 0xEFFE, 0x9E3B, 0x05B8, 0x07DF, 0x07DF, 0x07FF, 0x07FF,
  0x079E, 0x075F, 0xF7FF, 0xFFFF, 0xBDF8, 0x661C, 0xFFFF, 0xFFFF, 0xFFFF, 0xEFBD, 0x0873, 0x0016,
  0x00B7, 0x0076, 0x00B6, 0x0077, 0x00B6, 0x0077, 0x0076, 0x0077, 0x0076, 0x0076, 0x0077, 0x0076,
  0x0076, 0x0077, 0x0076, 0x0076, 0x0076, 0x0077, 0x0076, 0x0077, 0x0076, 0x0077, 0x0076, 0x0077,
  0x0076, 0x0077, 0x0076, 0x0076, 0x0077, 0x0076, 0x0076, 0x0077, 0x0076, 0x0076, 0x0076, 0x0076,
  0x00B6, 0x0077, 0x0076, 0x00B7, 0x0017, 0x0012, 0x9E3B, 0xFFFF, 0xFFFF, 0xFFFF, 0x9E3B, 0x00D3,
  0x0012, 0x0077, 0x00B6, 0x0077, 0x00B6, 0x0077, 0x00B6, 0x0077, 0x00B7, 0x0076, 0x0077, 0x0076,
  0x0077, 0x0076, 0x0077, 0x0076, 0x0076, 0x0077, 0x0076, 0x0077, 0x0076, 0x0077, 0x0076, 0x0077,
  0x0076, 0x00B7, 0x0076, 0x00B6, 0x0076, 0x00B6, 0x0076, 0x00B7, 0x0076, 0x0076, 0x0077, 0x0076,
  0x0077, 0x0077, 0x0077, 0x0076, 0x0077, 0x0076, 0x0077, 0x0077, 0x0077, 0x0076, 0x00B6, 0x0077,
  0x00B6, 0x0077, 0x0076, 0x0076, 0x00B7, 0x0076, 0x0076, 0x0076, 0x0076, 0x0076, 0x0076, 0x0076,
  0x0076, 0x0076, 0x0076, 0x0076, 0x0076, 0x0076, 0x0076, 0x0076, 0x0076, 0x0076, 0x0076, 0x0076,
  0x0076, 0x0076, 0x0076, 0x00B6, 0x0076, 0x00B6, 0x0076, 0x00B6, 0x0076, 0x00B6, 0x0076, 0x00B6,
  0x0076, 0x0076, 0x0076, 0x0076, 0x0076, 0x0076, 0x0076, 0x0076, 0x0076, 0x0076, 0x0076, 0x0076,
  0x0076, 0x0076, 0x0076, 0x0076, 0x0076, 0x0076, 0x0076, 0x0076, 0x0076, 0x0076, 0x0076, 0x0076,
  0x0076, 0x0076, 0x0076, 0x0076, 0x0076, 0x0076, 0x0076, 0x0076, 0x0076, 0x0076, 0x0076, 0x0076,
  0x0076, 0x0076, 0x0076, 0x0076, 0x0076, 0x0076, 0x0076, 0x0076, 0x0076, 0x0076, 0x0076, 0x0076,
  0x0076, 0x0076, 0x0076, 0x0076, 0x0076, 0x0076, 0x0076, 0x0076, 0x0076, 0x0076, 0x0076, 0x0076,
  0x0076, 0x0076, 0x0076, 0x0076, 0x0076, 0x0076, 0x0076, 0x0076, 0x0076, 0x0076, 0x0076, 0x0076,
  0x0076, 0x0076, 0x0076, 0x0076, 0x0076, 0x0076, 0x0076, 0x0076, 0x0076, 0x0076, 0x0076, 0x0076,
  0x0076, 0x0076, 0x0076, 0x0076, 0x0076, 0x0076, 0x0076, 0x0076, 0x0076, 0x0076, 0x0076, 0x0076,
  0x0076, 0x0076, 0x0076, 0x0076, 0x0076, 0x0076, 0x0076, 0x0076, 0x0076, 0x0076, 0x0076, 0x0076,
  0x0076, 0x00B6, 0x0076, 0x0076, 0x06BF, 0x06FF, 0x06FF, 0x06BF, 0x077F, 0x065E, 0x00F6, 0x0015,
  0x0076, 0x0076, 0x0076, 0x0076, 0x0077, 0x0077, 0x00B6, 0x0077, 0x0077, 0x0077, 0x0077, 0x0076,
  0x00B7, 0x0077, 0x00B6, 0x0077, 0x0076, 0x0077, 0x00B7, 0x0076, 0x0076, 0x0077, 0x0077, 0x0076,
  0x0077, 0x0076, 0x0077, 0x0076, 0x0076, 0x0077, 0x0016, 0x3B38, 0x0217, 0x0016, 0x0016, 0x0012,
  0xBEDD, 0xFFFF, 0xFFFF, 0xFFFF, 0xFFFF, 0xFFFF, 0xFFFF, 0xFFFF, 0xFFFF, 0xFFFF, 0xFFFF, 0xBDF8,
  0x41E8, 0xFFFF, 0x94D3, 0x0516, 0x07FF, 0x07DF, 0x0516, 0x063B, 0x07DF, 0x079E, 0x671E, 0xFFFF,
  0xFFBE, 0xA596, 0xA596, 0xDEDB, 0xFFFF, 0xFFBE, 0x6397, 0x0012, 0x0077, 0x0076, 0x0076, 0x0076,
  0x0077, 0x0076, 0x0077, 0x00B6, 0x0076, 0x00B7, 0x0076, 0x00B6, 0x0077, 0x00B6, 0x0077, 0x00B6,
  0x0077, 0x00B6, 0x0077, 0x00B6, 0x0076, 0x00B6, 0x0077, 0x00B6, 0x0077, 0x00B6, 0x0077, 0x00B6,
  0x0077, 0x00B6, 0x0077, 0x00B6, 0x0076, 0x00B7, 0x0077, 0x0076, 0x0077, 0x0076, 0x0077, 0x0076,
  0x0076, 0x0016, 0x7CDA, 0xFFFF, 0xFFFF, 0x9E3B, 0x0873, 0x0012, 0x0077, 0x0077, 0x0077, 0x0076,
  0x0077, 0x0076, 0x0077, 0x0076, 0x0076, 0x0077, 0x00B7, 0x0077, 0x0076, 0x0077, 0x0077, 0x0076,
  0x00B7, 0x0076, 0x0076, 0x0076, 0x0076, 0x0076, 0x0076, 0x0076, 0x0076, 0x0076, 0x0076, 0x0076,
  0x0076, 0x0076, 0x0076, 0x0076, 0x0076, 0x0076, 0x0076, 0x00B6, 0x0076, 0x00B6, 0x0076, 0x00B7,
  0x0076, 0x00B6, 0x0076, 0x00B6, 0x0076, 0x0076, 0x0076, 0x0076, 0x0076, 0x0076, 0x00B6, 0x0076,
  0x0076, 0x0076, 0x00B6, 0x0076, 0x00B6, 0x0076, 0x00B6, 0x0076, 0x0076, 0x0076, 0x00B6, 0x0076,
  0x0076, 0x0076, 0x00B6, 0x0076, 0x00B6, 0x0076, 0x00B6, 0x0076, 0x00B6, 0x0076, 0x0076, 0x0076,
  0x0076, 0x0076, 0x0076, 0x0076, 0x0076, 0x0076, 0x0076, 0x0076, 0x0076, 0x00B6, 0x0076, 0x00B6,
  0x0076, 0x00B6, 0x0076, 0x00B6, 0x0076, 0x00B6, 0x0076, 0x00B6, 0x0076, 0x00B6, 0x0076, 0x00B6,
  0x0076, 0x00B6, 0x0076, 0x00B6, 0x0076, 0x00B6, 0x0076, 0x00B6, 0x0076, 0x00B6, 0x0076, 0x00B6,
  0x0076, 0x00B6, 0x0076, 0x00B6, 0x0076, 0x00B6, 0x0076, 0x00B6, 0x0076, 0x00B6, 0x0076, 0x00B6,
  0x0076, 0x00B6, 0x0076, 0x00B6, 0x0076, 0x00B6, 0x0076, 0x00B6, 0x0076, 0x00B6, 0x0076, 0x00B6,
  0x0076, 0x00B6, 0x0076, 0x00B6, 0x0076, 0x00B6, 0x0076, 0x00B6, 0x0076, 0x00B6, 0x0076, 0x00B6,
  0x0076, 0x00B6, 0x0076, 0x00B6, 0x0076, 0x00B6, 0x0076, 0x00B6, 0x0076, 0x00B6, 0x0076, 0x00B6,
  0x0076, 0x00B6, 0x0076, 0x00B6, 0x0076, 0x00B6, 0x0076, 0x00B6, 0x0076, 0x00B6, 0x0076, 0x00B6,
  0x0076, 0x00B6, 0x0076, 0x00B6, 0x0076, 0x00B6, 0x0076, 0x00B6, 0x0076, 0x00B6, 0x0076, 0x00B6,
  0x0076, 0x00B6, 0x0076, 0x00B6, 0x0076, 0x00B6, 0x0076, 0x00B6, 0x0076, 0x0076, 0x0076, 0x0076,
  0x06FF, 0x06BF, 0x06FF, 0x06FF, 0x06BF, 0x07BF, 0x041A, 0x0012, 0x0077, 0x0077, 0x00B6, 0x0077,
  0x00B6, 0x0076, 0x0076, 0x0076, 0x00B7, 0x0076, 0x00B7, 0x0076, 0x0077, 0x0076, 0x0077, 0x0076,
  0x00B6, 0x0076, 0x0076, 0x0077, 0x00B6, 0x0077, 0x0076, 0x0077, 0x0076, 0x0077, 0x0076, 0x00B7,
  0x0076, 0x0076, 0x0016, 0x00F8, 0x0217, 0x0036, 0x0077, 0x0015, 0x1915, 0xFFFF, 0xFFFF, 0xFFFF,
  0xFFFF, 0xFFFF, 0xFFFF, 0xFFFF, 0xFFFF, 0xDFFF, 0xF7FF, 0xFFFF, 0x2966, 0x94D3, 0x94D3, 0x02ED,
  0x07DF, 0x07DF, 0x0085, 0x02ED, 0x07DF, 0xB7DF, 0xEFFE, 0xFFFF, 0xFFFF, 0xFFFF, 0x7C10, 0xBDF8,
  0xFFFF, 0xFFFF, 0xDEDB, 0x0012, 0x0017, 0x0077, 0x0076, 0x0076, 0x00B6, 0x0076, 0x00B6, 0x0077,
  0x0076, 0x0076, 0x0077, 0x0076, 0x0076, 0x0077, 0x0076, 0x0077, 0x0076, 0x0076, 0x0076, 0x0077,
  0x0077, 0x0076, 0x0076, 0x0077, 0x0076, 0x0077, 0x0076, 0x0077, 0x0076, 0x0077, 0x0076, 0x0077,
  0x0076, 0x0076, 0x0076, 0x00B7, 0x0076, 0x00B6, 0x0076, 0x0076, 0x0076, 0x0036, 0x00B8, 0x3B38,
  0x1A97, 0x00F6, 0x0034, 0x0077, 0x0076, 0x0077, 0x00B7, 0x0077, 0x00B6, 0x0076, 0x0076, 0x0076,
  0x0077, 0x0076, 0x0076, 0x0076, 0x0077, 0x0076, 0x0076, 0x0076, 0x0076, 0x0076, 0x0076, 0x0076,
  0x0076, 0x0076, 0x0076, 0x0076, 0x0076, 0x0076, 0x0076, 0x0076, 0x0076, 0x0076, 0x0076, 0x0076,
  0x0076, 0x0076, 0x0077, 0x0076, 0x0077, 0x0076, 0x0076, 0x0076, 0x0076, 0x0077, 0x0076, 0x0077,
  0x0076, 0x00B6, 0x0076, 0x0076, 0x0076, 0x0076, 0x0076, 0x0076, 0x0076, 0x0076, 0x0076, 0x0076,
  0x0076, 0x0076, 0x0076, 0x0076, 0x00B6, 0x0076, 0x0076, 0x0076, 0x0076, 0x0076, 0x0076, 0x0076,
  0x0076, 0x0076, 0x0076, 0x0076, 0x0076, 0x0076, 0x00B6, 0x0076, 0x0076, 0x0076, 0x0076, 0x0076,
  0x0076, 0x0076, 0x0076, 0x0076, 0x0076, 0x0076, 0x0076, 0x0076, 0x0076, 0x0076, 0x0076, 0x0076,
  0x0076, 0x0076, 0x0076, 0x0076, 0x0076, 0x0076, 0x0076, 0x0076, 0x0076, 0x0076, 0x0076, 0x0076,
  0x0076, 0x0076, 0x0076, 0x0076, 0x0076, 0x0076, 0x0076, 0x0076, 0x0076, 0x0076, 0x0076, 0x0076,
  0x0076, 0x0076, 0x0076, 0x0076, 0x0076, 0x0076, 0x0076, 0x0076, 0x0076, 0x0076, 0x0076, 0x0076,
  0x0076, 0x0076, 0x0076, 0x0076, 0x0076, 0x0076, 0x0076, 0x0076, 0x0076, 0x0076, 0x0076, 0x0076,
  0x0076, 0x0076, 0x0076, 0x0076, 0x0076, 0x0076, 0x0076, 0x0076, 0x0076, 0x0076, 0x0076, 0x0076,
  0x0076, 0x0076, 0x0076, 0x0076, 0x0076, 0x0076, 0x0076, 0x0076, 0x0076, 0x0076, 0x0076, 0x0076,
  0x0076, 0x0076, 0x0076, 0x0076, 0x0076, 0x0076, 0x0076, 0x0076, 0x0076, 0x0076, 0x0076, 0x0076,
  0x0076, 0x0076, 0x0076, 0x0076, 0x0076, 0x0076, 0x0076, 0x0076, 0x0076, 0x0076, 0x0076, 0x0076,
  0x0076, 0x0076, 0x0076, 0x0076, 0x0076, 0x00B6, 0x0076, 0x0076, 0x06FF, 0x06FF, 0x06BF, 0x06FF,
  0x06FF, 0x077F, 0x05DD, 0x0076, 0x0036, 0x0076, 0x0077, 0x0076, 0x0076, 0x0076, 0x0076, 0x0077,
  0x0077, 0x0076, 0x0077, 0x0076, 0x00B6, 0x0076, 0x0076, 0x0077, 0x0076, 0x0077, 0x0076, 0x0076,
  0x0077, 0x00B6, 0x0077, 0x0076, 0x0077, 0x0076, 0x0077, 0x0077, 0x0076, 0x0076, 0x0077, 0x0036,
  0x00F7, 0x00B7, 0x0036, 0x0077, 0x0015, 0x7C39, 0xFFFF, 0xFFFF, 0xFFFF, 0xFFFF, 0xFFFF, 0xFFFF,
  0xFFFF, 0xB7DF, 0x07DF, 0xDFFF, 0x7C10, 0x20C4, 0x94D3, 0x0061, 0x07FF, 0x07DF, 0x0020, 0x1104,
  0x07FF, 0x6FDF, 0xF7FF, 0xFFFF, 0xFFFF, 0xFFFF, 0xFFFF, 0xDEDB, 0xFFFF, 0xFFFF, 0xFFFF, 0x29D5,
  0x0015, 0x0076, 0x00B7, 0x0076, 0x0076, 0x0077, 0x0076, 0x0076, 0x0076, 0x0076, 0x0076, 0x0077,
  0x0076, 0x00B6, 0x0076, 0x00B6, 0x0077, 0x00B6, 0x0077, 0x00B6, 0x0076, 0x00B7, 0x0076, 0x00B6,
  0x0077, 0x00B6, 0x0076, 0x00B6, 0x0076, 0x00B6, 0x0076, 0x00B6, 0x0077, 0x00B6, 0x0077, 0x0076,
  0x0076, 0x0077, 0x0076, 0x0077, 0x0076, 0x0076, 0x0077, 0x0016, 0x0016, 0x0016, 0x0077, 0x0076,
  0x0077, 0x0076, 0x0076, 0x0076, 0x0077, 0x0076, 0x0076, 0x0076, 0x0076, 0x0076, 0x0076, 0x0076,
  0x0076, 0x0076, 0x0076, 0x0076, 0x0076, 0x0076, 0x0076, 0x0076, 0x0076, 0x0076, 0x0076, 0x0076,
  0x0076, 0x0076, 0x0076, 0x0076, 0x0076, 0x0076, 0x0076, 0x0076, 0x0076, 0x0076, 0x0076, 0x0076,
  0x0076, 0x0076, 0x0077, 0x0076, 0x0076, 0x0076, 0x0076, 0x0076, 0x0076, 0x0076, 0x0076, 0x0076,
  0x0076, 0x0076, 0x0076, 0x0076, 0x0077, 0x0076, 0x0076, 0x0076, 0x0076, 0x0076, 0x0076, 0x0076,
  0x0076, 0x0076, 0x0076, 0x0076, 0x0076, 0x0076, 0x0076, 0x0076, 0x0076, 0x0076, 0x0076, 0x0076,
  0x0076, 0x0076, 0x0076, 0x0076, 0x0076, 0x0076, 0x0076, 0x0076, 0x0076, 0x0076, 0x0076, 0x0076,
  0x0076, 0x0076, 0x0076, 0x0076, 0x0076, 0x0076, 0x0076, 0x0076, 0x0076, 0x0076, 0x0076, 0x0076,
  0x0076, 0x0076, 0x0076, 0x0076, 0x0076, 0x0076, 0x0076, 0x0076, 0x0076, 0x0076, 0x0076, 0x0076,
  0x0076, 0x0076, 0x0076, 0x0076, 0x0076, 0x0076, 0x0076, 0x0076, 0x0076, 0x0076, 0x0076, 0x0076,
  0x0076, 0x0076, 0x0076, 0x0076, 0x0076, 0x0076, 0x0076, 0x0076, 0x0076, 0x0076, 0x0076, 0x0076,
  0x0076, 0x0076, 0x0076, 0x0076, 0x0076, 0x0076, 0x0076, 0x0076, 0x0076, 0x0076, 0x0076, 0x0076,
  0x0076, 0x0076, 0x0076, 0x0076, 0x0076, 0x0076, 0x0076, 0x0076, 0x0076, 0x0076, 0x0076, 0x0076,
  0x0076, 0x0076, 0x0076, 0x0076, 0x0076, 0x0076, 0x0076, 0x0076, 0x0076, 0x0076, 0x0076, 0x0076,
  0x0076, 0x0076, 0x0076, 0x0076, 0x0076, 0x0076, 0x0076, 0x0076, 0x0076, 0x0076, 0x0076, 0x0076,
  0x0076, 0x0076, 0x0076, 0x0076, 0x0076, 0x0076, 0x0076, 0x0076, 0x0076, 0x0076, 0x0076, 0x0076,
  0x0076, 0x0076, 0x0076, 0x0076, 0x06FE, 0x06BF, 0x06FF, 0x06FF, 0x06BF, 0x077F, 0x075F, 0x0197,
  0x0015, 0x0077, 0x0076, 0x0076, 0x0076, 0x0077, 0x0076, 0x0076, 0x0076, 0x0076, 0x0076, 0x0077,
  0x0077, 0x0077, 0x0076, 0x0076, 0x0076, 0x0076, 0x0077, 0x0076, 0x0076, 0x0076, 0x0076, 0x0077,
  0x0076, 0x0076, 0x0076, 0x0076, 0x0076, 0x0076, 0x0076, 0x0076, 0x0076, 0x0076, 0x0036, 0x0076,
  0x0015, 0x0015, 0xCF3D, 0xFFFF, 0xFFFF, 0xFFFF, 0xFFFF, 0xFFFF, 0xFFFF, 0xDFFF, 0x05FB, 0x03AF,
  0x671E, 0x1021, 0x20C4, 0x0000, 0x063B, 0x07FF, 0x05B8, 0x0516, 0x07FF, 0x07DF, 0x05B8, 0xDEDB,
  0xFFFF, 0xFFFF, 0xFFFF, 0xDEDB, 0xA596, 0xFFFF, 0xFFFF, 0x3B38, 0x0015, 0x0077, 0x0076, 0x0076,
  0x0076, 0x0076, 0x0076, 0x0076, 0x0076, 0x0077, 0x0076, 0x0076, 0x0076, 0x0076, 0x0077, 0x0076,
  0x0076, 0x0076, 0x0076, 0x0076, 0x0076, 0x0076, 0x0076, 0x0076, 0x0076, 0x0076, 0x0076, 0x0077,
  0x0076, 0x0076, 0x0077, 0x0076, 0x0076, 0x0076, 0x0076, 0x0076, 0x0076, 0x0076, 0x0076, 0x0076,
  0x0077, 0x0076, 0x0077, 0x0036, 0x0077, 0x0077, 0x0076, 0x0076, 0x0076, 0x0076, 0x0076, 0x0076,
  0x0076, 0x0076, 0x0076, 0x0076, 0x0076, 0x0076, 0x0076, 0x0076, 0x0076, 0x0076, 0x0076, 0x0076,
  0x0076, 0x0076, 0x0076, 0x0076, 0x0076, 0x0076, 0x0076, 0x0076, 0x0076, 0x0076, 0x0076, 0x0076,
  0x0076, 0x0076, 0x0076, 0x0076, 0x0076, 0x0076, 0x0076, 0x0077, 0x0076, 0x0076, 0x0076, 0x0076,
  0x0076, 0x0076, 0x0077, 0x0076, 0x0076, 0x0076, 0x0076, 0x0076, 0x0076, 0x0076, 0x0076, 0x0076,
  0x0077, 0x0076, 0x0076, 0x0076, 0x0076, 0x0076, 0x0076, 0x0076, 0x0076, 0x0076, 0x0076, 0x0076,
  0x0076, 0x0076, 0x0076, 0x0076, 0x0076, 0x0076, 0x0076, 0x0076, 0x0076, 0x0076, 0x0076, 0x0076,
  0x0076, 0x0076, 0x0076, 0x0076, 0x0076, 0x0076, 0x0076, 0x0076, 0x0076, 0x0076, 0x0076, 0x0076,
  0x0076, 0x0076, 0x0076, 0x0076, 0x0076, 0x0076, 0x0076, 0x0076, 0x0076, 0x0076, 0x0076, 0x0076,
  0x0076, 0x0076, 0x0076, 0x0076, 0x0076, 0x0076, 0x0076, 0x0076, 0x0076, 0x0076, 0x0076, 0x0076,
  0x0076, 0x0076, 0x0076, 0x0076, 0x0076, 0x0076, 0x0076, 0x0076, 0x0076, 0x0076, 0x0076, 0x0076,
  0x0076, 0x0076, 0x0076, 0x0076, 0x0076, 0x0076, 0x0076, 0x0076, 0x0076, 0x0076, 0x0076, 0x0076,
  0x0076, 0x0076, 0x0076, 0x0076, 0x0076, 0x0076, 0x0076, 0x0076, 0x0076, 0x0076, 0x0076, 0x0076,
  0x0076, 0x0076, 0x0076, 0x0076, 0x0076, 0x0076, 0x0076, 0x0076, 0x0076, 0x0076, 0x0076, 0x0076,
  0x0076, 0x0076, 0x0076, 0x0076, 0x0076, 0x0076, 0x0076, 0x0076, 0x0076, 0x0076, 0x0076, 0x0076,
  0x0076, 0x0076, 0x0076, 0x0076, 0x0076, 0x0076, 0x0076, 0x0076, 0x0076, 0x0076, 0x0076, 0x0076,
  0x0076, 0x0076, 0x0076, 0x0076, 0x0076, 0x0076, 0x0076, 0x0076, 0x0076, 0x0076, 0x0076, 0x0076,
  0x06FF, 0x06BF, 0x06FF, 0x06BF, 0x06BF, 0x06FF, 0x07BF, 0x0339, 0x0012, 0x0036, 0x0076, 0x0076,
  0x0076, 0x0076, 0x0076, 0x0077, 0x0076, 0x0076, 0x0076, 0x0076, 0x0076, 0x0077, 0x0076, 0x0076,
  0x0076, 0x0076, 0x0076, 0x0076, 0x0076, 0x0077, 0x0076, 0x0076, 0x0076, 0x0077, 0x0076, 0x0076,
  0x0077, 0x0076, 0x0076, 0x0076, 0x0036, 0x0076, 0x0076, 0x0077, 0x0077, 0x0012, 0x6397, 0xFFFF,
  0xFFFF, 0xFFFF, 0xDFFF, 0xB7DF, 0xB7DF, 0x661C, 0xA75D, 0x94D3, 0x528A, 0x1104, 0x0000, 0x0000,
  0x024A, 0x07FE, 0x07FF, 0x07FF, 0x07DF, 0x07DF, 0x0413, 0xDEDB, 0xFFFF, 0xFFFF, 0xFFFF, 0xFFFF,
  0x7C10, 0xA596, 0xEFBD, 0x6397, 0x0015, 0x0076, 0x0036, 0x0076, 0x0077, 0x0076, 0x0077, 0x0076,
  0x0077, 0x0076, 0x0076, 0x0076, 0x0077, 0x0076, 0x0076, 0x0076, 0x0076, 0x0076, 0x0076, 0x0077,
  0x0076, 0x0076, 0x0077, 0x0076, 0x0076, 0x0077, 0x0076, 0x0076, 0x0076, 0x0076, 0x0076, 0x0076,
  0x0077, 0x0076, 0x0076, 0x0077, 0x0076, 0x0076, 0x0077, 0x0076, 0x0076, 0x0076, 0x0076, 0x0076,
  0x0076, 0x0076, 0x0076, 0x0077, 0x0076, 0x0076, 0x0076, 0x0077, 0x0076, 0x0076, 0x0076, 0x0077,
  0x0076, 0x0076, 0x0077, 0x0076, 0x0076, 0x0076, 0x0076, 0x0076, 0x0076, 0x0076, 0x0077, 0x0076,
  0x0076, 0x0077, 0x0076, 0x0076, 0x0076, 0x0076, 0x0076, 0x0076, 0x0076, 0x0076, 0x0076, 0x0076,
  0x0076, 0x0077, 0x0076, 0x0076, 0x0076, 0x0077, 0x0076, 0x0076, 0x0077, 0x0076, 0x0076, 0x0076,
  0x0077, 0x0076, 0x0076, 0x0077, 0x0076, 0x0076, 0x0077, 0x0076, 0x0076, 0x0076, 0x0076, 0x0076,
  0x0077, 0x0076, 0x0076, 0x0077, 0x0076, 0x0076, 0x0077, 0x0076, 0x0076, 0x0077, 0x0076, 0x0076,
  0x0077, 0x0076, 0x0076, 0x0077, 0x0076, 0x0076, 0x0077, 0x0076, 0x0076, 0x0077, 0x0076, 0x0076,
  0x0077, 0x0076, 0x0076, 0x0077, 0x0076, 0x0076, 0x0077, 0x0076, 0x0076, 0x0076, 0x0076, 0x0076,
  0x0076, 0x0076, 0x0076, 0x0076, 0x0076, 0x0076, 0x0076, 0x0076, 0x0076, 0x0076, 0x0076, 0x0076,
  0x0076, 0x0076, 0x0076, 0x0076, 0x0076, 0x0076, 0x0076, 0x0076, 0x0076, 0x0076, 0x0076, 0x0076,
  0x0076, 0x0076, 0x0076, 0x0076, 0x0076, 0x0076, 0x0076, 0x0076, 0x0076, 0x0076, 0x0076, 0x0076,
  0x0076, 0x0076, 0x0076, 0x0076, 0x0076, 0x0076, 0x0076, 0x0076, 0x0076, 0x0076, 0x0076, 0x0076,
  0x0076, 0x0076, 0x0076, 0x0076, 0x0076, 0x0076, 0x0076, 0x0076, 0x0076, 0x0076, 0x0076, 0x0076,
  0x0076, 0x0076, 0x0076, 0x0076, 0x0076, 0x0076, 0x0076, 0x0076, 0x0076, 0x0076, 0x0076, 0x0076,
  0x0076, 0x0076, 0x0076, 0x0076, 0x0076, 0x0076, 0x0076, 0x0076, 0x0076, 0x0076, 0x0076, 0x0076,
  0x0076, 0x0076, 0x0076, 0x0076, 0x0076, 0x0076, 0x0076, 0x0076, 0x0076, 0x0076, 0x0076, 0x0076,
  0x0076, 0x0076, 0x0076, 0x0076, 0x0076, 0x0076, 0x0076, 0x0076, 0x077F, 0x06FF, 0x06BF, 0x06FF,
  0x06FF, 0x06FF, 0x077F, 0x05DF, 0x0015, 0x0016, 0x0076, 0x0036, 0x0077, 0x0076, 0x0076, 0x0076,
  0x0076, 0x0077, 0x0076, 0x0076, 0x0076, 0x0036, 0x0076, 0x0076, 0x0076, 0x0076, 0x0076, 0x0076,
  0x0076, 0x0076, 0x0877, 0x0076, 0x0877, 0x0076, 0x0036, 0x0077, 0x0076, 0x0076, 0x0076, 0x0076,
  0x0076, 0x0076, 0x0077, 0x0036, 0x0076, 0x0016, 0x0034, 0xCF3D, 0xFFFF, 0xFFFF, 0xDFFF, 0x6FDF,
  0xB7DF, 0xA75D, 0x632C, 0xA596, 0x2966, 0x0000, 0x0000, 0x0000, 0x0000, 0x0020, 0x03AF, 0x071F,
  0x07FF, 0x07DF, 0x024A, 0xFF7D, 0xDEDB, 0xA596, 0x7C10, 0x528A, 0x0021, 0x528A, 0xEFBD, 0x7C39,
  0x0015, 0x0036, 0x0076, 0x0076, 0x0077, 0x0036, 0x0077, 0x0036, 0x0076, 0x0077, 0x0077, 0x0076,
  0x0076, 0x0077, 0x0076, 0x0077, 0x0077, 0x0076, 0x0077, 0x0076, 0x0077, 0x0076, 0x0076, 0x0077,
  0x0076, 0x0076, 0x0077, 0x0076, 0x0077, 0x0077, 0x0076, 0x0077, 0x0076, 0x0077, 0x0076, 0x0076,
  0x0077, 0x0076, 0x0076, 0x0077, 0x0076, 0x0077, 0x0036, 0x0077, 0x0076, 0x0077, 0x0076, 0x0076,
  0x0077, 0x0077, 0x0076, 0x0036, 0x0077, 0x0076, 0x0076, 0x0076, 0x0077, 0x0076, 0x0076, 0x0076,
  0x0077, 0x0076, 0x0076, 0x0076, 0x0077, 0x0076, 0x0076, 0x0076, 0x0076, 0x0076, 0x0076, 0x0077,
  0x0076, 0x0076, 0x0077, 0x0076, 0x0076, 0x0077, 0x0076, 0x0076, 0x0076, 0x0076, 0x0076, 0x0076,
  0x0076, 0x0076, 0x0076, 0x0076, 0x0076, 0x0076, 0x0076, 0x0076, 0x0076, 0x0076, 0x0076, 0x0076,
  0x0076, 0x0076, 0x0076, 0x0076, 0x0076, 0x0076, 0x0076, 0x0076, 0x0076, 0x0076, 0x0076, 0x0076,
  0x0076, 0x0076, 0x0076, 0x0076, 0x0076, 0x0076, 0x0076, 0x0036, 0x0076, 0x0036, 0x0076, 0x0036,
  0x0076, 0x0036, 0x0076, 0x0036, 0x0076, 0x0076, 0x0076, 0x0076, 0x0076, 0x0076, 0x0076, 0x0076,
  0x0076, 0x0076, 0x0076, 0x0076, 0x0077, 0x0076, 0x0076, 0x0077, 0x0076, 0x0076, 0x0077, 0x0076,
  0x0076, 0x0077, 0x0076, 0x0076, 0x0077, 0x0076, 0x0076, 0x0077, 0x0076, 0x0076, 0x0077, 0x0076,
  0x0076, 0x0077, 0x0076, 0x0076, 0x0077, 0x0076, 0x0076, 0x0077, 0x0076, 0x0076, 0x0077, 0x0076,
  0x0076, 0x0077, 0x0076, 0x0076, 0x0077, 0x0076, 0x0076, 0x0077, 0x0076, 0x0076, 0x0077, 0x0076,
  0x0076, 0x0077, 0x0076, 0x0076, 0x0077, 0x0076, 0x0076, 0x0077, 0x0076, 0x0076, 0x0077, 0x0076,
  0x0076, 0x0077, 0x0076, 0x0076, 0x0077, 0x0076, 0x0076, 0x0077, 0x0076, 0x0076, 0x0077, 0x0076,
  0x0076, 0x0077, 0x0076, 0x0076, 0x0077, 0x0076, 0x0076, 0x0077, 0x0076, 0x0076, 0x0077, 0x0076,
  0x0076, 0x0077, 0x0076, 0x0076, 0x0077, 0x0076, 0x0076, 0x0077, 0x0076, 0x0076, 0x0077, 0x0076,
  0x0076, 0x0077, 0x0076, 0x0076, 0x0077, 0x0076, 0x0076, 0x0077, 0x0076, 0x0076, 0x0077, 0x0076,
  0x0076, 0x0077, 0x0076, 0x0076, 0x07DF, 0x06BF, 0x06FE, 0x06BF, 0x06FF, 0x06BF, 0x06FF, 0x075F,
  0x0298, 0x0015, 0x0017, 0x0076, 0x0076, 0x0076, 0x0076, 0x0076, 0x0076, 0x0076, 0x0036, 0x0877,
  0x0076, 0x1076, 0x0877, 0x1076, 0x1076, 0x1076, 0x2076, 0x1076, 0x2076, 0x1076, 0x1076, 0x2076,
  0x1076, 0x0877, 0x0076, 0x0076, 0x0076, 0x0076, 0x0076, 0x0077, 0x0036, 0x0077, 0x0036, 0x0076,
  0x0036, 0x0076, 0x0012, 0x3B38, 0xFFFF, 0xFFFF, 0xB7DF, 0x6FDF, 0xB7DF, 0xEFFE, 0xA596, 0x01A8,
  0x41E8, 0x0021, 0x0000, 0x0000, 0x0000, 0x0000, 0x0000, 0x0000, 0x01A8, 0x01A8, 0x0000, 0x2966,
  0x0000, 0x0000, 0x0000, 0x0000, 0x0000, 0x632C, 0xEFBD, 0x3B38, 0x0015, 0x0036, 0x0076, 0x0036,
  0x0077, 0x0076, 0x0077, 0x0076, 0x0077, 0x0036, 0x0076, 0x0077, 0x0036, 0x0077, 0x0036, 0x0076,
  0x0076, 0x0077, 0x0036, 0x0077, 0x0036, 0x0077, 0x0036, 0x0077, 0x0036, 0x0077, 0x0036, 0x0077,
  0x0036, 0x0076, 0x0077, 0x0036, 0x0077, 0x0036, 0x0077, 0x0036, 0x0077, 0x0036, 0x0077, 0x0036,
  0x0077, 0x0036, 0x0077, 0x0076, 0x0077, 0x0036, 0x0077, 0x0036, 0x0076, 0x0036, 0x0077, 0x0076,
  0x0077, 0x0036, 0x0076, 0x0077, 0x0076, 0x0077, 0x0076, 0x0077, 0x0076, 0x0076, 0x0077, 0x0076,
  0x0076, 0x0076, 0x0076, 0x0077, 0x0076, 0x0076, 0x0076, 0x0076, 0x0076, 0x0076, 0x0076, 0x0076,
  0x0076, 0x0076, 0x0076, 0x0077, 0x0076, 0x0076, 0x0077, 0x0036, 0x0076, 0x0036, 0x0077, 0x0036,
  0x0076, 0x0077, 0x0076, 0x0076, 0x0076, 0x0077, 0x0076, 0x0076, 0x0076, 0x0076, 0x0076, 0x0076,
  0x0036, 0x0076, 0x0036, 0x0076, 0x0036, 0x0076, 0x0036, 0x0076, 0x0036, 0x0076, 0x0036, 0x0076,
  0x0036, 0x0076, 0x0077, 0x0076, 0x0076, 0x0077, 0x0076, 0x0076, 0x0077, 0x0076, 0x0076, 0x0077,
  0x0036, 0x0076, 0x0036, 0x0076, 0x0036, 0x0077, 0x0036, 0x0076, 0x0036, 0x0076, 0x0036, 0x0076,
  0x0036, 0x0076, 0x0036, 0x0076, 0x0036, 0x0076, 0x0036, 0x0076, 0x0036, 0x0076, 0x0036, 0x0076,
  0x0036, 0x0076, 0x0036, 0x0076, 0x0036, 0x0076, 0x0036, 0x0076, 0x0036, 0x0076, 0x0036, 0x0076,
  0x0036, 0x0076, 0x0036, 0x0076, 0x0036, 0x0076, 0x0036, 0x0076, 0x0036, 0x0076, 0x0036, 0x0076,
  0x0036, 0x0076, 0x0036, 0x0076, 0x0036, 0x0076, 0x0036, 0x0076, 0x0036, 0x0076, 0x0036, 0x0076,
  0x0036, 0x0076, 0x0036, 0x0076, 0x0036, 0x0076, 0x0036, 0x0076, 0x0036, 0x0076, 0x0036, 0x0076,
  0x0036, 0x0076, 0x0036, 0x0076, 0x0036, 0x0076, 0x0036, 0x0076, 0x0036, 0x0076, 0x0036, 0x0076,
  0x0036, 0x0076, 0x0036, 0x0076, 0x0036, 0x0076, 0x0036, 0x0076, 0x0036, 0x0076, 0x0036, 0x0076,
  0x0036, 0x0076, 0x0036, 0x0076, 0x0036, 0x0076, 0x0036, 0x0076, 0x0036, 0x0076, 0x0036, 0x0076,
  0x0036, 0x0076, 0x0036, 0x0076, 0x0036, 0x0076, 0x0036, 0x0076, 0x0036, 0x0076, 0x0036, 0x0076,
  0x06DF, 0x077F, 0x06BF, 0x06FF, 0x06FE, 0x06FF, 0x06FF, 0x07BF, 0x05DD, 0x0034, 0x0016, 0x0036,
  0x0076, 0x0076, 0x0076, 0x0877, 0x2076, 0x2076, 0x2076, 0x2076, 0x2076, 0x1076, 0x2076, 0x2076,
  0x2076, 0x1076, 0x2076, 0x2816, 0x1076, 0x2076, 0x1076, 0x1076, 0x1036, 0x1076, 0x0036, 0x0036,
  0x0036, 0x0076, 0x0036, 0x0077, 0x0036, 0x0076, 0x0036, 0x0077, 0x0077, 0x0036, 0x0016, 0x0015,
  0xBEDD, 0xFFFF, 0xEFFE, 0xA75D, 0xA75D, 0xDFFF, 0xDFFF, 0xA596, 0x41E8, 0x0000, 0x0000, 0x0000,
  0x0000, 0x0000, 0x0000, 0x0000, 0x0000, 0x0000, 0x0000, 0x0000, 0x0000, 0x0000, 0x0000, 0x0061,
  0x2966, 0x7C10, 0xE7BE, 0x6397, 0x0012, 0x0036, 0x0077, 0x0076, 0x0036, 0x0076, 0x0036, 0x0076,
  0x0036, 0x0076, 0x0077, 0x0036, 0x0077, 0x0076, 0x0036, 0x0077, 0x0036, 0x0036, 0x0077, 0x0036,
  0x0076, 0x0036, 0x0076, 0x0036, 0x0077, 0x0036, 0x0076, 0x0036, 0x0077, 0x0036, 0x0036, 0x0077,
  0x0036, 0x0076, 0x0036, 0x0077, 0x0076, 0x0076, 0x0077, 0x0076, 0x0077, 0x0076, 0x0077, 0x0036,
  0x0077, 0x0076, 0x0077, 0x0076, 0x0077, 0x0077, 0x0076, 0x0036, 0x0076, 0x0076, 0x0076, 0x0076,
  0x0077, 0x0076, 0x0076, 0x0077, 0x0036, 0x0076, 0x0036, 0x0076, 0x0076, 0x0076, 0x0076, 0x0036,
  0x0076, 0x0036, 0x0076, 0x0036, 0x0076, 0x0036, 0x0076, 0x0036, 0x0076, 0x0036, 0x0076, 0x0036,
  0x0076, 0x0036, 0x0076, 0x0076, 0x0076, 0x0076, 0x0076, 0x0076, 0x0076, 0x0036, 0x0076, 0x0036,
  0x0076, 0x0036, 0x0076, 0x0036, 0x0076, 0x0036, 0x0076, 0x0036, 0x0076, 0x0076, 0x0076, 0x0036,
  0x0076, 0x0076, 0x0076, 0x0036, 0x0076, 0x0077, 0x0076, 0x0036, 0x0077, 0x0076, 0x0036, 0x0076,
  0x0036, 0x0076, 0x0036, 0x0076, 0x0036, 0x0076, 0x0036, 0x0076, 0x0036, 0x0077, 0x0076, 0x0077,
  0x0076, 0x0036, 0x0076, 0x0076, 0x0077, 0x0036, 0x0077, 0x0076, 0x0076, 0x0036, 0x0076, 0x0076,
  0x0076, 0x0036, 0x0076, 0x0076, 0x0076, 0x0036, 0x0076, 0x0076, 0x0076, 0x0036, 0x0076, 0x0076,
  0x0076, 0x0036, 0x0076, 0x0076, 0x0076, 0x0036, 0x0076, 0x0076, 0x0076, 0x0036, 0x0076, 0x0076,
  0x0076, 0x0036, 0x0076, 0x0076, 0x0076, 0x0036, 0x0076, 0x0076, 0x0076, 0x0036, 0x0076, 0x0076,
  0x0076, 0x0036, 0x0076, 0x0076, 0x0076, 0x0036, 0x0076, 0x0076, 0x0076, 0x0036, 0x0076, 0x0076,
  0x0076, 0x0036, 0x0076, 0x0076, 0x0076, 0x0036, 0x0076, 0x0076, 0x0076, 0x0036, 0x0076, 0x0076,
  0x0076, 0x0036, 0x0076, 0x0076, 0x0076, 0x0036, 0x0076, 0x0076, 0x0076, 0x0036, 0x0076, 0x0076,
  0x0076, 0x0036, 0x0076, 0x0076, 0x0076, 0x0036, 0x0076, 0x0076, 0x0076, 0x0036, 0x0076, 0x0076,
  0x0076, 0x0036, 0x0076, 0x0076, 0x0076, 0x0036, 0x0076, 0x0076, 0x0076, 0x0036, 0x0076, 0x0076,
  0x0076, 0x0036, 0x0076, 0x0076, 0x0076, 0x0036, 0x0076, 0x0076, 0x047D, 0x075F, 0x06FF, 0x06FF,
  0x06BF, 0x06FE, 0x06FF, 0x06FF, 0x07BF, 0x0299, 0x0015, 0x0077, 0x0077, 0x0036, 0x0076, 0x0036,
  0x2076, 0x1076, 0x1076, 0x2076, 0x1076, 0x2076, 0x2076, 0x1076, 0x0837, 0x1076, 0x1076, 0x1076,
  0x2076, 0x1076, 0x1036, 0x1076, 0x1076, 0x2076, 0x1076, 0x0036, 0x0077, 0x0077, 0x0076, 0x0036,
  0x0076, 0x0036, 0x0077, 0x0076, 0x0036, 0x0036, 0x0077, 0x0015, 0x6397, 0xFFFF, 0xFFFF, 0xB7DF,
  0x253A, 0x94D3, 0xFFFF, 0xF7FF, 0xB7DF, 0xA596, 0x632C, 0x2966, 0x0000, 0x0000, 0x0000, 0x0000,
  0x0000, 0x1104, 0x2966, 0x41E8, 0x528A, 0x632C, 0x94D3, 0xC67A, 0xDFFF, 0xF7FF, 0xFFFF, 0x2BF8,
  0x0015, 0x0077, 0x0077, 0x0036, 0x0076, 0x0076, 0x0076, 0x0076, 0x0076, 0x0076, 0x0036, 0x0036,
  0x0076, 0x0036, 0x0077, 0x0036, 0x0036, 0x0077, 0x0076, 0x0036, 0x0077, 0x0036, 0x0077, 0x0036,
  0x0076, 0x0036, 0x0077, 0x0036, 0x0076, 0x0036, 0x0077, 0x0076, 0x0036, 0x0077, 0x0036, 0x0076,
  0x0036, 0x0077, 0x0036, 0x0077, 0x0076, 0x0036, 0x0076, 0x0077, 0x0076, 0x0077, 0x0036, 0x0077,
  0x0036, 0x0076, 0x0036, 0x0077, 0x0076, 0x0036, 0x0076, 0x0036, 0x0076, 0x0036, 0x0077, 0x0036,
  0x0076, 0x0076, 0x0076, 0x0076, 0x0036, 0x0076, 0x0036, 0x0076, 0x0076, 0x0076, 0x0076, 0x0076,
  0x0076, 0x0076, 0x0076, 0x0076, 0x0076, 0x0076, 0x0076, 0x0076, 0x0076, 0x0076, 0x0076, 0x0076,
  0x0036, 0x0076, 0x0036, 0x0076, 0x0036, 0x0076, 0x0036, 0x0076, 0x0076, 0x0076, 0x0036, 0x0076,
  0x0076, 0x0076, 0x0036, 0x0076, 0x0076, 0x0076, 0x0036, 0x0076, 0x0076, 0x0076, 0x0036, 0x0076,
  0x0076, 0x0076, 0x0036, 0x0076, 0x0076, 0x0036, 0x0076, 0x0076, 0x0076, 0x0036, 0x0076, 0x0076,
  0x0076, 0x0036, 0x0076, 0x0076, 0x0076, 0x0076, 0x0036, 0x0076, 0x0036, 0x0076, 0x0076, 0x0076,
  0x0036, 0x0076, 0x0076, 0x0076, 0x0036, 0x0076, 0x0076, 0x0076, 0x0036, 0x0076, 0x0076, 0x0076,
  0x0036, 0x0076, 0x0076, 0x0076, 0x0036, 0x0076, 0x0076, 0x0076, 0x0036, 0x0076, 0x0076, 0x0076,
  0x0036, 0x0076, 0x0076, 0x0076, 0x0036, 0x0076, 0x0076, 0x0076, 0x0036, 0x0076, 0x0076, 0x0076,
  0x0036, 0x0076, 0x0076, 0x0076, 0x0036, 0x0076, 0x0076, 0x0076, 0x0036, 0x0076, 0x0076, 0x0076,
  0x0036, 0x0076, 0x0076, 0x0076, 0x0036, 0x0076, 0x0076, 0x0076, 0x0036, 0x0076, 0x0076, 0x0076,
  0x0036, 0x0076, 0x0076, 0x0076, 0x0036, 0x0076, 0x0076, 0x0076, 0x0036, 0x0076, 0x0076, 0x0076,
  0x0036, 0x0076, 0x0076, 0x0076, 0x0036, 0x0076, 0x0076, 0x0076, 0x0036, 0x0076, 0x0076, 0x0076,
  0x0036, 0x0076, 0x0076, 0x0076, 0x0036, 0x0076, 0x0076, 0x0076, 0x0036, 0x0076, 0x0076, 0x0076,
  0x0036, 0x0076, 0x0076, 0x0076, 0x0036, 0x0076, 0x0076, 0x0076, 0x0036, 0x0076, 0x0076, 0x0076,
  0x0036, 0x0076, 0x0076, 0x0036, 0x00B6, 0x06DF, 0x077F, 0x06BF, 0x06FF, 0x06FE, 0x06BE, 0x06FF,
  0x07BF, 0x047C, 0x0012, 0x0017, 0x0036, 0x0077, 0x0076, 0x0036, 0x0036, 0x0837, 0x1076, 0x1036,
  0x2076, 0x1036, 0x1076, 0x1036, 0x2076, 0x1076, 0x1036, 0x1076, 0x1036, 0x1036, 0x2076, 0x1036,
  0x2816, 0x1036, 0x2816, 0x0877, 0x0036, 0x0036, 0x0036, 0x0076, 0x0036, 0x0077, 0x0036, 0x0036,
  0x0077, 0x0076, 0x0036, 0x0016, 0x0015, 0xDF7E, 0xFFFF, 0xF7FF, 0xB7DF, 0x024A, 0x7C10, 0xFFFF,
  0xFFFF, 0xF7FF, 0xF7FF, 0xDFFF, 0xBEDD, 0x94D3, 0x528A, 0x2966, 0x2966, 0x528A, 0x632C, 0x7C10,
  0x94D3, 0x661C, 0xA75D, 0xA75D, 0xB7DF, 0xDFFF, 0xFFFF, 0x6397, 0x0012, 0x0036, 0x0036, 0x0077,
  0x0076, 0x0036, 0x0077, 0x0036, 0x0076, 0x0036, 0x0077, 0x0076, 0x0077, 0x0036, 0x0076, 0x0036,
  0x0076, 0x0076, 0x0036, 0x0077, 0x0036, 0x0076, 0x0036, 0x0076, 0x0036, 0x0077, 0x0036, 0x0076,
  0x0036, 0x0076, 0x0036, 0x0036, 0x0077, 0x0036, 0x0076, 0x0077, 0x0036, 0x0076, 0x0076, 0x0036,
  0x0036, 0x0077, 0x0036, 0x0036, 0x0036, 0x0036, 0x0076, 0x0036, 0x0077, 0x0036, 0x0077, 0x0036,
  0x0076, 0x0036, 0x0077, 0x0036, 0x0077, 0x0036, 0x0076, 0x0036, 0x0077, 0x0036, 0x0036, 0x0077,
  0x0036, 0x0036, 0x0077, 0x0036, 0x0036, 0x0036, 0x0036, 0x0036, 0x0036, 0x0036, 0x0036, 0x0036,
  0x0036, 0x0036, 0x0036, 0x0036, 0x0036, 0x0036, 0x0036, 0x0036, 0x0077, 0x0036, 0x0076, 0x0036,
  0x0077, 0x0036, 0x0076, 0x0036, 0x0036, 0x0077, 0x0036, 0x0077, 0x0036, 0x0076, 0x0036, 0x0076,
  0x0036, 0x0036, 0x0076, 0x0036, 0x0036, 0x0036, 0x0076, 0x0036, 0x0036, 0x0036, 0x0076, 0x0036,
  0x0076, 0x0036, 0x0076, 0x0036, 0x0076, 0x0036, 0x0076, 0x0036, 0x0076, 0x0036, 0x0076, 0x0036,
  0x0036, 0x0036, 0x0076, 0x0036, 0x0076, 0x0036, 0x0036, 0x0036, 0x0076, 0x0036, 0x0036, 0x0036,
  0x0076, 0x0036, 0x0036, 0x0036, 0x0076, 0x0036, 0x0036, 0x0036, 0x0076, 0x0036, 0x0036, 0x0036,
  0x0076, 0x0036, 0x0036, 0x0036, 0x0076, 0x0036, 0x0036, 0x0036, 0x0076, 0x0036, 0x0036, 0x0036,
  0x0076, 0x0036, 0x0036, 0x0036, 0x0076, 0x0036, 0x0036, 0x0036, 0x0076, 0x0036, 0x0036, 0x0036,
  0x0076, 0x0036, 0x0036, 0x0036, 0x0076, 0x0036, 0x0036, 0x0036, 0x0076, 0x0036, 0x0036, 0x0036,
  0x0076, 0x0036, 0x0036, 0x0036, 0x0076, 0x0036, 0x0036, 0x0036, 0x0076, 0x0036, 0x0036, 0x0036,
  0x0076, 0x0036, 0x0036, 0x0036, 0x0076, 0x0036, 0x0036, 0x0036, 0x0076, 0x0036, 0x0036, 0x0036,
  0x0076, 0x0036, 0x0036, 0x0036, 0x0076, 0x0036, 0x0036, 0x0036, 0x0076, 0x0036, 0x0036, 0x0036,
  0x0076, 0x0036, 0x0036, 0x0036, 0x0076, 0x0036, 0x0036, 0x0036, 0x0076, 0x0036, 0x0036, 0x0036,
  0x0076, 0x0036, 0x0036, 0x0036, 0x0076, 0x0036, 0x0036, 0x0036, 0x0076, 0x0036, 0x0076, 0x0036,
  0x0015, 0x047D, 0x07DF, 0x06FF, 0x06BE, 0x06FF, 0x06FF, 0x06BF, 0x077F, 0x06FF, 0x0197, 0x0015,
  0x0036, 0x0076, 0x0036, 0x0077, 0x0076, 0x1036, 0x1076, 0x1036, 0x1036, 0x1076, 0x1036, 0x1076,
  0x1036, 0x2076, 0x1036, 0x1076, 0x1036, 0x1076, 0x1036, 0x1076, 0x1076, 0x2076, 0x2076, 0x2076,
  0x0036, 0x0036, 0x0076, 0x0076, 0x0036, 0x0036, 0x0076, 0x0036, 0x0036, 0x0077, 0x0036, 0x0017,
  0x0012, 0x6397, 0xFFBF, 0xFFFF, 0xFFFF, 0x9E3B, 0x0061, 0x41E8, 0x94D3, 0xA596, 0xA75D, 0xDFFF,
  0xDFFF, 0xDFFF, 0xDFFF, 0xDFFF, 0xB7DF, 0x6FDF, 0xA75D, 0xB7DF, 0xB7DF, 0xDFFF, 0xDFFF, 0xDFFF,
  0xF7FF, 0xFFFF, 0xFFFF, 0x6397, 0x0012, 0x0017, 0x0076, 0x0036, 0x0076, 0x0036, 0x0076, 0x0036,
  0x0077, 0x0036, 0x0036, 0x0036, 0x0036, 0x0077, 0x0036, 0x0077, 0x0036, 0x0076, 0x0036, 0x0076,
  0x0036, 0x0077, 0x0036, 0x0076, 0x0036, 0x0076, 0x0036, 0x0077, 0x0036, 0x0076, 0x0076, 0x0036,
  0x0036, 0x0076, 0x0036, 0x0036, 0x0077, 0x0036, 0x0077, 0x0036, 0x0076, 0x0036, 0x0077, 0x0076,
  0x0076, 0x0036, 0x0077, 0x0036, 0x0076, 0x0036, 0x0076, 0x0036, 0x0076, 0x0036, 0x0076, 0x0036,
  0x0036, 0x0077, 0x0036, 0x0076, 0x0036, 0x0076, 0x0036, 0x0036, 0x0076, 0x0036, 0x0036, 0x0076,
  0x0077, 0x0036, 0x0077, 0x0036, 0x0077, 0x0036, 0x0077, 0x0036, 0x0077, 0x0036, 0x0076, 0x0036,
  0x0077, 0x0036, 0x0077, 0x0036, 0x0036, 0x0076, 0x0036, 0x0076, 0x0036, 0x0076, 0x0036, 0x0077,
  0x0076, 0x0036, 0x0076, 0x0036, 0x0076, 0x0036, 0x0076, 0x0036, 0x0076, 0x0036, 0x0036, 0x0076,
  0x0076, 0x0036, 0x0036, 0x0076, 0x0076, 0x0036, 0x0076, 0x0036, 0x0076, 0x0036, 0x0036, 0x0076,
  0x0036, 0x0076, 0x0036, 0x0076, 0x0036, 0x0076, 0x0036, 0x0076, 0x0076, 0x0036, 0x0036, 0x0076,
  0x0036, 0x0076, 0x0076, 0x0036, 0x0076, 0x0076, 0x0076, 0x0036, 0x0076, 0x0076, 0x0076, 0x0036,
  0x0076, 0x0076, 0x0076, 0x0036, 0x0076, 0x0076, 0x0076, 0x0036, 0x0076, 0x0076, 0x0076, 0x0036,
  0x0076, 0x0076, 0x0076, 0x0036, 0x0076, 0x0076, 0x0076, 0x0036, 0x0076, 0x0076, 0x0076, 0x0036,
  0x0076, 0x0076, 0x0076, 0x0036, 0x0076, 0x0076, 0x0076, 0x0036, 0x0076, 0x0076, 0x0076, 0x0036,
  0x0076, 0x0076, 0x0076, 0x0036, 0x0076, 0x0076, 0x0076, 0x0036, 0x0076, 0x0076, 0x0076, 0x0036,
  0x0076, 0x0076, 0x0076, 0x0036, 0x0076, 0x0076, 0x0076, 0x0036, 0x0076, 0x0076, 0x0076, 0x0036,
  0x0076, 0x0076, 0x0076, 0x0036, 0x0076, 0x0076, 0x0076, 0x0036, 0x0076, 0x0076, 0x0076, 0x0036,
  0x0076, 0x0076, 0x0076, 0x0036, 0x0076, 0x0076, 0x0076, 0x0036, 0x0076, 0x0076, 0x0076, 0x0036,
  0x0076, 0x0076, 0x0076, 0x0036, 0x0076, 0x0076, 0x0076, 0x0036, 0x0076, 0x0076, 0x0076, 0x0036,
  0x0076, 0x0076, 0x0076, 0x0036, 0x0076, 0x0036, 0x0076, 0x0076, 0x0015, 0x0034, 0x05DF, 0x07BF,
  0x06BF, 0x06FF, 0x06FF, 0x06BF, 0x06FF, 0x07BF, 0x037A, 0x0012, 0x0036, 0x0036, 0x0076, 0x0036,
  0x0036, 0x0036, 0x1036, 0x1076, 0x1036, 0x1036, 0x1036, 0x1036, 0x1036, 0x1036, 0x1076, 0x1036,
  0x1076, 0x1036, 0x1076, 0x1036, 0x2816, 0x1036, 0x2816, 0x2816, 0x0076, 0x0036, 0x0036, 0x0036,
  0x0076, 0x0036, 0x0036, 0x0077, 0x0036, 0x0036, 0x0077, 0x0017, 0x0016, 0x1015, 0xEF5D, 0xFFFF,
  0xFFFF, 0xEFFE, 0xEF5D, 0x7C10, 0x528A, 0x632C, 0x632C, 0x7C10, 0x661C, 0x07DF, 0x6FDF, 0xDFFF,
  0xDFFF, 0xEFFE, 0xDFFF, 0xDFFF, 0xDFFF, 0xEFFE, 0xF7FF, 0xFFFF, 0xFFFF, 0xFFFF, 0xFFFF, 0x2A93,
  0x0015, 0x0077, 0x0036, 0x0036, 0x0036, 0x0036, 0x0036, 0x0036, 0x0036, 0x0036, 0x0076, 0x0077,
  0x0076, 0x0036, 0x0076, 0x0036, 0x0076, 0x0036, 0x0077, 0x0036, 0x0076, 0x0036, 0x0076, 0x0036,
  0x0077, 0x0036, 0x0076, 0x0036, 0x0076, 0x0036, 0x0036, 0x0077, 0x0076, 0x0036, 0x0036, 0x0076,
  0x0036, 0x0076, 0x0036, 0x0077, 0x0036, 0x0076, 0x0036, 0x0036, 0x0036, 0x0076, 0x0036, 0x0076,
  0x0036, 0x0077, 0x0036, 0x0076, 0x0036, 0x0077, 0x0036, 0x0076, 0x0076, 0x0036, 0x0077, 0x0036,
  0x0076, 0x0036, 0x0077, 0x0076, 0x0036, 0x0077, 0x0076, 0x0036, 0x0036, 0x0076, 0x0036, 0x0076,
  0x0036, 0x0076, 0x0036, 0x0076, 0x0036, 0x0077, 0x0036, 0x0076, 0x0036, 0x0076, 0x0036, 0x0076,
  0x0076, 0x0036, 0x0077, 0x0036, 0x0076, 0x0036, 0x0077, 0x0036, 0x0036, 0x0076, 0x0036, 0x0076,
  0x0036, 0x0036, 0x0036, 0x0036, 0x0036, 0x0076, 0x0036, 0x0036, 0x0036, 0x0076, 0x0036, 0x0036,
  0x0036, 0x0036, 0x0036, 0x0036, 0x0036, 0x0076, 0x0036, 0x0036, 0x0036, 0x0036, 0x0036, 0x0036,
  0x0036, 0x0036, 0x0036, 0x0036, 0x0036, 0x0076, 0x0036, 0x0036, 0x0036, 0x0036, 0x0036, 0x0036,
  0x0036, 0x0036, 0x0036, 0x0036, 0x0034, 0x0036, 0x0034, 0x0036, 0x0034, 0x0036, 0x0034, 0x0036,
  0x0034, 0x0036, 0x0034, 0x0036, 0x0034, 0x0036, 0x0034, 0x0036, 0x0034, 0x0036, 0x0034, 0x0036,
  0x0034, 0x0036, 0x0034, 0x0036, 0x0034, 0x0036, 0x0034, 0x0036, 0x0034, 0x0036, 0x0034, 0x0036,
  0x0034, 0x0036, 0x0034, 0x0036, 0x0034, 0x0036, 0x0034, 0x0036, 0x0034, 0x0036, 0x0034, 0x0036,
  0x0034, 0x0036, 0x0034, 0x0036, 0x0034, 0x0036, 0x0034, 0x0036, 0x0034, 0x0036, 0x0034, 0x0036,
  0x0034, 0x0036, 0x0034, 0x0036, 0x0034, 0x0036, 0x0034, 0x0036, 0x0034, 0x0036, 0x0034, 0x0036,
  0x0034, 0x0036, 0x0034, 0x0036, 0x0034, 0x0036, 0x0034, 0x0036, 0x0034, 0x0036, 0x0034, 0x0036,
  0x0034, 0x0036, 0x0034, 0x0036, 0x0034, 0x0036, 0x0034, 0x0036, 0x0034, 0x0036, 0x0034, 0x0036,
  0x0034, 0x0036, 0x0034, 0x0036, 0x0034, 0x0036, 0x0034, 0x0036, 0x0034, 0x0036, 0x0034, 0x0036,
  0x0034, 0x0036, 0x0034, 0x0036, 0x0017, 0x0012, 0x0198, 0x06DF, 0x077F, 0x06FE, 0x06BF, 0x06FF,
  0x06FF, 0x07BF, 0x037A, 0x0015, 0x0017, 0x0076, 0x0036, 0x0036, 0x0036, 0x0036, 0x0877, 0x1036,
  0x1036, 0x1036, 0x1036, 0x1076, 0x1036, 0x1036, 0x1036, 0x1036, 0x2816, 0x1076, 0x1036, 0x2076,
  0x1036, 0x2076, 0x2816, 0x2076, 0x2816, 0x0036, 0x0076, 0x0036, 0x0036, 0x0077, 0x0036, 0x0036,
  0x0036, 0x0036, 0x0036, 0x0076, 0x0017, 0x0012, 0x7C39, 0xFFFF, 0xFFFF, 0xFFFF, 0xFFFF, 0xFFFF,
  0xFFFF, 0xF7FF, 0xE7BE, 0xA75D, 0x9E3B, 0xA75D, 0x6FDF, 0x6FDF, 0xDFFF, 0xFFFF, 0xFFFF, 0xFFFF,
  0xFFFF, 0xFFFF, 0xFFFF, 0xFFFF, 0xFFFF, 0xFFFF, 0xFFFF, 0x29D5, 0x0015, 0x0036, 0x0036, 0x0076,
  0x0036, 0x0076, 0x0036, 0x0077, 0x0036, 0x0076, 0x0036, 0x0036, 0x0036, 0x0036, 0x0036, 0x0076,
  0x0036, 0x0076, 0x0036, 0x0036, 0x0036, 0x0036, 0x0036, 0x0036, 0x0036, 0x0076, 0x0036, 0x0036,
  0x0077, 0x0036, 0x0076, 0x0036, 0x0036, 0x0036, 0x0077, 0x0036, 0x0077, 0x0036, 0x0076, 0x0036,
  0x0076, 0x0036, 0x0036, 0x0077, 0x0036, 0x0077, 0x0036, 0x0036, 0x0036, 0x0036, 0x0076, 0x0036,
  0x0036, 0x0076, 0x0036, 0x0077, 0x0036, 0x0076, 0x0036, 0x0036, 0x0077, 0x0036, 0x0076, 0x0036,
  0x0036, 0x0036, 0x0036, 0x0036, 0x0077, 0x0036, 0x0076, 0x0036, 0x0077, 0x0036, 0x0076, 0x0036,
  0x0036, 0x0036, 0x0036, 0x0036, 0x0036, 0x0036, 0x0077, 0x0036, 0x0036, 0x0076, 0x0036, 0x0077,
  0x0036, 0x0076, 0x0036, 0x0036, 0x0077, 0x0036, 0x0036, 0x0036, 0x0036, 0x0036, 0x0076, 0x0036,
  0x0036, 0x0036, 0x0036, 0x0036, 0x0036, 0x0036, 0x0036, 0x0036, 0x0036, 0x0034, 0x0076, 0x0036,
  0x0034, 0x0036, 0x0036, 0x0034, 0x0036, 0x0076, 0x0034, 0x0036, 0x0076, 0x0034, 0x0036, 0x0076,
  0x0034, 0x0036, 0x0036, 0x0034, 0x0036, 0x0076, 0x0034, 0x0036, 0x0076, 0x0034, 0x0036, 0x0034,
  0x0076, 0x0036, 0x0036, 0x0076, 0x0036, 0x0076, 0x0036, 0x0076, 0x0036, 0x0076, 0x0036, 0x0076,
  0x0036, 0x0076, 0x0036, 0x0076, 0x0036, 0x0076, 0x0036, 0x0036, 0x0076, 0x0036, 0x0036, 0x0036,
  0x0076, 0x0036, 0x0036, 0x0036, 0x0076, 0x0036, 0x0076, 0x0036, 0x0076, 0x0036, 0x0036, 0x0076,
  0x0036, 0x0076, 0x0036, 0x0076, 0x0036, 0x0076, 0x0036, 0x0076, 0x0036, 0x0076, 0x0036, 0x0076,
  0x0036, 0x0076, 0x0036, 0x0036, 0x0076, 0x0036, 0x0036, 0x0036, 0x0076, 0x0036, 0x0036, 0x0036,
  0x0076, 0x0036, 0x0076, 0x0036, 0x0076, 0x0036, 0x0036, 0x0076, 0x0036, 0x0076, 0x0036, 0x0076,
  0x0036, 0x0076, 0x0036, 0x0076, 0x0036, 0x0076, 0x0036, 0x0076, 0x0036, 0x0076, 0x0036, 0x0036,
  0x0076, 0x0036, 0x0036, 0x0036, 0x0076, 0x0036, 0x0036, 0x0036, 0x0076, 0x0036, 0x0076, 0x0036,
  0x0076, 0x0036, 0x0076, 0x0036, 0x0076, 0x0036, 0x0076, 0x0036, 0x0076, 0x0036, 0x0076, 0x0036,
  0x0017, 0x0017, 0x0012, 0x03BB, 0x07DF, 0x06FF, 0x06BF, 0x06FF, 0x06FE, 0x077F, 0x037A, 0x0015,
  0x0036, 0x0036, 0x0036, 0x0036, 0x0036, 0x0036, 0x0036, 0x1036, 0x0036, 0x1036, 0x0036, 0x1036,
  0x1036, 0x1036, 0x1076, 0x1036, 0x1036, 0x1036, 0x1036, 0x2816, 0x1036, 0x2816, 0x2076, 0x2816,
  0x2816, 0x2816, 0x0036, 0x0036, 0x0036, 0x0036, 0x0036, 0x0036, 0x0036, 0x0036, 0x0036, 0x0036,
  0x0077, 0x0016, 0x48D7, 0xFFFF, 0xFFFF, 0xFFFF, 0xFFFF, 0xFFFF, 0xFFFF, 0xFFFF, 0xF7FF, 0xEFFE,
  0xFFBE, 0xFFBE, 0xFFFF, 0xFFFF, 0xFFFF, 0xFFFF, 0xFFFF, 0xFFFF, 0xFFFF, 0xFFFF, 0xFFFF, 0xFFFF,
  0xFFFF, 0xFFFF, 0xF7BE, 0x0873, 0x0015, 0x0036, 0x0036, 0x0036, 0x0036, 0x0036, 0x0036, 0x0036,
  0x0036, 0x0036, 0x0036, 0x0076, 0x0036, 0x0036, 0x0076, 0x0036, 0x0036, 0x0036, 0x0036, 0x0036,
  0x0077, 0x0036, 0x0076, 0x0036, 0x0076, 0x0036, 0x0036, 0x0036, 0x0036, 0x0036, 0x0036, 0x0036,
  0x0076, 0x0036, 0x0036, 0x0036, 0x0036, 0x0036, 0x0036, 0x0036, 0x0036, 0x0036, 0x0077, 0x0036,
  0x0036, 0x0036, 0x0036, 0x0077, 0x0036, 0x0076, 0x0036, 0x0036, 0x0077, 0x0036, 0x0036, 0x0036,
  0x0036, 0x0036, 0x0036, 0x0076, 0x0036, 0x0036, 0x0036, 0x0036, 0x0036, 0x0076, 0x0036, 0x0036,
  0x0036, 0x0036, 0x0036, 0x0036, 0x0036, 0x0036, 0x0036, 0x0036, 0x0036, 0x0076, 0x0036, 0x0076,
  0x0036, 0x0076, 0x0036, 0x0036, 0x0036, 0x0036, 0x0036, 0x0036, 0x0036, 0x0036, 0x0036, 0x0076,
  0x0036, 0x0036, 0x0036, 0x0036, 0x0036, 0x0036, 0x0036, 0x0036, 0x0036, 0x0034, 0x0036, 0x0036,
  0x0034, 0x0036, 0x0036, 0x0034, 0x0036, 0x0036, 0x0036, 0x0036, 0x0036, 0x0036, 0x0036, 0x0076,
  0x0036, 0x0036, 0x0036, 0x0036, 0x0036, 0x0036, 0x0036, 0x0036, 0x0036, 0x0036, 0x0036, 0x0076,
  0x0036, 0x0036, 0x0036, 0x0036, 0x0036, 0x0036, 0x0036, 0x0076, 0x0036, 0x0034, 0x0076, 0x0034,
  0x0036, 0x0034, 0x0036, 0x0034, 0x0036, 0x0034, 0x0036, 0x0034, 0x0036, 0x0034, 0x0036, 0x0034,
  0x0036, 0x0034, 0x0036, 0x0034, 0x0036, 0x0034, 0x0076, 0x0034, 0x0036, 0x0034, 0x0076, 0x0034,
  0x0036, 0x0034, 0x0036, 0x0034, 0x0036, 0x0034, 0x0076, 0x0034, 0x0036, 0x0034, 0x0036, 0x0034,
  0x0036, 0x0034, 0x0036, 0x0034, 0x0036, 0x0034, 0x0036, 0x0034, 0x0036, 0x0034, 0x0036, 0x0034,
  0x0036, 0x0034, 0x0076, 0x0034, 0x0036, 0x0034, 0x0076, 0x0034, 0x0036, 0x0034, 0x0036, 0x0034,
  0x0036, 0x0034, 0x0076, 0x0034, 0x0036, 0x0034, 0x0036, 0x0034, 0x0036, 0x0034, 0x0036, 0x0034,
  0x0036, 0x0034, 0x0036, 0x0034, 0x0036, 0x0034, 0x0036, 0x0034, 0x0036, 0x0034, 0x0076, 0x0034,
  0x0036, 0x0034, 0x0076, 0x0034, 0x0036, 0x0034, 0x0036, 0x0034, 0x0036, 0x0034, 0x0036, 0x0034,
  0x0036, 0x0034, 0x0036, 0x0034, 0x0036, 0x0034, 0x0036, 0x0034, 0x0017, 0x0036, 0x0015, 0x0036,
  0x05DF, 0x077F, 0x06FF, 0x06BF, 0x06FF, 0x07BF, 0x033A, 0x0015, 0x0036, 0x0036, 0x0036, 0x0077,
  0x0036, 0x0076, 0x0036, 0x0076, 0x0036, 0x0877, 0x1036, 0x0837, 0x1036, 0x1036, 0x1036, 0x1076,
  0x1036, 0x2076, 0x1036, 0x2076, 0x2816, 0x1036, 0x2816, 0x2076, 0x2076, 0x2816, 0x0837, 0x0036,
  0x0036, 0x0036, 0x0036, 0x0036, 0x0036, 0x0077, 0x0036, 0x0036, 0x0036, 0x0017, 0x0015, 0xA596,
  0xFFBF, 0xFFFF, 0xFFFF, 0xFFFF, 0xFFFF, 0xFFFF, 0xFFFF, 0xFFFF, 0xFFFF, 0xFFFF, 0xFFFF, 0xFFFF,
  0xFFFF, 0xFFFF, 0xFFFF, 0xFFFF, 0xFFFF, 0xFFFF, 0xFFFF, 0xFFFF, 0xFFFF, 0xFFFF, 0x9E3B, 0x0012,
  0x0016, 0x0036, 0x0036, 0x0036, 0x0036, 0x0076, 0x0036, 0x0036, 0x0036, 0x0036, 0x0036, 0x0036,
  0x0077, 0x0036, 0x0036, 0x0036, 0x0036, 0x0036, 0x0077, 0x0036, 0x0036, 0x0036, 0x0036, 0x0036,
  0x0036, 0x0036, 0x0036, 0x0036, 0x0036, 0x0036, 0x0036, 0x0036, 0x0036, 0x0036, 0x0036, 0x0036,
  0x0036, 0x0036, 0x0036, 0x0036, 0x0036, 0x0036, 0x0036, 0x0036, 0x0036, 0x0036, 0x0036, 0x0036,
  0x0036, 0x0036, 0x0036, 0x0036, 0x0036, 0x0036, 0x0036, 0x0036, 0x0036, 0x0036, 0x0036, 0x0036,
  0x0036, 0x0036, 0x0036, 0x0036, 0x0036, 0x0036, 0x0036, 0x0036, 0x0036, 0x0036, 0x0036, 0x0036,
  0x0036, 0x0036, 0x0036, 0x0036, 0x0036, 0x0036, 0x0036, 0x0036, 0x0036, 0x0036, 0x0036, 0x0036,
  0x0036, 0x0036, 0x0036, 0x0036, 0x0036, 0x0036, 0x0036, 0x0036, 0x0036, 0x0036, 0x0036, 0x0036,
  0x0036, 0x0036, 0x0036, 0x0034, 0x0036, 0x0036, 0x0034, 0x0036, 0x0036, 0x0034, 0x0036, 0x0036,
  0x0036, 0x0036, 0x0034, 0x0036, 0x0034, 0x0036, 0x0034, 0x0036, 0x0034, 0x0036, 0x0034, 0x0036,
  0x0034, 0x0036, 0x0034, 0x0036, 0x0034, 0x0036, 0x0034, 0x0036, 0x0034, 0x0036, 0x0034, 0x0036,
  0x0034, 0x0036, 0x0034, 0x0036, 0x0034, 0x0036, 0x0036, 0x0036, 0x0034, 0x0036, 0x0036, 0x0036,
  0x0034, 0x0036, 0x0036, 0x0036, 0x0034, 0x0036, 0x0036, 0x0036, 0x0034, 0x0036, 0x0036, 0x0076,
  0x0034, 0x0036, 0x0036, 0x0036, 0x0034, 0x0036, 0x0036, 0x0036, 0x0034, 0x0036, 0x0036, 0x0036,
  0x0034, 0x0036, 0x0036, 0x0036, 0x0034, 0x0036, 0x0036, 0x0036, 0x0034, 0x0036, 0x0036, 0x0036,
  0x0034, 0x0036, 0x0036, 0x0036, 0x0034, 0x0036, 0x0036, 0x0036, 0x0034, 0x0036, 0x0036, 0x0036,
  0x0034, 0x0036, 0x0036, 0x0036, 0x0034, 0x0036, 0x0036, 0x0036, 0x0034, 0x0036, 0x0036, 0x0036,
  0x0034, 0x0036, 0x0036, 0x0036, 0x0034, 0x0036, 0x0036, 0x0036, 0x0034, 0x0036, 0x0036, 0x0036,
  0x0034, 0x0036, 0x0036, 0x0036, 0x0034, 0x0036, 0x0036, 0x0036, 0x0034, 0x0036, 0x0036, 0x0036,
  0x0034, 0x0036, 0x0036, 0x0036, 0x0034, 0x0036, 0x0036, 0x0036, 0x0034, 0x0036, 0x0036, 0x0036,
  0x0034, 0x0036, 0x0036, 0x0036, 0x0017, 0x0036, 0x0036, 0x0015, 0x00F6, 0x06DF, 0x077F, 0x06FE,
  0x06FF, 0x077F, 0x0298, 0x0015, 0x0036, 0x0036, 0x0036, 0x0036, 0x0036, 0x0036, 0x0036, 0x0036,
  0x1036, 0x1036, 0x0036, 0x1036, 0x1036, 0x1036, 0x0837, 0x1036, 0x1036, 0x1036, 0x2076, 0x1036,
  0x2076, 0x2816, 0x1036, 0x2816, 0x2816, 0x2816, 0x2816, 0x0036, 0x0036, 0x0036, 0x0036, 0x0036,
  0x0036, 0x0036, 0x0036, 0x0036, 0x0036, 0x0017, 0x1036, 0x2816, 0x94D3, 0xDEDB, 0xFFFF, 0xFFFF,
  0xFFFF, 0xFFFF, 0xFFFF, 0xFFFF, 0xFFFF, 0xFFFF, 0xFFFF, 0xFFFF, 0xFFFF, 0xFFFF, 0xFFFF, 0xFFFF,
  0xFFFF, 0xFFFF, 0xFFFF, 0xFFFF, 0xFFFF, 0xFFBE, 0x7C39, 0x0012, 0x0036, 0x0036, 0x0036, 0x0036,
  0x0036, 0x0036, 0x0076, 0x0036, 0x0036, 0x0036, 0x0036, 0x0036, 0x0036, 0x0036, 0x0036, 0x0036,
  0x0036, 0x0036, 0x0036, 0x0036, 0x0036, 0x0036, 0x0036, 0x0036, 0x0036, 0x0036, 0x0036, 0x0036,
  0x0036, 0x0036, 0x0036, 0x0036, 0x0036, 0x0036, 0x0036, 0x0036, 0x0036, 0x0036, 0x0077, 0x0036,
  0x0036, 0x0036, 0x0036, 0x0036, 0x0036, 0x0036, 0x0036, 0x0036, 0x0036, 0x0036, 0x0036, 0x0036,
  0x0036, 0x0036, 0x0036, 0x0036, 0x0036, 0x0036, 0x0036, 0x0036, 0x0036, 0x0036, 0x0036, 0x0036,
  0x0036, 0x0036, 0x0036, 0x0036, 0x0036, 0x0036, 0x0036, 0x0036, 0x0036, 0x0036, 0x0036, 0x0036,
  0x0036, 0x0036, 0x0036, 0x0036, 0x0036, 0x0036, 0x0036, 0x0036, 0x0036, 0x0036, 0x0036, 0x0036,
  0x0036, 0x0036, 0x0036, 0x0036, 0x0036, 0x0036, 0x0036, 0x0036, 0x0036, 0x0036, 0x0036, 0x0036,
  0x0034, 0x0036, 0x0036, 0x0036, 0x0036, 0x0036, 0x0034, 0x0036, 0x0034, 0x0036, 0x0036, 0x0036,
  0x0036, 0x0036, 0x0036, 0x0036, 0x0036, 0x0036, 0x0036, 0x0036, 0x0036, 0x0036, 0x0036, 0x0036,
  0x0036, 0x0036, 0x0036, 0x0036, 0x0036, 0x0036, 0x0036, 0x0036, 0x0036, 0x0036, 0x0036, 0x0036,
  0x0036, 0x0036, 0x0034, 0x0036, 0x0036, 0x0036, 0x0034, 0x0036, 0x0036, 0x0036, 0x0034, 0x0036,
  0x0036, 0x0036, 0x0034, 0x0036, 0x0036, 0x0036, 0x0034, 0x0036, 0x0036, 0x0036, 0x0034, 0x0036,
  0x0036, 0x0036, 0x0034, 0x0036, 0x0036, 0x0036, 0x0034, 0x0036, 0x0036, 0x0036, 0x0034, 0x0036,
  0x0036, 0x0036, 0x0034, 0x0036, 0x0036, 0x0036, 0x0034, 0x0036, 0x0036, 0x0036, 0x0034, 0x0036,
  0x0036, 0x0036, 0x0034, 0x0036, 0x0036, 0x0036, 0x0034, 0x0036, 0x0036, 0x0036, 0x0034, 0x0036,
  0x0036, 0x0036, 0x0034, 0x0036, 0x0036, 0x0036, 0x0034, 0x0036, 0x0036, 0x0036, 0x0034, 0x0036,
  0x0036, 0x0036, 0x0034, 0x0036, 0x0036, 0x0036, 0x0034, 0x0036, 0x0036, 0x0036, 0x0034, 0x0036,
  0x0036, 0x0036, 0x0034, 0x0036, 0x0036, 0x0036, 0x0034, 0x0036, 0x0036, 0x0036, 0x0034, 0x0036,
  0x0036, 0x0036, 0x0034, 0x0036, 0x0036, 0x0036, 0x0034, 0x0036, 0x0036, 0x0036, 0x0034, 0x0036,
  0x0016, 0x0036, 0x0036, 0x0016, 0x0012, 0x03BB, 0x07DF, 0x06FF, 0x06FF, 0x07BF, 0x0298, 0x0012,
  0x0036, 0x0036, 0x0036, 0x0036, 0x0036, 0x0036, 0x0036, 0x0036, 0x0837, 0x1076, 0x1036, 0x1036,
  0x1036, 0x1036, 0x1036, 0x1036, 0x1036, 0x1036, 0x1036, 0x1036, 0x2816, 0x1036, 0x2816, 0x2816,
  0x2816, 0x2816, 0x2816, 0x1036, 0x0036, 0x0036, 0x0036, 0x0036, 0x0036, 0x0036, 0x0036, 0x0036,
  0x0036, 0x0036, 0x1036, 0x2816, 0x3813, 0x7043, 0x7043, 0x7C10, 0xBDF8, 0xEF5D, 0xFFFF, 0xFFFF,
  0xFFFF, 0xFFFF, 0xFFFF, 0xFFFF, 0xFFFF, 0xFFFF, 0xFFFF, 0xFFFF, 0xFFFF, 0xFFFF, 0xFFFF, 0xFFFF,
  0xFFFF, 0xFFFF, 0x29D5, 0x0012, 0x0036, 0x0036, 0x0036, 0x0076, 0x0036, 0x0036, 0x0036, 0x0036,
  0x0036, 0x0036, 0x0036, 0x0036, 0x0036, 0x0036, 0x0036, 0x0036, 0x0036, 0x0036, 0x0036, 0x0036,
  0x0036, 0x0036, 0x0036, 0x0036, 0x0036, 0x0036, 0x0036, 0x0036, 0x0036, 0x0036, 0x0036, 0x0036,
  0x0036, 0x0036, 0x0036, 0x0036, 0x0036, 0x0036, 0x0036, 0x0036, 0x0036, 0x0036, 0x0036, 0x0036,
  0x0036, 0x0036, 0x0036, 0x0036, 0x0036, 0x0036, 0x0036, 0x0036, 0x0034, 0x0036, 0x0034, 0x0036,
  0x0036, 0x0036, 0x0036, 0x0036, 0x0036, 0x0036, 0x0036, 0x0036, 0x0036, 0x0036, 0x0036, 0x0036,
  0x0036, 0x0036, 0x0036, 0x0036, 0x0036, 0x0036, 0x0036, 0x0036, 0x0036, 0x0036, 0x0036, 0x0036,
  0x0036, 0x0036, 0x0036, 0x0036, 0x0036, 0x0036, 0x0036, 0x0036, 0x0036, 0x0036, 0x0036, 0x0036,
  0x0036, 0x0036, 0x0036, 0x0036, 0x0036, 0x0036, 0x0034, 0x0036, 0x0036, 0x0036, 0x0034, 0x0036,
  0x0034, 0x0036, 0x0036, 0x0036, 0x0036, 0x0034, 0x0036, 0x0034, 0x0036, 0x0034, 0x0036, 0x0034,
  0x0036, 0x0034, 0x0036, 0x0034, 0x0036, 0x0034, 0x0036, 0x0034, 0x0036, 0x0034, 0x0036, 0x0034,
  0x0036, 0x0034, 0x0036, 0x0034, 0x0036, 0x0034, 0x0036, 0x0034, 0x0036, 0x0034, 0x0036, 0x0034,
  0x0036, 0x0034, 0x0036, 0x0034, 0x0036, 0x0034, 0x0036, 0x0034, 0x0036, 0x0034, 0x0036, 0x0034,
  0x0036, 0x0034, 0x0036, 0x0034, 0x0036, 0x0034, 0x0036, 0x0034, 0x0036, 0x0034, 0x0036, 0x0034,
  0x0036, 0x0034, 0x0036, 0x0034, 0x0036, 0x0034, 0x0036, 0x0034, 0x0036, 0x0034, 0x0036, 0x0034,
  0x0036, 0x0034, 0x0036, 0x0034, 0x0036, 0x0034, 0x0036, 0x0034, 0x0036, 0x0034, 0x0036, 0x0034,
  0x0036, 0x0034, 0x0036, 0x0034, 0x0036, 0x0034, 0x0036, 0x0034, 0x0036, 0x0034, 0x0036, 0x0034,
  0x0036, 0x0034, 0x0036, 0x0034, 0x0036, 0x0034, 0x0036, 0x0034, 0x0036, 0x0034, 0x0036, 0x0034,
  0x0036, 0x0034, 0x0036, 0x0034, 0x0036, 0x0034, 0x0036, 0x0034, 0x0036, 0x0034, 0x0036, 0x0034,
  0x0036, 0x0034, 0x0036, 0x0034, 0x0036, 0x0034, 0x0036, 0x0034, 0x0036, 0x0034, 0x0036, 0x0034,
  0x0036, 0x0034, 0x0036, 0x0034, 0x0036, 0x0034, 0x0036, 0x0036, 0x0015, 0x0017, 0x0036, 0x0036,
  0x0016, 0x0015, 0x057F, 0x07BF, 0x06FF, 0x077F, 0x0298, 0x0015, 0x0036, 0x0036, 0x0036, 0x0036,
  0x0036, 0x0036, 0x0036, 0x0036, 0x0036, 0x0036, 0x0036, 0x0036, 0x0036, 0x0036, 0x0036, 0x0036,
  0x1036, 0x0036, 0x0036, 0x0036, 0x0036, 0x1036, 0x0036, 0x0036, 0x1036, 0x0837, 0x1036, 0x0036,
  0x0036, 0x0036, 0x0036, 0x0036, 0x0036, 0x0036, 0x0036, 0x1036, 0x0837, 0x0036, 0x0036, 0x2816,
  0x2816, 0x5816, 0x94D3, 0x632C, 0x7043, 0x7043, 0x7043, 0x528A, 0x7C10, 0xA596, 0xDEDB, 0xFFBE,
  0xFFFF, 0xFFFF, 0xFFFF, 0xFFFF, 0xFFFF, 0xFFFF, 0xFFFF, 0xFFFF, 0xFFFF, 0xF7BE, 0x0873, 0x0016,
  0x0036, 0x0036, 0x0036, 0x0036, 0x0036, 0x0036, 0x0036, 0x0036, 0x0036, 0x0036, 0x0036, 0x0036,
  0x0036, 0x0036, 0x0036, 0x0036, 0x0036, 0x0036, 0x0036, 0x0036, 0x0036, 0x0036, 0x0036, 0x0036,
  0x0036, 0x0036, 0x0036, 0x0036, 0x0036, 0x0036, 0x0036, 0x0036, 0x0036, 0x0036, 0x0036, 0x0036,
  0x0036, 0x0036, 0x0036, 0x0036, 0x0036, 0x0036, 0x0036, 0x0036, 0x0036, 0x0036, 0x0036, 0x0036,
  0x0036, 0x0036, 0x0036, 0x0036, 0x0036, 0x0036, 0x0036, 0x0036, 0x0036, 0x0034, 0x0036, 0x0036,
  0x0034, 0x0036, 0x0036, 0x0036, 0x0036, 0x0036, 0x0036, 0x0036, 0x0036, 0x0036, 0x0036, 0x0036,
  0x0036, 0x0036, 0x0036, 0x0036, 0x0036, 0x0034, 0x0036, 0x0034, 0x0036, 0x0034, 0x0036, 0x0034,
  0x0036, 0x0034, 0x0036, 0x0034, 0x0036, 0x0036, 0x0036, 0x0036, 0x0036, 0x0036, 0x0036, 0x0036,
  0x0034, 0x0036, 0x0036, 0x0036, 0x0034, 0x0036, 0x0036, 0x0034, 0x0036, 0x0034, 0x0036, 0x0034,
  0x0036, 0x0036, 0x0034, 0x0036, 0x0034, 0x0036, 0x0036, 0x0034, 0x0036, 0x0034, 0x0036, 0x0034,
  0x0036, 0x0034, 0x0036, 0x0034, 0x0036, 0x0034, 0x0036, 0x0034, 0x0036, 0x0034, 0x0036, 0x0034,
  0x0036, 0x0034, 0x0036, 0x0034, 0x0036, 0x0036, 0x0036, 0x0036, 0x0034, 0x0036, 0x0036, 0x0036,
  0x0034, 0x0036, 0x0036, 0x0036, 0x0034, 0x0036, 0x0036, 0x0036, 0x0034, 0x0036, 0x0036, 0x0036,
  0x0034, 0x0036, 0x0036, 0x0036, 0x0034, 0x0036, 0x0036, 0x0036, 0x0034, 0x0036, 0x0036, 0x0036,
  0x0034, 0x0036, 0x0036, 0x0036, 0x0034, 0x0036, 0x0036, 0x0036, 0x0034, 0x0036, 0x0036, 0x0036,
  0x0034, 0x0036, 0x0036, 0x0036, 0x0034, 0x0036, 0x0036, 0x0036, 0x0034, 0x0036, 0x0036, 0x0036,
  0x0034, 0x0036, 0x0036, 0x0036, 0x0034, 0x0036, 0x0036, 0x0036, 0x0034, 0x0036, 0x0036, 0x0036,
  0x0034, 0x0036, 0x0036, 0x0036, 0x0034, 0x0036, 0x0036, 0x0036, 0x0034, 0x0036, 0x0036, 0x0036,
  0x0034, 0x0036, 0x0036, 0x0036, 0x0034, 0x0036, 0x0036, 0x0036, 0x0034, 0x0036, 0x0036, 0x0036,
  0x0034, 0x0036, 0x0036, 0x0036, 0x0034, 0x0036, 0x0036, 0x0036, 0x0034, 0x0036, 0x0036, 0x0036,
  0x0034, 0x0036, 0x0036, 0x0034, 0x0012, 0x0016, 0x0036, 0x0036, 0x0016, 0x0012, 0x00B6, 0x06DF,
  0x07BF, 0x077F, 0x0298, 0x0012, 0x0016, 0x0036, 0x0036, 0x0036, 0x0036, 0x0036, 0x0036, 0x0036,
  0x0036, 0x0036, 0x0036, 0x0036, 0x0036, 0x0036, 0x0036, 0x0036, 0x0036, 0x0036, 0x0016, 0x0036,
  0x0016, 0x0036, 0x0015, 0x0036, 0x0036, 0x0036, 0x0036, 0x0036, 0x0036, 0x0036, 0x0036, 0x0016,
  0x0036, 0x0036, 0x2816, 0x2816, 0x2816, 0x2816, 0x2816, 0x5816, 0x5816, 0x1015, 0x7C39, 0xFFBE,
  0xFF7D, 0xBDF8, 0x7C10, 0x528A, 0x2966, 0x20C4, 0x2966, 0x41E8, 0x528A, 0x528A, 0x632C, 0x7C10,
  0xA596, 0xBDF8, 0xC67A, 0xDEDB, 0xEFBD, 0xA596, 0x0012, 0x0017, 0x0016, 0x0036, 0x0015, 0x0036,
  0x0017, 0x0036, 0x0036, 0x0036, 0x0036, 0x0036, 0x0036, 0x0036, 0x0036, 0x0036, 0x0036, 0x0036,
  0x0036, 0x0036, 0x0036, 0x0036, 0x0036, 0x0036, 0x0036, 0x0036, 0x0036, 0x0036, 0x0036, 0x0036,
  0x0036, 0x0036, 0x0036, 0x0036, 0x0036, 0x0036, 0x0036, 0x0036, 0x0015, 0x0036, 0x0015, 0x0036,
  0x0036, 0x0015, 0x0036, 0x0036, 0x0015, 0x0036, 0x0036, 0x0015, 0x0036, 0x0034, 0x0036, 0x0036,
  0x0036, 0x0036, 0x0036, 0x0015, 0x0036, 0x0036, 0x0036, 0x0036, 0x0036, 0x0036, 0x0034, 0x0036,
  0x0036, 0x0036, 0x0036, 0x0036, 0x0036, 0x0036, 0x0036, 0x0036, 0x0036, 0x0036, 0x0036, 0x0034,
  0x0036, 0x0036, 0x0036, 0x0036, 0x0036, 0x0036, 0x0036, 0x0036, 0x0036, 0x0036, 0x0036, 0x0036,
  0x0036, 0x0036, 0x0036, 0x0036, 0x0036, 0x0036, 0x0036, 0x0036, 0x0036, 0x0036, 0x0036, 0x0036,
  0x0036, 0x0034, 0x0036, 0x0036, 0x0034, 0x0036, 0x0034, 0x0036, 0x0034, 0x0036, 0x0036, 0x0036,
  0x0036, 0x0034, 0x0036, 0x0036, 0x0034, 0x0036, 0x0036, 0x0036, 0x0036, 0x0036, 0x0036, 0x0036,
  0x0036, 0x0036, 0x0036, 0x0036, 0x0036, 0x0036, 0x0036, 0x0036, 0x0036, 0x0036, 0x0036, 0x0036,
  0x0034, 0x0034, 0x0034, 0x0036, 0x0036, 0x0034, 0x0034, 0x0036, 0x0036, 0x0034, 0x0034, 0x0036,
  0x0036, 0x0034, 0x0034, 0x0036, 0x0036, 0x0034, 0x0034, 0x0036, 0x0036, 0x0034, 0x0034, 0x0036,
  0x0036, 0x0034, 0x0034, 0x0036, 0x0036, 0x0034, 0x0034, 0x0036, 0x0036, 0x0034, 0x0034, 0x0036,
  0x0036, 0x0034, 0x0034, 0x0036, 0x0036, 0x0034, 0x0034, 0x0036, 0x0036, 0x0034, 0x0034, 0x0036,
  0x0036, 0x0034, 0x0034, 0x0036, 0x0036, 0x0034, 0x0034, 0x0036, 0x0036, 0x0034, 0x0034, 0x0036,
  0x0036, 0x0034, 0x0034, 0x0036, 0x0036, 0x0034, 0x0034, 0x0036, 0x0036, 0x0034, 0x0034, 0x0036,
  0x0036, 0x0034, 0x0034, 0x0036, 0x0036, 0x0034, 0x0034, 0x0036, 0x0036, 0x0034, 0x0034, 0x0036,
  0x0036, 0x0034, 0x0034, 0x0036, 0x0036, 0x0034, 0x0034, 0x0036, 0x0036, 0x0034, 0x0034, 0x0036,
  0x0036, 0x0034, 0x0034, 0x0036, 0x0036, 0x0034, 0x0034, 0x0036, 0x0036, 0x0034, 0x0036, 0x0036,
  0x0012, 0x0016, 0x0036, 0x0016, 0x0036, 0x0016, 0x0015, 0x01D8, 0x075F, 0x07BF, 0x0217, 0x0015,
  0x0036, 0x0036, 0x0036, 0x0036, 0x0036, 0x0036, 0x0036, 0x0036, 0x0016, 0x0036, 0x0036, 0x0036,
  0x0036, 0x0036, 0x0036, 0x0036, 0x0036, 0x0036, 0x0036, 0x0036, 0x0036, 0x0036, 0x0036, 0x0036,
  0x0036, 0x0015, 0x0036, 0x0016, 0x0036, 0x0015, 0x0036, 0x0036, 0x0036, 0x0016, 0x2816, 0x5816,
  0x2816, 0x2816, 0x5816, 0x2816, 0x5816, 0x5816, 0x3813, 0x7C39, 0xFFFF, 0xFFBE, 0xFFFF, 0xFFFF,
  0xFFFF, 0xFFBE, 0xEF5D, 0xC67A, 0xBDF8, 0x7C10, 0x7C10, 0x7C10, 0xA596, 0xA596, 0xA596, 0xA596,
  0xFF7D, 0x4A56, 0x0012, 0x0017, 0x0016, 0x0016, 0x0036, 0x0036, 0x0036, 0x0016, 0x0036, 0x0016,
  0x0036, 0x0016, 0x0036, 0x0036, 0x0036, 0x0036, 0x0016, 0x0036, 0x0015, 0x0036, 0x0016, 0x0036,
  0x0015, 0x0036, 0x0016, 0x0036, 0x0015, 0x0036, 0x0015, 0x0036, 0x0015, 0x0036, 0x0015, 0x0036,
  0x0015, 0x0036, 0x0015, 0x0036, 0x0036, 0x0036, 0x0036, 0x0015, 0x0036, 0x0036, 0x0015, 0x0036,
  0x0036, 0x0015, 0x0036, 0x0036, 0x0036, 0x0016, 0x0036, 0x0015, 0x0036, 0x0015, 0x0036, 0x0036,
  0x0016, 0x0036, 0x0015, 0x0036, 0x0015, 0x0036, 0x0016, 0x0036, 0x0016, 0x0036, 0x0016, 0x0036,
  0x0015, 0x0036, 0x0016, 0x0036, 0x0015, 0x0036, 0x0016, 0x0036, 0x0016, 0x0036, 0x0036, 0x0036,
  0x0036, 0x0036, 0x0036, 0x0016, 0x0036, 0x0016, 0x0036, 0x0016, 0x0036, 0x0036, 0x0015, 0x0036,
  0x0015, 0x0036, 0x0036, 0x0016, 0x0036, 0x0015, 0x0036, 0x0036, 0x0015, 0x0036, 0x0036, 0x0015,
  0x0036, 0x0036, 0x0036, 0x0036, 0x0036, 0x0015, 0x0034, 0x0036, 0x0015, 0x0036, 0x0034, 0x0036,
  0x0036, 0x0034, 0x0036, 0x0015, 0x0034, 0x0036, 0x0015, 0x0034, 0x0036, 0x0015, 0x0034, 0x0036,
  0x0015, 0x0034, 0x0036, 0x0015, 0x0034, 0x0036, 0x0015, 0x0034, 0x0036, 0x0036, 0x0036, 0x0015,
  0x0036, 0x0036, 0x0036, 0x0015, 0x0036, 0x0036, 0x0036, 0x0015, 0x0036, 0x0036, 0x0036, 0x0015,
  0x0036, 0x0036, 0x0036, 0x0015, 0x0036, 0x0036, 0x0036, 0x0015, 0x0036, 0x0036, 0x0036, 0x0015,
  0x0036, 0x0036, 0x0036, 0x0015, 0x0036, 0x0036, 0x0036, 0x0015, 0x0036, 0x0036, 0x0036, 0x0015,
  0x0036, 0x0036, 0x0036, 0x0015, 0x0036, 0x0036, 0x0036, 0x0015, 0x0036, 0x0036, 0x0036, 0x0034,
  0x0036, 0x0036, 0x0036, 0x0034, 0x0036, 0x0036, 0x0036, 0x0034, 0x0036, 0x0036, 0x0036, 0x0034,
  0x0036, 0x0036, 0x0036, 0x0034, 0x0036, 0x0036, 0x0036, 0x0034, 0x0036, 0x0036, 0x0036, 0x0034,
  0x0036, 0x0036, 0x0036, 0x0034, 0x0036, 0x0036, 0x0036, 0x0034, 0x0036, 0x0036, 0x0036, 0x0034,
  0x0036, 0x0036, 0x0036, 0x0034, 0x0036, 0x0036, 0x0036, 0x0034, 0x0036, 0x0036, 0x0036, 0x0034,
  0x0036, 0x0036, 0x0036, 0x0034, 0x0036, 0x0036, 0x0034, 0x0036, 0x1915, 0x0015, 0x0016, 0x0036,
  0x0036, 0x0016, 0x0016, 0x0015, 0x02FA, 0x07DF, 0x041A, 0x0012, 0x0016, 0x0015, 0x0036, 0x0016,
  0x0036, 0x0016, 0x0036, 0x0016, 0x0036, 0x0036, 0x0036, 0x0036, 0x0036, 0x0036, 0x0036, 0x0016,
  0x0036, 0x0016, 0x0036, 0x0016, 0x0036, 0x0016, 0x0036, 0x0015, 0x0016, 0x0036, 0x0036, 0x0036,
  0x0016, 0x0036, 0x0036, 0x0016, 0x0015, 0x1036, 0x2816, 0x2816, 0x2816, 0x5816, 0x2816, 0x5816,
  0x5816, 0x5816, 0x5816, 0x0012, 0x859B, 0xFFFF, 0xFFFF, 0xFFFF, 0xFFFF, 0xFFFF, 0xFFFF, 0xFFFF,
  0xFFFF, 0xFFFF, 0xFFFF, 0xFFFF, 0xFFBE, 0xFFBE, 0xFFFF, 0xFFFF, 0xFFBF, 0x2A93, 0x0015, 0x0017,
  0x0016, 0x0034, 0x0036, 0x0016, 0x0036, 0x0015, 0x0036, 0x0016, 0x0036, 0x0015, 0x0036, 0x0016,
  0x0016, 0x0015, 0x0016, 0x0036, 0x0016, 0x0036, 0x0015, 0x0036, 0x0016, 0x0036, 0x0015, 0x0036,
  0x0016, 0x0036, 0x0016, 0x0036, 0x0016, 0x0036, 0x0016, 0x0036, 0x0016, 0x0036, 0x0016, 0x0036,
  0x0015, 0x0016, 0x0016, 0x0036, 0x0016, 0x0036, 0x0036, 0x0036, 0x0016, 0x0036, 0x0036, 0x0036,
  0x0015, 0x0036, 0x0036, 0x0016, 0x0036, 0x0016, 0x0036, 0x0016, 0x0036, 0x0036, 0x0016, 0x0036,
  0x0016, 0x0036, 0x0036, 0x0015, 0x0036, 0x0015, 0x0036, 0x0036, 0x0036, 0x0036, 0x0015, 0x0036,
  0x0036, 0x0036, 0x0036, 0x0036, 0x0036, 0x0036, 0x0015, 0x0036, 0x0016, 0x0036, 0x0015, 0x0036,
  0x0036, 0x0036, 0x0015, 0x0036, 0x0036, 0x0015, 0x0036, 0x0036, 0x0036, 0x0036, 0x0015, 0x0036,
  0x0036, 0x0036, 0x0036, 0x0015, 0x0036, 0x0036, 0x0034, 0x0036, 0x0036, 0x0015, 0x0034, 0x0016,
  0x0034, 0x0036, 0x0036, 0x0034, 0x0036, 0x0036, 0x0036, 0x0015, 0x0036, 0x0016, 0x0036, 0x0036,
  0x0036, 0x0034, 0x0036, 0x0036, 0x0034, 0x0036, 0x0036, 0x0034, 0x0036, 0x0036, 0x0034, 0x0036,
  0x0036, 0x0034, 0x0036, 0x0036, 0x0036, 0x0015, 0x0036, 0x0036, 0x0036, 0x0015, 0x0036, 0x0036,
  0x0036, 0x0015, 0x0036, 0x0036, 0x0036, 0x0015, 0x0036, 0x0036, 0x0036, 0x0015, 0x0036, 0x0036,
  0x0036, 0x0015, 0x0036, 0x0036, 0x0036, 0x0015, 0x0036, 0x0036, 0x0036, 0x0015, 0x0036, 0x0036,
  0x0036, 0x0015, 0x0036, 0x0036, 0x0036, 0x0015, 0x0036, 0x0036, 0x0036, 0x0015, 0x0036, 0x0036,
  0x0036, 0x0015, 0x0036, 0x0036, 0x0036, 0x0015, 0x0036, 0x0036, 0x0036, 0x0015, 0x0036, 0x0036,
  0x0036, 0x0015, 0x0036, 0x0036, 0x0036, 0x0015, 0x0036, 0x0036, 0x0036, 0x0015, 0x0036, 0x0036,
  0x0036, 0x0015, 0x0036, 0x0036, 0x0036, 0x0015, 0x0036, 0x0036, 0x0036, 0x0015, 0x0036, 0x0036,
  0x0036, 0x0015, 0x0036, 0x0036, 0x0036, 0x0015, 0x0036, 0x0036, 0x0036, 0x0015, 0x0036, 0x0036,
  0x0036, 0x0015, 0x0036, 0x0036, 0x0036, 0x0015, 0x0036, 0x0036, 0x0036, 0x0015, 0x0036, 0x0036,
  0x0036, 0x0034, 0x0036, 0x0036, 0x859B, 0x0012, 0x0016, 0x0016, 0x0036, 0x0036, 0x0016, 0x0015,
  0x0012, 0x03BB, 0x06DF, 0x0015, 0x0016, 0x0036, 0x0036, 0x0015, 0x0036, 0x0036, 0x0015, 0x0036,
  0x0036, 0x0015, 0x0036, 0x0016, 0x0036, 0x0015, 0x0036, 0x0036, 0x0036, 0x0036, 0x0036, 0x0036,
  0x0015, 0x0036, 0x0036, 0x0036, 0x0036, 0x0036, 0x0015, 0x0036, 0x0034, 0x0016, 0x0015, 0x0036,
  0x0034, 0x2816, 0x5816, 0x5816, 0x5816, 0x5816, 0x5816, 0x5816, 0x5816, 0x5816, 0x5816, 0x2816,
  0x0012, 0xC67A, 0xFFFF, 0xFFFF, 0xFFFF, 0xFFFF, 0xFFFF, 0xFFFF, 0xFFFF, 0xFFFF, 0xFFFF, 0xFFFF,
  0xFFFF, 0xFFFF, 0xFFFF, 0xFFFF, 0xFFFF, 0x0873, 0x0015, 0x0016, 0x0036, 0x0036, 0x0016, 0x0036,
  0x0036, 0x0036, 0x0036, 0x0015, 0x0036, 0x0036, 0x0036, 0x0015, 0x0036, 0x0036, 0x0036, 0x0036,
  0x0036, 0x0036, 0x0036, 0x0036, 0x0036, 0x0036, 0x0036, 0x0036, 0x0036, 0x0036, 0x0036, 0x0015,
  0x0036, 0x0036, 0x0036, 0x0015, 0x0036, 0x0036, 0x0036, 0x0036, 0x0036, 0x0036, 0x0036, 0x0036,
  0x0036, 0x0036, 0x0016, 0x0036, 0x0036, 0x0036, 0x0015, 0x0036, 0x0036, 0x0016, 0x0036, 0x0036,
  0x0015, 0x0036, 0x0036, 0x0015, 0x0036, 0x0016, 0x0036, 0x0015, 0x0036, 0x0016, 0x0036, 0x0036,
  0x0036, 0x0036, 0x0036, 0x0015, 0x0036, 0x0016, 0x0036, 0x0036, 0x0015, 0x0036, 0x0015, 0x0036,
  0x0016, 0x0036, 0x0036, 0x0016, 0x0036, 0x0036, 0x0036, 0x0036, 0x0015, 0x0036, 0x0036, 0x0036,
  0x0015, 0x0036, 0x0036, 0x0036, 0x0015, 0x0036, 0x0016, 0x0036, 0x0015, 0x0016, 0x0036, 0x0036,
  0x0034, 0x0015, 0x0016, 0x0015, 0x0036, 0x0036, 0x0016, 0x0036, 0x0016, 0x0036, 0x0015, 0x0016,
  0x0036, 0x0015, 0x0015, 0x0036, 0x0015, 0x0036, 0x0015, 0x0015, 0x0036, 0x0016, 0x0036, 0x0015,
  0x0016, 0x0036, 0x0015, 0x0016, 0x0036, 0x0015, 0x0016, 0x0036, 0x0015, 0x0016, 0x0036, 0x0015,
  0x0015, 0x0036, 0x0015, 0x0015, 0x0034, 0x0036, 0x0015, 0x0036, 0x0015, 0x0036, 0x0036, 0x0015,
  0x0036, 0x0036, 0x0015, 0x0036, 0x0015, 0x0036, 0x0036, 0x0015, 0x0036, 0x0036, 0x0015, 0x0036,
  0x0015, 0x0036, 0x0036, 0x0015, 0x0036, 0x0036, 0x0015, 0x0036, 0x0015, 0x0036, 0x0036, 0x0015,
  0x0036, 0x0036, 0x0015, 0x0036, 0x0015, 0x0036, 0x0036, 0x0015, 0x0036, 0x0036, 0x0015, 0x0036,
  0x0015, 0x0036, 0x0036, 0x0015, 0x0036, 0x0036, 0x0015, 0x0016, 0x0015, 0x0036, 0x0036, 0x0015,
  0x0036, 0x0036, 0x0015, 0x0016, 0x0015, 0x0036, 0x0036, 0x0015, 0x0036, 0x0036, 0x0015, 0x0016,
  0x0015, 0x0036, 0x0036, 0x0015, 0x0036, 0x0036, 0x0015, 0x0016, 0x0015, 0x0036, 0x0036, 0x0015,
  0x0036, 0x0036, 0x0015, 0x0016, 0x0015, 0x0036, 0x0036, 0x0015, 0x0036, 0x0036, 0x0015, 0x0016,
  0x0015, 0x0036, 0x0036, 0x0015, 0x0036, 0x0036, 0x0015, 0x0016, 0x0015, 0x0016, 0x0016, 0x0015,
  0xFFFF, 0x1915, 0x0015, 0x0016, 0x0016, 0x0036, 0x0017, 0x0016, 0x0016, 0x0016, 0x047D, 0x01D8,
  0x0015, 0x0016, 0x0036, 0x0036, 0x0036, 0x0036, 0x0036, 0x0016, 0x0036, 0x0036, 0x0036, 0x0015,
  0x0036, 0x0036, 0x0016, 0x0015, 0x0036, 0x0015, 0x0036, 0x0036, 0x0036, 0x0016, 0x0015, 0x0016,
  0x0036, 0x0015, 0x0036, 0x0016, 0x0036, 0x0036, 0x0016, 0x0015, 0x0036, 0x2816, 0x2816, 0x5816,
  0x5816, 0x5816, 0x5816, 0x5816, 0x5816, 0x5816, 0x5816, 0x2816, 0x0015, 0x0034, 0xDF7E, 0xFFFF,
  0xFFFF, 0xFFFF, 0xFFFF, 0xFFFF, 0xFFFF, 0xFFFF, 0xFFFF, 0xFFFF, 0xFFFF, 0xFFFF, 0xFFFF, 0xFFFF,
  0xDEDB, 0x0015, 0x0016, 0x0016, 0x0036, 0x0016, 0x0036, 0x0015, 0x0036, 0x0016, 0x0036, 0x0036,
  0x0015, 0x0016, 0x0036, 0x0036, 0x0015, 0x0036, 0x0036, 0x0015, 0x0036, 0x0015, 0x0036, 0x0016,
  0x0036, 0x0015, 0x0036, 0x0015, 0x0036, 0x0015, 0x0036, 0x0036, 0x0036, 0x0015, 0x0036, 0x0036,
  0x0036, 0x0015, 0x0036, 0x0015, 0x0036, 0x0036, 0x0015, 0x0036, 0x0015, 0x0036, 0x0036, 0x0015,
  0x0036, 0x0015, 0x0036, 0x0016, 0x0036, 0x0036, 0x0015, 0x0036, 0x0036, 0x0015, 0x0036, 0x0016,
  0x0036, 0x0015, 0x0036, 0x0016, 0x0036, 0x0015, 0x0015, 0x0016, 0x0015, 0x0036, 0x0015, 0x0036,
  0x0016, 0x0036, 0x0015, 0x0036, 0x0016, 0x0036, 0x0016, 0x0036, 0x0015, 0x0015, 0x0036, 0x0015,
  0x0036, 0x0015, 0x0016, 0x0036, 0x0016, 0x0015, 0x0036, 0x0015, 0x0036, 0x0016, 0x0015, 0x0036,
  0x0016, 0x0036, 0x0015, 0x0036, 0x0036, 0x0015, 0x0015, 0x0016, 0x0036, 0x0036, 0x0036, 0x0036,
  0x0015, 0x0036, 0x0015, 0x0036, 0x0015, 0x0036, 0x0036, 0x0016, 0x0015, 0x0036, 0x0036, 0x0016,
  0x0036, 0x0015, 0x0036, 0x0036, 0x0015, 0x0036, 0x0015, 0x0036, 0x0036, 0x0015, 0x0036, 0x0036,
  0x0015, 0x0036, 0x0036, 0x0015, 0x0036, 0x0036, 0x0015, 0x0036, 0x0036, 0x0016, 0x0036, 0x0036,
  0x0016, 0x0036, 0x0016, 0x0036, 0x0015, 0x0036, 0x0015, 0x0036, 0x0015, 0x0036, 0x0016, 0x0036,
  0x0015, 0x0036, 0x0015, 0x0036, 0x0015, 0x0036, 0x0016, 0x0036, 0x0015, 0x0036, 0x0015, 0x0036,
  0x0015, 0x0036, 0x0016, 0x0036, 0x0015, 0x0036, 0x0015, 0x0036, 0x0015, 0x0036, 0x0016, 0x0036,
  0x0015, 0x0036, 0x0015, 0x0036, 0x0015, 0x0036, 0x0016, 0x0036, 0x0015, 0x0036, 0x0015, 0x0036,
  0x0016, 0x0036, 0x0036, 0x0036, 0x0036, 0x0015, 0x0036, 0x0016, 0x0015, 0x0036, 0x0036, 0x0036,
  0x0036, 0x0015, 0x0036, 0x0016, 0x0015, 0x0036, 0x0036, 0x0036, 0x0036, 0x0015, 0x0036, 0x0016,
  0x0015, 0x0036, 0x0036, 0x0036, 0x0036, 0x0015, 0x0036, 0x0016, 0x0015, 0x0036, 0x0036, 0x0036,
  0x0036, 0x0015, 0x0036, 0x0016, 0x0015, 0x0036, 0x0036, 0x0036, 0x0036, 0x0015, 0x0036, 0x0016,
  0x0015, 0x0036, 0x0036, 0x0036, 0x0036, 0x0036, 0x0036, 0x0036, 0xFFFF, 0x7C39, 0x0012, 0x0017,
  0x0017, 0x0016, 0x0036, 0x0016, 0x0016, 0x0015, 0x0016, 0x0078, 0x0015, 0x0015, 0x0036, 0x0036,
  0x0015, 0x0016, 0x0015, 0x0036, 0x0015, 0x0016, 0x0015, 0x0036, 0x0036, 0x0015, 0x0036, 0x0036,
  0x0016, 0x0036, 0x0015, 0x0036, 0x0015, 0x0036, 0x0036, 0x0015, 0x0036, 0x0016, 0x0036, 0x0015,
  0x0036, 0x0015, 0x0036, 0x0016, 0x0036, 0x2816, 0x5816, 0x2816, 0x5816, 0x5816, 0x5816, 0x5816,
  0x5816, 0x5816, 0x5816, 0x0015, 0x0016, 0x0015, 0x1915, 0xFFFF, 0xFFFF, 0xFFFF, 0xFFFF, 0xFFFF,
  0xFFFF, 0xFFFF, 0xFFFF, 0xFFFF, 0xFFFF, 0xFFFF, 0xFFFF, 0xFFFF, 0xA596, 0x0012, 0x0017, 0x0016,
  0x0036, 0x0015, 0x0036, 0x0036, 0x0015, 0x0036, 0x0016, 0x0015, 0x0016, 0x0036, 0x0015, 0x0015,
  0x0036, 0x0036, 0x0015, 0x0036, 0x0016, 0x0036, 0x0016, 0x0034, 0x0016, 0x0036, 0x0016, 0x0036,
  0x0015, 0x0036, 0x0036, 0x0015, 0x0016, 0x0036, 0x0015, 0x0036, 0x0015, 0x0036, 0x0016, 0x0036,
  0x0015, 0x0036, 0x0036, 0x0015, 0x0016, 0x0036, 0x0015, 0x0036, 0x0016, 0x0036, 0x0036, 0x0015,
  0x0036, 0x0015, 0x0036, 0x0015, 0x0036, 0x0016, 0x0036, 0x0015, 0x0036, 0x0016, 0x0036, 0x0015,
  0x0036, 0x0036, 0x0036, 0x0036, 0x0016, 0x0036, 0x0016, 0x0036, 0x0015, 0x0036, 0x0036, 0x0015,
  0x0036, 0x0015, 0x0036, 0x0015, 0x0036, 0x0036, 0x0016, 0x0036, 0x0015, 0x0036, 0x0036, 0x0015,
  0x0036, 0x0016, 0x0036, 0x0016, 0x0036, 0x0036, 0x0036, 0x0015, 0x0036, 0x0015, 0x0036, 0x0016,
  0x0016, 0x0036, 0x0036, 0x0036, 0x0015, 0x0016, 0x0015, 0x0015, 0x0036, 0x0016, 0x0036, 0x0015,
  0x0036, 0x0016, 0x0015, 0x0036, 0x0036, 0x0036, 0x0015, 0x0036, 0x0015, 0x0036, 0x0036, 0x0016,
  0x0036, 0x0015, 0x0036, 0x0036, 0x0016, 0x0036, 0x0036, 0x0016, 0x0036, 0x0036, 0x0016, 0x0036,
  0x0036, 0x0016, 0x0036, 0x0016, 0x0036, 0x0015, 0x0036, 0x0015, 0x0036, 0x0016, 0x0034, 0x0016,
  0x0036, 0x0015, 0x0036, 0x0016, 0x0036, 0x0016, 0x0034, 0x0016, 0x0036, 0x0015, 0x0036, 0x0016,
  0x0036, 0x0016, 0x0034, 0x0016, 0x0036, 0x0015, 0x0036, 0x0016, 0x0036, 0x0016, 0x0034, 0x0016,
  0x0036, 0x0015, 0x0036, 0x0016, 0x0036, 0x0016, 0x0034, 0x0016, 0x0036, 0x0015, 0x0036, 0x0016,
  0x0036, 0x0016, 0x0034, 0x0016, 0x0036, 0x0015, 0x0036, 0x0016, 0x0034, 0x0016, 0x0015, 0x0015,
  0x0016, 0x0036, 0x0015, 0x0036, 0x0036, 0x0015, 0x0016, 0x0015, 0x0016, 0x0036, 0x0015, 0x0036,
  0x0036, 0x0015, 0x0016, 0x0015, 0x0016, 0x0036, 0x0015, 0x0036, 0x0036, 0x0015, 0x0016, 0x0015,
  0x0016, 0x0036, 0x0015, 0x0036, 0x0036, 0x0015, 0x0016, 0x0015, 0x0016, 0x0036, 0x0015, 0x0036,
  0x0036, 0x0015, 0x0016, 0x0015, 0x0016, 0x0036, 0x0015, 0x0036, 0x0036, 0x0016, 0x0015, 0x0016,
  0x0015, 0x0015, 0x0015, 0x0016, 0xFFFF, 0xEF5D, 0x0012, 0x0015, 0x0016, 0x0036, 0x0016, 0x0036,
  0x0016, 0x0016, 0x0016, 0x0016, 0x0036, 0x0016, 0x0036, 0x0015, 0x0016, 0x0036, 0x0036, 0x0015,
  0x0036, 0x0036, 0x0036, 0x0016, 0x0016, 0x0036, 0x0015, 0x0036, 0x0015, 0x0016, 0x0036, 0x0015,
  0x0016, 0x0036, 0x0016, 0x0036, 0x0015, 0x0036, 0x0015, 0x0016, 0x0036, 0x0016, 0x0036, 0x0015,
  0x1036, 0x5816, 0x5816, 0x5816, 0x5816, 0x5816, 0x5816, 0x5816, 0x5816, 0x90D6, 0x5816, 0x0015,
  0x0016, 0x0017, 0x0012, 0x29D5, 0xDF7E, 0xFFFF, 0xFFFF, 0xFFFF, 0xFFFF, 0xFFFF, 0xFFFF, 0xFFFF,
  0xFFFF, 0xFFFF, 0xFFFF, 0xFFFF, 0x6397, 0x0012, 0x0016, 0x0016, 0x0016, 0x0016, 0x0036, 0x0016,
  0x0036, 0x0016, 0x0015, 0x0036, 0x0036, 0x0036, 0x0016, 0x0036, 0x0036, 0x0016, 0x0036, 0x0016,
  0x0036, 0x0015, 0x0016, 0x0036, 0x0015, 0x0036, 0x0015, 0x0036, 0x0016, 0x0036, 0x0015, 0x0036,
  0x0036, 0x0036, 0x0016, 0x0036, 0x0016, 0x0036, 0x0015, 0x0036, 0x0016, 0x0036, 0x0015, 0x0036,
  0x0036, 0x0036, 0x0015, 0x0036, 0x0015, 0x0036, 0x0016, 0x0036, 0x0015, 0x0036, 0x0016, 0x0036,
  0x0015, 0x0036, 0x0015, 0x0036, 0x0016, 0x0034, 0x0016, 0x0036, 0x0015, 0x0016, 0x0015, 0x0016,
  0x0015, 0x0036, 0x0015, 0x0016, 0x0036, 0x0015, 0x0016, 0x0016, 0x0036, 0x0016, 0x0036, 0x0016,
  0x0036, 0x0015, 0x0036, 0x0015, 0x0016, 0x0036, 0x0015, 0x0036, 0x0036, 0x0034, 0x0036, 0x0016,
  0x0034, 0x0016, 0x0015, 0x0016, 0x0036, 0x0036, 0x0015, 0x0036, 0x0015, 0x0036, 0x0016, 0x0015,
  0x0016, 0x0036, 0x0036, 0x0036, 0x0015, 0x0015, 0x0036, 0x0015, 0x0036, 0x0015, 0x0036, 0x0036,
  0x0015, 0x0015, 0x0036, 0x0015, 0x0036, 0x0015, 0x0015, 0x0036, 0x0015, 0x0036, 0x0016, 0x0015,
  0x0015, 0x0016, 0x0015, 0x0015, 0x0016, 0x0015, 0x0015, 0x0016, 0x0015, 0x0015, 0x0036, 0x0015,
  0x0036, 0x0036, 0x0015, 0x0036, 0x0016, 0x0034, 0x0016, 0x0036, 0x0016, 0x0036, 0x0015, 0x0036,
  0x0015, 0x0036, 0x0016, 0x0036, 0x0015, 0x0036, 0x0015, 0x0036, 0x0015, 0x0036, 0x0016, 0x0036,
  0x0016, 0x0036, 0x0015, 0x0036, 0x0015, 0x0016, 0x0036, 0x0015, 0x0036, 0x0016, 0x0036, 0x0015,
  0x0036, 0x0015, 0x0036, 0x0016, 0x0036, 0x0015, 0x0036, 0x0015, 0x0036, 0x0015, 0x0036, 0x0016,
  0x0036, 0x0016, 0x0036, 0x0015, 0x0036, 0x0016, 0x0036, 0x0036, 0x0036, 0x0036, 0x0016, 0x0036,
  0x0015, 0x0016, 0x0036, 0x0036, 0x0036, 0x0036, 0x0016, 0x0036, 0x0015, 0x0036, 0x0036, 0x0036,
  0x0036, 0x0015, 0x0016, 0x0036, 0x0016, 0x0015, 0x0036, 0x0036, 0x0036, 0x0036, 0x0016, 0x0036,
  0x0015, 0x0016, 0x0036, 0x0036, 0x0036, 0x0036, 0x0016, 0x0036, 0x0015, 0x0036, 0x0036, 0x0036,
  0x0036, 0x0015, 0x0036, 0x0016, 0x0036, 0x0015, 0x0036, 0x0036, 0x0036, 0x0036, 0x0036, 0x0036,
  0xFFFF, 0xFFFF, 0x7CDA, 0x0012, 0x0016, 0x0016, 0x0017, 0x0016, 0x0016, 0x0017, 0x0016, 0x0016,
  0x0036, 0x0016, 0x0016, 0x0016, 0x0036, 0x0015, 0x0016, 0x0016, 0x0016, 0x0015, 0x0016, 0x0015,
  0x0036, 0x0016, 0x0016, 0x0016, 0x0036, 0x0016, 0x0015, 0x0036, 0x0015, 0x0036, 0x0015, 0x0016,
  0x0016, 0x0016, 0x0036, 0x0016, 0x0015, 0x0016, 0x0015, 0x0016, 0x0036, 0x0837, 0x1015, 0x2816,
  0x2816, 0x5816, 0x5816, 0x5816, 0x90D6, 0x90D6, 0x1015, 0x0015, 0x0016, 0x0016, 0x0016, 0x0012,
  0x1076, 0xCF3D, 0xFFFF, 0xFFFF, 0xFFFF, 0xFFFF, 0xFFFF, 0xFFFF, 0xFFFF, 0xFFFF, 0xFFFF, 0xFFFF,
  0x29D5, 0x0012, 0x0015, 0x0016, 0x0016, 0x0036, 0x0015, 0x0016, 0x0016, 0x0016, 0x0036, 0x0016,
  0x0016, 0x0016, 0x0016, 0x0016, 0x0016, 0x0015, 0x0016, 0x0016, 0x0016, 0x0016, 0x0036, 0x0016,
  0x0016, 0x0016, 0x0016, 0x0016, 0x0016, 0x0016, 0x0016, 0x0016, 0x0015, 0x0016, 0x0015, 0x0016,
  0x0016, 0x0016, 0x0016, 0x0016, 0x0016, 0x0016, 0x0016, 0x0016, 0x0015, 0x0016, 0x0016, 0x0036,
  0x0015, 0x0036, 0x0015, 0x0016, 0x0016, 0x0016, 0x0016, 0x0016, 0x0016, 0x0016, 0x0016, 0x0016,
  0x0016, 0x0016, 0x0016, 0x0016, 0x0036, 0x0016, 0x0036, 0x0016, 0x0036, 0x0016, 0x0036, 0x0016,
  0x0016, 0x0036, 0x0016, 0x0016, 0x0016, 0x0016, 0x0016, 0x0016, 0x0016, 0x0016, 0x0016, 0x0036,
  0x0016, 0x0016, 0x0016, 0x0016, 0x0015, 0x0016, 0x0016, 0x0016, 0x0016, 0x0016, 0x0036, 0x0036,
  0x0015, 0x0015, 0x0036, 0x0015, 0x0036, 0x0015, 0x0015, 0x0036, 0x0015, 0x0016, 0x0015, 0x0016,
  0x0016, 0x0036, 0x0015, 0x0016, 0x0015, 0x0016, 0x0015, 0x0015, 0x0016, 0x0016, 0x0015, 0x0016,
  0x0015, 0x0016, 0x0036, 0x0015, 0x0016, 0x0015, 0x0016, 0x0036, 0x0036, 0x0015, 0x0036, 0x0036,
  0x0015, 0x0036, 0x0036, 0x0015, 0x0036, 0x0016, 0x0015, 0x0016, 0x0015, 0x0015, 0x0016, 0x0015,
  0x0016, 0x0015, 0x0016, 0x0015, 0x0015, 0x0015, 0x0016, 0x0015, 0x0016, 0x0015, 0x0015, 0x0016,
  0x0015, 0x0016, 0x0015, 0x0015, 0x0016, 0x0015, 0x0015, 0x0015, 0x0015, 0x0016, 0x0015, 0x0036,
  0x0015, 0x0036, 0x0015, 0x0016, 0x0015, 0x0015, 0x0015, 0x0016, 0x0015, 0x0016, 0x0015, 0x0015,
  0x0015, 0x0016, 0x0015, 0x0016, 0x0015, 0x0016, 0x0015, 0x0015, 0x0015, 0x0015, 0x0016, 0x0015,
  0x0016, 0x0015, 0x0015, 0x0015, 0x0015, 0x0015, 0x0015, 0x0015, 0x0016, 0x0036, 0x0015, 0x0015,
  0x0015, 0x0015, 0x0015, 0x0015, 0x0016, 0x0015, 0x0015, 0x0015, 0x0015, 0x0036, 0x0015, 0x0015,
  0x0015, 0x0036, 0x0015, 0x0015, 0x0015, 0x0015, 0x0015, 0x0016, 0x0015, 0x0036, 0x0015, 0x0015,
  0x0015, 0x0015, 0x0015, 0x0015, 0x0016, 0x0015, 0x0015, 0x0015, 0x0015, 0x0036, 0x0015, 0x0015,
  0x0015, 0x0036, 0x0015, 0x0015, 0x0015, 0x0015, 0x0015, 0x0015, 0xFFFF, 0xFFFF, 0xFFBE, 0x0873,
  0x0015, 0x0016, 0x0016, 0x0016, 0x0036, 0x0016, 0x0016, 0x0016, 0x0016, 0x0036, 0x0036, 0x0016,
  0x0016, 0x0016, 0x0036, 0x0016, 0x0036, 0x0016, 0x0036, 0x0016, 0x0016, 0x0015, 0x0036, 0x0016,
  0x0015, 0x0036, 0x0016, 0x0016, 0x0036, 0x0016, 0x0036, 0x0016, 0x0036, 0x0016, 0x0016, 0x0036,
  0x0036, 0x0036, 0x0036, 0x0016, 0x0016, 0x0016, 0x0016, 0x0016, 0x0015, 0x0016, 0x1015, 0x1015,
  0x1015, 0x1015, 0x0016, 0x0016, 0x0015, 0x0016, 0x0015, 0x0016, 0x0015, 0x0015, 0x9E3B, 0xFFFF,
  0xFFFF, 0xFFFF, 0xFFFF, 0xFFFF, 0xFFFF, 0xFFFF, 0xFFFF, 0xF7BE, 0x0873, 0x0015, 0x0016, 0x0015,
  0x0016, 0x0016, 0x0036, 0x0016, 0x0036, 0x0016, 0x0016, 0x0016, 0x0016, 0x0016, 0x0016, 0x0016,
  0x0016, 0x0036, 0x0016, 0x0036, 0x0016, 0x0016, 0x0016, 0x0036, 0x0016, 0x0036, 0x0016, 0x0036,
  0x0016, 0x0036, 0x0016, 0x0036, 0x0016, 0x0036, 0x0016, 0x0036, 0x0016, 0x0036, 0x0016, 0x0036,
  0x0016, 0x0036, 0x0016, 0x0036, 0x0016, 0x0036, 0x0016, 0x0016, 0x0016, 0x0016, 0x0036, 0x0016,
  0x0036, 0x0016, 0x0036, 0x0016, 0x0036, 0x0016, 0x0036, 0x0016, 0x0036, 0x0015, 0x0036, 0x0016,
  0x0015, 0x0016, 0x0016, 0x0015, 0x0016, 0x0016, 0x0015, 0x0036, 0x0015, 0x0016, 0x0036, 0x0016,
  0x0036, 0x0016, 0x0036, 0x0016, 0x0036, 0x0016, 0x0016, 0x0016, 0x0036, 0x0016, 0x0036, 0x0016,
  0x0017, 0x0016, 0x0036, 0x0016, 0x0036, 0x0016, 0x0015, 0x0015, 0x0016, 0x0016, 0x0015, 0x0016,
  0x0015, 0x0036, 0x0016, 0x0016, 0x0015, 0x0016, 0x0015, 0x0036, 0x0015, 0x0016, 0x0016, 0x0015,
  0x0036, 0x0015, 0x0016, 0x0036, 0x0015, 0x0016, 0x0036, 0x0015, 0x0036, 0x0015, 0x0016, 0x0016,
  0x0015, 0x0036, 0x0015, 0x0015, 0x0016, 0x0016, 0x0015, 0x0016, 0x0016, 0x0015, 0x0016, 0x0016,
  0x0015, 0x0016, 0x0036, 0x0015, 0x0016, 0x0036, 0x0015, 0x0036, 0x0015, 0x0036, 0x0015, 0x0036,
  0x0016, 0x0036, 0x0015, 0x0036, 0x0015, 0x0036, 0x0016, 0x0015, 0x0036, 0x0016, 0x0016, 0x0036,
  0x0015, 0x0036, 0x0016, 0x0036, 0x0016, 0x0015, 0x0016, 0x0015, 0x0016, 0x0015, 0x0036, 0x0015,
  0x0036, 0x0016, 0x0036, 0x0015, 0x0036, 0x0015, 0x0036, 0x0016, 0x0036, 0x0015, 0x0036, 0x0015,
  0x0036, 0x0015, 0x0036, 0x0016, 0x0036, 0x0016, 0x0015, 0x0036, 0x0015, 0x0036, 0x0016, 0x0016,
  0x0016, 0x0036, 0x0016, 0x0036, 0x0015, 0x0015, 0x0016, 0x0016, 0x0015, 0x0036, 0x0016, 0x0036,
  0x0015, 0x0016, 0x0016, 0x0016, 0x0016, 0x0015, 0x0036, 0x0016, 0x0016, 0x0015, 0x0016, 0x0016,
  0x0016, 0x0036, 0x0016, 0x0015, 0x0016, 0x0015, 0x0016, 0x0016, 0x0015, 0x0036, 0x0016, 0x0036,
  0x0015, 0x0016, 0x0016, 0x0016, 0x0016, 0x0015, 0x0016, 0x0036, 0x0016, 0x0015, 0x0016, 0x0016,
  0x0016, 0x0016, 0x0016, 0x0016, 0xFFFF, 0xFFFF, 0xFFFF, 0x6397, 0x0012, 0x0017, 0x0016, 0x0016,
  0x0016, 0x0036, 0x0016, 0x0036, 0x0016, 0x0015, 0x0015, 0x0036, 0x0015, 0x0015, 0x0016, 0x0016,
  0x0015, 0x0016, 0x0015, 0x0016, 0x0016, 0x0016, 0x0016, 0x0016, 0x0016, 0x0016, 0x0015, 0x0016,
  0x0015, 0x0016, 0x0015, 0x0016, 0x0016, 0x0036, 0x0016, 0x0016, 0x0015, 0x0016, 0x0015, 0x0016,
  0x0016, 0x0016, 0x0016, 0x0016, 0x0016, 0x0016, 0x0016, 0x0016, 0x0016, 0x0016, 0x0016, 0x0016,
  0x0015, 0x0016, 0x0016, 0x0015, 0x0015, 0x0015, 0x0015, 0x7CDA, 0xFFFF, 0xFFFF, 0xFFFF, 0xFFFF,
  0xFFFF, 0xFFFF, 0xFFFF, 0xBDF8, 0x0012, 0x0016, 0x0016, 0x0016, 0x0036, 0x0016, 0x0016, 0x0016,
  0x0016, 0x0036, 0x0016, 0x0036, 0x0016, 0x0036, 0x0016, 0x0036, 0x0016, 0x0016, 0x0016, 0x0016,
  0x0016, 0x0016, 0x0016, 0x0016, 0x0016, 0x0016, 0x0016, 0x0016, 0x0016, 0x0016, 0x0016, 0x0016,
  0x0016, 0x0016, 0x0016, 0x0016, 0x0016, 0x0016, 0x0016, 0x0016, 0x0015, 0x0016, 0x0016, 0x0016,
  0x0016, 0x0016, 0x0016, 0x0036, 0x0016, 0x0016, 0x0016, 0x0015, 0x0016, 0x0016, 0x0016, 0x0016,
  0x0016, 0x0015, 0x0016, 0x0015, 0x0016, 0x0016, 0x0015, 0x0036, 0x0016, 0x0036, 0x0016, 0x0036,
  0x0015, 0x0036, 0x0016, 0x0016, 0x0036, 0x0016, 0x0015, 0x0016, 0x0015, 0x0016, 0x0016, 0x0015,
  0x0016, 0x0016, 0x0036, 0x0016, 0x0016, 0x0016, 0x0016, 0x0016, 0x0016, 0x0016, 0x0016, 0x0016,
  0x0016, 0x0016, 0x0016, 0x0036, 0x0015, 0x0016, 0x0015, 0x0016, 0x0016, 0x0015, 0x0016, 0x0015,
  0x0036, 0x0015, 0x0016, 0x0015, 0x0016, 0x0015, 0x0036, 0x0016, 0x0015, 0x0036, 0x0016, 0x0015,
  0x0036, 0x0016, 0x0015, 0x0016, 0x0016, 0x0015, 0x0016, 0x0015, 0x0016, 0x0015, 0x0016, 0x0015,
  0x0016, 0x0015, 0x0016, 0x0015, 0x0016, 0x0015, 0x0016, 0x0015, 0x0036, 0x0015, 0x0015, 0x0036,
  0x0015, 0x0016, 0x0015, 0x0016, 0x0016, 0x0015, 0x0016, 0x0015, 0x0016, 0x0015, 0x0016, 0x0016,
  0x0016, 0x0015, 0x0036, 0x0016, 0x0015, 0x0036, 0x0015, 0x0016, 0x0015, 0x0016, 0x0015, 0x0016,
  0x0015, 0x0036, 0x0015, 0x0016, 0x0015, 0x0016, 0x0015, 0x0016, 0x0016, 0x0015, 0x0016, 0x0015,
  0x0016, 0x0016, 0x0016, 0x0015, 0x0016, 0x0015, 0x0016, 0x0016, 0x0015, 0x0016, 0x0016, 0x0015,
  0x0016, 0x0015, 0x0016, 0x0015, 0x0016, 0x0015, 0x0036, 0x0015, 0x0016, 0x0015, 0x0016, 0x0015,
  0x0016, 0x0016, 0x0015, 0x0036, 0x0015, 0x0016, 0x0015, 0x0015, 0x0016, 0x0036, 0x0015, 0x0016,
  0x0015, 0x0016, 0x0016, 0x0015, 0x0016, 0x0036, 0x0015, 0x0036, 0x0015, 0x0016, 0x0015, 0x0036,
  0x0015, 0x0036, 0x0015, 0x0036, 0x0016, 0x0015, 0x0016, 0x0015, 0x0016, 0x0036, 0x0015, 0x0016,
  0x0015, 0x0016, 0x0016, 0x0015, 0x0016, 0x0016, 0x0015, 0x0036, 0x0015, 0x0036, 0x0015, 0x0016,
  0xFFFF, 0xFFFF, 0xFFFF, 0xEF5D, 0x0034, 0x0015, 0x0016, 0x0015, 0x0016, 0x0016, 0x0016, 0x0016,
  0x0016, 0x0016, 0x0016, 0x0015, 0x0016, 0x0015, 0x0016, 0x0016, 0x0016, 0x0016, 0x0016, 0x0016,
  0x0015, 0x0016, 0x0016, 0x0015, 0x0016, 0x0016, 0x0016, 0x0016, 0x0016, 0x0016, 0x0015, 0x0036,
  0x0016, 0x0016, 0x0016, 0x0016, 0x0016, 0x0016, 0x0016, 0x0016, 0x0016, 0x0016, 0x0016, 0x0016,
  0x0015, 0x0016, 0x0016, 0x0016, 0x0016, 0x0016, 0x0015, 0x0015, 0x0016, 0x0016, 0x0016, 0x0015,
  0x0016, 0x0016, 0x0015, 0x0012, 0x7C39, 0xFFFF, 0xFFFF, 0xFFFF, 0xFFFF, 0xFFFF, 0xFFFF, 0x7C39,
  0x0012, 0x0016, 0x0015, 0x0016, 0x0016, 0x0016, 0x0036, 0x0016, 0x0016, 0x0016, 0x0016, 0x0016,
  0x0016, 0x0015, 0x0016, 0x0016, 0x0016, 0x0016, 0x0036, 0x0016, 0x0036, 0x0015, 0x0016, 0x0015,
  0x0016, 0x0015, 0x0016, 0x0015, 0x0016, 0x0015, 0x0016, 0x0015, 0x0016, 0x0015, 0x0016, 0x0015,
  0x0016, 0x0015, 0x0016, 0x0015, 0x0016, 0x0016, 0x0015, 0x0016, 0x0015, 0x0016, 0x0015, 0x0016,
  0x0015, 0x0036, 0x0015, 0x0016, 0x0015, 0x0015, 0x0015, 0x0015, 0x0036, 0x0015, 0x0036, 0x0015,
  0x0036, 0x0015, 0x0016, 0x0015, 0x0015, 0x0015, 0x0015, 0x0015, 0x0016, 0x0015, 0x0015, 0x0015,
  0x0015, 0x0015, 0x0036, 0x0015, 0x0036, 0x0015, 0x0036, 0x0015, 0x0036, 0x0015, 0x0015, 0x0016,
  0x0016, 0x0015, 0x0016, 0x0036, 0x0015, 0x0016, 0x0016, 0x0016, 0x0016, 0x0015, 0x0016, 0x0015,
  0x0016, 0x0015, 0x0036, 0x0015, 0x0034, 0x0016, 0x0015, 0x0015, 0x0016, 0x0015, 0x0015, 0x0016,
  0x0016, 0x0015, 0x0016, 0x0015, 0x0016, 0x0015, 0x0016, 0x0015, 0x0016, 0x0015, 0x0015, 0x0016,
  0x0015, 0x0016, 0x0016, 0x0015, 0x0036, 0x0016, 0x0015, 0x0016, 0x0016, 0x0015, 0x0036, 0x0016,
  0x0015, 0x0036, 0x0015, 0x0036, 0x0015, 0x0016, 0x0016, 0x0015, 0x0015, 0x0015, 0x0016, 0x0015,
  0x0015, 0x0015, 0x0016, 0x0015, 0x0015, 0x0016, 0x0015, 0x0015, 0x0015, 0x0016, 0x0015, 0x0015,
  0x0016, 0x0015, 0x0015, 0x0015, 0x0015, 0x0015, 0x0016, 0x0015, 0x0015, 0x0015, 0x0016, 0x0015,
  0x0036, 0x0015, 0x0016, 0x0015, 0x0015, 0x0015, 0x0015, 0x0016, 0x0015, 0x0015, 0x0015, 0x0016,
  0x0015, 0x0016, 0x0015, 0x0015, 0x0016, 0x0015, 0x0015, 0x0016, 0x0015, 0x0015, 0x0036, 0x0015,
  0x0016, 0x0015, 0x0015, 0x0036, 0x0015, 0x0015, 0x0015, 0x0016, 0x0015, 0x0015, 0x0015, 0x0015,
  0x0016, 0x0015, 0x0015, 0x0016, 0x0015, 0x0015, 0x0015, 0x0015, 0x0036, 0x0015, 0x0015, 0x0036,
  0x0015, 0x0015, 0x0015, 0x0015, 0x0016, 0x0015, 0x0015, 0x0015, 0x0016, 0x0015, 0x0016, 0x0015,
  0x0015, 0x0015, 0x0015, 0x0016, 0x0015, 0x0015, 0x0015, 0x0015, 0x0036, 0x0015, 0x0034, 0x0016,
  0x0015, 0x0015, 0x0016, 0x0015, 0x0015, 0x0015, 0x0016, 0x0015, 0xFFFF, 0xFFFF, 0xFFFF, 0xFFFF,
  0x859B, 0x0012, 0x0016, 0x0016, 0x0016, 0x0016, 0x0015, 0x0016, 0x0016, 0x0016, 0x0016, 0x0036,
  0x0015, 0x0036, 0x0016, 0x0016, 0x0016, 0x0016, 0x0016, 0x0016, 0x0016, 0x0016, 0x0016, 0x0016,
  0x0016, 0x0016, 0x0016, 0x0016, 0x0016, 0x0015, 0x0016, 0x0015, 0x0015, 0x0016, 0x0016, 0x0016,
  0x0016, 0x0016, 0x0016, 0x0016, 0x0016, 0x0036, 0x0015, 0x0016, 0x0015, 0x0016, 0x0015, 0x0016,
  0x0015, 0x0016, 0x0015, 0x0016, 0x0015, 0x0016, 0x0015, 0x0016, 0x0016, 0x0015, 0x0016, 0x0016,
  0x0012, 0x4A56, 0xFFFF, 0xFFFF, 0xFFFF, 0xFFFF, 0xFFFF, 0x2A93, 0x0012, 0x0016, 0x0016, 0x0016,
  0x0015, 0x0015, 0x0016, 0x0015, 0x0036, 0x0016, 0x0015, 0x0016, 0x0015, 0x0016, 0x0016, 0x0016,
  0x0016, 0x0016, 0x0015, 0x0016, 0x0016, 0x0016, 0x0015, 0x0016, 0x0015, 0x0016, 0x0015, 0x0016,
  0x0015, 0x0016, 0x0015, 0x0016, 0x0015, 0x0016, 0x0015, 0x0016, 0x0015, 0x0016, 0x0015, 0x0016,
  0x0015, 0x0016, 0x0015, 0x0016, 0x0015, 0x0016, 0x0015, 0x0016, 0x0015, 0x0016, 0x0015, 0x0016,
  0x0015, 0x0016, 0x0036, 0x0016, 0x0015, 0x0016, 0x0016, 0x0015, 0x0016, 0x0016, 0x0015, 0x0036,
  0x0016, 0x0016, 0x0016, 0x0016, 0x0016, 0x0016, 0x0016, 0x0016, 0x0016, 0x0016, 0x0016, 0x0015,
  0x0016, 0x0016, 0x0015, 0x0016, 0x0015, 0x0016, 0x0036, 0x0015, 0x0016, 0x0036, 0x0015, 0x0016,
  0x0015, 0x0016, 0x0016, 0x0015, 0x0016, 0x0015, 0x0015, 0x0036, 0x0015, 0x0015, 0x0015, 0x0016,
  0x0015, 0x0015, 0x0016, 0x0015, 0x0015, 0x0015, 0x0016, 0x0015, 0x0015, 0x0016, 0x0015, 0x0016,
  0x0015, 0x0016, 0x0015, 0x0016, 0x0015, 0x0016, 0x0016, 0x0015, 0x0016, 0x0015, 0x0015, 0x0016,
  0x0015, 0x0015, 0x0016, 0x0015, 0x0015, 0x0016, 0x0015, 0x0015, 0x0016, 0x0015, 0x0016, 0x0015,
  0x0016, 0x0015, 0x0016, 0x0015, 0x0016, 0x0015, 0x0015, 0x0036, 0x0015, 0x0036, 0x0015, 0x0036,
  0x0015, 0x0015, 0x0036, 0x0015, 0x0036, 0x0015, 0x0015, 0x0016, 0x0015, 0x0015, 0x0016, 0x0016,
  0x0015, 0x0036, 0x0015, 0x0036, 0x0015, 0x0036, 0x0015, 0x0015, 0x0015, 0x0016, 0x0034, 0x0016,
  0x0036, 0x0015, 0x0036, 0x0015, 0x0036, 0x0015, 0x0036, 0x0015, 0x0036, 0x0015, 0x0036, 0x0015,
  0x0015, 0x0036, 0x0015, 0x0015, 0x0036, 0x0015, 0x0015, 0x0015, 0x0015, 0x0036, 0x0015, 0x0015,
  0x0016, 0x0015, 0x0036, 0x0015, 0x0036, 0x0015, 0x0036, 0x0015, 0x0015, 0x0016, 0x0036, 0x0015,
  0x0036, 0x0015, 0x0016, 0x0036, 0x0015, 0x0015, 0x0036, 0x0015, 0x0015, 0x0036, 0x0015, 0x0016,
  0x0015, 0x0015, 0x0036, 0x0015, 0x0015, 0x0016, 0x0015, 0x0015, 0x0016, 0x0015, 0x0036, 0x0015,
  0x0036, 0x0015, 0x0016, 0x0036, 0x0015, 0x0015, 0x0016, 0x0015, 0x0036, 0x0015, 0x0015, 0x0036,
  0x0015, 0x0016, 0x0015, 0x0036, 0x0217, 0xCF3D, 0xFFBF, 0xFFFF, 0xFFFF, 0x1915, 0x0015, 0x0017,
  0x0016, 0x0015, 0x0016, 0x0016, 0x0016, 0x0015, 0x0016, 0x0016, 0x0016, 0x0015, 0x0015, 0x0016,
  0x0016, 0x0016, 0x0016, 0x0016, 0x0016, 0x0016, 0x0016, 0x0016, 0x0016, 0x0016, 0x0016, 0x0016,
  0x0016, 0x0016, 0x0016, 0x0016, 0x0016, 0x0016, 0x0016, 0x0016, 0x0016, 0x0016, 0x0016, 0x0016,
  0x0016, 0x0016, 0x0016, 0x0015, 0x0016, 0x0016, 0x0016, 0x0016, 0x0036, 0x0015, 0x0036, 0x0016,
  0x0016, 0x0016, 0x0016, 0x0016, 0x0015, 0x0016, 0x0016, 0x0016, 0x0016, 0x0012, 0x4A56, 0xEFBF,
  0xFFFF, 0xFFFF, 0xFFFF, 0x1915, 0x0015, 0x0016, 0x0016, 0x0016, 0x0016, 0x0016, 0x0016, 0x0016,
  0x0016, 0x0016, 0x0016, 0x0016, 0x0016, 0x0016, 0x0016, 0x0016, 0x0015, 0x0016, 0x0016, 0x0015,
  0x0016, 0x0015, 0x0016, 0x0016, 0x0016, 0x0016, 0x0016, 0x0016, 0x0016, 0x0016, 0x0016, 0x0016,
  0x0016, 0x0016, 0x0016, 0x0016, 0x0016, 0x0016, 0x0016, 0x0016, 0x0016, 0x0016, 0x0016, 0x0016,
  0x0016, 0x0016, 0x0016, 0x0016, 0x0016, 0x0016, 0x0016, 0x0016, 0x0016, 0x0016, 0x0016, 0x0016,
  0x0016, 0x0016, 0x0016, 0x0016, 0x0016, 0x0016, 0x0016, 0x0016, 0x0016, 0x0016, 0x0016, 0x0016,
  0x0016, 0x0016, 0x0016, 0x0016, 0x0016, 0x0016, 0x0016, 0x0016, 0x0016, 0x0016, 0x0016, 0x0016,
  0x0016, 0x0016, 0x0016, 0x0016, 0x0016, 0x0016, 0x0016, 0x0016, 0x0016, 0x0016, 0x0016, 0x0016,
  0x0016, 0x0015, 0x0015, 0x0016, 0x0015, 0x0016, 0x0015, 0x0015, 0x0016, 0x0015, 0x0016, 0x0015,
  0x0016, 0x0015, 0x0015, 0x0016, 0x0015, 0x0016, 0x0015, 0x0016, 0x0015, 0x0016, 0x0015, 0x0016,
  0x0015, 0x0015, 0x0015, 0x0016, 0x0015, 0x0016, 0x0016, 0x0015, 0x0016, 0x0015, 0x0016, 0x0016,
  0x0015, 0x0016, 0x0015, 0x0016, 0x0015, 0x0016, 0x0015, 0x0016, 0x0015, 0x0016, 0x0015, 0x0015,
  0x0015, 0x0015, 0x0015, 0x0015, 0x0015, 0x0015, 0x0015, 0x0015, 0x0015, 0x0015, 0x0015, 0x0015,
  0x0015, 0x0016, 0x0015, 0x0015, 0x0015, 0x0015, 0x0015, 0x0015, 0x0015, 0x0015, 0x0015, 0x0015,
  0x0015, 0x0015, 0x0016, 0x0015, 0x0015, 0x0015, 0x0015, 0x0015, 0x0015, 0x0015, 0x0015, 0x0015,
  0x0015, 0x0015, 0x0015, 0x0015, 0x0015, 0x0015, 0x0015, 0x0016, 0x0015, 0x0015, 0x0015, 0x0015,
  0x0015, 0x0016, 0x0015, 0x0016, 0x0015, 0x0015, 0x0015, 0x0015, 0x0015, 0x0015, 0x0015, 0x0015,
  0x0015, 0x0015, 0x0015, 0x0015, 0x0015, 0x0015, 0x0015, 0x0015, 0x0015, 0x0015, 0x0015, 0x0015,
  0x0015, 0x0015, 0x0015, 0x0016, 0x0015, 0x0015, 0x0015, 0x0015, 0x0015, 0x0015, 0x0015, 0x0016,
  0x0015, 0x0015, 0x0015, 0x0015, 0x0015, 0x0015, 0x0015, 0x0015, 0x0015, 0x0015, 0x0015, 0x0015,
  0x0015, 0x0015, 0x0015, 0x0015, 0x0015, 0x0015, 0x0015, 0x0015, 0x0015, 0x0015, 0x0015, 0x0015,
  0x0015, 0x0016, 0x7CDA, 0xFFFF, 0xFFFF, 0x859B, 0x0012, 0x0016, 0x0016, 0x0016, 0x0016, 0x0016,
  0x0016, 0x0016, 0x0016, 0x0015, 0x0016, 0x0016, 0x0016, 0x0015, 0x0016, 0x0016, 0x0016, 0x0016,
  0x0016, 0x0016, 0x0016, 0x0016, 0x0015, 0x0016, 0x0016, 0x0016, 0x0016, 0x0015, 0x0016, 0x0015,
  0x0016, 0x0016, 0x0016, 0x0015, 0x0016, 0x0016, 0x0016, 0x0016, 0x0016, 0x0016, 0x0016, 0x0016,
  0x0015, 0x0016, 0x0016, 0x0015, 0x0016, 0x0016, 0x0016, 0x0016, 0x0015, 0x0016, 0x0016, 0x0016,
  0x0016, 0x0015, 0x0016, 0x0016, 0x0016, 0x0016, 0x0012, 0x0873, 0xDEDB, 0xFFFF, 0xFFBE, 0x1036,
  0x0016, 0x0015, 0x0016, 0x0015, 0x0016, 0x0016, 0x0015, 0x0016, 0x0015, 0x0015, 0x0015, 0x0016,
  0x0016, 0x0016, 0x0015, 0x0016, 0x0016, 0x0016, 0x0016, 0x0016, 0x0016, 0x0016, 0x0016, 0x0016,
  0x0016, 0x0016, 0x0016, 0x0016, 0x0016, 0x0016, 0x0016, 0x0016, 0x0016, 0x0016, 0x0016, 0x0016,
  0x0016, 0x0016, 0x0016, 0x0016, 0x0016, 0x0016, 0x0016, 0x0016, 0x0016, 0x0016, 0x0016, 0x0016,
  0x0016, 0x0016, 0x0016, 0x0016, 0x0016, 0x0016, 0x0016, 0x0016, 0x0016, 0x0016, 0x0016, 0x0016,
  0x0016, 0x0016, 0x0016, 0x0016, 0x0016, 0x0016, 0x0016, 0x0016, 0x0016, 0x0016, 0x0016, 0x0016,
  0x0016, 0x0016, 0x0016, 0x0016, 0x0016, 0x0016, 0x0016, 0x0016, 0x0016, 0x0016, 0x0016, 0x0016,
  0x0015, 0x0016, 0x0016, 0x0016, 0x0016, 0x0015, 0x0016, 0x0015, 0x0016, 0x0016, 0x0016, 0x0015,
  0x0016, 0x0015, 0x0015, 0x0016, 0x0015, 0x0015, 0x0015, 0x0016, 0x0015, 0x0015, 0x0016, 0x0015,
  0x0016, 0x0015, 0x0016, 0x0015, 0x0016, 0x0015, 0x0016, 0x0015, 0x0016, 0x0016, 0x0016, 0x0016,
  0x0015, 0x0016, 0x0015, 0x0016, 0x0015, 0x0016, 0x0015, 0x0015, 0x0016, 0x0015, 0x0016, 0x0015,
  0x0016, 0x0015, 0x0016, 0x0016, 0x0015, 0x0016, 0x0015, 0x0016, 0x0016, 0x0016, 0x0016, 0x0016,
  0x0015, 0x0016, 0x0016, 0x0015, 0x0016, 0x0015, 0x0016, 0x0015, 0x0016, 0x0015, 0x0015, 0x0015,
  0x0016, 0x0016, 0x0015, 0x0016, 0x0015, 0x0016, 0x0015, 0x0016, 0x0016, 0x0015, 0x0015, 0x0016,
  0x0015, 0x0016, 0x0015, 0x0016, 0x0015, 0x0016, 0x0015, 0x0016, 0x0015, 0x0016, 0x0015, 0x0016,
  0x0015, 0x0016, 0x0015, 0x0015, 0x0016, 0x0015, 0x0016, 0x0015, 0x0016, 0x0015, 0x0015, 0x0015,
  0x0016, 0x0015, 0x0016, 0x0015, 0x0016, 0x0015, 0x0016, 0x0016, 0x0015, 0x0016, 0x0016, 0x0015,
  0x0016, 0x0015, 0x0016, 0x0015, 0x0016, 0x0015, 0x0016, 0x0015, 0x0016, 0x0015, 0x0016, 0x0015,
  0x0015, 0x0016, 0x0015, 0x0016, 0x0016, 0x0015, 0x0016, 0x0015, 0x0015, 0x0016, 0x0015, 0x0016,
  0x0016, 0x0016, 0x0015, 0x0016, 0x0015, 0x0016, 0x0016, 0x0015, 0x0016, 0x0015, 0x0016, 0x0015,
  0x0016, 0x0016, 0x0015, 0x0016, 0x0016, 0x0015, 0x0016, 0x0015, 0x0015, 0x0015, 0x0015, 0x6397,
  0xF7FF, 0xFFFF, 0x29D5, 0x0015, 0x0016, 0x0016, 0x0016, 0x0016, 0x0016, 0x0016, 0x0016, 0x0016,
  0x0016, 0x0015, 0x0016, 0x0015, 0x0016, 0x0015, 0x0015, 0x0015, 0x0015, 0x0015, 0x0015, 0x0015,
  0x0016, 0x0015, 0x0016, 0x0016, 0x0016, 0x0016, 0x0015, 0x0016, 0x0016, 0x0015, 0x0016, 0x0015,
  0x0016, 0x0016, 0x0015, 0x0016, 0x0015, 0x0016, 0x0015, 0x0016, 0x0016, 0x0015, 0x0016, 0x0015,
  0x0016, 0x0015, 0x0016, 0x0015, 0x0016, 0x0015, 0x0016, 0x0016, 0x0016, 0x0016, 0x0016, 0x0016,
  0x0016, 0x0016, 0x0016, 0x0012, 0x1015, 0xDF7E, 0xEFFE, 0x0015, 0x0016, 0x0016, 0x0016, 0x0016,
  0x0016, 0x0016, 0x0016, 0x0016, 0x0016, 0x0016, 0x0016, 0x0016, 0x0015, 0x0016, 0x0016, 0x0016,
  0x0016, 0x0016, 0x0016, 0x0015, 0x0016, 0x0016, 0x0016, 0x0016, 0x0016, 0x0016, 0x0016, 0x0016,
  0x0016, 0x0016, 0x0016, 0x0016, 0x0016, 0x0016, 0x0016, 0x0016, 0x0016, 0x0016, 0x0016, 0x0016,
  0x0016, 0x0016, 0x0016, 0x0016, 0x0016, 0x0016, 0x0016, 0x0016, 0x0016, 0x0016, 0x0016, 0x0016,
  0x0016, 0x0016, 0x0016, 0x0016, 0x0016, 0x0016, 0x0016, 0x0016, 0x0016, 0x0016, 0x0016, 0x0016,
  0x0016, 0x0016, 0x0016, 0x0016, 0x0016, 0x0016, 0x0016, 0x0016, 0x0016, 0x0016, 0x0016, 0x0016,
  0x0016, 0x0016, 0x0016, 0x0016, 0x0016, 0x0016, 0x0016, 0x0016, 0x0016, 0x0016, 0x0015, 0x0016,
  0x0015, 0x0016, 0x0016, 0x0016, 0x0016, 0x0016, 0x0016, 0x0015, 0x0016, 0x0015, 0x0016, 0x0016,
  0x0015, 0x0016, 0x0016, 0x0015, 0x0015, 0x0016, 0x0015, 0x0016, 0x0015, 0x0016, 0x0015, 0x0016,
  0x0016, 0x0016, 0x0015, 0x0015, 0x0015, 0x0015, 0x0015, 0x0016, 0x0016, 0x0015, 0x0015, 0x0015,
  0x0016, 0x0016, 0x0016, 0x0016, 0x0015, 0x0016, 0x0015, 0x0015, 0x0016, 0x0016, 0x0016, 0x0015,
  0x0016, 0x0015, 0x0015, 0x0016, 0x0015, 0x0016, 0x0015, 0x0016, 0x0015, 0x0016, 0x0015, 0x0016,
  0x0016, 0x0016, 0x0015, 0x0016, 0x0015, 0x0016, 0x0016, 0x0016, 0x0016, 0x0015, 0x0016, 0x0015,
  0x0016, 0x0015, 0x0016, 0x0015, 0x0015, 0x0015, 0x0016, 0x0015, 0x0016, 0x0016, 0x0016, 0x0015,
  0x0016, 0x0015, 0x0016, 0x0015, 0x0016, 0x0016, 0x0016, 0x0015, 0x0016, 0x0015, 0x0016, 0x0016,
  0x0015, 0x0016, 0x0015, 0x0016, 0x0015, 0x0015, 0x0016, 0x0016, 0x0015, 0x0016, 0x0015, 0x0016,
  0x0015, 0x0016, 0x0016, 0x0015, 0x0016, 0x0015, 0x0015, 0x0016, 0x0016, 0x0016, 0x0015, 0x0016,
  0x0015, 0x0016, 0x0015, 0x0016, 0x0015, 0x0016, 0x0016, 0x0015, 0x0016, 0x0015, 0x0016, 0x0016,
  0x0016, 0x0016, 0x0015, 0x0016, 0x0016, 0x0015, 0x0016, 0x0016, 0x0015, 0x0015, 0x0016, 0x0015,
  0x0016, 0x0015, 0x0016, 0x0015, 0x0016, 0x0015, 0x0016, 0x0016, 0x0015, 0x0016, 0x0016, 0x0015,
  0x0015, 0x0016, 0x0015, 0x0016, 0x0016, 0x0016, 0x0015, 0x0015, 0x00F7, 0xEFBF, 0xFFFF, 0x0873,
  0x0015, 0x0016, 0x0016, 0x0016, 0x0016, 0x0016, 0x0015, 0x0016, 0x0015, 0x0016, 0x0016, 0x0016,
  0x0015, 0x0016, 0x0016, 0x0016, 0x0016, 0x0016, 0x0016, 0x0016, 0x0016, 0x0016, 0x0016, 0x0016,
  0x0015, 0x0016, 0x0016, 0x0015, 0x0016, 0x0016, 0x0016, 0x0016, 0x0016, 0x0016, 0x0016, 0x0016,
  0x0016, 0x0016, 0x0016, 0x0016, 0x0016, 0x0016, 0x0015, 0x0016, 0x0016, 0x0016, 0x0016, 0x0016,
  0x0016, 0x0016, 0x0016, 0x0015, 0x0016, 0x0016, 0x0016, 0x0016, 0x0016, 0x0016, 0x0016, 0x0016,
  0x0015, 0x1015, 0x4A56, 0x0015, 0x0016, 0x0015, 0x0016, 0x0016, 0x0015, 0x0016, 0x0016, 0x0015,
  0x0016, 0x0016, 0x0016, 0x0016, 0x0016, 0x0016, 0x0016, 0x0015, 0x0016, 0x0015, 0x0016, 0x0016,
  0x0016, 0x0015, 0x0016, 0x0015, 0x0016, 0x0015, 0x0016, 0x0015, 0x0016, 0x0015, 0x0016, 0x0015,
  0x0016, 0x0015, 0x0016, 0x0015, 0x0016, 0x0015, 0x0016, 0x0015, 0x0016, 0x0015, 0x0016, 0x0015,
  0x0016, 0x0015, 0x0016, 0x0015, 0x0016, 0x0015, 0x0016, 0x0015, 0x0016, 0x0015, 0x0016, 0x0015,
  0x0016, 0x0015, 0x0016, 0x0015, 0x0016, 0x0015, 0x0016, 0x0015, 0x0016, 0x0015, 0x0016, 0x0015,
  0x0016, 0x0015, 0x0016, 0x0015, 0x0016, 0x0015, 0x0016, 0x0015, 0x0016, 0x0015, 0x0016, 0x0015,
  0x0016, 0x0015, 0x0016, 0x0015, 0x0016, 0x0015, 0x0016, 0x0016, 0x0015, 0x0015, 0x0015, 0x0015,
  0x0015, 0x0015, 0x0015, 0x0015, 0x0015, 0x0016, 0x0015, 0x0015, 0x0016, 0x0015, 0x0015, 0x0016,
  0x0016, 0x0016, 0x0015, 0x0015, 0x0016, 0x0015, 0x0016, 0x0015, 0x0016, 0x0015, 0x0016, 0x0015,
  0x0016, 0x0016, 0x0016, 0x0015, 0x0016, 0x0015, 0x0016, 0x0015, 0x0015, 0x0016, 0x0015, 0x0016,
  0x0016, 0x0015, 0x0015, 0x0016, 0x0015, 0x0016, 0x0015, 0x0016, 0x0015, 0x0015, 0x0016, 0x0015,
  0x0016, 0x0016, 0x0015, 0x0015, 0x0016, 0x0015, 0x0016, 0x0016, 0x0015, 0x0015, 0x0016, 0x0015,
  0x0015, 0x0016, 0x0015, 0x0016, 0x0015, 0x0015, 0x0015, 0x0016, 0x0015, 0x0016, 0x0015, 0x0016,
  0x0016, 0x0015, 0x0016, 0x0015, 0x0016, 0x0015, 0x0016, 0x0015, 0x0015, 0x0016, 0x0015, 0x0016,
  0x0016, 0x0015, 0x0015, 0x0016, 0x0015, 0x0016, 0x0015, 0x0016, 0x0015, 0x0016, 0x0015, 0x0016,
  0x0015, 0x0016, 0x0015, 0x0016, 0x0015, 0x0015, 0x0016, 0x0015, 0x0016, 0x0016, 0x0015, 0x0016,
  0x0015, 0x0016, 0x0015, 0x0016, 0x0015, 0x0016, 0x0015, 0x0016, 0x0015, 0x0015, 0x0016, 0x0016,
  0x0016, 0x0015, 0x0015, 0x0016, 0x0015, 0x0016, 0x0015, 0x0015, 0x0015, 0x0015, 0x0016, 0x0015,
  0x0015, 0x0016, 0x0016, 0x0015, 0x0016, 0x0015, 0x0015, 0x0016, 0x0016, 0x0016, 0x0015, 0x0016,
  0x0015, 0x0016, 0x0015, 0x0016, 0x0016, 0x0015, 0x0015, 0x0016, 0x0015, 0x0016, 0x0015, 0x0016,
  0x0012, 0x0016, 0x0016, 0x0015, 0x0015, 0x00F7, 0xBEDD, 0x4A56, 0x0015, 0x0016, 0x0016, 0x0016,
  0x0016, 0x0016, 0x0016, 0x0016, 0x0016, 0x0016, 0x0016, 0x0016, 0x0016, 0x0016, 0x0016, 0x0016,
  0x0016, 0x0016, 0x0016, 0x0016, 0x0016, 0x0015, 0x0016, 0x0015, 0x0016, 0x0016, 0x0016, 0x0016,
  0x0016, 0x0016, 0x0016, 0x0016, 0x0016, 0x0016, 0x0016, 0x0016, 0x0016, 0x0016, 0x0016, 0x0016,
  0x0015, 0x0016, 0x0016, 0x0016, 0x0016, 0x0015, 0x0016, 0x0015, 0x0016, 0x0015, 0x0016, 0x0016,
  0x0016, 0x0016, 0x0015, 0x0016, 0x0016, 0x0016, 0x0016, 0x0016, 0x0016, 0x0015, 0x0012, 0x0016,
  0x0016, 0x0016, 0x0015, 0x0016, 0x0016, 0x0016, 0x0016, 0x0016, 0x0016, 0x0015, 0x0016, 0x0015,
  0x0016, 0x0016, 0x0015, 0x0016, 0x0016, 0x0016, 0x0016, 0x0015, 0x0016, 0x0016, 0x0015, 0x0016,
  0x0015, 0x0016, 0x0016, 0x0016, 0x0016, 0x0016, 0x0016, 0x0016, 0x0016, 0x0016, 0x0016, 0x0016,
  0x0016, 0x0016, 0x0016, 0x0016, 0x0016, 0x0016, 0x0016, 0x0016, 0x0016, 0x0016, 0x0016, 0x0016,
  0x0015, 0x0016, 0x0016, 0x0015, 0x0016, 0x0015, 0x0015, 0x0016, 0x0015, 0x0016, 0x0015, 0x0016,
  0x0015, 0x0016, 0x0015, 0x0016, 0x0015, 0x0016, 0x0015, 0x0016, 0x0015, 0x0016, 0x0015, 0x0016,
  0x0015, 0x0016, 0x0015, 0x0016, 0x0015, 0x0016, 0x0015, 0x0016, 0x0015, 0x0016, 0x0015, 0x0016,
  0x0015, 0x0016, 0x0016, 0x0016, 0x0016, 0x0016, 0x0016, 0x0016, 0x0016, 0x0016, 0x0016, 0x0015,
  0x0016, 0x0016, 0x0016, 0x0016, 0x0015, 0x0016, 0x0016, 0x0015, 0x0015, 0x0015, 0x0016, 0x0016,
  0x0015, 0x0016, 0x0015, 0x0016, 0x0015, 0x0016, 0x0015, 0x0016, 0x0016, 0x0015, 0x0016, 0x0015,
  0x0016, 0x0016, 0x0015, 0x0016, 0x0016, 0x0015, 0x0016, 0x0015, 0x0016, 0x0015, 0x0016, 0x0015,
  0x0016, 0x0015, 0x0016, 0x0015, 0x0016, 0x0016, 0x0016, 0x0016, 0x0015, 0x0016, 0x0016, 0x0016,
  0x0015, 0x0016, 0x0015, 0x0016, 0x0016, 0x0016, 0x0015, 0x0016, 0x0016, 0x0015, 0x0016, 0x0015,
  0x0016, 0x0016, 0x0016, 0x0015, 0x0016, 0x0015, 0x0016, 0x0015, 0x0016, 0x0016, 0x0015, 0x0016,
  0x0016, 0x0016, 0x0015, 0x0016, 0x0016, 0x0015, 0x0016, 0x0015, 0x0016, 0x0016, 0x0015, 0x0016,
  0x0015, 0x0016, 0x0015, 0x0016, 0x0015, 0x0016, 0x0016, 0x0015, 0x0016, 0x0016, 0x0015, 0x0015,
  0x0016, 0x0016, 0x0015, 0x0016, 0x0015, 0x0016, 0x0016, 0x0015, 0x0016, 0x0015, 0x0016, 0x0015,
  0x0016, 0x0015, 0x0016, 0x0015, 0x0016, 0x0016, 0x0015, 0x0015, 0x0015, 0x0016, 0x0016, 0x0015,
  0x0016, 0x0015, 0x0016, 0x0016, 0x0016, 0x0015, 0x0016, 0x0016, 0x0015, 0x0016, 0x0015, 0x0016,
  0x0015, 0x0016, 0x0016, 0x0015, 0x0016, 0x0015, 0x0016, 0x0015, 0x0016, 0x0015, 0x0016, 0x0015,
  0x0015, 0x0016, 0x0016, 0x0015, 0x0016, 0x0015, 0x0016, 0x0015, 0x4A56, 0x0012, 0x0016, 0x0016,
  0x0016, 0x0016, 0x0016, 0x0017, 0x0016, 0x0016, 0x0016, 0x0016, 0x0016, 0x0016, 0x0016, 0x0016,
  0x0016, 0x0016, 0x0016, 0x0016, 0x0016, 0x0016, 0x0016, 0x0016, 0x0016, 0x0016, 0x0016, 0x0016,
  0x0016, 0x0016, 0x0016, 0x0016, 0x0016, 0x0016, 0x0016, 0x0016, 0x0016, 0x0016, 0x0016, 0x0016,
  0x0016, 0x0016, 0x0016, 0x0016, 0x0016, 0x0016, 0x0016, 0x0016, 0x0016, 0x0016, 0x0016, 0x0016,
  0x0016, 0x0016, 0x0016, 0x0016, 0x0016, 0x0016, 0x0016, 0x0016, 0x0016, 0x0016, 0x0016, 0x0016,
  0x0016, 0x0016, 0x0016, 0x0016, 0x0016, 0x0016, 0x0016, 0x0016, 0x0016, 0x0016, 0x0016, 0x0016,
  0x0016, 0x0016, 0x0016, 0x0016, 0x0016, 0x0016, 0x0016, 0x0016, 0x0016, 0x0016, 0x0016, 0x0016,
  0x0016, 0x0016, 0x0016, 0x0016, 0x0016, 0x0016, 0x0016, 0x0016, 0x0016, 0x0016, 0x0016, 0x0016,
  0x0016, 0x0016, 0x0016, 0x0016, 0x0016, 0x0016, 0x0016, 0x0016, 0x0016, 0x0016, 0x0016, 0x0016,
  0x0016, 0x0016, 0x0016, 0x0016, 0x0016, 0x0016, 0x0016, 0x0016, 0x0016, 0x0016, 0x0016, 0x0016,
  0x0016, 0x0016, 0x0016, 0x0016, 0x0016, 0x0016, 0x0016, 0x0016, 0x0016, 0x0016, 0x0016, 0x0016,
  0x0016, 0x0016, 0x0016, 0x0016, 0x0016, 0x0016, 0x0016, 0x0016, 0x0016, 0x0016, 0x0016, 0x0016,
  0x0016, 0x0016, 0x0016, 0x0016, 0x0016, 0x0016, 0x0016, 0x0016, 0x0016, 0x0016, 0x0016, 0x0016,
  0x0016, 0x0016, 0x0016, 0x0016, 0x0016, 0x0016, 0x0016, 0x0016, 0x0016, 0x0016, 0x0016, 0x0016,
  0x0016, 0x0016, 0x0016, 0x0016, 0x0016, 0x0016, 0x0016, 0x0016, 0x0016, 0x0016, 0x0016, 0x0016,
  0x0016, 0x0016, 0x0016, 0x0016, 0x0016, 0x0016, 0x0016, 0x0016, 0x0016, 0x0016, 0x0016, 0x0016,
  0x0016, 0x0016, 0x0016, 0x0016, 0x0016, 0x0016, 0x0016, 0x0016, 0x0016, 0x0016, 0x0016, 0x0016,
  0x0016, 0x0016, 0x0016, 0x0016, 0x0016, 0x0016, 0x0016, 0x0016, 0x0016, 0x0016, 0x0016, 0x0016,
  0x0016, 0x0016, 0x0016, 0x0016, 0x0016, 0x0016, 0x0016, 0x0016, 0x0016, 0x0016, 0x0016, 0x0016,
  0x0016, 0x0016, 0x0016, 0x0016, 0x0016, 0x0016, 0x0016, 0x0016, 0x0016, 0x0016, 0x0016, 0x0016,
  0x0016, 0x0016, 0x0016, 0x0016, 0x0016, 0x0016, 0x0016, 0x0016, 0x0016, 0x0016, 0x0016, 0x0016,
  0x0016, 0x0016, 0x0016, 0x0016, 0x0016, 0x0016, 0x0016, 0x0016, 0x0016, 0x0016, 0x0016, 0x0016,
  0x0016, 0x0016, 0x0016, 0x0016, 0x0016, 0x0016, 0x0016, 0x0016, 0x0016, 0x0016, 0x0016, 0x0016,
  0x0016, 0x0016, 0x0016, 0x0016, 0x0016, 0x0016, 0x0016, 0x0016, 0x0016, 0x0016, 0x0016, 0x0016,
  0x0016, 0x0016, 0x0016, 0x0016, 0x0016, 0x0016, 0x0016, 0x0016, 0x0016, 0x0016, 0x0016, 0x0016,
  0x0016, 0x0016, 0x0016, 0x0016, 0x0016, 0x0016, 0x0016, 0x0016, 0x0016, 0x0016, 0x0016, 0x0016,
  0x0016, 0x0016, 0x0016, 0x0016, 0xFFFF, 0x4A56, 0x0012, 0x0036, 0x0036, 0x0036, 0x0036, 0x0036,
  0x0036, 0x0036, 0x0036, 0x0036, 0x0036, 0x0036, 0x0036, 0x0036, 0x0036, 0x0036, 0x0036, 0x0036,
  0x0036, 0x0036, 0x0036, 0x0036, 0x0036, 0x0036, 0x0036, 0x0036, 0x0036, 0x0036, 0x0036, 0x0036,
  0x0036, 0x0036, 0x0036, 0x0036, 0x0036, 0x0036, 0x0036, 0x0036, 0x0036, 0x0036, 0x0036, 0x0036,
  0x0036, 0x0036, 0x0036, 0x0036, 0x0036, 0x0036, 0x0036, 0x0036, 0x0036, 0x0036, 0x0036, 0x0036,
  0x0036, 0x0036, 0x0036, 0x0036, 0x0036, 0x0036, 0x0036, 0x0036, 0x0036, 0x0036, 0x0036, 0x0036,
  0x0036, 0x0036, 0x0036, 0x0036, 0x0036, 0x0036, 0x0036, 0x0036, 0x0036, 0x0036, 0x0036, 0x0036,
  0x0036, 0x0036, 0x0036, 0x0036, 0x0036, 0x0036, 0x0036, 0x0036, 0x0036, 0x0036, 0x0036, 0x0036,
  0x0036, 0x0036, 0x0036, 0x0036, 0x0036, 0x0036, 0x0036, 0x0036, 0x0036, 0x0036, 0x0036, 0x0036,
  0x0036, 0x0036, 0x0036, 0x0036, 0x0036, 0x0036, 0x0036, 0x0036, 0x0036, 0x0036, 0x0036, 0x0036,
  0x0036, 0x0036, 0x0036, 0x0036, 0x0036, 0x0036, 0x0036, 0x0036, 0x0036, 0x0036, 0x0036, 0x0036,
  0x0036, 0x0036, 0x0036, 0x0036, 0x0036, 0x0036, 0x0036, 0x0036, 0x0036, 0x0036, 0x0036, 0x0036,
  0x0036, 0x0036, 0x0036, 0x0036, 0x0036, 0x0036, 0x0036, 0x0036, 0x0036, 0x0036, 0x0036, 0x0036,
  0x0036, 0x0036, 0x0036, 0x0036, 0x0036, 0x0036, 0x0036, 0x0036, 0x0036, 0x0036, 0x0036, 0x0036,
  0x0036, 0x0036, 0x0036, 0x0036, 0x0036, 0x0036, 0x0036, 0x0036, 0x0036, 0x0036, 0x0036, 0x0036,
  0x0036, 0x0036, 0x0036, 0x0036, 0x0036, 0x0036, 0x0036, 0x0036, 0x0036, 0x0036, 0x0036, 0x0036,
  0x0036, 0x0036, 0x0036, 0x0036, 0x0036, 0x0036, 0x0036, 0x0036, 0x0036, 0x0036, 0x0036, 0x0036,
  0x0036, 0x0036, 0x0036, 0x0036, 0x0036, 0x0036, 0x0036, 0x0036, 0x0036, 0x0036, 0x0036, 0x0036,
  0x0036, 0x0036, 0x0036, 0x0036, 0x0036, 0x0036, 0x0036, 0x0036, 0x0036, 0x0036, 0x0036, 0x0036,
  0x0036, 0x0036, 0x0036, 0x0036, 0x0036, 0x0036, 0x0036, 0x0036, 0x0036, 0x0036, 0x0036, 0x0036,
  0x0036, 0x0036, 0x0036, 0x0036, 0x0036, 0x0036, 0x0036, 0x0036, 0x0036, 0x0036, 0x0036, 0x0036,
  0x0036, 0x0036, 0x0036, 0x0036, 0x0036, 0x0036, 0x0036, 0x0036, 0x0036, 0x0036, 0x0036, 0x0036,
  0x0036, 0x0036, 0x0036, 0x0036, 0x0036, 0x0036, 0x0036, 0x0036, 0x0036, 0x0036, 0x0036, 0x0036,
  0x0036, 0x0036, 0x0036, 0x0036, 0x0036, 0x0036, 0x0036, 0x0036, 0x0036, 0x0036, 0x0036, 0x0036,
  0x0036, 0x0036, 0x0036, 0x0036, 0x0036, 0x0036, 0x0036, 0x0036, 0x0036, 0x0036, 0x0036, 0x0036,
  0x0036, 0x0036, 0x0036, 0x0036, 0x0036, 0x0036, 0x0036, 0x0036, 0x0036, 0x0036, 0x0036, 0x0036,
  0x0036, 0x0036, 0x0036, 0x0036, 0x0036, 0x0036, 0x0036, 0x0036, 0x0036, 0x0036, 0x0036, 0x0036
};
const int p3_width  = 320;
const int p3_height = 240;
