// p5  256 x 192  (RGB565)
const uint16_t p5[] PROGMEM = {
  0xB800, 0xB800, 0xB800, 0xB800, 0xB800, 0xB800, 0xB800, 0xB800, 0xB800, 0xB800, 0xB800, 0xB800,
  0xB800, 0xB800, 0xB800, 0xB800, 0xB800, 0xB800, 0xB800, 0xB800, 0xB800, 0xB800, 0xB800, 0xB800,
  0xB800, 0xB800, 0xB800, 0xB800, 0xB800, 0xB800, 0xB800, 0xB800, 0xB800, 0xB800, 0xB800, 0xB800,
  0xB800, 0xB800, 0xB800, 0xB800, 0xB800, 0xB800, 0xB800, 0xB800, 0xB800, 0xB800, 0xB800, 0xB800,
  0xB800, 0xB800, 0xB800, 0xB800, 0xB800, 0xB800, 0xB800, 0xB800, 0xB800, 0xB800, 0xB800, 0xB800,
  0xB800, 0xB800, 0xB800, 0xB800, 0xB800, 0xB800, 0xB800, 0xB800, 0xB800, 0xB800, 0xB800, 0xB800,
  0xB800, 0xB800, 0xB800, 0xB800, 0xB800, 0xB800, 0xB800, 0xB800, 0xB800, 0xB800, 0xB800, 0xB800,
  0xB800, 0xB800, 0xB800, 0xB800, 0xB800, 0xB800, 0xB800, 0xB800, 0xB800, 0xB800, 0xB800, 0xB800,
  0xB800, 0xB800, 0xB800, 0xB800, 0xB800, 0xB800, 0xB800, 0xB800, 0xB800, 0xB800, 0xB800, 0xB800,
  0xB800, 0xB041, 0x8041, 0x5821, 0x6841, 0x9841, 0xB820, 0xB800, 0xB800, 0xB800, 0xB800, 0xB800,
  0xB800, 0xB800, 0xB800, 0xB800, 0xB800, 0xB800, 0xB800, 0xB800, 0xB800, 0xB800, 0xB800, 0xB800,
  0xB800, 0xB800, 0xB800, 0xB800, 0xB800, 0xB800, 0xB800, 0xB800, 0xB800, 0xB800, 0xB800, 0xB800,
  0xB800, 0xB800, 0xB800, 0xB800, 0xB800, 0xB800, 0xB800, 0xB800, 0xB800, 0xB800, 0xB800, 0xB021,
  0x6841, 0x3820, 0x2800, 0x4020, 0x9041, 0xC021, 0xB000, 0xD36D, 0xA555, 0x0000, 0x0000, 0x0841,
  0x632C, 0xC638, 0xDEFB, 0xCE79, 0xD69A, 0xDEDB, 0xD6BA, 0x738E, 0x0000, 0x0000, 0x0000, 0x0000,
  0x738E, 0xD6BA, 0xCE59, 0xDEFB, 0x8C51, 0x0000, 0x5ACB, 0x8430, 0x0000, 0x0000, 0x8C51, 0xE73C,
  0x4228, 0x0000, 0x0000, 0x8C51, 0xDEFB, 0xCE59, 0xDEFB, 0x630C, 0x0000, 0x0841, 0x0000, 0x4228,
  0xDEDB, 0xD69A, 0xDEDB, 0xDEDB, 0xD69A, 0xB5B6, 0x8410, 0x4228, 0x10A2, 0x0000, 0x0000, 0x0000,
  0x0000, 0x0000, 0x0000, 0x2945, 0x7BEF, 0xC638, 0xDEDB, 0xC618, 0x8C71, 0x4228, 0x1082, 0x0000,
  0x0000, 0x0000, 0x0000, 0x0020, 0x0000, 0xAD75, 0xB5B6, 0x0000, 0x0000, 0x0000, 0x0000, 0x0000,
  0x6B4D, 0xE73C, 0xA514, 0x2965, 0xD6BA, 0xC618, 0x632C, 0xCE79, 0x9492, 0xAD75, 0x10A2, 0x0000,
  0x0000, 0x0000, 0x0000, 0x0000, 0xB800, 0xB800, 0xB800, 0xB800, 0xB800, 0xB800, 0xB800, 0xB800,
  0xB800, 0xB800, 0xB800, 0xB800, 0xB800, 0xB800, 0xB800, 0xB800, 0xB800, 0xB800, 0xB800, 0xB800,
  0xB800, 0xB800, 0xB800, 0xB800, 0xB800, 0xB800, 0xB800, 0xB800, 0xB800, 0xB800, 0xB800, 0xB800,
  0xB800, 0xB800, 0xB800, 0xB800, 0xB800, 0xB800, 0xB800, 0xB800, 0xB800, 0xB800, 0xB800, 0xB800,
  0xB800, 0xB800, 0xB800, 0xB800, 0xB800, 0xB800, 0xB800, 0xB800, 0xB800, 0xB800, 0xB800, 0xB800,
  0xB800, 0xB800, 0xB800, 0xB800, 0xB800, 0xB800, 0xB800, 0xB800, 0xB800, 0xB800, 0xB800, 0xB800,
  0xB800, 0xB800, 0xB800, 0xB800, 0xB800, 0xB800, 0xB800, 0xB800, 0xB800, 0xB800, 0xB800, 0xB800,
  0xB800, 0xB800, 0xB800, 0xB800, 0xB800, 0xB800, 0xB800, 0xB800, 0xB800, 0xB800, 0xB800, 0xB800,
  0xB800, 0xB800, 0xB800, 0xB800, 0xB800, 0xB800, 0xB800, 0xB800, 0xB800, 0xB800, 0xB800, 0xB800,
  0xB800, 0xB800, 0xB800, 0xB800, 0xA841, 0x4020, 0x0000, 0x0000, 0x0000, 0x1800, 0x7041, 0xB820,
  0xB800, 0xB800, 0xB800, 0xB800, 0xB800, 0xB800, 0xB800, 0xB800, 0xB800, 0xB800, 0xB800, 0xB800,
  0xB800, 0xB800, 0xB800, 0xB800, 0xB800, 0xB800, 0xB800, 0xB800, 0xB800, 0xB800, 0xB800, 0xB800,
  0xB800, 0xB800, 0xB800, 0xB800, 0xB800, 0xB800, 0xB800, 0xB800, 0xB800, 0xB800, 0xB800, 0xB800,
  0xB800, 0xB800, 0xB041, 0x4021, 0x0000, 0x0000, 0x0000, 0x0000, 0x1000, 0x8061, 0xB000, 0xDD14,
  0x634D, 0x0000, 0x0040, 0x0000, 0x0000, 0x1082, 0x840F, 0xD6BA, 0xCE59, 0xCE79, 0xD69A, 0x4208,
  0x0000, 0x0000, 0x0000, 0x738E, 0xE71C, 0xCE59, 0xDEFB, 0x94B2, 0x0000, 0x4A49, 0xEF5D, 0x73AE,
  0x0000, 0x0000, 0x94B2, 0xE73C, 0x39C7, 0x0000, 0x0000, 0x94B2, 0xDEFB, 0xCE79, 0xCE79, 0xD6BA,
  0x31A6, 0x0000, 0x0841, 0x0000, 0x738E, 0xD69A, 0x9CF3, 0x6B4D, 0x2965, 0x0020, 0x0000, 0x0000,
  0x0000, 0x0000, 0x0000, 0x0000, 0x0000, 0x2965, 0x73AE, 0xC618, 0xCE59, 0x9492, 0x4A69, 0x10A2,
  0x0000, 0x0000, 0x0000, 0x0020, 0x0020, 0x0000, 0x0000, 0x0020, 0x0000, 0x7BCF, 0xC638, 0x0000,
  0x0000, 0x0000, 0x0000, 0x0000, 0x4A49, 0xDEFB, 0xCE59, 0x4A49, 0xC638, 0xD6BA, 0x632C, 0xC618,
  0xDEFB, 0xD6BA, 0x2965, 0x0000, 0x0000, 0x0000, 0x0000, 0x0000, 0xB800, 0xB800, 0xB800, 0xB800,
  0xB800, 0xB800, 0xB800, 0xB800, 0xB800, 0xB800, 0xB800, 0xB800, 0xB800, 0xB800, 0xB800, 0xB800,
  0xB800, 0xB800, 0xB800, 0xB800, 0xB800, 0xB800, 0xB800, 0xB800, 0xB800, 0xB800, 0xB800, 0xB800,
  0xB800, 0xB800, 0xB800, 0xB800, 0xB800, 0xB800, 0xB800, 0xB800, 0xB800, 0xB800, 0xB800, 0xB800,
  0xB800, 0xB800, 0xB800, 0xB800, 0xB800, 0xB800, 0xB800, 0xB800, 0xB800, 0xB800, 0xB800, 0xB800,
  0xB800, 0xB800, 0xB800, 0xB800, 0xB800, 0xB800, 0xB800, 0xB800, 0xB800, 0xB800, 0xB800, 0xB800,
  0xB800, 0xB800, 0xB800, 0xB800, 0xB800, 0xB800, 0xB800, 0xB800, 0xB800, 0xB800, 0xB800, 0xB800,
  0xB800, 0xB800, 0xB800, 0xB800, 0xB800, 0xB800, 0xB800, 0xB800, 0xB800, 0xB800, 0xB800, 0xB800,
  0xB800, 0xB800, 0xB800, 0xB800, 0xB800, 0xB800, 0xB800, 0xB800, 0xB800, 0xB800, 0xB800, 0xB800,
  0xB800, 0xB800, 0xB800, 0xB800, 0xB800, 0xB800, 0xB800, 0xB020, 0x4020, 0x0000, 0x0020, 0x0000,
  0x0000, 0x0000, 0x0800, 0x8841, 0xC000, 0xB800, 0xB800, 0xB800, 0xB800, 0xB800, 0xB800, 0xB800,
  0xB800, 0xB800, 0xB800, 0xB800, 0xB800, 0xB800, 0xB800, 0xB800, 0xB800, 0xB800, 0xB800, 0xB800,
  0xB800, 0xB800, 0xB800, 0xB800, 0xB800, 0xB800, 0xB800, 0xB800, 0xB800, 0xB800, 0xB800, 0xB800,
  0xB800, 0xB800, 0xB800, 0xB800, 0xB800, 0xB021, 0x4021, 0x0000, 0x0000, 0x0000, 0x0020, 0x0800,
  0x0000, 0x1800, 0x9082, 0xE5D7, 0x8492, 0x0841, 0x0000, 0x0020, 0x0000, 0x0000, 0x9492, 0xD69A,
  0xD69A, 0xD6BA, 0x39C7, 0x0000, 0x0020, 0x0000, 0x6B4D, 0xDEFB, 0xCE59, 0xDEFB, 0x9CF3, 0x0000,
  0x4A49, 0xD6BA, 0xE71C, 0x6B4D, 0x0000, 0x0000, 0x9CF3, 0xDEFB, 0x2965, 0x0000, 0x0000, 0x9CF3,
  0xD6BA, 0xCE59, 0xD69A, 0xD69A, 0xC638, 0x18C3, 0x0000, 0x0000, 0x0020, 0x18E3, 0x0000, 0x0000,
  0x0000, 0x0000, 0x0000, 0x0000, 0x0000, 0x0020, 0x31A6, 0x7BEF, 0xBDF7, 0xCE59, 0xA534, 0x5AEB,
  0x10A2, 0x0000, 0x0000, 0x0000, 0x0000, 0x0000, 0x0000, 0x0000, 0x0000, 0x0000, 0x0000, 0x0020,
  0x0000, 0x4228, 0xDEDB, 0x39C7, 0x0000, 0x0000, 0x0000, 0x0000, 0x2945, 0xCE79, 0xDEDB, 0x73AE,
  0xB5B6, 0xE71C, 0x738E, 0xAD75, 0xD6BA, 0xE73C, 0x528A, 0x0000, 0x0000, 0x0000, 0x0000, 0x0000,
  0xB800, 0xB800, 0xB800, 0xB800, 0xB800, 0xB800, 0xB800, 0xB800, 0xB800, 0xB800, 0xB800, 0xB800,
  0xB800, 0xB800, 0xB800, 0xB800, 0xB800, 0xB800, 0xB800, 0xB800, 0xB800, 0xB800, 0xB800, 0xB800,
  0xB800, 0xB800, 0xB800, 0xB800, 0xB800, 0xB800, 0xB800, 0xB800, 0xB800, 0xB800, 0xB800, 0xB800,
  0xB800, 0xB800, 0xB800, 0xB800, 0xB800, 0xB800, 0xB800, 0xB800, 0xB800, 0xB800, 0xB800, 0xB800,
  0xB800, 0xB800, 0xB800, 0xB800, 0xB800, 0xB800, 0xB800, 0xB800, 0xB800, 0xB800, 0xB800, 0xB800,
  0xB800, 0xB800, 0xB800, 0xB800, 0xB800, 0xB800, 0xB800, 0xB800, 0xB800, 0xB800, 0xB800, 0xB800,
  0xB800, 0xB800, 0xB800, 0xB800, 0xB800, 0xB800, 0xB800, 0xB800, 0xB800, 0xB800, 0xB800, 0xB800,
  0xB800, 0xB800, 0xB800, 0xB800, 0xB800, 0xB800, 0xB800, 0xB800, 0xB800, 0xB800, 0xB800, 0xB800,
  0xB800, 0xB800, 0xB800, 0xB800, 0xB800, 0xB800, 0xB800, 0xB800, 0xB800, 0xB000, 0xB820, 0x6821,
  0x0000, 0x0000, 0x0000, 0x0000, 0x0000, 0x0000, 0x0000, 0x5020, 0xC020, 0xB800, 0xB800, 0xB800,
  0xB800, 0xB800, 0xB800, 0xB800, 0xB800, 0xB800, 0xB800, 0xB800, 0xB800, 0xB800, 0xB800, 0xB800,
  0xB800, 0xB800, 0xB800, 0xB800, 0xB800, 0xB800, 0xB800, 0xB800, 0xB800, 0xB800, 0xB800, 0xB800,
  0xB800, 0xB800, 0xB800, 0xB800, 0xB800, 0xB800, 0xB800, 0xB800, 0xB840, 0x5021, 0x0000, 0x0000,
  0x0000, 0x0000, 0x0000, 0x0000, 0x0020, 0x0000, 0x4945, 0xEEBB, 0x9D14, 0x0841, 0x0000, 0x0000,
  0x0000, 0x9CF3, 0xE71C, 0xD67A, 0xD69A, 0x39E7, 0x0000, 0x0020, 0x0000, 0x632C, 0xDEFB, 0xCE59,
  0xDEFB, 0xA534, 0x0000, 0x4A49, 0xDEDB, 0xCE59, 0xDEDB, 0x630C, 0x0000, 0x0000, 0xAD55, 0xDEDB,
  0x2945, 0x0000, 0x0000, 0xAD55, 0xE71C, 0x5AEB, 0xB5B6, 0xD69A, 0xD6BA, 0xAD55, 0x0000, 0x0000,
  0x0000, 0x0000, 0x0020, 0x0000, 0x0000, 0x0000, 0x0841, 0x39E7, 0x8C51, 0xC618, 0xD69A, 0xA534,
  0x5ACB, 0x18C3, 0x0000, 0x0000, 0x0000, 0x0020, 0x0000, 0x0000, 0x0000, 0x0000, 0x0000, 0x0000,
  0x0000, 0x0000, 0x0000, 0x0000, 0x0000, 0x5AEB, 0xDEFB, 0xBDD7, 0x0841, 0x0000, 0x0000, 0x0000,
  0x1082, 0xBDF7, 0xDEFB, 0xA514, 0xAD55, 0xDEFB, 0x8410, 0x94B2, 0xD6BA, 0x7BCF, 0x18C3, 0x0000,
  0x0000, 0x0000, 0x0000, 0x0000, 0xB800, 0xB800, 0xB800, 0xB800, 0xB800, 0xB800, 0xB800, 0xB800,
  0xB800, 0xB800, 0xB800, 0xB800, 0xB800, 0xB800, 0xB800, 0xB800, 0xB800, 0xB800, 0xB800, 0xB800,
  0xB800, 0xB800, 0xB800, 0xB800, 0xB800, 0xB800, 0xB800, 0xB800, 0xB800, 0xB800, 0xB800, 0xB800,
  0xB800, 0xB800, 0xB800, 0xB800, 0xB800, 0xB800, 0xB800, 0xB800, 0xB800, 0xB800, 0xB800, 0xB800,
  0xB800, 0xB800, 0xB800, 0xB800, 0xB800, 0xB800, 0xB800, 0xB800, 0xB800, 0xB800, 0xB800, 0xB800,
  0xB800, 0xB800, 0xB800, 0xB800, 0xB800, 0xB800, 0xB800, 0xB800, 0xB800, 0xB800, 0xB800, 0xB800,
  0xB800, 0xB800, 0xB800, 0xB800, 0xB800, 0xB800, 0xB800, 0xB800, 0xB800, 0xB800, 0xB800, 0xB800,
  0xB800, 0xB800, 0xB800, 0xB800, 0xB800, 0xB800, 0xB800, 0xB800, 0xB800, 0xB800, 0xB800, 0xB800,
  0xB800, 0xB800, 0xB800, 0xB800, 0xB800, 0xB800, 0xB800, 0xB800, 0xB800, 0xB800, 0xB800, 0xB800,
  0xB800, 0xB800, 0xA040, 0x1820, 0x0000, 0x0000, 0x632C, 0xAD55, 0x9CF3, 0x4A49, 0x0000, 0x1820,
  0xA841, 0xB800, 0xB800, 0xB800, 0xB800, 0xB800, 0xB800, 0xB800, 0xB800, 0xB800, 0xB800, 0xB800,
  0xB800, 0xB800, 0xB800, 0xB800, 0xB800, 0xB800, 0xB800, 0xB800, 0xB800, 0xB800, 0xB800, 0xB800,
  0xB800, 0xB800, 0xB800, 0xB800, 0xB800, 0xB800, 0xB800, 0xB800, 0xB800, 0xB800, 0xB800, 0xC000,
  0x8041, 0x0000, 0x0000, 0x0000, 0x0000, 0x1904, 0x528A, 0x18E3, 0x0000, 0x0000, 0x5ACB, 0xCE59,
  0x0820, 0x0000, 0x0000, 0x0000, 0x9492, 0xDEFB, 0xCE79, 0xDEDB, 0x4208, 0x0000, 0x0841, 0x0000,
  0x5AEB, 0xDEFB, 0xCE59, 0xDEDB, 0xAD75, 0x0000, 0x4228, 0xDEDB, 0xCE79, 0xCE59, 0xE73C, 0x52AA,
  0x0000, 0x0841, 0xB596, 0xD6BA, 0x2104, 0x0000, 0x0841, 0xBDD7, 0xCE79, 0x2945, 0x2124, 0xD6BA,
  0xCE59, 0xDEDB, 0x8430, 0x0000, 0x0000, 0x0000, 0x0000, 0x0861, 0x4228, 0x8C71, 0xCE59, 0xD6BA,
  0xAD55, 0x5AEB, 0x18C3, 0x0000, 0x0000, 0x0000, 0x1082, 0x52AA, 0x2104, 0x0000, 0x0000, 0x0000,
  0x0000, 0x0000, 0x0000, 0x0000, 0x0000, 0x0000, 0x18E3, 0x2945, 0x0000, 0x73AE, 0xDEFB, 0xCE79,
  0x2124, 0x0000, 0x0000, 0x0000, 0x0000, 0xAD55, 0xCE59, 0xBDF7, 0xB5B6, 0xAD55, 0x9CF3, 0x8410,
  0xC638, 0x0000, 0x0841, 0x0861, 0x0000, 0x0000, 0x0000, 0x0000, 0xB800, 0xB800, 0xB800, 0xB800,
  0xB800, 0xB800, 0xB800, 0xB800, 0xB800, 0xB800, 0xB800, 0xB800, 0xB800, 0xB800, 0xB800, 0xB800,
  0xB800, 0xB800, 0xB800, 0xB800, 0xB800, 0xB800, 0xB800, 0xB800, 0xB800, 0xB800, 0xB800, 0xB800,
  0xB800, 0xB800, 0xB800, 0xB800, 0xB800, 0xB800, 0xB800, 0xB800, 0xB800, 0xB800, 0xB800, 0xB800,
  0xB800, 0xB800, 0xB800, 0xB800, 0xB800, 0xB800, 0xB800, 0xB800, 0xB800, 0xB800, 0xB800, 0xB800,
  0xB800, 0xB800, 0xB800, 0xB800, 0xB800, 0xB800, 0xB800, 0xB800, 0xB800, 0xB800, 0xB800, 0xB800,
  0xB800, 0xB800, 0xB800, 0xB800, 0xB800, 0xB800, 0xB800, 0xB800, 0xB800, 0xB800, 0xB800, 0xB800,
  0xB800, 0xB800, 0xB800, 0xB800, 0xB800, 0xB800, 0xB800, 0xB800, 0xB800, 0xB800, 0xB800, 0xB800,
  0xB800, 0xB800, 0xB800, 0xB800, 0xB800, 0xB800, 0xB800, 0xB800, 0xB800, 0xB800, 0xB800, 0xB800,
  0xB800, 0xB800, 0xB800, 0xB800, 0xB800, 0xC000, 0x6841, 0x0000, 0x0000, 0x83F0, 0xE73C, 0xDEDB,
  0xDEDB, 0xE73C, 0x632C, 0x0000, 0x8841, 0xC000, 0xB800, 0xB800, 0xB800, 0xB800, 0xB800, 0xB800,
  0xB800, 0xB800, 0xB800, 0xB800, 0xB800, 0xB800, 0xB800, 0xB800, 0xB800, 0xB800, 0xB800, 0xB800,
  0xB800, 0xB800, 0xB800, 0xB800, 0xB800, 0xB800, 0xB800, 0xB800, 0xB800, 0xB800, 0xB800, 0xB800,
  0xB800, 0xB800, 0xB800, 0xA841, 0x2000, 0x0000, 0x0000, 0x18E3, 0x9492, 0xCE7A, 0xE71C, 0xC638,
  0x2945, 0x0000, 0x8C51, 0xE71C, 0x39C7, 0x0000, 0x0000, 0x8C71, 0xDEFB, 0xCE79, 0xDEDB, 0x4A49,
  0x0000, 0x0020, 0x0000, 0x5ACB, 0xDEDB, 0xCE59, 0xDEDB, 0xB5B6, 0x0000, 0x4228, 0xDEDB, 0xCE79,
  0xCE79, 0xDEFB, 0x8410, 0x0841, 0x0000, 0x0841, 0xBDD7, 0xD69A, 0x18E3, 0x0000, 0x0861, 0x2945,
  0x630C, 0x4208, 0x0000, 0x52AA, 0xDEFB, 0xCE59, 0xDEFB, 0x5AEB, 0x0841, 0x4A69, 0x94B2, 0xCE79,
  0xDEDB, 0xAD75, 0x630C, 0x18E3, 0x0000, 0x0000, 0x0000, 0x0020, 0x0000, 0x1082, 0xB5B6, 0xEF5D,
  0xC618, 0x1082, 0x0000, 0x0000, 0x0000, 0x0000, 0x0000, 0x0000, 0x0000, 0x2124, 0xCE59, 0xDEDB,
  0x4208, 0x39E7, 0xE73C, 0xB5B6, 0x18C3, 0x0000, 0x0000, 0x0000, 0x0000, 0x8C71, 0xC618, 0xAD55,
  0xD69A, 0x8C71, 0xBDD7, 0x632C, 0xD6BA, 0x7BEF, 0xC618, 0x4208, 0x0000, 0x0000, 0x0000, 0x0000,
  0xB800, 0xB800, 0xB800, 0xB800, 0xB800, 0xB800, 0xB800, 0xB800, 0xB800, 0xB800, 0xB800, 0xB800,
  0xB800, 0xB800, 0xB800, 0xB800, 0xB800, 0xB800, 0xB800, 0xB800, 0xB800, 0xB800, 0xB800, 0xB800,
  0xB800, 0xB800, 0xB800, 0xB800, 0xB800, 0xB800, 0xB800, 0xB800, 0xB800, 0xB800, 0xB800, 0xB800,
  0xB800, 0xB800, 0xB800, 0xB800, 0xB800, 0xB800, 0xB800, 0xB800, 0xB800, 0xB800, 0xB800, 0xB800,
  0xB800, 0xB800, 0xB800, 0xB800, 0xB800, 0xB800, 0xB800, 0xB800, 0xB800, 0xB800, 0xB800, 0xB800,
  0xB800, 0xB800, 0xB800, 0xB800, 0xB800, 0xB800, 0xB800, 0xB800, 0xB800, 0xB800, 0xB800, 0xB800,
  0xB800, 0xB800, 0xB800, 0xB800, 0xB800, 0xB800, 0xB800, 0xB800, 0xB800, 0xB800, 0xB800, 0xB800,
  0xB800, 0xB800, 0xB800, 0xB800, 0xB800, 0xB800, 0xB800, 0xB800, 0xB800, 0xB800, 0xB800, 0xB800,
  0xB800, 0xB800, 0xB800, 0xB800, 0xB800, 0xB800, 0xB800, 0xB800, 0xB800, 0xB020, 0x2820, 0x0000,
  0x41E8, 0xE6FC, 0xCE79, 0xCE79, 0xCE59, 0xD6BA, 0xBDF7, 0x0040, 0x5820, 0xC020, 0xB800, 0xB800,
  0xB800, 0xB800, 0xB800, 0xB800, 0xB800, 0xB800, 0xB800, 0xB800, 0xB800, 0xB800, 0xB800, 0xB800,
  0xB800, 0xB800, 0xB800, 0xB800, 0xB800, 0xB800, 0xB800, 0xB800, 0xB800, 0xB800, 0xB800, 0xB800,
  0xB800, 0xB800, 0xB800, 0xB800, 0xB800, 0xB000, 0xC020, 0x5840, 0x0000, 0x0000, 0x18A2, 0xC638,
  0xE71C, 0xD69A, 0xCE59, 0xDEFB, 0xA534, 0x0000, 0xAD75, 0xE73C, 0x8C71, 0x0000, 0x8C51, 0xDEFB,
  0xCE59, 0xDEDB, 0x4A69, 0x0000, 0x0841, 0x0000, 0x52AA, 0xDEDB, 0xCE59, 0xD6BA, 0xBDD7, 0x0020,
  0x39E7, 0xDEDB, 0xCE79, 0xD6BA, 0xCE79, 0x52AA, 0x0000, 0x0000, 0x0000, 0x1082, 0xD69A, 0xB596,
  0x0861, 0x0000, 0x0000, 0x0000, 0x8C51, 0x31A6, 0x0000, 0x0000, 0x630C, 0xD6BA, 0xCE79, 0xDEDB,
  0xD69A, 0xDEDB, 0xAD75, 0x632C, 0x18E3, 0x0000, 0x0000, 0x0000, 0x0000, 0x0020, 0x0000, 0x0020,
  0x0000, 0x632C, 0xBDD7, 0x1082, 0xAD55, 0x5AEB, 0x0000, 0x1082, 0x0000, 0x0000, 0x0000, 0x0020,
  0x0000, 0x738E, 0xDEFB, 0xD6BA, 0xB596, 0x0841, 0xAD75, 0xAD75, 0x0000, 0x0000, 0x0000, 0x0020,
  0x0000, 0x6B4D, 0xD69A, 0x9492, 0xDEDB, 0x7BCF, 0xC618, 0x630C, 0xCE79, 0xD6BA, 0xE71C, 0x5AEB,
  0x0000, 0x0000, 0x0000, 0x0000, 0xB800, 0xB800, 0xB800, 0xB800, 0xB800, 0xB800, 0xB800, 0xB800,
  0xB800, 0xB800, 0xB800, 0xB800, 0xB800, 0xB800, 0xB800, 0xB800, 0xB800, 0xB800, 0xB800, 0xB800,
  0xB800, 0xB800, 0xB800, 0xB800, 0xB800, 0xB800, 0xB800, 0xB800, 0xB800, 0xB800, 0xB800, 0xB800,
  0xB800, 0xB800, 0xB800, 0xB800, 0xB800, 0xB800, 0xB800, 0xB800, 0xB800, 0xB800, 0xB800, 0xB800,
  0xB800, 0xB800, 0xB800, 0xB800, 0xB800, 0xB800, 0xB800, 0xB800, 0xB800, 0xB800, 0xB800, 0xB800,
  0xB800, 0xB800, 0xB800, 0xB800, 0xB800, 0xB800, 0xB800, 0xB800, 0xB800, 0xB800, 0xB800, 0xB800,
  0xB800, 0xB800, 0xB800, 0xB800, 0xB800, 0xB800, 0xB800, 0xB800, 0xB800, 0xB800, 0xB800, 0xB800,
  0xB800, 0xB800, 0xB800, 0xB800, 0xB800, 0xB800, 0xB800, 0xB800, 0xB800, 0xB800, 0xB800, 0xB800,
  0xB800, 0xB800, 0xB800, 0xB800, 0xB800, 0xB800, 0xB800, 0xB800, 0xB800, 0xB800, 0xB800, 0xB800,
  0xC000, 0x8821, 0x0020, 0x0000, 0x9CB3, 0xDEDB, 0xCE79, 0xD69A, 0xD69A, 0xD69A, 0xD6BA, 0x2965,
  0x2800, 0xB840, 0xB800, 0xB800, 0xB800, 0xB800, 0xB800, 0xB800, 0xB800, 0xB800, 0xB800, 0xB800,
  0xB800, 0xB800, 0xB800, 0xB800, 0xB800, 0xB800, 0xB800, 0xB800, 0xB800, 0xB800, 0xB800, 0xB800,
  0xB800, 0xB800, 0xB800, 0xB800, 0xB800, 0xB800, 0xB800, 0xB800, 0xB800, 0xB800, 0x9840, 0x1000,
  0x0020, 0x0000, 0x7BCF, 0xE71C, 0xCE59, 0xCE9A, 0xD69A, 0xCE79, 0xD69A, 0x632C, 0xC618, 0xDEDB,
  0xB5B6, 0x8C51, 0xDEDB, 0xCE79, 0xDEDB, 0x52AA, 0x0000, 0x0020, 0x0000, 0x528A, 0xDEDB, 0xCE59,
  0xD6BA, 0xC618, 0x0861, 0x39E7, 0xD6BA, 0xCE79, 0xDEFB, 0xB596, 0x2945, 0x0000, 0x0000, 0x0000,
  0x0000, 0x2104, 0x528A, 0x0841, 0x0000, 0x0000, 0x0000, 0x0000, 0xAD75, 0x2104, 0x18C3, 0x630C,
  0xA514, 0xDEFB, 0xD69A, 0xA534, 0x632C, 0x2104, 0x0000, 0x0000, 0x0000, 0x0000, 0x0020, 0x0000,
  0x0000, 0x0000, 0x0000, 0x0020, 0x0000, 0x8410, 0x5AEB, 0x0000, 0x39C7, 0xAD75, 0xAD75, 0xD69A,
  0x528A, 0x0000, 0x0000, 0x0020, 0x0000, 0x8430, 0xD6BA, 0xBDF7, 0xDEDB, 0x10A2, 0x630C, 0xD6BA,
  0x1082, 0x0000, 0x0000, 0x0000, 0x0000, 0x4208, 0xDEDB, 0x7BEF, 0xD6BA, 0x73AE, 0xC618, 0x6B4D,
  0xB5B6, 0xCE79, 0xE73C, 0x9492, 0x0000, 0x0020, 0x0000, 0x0000, 0xB800, 0xB800, 0xB800, 0xB800,
  0xB800, 0xB800, 0xB800, 0xB800, 0xB800, 0xB800, 0xB800, 0xB800, 0xB800, 0xB800, 0xB800, 0xB800,
  0xB800, 0xB800, 0xB800, 0xB800, 0xB800, 0xB800, 0xB800, 0xB800, 0xB800, 0xB800, 0xB800, 0xB800,
  0xB800, 0xB800, 0xB800, 0xB800, 0xB800, 0xB800, 0xB800, 0xB800, 0xB800, 0xB800, 0xB800, 0xB800,
  0xB800, 0xB800, 0xB800, 0xB800, 0xB800, 0xB800, 0xB800, 0xB800, 0xB800, 0xB800, 0xB800, 0xB800,
  0xB800, 0xB800, 0xB800, 0xB800, 0xB800, 0xB800, 0xB800, 0xB800, 0xB800, 0xB800, 0xB800, 0xB800,
  0xB800, 0xB800, 0xB800, 0xB800, 0xB800, 0xB800, 0xB800, 0xB800, 0xB800, 0xB800, 0xB800, 0xB800,
  0xB800, 0xB800, 0xB800, 0xB800, 0xB800, 0xB800, 0xB800, 0xB800, 0xB800, 0xB800, 0xB800, 0xB800,
  0xB800, 0xB800, 0xB800, 0xB800, 0xB800, 0xB800, 0xB800, 0xB800, 0xB800, 0xB800, 0xB800, 0xB800,
  0xB800, 0xB800, 0xB800, 0xB800, 0xC020, 0x6021, 0x0000, 0x18C3, 0xC659, 0xD69A, 0xD69A, 0xD69A,
  0xD69A, 0xCE79, 0xDEFB, 0x52AA, 0x0000, 0xA841, 0xB800, 0xB800, 0xB800, 0xB800, 0xB800, 0xB800,
  0xB800, 0xB800, 0xB800, 0xB800, 0xB800, 0xB800, 0xB800, 0xB800, 0xB800, 0xB800, 0xB800, 0xB800,
  0xB800, 0xB800, 0xB800, 0xB800, 0xB800, 0xB800, 0xB800, 0xB800, 0xB800, 0xB800, 0xB800, 0xB800,
  0xB800, 0xB820, 0x5040, 0x0000, 0x0000, 0x18A2, 0xCE39, 0xD69A, 0xCE99, 0xCE99, 0xD69A, 0xD69A,
  0xD69A, 0xC638, 0xCE79, 0xCE79, 0xD69A, 0xD6BA, 0xCE79, 0xDEDB, 0x5ACB, 0x0000, 0x0020, 0x0000,
  0x4A69, 0xDEDB, 0xCE79, 0xD6BA, 0xCE59, 0x0861, 0x39E7, 0xD6BA, 0xD69A, 0xDEFB, 0x9492, 0x0841,
  0x0000, 0x0020, 0x0000, 0x0000, 0x0020, 0x0000, 0x0000, 0x0000, 0x4228, 0x528A, 0x0000, 0x39E7,
  0xC638, 0xAD75, 0xDEFB, 0xE71C, 0xB596, 0x632C, 0x2124, 0x0000, 0x0000, 0x0000, 0x0000, 0x0000,
  0x0000, 0x0000, 0x0000, 0x0000, 0x0000, 0x0000, 0x0000, 0x0000, 0x0000, 0xAD55, 0x8C71, 0x0000,
  0x0841, 0xC638, 0x6B4D, 0x528A, 0xBDF7, 0x0861, 0x0000, 0x0020, 0x0000, 0x8C71, 0xD6BA, 0x10A2,
  0xBDD7, 0x3186, 0x39C7, 0xE73C, 0x31A6, 0x0000, 0x0000, 0x0000, 0x0000, 0x2104, 0xDEDB, 0x7BCF,
  0xC638, 0x7BCF, 0xB596, 0x7BEF, 0xA534, 0xDEFB, 0xA514, 0x4A49, 0x0000, 0x0000, 0x0020, 0x4A49,
  0xB800, 0xB800, 0xB800, 0xB800, 0xB800, 0xB800, 0xB800, 0xB800, 0xB800, 0xB800, 0xB800, 0xB800,
  0xB800, 0xB800, 0xB800, 0xB800, 0xB800, 0xB800, 0xB800, 0xB800, 0xB800, 0xB800, 0xB800, 0xB800,
  0xB800, 0xB800, 0xB800, 0xB800, 0xB800, 0xB800, 0xB800, 0xB800, 0xB800, 0xB800, 0xB800, 0xB800,
  0xB800, 0xB800, 0xB800, 0xB800, 0xB800, 0xB800, 0xB800, 0xB800, 0xB800, 0xB800, 0xB800, 0xB800,
  0xB800, 0xB800, 0xB800, 0xB800, 0xB800, 0xB800, 0xB800, 0xB800, 0xB800, 0xB800, 0xB800, 0xB800,
  0xB800, 0xB800, 0xB800, 0xB800, 0xB800, 0xB800, 0xB800, 0xB800, 0xB800, 0xB800, 0xB800, 0xB800,
  0xB800, 0xB800, 0xB800, 0xB800, 0xB800, 0xB800, 0xB800, 0xB800, 0xB800, 0xB800, 0xB800, 0xB800,
  0xB800, 0xB800, 0xB800, 0xB800, 0xB800, 0xB800, 0xB800, 0xB800, 0xB800, 0xB800, 0xB800, 0xB800,
  0xB800, 0xB800, 0xB800, 0xB800, 0xB800, 0xB800, 0xB800, 0xB800, 0xB800, 0x3821, 0x0000, 0x4229,
  0xDEFB, 0xCE79, 0xD69A, 0xD69A, 0xD69A, 0xCE79, 0xDEFB, 0x7BCF, 0x0000, 0x8841, 0xC000, 0xB800,
  0xB800, 0xB800, 0xB800, 0xB800, 0xB800, 0xB800, 0xB800, 0xB800, 0xB800, 0xB800, 0xB800, 0xB800,
  0xB800, 0xB800, 0xB800, 0xB800, 0xB800, 0xB800, 0xB800, 0xB800, 0xB800, 0xB800, 0xB800, 0xB800,
  0xB800, 0xB800, 0xB800, 0xB800, 0xC000, 0x9820, 0x0800, 0x0000, 0x0000, 0x738E, 0xDEFB, 0xCE79,
  0xCE99, 0xCE99, 0xD69A, 0xD69A, 0xD69A, 0xD69A, 0xD69A, 0xD69A, 0xCE79, 0xCE79, 0xDEDB, 0x5AEB,
  0x0000, 0x0020, 0x0000, 0x4228, 0xDEDB, 0xCE79, 0xD69A, 0xCE79, 0x18C3, 0x39C7, 0xD6BA, 0xD6BA,
  0xD69A, 0x630C, 0x0000, 0x0000, 0x0020, 0x0000, 0x0000, 0x0000, 0x0000, 0x0861, 0x52AA, 0xA534,
  0xDEDB, 0xBDD7, 0xAD75, 0xE71C, 0xD6BA, 0xB596, 0x6B4D, 0x2945, 0x0000, 0x0000, 0x0000, 0x0000,
  0x0000, 0x0841, 0x4A69, 0x94B2, 0x1082, 0x0000, 0x0000, 0x0000, 0x2104, 0x39E7, 0x0000, 0x0000,
  0x39E7, 0xDEDB, 0xE71C, 0x6B4D, 0x0000, 0x8C71, 0x0861, 0x0000, 0xA534, 0x31A6, 0x0000, 0x0020,
  0x0000, 0x4A69, 0x5ACB, 0x31A6, 0x9492, 0x5AEB, 0x1082, 0xE71C, 0x5ACB, 0x0000, 0x0020, 0x0000,
  0x0000, 0x0841, 0xCE59, 0x8430, 0xAD55, 0x8C51, 0x94B2, 0x9CF3, 0x39C7, 0x2124, 0x0000, 0x0000,
  0x3186, 0x738E, 0xB5B6, 0x8C51, 0xB800, 0xB800, 0xB800, 0xB800, 0xB800, 0xB800, 0xB800, 0xB800,
  0xB800, 0xB800, 0xB800, 0xB800, 0xB800, 0xB800, 0xB800, 0xB800, 0xB800, 0xB800, 0xB800, 0xB800,
  0xB800, 0xB800, 0xB800, 0xB800, 0xB800, 0xB800, 0xB800, 0xB800, 0xB800, 0xB800, 0xB800, 0xB800,
  0xB800, 0xB800, 0xB800, 0xB800, 0xB800, 0xB800, 0xB800, 0xB800, 0xB800, 0xB800, 0xB800, 0xB800,
  0xB800, 0xB800, 0xB800, 0xB800, 0xB800, 0xB800, 0xB800, 0xB800, 0xB800, 0xB800, 0xB800, 0xB800,
  0xB800, 0xB800, 0xB800, 0xB800, 0xB800, 0xB800, 0xB800, 0xB800, 0xB800, 0xB800, 0xB800, 0xB800,
  0xB800, 0xB800, 0xB800, 0xB800, 0xB800, 0xB800, 0xB800, 0xB800, 0xB800, 0xB800, 0xB800, 0xB800,
  0xB800, 0xB800, 0xB800, 0xB800, 0xB800, 0xB800, 0xB800, 0xB800, 0xB800, 0xB800, 0xB800, 0xB800,
  0xB800, 0xB800, 0xB800, 0xB800, 0xB800, 0xB800, 0xB800, 0xB800, 0xB800, 0xB800, 0xB800, 0xC000,
  0xA820, 0x1820, 0x0000, 0x738E, 0xDF1C, 0xCE79, 0xD69A, 0xD69A, 0xD69A, 0xCE79, 0xDEDB, 0x9CD3,
  0x0000, 0x6021, 0xC000, 0xB800, 0xB800, 0xB800, 0xB800, 0xB800, 0xB800, 0xB800, 0xB800, 0xB800,
  0xB800, 0xB800, 0xB800, 0xB800, 0xB800, 0xB800, 0xB800, 0xB800, 0xB800, 0xB800, 0xB800, 0xB800,
  0xB800, 0xB800, 0xB800, 0xB800, 0xB800, 0xB800, 0xB800, 0xB800, 0xB800, 0x5841, 0x0000, 0x0000,
  0x10A2, 0xCE39, 0xD69A, 0xCE79, 0xCE99, 0xCE99, 0xD69A, 0xD69A, 0xD69A, 0xCE79, 0xD69A, 0xD69A,
  0xCE79, 0xDEDB, 0x632C, 0x0000, 0x0020, 0x0000, 0x4208, 0xD6BA, 0xCE79, 0xD69A, 0xD69A, 0x18E3,
  0x39C7, 0xD6BA, 0xDEFB, 0xBDF7, 0x3186, 0x0000, 0x0000, 0x0020, 0x0000, 0x0000, 0x0000, 0x2104,
  0x738E, 0xBDD7, 0xDEFB, 0xDEFB, 0xDEDB, 0xD6BA, 0xBDD7, 0x6B6D, 0x2945, 0x0000, 0x0000, 0x0000,
  0x0000, 0x0020, 0x0020, 0x0000, 0x0000, 0x9CF3, 0xE71C, 0xDEFB, 0x3186, 0x0000, 0x0020, 0x0000,
  0x9CD3, 0xE73C, 0x4228, 0x0000, 0x630C, 0xD69A, 0xC638, 0xBDF7, 0x0000, 0x6B6D, 0x39E7, 0x0000,
  0xA514, 0x39E7, 0x0000, 0x0000, 0x0020, 0x0000, 0x630C, 0xD69A, 0xCE79, 0x7BEF, 0x0000, 0xC618,
  0x9CF3, 0x0020, 0x0000, 0x0000, 0x0000, 0x0000, 0xAD75, 0xA514, 0x7BEF, 0xCE79, 0xA534, 0xBDF7,
  0x0000, 0x18C3, 0x6B6D, 0x94B2, 0xB5B6, 0xE73C, 0xCE59, 0x0861, 0xB800, 0xB800, 0xB800, 0xB800,
  0xB800, 0xB800, 0xB800, 0xB800, 0xB800, 0xB800, 0xB800, 0xB800, 0xB800, 0xB800, 0xB800, 0xB800,
  0xB800, 0xB800, 0xB800, 0xB800, 0xB800, 0xB800, 0xB800, 0xB800, 0xB800, 0xB800, 0xB800, 0xB800,
  0xB800, 0xB800, 0xB800, 0xB800, 0xB800, 0xB800, 0xB800, 0xB800, 0xB800, 0xB800, 0xB800, 0xB800,
  0xB800, 0xB800, 0xB800, 0xB800, 0xB800, 0xB800, 0xB800, 0xB800, 0xB800, 0xB800, 0xB800, 0xB800,
  0xB800, 0xB800, 0xB800, 0xB800, 0xB800, 0xB800, 0xB800, 0xB800, 0xB800, 0xB800, 0xB800, 0xB800,
  0xB800, 0xB800, 0xB800, 0xB800, 0xB800, 0xB800, 0xB800, 0xB800, 0xB800, 0xB800, 0xB800, 0xB800,
  0xB800, 0xB800, 0xB800, 0xB800, 0xB800, 0xB800, 0xB800, 0xB800, 0xB800, 0xB800, 0xB800, 0xB800,
  0xB800, 0xB800, 0xB800, 0xB800, 0xB800, 0xB800, 0xB800, 0xB800, 0xB800, 0xB800, 0xB800, 0xB800,
  0xB800, 0xB800, 0xB800, 0xC000, 0x9040, 0x0820, 0x0000, 0x9492, 0xDEFB, 0xCE79, 0xD69A, 0xD69A,
  0xD69A, 0xCE79, 0xDEDB, 0xB575, 0x0000, 0x4021, 0xB821, 0xB800, 0xB800, 0xB800, 0xB800, 0xB800,
  0xB800, 0xB800, 0xB800, 0xB800, 0xB800, 0xB800, 0xB800, 0xB800, 0xB800, 0xB800, 0xB800, 0xB800,
  0xB800, 0xB800, 0xB800, 0xB800, 0xB800, 0xB800, 0xB800, 0xB800, 0xB800, 0xB800, 0xB800, 0xB800,
  0xA021, 0x1800, 0x0000, 0x0000, 0x738E, 0xDEFB, 0xCE79, 0xD69A, 0xD69A, 0xD69A, 0xD69A, 0xD69A,
  0xD69A, 0xD69A, 0xD69A, 0xCE79, 0xDEDB, 0x7BEF, 0x0000, 0x0020, 0x0000, 0x39E7, 0xD69A, 0xD69A,
  0xD69A, 0xD6BA, 0x2124, 0x3186, 0xDEDB, 0xE71C, 0x9CD3, 0x10A2, 0x0000, 0x0020, 0x0000, 0x0000,
  0x0000, 0x31A6, 0x8C51, 0xCE59, 0xE73C, 0xE71C, 0xD6BA, 0xB596, 0x73AE, 0x3186, 0x0000, 0x0000,
  0x0000, 0x0000, 0x0020, 0x0000, 0x738E, 0x8C71, 0x0000, 0x0020, 0x0000, 0x9CD3, 0xD6BA, 0xDEDB,
  0x5AEB, 0x0000, 0x0000, 0x1082, 0xC618, 0xDEDB, 0xB5B6, 0x0000, 0x7BEF, 0xA534, 0x6B4D, 0xF7BE,
  0x39C7, 0x3186, 0x31A6, 0x0000, 0xBDF7, 0x2124, 0x0000, 0x0020, 0x0000, 0x1082, 0xC638, 0xD6BA,
  0xDEFB, 0x9CF3, 0x0000, 0x94B2, 0xEF5D, 0x4208, 0x0000, 0x0000, 0x0020, 0x0000, 0x8C71, 0xCE59,
  0x528A, 0xB596, 0x5ACB, 0x9492, 0x9CD3, 0xA514, 0x632C, 0x1082, 0x4A69, 0xDEDB, 0xCE79, 0x3186,
  0xB800, 0xB800, 0xB800, 0xB800, 0xB800, 0xB800, 0xB800, 0xB800, 0xB800, 0xB800, 0xB800, 0xB800,
  0xB800, 0xB800, 0xB800, 0xB800, 0xB800, 0xB800, 0xB800, 0xB800, 0xB800, 0xB800, 0xB800, 0xB800,
  0xB800, 0xB800, 0xB800, 0xB800, 0xB800, 0xB800, 0xB800, 0xB800, 0xB800, 0xB800, 0xB800, 0xB800,
  0xB800, 0xB800, 0xB800, 0xB800, 0xB800, 0xB800, 0xB800, 0xB800, 0xB800, 0xB800, 0xB800, 0xB800,
  0xB800, 0xB800, 0xB800, 0xB800, 0xB800, 0xB800, 0xB800, 0xB800, 0xB800, 0xB800, 0xB800, 0xB800,
  0xB800, 0xB800, 0xB800, 0xB800, 0xB800, 0xB800, 0xB800, 0xB800, 0xB800, 0xB800, 0xB800, 0xB800,
  0xB800, 0xB800, 0xB800, 0xB800, 0xB800, 0xB800, 0xB800, 0xB800, 0xB800, 0xB800, 0xB800, 0xB800,
  0xB800, 0xB800, 0xB800, 0xB800, 0xB800, 0xB800, 0xB800, 0xB800, 0xB800, 0xB800, 0xB800, 0xB800,
  0xB800, 0xB800, 0xB800, 0xB800, 0xB800, 0xB800, 0xB800, 0xC000, 0x8021, 0x0000, 0x0000, 0xAD55,
  0xDEDB, 0xCE79, 0xD69A, 0xD69A, 0xD69A, 0xCE79, 0xD6BA, 0xC618, 0x0861, 0x2000, 0xB021, 0xB800,
  0xB800, 0xB800, 0xB800, 0xB800, 0xB800, 0xB800, 0xB800, 0xB800, 0xB800, 0xB800, 0xB800, 0xB800,
  0xB800, 0xB800, 0xB800, 0xB800, 0xB800, 0xB800, 0xB800, 0xB800, 0xB800, 0xB800, 0xB800, 0xB800,
  0xB800, 0xB800, 0xB800, 0xC000, 0x7020, 0x0000, 0x0000, 0x10A2, 0xC638, 0xD69A, 0xCE79, 0xD69A,
  0xD69A, 0xD69A, 0xD69A, 0xD69A, 0xD69A, 0xD69A, 0xD69A, 0xCE79, 0xDEFB, 0x52AA, 0x0000, 0x0000,
  0x31A6, 0xD69A, 0xD69A, 0xD69A, 0xD6BA, 0x2965, 0x39C7, 0xE73C, 0xD6BA, 0x738E, 0x0000, 0x0000,
  0x0000, 0x0000, 0x1082, 0x4A69, 0xA514, 0xDEFB, 0xEF5D, 0xDEDB, 0xB596, 0x73AE, 0x39C7, 0x0020,
  0x0000, 0x0000, 0x0000, 0x0020, 0x0000, 0x0000, 0x0000, 0x0000, 0x8C71, 0xCE79, 0x0020, 0x0000,
  0x0000, 0x632C, 0xDEFB, 0xDEDB, 0x8410, 0x0000, 0x0000, 0x2104, 0xCE79, 0xCE79, 0xDEFB, 0x3186,
  0x738E, 0x73AE, 0x10A2, 0xAD75, 0x4A69, 0x0000, 0x0000, 0x0020, 0xC618, 0x52AA, 0x0000, 0x0020,
  0x0000, 0x18C3, 0xCE59, 0xCE79, 0xD69A, 0xBDF7, 0x0000, 0x6B6D, 0xEF5D, 0x630C, 0x0000, 0x0020,
  0x0020, 0x0000, 0x4A69, 0xAD55, 0x528A, 0x8C71, 0x9CD3, 0xCE79, 0xE73C, 0x39E7, 0x0000, 0x0000,
  0x39E7, 0xD6BA, 0xD6BA, 0x4208, 0xB800, 0xB800, 0xB800, 0xB800, 0xB800, 0xB800, 0xB800, 0xB800,
  0xB800, 0xB800, 0xB800, 0xB800, 0xB800, 0xB800, 0xB800, 0xB800, 0xB800, 0xB800, 0xB800, 0xB800,
  0xB800, 0xB800, 0xB800, 0xB800, 0xB800, 0xB800, 0xB800, 0xB800, 0xB800, 0xB800, 0xB800, 0xB800,
  0xB800, 0xB800, 0xB800, 0xB800, 0xB800, 0xB800, 0xB800, 0xB800, 0xB800, 0xB800, 0xB800, 0xB800,
  0xB800, 0xB800, 0xB800, 0xB800, 0xB800, 0xB800, 0xB800, 0xB800, 0xB800, 0xB800, 0xB800, 0xB800,
  0xB800, 0xB800, 0xB800, 0xB800, 0xB800, 0xB800, 0xB800, 0xB800, 0xB800, 0xB800, 0xB800, 0xB800,
  0xB800, 0xB800, 0xB800, 0xB800, 0xB800, 0xB800, 0xB800, 0xB800, 0xB800, 0xB800, 0xB800, 0xB800,
  0xB800, 0xB800, 0xB800, 0xB800, 0xB800, 0xB800, 0xB800, 0xB800, 0xB800, 0xB800, 0xB800, 0xB800,
  0xB800, 0xB800, 0xB800, 0xB800, 0xB800, 0xB800, 0xB800, 0xB800, 0xB800, 0xB800, 0xB800, 0xC000,
  0x7021, 0x0000, 0x0841, 0xBDD7, 0xD6BA, 0xCE79, 0xD69A, 0xD69A, 0xD69A, 0xCE79, 0xD69A, 0xCE79,
  0x18E3, 0x0800, 0xA021, 0xC000, 0xB800, 0xB800, 0xB800, 0xB800, 0xB800, 0xB800, 0xB800, 0xB800,
  0xB800, 0xB800, 0xB800, 0xB800, 0xB800, 0xB800, 0xB800, 0xB800, 0xB800, 0xB800, 0xB800, 0xB800,
  0xB800, 0xB800, 0xB800, 0xB800, 0xB800, 0xB800, 0xB800, 0xB020, 0x3820, 0x0000, 0x0000, 0x6B6D,
  0xE71C, 0xCE79, 0xD69A, 0xD69A, 0xD69A, 0xD69A, 0xD69A, 0xD69A, 0xD69A, 0xCE79, 0xD69A, 0xCE79,
  0xDEFB, 0x5ACB, 0x0000, 0x31A6, 0xCE79, 0xD69A, 0xCE79, 0xDEDB, 0x4208, 0x39E7, 0xC618, 0x73AE,
  0x2104, 0x0000, 0x0000, 0x18C3, 0x4A69, 0x8C71, 0xC638, 0xEF5D, 0xE73C, 0xB5B6, 0x73AE, 0x31A6,
  0x0020, 0x0000, 0x0000, 0x0000, 0x0000, 0x0000, 0x0000, 0x0000, 0x0000, 0x0000, 0x1082, 0x39C7,
  0x632C, 0xD6BA, 0x10A2, 0x0000, 0x0000, 0x3186, 0xCE79, 0xD6BA, 0x39C7, 0x0000, 0x0000, 0x2124,
  0xD69A, 0x4A69, 0xC638, 0x8430, 0x0000, 0x0821, 0x0000, 0x18C3, 0x8430, 0x0000, 0x0000, 0x0000,
  0x39E7, 0xCE79, 0x18C3, 0x0000, 0x0000, 0x1082, 0xC618, 0xD69A, 0xCE79, 0xD69A, 0x10A2, 0x39E7,
  0xF7BE, 0x94B2, 0x0000, 0x0000, 0x0000, 0x2124, 0x738E, 0xA514, 0x7BEF, 0x31A6, 0x39E7, 0xD69A,
  0xDEDB, 0x52AA, 0x0000, 0x0000, 0x2945, 0xCE79, 0xDEDB, 0x5ACB, 0xB800, 0xB800, 0xB800, 0xB800,
  0xB800, 0xB800, 0xB800, 0xB800, 0xB800, 0xB800, 0xB800, 0xB800, 0xB800, 0xB800, 0xB800, 0xB800,
  0xB800, 0xB800, 0xB800, 0xB800, 0xB800, 0xB800, 0xB800, 0xB800, 0xB800, 0xB800, 0xB800, 0xB800,
  0xB800, 0xB800, 0xB800, 0xB800, 0xB800, 0xB800, 0xB800, 0xB800, 0xB800, 0xB800, 0xB800, 0xB800,
  0xB800, 0xB800, 0xB800, 0xB800, 0xB800, 0xB800, 0xB800, 0xB800, 0xB800, 0xB800, 0xB800, 0xB800,
  0xB800, 0xB800, 0xB800, 0xB800, 0xB800, 0xB800, 0xB800, 0xB800, 0xB800, 0xB800, 0xB800, 0xB800,
  0xB800, 0xB800, 0xB800, 0xB800, 0xB800, 0xB800, 0xB800, 0xB800, 0xB800, 0xB800, 0xB800, 0xB800,
  0xB800, 0xB800, 0xB800, 0xB800, 0xB800, 0xB800, 0xB800, 0xB800, 0xB800, 0xB800, 0xB800, 0xB800,
  0xB800, 0xB800, 0xB800, 0xB800, 0xB800, 0xB800, 0xB800, 0xB800, 0xB800, 0xB800, 0xB800, 0xB800,
  0xB800, 0xB800, 0xB800, 0xC000, 0x6041, 0x0000, 0x1082, 0xC618, 0xD6BA, 0xCE99, 0xD69A, 0xD69A,
  0xD69A, 0xD69A, 0xCE79, 0xD6BA, 0x3186, 0x0000, 0x8820, 0xC000, 0xB800, 0xB800, 0xB800, 0xB800,
  0xB800, 0xB800, 0xB800, 0xB800, 0xB800, 0xB800, 0xB800, 0xB800, 0xB800, 0xB800, 0xB800, 0xB800,
  0xB800, 0xB800, 0xB800, 0xB800, 0xB800, 0xB800, 0xB800, 0xB800, 0xB800, 0xB800, 0xB800, 0x9821,
  0x1000, 0x0000, 0x0861, 0xBDF7, 0xD6BA, 0xCE79, 0xD69A, 0xD69A, 0xD69A, 0xD69A, 0xD69A, 0xD69A,
  0xD69A, 0x94B2, 0xCE79, 0xCE79, 0xDEFB, 0x4228, 0x2104, 0xCE79, 0xD69A, 0xD69A, 0xDEFB, 0x4A49,
  0x0841, 0x52AA, 0x1082, 0x0000, 0x0000, 0x5ACB, 0x94B2, 0xCE79, 0xEF7D, 0xEF5D, 0xBDF7, 0x73AE,
  0x2945, 0x0000, 0x0000, 0x0000, 0x0000, 0x0020, 0x0000, 0x0000, 0x0000, 0x0000, 0x0000, 0x0000,
  0x0000, 0x0000, 0x2965, 0xDEDB, 0x632C, 0xCE79, 0x8C51, 0x0020, 0x0000, 0x0000, 0x630C, 0xEF5D,
  0x528A, 0x0000, 0x0000, 0x2945, 0xDEDB, 0x18C3, 0x8410, 0xB5B6, 0x4208, 0x31A6, 0x0000, 0x5ACB,
  0xCE59, 0x0000, 0x2104, 0x0841, 0x0000, 0x73AE, 0xA534, 0x0000, 0x0000, 0x0000, 0xA534, 0xDEDB,
  0xCE59, 0xDEFB, 0x39E7, 0x0000, 0x630C, 0x2965, 0x1082, 0x528A, 0x9CD3, 0xA534, 0xA514, 0xB5B6,
  0x0000, 0x0000, 0x18E3, 0xCE59, 0xDEFB, 0x6B4D, 0x0000, 0x0000, 0x18C3, 0xC638, 0xE71C, 0x738E,
  0xB800, 0xB800, 0xB800, 0xB800, 0xB800, 0xB800, 0xB800, 0xB800, 0xB800, 0xB800, 0xB800, 0xB800,
  0xB800, 0xB800, 0xB800, 0xB800, 0xB800, 0xB800, 0xB800, 0xB800, 0xB800, 0xB800, 0xB800, 0xB800,
  0xB800, 0xB800, 0xB800, 0xB800, 0xB800, 0xB800, 0xB800, 0xB800, 0xB800, 0xB800, 0xB800, 0xB800,
  0xB800, 0xB800, 0xB800, 0xB800, 0xB800, 0xB800, 0xB800, 0xB800, 0xB800, 0xB800, 0xB800, 0xB800,
  0xB800, 0xB800, 0xB800, 0xB800, 0xB800, 0xB800, 0xB800, 0xB800, 0xB800, 0xB800, 0xB800, 0xB800,
  0xB800, 0xB800, 0xB800, 0xB800, 0xB800, 0xB800, 0xB800, 0xB800, 0xB800, 0xB800, 0xB800, 0xB800,
  0xB800, 0xB800, 0xB800, 0xB800, 0xB800, 0xB800, 0xB800, 0xB800, 0xB800, 0xB800, 0xB800, 0xB800,
  0xB800, 0xB800, 0xB800, 0xB800, 0xB800, 0xB800, 0xB800, 0xB800, 0xB800, 0xB800, 0xB800, 0xB800,
  0xB800, 0xB800, 0xB800, 0xB800, 0xB800, 0xB800, 0xB800, 0xC000, 0x5820, 0x0000, 0x18C2, 0xC658,
  0xD69A, 0xCE99, 0xCE9A, 0xD69A, 0xD69A, 0xD69A, 0xCE79, 0xDEFB, 0x4A28, 0x0000, 0x6861, 0xB800,
  0xB800, 0xB800, 0xB800, 0xB800, 0xB800, 0xB800, 0xB800, 0xB800, 0xB800, 0xB800, 0xB800, 0xB800,
  0xB800, 0xB800, 0xB800, 0xB800, 0xB800, 0xB800, 0xB800, 0xB800, 0xB800, 0xB800, 0xB800, 0xB800,
  0xB800, 0xB800, 0xC000, 0x6820, 0x0000, 0x0000, 0x39E7, 0xDEDB, 0xCE7A, 0xD69A, 0xD69A, 0xD69A,
  0xD69A, 0xD69A, 0xD69A, 0xD69A, 0xC618, 0x630C, 0xD69A, 0xCE79, 0xD6BA, 0x7BCF, 0xB5B6, 0xE71C,
  0xDEDB, 0xC638, 0x528A, 0x0000, 0x0841, 0x0000, 0x0000, 0x0020, 0x738E, 0xEF5D, 0xDEFB, 0xB5B6,
  0x73AE, 0x3186, 0x1082, 0x1082, 0x4228, 0x39E7, 0x0000, 0x0000, 0x0020, 0x0000, 0x0000, 0x0000,
  0x0000, 0x0000, 0x0000, 0x0000, 0x0000, 0x4208, 0x94B2, 0xBDF7, 0xCE79, 0xCE79, 0xD6BA, 0x18E3,
  0x0000, 0x0000, 0x2945, 0xE71C, 0x8430, 0x0000, 0x0000, 0x2124, 0xDEDB, 0x3186, 0x528A, 0xCE59,
  0x52AA, 0x4208, 0x0020, 0x2104, 0xAD55, 0x0861, 0x2124, 0x31A6, 0x0000, 0x0841, 0xBDD7, 0x2945,
  0x0000, 0x0000, 0x73AE, 0xE71C, 0xC618, 0xCE79, 0x73AE, 0x0000, 0x2945, 0x738E, 0xA534, 0xC618,
  0xE71C, 0x9492, 0x4A49, 0x738E, 0x1082, 0x0000, 0x1082, 0xBDF7, 0xE71C, 0x8410, 0x0000, 0x0000,
  0x0841, 0xBDD7, 0xE71C, 0x8430, 0xB800, 0xB800, 0xB800, 0xB800, 0xB800, 0xB800, 0xB800, 0xB800,
  0xB800, 0xB800, 0xB800, 0xB800, 0xB800, 0xB800, 0xB800, 0xB800, 0xB800, 0xB800, 0xB800, 0xB800,
  0xB800, 0xB800, 0xB800, 0xB800, 0xB800, 0xB800, 0xB800, 0xB800, 0xB800, 0xB800, 0xB800, 0xB800,
  0xB800, 0xB800, 0xB800, 0xB800, 0xB800, 0xB800, 0xB800, 0xB800, 0xB800, 0xB800, 0xB800, 0xB800,
  0xB800, 0xB800, 0xB800, 0xB800, 0xB800, 0xB800, 0xB800, 0xB800, 0xB800, 0xB800, 0xB800, 0xB800,
  0xB800, 0xB800, 0xB800, 0xB800, 0xB800, 0xB800, 0xB800, 0xB800, 0xB800, 0xB800, 0xB800, 0xB800,
  0xB800, 0xB800, 0xB800, 0xB800, 0xB800, 0xB800, 0xB800, 0xB800, 0xB800, 0xB800, 0xB800, 0xB800,
  0xB800, 0xB800, 0xB800, 0xB800, 0xB800, 0xB800, 0xB800, 0xB800, 0xB800, 0xB800, 0xB800, 0xB800,
  0xB800, 0xB800, 0xB800, 0xB800, 0xB800, 0xB800, 0xB800, 0xB800, 0xB800, 0xB800, 0xB800, 0xC000,
  0x5820, 0x0000, 0x18E3, 0xCE79, 0xD69A, 0xCE99, 0xD69A, 0xD69A, 0xD69A, 0xD69A, 0xCE79, 0xDEFB,
  0x52AA, 0x0000, 0x4841, 0xB820, 0xB800, 0xB800, 0xB800, 0xB800, 0xB800, 0xB800, 0xB800, 0xB800,
  0xB800, 0xB800, 0xB800, 0xB800, 0xB800, 0xB800, 0xB800, 0xB800, 0xB800, 0xB800, 0xB800, 0xB800,
  0xB800, 0xB800, 0xB800, 0xB800, 0xB800, 0xB800, 0xB820, 0x4020, 0x0000, 0x0000, 0x7BAE, 0xE71C,
  0xCE7A, 0xD69A, 0xD69A, 0xD69A, 0xD69A, 0xD69A, 0xCE79, 0xDEDB, 0xAD55, 0x39E7, 0xDEDB, 0xCE79,
  0xCE79, 0xD6BA, 0xDEDB, 0xAD55, 0x5AEB, 0x10A2, 0x0000, 0x0000, 0x0000, 0x18E3, 0x6B4D, 0xB5B6,
  0xD6BA, 0xC638, 0x630C, 0x4A69, 0x5AEB, 0x8430, 0xB596, 0xCE79, 0xE73C, 0x31A6, 0x18C3, 0x738E,
  0xBDF7, 0x7BEF, 0x0000, 0x0000, 0x0000, 0x31A6, 0x18C3, 0x18E3, 0xA514, 0x94B2, 0xE71C, 0xC638,
  0xA514, 0xD69A, 0xDEDB, 0x39E7, 0x0000, 0x0000, 0x0841, 0xC638, 0xB5B6, 0x0000, 0x0000, 0x0000,
  0xD69A, 0x5AEB, 0x31A6, 0xDEFB, 0x2124, 0x31A6, 0xC638, 0x9CF3, 0x94B2, 0x18E3, 0x0000, 0x5ACB,
  0x0020, 0x0000, 0xB5B6, 0x2945, 0x0000, 0x0000, 0x18C3, 0xCE79, 0x94B2, 0x5ACB, 0x8C51, 0xA514,
  0xD69A, 0xCE59, 0xBDF7, 0xC638, 0xCE79, 0xDEFB, 0x9492, 0x1082, 0x0000, 0x0000, 0x0000, 0xAD75,
  0xE71C, 0x9492, 0x0000, 0x0000, 0x0000, 0xAD55, 0xE71C, 0x9CF3, 0xB800, 0xB800, 0xB800, 0xB800,
  0xB800, 0xB800, 0xB800, 0xB800, 0xB800, 0xB800, 0xB800, 0xB800, 0xB800, 0xB800, 0xB800, 0xB800,
  0xB800, 0xB800, 0xB800, 0xB800, 0xB800, 0xB800, 0xB800, 0xB800, 0xB800, 0xB800, 0xB800, 0xB800,
  0xB800, 0xB800, 0xB800, 0xB800, 0xB800, 0xB800, 0xB800, 0xB800, 0xB800, 0xB800, 0xB800, 0xB800,
  0xB800, 0xB800, 0xB800, 0xB800, 0xB800, 0xB800, 0xB800, 0xB800, 0xB800, 0xB800, 0xB800, 0xB800,
  0xB800, 0xB800, 0xB800, 0xB800, 0xB800, 0xB800, 0xB800, 0xB800, 0xB800, 0xB800, 0xB800, 0xB800,
  0xB800, 0xB800, 0xB800, 0xB800, 0xB800, 0xB800, 0xB800, 0xB800, 0xB800, 0xB800, 0xB800, 0xB800,
  0xB800, 0xB800, 0xB800, 0xB800, 0xB800, 0xB800, 0xB800, 0xB800, 0xB800, 0xB800, 0xB800, 0xB800,
  0xB800, 0xB800, 0xB800, 0xB800, 0xB800, 0xB800, 0xB800, 0xB800, 0xB800, 0xB800, 0xB800, 0xB800,
  0xB800, 0xB800, 0xB800, 0xC000, 0x5820, 0x0000, 0x2104, 0xCE79, 0xD69A, 0xCE9A, 0xD69A, 0xD69A,
  0xD69A, 0xD69A, 0xCE79, 0xDEFB, 0x632C, 0x0000, 0x3040, 0xB821, 0xB800, 0xB800, 0xB800, 0xB800,
  0xB800, 0xB800, 0xB800, 0xB800, 0xB800, 0xB800, 0xB800, 0xB800, 0xB800, 0xB800, 0xB800, 0xB800,
  0xB800, 0xB800, 0xB800, 0xB800, 0xB800, 0xB800, 0xB800, 0xB800, 0xB800, 0xB800, 0xA821, 0x1800,
  0x0000, 0x0000, 0xAD75, 0xDEDB, 0xD69A, 0xD69A, 0xD69A, 0xD69A, 0xD69A, 0xD69A, 0xCE79, 0xE71C,
  0x7BEF, 0x4A49, 0xDEFB, 0xCE59, 0xD6BA, 0x738E, 0x3186, 0x0020, 0x0000, 0x0000, 0x0000, 0x2965,
  0x8430, 0xC638, 0xDEFB, 0xD6BA, 0xCE79, 0xCE79, 0xBDF7, 0xD6BA, 0xEF7D, 0xEF5D, 0xD69A, 0xDEFB,
  0x8C71, 0x0000, 0x7BEF, 0xEF7D, 0xD6BA, 0xD6BA, 0x2945, 0x0000, 0x3186, 0xDEFB, 0xB5B6, 0x3186,
  0xCE59, 0xC638, 0xDEDB, 0x94B2, 0x2965, 0xDEDB, 0xB596, 0x1082, 0x0000, 0x0000, 0x0000, 0x9CD3,
  0xDEDB, 0x18C3, 0x18C3, 0x6B4D, 0xBDD7, 0x94B2, 0x39C7, 0xE71C, 0x18C3, 0x7BCF, 0xE71C, 0xD6BA,
  0xCE79, 0x18E3, 0x0000, 0x630C, 0x9CF3, 0x9492, 0xB5B6, 0x0000, 0x0000, 0x0000, 0x0841, 0x8430,
  0xA534, 0x9492, 0x7BEF, 0xA514, 0xD6BA, 0xD6BA, 0xDEDB, 0xD6BA, 0xBDF7, 0xBDD7, 0x52AA, 0x0000,
  0x0020, 0x0000, 0x4208, 0xCE79, 0xD6BA, 0xAD75, 0x0000, 0x0000, 0x0000, 0x9CD3, 0xE71C, 0xAD75,
  0xB800, 0xB800, 0xB800, 0xB800, 0xB800, 0xB800, 0xB800, 0xB800, 0xB800, 0xB800, 0xB800, 0xB800,
  0xB800, 0xB800, 0xB800, 0xB800, 0xB800, 0xB800, 0xB800, 0xB800, 0xB800, 0xB800, 0xB800, 0xB800,
  0xB800, 0xB800, 0xB800, 0xB800, 0xB800, 0xB800, 0xB800, 0xB800, 0xB800, 0xB800, 0xB800, 0xB800,
  0xB800, 0xB800, 0xB800, 0xB800, 0xB800, 0xB800, 0xB800, 0xB800, 0xB800, 0xB800, 0xB800, 0xB800,
  0xB800, 0xB800, 0xB800, 0xB800, 0xB800, 0xB800, 0xB800, 0xB800, 0xB800, 0xB800, 0xB800, 0xB800,
  0xB800, 0xB800, 0xB800, 0xB800, 0xB800, 0xB800, 0xB800, 0xB800, 0xB800, 0xB800, 0xB800, 0xB800,
  0xB800, 0xB800, 0xB800, 0xB800, 0xB800, 0xB800, 0xB800, 0xB800, 0xB800, 0xB800, 0xB800, 0xB800,
  0xB800, 0xB800, 0xB800, 0xB800, 0xB800, 0xB800, 0xB800, 0xB800, 0xB800, 0xB800, 0xB800, 0xB800,
  0xB800, 0xB800, 0xB800, 0xB800, 0xB800, 0xB800, 0xB800, 0xC000, 0x5820, 0x0000, 0x2104, 0xCE79,
  0xD69A, 0xD69A, 0xD69A, 0xD69A, 0xD69A, 0xD69A, 0xCE79, 0xDEFB, 0x7BCF, 0x0000, 0x1820, 0xA821,
  0xB800, 0xB800, 0xB800, 0xB800, 0xB800, 0xB800, 0xB800, 0xB800, 0xB800, 0xB800, 0xB800, 0xB800,
  0xB800, 0xB800, 0xB800, 0xB800, 0xB800, 0xB800, 0xB800, 0xB800, 0xB800, 0xB800, 0xB800, 0xB800,
  0xB800, 0xC000, 0x8841, 0x0000, 0x0000, 0x2944, 0xD69A, 0xCE79, 0xD69A, 0xD69A, 0xD69A, 0xD69A,
  0xD69A, 0xD69A, 0xCE79, 0xDEFB, 0x4A69, 0x8410, 0xDEFB, 0xCE59, 0xDEFB, 0x4A69, 0x0000, 0x0000,
  0x0841, 0x4A49, 0x9CF3, 0xD6BA, 0xDEFB, 0xD69A, 0xCE79, 0xCE79, 0xCE79, 0xCE79, 0xE71C, 0xD69A,
  0x8C71, 0x9CD3, 0xD6BA, 0xD69A, 0x2965, 0x0000, 0x528A, 0xDEDB, 0xCE59, 0xE71C, 0x7BCF, 0x0000,
  0x73AE, 0xDEDB, 0xDEDB, 0x73AE, 0xA534, 0xDEDB, 0xDEDB, 0xC618, 0x0841, 0x73AE, 0xC618, 0x0000,
  0x0000, 0x0020, 0x0000, 0x632C, 0xEF7D, 0x31A6, 0x4228, 0xDEFB, 0x9492, 0xD69A, 0xA534, 0xD6BA,
  0x2104, 0x2945, 0xDEDB, 0xCE59, 0xE71C, 0xA514, 0x2965, 0xA534, 0xB5B6, 0xAD55, 0x2104, 0x0841,
  0x4208, 0x8410, 0xD69A, 0x8C71, 0x0020, 0x2945, 0x5AEB, 0xB5B6, 0xD69A, 0x9CF3, 0x8430, 0x6B4D,
  0x632C, 0x39C7, 0x0000, 0x0020, 0x0000, 0x18E3, 0xCE59, 0xCE79, 0xDEFB, 0x8410, 0x0000, 0x0020,
  0x0000, 0x7BEF, 0xE71C, 0xBDF7, 0xB800, 0xB800, 0xB800, 0xB800, 0xB800, 0xB800, 0xB800, 0xB800,
  0xB800, 0xB800, 0xB800, 0xB800, 0xB800, 0xB800, 0xB800, 0xB800, 0xB800, 0xB800, 0xB800, 0xB800,
  0xB800, 0xB800, 0xB800, 0xB800, 0xB800, 0xB800, 0xB800, 0xB800, 0xB800, 0xB800, 0xB800, 0xB800,
  0xB800, 0xB800, 0xB800, 0xB800, 0xB800, 0xB800, 0xB800, 0xB800, 0xB800, 0xB800, 0xB800, 0xB800,
  0xB800, 0xB800, 0xB800, 0xB800, 0xB800, 0xB800, 0xB800, 0xB800, 0xB800, 0xB800, 0xB800, 0xB800,
  0xB800, 0xB800, 0xB800, 0xB800, 0xB800, 0xB800, 0xB800, 0xB800, 0xB800, 0xB800, 0xB800, 0xB800,
  0xB800, 0xB800, 0xB800, 0xB800, 0xB800, 0xB800, 0xB800, 0xC000, 0xB800, 0xB800, 0xB800, 0xB800,
  0xB800, 0xB800, 0xB800, 0xB800, 0xB800, 0xB800, 0xB800, 0xB800, 0xB800, 0xB800, 0xB800, 0xB800,
  0xB800, 0xB800, 0xB800, 0xB800, 0xB800, 0xB800, 0xB800, 0xB800, 0xB800, 0xB800, 0xB800, 0xC000,
  0x6041, 0x0000, 0x2104, 0xCE79, 0xD69A, 0xD69A, 0xD69A, 0xD69A, 0xD69A, 0xD69A, 0xCE79, 0xDEFB,
  0x8430, 0x0000, 0x0820, 0x9041, 0xC000, 0xB800, 0xB800, 0xB800, 0xB800, 0xB800, 0xB800, 0xB800,
  0xB800, 0xB800, 0xB800, 0xB800, 0xB800, 0xB800, 0xB800, 0xB800, 0xB800, 0xB800, 0xB800, 0xB800,
  0xB800, 0xB800, 0xB800, 0xB800, 0xB800, 0xC000, 0x6021, 0x0000, 0x0000, 0x5AEB, 0xDEFB, 0xCE79,
  0xD69A, 0xD69A, 0xD69A, 0xD69A, 0xD69A, 0xD69A, 0xD69A, 0xD69A, 0x39C7, 0xB5B6, 0xD6BA, 0xCE59,
  0xDEFB, 0x4A69, 0x0841, 0x632C, 0xB596, 0xDEFB, 0xDEDB, 0xCE79, 0xCE79, 0xCE79, 0xCE79, 0xD6BA,
  0xDEDB, 0xD6BA, 0x8C51, 0x2104, 0x0020, 0xA514, 0xE71C, 0x8C51, 0x0000, 0x0000, 0x2965, 0xD6BA,
  0xC618, 0xD69A, 0xB5B6, 0x0000, 0x8C51, 0xDEFB, 0xD6BA, 0xAD55, 0x9CF3, 0xBDF7, 0x738E, 0xE73C,
  0x2965, 0x4228, 0xE71C, 0x2124, 0x0000, 0x0020, 0x0000, 0x39C7, 0xEF5D, 0x6B4D, 0x2965, 0xDEDB,
  0x7BCF, 0xC618, 0xD6BA, 0xCE79, 0x2104, 0x0000, 0x7BEF, 0xEF5D, 0x94B2, 0xB5B6, 0xEF5D, 0x8410,
  0x0000, 0x2104, 0x6B6D, 0x8430, 0xC638, 0xE71C, 0xD6BA, 0xB596, 0x0020, 0x0000, 0x632C, 0xDEDB,
  0xAD75, 0x528A, 0x5ACB, 0x7BCF, 0x632C, 0x0000, 0x0020, 0x0000, 0x0841, 0xB596, 0xD69A, 0xD6BA,
  0xA514, 0x0000, 0x0000, 0x0000, 0x0000, 0xA534, 0xD6BA, 0xCE59, 0xB800, 0xB800, 0xB800, 0xB800,
  0xB800, 0xB800, 0xB800, 0xB800, 0xB800, 0xB800, 0xB800, 0xB800, 0xB800, 0xB800, 0xB800, 0xB800,
  0xB800, 0xB800, 0xB800, 0xB800, 0xB800, 0xB800, 0xB800, 0xB800, 0xB800, 0xB800, 0xB800, 0xB800,
  0xB800, 0xB800, 0xB800, 0xB800, 0xB800, 0xB800, 0xB800, 0xB800, 0xB800, 0xB800, 0xB800, 0xB800,
  0xB800, 0xB800, 0xB800, 0xB800, 0xB800, 0xB800, 0xB800, 0xB800, 0xB800, 0xB800, 0xB800, 0xB800,
  0xB800, 0xB800, 0xB800, 0xB800, 0xB800, 0xB800, 0xB800, 0xB800, 0xB800, 0xB800, 0xB800, 0xB800,
  0xB800, 0xB800, 0xB800, 0xB800, 0xB800, 0xB800, 0xB800, 0xB800, 0xB800, 0xB801, 0x9840, 0x8041,
  0x9840, 0xB800, 0xB800, 0xB800, 0xB800, 0xB800, 0xB800, 0xB800, 0xB800, 0xB800, 0xB800, 0xB800,
  0xB800, 0xB800, 0xB800, 0xB800, 0xB800, 0xB800, 0xB800, 0xB800, 0xB800, 0xB800, 0xB800, 0xB800,
  0xB800, 0xB800, 0xB800, 0xC000, 0x6821, 0x0000, 0x18C3, 0xCE59, 0xD69A, 0xCE79, 0xD69A, 0xD69A,
  0xD69A, 0xD69A, 0xCE79, 0xDEFB, 0x9492, 0x0000, 0x0000, 0x8020, 0xC000, 0xB800, 0xB800, 0xB800,
  0xB800, 0xB800, 0xB800, 0xB800, 0xB800, 0xB800, 0xB800, 0xB800, 0xB800, 0xB800, 0xB800, 0xB800,
  0xB800, 0xB800, 0xB800, 0xB800, 0xB800, 0xB800, 0xB800, 0xB800, 0xB800, 0xB020, 0x3020, 0x0020,
  0x0000, 0x94B3, 0xDEDB, 0xCE79, 0xD69A, 0xD69A, 0xD69A, 0xD69A, 0xD69A, 0xCE79, 0xDEDB, 0xAD75,
  0x4208, 0xD6BA, 0xCE79, 0xCE79, 0xD69A, 0xAD55, 0xBDF7, 0xDEFB, 0xD6BA, 0xCE79, 0xCE79, 0xCE79,
  0xCE79, 0xD6BA, 0xD6BA, 0xBDF7, 0xA534, 0x39E7, 0x0000, 0x0000, 0x9CF3, 0xE71C, 0xCE59, 0x18E3,
  0x0000, 0x0000, 0x10A2, 0xD6BA, 0x630C, 0x52AA, 0xE71C, 0x18E3, 0x8410, 0xDEFB, 0xD69A, 0xBDF7,
  0x9CD3, 0xBDF7, 0x2945, 0xE71C, 0x52AA, 0x2104, 0xE73C, 0x4A49, 0x0000, 0x0020, 0x0000, 0x1082,
  0xC638, 0xC618, 0xC618, 0xE71C, 0x7BEF, 0x8410, 0xEF7D, 0xBDD7, 0x0020, 0x0000, 0x0020, 0x39E7,
  0x0000, 0x0020, 0x528A, 0x630C, 0xA514, 0xE71C, 0x5ACB, 0x0020, 0xB5B6, 0xD69A, 0xCE79, 0xE71C,
  0x6B4D, 0x0000, 0x39E7, 0xE71C, 0x8430, 0x6B6D, 0xCE59, 0xC638, 0x2104, 0x0000, 0x0000, 0x0000,
  0x94B2, 0xDEDB, 0xD69A, 0xBDF7, 0x1082, 0x0000, 0x0020, 0x0000, 0x8430, 0xDEFB, 0xCE59, 0xDEFB,
  0xB800, 0xB800, 0xB800, 0xB800, 0xB800, 0xB800, 0xB800, 0xB800, 0xB800, 0xB800, 0xB800, 0xB800,
  0xB800, 0xB800, 0xB800, 0xB800, 0xB800, 0xB800, 0xB800, 0xB800, 0xB800, 0xB800, 0xB800, 0xB800,
  0xB800, 0xB800, 0xB800, 0xB800, 0xB800, 0xB800, 0xB800, 0xB800, 0xB800, 0xB800, 0xB800, 0xB800,
  0xB800, 0xB800, 0xB800, 0xB800, 0xB800, 0xB800, 0xB800, 0xB800, 0xB800, 0xB800, 0xB800, 0xB800,
  0xB800, 0xB800, 0xB800, 0xB800, 0xB800, 0xB800, 0xB800, 0xB800, 0xB800, 0xB800, 0xB800, 0xB800,
  0xB800, 0xB800, 0xB800, 0xB800, 0xB800, 0xB800, 0xB800, 0xB800, 0xB800, 0xB800, 0xB800, 0xB800,
  0xB820, 0x7041, 0x1000, 0x0000, 0x1000, 0x6020, 0xB020, 0xB800, 0xB800, 0xB800, 0xB800, 0xB800,
  0xB800, 0xB800, 0xB800, 0xB800, 0xB800, 0xB800, 0xB800, 0xB800, 0xB800, 0xB800, 0xB800, 0xB800,
  0xB800, 0xB800, 0xB800, 0xB800, 0xB800, 0xB800, 0xB800, 0xC000, 0x7821, 0x0000, 0x18C3, 0xCE59,
  0xD69A, 0xCE79, 0xD69A, 0xD69A, 0xD69A, 0xD69A, 0xCE79, 0xDEDB, 0xA514, 0x0000, 0x0000, 0x6820,
  0xC000, 0xB800, 0xB800, 0xB800, 0xB800, 0xB800, 0xB800, 0xB800, 0xB800, 0xB800, 0xB800, 0xB800,
  0xB800, 0xB800, 0xB800, 0xB800, 0xB800, 0xB800, 0xB800, 0xB800, 0xB800, 0xB800, 0xB800, 0xB800,
  0xB800, 0xA021, 0x1000, 0x0000, 0x1082, 0xC618, 0xD69A, 0xCE79, 0xD69A, 0xD69A, 0xD69A, 0xD69A,
  0xD69A, 0xCE79, 0xE71C, 0x8430, 0x6B4D, 0xE71C, 0xCE59, 0xCE79, 0xCE79, 0xD6BA, 0xD69A, 0xCE59,
  0xCE79, 0xCE79, 0xCE79, 0xD69A, 0xDEFB, 0xA534, 0x39C7, 0x0841, 0x0000, 0x0000, 0x0000, 0x5AEB,
  0xE71C, 0xCE59, 0xCE59, 0x8C71, 0x31A6, 0x0000, 0x0000, 0xBDD7, 0x8430, 0x0020, 0xDEFB, 0x4A49,
  0x7BEF, 0xDEFB, 0xCE79, 0xCE59, 0x8C71, 0xD69A, 0x2965, 0xC618, 0x7BEF, 0x1082, 0xE71C, 0x738E,
  0x0000, 0x0020, 0x0000, 0x4208, 0xD6BA, 0xD69A, 0xD69A, 0xD6BA, 0xAD55, 0x10A2, 0x9CD3, 0x4A69,
  0x0000, 0x0000, 0x0000, 0x0000, 0x4A49, 0x8430, 0x9CD3, 0x8C71, 0x8C51, 0x8C71, 0x0000, 0x2104,
  0xDEDB, 0xBDF7, 0x7BCF, 0xDEFB, 0xC618, 0x10A2, 0x0000, 0x94B2, 0x738E, 0x94B2, 0xE73C, 0x39C7,
  0x0000, 0x0020, 0x0000, 0x73AE, 0xDEFB, 0xCE79, 0xCE79, 0x2945, 0x0000, 0x0841, 0x0000, 0x6B4D,
  0xDEFB, 0xCE59, 0xD6BA, 0xC618, 0xB800, 0xB800, 0xB800, 0xB800, 0xB800, 0xB800, 0xB800, 0xB800,
  0xB800, 0xB800, 0xB800, 0xB800, 0xB800, 0xB800, 0xB800, 0xB800, 0xB800, 0xB800, 0xB800, 0xB800,
  0xB800, 0xB800, 0xB800, 0xB800, 0xB800, 0xB800, 0xB800, 0xB800, 0xB800, 0xB800, 0xB800, 0xB800,
  0xB800, 0xB800, 0xB800, 0xB800, 0xB800, 0xB800, 0xB800, 0xB800, 0xB800, 0xB800, 0xB800, 0xB800,
  0xB800, 0xB800, 0xB800, 0xB800, 0xB800, 0xB800, 0xB800, 0xB800, 0xB800, 0xB800, 0xB800, 0xB800,
  0xB800, 0xB800, 0xB800, 0xB800, 0xB800, 0xB800, 0xB800, 0xB800, 0xB800, 0xB800, 0xB800, 0xB800,
  0xB800, 0xB800, 0xB800, 0xC000, 0x8821, 0x0800, 0x0000, 0x0000, 0x0000, 0x0000, 0x4041, 0xA841,
  0xB800, 0xB800, 0xB800, 0xB800, 0xB800, 0xB800, 0xB800, 0xB800, 0xB800, 0xB800, 0xB800, 0xB800,
  0xB800, 0xB800, 0xB800, 0xB800, 0xB800, 0xB800, 0xB800, 0xB800, 0xB800, 0xB800, 0xB800, 0xC000,
  0x8041, 0x0000, 0x1082, 0xC618, 0xD6BA, 0xCE79, 0xD69A, 0xD69A, 0xD69A, 0xD69A, 0xCE79, 0xDEDB,
  0xAD55, 0x0000, 0x0000, 0x5840, 0xC000, 0xB800, 0xB800, 0xB800, 0xB800, 0xB800, 0xB800, 0xB800,
  0xB800, 0xB800, 0xB800, 0xB800, 0xB800, 0xB800, 0xB800, 0xB800, 0xB800, 0xB800, 0xB800, 0xB800,
  0xB800, 0xB800, 0xB800, 0xB000, 0xC000, 0x8041, 0x0000, 0x0000, 0x4208, 0xDEDB, 0xCE79, 0xCE79,
  0xD69A, 0xD69A, 0xD69A, 0xD69A, 0xD69A, 0xCE79, 0xDEFB, 0x630C, 0x94B2, 0xDEDB, 0xD69A, 0xCE79,
  0xCE79, 0xCE79, 0xCE79, 0xCE79, 0xCE79, 0xCE79, 0xDEDB, 0xD69A, 0x6B6D, 0x0000, 0x0000, 0x0000,
  0x0000, 0x0000, 0x10A2, 0xBDD7, 0xC638, 0xD69A, 0xDEDB, 0xDEDB, 0xD6BA, 0x9CF3, 0x3186, 0x94B2,
  0xB596, 0x0000, 0xC618, 0x6B4D, 0x6B4D, 0xE71C, 0xCE79, 0xD6BA, 0x8430, 0xD69A, 0x39E7, 0x9CF3,
  0xAD55, 0x0020, 0xB5B6, 0xCE59, 0x3186, 0x0000, 0x0000, 0x3186, 0xD6BA, 0xCE59, 0xCE79, 0xDEDB,
  0xDEFB, 0x2104, 0x0000, 0x0000, 0x0000, 0x2945, 0x73AE, 0xA534, 0x9CD2, 0x73AE, 0x52AA, 0x4A69,
  0x52AA, 0x4A49, 0x0000, 0x4228, 0xE71C, 0xB596, 0x0861, 0xAD75, 0xE73C, 0x73AE, 0x0000, 0x18E3,
  0x5AEB, 0xCE59, 0x6B4D, 0x0000, 0x0841, 0x0000, 0x528A, 0xDEFB, 0xCE59, 0xDEDB, 0x4A49, 0x0000,
  0x0841, 0x0000, 0x4A49, 0xDEDB, 0xCE79, 0xCE79, 0xD69A, 0x31A6, 0xB800, 0xB800, 0xB800, 0xB800,
  0xB800, 0xB800, 0xB800, 0xB800, 0xB800, 0xB800, 0xB800, 0xB800, 0xB800, 0xB800, 0xB800, 0xB800,
  0xB800, 0xB800, 0xB800, 0xB800, 0xB800, 0xB800, 0xB800, 0xB800, 0xB800, 0xB800, 0xB800, 0xB800,
  0xB800, 0xB800, 0xB800, 0xB800, 0xB800, 0xB800, 0xB800, 0xB800, 0xB800, 0xB800, 0xB800, 0xB800,
  0xB800, 0xB800, 0xB800, 0xB800, 0xB800, 0xB800, 0xB800, 0xB800, 0xB800, 0xB800, 0xB800, 0xB800,
  0xB800, 0xB800, 0xB800, 0xB800, 0xB800, 0xB800, 0xB800, 0xB800, 0xB800, 0xB800, 0xB800, 0xB800,
  0xB800, 0xB800, 0xB800, 0xB800, 0xB800, 0xB800, 0xB800, 0xB820, 0x4820, 0x0000, 0x0000, 0x0000,
  0x0000, 0x0000, 0x0000, 0x4841, 0xB821, 0xB800, 0xB800, 0xB800, 0xB800, 0xB800, 0xB800, 0xB800,
  0xB800, 0xB800, 0xB800, 0xB800, 0xB800, 0xB800, 0xB800, 0xB800, 0xB800, 0xB800, 0xB800, 0xB800,
  0xB800, 0xB800, 0xB800, 0xC000, 0x9021, 0x0800, 0x0000, 0xAD75, 0xD6BA, 0xCE79, 0xD69A, 0xD69A,
  0xD69A, 0xD69A, 0xCE79, 0xD6BA, 0xB5B6, 0x0821, 0x0000, 0x4041, 0xB820, 0xB000, 0xB800, 0xB800,
  0xB800, 0xB800, 0xB800, 0xB800, 0xB800, 0xB800, 0xB800, 0xB800, 0xB800, 0xB800, 0xB800, 0xB800,
  0xB800, 0xB800, 0xB800, 0xB800, 0xB800, 0xB800, 0xB800, 0xB800, 0xC000, 0x5020, 0x0000, 0x0000,
  0x7BEF, 0xDEFB, 0xCE79, 0xD69A, 0xD69A, 0xD69A, 0xD69A, 0xD69A, 0xD69A, 0xD69A, 0xD69A, 0x5ACB,
  0xCE79, 0xD69A, 0xC618, 0xD6BA, 0xDEFB, 0xD6BA, 0xCE59, 0xD69A, 0xDEFB, 0xDEDB, 0xAD55, 0x2965,
  0x0000, 0x0000, 0x0020, 0x0000, 0x0000, 0x0000, 0x0861, 0x18E3, 0x1082, 0x2945, 0x8C51, 0xDEDB,
  0xCE79, 0xDEDB, 0xD69A, 0xC638, 0xCE59, 0x0841, 0x9CD3, 0x9492, 0x9CF3, 0xCE79, 0xC618, 0xDEFB,
  0x8410, 0xCE59, 0x5AEB, 0x73AE, 0xD69A, 0x0000, 0x73AE, 0xF79E, 0x6B4D, 0x0000, 0x0000, 0x0841,
  0xBDF7, 0xDEFB, 0xDEFB, 0xAD75, 0x4228, 0x0000, 0x2124, 0x632D, 0xAD55, 0xDEDB, 0xE73C, 0xD69A,
  0xBDF7, 0xB5B6, 0xAD55, 0x94B3, 0x8C72, 0x52AA, 0x0000, 0x6B4D, 0xEF5D, 0x94B2, 0x0000, 0x528A,
  0xDEFB, 0xCE59, 0x2104, 0x0000, 0x5ACB, 0x9492, 0x0000, 0x0020, 0x0000, 0x3186, 0xD6BA, 0xCE79,
  0xDEFB, 0x6B4D, 0x0000, 0x0841, 0x0000, 0x2945, 0xCE79, 0xD69A, 0xCE79, 0xDEFB, 0x52AA, 0x0000,
  0xB800, 0xB800, 0xB800, 0xB800, 0xB800, 0xB800, 0xB800, 0xB800, 0xB800, 0xB800, 0xB800, 0xB800,
  0xB800, 0xB800, 0xB800, 0xB800, 0xB800, 0xB800, 0xB800, 0xB800, 0xB800, 0xB800, 0xB800, 0xB800,
  0xB800, 0xB800, 0xB800, 0xB800, 0xB800, 0xB800, 0xB800, 0xB800, 0xB800, 0xB800, 0xB800, 0xB800,
  0xB800, 0xB800, 0xB800, 0xB800, 0xB800, 0xB800, 0xB800, 0xB800, 0xB800, 0xB800, 0xB800, 0xB800,
  0xB800, 0xB800, 0xB800, 0xB800, 0xB800, 0xB800, 0xB800, 0xB800, 0xB800, 0xB800, 0xB800, 0xB800,
  0xB800, 0xB800, 0xB800, 0xB800, 0xB800, 0xB800, 0xB800, 0xB800, 0xB800, 0xB800, 0xB800, 0xB020,
  0x3020, 0x0000, 0x0000, 0x5AEB, 0x9CD3, 0x7BAF, 0x18E3, 0x0000, 0x6841, 0xC000, 0xB800, 0xB800,
  0xB800, 0xB800, 0xB800, 0xB800, 0xB800, 0xB800, 0xB800, 0xB800, 0xB800, 0xB800, 0xB800, 0xB800,
  0xB800, 0xB800, 0xB800, 0xB800, 0xB800, 0xB800, 0xB800, 0xB800, 0xA021, 0x1020, 0x0000, 0x94B2,
  0xDEDB, 0xCE79, 0xD69A, 0xD69A, 0xD69A, 0xD69A, 0xCE79, 0xD6BA, 0xBDF7, 0x0841, 0x0000, 0x2820,
  0xB020, 0xB800, 0xB800, 0xB800, 0xB800, 0xB800, 0xB800, 0xB800, 0xB800, 0xB800, 0xB800, 0xB800,
  0xB800, 0xB800, 0xB800, 0xB800, 0xB800, 0xB800, 0xB800, 0xB800, 0xB800, 0xB800, 0xB800, 0xB800,
  0xB820, 0x3020, 0x0000, 0x0800, 0xB596, 0xDEDB, 0xCE79, 0xD69A, 0xD69A, 0xD69A, 0xD69A, 0xD69A,
  0xCE79, 0xD6BA, 0xB5B6, 0x4228, 0xB596, 0x2965, 0x0861, 0x39C7, 0x632C, 0xAD55, 0xE71C, 0xC638,
  0x630C, 0x4228, 0x0020, 0x0000, 0x0020, 0x0000, 0x0000, 0x0000, 0x0000, 0x0000, 0x0000, 0x0000,
  0x0000, 0x0000, 0x0000, 0x5ACB, 0xCE59, 0xD69A, 0xD6BA, 0xCE79, 0xD6BA, 0xAD55, 0xAD75, 0xC638,
  0xDEDB, 0x8410, 0x9492, 0xEF5D, 0x8430, 0xB596, 0x8430, 0x4A69, 0xDEFB, 0x0861, 0x4A69, 0xEF5D,
  0x8C71, 0x0000, 0x0020, 0x0000, 0x9CF3, 0xA534, 0x39E7, 0x1082, 0x4208, 0x9492, 0xA514, 0x8431,
  0x8430, 0x8C71, 0x9CF3, 0xB596, 0xC638, 0xCE7A, 0xDEDB, 0xDEDB, 0xEF7D, 0x6B6D, 0x0000, 0x9492,
  0xEF7D, 0x6B6D, 0x0000, 0x0000, 0xA534, 0xE73C, 0x8410, 0x0000, 0x18C3, 0x0861, 0x0000, 0x0000,
  0x18C3, 0xC618, 0xD69A, 0xDEFB, 0x8C51, 0x0000, 0x0020, 0x0000, 0x1082, 0xBDF7, 0xD6BA, 0xCE59,
  0xDEFB, 0x7BEF, 0x0000, 0x0020, 0xB800, 0xB800, 0xB800, 0xB800, 0xB800, 0xB800, 0xB800, 0xB800,
  0xB800, 0xB800, 0xB800, 0xB800, 0xB800, 0xB800, 0xB800, 0xB800, 0xB800, 0xB800, 0xB800, 0xB800,
  0xB800, 0xB800, 0xB800, 0xB800, 0xB800, 0xB800, 0xB800, 0xB800, 0xB800, 0xB800, 0xB800, 0xB800,
  0xB800, 0xB800, 0xB800, 0xB800, 0xB800, 0xB800, 0xB800, 0xB800, 0xB800, 0xB800, 0xB800, 0xB800,
  0xB800, 0xB800, 0xB800, 0xB800, 0xB800, 0xB800, 0xB800, 0xB800, 0xB800, 0xB800, 0xB800, 0xB800,
  0xB800, 0xB800, 0xB800, 0xB800, 0xB800, 0xB800, 0xB800, 0xB800, 0xB800, 0xB800, 0xB800, 0xB800,
  0xB800, 0xB800, 0xB800, 0xA821, 0x2021, 0x0000, 0x5AAA, 0xEF3D, 0xDEDB, 0xE71C, 0xCE59, 0x3186,
  0x0000, 0x9842, 0xC000, 0xB800, 0xB800, 0xB800, 0xB800, 0xB800, 0xB800, 0xB800, 0xB800, 0xB800,
  0xB800, 0xB800, 0xB800, 0xB800, 0xB800, 0xB800, 0xB800, 0xB800, 0xB800, 0xB800, 0xB800, 0xB800,
  0xB021, 0x2020, 0x0000, 0x7BAE, 0xDEFB, 0xCE79, 0xD69A, 0xD69A, 0xD69A, 0xD69A, 0xD69A, 0xD69A,
  0xCE79, 0x2104, 0x0000, 0x1800, 0xA820, 0xB800, 0xB800, 0xB800, 0xB800, 0xB800, 0xB800, 0xB800,
  0xB800, 0xB800, 0xB800, 0xB800, 0xB800, 0xB800, 0xB800, 0xB800, 0xB800, 0xB800, 0xB800, 0xB800,
  0xB800, 0xB800, 0xB800, 0xB800, 0xA020, 0x1020, 0x0000, 0x2925, 0xD69A, 0xCE79, 0xD69A, 0xD69A,
  0xD69A, 0xD69A, 0xD69A, 0xD69A, 0xCE79, 0xDEDB, 0x9CD3, 0x0000, 0x0841, 0x0000, 0x0000, 0x0000,
  0x0000, 0x0841, 0x8410, 0x2124, 0x0000, 0x0000, 0x0000, 0x0020, 0x0000, 0x0000, 0x0000, 0x0000,
  0x0000, 0x0000, 0x0000, 0x0000, 0x0000, 0x0000, 0x0000, 0x0000, 0x18C3, 0x31A6, 0x9CF3, 0xDEFB,
  0xCE79, 0xDEDB, 0xD6BA, 0xCE79, 0xDEDB, 0x31A6, 0x6B6D, 0xEF7D, 0x8430, 0x9492, 0xA534, 0x3186,
  0xEF7D, 0x39E7, 0x18C3, 0xDEFB, 0x9CF3, 0x0000, 0x0000, 0x0000, 0x2965, 0x4A49, 0x632C, 0xC618,
  0x94B2, 0xA534, 0x7BCF, 0x52AB, 0x630C, 0x5AEC, 0x52AB, 0x5ACB, 0x630C, 0x6B4D, 0x738E, 0x8410,
  0xA514, 0x31A6, 0x0000, 0xAD75, 0xE71C, 0x4A49, 0x0000, 0x0000, 0x4208, 0xDEDB, 0xCE79, 0x2124,
  0x0000, 0x0000, 0x0000, 0x0020, 0xAD55, 0xD6BA, 0xD6BA, 0xAD55, 0x0000, 0x0000, 0x0000, 0x0000,
  0xA534, 0xDEFB, 0xC638, 0xDEFB, 0x9CF3, 0x0000, 0x0000, 0x0000, 0xB800, 0xB800, 0xB800, 0xB800,
  0xB800, 0xB800, 0xB800, 0xB800, 0xB800, 0xB800, 0xB800, 0xB800, 0xB800, 0xB800, 0xB800, 0xB800,
  0xB800, 0xB800, 0xB800, 0xB800, 0xB800, 0xB800, 0xB800, 0xB800, 0xB800, 0xB800, 0xB800, 0xB800,
  0xB800, 0xB800, 0xB800, 0xB800, 0xB800, 0xB800, 0xB800, 0xB800, 0xB800, 0xB800, 0xB800, 0xB800,
  0xB800, 0xB800, 0xB800, 0xB800, 0xB800, 0xB800, 0xB800, 0xB800, 0xB800, 0xB800, 0xB800, 0xB800,
  0xB800, 0xB800, 0xB800, 0xB800, 0xB800, 0xB800, 0xB800, 0xB800, 0xB800, 0xB800, 0xB800, 0xB800,
  0xB800, 0xB800, 0xB800, 0xB800, 0xB800, 0xB800, 0xB800, 0xA020, 0x1000, 0x0000, 0xA4F3, 0xDEDB,
  0xCE59, 0xCE59, 0xD6BA, 0xCE59, 0x1924, 0x2000, 0xB041, 0xB800, 0xB800, 0xB800, 0xB800, 0xB800,
  0xB800, 0xB800, 0xB800, 0xB800, 0xB800, 0xB800, 0xB800, 0xB800, 0xB800, 0xB800, 0xB800, 0xB800,
  0xB800, 0xB800, 0xB800, 0xB800, 0xB820, 0x3041, 0x0000, 0x5ACB, 0xDEFB, 0xCE79, 0xD69A, 0xD69A,
  0xD69A, 0xD69A, 0xD69A, 0xCE79, 0xDEFB, 0x4A69, 0x0000, 0x1020, 0xA020, 0xB800, 0xB800, 0xB800,
  0xB800, 0xB800, 0xB800, 0xB800, 0xB800, 0xB800, 0xB800, 0xB800, 0xB800, 0xB800, 0xB800, 0xB800,
  0xB800, 0xB800, 0xB800, 0xB800, 0xB800, 0xB800, 0xB800, 0xC000, 0x8021, 0x0020, 0x0000, 0x5AEB,
  0xDEFB, 0xCE79, 0xD69A, 0xD69A, 0xD69A, 0xD69A, 0xD69A, 0xD69A, 0xCE79, 0xDEFB, 0x6B6D, 0x0000,
  0x0000, 0x0000, 0x0000, 0x0000, 0x0000, 0x0000, 0x0000, 0x0000, 0x0020, 0x0000, 0x0000, 0x0000,
  0x0000, 0x0000, 0x0000, 0x0000, 0x0000, 0x0000, 0x0000, 0x0000, 0x0000, 0x0000, 0x0000, 0x0000,
  0x0000, 0x0000, 0x0000, 0x7BCF, 0xDEFB, 0xCE59, 0xCE59, 0xD6BA, 0xBDD7, 0x0000, 0x5ACB, 0xEF5D,
  0x8430, 0x6B6D, 0xD6BA, 0x2945, 0xAD75, 0x39C7, 0x0000, 0x2104, 0x0020, 0x0000, 0x2104, 0x632C,
  0x738E, 0x4208, 0x8C51, 0xBDD7, 0x4A49, 0x7BEF, 0xB5B7, 0x39C7, 0x39E7, 0x4A69, 0x6B6D, 0x630C,
  0x5ACB, 0x630C, 0x632C, 0x5AEC, 0x5ACB, 0x0841, 0x10A2, 0xCE59, 0xD6BA, 0x2945, 0x0000, 0x0000,
  0x0000, 0x9CD3, 0xE73C, 0x8C51, 0x0000, 0x0020, 0x0000, 0x8C51, 0xDEDB, 0xD69A, 0xBDF7, 0x10A2,
  0x0000, 0x0020, 0x0000, 0x8430, 0xDEFB, 0xCE59, 0xDEDB, 0xBDF7, 0x1082, 0x0000, 0x0000, 0x0861,
  0xB800, 0xB800, 0xB800, 0xB800, 0xB800, 0xB800, 0xB800, 0xB800, 0xB800, 0xB800, 0xB800, 0xB800,
  0xB800, 0xB800, 0xB800, 0xB800, 0xB800, 0xB800, 0xB800, 0xB800, 0xB800, 0xB800, 0xB800, 0xB800,
  0xB800, 0xB800, 0xB800, 0xB800, 0xB800, 0xB800, 0xB800, 0xB800, 0xB800, 0xB800, 0xB800, 0xB800,
  0xB800, 0xB800, 0xB800, 0xB800, 0xB800, 0xB800, 0xB800, 0xB800, 0xB800, 0xB800, 0xB800, 0xB800,
  0xB800, 0xB800, 0xB800, 0xB800, 0xB800, 0xB800, 0xB800, 0xB800, 0xB800, 0xB800, 0xB800, 0xB800,
  0xB800, 0xB800, 0xB800, 0xB800, 0xB800, 0xB800, 0xB800, 0xB800, 0xB800, 0xB800, 0xC000, 0xA020,
  0x0800, 0x0000, 0xB596, 0xD6BA, 0xCE79, 0xD699, 0xCE79, 0xDEDA, 0xB5B6, 0x0040, 0x6821, 0xB820,
  0xB800, 0xB800, 0xB800, 0xB800, 0xB800, 0xB800, 0xB800, 0xB800, 0xB800, 0xB800, 0xB800, 0xB800,
  0xB800, 0xB800, 0xB800, 0xB800, 0xB800, 0xB800, 0xB800, 0xB800, 0xB820, 0x4841, 0x0000, 0x39C7,
  0xDEDB, 0xCE79, 0xD69A, 0xD69A, 0xD69A, 0xD69A, 0xD69A, 0xCE79, 0xE6FC, 0x6B6D, 0x0000, 0x0820,
  0x8840, 0xC000, 0xB800, 0xB800, 0xB800, 0xB800, 0xB800, 0xB800, 0xB800, 0xB800, 0xB800, 0xB800,
  0xB800, 0xB800, 0xB800, 0xB800, 0xB800, 0xB800, 0xB800, 0xB800, 0xB800, 0xB800, 0xB800, 0xC000,
  0x6021, 0x0000, 0x0000, 0x94B2, 0xDEDB, 0xCE79, 0xD69A, 0xD69A, 0xD69A, 0xD69A, 0xD69A, 0xD69A,
  0xCE79, 0xDEDB, 0x39E7, 0x0000, 0x0020, 0x0000, 0x6B6D, 0x7BEF, 0x0000, 0x0000, 0x0000, 0x0000,
  0x0000, 0x0000, 0x0000, 0x0000, 0x0000, 0x0000, 0x0000, 0x0000, 0x0000, 0x0000, 0x0000, 0x0000,
  0x0000, 0x0000, 0x0000, 0x0000, 0x0000, 0x0000, 0x0000, 0x0000, 0x6B4D, 0xDEFB, 0xCE59, 0xDEFB,
  0x632C, 0x0000, 0x39E7, 0xE73C, 0x7BEF, 0x2965, 0x73AE, 0x0841, 0x0000, 0x0000, 0x0000, 0x0861,
  0x4A69, 0x9CD3, 0xCE79, 0xDEDB, 0xA514, 0x7BCF, 0xBDD7, 0x738E, 0x5AEB, 0x632C, 0xD6BB, 0x52AA,
  0x0000, 0x0000, 0x7BCF, 0xCE7A, 0xB5B7, 0x4A49, 0x3166, 0x4229, 0x52AA, 0x0000, 0x3186, 0xDEDB,
  0xBDF7, 0x0861, 0x0000, 0x18E3, 0x0000, 0x31A6, 0xD6BA, 0xD6BA, 0x31A6, 0x0000, 0x31A6, 0xDEFB,
  0xCE79, 0xD69A, 0x3186, 0x0000, 0x0841, 0x0000, 0x632C, 0xDEFB, 0xCE59, 0xD69A, 0xD69A, 0x2965,
  0x0000, 0x0020, 0x0000, 0x94B2, 0xB800, 0xB800, 0xB800, 0xB800, 0xB800, 0xB800, 0xB800, 0xB800,
  0xB800, 0xB800, 0xB800, 0xB800, 0xB800, 0xB800, 0xB800, 0xB800, 0xB800, 0xB800, 0xB800, 0xB800,
  0xB800, 0xB800, 0xB800, 0xB800, 0xB800, 0xB800, 0xB800, 0xB800, 0xB800, 0xB800, 0xB800, 0xB800,
  0xB800, 0xB800, 0xB800, 0xB800, 0xB800, 0xB800, 0xB800, 0xB800, 0xB800, 0xB800, 0xB800, 0xB800,
  0xB800, 0xB800, 0xB800, 0xB800, 0xB800, 0xB800, 0xB800, 0xB800, 0xB800, 0xB800, 0xB800, 0xB800,
  0xB800, 0xB800, 0xB800, 0xB800, 0xB800, 0xB800, 0xB800, 0xB800, 0xB800, 0xB800, 0xB800, 0xB800,
  0xB800, 0xB800, 0xC000, 0xA020, 0x0800, 0x0020, 0xB596, 0xD6BA, 0xCE99, 0xD699, 0xD69A, 0xCE79,
  0xE71C, 0x7C0F, 0x1000, 0xA061, 0xB800, 0xB800, 0xB800, 0xB800, 0xB800, 0xB800, 0xB800, 0xB800,
  0xB800, 0xB800, 0xB800, 0xB800, 0xB800, 0xB800, 0xB800, 0xB800, 0xB800, 0xB800, 0xB800, 0xB800,
  0xC000, 0x6040, 0x0000, 0x2103, 0xCE79, 0xD69A, 0xCE79, 0xD69A, 0xD69A, 0xD69A, 0xD69A, 0xCE79,
  0xDEFB, 0x8C71, 0x0000, 0x0000, 0x7041, 0xC000, 0xB800, 0xB800, 0xB800, 0xB800, 0xB800, 0xB800,
  0xB800, 0xB800, 0xB800, 0xB800, 0xB800, 0xB800, 0xB800, 0xB800, 0xB800, 0xB800, 0xB800, 0xB800,
  0xB800, 0xB800, 0xB800, 0xB800, 0x3820, 0x0000, 0x1082, 0xBE18, 0xD69A, 0xCE79, 0xD69A, 0xD69A,
  0xD69A, 0xD69A, 0xD69A, 0xCE79, 0xD69A, 0xC638, 0x10A2, 0x0000, 0x0000, 0x0000, 0xBDF7, 0xD6BA,
  0x0841, 0x0000, 0x0000, 0x0000, 0x0000, 0x0000, 0x0000, 0x0000, 0x0000, 0x0000, 0x0000, 0x0000,
  0x0000, 0x0000, 0x0000, 0x0000, 0x0000, 0x0000, 0x0000, 0x0000, 0x0000, 0x0000, 0x0000, 0x0020,
  0x0000, 0x632C, 0xE71C, 0xC618, 0x1082, 0x0000, 0x2945, 0xE71C, 0x8410, 0x0000, 0x0000, 0x0000,
  0x1082, 0x4A69, 0x6B4D, 0xAD75, 0xE71C, 0xDEFB, 0xD69A, 0xCE59, 0xD6BA, 0xEF5D, 0x9CD3, 0x52AB,
  0x630C, 0x5AAB, 0xB5B7, 0xB5B6, 0x0000, 0x0000, 0x2124, 0xD69A, 0xE71C, 0x7BEF, 0x0000, 0x0000,
  0x10A2, 0x0000, 0x52AA, 0xEF5D, 0xA514, 0x0000, 0x0000, 0x9492, 0x18C3, 0x0000, 0x9492, 0xE73C,
  0x9CD3, 0x0000, 0x0000, 0x9CD3, 0xE73C, 0x4A69, 0x0000, 0x0841, 0x0000, 0x4208, 0xDEDB, 0xCE79,
  0xCE79, 0xDEFB, 0x4A69, 0x0000, 0x0841, 0x0000, 0x6B6D, 0xDEFB, 0xB800, 0xB800, 0xB800, 0xB800,
  0xB800, 0xB800, 0xB800, 0xB800, 0xB800, 0xB800, 0xB800, 0xB800, 0xB800, 0xB800, 0xB800, 0xB800,
  0xB800, 0xB800, 0xB800, 0xB800, 0xB800, 0xB800, 0xB800, 0xB800, 0xB800, 0xB800, 0xB800, 0xB800,
  0xB800, 0xB800, 0xB800, 0xB800, 0xB800, 0xB800, 0xB800, 0xB800, 0xB800, 0xB800, 0xB800, 0xB800,
  0xB800, 0xB800, 0xB800, 0xB800, 0xB800, 0xB800, 0xB800, 0xB800, 0xB800, 0xB800, 0xB800, 0xB800,
  0xB800, 0xB800, 0xB800, 0xB800, 0xB800, 0xB800, 0xB800, 0xB800, 0xB800, 0xB800, 0xB800, 0xB800,
  0xB800, 0xB800, 0xB800, 0xB800, 0xB800, 0xB800, 0xB800, 0xA020, 0x0800, 0x0000, 0xAD55, 0xDEDA,
  0xCE79, 0xD69A, 0xD69A, 0xD69A, 0xCE79, 0xDEDB, 0x31E7, 0x4800, 0xC020, 0xB800, 0xB800, 0xB800,
  0xB800, 0xB800, 0xB800, 0xB800, 0xB800, 0xB800, 0xB800, 0xB800, 0xB800, 0xB800, 0xB800, 0xB800,
  0xB800, 0xB800, 0xB800, 0xB000, 0xC000, 0x7820, 0x0000, 0x0841, 0xBDF7, 0xD6BA, 0xCE79, 0xD69A,
  0xD69A, 0xD69A, 0xD69A, 0xCE79, 0xDEDB, 0xAD55, 0x0000, 0x0000, 0x5820, 0xC000, 0xB800, 0xB800,
  0xB800, 0xB800, 0xB800, 0xB800, 0xB800, 0xB800, 0xB800, 0xB800, 0xB800, 0xB800, 0xB800, 0xB800,
  0xB800, 0xB800, 0xB800, 0xB800, 0xB800, 0xB800, 0xB800, 0xA821, 0x2021, 0x0000, 0x39C7, 0xDEDB,
  0xCE7A, 0xD69A, 0xD69A, 0xD69A, 0xD69A, 0xD69A, 0xD69A, 0xCE79, 0xDEDB, 0xA534, 0x0000, 0x0000,
  0x0000, 0x0000, 0x4228, 0x52AA, 0x0000, 0x0000, 0x0000, 0x0000, 0x0000, 0x0000, 0x0000, 0x0000,
  0x0000, 0x0000, 0x0000, 0x0000, 0x0000, 0x0000, 0x0000, 0x0000, 0x0000, 0x0000, 0x0000, 0x0000,
  0x0000, 0x0020, 0x0861, 0x0000, 0x0000, 0x0000, 0x632C, 0x5AEB, 0x0000, 0x0000, 0x18C3, 0xD6BA,
  0x9CD3, 0x0000, 0x31A6, 0x6B4D, 0x73AE, 0x4A49, 0x31A6, 0xC618, 0xD69A, 0xBDF7, 0xC618, 0xDEDB,
  0xD69A, 0xBDD7, 0x630C, 0x630C, 0x630C, 0x5ACB, 0x9492, 0xDEFC, 0x39E7, 0x0000, 0x0000, 0x9492,
  0xDEFB, 0xC638, 0x18C3, 0x0000, 0x0000, 0x0000, 0x7BCF, 0xEF5D, 0x7BEF, 0x0000, 0x0861, 0xCE79,
  0x6B6D, 0x0000, 0x2965, 0xD69A, 0xDEDB, 0x39E7, 0x0000, 0x39C7, 0x6B6D, 0x0000, 0x0020, 0x0000,
  0x2124, 0xCE59, 0xD69A, 0xCE59, 0xDEFB, 0x738E, 0x0000, 0x0020, 0x0000, 0x4228, 0xD6BA, 0xC638,
  0xB800, 0xB800, 0xB800, 0xB800, 0xB800, 0xB800, 0xB800, 0xB800, 0xB800, 0xB800, 0xB800, 0xB800,
  0xB800, 0xB800, 0xB800, 0xB800, 0xB800, 0xB800, 0xB800, 0xB800, 0xB800, 0xB800, 0xB800, 0xB800,
  0xB800, 0xB800, 0xB800, 0xB800, 0xB800, 0xB800, 0xB800, 0xB800, 0xB800, 0xB800, 0xB800, 0xB800,
  0xB800, 0xB800, 0xB800, 0xB800, 0xB800, 0xB800, 0xB800, 0xB800, 0xB800, 0xB800, 0xB800, 0xB800,
  0xB800, 0xB800, 0xB800, 0xB800, 0xB800, 0xB800, 0xB800, 0xB800, 0xB800, 0xB800, 0xB800, 0xB800,
  0xB800, 0xB800, 0xB800, 0xB800, 0xB800, 0xB800, 0xB800, 0xB800, 0xB800, 0xB800, 0xB800, 0xA020,
  0x1020, 0x0000, 0x9491, 0xDEFB, 0xCE79, 0xD69A, 0xD69A, 0xD69A, 0xCE79, 0xDEDA, 0xADB6, 0x0820,
  0x9021, 0xC000, 0xB800, 0xB800, 0xB800, 0xB800, 0xB800, 0xB800, 0xB800, 0xB800, 0xB800, 0xB800,
  0xB800, 0xB800, 0xB800, 0xB800, 0xB800, 0xB800, 0xB800, 0xB000, 0xC000, 0x9020, 0x0000, 0x0000,
  0xA534, 0xDEDB, 0xCE79, 0xD69A, 0xD69A, 0xD69A, 0xD69A, 0xCE79, 0xD6BA, 0xBDF7, 0x0841, 0x0000,
  0x4820, 0xB800, 0xB800, 0xB800, 0xB800, 0xB800, 0xB800, 0xB800, 0xB800, 0xB800, 0xB800, 0xB800,
  0xB800, 0xB800, 0xB800, 0xB800, 0xB800, 0xB800, 0xB800, 0xB800, 0xB800, 0xB800, 0xC000, 0x8821,
  0x0020, 0x0000, 0x6B6D, 0xDEFB, 0xCE79, 0xD69A, 0xD69A, 0xD69A, 0xD69A, 0xD69A, 0xD69A, 0xCE79,
  0xE71C, 0x7BCF, 0x0000, 0x0000, 0x0000, 0x4228, 0x1082, 0x1082, 0x4228, 0x0000, 0x4A49, 0x18E3,
  0x0000, 0x0000, 0x0000, 0x0000, 0x0000, 0x0000, 0x0000, 0x0000, 0x0000, 0x0000, 0x0000, 0x0000,
  0x0000, 0x0000, 0x0000, 0x0000, 0x0000, 0x0000, 0x630C, 0x8410, 0x4208, 0x0841, 0x0000, 0x0000,
  0x0000, 0x0000, 0x1082, 0xC638, 0xBDF7, 0xA534, 0x7BEF, 0x2124, 0x0000, 0x0000, 0x9492, 0xDEFB,
  0xCE59, 0x2124, 0x1082, 0x2965, 0xAD75, 0x8431, 0x5ACB, 0x630C, 0x62EC, 0x5ACB, 0x7BCF, 0xDEFB,
  0xA534, 0x0000, 0x0000, 0x39E7, 0xD6BA, 0xDEDB, 0x6B6D, 0x0000, 0x0020, 0x0000, 0x9CF3, 0xE73C,
  0x5ACB, 0x0000, 0x2945, 0xD6BA, 0xC618, 0x18C3, 0x0000, 0x8410, 0xE73C, 0xA514, 0x0000, 0x0000,
  0x0000, 0x0000, 0x0000, 0x1082, 0xBDD7, 0xD6BA, 0xC638, 0xDEFB, 0x94B2, 0x0000, 0x0020, 0x0000,
  0x2945, 0xD6BA, 0xDEFB, 0xE71C, 0xB800, 0xB800, 0xB800, 0xB800, 0xB800, 0xB800, 0xB800, 0xB800,
  0xB800, 0xB800, 0xB800, 0xB800, 0xB800, 0xB800, 0xB800, 0xB800, 0xB800, 0xB800, 0xB800, 0xB800,
  0xB800, 0xB800, 0xB800, 0xB800, 0xB800, 0xB800, 0xB800, 0xB800, 0xB800, 0xB800, 0xB800, 0xB800,
  0xB800, 0xB800, 0xB800, 0xB800, 0xB800, 0xB800, 0xB800, 0xB800, 0xB800, 0xB800, 0xB800, 0xB800,
  0xB800, 0xB800, 0xB800, 0xB800, 0xB800, 0xB800, 0xB800, 0xB800, 0xB800, 0xB800, 0xB800, 0xB800,
  0xB800, 0xB800, 0xB800, 0xB800, 0xB800, 0xB800, 0xB800, 0xB800, 0xB800, 0xB800, 0xB800, 0xB800,
  0xB800, 0xB800, 0xB800, 0xA821, 0x1821, 0x0000, 0x6B4D, 0xE71B, 0xCE79, 0xD69A, 0xD69A, 0xD69A,
  0xD69A, 0xCE79, 0xE71B, 0x5B0C, 0x2800, 0xB042, 0xB800, 0xB800, 0xB800, 0xB800, 0xB800, 0xB800,
  0xB800, 0xB800, 0xB800, 0xB800, 0xB800, 0xB800, 0xB800, 0xB800, 0xB800, 0xB800, 0xB800, 0xB800,
  0xB800, 0xA021, 0x1820, 0x0000, 0x8C51, 0xDEFB, 0xCE79, 0xD69A, 0xD69A, 0xD69A, 0xD69A, 0xCE79,
  0xD69A, 0xCE79, 0x18E3, 0x0000, 0x3020, 0xB021, 0xB800, 0xB800, 0xB800, 0xB800, 0xB800, 0xB800,
  0xB800, 0xB800, 0xB800, 0xB800, 0xB800, 0xB800, 0xB800, 0xB800, 0xB800, 0xB800, 0xB800, 0xB800,
  0xB800, 0xB800, 0xC000, 0x6821, 0x0000, 0x0000, 0x9CF3, 0xDEDB, 0xCE79, 0xD69A, 0xD69A, 0xD69A,
  0xD69A, 0xD69A, 0xD69A, 0xCE79, 0xDEFB, 0x4228, 0x0000, 0x0000, 0x2104, 0xEF5D, 0x8410, 0x8C51,
  0xE73C, 0x39E7, 0xEF5D, 0x7BCF, 0x632C, 0x94B2, 0x2104, 0x52AA, 0x3186, 0x0000, 0x0000, 0x0000,
  0x0000, 0x0000, 0x0000, 0x0000, 0x0000, 0x0000, 0x0000, 0x0000, 0x0000, 0x0000, 0x0000, 0x52AA,
  0x9492, 0x8C51, 0x1082, 0x0000, 0x0000, 0x0000, 0x1082, 0xC638, 0xD69A, 0xEF5D, 0x5ACB, 0x0000,
  0x0000, 0x528A, 0xDEDB, 0xDEFB, 0x630C, 0x0000, 0x0000, 0x2965, 0xB596, 0x5ACC, 0x5AEC, 0x6B6E,
  0x73AF, 0x5ACB, 0x6B4D, 0xBDF8, 0x9CD3, 0x2104, 0x0000, 0x0000, 0xA534, 0xDEFB, 0xBDD7, 0x0841,
  0x0000, 0x0861, 0xBDD7, 0xDEDB, 0x39C7, 0x0000, 0x4A69, 0xDEDB, 0xDEDB, 0x7BCF, 0x0000, 0x2104,
  0xCE59, 0xDEFB, 0x4228, 0x0000, 0x0020, 0x0000, 0x0000, 0xA514, 0xE71C, 0xD6BA, 0xE73C, 0xB5B6,
  0x0861, 0x0000, 0x0000, 0x0020, 0x9CF3, 0xB596, 0x8C71, 0x7BEF, 0xB800, 0xB800, 0xB800, 0xB800,
  0xB800, 0xB800, 0xB800, 0xB800, 0xB800, 0xB800, 0xB800, 0xB800, 0xB800, 0xB800, 0xB800, 0xB800,
  0xB800, 0xB800, 0xB800, 0xB800, 0xB800, 0xB800, 0xB800, 0xB800, 0xB800, 0xB800, 0xB800, 0xB800,
  0xB800, 0xB800, 0xB800, 0xB800, 0xB800, 0xB800, 0xB800, 0xB800, 0xB800, 0xB800, 0xB800, 0xB800,
  0xB800, 0xB800, 0xB800, 0xB800, 0xB800, 0xB800, 0xB800, 0xB800, 0xB800, 0xB800, 0xB800, 0xB800,
  0xB800, 0xB800, 0xB800, 0xB800, 0xB800, 0xB800, 0xB800, 0xB800, 0xB800, 0xB800, 0xB800, 0xB800,
  0xB800, 0xB800, 0xB800, 0xB800, 0xB800, 0xB800, 0xB800, 0xB021, 0x3041, 0x0000, 0x3186, 0xD6BA,
  0xCE7A, 0xD69A, 0xD69A, 0xD69A, 0xD69A, 0xCE79, 0xD6BA, 0xC638, 0x1082, 0x6801, 0xC020, 0xB800,
  0xB800, 0xB800, 0xB800, 0xB800, 0xB800, 0xB800, 0xB800, 0xB800, 0xB800, 0xB800, 0xB800, 0xB800,
  0xB800, 0xB800, 0xB800, 0xB800, 0xB800, 0xB020, 0x3020, 0x0000, 0x6B4D, 0xDEFB, 0xCE79, 0xD69A,
  0xD69A, 0xD69A, 0xD69A, 0xD69A, 0xCE79, 0xD6BA, 0x3186, 0x0000, 0x1820, 0xA021, 0xB800, 0xB800,
  0xB800, 0xB800, 0xB800, 0xB800, 0xB800, 0xB800, 0xB800, 0xB800, 0xB800, 0xB800, 0xB800, 0xB800,
  0xB800, 0xB800, 0xB800, 0xB800, 0xB800, 0xB800, 0xB820, 0x3840, 0x0000, 0x1082, 0xC618, 0xD69A,
  0xCE79, 0xD69A, 0xD69A, 0xD69A, 0xD69A, 0xD69A, 0xD69A, 0xD69A, 0xCE79, 0x18E3, 0x0000, 0x0861,
  0x10A2, 0xB5B6, 0x52AA, 0x5ACB, 0xB5B6, 0x18C3, 0xBDF7, 0x4A69, 0x632C, 0xC618, 0x0841, 0xBDF7,
  0x738E, 0x0000, 0x0000, 0x0000, 0x0000, 0x0000, 0x0000, 0x0000, 0x0000, 0x0000, 0x0000, 0x0000,
  0x0000, 0x0000, 0x0000, 0x0000, 0x0000, 0x1082, 0x0020, 0x0000, 0x0000, 0x0000, 0x2965, 0xD6BA,
  0xCE59, 0xDEDB, 0x8C51, 0x0000, 0x1082, 0xBDF7, 0xDEFB, 0xA514, 0x0000, 0x0000, 0x0000, 0x9CF3,
  0x7BEF, 0x5AEC, 0x5ACB, 0xA535, 0xA514, 0x5AAB, 0x5AEB, 0xB596, 0x2965, 0x0000, 0x0020, 0x0000,
  0x528A, 0xDEDB, 0xDEDB, 0x5ACB, 0x0000, 0x2945, 0xD69A, 0xC638, 0x18E3, 0x0000, 0x6B4D, 0xDEDB,
  0xCE79, 0xCE59, 0x2104, 0x0000, 0x73AE, 0xF79E, 0xBDF7, 0x1082, 0x0000, 0x0000, 0x8430, 0xDEDB,
  0xB596, 0xA514, 0x9492, 0x18C3, 0x0000, 0x0020, 0x0861, 0x2965, 0x4A49, 0x528A, 0x630C, 0x6B6D,
  0xB800, 0xB800, 0xB800, 0xB800, 0xB800, 0xB800, 0xB800, 0xB800, 0xB800, 0xB800, 0xB800, 0xB800,
  0xB800, 0xB800, 0xB800, 0xB800, 0xB800, 0xB800, 0xB800, 0xB800, 0xB800, 0xB800, 0xB800, 0xB800,
  0xB800, 0xB800, 0xB800, 0xB800, 0xB800, 0xB800, 0xB800, 0xB800, 0xB800, 0xB800, 0xB800, 0xB800,
  0xB800, 0xB800, 0xB800, 0xB800, 0xB800, 0xB800, 0xB800, 0xB800, 0xB800, 0xB800, 0xB800, 0xB800,
  0xB800, 0xB800, 0xB800, 0xB800, 0xB800, 0xB800, 0xB800, 0xB800, 0xB800, 0xB800, 0xB800, 0xB800,
  0xB800, 0xB800, 0xB800, 0xB800, 0xB800, 0xB800, 0xB800, 0xB800, 0xB800, 0xB800, 0xB800, 0xC000,
  0x5021, 0x0000, 0x0820, 0xBDB6, 0xD6BA, 0xCE79, 0xD69A, 0xD69A, 0xD69A, 0xD69A, 0xCE79, 0xDEFB,
  0x73AE, 0x0800, 0xA061, 0xB800, 0xB800, 0xB800, 0xB800, 0xB800, 0xB800, 0xB800, 0xB800, 0xB800,
  0xB800, 0xB800, 0xB800, 0xB800, 0xB800, 0xB800, 0xB800, 0xB800, 0xB800, 0xB820, 0x4040, 0x0000,
  0x4A49, 0xDEFB, 0xCE79, 0xD69A, 0xD69A, 0xD69A, 0xD69A, 0xD69A, 0xCE79, 0xDEFB, 0x528A, 0x0000,
  0x0820, 0x9040, 0xB800, 0xB800, 0xB800, 0xB800, 0xB800, 0xB800, 0xB800, 0xB800, 0xB800, 0xB800,
  0xB800, 0xB800, 0xB800, 0xB800, 0xB800, 0xB800, 0xB800, 0xB800, 0xB800, 0xB800, 0xA841, 0x1820,
  0x0000, 0x39E7, 0xDEDB, 0xCE79, 0xD69A, 0xD69A, 0xD69A, 0xD69A, 0xD69A, 0xD69A, 0xCE79, 0xDEDB,
  0xAD75, 0x0000, 0x0000, 0x0020, 0x18C3, 0x0020, 0x10A2, 0x0861, 0x0841, 0x10A2, 0x0020, 0x0861,
  0x1082, 0x0000, 0x10A2, 0x0000, 0x10A2, 0x0861, 0x0000, 0x18C3, 0x0000, 0x1082, 0x0861, 0x0000,
  0x0000, 0x0000, 0x0000, 0x0000, 0x0000, 0x0000, 0x0000, 0x0000, 0x0000, 0x0000, 0x0000, 0x0000,
  0x0000, 0x0000, 0x738E, 0xE71C, 0xCE59, 0xDEDB, 0xA534, 0x0000, 0x8430, 0xDEFB, 0xCE79, 0x2945,
  0x0000, 0x0000, 0x4A49, 0xA534, 0x52AB, 0x5AEB, 0x6B6D, 0xD6BA, 0xB596, 0x5AEC, 0x52AB, 0xA535,
  0x6B6E, 0x0000, 0x0020, 0x0000, 0x0841, 0xBDD7, 0xDEDB, 0x9CF3, 0x0000, 0x4228, 0xE71C, 0xB596,
  0x0020, 0x0000, 0xA514, 0xDEFB, 0x8C51, 0xEF7D, 0x8C51, 0x0000, 0x0861, 0x9CD3, 0x94B2, 0x2104,
  0x0000, 0x1082, 0x4228, 0x4228, 0x4A69, 0x528A, 0x5AEB, 0x7BEF, 0x9CD3, 0xAD75, 0xC618, 0xCE59,
  0xCE79, 0xD6BA, 0xDEDB, 0xDEFB, 0xB800, 0xB800, 0xB800, 0xB800, 0xB800, 0xB800, 0xB800, 0xB800,
  0xB800, 0xB800, 0xB800, 0xB800, 0xB800, 0xB800, 0xB800, 0xB800, 0xB800, 0xB800, 0xB800, 0xB800,
  0xB800, 0xB800, 0xB800, 0xB800, 0xB800, 0xB800, 0xB800, 0xB800, 0xB800, 0xB800, 0xB800, 0xB800,
  0xB800, 0xB800, 0xB800, 0xB800, 0xB800, 0xB800, 0xB800, 0xB800, 0xB800, 0xB800, 0xB800, 0xB800,
  0xB800, 0xB800, 0xB800, 0xB800, 0xB800, 0xB800, 0xB800, 0xB800, 0xB800, 0xB800, 0xB800, 0xB800,
  0xB800, 0xB800, 0xB800, 0xB800, 0xB800, 0xB800, 0xB800, 0xB800, 0xB800, 0xB800, 0xB800, 0xB800,
  0xB800, 0xB800, 0xB800, 0xC000, 0x7020, 0x0020, 0x0000, 0x7BEF, 0xDEFB, 0xCE79, 0xD69A, 0xD69A,
  0xD69A, 0xD69A, 0xD69A, 0xD69A, 0xCE79, 0x10E3, 0x3800, 0xB840, 0xB800, 0xB800, 0xB800, 0xB800,
  0xB800, 0xB800, 0xB800, 0xB800, 0xB800, 0xB800, 0xB800, 0xB800, 0xB800, 0xB800, 0xB800, 0xB800,
  0xB800, 0xC000, 0x5841, 0x0000, 0x2965, 0xD6BA, 0xD69A, 0xD69A, 0xD69A, 0xD69A, 0xD69A, 0xD69A,
  0xCE79, 0xDEFB, 0x738E, 0x0000, 0x0000, 0x6840, 0xC000, 0xB800, 0xB800, 0xB800, 0xB800, 0xB800,
  0xB800, 0xB800, 0xB800, 0xB800, 0xB800, 0xB800, 0xB800, 0xB800, 0xB800, 0xB800, 0xB800, 0xB800,
  0xB800, 0xC000, 0x7841, 0x0020, 0x0000, 0x6B6D, 0xE71C, 0xCE79, 0xD69A, 0xD69A, 0xD69A, 0xD69A,
  0xD69A, 0xD69A, 0xCE79, 0xDEFB, 0x7BEF, 0x0000, 0x0000, 0x4A69, 0xDEDB, 0x2104, 0x9CD3, 0x9492,
  0x4228, 0xDEFB, 0x2104, 0x9CD3, 0xA514, 0x31A6, 0xDEFB, 0x39C7, 0xA514, 0x94B2, 0x39E7, 0xDEDB,
  0x31A6, 0xAD55, 0x8C71, 0x2965, 0x8C71, 0x18E3, 0x0000, 0x0000, 0x0000, 0x0000, 0x0000, 0x0000,
  0x0000, 0x0000, 0x0000, 0x0000, 0x0000, 0x0000, 0x31A6, 0xC638, 0xD6BA, 0xD69A, 0xB596, 0x4A49,
  0xD69A, 0xDEFB, 0x6B6D, 0x0000, 0x0000, 0x0020, 0xA514, 0x6B4D, 0x5AEC, 0x5ACB, 0xAD55, 0xDEDA,
  0xC638, 0x6B4D, 0x52AB, 0x8C31, 0xA4F4, 0x0000, 0x0000, 0x0020, 0x0000, 0x6B4D, 0xFFDF, 0x8430,
  0x0000, 0x73AE, 0xEF7D, 0x8410, 0x0000, 0x0000, 0x738E, 0x738E, 0x0841, 0x4A49, 0x4A49, 0x2124,
  0x31A6, 0x52AA, 0x632C, 0x7BEF, 0x9CD3, 0xAD75, 0xB596, 0xC618, 0xD6BA, 0xE71C, 0xDEFB, 0xDEFB,
  0xDEDB, 0xDEDB, 0xD69A, 0xD69A, 0xDEDB, 0xDEDB, 0xDEDB, 0xDEDB, 0xB800, 0xB800, 0xB800, 0xB800,
  0xB800, 0xB800, 0xB800, 0xB800, 0xB800, 0xB800, 0xB800, 0xB800, 0xB800, 0xB800, 0xB800, 0xB800,
  0xB800, 0xB800, 0xB800, 0xB800, 0xB800, 0xB800, 0xB800, 0xB800, 0xB800, 0xB800, 0xB800, 0xB800,
  0xB800, 0xB800, 0xB800, 0xB800, 0xB800, 0xB800, 0xB800, 0xB800, 0xB800, 0xB800, 0xB800, 0xB800,
  0xB800, 0xB800, 0xB800, 0xB800, 0xB800, 0xB800, 0xB800, 0xB800, 0xB800, 0xB800, 0xB800, 0xB800,
  0xB800, 0xB800, 0xB800, 0xB800, 0xB800, 0xB800, 0xB800, 0xB800, 0xB800, 0xB800, 0xB800, 0xB800,
  0xB800, 0xB800, 0xB800, 0xB800, 0xB800, 0xB800, 0xB800, 0xC000, 0x9840, 0x1020, 0x0000, 0x4208,
  0xDEDB, 0xCE79, 0xD69A, 0xD69A, 0xD69A, 0xD69A, 0xD69A, 0xCE79, 0xDF1B, 0x8450, 0x0000, 0x7041,
  0xC020, 0xB800, 0xB800, 0xB800, 0xB800, 0xB800, 0xB800, 0xB800, 0xB800, 0xB800, 0xB800, 0xB800,
  0xB800, 0xB800, 0xB800, 0xB800, 0xB800, 0xC000, 0x7841, 0x0000, 0x10A2, 0xC638, 0xD69A, 0xCE79,
  0xD69A, 0xD69A, 0xD69A, 0xD69A, 0xCE79, 0xDEFB, 0x94B2, 0x0000, 0x0000, 0x4840, 0xC020, 0xB800,
  0xB800, 0xB800, 0xB800, 0xB800, 0xB800, 0xB800, 0xB800, 0xB800, 0xB800, 0xB800, 0xB800, 0xB800,
  0xB800, 0xB800, 0xB800, 0xB800, 0xB800, 0xB820, 0x4020, 0x0000, 0x0000, 0xA514, 0xDEDB, 0xCE79,
  0xD69A, 0xD69A, 0xD69A, 0xD69A, 0xD69A, 0xD69A, 0xCE79, 0xDEFB, 0x4A49, 0x0000, 0x0000, 0x5AEB,
  0xE73C, 0x2124, 0xAD55, 0xA534, 0x52AA, 0xEF7D, 0x3186, 0xAD55, 0xB596, 0x4A49, 0xEF7D, 0x4A49,
  0xBDD7, 0xA534, 0x4A49, 0xEF7D, 0x4228, 0xBDD7, 0xA514, 0x3186, 0xFFDF, 0x52AA, 0x0000, 0x0020,
  0x0000, 0x0000, 0x0000, 0x0000, 0x0000, 0x0000, 0x0000, 0x0800, 0x0000, 0x0000, 0x0000, 0x2945,
  0xCE59, 0xD6BA, 0xC638, 0xC618, 0xDEDB, 0xAD75, 0x0000, 0x0000, 0x0000, 0x5ACB, 0x94B2, 0x52AA,
  0x5ACB, 0x73AE, 0xD69A, 0xD69A, 0xDEDB, 0x8C51, 0x630C, 0x73AE, 0xCE7A, 0x2124, 0x0000, 0x0000,
  0x0000, 0x18C3, 0x9492, 0x39E7, 0x0000, 0x31A6, 0x4A49, 0x31A6, 0x39C7, 0x528A, 0x632C, 0x7BEF,
  0x9CD3, 0xA514, 0xBDD7, 0xD69A, 0xDEDB, 0xDEFB, 0xE73C, 0xE71C, 0xDEDB, 0xDEFB, 0xDEFB, 0xD69A,
  0xC618, 0xBDD7, 0xCE79, 0xCE79, 0xCE79, 0xCE79, 0xCE79, 0xC638, 0xA514, 0x8C71, 0x7BCF, 0x6B6D,
  0xB800, 0xB800, 0xB800, 0xB800, 0xB800, 0xB800, 0xB800, 0xB800, 0xB800, 0xB800, 0xB800, 0xB800,
  0xB800, 0xB800, 0xB800, 0xB800, 0xB800, 0xB800, 0xB800, 0xB800, 0xB800, 0xB800, 0xB800, 0xB800,
  0xB800, 0xB800, 0xB800, 0xB800, 0xB800, 0xB800, 0xB800, 0xB800, 0xB800, 0xB800, 0xB800, 0xB800,
  0xB800, 0xB800, 0xB800, 0xB800, 0xB800, 0xB800, 0xB800, 0xB800, 0xB800, 0xB800, 0xB800, 0xB800,
  0xB800, 0xB800, 0xB800, 0xB800, 0xB800, 0xB800, 0xB800, 0xB800, 0xB800, 0xB800, 0xB800, 0xB800,
  0xB800, 0xB800, 0xB800, 0xB800, 0xB800, 0xB800, 0xB800, 0xB800, 0xB800, 0xB800, 0xB800, 0xB800,
  0xB820, 0x3820, 0x0000, 0x1061, 0xC5F8, 0xD6BA, 0xCE79, 0xD69A, 0xD69A, 0xD69A, 0xD69A, 0xD69A,
  0xD69A, 0xD6BA, 0x2986, 0x0800, 0x9861, 0xC000, 0xB800, 0xB800, 0xB800, 0xB800, 0xB800, 0xB800,
  0xB800, 0xB800, 0xB800, 0xB800, 0xB800, 0xB800, 0xB800, 0xB800, 0xB800, 0xC000, 0x9041, 0x0000,
  0x0020, 0xB575, 0xDEDB, 0xCE79, 0xD69A, 0xD69A, 0xD69A, 0xD69A, 0xCE79, 0xD6BA, 0xB5B6, 0x0820,
  0x0000, 0x3020, 0xB821, 0xB800, 0xB800, 0xB800, 0xB800, 0xB800, 0xB800, 0xB800, 0xB800, 0xB800,
  0xB800, 0xB800, 0xB800, 0xB800, 0xB800, 0xB800, 0xB800, 0xB000, 0xB820, 0x8040, 0x0800, 0x0000,
  0x1082, 0xC638, 0xD69A, 0xCE79, 0xD69A, 0xD69A, 0xD69A, 0xD69A, 0xD69A, 0xD69A, 0xD69A, 0xCE79,
  0x2104, 0x0000, 0x0000, 0x0841, 0x2945, 0x0000, 0x2104, 0x18C3, 0x0000, 0x3186, 0x0000, 0x18C3,
  0x18C3, 0x0000, 0x3186, 0x0000, 0x18E3, 0x18C3, 0x0000, 0x3186, 0x0000, 0x18E3, 0x18C3, 0x0000,
  0x2945, 0x0000, 0x0000, 0x0000, 0x0000, 0x0000, 0x0000, 0x0000, 0x0800, 0x3821, 0x6861, 0x8041,
  0x7841, 0x4040, 0x0820, 0x0000, 0x4208, 0xD6BA, 0xD69A, 0xD69A, 0xDEDB, 0x31A6, 0x0000, 0x0000,
  0x10A2, 0xA534, 0x6B4D, 0x6B4D, 0x6B4D, 0xBDF7, 0xD6BA, 0xC618, 0xC618, 0x7BCF, 0x2965, 0x3186,
  0x528A, 0x2965, 0x1082, 0x2965, 0x0861, 0x0020, 0x632C, 0x10A2, 0x0000, 0x94B2, 0xBDF7, 0xCE59,
  0xDEDB, 0xDEDB, 0xDEFB, 0xDEFB, 0xDEDB, 0xDEDB, 0xD69A, 0xCE79, 0xCE59, 0xC618, 0xBDD7, 0xAD75,
  0xD69A, 0x630C, 0x4A69, 0xD6BA, 0x2124, 0x39E7, 0xDEDB, 0xCE79, 0xCE79, 0xCE79, 0xDEDB, 0x9CF3,
  0x0000, 0x0000, 0x0000, 0x0000, 0xB800, 0xB800, 0xB800, 0xB800, 0xB800, 0xB800, 0xB800, 0xB800,
  0xB800, 0xB800, 0xB800, 0xB800, 0xB800, 0xB800, 0xB800, 0xB800, 0xB800, 0xB800, 0xB800, 0xB800,
  0xB800, 0xB800, 0xB800, 0xB800, 0xB800, 0xB800, 0xB800, 0xB800, 0xB800, 0xB800, 0xB800, 0xB800,
  0xB800, 0xB800, 0xB800, 0xB800, 0xB800, 0xB800, 0xB800, 0xB800, 0xB800, 0xB800, 0xB800, 0xB800,
  0xB800, 0xB800, 0xB800, 0xB800, 0xB800, 0xB800, 0xB800, 0xB800, 0xB800, 0xB800, 0xB800, 0xB800,
  0xB800, 0xB800, 0xB800, 0xB800, 0xB800, 0xB800, 0xB800, 0xB800, 0xB800, 0xB800, 0xB800, 0xB800,
  0xB800, 0xB800, 0xB800, 0xB800, 0xB800, 0x7820, 0x0020, 0x0000, 0x8C51, 0xDEFB, 0xCE79, 0xD69A,
  0xD69A, 0xD69A, 0xD69A, 0xD69A, 0xCE79, 0xDEFB, 0x9CF3, 0x0000, 0x3820, 0xB821, 0xB800, 0xB800,
  0xB800, 0xB800, 0xB800, 0xB800, 0xB800, 0xB800, 0xB800, 0xB800, 0xB800, 0xB800, 0xB800, 0xB800,
  0xB800, 0xB800, 0xA020, 0x1020, 0x0000, 0x9492, 0xDEFB, 0xCE79, 0xD69A, 0xD69A, 0xD69A, 0xD69A,
  0xD69A, 0xD69A, 0xD69A, 0x2124, 0x0000, 0x1020, 0x9841, 0xB800, 0xB800, 0xB800, 0xB800, 0xB800,
  0xB800, 0xB800, 0xB800, 0xB800, 0xB800, 0xB800, 0xB800, 0xB800, 0xB800, 0xB800, 0xB000, 0xB800,
  0x9041, 0x1820, 0x0000, 0x0000, 0x5ACB, 0xDEDB, 0xCE79, 0xD69A, 0xD69A, 0xD69A, 0xD69A, 0xD69A,
  0xD69A, 0xCE79, 0xDEDB, 0xAD75, 0x0000, 0x0000, 0x0000, 0x0000, 0x0000, 0x2104, 0x3186, 0x39E7,
  0x8C71, 0x0020, 0x94B2, 0x31A6, 0x39C7, 0x9492, 0x0020, 0x94B2, 0x3186, 0x2965, 0x94B2, 0x0020,
  0x8C71, 0x4208, 0x39C7, 0x94B2, 0x0000, 0x8C71, 0x4208, 0x4228, 0x9471, 0x0841, 0x8C51, 0x6A28,
  0x7000, 0xB821, 0xB820, 0xB800, 0xB800, 0xB841, 0x5021, 0x0020, 0x0000, 0x8C51, 0xD6BA, 0xDEDB,
  0x6B6D, 0x0000, 0x0841, 0x0000, 0x528A, 0x630C, 0x2965, 0x2945, 0x3186, 0x528A, 0x4208, 0x39E7,
  0x0861, 0x18E3, 0x738E, 0x8430, 0x94B2, 0xB596, 0xC638, 0xDEFB, 0x39C7, 0x1082, 0xC638, 0x0841,
  0x2104, 0xD6BA, 0xD6BA, 0xD69A, 0xCE79, 0xCE59, 0xCE59, 0xCE79, 0xCE79, 0xCE79, 0xCE79, 0xD69A,
  0x39C7, 0x0861, 0x0861, 0x0861, 0xCE59, 0x39C7, 0x0020, 0xD6BA, 0x18E3, 0x31A6, 0xDEDB, 0xCE79,
  0xCE79, 0xCE59, 0xD6BA, 0x9CD3, 0x0000, 0x0020, 0x0000, 0x1082, 0xB800, 0xB800, 0xB800, 0xB800,
  0xB800, 0xB800, 0xB800, 0xB800, 0xB800, 0xB800, 0xB800, 0xB800, 0xB800, 0xB800, 0xB800, 0xB800,
  0xB800, 0xB800, 0xB800, 0xB800, 0xB800, 0xB800, 0xB800, 0xB800, 0xB800, 0xB800, 0xB800, 0xB800,
  0xB800, 0xB800, 0xB800, 0xB800, 0xB800, 0xB800, 0xB800, 0xB800, 0xB800, 0xB800, 0xB800, 0xB800,
  0xB800, 0xB800, 0xB800, 0xB800, 0xB800, 0xB800, 0xB800, 0xB800, 0xB800, 0xB800, 0xB800, 0xB800,
  0xB800, 0xB800, 0xB800, 0xB800, 0xB800, 0xB800, 0xB800, 0xB800, 0xB800, 0xB800, 0xB800, 0xB800,
  0xB800, 0xB800, 0xB800, 0xB800, 0xB800, 0xB800, 0xB800, 0xB800, 0xB800, 0xB020, 0x2820, 0x0000,
  0x4A49, 0xDEFB, 0xCE79, 0xD69A, 0xD69A, 0xD69A, 0xD69A, 0xD69A, 0xD69A, 0xCE7A, 0xDEFB, 0x4A49,
  0x0000, 0x6842, 0xC021, 0xB800, 0xB800, 0xB800, 0xB800, 0xB800, 0xB800, 0xB800, 0xB800, 0xB800,
  0xB800, 0xB800, 0xB800, 0xB800, 0xB800, 0xB800, 0xB020, 0x2020, 0x0000, 0x738E, 0xDEFB, 0xCE79,
  0xD69A, 0xD69A, 0xD69A, 0xD69A, 0xD69A, 0xCE79, 0xDEFB, 0x52AB, 0x0000, 0x0020, 0x8020, 0xC000,
  0xB800, 0xB800, 0xB800, 0xB800, 0xB800, 0xB800, 0xB800, 0xB800, 0xB800, 0xB800, 0xB800, 0xB800,
  0xB800, 0xB800, 0xB800, 0x9841, 0x2021, 0x0000, 0x0000, 0x73AE, 0xD6BA, 0xD69A, 0xD69A, 0xD69A,
  0xD69A, 0xD69A, 0xD69A, 0xD69A, 0xD69A, 0xCE79, 0xDEFB, 0x8410, 0x0000, 0x0000, 0x0000, 0x0000,
  0x0000, 0x4208, 0x9492, 0x8C51, 0xEF7D, 0x4A69, 0xF7BE, 0x7BCF, 0x8430, 0xEF7D, 0x4A69, 0xF7BE,
  0x7BEF, 0x73AE, 0xFFDF, 0x4A69, 0xEF5D, 0x9492, 0x8410, 0xF7BE, 0x4228, 0xEF7D, 0x8C51, 0x8C51,
  0xF79E, 0x31A6, 0xAB6D, 0xB082, 0xC000, 0xB000, 0xB000, 0xB800, 0xB800, 0xC000, 0x9821, 0x1020,
  0x0000, 0x5269, 0xEF5D, 0xDEFB, 0x8410, 0x0000, 0x0000, 0x0841, 0x4208, 0x5AEB, 0x738E, 0x8430,
  0x9CD3, 0xAD55, 0xC638, 0xB5B6, 0x0000, 0x4208, 0xEF7D, 0xDEFB, 0xDEDB, 0xBDD7, 0xC618, 0xDEFB,
  0x39C7, 0x1082, 0x8410, 0x0000, 0x52AA, 0xDEFB, 0xCE59, 0xD69A, 0xD69A, 0xCE79, 0xCE79, 0xCE79,
  0xCE79, 0xCE79, 0xD6BA, 0xBDD7, 0x0841, 0x0000, 0x0000, 0x0020, 0xCE59, 0x4A69, 0x0861, 0xD69A,
  0x2124, 0x3186, 0xDEDB, 0xCE79, 0xD6BA, 0xDEFB, 0xEF5D, 0xA514, 0x0000, 0x0000, 0x0000, 0x0841,
  0xB800, 0xB800, 0xB800, 0xB800, 0xB800, 0xB800, 0xB800, 0xB800, 0xB800, 0xB800, 0xB800, 0xB800,
  0xB800, 0xB800, 0xB800, 0xB800, 0xB800, 0xB800, 0xB800, 0xB800, 0xB800, 0xB800, 0xB800, 0xB800,
  0xB800, 0xB800, 0xB800, 0xB800, 0xB800, 0xB800, 0xB800, 0xB800, 0xB800, 0xB800, 0xB800, 0xB800,
  0xB800, 0xB800, 0xB800, 0xB800, 0xB800, 0xB800, 0xB800, 0xB800, 0xB800, 0xB800, 0xB800, 0xB800,
  0xB800, 0xB800, 0xB800, 0xB800, 0xB800, 0xB800, 0xB800, 0xB800, 0xB800, 0xB800, 0xB800, 0xB800,
  0xB800, 0xB800, 0xB800, 0xB800, 0xB800, 0xB800, 0xB800, 0xB800, 0xB800, 0xB800, 0xB800, 0xB800,
  0xB800, 0xC000, 0x7840, 0x0000, 0x1082, 0xC638, 0xD69A, 0xCE79, 0xD69A, 0xD69A, 0xD69A, 0xD69A,
  0xD69A, 0xD69A, 0xDEDB, 0xB5B6, 0x0020, 0x0800, 0x9041, 0xC000, 0xB000, 0xB800, 0xB800, 0xB800,
  0xB800, 0xB800, 0xB800, 0xB800, 0xB800, 0xB800, 0xB800, 0xB800, 0xB800, 0xB800, 0xB820, 0x3820,
  0x0000, 0x5269, 0xDEFB, 0xCE79, 0xD69A, 0xD69A, 0xD69A, 0xD69A, 0xD69A, 0xCE79, 0xDEDB, 0x9CF3,
  0x0000, 0x0000, 0x5020, 0xB820, 0xB800, 0xB800, 0xB800, 0xB800, 0xB800, 0xB800, 0xB800, 0xB800,
  0xB800, 0xB800, 0xB800, 0xB800, 0xB000, 0xC000, 0xA041, 0x2821, 0x0000, 0x0861, 0x9CD3, 0xE71C,
  0xCE79, 0xCE79, 0xD69A, 0xD69A, 0xD69A, 0xD69A, 0xD69A, 0xD69A, 0xD69A, 0xCE79, 0xDEFB, 0x4A69,
  0x0000, 0x0000, 0x0000, 0x0000, 0x0000, 0x2965, 0x2945, 0x2124, 0x6B6D, 0x0000, 0x738E, 0x18C3,
  0x2124, 0x6B4D, 0x0000, 0x738E, 0x2104, 0x18E3, 0x738E, 0x0000, 0x6B4D, 0x2945, 0x18E3, 0x6B6D,
  0x0000, 0x6B6D, 0x2124, 0x2104, 0x6B4D, 0x4821, 0xA000, 0xB800, 0xB800, 0xB800, 0xB800, 0xB800,
  0xB800, 0xB800, 0xB020, 0x2800, 0x0000, 0x18A2, 0x5ACB, 0xA514, 0xEF7D, 0x9492, 0x0000, 0x0861,
  0xCE79, 0xE71C, 0xDEFB, 0xDEFB, 0xDEDB, 0xDEDB, 0xDEDB, 0xBDF7, 0x0000, 0x39C7, 0xD6BA, 0xCE79,
  0xBDF7, 0x0000, 0x5AEB, 0xEF7D, 0x39C7, 0x10A2, 0x528A, 0x0000, 0x8C51, 0xDEFB, 0xCE79, 0xCE79,
  0xCE79, 0xCE79, 0xCE79, 0xCE79, 0xCE79, 0xCE79, 0xDEDB, 0x94B2, 0x0000, 0x0020, 0x0000, 0x0841,
  0xCE59, 0x4A69, 0x0000, 0xD6BA, 0x3186, 0x2945, 0xD6BA, 0xD6BA, 0xB596, 0x528A, 0x5AEB, 0x738E,
  0x0000, 0x0000, 0x0000, 0x2124, 0xB800, 0xB800, 0xB800, 0xB800, 0xB800, 0xB800, 0xB800, 0xB800,
  0xB800, 0xB800, 0xB800, 0xB800, 0xB800, 0xB800, 0xB800, 0xB800, 0xB800, 0xB800, 0xB800, 0xB800,
  0xB800, 0xB800, 0xB800, 0xB800, 0xB800, 0xB800, 0xB800, 0xB800, 0xB800, 0xB800, 0xB800, 0xB800,
  0xB800, 0xB800, 0xB800, 0xB800, 0xB800, 0xB800, 0xB800, 0xB800, 0xB800, 0xB800, 0xB800, 0xB800,
  0xB800, 0xB800, 0xB800, 0xB800, 0xB800, 0xB800, 0xB800, 0xB800, 0xB800, 0xB800, 0xB800, 0xB800,
  0xB800, 0xB800, 0xB800, 0xB800, 0xB800, 0xB800, 0xB800, 0xB800, 0xB800, 0xB800, 0xB800, 0xB800,
  0xB800, 0xB800, 0xB800, 0xB800, 0xB800, 0xB800, 0xB821, 0x3821, 0x0000, 0x9471, 0xDEFB, 0xCE79,
  0xD69A, 0xD69A, 0xD69A, 0xD69A, 0xD69A, 0xD69A, 0xCE79, 0xE71C, 0x632C, 0x0000, 0x3021, 0xA841,
  0xB800, 0xB800, 0xB800, 0xB800, 0xB800, 0xB800, 0xB800, 0xB800, 0xB800, 0xB800, 0xB800, 0xB800,
  0xB800, 0xB800, 0xB820, 0x4820, 0x0000, 0x3186, 0xD6BA, 0xCE79, 0xD69A, 0xD69A, 0xD69A, 0xD69A,
  0xD69A, 0xD69A, 0xD69A, 0xCE79, 0x18E3, 0x0000, 0x2020, 0xB020, 0xB800, 0xB800, 0xB800, 0xB800,
  0xB800, 0xB800, 0xB800, 0xB800, 0xB800, 0xB800, 0xB800, 0xB800, 0xC000, 0x9841, 0x2841, 0x0000,
  0x2104, 0xB5B6, 0xDEFB, 0xCE59, 0xCE9A, 0xD69A, 0xD69A, 0xD69A, 0xD69A, 0xD69A, 0xD69A, 0xD69A,
  0xD69A, 0xD69A, 0xD69A, 0x2104, 0x0000, 0x0000, 0x0000, 0x0000, 0x0020, 0x0000, 0x31A6, 0x2965,
  0x0000, 0x52AA, 0x0000, 0x31A6, 0x3186, 0x0000, 0x52AA, 0x0000, 0x31A6, 0x3186, 0x0000, 0x528A,
  0x0000, 0x2945, 0x39C7, 0x0000, 0x52AA, 0x0000, 0x3186, 0x39C7, 0x3800, 0xB041, 0xB800, 0xB800,
  0xB800, 0xB800, 0xB800, 0xB800, 0xB800, 0xB800, 0xB820, 0x2820, 0x0000, 0x0000, 0x0000, 0x0000,
  0x6B6D, 0xE73C, 0xB5B6, 0x39C7, 0xB596, 0xD69A, 0xCE59, 0xCE79, 0xCE79, 0xCE79, 0xD69A, 0xC618,
  0x0020, 0x3186, 0xD6BA, 0xD69A, 0xC638, 0x0000, 0x52AA, 0xEF5D, 0x4208, 0x0000, 0x10A2, 0x0000,
  0xB5B6, 0xD6BA, 0xCE79, 0xD6BA, 0xD6BA, 0xCE79, 0xCE79, 0xCE79, 0xCE79, 0xCE79, 0xDEDB, 0x9CF3,
  0x0000, 0x0000, 0x0000, 0x0000, 0xCE59, 0x528A, 0x0000, 0xB596, 0x2124, 0x2124, 0xDEDB, 0xCE59,
  0x2104, 0x0000, 0x0000, 0x0000, 0x6B6D, 0x2124, 0x2104, 0xD69A, 0xB800, 0xB800, 0xB800, 0xB800,
  0xB800, 0xB800, 0xB800, 0xB800, 0xB800, 0xB800, 0xB800, 0xB800, 0xB800, 0xB800, 0xB800, 0xB800,
  0xB800, 0xB800, 0xB800, 0xB800, 0xB800, 0xB800, 0xB800, 0xB800, 0xB800, 0xB800, 0xB800, 0xB800,
  0xB800, 0xB800, 0xB800, 0xB800, 0xB800, 0xB800, 0xB800, 0xB800, 0xB800, 0xB800, 0xB800, 0xB800,
  0xB800, 0xB800, 0xB800, 0xB800, 0xB800, 0xB800, 0xB800, 0xB800, 0xB800, 0xB800, 0xB800, 0xB800,
  0xB800, 0xB800, 0xB800, 0xB800, 0xB800, 0xB800, 0xB800, 0xB800, 0xB800, 0xB800, 0xB800, 0xB800,
  0xB800, 0xB800, 0xB800, 0xB800, 0xB800, 0xB800, 0xB800, 0xB800, 0xB800, 0xB800, 0xC000, 0x8041,
  0x0000, 0x4228, 0xDEDB, 0xCE79, 0xD69A, 0xD69A, 0xD69A, 0xD69A, 0xD69A, 0xD69A, 0xCE79, 0xD69A,
  0xCE59, 0x10C2, 0x0000, 0x5841, 0xB821, 0xB000, 0xB800, 0xB800, 0xB800, 0xB800, 0xB800, 0xB800,
  0xB800, 0xB800, 0xB800, 0xB800, 0xB800, 0xB800, 0xC000, 0x5820, 0x0000, 0x18A2, 0xCE59, 0xD69A,
  0xCE79, 0xD69A, 0xD69A, 0xD69A, 0xD69A, 0xD69A, 0xCE79, 0xDEFB, 0x52AA, 0x0000, 0x0820, 0x8840,
  0xB800, 0xB800, 0xB800, 0xB800, 0xB800, 0xB800, 0xB800, 0xB800, 0xB800, 0xB800, 0xB800, 0xC020,
  0x8861, 0x2020, 0x0000, 0x39E7, 0xCE79, 0xDEDB, 0xCE59, 0xD679, 0xD69A, 0xD69A, 0xD69A, 0xD69A,
  0xD69A, 0xD69A, 0xD69A, 0xD69A, 0xCE79, 0xD6BA, 0xB5B6, 0x0020, 0x0000, 0x0000, 0x0000, 0x0000,
  0x8430, 0x630C, 0xBDF7, 0xB5B6, 0x4A69, 0xFFFF, 0x52AA, 0xBDF7, 0xB5B6, 0x630C, 0xFFDF, 0x4228,
  0xC618, 0xB5B6, 0x5AEB, 0xFFFF, 0x39E7, 0xAD75, 0xC638, 0x4A69, 0xFFDF, 0x5ACB, 0xB5D6, 0xCC0F,
  0xA000, 0xB820, 0xB800, 0xB800, 0xB800, 0xB800, 0xB800, 0xB800, 0xB800, 0xB800, 0xB820, 0x2820,
  0x0000, 0x0000, 0x0020, 0x0000, 0x0000, 0x6B4D, 0xE73C, 0xCE59, 0xC638, 0xD69A, 0xCE79, 0xCE79,
  0xCE79, 0xCE79, 0xD69A, 0xC638, 0x0841, 0x2945, 0xD6BA, 0xD69A, 0xCE59, 0x0020, 0x4A69, 0xEF5D,
  0x4A49, 0x0000, 0x0000, 0x2965, 0xD69A, 0xCE79, 0xDEDB, 0xBDF7, 0xBDD7, 0xDEDB, 0xCE79, 0xCE79,
  0xCE79, 0xCE79, 0xD6BA, 0xB596, 0x52AA, 0x1082, 0x0861, 0x8430, 0xDEDB, 0x52AA, 0x0000, 0x0841,
  0x0000, 0x2945, 0xE71C, 0x8C71, 0x0000, 0x1082, 0x3186, 0x0000, 0x6B4D, 0x39C7, 0x18C3, 0xD6BA,
  0xB800, 0xB800, 0xB800, 0xB800, 0xB800, 0xB800, 0xB800, 0xB800, 0xB800, 0xB800, 0xB800, 0xB800,
  0xB800, 0xB800, 0xB800, 0xB800, 0xB800, 0xB800, 0xB800, 0xB800, 0xB800, 0xB800, 0xB800, 0xB800,
  0xB800, 0xB800, 0xB800, 0xB800, 0xB800, 0xB800, 0xB800, 0xB800, 0xB800, 0xB800, 0xB800, 0xB800,
  0xB800, 0xB800, 0xB800, 0xB800, 0xB800, 0xB800, 0xB800, 0xB800, 0xB800, 0xB800, 0xB800, 0xB800,
  0xB800, 0xB800, 0xB800, 0xB800, 0xB800, 0xB800, 0xB800, 0xB800, 0xB800, 0xB800, 0xB800, 0xB800,
  0xB800, 0xB800, 0xB800, 0xB800, 0xB800, 0xB800, 0xB800, 0xB800, 0xB800, 0xB800, 0xB800, 0xB800,
  0xB800, 0xB800, 0xB800, 0xB041, 0x3800, 0x0041, 0xBDF7, 0xD6BA, 0xD69A, 0xD69A, 0xD69A, 0xD69A,
  0xD69A, 0xD69A, 0xD69A, 0xCE79, 0xDEFB, 0x8430, 0x0000, 0x0820, 0x8040, 0xC000, 0xB800, 0xB800,
  0xB800, 0xB800, 0xB800, 0xB800, 0xB800, 0xB800, 0xB800, 0xB800, 0xB800, 0xB800, 0xC000, 0x6021,
  0x0000, 0x0000, 0xB596, 0xD6BA, 0xCE79, 0xD69A, 0xD69A, 0xD69A, 0xD69A, 0xD69A, 0xCE79, 0xDEDB,
  0x9492, 0x0000, 0x0000, 0x6021, 0xC000, 0xB800, 0xB800, 0xB800, 0xB800, 0x8820, 0xA021, 0xC000,
  0xB800, 0xC000, 0xB821, 0x7041, 0x1000, 0x0000, 0x5ACB, 0xDEBA, 0xD6BA, 0xCE79, 0xD69A, 0xD69A,
  0xD69A, 0xD69A, 0xD69A, 0xD69A, 0xD69A, 0xD69A, 0xD69A, 0xD69A, 0xCE79, 0xDEFB, 0x8430, 0x0000,
  0x0020, 0x0000, 0x0000, 0x1082, 0xBDF7, 0x2945, 0x8C51, 0x8410, 0x2104, 0xC618, 0x2124, 0x8430,
  0x7BEF, 0x2965, 0xBDF7, 0x18E3, 0x8C51, 0x8410, 0x2965, 0xC618, 0x10A2, 0x7BCF, 0x9492, 0x2103,
  0xBDF7, 0x31C7, 0x7A28, 0xB040, 0xB800, 0xB800, 0xB800, 0xB800, 0xB800, 0xB800, 0xB800, 0xB800,
  0xB800, 0xB800, 0xB820, 0x3020, 0x0000, 0x0000, 0x0000, 0x0000, 0x0000, 0x0000, 0x8C71, 0xDEFB,
  0xCE79, 0xCE79, 0xCE79, 0xCE79, 0xCE79, 0xCE79, 0xD69A, 0xCE59, 0x0861, 0x2945, 0xD69A, 0xD69A,
  0xCE59, 0x0841, 0x4A49, 0xEF5D, 0x4A69, 0x0000, 0x0000, 0x4A49, 0xDEDB, 0xDEDB, 0x7BEF, 0x0861,
  0x0000, 0x738E, 0xDEDB, 0xCE79, 0xCE79, 0xCE79, 0xCE79, 0xD69A, 0xE73C, 0x2965, 0x10A2, 0xDEDB,
  0xDEFB, 0x5AEB, 0x0000, 0x0020, 0x0000, 0x2124, 0xD6BA, 0xBDD7, 0x630C, 0x9492, 0xA534, 0x0000,
  0x52AA, 0x31A6, 0x10A2, 0xD69A, 0xB800, 0xB800, 0xB800, 0xB800, 0xB800, 0xB800, 0xB800, 0xB800,
  0xB800, 0xB800, 0xB800, 0xB800, 0xB800, 0xB800, 0xB800, 0xB800, 0xB800, 0xB800, 0xB800, 0xB800,
  0xB800, 0xB800, 0xB800, 0xB800, 0xB800, 0xB800, 0xB800, 0xB800, 0xB800, 0xB800, 0xB800, 0xB800,
  0xB800, 0xB800, 0xB800, 0xB800, 0xB800, 0xB800, 0xB800, 0xB800, 0xB800, 0xB800, 0xB800, 0xB800,
  0xB800, 0xB800, 0xB800, 0xB800, 0xB800, 0xB800, 0xB800, 0xB800, 0xB800, 0xB800, 0xB800, 0xB800,
  0xB800, 0xB800, 0xB800, 0xB800, 0xB800, 0xB800, 0xB800, 0xB800, 0xB800, 0xB800, 0xB800, 0xB800,
  0xB800, 0xB800, 0xB800, 0xB800, 0xB800, 0xB800, 0xB800, 0xC000, 0x8861, 0x0000, 0x632C, 0xDF1C,
  0xCE79, 0xD69A, 0xD69A, 0xD69A, 0xD69A, 0xD69A, 0xD69A, 0xD69A, 0xCE79, 0xD6BA, 0x2965, 0x0000,
  0x2020, 0xA840, 0xC000, 0xB800, 0xB800, 0xB800, 0xB800, 0xB800, 0xB800, 0xB800, 0xB800, 0xB800,
  0xB800, 0xB800, 0xC000, 0x7041, 0x0000, 0x0000, 0x9492, 0xDEFB, 0xCE79, 0xD69A, 0xD69A, 0xD69A,
  0xD69A, 0xD69A, 0xCE79, 0xD6BA, 0xC618, 0x1061, 0x0000, 0x3820, 0xB821, 0xB800, 0xB800, 0xB800,
  0xC000, 0x5000, 0x3821, 0xA041, 0xA820, 0x8841, 0x3841, 0x0000, 0x0000, 0x7BEF, 0xDF1B, 0xD69A,
  0xCE79, 0xD69A, 0xD69A, 0xD69A, 0xD69A, 0xD69A, 0xD69A, 0xD69A, 0xD69A, 0xD69A, 0xD69A, 0xD69A,
  0xCE79, 0xDEFB, 0x52AA, 0x0000, 0x0020, 0x0000, 0x0020, 0x10A2, 0x0000, 0x1082, 0x0020, 0x0841,
  0x1082, 0x0000, 0x1082, 0x0841, 0x0020, 0x1082, 0x0000, 0x1082, 0x0841, 0x0020, 0x1082, 0x0000,
  0x1082, 0x0020, 0x0021, 0x0882, 0x0000, 0x2820, 0x9800, 0xB800, 0xB800, 0xB800, 0xB800, 0xB800,
  0xB800, 0xB800, 0xB800, 0xB800, 0xB800, 0xB800, 0xB801, 0x2800, 0x0881, 0x0841, 0x0000, 0x0000,
  0x0020, 0x0000, 0x0020, 0xBDF7, 0xD6BA, 0xCE79, 0xCE79, 0xCE79, 0xCE79, 0xCE79, 0xD69A, 0xCE79,
  0x0861, 0x18E3, 0xD6BA, 0xCE79, 0xCE79, 0x0861, 0x4228, 0xEF5D, 0x528A, 0x0000, 0x0000, 0x2945,
  0xDEFB, 0x8C51, 0x0000, 0x0000, 0x0000, 0x0000, 0x94B2, 0xDEDB, 0xCE79, 0xCE79, 0xCE79, 0xCE79,
  0xD6BA, 0x2965, 0x10A2, 0xC638, 0xDEFB, 0x630C, 0x0000, 0x0841, 0x0000, 0x2104, 0xD69A, 0xC638,
  0x630C, 0x4A49, 0x2104, 0x0000, 0x5AEB, 0x39C7, 0x1082, 0xCE79, 0xB800, 0xB800, 0xB800, 0xB800,
  0xB800, 0xB800, 0xB800, 0xB800, 0xB800, 0xB800, 0xB800, 0xB800, 0xB800, 0xB800, 0xB800, 0xB800,
  0xB800, 0xB800, 0xB800, 0xB800, 0xB800, 0xB800, 0xB800, 0xB800, 0xB800, 0xB800, 0xB800, 0xB800,
  0xB800, 0xB800, 0xB800, 0xB800, 0xB800, 0xB800, 0xB800, 0xB800, 0xB800, 0xB800, 0xB800, 0xB800,
  0xB800, 0xB800, 0xB800, 0xB800, 0xB800, 0xB800, 0xB800, 0xB800, 0xB800, 0xB800, 0xB800, 0xB800,
  0xB800, 0xB800, 0xB800, 0xB800, 0xB800, 0xB800, 0xB800, 0xB800, 0xB800, 0xB800, 0xB800, 0xB800,
  0xB800, 0xB800, 0xB800, 0xB800, 0xB800, 0xB800, 0xB800, 0xB800, 0xB800, 0xB800, 0xB800, 0xB800,
  0xB820, 0x4020, 0x0000, 0xB5B7, 0xDEDB, 0xD69A, 0xD69A, 0xD69A, 0xD69A, 0xD69A, 0xD69A, 0xD69A,
  0xCE79, 0xDEDB, 0x9CF3, 0x0000, 0x0000, 0x4820, 0xB820, 0xB800, 0xB800, 0xB800, 0xB800, 0xB800,
  0xB800, 0xB800, 0xB800, 0xB800, 0xB800, 0xB800, 0xC000, 0x7821, 0x0020, 0x0000, 0x6B6D, 0xDEFB,
  0xCE79, 0xD69A, 0xD69A, 0xD69A, 0xD69A, 0xD69A, 0xD69A, 0xCE79, 0xDEDB, 0x39C7, 0x0000, 0x1820,
  0xA021, 0xB800, 0xB800, 0xB800, 0xC000, 0x5820, 0x0000, 0x1020, 0x2020, 0x0000, 0x0000, 0x1062,
  0x9CD3, 0xE71B, 0xCE79, 0xCE79, 0xD69A, 0xD69A, 0xD69A, 0xD69A, 0xD69A, 0xD69A, 0xD69A, 0xD69A,
  0xD69A, 0xD69A, 0xD69A, 0xD69A, 0xD69A, 0xD69A, 0x2124, 0x0000, 0x0020, 0x0000, 0x528A, 0xC638,
  0x2945, 0xCE79, 0x5AEB, 0x630C, 0xCE79, 0x2124, 0xC638, 0x6B4D, 0x630C, 0xCE79, 0x2104, 0xC618,
  0x6B6D, 0x630C, 0xCE59, 0x2965, 0xCE79, 0x5AEB, 0x5AEB, 0xCEBA, 0x38A2, 0x9820, 0xB800, 0xB800,
  0xB800, 0xB800, 0xB800, 0xB800, 0xB800, 0xB800, 0xB800, 0xB800, 0xB800, 0xB800, 0xA820, 0x2041,
  0xB5D7, 0x8C51, 0x0000, 0x0020, 0x0000, 0x2945, 0x2945, 0x3186, 0xD6BA, 0xCE79, 0xCE79, 0xCE79,
  0xCE79, 0xCE79, 0xD69A, 0xCE59, 0x2124, 0x8430, 0xD69A, 0xCE79, 0xCE79, 0x1082, 0x39E7, 0xEF5D,
  0x5ACB, 0x0000, 0x0000, 0x0841, 0xBDF7, 0x2965, 0x0000, 0x0020, 0x0020, 0x0000, 0x3186, 0xD6BA,
  0xCE79, 0xCE79, 0xCE79, 0xCE79, 0xDEDB, 0x3186, 0x1082, 0xCE59, 0xDEFB, 0x6B4D, 0x0000, 0x0000,
  0x0000, 0x18C3, 0xDEDB, 0x528A, 0x0000, 0x0000, 0x0841, 0x0000, 0x6B6D, 0x39E7, 0x0861, 0xCE59,
  0xB800, 0xB800, 0xB800, 0xB800, 0xB800, 0xB800, 0xB800, 0xB800, 0xB800, 0xB800, 0xB800, 0xB800,
  0xB800, 0xB800, 0xB800, 0xB800, 0xB800, 0xB800, 0xB800, 0xB800, 0xB800, 0xB800, 0xB800, 0xB800,
  0xB800, 0xB800, 0xB800, 0xB800, 0xB800, 0xB800, 0xB800, 0xB800, 0xB800, 0xB800, 0xB800, 0xB800,
  0xB800, 0xB800, 0xB800, 0xB800, 0xB800, 0xB800, 0xB800, 0xB800, 0xB800, 0xB800, 0xB800, 0xB800,
  0xB800, 0xB800, 0xB800, 0xB800, 0xB800, 0xB800, 0xB800, 0xB800, 0xB800, 0xB800, 0xB800, 0xB800,
  0xB800, 0xB800, 0xB800, 0xB800, 0xB800, 0xB800, 0xB800, 0xB800, 0xB800, 0xB800, 0xB800, 0xB800,
  0xB800, 0xB800, 0xB800, 0xB800, 0xC000, 0x9861, 0x0000, 0x4249, 0xDEFB, 0xCE79, 0xD69A, 0xD69A,
  0xD69A, 0xD69A, 0xD69A, 0xD69A, 0xD69A, 0xCE79, 0xDEFB, 0x4A49, 0x0000, 0x0000, 0x7840, 0xB820,
  0xB800, 0xB800, 0xB800, 0xB800, 0xB800, 0xB800, 0xB800, 0xB800, 0xB800, 0xB800, 0xC000, 0x8841,
  0x0020, 0x0000, 0x4A49, 0xDEFB, 0xCE79, 0xD69A, 0xD69A, 0xD69A, 0xD69A, 0xD69A, 0xD69A, 0xCE79,
  0xDEFB, 0x6B6D, 0x0000, 0x0000, 0x8820, 0xC000, 0xB800, 0xB800, 0xC000, 0x5820, 0x0000, 0x0000,
  0x0000, 0x0020, 0x4A69, 0xBDF7, 0xDEFB, 0xCE79, 0xD69A, 0xD69A, 0xD69A, 0xD69A, 0xD69A, 0xD69A,
  0xD69A, 0xD69A, 0xD69A, 0xD69A, 0xD69A, 0xD69A, 0xD69A, 0xCE79, 0xD6BA, 0xB5B6, 0x0020, 0x0000,
  0x0020, 0x0000, 0x7BCF, 0xDEDB, 0x39E7, 0xE71C, 0x6B6D, 0x738E, 0xDEFB, 0x31A6, 0xDEDB, 0x7BCF,
  0x73AE, 0xDEFB, 0x2965, 0xDEDB, 0x7BEF, 0x73AE, 0xDEFB, 0x39E7, 0xE71C, 0x6B4D, 0x738E, 0xD554,
  0xA061, 0xB800, 0xB000, 0xB800, 0xB800, 0xB800, 0xB800, 0xB800, 0xB800, 0xB800, 0xB800, 0xB800,
  0xB800, 0xC000, 0x7820, 0x1061, 0xD69A, 0x9CF3, 0x0000, 0x0020, 0x0000, 0x0020, 0x738E, 0x73AE,
  0x94B2, 0xDEDB, 0xCE79, 0xCE79, 0xCE79, 0xCE79, 0xD69A, 0xCE59, 0xBDF7, 0xC638, 0xC638, 0xD69A,
  0xD69A, 0x1082, 0x39C7, 0xEF5D, 0x5AEB, 0x0000, 0x0000, 0x0000, 0x7BEF, 0x10A2, 0x0000, 0x0000,
  0x0000, 0x0020, 0x0000, 0xAD55, 0xDEDB, 0xCE79, 0xCE79, 0xCE79, 0xDEDB, 0x31A6, 0x0841, 0xC638,
  0xE71C, 0x738E, 0x0000, 0x6B4D, 0x3186, 0x1082, 0xC638, 0x18C3, 0x0000, 0x738E, 0x2965, 0x0000,
  0x7BEF, 0x4228, 0x0841, 0xCE59, 0xB800, 0xB800, 0xB800, 0xB800, 0xB800, 0xB800, 0xB800, 0xB800,
  0xB800, 0xB800, 0xB800, 0xB800, 0xB800, 0xB800, 0xB800, 0xB800, 0xB800, 0xB800, 0xB800, 0xB800,
  0xB800, 0xB800, 0xB800, 0xB800, 0xB800, 0xB800, 0xB800, 0xB800, 0xB800, 0xB800, 0xB800, 0xB800,
  0xB800, 0xB800, 0xB800, 0xB800, 0xB800, 0xB800, 0xB800, 0xB800, 0xB800, 0xB800, 0xB800, 0xB800,
  0xB800, 0xB800, 0xB800, 0xB800, 0xB800, 0xB800, 0xB800, 0xB800, 0xB800, 0xB800, 0xB800, 0xB800,
  0xB800, 0xB800, 0xB800, 0xB800, 0xB800, 0xB800, 0xB800, 0xB800, 0xB800, 0xB800, 0xB800, 0xB800,
  0xB800, 0xB800, 0xB800, 0xB800, 0xB800, 0xB800, 0xB800, 0xB800, 0xB800, 0xB840, 0x5041, 0x0000,
  0xA514, 0xDEDB, 0xCE79, 0xD69A, 0xD69A, 0xD69A, 0xD69A, 0xD69A, 0xD69A, 0xCE79, 0xD6BA, 0xB5B6,
  0x0841, 0x0000, 0x2000, 0xA841, 0xB800, 0xB800, 0xB800, 0xB800, 0xB800, 0xB800, 0xB800, 0xB800,
  0xB800, 0xB800, 0xC000, 0x9040, 0x0800, 0x0000, 0x2945, 0xD69A, 0xCE79, 0xD69A, 0xD69A, 0xD69A,
  0xD69A, 0xD69A, 0xD69A, 0xCE79, 0xDEDB, 0xA514, 0x0000, 0x0000, 0x6020, 0xC000, 0xB800, 0xB800,
  0xC000, 0x6821, 0x0020, 0x2104, 0x5AEB, 0xAD55, 0xDEDB, 0xD6BA, 0xCE7A, 0xD69A, 0xD69A, 0xD69A,
  0xD69A, 0xD69A, 0xD69A, 0xD69A, 0xD69A, 0xD69A, 0xD69A, 0xD69A, 0xD69A, 0xD69A, 0xD69A, 0xCE79,
  0xDEFB, 0x8C71, 0x0000, 0x0000, 0x0000, 0x0000, 0x0841, 0x2945, 0x0000, 0x3186, 0x0020, 0x0020,
  0x3186, 0x0000, 0x2965, 0x0841, 0x0020, 0x2965, 0x0000, 0x2945, 0x0841, 0x0020, 0x2965, 0x0000,
  0x3165, 0x0861, 0x2862, 0x9882, 0xB000, 0xB800, 0xB800, 0xB800, 0xB800, 0xB800, 0xB800, 0xB800,
  0xB800, 0xB800, 0xB800, 0xB800, 0xB800, 0xB041, 0x2800, 0x0000, 0x2924, 0x10A2, 0x0000, 0x0000,
  0x0000, 0x0000, 0x0000, 0x7BEF, 0xD69A, 0xCE59, 0xCE79, 0xCE79, 0xCE79, 0xCE79, 0xCE79, 0xD6BA,
  0xDEDB, 0xA534, 0xBDF7, 0xD69A, 0xD69A, 0x18C3, 0x31A6, 0xEF7D, 0x630C, 0x0000, 0x18C3, 0x0000,
  0x4228, 0x0861, 0x0000, 0x0000, 0x0000, 0x0000, 0x2124, 0xB5B6, 0xD6BA, 0xCE79, 0xCE79, 0xCE79,
  0xDEDB, 0x39C7, 0x0841, 0xC638, 0xE71C, 0x73AE, 0x0000, 0xB596, 0x5ACB, 0x0861, 0xAD55, 0x4228,
  0x7BEF, 0xC638, 0x2965, 0x0000, 0x9492, 0x4A49, 0x0000, 0xC638, 0xB800, 0xB800, 0xB800, 0xB800,
  0xB800, 0xB800, 0xB800, 0xB800, 0xB800, 0xB800, 0xB800, 0xB800, 0xB800, 0xB800, 0xB800, 0xB800,
  0xB800, 0xB800, 0xB800, 0xB800, 0xB800, 0xB800, 0xB800, 0xB800, 0xB800, 0xB800, 0xB800, 0xB800,
  0xB800, 0xB800, 0xB800, 0xB800, 0xB800, 0xB800, 0xB800, 0xB800, 0xB800, 0xB800, 0xB800, 0xB800,
  0xB800, 0xB800, 0xB800, 0xB800, 0xB800, 0xB800, 0xB800, 0xB800, 0xB800, 0xB800, 0xB800, 0xB800,
  0xB800, 0xB800, 0xB800, 0xB800, 0xB800, 0xB800, 0xB800, 0xB800, 0xB800, 0xB800, 0xB800, 0xB800,
  0xB800, 0xB800, 0xB800, 0xB800, 0xB800, 0xB800, 0xB800, 0xB800, 0xB800, 0xB800, 0xB800, 0xB800,
  0xB800, 0xB800, 0xA042, 0x0800, 0x2986, 0xDEDB, 0xCE79, 0xD69A, 0xD69A, 0xD69A, 0xD69A, 0xD69A,
  0xD69A, 0xD69A, 0xCE79, 0xDEFB, 0x738E, 0x0000, 0x0000, 0x5020, 0xB820, 0xB800, 0xB800, 0xB800,
  0xB800, 0xB800, 0xB800, 0xB800, 0xB800, 0xB800, 0xB800, 0x9821, 0x1000, 0x0000, 0x0861, 0xC5F8,
  0xD69A, 0xCE79, 0xD69A, 0xD69A, 0xD69A, 0xD69A, 0xD69A, 0xCE79, 0xD69A, 0xC638, 0x10A2, 0x0000,
  0x4020, 0xB820, 0xB800, 0xB800, 0xC000, 0x8020, 0x0841, 0x9CD3, 0xEF7D, 0xE73C, 0xD6BA, 0xD699,
  0xD69A, 0xD69A, 0xD69A, 0xD69A, 0xD69A, 0xD69A, 0xD69A, 0xD69A, 0xD69A, 0xD69A, 0xD69A, 0xD69A,
  0xD69A, 0xD69A, 0xD69A, 0xCE79, 0xDEFB, 0x5ACB, 0x0000, 0x0020, 0x0000, 0x4A69, 0x632C, 0x0861,
  0x9492, 0x0861, 0x52AA, 0x73AE, 0x0000, 0x7BCF, 0x1082, 0x528A, 0x6B4D, 0x0841, 0x9492, 0x1082,
  0x528A, 0x6B6D, 0x0861, 0x9492, 0x18E3, 0x0800, 0x8841, 0xB820, 0xB800, 0xB800, 0xB800, 0xB800,
  0xB800, 0xB800, 0xB800, 0xB800, 0xB800, 0xB800, 0xB800, 0xB800, 0xC000, 0x6800, 0x10C3, 0x9491,
  0x1081, 0x4228, 0x7BEF, 0x0000, 0x0000, 0x0000, 0x0000, 0x0000, 0xA514, 0xDEDB, 0xCE79, 0xCE79,
  0xCE79, 0xCE59, 0xDEDB, 0x8C71, 0xC618, 0x94B2, 0xB5B6, 0xD6BA, 0xD6BA, 0x18E3, 0x2965, 0xEF5D,
  0x6B4D, 0x0000, 0x6B4D, 0x0000, 0x2124, 0x1082, 0x0000, 0x0000, 0x18C3, 0x8430, 0x8C71, 0x9CD3,
  0xD6BA, 0xCE79, 0xD69A, 0xCE79, 0xDEFB, 0x4208, 0x0020, 0xC618, 0xDEFB, 0x7BEF, 0x0000, 0xA534,
  0x5ACB, 0x0020, 0xBDF7, 0x2124, 0xC618, 0xDEDB, 0xC618, 0x39C7, 0x9CF3, 0x4A69, 0x0000, 0xBDF7,
  0xB800, 0xB800, 0xB800, 0xB800, 0xB800, 0xB800, 0xB800, 0xB800, 0xB800, 0xB800, 0xB800, 0xB800,
  0xB800, 0xB800, 0xB800, 0xB800, 0xB800, 0xB800, 0xB800, 0xB800, 0xB800, 0xB800, 0xB800, 0xB800,
  0xB800, 0xB800, 0xB800, 0xB800, 0xB800, 0xB800, 0xB800, 0xB800, 0xB800, 0xB800, 0xB800, 0xB800,
  0xB800, 0xB800, 0xB800, 0xB800, 0xB800, 0xB800, 0xB800, 0xB800, 0xB800, 0xB800, 0xB800, 0xB800,
  0xB800, 0xB800, 0xB800, 0xB800, 0xB800, 0xB800, 0xB800, 0xB800, 0xB800, 0xB800, 0xB800, 0xB800,
  0xB800, 0xB800, 0xB800, 0xB800, 0xB800, 0xB800, 0xB800, 0xB800, 0xB800, 0xB800, 0xB800, 0xB800,
  0xB800, 0xB800, 0xB800, 0xB800, 0xB800, 0xB800, 0xB820, 0x6041, 0x0000, 0x8C50, 0xDEFB, 0xCE79,
  0xD69A, 0xD69A, 0xD69A, 0xD69A, 0xD69A, 0xD69A, 0xD69A, 0xCE79, 0xD6BA, 0x3186, 0x0000, 0x0800,
  0x8821, 0xC000, 0xB800, 0xB800, 0xB800, 0xB800, 0xB800, 0xB800, 0xB800, 0xB800, 0xC000, 0xA020,
  0x1800, 0x0000, 0x0000, 0xA4F3, 0xDEDB, 0xCE79, 0xD69A, 0xD69A, 0xD69A, 0xD69A, 0xD69A, 0xD69A,
  0xCE79, 0xDEDB, 0x39E7, 0x0000, 0x2820, 0xB020, 0xB800, 0xB800, 0xB800, 0xA020, 0x0800, 0x0000,
  0x39E7, 0x738E, 0xA534, 0xD6BA, 0xCE9A, 0xD69A, 0xD69A, 0xD69A, 0xD69A, 0xD69A, 0xD69A, 0xD69A,
  0xD69A, 0xD69A, 0xD69A, 0xD69A, 0xD69A, 0xD69A, 0xD69A, 0xCE79, 0xD69A, 0x2965, 0x0000, 0x0020,
  0x0000, 0xAD75, 0xCE79, 0x5ACB, 0xFFFF, 0x52AA, 0xBDD7, 0xA534, 0x10A2, 0xF79E, 0x5ACB, 0xAD75,
  0xD69A, 0x52AA, 0xFFFF, 0x5AEB, 0xAD55, 0xD6BA, 0x5ACB, 0xFFFF, 0x630C, 0x6000, 0xC841, 0xB800,
  0xB800, 0xB800, 0xB800, 0xB800, 0xB800, 0xB800, 0xB800, 0xB800, 0xB800, 0xB800, 0xB800, 0xB800,
  0xA841, 0x1000, 0x4A8A, 0xFFFF, 0x528A, 0x9CD3, 0xEF7D, 0x1082, 0x0000, 0x0000, 0x0000, 0x0000,
  0x2945, 0xD69A, 0xCE79, 0xCE79, 0xCE59, 0xDEFB, 0x9CF3, 0x2104, 0xD6BA, 0x7BEF, 0xBDF7, 0xD69A,
  0xD69A, 0x2124, 0x2965, 0xEF5D, 0x6B6D, 0x0000, 0x8C51, 0x1082, 0x1082, 0x18E3, 0x0000, 0x2965,
  0xE71C, 0x6B6D, 0x0000, 0x6B6D, 0xE71C, 0xCE79, 0xD69A, 0xCE79, 0xDEFB, 0x4208, 0x0020, 0xC618,
  0xE71C, 0x8410, 0x0000, 0xA534, 0x632C, 0x0020, 0xCE79, 0x73AE, 0xB5B6, 0xDEFB, 0x73AE, 0x0000,
  0xB5B6, 0x4A69, 0x0000, 0xBDF7, 0xB800, 0xB800, 0xB800, 0xB800, 0xB800, 0xB800, 0xB800, 0xB800,
  0xB800, 0xB800, 0xB800, 0xB800, 0xB800, 0xB800, 0xB800, 0xB800, 0xB800, 0xB800, 0xB800, 0xB800,
  0xB800, 0xB800, 0xB800, 0xB800, 0xB800, 0xB800, 0xB800, 0xB800, 0xB800, 0xB800, 0xB800, 0xB800,
  0xB800, 0xB800, 0xB800, 0xB800, 0xB800, 0xB800, 0xB800, 0xB800, 0xB800, 0xB800, 0xB800, 0xB800,
  0xB800, 0xB800, 0xB800, 0xB800, 0xB800, 0xB800, 0xB800, 0xB800, 0xB800, 0xB800, 0xB800, 0xB800,
  0xB800, 0xB800, 0xB800, 0xB800, 0xB800, 0xB800, 0xB800, 0xB800, 0xB800, 0xB800, 0xB800, 0xB800,
  0xB800, 0xB800, 0xB800, 0xB800, 0xB800, 0xB800, 0xB800, 0xB800, 0xB800, 0xB800, 0xB800, 0xA821,
  0x1800, 0x18E3, 0xCE79, 0xD69A, 0xCE79, 0xD69A, 0xD69A, 0xD69A, 0xD69A, 0xD69A, 0xD69A, 0xCE79,
  0xDEDB, 0xAD75, 0x0000, 0x0000, 0x3020, 0xB021, 0xB800, 0xB800, 0xB800, 0xB800, 0xB800, 0xB800,
  0xB800, 0xB800, 0xB800, 0xA820, 0x2000, 0x0000, 0x0000, 0x6B6D, 0xE71C, 0xCE79, 0xD69A, 0xD69A,
  0xD69A, 0xD69A, 0xD69A, 0xD69A, 0xCE79, 0xDEFB, 0x6B6D, 0x0000, 0x1020, 0xA020, 0xB800, 0xB800,
  0xB800, 0xB020, 0x2020, 0x0000, 0x0000, 0x0000, 0x1082, 0xCE59, 0xD69A, 0xD69A, 0xD69A, 0xD69A,
  0xD69A, 0xD69A, 0xD69A, 0xD69A, 0xD69A, 0xD69A, 0xD69A, 0xD69A, 0xD69A, 0xD69A, 0xCE79, 0xD6BA,
  0xBDD7, 0x0841, 0x0000, 0x0020, 0x0000, 0x5ACB, 0x5ACB, 0x0020, 0x8C51, 0x10A2, 0x4A49, 0x10A2,
  0x0841, 0x8C51, 0x0841, 0x4A49, 0x632C, 0x0000, 0x8C51, 0x0861, 0x4A49, 0x632C, 0x0000, 0x7C10,
  0x5924, 0xB000, 0xB800, 0xB800, 0xB800, 0xB800, 0xB800, 0xB800, 0xB800, 0xB800, 0xB800, 0xB800,
  0xB800, 0xB800, 0xB800, 0xB820, 0x5041, 0x0000, 0x0861, 0x8431, 0x0841, 0x39E7, 0x738E, 0x0000,
  0x0000, 0x0000, 0x0000, 0x0000, 0x0000, 0x8C71, 0xDEDB, 0xC638, 0xDEFB, 0xB5B6, 0x0000, 0x4228,
  0xEF5D, 0x528A, 0x2104, 0x18C3, 0x94B2, 0x31A6, 0x2104, 0xE73C, 0x738E, 0x0000, 0x9CD3, 0x3186,
  0x0000, 0x39E7, 0x0000, 0x0861, 0x5AEB, 0x0020, 0x0000, 0x9CF3, 0xDEDB, 0xCE79, 0xD69A, 0xCE79,
  0xDEFB, 0x4A49, 0x0000, 0xBDF7, 0xE71C, 0x8430, 0x0000, 0xA514, 0x6B4D, 0x0000, 0xBDF7, 0xDEDB,
  0xCE79, 0xD6BA, 0x8430, 0x3186, 0xAD75, 0x52AA, 0x0000, 0xBDD7, 0xB800, 0xB800, 0xB800, 0xB800,
  0xB800, 0xB800, 0xB800, 0xB800, 0xB800, 0xB800, 0xB800, 0xB800, 0xB800, 0xB800, 0xB800, 0xB800,
  0xB800, 0xB800, 0xB800, 0xB800, 0xB800, 0xB800, 0xB800, 0xB800, 0xB800, 0xB800, 0xB800, 0xB800,
  0xB800, 0xB800, 0xB800, 0xB800, 0xB800, 0xB800, 0xB800, 0xB800, 0xB800, 0xB800, 0xB800, 0xB800,
  0xB800, 0xB800, 0xB800, 0xB800, 0xB800, 0xB800, 0xB800, 0xB800, 0xB800, 0xB800, 0xB800, 0xB800,
  0xB800, 0xB800, 0xB800, 0xB800, 0xB800, 0xB800, 0xB800, 0xB800, 0xB800, 0xB800, 0xB800, 0xB800,
  0xB800, 0xB800, 0xB800, 0xB800, 0xB800, 0xB800, 0xB800, 0xB800, 0xB800, 0xB800, 0xB800, 0xB800,
  0xB800, 0xB800, 0xB800, 0xC000, 0x7041, 0x0000, 0x738E, 0xE71C, 0xCE79, 0xD69A, 0xD69A, 0xD69A,
  0xD69A, 0xD69A, 0xD69A, 0xD69A, 0xCE79, 0xE71C, 0x6B4D, 0x0000, 0x0020, 0x6820, 0xC020, 0xB800,
  0xB800, 0xB800, 0xB800, 0xB800, 0xB800, 0xB800, 0xB800, 0xB020, 0x2020, 0x0000, 0x0000, 0x4228,
  0xDEFB, 0xCE79, 0xD69A, 0xD69A, 0xD69A, 0xD69A, 0xD69A, 0xD69A, 0xCE79, 0xDEDB, 0x9CF3, 0x0000,
  0x0000, 0x8841, 0xC000, 0xB000, 0xB800, 0xB820, 0x4020, 0x0000, 0x0000, 0x0000, 0x2945, 0xD69A,
  0xCE79, 0xD69A, 0xD69A, 0xD69A, 0xD69A, 0xD69A, 0xD69A, 0xD69A, 0xD69A, 0xD69A, 0xD69A, 0xD69A,
  0xD69A, 0xD69A, 0xCE79, 0xDEFB, 0x9492, 0x0000, 0x0020, 0x0000, 0x31A6, 0x18C3, 0x0861, 0x4A49,
  0x0000, 0x0000, 0x0000, 0x0000, 0x2124, 0x0000, 0x4228, 0x18C3, 0x0020, 0x4A49, 0x0000, 0x4208,
  0x18C3, 0x0840, 0x528A, 0x1000, 0x9020, 0xB800, 0xB800, 0xB800, 0xB800, 0xB800, 0xB800, 0xB800,
  0xB800, 0xB800, 0xB800, 0xB800, 0xB800, 0xB800, 0xC000, 0x8841, 0x0000, 0x18C3, 0x4A49, 0x0000,
  0x4208, 0x18C3, 0x0000, 0x18C3, 0x0000, 0x0000, 0x0000, 0x0000, 0x0000, 0x39C7, 0xD6BA, 0xDEFB,
  0xAD55, 0x10A2, 0x0000, 0x94B2, 0xE71C, 0x31A6, 0x0000, 0x0000, 0x8C71, 0x39E7, 0x2104, 0xE73C,
  0x7BEF, 0x0000, 0xA514, 0x5AEB, 0x0000, 0x6B6D, 0x18C3, 0x0000, 0x0000, 0x0000, 0x39E7, 0xD6BA,
  0xCE79, 0xD69A, 0xD69A, 0xCE79, 0xDEFB, 0x528A, 0x0000, 0xBDD7, 0xDEFB, 0x8C71, 0x0020, 0xAD55,
  0x8C51, 0x39E7, 0xC618, 0xCE79, 0xCE59, 0xCE59, 0xDEDB, 0xD6BA, 0xE71C, 0x4A49, 0x0000, 0xB5B6,
  0xB800, 0xB800, 0xB800, 0xB800, 0xB800, 0xB800, 0xB800, 0xB800, 0xB800, 0xB800, 0xB800, 0xB800,
  0xB800, 0xB800, 0xB800, 0xB800, 0xB800, 0xB800, 0xB800, 0xB800, 0xB800, 0xB800, 0xB800, 0xB800,
  0xB800, 0xB800, 0xB800, 0xB800, 0xB800, 0xB800, 0xB800, 0xB800, 0xB800, 0xB800, 0xB800, 0xB800,
  0xB800, 0xB800, 0xB800, 0xB800, 0xB800, 0xB800, 0xB800, 0xB800, 0xB800, 0xB800, 0xB800, 0xB800,
  0xB800, 0xB800, 0xB800, 0xB800, 0xB800, 0xB800, 0xB800, 0xB800, 0xB800, 0xB800, 0xB800, 0xB800,
  0xB800, 0xB800, 0xB800, 0xB800, 0xB800, 0xB800, 0xB800, 0xB800, 0xB800, 0xB800, 0xB800, 0xB800,
  0xB800, 0xB800, 0xB800, 0xB800, 0xB800, 0xB800, 0xB800, 0xB800, 0xB021, 0x2800, 0x0861, 0xC618,
  0xD6BA, 0xCE79, 0xD69A, 0xD69A, 0xD69A, 0xD69A, 0xD69A, 0xD69A, 0xCE79, 0xD69A, 0xCE79, 0x2104,
  0x0000, 0x1820, 0xA841, 0xB800, 0xB800, 0xB800, 0xB800, 0xB800, 0xB800, 0xB800, 0xB800, 0xB000,
  0x2800, 0x0000, 0x0000, 0x2124, 0xD69A, 0xD69A, 0xD69A, 0xD69A, 0xD69A, 0xD69A, 0xD69A, 0xD69A,
  0xCE79, 0xD6BA, 0xC618, 0x1082, 0x0000, 0x7041, 0xC000, 0xB800, 0xB800, 0xC000, 0x5820, 0x0000,
  0x0841, 0x0000, 0x5AEB, 0xE71C, 0xCE79, 0xD69A, 0xD69A, 0xD69A, 0xD69A, 0xD69A, 0xD69A, 0xD69A,
  0xD69A, 0xD69A, 0xD69A, 0xD69A, 0xD69A, 0xD69A, 0xCE79, 0xDEFB, 0x5AEB, 0x0000, 0x0020, 0x0000,
  0xBDF7, 0x94B2, 0x7BCF, 0xFFDF, 0x2124, 0x0000, 0x0020, 0x0000, 0xAD55, 0x4A49, 0xE71C, 0x8430,
  0x632C, 0xF7BE, 0x4A49, 0xDEFB, 0x8C71, 0x738E, 0xD67A, 0x8062, 0xC020, 0xB000, 0xB800, 0xB800,
  0xB800, 0xB800, 0xB800, 0xB800, 0xB800, 0xB800, 0xB800, 0xB800, 0xB800, 0xB800, 0xB021, 0x3040,
  0x2965, 0x7BCE, 0xF7BE, 0x4A49, 0xE71C, 0x8C51, 0x632C, 0x73AE, 0x0000, 0x0000, 0x0000, 0x0000,
  0x0000, 0x0000, 0xA534, 0x8C71, 0x0841, 0x0000, 0x31A6, 0xD6BA, 0xCE79, 0x2104, 0x0000, 0x0000,
  0x8C71, 0x4228, 0x18E3, 0xE71C, 0x7BEF, 0x0000, 0x94B2, 0x8430, 0x0000, 0x528A, 0x94B2, 0x0000,
  0x0000, 0x39C7, 0xC638, 0xD69A, 0xCE79, 0xCE79, 0xD69A, 0xCE79, 0xE71C, 0x5ACB, 0x0000, 0xC638,
  0xDEFB, 0xD6BA, 0xDEDB, 0xDEFB, 0xE71C, 0xEF5D, 0xDEFB, 0xDEFB, 0xDEFB, 0xDEFB, 0xD6BA, 0xD69A,
  0xD6BA, 0x9CD3, 0x6B4D, 0xB596, 0xB800, 0xB800, 0xB800, 0xB800, 0xB800, 0xB800, 0xB800, 0xB800,
  0xB800, 0xB800, 0xB800, 0xB800, 0xB800, 0xB800, 0xB800, 0xB800, 0xB800, 0xB800, 0xB800, 0xB800,
  0xB800, 0xB800, 0xB800, 0xB800, 0xB800, 0xB800, 0xB800, 0xB800, 0xB800, 0xB800, 0xB800, 0xB800,
  0xB800, 0xB800, 0xB800, 0xB800, 0xB800, 0xB800, 0xB800, 0xB800, 0xB800, 0xB800, 0xB800, 0xB800,
  0xB800, 0xB800, 0xB800, 0xB800, 0xB800, 0xB800, 0xB800, 0xB800, 0xB800, 0xB800, 0xB800, 0xB800,
  0xB800, 0xB800, 0xB800, 0xB800, 0xB800, 0xB800, 0xB800, 0xB800, 0xB800, 0xB800, 0xB800, 0xB800,
  0xB800, 0xB800, 0xB800, 0xB800, 0xB800, 0xB800, 0xB800, 0xB800, 0xB800, 0xB800, 0xB800, 0xB800,
  0xC000, 0x7061, 0x0000, 0x5AAB, 0xDEFB, 0xCE79, 0xD69A, 0xD69A, 0xD69A, 0xD69A, 0xD69A, 0xD69A,
  0xD69A, 0xCE79, 0xDEFB, 0x94B2, 0x0000, 0x0000, 0x5021, 0xB820, 0xB800, 0xB800, 0xB800, 0xB800,
  0xB800, 0xB800, 0xB800, 0xB800, 0x3020, 0x0000, 0x0000, 0x1082, 0xC638, 0xD69A, 0xD69A, 0xD69A,
  0xD69A, 0xD69A, 0xD69A, 0xD69A, 0xD69A, 0xCE79, 0xDEDB, 0x39A6, 0x0000, 0x5041, 0xC000, 0xB800,
  0xB800, 0xC000, 0x7021, 0x0000, 0x528A, 0x0000, 0x8C51, 0xDEFB, 0xCE79, 0xD69A, 0xD69A, 0xD69A,
  0xD69A, 0xD69A, 0xD69A, 0xD69A, 0xD69A, 0xD69A, 0xD69A, 0xD69A, 0xD69A, 0xD69A, 0xCE79, 0xD6BA,
  0x3186, 0x0000, 0x0000, 0x0000, 0xAD55, 0x630C, 0x4A49, 0xAD55, 0x0861, 0x0000, 0x0000, 0x10A2,
  0x9CF3, 0x18C3, 0xAD75, 0x5ACB, 0x39E7, 0xBDD7, 0x18C3, 0xA534, 0x630C, 0x31C7, 0x81C7, 0xA800,
  0xB800, 0xB800, 0xB800, 0xB800, 0xB800, 0xB800, 0xB800, 0xB800, 0xB800, 0xB800, 0xB800, 0xB800,
  0xB800, 0xB840, 0x5000, 0x31C7, 0x630C, 0x4207, 0xBDD7, 0x18C3, 0xAD55, 0x5ACB, 0x31A6, 0x8410,
  0x0000, 0x0000, 0x0000, 0x0000, 0x0000, 0x0000, 0x0861, 0x0000, 0x0000, 0x0000, 0x9492, 0xDEFB,
  0xB5B6, 0x0020, 0x0000, 0x0000, 0x8C51, 0x4228, 0x10A2, 0xE71C, 0x9492, 0x18E3, 0xAD75, 0xBDF7,
  0x5AEB, 0x94B2, 0xEF5D, 0xCE79, 0xBDF7, 0xE73C, 0xE71C, 0xDEDB, 0xDEDB, 0xDEDB, 0xD6BA, 0xCE59,
  0xD6BA, 0x5ACB, 0x0000, 0x9CF3, 0xAD75, 0x9CF3, 0x94B2, 0x8430, 0x7BCF, 0x6B4D, 0x632C, 0x5ACB,
  0x4A69, 0x39C7, 0x31A6, 0x2965, 0x18E3, 0x18C3, 0x18C3, 0x0861, 0xB800, 0xB800, 0xB800, 0xB800,
  0xB800, 0xB800, 0xB800, 0xB800, 0xB800, 0xB800, 0xB800, 0xB800, 0xB800, 0xB800, 0xB800, 0xB800,
  0xB800, 0xB800, 0xB800, 0xB800, 0xB800, 0xB800, 0xB800, 0xB800, 0xB800, 0xB800, 0xB800, 0xB800,
  0xB800, 0xB800, 0xB800, 0xB800, 0xB800, 0xB800, 0xB800, 0xB800, 0xB800, 0xB800, 0xB800, 0xB800,
  0xB800, 0xB800, 0xB800, 0xB800, 0xB800, 0xB800, 0xB800, 0xB800, 0xB800, 0xB800, 0xB800, 0xB800,
  0xB800, 0xB800, 0xB800, 0xB800, 0xB800, 0xB800, 0xB800, 0xB800, 0xB800, 0xB800, 0xB800, 0xB800,
  0xB800, 0xB800, 0xB800, 0xB800, 0xB800, 0xB800, 0xB800, 0xB800, 0xB800, 0xB800, 0xB800, 0xB800,
  0xB800, 0xB800, 0xB800, 0xB800, 0xB800, 0xA820, 0x2800, 0x0000, 0xB595, 0xDEDB, 0xCE79, 0xD69A,
  0xD69A, 0xD69A, 0xD69A, 0xD69A, 0xD69A, 0xD69A, 0xCE79, 0xDEFB, 0x4A48, 0x0000, 0x1020, 0x9841,
  0xB800, 0xB800, 0xB800, 0xB800, 0xB800, 0xB800, 0xB800, 0xB800, 0x3020, 0x0000, 0x0000, 0x0841,
  0xB5B6, 0xD6BA, 0xD69A, 0xD69A, 0xD69A, 0xD69A, 0xD69A, 0xD69A, 0xD69A, 0xCE79, 0xDEFB, 0x62EB,
  0x0000, 0x3841, 0xB801, 0xB800, 0xB800, 0xC000, 0x7041, 0x0000, 0x8C51, 0x2124, 0x9CF3, 0xDEDB,
  0xCE79, 0xD69A, 0xD69A, 0xD69A, 0xD69A, 0xD69A, 0xD69A, 0xD69A, 0xD69A, 0xD69A, 0xD69A, 0xD69A,
  0xD69A, 0xCE79, 0xD6BA, 0xBDD7, 0x0841, 0x0000, 0x0000, 0x0861, 0x0020, 0x0000, 0x0000, 0x0000,
  0x0000, 0x0000, 0x0000, 0x0000, 0x0020, 0x10A2, 0x0000, 0x0861, 0x1082, 0x0000, 0x18E3, 0x0020,
  0x0000, 0x3000, 0xA000, 0xB800, 0xB800, 0xB800, 0xB800, 0xB800, 0xB800, 0xB800, 0xB800, 0xB800,
  0xB800, 0xB800, 0xB800, 0xB800, 0xC000, 0x8040, 0x0800, 0x0041, 0x0861, 0x0861, 0x0000, 0x10A2,
  0x0000, 0x0841, 0x1082, 0x0020, 0x0000, 0x0000, 0x0000, 0x0000, 0x0000, 0x0000, 0x0000, 0x0000,
  0x0000, 0x2104, 0xCE59, 0xD6BA, 0xA534, 0x18E3, 0x2965, 0x2965, 0xA514, 0xB596, 0x9CF3, 0xC618,
  0xB5B6, 0xB596, 0xAD55, 0xA514, 0xA534, 0x9492, 0x7BCF, 0x73AE, 0x6B4D, 0x528A, 0x528A, 0x4228,
  0x39E7, 0x3186, 0x18C3, 0x10A2, 0x0861, 0x0000, 0x0000, 0x0000, 0x0000, 0x0000, 0x0000, 0x0000,
  0x0000, 0x0000, 0x0000, 0x0000, 0x0000, 0x2124, 0x0020, 0x0000, 0x0841, 0x4228, 0x52AA, 0x2965,
  0xB800, 0xB800, 0xB800, 0xB800, 0xB800, 0xB800, 0xB800, 0xB800, 0xB800, 0xB800, 0xB800, 0xB800,
  0xB800, 0xB800, 0xB800, 0xB800, 0xB800, 0xB800, 0xB800, 0xB800, 0xB800, 0xB800, 0xB800, 0xB800,
  0xB800, 0xB800, 0xB800, 0xB800, 0xB800, 0xB800, 0xB800, 0xB800, 0xB800, 0xB800, 0xB800, 0xB800,
  0xB800, 0xB800, 0xB800, 0xB800, 0xB800, 0xB800, 0xB800, 0xB800, 0xB800, 0xB800, 0xB800, 0xB800,
  0xB800, 0xB800, 0xB800, 0xB800, 0xB800, 0xB800, 0xB800, 0xB800, 0xB800, 0xB800, 0xB800, 0xB800,
  0xB800, 0xB800, 0xB800, 0xB800, 0xB800, 0xB800, 0xB800, 0xB800, 0xB800, 0xB800, 0xB800, 0xB800,
  0xB800, 0xB800, 0xB800, 0xB800, 0xB800, 0xB800, 0xB800, 0xB800, 0xB800, 0xC000, 0x7841, 0x0000,
  0x4228, 0xDEDB, 0xCE79, 0xD69A, 0xD69A, 0xD69A, 0xD69A, 0xD69A, 0xD69A, 0xD69A, 0xD69A, 0xDEDA,
  0xB5B6, 0x0820, 0x0000, 0x4841, 0xB820, 0xB800, 0xB800, 0xB800, 0xB800, 0xB800, 0xB800, 0xB820,
  0x3820, 0x0000, 0x0000, 0x0020, 0xB596, 0xD6BA, 0xD69A, 0xD69A, 0xD69A, 0xD69A, 0xD69A, 0xD69A,
  0xD69A, 0xCE79, 0xDEFB, 0x7BCF, 0x0000, 0x2821, 0xB021, 0xB800, 0xB800, 0xC000, 0x7041, 0x0000,
  0xAD55, 0x6B4D, 0xAD55, 0xDEDB, 0xD69A, 0xD69A, 0xD69A, 0xD69A, 0xD69A, 0xD69A, 0xD69A, 0xD69A,
  0xD69A, 0xD69A, 0xD69A, 0xD69A, 0xD69A, 0xCE79, 0xDEFB, 0x9492, 0x0000, 0x0000, 0x0000, 0xB5B6,
  0x52AA, 0x0000, 0x0000, 0x0000, 0x0000, 0x0000, 0x0000, 0x0000, 0x31A6, 0xDEDB, 0x31A6, 0x8C51,
  0xAD55, 0x31A6, 0x6B2C, 0x0000, 0x2820, 0xA061, 0xC000, 0xB800, 0xB800, 0xB800, 0xB800, 0xB800,
  0xB800, 0xB800, 0xB800, 0xB800, 0xB800, 0xB800, 0xB800, 0xB800, 0xA840, 0x2020, 0x94B2, 0x4A28,
  0x8C51, 0xA534, 0x3186, 0xDEDA, 0x3186, 0x73AE, 0xBDF7, 0x0020, 0x0000, 0x0000, 0x0000, 0x0000,
  0x0000, 0x0000, 0x0000, 0x0000, 0x0000, 0x5ACB, 0xDEFB, 0xD6BA, 0x8C71, 0x31A6, 0x4228, 0x31A6,
  0x18E3, 0x18C3, 0x2124, 0x1082, 0x0861, 0x0841, 0x0000, 0x0000, 0x0000, 0x0000, 0x0841, 0x1082,
  0x2124, 0x2124, 0x0000, 0x0000, 0x0000, 0x2104, 0x5ACB, 0x630C, 0x4A49, 0x2124, 0x31A6, 0x4228,
  0x18E3, 0x0000, 0x0000, 0x7BCF, 0xCE59, 0x2965, 0x0000, 0x0000, 0x9492, 0xD6BA, 0x18C3, 0x0000,
  0x7BCF, 0xEF7D, 0xDEDB, 0x2945, 0xB800, 0xB800, 0xB800, 0xB800, 0xB800, 0xB800, 0xB800, 0xB800,
  0xB800, 0xB800, 0xB800, 0xB800, 0xB800, 0xB800, 0xB800, 0xB800, 0xB800, 0xB800, 0xB800, 0xB800,
  0xB800, 0xB800, 0xB800, 0xB800, 0xB800, 0xB800, 0xB800, 0xB800, 0xB800, 0xB800, 0xB800, 0xB800,
  0xB800, 0xB800, 0xB800, 0xB800, 0xB800, 0xB800, 0xB800, 0xB800, 0xB800, 0xB800, 0xB800, 0xB800,
  0xB800, 0xB800, 0xB800, 0xB800, 0xB800, 0xB800, 0xB800, 0xB800, 0xB800, 0xB800, 0xB800, 0xB800,
  0xB800, 0xB800, 0xB800, 0xB800, 0xB800, 0xB800, 0xB800, 0xB800, 0xB800, 0xB800, 0xB800, 0xB800,
  0xB800, 0xB800, 0xB800, 0xB800, 0xB800, 0xB800, 0xB800, 0xB800, 0xB800, 0xB800, 0xB800, 0xB800,
  0xB800, 0xB800, 0xA840, 0x2020, 0x0000, 0xA514, 0xE6FB, 0xCE79, 0xD69A, 0xD69A, 0xD69A, 0xD69A,
  0xD69A, 0xD69A, 0xD69A, 0xCE79, 0xE71C, 0x5ACB, 0x0000, 0x1020, 0x8841, 0xC000, 0xB800, 0xB800,
  0xB800, 0xB800, 0xB800, 0xB820, 0x4020, 0x0000, 0x0000, 0x0000, 0xB596, 0xD6BA, 0xD69A, 0xD69A,
  0xD69A, 0xD69A, 0xD69A, 0xD69A, 0xD69A, 0xCE79, 0xDEFB, 0x9471, 0x0000, 0x1020, 0xA041, 0xB800,
  0xB800, 0xC000, 0x6021, 0x0000, 0xAD75, 0xC618, 0xC618, 0xD69A, 0xD69A, 0xD69A, 0xD69A, 0xD69A,
  0xD69A, 0xD69A, 0xD69A, 0xD69A, 0xD69A, 0xD69A, 0xD69A, 0xD69A, 0xD69A, 0xCE79, 0xE71C, 0x632C,
  0x0000, 0x0000, 0x10A2, 0x94B2, 0x18C3, 0x0000, 0x0000, 0x0000, 0x0000, 0x0000, 0x0000, 0x0000,
  0x4228, 0xF79E, 0x4228, 0x9CD3, 0xCE59, 0x1082, 0x0000, 0x3020, 0xA041, 0xB800, 0xB800, 0xB800,
  0xB800, 0xB800, 0xB800, 0xB800, 0xB800, 0xB800, 0xB800, 0xB800, 0xB800, 0xB800, 0xB800, 0xB840,
  0x4800, 0x2985, 0xF7BE, 0x528A, 0x9CF3, 0xBDF7, 0x4228, 0xF79E, 0x4228, 0x8C51, 0xDEDB, 0x0861,
  0x0000, 0x0020, 0x0000, 0x0000, 0x0000, 0x0000, 0x0000, 0x0020, 0x0000, 0x7BEF, 0xDEDB, 0xDEDB,
  0x4228, 0x0000, 0x0000, 0x4208, 0x8430, 0x4A69, 0x0000, 0x0000, 0x0000, 0x0000, 0x0000, 0x18E3,
  0x7BCF, 0xC638, 0xDEFB, 0xD69A, 0x8C71, 0x3186, 0x0000, 0x0000, 0x0020, 0xA534, 0xEF5D, 0xDEFB,
  0xDEDB, 0xD69A, 0xDEBB, 0xDEDB, 0x2965, 0x0000, 0x2104, 0xDEFB, 0xA534, 0x0000, 0x0000, 0x2945,
  0xE71C, 0x738E, 0x0000, 0x18C3, 0xC638, 0xDEFB, 0x7BEF, 0x0000, 0xB800, 0xB800, 0xB800, 0xB800,
  0xB800, 0xB800, 0xB800, 0xB800, 0xB800, 0xB800, 0xB800, 0xB800, 0xB800, 0xB800, 0xB800, 0xB800,
  0xB800, 0xB800, 0xB800, 0xB800, 0xB800, 0xB800, 0xB800, 0xB800, 0xB800, 0xB800, 0xB800, 0xB800,
  0xB800, 0xB800, 0xB800, 0xB800, 0xB800, 0xB800, 0xB800, 0xB800, 0xB800, 0xB800, 0xB800, 0xB800,
  0xB800, 0xB800, 0xB800, 0xB800, 0xB800, 0xB800, 0xB800, 0xB800, 0xB800, 0xB800, 0xB800, 0xB800,
  0xB800, 0xB800, 0xB800, 0xB800, 0xB800, 0xB800, 0xB800, 0xB800, 0xB800, 0xB800, 0xB800, 0xB800,
  0xB800, 0xB800, 0xB800, 0xB800, 0xB800, 0xB800, 0xB800, 0xB800, 0xB800, 0xB800, 0xB800, 0xB800,
  0xB800, 0xB800, 0xB800, 0xB800, 0xB800, 0xB800, 0xB820, 0x6840, 0x0000, 0x2945, 0xCE79, 0xD69A,
  0xD69A, 0xD69A, 0xD69A, 0xD69A, 0xD69A, 0xD69A, 0xD69A, 0xCE79, 0xDEDB, 0xA534, 0x0000, 0x0000,
  0x4020, 0xB821, 0xB800, 0xB800, 0xB800, 0xB800, 0xB800, 0xC020, 0x5020, 0x0000, 0x0000, 0x0020,
  0xB5B6, 0xD6BA, 0xD69A, 0xD69A, 0xD69A, 0xD69A, 0xD69A, 0xD69A, 0xD69A, 0xCE79, 0xDEDB, 0xA514,
  0x0000, 0x0800, 0x8841, 0xC000, 0xB800, 0xC020, 0x5820, 0x0000, 0xAD55, 0xDEFB, 0xD69A, 0xD69A,
  0xD69A, 0xD69A, 0xD69A, 0xD69A, 0xD69A, 0xD69A, 0xD69A, 0xD69A, 0xD69A, 0xD69A, 0xD69A, 0xD69A,
  0xD69A, 0xCE79, 0xDEDB, 0x31A6, 0x0000, 0x0000, 0x0000, 0x0000, 0x0000, 0x0000, 0x0000, 0x0000,
  0x0000, 0x0000, 0x0000, 0x0000, 0x0000, 0x31A6, 0x0000, 0x2104, 0x2945, 0x0000, 0x2820, 0xA061,
  0xB800, 0xB000, 0xB800, 0xB800, 0xB800, 0xB800, 0xB800, 0xB800, 0xB800, 0xB800, 0xB800, 0xB800,
  0xB800, 0xB800, 0xC000, 0x7861, 0x0000, 0x0000, 0x31A6, 0x0000, 0x18C3, 0x2124, 0x0000, 0x31A6,
  0x0000, 0x1082, 0x2965, 0x0000, 0x0000, 0x0000, 0x0000, 0x0000, 0x0000, 0x0000, 0x0000, 0x0000,
  0x4228, 0xCE79, 0xCE79, 0xD6BA, 0x2965, 0x0000, 0x0000, 0x18E3, 0xBDD7, 0xF79E, 0x6B6D, 0x0000,
  0x0020, 0x0000, 0x2945, 0xD69A, 0xDEFB, 0xCE79, 0x8410, 0x2124, 0x0000, 0x0000, 0x0841, 0x5ACB,
  0xB5B6, 0xD69A, 0xCE59, 0xCE79, 0xCE79, 0xCE79, 0xDEDB, 0x8C51, 0x0000, 0x0000, 0x7BCF, 0xEF5D,
  0x39E7, 0x0000, 0x0000, 0x8C71, 0xD6BA, 0x18C3, 0x0000, 0x6B6D, 0xDEFB, 0xCE79, 0x2945, 0x0000,
  0xB800, 0xB800, 0xB800, 0xB800, 0xB800, 0xB800, 0xB800, 0xB800, 0xB800, 0xB800, 0xB800, 0xB800,
  0xB800, 0xB800, 0xB800, 0xB800, 0xB800, 0xB800, 0xB800, 0xB800, 0xB800, 0xB800, 0xB800, 0xB800,
  0xB800, 0xB800, 0xB800, 0xB800, 0xB800, 0xB800, 0xB800, 0xB800, 0xB800, 0xB800, 0xB800, 0xB800,
  0xB800, 0xB800, 0xB800, 0xB800, 0xB800, 0xB800, 0xB800, 0xB800, 0xB800, 0xB800, 0xB800, 0xB800,
  0xB800, 0xB800, 0xB800, 0xB800, 0xB800, 0xB800, 0xB800, 0xB800, 0xB800, 0xB800, 0xB800, 0xB800,
  0xB800, 0xB800, 0xB800, 0xB800, 0xB800, 0xB800, 0xB800, 0xB800, 0xB800, 0xB800, 0xB800, 0xB800,
  0xB800, 0xB800, 0xB800, 0xB800, 0xB800, 0xB800, 0xB800, 0xB800, 0xB800, 0xB800, 0xB800, 0xA820,
  0x2020, 0x0000, 0x528A, 0xDEFB, 0xCE79, 0xD69A, 0xD69A, 0xD69A, 0xD69A, 0xD69A, 0xD69A, 0xD69A,
  0xCE79, 0xD6BA, 0x3186, 0x0000, 0x0820, 0x8821, 0xB800, 0xB800, 0xB800, 0xB800, 0xB800, 0xC000,
  0x5821, 0x0000, 0x0000, 0x0841, 0xBDD7, 0xD6BA, 0xD69A, 0xD69A, 0xD69A, 0xD69A, 0xD69A, 0xD69A,
  0xD69A, 0xCE79, 0xDEDB, 0xB596, 0x0000, 0x0000, 0x7041, 0xC000, 0xB800, 0xB820, 0x4820, 0x0000,
  0xAD55, 0xD6DA, 0xCE79, 0xD69A, 0xD69A, 0xD69A, 0xD69A, 0xD69A, 0xD69A, 0xD69A, 0xD69A, 0xD69A,
  0xD69A, 0xD69A, 0xD69A, 0xD69A, 0xCE79, 0xD6BA, 0xBDF7, 0x0861, 0x0000, 0x0000, 0x0000, 0x0000,
  0x0000, 0x0000, 0x0000, 0x0000, 0x0000, 0x0000, 0x0000, 0x4208, 0x8C71, 0x0861, 0x7BCF, 0x1061,
  0x0000, 0x2020, 0x9861, 0xB800, 0xB800, 0xB800, 0xB800, 0xB800, 0xB800, 0xB800, 0xB800, 0xB800,
  0xB800, 0xB800, 0xB800, 0xB800, 0xB800, 0xC000, 0x9040, 0x0800, 0x31A7, 0x9492, 0x0020, 0x8410,
  0x4A49, 0x2965, 0x94B2, 0x0000, 0x8430, 0x4208, 0x3186, 0x9492, 0x0861, 0x4A49, 0x0000, 0x0000,
  0x0000, 0x0000, 0x0020, 0x0000, 0x52AA, 0xDEFB, 0xCE59, 0xD6BA, 0xBDD7, 0x18E3, 0x0000, 0x0000,
  0x0000, 0x9CF3, 0xEF7D, 0x7BCF, 0x0000, 0x0000, 0x0000, 0x5ACB, 0xD6BA, 0xCE59, 0x3186, 0x0000,
  0x0000, 0x10A2, 0xBDD7, 0xE71C, 0xD6BA, 0xCE79, 0xD69A, 0xD69A, 0xD69A, 0xCE79, 0xD6BA, 0x2965,
  0x0000, 0x18C3, 0xD69A, 0xAD55, 0x0000, 0x0000, 0x2124, 0xDEFB, 0x7BCF, 0x0000, 0x10A2, 0xBDF7,
  0xDEFB, 0x8C51, 0x0000, 0x0000, 0xB800, 0xB800, 0xB800, 0xB800, 0xB800, 0xB800, 0xB800, 0xB800,
  0xB800, 0xB800, 0xB800, 0xB800, 0xB800, 0xB800, 0xB800, 0xB800, 0xB800, 0xB800, 0xB800, 0xB800,
  0xB800, 0xB800, 0xB800, 0xB800, 0xB800, 0xB800, 0xB800, 0xB800, 0xB800, 0xB800, 0xB800, 0xB800,
  0xB800, 0xB800, 0xB800, 0xB800, 0xB800, 0xB800, 0xB800, 0xB800, 0xB800, 0xB800, 0xB800, 0xB800,
  0xB800, 0xB800, 0xB800, 0xB800, 0xB800, 0xB800, 0xB800, 0xB800, 0xB800, 0xB800, 0xB800, 0xB800,
  0xB800, 0xB800, 0xB800, 0xB800, 0xB800, 0xB800, 0xB800, 0xB800, 0xB800, 0xB800, 0xB800, 0xB800,
  0xB800, 0xB800, 0xB800, 0xB800, 0xB800, 0xB800, 0xB800, 0xB800, 0xB800, 0xB800, 0xB800, 0xB800,
  0xB800, 0xB800, 0xB800, 0xC020, 0x5820, 0x0000, 0x0000, 0x9CF3, 0xDEDB, 0xCE79, 0xD69A, 0xD69A,
  0xD69A, 0xD69A, 0xD69A, 0xD69A, 0xCE79, 0xDEFB, 0x8C51, 0x0000, 0x0000, 0x4820, 0xB800, 0xB800,
  0xB800, 0xB800, 0xB800, 0xC000, 0x6020, 0x0000, 0x0000, 0x0841, 0xBDD7, 0xD6BA, 0xD69A, 0xD69A,
  0xD69A, 0xD69A, 0xD69A, 0xD69A, 0xD69A, 0xCE79, 0xD6BA, 0xBDF7, 0x1061, 0x0000, 0x6020, 0xC000,
  0xB800, 0xB820, 0x4020, 0x0000, 0xA514, 0xDEDB, 0xCE79, 0xD69A, 0xD69A, 0xD69A, 0xD69A, 0xD69A,
  0xD69A, 0xD69A, 0xD69A, 0xD69A, 0xD69A, 0xD69A, 0xD69A, 0xD69A, 0xCE79, 0xDEFB, 0x9CD3, 0x0000,
  0x0000, 0x0000, 0x0000, 0x0000, 0x0000, 0x0000, 0x0000, 0x0000, 0x0000, 0x0000, 0x0000, 0x8430,
  0xF7BE, 0x4A49, 0x3186, 0x0000, 0x1820, 0x9041, 0xB800, 0xB800, 0xB800, 0xB800, 0xB800, 0xB800,
  0xB800, 0xB800, 0xB800, 0xB800, 0xB800, 0xB800, 0xB800, 0xB800, 0xB800, 0xB021, 0x3882, 0x2165,
  0x73AE, 0xFFFF, 0x4A69, 0xE71C, 0x9CF3, 0x7BEF, 0xF7BE, 0x4A49, 0xEF5D, 0x94B2, 0x8430, 0xF7BE,
  0x39C7, 0xBDF7, 0x2104, 0x0000, 0x0000, 0x0000, 0x0000, 0x0000, 0x0000, 0xB5B6, 0xD6BA, 0xCE79,
  0xDEDB, 0xC618, 0x2124, 0x0000, 0x0000, 0x0000, 0x94B2, 0xEF7D, 0x8430, 0x0000, 0x0000, 0x0000,
  0x528A, 0xDEFB, 0xD6BA, 0x39E7, 0x0000, 0x0000, 0x4A69, 0xD69A, 0xCE79, 0xCE79, 0xCE79, 0xD69A,
  0xCE79, 0xDEDB, 0x9492, 0x0000, 0x0000, 0x6B6D, 0xEF5D, 0x4A49, 0x0000, 0x0000, 0x8C51, 0xDEDB,
  0x18E3, 0x0000, 0x6B4D, 0xDEFB, 0xD69A, 0x2965, 0x0000, 0x0000, 0xB800, 0xB800, 0xB800, 0xB800,
  0xB800, 0xB800, 0xB800, 0xB800, 0xB800, 0xB800, 0xB800, 0xB800, 0xB800, 0xB800, 0xB800, 0xB800,
  0xB800, 0xB800, 0xB800, 0xB800, 0xB800, 0xB800, 0xB800, 0xB800, 0xB800, 0xB800, 0xB800, 0xB800,
  0xB800, 0xB800, 0xB800, 0xB800, 0xB800, 0xB800, 0xB800, 0xB800, 0xB800, 0xB800, 0xB800, 0xB800,
  0xB800, 0xB800, 0xB800, 0xB800, 0xB800, 0xB800, 0xB800, 0xB800, 0xB800, 0xB800, 0xB800, 0xB800,
  0xB800, 0xB800, 0xB800, 0xB800, 0xB800, 0xB800, 0xB800, 0xB800, 0xB800, 0xB800, 0xB800, 0xB800,
  0xB800, 0xB800, 0xB800, 0xB800, 0xB800, 0xB800, 0xB800, 0xB800, 0xB800, 0xB800, 0xB800, 0xB800,
  0xB800, 0xB800, 0xB800, 0xB800, 0xB800, 0xB800, 0xB800, 0xC000, 0x9021, 0x0820, 0x0000, 0x39C7,
  0xDEDB, 0xCE79, 0xD69A, 0xD69A, 0xD69A, 0xD69A, 0xD69A, 0xD69A, 0xD69A, 0xD69A, 0xCE79, 0x18E3,
  0x0000, 0x0800, 0x9021, 0xB800, 0xB800, 0xB800, 0xB800, 0xC000, 0x6021, 0x0000, 0x0000, 0x0020,
  0xB5B6, 0xD6BA, 0xD69A, 0xD69A, 0xD69A, 0xD69A, 0xD69A, 0xD69A, 0xD69A, 0xCE79, 0xD69A, 0xC638,
  0x18A2, 0x0000, 0x4820, 0xC020, 0xB800, 0xB820, 0x3841, 0x0000, 0x8C51, 0xDEFB, 0xCE79, 0xD69A,
  0xD69A, 0xD69A, 0xD69A, 0xD69A, 0xD69A, 0xD69A, 0xD69A, 0xD69A, 0xD69A, 0xD69A, 0xD69A, 0xD69A,
  0xCE79, 0xDEFB, 0x6B4D, 0x0000, 0x0020, 0x0000, 0x0000, 0x0000, 0x0000, 0x0000, 0x0000, 0x0000,
  0x0000, 0x0000, 0x0000, 0x3186, 0x7BCF, 0x0020, 0x0000, 0x1820, 0x9042, 0xC000, 0xB800, 0xB800,
  0xB800, 0xB800, 0xB800, 0xB800, 0xB800, 0xB800, 0xB800, 0xB800, 0xB800, 0xB800, 0xB800, 0xB800,
  0xB841, 0x4000, 0x2144, 0x2965, 0x18C3, 0x7BEF, 0x0000, 0x6B6D, 0x31A6, 0x18E3, 0x7BCF, 0x0000,
  0x6B6D, 0x3186, 0x2124, 0x7BCF, 0x0000, 0x632C, 0x2965, 0x0000, 0x0000, 0x0000, 0x0000, 0x0020,
  0x0000, 0x73AE, 0xDEFB, 0xCE79, 0xCE79, 0xD6BA, 0xC638, 0x2945, 0x0000, 0x0000, 0x0000, 0x9492,
  0xEF7D, 0x9492, 0x0000, 0x0000, 0x0000, 0x4A69, 0xDEFB, 0xD6BA, 0x39E7, 0x0000, 0x0000, 0x4A49,
  0xD6BA, 0xD69A, 0xCE79, 0xD69A, 0xCE79, 0xDEFB, 0x5AEB, 0x0000, 0x10A2, 0xCE59, 0xB596, 0x0020,
  0x0000, 0x2124, 0xE71C, 0x8430, 0x0000, 0x1082, 0xBDD7, 0xDEFB, 0x9492, 0x0000, 0x0000, 0x10A2,
  0xB800, 0xB800, 0xB800, 0xB800, 0xB800, 0xB800, 0xB800, 0xB800, 0xB800, 0xB800, 0xB800, 0xB800,
  0xB800, 0xB800, 0xB800, 0xB800, 0xB800, 0xB800, 0xB800, 0xB800, 0xB800, 0xB800, 0xB800, 0xB800,
  0xB800, 0xB800, 0xB800, 0xB800, 0xB800, 0xB800, 0xB800, 0xB800, 0xB800, 0xB800, 0xB800, 0xB800,
  0xB800, 0xB800, 0xB800, 0xB800, 0xB800, 0xB800, 0xB800, 0xB800, 0xB800, 0xB800, 0xB800, 0xB800,
  0xB800, 0xB800, 0xB800, 0xB800, 0xB800, 0xB800, 0xB800, 0xB800, 0xB800, 0xB800, 0xB800, 0xB800,
  0xB800, 0xB800, 0xB800, 0xB800, 0xB800, 0xB800, 0xB800, 0xB800, 0xB800, 0xB800, 0xB800, 0xB800,
  0xB800, 0xB800, 0xB800, 0xB800, 0xB800, 0xB800, 0xB800, 0xB800, 0xB800, 0xB800, 0xB800, 0xB800,
  0xB820, 0x3820, 0x0000, 0x0000, 0xAD75, 0xD6BA, 0xD69A, 0xD69A, 0xD69A, 0xD69A, 0xD69A, 0xD69A,
  0xD69A, 0xCE79, 0xDEFB, 0x738E, 0x0000, 0x0000, 0x5020, 0xB820, 0xB800, 0xB800, 0xB800, 0xC000,
  0x6821, 0x0000, 0x0000, 0x0020, 0xB596, 0xD6BA, 0xD69A, 0xD69A, 0xD69A, 0xD69A, 0xD69A, 0xD69A,
  0xD69A, 0xD69A, 0xD69A, 0xCE79, 0x2104, 0x0000, 0x3820, 0xB821, 0xB800, 0xB020, 0x2840, 0x0000,
  0x738E, 0xDF1B, 0xCE79, 0xD69A, 0xD69A, 0xD69A, 0xD69A, 0xD69A, 0xD69A, 0xD69A, 0xD69A, 0xD69A,
  0xD69A, 0xD69A, 0xD69A, 0xD69A, 0xCE79, 0xDEDB, 0x39C7, 0x0000, 0x0000, 0x0000, 0x0000, 0x0000,
  0x0000, 0x0000, 0x0000, 0x0000, 0x0000, 0x0000, 0x0000, 0x0000, 0x0000, 0x0000, 0x0800, 0x8041,
  0xB820, 0xB000, 0xB800, 0xB800, 0xB800, 0xB800, 0xB800, 0xB800, 0xB800, 0xB800, 0xB800, 0xB800,
  0xB800, 0xB800, 0xB800, 0xC020, 0x6000, 0x18C3, 0x0820, 0x2945, 0x2125, 0x0000, 0x4229, 0x0000,
  0x2104, 0x2965, 0x0000, 0x4228, 0x0000, 0x2124, 0x2945, 0x0000, 0x4228, 0x0000, 0x0841, 0x0000,
  0x0000, 0x0000, 0x0000, 0x0020, 0x0000, 0x39C7, 0xDEDB, 0xCE79, 0xCE59, 0xD69A, 0xD69A, 0xCE79,
  0x3186, 0x0000, 0x0000, 0x0000, 0x8C51, 0xEF7D, 0x9CF3, 0x0841, 0x0000, 0x0000, 0x4228, 0xD6BA,
  0xD6BA, 0x4A49, 0x0000, 0x0000, 0x4A49, 0xD6BA, 0xCE79, 0xCE79, 0xCE79, 0xDEFB, 0x8C71, 0x0000,
  0x2965, 0xE71C, 0x6B4D, 0x0000, 0x0000, 0x7BEF, 0xDEFB, 0x2124, 0x0000, 0x632C, 0xDEFB, 0xD6BA,
  0x31A6, 0x0000, 0x0000, 0x528A, 0xB800, 0xB800, 0xB800, 0xB800, 0xB800, 0xB800, 0xB800, 0xB800,
  0xB800, 0xB800, 0xB800, 0xB800, 0xB800, 0xB800, 0xB800, 0xB800, 0xB800, 0xB800, 0xB800, 0xB800,
  0xB800, 0xB800, 0xB800, 0xB800, 0xB800, 0xB800, 0xB800, 0xB800, 0xB800, 0xB800, 0xB800, 0xB800,
  0xB800, 0xB800, 0xB800, 0xB800, 0xB800, 0xB800, 0xB800, 0xB800, 0xB800, 0xB800, 0xB800, 0xB800,
  0xB800, 0xB800, 0xB800, 0xB800, 0xB800, 0xB800, 0xB800, 0xB800, 0xB800, 0xB800, 0xB800, 0xB800,
  0xB800, 0xB800, 0xB800, 0xB800, 0xB800, 0xB800, 0xB800, 0xB800, 0xB800, 0xB800, 0xB800, 0xB800,
  0xB800, 0xB800, 0xB800, 0xB800, 0xB800, 0xB800, 0xB800, 0xB800, 0xB800, 0xB800, 0xB800, 0xB800,
  0xB800, 0xB800, 0xB800, 0xB800, 0xC000, 0x7041, 0x0020, 0x0000, 0x6B4D, 0xDEFB, 0xCE79, 0xD69A,
  0xD69A, 0xD69A, 0xD69A, 0xD69A, 0xD69A, 0xCE79, 0xD6BA, 0xC618, 0x1082, 0x0000, 0x1000, 0x9821,
  0xB800, 0xB800, 0xB800, 0xC000, 0x7020, 0x0000, 0x0000, 0x0020, 0xB596, 0xD6BA, 0xD69A, 0xD69A,
  0xD69A, 0xD69A, 0xD69A, 0xD69A, 0xD69A, 0xD69A, 0xCE79, 0xD6BA, 0x3186, 0x0000, 0x2021, 0xB021,
  0xB800, 0xB020, 0x2020, 0x0000, 0x632C, 0xDF1B, 0xCE79, 0xD69A, 0xD69A, 0xD69A, 0xD69A, 0xD69A,
  0xD69A, 0xD69A, 0xD69A, 0xD69A, 0xD69A, 0xD69A, 0xD69A, 0xCE79, 0xD6BA, 0xC638, 0x1082, 0x0000,
  0x0000, 0x0000, 0x0000, 0x0000, 0x0000, 0x0000, 0x0000, 0x0000, 0x0000, 0x0000, 0x0000, 0x0000,
  0x0000, 0x0800, 0x7841, 0xC000, 0xB800, 0xB800, 0xB800, 0xB800, 0xB800, 0xB800, 0xB800, 0xB800,
  0xB800, 0xB800, 0xB800, 0xB800, 0xB800, 0xB800, 0xC020, 0x8021, 0x20A2, 0xC638, 0x52AA, 0xBDD7,
  0xAD75, 0x39C7, 0xF7BF, 0x5ACB, 0xAD55, 0xC618, 0x4A69, 0xF7BE, 0x4A69, 0xB5B6, 0xBDD7, 0x52AA,
  0xF7BE, 0x4A49, 0x7BEF, 0x18C3, 0x0000, 0x0000, 0x0000, 0x0000, 0x0000, 0x10A2, 0xC618, 0xDEFB,
  0x6B6D, 0x94B2, 0xDEFB, 0xCE79, 0xCE79, 0x39E7, 0x0000, 0x0000, 0x0000, 0x7BEF, 0xEF5D, 0xAD55,
  0x1082, 0x0000, 0x0000, 0x4208, 0xD6BA, 0xDEDB, 0x4A49, 0x0000, 0x10A2, 0xC638, 0xD69A, 0xCE79,
  0xD69A, 0xD69A, 0xBDF7, 0x0841, 0x0000, 0xBDF7, 0x8C71, 0x0000, 0x0000, 0x632C, 0xD6BA, 0x10A2,
  0x0000, 0xA534, 0xE71C, 0x9492, 0x0000, 0x0000, 0x4208, 0xAD75, 0xB800, 0xB800, 0xB800, 0xB800,
  0xB800, 0xB800, 0xB800, 0xB800, 0xB800, 0xB800, 0xB800, 0xB800, 0xB800, 0xB800, 0xB800, 0xB800,
  0xB800, 0xB800, 0xB800, 0xB800, 0xB800, 0xB800, 0xB800, 0xB800, 0xB800, 0xB800, 0xB800, 0xB800,
  0xB800, 0xB800, 0xB800, 0xB800, 0xB800, 0xB800, 0xB800, 0xB800, 0xB800, 0xB800, 0xB800, 0xB800,
  0xB800, 0xB800, 0xB800, 0xB800, 0xB800, 0xB800, 0xB800, 0xB800, 0xB800, 0xB800, 0xB800, 0xB800,
  0xB800, 0xB800, 0xB800, 0xB800, 0xB800, 0xB800, 0xB800, 0xB800, 0xB800, 0xB800, 0xB800, 0xB800,
  0xB800, 0xB800, 0xB800, 0xB800, 0xB800, 0xB800, 0xB800, 0xB800, 0xB800, 0xB800, 0xB800, 0xB800,
  0xB800, 0xB800, 0xB800, 0xB800, 0xB800, 0xB800, 0xB800, 0xB800, 0xC000, 0xA021, 0x1020, 0x0000,
  0x3186, 0xDEDB, 0xD69A, 0xD69A, 0xD69A, 0xD69A, 0xD69A, 0xD69A, 0xD69A, 0xD69A, 0xCE79, 0xE71C,
  0x630C, 0x0000, 0x0020, 0x6021, 0xB821, 0xB800, 0xB800, 0xC000, 0x7820, 0x0000, 0x0000, 0x0020,
  0xB596, 0xD6BA, 0xD69A, 0xD69A, 0xD69A, 0xD69A, 0xD69A, 0xD69A, 0xD69A, 0xD69A, 0xCE79, 0xDEDB,
  0x4208, 0x0000, 0x1020, 0xA020, 0xC000, 0xA821, 0x1820, 0x0000, 0x5ACB, 0xDEFB, 0xCE79, 0xD69A,
  0xD69A, 0xD69A, 0xD69A, 0xD69A, 0xD69A, 0xD69A, 0xD69A, 0xD69A, 0xD69A, 0xD69A, 0xD69A, 0xCE79,
  0xDEDB, 0x9CF3, 0x0000, 0x0000, 0x0000, 0x0000, 0x0000, 0x0000, 0x0000, 0x0000, 0x0000, 0x0000,
  0x0000, 0x0000, 0x0000, 0x0000, 0x0000, 0x6841, 0xC021, 0xB800, 0xB800, 0xB800, 0xB800, 0xB800,
  0xB800, 0xB800, 0xB800, 0xB800, 0xB800, 0xB800, 0xB800, 0xB800, 0xB800, 0xB800, 0xA061, 0x1800,
  0x2986, 0xD69A, 0x2965, 0x9CD3, 0x8C51, 0x18E3, 0xCE79, 0x31A6, 0x8430, 0x9CD3, 0x2965, 0xCE79,
  0x2965, 0x8C71, 0x94B2, 0x3186, 0xCE79, 0x2104, 0x7BCF, 0x4228, 0x0000, 0x0020, 0x0000, 0x0000,
  0x0000, 0x0000, 0xA514, 0xEF5D, 0x7BEF, 0x0000, 0xA514, 0xDEDB, 0xCE79, 0xD69A, 0x4228, 0x0000,
  0x0020, 0x0000, 0x73AE, 0xEF5D, 0xB5B6, 0x18C3, 0x0000, 0x0000, 0x39E7, 0xD69A, 0xDEFB, 0x3186,
  0x0861, 0xC638, 0xD69A, 0xD69A, 0xCE59, 0xDEFB, 0xDEDB, 0x31A6, 0x0000, 0x8C71, 0xCE59, 0x0020,
  0x0000, 0x2124, 0xE71C, 0x528A, 0x0000, 0x8410, 0xEF7D, 0x630C, 0x0000, 0x0000, 0x6B6D, 0xCE79,
  0xB800, 0xB800, 0xB800, 0xB800, 0xB800, 0xB800, 0xB800, 0xB800, 0xB800, 0xB800, 0xB800, 0xB800,
  0xB800, 0xB800, 0xB800, 0xB800, 0xB800, 0xB800, 0xB800, 0xB800, 0xB800, 0xB800, 0xB800, 0xB800,
  0xB800, 0xB800, 0xB800, 0xB800, 0xB800, 0xB800, 0xB800, 0xB800, 0xB800, 0xB800, 0xB800, 0xB800,
  0xB800, 0xB800, 0xB800, 0xB800, 0xB800, 0xB800, 0xB800, 0xB800, 0xB800, 0xB800, 0xB800, 0xB800,
  0xB800, 0xB800, 0xB800, 0xB800, 0xB800, 0xB800, 0xB800, 0xB800, 0xB800, 0xB800, 0xB800, 0xB800,
  0xB800, 0xB800, 0xB800, 0xB800, 0xB800, 0xB800, 0xB800, 0xB800, 0xB800, 0xB800, 0xB800, 0xB800,
  0xB800, 0xB800, 0xB800, 0xB800, 0xB800, 0xB800, 0xB800, 0xB800, 0xB800, 0xB800, 0xB800, 0xB800,
  0xB800, 0xB820, 0x3820, 0x0000, 0x0861, 0xBDF7, 0xD6BA, 0xD69A, 0xD69A, 0xD69A, 0xD69A, 0xD69A,
  0xD69A, 0xD69A, 0xCE79, 0xD6BA, 0xBDD7, 0x0841, 0x0000, 0x2020, 0xB021, 0xB800, 0xB800, 0xC000,
  0x7841, 0x0000, 0x0000, 0x0020, 0xB596, 0xD6BA, 0xD69A, 0xD69A, 0xD69A, 0xD69A, 0xD69A, 0xD69A,
  0xD69A, 0xD69A, 0xCE79, 0xDEFB, 0x528A, 0x0000, 0x0820, 0x9040, 0xC000, 0xA020, 0x1020, 0x0000,
  0x4A69, 0xDEFB, 0xCE79, 0xD69A, 0xD69A, 0xD69A, 0xD69A, 0xD69A, 0xD69A, 0xD69A, 0xD69A, 0xD69A,
  0xD69A, 0xD69A, 0xD69A, 0xCE79, 0xDEFB, 0x6B6D, 0x0000, 0x0000, 0x0000, 0x0000, 0x0000, 0x0000,
  0x0000, 0x0000, 0x0000, 0x0000, 0x0000, 0x0000, 0x0000, 0x0000, 0x5041, 0xB821, 0xB800, 0xB800,
  0xB800, 0xB800, 0xB800, 0xB800, 0xB800, 0xB800, 0xB800, 0xB800, 0xB800, 0xB800, 0xB800, 0xB800,
  0xB800, 0xB041, 0x3000, 0x0021, 0x1082, 0x0841, 0x1082, 0x0861, 0x0841, 0x0861, 0x0020, 0x0861,
  0x0841, 0x0841, 0x1082, 0x0841, 0x0861, 0x0861, 0x0841, 0x1082, 0x0841, 0x0861, 0x0841, 0x1082,
  0x1082, 0x0000, 0x1082, 0x1082, 0x0000, 0x0000, 0x7BCF, 0xE73C, 0x9CF3, 0x0000, 0x0020, 0x9CD3,
  0xDEFB, 0xCE79, 0xD6BA, 0x4A49, 0x0000, 0x0020, 0x0000, 0x6B6D, 0xE73C, 0xBDD7, 0x2124, 0x0000,
  0x0000, 0x39E7, 0xE71C, 0x528A, 0x0000, 0xC618, 0xE71C, 0x6B4D, 0x10A2, 0x73AE, 0xD69A, 0x73AE,
  0x0000, 0x528A, 0xE71C, 0x2965, 0x0000, 0x0020, 0xC618, 0x8C51, 0x0000, 0x4A49, 0xEF5D, 0x94B2,
  0x0000, 0x0000, 0x39C7, 0xD6BA, 0xB800, 0xB800, 0xB800, 0xB800, 0xB800, 0xB800, 0xB800, 0xB800,
  0xB800, 0xB800, 0xB800, 0xB800, 0xB800, 0xB800, 0xB800, 0xB800, 0xB800, 0xB800, 0xB800, 0xB800,
  0xB800, 0xB800, 0xB800, 0xB800, 0xB800, 0xB800, 0xB800, 0xB800, 0xB800, 0xB800, 0xB800, 0xB800,
  0xB800, 0xB800, 0xB800, 0xB800, 0xB800, 0xB800, 0xB800, 0xB800, 0xB800, 0xB800, 0xB800, 0xB800,
  0xB800, 0xB800, 0xB800, 0xB800, 0xB800, 0xB800, 0xB800, 0xB800, 0xB800, 0xB800, 0xB800, 0xB800,
  0xB800, 0xB800, 0xB800, 0xB800, 0xB800, 0xB800, 0xB800, 0xB800, 0xB800, 0xB800, 0xB800, 0xB800,
  0xB800, 0xB800, 0xB800, 0xB800, 0xB800, 0xB800, 0xB800, 0xB800, 0xB800, 0xB800, 0xB800, 0xB800,
  0xB800, 0xB800, 0xB800, 0xB800, 0xB800, 0xC000, 0x7020, 0x0000, 0x0000, 0x8450, 0xDEFB, 0xCE79,
  0xD69A, 0xD69A, 0xD69A, 0xD69A, 0xD69A, 0xD69A, 0xD69A, 0xCE79, 0xE71C, 0x52AA, 0x0000, 0x0000,
  0x7020, 0xC000, 0xB000, 0xC000, 0x8020, 0x0000, 0x0000, 0x0020, 0xB596, 0xD6BA, 0xD69A, 0xD69A,
  0xD69A, 0xD69A, 0xD69A, 0xD69A, 0xD69A, 0xD69A, 0xCE79, 0xDEFB, 0x630C, 0x0000, 0x0000, 0x8020,
  0xC000, 0x9840, 0x1020, 0x0000, 0x4A49, 0xDEFB, 0xCE79, 0xD69A, 0xD69A, 0xD69A, 0xD69A, 0xD69A,
  0xD69A, 0xD69A, 0xD69A, 0xD69A, 0xD69A, 0xD69A, 0xD69A, 0xCE79, 0xDEDB, 0x39E7, 0x0000, 0x0000,
  0x0000, 0x0000, 0x0000, 0x0000, 0x0000, 0x0000, 0x0000, 0x0000, 0x0000, 0x0000, 0x0000, 0x4020,
  0xB041, 0xB800, 0xB800, 0xB800, 0xB800, 0xB800, 0xB800, 0xB800, 0xB800, 0xB800, 0xB800, 0xB800,
  0xB800, 0xB800, 0xB800, 0xB800, 0xB821, 0x5800, 0x0841, 0x6B4D, 0xC638, 0x2124, 0xC638, 0x5AEB,
  0x528A, 0xCE59, 0x2124, 0xC618, 0x630C, 0x4228, 0xD69A, 0x2124, 0xB5B6, 0x73AE, 0x52AA, 0xCE79,
  0x2104, 0xBDF7, 0x6B6D, 0x5ACB, 0xC638, 0x10A2, 0xB596, 0x5ACB, 0x0000, 0x0000, 0x528A, 0xE71C,
  0xAD75, 0x0000, 0x0000, 0x0000, 0x8C71, 0xDEFB, 0xCE59, 0xDEDB, 0x52AA, 0x0000, 0x0020, 0x0000,
  0x6B4D, 0xE71C, 0xCE59, 0x3186, 0x0000, 0x0841, 0xD69A, 0x5ACB, 0x0000, 0xD69A, 0x8C51, 0x0000,
  0x0000, 0x0000, 0x18C3, 0x4208, 0x0000, 0x18E3, 0xDEDB, 0x630C, 0x0000, 0x0000, 0x8C51, 0xC618,
  0x0000, 0x18C3, 0xCE79, 0xC638, 0x1082, 0x0000, 0x0841, 0xC618, 0xB800, 0xB800, 0xB800, 0xB800,
  0xB800, 0xB800, 0xB800, 0xB800, 0xB800, 0xB800, 0xB800, 0xB800, 0xB800, 0xB800, 0xB800, 0xB800,
  0xB800, 0xB800, 0xB800, 0xB800, 0xB800, 0xB800, 0xB800, 0xB800, 0xB800, 0xB800, 0xB800, 0xB800,
  0xB800, 0xB800, 0xB800, 0xB800, 0xB800, 0xB800, 0xB800, 0xB800, 0xB800, 0xB800, 0xB800, 0xB800,
  0xB800, 0xB800, 0xB800, 0xB800, 0xB800, 0xB800, 0xB800, 0xB800, 0xB800, 0xB800, 0xB800, 0xB800,
  0xB800, 0xB800, 0xB800, 0xB800, 0xB800, 0xB800, 0xB800, 0xB800, 0xB800, 0xB800, 0xB800, 0xB800,
  0xB800, 0xB800, 0xB800, 0xB800, 0xB800, 0xB800, 0xB800, 0xB800, 0xB800, 0xB800, 0xB800, 0xB800,
  0xB800, 0xB800, 0xB800, 0xB800, 0xB800, 0xB800, 0xB800, 0xB800, 0xB800, 0xB800, 0xA041, 0x1020,
  0x0000, 0x4A69, 0xDEFB, 0xCE79, 0xD69A, 0xD69A, 0xD69A, 0xD69A, 0xD69A, 0xD69A, 0xD69A, 0xCE79,
  0xDEDB, 0xB596, 0x0000, 0x0000, 0x3020, 0xB820, 0xB000, 0xC000, 0x8020, 0x0000, 0x0000, 0x0020,
  0xB596, 0xD6BA, 0xD69A, 0xD69A, 0xD69A, 0xD69A, 0xD69A, 0xD69A, 0xD69A, 0xD69A, 0xCE79, 0xDEFB,
  0x73AE, 0x0000, 0x0000, 0x6041, 0xC800, 0x8820, 0x0820, 0x0000, 0x4A49, 0xDEFB, 0xCE79, 0xD69A,
  0xD69A, 0xD69A, 0xD69A, 0xD69A, 0xD69A, 0xD69A, 0xD69A, 0xD69A, 0xD69A, 0xD69A, 0xCE79, 0xD69A,
  0xC638, 0x10A2, 0x0000, 0x0000, 0x0000, 0x0000, 0x0000, 0x0000, 0x0000, 0x0000, 0x0000, 0x0000,
  0x0000, 0x0000, 0x3020, 0xA840, 0xB800, 0xB800, 0xB800, 0xB800, 0xB800, 0xB800, 0xB800, 0xB800,
  0xB800, 0xB800, 0xB800, 0xB800, 0xB800, 0xB800, 0xB800, 0xC001, 0x7000, 0x41E7, 0x73AE, 0x738E,
  0xE71C, 0x39E7, 0xDEFB, 0x73AE, 0x6B4D, 0xE73C, 0x39E7, 0xDEFB, 0x73AE, 0x5ACB, 0xEF7D, 0x4208,
  0xD69A, 0x8C71, 0x6B6D, 0xE73C, 0x39C7, 0xDEDB, 0x8430, 0x738E, 0xE73C, 0x2965, 0xB596, 0x2104,
  0x0000, 0x0000, 0x3186, 0xD6BA, 0xCE59, 0x2945, 0x0000, 0x0000, 0x0000, 0x8C51, 0xDEFB, 0xCE59,
  0xDEFB, 0x5AEB, 0x0000, 0x0020, 0x0000, 0x630C, 0xE71C, 0xAD55, 0x0000, 0x0861, 0xCE79, 0x5AEB,
  0x0020, 0x8C71, 0x0020, 0x0000, 0x0000, 0x0000, 0x0000, 0x0000, 0x0000, 0x0000, 0xB596, 0xA514,
  0x0000, 0x0000, 0x4A69, 0xE71C, 0x2945, 0x0000, 0xA514, 0xE73C, 0x39E7, 0x0000, 0x0000, 0x9492,
  0xB800, 0xB800, 0xB800, 0xB800, 0xB800, 0xB800, 0xB800, 0xB800, 0xB800, 0xB800, 0xB800, 0xB800,
  0xB800, 0xB800, 0xB800, 0xB800, 0xB800, 0xB800, 0xB800, 0xB800, 0xB800, 0xB800, 0xB800, 0xB800,
  0xB800, 0xB800, 0xB800, 0xB800, 0xB800, 0xB800, 0xB800, 0xB800, 0xB800, 0xB800, 0xB800, 0xB800,
  0xB800, 0xB800, 0xB800, 0xB800, 0xB800, 0xB800, 0xB800, 0xB800, 0xB800, 0xB800, 0xB800, 0xB800,
  0xB800, 0xB800, 0xB800, 0xB800, 0xB800, 0xB800, 0xB800, 0xB800, 0xB800, 0xB800, 0xB800, 0xB800,
  0xB800, 0xB800, 0xB800, 0xB800, 0xB800, 0xB800, 0xB800, 0xB800, 0xB800, 0xB800, 0xB800, 0xB800,
  0xB800, 0xB800, 0xB800, 0xB800, 0xB800, 0xB800, 0xB800, 0xB800, 0xB800, 0xB800, 0xB800, 0xB800,
  0xB000, 0xB800, 0xB821, 0x3841, 0x0000, 0x18C3, 0xCE59, 0xD69A, 0xCE79, 0xD69A, 0xD69A, 0xD69A,
  0xD69A, 0xD69A, 0xD69A, 0xD69A, 0xCE79, 0xDEFB, 0x4A28, 0x0000, 0x0820, 0x8041, 0xB800, 0xB800,
  0x8820, 0x0000, 0x0000, 0x0000, 0xAD75, 0xD6BA, 0xD69A, 0xD69A, 0xD69A, 0xD69A, 0xD69A, 0xD69A,
  0xD69A, 0xD69A, 0xCE79, 0xDEFB, 0x8430, 0x0000, 0x0000, 0x2820, 0xB841, 0x7041, 0x0000, 0x0000,
  0x52AA, 0xDEFB, 0xCE79, 0xD69A, 0xD69A, 0xD69A, 0xD69A, 0xD69A, 0xD69A, 0xD69A, 0xD69A, 0xD69A,
  0xD69A, 0xD69A, 0xCE79, 0xDEDB, 0xA514, 0x0000, 0x0000, 0x0000, 0x0000, 0x0000, 0x0000, 0x0000,
  0x0000, 0x0000, 0x0000, 0x0000, 0x0000, 0x1800, 0x9841, 0xB800, 0xB800, 0xB800, 0xB800, 0xB800,
  0xB800, 0xB800, 0xB800, 0xB800, 0xB800, 0xB800, 0xB800, 0xB800, 0xB800, 0xB800, 0xC000, 0x9861,
  0x1000, 0x2965, 0x10A2, 0x0020, 0x3186, 0x0000, 0x3186, 0x0841, 0x0000, 0x3186, 0x0000, 0x3186,
  0x0861, 0x0000, 0x31A6, 0x0000, 0x2945, 0x1082, 0x0000, 0x31A6, 0x0000, 0x2965, 0x0861, 0x0020,
  0x31A6, 0x0000, 0x10A2, 0x0020, 0x0000, 0x0000, 0x1082, 0xC618, 0xD6BA, 0xC618, 0x31A6, 0x0000,
  0x0020, 0x0000, 0x7BEF, 0xDEFB, 0xCE59, 0xDEFB, 0x6B4D, 0x0000, 0x0000, 0x0000, 0x9CF3, 0xB5B6,
  0x0000, 0x0020, 0xCE59, 0x6B4D, 0x0000, 0x0841, 0x0000, 0x0000, 0x4A69, 0x52AA, 0x0020, 0x0000,
  0x0000, 0x0000, 0x7BCF, 0xD69A, 0x1082, 0x0000, 0x18C3, 0xDEDB, 0x630C, 0x0000, 0x738E, 0xEF5D,
  0x738E, 0x0000, 0x0000, 0x5ACB, 0xB800, 0xB800, 0xB800, 0xB800, 0xB800, 0xB800, 0xB800, 0xB800,
  0xB800, 0xB800, 0xB800, 0xB800, 0xB800, 0xB800, 0xB800, 0xB800, 0xB800, 0xB800, 0xB800, 0xB800,
  0xB800, 0xB800, 0xB800, 0xB800, 0xB800, 0xB800, 0xB800, 0xB800, 0xB800, 0xB800, 0xB800, 0xB800,
  0xB800, 0xB800, 0xB800, 0xB800, 0xB800, 0xB800, 0xB800, 0xB800, 0xB800, 0xB800, 0xB800, 0xB800,
  0xB800, 0xB800, 0xB800, 0xB800, 0xB800, 0xB800, 0xB800, 0xB800, 0xB800, 0xB800, 0xB800, 0xB800,
  0xB800, 0xB800, 0xB800, 0xB800, 0xB800, 0xB800, 0xB800, 0xB800, 0xB800, 0xB800, 0xB800, 0xB800,
  0xB800, 0xB800, 0xB800, 0xB800, 0xB800, 0xB800, 0xB800, 0xB800, 0xB800, 0xB800, 0xB800, 0xB800,
  0xB800, 0xB800, 0xB800, 0xB800, 0xB800, 0xB000, 0xC000, 0x7040, 0x0000, 0x0000, 0x9CF3, 0xDEFB,
  0xCE79, 0xD69A, 0xD69A, 0xD69A, 0xD69A, 0xD69A, 0xD69A, 0xD69A, 0xCE79, 0xDEDB, 0xA534, 0x0000,
  0x0000, 0x3020, 0xB041, 0xC000, 0x8821, 0x0000, 0x0000, 0x0000, 0xAD55, 0xDEDB, 0xD69A, 0xD69A,
  0xD69A, 0xD69A, 0xD69A, 0xD69A, 0xD69A, 0xD69A, 0xCE79, 0xDEFB, 0x9492, 0x0000, 0x0000, 0x0000,
  0x4020, 0x3020, 0x0020, 0x0000, 0x632C, 0xDF1B, 0xCE79, 0xD69A, 0xD69A, 0xD69A, 0xD69A, 0xD69A,
  0xD69A, 0xD69A, 0xD69A, 0xD69A, 0xD69A, 0xD69A, 0xCE79, 0xE71C, 0x738E, 0x0000, 0x0020, 0x0000,
  0x0000, 0x0000, 0x0000, 0x0000, 0x0000, 0x0000, 0x0000, 0x0000, 0x0800, 0x8841, 0xB800, 0xB800,
  0xB800, 0xB800, 0xB800, 0xB800, 0xB800, 0xB800, 0xB800, 0xB800, 0xB800, 0xB800, 0xB800, 0xB800,
  0xB800, 0xB800, 0xB021, 0x3020, 0x0000, 0x0000, 0x4A69, 0x5AEB, 0x0020, 0x8410, 0x0841, 0x4A49,
  0x5AEB, 0x0020, 0x8410, 0x0841, 0x4208, 0x6B4D, 0x0000, 0x7BEF, 0x1082, 0x4228, 0x5AEB, 0x0000,
  0x8430, 0x1082, 0x4A49, 0x5AEB, 0x0000, 0x7BCF, 0x2945, 0x0000, 0x0000, 0x0000, 0x0000, 0xAD75,
  0xD6BA, 0xD69A, 0xD69A, 0x4228, 0x0000, 0x0020, 0x0000, 0x73AE, 0xDEFB, 0xCE59, 0xDEFB, 0x6B6D,
  0x0000, 0x0000, 0x8C51, 0xBDF7, 0x0000, 0x0000, 0xC638, 0x738E, 0x0000, 0x0020, 0x0000, 0x39E7,
  0xDEDB, 0xE71C, 0xAD75, 0x5ACB, 0x1082, 0x0000, 0x31A6, 0xE73C, 0x39E7, 0x0000, 0x0000, 0xB596,
  0x9CF3, 0x0000, 0x39C7, 0xDEFB, 0xA534, 0x0000, 0x0000, 0x2104, 0xB800, 0xB800, 0xB800, 0xB800,
  0xB800, 0xB800, 0xB800, 0xB800, 0xB800, 0xB800, 0xB800, 0xB800, 0xB800, 0xB800, 0xB800, 0xB800,
  0xB800, 0xB800, 0xB800, 0xB800, 0xB800, 0xB800, 0xB800, 0xB800, 0xB800, 0xB800, 0xB800, 0xB800,
  0xB800, 0xB800, 0xB800, 0xB800, 0xB800, 0xB800, 0xB800, 0xB800, 0xB800, 0xB800, 0xB800, 0xB800,
  0xB800, 0xB800, 0xB800, 0xB800, 0xB800, 0xB800, 0xB800, 0xB800, 0xB800, 0xB800, 0xB800, 0xB800,
  0xB800, 0xB800, 0xB800, 0xB800, 0xB800, 0xB800, 0xB800, 0xB800, 0xB800, 0xB800, 0xB800, 0xB800,
  0xB800, 0xB800, 0xB800, 0xB800, 0xB800, 0xB800, 0xB800, 0xB800, 0xB800, 0xB800, 0xB800, 0xB800,
  0xB800, 0xB800, 0xB800, 0xB800, 0xB800, 0xB800, 0xB800, 0xB800, 0xB800, 0xB800, 0xB800, 0x9840,
  0x1020, 0x0000, 0x630C, 0xE71C, 0xCE79, 0xD69A, 0xD69A, 0xD69A, 0xD69A, 0xD69A, 0xD69A, 0xD69A,
  0xD69A, 0xCE79, 0xDEDB, 0x39E7, 0x0000, 0x0000, 0x6841, 0xC040, 0x9842, 0x0800, 0x0000, 0x0000,
  0xAD55, 0xDEDB, 0xD69A, 0xD69A, 0xD69A, 0xD69A, 0xD69A, 0xD69A, 0xD69A, 0xD69A, 0xCE79, 0xDEDB,
  0xA534, 0x0000, 0x0000, 0x0000, 0x0000, 0x0000, 0x0020, 0x0000, 0x8C51, 0xDEFB, 0xCE79, 0xD69A,
  0xD69A, 0xD69A, 0xD69A, 0xD69A, 0xD69A, 0xD69A, 0xD69A, 0xD69A, 0xD69A, 0xD69A, 0xCE79, 0xDEFB,
  0x4228, 0x0000, 0x0020, 0x0000, 0x0000, 0x0000, 0x0000, 0x0000, 0x0000, 0x0000, 0x0000, 0x0000,
  0x7041, 0xB821, 0xB000, 0xB800, 0xB800, 0xB800, 0xB800, 0xB800, 0xB800, 0xB800, 0xB800, 0xB800,
  0xB800, 0xB800, 0xB800, 0xB800, 0xB800, 0xB040, 0x5041, 0x0000, 0x0000, 0x0000, 0xC618, 0xCE79,
  0x5ACB, 0xFFFF, 0x5ACB, 0xB5B6, 0xCE79, 0x52AA, 0xFFFF, 0x52AA, 0xA514, 0xDEFB, 0x528A, 0xFFFF,
  0x6B6D, 0xB596, 0xD69A, 0x528A, 0xFFFF, 0x632C, 0xBDD7, 0xCE79, 0x31A6, 0xFFDF, 0x8410, 0x0000,
  0x0020, 0x0000, 0x0000, 0xA514, 0xDEDB, 0xCE59, 0xD69A, 0xDEDB, 0x5AEB, 0x0000, 0x0020, 0x0000,
  0x6B4D, 0xDEDB, 0xD69A, 0xC618, 0x0861, 0x0000, 0x8C51, 0xBDF7, 0x0000, 0x0000, 0xBDF7, 0x73AE,
  0x0000, 0x0000, 0x2945, 0xCE79, 0xD69A, 0xB596, 0xE73C, 0xE73C, 0xBDF7, 0x632C, 0x2104, 0xCE79,
  0x7BCF, 0x0000, 0x0000, 0x738E, 0xCE79, 0x0020, 0x0861, 0xC638, 0xD69A, 0x18E3, 0x0000, 0x0000,
  0xB800, 0xB800, 0xB800, 0xB800, 0xB800, 0xB800, 0xB800, 0xB800, 0xB800, 0xB800, 0xB800, 0xB800,
  0xB800, 0xB800, 0xB800, 0xB800, 0xB800, 0xB800, 0xB800, 0xB800, 0xB800, 0xB800, 0xB800, 0xB800,
  0xB800, 0xB800, 0xB800, 0xB800, 0xB800, 0xB800, 0xB800, 0xB800, 0xB800, 0xB800, 0xB800, 0xB800,
  0xB800, 0xB800, 0xB800, 0xB800, 0xB800, 0xB800, 0xB800, 0xB800, 0xB800, 0xB800, 0xB800, 0xB800,
  0xB800, 0xB800, 0xB800, 0xB800, 0xB800, 0xB800, 0xB800, 0xB800, 0xB800, 0xB800, 0xB800, 0xB800,
  0xB800, 0xB800, 0xB800, 0xB800, 0xB800, 0xB800, 0xB800, 0xB800, 0xB800, 0xB800, 0xB800, 0xB800,
  0xB800, 0xB800, 0xB800, 0xB800, 0xB800, 0xB800, 0xB800, 0xB800, 0xB800, 0xB800, 0xB800, 0xB800,
  0xB800, 0xB800, 0xB800, 0xB820, 0x3820, 0x0000, 0x2945, 0xD69A, 0xD69A, 0xD69A, 0xD69A, 0xD69A,
  0xD69A, 0xD69A, 0xD69A, 0xD69A, 0xD69A, 0xCE79, 0xDEFB, 0x9CF3, 0x0000, 0x0020, 0x0800, 0x4840,
  0x5841, 0x0800, 0x0000, 0x0000, 0xAD55, 0xDEDB, 0xD69A, 0xD69A, 0xD69A, 0xD69A, 0xD69A, 0xD69A,
  0xD69A, 0xD69A, 0xCE79, 0xDEDB, 0xB596, 0x0020, 0x0000, 0x0000, 0x0000, 0x0000, 0x0000, 0x0820,
  0xBDD7, 0xDEDB, 0xCE79, 0xD69A, 0xD69A, 0xD69A, 0xD69A, 0xD69A, 0xD69A, 0xD69A, 0xD69A, 0xD69A,
  0xD69A, 0xCE79, 0xD69A, 0xCE59, 0x18C3, 0x0000, 0x0000, 0x0000, 0x0000, 0x0000, 0x0000, 0x0000,
  0x0000, 0x0000, 0x0000, 0x5821, 0xB821, 0xB800, 0xB000, 0xB800, 0xB800, 0xB800, 0xB800, 0xB800,
  0xB800, 0xB800, 0xB800, 0xB800, 0xB800, 0xB800, 0xB800, 0xB800, 0xC000, 0x7041, 0x0000, 0x0000,
  0x0000, 0x0000, 0x5AEB, 0x6B6D, 0x0841, 0x9CD3, 0x1082, 0x52AA, 0x6B6D, 0x0841, 0x9CD3, 0x0861,
  0x4A49, 0x7BEF, 0x0020, 0x94B2, 0x18E3, 0x52AA, 0x738E, 0x0020, 0x94B2, 0x18C3, 0x5ACB, 0x6B6D,
  0x0000, 0x9492, 0x3186, 0x0000, 0x0000, 0x0000, 0x0000, 0xA514, 0xD6BA, 0xD69A, 0xD6BA, 0xCE79,
  0xDEFB, 0x6B6D, 0x0000, 0x0000, 0x0000, 0x6B6D, 0xDEFB, 0xBDD7, 0x1082, 0x0000, 0x8410, 0xC618,
  0x0020, 0x0000, 0xBDD7, 0x8410, 0x0000, 0x10A2, 0xBDD7, 0xE73C, 0x632C, 0x0000, 0x528A, 0xA534,
  0xE71C, 0xEF5D, 0xBDF7, 0xCE59, 0xAD55, 0x0000, 0x0000, 0x31A6, 0xDEFB, 0x39C7, 0x0000, 0x94B2,
  0xEF5D, 0x4A49, 0x0000, 0x0000, 0xB800, 0xB800, 0xB800, 0xB800, 0xB800, 0xB800, 0xB800, 0xB800,
  0xB800, 0xB800, 0xB800, 0xB800, 0xB800, 0xB800, 0xB800, 0xB800, 0xB800, 0xB800, 0xB800, 0xB800,
  0xB800, 0xB800, 0xB800, 0xB800, 0xB800, 0xB800, 0xB800, 0xB800, 0xB800, 0xB800, 0xB800, 0xB800,
  0xB800, 0xB800, 0xB800, 0xB800, 0xB800, 0xB800, 0xB800, 0xB800, 0xB800, 0xB800, 0xB800, 0xB800,
  0xB800, 0xB800, 0xB800, 0xB800, 0xB800, 0xB800, 0xB800, 0xB800, 0xB800, 0xB800, 0xB800, 0xB800,
  0xB800, 0xB800, 0xB800, 0xB800, 0xB800, 0xB800, 0xB800, 0xB800, 0xB800, 0xB800, 0xB800, 0xB800,
  0xB800, 0xB800, 0xB800, 0xB800, 0xB800, 0xB800, 0xB800, 0xB800, 0xB800, 0xB800, 0xB800, 0xB800,
  0xB800, 0xB800, 0xB800, 0xB800, 0xB800, 0xB800, 0xB800, 0xC000, 0x6821, 0x0000, 0x0000, 0xB576,
  0xD6BB, 0xCE79, 0xD69A, 0xD69A, 0xD69A, 0xD69A, 0xD69A, 0xD69A, 0xD69A, 0xD69A, 0xD69A, 0xDEDB,
  0x31A6, 0x0000, 0x0020, 0x0000, 0x0000, 0x0000, 0x0000, 0x0000, 0xAD55, 0xDEDB, 0xD69A, 0xD69A,
  0xD69A, 0xD69A, 0xD69A, 0xD69A, 0xD69A, 0xD69A, 0xCE79, 0xD6BA, 0xBDF7, 0x0861, 0x0000, 0x0000,
  0x0000, 0x0000, 0x0000, 0x2945, 0xD6BA, 0xD69A, 0xD69A, 0xD69A, 0xD69A, 0xD69A, 0xD69A, 0xD69A,
  0xD69A, 0xD69A, 0xD69A, 0xD69A, 0xD69A, 0xCE79, 0xDEDB, 0xAD55, 0x0000, 0x0000, 0x0000, 0x0000,
  0x0000, 0x0000, 0x0000, 0x0000, 0x0000, 0x0000, 0x4020, 0xB820, 0xB800, 0xB800, 0xB800, 0xB800,
  0xB800, 0xB800, 0xB800, 0xB800, 0xB800, 0xB800, 0xB800, 0xB800, 0xB800, 0xB800, 0xB800, 0xB800,
  0x9041, 0x1000, 0x0000, 0x0000, 0x0000, 0x4A69, 0x3186, 0x0841, 0x5AEB, 0x0000, 0x4A69, 0x2945,
  0x0841, 0x5AEB, 0x0000, 0x4A69, 0x2945, 0x0020, 0x630C, 0x0000, 0x4208, 0x31A6, 0x0841, 0x5AEB,
  0x0000, 0x4228, 0x3186, 0x0861, 0x5AEB, 0x0000, 0x39E7, 0x4228, 0x0000, 0x0000, 0x0000, 0xA514,
  0xDEDB, 0x9CD3, 0xB596, 0xD69A, 0xD6BA, 0xE71C, 0x8410, 0x0000, 0x0000, 0x18E3, 0xD6BA, 0xC618,
  0x10A2, 0x0000, 0x7BEF, 0xC638, 0x0020, 0x0000, 0xBDD7, 0x7BEF, 0x0000, 0xAD55, 0xEF5D, 0x8410,
  0x0000, 0x0000, 0x0000, 0x0020, 0x4208, 0x94B2, 0xDEDB, 0xE71C, 0xCE59, 0x18C3, 0x0000, 0x0861,
  0xCE59, 0x73AE, 0x0000, 0x5AEB, 0xEF7D, 0x8410, 0x0000, 0x0000, 0xB800, 0xB800, 0xB800, 0xB800,
  0xB800, 0xB800, 0xB800, 0xB800, 0xB800, 0xB800, 0xB800, 0xB800, 0xB800, 0xB800, 0xB800, 0xB800,
  0xB800, 0xB800, 0xB800, 0xB800, 0xB800, 0xB800, 0xB800, 0xB800, 0xB800, 0xB800, 0xB800, 0xB800,
  0xB800, 0xB800, 0xB800, 0xB800, 0xB800, 0xB800, 0xB800, 0xB800, 0xB800, 0xB800, 0xB800, 0xB800,
  0xB800, 0xB800, 0xB800, 0xB800, 0xB800, 0xB800, 0xB800, 0xB800, 0xB800, 0xB800, 0xB800, 0xB800,
  0xB800, 0xB800, 0xB800, 0xB800, 0xB800, 0xB800, 0xB800, 0xB800, 0xB800, 0xB800, 0xB800, 0xB800,
  0xB800, 0xB800, 0xB800, 0xB800, 0xB800, 0xB800, 0xB800, 0xB800, 0xB800, 0xB800, 0xB800, 0xB800,
  0xB800, 0xB800, 0xB800, 0xB800, 0xB800, 0xB800, 0xB800, 0xB800, 0xB800, 0xB800, 0xB800, 0xC000,
  0x9841, 0x1021, 0x0000, 0x7BAF, 0xDEFB, 0xCE79, 0xD69A, 0xD69A, 0xD69A, 0xD69A, 0xD69A, 0xD69A,
  0xD69A, 0xD69A, 0xCE79, 0xDEFB, 0x9492, 0x0000, 0x0000, 0x0000, 0x0000, 0x0000, 0x0000, 0x0000,
  0xAD55, 0xDEDB, 0xD69A, 0xD69A, 0xD69A, 0xD69A, 0xD69A, 0xD69A, 0xD69A, 0xD69A, 0xD69A, 0xD69A,
  0xCE79, 0x2104, 0x0000, 0x0000, 0x0000, 0x0020, 0x0000, 0x630C, 0xE71C, 0xCE79, 0xD69A, 0xD69A,
  0xD69A, 0xD69A, 0xD69A, 0xD69A, 0xD69A, 0xD69A, 0xD69A, 0xD69A, 0xD69A, 0xCE79, 0xDEFB, 0x73AE,
  0x0000, 0x0000, 0x0000, 0x0000, 0x0000, 0x0000, 0x0000, 0x0000, 0x0000, 0x2820, 0xA840, 0xC000,
  0xB800, 0xB800, 0xB800, 0xB800, 0xB800, 0xB800, 0xB800, 0xB800, 0xB800, 0xB800, 0xB800, 0xB800,
  0xB800, 0xB800, 0xB800, 0xA841, 0x2820, 0x0000, 0x0000, 0x0000, 0x0020, 0xD6DA, 0xAD75, 0x6B4D,
  0xFFDF, 0x528A, 0xDEFB, 0x9CF3, 0x630C, 0xFFFF, 0x4A69, 0xDEDB, 0x9CF3, 0x4A69, 0xFFFF, 0x52AA,
  0xCE59, 0xB596, 0x632C, 0xFFFF, 0x4228, 0xD69A, 0xAD55, 0x6B4D, 0xFFFF, 0x31A6, 0xBDD7, 0xCE59,
  0x0000, 0x0000, 0x0000, 0xA514, 0xDEFB, 0x6B6E, 0x5ACB, 0x7BCF, 0x9CF3, 0xC618, 0xE73C, 0x94B2,
  0x0000, 0x2104, 0xD69A, 0xC638, 0x18C3, 0x0000, 0x7BCF, 0xCE59, 0x0841, 0x0000, 0xB596, 0x8C51,
  0x8410, 0xEF7D, 0x9CD3, 0x0000, 0x0000, 0x0841, 0x1082, 0x0000, 0x0000, 0x0000, 0x31A6, 0x8C51,
  0xDEFB, 0x52AA, 0x0000, 0x0000, 0x9CD3, 0xB596, 0x0000, 0x2945, 0xD6BA, 0xB5B6, 0x0841, 0x0000,
  0xB800, 0xB800, 0xB800, 0xB800, 0xB800, 0xB800, 0xB800, 0xB800, 0xB800, 0xB800, 0xB800, 0xB800,
  0xB800, 0xB800, 0xB800, 0xB800, 0xB800, 0xB800, 0xB800, 0xB800, 0xB800, 0xB800, 0xB800, 0xB800,
  0xB800, 0xB800, 0xB800, 0xB800, 0xB800, 0xB800, 0xB800, 0xB800, 0xB800, 0xB800, 0xB800, 0xB800,
  0xB800, 0xB800, 0xB800, 0xB800, 0xB800, 0xB800, 0xB800, 0xB800, 0xB800, 0xB800, 0xB800, 0xB800,
  0xB800, 0xB800, 0xB800, 0xB800, 0xB800, 0xB800, 0xB800, 0xB800, 0xB800, 0xB800, 0xB800, 0xB800,
  0xB800, 0xB800, 0xB800, 0xB800, 0xB800, 0xB800, 0xB800, 0xB800, 0xB800, 0xB800, 0xB800, 0xB800,
  0xB800, 0xB800, 0xB800, 0xB800, 0xB800, 0xB800, 0xB800, 0xB800, 0xB800, 0xB800, 0xB800, 0xB800,
  0xB800, 0xB800, 0xB800, 0xB800, 0xB800, 0x3020, 0x0000, 0x39E7, 0xDEDB, 0xCE79, 0xD69A, 0xD69A,
  0xD69A, 0xD69A, 0xD69A, 0xD69A, 0xD69A, 0xD69A, 0xD69A, 0xD69A, 0xD6BA, 0x2965, 0x0000, 0x0000,
  0x0000, 0x0000, 0x0000, 0x0020, 0xB596, 0xD6BA, 0xD69A, 0xD69A, 0xD69A, 0xD69A, 0xD69A, 0xD69A,
  0xD69A, 0xD69A, 0xD69A, 0xCE79, 0xDEFB, 0x4208, 0x0000, 0x0020, 0x0000, 0x0000, 0x0000, 0x9CD3,
  0xDEFB, 0xCE79, 0xD69A, 0xD69A, 0xD69A, 0xD69A, 0xD69A, 0xD69A, 0xD69A, 0xD69A, 0xD69A, 0xD69A,
  0xD69A, 0xCE79, 0xDEDB, 0x4228, 0x0000, 0x0000, 0x0000, 0x0000, 0x0000, 0x0000, 0x0000, 0x0000,
  0x1800, 0x9841, 0xB800, 0xB800, 0xB800, 0xB800, 0xB800, 0xB800, 0xB800, 0xB800, 0xB800, 0xB800,
  0xB800, 0xB800, 0xB800, 0xB800, 0xB800, 0xB800, 0xB821, 0x5021, 0x0000, 0x0000, 0x0000, 0x0000,
  0x0000, 0x8C91, 0x6B6D, 0x2965, 0xAD75, 0x18C3, 0x94B2, 0x5AEB, 0x2965, 0xB596, 0x18C3, 0x94B2,
  0x630C, 0x2104, 0xB5B6, 0x18E3, 0x8C51, 0x738E, 0x3186, 0xB596, 0x18C3, 0x8C71, 0x6B4D, 0x31A6,
  0xB5B6, 0x1082, 0x7BEF, 0x8430, 0x0000, 0x0000, 0x0000, 0xA514, 0xDEFB, 0x73AF, 0x52AA, 0x52AB,
  0x5ACB, 0x6B4D, 0x8C71, 0xAD55, 0x0841, 0x18C3, 0xCE79, 0xCE59, 0x18C3, 0x0000, 0x73AE, 0xCE79,
  0x0861, 0x0000, 0x9CF3, 0xD69A, 0xDEFB, 0xB596, 0x0861, 0x0000, 0x0000, 0x9CD3, 0xBDD7, 0x630C,
  0x10A2, 0x0000, 0x0000, 0x0000, 0x31A6, 0x4228, 0x0000, 0x0000, 0x5AEB, 0xD6BA, 0x10A2, 0x0000,
  0xB5B6, 0xDEDB, 0x2945, 0x0000, 0xB800, 0xB800, 0xB800, 0xB800, 0xB800, 0xB800, 0xB800, 0xB800,
  0xB800, 0xB800, 0xB800, 0xB800, 0xB800, 0xB800, 0xB800, 0xB800, 0xB800, 0xB800, 0xB800, 0xB800,
  0xB800, 0xB800, 0xB800, 0xB800, 0xB800, 0xB800, 0xB800, 0xB800, 0xB800, 0xB800, 0xB800, 0xB800,
  0xB800, 0xB800, 0xB800, 0xB800, 0xB800, 0xB800, 0xB800, 0xB800, 0xB800, 0xB800, 0xB800, 0xB800,
  0xB800, 0xB800, 0xB800, 0xB800, 0xB800, 0xB800, 0xB800, 0xB800, 0xB800, 0xB800, 0xB800, 0xB800,
  0xB800, 0xB800, 0xB800, 0xB800, 0xB800, 0xB800, 0xB800, 0xB800, 0xB800, 0xB800, 0xB800, 0xB800,
  0xB800, 0xB800, 0xB800, 0xB800, 0xB800, 0xB800, 0xB800, 0xB800, 0xB800, 0xB800, 0xB800, 0xB800,
  0xB800, 0xB800, 0xB800, 0xB800, 0xB800, 0xB800, 0xB800, 0xB000, 0xC000, 0x6020, 0x0000, 0x1061,
  0xC618, 0xD6BA, 0xCE79, 0xD69A, 0xD69A, 0xD69A, 0xD69A, 0xD69A, 0xD69A, 0xD69A, 0xD69A, 0xCE79,
  0xDEFB, 0x9492, 0x0000, 0x0000, 0x0000, 0x0000, 0x0000, 0x1082, 0xC638, 0xD69A, 0xD69A, 0xD69A,
  0xD69A, 0xD69A, 0xD69A, 0xD69A, 0xD69A, 0xD69A, 0xD69A, 0xCE79, 0xDEFB, 0x7BEF, 0x0000, 0x0020,
  0x0000, 0x0000, 0x18C3, 0xCE59, 0xD69A, 0xD69A, 0xD69A, 0xD69A, 0xD69A, 0xD69A, 0xD69A, 0xD69A,
  0xD69A, 0xD69A, 0xD69A, 0xD69A, 0xCE79, 0xD69A, 0xCE59, 0x18E3, 0x0000, 0x0000, 0x0000, 0x0000,
  0x0000, 0x0000, 0x0000, 0x0800, 0x8041, 0xB800, 0xB800, 0xB800, 0xB800, 0xB800, 0xB800, 0xB800,
  0xB800, 0xB800, 0xB800, 0xB800, 0xB800, 0xB800, 0xB800, 0xB800, 0xB800, 0xC000, 0x7841, 0x0000,
  0x0000, 0x0020, 0x0020, 0x0000, 0x0861, 0x0000, 0x0020, 0x0000, 0x0000, 0x0841, 0x0000, 0x0000,
  0x0020, 0x0000, 0x0020, 0x0000, 0x0000, 0x0020, 0x0000, 0x0020, 0x0000, 0x0020, 0x0020, 0x0000,
  0x0841, 0x0000, 0x0000, 0x0020, 0x0000, 0x0841, 0x0000, 0x0000, 0x0020, 0x2104, 0x0000, 0xA514,
  0xDEDB, 0xC618, 0xA514, 0x73AF, 0x5AEC, 0x52AA, 0x5ACB, 0x52AA, 0x0000, 0x18C3, 0xCE59, 0xCE79,
  0x18E3, 0x0000, 0x6B6D, 0xD69A, 0x1082, 0x0000, 0x9CD3, 0xE71C, 0xBDF7, 0x18E3, 0x0000, 0x0000,
  0x8410, 0xE71C, 0xE71C, 0xE71C, 0xC618, 0x7BEF, 0x2965, 0x0000, 0x0000, 0x0000, 0x0020, 0x0000,
  0x2104, 0xDEFB, 0x4A69, 0x0000, 0x8410, 0xEF5D, 0x5AEB, 0x0000, 0xB800, 0xB800, 0xB800, 0xB800,
  0xB800, 0xB800, 0xB800, 0xB800, 0xB800, 0xB800, 0xB800, 0xB800, 0xB800, 0xB800, 0xB800, 0xB800,
  0xB800, 0xB800, 0xB800, 0xB800, 0xB800, 0xB800, 0xB800, 0xB800, 0xB800, 0xB800, 0xB800, 0xB800,
  0xB800, 0xB800, 0xB800, 0xB800, 0xB800, 0xB800, 0xB800, 0xB800, 0xB800, 0xB800, 0xB800, 0xB800,
  0xB800, 0xB800, 0xB800, 0xB800, 0xB800, 0xB800, 0xB800, 0xB800, 0xB800, 0xB800, 0xB800, 0xB800,
  0xB800, 0xB800, 0xB800, 0xB800, 0xB800, 0xB800, 0xB800, 0xB800, 0xB800, 0xB800, 0xB800, 0xB800,
  0xB800, 0xB800, 0xB800, 0xB800, 0xB800, 0xB800, 0xB800, 0xB800, 0xB800, 0xB800, 0xB800, 0xB800,
  0xB800, 0xB800, 0xB800, 0xB800, 0xB800, 0xB800, 0xB800, 0xB800, 0xB800, 0xB800, 0xB800, 0xB800,
  0xC000, 0x9041, 0x0820, 0x0000, 0x8C51, 0xDEFB, 0xCE79, 0xD69A, 0xD69A, 0xD69A, 0xD69A, 0xD69A,
  0xD69A, 0xD69A, 0xD69A, 0xD69A, 0xCE79, 0xDEFB, 0x4A49, 0x0000, 0x0020, 0x0000, 0x0000, 0x2965,
  0xD69A, 0xCE79, 0xD69A, 0xD69A, 0xD69A, 0xD69A, 0xD69A, 0xD69A, 0xD69A, 0xD69A, 0xD69A, 0xCE79,
  0xD6BA, 0xC638, 0x10A2, 0x0000, 0x0841, 0x0000, 0x632C, 0xE71C, 0xCE79, 0xD69A, 0xD69A, 0xD69A,
  0xD69A, 0xD69A, 0xD69A, 0xD69A, 0xD69A, 0xD69A, 0xD69A, 0xD69A, 0xCE79, 0xDEDB, 0xAD55, 0x0000,
  0x0000, 0x0000, 0x0000, 0x0000, 0x0000, 0x0000, 0x0000, 0x6820, 0xB820, 0xB800, 0xB800, 0xB800,
  0xB800, 0xB800, 0xB800, 0xB800, 0xB800, 0xB800, 0xB800, 0xB800, 0xB800, 0xB800, 0xB800, 0xB800,
  0xC000, 0x9861, 0x1000, 0x0000, 0x0000, 0x630C, 0x9CF3, 0x1903, 0xCE59, 0x4208, 0x8410, 0x9CF3,
  0x2965, 0xCE79, 0x3186, 0x8430, 0x9CF3, 0x2965, 0xCE59, 0x2965, 0x73AE, 0xAD55, 0x2124, 0xCE59,
  0x4208, 0x7BEF, 0xA514, 0x2124, 0xCE59, 0x39E7, 0x8430, 0x9CF3, 0x10A2, 0xC618, 0x52AA, 0x0000,
  0x1082, 0x94B2, 0x0000, 0xA514, 0xDEDB, 0xD6BA, 0xDEDB, 0xD69A, 0xB5B7, 0x8C71, 0x6B4D, 0x5ACB,
  0x0020, 0x10A2, 0xC638, 0xCE79, 0x2104, 0x0000, 0x6B4D, 0xD69A, 0x1082, 0x0000, 0x9CD3, 0xDEDB,
  0x2965, 0x0000, 0x0000, 0x73AE, 0xE73C, 0xBDF7, 0x7BCF, 0xBDF7, 0xE71C, 0xE71C, 0xCE79, 0x94B2,
  0x4208, 0x0020, 0x0000, 0x0000, 0x0000, 0xBDF7, 0x8C51, 0x0000, 0x4A69, 0xE73C, 0x94B2, 0x0000,
  0xB800, 0xB800, 0xB800, 0xB800, 0xB800, 0xB800, 0xB800, 0xB800, 0xB800, 0xB800, 0xB800, 0xB800,
  0xB800, 0xB800, 0xB800, 0xB800, 0xB800, 0xB800, 0xB800, 0xB800, 0xB800, 0xB800, 0xB800, 0xB800,
  0xB800, 0xB800, 0xB800, 0xB800, 0xB800, 0xB800, 0xB800, 0xB800, 0xB800, 0xB800, 0xB800, 0xB800,
  0xB800, 0xB800, 0xB800, 0xB800, 0xB800, 0xB800, 0xB800, 0xB800, 0xB800, 0xB800, 0xB800, 0xB800,
  0xB800, 0xB800, 0xB800, 0xB800, 0xB800, 0xB800, 0xB800, 0xB800, 0xB800, 0xB800, 0xB800, 0xB800,
  0xB800, 0xB800, 0xB800, 0xB800, 0xB800, 0xB800, 0xB800, 0xB800, 0xB800, 0xB800, 0xB800, 0xB800,
  0xB800, 0xB800, 0xB800, 0xB800, 0xB800, 0xB800, 0xB800, 0xB800, 0xB800, 0xB800, 0xB800, 0xB800,
  0xB800, 0xB800, 0xB800, 0xB800, 0xB800, 0xB041, 0x2820, 0x0000, 0x5269, 0xDEFB, 0xCE79, 0xD69A,
  0xD69A, 0xD69A, 0xD69A, 0xD69A, 0xD69A, 0xD69A, 0xD69A, 0xD69A, 0xCE79, 0xD69A, 0xC638, 0x18C3,
  0x0000, 0x0841, 0x0000, 0x5AEB, 0xDEFB, 0xCE79, 0xD69A, 0xD69A, 0xD69A, 0xD69A, 0xD69A, 0xD69A,
  0xD69A, 0xD69A, 0xD69A, 0xD69A, 0xCE79, 0xDEFB, 0x8C51, 0x0000, 0x0000, 0x1082, 0xBDF7, 0xD6BA,
  0xD69A, 0xD69A, 0xD69A, 0xD69A, 0xD69A, 0xD69A, 0xD69A, 0xD69A, 0xD69A, 0xD69A, 0xD69A, 0xD69A,
  0xCE79, 0xDEFB, 0x7BEF, 0x0000, 0x0000, 0x0000, 0x0000, 0x0000, 0x0000, 0x0000, 0x5821, 0xB820,
  0xB800, 0xB800, 0xB800, 0xB800, 0xB800, 0xB800, 0xB800, 0xB800, 0xB800, 0xB800, 0xB800, 0xB800,
  0xB800, 0xB800, 0xB800, 0xB800, 0xA841, 0x2820, 0x0000, 0x0000, 0x0000, 0x9CD3, 0xC618, 0x39E7,
  0xF7BE, 0x5AEB, 0xAD55, 0xC618, 0x4A69, 0xFFDF, 0x4A69, 0xAD55, 0xC618, 0x4A49, 0xFFDF, 0x4A49,
  0x94B2, 0xD69A, 0x4228, 0xF79E, 0x630C, 0xA534, 0xC638, 0x4208, 0xF7BE, 0x5ACB, 0xAD55, 0xC618,
  0x2965, 0xEF7D, 0x73AE, 0x0000, 0x2124, 0xD6BA, 0x2945, 0x9CD3, 0xD6BA, 0xB596, 0xCE79, 0xDEDB,
  0xD6BB, 0xD6BA, 0xCE7A, 0x9492, 0x0000, 0x1082, 0xC638, 0xD69A, 0x2124, 0x0000, 0x630C, 0xD69A,
  0x10A2, 0x0000, 0x9CD3, 0x52AA, 0x0000, 0x0000, 0x630C, 0xDEFB, 0xD6BA, 0x39C7, 0x0000, 0x10A2,
  0x630C, 0xB5B6, 0xDEFB, 0xE71C, 0xDEDB, 0xAD75, 0x5ACB, 0x1082, 0x0000, 0x8410, 0xC618, 0x0000,
  0x18C3, 0xCE79, 0xC618, 0x1082, 0xB800, 0xB800, 0xB800, 0xB800, 0xB800, 0xB800, 0xB800, 0xB800,
  0xB800, 0xB800, 0xB800, 0xB800, 0xB800, 0xB800, 0xB800, 0xB800, 0xB800, 0xB800, 0xB800, 0xB800,
  0xB800, 0xB800, 0xB800, 0xB800, 0xB800, 0xB800, 0xB800, 0xB800, 0xB800, 0xB800, 0xB800, 0xB800,
  0xB800, 0xB800, 0xB800, 0xB800, 0xB800, 0xB800, 0xB800, 0xB800, 0xB800, 0xB800, 0xB800, 0xB800,
  0xB800, 0xB800, 0xB800, 0xB800, 0xB800, 0xB800, 0xB800, 0xB800, 0xB800, 0xB800, 0xB800, 0xB800,
  0xB800, 0xB800, 0xB800, 0xB800, 0xB800, 0xB800, 0xB800, 0xB800, 0xB800, 0xB800, 0xB800, 0xB800,
  0xB800, 0xB800, 0xB800, 0xB800, 0xB800, 0xB800, 0xB800, 0xB800, 0xB800, 0xB800, 0xB800, 0xB800,
  0xB800, 0xB800, 0xB800, 0xB800, 0xB800, 0xB800, 0xB800, 0xB800, 0xB800, 0xC020, 0x5041, 0x0000,
  0x18C3, 0xCE79, 0xD69A, 0xCE79, 0xD69A, 0xD69A, 0xD69A, 0xD69A, 0xD69A, 0xD69A, 0xD69A, 0xD69A,
  0xD69A, 0xCE79, 0xDEDB, 0xB5B6, 0x18E3, 0x0000, 0x0000, 0xB596, 0xDEDB, 0xCE79, 0xD69A, 0xD69A,
  0xD69A, 0xD69A, 0xD69A, 0xD69A, 0xD69A, 0xD69A, 0xD69A, 0xD69A, 0xD69A, 0xCE79, 0xDEDB, 0x9492,
  0x4A69, 0xA534, 0xDEDB, 0xCE79, 0xD69A, 0xD69A, 0xD69A, 0xD69A, 0xD69A, 0xD69A, 0xD69A, 0xD69A,
  0xD69A, 0xD69A, 0xD69A, 0xD69A, 0xCE79, 0xDEFB, 0x4A49, 0x0000, 0x0000, 0x0000, 0x0000, 0x0000,
  0x0000, 0x4021, 0xB021, 0xB800, 0xB800, 0xB000, 0xB800, 0xB800, 0xB800, 0xB800, 0xB800, 0xB800,
  0xB800, 0xB800, 0xB800, 0xB800, 0xB800, 0xB800, 0xB800, 0xB820, 0x4021, 0x0000, 0x0000, 0x0000,
  0x0000, 0x2945, 0x2965, 0x0000, 0x4208, 0x0000, 0x2104, 0x2965, 0x0000, 0x4228, 0x0000, 0x2124,
  0x2965, 0x0000, 0x4228, 0x0000, 0x18E3, 0x31A6, 0x0000, 0x4208, 0x0000, 0x2104, 0x2965, 0x0000,
  0x4228, 0x0000, 0x2104, 0x2965, 0x0000, 0x4208, 0x0861, 0x0000, 0x39E7, 0xEF5D, 0x5AEB, 0x9CD3,
  0xCE79, 0x5AEB, 0x738E, 0x9CD3, 0xCE59, 0xD69A, 0xCE59, 0x6B6E, 0x0020, 0x1082, 0xC638, 0xD6BA,
  0x2945, 0x0000, 0x5AEB, 0xD6BA, 0x1082, 0x0000, 0x2945, 0x0000, 0x0000, 0x4A69, 0xDEDB, 0xDEDB,
  0x528A, 0x0000, 0x0000, 0x0000, 0x0000, 0x0841, 0x528A, 0xA534, 0xD6BA, 0xE71C, 0xDEFB, 0xBDF7,
  0x6B4D, 0x630C, 0xDEDB, 0x2124, 0x0000, 0xA534, 0xE71C, 0x39C7, 0xB800, 0xB800, 0xB800, 0xB800,
  0xB800, 0xB800, 0xB800, 0xB800, 0xB800, 0xB800, 0xB800, 0xB800, 0xB800, 0xB800, 0xB800, 0xB800,
  0xB800, 0xB800, 0xB800, 0xB800, 0xB800, 0xB800, 0xB800, 0xB800, 0xB800, 0xB800, 0xB800, 0xB800,
  0xB800, 0xB800, 0xB800, 0xB800, 0xB800, 0xB800, 0xB800, 0xB800, 0xB800, 0xB800, 0xB800, 0xB800,
  0xB800, 0xB800, 0xB800, 0xB800, 0xB800, 0xB800, 0xB800, 0xB800, 0xB800, 0xB800, 0xB800, 0xB800,
  0xB800, 0xB800, 0xB800, 0xB800, 0xB800, 0xB800, 0xB800, 0xB800, 0xB800, 0xB800, 0xB800, 0xB800,
  0xB800, 0xB800, 0xB800, 0xB800, 0xB800, 0xB800, 0xB800, 0xB800, 0xB800, 0xB800, 0xB800, 0xB800,
  0xB800, 0xB800, 0xB800, 0xB800, 0xB800, 0xB800, 0xB800, 0xB800, 0xB800, 0xB800, 0xB800, 0xB800,
  0xB800, 0xC000, 0x8040, 0x0000, 0x0000, 0xA514, 0xDEDB, 0xCE79, 0xD69A, 0xD69A, 0xD69A, 0xD69A,
  0xD69A, 0xD69A, 0xD69A, 0xD69A, 0xD69A, 0xD69A, 0xCE79, 0xDEDB, 0xC638, 0x6B4D, 0x9CF3, 0xDEDB,
  0xCE79, 0xD69A, 0xD69A, 0xD69A, 0xD69A, 0xD69A, 0xD69A, 0xD69A, 0xD69A, 0xD69A, 0xD69A, 0xD69A,
  0xD69A, 0xD69A, 0xCE79, 0xDEDB, 0xDEFB, 0xD6BA, 0xCE79, 0xD69A, 0xD69A, 0xD69A, 0xD69A, 0xD69A,
  0xD69A, 0xD69A, 0xD69A, 0xD69A, 0xD69A, 0xD69A, 0xD69A, 0xD69A, 0xD69A, 0xCE79, 0x2104, 0x0000,
  0x0000, 0x0000, 0x0000, 0x0000, 0x2820, 0xA841, 0xB800, 0xB800, 0xB800, 0xB800, 0xB800, 0xB800,
  0xB800, 0xB800, 0xB800, 0xB800, 0xB800, 0xB800, 0xB800, 0xB800, 0xB800, 0xB800, 0xB820, 0x5841,
  0x0000, 0x0000, 0x0000, 0x0000, 0x10C3, 0x31A6, 0x2945, 0x8C71, 0x0000, 0x7BCF, 0x4228, 0x2124,
  0x8C71, 0x0000, 0x8410, 0x39C7, 0x2104, 0x8C71, 0x0000, 0x7BEF, 0x39E7, 0x18C3, 0x9492, 0x0020,
  0x73AE, 0x4A49, 0x2104, 0x9492, 0x0000, 0x7BCF, 0x4228, 0x2945, 0x8C71, 0x0000, 0x6B6D, 0x52AA,
  0x3186, 0xE73C, 0x9492, 0x9CF3, 0xC618, 0x5AEB, 0x52AA, 0x8431, 0xD69A, 0xCE79, 0x738E, 0x5ACB,
  0x0841, 0x0861, 0xC618, 0xDEDB, 0x2965, 0x0000, 0x52AA, 0xD6BA, 0x10A2, 0x0000, 0x0000, 0x0000,
  0x39C7, 0xCE79, 0xDEFB, 0x6B4D, 0x0000, 0x0000, 0x18C3, 0x0000, 0x0000, 0x0000, 0x0000, 0x0000,
  0x39E7, 0x9CD3, 0xD69A, 0xE71C, 0xDEFB, 0xC638, 0xDEDB, 0x5AEB, 0x0000, 0x738E, 0xEF7D, 0x6B6D,
  0xB800, 0xB800, 0xB800, 0xB800, 0xB800, 0xB800, 0xB800, 0xB800, 0xB800, 0xB800, 0xB800, 0xB800,
  0xB800, 0xB800, 0xB800, 0xB800, 0xB800, 0xB800, 0xB800, 0xB800, 0xB800, 0xB800, 0xB800, 0xB800,
  0xB800, 0xB800, 0xB800, 0xB800, 0xB800, 0xB800, 0xB800, 0xB800, 0xB800, 0xB800, 0xB800, 0xB800,
  0xB800, 0xB800, 0xB800, 0xB800, 0xB800, 0xB800, 0xB800, 0xB800, 0xB800, 0xB800, 0xB800, 0xB800,
  0xB800, 0xB800, 0xB800, 0xB800, 0xB800, 0xB800, 0xB800, 0xB800, 0xB800, 0xB800, 0xB800, 0xB800,
  0xB800, 0xB800, 0xB800, 0xB800, 0xB800, 0xB800, 0xB800, 0xB800, 0xB800, 0xB800, 0xB800, 0xB800,
  0xB800, 0xB800, 0xB800, 0xB800, 0xB800, 0xB800, 0xB800, 0xB800, 0xB800, 0xB800, 0xB800, 0xB800,
  0xB800, 0xB800, 0xB800, 0xB800, 0xB800, 0xB800, 0xA820, 0x2020, 0x0000, 0x632C, 0xE71C, 0xCE79,
  0xD69A, 0xD69A, 0xD69A, 0xD69A, 0xD69A, 0xD69A, 0xD69A, 0xD69A, 0xD69A, 0xD69A, 0xD69A, 0xD69A,
  0xD69A, 0xDEFB, 0xDEDB, 0xCE79, 0xD69A, 0xD69A, 0xD69A, 0xD69A, 0xD69A, 0xD69A, 0xD69A, 0xD69A,
  0xD69A, 0xD69A, 0xD69A, 0xD69A, 0xD69A, 0xD69A, 0xD69A, 0xCE79, 0xCE79, 0xCE79, 0xD69A, 0xD69A,
  0xD69A, 0xD69A, 0xD69A, 0xD69A, 0xD69A, 0xD69A, 0xD69A, 0xD69A, 0xD69A, 0xD69A, 0xD69A, 0xCE79,
  0xD6BA, 0xAD75, 0x0000, 0x0000, 0x0000, 0x0000, 0x0000, 0x1800, 0x9861, 0xB800, 0xB800, 0xB800,
  0xB800, 0xB800, 0xB800, 0xB800, 0xB800, 0xB800, 0xB800, 0xB800, 0xB800, 0xB800, 0xB800, 0xB800,
  0xB800, 0xB800, 0x7041, 0x0000, 0x0000, 0x0000, 0x0000, 0x0000, 0x2965, 0x94B2, 0x7BEF, 0xFFDF,
  0x4208, 0xE6FC, 0xA514, 0x7BCF, 0xFFDF, 0x4A69, 0xEF5D, 0x9492, 0x738E, 0xFFDF, 0x4A69, 0xE73C,
  0x9492, 0x630C, 0xFFFF, 0x528A, 0xDEDB, 0xAD55, 0x73AE, 0xFFFF, 0x4A49, 0xDEFB, 0x9CF3, 0x7BEF,
  0xFFDF, 0x31A6, 0xD69A, 0xB596, 0x632C, 0xE71C, 0xBDD7, 0xBDD7, 0xAD75, 0x528A, 0x8C71, 0xDEDB,
  0xCE7A, 0x7BCF, 0x5ACB, 0x630C, 0x1082, 0x0841, 0xBDD7, 0xDEDB, 0x2965, 0x0000, 0x528A, 0xDEDB,
  0x18C3, 0x0000, 0x0000, 0x2945, 0xC638, 0xE71C, 0x7BEF, 0x0000, 0x0000, 0x39C7, 0xCE79, 0x9CD3,
  0x4208, 0x0000, 0x0000, 0x0000, 0x0000, 0x0000, 0x2965, 0x8430, 0xCE59, 0xDEFB, 0xDEFB, 0x8C71,
  0x0000, 0x39C7, 0xE71C, 0xA514, 0xB800, 0xB800, 0xB800, 0xB800, 0xB800, 0xB800, 0xB800, 0xB800,
  0xB800, 0xB800, 0xB800, 0xB800, 0xB800, 0xB800, 0xB800, 0xB800, 0xB800, 0xB800, 0xB800, 0xB800,
  0xB800, 0xB800, 0xB800, 0xB800, 0xB800, 0xB800, 0xB800, 0xB800, 0xB800, 0xB800, 0xB800, 0xB800,
  0xB800, 0xB800, 0xB800, 0xB800, 0xB800, 0xB800, 0xB800, 0xB800, 0xB800, 0xB800, 0xB800, 0xB800,
  0xB800, 0xB800, 0xB800, 0xB800, 0xB800, 0xB800, 0xB800, 0xB800, 0xB800, 0xB800, 0xB800, 0xB800,
  0xB800, 0xB800, 0xB800, 0xB800, 0xB800, 0xB800, 0xB800, 0xB800, 0xB800, 0xB800, 0xB800, 0xB800,
  0xB800, 0xB800, 0xB800, 0xB800, 0xB800, 0xB800, 0xB800, 0xB800, 0xB800, 0xB800, 0xB800, 0xB800,
  0xB800, 0xB800, 0xB800, 0xB800, 0xB800, 0xB800, 0xB800, 0xB800, 0xB800, 0xB800, 0xB820, 0x4021,
  0x0000, 0x2965, 0xD6BA, 0xCE79, 0xD69A, 0xD69A, 0xD69A, 0xD69A, 0xD69A, 0xD69A, 0xD69A, 0xD69A,
  0xD69A, 0xD69A, 0xD69A, 0xD69A, 0xCE79, 0xCE79, 0xCE79, 0xCE79, 0xD69A, 0xD69A, 0xD69A, 0xD69A,
  0xD69A, 0xD69A, 0xD69A, 0xD69A, 0xD69A, 0xD69A, 0xD69A, 0xD69A, 0xD69A, 0xD69A, 0xD69A, 0xD69A,
  0xD69A, 0xD69A, 0xD69A, 0xD69A, 0xD69A, 0xD69A, 0xD69A, 0xD69A, 0xD69A, 0xD69A, 0xD69A, 0xD69A,
  0xD69A, 0xD69A, 0xD69A, 0xCE79, 0xDEFB, 0x8410, 0x0000, 0x0000, 0x0000, 0x0000, 0x0800, 0x8841,
  0xC000, 0xB800, 0xB800, 0xB800, 0xB800, 0xB800, 0xB800, 0xB800, 0xB800, 0xB800, 0xB800, 0xB800,
  0xB800, 0xB800, 0xB800, 0xB000, 0xC000, 0x8840, 0x0800, 0x0000, 0x0000, 0x0000, 0x0000, 0x0000,
  0x18E3, 0x2965, 0x18E3, 0x8410, 0x0000, 0x6B4D, 0x41E7, 0x18E3, 0x7BEF, 0x0000, 0x738E, 0x3186,
  0x18E3, 0x8410, 0x0000, 0x738E, 0x31A6, 0x1082, 0x8430, 0x0000, 0x632C, 0x4208, 0x18C3, 0x8410,
  0x0000, 0x6B6D, 0x39C7, 0x2104, 0x8410, 0x0000, 0x632C, 0x528A, 0xA514, 0xDEDB, 0xCE59, 0xDEDB,
  0x9492, 0x73AE, 0xD6BA, 0xD69A, 0x7BF0, 0x52AB, 0x5ACB, 0xA534, 0x2124, 0x0000, 0xBDD7, 0xDEDB,
  0x3186, 0x0000, 0x4A49, 0xDEDB, 0x2104, 0x0000, 0x18E3, 0xBDF7, 0xE71C, 0x94B2, 0x0000, 0x0000,
  0x2124, 0xCE59, 0xD6BA, 0xD6BA, 0xDEDB, 0xAD55, 0x528A, 0x0841, 0x0000, 0x0000, 0x0000, 0x0000,
  0x18E3, 0x738E, 0xC638, 0xCE79, 0x0841, 0x0841, 0xC618, 0xCE79, 0xB800, 0xB800, 0xB800, 0xB800,
  0xB800, 0xB800, 0xB800, 0xB800, 0xB800, 0xB800, 0xB800, 0xB800, 0xB800, 0xB800, 0xB800, 0xB800,
  0xB800, 0xB800, 0xB800, 0xB800, 0xB800, 0xB800, 0xB800, 0xB800, 0xB800, 0xB800, 0xB800, 0xB800,
  0xB800, 0xB800, 0xB800, 0xB800, 0xB800, 0xB800, 0xB800, 0xB800, 0xB800, 0xB800, 0xB800, 0xB800,
  0xB800, 0xB800, 0xB800, 0xB800, 0xB800, 0xB800, 0xB800, 0xB800, 0xB800, 0xB800, 0xB800, 0xB800,
  0xB800, 0xB800, 0xB800, 0xB800, 0xB800, 0xB800, 0xB800, 0xB800, 0xB800, 0xB800, 0xB800, 0xB800,
  0xB800, 0xB800, 0xB800, 0xB800, 0xB800, 0xB800, 0xB800, 0xB800, 0xB800, 0xB800, 0xB800, 0xB800,
  0xB800, 0xB800, 0xB800, 0xB800, 0xB800, 0xB800, 0xB800, 0xB800, 0xB800, 0xB800, 0xB800, 0xB800,
  0xB800, 0xB800, 0xC000, 0x6820, 0x0000, 0x0000, 0xAD55, 0xD6BA, 0xCE79, 0xD69A, 0xD69A, 0xD69A,
  0xD69A, 0xD69A, 0xD69A, 0xD69A, 0xD69A, 0xD69A, 0xD69A, 0xD69A, 0xD69A, 0xD69A, 0xD69A, 0xD69A,
  0xD69A, 0xD69A, 0xD69A, 0xD69A, 0xD69A, 0xD69A, 0xD69A, 0xD69A, 0xD69A, 0xD69A, 0xD69A, 0xD69A,
  0xD69A, 0xD69A, 0xD69A, 0xD69A, 0xD69A, 0xD69A, 0xD69A, 0xD69A, 0xD69A, 0xD69A, 0xD69A, 0xD69A,
  0xD69A, 0xD69A, 0xD69A, 0xD69A, 0xD69A, 0xD69A, 0xD69A, 0xCE79, 0xE6FB, 0x6AAA, 0x0000, 0x0020,
  0x0000, 0x0000, 0x7041, 0xB800, 0xB800, 0xB800, 0xB800, 0xB800, 0xB800, 0xB800, 0xB800, 0xB800,
  0xB800, 0xB800, 0xB800, 0xB800, 0xB800, 0xB800, 0xB800, 0xB800, 0x9841, 0x2020, 0x0000, 0x0000,
  0x0000, 0x0000, 0x0000, 0x0000, 0x0000, 0x3186, 0x39C7, 0x0000, 0x4A49, 0x0000, 0x18E3, 0x31A6,
  0x0000, 0x4A49, 0x0000, 0x2124, 0x3186, 0x0000, 0x39E7, 0x0020, 0x2104, 0x31A6, 0x0000, 0x4A49,
  0x0000, 0x18E3, 0x31A6, 0x0000, 0x4A49, 0x0020, 0x18E3, 0x39C7, 0x0000, 0x0000, 0x0000, 0x10A2,
  0xCE79, 0xD69A, 0xCE79, 0xD69A, 0xA534, 0xC638, 0xDEDB, 0x8C51, 0x5ACB, 0x5ACB, 0x9CD3, 0xDEDB,
  0x2124, 0x0000, 0xB5B6, 0xDEFB, 0x31A6, 0x0000, 0x4228, 0xDEFB, 0x18E3, 0x0841, 0xB5B6, 0xE73C,
  0xAD55, 0x0841, 0x0000, 0x18C3, 0xBDF7, 0xD6BA, 0xD69A, 0xDEDB, 0xCE59, 0xD69A, 0xDEFB, 0xBDD7,
  0x6B4D, 0x10A2, 0x0000, 0x0000, 0x0000, 0x0000, 0x1082, 0x6B4D, 0x2124, 0x0000, 0x94B2, 0xE73C,
  0xB800, 0xB800, 0xB800, 0xB800, 0xB800, 0xB800, 0xB800, 0xB800, 0xB800, 0xB800, 0xB800, 0xB800,
  0xB800, 0xB800, 0xB800, 0xB800, 0xB800, 0xB800, 0xB800, 0xB800, 0xB800, 0xB800, 0xB800, 0xB800,
  0xB800, 0xB800, 0xB800, 0xB800, 0xB800, 0xB800, 0xB800, 0xB800, 0xB800, 0xB800, 0xB800, 0xB800,
  0xB800, 0xB800, 0xB800, 0xB800, 0xB800, 0xB800, 0xB800, 0xB800, 0xB800, 0xB800, 0xB800, 0xB800,
  0xB800, 0xB800, 0xB800, 0xB800, 0xB800, 0xB800, 0xB800, 0xB800, 0xB800, 0xB800, 0xB800, 0xB800,
  0xB800, 0xB800, 0xB800, 0xB800, 0xB800, 0xB800, 0xB800, 0xB800, 0xB800, 0xB800, 0xB800, 0xB800,
  0xB800, 0xB800, 0xB800, 0xB800, 0xB800, 0xB800, 0xB800, 0xB800, 0xB800, 0xB800, 0xB800, 0xB800,
  0xB800, 0xB800, 0xB800, 0xB800, 0xB800, 0xB800, 0xC000, 0x9841, 0x0820, 0x0000, 0x6B6D, 0xDEFB,
  0xCE79, 0xD69A, 0xD69A, 0xD69A, 0xD69A, 0xD69A, 0xD69A, 0xD69A, 0xD69A, 0xD69A, 0xD69A, 0xD69A,
  0xD69A, 0xD69A, 0xD69A, 0xD69A, 0xD69A, 0xD69A, 0xD69A, 0xD69A, 0xD69A, 0xD69A, 0xD69A, 0xD69A,
  0xD69A, 0xD69A, 0xD69A, 0xD69A, 0xD69A, 0xD69A, 0xD69A, 0xD69A, 0xD69A, 0xD69A, 0xD69A, 0xD69A,
  0xD69A, 0xD69A, 0xD69A, 0xD69A, 0xD69A, 0xD69A, 0xD69A, 0xD69A, 0xD69A, 0xD69A, 0xD69A, 0xCE9A,
  0xE659, 0x7965, 0x0000, 0x0000, 0x0000, 0x6041, 0xC021, 0xB000, 0xB800, 0xB800, 0xB800, 0xB800,
  0xB800, 0xB800, 0xB800, 0xB800, 0xB800, 0xB800, 0xB800, 0xB800, 0xB800, 0xB800, 0xB800, 0xB041,
  0x3020, 0x0000, 0x0000, 0x0000, 0x0000, 0x0000, 0x0000, 0x0000, 0x0000, 0x8430, 0x4A49, 0x2965,
  0xFFDF, 0x630C, 0x9CF3, 0xCE79, 0x528A, 0xF7BE, 0x528A, 0x9CF3, 0x4A49, 0x0000, 0xA514, 0x73AE,
  0x9CF3, 0xCE79, 0x4228, 0xFFDF, 0x5AEB, 0x94B2, 0xD6BA, 0x4208, 0xF79E, 0x632C, 0x9492, 0xDEFB,
  0x1082, 0x0000, 0x0000, 0x4A69, 0xDEFB, 0xCE79, 0xCE79, 0xCE79, 0xD69A, 0xD6BA, 0x8C71, 0x52AB,
  0x5ACB, 0x94B2, 0xDEDB, 0xD69A, 0x2965, 0x0000, 0xB596, 0xE71C, 0x39C7, 0x0000, 0x4208, 0xDEDB,
  0x2965, 0x9CF3, 0xE73C, 0xB5B6, 0x10A2, 0x0000, 0x0841, 0xAD75, 0xD6BA, 0xD6BA, 0xA514, 0x9492,
  0xD6BA, 0xDEDB, 0xCE59, 0xD69A, 0xDEFB, 0xC638, 0x7BEF, 0x2945, 0x0000, 0x0000, 0x0000, 0x0000,
  0x0020, 0x0000, 0x5AEB, 0xEF7D, 0xB800, 0xB800, 0xB800, 0xB800, 0xB800, 0xB800, 0xB800, 0xB800,
  0xB800, 0xB800, 0xB800, 0xB800, 0xB800, 0xB800, 0xB800, 0xB800, 0xB800, 0xB800, 0xB800, 0xB800,
  0xB800, 0xB800, 0xB800, 0xB800, 0xB800, 0xB800, 0xB800, 0xB800, 0xB800, 0xB800, 0xB800, 0xB800,
  0xB800, 0xB800, 0xB800, 0xB800, 0xB800, 0xB800, 0xB800, 0xB800, 0xB800, 0xB800, 0xB800, 0xB800,
  0xB800, 0xB800, 0xB800, 0xB800, 0xB800, 0xB800, 0xB800, 0xB800, 0xB800, 0xB800, 0xB800, 0xB800,
  0xB800, 0xB800, 0xB800, 0xB800, 0xB800, 0xB800, 0xB800, 0xB800, 0xB800, 0xB800, 0xB800, 0xB800,
  0xB800, 0xB800, 0xB800, 0xB800, 0xB800, 0xB800, 0xB800, 0xB800, 0xB800, 0xB800, 0xB800, 0xB800,
  0xB800, 0xB800, 0xB800, 0xB800, 0xB800, 0xB800, 0xB800, 0xB800, 0xB800, 0xB800, 0xB800, 0xB021,
  0x2821, 0x0000, 0x4208, 0xDEDB, 0xCE79, 0xD69A, 0xD69A, 0xD69A, 0xD69A, 0xD69A, 0xD69A, 0xD69A,
  0xD69A, 0xD69A, 0xD69A, 0xD69A, 0xD69A, 0xD69A, 0xD69A, 0xD69A, 0xD69A, 0xD69A, 0xD69A, 0xD69A,
  0xD69A, 0xD69A, 0xD69A, 0xD69A, 0xD69A, 0xD69A, 0xD69A, 0xD69A, 0xD69A, 0xD69A, 0xD69A, 0xD69A,
  0xD69A, 0xD69A, 0xD69A, 0xD69A, 0xD69A, 0xD69A, 0xD69A, 0xD69A, 0xD69A, 0xD69A, 0xD69A, 0xD69A,
  0xD69A, 0xD69A, 0xD679, 0xD6BA, 0xD575, 0xA041, 0x1800, 0x0000, 0x5021, 0xB821, 0xB800, 0xB800,
  0xB800, 0xB800, 0xB800, 0xB800, 0xB800, 0xB800, 0xB800, 0xB800, 0xB800, 0xB800, 0xB800, 0xB800,
  0xB800, 0xB800, 0xC000, 0x8041, 0x0000, 0x0000, 0x0000, 0x0000, 0x0000, 0x0000, 0x0000, 0x0000,
  0x0000, 0x0000, 0x0000, 0x18E3, 0xC638, 0x39C7, 0x738E, 0xA514, 0x2945, 0xC638, 0x39C7, 0x4228,
  0x0841, 0x0000, 0x738E, 0x4A49, 0x73AE, 0x9CF3, 0x18E3, 0xC638, 0x31A6, 0x6B6D, 0xA534, 0x18E3,
  0xC638, 0x39E7, 0x6B4D, 0xAD75, 0x0000, 0x0000, 0x0000, 0x4A49, 0xDEFB, 0xCE79, 0xD69A, 0xCE79,
  0xD69A, 0x9CD3, 0x5AEB, 0x630C, 0x8C72, 0xD6BA, 0xCE79, 0xD6BA, 0x3186, 0x0000, 0xAD75, 0xDEFB,
  0x39E7, 0x0000, 0x39E7, 0xD69A, 0xAD75, 0xDEDB, 0xCE59, 0x2945, 0x0000, 0x0000, 0x9CD3, 0xDEDB,
  0xD6BA, 0xB5B6, 0x0861, 0x0000, 0x39C7, 0x8C71, 0xCE79, 0xDEFB, 0xCE79, 0xCE79, 0xDEDB, 0xD69A,
  0x9492, 0x31A6, 0x0000, 0x0000, 0x0000, 0x0000, 0x2965, 0xDEDB, 0xB800, 0xB800, 0xB800, 0xB800,
  0xB800, 0xB800, 0xB800, 0xB800, 0xB800, 0xB800, 0xB800, 0xB800, 0xB800, 0xB800, 0xB800, 0xB800,
  0xB800, 0xB800, 0xB800, 0xB800, 0xB800, 0xB800, 0xB800, 0xB800, 0xB800, 0xB800, 0xB800, 0xB800,
  0xB800, 0xB800, 0xB800, 0xB800, 0xB800, 0xB800, 0xB800, 0xB800, 0xB800, 0xB800, 0xB800, 0xB800,
  0xB800, 0xB800, 0xB800, 0xB800, 0xB800, 0xB800, 0xB800, 0xB800, 0xB800, 0xB800, 0xB800, 0xB800,
  0xB800, 0xB800, 0xB800, 0xB800, 0xB800, 0xB800, 0xB800, 0xB800, 0xB800, 0xB800, 0xB800, 0xB800,
  0xB800, 0xB800, 0xB800, 0xB800, 0xB800, 0xB800, 0xB800, 0xB800, 0xB800, 0xB800, 0xB800, 0xB800,
  0xB800, 0xB800, 0xB800, 0xB800, 0xB800, 0xB800, 0xB800, 0xB800, 0xB800, 0xB800, 0xB800, 0xB800,
  0xB800, 0xB800, 0xB800, 0xC020, 0x5041, 0x0000, 0x2924, 0xD69A, 0xD69A, 0xD69A, 0xD69A, 0xD69A,
  0xD69A, 0xD69A, 0xD69A, 0xD69A, 0xD69A, 0xD69A, 0xD69A, 0xD69A, 0xD69A, 0xD69A, 0xD69A, 0xD69A,
  0xD69A, 0xD69A, 0xD69A, 0xD69A, 0xD69A, 0xD69A, 0xD69A, 0xD69A, 0xD69A, 0xD69A, 0xD69A, 0xD69A,
  0xD69A, 0xD69A, 0xD69A, 0xD69A, 0xD69A, 0xD69A, 0xD69A, 0xD69A, 0xD69A, 0xD69A, 0xD69A, 0xD69A,
  0xD69A, 0xD69A, 0xD69A, 0xD69A, 0xD69A, 0xD69A, 0xCE79, 0xD6FB, 0xCC30, 0xB000, 0x8841, 0x6820,
  0xB021, 0xB800, 0xB800, 0xB800, 0xB800, 0xB800, 0xB800, 0xB800, 0xB800, 0xB800, 0xB800, 0xB800,
  0xB800, 0xB800, 0xB800, 0xB800, 0xB800, 0xB800, 0xA841, 0x2820, 0x0000, 0x0000, 0x0000, 0x0000,
  0x0000, 0x0000, 0x0000, 0x0000, 0x0000, 0x0000, 0x0020, 0x1082, 0x0000, 0x0861, 0x0841, 0x0020,
  0x0861, 0x0000, 0x0861, 0x0020, 0x0000, 0x0000, 0x0020, 0x0861, 0x0020, 0x0020, 0x0861, 0x0000,
  0x0861, 0x0841, 0x0020, 0x0861, 0x0000, 0x0841, 0x0020, 0x0020, 0x1082, 0x0000, 0x0000, 0x0000,
  0x94B2, 0xDEDB, 0xCE79, 0xCE79, 0xCE79, 0xBDF7, 0xC638, 0xC618, 0xD69A, 0xD69A, 0xCE59, 0xDEDB,
  0x39C7, 0x0000, 0xAD55, 0xE71C, 0x4228, 0x0000, 0x39C7, 0xD6BA, 0xD69A, 0xD69A, 0x39C7, 0x0000,
  0x0000, 0x8430, 0xDEDB, 0xD69A, 0xC638, 0x18E3, 0x0000, 0x0000, 0x0000, 0x0000, 0x2124, 0x7BCF,
  0xC618, 0xDEFB, 0xD69A, 0xCE79, 0xDEDB, 0xD6BA, 0xA514, 0x4A49, 0x0020, 0x0000, 0x0020, 0xB5B6,
  0xB800, 0xB800, 0xB800, 0xB800, 0xB800, 0xB800, 0xB800, 0xB800, 0xB800, 0xB800, 0xB800, 0xB800,
  0xB800, 0xB800, 0xB800, 0xB800, 0xB800, 0xB800, 0xB800, 0xB800, 0xB800, 0xB800, 0xB800, 0xB800,
  0xB800, 0xB800, 0xB800, 0xB800, 0xB800, 0xB800, 0xB800, 0xB800, 0xB800, 0xB800, 0xB800, 0xB800,
  0xB800, 0xB800, 0xB800, 0xB800, 0xB800, 0xB800, 0xB800, 0xB800, 0xB800, 0xB800, 0xB800, 0xB800,
  0xB800, 0xB800, 0xB800, 0xB800, 0xB800, 0xB800, 0xB800, 0xB800, 0xB800, 0xB800, 0xB800, 0xB800,
  0xB800, 0xB800, 0xB800, 0xB800, 0xB800, 0xB800, 0xB800, 0xB800, 0xB800, 0xB800, 0xB800, 0xB800,
  0xB800, 0xB800, 0xB800, 0xB800, 0xB800, 0xB800, 0xB800, 0xB800, 0xB800, 0xB800, 0xB800, 0xB800,
  0xB800, 0xB800, 0xB800, 0xB800, 0xB800, 0xB800, 0xB800, 0xC000, 0x7041, 0x0000, 0x2124, 0xD69A,
  0xD69A, 0xD69A, 0xD69A, 0xD69A, 0xD69A, 0xD69A, 0xD69A, 0xD69A, 0xD69A, 0xD69A, 0xD69A, 0xD69A,
  0xD69A, 0xD69A, 0xD69A, 0xD69A, 0xD69A, 0xD69A, 0xD69A, 0xD69A, 0xD69A, 0xD69A, 0xD69A, 0xD69A,
  0xD69A, 0xD69A, 0xD69A, 0xD69A, 0xD69A, 0xD69A, 0xD69A, 0xD69A, 0xD69A, 0xD69A, 0xD69A, 0xD69A,
  0xD69A, 0xD69A, 0xD69A, 0xD69A, 0xD69A, 0xD69A, 0xD69A, 0xD69A, 0xD69A, 0xD69A, 0xCE79, 0xDEDB,
  0xC28A, 0xB000, 0xC020, 0xB820, 0xB800, 0xB800, 0xB800, 0xB800, 0xB800, 0xB800, 0xB800, 0xB800,
  0xB800, 0xB800, 0xB800, 0xB800, 0xB800, 0xB800, 0xB800, 0xB800, 0xB800, 0xB820, 0x5041, 0x0000,
  0x0000, 0x0000, 0x0000, 0x0000, 0x0000, 0x0000, 0x0000, 0x0000, 0x0000, 0x0000, 0x5AEB, 0xCE59,
  0x18E3, 0xB596, 0x73AE, 0x4A69, 0xCE59, 0x2965, 0xA534, 0x18E3, 0x0000, 0x0000, 0x0841, 0xC618,
  0x6B4D, 0x39E7, 0xD69A, 0x2945, 0xAD75, 0x7BEF, 0x4A49, 0xCE79, 0x2124, 0xB596, 0x73AE, 0x528A,
  0xCE59, 0x10A2, 0x0000, 0x0000, 0x2945, 0xD6BA, 0xD69A, 0xD6BA, 0xDEFB, 0xD6BA, 0xD69A, 0xD69A,
  0xD69A, 0xCE79, 0xD6BA, 0xBDD6, 0x18E4, 0x0000, 0xA534, 0xE73C, 0x4A49, 0x0000, 0x31A6, 0xD6BA,
  0xD6BA, 0x528A, 0x0000, 0x0000, 0x6B6D, 0xDEFB, 0xCE79, 0xCE79, 0x3186, 0x0000, 0x0000, 0x5AEB,
  0x7BEF, 0x18E3, 0x0000, 0x0000, 0x10A2, 0x6B4D, 0xB5B6, 0xDEDB, 0xD6BA, 0xCE59, 0xD6BA, 0xDEFB,
  0xB5B6, 0x630C, 0x0020, 0x73AE, 0xB800, 0xB800, 0xB800, 0xB800, 0xB800, 0xB800, 0xB800, 0xB800,
  0xB800, 0xB800, 0xB800, 0xB800, 0xB800, 0xB800, 0xB800, 0xB800, 0xB800, 0xB800, 0xB800, 0xB800,
  0xB800, 0xB800, 0xB800, 0xB800, 0xB800, 0xB800, 0xB800, 0xB800, 0xB800, 0xB800, 0xB800, 0xB800,
  0xB800, 0xB800, 0xB800, 0xB800, 0xB800, 0xB800, 0xB800, 0xB800, 0xB800, 0xB800, 0xB800, 0xB800,
  0xB800, 0xB800, 0xB800, 0xB800, 0xB800, 0xB800, 0xB800, 0xB800, 0xB800, 0xB800, 0xB800, 0xB800,
  0xB800, 0xB800, 0xB800, 0xB800, 0xB800, 0xB800, 0xB800, 0xB800, 0xB800, 0xB800, 0xB800, 0xB800,
  0xB800, 0xB800, 0xB800, 0xB800, 0xB800, 0xB800, 0xB800, 0xB800, 0xB800, 0xB800, 0xB800, 0xB800,
  0xB800, 0xB800, 0xB800, 0xB800, 0xB800, 0xB800, 0xB800, 0xB800, 0xB800, 0xB800, 0xB800, 0xC000,
  0x8840, 0x0000, 0x2945, 0xD6BA, 0xD69A, 0xD69A, 0xD69A, 0xD69A, 0xD69A, 0xD69A, 0xD69A, 0xD69A,
  0xD69A, 0xD69A, 0xD69A, 0xD69A, 0xD69A, 0xD69A, 0xD69A, 0xD69A, 0xD69A, 0xD69A, 0xD69A, 0xD69A,
  0xD69A, 0xD69A, 0xD69A, 0xD69A, 0xD69A, 0xD69A, 0xD69A, 0xD69A, 0xD69A, 0xD69A, 0xD69A, 0xD69A,
  0xD69A, 0xD69A, 0xD69A, 0xD69A, 0xD69A, 0xD69A, 0xD69A, 0xD69A, 0xD69A, 0xD69A, 0xD69A, 0xD69A,
  0xD69A, 0xD699, 0xCE9A, 0xDE79, 0xB945, 0xB000, 0xB800, 0xB800, 0xB800, 0xB800, 0xB800, 0xB800,
  0xB800, 0xB800, 0xB800, 0xB800, 0xB800, 0xB800, 0xB800, 0xB800, 0xB800, 0xB800, 0xB800, 0xB000,
  0xB820, 0x6841, 0x0000, 0x0000, 0x0000, 0x0000, 0x0000, 0x0000, 0x0000, 0x0000, 0x0000, 0x0000,
  0x0000, 0x0000, 0x73AE, 0xEF5D, 0x3186, 0xD69A, 0x9492, 0x6B6D, 0xEF5D, 0x528A, 0x8410, 0x0000,
  0x0020, 0x0000, 0x10A2, 0xE71C, 0x8410, 0x52AA, 0xF79E, 0x4228, 0xCE59, 0x94B2, 0x632C, 0xEF5D,
  0x31A6, 0xD69A, 0x9492, 0x73AE, 0xBDF7, 0x0000, 0x0000, 0x0000, 0x0000, 0x632C, 0xD6BA, 0xBDD7,
  0x8C71, 0xBDF7, 0xD6BA, 0xCE7A, 0xCE79, 0xD6BA, 0xB5B6, 0x6B4C, 0x18E3, 0x0000, 0xA514, 0xE73C,
  0x4A69, 0x0000, 0x3186, 0xE71C, 0x632C, 0x0000, 0x0000, 0x5ACB, 0xDEDB, 0xCE79, 0xDEDB, 0x4208,
  0x0000, 0x0000, 0x4A69, 0xDEFB, 0xDEDB, 0x6B6D, 0x4208, 0x2104, 0x0000, 0x0000, 0x0000, 0x52AA,
  0xAD55, 0xDEDB, 0xD6BA, 0xCE59, 0xD69A, 0xDEFB, 0xBDD7, 0x9CF3, 0xB800, 0xB800, 0xB800, 0xB800,
  0xB800, 0xB800, 0xB800, 0xB800, 0xB800, 0xB800, 0xB800, 0xB800, 0xB800, 0xB800, 0xB800, 0xB800,
  0xB800, 0xB800, 0xB800, 0xB800, 0xB800, 0xB800, 0xB800, 0xB800, 0xB800, 0xB800, 0xB800, 0xB800,
  0xB800, 0xB800, 0xB800, 0xB800, 0xB800, 0xB800, 0xB800, 0xB800, 0xB800, 0xB800, 0xB800, 0xB800,
  0xB800, 0xB800, 0xB800, 0xB800, 0xB800, 0xB800, 0xB800, 0xB800, 0xB800, 0xB800, 0xB800, 0xB800,
  0xB800, 0xB800, 0xB800, 0xB800, 0xB800, 0xB800, 0xB800, 0xB800, 0xB800, 0xB800, 0xB800, 0xB800,
  0xB800, 0xB800, 0xB800, 0xB800, 0xB800, 0xB800, 0xB800, 0xB800, 0xB800, 0xB800, 0xB800, 0xB800,
  0xB800, 0xB800, 0xB800, 0xB800, 0xB800, 0xB800, 0xB800, 0xB800, 0xB800, 0xB800, 0xB800, 0xB800,
  0xB800, 0xB800, 0xB800, 0xC000, 0x9041, 0x0000, 0x528A, 0xDEFB, 0xCE79, 0xD69A, 0xD69A, 0xD69A,
  0xD69A, 0xD69A, 0xD69A, 0xD69A, 0xD69A, 0xD69A, 0xD69A, 0xD69A, 0xD69A, 0xD69A, 0xD69A, 0xD69A,
  0xD69A, 0xD69A, 0xD69A, 0xD69A, 0xD69A, 0xD69A, 0xD69A, 0xD69A, 0xD69A, 0xD69A, 0xD69A, 0xD69A,
  0xD69A, 0xD69A, 0xD69A, 0xD69A, 0xD69A, 0xD69A, 0xD69A, 0xD69A, 0xD69A, 0xD69A, 0xD69A, 0xD69A,
  0xD69A, 0xD69A, 0xD69A, 0xD69A, 0xD69A, 0xD679, 0xD6BA, 0xD596, 0xB041, 0xB800, 0xB800, 0xC000,
  0xB800, 0xB800, 0xB800, 0xB800, 0xB800, 0xB800, 0xB800, 0xB800, 0xB800, 0xB800, 0xB800, 0xB800,
  0xB800, 0xB800, 0xB800, 0xB800, 0x8061, 0x0800, 0x0000, 0x0000, 0x0000, 0x0000, 0x0000, 0x0000,
  0x0000, 0x0000, 0x0000, 0x0000, 0x0000, 0x0000, 0x0020, 0x39E7, 0x0000, 0x2965, 0x10A2, 0x0000,
  0x39C7, 0x0000, 0x0861, 0x0000, 0x0000, 0x0000, 0x0000, 0x3186, 0x1082, 0x0000, 0x39E7, 0x0000,
  0x3186, 0x10A2, 0x0000, 0x39E7, 0x0000, 0x3186, 0x1082, 0x0020, 0x2124, 0x0000, 0x0000, 0x0020,
  0x0000, 0x0000, 0x2104, 0x0020, 0x6B4D, 0xDEDB, 0xB596, 0xC638, 0xD69A, 0xDEDA, 0x8C51, 0x5AEB,
  0x2124, 0x0000, 0x9CD3, 0xEF5D, 0x528A, 0x0000, 0x39C7, 0x8430, 0x0000, 0x0000, 0x4208, 0xDEDB,
  0xCE79, 0xDEDB, 0x5ACB, 0x0000, 0x0000, 0x39C7, 0xD69A, 0xD6BA, 0x8C51, 0x5ACB, 0x6B4D, 0x5AEB,
  0x7BEF, 0x6B4D, 0x10A2, 0x0000, 0x0000, 0x39E7, 0x9CF3, 0xD6BA, 0xDEFB, 0xCE79, 0xD69A, 0xD6BA,
  0xB800, 0xB800, 0xB800, 0xB800, 0xB800, 0xB800, 0xB800, 0xB800, 0xB800, 0xB800, 0xB800, 0xB800,
  0xB800, 0xB800, 0xB800, 0xB800, 0xB800, 0xB800, 0xB800, 0xB800, 0xB800, 0xB800, 0xB800, 0xB800,
  0xB800, 0xB800, 0xB800, 0xB800, 0xB800, 0xB800, 0xB800, 0xB800, 0xB800, 0xB800, 0xB800, 0xB800,
  0xB800, 0xB800, 0xB800, 0xB800, 0xB800, 0xB800, 0xB800, 0xB800, 0xB800, 0xB800, 0xB800, 0xB800,
  0xB800, 0xB800, 0xB800, 0xB800, 0xB800, 0xB800, 0xB800, 0xB800, 0xB800, 0xB800, 0xB800, 0xB800,
  0xB800, 0xB800, 0xB800, 0xB800, 0xB800, 0xB800, 0xB800, 0xB800, 0xB800, 0xB800, 0xB800, 0xB800,
  0xB800, 0xB800, 0xB800, 0xB800, 0xB800, 0xB800, 0xB800, 0xB800, 0xB800, 0xB800, 0xB800, 0xB800,
  0xB800, 0xB800, 0xB800, 0xB800, 0xB800, 0xB800, 0xB800, 0xC000, 0x7041, 0x0000, 0x8410, 0xDEFB,
  0xCE79, 0xD69A, 0xD69A, 0xD69A, 0xD69A, 0xD69A, 0xD69A, 0xD69A, 0xD69A, 0xD69A, 0xD69A, 0xD69A,
  0xD69A, 0xD69A, 0xD69A, 0xD69A, 0xD69A, 0xD69A, 0xD69A, 0xD69A, 0xD69A, 0xD69A, 0xD69A, 0xD69A,
  0xD69A, 0xD69A, 0xD69A, 0xD69A, 0xD69A, 0xD69A, 0xD69A, 0xD69A, 0xD69A, 0xD69A, 0xD69A, 0xD69A,
  0xD69A, 0xD69A, 0xD69A, 0xD69A, 0xD69A, 0xD69A, 0xD69A, 0xD69A, 0xD69A, 0xCE79, 0xD6FB, 0xCC71,
  0xB000, 0xB800, 0xB800, 0xB800, 0xB800, 0xB800, 0xB800, 0xB800, 0xB800, 0xB800, 0xB800, 0xB800,
  0xB800, 0xB800, 0xB800, 0xB800, 0xB800, 0xB800, 0xB800, 0xA041, 0x1800, 0x0000, 0x0000, 0x0000,
  0x0000, 0x0000, 0x0000, 0x0000, 0x0000, 0x0000, 0x0000, 0x0000, 0x0000, 0x4A49, 0x6B6D, 0x0000,
  0x18E3, 0x18C3, 0x4208, 0x632C, 0x0841, 0x7BCF, 0x0841, 0x0000, 0x0000, 0x0000, 0x632C, 0x18E3,
  0x4228, 0x632C, 0x0000, 0x8410, 0x1082, 0x4228, 0x6B6D, 0x0000, 0x0020, 0x0000, 0x4A49, 0x632C,
  0x0000, 0x0020, 0x0000, 0x0000, 0x0000, 0x0000, 0x0000, 0x738E, 0xE73C, 0xC618, 0x6B6D, 0xC638,
  0xD69A, 0xD6BA, 0x8C71, 0x630C, 0x31A6, 0x0000, 0x9CD3, 0xE73C, 0x5ACB, 0x0000, 0x1082, 0x0841,
  0x0000, 0x3186, 0xCE79, 0xCE79, 0xDEFB, 0x738E, 0x0000, 0x0000, 0x2945, 0xC638, 0xDEDB, 0xAD76,
  0x5AEB, 0x630C, 0x5ACB, 0x738E, 0xD6BA, 0xDEFB, 0xCE79, 0x6B4D, 0x10A2, 0x0000, 0x0000, 0x2945,
  0x8C51, 0xCE79, 0xDEFB, 0xD69A, 0xB800, 0xB800, 0xB800, 0xB800, 0xB800, 0xB800, 0xB800, 0xB800,
  0xB800, 0xB800, 0xB800, 0xB800, 0xB800, 0xB800, 0xB800, 0xB800, 0xB800, 0xB800, 0xB800, 0xB800,
  0xB800, 0xB800, 0xB800, 0xB800, 0xB800, 0xB800, 0xB800, 0xB800, 0xB800, 0xB800, 0xB800, 0xB800,
  0xB800, 0xB800, 0xB800, 0xB800, 0xB800, 0xB800, 0xB800, 0xB800, 0xB800, 0xB800, 0xB800, 0xB800,
  0xB800, 0xB800, 0xB800, 0xB800, 0xB800, 0xB800, 0xB800, 0xB800, 0xB800, 0xB800, 0xB800, 0xB800,
  0xB800, 0xB800, 0xB800, 0xB800, 0xB800, 0xB800, 0xB800, 0xB800, 0xB800, 0xB800, 0xB800, 0xB800,
  0xB800, 0xB800, 0xB800, 0xB800, 0xB800, 0xB800, 0xB800, 0xB800, 0xB800, 0xB800, 0xB800, 0xB800,
  0xB800, 0xB800, 0xB800, 0xB800, 0xB800, 0xB800, 0xB800, 0xB800, 0xB800, 0xB800, 0xB800, 0xB820,
  0x3820, 0x0000, 0xA514, 0xDEDB, 0xCE79, 0xD69A, 0xD69A, 0xD69A, 0xD69A, 0xD69A, 0xD69A, 0xD69A,
  0xD69A, 0xD69A, 0xD69A, 0xD69A, 0xD69A, 0xD69A, 0xD69A, 0xD69A, 0xD69A, 0xD69A, 0xD69A, 0xD69A,
  0xD69A, 0xD69A, 0xD69A, 0xD69A, 0xD69A, 0xD69A, 0xD69A, 0xD69A, 0xD69A, 0xD69A, 0xD69A, 0xD69A,
  0xD69A, 0xD69A, 0xD69A, 0xD69A, 0xD69A, 0xD69A, 0xD69A, 0xD69A, 0xD69A, 0xD69A, 0xD69A, 0xD69A,
  0xD69A, 0xCE79, 0xDEDB, 0xC2CB, 0xB000, 0xB800, 0xB800, 0xB800, 0xB800, 0xB800, 0xB800, 0xB800,
  0xB800, 0xB800, 0xB800, 0xB800, 0xB800, 0xB800, 0xB800, 0xB800, 0xB800, 0xB800, 0xA840, 0x3000,
  0x0000, 0x0000, 0x0000, 0x0000, 0x0000, 0x0000, 0x0000, 0x0000, 0x0000, 0x0000, 0x0000, 0x0000,
  0x0000, 0x9492, 0xAD55, 0x0000, 0x6B6D, 0x73AE, 0xA514, 0xD6BA, 0x6B6D, 0xBDD7, 0x0000, 0x0000,
  0x0000, 0x0000, 0xCE59, 0x7BEF, 0xAD55, 0xD6BA, 0x4A69, 0xFFFF, 0x630C, 0xA514, 0x6B4D, 0x0000,
  0x0020, 0x0000, 0xAD75, 0x738E, 0x0000, 0x0000, 0x18C3, 0x6B4D, 0x4228, 0x4A49, 0x94B2, 0xDEFB,
  0xD69A, 0x7BEF, 0x630C, 0xCE59, 0xCE79, 0xD6BA, 0x9492, 0x630C, 0x39C7, 0x0000, 0x9492, 0xEF5D,
  0x5ACB, 0x0000, 0x0000, 0x0000, 0x18E3, 0xC618, 0xCE79, 0xDEDB, 0x8430, 0x0000, 0x0000, 0x18C3,
  0xC618, 0xDEFB, 0xCE79, 0x6B6E, 0x5AEB, 0x630C, 0x5AEB, 0xB5B6, 0xD69A, 0xCE59, 0xDEDB, 0xA514,
  0x5AEB, 0x52AA, 0x2965, 0x0000, 0x0000, 0x1082, 0x738E, 0xC638, 0xB800, 0xB800, 0xB800, 0xB800,
  0xB800, 0xB800, 0xB800, 0xB800, 0xB800, 0xB800, 0xB800, 0xB800, 0xB800, 0xB800, 0xB800, 0xB800,
  0xB800, 0xB800, 0xB800, 0xB800, 0xB800, 0xB800, 0xB800, 0xB800, 0xB800, 0xB800, 0xB800, 0xB800,
  0xB800, 0xB800, 0xB800, 0xB800, 0xB800, 0xB800, 0xB800, 0xB800, 0xB800, 0xB800, 0xB800, 0xB800,
  0xB800, 0xB800, 0xB800, 0xB800, 0xB800, 0xB800, 0xB800, 0xB800, 0xB800, 0xB800, 0xB800, 0xB800,
  0xB800, 0xB800, 0xB800, 0xB800, 0xB800, 0xB800, 0xB800, 0xB800, 0xB800, 0xB800, 0xB800, 0xB800,
  0xB800, 0xB800, 0xB800, 0xB800, 0xB800, 0xB800, 0xB800, 0xB800, 0xB800, 0xB800, 0xB800, 0xB800,
  0xB800, 0xB800, 0xB800, 0xB800, 0xB800, 0xB800, 0xB800, 0xB800, 0xB800, 0xB800, 0xB800, 0xB800,
  0xB800, 0xB800, 0xB800, 0xA841, 0x1000, 0x0861, 0xC618, 0xD69A, 0xCE79, 0xD69A, 0xD69A, 0xD69A,
  0xD69A, 0xD69A, 0xD69A, 0xD69A, 0xD69A, 0xD69A, 0xD69A, 0xD69A, 0xD69A, 0xD69A, 0xD69A, 0xD69A,
  0xD69A, 0xD69A, 0xD69A, 0xD69A, 0xD69A, 0xD69A, 0xD69A, 0xD69A, 0xD69A, 0xD69A, 0xD69A, 0xD69A,
  0xD69A, 0xD69A, 0xD69A, 0xD69A, 0xD69A, 0xD69A, 0xD69A, 0xD69A, 0xD69A, 0xD69A, 0xD69A, 0xD69A,
  0xD69A, 0xD69A, 0xD69A, 0xD69A, 0xD69A, 0xCE99, 0xDE9A, 0xB965, 0xB800, 0xB800, 0xB800, 0xB800,
  0xB800, 0xB800, 0xB800, 0xB800, 0xB800, 0xB800, 0xB800, 0xB800, 0xB800, 0xB800, 0xB800, 0xB800,
  0xB800, 0xB820, 0x5040, 0x0000, 0x0000, 0x0000, 0x0000, 0x0000, 0x0000, 0x0000, 0x0000, 0x0000,
  0x0000, 0x0000, 0x0000, 0x0000, 0x0000, 0x2945, 0x1082, 0x0000, 0x31A6, 0x18C3, 0x528A, 0x6B6D,
  0x10A2, 0x4228, 0x0000, 0x0000, 0x0000, 0x0000, 0x7BEF, 0x2104, 0x528A, 0x6B6D, 0x0000, 0x8C71,
  0x2124, 0x2945, 0x0020, 0x0000, 0x0000, 0x0000, 0x31A6, 0x1082, 0x0000, 0x0000, 0x2965, 0xE73C,
  0xDEFB, 0xE71C, 0xD6BA, 0xC618, 0xD6BA, 0x73AE, 0x630C, 0xC638, 0xD69A, 0xD6BA, 0x9492, 0x630C,
  0x39E7, 0x0000, 0x9492, 0xEF5D, 0x5AEB, 0x0000, 0x0000, 0x0861, 0xB5B6, 0xD69A, 0xDEDB, 0x9CF3,
  0x0000, 0x0000, 0x0020, 0x5ACB, 0x8410, 0x9492, 0x8410, 0x5ACB, 0x632C, 0x5AAB, 0x9492, 0xD6BA,
  0xCE79, 0xCE79, 0xD6BA, 0xA514, 0x5ACB, 0x632D, 0x6B4D, 0xAD75, 0x8C51, 0x2965, 0x0000, 0x0861,
  0xB800, 0xB800, 0xB800, 0xB800, 0xB800, 0xB800, 0xB800, 0xB800, 0xB800, 0xB800, 0xB800, 0xB800,
  0xB800, 0xB800, 0xB800, 0xB800, 0xB800, 0xB800, 0xB800, 0xB800, 0xB800, 0xB800, 0xB800, 0xB800,
  0xB800, 0xB800, 0xB800, 0xB800, 0xB800, 0xB800, 0xB800, 0xB800, 0xB800, 0xB800, 0xB800, 0xB800,
  0xB800, 0xB800, 0xB800, 0xB800, 0xB800, 0xB800, 0xB800, 0xB800, 0xB800, 0xB800, 0xB800, 0xB800,
  0xB800, 0xB800, 0xB800, 0xB800, 0xB800, 0xB800, 0xB800, 0xB800, 0xB800, 0xB800, 0xB800, 0xB800,
  0xB800, 0xB800, 0xB800, 0xB800, 0xB800, 0xB800, 0xB800, 0xB800, 0xB800, 0xB800, 0xB800, 0xB800,
  0xB800, 0xB800, 0xB800, 0xB800, 0xB800, 0xB800, 0xB800, 0xB800, 0xB800, 0xB800, 0xB800, 0xB800,
  0xB800, 0xB800, 0xB800, 0xB800, 0xB800, 0xB800, 0xC000, 0x8040, 0x0000, 0x2945, 0xD69A, 0xCE79,
  0xCE79, 0xD69A, 0xD69A, 0xD69A, 0xD69A, 0xD69A, 0xD69A, 0xD69A, 0xD69A, 0xD69A, 0xD69A, 0xD69A,
  0xD69A, 0xD69A, 0xD69A, 0xD69A, 0xD69A, 0xD69A, 0xD69A, 0xD69A, 0xD69A, 0xD69A, 0xD69A, 0xD69A,
  0xD69A, 0xD69A, 0xD69A, 0xD69A, 0xD69A, 0xD69A, 0xD69A, 0xD69A, 0xD69A, 0xD69A, 0xD69A, 0xD69A,
  0xD69A, 0xD69A, 0xD69A, 0xD69A, 0xD69A, 0xD69A, 0xD69A, 0xD69A, 0xD679, 0xD6BA, 0xDDB6, 0xB061,
  0xB800, 0xB800, 0xB800, 0xB800, 0xB800, 0xB800, 0xB800, 0xB800, 0xB800, 0xB800, 0xB800, 0xB800,
  0xB800, 0xB800, 0xB800, 0xB800, 0xB800, 0x7841, 0x0000, 0x0000, 0x0000, 0x0000, 0x0000, 0x0000,
  0x0000, 0x0000, 0x0000, 0x0000, 0x0000, 0x0000, 0x0000, 0x0000, 0x0000, 0x0000, 0x0000, 0x0000,
  0x0000, 0x0000, 0x0000, 0x0861, 0x4208, 0x0000, 0x0000, 0x0000, 0x0000, 0x0000, 0x0000, 0x39C7,
  0x10A2, 0x0000, 0x4228, 0x0000, 0x0000, 0x0000, 0x0000, 0x0000, 0x0000, 0x0000, 0x0000, 0x0000,
  0x0000, 0x0000, 0x2124, 0xD69A, 0xBDF7, 0xCE59, 0xC638, 0xB596, 0xD6BA, 0x73AE, 0x5AEB, 0xC638,
  0xD69A, 0xDEDB, 0x94B3, 0x630C, 0x4208, 0x0000, 0x8C51, 0xEF5D, 0x632C, 0x0000, 0x0020, 0xA534,
  0xDEDB, 0xD6BA, 0xAD75, 0x0861, 0x0000, 0x0020, 0x4A69, 0x632C, 0x5ACB, 0x5ACB, 0x5ACB, 0x630C,
  0x5ACB, 0x738E, 0xCE59, 0xD6BA, 0xB596, 0xA514, 0xDEFB, 0xAD75, 0x5ACB, 0x630C, 0x630C, 0x738E,
  0x8410, 0x8410, 0x52AB, 0x2104, 0xB800, 0xB800, 0xB800, 0xB800, 0xB800, 0xB800, 0xB800, 0xB800,
  0xB800, 0xB800, 0xB800, 0xB800, 0xB800, 0xB800, 0xB800, 0xB800, 0xB800, 0xB800, 0xB800, 0xB800,
  0xB800, 0xB800, 0xB800, 0xB800, 0xB800, 0xB800, 0xB800, 0xB800, 0xB800, 0xB800, 0xB800, 0xB800,
  0xB800, 0xB800, 0xB800, 0xB800, 0xB800, 0xB800, 0xB800, 0xB800, 0xB800, 0xB800, 0xB800, 0xB800,
  0xB800, 0xB800, 0xB800, 0xB800, 0xB800, 0xB800, 0xB800, 0xB800, 0xB800, 0xB800, 0xB800, 0xB800,
  0xB800, 0xB800, 0xB800, 0xB800, 0xB800, 0xB800, 0xB800, 0xB800, 0xB800, 0xB800, 0xB800, 0xB800,
  0xB800, 0xB800, 0xB800, 0xB800, 0xB800, 0xB800, 0xB800, 0xB800, 0xB800, 0xB800, 0xB800, 0xB800,
  0xB800, 0xB800, 0xB800, 0xB800, 0xB800, 0xB800, 0xB800, 0xB800, 0xB800, 0xB800, 0xC000, 0x6041,
  0x0000, 0x4A69, 0xDEFB, 0xCE79, 0xD69A, 0xD69A, 0xD69A, 0xD69A, 0xD69A, 0xD69A, 0xD69A, 0xD69A,
  0xD69A, 0xD69A, 0xD69A, 0xD69A, 0xD69A, 0xD69A, 0xD69A, 0xD69A, 0xD69A, 0xD69A, 0xD69A, 0xD69A,
  0xD69A, 0xD69A, 0xD69A, 0xD69A, 0xD69A, 0xD69A, 0xD69A, 0xD69A, 0xD69A, 0xD69A, 0xD69A, 0xD69A,
  0xD69A, 0xD69A, 0xD69A, 0xD69A, 0xD69A, 0xD69A, 0xD69A, 0xD69A, 0xD69A, 0xD69A, 0xD69A, 0xD69A,
  0xCE79, 0xD6FB, 0xCC71, 0xB000, 0xB800, 0xB800, 0xB800, 0xB800, 0xB800, 0xB800, 0xB800, 0xB800,
  0xB800, 0xB800, 0xB800, 0xB800, 0xB800, 0xB800, 0xB800, 0xB800, 0xA841, 0x2020, 0x0000, 0x0000,
  0x0000, 0x0000, 0x0000, 0x0000, 0x0000, 0x0000, 0x0000, 0x0000, 0x0000, 0x0000, 0x0000, 0x0000,
  0x0000, 0x0000, 0x0000, 0x0000, 0x0000, 0x0020, 0x0000, 0x7BCF, 0xC618, 0x0000, 0x0000, 0x0000,
  0x0000, 0x0000, 0x18C3, 0xE73C, 0x8430, 0x52AA, 0xF7BE, 0x39C7, 0x0000, 0x0020, 0x0000, 0x0000,
  0x0000, 0x0000, 0x0000, 0x0000, 0x0000, 0x0000, 0x2104, 0xD6BA, 0xAD55, 0x73AE, 0xD6BA, 0xD6BA,
  0xD69A, 0x7BCF, 0x5AEB, 0xC638, 0xD69A, 0xD6BA, 0x94B2, 0x630C, 0x4229, 0x0000, 0x8430, 0xEF7D,
  0x632C, 0x0000, 0x9492, 0xDEFB, 0xD69A, 0xBDF7, 0x10A2, 0x0000, 0x0000, 0x4228, 0x6B4D, 0x630C,
  0x632D, 0x630C, 0x630C, 0x630C, 0x5AEC, 0xB5B7, 0xD6BB, 0xCE7A, 0x6B6D, 0x94B2, 0xDEFB, 0xB596,
  0x5AEC, 0x630C, 0x630C, 0x5ACB, 0x52AB, 0x52AB, 0x632D, 0x6B4D, 0xB800, 0xB800, 0xB800, 0xB800,
  0xB800, 0xB800, 0xB800, 0xB800, 0xB800, 0xB800, 0xB800, 0xB800, 0xB800, 0xB800, 0xB800, 0xB800,
  0xB800, 0xB800, 0xB800, 0xB800, 0xB800, 0xB800, 0xB800, 0xB800, 0xB800, 0xB800, 0xB800, 0xB800,
  0xB800, 0xB800, 0xB800, 0xB800, 0xB800, 0xB800, 0xB800, 0xB800, 0xB800, 0xB800, 0xB800, 0xB800,
  0xB800, 0xB800, 0xB800, 0xB800, 0xB800, 0xB800, 0xB800, 0xB800, 0xB800, 0xB800, 0xB800, 0xB800,
  0xB800, 0xB800, 0xB800, 0xB800, 0xB800, 0xB800, 0xB800, 0xB800, 0xB800, 0xB800, 0xB800, 0xB800,
  0xB800, 0xB800, 0xB800, 0xB800, 0xB800, 0xB800, 0xB800, 0xB800, 0xB800, 0xB800, 0xB800, 0xB800,
  0xB800, 0xB800, 0xB800, 0xB800, 0xB800, 0xB800, 0xB800, 0xB800, 0xB800, 0xB800, 0xB800, 0xB800,
  0xB800, 0xB800, 0xB821, 0x4041, 0x0000, 0x738E, 0xDEFC, 0xCE79, 0xD69A, 0xD69A, 0xD69A, 0xD69A,
  0xD69A, 0xD69A, 0xD69A, 0xD69A, 0xD69A, 0xD69A, 0xD69A, 0xD69A, 0xD69A, 0xD69A, 0xD69A, 0xD69A,
  0xD69A, 0xD69A, 0xD69A, 0xD69A, 0xD69A, 0xD69A, 0xD69A, 0xD69A, 0xD69A, 0xD69A, 0xD69A, 0xD69A,
  0xD69A, 0xD69A, 0xD69A, 0xD69A, 0xD69A, 0xD69A, 0xD69A, 0xD69A, 0xD69A, 0xD69A, 0xD69A, 0xD69A,
  0xD69A, 0xD69A, 0xD69A, 0xD69A, 0xCE79, 0xD6DB, 0xC30B, 0xB000, 0xB800, 0xB800, 0xB800, 0xB800,
  0xB800, 0xB800, 0xB800, 0xB800, 0xB800, 0xB800, 0xB800, 0xB800, 0xB800, 0xB800, 0xB800, 0xB800,
  0x5820, 0x0000, 0x0000, 0x0000, 0x0000, 0x0000, 0x0000, 0x0000, 0x0000, 0x0000, 0x0000, 0x0000,
  0x0000, 0x0000, 0x0000, 0x0000, 0x0000, 0x0000, 0x0000, 0x0000, 0x0000, 0x0000, 0x0000, 0x528A,
  0x4A69, 0x0000, 0x0000, 0x0000, 0x0000, 0x0000, 0x0841, 0xB5B6, 0x630C, 0x39C7, 0xCE59, 0x2124,
  0x0000, 0x0000, 0x0000, 0x0000, 0x0000, 0x0000, 0x0000, 0x0000, 0x0000, 0x0000, 0x2104, 0xD6BA,
  0xB596, 0x52AA, 0x7BEF, 0xCE7A, 0xD6BA, 0x7BCF, 0x5AEB, 0xC618, 0xD69A, 0xD6BA, 0x9CD3, 0x630C,
  0x4A69, 0x0000, 0x8410, 0xEF7D, 0x630C, 0x6B4D, 0xE71C, 0xCE79, 0xCE79, 0x2945, 0x0000, 0x0000,
  0x4229, 0x6B4D, 0x5ACB, 0x5ACB, 0x5ACB, 0x5AEC, 0x630C, 0x5ACB, 0x9492, 0xD6BA, 0xD6BB, 0x9CD3,
  0x4A69, 0x94B2, 0xDEDB, 0xBDD7, 0x630C, 0x5ACB, 0x7BCF, 0xBDF8, 0xBDD7, 0x94B3, 0x52AA, 0x62EC,
  0xB800, 0xB800, 0xB800, 0xB800, 0xB800, 0xB800, 0xB800, 0xB800, 0xB800, 0xB800, 0xB800, 0xB800,
  0xB800, 0xB800, 0xB800, 0xB800, 0xB800, 0xB800, 0xB800, 0xB800, 0xB800, 0xB800, 0xB800, 0xB800,
  0xB800, 0xB800, 0xB800, 0xB800, 0xB800, 0xB800, 0xB800, 0xB800, 0xB800, 0xB800, 0xB800, 0xB800,
  0xB800, 0xB800, 0xB800, 0xB800, 0xB800, 0xB800, 0xB800, 0xB800, 0xB800, 0xB800, 0xB800, 0xB800,
  0xB800, 0xB800, 0xB800, 0xB800, 0xB800, 0xB800, 0xB800, 0xB800, 0xB800, 0xB800, 0xB800, 0xB800,
  0xB800, 0xB800, 0xB800, 0xB800, 0xB800, 0xB800, 0xB800, 0xB800, 0xB800, 0xB800, 0xB800, 0xB800,
  0xB800, 0xB800, 0xB800, 0xB800, 0xB800, 0xB800, 0xB800, 0xB800, 0xB800, 0xB800, 0xB800, 0xB800,
  0xB800, 0xB800, 0xB800, 0xB800, 0xB800, 0xB800, 0xA821, 0x1820, 0x0000, 0x94B2, 0xDEFB, 0xCE79,
  0xD69A, 0xD69A, 0xD69A, 0xD69A, 0xD69A, 0xD69A, 0xD69A, 0xD69A, 0xD69A, 0xD69A, 0xD69A, 0xD69A,
  0xD69A, 0xD69A, 0xD69A, 0xD69A, 0xD69A, 0xD69A, 0xD69A, 0xD69A, 0xD69A, 0xD69A, 0xD69A, 0xD69A,
  0xD69A, 0xD69A, 0xD69A, 0xD69A, 0xD69A, 0xD69A, 0xD69A, 0xD69A, 0xD69A, 0xD69A, 0xD69A, 0xD69A,
  0xD69A, 0xD69A, 0xD69A, 0xD69A, 0xD69A, 0xD69A, 0xD69A, 0xD69A, 0xCE9A, 0xDE7A, 0xB986, 0xB000,
  0xB800, 0xB800, 0xB800, 0xB800, 0xB800, 0xB800, 0xB800, 0xB800, 0xB800, 0xB800, 0xB800, 0xB800,
  0xB800, 0xB800, 0xB800, 0x9821, 0x1000, 0x0000, 0x0000, 0x0000, 0x0000, 0x0000, 0x0000, 0x0000,
  0x0000, 0x0000, 0x0000, 0x0000, 0x0000, 0x0000, 0x0000, 0x0000, 0x0000, 0x0000, 0x0000, 0x0000,
  0x0000, 0x0000, 0x0000, 0x0000, 0x0000, 0x0000, 0x0000, 0x0000, 0x0000, 0x0000, 0x0020, 0x0020,
  0x0020, 0x0000, 0x0020, 0x0000, 0x0000, 0x0000, 0x0000, 0x0000, 0x0000, 0x0000, 0x0000, 0x0000,
  0x0000, 0x0000, 0x2104, 0xD6BA, 0xB596, 0x5ACB, 0x5ACB, 0x8410, 0xD6BB, 0x7BF0, 0x5AEB, 0xC618,
  0xCE79, 0xD6BA, 0x9CD3, 0x630C, 0x4A69, 0x0000, 0x7BEF, 0xDEFB, 0xB5B6, 0xD69A, 0xD69A, 0xD6BA,
  0x39E7, 0x0000, 0x0000, 0x632C, 0xD6BA, 0xBDF7, 0xAD76, 0x94B3, 0x8410, 0x738E, 0x5AEC, 0x738E,
  0xCE59, 0xD6BA, 0xBDD7, 0x62EC, 0x5ACB, 0x8C51, 0xDEDB, 0xC618, 0x632D, 0x5ACB, 0x73AF, 0xD6BA,
  0xD6BA, 0xD69A, 0x94B3, 0x5AEC, 0xB800, 0xB800, 0xB800, 0xB800, 0xB800, 0xB800, 0xB800, 0xB800,
  0xB800, 0xB800, 0xB800, 0xB800, 0xB800, 0xB800, 0xB800, 0xB800, 0xB800, 0xB800, 0xB800, 0xB800,
  0xB800, 0xB800, 0xB800, 0xB800, 0xB800, 0xB800, 0xB800, 0xB800, 0xB800, 0xB800, 0xB800, 0xB800,
  0xB800, 0xB800, 0xB800, 0xB800, 0xB800, 0xB800, 0xB800, 0xB800, 0xB800, 0xB800, 0xB800, 0xB800,
  0xB800, 0xB800, 0xB800, 0xB800, 0xB800, 0xB800, 0xB800, 0xB800, 0xB800, 0xB800, 0xB800, 0xB800,
  0xB800, 0xB800, 0xB800, 0xB800, 0xB800, 0xB800, 0xB800, 0xB800, 0xB800, 0xB800, 0xB800, 0xB800,
  0xB800, 0xB800, 0xB800, 0xB800, 0xB800, 0xB800, 0xB800, 0xB800, 0xB800, 0xB800, 0xB800, 0xB800,
  0xB800, 0xB800, 0xB800, 0xB800, 0xB800, 0xB800, 0xB800, 0xB800, 0xB800, 0xB800, 0x8821, 0x0000,
  0x0020, 0xB5B6, 0xD6BA, 0xCE79, 0xD69A, 0xD69A, 0xD69A, 0xD69A, 0xD69A, 0xD69A, 0xD69A, 0xD69A,
  0xD69A, 0xD69A, 0xD69A, 0xD69A, 0xD69A, 0xD69A, 0xD69A, 0xD69A, 0xD69A, 0xD69A, 0xD69A, 0xD69A,
  0xD69A, 0xD69A, 0xD69A, 0xD69A, 0xD69A, 0xD69A, 0xD69A, 0xD69A, 0xD69A, 0xD69A, 0xD69A, 0xD69A,
  0xD69A, 0xD69A, 0xD69A, 0xD69A, 0xD69A, 0xD69A, 0xD69A, 0xD69A, 0xD69A, 0xD69A, 0xD69A, 0xD679,
  0xD6BA, 0xD5D7, 0xB061, 0xB800, 0xB800, 0xB800, 0xB800, 0xB800, 0xB800, 0xB800, 0xB800, 0xB800,
  0xB800, 0xB800, 0xB800, 0xB800, 0xB800, 0xB800, 0xC000, 0x6820, 0x0000, 0x0000, 0x0000, 0x0000,
  0x0000, 0x0000, 0x0000, 0x0000, 0x0000, 0x0000, 0x0000, 0x0000, 0x0000, 0x0000, 0x0000, 0x0000,
  0x0000, 0x0000, 0x0000, 0x0000, 0x0000, 0x0000, 0x0000, 0x0000, 0x0000, 0x0000, 0x0000, 0x0000,
  0x0000, 0x18E3, 0xC638, 0x4208, 0x73AE, 0xAD55, 0x0000, 0x0000, 0x0000, 0x0000, 0x0000, 0x0000,
  0x0000, 0x0000, 0x0000, 0x0000, 0x0000, 0x0000, 0x18E3, 0xCE59, 0xD6BA, 0x9492, 0x5ACB, 0x5ACB,
  0x8C51, 0x7BF0, 0x5AEB, 0xC618, 0xD69A, 0xD6BA, 0x9CF3, 0x630C, 0x52AA, 0x0000, 0x7BEF, 0xDEFB,
  0xCE79, 0xCE79, 0xDEDB, 0x528A, 0x0000, 0x0000, 0x528A, 0xDEDB, 0xCE79, 0xD69A, 0xD69A, 0xD6BA,
  0xD6BA, 0xCE7A, 0xBDF7, 0xC618, 0xD69A, 0xCE7A, 0x738E, 0x5AEC, 0x5ACB, 0x8410, 0xD6BA, 0xCE59,
  0x6B6D, 0x5ACB, 0x6B6D, 0xCE7A, 0xD69A, 0xCE79, 0xDEDB, 0xBDD7, 0xB800, 0xB800, 0xB800, 0xB800,
  0xB800, 0xB800, 0xB800, 0xB800, 0xB800, 0xB800, 0xB800, 0xB800, 0xB800, 0xB800, 0xB800, 0xB800,
  0xB800, 0xB800, 0xB800, 0xB800, 0xB800, 0xB800, 0xB800, 0xB800, 0xB800, 0xB800, 0xB800, 0xB800,
  0xB800, 0xB800, 0xB800, 0xB800, 0xB800, 0xB800, 0xB800, 0xB800, 0xB800, 0xB800, 0xB800, 0xB800,
  0xB800, 0xB800, 0xB800, 0xB800, 0xB800, 0xB800, 0xB800, 0xB800, 0xB800, 0xB800, 0xB800, 0xB800,
  0xB800, 0xB800, 0xB800, 0xB800, 0xB800, 0xB800, 0xB800, 0xB800, 0xB800, 0xB800, 0xB800, 0xB800,
  0xB800, 0xB800, 0xB800, 0xB800, 0xB800, 0xB800, 0xB800, 0xB800, 0xB800, 0xB800, 0xB800, 0xB800,
  0xB800, 0xB800, 0xB800, 0xB800, 0xB800, 0xB800, 0xB800, 0xB800, 0xB800, 0xB800, 0xB800, 0xB800,
  0xB800, 0xC000, 0x6841, 0x0000, 0x20E3, 0xCE59, 0xD69A, 0xCE99, 0xD69A, 0xD69A, 0xD69A, 0xD69A,
  0xD69A, 0xD69A, 0xD69A, 0xD69A, 0xD69A, 0xD69A, 0xD69A, 0xD69A, 0xD69A, 0xD69A, 0xD69A, 0xD69A,
  0xD69A, 0xD69A, 0xD69A, 0xD69A, 0xD69A, 0xD69A, 0xD69A, 0xD69A, 0xD69A, 0xD69A, 0xD69A, 0xD69A,
  0xD69A, 0xD69A, 0xD69A, 0xD69A, 0xD69A, 0xD69A, 0xD69A, 0xD69A, 0xD69A, 0xD69A, 0xD69A, 0xD69A,
  0xD69A, 0xD69A, 0xD69A, 0xCE79, 0xD6DB, 0xCCB2, 0xB000, 0xB800, 0xB800, 0xB800, 0xB800, 0xB800,
  0xB800, 0xB800, 0xB800, 0xB800, 0xB800, 0xB800, 0xB800, 0xB800, 0xB800, 0xB800, 0xB820, 0x3820,
  0x0000, 0x0000, 0x0000, 0x0000, 0x0000, 0x0000, 0x0000, 0x0000, 0x0000, 0x0000, 0x0000, 0x0000,
  0x0000, 0x0000, 0x0000, 0x0000, 0x0000, 0x0000, 0x0000, 0x0000, 0x0000, 0x0000, 0x0000, 0x0000,
  0x0000, 0x0000, 0x0000, 0x0000, 0x0000, 0x31A6, 0xFFDF, 0x630C, 0x9CF3, 0xC618, 0x0000, 0x0000,
  0x0000, 0x0861, 0x4A49, 0x0000, 0x0000, 0x0000, 0x0000, 0x0000, 0x0000, 0x0000, 0x2104, 0xCE79,
  0xCE79, 0xD6BB, 0x9492, 0x5ACB, 0x5AEC, 0x630C, 0x630C, 0xBDF7, 0xD69A, 0xD6BA, 0x9CF3, 0x5AEB,
  0x52AA, 0x0000, 0x738E, 0xDEFB, 0xCE59, 0xDEFB, 0x632C, 0x0000, 0x0000, 0x3186, 0xCE59, 0xD69A,
  0xCE79, 0xD6BA, 0xD6BA, 0xD69A, 0xCE7A, 0xCE7A, 0xD69A, 0xCE7A, 0xDEDB, 0x9CD3, 0x5ACB, 0x632C,
  0x5ACB, 0x7BCF, 0xD69A, 0xCE79, 0x738E, 0x5AEB, 0x5AEC, 0x8410, 0xC639, 0xD6BB, 0xCE79, 0xD6BA,
  0xB800, 0xB800, 0xB800, 0xB800, 0xB800, 0xB800, 0xB800, 0xB800, 0xB800, 0xB800, 0xB800, 0xB800,
  0xB800, 0xB800, 0xB800, 0xB800, 0xB800, 0xB800, 0xB800, 0xB800, 0xB800, 0xB800, 0xB800, 0xB800,
  0xB800, 0xB800, 0xB800, 0xB800, 0xB800, 0xB800, 0xB800, 0xB800, 0xB800, 0xB800, 0xB800, 0xB800,
  0xB800, 0xB800, 0xB800, 0xB800, 0xB800, 0xB800, 0xB800, 0xB800, 0xB800, 0xB800, 0xB800, 0xB800,
  0xB800, 0xB800, 0xB800, 0xB800, 0xB800, 0xB800, 0xB800, 0xB800, 0xB800, 0xB800, 0xB800, 0xB800,
  0xB800, 0xB800, 0xB800, 0xB800, 0xB800, 0xB800, 0xB800, 0xB800, 0xB800, 0xB800, 0xB800, 0xB800,
  0xB800, 0xB800, 0xB800, 0xB800, 0xB800, 0xB800, 0xB800, 0xB800, 0xB800, 0xB800, 0xB800, 0xB800,
  0xB800, 0xB800, 0xB800, 0xB800, 0xB800, 0xC000, 0x4040, 0x0000, 0x39C7, 0xD6BA, 0xCE79, 0xD69A,
  0xD69A, 0xD69A, 0xD69A, 0xD69A, 0xD69A, 0xD69A, 0xD69A, 0xD69A, 0xD69A, 0xD69A, 0xD69A, 0xD69A,
  0xD69A, 0xD69A, 0xD69A, 0xD69A, 0xD69A, 0xD69A, 0xD69A, 0xD69A, 0xD69A, 0xD69A, 0xD69A, 0xD69A,
  0xD69A, 0xD69A, 0xD69A, 0xD69A, 0xD69A, 0xD69A, 0xD69A, 0xD69A, 0xD69A, 0xD69A, 0xD69A, 0xD69A,
  0xD69A, 0xD69A, 0xD69A, 0xD69A, 0xD69A, 0xD69A, 0xD69A, 0xCE79, 0xDEFB, 0xCB0C, 0xB000, 0xB800,
  0xB800, 0xB800, 0xB800, 0xB800, 0xB800, 0xB800, 0xB800, 0xB800, 0xB800, 0xB800, 0xB800, 0xB800,
  0xB800, 0xC000, 0x9820, 0x1000, 0x0000, 0x0000, 0x0000, 0x0000, 0x0000, 0x0000, 0x0000, 0x0000,
  0x0000, 0x0000, 0x0000, 0x0000, 0x0000, 0x0000, 0x0000, 0x0000, 0x0000, 0x0000, 0x0000, 0x0000,
  0x0000, 0x0000, 0x0000, 0x0000, 0x0000, 0x0000, 0x0000, 0x0000, 0x0000, 0x0000, 0x4228, 0x0861,
  0x2124, 0x2124, 0x0000, 0x0020, 0x0000, 0x39E7, 0xDEDB, 0x18C3, 0x0000, 0x0000, 0x0000, 0x0000,
  0x0861, 0x0000, 0x39E7, 0xDEDB, 0xCE79, 0xCE79, 0xD6BA, 0x9492, 0x5ACB, 0x630C, 0x630C, 0xBDF7,
  0xD69A, 0xD6BA, 0xA534, 0x5AEB, 0x5ACB, 0x0000, 0x6B6D, 0xDEDB, 0xDEDB, 0x8410, 0x0000, 0x0000,
  0x2945, 0xB5B6, 0xAD55, 0xD6BA, 0xC618, 0x9492, 0xA535, 0xBDD7, 0xCE59, 0xD69A, 0xD6BA, 0xDEDB,
  0xBDD7, 0x5AEC, 0x5AEC, 0x5AEC, 0x5AEB, 0x738E, 0xCE7A, 0xD69A, 0x7BCF, 0x5AEB, 0x630C, 0x5ACB,
  0x6B2D, 0xAD55, 0xD6BB, 0xD69A, 0xB800, 0xB800, 0xB800, 0xB800, 0xB800, 0xB800, 0xB800, 0xB800,
  0xB800, 0xB800, 0xB800, 0xB800, 0xB800, 0xB800, 0xB800, 0xB800, 0xB800, 0xB800, 0xB800, 0xB800,
  0xB800, 0xB800, 0xB800, 0xB800, 0xB800, 0xB800, 0xB800, 0xB800, 0xB800, 0xB800, 0xB800, 0xB800,
  0xB800, 0xB800, 0xB800, 0xB800, 0xB800, 0xB800, 0xB800, 0xB800, 0xB800, 0xB800, 0xB800, 0xB800,
  0xB800, 0xB800, 0xB800, 0xB800, 0xB800, 0xB800, 0xB800, 0xB800, 0xB800, 0xB800, 0xB800, 0xB800,
  0xB800, 0xB800, 0xB800, 0xB800, 0xB800, 0xB800, 0xB800, 0xB800, 0xB800, 0xB800, 0xB800, 0xB800,
  0xB800, 0xB800, 0xB800, 0xB800, 0xB800, 0xB800, 0xB800, 0xB800, 0xB800, 0xB800, 0xB800, 0xB800,
  0xB800, 0xB800, 0xB800, 0xB800, 0xB800, 0xB800, 0xB800, 0xB800, 0xB800, 0xA820, 0x2020, 0x0000,
  0x5AEB, 0xDEFB, 0xCE79, 0xD69A, 0xD69A, 0xD69A, 0xD69A, 0xD69A, 0xD69A, 0xD69A, 0xD69A, 0xD69A,
  0xD69A, 0xD69A, 0xD69A, 0xD69A, 0xD69A, 0xD69A, 0xD69A, 0xD69A, 0xD69A, 0xD69A, 0xD69A, 0xD69A,
  0xD69A, 0xD69A, 0xD69A, 0xD69A, 0xD69A, 0xD69A, 0xD69A, 0xD69A, 0xD69A, 0xD69A, 0xD69A, 0xD69A,
  0xD69A, 0xD69A, 0xD69A, 0xD69A, 0xD69A, 0xD69A, 0xD69A, 0xD69A, 0xD69A, 0xD69A, 0xCE99, 0xCE99,
  0xD6BA, 0xB9C6, 0xB800, 0xB800, 0xB800, 0xB800, 0xB800, 0xB800, 0xB800, 0xB800, 0xB800, 0xB800,
  0xB800, 0xB800, 0xB800, 0xB800, 0xB800, 0xC000, 0x6020, 0x0000, 0x0000, 0x0000, 0x0000, 0x0000,
  0x0000, 0x0000, 0x0000, 0x0000, 0x0000, 0x0000, 0x0000, 0x0000, 0x0000, 0x0000, 0x0000, 0x0000,
  0x0000, 0x0000, 0x0000, 0x0000, 0x0000, 0x0000, 0x0000, 0x0000, 0x0000, 0x0000, 0x0000, 0x0000,
  0x0000, 0x4208, 0x10A2, 0x0000, 0x0000, 0x0000, 0x0000, 0x0000, 0x0000, 0x2124, 0xCE59, 0x10A2,
  0x0000, 0x0000, 0x0020, 0x0000, 0x4208, 0x10A2, 0x6B4D, 0xE71C, 0xC638, 0xD69A, 0xCE79, 0xD6BA,
  0x8C71, 0x5ACB, 0x630C, 0xBDD7, 0xD69A, 0xD6BA, 0xA534, 0x630C, 0x5AEB, 0x0000, 0x632C, 0xEF7D,
  0x9492, 0x0000, 0x0020, 0x0000, 0x39C7, 0xCE79, 0x8C51, 0xCE79, 0xD69A, 0x738E, 0x52AA, 0x62EC,
  0x6B4D, 0x7BCF, 0x9492, 0xAD55, 0x7BCF, 0x5ACB, 0x630C, 0x8C72, 0x630C, 0x6B4D, 0xCE59, 0xD6BB,
  0x7BEF, 0x52AB, 0x630C, 0x630C, 0x5AEC, 0x5ACB, 0x8431, 0xCE39, 0xB800, 0xB800, 0xB800, 0xB800,
  0xB800, 0xB800, 0xB800, 0xB800, 0xB800, 0xB800, 0xB800, 0xB800, 0xB800, 0xB800, 0xB800, 0xB800,
  0xB800, 0xB800, 0xB800, 0xB800, 0xB800, 0xB800, 0xB800, 0xB800, 0xB800, 0xB800, 0xB800, 0xB800,
  0xB800, 0xB800, 0xB800, 0xB800, 0xB800, 0xB800, 0xB800, 0xB800, 0xB800, 0xB800, 0xB800, 0xB800,
  0xB800, 0xB800, 0xB800, 0xB800, 0xB800, 0xB800, 0xB800, 0xB800, 0xB800, 0xB800, 0xB800, 0xB800,
  0xB800, 0xB800, 0xB800, 0xB800, 0xB800, 0xB800, 0xB800, 0xB800, 0xB800, 0xB800, 0xB800, 0xB800,
  0xB800, 0xB800, 0xB800, 0xB800, 0xB800, 0xB800, 0xB800, 0xB800, 0xB800, 0xB800, 0xB800, 0xB800,
  0xB800, 0xB800, 0xB800, 0xB800, 0xB800, 0xB800, 0xB800, 0xB800, 0xB800, 0xB800, 0xB800, 0xB800,
  0xC000, 0x9021, 0x0820, 0x0000, 0x7C10, 0xDEFB, 0xCE79, 0xD69A, 0xD69A, 0xD69A, 0xD69A, 0xD69A,
  0xD69A, 0xD69A, 0xD69A, 0xD69A, 0xD69A, 0xD69A, 0xD69A, 0xD69A, 0xD69A, 0xD69A, 0xD69A, 0xD69A,
  0xD69A, 0xD69A, 0xD69A, 0xD69A, 0xD69A, 0xD69A, 0xD69A, 0xD69A, 0xD69A, 0xD69A, 0xD69A, 0xD69A,
  0xD69A, 0xD69A, 0xD69A, 0xD69A, 0xD69A, 0xD69A, 0xD69A, 0xD69A, 0xD69A, 0xD69A, 0xD69A, 0xD69A,
  0xD69A, 0xD69A, 0xD699, 0xCEBA, 0xD5F7, 0xB082, 0xB800, 0xB800, 0xB800, 0xB800, 0xB800, 0xB800,
  0xB800, 0xB800, 0xB800, 0xB800, 0xB800, 0xB800, 0xB800, 0xB800, 0xB800, 0xB020, 0x2820, 0x0000,
  0x0000, 0x0000, 0x0000, 0x0000, 0x0000, 0x0000, 0x0000, 0x0000, 0x0000, 0x0000, 0x0000, 0x0000,
  0x0000, 0x0000, 0x0000, 0x0000, 0x0000, 0x0000, 0x0000, 0x0000, 0x0000, 0x0000, 0x0000, 0x0000,
  0x0000, 0x0000, 0x0000, 0x0000, 0x0000, 0x94B2, 0x6B4D, 0x0000, 0x0020, 0x0000, 0x0000, 0x0000,
  0x7BEF, 0xCE59, 0x73AE, 0x52AA, 0x738E, 0x0000, 0x0020, 0x0000, 0x4228, 0x3186, 0xA534, 0xE71C,
  0xA514, 0x9492, 0xDEDB, 0xCE79, 0xD6BA, 0x8C71, 0x52AA, 0xBDD7, 0xD69A, 0xD6BA, 0xAD55, 0x5AEB,
  0x5AEB, 0x0000, 0x738E, 0xB5B6, 0x0020, 0x0000, 0x0000, 0x0000, 0x10A2, 0xCE79, 0x8410, 0xB5B6,
  0xDEDB, 0xA514, 0x5ACB, 0x630C, 0x5AEC, 0x5AEB, 0x5ACB, 0x52AB, 0x5AEC, 0x5ACB, 0x8431, 0xC638,
  0x5AEC, 0x632C, 0xC618, 0xD69A, 0xBDD7, 0x738E, 0x52AB, 0x630C, 0x630C, 0x630C, 0x5ACB, 0x6B2D,
  0xB800, 0xB800, 0xB800, 0xB800, 0xB800, 0xB800, 0xB800, 0xB800, 0xB800, 0xB800, 0xB800, 0xB800,
  0xB800, 0xB800, 0xB800, 0xB800, 0xB800, 0xB800, 0xB800, 0xB800, 0xB800, 0xB800, 0xB800, 0xB800,
  0xB800, 0xB800, 0xB800, 0xB800, 0xB800, 0xB800, 0xB800, 0xB800, 0xB800, 0xB800, 0xB800, 0xB800,
  0xB800, 0xB800, 0xB800, 0xB800, 0xB800, 0xB800, 0xB800, 0xB800, 0xB800, 0xB800, 0xB800, 0xB800,
  0xB800, 0xB800, 0xB800, 0xB800, 0xB800, 0xB800, 0xB800, 0xB800, 0xB800, 0xB800, 0xB800, 0xB800,
  0xB800, 0xB800, 0xB800, 0xB800, 0xB800, 0xB800, 0xB800, 0xB800, 0xB800, 0xB800, 0xB800, 0xB800,
  0xB800, 0xB800, 0xB800, 0xB800, 0xB800, 0xB800, 0xB800, 0xB800, 0xB800, 0xB800, 0xB800, 0xB800,
  0xB800, 0xB800, 0xB800, 0xB800, 0xC000, 0x7021, 0x0000, 0x0000, 0xA534, 0xDEDB, 0xCE79, 0xD69A,
  0xD69A, 0xD69A, 0xD69A, 0xD69A, 0xD69A, 0xD69A, 0xD69A, 0xD69A, 0xD69A, 0xD69A, 0xD69A, 0xD69A,
  0xD69A, 0xD69A, 0xD69A, 0xD69A, 0xD69A, 0xD69A, 0xD69A, 0xD69A, 0xD69A, 0xD69A, 0xD69A, 0xD69A,
  0xD69A, 0xD69A, 0xD69A, 0xD69A, 0xD69A, 0xD69A, 0xD69A, 0xD69A, 0xD69A, 0xD69A, 0xD69A, 0xD69A,
  0xD69A, 0xD69A, 0xD69A, 0xD69A, 0xD69A, 0xD69A, 0xD679, 0xD6DB, 0xD4B2, 0xB000, 0xB800, 0xB800,
  0xB800, 0xB800, 0xB800, 0xB800, 0xB800, 0xB800, 0xB800, 0xB800, 0xB800, 0xB800, 0xB800, 0xB800,
  0xC000, 0x8840, 0x0000, 0x0000, 0x0000, 0x0000, 0x0000, 0x0000, 0x0000, 0x0000, 0x0000, 0x0000,
  0x0000, 0x0000, 0x0000, 0x0000, 0x0000, 0x0000, 0x0000, 0x0000, 0x0000, 0x0000, 0x0000, 0x0000,
  0x0000, 0x0000, 0x0000, 0x0000, 0x0000, 0x0000, 0x0000, 0x0000, 0x0000, 0x528A, 0x2124, 0x0000,
  0x0000, 0x0000, 0x0000, 0x0020, 0x8430, 0x8430, 0x2124, 0xCE59, 0x52AA, 0x0000, 0x0861, 0x0000,
  0x3186, 0x632C, 0xCE59, 0xD6BA, 0x9492, 0x4A6A, 0x94B3, 0xD6BB, 0xCE7A, 0xD6BA, 0x8C50, 0xB596,
  0xD69A, 0xD6BA, 0xAD55, 0x5AEC, 0x630C, 0x0000, 0x4228, 0x2124, 0x0000, 0x0841, 0x0841, 0x0000,
  0x0020, 0xBDF7, 0x8C71, 0x94B2, 0xDEFB, 0xBDF7, 0x630C, 0x630C, 0x630C, 0x5ACB, 0x5AEB, 0x630C,
  0x5AEC, 0x632D, 0xCE59, 0xC639, 0x630C, 0x5AEC, 0xC638, 0xD69A, 0xD69A, 0xD69A, 0x9492, 0x5AEB,
  0x5AEB, 0x630C, 0x630C, 0x62EC, 0xB800, 0xB800, 0xB800, 0xB800, 0xB800, 0xB800, 0xB800, 0xB800,
  0xB800, 0xB800, 0xB800, 0xB800, 0xB800, 0xB800, 0xB800, 0xB800, 0xB800, 0xB800, 0xB800, 0xB800,
  0xB800, 0xB800, 0xB800, 0xB800, 0xB800, 0xB800, 0xB800, 0xB800, 0xB800, 0xB800, 0xB800, 0xB800,
  0xB800, 0xB800, 0xB800, 0xB800, 0xB800, 0xB800, 0xB800, 0xB800, 0xB800, 0xB800, 0xB800, 0xB800,
  0xB800, 0xB800, 0xB800, 0xB800, 0xB800, 0xB800, 0xB800, 0xB800, 0xB800, 0xB800, 0xB800, 0xB800,
  0xB800, 0xB800, 0xB800, 0xB800, 0xB800, 0xB800, 0xB800, 0xB800, 0xB800, 0xB800, 0xB800, 0xB800,
  0xB800, 0xB800, 0xB800, 0xB800, 0xB800, 0xB800, 0xB800, 0xB800, 0xB800, 0xB800, 0xB800, 0xB800,
  0xB800, 0xB800, 0xB800, 0xB800, 0xB800, 0xB800, 0xB800, 0xB800, 0xC000, 0x4820, 0x0000, 0x0861,
  0xBDF7, 0xD6BA, 0xCE79, 0xD69A, 0xD69A, 0xD69A, 0xD69A, 0xD69A, 0xD69A, 0xD69A, 0xD69A, 0xD69A,
  0xD69A, 0xD69A, 0xD69A, 0xD69A, 0xD69A, 0xD69A, 0xD69A, 0xD69A, 0xD69A, 0xD69A, 0xD69A, 0xD69A,
  0xD69A, 0xD69A, 0xD69A, 0xD69A, 0xD69A, 0xD69A, 0xD69A, 0xD69A, 0xD69A, 0xD69A, 0xD69A, 0xD69A,
  0xD69A, 0xD69A, 0xD69A, 0xD69A, 0xD69A, 0xD69A, 0xD69A, 0xD69A, 0xD69A, 0xD69A, 0xCE79, 0xDEFB,
  0xC32D, 0xB000, 0xB820, 0xB800, 0xB800, 0xB800, 0xB800, 0xB800, 0xB800, 0xB800, 0xB800, 0xB800,
  0xB800, 0xB800, 0xB800, 0xB800, 0xC020, 0x5040, 0x0000, 0x0000, 0x0000, 0x0000, 0x0000, 0x0000,
  0x0000, 0x0000, 0x0000, 0x0000, 0x0000, 0x0000, 0x0000, 0x0000, 0x0000, 0x0000, 0x0000, 0x0000,
  0x18C3, 0x2104, 0x0000, 0x0000, 0x0000, 0x0000, 0x0000, 0x0000, 0x0000, 0x0000, 0x0000, 0x0000,
  0x0000, 0x0000, 0x0000, 0x0000, 0x0000, 0x0000, 0x0000, 0x8C71, 0x9CD3, 0x738E, 0xCE79, 0x7BEF,
  0x18E3, 0x2965, 0x6B4D, 0x0841, 0x2965, 0xBDD7, 0xCE79, 0xD69A, 0x73AE, 0x5ACB, 0x5ACB, 0x94B2,
  0xD6BB, 0xCE7A, 0xCE79, 0xCE59, 0xCE79, 0xD6BA, 0xAD76, 0x62EC, 0x632C, 0x0000, 0x0000, 0x0000,
  0x0000, 0x94B2, 0x31A6, 0x0000, 0x0000, 0xA534, 0xA534, 0x6B6D, 0xD69A, 0xD69A, 0x83F0, 0x5ACB,
  0x632D, 0x8C51, 0x7BCF, 0x6B6D, 0x5ACB, 0xA534, 0xD6BB, 0xCE59, 0x6B6D, 0x5ACB, 0x94B3, 0xD6BA,
  0xD69A, 0xCE79, 0xD6BB, 0xB5B6, 0x6B6E, 0x5AAB, 0x630C, 0x630C, 0xB800, 0xB800, 0xB800, 0xB800,
  0xB800, 0xB800, 0xB800, 0xB800, 0xB800, 0xB800, 0xB800, 0xB800, 0xB800, 0xB800, 0xB800, 0xB800,
  0xB800, 0xB800, 0xB800, 0xB800, 0xB800, 0xB800, 0xB800, 0xB800, 0xB800, 0xB800, 0xB800, 0xB800,
  0xB800, 0xB800, 0xB800, 0xB800, 0xB800, 0xB800, 0xB800, 0xB800, 0xB800, 0xB800, 0xB800, 0xB800,
  0xB800, 0xB800, 0xB800, 0xB800, 0xB800, 0xB800, 0xB800, 0xB800, 0xB800, 0xB800, 0xB800, 0xB800,
  0xB800, 0xB800, 0xB800, 0xB800, 0xB800, 0xB800, 0xB800, 0xB800, 0xB800, 0xB800, 0xB800, 0xB800,
  0xB800, 0xB800, 0xB800, 0xB800, 0xB800, 0xB800, 0xB800, 0xB800, 0xB800, 0xB800, 0xB800, 0xB800,
  0xB800, 0xB800, 0xB800, 0xB800, 0xB800, 0xB800, 0xB800, 0xB800, 0xB800, 0xB800, 0xB800, 0xB800,
  0xB020, 0x2020, 0x0000, 0x2124, 0xCE79, 0xD69A, 0xD69A, 0xD69A, 0xD69A, 0xD69A, 0xD69A, 0xD69A,
  0xD69A, 0xD69A, 0xD69A, 0xD69A, 0xD69A, 0xD69A, 0xD69A, 0xD69A, 0xD69A, 0xD69A, 0xD69A, 0xD69A,
  0xD69A, 0xD69A, 0xD69A, 0xD69A, 0xD69A, 0xD69A, 0xD69A, 0xD69A, 0xD69A, 0xD69A, 0xD69A, 0xD69A,
  0xD69A, 0xD69A, 0xD69A, 0xD69A, 0xD69A, 0xD69A, 0xD69A, 0xD69A, 0xD69A, 0xD69A, 0xD69A, 0xD69A,
  0xD69A, 0xD69A, 0xCE7A, 0xD6BA, 0xC1C7, 0xB800, 0xB820, 0xB800, 0xB800, 0xB800, 0xB800, 0xB800,
  0xB800, 0xB800, 0xB800, 0xB800, 0xB800, 0xB800, 0xB800, 0xB800, 0xA021, 0x1820, 0x0000, 0x0000,
  0x0000, 0x0000, 0x0000, 0x0000, 0x0000, 0x0000, 0x0000, 0x0000, 0x0000, 0x0000, 0x0000, 0x0000,
  0x0000, 0x0000, 0x0020, 0x0000, 0x630C, 0x4228, 0x0000, 0x0000, 0x18C3, 0x0841, 0x0000, 0x0000,
  0x0000, 0x0000, 0x0000, 0x0000, 0x0000, 0x0000, 0x0000, 0x0000, 0x0000, 0x0000, 0x0000, 0x8C51,
  0xDEFB, 0xE73C, 0x8C51, 0x0841, 0xC618, 0xB5B6, 0xB5B6, 0x18C3, 0x2945, 0xDEDB, 0xCE59, 0xD69A,
  0xB596, 0x630C, 0x630C, 0x5ACB, 0x9492, 0xD6BB, 0xCE7A, 0xD69A, 0xCE79, 0xD6BA, 0xAD76, 0x62EC,
  0x6B4D, 0x0000, 0x0020, 0x0000, 0x5ACB, 0xEF5D, 0x4208, 0x0000, 0x0000, 0x8430, 0xBDF7, 0x52AA,
  0xBDD7, 0xDEFB, 0xA534, 0x5ACB, 0x5AEB, 0xB5B6, 0xDEDB, 0xCE59, 0xBDF7, 0xCE79, 0xCE79, 0xD67A,
  0x738E, 0x5AEB, 0x5ACB, 0x7BCF, 0xC618, 0xD6BA, 0xCE79, 0xD6BA, 0xCE79, 0x9492, 0x5AEC, 0x5AEB,
  0xB800, 0xB800, 0xB800, 0xB800, 0xB800, 0xB800, 0xB800, 0xB800, 0xB800, 0xB800, 0xB800, 0xB800,
  0xB800, 0xB800, 0xB800, 0xB800, 0xB800, 0xB800, 0xB800, 0xB800, 0xB800, 0xB800, 0xB800, 0xB800,
  0xB800, 0xB800, 0xB800, 0xB800, 0xB800, 0xB800, 0xB800, 0xB800, 0xB800, 0xB800, 0xB800, 0xB800,
  0xB800, 0xB800, 0xB800, 0xB800, 0xB800, 0xB800, 0xB800, 0xB800, 0xB800, 0xB800, 0xB800, 0xB800,
  0xB800, 0xB800, 0xB800, 0xB800, 0xB800, 0xB800, 0xB800, 0xB800, 0xB800, 0xB800, 0xB800, 0xB800,
  0xB800, 0xB800, 0xB800, 0xB800, 0xB800, 0xB800, 0xB800, 0xB800, 0xB800, 0xB800, 0xB800, 0xB800,
  0xB800, 0xB800, 0xB800, 0xB800, 0xB800, 0xB800, 0xB800, 0xB800, 0xB800, 0xB800, 0xB800, 0xB800,
  0xB800, 0xB800, 0xB800, 0xC000, 0x9040, 0x0820, 0x0000, 0x4208, 0xDEDB, 0xCE79, 0xD69A, 0xD69A,
  0xD69A, 0xD69A, 0xD69A, 0xD69A, 0xD69A, 0xD69A, 0xD69A, 0xD69A, 0xD69A, 0xD69A, 0xD69A, 0xD69A,
  0xD69A, 0xD69A, 0xD69A, 0xD69A, 0xD69A, 0xD69A, 0xD69A, 0xD69A, 0xD69A, 0xD69A, 0xD69A, 0xD69A,
  0xD69A, 0xD69A, 0xD69A, 0xD69A, 0xD69A, 0xD69A, 0xD69A, 0xD69A, 0xD69A, 0xD69A, 0xD69A, 0xD69A,
  0xD69A, 0xD69A, 0xD69A, 0xD69A, 0xD69A, 0xD679, 0xD6BA, 0xDE18, 0xB0A2, 0xB800, 0xB800, 0xB800,
  0xB800, 0xB800, 0xB800, 0xB800, 0xB800, 0xB800, 0xB800, 0xB800, 0xB800, 0xB800, 0xB800, 0xC000,
  0x7020, 0x0000, 0x0000, 0x0000, 0x0000, 0x0000, 0x0000, 0x0000, 0x0000, 0x0000, 0x0000, 0x0000,
  0x0000, 0x0000, 0x0000, 0x0000, 0x0000, 0x0000, 0x0000, 0x0000, 0xC638, 0x528A, 0x0000, 0x0000,
  0x7BCF, 0x18C3, 0x0000, 0x0000, 0x0000, 0x0000, 0x0000, 0x0000, 0x0000, 0x0000, 0x0000, 0x0000,
  0x0000, 0x0020, 0x4208, 0x7BCF, 0xC618, 0xCE79, 0xBDF7, 0x9492, 0xC638, 0xD6BA, 0xCE79, 0x1082,
  0x2124, 0xD6BA, 0xCE79, 0xCE79, 0xD6BA, 0xB596, 0x5AEC, 0x630C, 0x5ACB, 0x9492, 0xD6BA, 0xCE79,
  0xCE79, 0xD6BA, 0xB596, 0x5AEB, 0x6B4D, 0x0020, 0x0000, 0x2965, 0x8430, 0xE71C, 0x630C, 0x0000,
  0x0000, 0x630C, 0xCE7A, 0x5ACB, 0x94B2, 0xDEDB, 0xC618, 0x632D, 0x5ACB, 0x8431, 0xD6BB, 0xD69A,
  0xD69A, 0xCE79, 0xCE79, 0xD6BA, 0x8410, 0x52AA, 0x630C, 0x5ACB, 0x630C, 0xA514, 0xD6BA, 0xD69A,
  0xCE79, 0xD6BB, 0xB596, 0x6B6D, 0xB800, 0xB800, 0xB800, 0xB800, 0xB800, 0xB800, 0xB800, 0xB800,
  0xB800, 0xB800, 0xB800, 0xB800, 0xB800, 0xB800, 0xB800, 0xB800, 0xB800, 0xB800, 0xB800, 0xB800,
  0xB800, 0xB800, 0xB800, 0xB800, 0xB800, 0xB800, 0xB800, 0xB800, 0xB800, 0xB800, 0xB800, 0xB800,
  0xB800, 0xB800, 0xB800, 0xB800, 0xB800, 0xB800, 0xB800, 0xB800, 0xB800, 0xB800, 0xB800, 0xB800,
  0xB800, 0xB800, 0xB800, 0xB800, 0xB800, 0xB800, 0xB800, 0xB800, 0xB800, 0xB800, 0xB800, 0xB800,
  0xB800, 0xB800, 0xB800, 0xB800, 0xB800, 0xB800, 0xB800, 0xB800, 0xB800, 0xB800, 0xB800, 0xB800,
  0xB800, 0xB800, 0xB800, 0xB800, 0xB800, 0xB800, 0xB800, 0xB800, 0xB800, 0xB800, 0xB800, 0xB800,
  0xB800, 0xB800, 0xB800, 0xB800, 0xB800, 0xB800, 0xB800, 0xC000, 0x7841, 0x0020, 0x0000, 0x5AEB,
  0xDEFB, 0xCE79, 0xD69A, 0xD69A, 0xD69A, 0xD69A, 0xD69A, 0xD69A, 0xD69A, 0xD69A, 0xD69A, 0xD69A,
  0xD69A, 0xD69A, 0xD69A, 0xD69A, 0xD69A, 0xD69A, 0xD69A, 0xD69A, 0xD69A, 0xD69A, 0xD69A, 0xD69A,
  0xD69A, 0xD69A, 0xD69A, 0xD69A, 0xD69A, 0xD69A, 0xD69A, 0xD69A, 0xD69A, 0xD69A, 0xD69A, 0xD69A,
  0xD69A, 0xD69A, 0xD69A, 0xD69A, 0xD69A, 0xD69A, 0xD69A, 0xD69A, 0xD69A, 0xCE79, 0xD6DB, 0xD4D3,
  0xA800, 0xB800, 0xB800, 0xB800, 0xB800, 0xB800, 0xB800, 0xB800, 0xB800, 0xB800, 0xB800, 0xB800,
  0xB800, 0xB800, 0xB800, 0xB820, 0x3820, 0x0000, 0x0000, 0x0000, 0x0000, 0x0000, 0x0000, 0x0000,
  0x0000, 0x0000, 0x0000, 0x0000, 0x0000, 0x0000, 0x0000, 0x0000, 0x0000, 0x0861, 0x31A6, 0x0020,
  0x6B4D, 0x2124, 0x0000, 0x10A2, 0xB596, 0x1082, 0x0000, 0x0000, 0x0000, 0x0000, 0x0000, 0x0000,
  0x0000, 0x0000, 0x0000, 0x0000, 0x0000, 0x1082, 0xC638, 0xDEFB, 0xD69A, 0xCE79, 0xD6BA, 0xD6BA,
  0xCE79, 0xCE79, 0xCE59, 0x10A2, 0x2104, 0xD69A, 0xD69A, 0xD69A, 0xCE59, 0xDEDB, 0xB596, 0x630C,
  0x630C, 0x5ACB, 0x8C72, 0xD6BA, 0xCE79, 0xD69A, 0xB596, 0x5AEB, 0x6B6D, 0x0000, 0x4A69, 0x6B4D,
  0x73AE, 0xE71C, 0x7BEF, 0x0000, 0x0000, 0x4228, 0xD6BB, 0x632D, 0x6B6E, 0xD67A, 0xD6BB, 0x8410,
  0x5ACB, 0x6B4D, 0xCE59, 0xD69A, 0xCE79, 0xCE79, 0xCE79, 0xD69A, 0xD67A, 0x94B3, 0x5ACB, 0x5AEB,
  0x630C, 0x52AB, 0x7BF0, 0xC638, 0xD6BA, 0xCE79, 0xD6BA, 0xCE79, 0xB800, 0xB800, 0xB800, 0xB800,
  0xB800, 0xB800, 0xB800, 0xB800, 0xB800, 0xB800, 0xB800, 0xB800, 0xB800, 0xB800, 0xB800, 0xB800,
  0xB800, 0xB800, 0xB800, 0xB800, 0xB800, 0xB800, 0xB800, 0xB800, 0xB800, 0xB800, 0xB800, 0xB800,
  0xB800, 0xB800, 0xB800, 0xB800, 0xB800, 0xB800, 0xB800, 0xB800, 0xB800, 0xB800, 0xB800, 0xB800,
  0xB800, 0xB800, 0xB800, 0xB800, 0xB800, 0xB800, 0xB800, 0xB800, 0xB800, 0xB800, 0xB800, 0xB800,
  0xB800, 0xB800, 0xB800, 0xB800, 0xB800, 0xB800, 0xB800, 0xB800, 0xB800, 0xB800, 0xB800, 0xB800,
  0xB800, 0xB800, 0xB800, 0xB800, 0xB800, 0xB800, 0xB800, 0xB800, 0xB800, 0xB800, 0xB800, 0xB800,
  0xB800, 0xB800, 0xB800, 0xB800, 0xB800, 0xB800, 0xB800, 0xB800, 0xB800, 0xB800, 0xB800, 0xC020,
  0x5820, 0x0000, 0x0000, 0x7BCF, 0xDEFB, 0xCE79, 0xD69A, 0xD69A, 0xD69A, 0xD69A, 0xD69A, 0xD69A,
  0xD69A, 0xD69A, 0xD69A, 0xD69A, 0xD69A, 0xD69A, 0xD69A, 0xD69A, 0xD69A, 0xD69A, 0xD69A, 0xD69A,
  0xD69A, 0xD69A, 0xD69A, 0xD69A, 0xD69A, 0xD69A, 0xD69A, 0xD69A, 0xD69A, 0xD69A, 0xD69A, 0xD69A,
  0xD69A, 0xD69A, 0xD69A, 0xD69A, 0xD69A, 0xD69A, 0xD69A, 0xD69A, 0xD69A, 0xD69A, 0xD69A, 0xD69A,
  0xD69A, 0xCE79, 0xD6FB, 0xC36D, 0xB000, 0xB800, 0xB800, 0xB800, 0xB800, 0xB800, 0xB800, 0xB800,
  0xB800, 0xB800, 0xB800, 0xB800, 0xB800, 0xB800, 0xC000, 0x9021, 0x0800, 0x0000, 0x0000, 0x0000,
  0x0000, 0x0000, 0x0000, 0x0000, 0x0000, 0x0000, 0x0000, 0x0000, 0x0000, 0x0000, 0x0000, 0x0000,
  0x0000, 0x0861, 0x2945, 0x0000, 0x0000, 0x0000, 0x0000, 0x18E3, 0xBDD7, 0x10A2, 0x0000, 0x0000,
  0x0000, 0x0000, 0x0000, 0x0000, 0x0000, 0x0000, 0x0861, 0x0020, 0x0000, 0x2124, 0xCE79, 0xCE79,
  0xCE79, 0xD69A, 0xCE79, 0xCE79, 0xCE79, 0xD69A, 0xCE79, 0x18C3, 0x18C3, 0xD69A, 0xBDD7, 0xBDF7,
  0xD69A, 0xCE59, 0xD6BA, 0xB596, 0x5AEC, 0x630C, 0x5ACB, 0x8C71, 0xD6BA, 0xD6BA, 0xB5B6, 0x630C,
  0x632C, 0x528A, 0xCE59, 0x5AEB, 0x73AE, 0xDEFB, 0x9CD3, 0x0000, 0x0000, 0x2124, 0xD6BA, 0x7BCF,
  0x52AB, 0xB5B7, 0xDEDB, 0xAD55, 0x5AEB, 0x5ACB, 0xA535, 0xD6BB, 0xCE79, 0xCE99, 0xCE79, 0xCE79,
  0xD69A, 0xD6BB, 0xBDD7, 0x73AF, 0x62EC, 0x630C, 0x5ACB, 0x5AEC, 0xAD75, 0xD6BA, 0xCE59, 0xD69A,
  0xB800, 0xB800, 0xB800, 0xB800, 0xB800, 0xB800, 0xB800, 0xB800, 0xB800, 0xB800, 0xB800, 0xB800,
  0xB800, 0xB800, 0xB800, 0xB800, 0xB800, 0xB800, 0xB800, 0xB800, 0xB800, 0xB800, 0xB800, 0xB800,
  0xB800, 0xB800, 0xB800, 0xB800, 0xB800, 0xB800, 0xB800, 0xB800, 0xB800, 0xB800, 0xB800, 0xB800,
  0xB800, 0xB800, 0xB800, 0xB800, 0xB800, 0xB800, 0xB800, 0xB800, 0xB800, 0xB800, 0xB800, 0xB800,
  0xB800, 0xB800, 0xB800, 0xB800, 0xB800, 0xB800, 0xB800, 0xB800, 0xB800, 0xB800, 0xB800, 0xB800,
  0xB800, 0xB800, 0xB800, 0xB800, 0xB800, 0xB800, 0xB800, 0xB800, 0xB800, 0xB800, 0xB800, 0xB800,
  0xB800, 0xB800, 0xB800, 0xB800, 0xB800, 0xB800, 0xB800, 0xB800, 0xB800, 0xB800, 0xB800, 0xB800,
  0xB800, 0xB800, 0xB800, 0xB020, 0x3820, 0x0000, 0x0000, 0xA535, 0xDEDB, 0xCE79, 0xD69A, 0xD69A,
  0xD69A, 0xD69A, 0xD69A, 0xD69A, 0xD69A, 0xD69A, 0xD69A, 0xD69A, 0xD69A, 0xD69A, 0xD69A, 0xD69A,
  0xD69A, 0xD69A, 0xD69A, 0xD69A, 0xD69A, 0xD69A, 0xD69A, 0xD69A, 0xD69A, 0xD69A, 0xD69A, 0xD69A,
  0xD69A, 0xD69A, 0xD69A, 0xD69A, 0xD69A, 0xD69A, 0xD69A, 0xD69A, 0xD69A, 0xD69A, 0xD69A, 0xD69A,
  0xD69A, 0xD69A, 0xD69A, 0xD69A, 0xD69A, 0xCE79, 0xDEBA, 0xBA07, 0xB800, 0xC000, 0xB800, 0xB800,
  0xB800, 0xB800, 0xB800, 0xB800, 0xB800, 0xB800, 0xB800, 0xB800, 0xB800, 0xB800, 0xC000, 0x5820,
  0x0000, 0x0000, 0x0000, 0x0000, 0x0000, 0x0000, 0x0000, 0x0000, 0x0000, 0x0000, 0x0000, 0x0000,
  0x0000, 0x0000, 0x0000, 0x0000, 0x0000, 0x0000, 0x0000, 0x0000, 0x0000, 0x0000, 0x0000, 0x2104,
  0xC638, 0x10A2, 0x0000, 0x10A2, 0x1082, 0x0000, 0x4208, 0x0861, 0x0000, 0x0000, 0x5ACB, 0x0841,
  0x0000, 0x39E7, 0xD6BA, 0xCE79, 0xCE79, 0xD69A, 0xD69A, 0xD69A, 0xCE79, 0xD69A, 0xCE79, 0x18C3,
  0x1082, 0xD69A, 0xAD55, 0x6B4D, 0xCE59, 0xD6BA, 0xCE59, 0xD6BB, 0xAD76, 0x5AEC, 0x630C, 0x5ACB,
  0x8C31, 0xDEDB, 0xB5B7, 0x5ACB, 0x8430, 0xD69A, 0xC639, 0x630C, 0x73AE, 0xDEDB, 0xB596, 0x0020,
  0x0000, 0x1082, 0xCE39, 0x8C71, 0x528A, 0x9492, 0xD6DB, 0xC639, 0x6B4D, 0x5ACB, 0x8430, 0xD6BA,
  0xCE79, 0xCE99, 0xCE99, 0xD69A, 0xCE79, 0xD6BA, 0xD69A, 0x8410, 0x5AEC, 0x630C, 0x5AAB, 0x7BF0,
  0xC618, 0xCE7A, 0xD69A, 0xD6BA, 0xB800, 0xB800, 0xB800, 0xB800, 0xB800, 0xB800, 0xB800, 0xB800,
  0xB800, 0xB800, 0xB800, 0xB800, 0xB800, 0xB800, 0xB800, 0xB800, 0xB800, 0xB800, 0xB800, 0xB800,
  0xB800, 0xB800, 0xB800, 0xB800, 0xB800, 0xB800, 0xB800, 0xB800, 0xB800, 0xB800, 0xB800, 0xB800,
  0xB800, 0xB800, 0xB800, 0xB800, 0xB800, 0xB800, 0xB800, 0xB800, 0xB800, 0xB800, 0xB800, 0xB800,
  0xB800, 0xB800, 0xB800, 0xB800, 0xB800, 0xB800, 0xB800, 0xB800, 0xB800, 0xB800, 0xB800, 0xB800,
  0xB800, 0xB800, 0xB800, 0xB800, 0xB800, 0xB800, 0xB800, 0xB800, 0xB800, 0xB800, 0xB800, 0xB800,
  0xB800, 0xB800, 0xB800, 0xB800, 0xB800, 0xB800, 0xB800, 0xB800, 0xB800, 0xB800, 0xB800, 0xB800,
  0xB800, 0xB800, 0xB800, 0xB800, 0xB800, 0xB800, 0xB800, 0xA040, 0x1820, 0x0000, 0x18A3, 0xCE59,
  0xD69A, 0xCE79, 0xD69A, 0xD69A, 0xD69A, 0xD69A, 0xD69A, 0xD69A, 0xD69A, 0xD69A, 0xD69A, 0xD69A,
  0xD69A, 0xD69A, 0xD69A, 0xD69A, 0xD69A, 0xD69A, 0xD69A, 0xD69A, 0xD69A, 0xD69A, 0xD69A, 0xD69A,
  0xD69A, 0xD69A, 0xD69A, 0xD69A, 0xD69A, 0xD69A, 0xD69A, 0xD69A, 0xD69A, 0xD69A, 0xD69A, 0xD69A,
  0xD69A, 0xD69A, 0xD69A, 0xD69A, 0xD69A, 0xD69A, 0xD69A, 0xD69A, 0xD699, 0xCE9A, 0xD618, 0xB0C2,
  0xB800, 0xB800, 0xB800, 0xB800, 0xB800, 0xB800, 0xB800, 0xB800, 0xB800, 0xB800, 0xB800, 0xB800,
  0xB800, 0xB800, 0xA841, 0x2020, 0x0000, 0x0000, 0x0000, 0x0000, 0x0000, 0x0000, 0x0000, 0x0000,
  0x0000, 0x0000, 0x0000, 0x0000, 0x0000, 0x0000, 0x0000, 0x0000, 0x0000, 0x0000, 0x0000, 0x0020,
  0x0841, 0x0000, 0x0000, 0x1082, 0xB5B6, 0x18E3, 0x0000, 0x73AE, 0x0841, 0x2124, 0xAD75, 0x0020,
  0x0000, 0x0841, 0xA514, 0x0020, 0x39E7, 0x94B2, 0xD69A, 0xCE79, 0xCE79, 0xCE79, 0xCE79, 0xCE79,
  0xCE79, 0xD69A, 0xC638, 0x1082, 0x1082, 0xCE79, 0xB5B6, 0x52AA, 0x6B6E, 0xC639, 0xD6BA, 0xCE59,
  0xDEDB, 0xB596, 0x5AEC, 0x630C, 0x5ACB, 0x8C71, 0xBDF8, 0x52AB, 0x94B3, 0xDEDB, 0xC618, 0x630C,
  0x73AE, 0xD69A, 0xC638, 0x18C3, 0x0000, 0x0000, 0xB5B6, 0xA514, 0x528A, 0xA514, 0xDEFB, 0xB596,
  0x62EC, 0x5ACB, 0xA534, 0xDEDB, 0xCE79, 0xD69A, 0xD69A, 0xCE7A, 0xDEDB, 0xBDD7, 0x6B6D, 0x5ACB,
  0x630C, 0x5AEB, 0x94B3, 0xD6BB, 0xD69A, 0xD6BA, 0xCE59, 0x8410, 0xB800, 0xB800, 0xB800, 0xB800,
  0xB800, 0xB800, 0xB800, 0xB800, 0xB800, 0xB800, 0xB800, 0xB800, 0xB800, 0xB800, 0xB800, 0xB800,
  0xB800, 0xB800, 0xB800, 0xB800, 0xB800, 0xB800, 0xB800, 0xB800, 0xB800, 0xB800, 0xB800, 0xB800,
  0xB800, 0xB800, 0xB800, 0xB800, 0xB800, 0xB800, 0xB800, 0xB800, 0xB800, 0xB800, 0xB800, 0xB800,
  0xB800, 0xB800, 0xB800, 0xB800, 0xB800, 0xB800, 0xB800, 0xB800, 0xB800, 0xB800, 0xB800, 0xB800,
  0xB800, 0xB800, 0xB800, 0xB800, 0xB800, 0xB800, 0xB800, 0xB800, 0xB800, 0xB800, 0xB800, 0xB800,
  0xB800, 0xB800, 0xB800, 0xB800, 0xB800, 0xB800, 0xB800, 0xB800, 0xB800, 0xB800, 0xB800, 0xB800,
  0xB800, 0xB800, 0xB800, 0xB800, 0xB800, 0xB800, 0xB800, 0xB800, 0xB800, 0xB800, 0xB800, 0x9021,
  0x0800, 0x0000, 0x41E8, 0xDEDB, 0xCE79, 0xD69A, 0xD69A, 0xD69A, 0xD69A, 0xD69A, 0xD69A, 0xD69A,
  0xD69A, 0xD69A, 0xD69A, 0xD69A, 0xD69A, 0xD69A, 0xD69A, 0xD69A, 0xD69A, 0xD69A, 0xD69A, 0xD69A,
  0xD69A, 0xD69A, 0xD69A, 0xD69A, 0xD69A, 0xD69A, 0xD69A, 0xD69A, 0xD69A, 0xD69A, 0xD69A, 0xD69A,
  0xD69A, 0xD69A, 0xD69A, 0xD69A, 0xD69A, 0xD69A, 0xD69A, 0xD69A, 0xD69A, 0xD69A, 0xD69A, 0xD69A,
  0xCE79, 0xD6DB, 0xD513, 0xB000, 0xB800, 0xB800, 0xB800, 0xB800, 0xB800, 0xB800, 0xB800, 0xB800,
  0xB800, 0xB800, 0xB800, 0xB800, 0xB800, 0xC000, 0x7840, 0x0000, 0x0000, 0x0000, 0x0000, 0x0000,
  0x0000, 0x0000, 0x0000, 0x0000, 0x0000, 0x0000, 0x0000, 0x0000, 0x0000, 0x0000, 0x0000, 0x0000,
  0x18E3, 0x94B2, 0xAD55, 0x4A49, 0xAD75, 0x6B4D, 0x0000, 0x0000, 0x4228, 0x18C3, 0x31A6, 0xB596,
  0x0000, 0xAD75, 0xB596, 0x0000, 0x0000, 0x39C7, 0xD69A, 0x0841, 0x528A, 0xE71C, 0xCE79, 0xD69A,
  0xCE79, 0xCE79, 0xCE79, 0xCE79, 0xCE79, 0xD6BA, 0xBDD7, 0x0020, 0x0861, 0xC638, 0xBDD7, 0x5ACB,
  0x5ACB, 0x6B6E, 0xC639, 0xD69A, 0xCE59, 0xDEDB, 0xB596, 0x5AEC, 0x630C, 0x5AEC, 0x7BCF, 0x5AEB,
  0x8C72, 0xDEDB, 0xC639, 0x632C, 0x73AE, 0xD69A, 0xD6BA, 0x2945, 0x0000, 0x0000, 0x9CD3, 0xB5B6,
  0x5AEB, 0xC639, 0xDEDB, 0x8C51, 0x52AB, 0x6B4D, 0xCE59, 0xD69A, 0xCE79, 0xD69A, 0xCE79, 0xD69A,
  0xA534, 0x5AEB, 0x5AEB, 0x5AEB, 0x632D, 0xB596, 0xD6BB, 0xCE79, 0xD6BB, 0xBDD7, 0x6B6E, 0x5ACB,
  0xB800, 0xB800, 0xB800, 0xB800, 0xB800, 0xB800, 0xB800, 0xB800, 0xB800, 0xB800, 0xB800, 0xB800,
  0xB800, 0xB800, 0xB800, 0xB800, 0xB800, 0xB800, 0xB800, 0xB800, 0xB800, 0xB800, 0xB800, 0xB800,
  0xB800, 0xB800, 0xB800, 0xB800, 0xB800, 0xB800, 0xB800, 0xB800, 0xB800, 0xB800, 0xB800, 0xB800,
  0xB800, 0xB800, 0xB800, 0xB800, 0xB800, 0xB800, 0xB800, 0xB800, 0xB800, 0xB800, 0xB800, 0xB800,
  0xB800, 0xB800, 0xB800, 0xB800, 0xB800, 0xB800, 0xB800, 0xB800, 0xB800, 0xB800, 0xB800, 0xB800,
  0xB800, 0xB800, 0xB800, 0xB800, 0xB800, 0xB800, 0xB800, 0xB800, 0xB800, 0xB800, 0xB800, 0xB800,
  0xB800, 0xB800, 0xB800, 0xB800, 0xB800, 0xB800, 0xB800, 0xB800, 0xB800, 0xB800, 0xB800, 0xB800,
  0xB800, 0xB800, 0xC000, 0x7821, 0x0000, 0x0000, 0x6B6D, 0xDEFB, 0xCE79, 0xD69A, 0xD69A, 0xD69A,
  0xD69A, 0xD69A, 0xD69A, 0xD69A, 0xD69A, 0xD69A, 0xD69A, 0xD69A, 0xD69A, 0xD69A, 0xD69A, 0xD69A,
  0xD69A, 0xD69A, 0xD69A, 0xD69A, 0xD69A, 0xD69A, 0xD69A, 0xD69A, 0xD69A, 0xD69A, 0xD69A, 0xD69A,
  0xD69A, 0xD69A, 0xD69A, 0xD69A, 0xD69A, 0xD69A, 0xD69A, 0xD69A, 0xD69A, 0xD69A, 0xD69A, 0xD69A,
  0xD69A, 0xD69A, 0xD69A, 0xD69A, 0xCE79, 0xD6FB, 0xCB8E, 0xB000, 0xB800, 0xB800, 0xB800, 0xB800,
  0xB800, 0xB800, 0xB800, 0xB800, 0xB800, 0xB800, 0xB800, 0xB800, 0xB800, 0xB820, 0x3820, 0x0000,
  0x0000, 0x0000, 0x0000, 0x0000, 0x0000, 0x0000, 0x0000, 0x0000, 0x0000, 0x0000, 0x0000, 0x0000,
  0x0000, 0x0000, 0x2965, 0x4208, 0x31A6, 0xE71C, 0xD69A, 0x39C7, 0xD6BA, 0x8410, 0x0000, 0x0841,
  0x0000, 0x0000, 0xAD55, 0x9CD3, 0x630C, 0xEF5D, 0xA514, 0x0000, 0x0000, 0x8C51, 0xE73C, 0x2104,
  0x632C, 0xE71C, 0xCE79, 0xD69A, 0xCE79, 0xCE79, 0xCE79, 0xCE79, 0xCE79, 0xD6BA, 0xAD75, 0x0000,
  0x0841, 0xBDD7, 0xDEDB, 0x9CB3, 0x5ACB, 0x5AEB, 0x6B6D, 0xC639, 0xD6BA, 0xCE59, 0xDEDB, 0xB596,
  0x5AEB, 0x62EC, 0x5AEC, 0x52AB, 0x8C71, 0xD6BB, 0xC639, 0x632D, 0x736E, 0xCE79, 0xDEDB, 0x4A49,
  0x0000, 0x0000, 0x7BCF, 0xC618, 0x8430, 0xDEDB, 0xCE59, 0x6B4D, 0x52AB, 0x8431, 0xD6BA, 0xD69A,
  0xD6BA, 0xCE7A, 0xD69A, 0xCE79, 0x6B4D, 0x5AEB, 0x5ACB, 0x7BCF, 0xC638, 0xD6BA, 0xCE7A, 0xD6BA,
  0xA514, 0x5AEC, 0x5AEB, 0x632D, 0xB800, 0xB800, 0xB800, 0xB800, 0xB800, 0xB800, 0xB800, 0xB800,
  0xB800, 0xB800, 0xB800, 0xB800, 0xB800, 0xB800, 0xB800, 0xB800, 0xB800, 0xB800, 0xB800, 0xB800,
  0xB800, 0xB800, 0xB800, 0xB800, 0xB800, 0xB800, 0xB800, 0xB800, 0xB800, 0xB800, 0xB800, 0xB800,
  0xB800, 0xB800, 0xB800, 0xB800, 0xB800, 0xB800, 0xB800, 0xB800, 0xB800, 0xB800, 0xB800, 0xB800,
  0xB800, 0xB800, 0xB800, 0xB800, 0xB800, 0xB800, 0xB800, 0xB800, 0xB800, 0xB800, 0xB800, 0xB800,
  0xB800, 0xB800, 0xB800, 0xB800, 0xB800, 0xB800, 0xB800, 0xB800, 0xB800, 0xB800, 0xB800, 0xB800,
  0xB800, 0xB800, 0xB800, 0xB800, 0xB800, 0xB800, 0xB800, 0xB800, 0xB800, 0xB800, 0xB800, 0xB800,
  0xB800, 0xB800, 0xB800, 0xB800, 0xB800, 0xB800, 0xC000, 0x5840, 0x0000, 0x0000, 0x9CD3, 0xDEFB,
  0xCE79, 0xD69A, 0xD69A, 0xD69A, 0xD69A, 0xD69A, 0xD69A, 0xD69A, 0xD69A, 0xD69A, 0xD69A, 0xD69A,
  0xD69A, 0xD69A, 0xD69A, 0xD69A, 0xD69A, 0xD69A, 0xD69A, 0xD69A, 0xD69A, 0xD69A, 0xD69A, 0xD69A,
  0xD69A, 0xD69A, 0xD69A, 0xD69A, 0xD69A, 0xD69A, 0xD69A, 0xD69A, 0xD69A, 0xD69A, 0xD69A, 0xD69A,
  0xD69A, 0xD69A, 0xD69A, 0xD69A, 0xD69A, 0xD69A, 0xD69A, 0xD69A, 0xCE79, 0xDEDB, 0xBA08, 0xB000,
  0xB820, 0xB800, 0xB800, 0xB800, 0xB800, 0xB800, 0xB800, 0xB800, 0xB800, 0xB800, 0xB800, 0xB800,
  0xC000, 0x9841, 0x0800, 0x0000, 0x0000, 0x0000, 0x0000, 0x0000, 0x0000, 0x0000, 0x0000, 0x0000,
  0x0000, 0x0000, 0x0000, 0x0000, 0x0000, 0x0000, 0x5AEB, 0xE71C, 0xBDD7, 0xEF5D, 0x8430, 0x2965,
  0xE73C, 0x7BEF, 0x2104, 0x0000, 0x39C7, 0x7BCF, 0xD6BA, 0xB5B6, 0xC618, 0xDEDB, 0xA514, 0x0000,
  0x18C3, 0xC638, 0xE71C, 0x39E7, 0x7BCF, 0xDEFB, 0xCE79, 0xD69A, 0xCE79, 0xCE79, 0xCE79, 0xCE79,
  0xCE79, 0xDEDB, 0xA514, 0x0000, 0x0841, 0xBDF7, 0xC618, 0xB5B6, 0x94B2, 0x5ACB, 0x5AEB, 0x6B6D,
  0xC639, 0xD6BA, 0xCE59, 0xD6BA, 0xAD75, 0x5AEB, 0x630C, 0x5ACB, 0x8C72, 0xD6BB, 0xCE39, 0x632D,
  0x6B6E, 0xCE59, 0xDEFB, 0x632C, 0x0000, 0x0000, 0x5ACB, 0xD69A, 0xB5B6, 0xDEDB, 0xAD55, 0x5ACB,
  0x5AEC, 0xBDD7, 0xDEFB, 0xC638, 0xB5B6, 0xD67A, 0xD69A, 0xC638, 0x6B4D, 0x5AEB, 0x9492, 0xD69A,
  0xD69A, 0xD69A, 0xCE79, 0x8431, 0x5ACB, 0x630C, 0x632C, 0x5ACB, 0xB800, 0xB800, 0xB800, 0xB800,
  0xB800, 0xB800, 0xB800, 0xB800, 0xB800, 0xB800, 0xB800, 0xB800, 0xB800, 0xB800, 0xB800, 0xB800,
  0xB800, 0xB800, 0xB800, 0xB800, 0xB800, 0xB800, 0xB800, 0xB800, 0xB800, 0xB800, 0xB800, 0xB800,
  0xB800, 0xB800, 0xB800, 0xB800, 0xB800, 0xB800, 0xB800, 0xB800, 0xB800, 0xB800, 0xB800, 0xB800,
  0xB800, 0xB800, 0xB800, 0xB800, 0xB800, 0xB800, 0xB800, 0xB800, 0xB800, 0xB800, 0xB800, 0xB800,
  0xB800, 0xB800, 0xB800, 0xB800, 0xB800, 0xB800, 0xB800, 0xB800, 0xB800, 0xB800, 0xB800, 0xB800,
  0xB800, 0xB800, 0xB800, 0xB800, 0xB800, 0xB800, 0xB800, 0xB800, 0xB800, 0xB800, 0xB800, 0xB800,
  0xB800, 0xB800, 0xB800, 0xB800, 0xB800, 0xB800, 0xB800, 0xB800, 0xB800, 0xB800, 0xC000, 0x4020,
  0x0000, 0x1061, 0xBDF7, 0xD6BA, 0xCE79, 0xD69A, 0xD69A, 0xD69A, 0xD69A, 0xD69A, 0xD69A, 0xD69A,
  0xD69A, 0xD69A, 0xD69A, 0xD69A, 0xD69A, 0xD69A, 0xD69A, 0xD69A, 0xD69A, 0xD69A, 0xD69A, 0xD69A,
  0xD69A, 0xD69A, 0xD69A, 0xD69A, 0xD69A, 0xD69A, 0xD69A, 0xD69A, 0xD69A, 0xD69A, 0xD69A, 0xD69A,
  0xD69A, 0xD69A, 0xD69A, 0xD69A, 0xD69A, 0xD69A, 0xD69A, 0xD69A, 0xD69A, 0xD69A, 0xD69A, 0xD679,
  0xD69A, 0xDE39, 0xB0E3, 0xB800, 0xB800, 0xB800, 0xB800, 0xB800, 0xB800, 0xB800, 0xB800, 0xB800,
  0xB800, 0xB800, 0xB800, 0xB800, 0xC000, 0x6820, 0x0000, 0x0000, 0x0000, 0x0000, 0x0000, 0x0000,
  0x0000, 0x0000, 0x0000, 0x0000, 0x0000, 0x0000, 0x0000, 0x0000, 0x0000, 0x0000, 0x0000, 0x8410,
  0xD6BA, 0x9CF3, 0x0861, 0x8C71, 0xDEFB, 0xD69A, 0xC618, 0x7BCF, 0xC618, 0xD6BA, 0xCE79, 0xD69A,
  0xCE79, 0xDEDB, 0x9CF3, 0x0000, 0x6B4D, 0xDEDB, 0xDEFB, 0x630C, 0x94B2, 0xDEFB, 0xCE79, 0xD69A,
  0xCE79, 0xCE79, 0xCE79, 0xCE79, 0xCE79, 0xDEDB, 0x8C71, 0x0000, 0x0020, 0xBDF7, 0xB596, 0x31A7,
  0xD6BA, 0x8C71, 0x5ACB, 0x5AEB, 0x6B6E, 0xC638, 0xD6BA, 0xCE79, 0xDEDB, 0xAD75, 0x630C, 0x52AB,
  0x8C71, 0xDEDB, 0xCE59, 0x6B2D, 0x6B6D, 0xCE59, 0xDEFB, 0x8430, 0x0000, 0x0000, 0x39C7, 0xDEDB,
  0xCE79, 0xD6BA, 0x8410, 0x5AAB, 0x6B6D, 0xA514, 0x8430, 0x6B4D, 0x5ACB, 0xAD55, 0xDEDB, 0xBDD7,
  0x5AEC, 0x6B4D, 0xCE7A, 0xD69A, 0xD6BB, 0xBDD7, 0x738E, 0x5ACB, 0x632D, 0x630C, 0x52AB, 0x8410,
  0xB800, 0xB800, 0xB800, 0xB800, 0xB800, 0xB800, 0xB800, 0xB800, 0xB800, 0xB800, 0xB800, 0xB800,
  0xB800, 0xB800, 0xB800, 0xB800, 0xB800, 0xB800, 0xB800, 0xB800, 0xB800, 0xB800, 0xB800, 0xB800,
  0xB800, 0xB800, 0xB800, 0xB800, 0xB800, 0xB800, 0xB800, 0xB800, 0xB800, 0xB800, 0xB800, 0xB800,
  0xB800, 0xB800, 0xB800, 0xB800, 0xB800, 0xB800, 0xB800, 0xB800, 0xB800, 0xB800, 0xB800, 0xB800,
  0xB800, 0xB800, 0xB800, 0xB800, 0xB800, 0xB800, 0xB800, 0xB800, 0xB800, 0xB800, 0xB800, 0xB800,
  0xB800, 0xB800, 0xB800, 0xB800, 0xB800, 0xB800, 0xB800, 0xB800, 0xB800, 0xB800, 0xB800, 0xB800,
  0xB800, 0xB800, 0xB800, 0xB800, 0xB800, 0xB800, 0xB800, 0xB800, 0xB800, 0xB800, 0xB800, 0xB800,
  0xB800, 0xB800, 0xB021, 0x2821, 0x0000, 0x3165, 0xD6BA, 0xCE79, 0xD69A, 0xD69A, 0xD69A, 0xD69A,
  0xD69A, 0xD69A, 0xD69A, 0xD69A, 0xD69A, 0xD69A, 0xD69A, 0xD69A, 0xD69A, 0xD69A, 0xD69A, 0xD69A,
  0xD69A, 0xD69A, 0xD69A, 0xD69A, 0xD69A, 0xD69A, 0xD69A, 0xD69A, 0xD69A, 0xD69A, 0xD69A, 0xD69A,
  0xD69A, 0xD69A, 0xD69A, 0xD69A, 0xD69A, 0xD69A, 0xD69A, 0xD69A, 0xD69A, 0xD69A, 0xD69A, 0xD69A,
  0xD69A, 0xD69A, 0xD69A, 0xD679, 0xD6DB, 0xD514, 0xB000, 0xB800, 0xB800, 0xB800, 0xB800, 0xB800,
  0xB800, 0xB800, 0xB800, 0xB800, 0xB800, 0xB800, 0xB800, 0xB800, 0xC000, 0x4840, 0x0000, 0x0000,
  0x0000, 0x0000, 0x0000, 0x0000, 0x0000, 0x0000, 0x0000, 0x0000, 0x0000, 0x0000, 0x0000, 0x0000,
  0x0000, 0x0000, 0x0000, 0x0000, 0x1082, 0x0861, 0x7BEF, 0xE71C, 0xD69A, 0x73AE, 0xBDF7, 0xE71C,
  0xD69A, 0xCE79, 0xD69A, 0xCE79, 0xCE79, 0xDEDB, 0x9492, 0x0000, 0xBDF7, 0xD69A, 0xDEFB, 0x73AE,
  0x4208, 0xDEFB, 0xCE79, 0xD69A, 0xCE79, 0xCE79, 0xCE79, 0xCE79, 0xCE79, 0xDEFB, 0x7BEF, 0x0000,
  0x0020, 0xB5B6, 0xC618, 0x94B2, 0xD6BA, 0xDEDB, 0x94B3, 0x52AB, 0x5AEB, 0x6B6D, 0xC638, 0xD6BA,
  0xCE59, 0xD6BA, 0xB596, 0x5AAB, 0x8431, 0xDEDB, 0xCE59, 0x6B2D, 0x6B4D, 0xCE59, 0xDEDB, 0x9CF3,
  0x0000, 0x0000, 0x2104, 0xCE79, 0xD69A, 0xBDF8, 0x630C, 0x62EC, 0x630C, 0x5AEB, 0x5ACB, 0x630C,
  0x630C, 0x632D, 0xCE79, 0xB596, 0x52AB, 0x73AE, 0xCE79, 0xD69A, 0xA534, 0x5AEC, 0x5ACB, 0x632C,
  0x5AEC, 0x5AEC, 0x9CF3, 0xD6BA, 0xB800, 0xB800, 0xB800, 0xB800, 0xB800, 0xB800, 0xB800, 0xB800,
  0xB800, 0xB800, 0xB800, 0xB800, 0xB800, 0xB800, 0xB800, 0xB800, 0xB800, 0xB800, 0xB800, 0xB800,
  0xB800, 0xB800, 0xB800, 0xB800, 0xB800, 0xB800, 0xB800, 0xB800, 0xB800, 0xB800, 0xB800, 0xB800,
  0xB800, 0xB800, 0xB800, 0xB800, 0xB800, 0xB800, 0xB800, 0xB800, 0xB800, 0xB800, 0xB800, 0xB800,
  0xB800, 0xB800, 0xB800, 0xB800, 0xB800, 0xB800, 0xB800, 0xB800, 0xB800, 0xB800, 0xB800, 0xB800,
  0xB800, 0xB800, 0xB800, 0xB800, 0xB800, 0xB800, 0xB800, 0xB800, 0xB800, 0xB800, 0xB800, 0xB800,
  0xB800, 0xB800, 0xB800, 0xB800, 0xB800, 0xB800, 0xB800, 0xB800, 0xB800, 0xB800, 0xB800, 0xB800,
  0xB800, 0xB800, 0xB800, 0xB800, 0xB800, 0xC000, 0x9821, 0x1021, 0x0000, 0x52AA, 0xDEFB, 0xCE79,
  0xD69A, 0xD69A, 0xD69A, 0xD69A, 0xD69A, 0xD69A, 0xD69A, 0xD69A, 0xD69A, 0xD69A, 0xD69A, 0xD69A,
  0xD69A, 0xD69A, 0xD69A, 0xD69A, 0xD69A, 0xD69A, 0xD69A, 0xD69A, 0xD69A, 0xD69A, 0xD69A, 0xD69A,
  0xD69A, 0xD69A, 0xD69A, 0xD69A, 0xD69A, 0xD69A, 0xD69A, 0xD69A, 0xD69A, 0xD69A, 0xD69A, 0xD69A,
  0xD69A, 0xD69A, 0xD69A, 0xD69A, 0xD69A, 0xD69A, 0xD69A, 0xCE79, 0xD6DB, 0xCBCE, 0xB000, 0xB800,
  0xB800, 0xB800, 0xB800, 0xB800, 0xB800, 0xB800, 0xB800, 0xB800, 0xB800, 0xB800, 0xB800, 0xB800,
  0xB800, 0x3820, 0x0000, 0x0000, 0x0000, 0x0000, 0x0000, 0x0000, 0x0000, 0x0000, 0x0000, 0x0020,
  0x632C, 0x2945, 0x0841, 0x0000, 0x0000, 0x0000, 0x0000, 0x2945, 0xA534, 0xD69A, 0xEF5D, 0xBDD7,
  0x39C7, 0x2124, 0xB5B6, 0xD69A, 0xCE79, 0xCE79, 0xD69A, 0xD69A, 0xCE79, 0xDEFB, 0x8410, 0x3186,
  0xDEDB, 0xCE59, 0xDEDB, 0x94B2, 0x0000, 0x8C71, 0xDEDB, 0xCE79, 0xCE79, 0xCE79, 0xCE79, 0xCE79,
  0xCE79, 0xDEFB, 0x6B6D, 0x0000, 0x0020, 0xAD55, 0xD6BA, 0xD69A, 0xD69A, 0xC638, 0xBDD7, 0x9CF3,
  0x52AA, 0x5AEC, 0x6B6D, 0xC639, 0xD6BA, 0xCE59, 0xDEDB, 0xAD55, 0x8430, 0xD6BA, 0xCE79, 0x6B6D,
  0x6B4D, 0xCE59, 0xD6BA, 0xB5B6, 0x0841, 0x0000, 0x0861, 0xBDD7, 0xDEDB, 0x9CF3, 0x5ACB, 0x630C,
  0x630C, 0x5AEB, 0x5ACB, 0x5ACB, 0x630C, 0x52AB, 0x8C51, 0xAD75, 0x528A, 0x7BF0, 0xD6BA, 0xCE59,
  0x632D, 0x5AEB, 0x630C, 0x5ACB, 0x6B4D, 0xB5B7, 0xD6BB, 0xCE79, 0xB800, 0xB800, 0xB800, 0xB800,
  0xB800, 0xB800, 0xB800, 0xB800, 0xB800, 0xB800, 0xB800, 0xB800, 0xB800, 0xB800, 0xB800, 0xB800,
  0xB800, 0xB800, 0xB800, 0xB800, 0xB800, 0xB800, 0xB800, 0xB800, 0xB800, 0xB800, 0xB800, 0xB800,
  0xB800, 0xB800, 0xB800, 0xB800, 0xB800, 0xB800, 0xB800, 0xB800, 0xB800, 0xB800, 0xB800, 0xB800,
  0xB800, 0xB800, 0xB800, 0xB800, 0xB800, 0xB800, 0xB800, 0xB800, 0xB800, 0xB800, 0xB800, 0xB800,
  0xB800, 0xB800, 0xB800, 0xB800, 0xB800, 0xB800, 0xB800, 0xB800, 0xB800, 0xB800, 0xB800, 0xB800,
  0xB800, 0xB800, 0xB800, 0xB800, 0xB800, 0xB800, 0xB800, 0xB800, 0xB800, 0xB800, 0xB800, 0xB800,
  0xB800, 0xB800, 0xB800, 0xB800, 0xB800, 0xB800, 0xB800, 0xB800, 0xB800, 0xC000, 0x8821, 0x0000,
  0x0000, 0x83F0, 0xDEFB, 0xCE79, 0xD69A, 0xD69A, 0xD69A, 0xD69A, 0xD69A, 0xD69A, 0xD69A, 0xD69A,
  0xD69A, 0xD69A, 0xD69A, 0xD69A, 0xD69A, 0xD69A, 0xD69A, 0xD69A, 0xD69A, 0xD69A, 0xD69A, 0xD69A,
  0xD69A, 0xD69A, 0xD69A, 0xD69A, 0xD69A, 0xD69A, 0xD69A, 0xD69A, 0xD69A, 0xD69A, 0xD69A, 0xD69A,
  0xD69A, 0xD69A, 0xD69A, 0xD69A, 0xD69A, 0xD69A, 0xD69A, 0xD69A, 0xD69A, 0xD69A, 0xD69A, 0xCE79,
  0xDEDB, 0xC249, 0xB000, 0xB800, 0xB800, 0xB800, 0xB800, 0xB800, 0xB800, 0xB800, 0xB800, 0xB800,
  0xB800, 0xB800, 0xB800, 0xB800, 0xB800, 0x3800, 0x0000, 0x0000, 0x0000, 0x0000, 0x0000, 0x0000,
  0x0000, 0x0000, 0x0000, 0x0000, 0xA514, 0xD69A, 0x632C, 0x0841, 0x0000, 0x0000, 0x0000, 0x0000,
  0x39C7, 0x4A69, 0x39C7, 0x0000, 0x528A, 0xE71C, 0xCE79, 0xCE79, 0xCE79, 0xCE79, 0xD69A, 0xD69A,
  0xCE79, 0xE71C, 0x73AE, 0x6B6D, 0xDEFB, 0xCE59, 0xD6BA, 0xB5B6, 0x0000, 0x10A2, 0xC638, 0xD69A,
  0xCE79, 0xCE79, 0xCE79, 0xCE79, 0xCE79, 0xDEFB, 0x5ACB, 0x0000, 0x0000, 0x94B2, 0xDEDB, 0xCE59,
  0xE71C, 0x6B6D, 0x0000, 0xB596, 0x9CF4, 0x5AAB, 0x5AEB, 0x6B6E, 0xC639, 0xD6BA, 0xCE79, 0xD69A,
  0xC638, 0xCE79, 0xCE79, 0x6B6D, 0x632D, 0xCE79, 0xD69A, 0xCE59, 0x18C3, 0x0000, 0x0000, 0xA534,
  0xDEDB, 0x738E, 0x52AB, 0x5ACB, 0x5AEC, 0x73AE, 0x94B3, 0xB576, 0x6B4D, 0x5AEB, 0x630C, 0x7BAF,
  0x52AB, 0x8C51, 0xDEDB, 0xC618, 0x632D, 0x630C, 0x5AEB, 0x83F0, 0xCE59, 0xD6BB, 0xCE79, 0xCE79,
  0xB800, 0xB800, 0xB800, 0xB800, 0xB800, 0xB800, 0xB800, 0xB800, 0xB800, 0xB800, 0xB800, 0xB800,
  0xB800, 0xB800, 0xB800, 0xB800, 0xB800, 0xB800, 0xB800, 0xB800, 0xB800, 0xB800, 0xB800, 0xB800,
  0xB800, 0xB800, 0xB800, 0xB800, 0xB800, 0xB800, 0xB800, 0xB800, 0xB800, 0xB800, 0xB800, 0xB800,
  0xB800, 0xB800, 0xB800, 0xB800, 0xB800, 0xB800, 0xB800, 0xB800, 0xB800, 0xB800, 0xB800, 0xB800,
  0xB800, 0xB800, 0xB800, 0xB800, 0xB800, 0xB800, 0xB800, 0xB800, 0xB800, 0xB800, 0xB800, 0xB800,
  0xB800, 0xB800, 0xB800, 0xB800, 0xB800, 0xB800, 0xB800, 0xB800, 0xB800, 0xB800, 0xB800, 0xB800,
  0xB800, 0xB800, 0xB800, 0xB800, 0xB800, 0xB800, 0xB800, 0xB800, 0xB800, 0xB800, 0xB800, 0xB800,
  0xB000, 0xC020, 0x6041, 0x0000, 0x0000, 0xAD55, 0xDEDB, 0xCE79, 0xD69A, 0xD69A, 0xD69A, 0xD69A,
  0xD69A, 0xD69A, 0xD69A, 0xD69A, 0xD69A, 0xD69A, 0xD69A, 0xD69A, 0xD69A, 0xD69A, 0xD69A, 0xD69A,
  0xD69A, 0xD69A, 0xD69A, 0xD69A, 0xD69A, 0xD69A, 0xD69A, 0xD69A, 0xD69A, 0xD69A, 0xD69A, 0xD69A,
  0xD69A, 0xD69A, 0xD69A, 0xD69A, 0xD69A, 0xD69A, 0xD69A, 0xD69A, 0xD69A, 0xD69A, 0xD69A, 0xD69A,
  0xD69A, 0xD69A, 0xD67A, 0xD69A, 0xDE59, 0xB904, 0xB800, 0xB800, 0xB800, 0xB800, 0xB800, 0xB800,
  0xB800, 0xB800, 0xB800, 0xB800, 0xB800, 0xB800, 0xB800, 0xB800, 0xB800, 0x3800, 0x0000, 0x0000,
  0x0000, 0x0000, 0x0000, 0x0000, 0x0000, 0x0000, 0x0000, 0x0000, 0x94B2, 0xD6BA, 0xBDF7, 0xA534,
  0x18C3, 0x0000, 0x0000, 0x0000, 0x0000, 0x0000, 0x2945, 0x7BEF, 0x8C71, 0xDEDB, 0xCE59, 0xCE59,
  0xCE79, 0xCE79, 0xD69A, 0xD69A, 0xCE79, 0xDEFB, 0x7BEF, 0xA534, 0xDEDB, 0xCE79, 0xD69A, 0xD6BA,
  0x3186, 0x0000, 0x632C, 0xDEFB, 0xCE79, 0xCE79, 0xCE79, 0xCE79, 0xCE79, 0xDEFB, 0x4A49, 0x0000,
  0x0000, 0x31A6, 0xD69A, 0xD69A, 0xB5B6, 0x0841, 0x0000, 0x0862, 0xAD55, 0x9CD3, 0x5ACB, 0x5ACB,
  0x6B6D, 0xC639, 0xD6BA, 0xCE79, 0xD69A, 0xCE79, 0xCE79, 0x6B6D, 0x632C, 0xCE59, 0xD69A, 0xD6BA,
  0x3186, 0x0000, 0x0000, 0x8C71, 0xCE59, 0x630C, 0x83F0, 0xA514, 0xBDD7, 0xD69A, 0xD6BA, 0xDEDB,
  0xAD75, 0x5ACB, 0x630C, 0x5AEC, 0x5ACB, 0x9492, 0xDEDB, 0xB5B7, 0x5AEC, 0x5AEB, 0x7BF0, 0xD6BA,
  0xD69A, 0xCE79, 0xD69A, 0xD6BB, 0xB800, 0xB800, 0xB800, 0xB800, 0xB800, 0xB800, 0xB800, 0xB800,
  0xB800, 0xB800, 0xB800, 0xB800, 0xB800, 0xB800, 0xB800, 0xB800, 0xB800, 0xB800, 0xB800, 0xB800,
  0xB800, 0xB800, 0xB800, 0xB800, 0xB800, 0xB800, 0xB800, 0xB800, 0xB800, 0xB800, 0xB800, 0xB800,
  0xB800, 0xB800, 0xB800, 0xB800, 0xB800, 0xB800, 0xB800, 0xB800, 0xB800, 0xB800, 0xB800, 0xB800,
  0xB800, 0xB800, 0xB800, 0xB800, 0xB800, 0xB800, 0xB800, 0xB800, 0xB800, 0xB800, 0xB800, 0xB800,
  0xB800, 0xB800, 0xB800, 0xB800, 0xB800, 0xB800, 0xB800, 0xB800, 0xB800, 0xB800, 0xB800, 0xB800,
  0xB800, 0xB800, 0xB800, 0xB800, 0xB800, 0xB800, 0xB800, 0xB800, 0xB800, 0xB800, 0xB800, 0xB800,
  0xB800, 0xB800, 0xB800, 0xB800, 0xB800, 0xB820, 0x4040, 0x0000, 0x10A2, 0xC618, 0xD69A, 0xCE79,
  0xD69A, 0xD69A, 0xD69A, 0xD69A, 0xD69A, 0xD69A, 0xD69A, 0xD69A, 0xD69A, 0xD69A, 0xD69A, 0xD69A,
  0xD69A, 0xD69A, 0xD69A, 0xD69A, 0xD69A, 0xD69A, 0xD69A, 0xD69A, 0xD69A, 0xD69A, 0xD69A, 0xD69A,
  0xD69A, 0xD69A, 0xD69A, 0xD69A, 0xD69A, 0xD69A, 0xD69A, 0xD69A, 0xD69A, 0xD69A, 0xD69A, 0xD69A,
  0xD69A, 0xD69A, 0xD69A, 0xD69A, 0xD69A, 0xCE9A, 0xD679, 0xD6DA, 0xD514, 0xB000, 0xC000, 0xB800,
  0xB800, 0xB800, 0xB800, 0xB800, 0xB800, 0xB800, 0xB800, 0xB800, 0xB800, 0xB800, 0xB800, 0xB800,
  0xB800, 0x3821, 0x0000, 0x0000, 0x0000, 0x0000, 0x0000, 0x0000, 0x0000, 0x0000, 0x0000, 0x0000,
  0x1082, 0x10A2, 0x18C3, 0x2104, 0x0841, 0x0000, 0x0000, 0x0000, 0x0020, 0x0000, 0x1082, 0x5ACB,
  0xB5B6, 0xDEDB, 0xDEDB, 0xDEFB, 0xDEFB, 0xD6BA, 0xCE79, 0xCE79, 0xCE79, 0xD6BA, 0xAD55, 0xC638,
  0xD69A, 0xD69A, 0xCE79, 0xDEFB, 0x738E, 0x0000, 0x0841, 0xB5B6, 0xD6BA, 0xCE79, 0xCE79, 0xCE79,
  0xCE79, 0xDEDB, 0x39C7, 0x0000, 0x0020, 0x0000, 0x9CF3, 0xE73C, 0x4A69, 0x0000, 0x0841, 0x0000,
  0x39E7, 0xE71C, 0x8C71, 0x52AB, 0x5AEB, 0x6B6D, 0xC638, 0xD69A, 0xCE79, 0xCE7A, 0xCE7A, 0x738E,
  0x632C, 0xCE59, 0xCE79, 0xDEFB, 0x4A69, 0x0000, 0x0000, 0x6B6D, 0xDEDB, 0xC618, 0xD6BA, 0xD6BB,
  0xD69A, 0xCE7A, 0xD6BA, 0xCE7A, 0xD6BB, 0x8C51, 0x5ACB, 0x632C, 0x5ACB, 0x9CF4, 0xDEFC, 0xAD75,
  0x5AEB, 0x5ACB, 0x94B2, 0xD6BA, 0xCE79, 0xD6BA, 0xCE79, 0x8C72, 0xB800, 0xB800, 0xB800, 0xB800,
  0xB800, 0xB800, 0xB800, 0xB800, 0xB800, 0xB800, 0xB800, 0xB800, 0xB800, 0xB800, 0xB800, 0xB800,
  0xB800, 0xB800, 0xB800, 0xB800, 0xB800, 0xB800, 0xB800, 0xB800, 0xB800, 0xB800, 0xB800, 0xB800,
  0xB800, 0xB800, 0xB800, 0xB800, 0xB800, 0xB800, 0xB800, 0xB800, 0xB800, 0xB800, 0xB800, 0xB800,
  0xB800, 0xB800, 0xB800, 0xB800, 0xB800, 0xB800, 0xB800, 0xB800, 0xB800, 0xB800, 0xB800, 0xB800,
  0xB800, 0xB800, 0xB800, 0xB800, 0xB800, 0xB800, 0xB800, 0xB800, 0xB800, 0xB800, 0xB800, 0xB800,
  0xB800, 0xB800, 0xB800, 0xB800, 0xB800, 0xB800, 0xB800, 0xB800, 0xB800, 0xB800, 0xB800, 0xB800,
  0xB800, 0xB800, 0xB800, 0xB800, 0xB800, 0xB800, 0xB800, 0xB800, 0xB800, 0xA821, 0x2020, 0x0000,
  0x3186, 0xD6BA, 0xCE79, 0xCE79, 0xD69A, 0xD69A, 0xD69A, 0xD69A, 0xD69A, 0xD69A, 0xD69A, 0xD69A,
  0xD69A, 0xD69A, 0xD69A, 0xD69A, 0xD69A, 0xD69A, 0xD69A, 0xD69A, 0xD69A, 0xD69A, 0xD69A, 0xD69A,
  0xD69A, 0xD69A, 0xD69A, 0xD69A, 0xD69A, 0xD69A, 0xD69A, 0xD69A, 0xD69A, 0xD69A, 0xD69A, 0xD69A,
  0xD69A, 0xD69A, 0xD69A, 0xD69A, 0xD69A, 0xD69A, 0xD69A, 0xD69A, 0xD69A, 0xD69A, 0xCE79, 0xD6FA,
  0xC3EE, 0xB000, 0xB820, 0xB800, 0xB800, 0xB800, 0xB800, 0xB800, 0xB800, 0xB800, 0xB800, 0xB800,
  0xB800, 0xB800, 0xB800, 0xB800, 0xB800, 0x4020, 0x0000, 0x0000, 0x0000, 0x0000, 0x0000, 0x0000,
  0x0000, 0x0000, 0x0000, 0x0000, 0x0000, 0x0000, 0x0000, 0x0000, 0x0000, 0x0000, 0x0000, 0x0000,
  0x0000, 0x0000, 0x0000, 0x0000, 0x10A2, 0x2965, 0x4A49, 0x6B4D, 0x9492, 0xBDD7, 0xDEDB, 0xDEFB,
  0xCE79, 0xCE79, 0xCE79, 0xCE79, 0xCE79, 0xD69A, 0xCE79, 0xD6BA, 0xB596, 0x0020, 0x0000, 0xA514,
  0xDEDB, 0xCE79, 0xCE79, 0xCE79, 0xCE79, 0xD69A, 0x2965, 0x0000, 0x0020, 0x0000, 0x52AA, 0xEF5D,
  0x7BCF, 0x0000, 0x0020, 0x0000, 0xA534, 0xD6BA, 0xDEDB, 0x9CD3, 0x52AB, 0x5ACB, 0x6B6E, 0xC639,
  0xD6BA, 0xCE79, 0xD69A, 0x738E, 0x632C, 0xCE59, 0xCE79, 0xDEFB, 0x6B4D, 0x0000, 0x0000, 0x4A69,
  0xDEFB, 0xCE79, 0xCE7A, 0xD69A, 0xD6BB, 0xCE7A, 0xB596, 0xCE59, 0xD69A, 0xCE59, 0x6B6D, 0x5AEC,
  0x5ACB, 0xAD75, 0xDEFC, 0xA514, 0x5ACB, 0x5ACB, 0xA514, 0xD6BA, 0xD69A, 0xC618, 0x738E, 0x5ACB,
  0xB800, 0xB800, 0xB800, 0xB800, 0xB800, 0xB800, 0xB800, 0xB800, 0xB800, 0xB800, 0xB800, 0xB800,
  0xB800, 0xB800, 0xB800, 0xB800, 0xB800, 0xB800, 0xB800, 0xB800, 0xB800, 0xB800, 0xB800, 0xB800,
  0xB800, 0xB800, 0xB800, 0xB800, 0xB800, 0xB800, 0xB800, 0xB800, 0xB800, 0xB800, 0xB800, 0xB800,
  0xB800, 0xB800, 0xB800, 0xB800, 0xB800, 0xB800, 0xB800, 0xB800, 0xB800, 0xB800, 0xB800, 0xB800,
  0xB800, 0xB800, 0xB800, 0xB800, 0xB800, 0xB800, 0xB800, 0xB800, 0xB800, 0xB800, 0xB800, 0xB800,
  0xB800, 0xB800, 0xB800, 0xB800, 0xB800, 0xB800, 0xB800, 0xB800, 0xB800, 0xB800, 0xB800, 0xB800,
  0xB800, 0xB800, 0xB800, 0xB800, 0xB800, 0xB800, 0xB800, 0xB800, 0xB800, 0xB800, 0xB800, 0xB800,
  0xC000, 0x9821, 0x1020, 0x0000, 0x5ACB, 0xDEFB, 0xCE79, 0xCE79, 0xD69A, 0xD69A, 0xD69A, 0xD69A,
  0xD69A, 0xD69A, 0xD69A, 0xD69A, 0xD69A, 0xD69A, 0xD69A, 0xD69A, 0xD69A, 0xD69A, 0xD69A, 0xD69A,
  0xD69A, 0xD69A, 0xD69A, 0xD69A, 0xD69A, 0xD69A, 0xD69A, 0xD69A, 0xD69A, 0xD69A, 0xD69A, 0xD69A,
  0xD69A, 0xD69A, 0xD69A, 0xD69A, 0xD69A, 0xD69A, 0xD69A, 0xD69A, 0xD69A, 0xD69A, 0xD69A, 0xD69A,
  0xD69A, 0xD69A, 0xCE99, 0xD6DA, 0xBA69, 0xB000, 0xB820, 0xB800, 0xB800, 0xB800, 0xB800, 0xB800,
  0xB800, 0xB800, 0xB800, 0xB800, 0xB800, 0xB800, 0xB800, 0xB800, 0xC000, 0x6821, 0x0000, 0x0000,
  0x0000, 0x0000, 0x0000, 0x0000, 0x0000, 0x0000, 0x0000, 0x0000, 0x0000, 0x0000, 0x0000, 0x0000,
  0x0000, 0x0000, 0x0000, 0x0000, 0x0000, 0x0000, 0x0000, 0x0000, 0x0000, 0x0000, 0x0000, 0x0000,
  0x0000, 0x0841, 0x31A6, 0x8C51, 0xD6BA, 0xDEFB, 0xD6BA, 0xCE79, 0xCE79, 0xCE79, 0xCE79, 0xCE79,
  0xD6BA, 0x31A6, 0x0000, 0xAD75, 0xD6BA, 0xCE79, 0xCE79, 0xCE79, 0xD69A, 0xCE59, 0x18E3, 0x0000,
  0x0020, 0x0000, 0x18E3, 0xCE79, 0xCE59, 0x10A2, 0x0000, 0x630B, 0xDEFB, 0xD6BA, 0xAD55, 0xA514,
  0xA514, 0x52AB, 0x5AEB, 0x6B6D, 0xC638, 0xD6BA, 0xCE7A, 0x738E, 0x632C, 0xC618, 0xBDF7, 0xDEFB,
  0x8430, 0x0000, 0x0000, 0x3186, 0xD6BA, 0xD69A, 0xCE59, 0xAD76, 0x8C51, 0x738E, 0x5AAB, 0x8C51,
  0xD69A, 0xD6BA, 0xB596, 0x5ACB, 0x5AEC, 0xB5B7, 0xDEFB, 0x94B2, 0x5ACB, 0x5ACB, 0xAD75, 0xD69A,
  0xD6BA, 0x9492, 0x52AA, 0x632D, 0xB800, 0xB800, 0xB800, 0xB800, 0xB800, 0xB800, 0xB800, 0xB800,
  0xB800, 0xB800, 0xB800, 0xB800, 0xB800, 0xB800, 0xB800, 0xB800, 0xB800, 0xB800, 0xB800, 0xB800,
  0xB800, 0xB800, 0xB800, 0xB800, 0xB800, 0xB800, 0xB800, 0xB800, 0xB800, 0xB800, 0xB800, 0xB800,
  0xB800, 0xB800, 0xB800, 0xB800, 0xB800, 0xB800, 0xB800, 0xB800, 0xB800, 0xB800, 0xB800, 0xB800,
  0xB800, 0xB800, 0xB800, 0xB800, 0xB800, 0xB800, 0xB800, 0xB800, 0xB800, 0xB800, 0xB800, 0xB800,
  0xB800, 0xB800, 0xB800, 0xB800, 0xB800, 0xB800, 0xB800, 0xB800, 0xB800, 0xB800, 0xB800, 0xB800,
  0xB800, 0xB800, 0xB800, 0xB800, 0xB800, 0xB800, 0xB800, 0xB800, 0xB800, 0xB800, 0xB800, 0xB800,
  0xB800, 0xB800, 0xB800, 0xB800, 0xC000, 0x7821, 0x0000, 0x0000, 0x7BEF, 0xDEFB, 0xCE79, 0xD69A,
  0xD69A, 0xD69A, 0xD69A, 0xD69A, 0xD69A, 0xD69A, 0xD69A, 0xD69A, 0xD69A, 0xD69A, 0xD69A, 0xD69A,
  0xD69A, 0xD69A, 0xD69A, 0xD69A, 0xD69A, 0xD69A, 0xD69A, 0xD69A, 0xD69A, 0xD69A, 0xD69A, 0xD69A,
  0xD69A, 0xD69A, 0xD69A, 0xD69A, 0xD69A, 0xD69A, 0xD69A, 0xD69A, 0xD69A, 0xD69A, 0xD69A, 0xD69A,
  0xD69A, 0xD69A, 0xD69A, 0xD69A, 0xD69A, 0xD699, 0xCE99, 0xDE59, 0xB904, 0xB800, 0xB800, 0xB800,
  0xB800, 0xB800, 0xB800, 0xB800, 0xB800, 0xB800, 0xB800, 0xB800, 0xB800, 0xB800, 0xB800, 0xB800,
  0xC000, 0x9841, 0x1000, 0x0000, 0x0000, 0x0000, 0x0000, 0x0000, 0x0000, 0x0000, 0x0000, 0x0000,
  0x0000, 0x0000, 0x0000, 0x0000, 0x0000, 0x0000, 0x0000, 0x0000, 0x0000, 0x0000, 0x0000, 0x0000,
  0x0000, 0x0000, 0x0000, 0x0020, 0x0000, 0x0000, 0x0000, 0x0000, 0x2965, 0x7BEF, 0xBDD7, 0xD6BA,
  0xDEFB, 0xDEFB, 0xD69A, 0xCE59, 0xDEDB, 0x8430, 0x0000, 0xB5B6, 0xD6BA, 0xCE79, 0xCE79, 0xCE79,
  0xD69A, 0xC618, 0x0861, 0x0000, 0x0000, 0x0000, 0x0000, 0xAD55, 0xE73C, 0x528A, 0x0841, 0xCE59,
  0xD69A, 0xDEDB, 0x31A6, 0x0000, 0xA534, 0x94B3, 0x5ACB, 0x5AEB, 0x6B6E, 0xC638, 0xD6BB, 0x738E,
  0x630C, 0xC618, 0xA514, 0xDEFB, 0xA514, 0x0000, 0x0000, 0x18C3, 0xCE79, 0xA534, 0x630C, 0x5ACB,
  0x5ACB, 0x5AEC, 0x630C, 0x5ACB, 0xAD75, 0xD6BA, 0xD6BA, 0x8C71, 0x5ACB, 0xC618, 0xDEDB, 0x8C51,
  0x5ACB, 0x5AEC, 0xB5B7, 0xD69A, 0xD6BA, 0x8C51, 0x5ACB, 0x632D, 0xB800, 0xB800, 0xB800, 0xB800,
  0xB800, 0xB800, 0xB800, 0xB800, 0xB800, 0xB800, 0xB800, 0xB800, 0xB800, 0xB800, 0xB800, 0xB800,
  0xB800, 0xB800, 0xB800, 0xB800, 0xB800, 0xB800, 0xB800, 0xB800, 0xB800, 0xB800, 0xB800, 0xB800,
  0xB800, 0xB800, 0xB800, 0xB800, 0xB800, 0xB800, 0xB800, 0xB800, 0xB800, 0xB800, 0xB800, 0xB800,
  0xB800, 0xB800, 0xB800, 0xB800, 0xB800, 0xB800, 0xB800, 0xB800, 0xB800, 0xB800, 0xB800, 0xB800,
  0xB800, 0xB800, 0xB800, 0xB800, 0xB800, 0xB800, 0xB800, 0xB800, 0xB800, 0xB800, 0xB800, 0xB800,
  0xB800, 0xB800, 0xB800, 0xB800, 0xB800, 0xB800, 0xB800, 0xB800, 0xB800, 0xB800, 0xB800, 0xB800,
  0xB800, 0xB800, 0xB800, 0xB800, 0xB800, 0xB800, 0xB800, 0xB800, 0xB820, 0x5021, 0x0000, 0x0000,
  0x9CF3, 0xDEDB, 0xCE79, 0xD69A, 0xD69A, 0xD69A, 0xD69A, 0xD69A, 0xD69A, 0xD69A, 0xD69A, 0xD69A,
  0xD69A, 0xD69A, 0xD69A, 0xD69A, 0xD69A, 0xD69A, 0xD69A, 0xD69A, 0xD69A, 0xD69A, 0xD69A, 0xD69A,
  0xD69A, 0xD69A, 0xD69A, 0xD69A, 0xD69A, 0xD69A, 0xD69A, 0xD69A, 0xD69A, 0xD69A, 0xD69A, 0xD69A,
  0xD69A, 0xD69A, 0xD69A, 0xD69A, 0xD69A, 0xD69A, 0xD69A, 0xD69A, 0xD69A, 0xD679, 0xD6BA, 0xD575,
  0xB020, 0xB800, 0xB800, 0xB800, 0xB800, 0xB800, 0xB800, 0xB800, 0xB800, 0xB800, 0xB800, 0xB800,
  0xB800, 0xB800, 0xB800, 0xB800, 0xB800, 0xB820, 0x3820, 0x0000, 0x0000, 0x0000, 0x0000, 0x0000,
  0x0000, 0x0000, 0x0000, 0x0000, 0x0000, 0x0000, 0x0000, 0x0000, 0x0000, 0x0000, 0x0000, 0x0000,
  0x0000, 0x0000, 0x0000, 0x0000, 0x0000, 0x0000, 0x0000, 0x0000, 0x0000, 0x0000, 0x0000, 0x0000,
  0x0000, 0x0000, 0x0841, 0x3186, 0x5ACB, 0x8C71, 0xBDF7, 0xDEFB, 0xDEFB, 0xB596, 0x10A2, 0xBDD7,
  0xD6BA, 0xCE79, 0xCE79, 0xCE79, 0xD6BA, 0xB596, 0x0000, 0x0000, 0x0000, 0x0020, 0x0000, 0x7BCF,
  0xEF5D, 0x94B2, 0x8410, 0xDEDB, 0xDEDB, 0x8C71, 0x0000, 0x0000, 0x2104, 0xDEDB, 0x94B2, 0x5ACB,
  0x5AEC, 0x6B6D, 0xCE59, 0x7BEF, 0x62EC, 0xC618, 0x8C51, 0xD6BA, 0xBDD7, 0x0841, 0x0000, 0x0020,
  0xC618, 0x9CF3, 0x4A6A, 0x632D, 0x630C, 0x630C, 0x630C, 0x5AEC, 0x6B2D, 0xCE59, 0xD6BA, 0xCE59,
  0x7BCF, 0xC638, 0xD6BB, 0x7BF0, 0x5ACB, 0x632C, 0xC618, 0xD69A, 0xD69A, 0x7BEF, 0x5AEB, 0x5AEC,
  0xB800, 0xB800, 0xB800, 0xB800, 0xB800, 0xB800, 0xB800, 0xB800, 0xB800, 0xB800, 0xB800, 0xB800,
  0xB800, 0xB800, 0xB800, 0xB800, 0xB800, 0xB800, 0xB800, 0xB800, 0xB800, 0xB800, 0xB800, 0xB800,
  0xB800, 0xB800, 0xB800, 0xB800, 0xB800, 0xB800, 0xB800, 0xB800, 0xB800, 0xB800, 0xB800, 0xB800,
  0xB800, 0xB800, 0xB800, 0xB800, 0xB800, 0xB800, 0xB800, 0xB800, 0xB800, 0xB800, 0xB800, 0xB800,
  0xB800, 0xB800, 0xB800, 0xB800, 0xB800, 0xB800, 0xB800, 0xB800, 0xB800, 0xB800, 0xB800, 0xB800,
  0xB800, 0xB800, 0xB800, 0xB800, 0xB800, 0xB800, 0xB800, 0xB800, 0xB800, 0xB800, 0xB800, 0xB800,
  0xB800, 0xB800, 0xB800, 0xB800, 0xB800, 0xB800, 0xB800, 0xB800, 0xB800, 0xB800, 0xB800, 0xB800,
  0xB021, 0x2820, 0x0000, 0x0841, 0xBDF7, 0xD6BA, 0xCE79, 0xCE79, 0xD69A, 0xD69A, 0xD69A, 0xD69A,
  0xD69A, 0xD69A, 0xD69A, 0xD69A, 0xD69A, 0xD69A, 0xD69A, 0xD69A, 0xD69A, 0xD69A, 0xD69A, 0xD69A,
  0xD69A, 0xD69A, 0xD69A, 0xD69A, 0xD69A, 0xD69A, 0xD69A, 0xD69A, 0xD69A, 0xD69A, 0xD69A, 0xD69A,
  0xD69A, 0xD69A, 0xD69A, 0xD69A, 0xD69A, 0xD69A, 0xD69A, 0xD69A, 0xD69A, 0xD69A, 0xD69A, 0xD69A,
  0xD69A, 0xCE79, 0xDEDB, 0xCC10, 0xB000, 0xB820, 0xB800, 0xB800, 0xB800, 0xB800, 0xB800, 0xB800,
  0xB800, 0xB800, 0xB800, 0xB800, 0xB800, 0xB800, 0xB800, 0xB800, 0xB800, 0xC000, 0x6841, 0x0000,
  0x0000, 0x0000, 0x0000, 0x0000, 0x0000, 0x0000, 0x10A2, 0x0841, 0x0000, 0x0020, 0x0000, 0x0000,
  0x0000, 0x0000, 0x0000, 0x0000, 0x0000, 0x0000, 0x0000, 0x0000, 0x0000, 0x0000, 0x0000, 0x0000,
  0x0000, 0x0000, 0x0000, 0x0000, 0x0000, 0x0000, 0x0000, 0x0000, 0x0000, 0x0000, 0x0861, 0x52AA,
  0xBDF7, 0xD6BA, 0x31A6, 0xBDF7, 0xD69A, 0xCE79, 0xCE79, 0xCE79, 0xDEDB, 0x9CD3, 0x0000, 0x0000,
  0x0000, 0x0020, 0x0000, 0x4A69, 0xDEFB, 0xCE59, 0xD69A, 0xD69A, 0xCE59, 0x18E3, 0x0000, 0x0000,
  0x8430, 0xD6BA, 0xBDD7, 0x9CD3, 0x5AAB, 0x5AEB, 0x738E, 0x738E, 0x630C, 0xC618, 0x7BCF, 0xCE79,
  0xCE79, 0x18E3, 0x0000, 0x0000, 0x9492, 0xDEDB, 0x73AE, 0x52AB, 0x5ACB, 0x630C, 0x5AEC, 0x630C,
  0x5ACB, 0x8431, 0xD6BB, 0xD69A, 0xC618, 0xCE59, 0xD69A, 0x738E, 0x5ACB, 0x6B6D, 0xCE59, 0xD69A,
  0xCE7A, 0x73AE, 0x5ACB, 0x73AE, 0xB800, 0xB800, 0xB800, 0xB800, 0xB800, 0xB800, 0xB800, 0xB800,
  0xB800, 0xB800, 0xB800, 0xB800, 0xB800, 0xB800, 0xB800, 0xB800, 0xB800, 0xB800, 0xB800, 0xB800,
  0xB800, 0xB800, 0xB800, 0xB800, 0xB800, 0xB800, 0xB800, 0xB800, 0xB800, 0xB800, 0xB800, 0xB800,
  0xB800, 0xB800, 0xB800, 0xB800, 0xB800, 0xB800, 0xB800, 0xB800, 0xB800, 0xB800, 0xB800, 0xB800,
  0xB800, 0xB800, 0xB800, 0xB800, 0xB800, 0xB800, 0xB800, 0xB800, 0xB800, 0xB800, 0xB800, 0xB800,
  0xB800, 0xB800, 0xB800, 0xB800, 0xB800, 0xB800, 0xB800, 0xB800, 0xB800, 0xB800, 0xB800, 0xB800,
  0xB800, 0xB800, 0xB800, 0xB800, 0xB800, 0xB800, 0xB800, 0xB800, 0xB800, 0xB800, 0xB800, 0xB800,
  0xB800, 0xB800, 0xB000, 0xB800, 0x9821, 0x0800, 0x0000, 0x2104, 0xCE79, 0xD69A, 0xCE79, 0xD69A,
  0xD69A, 0xD69A, 0xD69A, 0xD69A, 0xD69A, 0xD69A, 0xD69A, 0xD69A, 0xD69A, 0xD69A, 0xD69A, 0xD69A,
  0xD69A, 0xD69A, 0xD69A, 0xD69A, 0xD69A, 0xD69A, 0xD69A, 0xD69A, 0xD69A, 0xD69A, 0xD69A, 0xD69A,
  0xD69A, 0xD69A, 0xD69A, 0xD69A, 0xD69A, 0xD69A, 0xD69A, 0xD69A, 0xD69A, 0xD69A, 0xD69A, 0xD69A,
  0xD69A, 0xD69A, 0xD69A, 0xD69A, 0xD69A, 0xCE79, 0xDEDB, 0xC28A, 0xB000, 0xB820, 0xB800, 0xB800,
  0xB800, 0xB800, 0xB800, 0xB800, 0xB800, 0xB800, 0xB800, 0xB800, 0xB800, 0xB800, 0xB800, 0xB800,
  0xB800, 0xB800, 0x9841, 0x1020, 0x0000, 0x0000, 0x0000, 0x0000, 0x0000, 0x0000, 0x10A2, 0x738E,
  0x18E3, 0x0000, 0x0000, 0x0000, 0x0000, 0x0000, 0x0000, 0x0000, 0x0000, 0x0000, 0x0000, 0x0000,
  0x0000, 0x0000, 0x0000, 0x0000, 0x0000, 0x0000, 0x0000, 0x0000, 0x0000, 0x0000, 0x0000, 0x0000,
  0x0000, 0x0000, 0x0000, 0x0000, 0x1082, 0x9492, 0x738E, 0xD69A, 0xCE59, 0xCE79, 0xCE79, 0xCE79,
  0xDEDB, 0x8430, 0x0000, 0x0000, 0x0000, 0x0000, 0x0000, 0x2945, 0xD69A, 0xCE79, 0xCE59, 0xDEFB,
  0x6B6D, 0x0000, 0x0000, 0x2965, 0xD69A, 0xD6BA, 0x4208, 0x9492, 0xA514, 0x52AA, 0x5AEC, 0x5AEC,
  0x630C, 0xC638, 0x630C, 0xBDF7, 0xDEDB, 0x31A6, 0x0000, 0x0000, 0x0020, 0x630C, 0xC618, 0xAD55,
  0x9CD3, 0xBDD7, 0x7BCF, 0x5ACB, 0x630C, 0x52AB, 0xAD55, 0xD6BB, 0xCE7A, 0xD69A, 0xCE59, 0x6B4D,
  0x5ACB, 0x73AE, 0xD69A, 0xD69A, 0xCE59, 0x6B4D, 0x5AAB, 0x8C71, 0xB800, 0xB800, 0xB800, 0xB800,
  0xB800, 0xB800, 0xB800, 0xB800, 0xB800, 0xB800, 0xB800, 0xB800, 0xB800, 0xB800, 0xB800, 0xB800,
  0xB800, 0xB800, 0xB800, 0xB800, 0xB800, 0xB800, 0xB800, 0xB800, 0xB800, 0xB800, 0xB800, 0xB800,
  0xB800, 0xB800, 0xB800, 0xB800, 0xB800, 0xB800, 0xB800, 0xB800, 0xB800, 0xB800, 0xB800, 0xB800,
  0xB800, 0xB800, 0xB800, 0xB800, 0xB800, 0xB800, 0xB800, 0xB800, 0xB800, 0xB800, 0xB800, 0xB800,
  0xB800, 0xB800, 0xB800, 0xB800, 0xB800, 0xB800, 0xB800, 0xB800, 0xB800, 0xB800, 0xB800, 0xB800,
  0xB800, 0xB800, 0xB800, 0xB800, 0xB800, 0xB800, 0xB800, 0xB800, 0xB800, 0xB800, 0xB800, 0xB800,
  0xB800, 0xB800, 0xB800, 0xB800, 0xB800, 0xB800, 0xB000, 0xB800, 0x6840, 0x0000, 0x0000, 0x39E7,
  0xDEDB, 0xCE79, 0xD69A, 0xD69A, 0xD69A, 0xD69A, 0xD69A, 0xD69A, 0xD69A, 0xD69A, 0xD69A, 0xD69A,
  0xD69A, 0xD69A, 0xD69A, 0xD69A, 0xD69A, 0xD69A, 0xD69A, 0xD69A, 0xD69A, 0xD69A, 0xD69A, 0xD69A,
  0xD69A, 0xD69A, 0xD69A, 0xD69A, 0xD69A, 0xD69A, 0xD69A, 0xD69A, 0xD69A, 0xD69A, 0xD69A, 0xD69A,
  0xD69A, 0xD69A, 0xD69A, 0xD69A, 0xD69A, 0xD69A, 0xD69A, 0xD69A, 0xD67A, 0xCE9A, 0xDE59, 0xB125,
  0xB800, 0xB800, 0xB800, 0xB800, 0xB800, 0xB800, 0xB800, 0xB800, 0xB800, 0xB800, 0xB800, 0xB800,
  0xB800, 0xB800, 0xB800, 0xB800, 0xB800, 0xB800, 0xB820, 0x4020, 0x0000, 0x0000, 0x0000, 0x0000,
  0x0000, 0x0000, 0x0000, 0x10A2, 0x738E, 0x528A, 0x0000, 0x0000, 0x0000, 0x0000, 0x0000, 0x0020,
  0x0000, 0x0000, 0x0000, 0x0000, 0x0000, 0x0000, 0x0000, 0x0000, 0x0000, 0x0000, 0x0000, 0x0000,
  0x0000, 0x0000, 0x0000, 0x0000, 0x0000, 0x0000, 0x0000, 0x0020, 0x0000, 0x0000, 0x31A6, 0xBDF7,
  0xDEFB, 0xD69A, 0xCE79, 0xCE59, 0xDEFB, 0x738E, 0x0000, 0x0000, 0x0000, 0x0000, 0x0000, 0x0861,
  0xBDF7, 0xD69A, 0xD6BA, 0xBDD7, 0x0841, 0x0000, 0x0000, 0x9CF3, 0xD6BA, 0xDEFB, 0x52AA, 0x0000,
  0x9CF4, 0x9CF3, 0x52AB, 0x630C, 0x630C, 0xCE59, 0x528A, 0xAD55, 0xE73C, 0x528A, 0x0000, 0x0020,
  0x0000, 0x0000, 0x1082, 0x8410, 0xDEDB, 0xE71C, 0xBDF8, 0x5AEC, 0x5AEC, 0x5AEC, 0x6B2D, 0xC639,
  0xD69A, 0xD69A, 0xC618, 0x632C, 0x5ACB, 0x8410, 0xD69A, 0xD69A, 0xBE18, 0x632C, 0x5ACB, 0x9492,
  0xB800, 0xB800, 0xB800, 0xB800, 0xB800, 0xB800, 0xB800, 0xB800, 0xB800, 0xB800, 0xB800, 0xB800,
  0xB800, 0xB800, 0xB800, 0xB800, 0xB800, 0xB800, 0xB800, 0xB800, 0xB800, 0xB800, 0xB800, 0xB800,
  0xB800, 0xB800, 0xB800, 0xB800, 0xB800, 0xB800, 0xB800, 0xB800, 0xB800, 0xB800, 0xB800, 0xB800,
  0xB800, 0xB800, 0xB800, 0xB800, 0xB800, 0xB800, 0xB800, 0xB800, 0xB800, 0xB800, 0xB800, 0xB800,
  0xB800, 0xB800, 0xB800, 0xB800, 0xB800, 0xB800, 0xB800, 0xB800, 0xB800, 0xB800, 0xB800, 0xB800,
  0xB800, 0xB800, 0xB800, 0xB800, 0xB800, 0xB800, 0xB800, 0xB800, 0xB800, 0xB800, 0xB800, 0xB800,
  0xB800, 0xB800, 0xB800, 0xB800, 0xB800, 0xB800, 0xB800, 0xB800, 0xB800, 0xB800, 0xB800, 0xB800,
  0x4820, 0x0000, 0x0000, 0x5AEB, 0xDEFB, 0xCE79, 0xD69A, 0xD69A, 0xD69A, 0xD69A, 0xD69A, 0xD69A,
  0xD69A, 0xD69A, 0xD69A, 0xD69A, 0xD69A, 0xD69A, 0xD69A, 0xD69A, 0xD69A, 0xD69A, 0xD69A, 0xD69A,
  0xD69A, 0xD69A, 0xD69A, 0xD69A, 0xD69A, 0xD69A, 0xD69A, 0xD69A, 0xD69A, 0xD69A, 0xD69A, 0xD69A,
  0xD69A, 0xD69A, 0xD69A, 0xD69A, 0xD69A, 0xD69A, 0xD69A, 0xD69A, 0xD69A, 0xD69A, 0xD69A, 0xD69A,
  0xD679, 0xD6BA, 0xD575, 0xB021, 0xB800, 0xB800, 0xB800, 0xB800, 0xB800, 0xB800, 0xB800, 0xB800,
  0xB800, 0xB800, 0xB800, 0xB800, 0xB800, 0xB800, 0xB800, 0xB800, 0xB800, 0xB800, 0xC000, 0x7820,
  0x0000, 0x0000, 0x0000, 0x0000, 0x0000, 0x0000, 0x0000, 0x0000, 0x0000, 0x52AA, 0x8410, 0x31A6,
  0x18C3, 0x0841, 0x0000, 0x0000, 0x0000, 0x0000, 0x0000, 0x0000, 0x0000, 0x0000, 0x0000, 0x0000,
  0x0000, 0x0000, 0x0000, 0x0000, 0x0000, 0x0000, 0x0000, 0x0000, 0x0000, 0x0000, 0x0000, 0x0000,
  0x0000, 0x0000, 0x0000, 0x0861, 0x7BEF, 0xCE79, 0xDEDB, 0xDEFB, 0xDEFB, 0x3186, 0x0000, 0x0000,
  0x0000, 0x0000, 0x0000, 0x0000, 0xA534, 0xD6BA, 0xDEDB, 0x4228, 0x0000, 0x0000, 0x4A49, 0xDEDB,
  0xCE59, 0xDEDB, 0x7BCF, 0x0000, 0x0000, 0xAD75, 0x9CD3, 0x5ACB, 0x630C, 0xCE59, 0x4228, 0x9492,
  0xEF5D, 0x6B4D, 0x0000, 0x0020, 0x0000, 0x0020, 0x0000, 0x0000, 0x2125, 0x94B2, 0xE71C, 0xAD55,
  0x52AB, 0x5AEB, 0x5ACB, 0x8431, 0xD6BA, 0xD69A, 0xB5B7, 0x5AEC, 0x5ACB, 0x8C51, 0xD6BA, 0xD69A,
  0xB5B6, 0x630C, 0x5ACB, 0xA514, 0xB800, 0xB800, 0xB800, 0xB800, 0xB800, 0xB800, 0xB800, 0xB800,
  0xB800, 0xB800, 0xB800, 0xB800, 0xB800, 0xB800, 0xB800, 0xB800, 0xB800, 0xB800, 0xB800, 0xB800,
  0xB800, 0xB800, 0xB800, 0xB800, 0xB800, 0xB800, 0xB800, 0xB800, 0xB800, 0xB800, 0xB800, 0xB800,
  0xB800, 0xB800, 0xB800, 0xB800, 0xB800, 0xB800, 0xB800, 0xB800, 0xB800, 0xB800, 0xB800, 0xB800,
  0xB800, 0xB800, 0xB800, 0xB800, 0xB800, 0xB800, 0xB800, 0xB800, 0xB800, 0xB800, 0xB800, 0xB800,
  0xB800, 0xB800, 0xB800, 0xB800, 0xB800, 0xB800, 0xB800, 0xB800, 0xB800, 0xB800, 0xB800, 0xB800,
  0xB800, 0xB800, 0xB800, 0xB800, 0xB800, 0xB800, 0xB800, 0xB800, 0xB800, 0xB800, 0xB800, 0xB800,
  0xB800, 0xB800, 0xB800, 0xB820, 0x4021, 0x0000, 0x0000, 0x7BCF, 0xDEFB, 0xCE79, 0xD69A, 0xD69A,
  0xD69A, 0xD69A, 0xD69A, 0xD69A, 0xD69A, 0xD69A, 0xD69A, 0xD69A, 0xD69A, 0xD69A, 0xD69A, 0xD69A,
  0xD69A, 0xD69A, 0xD69A, 0xD69A, 0xD69A, 0xD69A, 0xD69A, 0xD69A, 0xD69A, 0xD69A, 0xD69A, 0xD69A,
  0xD69A, 0xD69A, 0xD69A, 0xD69A, 0xD69A, 0xD69A, 0xD69A, 0xD69A, 0xD69A, 0xD69A, 0xD69A, 0xD69A,
  0xD69A, 0xD69A, 0xD69A, 0xD699, 0xD679, 0xD6FB, 0xCC50, 0xB000, 0xB800, 0xB800, 0xB800, 0xB800,
  0xB800, 0xB800, 0xB800, 0xB800, 0xB800, 0xB800, 0xB800, 0xB800, 0xB800, 0xB800, 0xB800, 0xB800,
  0xB800, 0xB800, 0xB800, 0xA820, 0x1800, 0x0000, 0x0000, 0x0000, 0x0000, 0x0000, 0x0000, 0x0000,
  0x0000, 0x0000, 0x2124, 0x9CF3, 0xD6BA, 0xBDD7, 0x9CF3, 0x7BCF, 0x39C7, 0x0000, 0x0000, 0x0000,
  0x0000, 0x0000, 0x0000, 0x0000, 0x0000, 0x0000, 0x0000, 0x0000, 0x0000, 0x0000, 0x0000, 0x0000,
  0x0000, 0x0000, 0x0000, 0x0000, 0x0000, 0x0000, 0x0000, 0x0000, 0x0000, 0x10A2, 0x39C7, 0x6B4D,
  0x632C, 0x0000, 0x0000, 0x0000, 0x0000, 0x0000, 0x0020, 0x0000, 0x9492, 0xDEFB, 0xD6BA, 0x738E,
  0x0000, 0x0000, 0xB5B6, 0xD6BA, 0xCE59, 0xDEDB, 0x9492, 0x0000, 0x0000, 0x738E, 0xE73C, 0x8C72,
  0x52AA, 0xCE59, 0x4228, 0x7BCF, 0xE73C, 0xB5B6, 0x39C7, 0x0000, 0x0000, 0x0020, 0x0000, 0x0000,
  0x0000, 0x0000, 0x4208, 0xB5B6, 0xC639, 0x8410, 0x52AA, 0x528A, 0xAD35, 0xDEFB, 0xAD55, 0x5AEB,
  0x5ACB, 0x9CB3, 0xD6BA, 0xD69A, 0xAD75, 0x5AEB, 0x5AEC, 0xAD76, 0xB800, 0xB800, 0xB800, 0xB800,
  0xB800, 0xB800, 0xB800, 0xB800, 0xB800, 0xB800, 0xB800, 0xB800, 0xB800, 0xB800, 0xB800, 0xB800,
  0xB800, 0xB800, 0xB800, 0xB800, 0xB800, 0xB800, 0xB800, 0xB800, 0xB800, 0xB800, 0xB800, 0xB800,
  0xB800, 0xB800, 0xB800, 0xB800, 0xB800, 0xB800, 0xB800, 0xB800, 0xB800, 0xB800, 0xB800, 0xB800,
  0xB800, 0xB800, 0xB800, 0xB800, 0xB800, 0xB800, 0xB800, 0xB800, 0xB800, 0xB800, 0xB800, 0xB800,
  0xB800, 0xB800, 0xB800, 0xB800, 0xB800, 0xB800, 0xB800, 0xB800, 0xB800, 0xB800, 0xB800, 0xB800,
  0xB800, 0xB800, 0xB800, 0xB800, 0xB800, 0xB800, 0xB800, 0xB800, 0xB800, 0xB800, 0xB800, 0xB800,
  0xB800, 0xB800, 0xB800, 0xB800, 0xB800, 0xB800, 0xB800, 0xB021, 0x3000, 0x0000, 0x0000, 0x9492,
  0xDEFB, 0xCE79, 0xD69A, 0xD69A, 0xD69A, 0xD69A, 0xD69A, 0xD69A, 0xD69A, 0xD69A, 0xD69A, 0xD69A,
  0xD69A, 0xD69A, 0xD69A, 0xD69A, 0xD69A, 0xD69A, 0xD69A, 0xD69A, 0xD69A, 0xD69A, 0xD69A, 0xD69A,
  0xD69A, 0xD69A, 0xD69A, 0xD69A, 0xD69A, 0xD69A, 0xD69A, 0xD69A, 0xD69A, 0xD69A, 0xD69A, 0xD69A,
  0xD69A, 0xD69A, 0xD69A, 0xD69A, 0xD69A, 0xD69A, 0xD69A, 0xD69A, 0xD679, 0xD6FB, 0xC2AA, 0xB000,
  0xB800, 0xB800, 0xB800, 0xB800, 0xB800, 0xB800, 0xB800, 0xB800, 0xB800, 0xB800, 0xB800, 0xB800,
  0xB800, 0xB800, 0xB800, 0xB800, 0xB800, 0xB800, 0xB800, 0xC020, 0x4821, 0x0000, 0x0000, 0x0000,
  0x0000, 0x0000, 0x0000, 0x0000, 0x0000, 0x0020, 0x0000, 0x0000, 0x632C, 0xDEDB, 0xE71C, 0xDEDB,
  0xD6BA, 0xAD55, 0x5ACB, 0x0861, 0x0000, 0x0000, 0x0000, 0x0000, 0x0000, 0x0000, 0x0000, 0x0000,
  0x0000, 0x0000, 0x0000, 0x0000, 0x0000, 0x0000, 0x0000, 0x0000, 0x0000, 0x0000, 0x0000, 0x0000,
  0x0000, 0x0000, 0x0000, 0x0000, 0x0000, 0x0000, 0x0000, 0x0000, 0x0000, 0x0000, 0x0000, 0x0000,
  0x3186, 0xCE79, 0xD69A, 0xDEDB, 0x94B2, 0x7BCF, 0xDEDB, 0xCE79, 0xCE79, 0xD6BA, 0xAD75, 0x0000,
  0x0000, 0x52AA, 0xDEFB, 0xD6BA, 0x9492, 0xC638, 0x4A49, 0x5AEB, 0xDEFB, 0xCE79, 0xDEDB, 0x8C71,
  0x18E3, 0x0000, 0x0000, 0x0000, 0x0000, 0x0000, 0x0000, 0x0000, 0x630C, 0xC638, 0xBDF7, 0x738E,
  0x5ACB, 0xCE59, 0xA534, 0x5ACB, 0x5ACB, 0xA535, 0xD6BA, 0xD6BA, 0xA514, 0x5ACB, 0x630C, 0xB5B7,
  0xB800, 0xB800, 0xB800, 0xB800, 0xB800, 0xB800, 0xB800, 0xB800, 0xB800, 0xB800, 0xB800, 0xB800,
  0xB800, 0xB800, 0xB800, 0xB800, 0xB800, 0xB800, 0xB800, 0xB800, 0xB800, 0xB800, 0xB800, 0xB800,
  0xB800, 0xB800, 0xB800, 0xB800, 0xB800, 0xB800, 0xB800, 0xB800, 0xB800, 0xB800, 0xB800, 0xB800,
  0xB800, 0xB800, 0xB800, 0xB800, 0xB800, 0xB800, 0xB800, 0xB800, 0xB800, 0xB800, 0xB800, 0xB800,
  0xB800, 0xB800, 0xB800, 0xB800, 0xB800, 0xB800, 0xB800, 0xB800, 0xB800, 0xB800, 0xB800, 0xB800,
  0xB800, 0xB800, 0xB800, 0xB800, 0xB800, 0xB800, 0xB800, 0xB800, 0xB800, 0xB800, 0xB800, 0xB800,
  0xB800, 0xB800, 0xB800, 0xB800, 0xB800, 0xB800, 0xB800, 0xB800, 0xB800, 0xB800, 0xB800, 0xB020,
  0x2820, 0x0000, 0x0000, 0xAD35, 0xDEDB, 0xCE79, 0xD69A, 0xD69A, 0xD69A, 0xD69A, 0xD69A, 0xD69A,
  0xD69A, 0xD69A, 0xD69A, 0xD69A, 0xD69A, 0xD69A, 0xD69A, 0xD69A, 0xD69A, 0xD69A, 0xD69A, 0xD69A,
  0xD69A, 0xD69A, 0xD69A, 0xD69A, 0xD69A, 0xD69A, 0xD69A, 0xD69A, 0xD69A, 0xD69A, 0xD69A, 0xD69A,
  0xD69A, 0xD69A, 0xD69A, 0xD69A, 0xD69A, 0xD69A, 0xD69A, 0xD69A, 0xD69A, 0xD69A, 0xD69A, 0xD69A,
  0xD67A, 0xD699, 0xB945, 0xB800, 0xB800, 0xB800, 0xB800, 0xB800, 0xB800, 0xB800, 0xB800, 0xB800,
  0xB800, 0xB800, 0xB800, 0xB800, 0xB800, 0xB800, 0xB800, 0xB800, 0xB800, 0xB800, 0xB800, 0xC000,
  0x8021, 0x0000, 0x0000, 0x0000, 0x0000, 0x0000, 0x0000, 0x0000, 0x0000, 0x0000, 0x0000, 0x0000,
  0x0000, 0x3186, 0xB5B6, 0xDEFB, 0xD69A, 0xD6BA, 0xDEDB, 0xBDF7, 0x738E, 0x2104, 0x0000, 0x0000,
  0x0000, 0x0000, 0x0000, 0x0000, 0x0000, 0x0000, 0x0000, 0x0000, 0x0000, 0x0000, 0x0000, 0x0000,
  0x0000, 0x0000, 0x0000, 0x0000, 0x0000, 0x0000, 0x0000, 0x0000, 0x0000, 0x0000, 0x0000, 0x0000,
  0x0000, 0x0000, 0x0000, 0x0020, 0x0000, 0x4228, 0xDEDB, 0xCE59, 0xDEDB, 0xDEDB, 0xCE79, 0xD69A,
  0xCE79, 0xD6BA, 0xBDF7, 0x0861, 0x0000, 0x39E7, 0xDEDB, 0xCE79, 0xCE79, 0xE71C, 0x4A49, 0x31A6,
  0xE73C, 0xD6BA, 0xCE59, 0xDEFB, 0xCE59, 0x6B4D, 0x0020, 0x0000, 0x0000, 0x0000, 0x0000, 0x0000,
  0x0000, 0x10A2, 0x8410, 0xD6BA, 0xA534, 0x8C71, 0x8C71, 0x52AB, 0x5AEC, 0xB596, 0xD69A, 0xD6BA,
  0x94B3, 0x52AB, 0x632D, 0xBDF8, 0xB800, 0xB800, 0xB800, 0xB800, 0xB800, 0xB800, 0xB800, 0xB800,
  0xB800, 0xB800, 0xB800, 0xB800, 0xB800, 0xB800, 0xB800, 0xB800, 0xB800, 0xB800, 0xB800, 0xB800,
  0xB800, 0xB800, 0xB800, 0xB800, 0xB800, 0xB800, 0xB800, 0xB800, 0xB800, 0xB800, 0xB800, 0xB800,
  0xB800, 0xB800, 0xB800, 0xB800, 0xB800, 0xB800, 0xB800, 0xB800, 0xB800, 0xB800, 0xB800, 0xB800,
  0xB800, 0xB800, 0xB800, 0xB800, 0xB800, 0xB800, 0xB800, 0xB800, 0xB800, 0xB800, 0xB800, 0xB800,
  0xB800, 0xB800, 0xB800, 0xB800, 0xB800, 0xB800, 0xB800, 0xB800, 0xB800, 0xB800, 0xB800, 0xB800,
  0xB800, 0xB800, 0xB800, 0xB800, 0xB800, 0xB800, 0xB800, 0xB800, 0xB800, 0xB800, 0xB800, 0xB800,
  0xB800, 0xB800, 0xB800, 0xA820, 0x2020, 0x0000, 0x0020, 0xB5B6, 0xD6BA, 0xCE79, 0xD69A, 0xD69A,
  0xD69A, 0xD69A, 0xD69A, 0xD69A, 0xD69A, 0xD69A, 0xD69A, 0xD69A, 0xD69A, 0xD69A, 0xD69A, 0xD69A,
  0xD69A, 0xD69A, 0xD69A, 0xD69A, 0xD69A, 0xD69A, 0xD69A, 0xD69A, 0xD69A, 0xD69A, 0xD69A, 0xD69A,
  0xD69A, 0xD69A, 0xD69A, 0xD69A, 0xD69A, 0xD69A, 0xD69A, 0xD69A, 0xD69A, 0xD69A, 0xD69A, 0xD69A,
  0xD69A, 0xD69A, 0xD699, 0xD67A, 0xD6BB, 0xD596, 0xB041, 0xB800, 0xB800, 0xB800, 0xB800, 0xB800,
  0xB800, 0xB800, 0xB800, 0xB800, 0xB800, 0xB800, 0xB800, 0xB800, 0xB800, 0xB800, 0xB800, 0xB800,
  0xB800, 0xB800, 0xB800, 0xB800, 0xA821, 0x2000, 0x0000, 0x0000, 0x0000, 0x0000, 0x0000, 0x0000,
  0x0000, 0x0000, 0x0000, 0x0000, 0x0020, 0x0000, 0x1082, 0x738E, 0xAD75, 0xD69A, 0xDEDB, 0xDEDB,
  0xDEFB, 0xCE59, 0x9492, 0x39C7, 0x18E3, 0x2124, 0x0000, 0x0000, 0x0000, 0x0000, 0x0000, 0x0000,
  0x0000, 0x0000, 0x0000, 0x0000, 0x0000, 0x0000, 0x0000, 0x0000, 0x0000, 0x0000, 0x0000, 0x0000,
  0x0000, 0x0000, 0x0000, 0x0000, 0x0000, 0x0000, 0x0000, 0x0000, 0x0020, 0x0000, 0x5ACB, 0xDEFB,
  0xCE59, 0xCE79, 0xD69A, 0xD69A, 0xD69A, 0xD69A, 0xCE79, 0x2104, 0x0000, 0x2124, 0xCE79, 0xD69A,
  0xC638, 0xB596, 0x630C, 0x0000, 0x4208, 0xB596, 0xE71C, 0xCE79, 0xCE79, 0xDEFB, 0xB5B6, 0x4228,
  0x0000, 0x0000, 0x0020, 0x0000, 0x0020, 0x0000, 0x0000, 0x2945, 0x9CF3, 0xD6BA, 0xA535, 0x5AEC,
  0x52AB, 0xBDD7, 0xD69A, 0xD6BA, 0x8C51, 0x5AAB, 0x6B6D, 0xC638, 0xB800, 0xB800, 0xB800, 0xB800,
  0xB800, 0xB800, 0xB800, 0xB800, 0xB800, 0xB800, 0xB800, 0xB800, 0xB800, 0xB800, 0xB800, 0xB800,
  0xB800, 0xB800, 0xB800, 0xB800, 0xB800, 0xB800, 0xB800, 0xB800, 0xB800, 0xB800, 0xB800, 0xB800,
  0xB800, 0xB800, 0xB800, 0xB800, 0xB800, 0xB800, 0xB800, 0xB800, 0xB800, 0xB800, 0xB800, 0xB800,
  0xB800, 0xB800, 0xB800, 0xB800, 0xB800, 0xB800, 0xB800, 0xB800, 0xB800, 0xB800, 0xB800, 0xB800,
  0xB800, 0xB800, 0xB800, 0xB800, 0xB800, 0xB800, 0xB800, 0xB800, 0xB800, 0xB800, 0xB800, 0xB800,
  0xB800, 0xB800, 0xB800, 0xB800, 0xB800, 0xB800, 0xB800, 0xB800, 0xB800, 0xB800, 0xB800, 0xB800,
  0xB800, 0xB800, 0xB800, 0xB800, 0xB800, 0xB800, 0xB800, 0xA021, 0x1820, 0x0000, 0x1061, 0xC618,
  0xD6BA, 0xCE79, 0xD69A, 0xD69A, 0xD69A, 0xD69A, 0xD69A, 0xD69A, 0xD69A, 0xD69A, 0xD69A, 0xD69A,
  0xD69A, 0xD69A, 0xD69A, 0xD69A, 0xD69A, 0xD69A, 0xD69A, 0xD69A, 0xD69A, 0xD69A, 0xD69A, 0xD69A,
  0xD69A, 0xD69A, 0xD69A, 0xD69A, 0xD69A, 0xD69A, 0xD69A, 0xD69A, 0xD69A, 0xD69A, 0xD69A, 0xD69A,
  0xD69A, 0xD69A, 0xD69A, 0xD69A, 0xD69A, 0xD69A, 0xD69A, 0xD679, 0xD6FB, 0xCC51, 0xB000, 0xB800,
  0xB800, 0xB800, 0xB800, 0xB800, 0xB800, 0xB800, 0xB800, 0xB800, 0xB800, 0xB800, 0xB800, 0xB800,
  0xB800, 0xB800, 0xB800, 0xB800, 0xB800, 0xB800, 0xB800, 0xB800, 0xB820, 0x7041, 0x0800, 0x0000,
  0x0000, 0x0000, 0x0000, 0x0000, 0x0000, 0x0000, 0x0000, 0x0000, 0x0000, 0x0020, 0x0000, 0x0000,
  0x0020, 0x3186, 0x73AE, 0xB596, 0xD6BA, 0xDEFB, 0xE71C, 0xD6BA, 0xA534, 0xAD55, 0x94B2, 0x31A6,
  0x0000, 0x0000, 0x0000, 0x0000, 0x0000, 0x0000, 0x0000, 0x0000, 0x0000, 0x0000, 0x0000, 0x0000,
  0x0000, 0x0000, 0x0000, 0x0000, 0x0000, 0x0000, 0x0000, 0x0000, 0x0000, 0x0000, 0x0000, 0x0000,
  0x0000, 0x0020, 0x0000, 0x6B6D, 0xDEFB, 0xCE79, 0xD69A, 0xD69A, 0xD69A, 0xCE79, 0xD6BA, 0x31A6,
  0x0000, 0x1082, 0xBDF7, 0xD69A, 0xD6BA, 0x4228, 0x18C3, 0x0000, 0x0000, 0x0020, 0x630C, 0xC638,
  0xDEDB, 0xCE59, 0xD6BA, 0xDEDB, 0x9CD3, 0x2945, 0x0000, 0x0000, 0x0020, 0x0000, 0x0020, 0x0000,
  0x0000, 0x4228, 0xB5B6, 0xD699, 0x9492, 0xBDF8, 0xD69A, 0xD6BA, 0x8410, 0x52AB, 0x73AF, 0xCE79,
  0xB800, 0xB800, 0xB800, 0xB800, 0xB800, 0xB800, 0xB800, 0xB800, 0xB800, 0xB800, 0xB800, 0xB800,
  0xB800, 0xB800, 0xB800, 0xB800, 0xB800, 0xB800, 0xB800, 0xB800, 0xB800, 0xB800, 0xB800, 0xB800,
  0xB800, 0xB800, 0xB800, 0xB800, 0xB800, 0xB800, 0xB800, 0xB800, 0xB800, 0xB800, 0xB800, 0xB800,
  0xB800, 0xB800, 0xB800, 0xB800, 0xB800, 0xB800, 0xB800, 0xB800, 0xB800, 0xB800, 0xB800, 0xB800,
  0xB800, 0xB800, 0xB800, 0xB800, 0xB800, 0xB800, 0xB800, 0xB800, 0xB800, 0xB800, 0xB800, 0xB800,
  0xB800, 0xB800, 0xB800, 0xB800, 0xB800, 0xB800, 0xB800, 0xB800, 0xB800, 0xB800, 0xB800, 0xB800,
  0xB800, 0xB800, 0xB800, 0xB800, 0xB800, 0xB800, 0xB800, 0xB800, 0xB800, 0xB800, 0xB800, 0xA021,
  0x1820, 0x0000, 0x18A2, 0xC638, 0xD69A, 0xCE79, 0xD69A, 0xD69A, 0xD69A, 0xD69A, 0xD69A, 0xD69A,
  0xD69A, 0xD69A, 0xD69A, 0xD69A, 0xD69A, 0xD69A, 0xD69A, 0xD69A, 0xD69A, 0xD69A, 0xD69A, 0xD69A,
  0xD69A, 0xD69A, 0xD69A, 0xD69A, 0xD69A, 0xD69A, 0xD69A, 0xD69A, 0xD69A, 0xD69A, 0xD69A, 0xD69A,
  0xD69A, 0xD69A, 0xD69A, 0xD69A, 0xD69A, 0xD69A, 0xD69A, 0xD69A, 0xD69A, 0xD69A, 0xD69A, 0xCE79,
  0xDEFB, 0xC2EB, 0xB000, 0xB800, 0xB800, 0xB800, 0xB800, 0xB800, 0xB800, 0xB800, 0xB800, 0xB800,
  0xB800, 0xB800, 0xB800, 0xB800, 0xB800, 0xB800, 0xB800, 0xB800, 0xB800, 0xB800, 0xB800, 0xB800,
  0xB800, 0xB020, 0x8841, 0x6841, 0x2820, 0x0000, 0x0000, 0x0000, 0x0000, 0x0000, 0x0000, 0x0000,
  0x0000, 0x0000, 0x0000, 0x0020, 0x0000, 0x0000, 0x0000, 0x0020, 0x31A6, 0x7BCF, 0xBDD7, 0xDEDB,
  0xE73C, 0xD6BA, 0xDEDB, 0xD69A, 0x9CF3, 0x39C7, 0x0000, 0x0000, 0x0000, 0x0000, 0x0000, 0x0000,
  0x0000, 0x0000, 0x0000, 0x0000, 0x0000, 0x0000, 0x0000, 0x0000, 0x0000, 0x0000, 0x0000, 0x0000,
  0x0000, 0x0000, 0x0000, 0x0000, 0x0000, 0x0000, 0x0000, 0x0000, 0x8430, 0xDEFB, 0xCE79, 0xD69A,
  0xD69A, 0xCE79, 0xDEFB, 0x4A69, 0x0000, 0x0020, 0xAD55, 0xD69A, 0xDEFB, 0x5ACB, 0x0000, 0x0020,
  0x0020, 0x0000, 0x0000, 0x10A2, 0x8430, 0xD6BA, 0xDEDB, 0xCE59, 0xDEDB, 0xD69A, 0x73AE, 0x0861,
  0x0000, 0x0000, 0x0000, 0x0000, 0x0000, 0x0000, 0x0000, 0x630C, 0xCE59, 0xDEFB, 0xCE79, 0xCE79,
  0x738E, 0x5AAB, 0x7BF0, 0xD69A, 0xB800, 0xB800, 0xB800, 0xB800, 0xB800, 0xB800, 0xB800, 0xB800,
  0xB800, 0xB800, 0xB800, 0xB800, 0xB800, 0xB800, 0xB800, 0xB800, 0xB800, 0xB800, 0xB800, 0xB800,
  0xB800, 0xB800, 0xB800, 0xB800, 0xB800, 0xB800, 0xB800, 0xB800, 0xB800, 0xB800, 0xB800, 0xB800,
  0xB800, 0xB800, 0xB800, 0xB800, 0xB800, 0xB800, 0xB800, 0xB800, 0xB800, 0xB800, 0xB800, 0xB800,
  0xB800, 0xB800, 0xB800, 0xB800, 0xB800, 0xB800, 0xB800, 0xB800, 0xB800, 0xB800, 0xB800, 0xB800,
  0xB800, 0xB800, 0xB800, 0xB800, 0xB800, 0xB800, 0xB800, 0xB800, 0xB800, 0xB800, 0xB800, 0xB800,
  0xB800, 0xB800, 0xB800, 0xB800, 0xB800, 0xB800, 0xB800, 0xB800, 0xB800, 0xB800, 0xB800, 0xB800,
  0xB800, 0xB800, 0xB800, 0xA021, 0x1820, 0x0000, 0x18A2, 0xC638, 0xD69A, 0xCE79, 0xD69A, 0xD69A,
  0xD69A, 0xD69A, 0xD69A, 0xD69A, 0xD69A, 0xD69A, 0xD69A, 0xD69A, 0xD69A, 0xD69A, 0xD69A, 0xD69A,
  0xD69A, 0xD69A, 0xD69A, 0xD69A, 0xD69A, 0xD69A, 0xD69A, 0xD69A, 0xD69A, 0xD69A, 0xD69A, 0xD69A,
  0xD69A, 0xD69A, 0xD69A, 0xD69A, 0xD69A, 0xD69A, 0xD69A, 0xD69A, 0xD69A, 0xD69A, 0xD69A, 0xD69A,
  0xD69A, 0xD69A, 0xD67A, 0xCE9A, 0xD69A, 0xB986, 0xB800, 0xB800, 0xB800, 0xB800, 0xB800, 0xB800,
  0xB800, 0xB800, 0xB800, 0xB800, 0xB800, 0xB800, 0xB800, 0xB800, 0xB800, 0xB800, 0xB800, 0xB800,
  0xB800, 0xB800, 0xB800, 0xB800, 0xB800, 0xB800, 0xB800, 0xB820, 0xA041, 0x7020, 0x6041, 0x4821,
  0x3020, 0x1800, 0x0800, 0x0000, 0x0000, 0x0000, 0x0000, 0x0000, 0x0000, 0x0000, 0x0000, 0x0000,
  0x0000, 0x0000, 0x0841, 0x39C7, 0x7BEF, 0xBDD7, 0xDEDB, 0xDEDB, 0xE71C, 0xE71C, 0x8410, 0x0020,
  0x0000, 0x0000, 0x0000, 0x0000, 0x0000, 0x0000, 0x0000, 0x0000, 0x0000, 0x0000, 0x0000, 0x0000,
  0x0000, 0x0000, 0x0000, 0x0000, 0x0000, 0x0000, 0x0000, 0x0000, 0x0000, 0x0000, 0x0000, 0x0000,
  0x0000, 0x9CD3, 0xDEDB, 0xCE79, 0xD69A, 0xCE79, 0xDEFB, 0x6B4D, 0x0000, 0x0000, 0x9492, 0xDEDB,
  0xCE79, 0xC638, 0x630C, 0x0000, 0x0000, 0x0020, 0x0020, 0x0000, 0x0000, 0x31A6, 0xA534, 0xE71C,
  0xD69A, 0xCE59, 0xDEFB, 0xBDF7, 0x4A69, 0x0000, 0x0000, 0x0020, 0x0000, 0x0020, 0x0000, 0x0000,
  0x10A2, 0x7BEF, 0xD69A, 0xDEDB, 0x7BCF, 0x4A69, 0x8C51, 0xD6BB, 0xB800, 0xB800, 0xB800, 0xB800,
  0xB800, 0xB800, 0xB800, 0xB800, 0xB800, 0xB800, 0xB800, 0xB800, 0xB800, 0xB800, 0xB800, 0xB800,
  0xB800, 0xB800, 0xB800, 0xB800, 0xB800, 0xB800, 0xB800, 0xB800, 0xB800, 0xB800, 0xB800, 0xB800,
  0xB800, 0xB800, 0xB800, 0xB800, 0xB800, 0xB800, 0xB800, 0xB800, 0xB800, 0xB800, 0xB800, 0xB800,
  0xB800, 0xB800, 0xB800, 0xB800, 0xB800, 0xB800, 0xB800, 0xB800, 0xB800, 0xB800, 0xB800, 0xB800,
  0xB800, 0xB800, 0xB800, 0xB800, 0xB800, 0xB800, 0xB800, 0xB800, 0xB800, 0xB800, 0xB800, 0xB800,
  0xB800, 0xB800, 0xB800, 0xB800, 0xB800, 0xB800, 0xB800, 0xB800, 0xB800, 0xB800, 0xB800, 0xB800,
  0xB800, 0xB800, 0xB800, 0xB800, 0xB800, 0xB800, 0xC000, 0xA820, 0x1820, 0x0000, 0x18A2, 0xC638,
  0xD69A, 0xCE79, 0xD69A, 0xD69A, 0xD69A, 0xD69A, 0xD69A, 0xD69A, 0xD69A, 0xD69A, 0xD69A, 0xD69A,
  0xD69A, 0xD69A, 0xD69A, 0xD69A, 0xD69A, 0xD69A, 0xD69A, 0xD69A, 0xD69A, 0xD69A, 0xD69A, 0xD69A,
  0xD69A, 0xD69A, 0xD69A, 0xD69A, 0xD69A, 0xD69A, 0xD69A, 0xD69A, 0xD69A, 0xD69A, 0xD69A, 0xD69A,
  0xD69A, 0xD69A, 0xD69A, 0xD69A, 0xD69A, 0xD69A, 0xD679, 0xD6BA, 0xD5D6, 0xB061, 0xB800, 0xB800,
  0xB800, 0xB800, 0xB800, 0xB800, 0xB800, 0xB800, 0xB800, 0xB800, 0xB800, 0xB800, 0xB800, 0xB800,
  0xB800, 0xB800, 0xB800, 0xB800, 0xB800, 0xB800, 0xB800, 0xB800, 0xB800, 0xB800, 0xB800, 0xB800,
  0xB800, 0xB800, 0xB800, 0xB820, 0xB820, 0xA840, 0x8041, 0x6042, 0x5021, 0x3020, 0x0800, 0x0000,
  0x0000, 0x0000, 0x0000, 0x0000, 0x0000, 0x0000, 0x0000, 0x0000, 0x0000, 0x0861, 0x39E7, 0x8410,
  0xB596, 0xB596, 0xC638, 0x7BCF, 0x0000, 0x0000, 0x0000, 0x0000, 0x0000, 0x0000, 0x0000, 0x0000,
  0x0000, 0x0000, 0x0000, 0x0000, 0x0000, 0x0000, 0x0000, 0x0000, 0x0000, 0x0000, 0x0000, 0x0000,
  0x0000, 0x0000, 0x0000, 0x0000, 0x0000, 0x10A2, 0xC638, 0xD69A, 0xCE79, 0xCE79, 0xDEFB, 0x8430,
  0x0000, 0x0000, 0x7BCF, 0xDEFB, 0xCE59, 0xD69A, 0xDEFB, 0xAD55, 0x39C7, 0x0000, 0x0000, 0x0020,
  0x0020, 0x0000, 0x0000, 0x5ACB, 0xC618, 0xDEFB, 0xCE79, 0xD69A, 0xDEDB, 0x9CF3, 0x3186, 0x0000,
  0x0000, 0x0020, 0x0000, 0x0020, 0x0000, 0x0000, 0x2945, 0x9CD3, 0xDEFB, 0xA514, 0x9CF3, 0xD6BA,
  0xB800, 0xB800, 0xB800, 0xB800, 0xB800, 0xB800, 0xB800, 0xB800, 0xB800, 0xB800, 0xB800, 0xB800,
  0xB800, 0xB800, 0xB800, 0xB800, 0xB800, 0xB800, 0xB800, 0xB800, 0xB800, 0xB800, 0xB800, 0xB800,
  0xB800, 0xB800, 0xB800, 0xB800, 0xB800, 0xB800, 0xB800, 0xB800, 0xB800, 0xB800, 0xB800, 0xB800,
  0xB800, 0xB800, 0xB800, 0xB800, 0xB800, 0xB800, 0xB800, 0xB800, 0xB800, 0xB800, 0xB800, 0xB800,
  0xB800, 0xB800, 0xB800, 0xB800, 0xB800, 0xB800, 0xB800, 0xB800, 0xB800, 0xB800, 0xB800, 0xB800,
  0xB800, 0xB800, 0xB800, 0xB800, 0xB800, 0xB800, 0xB800, 0xB800, 0xB800, 0xB800, 0xB800, 0xB800,
  0xB800, 0xB800, 0xB800, 0xB800, 0xB800, 0xB800, 0xB800, 0xB800, 0xB800, 0xB800, 0xB800, 0xA841,
  0x2020, 0x0000, 0x18A2, 0xC638, 0xD69A, 0xCE79, 0xD69A, 0xD69A, 0xD69A, 0xD69A, 0xD69A, 0xD69A,
  0xD69A, 0xD69A, 0xD69A, 0xD69A, 0xD69A, 0xD69A, 0xD69A, 0xD69A, 0xD69A, 0xD69A, 0xD69A, 0xD69A,
  0xD69A, 0xD69A, 0xD69A, 0xD69A, 0xD69A, 0xD69A, 0xD69A, 0xD69A, 0xD69A, 0xD69A, 0xD69A, 0xD69A,
  0xD69A, 0xD69A, 0xD69A, 0xD69A, 0xD69A, 0xD69A, 0xD69A, 0xD69A, 0xD69A, 0xD69A, 0xCE79, 0xD6DB,
  0xD491, 0xA800, 0xB800, 0xB800, 0xB800, 0xB800, 0xB800, 0xB800, 0xB800, 0xB800, 0xB800, 0xB800,
  0xB800, 0xB800, 0xB800, 0xB800, 0xB800, 0xB800, 0xB800, 0xB800, 0xB800, 0xB800, 0xB800, 0xB800,
  0xB800, 0xB800, 0xB800, 0xB800, 0xB800, 0xB800, 0xB800, 0xB800, 0xB800, 0xB800, 0xC000, 0xC000,
  0xB820, 0xB041, 0x8041, 0x2820, 0x0000, 0x0800, 0x0000, 0x0000, 0x0000, 0x0000, 0x0000, 0x0000,
  0x0000, 0x0000, 0x0000, 0x0000, 0x0020, 0x0820, 0x0000, 0x1061, 0x0020, 0x0000, 0x0000, 0x0000,
  0x0000, 0x0000, 0x0000, 0x0000, 0x0000, 0x0000, 0x0000, 0x0000, 0x0000, 0x0000, 0x0000, 0x0000,
  0x0000, 0x0000, 0x0000, 0x0000, 0x0000, 0x0000, 0x0000, 0x0000, 0x0000, 0x0000, 0xA534, 0xDEDB,
  0xCE79, 0xCE79, 0xDEDB, 0x9CF3, 0x0000, 0x0000, 0x4A49, 0xDEFB, 0xD6BA, 0xCE59, 0xCE59, 0xDEDB,
  0xDEDB, 0x8C51, 0x10A2, 0x0000, 0x0000, 0x0020, 0x0000, 0x0000, 0x0861, 0x73AE, 0xD69A, 0xDEDB,
  0xCE59, 0xD6BA, 0xD6BA, 0x8410, 0x10A2, 0x0000, 0x0000, 0x0000, 0x0000, 0x0020, 0x0000, 0x0000,
  0x4228, 0xBDD7, 0xDEFB, 0xD6BA, 0xB800, 0xB800, 0xB800, 0xB800, 0xB800, 0xB800, 0xB800, 0xB800,
  0xB800, 0xB800, 0xB800, 0xB800, 0xB800, 0xB800, 0xB800, 0xB800, 0xB800, 0xB800, 0xB800, 0xB800,
  0xB800, 0xB800, 0xB800, 0xB800, 0xB800, 0xB800, 0xB800, 0xB800, 0xB800, 0xB800, 0xB800, 0xB800,
  0xB800, 0xB800, 0xB800, 0xB800, 0xB800, 0xB800, 0xB800, 0xB800, 0xB800, 0xB800, 0xB800, 0xB800,
  0xB800, 0xB800, 0xB800, 0xB800, 0xB800, 0xB800, 0xB800, 0xB800, 0xB800, 0xB800, 0xB800, 0xB800,
  0xB800, 0xB800, 0xB800, 0xB800, 0xB800, 0xB800, 0xB800, 0xB800, 0xB800, 0xB800, 0xB800, 0xB800,
  0xB800, 0xB800, 0xB800, 0xB800, 0xB800, 0xB800, 0xB800, 0xB800, 0xB800, 0xB800, 0xB800, 0xB800,
  0xB800, 0xB800, 0xB800, 0xA841, 0x2820, 0x0000, 0x18A2, 0xC638, 0xD69A, 0xCE79, 0xD69A, 0xD69A,
  0xD69A, 0xD69A, 0xD69A, 0xD69A, 0xD69A, 0xD69A, 0xD69A, 0xD69A, 0xD69A, 0xD69A, 0xD69A, 0xD69A,
  0xD69A, 0xD69A, 0xD69A, 0xD69A, 0xD69A, 0xD69A, 0xD69A, 0xD69A, 0xD69A, 0xD69A, 0xD69A, 0xD69A,
  0xD69A, 0xD69A, 0xD69A, 0xD69A, 0xD69A, 0xD69A, 0xD69A, 0xD69A, 0xD69A, 0xD69A, 0xD69A, 0xD69A,
  0xD69A, 0xCE9A, 0xCE79, 0xD6FB, 0xC30B, 0xB000, 0xB800, 0xB800, 0xB800, 0xB800, 0xB800, 0xB800,
  0xB800, 0xB800, 0xB800, 0xB800, 0xB800, 0xB800, 0xB800, 0xB800, 0xB800, 0xB800, 0xB800, 0xB800,
  0xB800, 0xB800, 0xB800, 0xB800, 0xB800, 0xB800, 0xB800, 0xB800, 0xB800, 0xB800, 0xB800, 0xB800,
  0xB800, 0xB800, 0xB800, 0xB800, 0xB800, 0xB800, 0xC000, 0xA840, 0x8840, 0x8821, 0x8020, 0x7820,
  0x7821, 0x4040, 0x1000, 0x0800, 0x0000, 0x0000, 0x0000, 0x0000, 0x0000, 0x0000, 0x0000, 0x0000,
  0x0000, 0x0000, 0x0000, 0x0000, 0x0000, 0x0000, 0x0000, 0x0000, 0x0000, 0x0000, 0x0000, 0x0000,
  0x0000, 0x0000, 0x0000, 0x0000, 0x0000, 0x0000, 0x0000, 0x0000, 0x0000, 0x0000, 0x0000, 0x0000,
  0x0000, 0x0000, 0x8410, 0xDEFB, 0xCE79, 0xCE79, 0xD6BA, 0xB596, 0x0841, 0x0000, 0x0000, 0x39C7,
  0xAD55, 0xDEFB, 0xD69A, 0xCE59, 0xCE79, 0xDEFB, 0xC638, 0x5ACB, 0x0000, 0x0000, 0x0020, 0x0020,
  0x0000, 0x0000, 0x2945, 0x9CF3, 0xDEFB, 0xD69A, 0xCE59, 0xDEFB, 0xC618, 0x5AEB, 0x0000, 0x0000,
  0x0020, 0x0000, 0x0000, 0x0000, 0x0000, 0x0000, 0x630C, 0xC638, 0xB800, 0xB800, 0xB800, 0xB800,
  0xB800, 0xB800, 0xB800, 0xB800, 0xB800, 0xB800, 0xB800, 0xB800, 0xB800, 0xB800, 0xB800, 0xB800,
  0xB800, 0xB800, 0xB800, 0xB800, 0xB800, 0xB800, 0xB800, 0xB800, 0xB800, 0xB800, 0xB800, 0xB800,
  0xB800, 0xB800, 0xB800, 0xB800, 0xB800, 0xB800, 0xB800, 0xB800, 0xB800, 0xB800, 0xB800, 0xB800,
  0xB800, 0xB800, 0xB800, 0xB800, 0xB800, 0xB800, 0xB800, 0xB800, 0xB800, 0xB800, 0xB800, 0xB800,
  0xB800, 0xB800, 0xB800, 0xB800, 0xB800, 0xB800, 0xB800, 0xB800, 0xB800, 0xB800, 0xB800, 0xB800,
  0xB800, 0xB800, 0xB800, 0xB800, 0xB800, 0xB800, 0xB800, 0xB800, 0xB800, 0xB800, 0xB800, 0xB800,
  0xB800, 0xB800, 0xB800, 0xB800, 0xB800, 0xB800, 0xB800, 0xB040, 0x3020, 0x0000, 0x18A2, 0xC638,
  0xD69A, 0xCE79, 0xD69A, 0xD69A, 0xD69A, 0xD69A, 0xD69A, 0xD69A, 0xD69A, 0xD69A, 0xD69A, 0xD69A,
  0xD69A, 0xD69A, 0xD69A, 0xD69A, 0xD69A, 0xD69A, 0xD69A, 0xD69A, 0xD69A, 0xD69A, 0xD69A, 0xD69A,
  0xD69A, 0xD69A, 0xD69A, 0xD69A, 0xD69A, 0xD69A, 0xD69A, 0xD69A, 0xD69A, 0xD69A, 0xD69A, 0xD69A,
  0xD69A, 0xD69A, 0xD69A, 0xD69A, 0xD69A, 0xCE9A, 0xCE99, 0xDE9A, 0xB986, 0xB800, 0xB800, 0xB800,
  0xB800, 0xB800, 0xB800, 0xB800, 0xB800, 0xB800, 0xB800, 0xB800, 0xB800, 0xB800, 0xB800, 0xB800,
  0xB800, 0xB800, 0xB800, 0xB800, 0xB800, 0xB800, 0xB800, 0xB800, 0xB800, 0xB800, 0xB800, 0xB800,
  0xB800, 0xB800, 0xB800, 0xB800, 0xB800, 0xB800, 0xB800, 0xB800, 0xB800, 0xB800, 0xB800, 0xB800,
  0xC000, 0xC000, 0xC000, 0xC000, 0xC000, 0xB021, 0x9841, 0x8841, 0x7041, 0x6841, 0x6041, 0x5041,
  0x4841, 0x3820, 0x3020, 0x3820, 0x4821, 0x5841, 0x6841, 0x7841, 0x8041, 0x8021, 0x7841, 0x6841,
  0x5841, 0x3840, 0x2000, 0x2000, 0x0000, 0x0000, 0x0000, 0x0000, 0x0000, 0x0000, 0x0000, 0x0000,
  0x0000, 0x0000, 0x0000, 0x0000, 0x0000, 0x0000, 0x52AA, 0xDEFB, 0xCE79, 0xCE79, 0xD69A, 0xC638,
  0x0861, 0x0000, 0x0020, 0x0000, 0x0000, 0x5ACB, 0xC638, 0xDEFB, 0xCE79, 0xCE59, 0xD69A, 0xDEFB,
  0xA534, 0x3186, 0x0000, 0x0000, 0x0020, 0x0020, 0x0000, 0x0000, 0x4A69, 0xBDD7, 0xDEFB, 0xCE59,
  0xCE79, 0xDEFB, 0xAD55, 0x39C7, 0x0000, 0x0000, 0x0020, 0x0000, 0x0020, 0x0000, 0x0000, 0x10A2,
  0xB800, 0xB800, 0xB800, 0xB800, 0xB800, 0xB800, 0xB800, 0xB800, 0xB800, 0xB800, 0xB800, 0xB800,
  0xB800, 0xB800, 0xB800, 0xB800, 0xB800, 0xB800, 0xB800, 0xB800, 0xB800, 0xB800, 0xB800, 0xB800,
  0xB800, 0xB800, 0xB800, 0xB800, 0xB800, 0xB800, 0xB800, 0xB800, 0xB800, 0xB800, 0xB800, 0xB800,
  0xB800, 0xB800, 0xB800, 0xB800, 0xB800, 0xB800, 0xB800, 0xB800, 0xB800, 0xB800, 0xB800, 0xB800,
  0xB800, 0xB800, 0xB800, 0xB800, 0xB800, 0xB800, 0xB800, 0xB800, 0xB800, 0xB800, 0xB800, 0xB800,
  0xB800, 0xB800, 0xB800, 0xB800, 0xB800, 0xB800, 0xB800, 0xB800, 0xB800, 0xB800, 0xB800, 0xB800,
  0xB800, 0xB800, 0xB800, 0xB800, 0xB800, 0xB800, 0xB800, 0xB800, 0xB800, 0xB800, 0xB800, 0xB820,
  0x3820, 0x0000, 0x18A2, 0xC638, 0xD69A, 0xCE79, 0xD69A, 0xD69A, 0xD69A, 0xD69A, 0xD69A, 0xD69A,
  0xD69A, 0xD69A, 0xD69A, 0xD69A, 0xD69A, 0xD69A, 0xD69A, 0xD69A, 0xD69A, 0xD69A, 0xD69A, 0xD69A,
  0xD69A, 0xD69A, 0xD69A, 0xD69A, 0xD69A, 0xD69A, 0xD69A, 0xD69A, 0xD69A, 0xD69A, 0xD69A, 0xD69A,
  0xD69A, 0xD69A, 0xD69A, 0xD69A, 0xD69A, 0xD69A, 0xD69A, 0xD69A, 0xD69A, 0xD679, 0xCEBA, 0xDDB7,
  0xB862, 0xB800, 0xB800, 0xB800, 0xB800, 0xB800, 0xB800, 0xB800, 0xB800, 0xB800, 0xB800, 0xB800,
  0xB800, 0xB800, 0xB800, 0xB800, 0xB800, 0xB800, 0xB800, 0xB800, 0xB800, 0xB800, 0xB800, 0xB800,
  0xB800, 0xB800, 0xB800, 0xB800, 0xB800, 0xB800, 0xB800, 0xB800, 0xB800, 0xB800, 0xB800, 0xB800,
  0xB800, 0xB800, 0xB800, 0xB800, 0xB800, 0xB800, 0xB800, 0xB800, 0xB800, 0xB800, 0xB800, 0xB820,
  0xB820, 0xC020, 0xC000, 0xB820, 0xB820, 0xB820, 0xB820, 0xB820, 0xB820, 0xB800, 0xB800, 0xC000,
  0xC000, 0xC000, 0xB800, 0xB800, 0xC000, 0xB820, 0xB020, 0xA842, 0x4821, 0x0000, 0x0000, 0x0000,
  0x0000, 0x0000, 0x0000, 0x0000, 0x0000, 0x0000, 0x0000, 0x0000, 0x0000, 0x0000, 0x2965, 0xD6BA,
  0xCE79, 0xD69A, 0xCE79, 0xD6BA, 0x5AEB, 0x0000, 0x0000, 0x0020, 0x0000, 0x0000, 0x10A2, 0x7BEF,
  0xD69A, 0xDEDB, 0xCE59, 0xCE59, 0xDEDB, 0xD6BA, 0x8410, 0x1082, 0x0000, 0x0000, 0x0020, 0x0000,
  0x0000, 0x0841, 0x6B6D, 0xCE79, 0xDEDB, 0xCE59, 0xD6BA, 0xD6BA, 0x8C51, 0x18C3, 0x0000, 0x0000,
  0x0020, 0x0000, 0x0020, 0x0000, 0xB800, 0xB800, 0xB800, 0xB800, 0xB800, 0xB800, 0xB800, 0xB800,
  0xB800, 0xB800, 0xB800, 0xB800, 0xB800, 0xB800, 0xB800, 0xB800, 0xB800, 0xB800, 0xB800, 0xB800,
  0xB800, 0xB800, 0xB800, 0xB800, 0xB800, 0xB800, 0xB800, 0xB800, 0xB800, 0xB800, 0xB800, 0xB800,
  0xB800, 0xB800, 0xB800, 0xB800, 0xB800, 0xB800, 0xB800, 0xB800, 0xB800, 0xB800, 0xB800, 0xB800,
  0xB800, 0xB800, 0xB800, 0xB800, 0xB800, 0xB800, 0xB800, 0xB800, 0xB800, 0xB800, 0xB800, 0xB800,
  0xB800, 0xB800, 0xB800, 0xB800, 0xB800, 0xB800, 0xB800, 0xB800, 0xB800, 0xB800, 0xB800, 0xB800,
  0xB800, 0xB800, 0xB800, 0xB800, 0xB800, 0xB800, 0xB800, 0xB800, 0xB800, 0xB800, 0xB800, 0xB800,
  0xB800, 0xB800, 0xB800, 0xB800, 0x4021, 0x0000, 0x18A2, 0xC638, 0xD69A, 0xCE79, 0xD69A, 0xD69A,
  0xD69A, 0xD69A, 0xD69A, 0xD69A, 0xD69A, 0xD69A, 0xD69A, 0xD69A, 0xD69A, 0xD69A, 0xD69A, 0xD69A,
  0xD69A, 0xD69A, 0xD69A, 0xD69A, 0xD69A, 0xD69A, 0xD69A, 0xD69A, 0xD69A, 0xD69A, 0xD69A, 0xD69A,
  0xD69A, 0xD69A, 0xD69A, 0xD69A, 0xD69A, 0xD69A, 0xD69A, 0xD69A, 0xD69A, 0xD69A, 0xD69A, 0xD69A,
  0xD69A, 0xCE79, 0xCEDB, 0xCC93, 0xB000, 0xB800, 0xB800, 0xB800, 0xB800, 0xB800, 0xB800, 0xB800,
  0xB800, 0xB800, 0xB800, 0xB800, 0xB800, 0xB800, 0xB800, 0xB800, 0xB800, 0xB800, 0xB800, 0xB800,
  0xB800, 0xB800, 0xB800, 0xB800, 0xB800, 0xB800, 0xB800, 0xB800, 0xB800, 0xB800, 0xB800, 0xB800,
  0xB800, 0xB800, 0xB800, 0xB800, 0xB800, 0xB800, 0xB800, 0xB800, 0xB800, 0xB800, 0xB800, 0xB800,
  0xB800, 0xB800, 0xB800, 0xB800, 0xB800, 0xB800, 0xB800, 0xB800, 0xB000, 0xB800, 0xB800, 0xB800,
  0xB800, 0xB800, 0xB800, 0xB800, 0xB800, 0xB800, 0xB800, 0xB800, 0xB800, 0xB800, 0xB800, 0xB800,
  0xA021, 0x1800, 0x0000, 0x0000, 0x0000, 0x0000, 0x0000, 0x0000, 0x0000, 0x0000, 0x0000, 0x0000,
  0x0000, 0x0000, 0x0861, 0xBDF7, 0xD69A, 0xCE79, 0xD69A, 0xD69A, 0xDEDB, 0xA534, 0x3186, 0x0000,
  0x0000, 0x0020, 0x0000, 0x0000, 0x2965, 0xA514, 0xDEFB, 0xD69A, 0xCE59, 0xCE79, 0xDEFB, 0xC618,
  0x52AA, 0x0000, 0x0000, 0x0020, 0x0020, 0x0000, 0x0000, 0x2104, 0x9492, 0xDEDB, 0xD6BA, 0xCE59,
  0xDEDB, 0xCE79, 0x632C, 0x0000, 0x0000, 0x0000, 0x0000, 0x0000, 0xB800, 0xB800, 0xB800, 0xB800,
  0xB800, 0xB800, 0xB800, 0xB800, 0xB800, 0xB800, 0xB800, 0xB800, 0xB800, 0xB800, 0xB800, 0xB800,
  0xB800, 0xB800, 0xB800, 0xB800, 0xB800, 0xB800, 0xB800, 0xB800, 0xB800, 0xB800, 0xB800, 0xB800,
  0xB800, 0xB800, 0xB800, 0xB800, 0xB800, 0xB800, 0xB800, 0xB800, 0xB800, 0xB800, 0xB800, 0xB800,
  0xB800, 0xB800, 0xB800, 0xB800, 0xB800, 0xB800, 0xB800, 0xB800, 0xB800, 0xB800, 0xB800, 0xB800,
  0xB800, 0xB800, 0xB800, 0xB800, 0xB800, 0xB800, 0xB800, 0xB800, 0xB800, 0xB800, 0xB800, 0xB800,
  0xB800, 0xB800, 0xB800, 0xB800, 0xB800, 0xB800, 0xB800, 0xB800, 0xB800, 0xB800, 0xB800, 0xB800,
  0xB800, 0xB800, 0xB800, 0xB800, 0xB800, 0xB800, 0xB800, 0xC000, 0x5020, 0x0000, 0x18C2, 0xC638,
  0xD69A, 0xCE79, 0xD69A, 0xD69A, 0xD69A, 0xD69A, 0xD69A, 0xD69A, 0xD69A, 0xD69A, 0xD69A, 0xD69A,
  0xD69A, 0xD69A, 0xD69A, 0xD69A, 0xD69A, 0xD69A, 0xD69A, 0xD69A, 0xD69A, 0xD69A, 0xD69A, 0xD69A,
  0xD69A, 0xD69A, 0xD69A, 0xD69A, 0xD69A, 0xD69A, 0xD69A, 0xD69A, 0xD69A, 0xD69A, 0xD69A, 0xD69A,
  0xD69A, 0xD69A, 0xD69A, 0xD69A, 0xD69A, 0xCE79, 0xDEFB, 0xC32C, 0xB000, 0xB820, 0xB800, 0xB800,
  0xB800, 0xB800, 0xB800, 0xB800, 0xB800, 0xB800, 0xB800, 0xB800, 0xB800, 0xB800, 0xB800, 0xB800,
  0xB800, 0xB800, 0xB800, 0xB800, 0xB800, 0xB800, 0xB800, 0xB800, 0xB800, 0xB800, 0xB800, 0xB800,
  0xB800, 0xB800, 0xB800, 0xB800, 0xB800, 0xB800, 0xB800, 0xB800, 0xB800, 0xB800, 0xB800, 0xB800,
  0xB800, 0xB800, 0xB800, 0xB800, 0xB800, 0xB800, 0xB800, 0xB800, 0xB800, 0xB800, 0xB800, 0xB800,
  0xB800, 0xB800, 0xB800, 0xB800, 0xB800, 0xB800, 0xB800, 0xB800, 0xB800, 0xB800, 0xB800, 0xB800,
  0xB800, 0xB800, 0xB800, 0xB800, 0xC000, 0x5040, 0x0000, 0x0000, 0x0000, 0x0000, 0x0000, 0x0000,
  0x0000, 0x0000, 0x0000, 0x0000, 0x0000, 0x0000, 0x0000, 0xA514, 0xDEDB, 0xCE79, 0xD69A, 0xD69A,
  0xCE79, 0xDEDB, 0xD69A, 0x7BEF, 0x1082, 0x0000, 0x0000, 0x0020, 0x0000, 0x0000, 0x4A69, 0xBDF7,
  0xDEFB, 0xCE79, 0xCE59, 0xD69A, 0xDEFB, 0xA514, 0x2965, 0x0000, 0x0000, 0x0020, 0x0020, 0x0000,
  0x0000, 0x39E7, 0xAD75, 0xDEFB, 0xCE79, 0xCE79, 0xDEFB, 0xB596, 0x4208, 0x0000, 0x0000, 0x0020,
  0xB800, 0xB800, 0xB800, 0xB800, 0xB800, 0xB800, 0xB800, 0xB800, 0xB800, 0xB800, 0xB800, 0xB800,
  0xB800, 0xB800, 0xB800, 0xB800, 0xB800, 0xB800, 0xB800, 0xB800, 0xB800, 0xB800, 0xB800, 0xB800,
  0xB800, 0xB800, 0xB800, 0xB800, 0xB800, 0xB800, 0xB800, 0xB800, 0xB800, 0xB800, 0xB800, 0xB800,
  0xB800, 0xB800, 0xB800, 0xB800, 0xB800, 0xB800, 0xB800, 0xB800, 0xB800, 0xB800, 0xB800, 0xB800,
  0xB800, 0xB800, 0xB800, 0xB800, 0xB800, 0xB800, 0xB800, 0xB800, 0xB800, 0xB800, 0xB800, 0xB800,
  0xB800, 0xB800, 0xB800, 0xB800, 0xB800, 0xB800, 0xB800, 0xB800, 0xB800, 0xB800, 0xB800, 0xB800,
  0xB800, 0xB800, 0xB800, 0xB800, 0xB800, 0xB800, 0xB800, 0xB800, 0xB800, 0xB800, 0xB800, 0xC000,
  0x6020, 0x0000, 0x18C2, 0xC638, 0xD69A, 0xCE79, 0xD69A, 0xD69A, 0xD69A, 0xD69A, 0xD69A, 0xD69A,
  0xD69A, 0xD69A, 0xD69A, 0xD69A, 0xD69A, 0xD69A, 0xD69A, 0xD69A, 0xD69A, 0xD69A, 0xD69A, 0xD69A,
  0xD69A, 0xD69A, 0xD69A, 0xD69A, 0xD69A, 0xD69A, 0xD69A, 0xD69A, 0xD69A, 0xD69A, 0xD69A, 0xD69A,
  0xD69A, 0xD69A, 0xD69A, 0xD69A, 0xD69A, 0xD69A, 0xD69A, 0xD69A, 0xD69A, 0xD679, 0xDEBA, 0xB9C6,
  0xB800, 0xB800, 0xB800, 0xB800, 0xB800, 0xB800, 0xB800, 0xB800, 0xB800, 0xB800, 0xB800, 0xB800,
  0xB800, 0xB800, 0xB800, 0xB800, 0xB800, 0xB800, 0xB800, 0xB800, 0xB800, 0xB800, 0xB800, 0xB800,
  0xB800, 0xB800, 0xB800, 0xB800, 0xB800, 0xB800, 0xB800, 0xB800, 0xB800, 0xB800, 0xB800, 0xB800,
  0xB800, 0xB800, 0xB800, 0xB800, 0xB800, 0xB800, 0xB800, 0xB800, 0xB800, 0xB800, 0xB800, 0xB800,
  0xB800, 0xB800, 0xB800, 0xB800, 0xB800, 0xB800, 0xB800, 0xB800, 0xB800, 0xB800, 0xB800, 0xB800,
  0xB800, 0xB800, 0xB800, 0xB800, 0xB800, 0xB800, 0xB800, 0xB800, 0xC000, 0x8021, 0x0000, 0x0000,
  0x0000, 0x0000, 0x0000, 0x0000, 0x0000, 0x0000, 0x0000, 0x0000, 0x0000, 0x0000, 0x0000, 0x8410,
  0xDEFB, 0xCE79, 0xD69A, 0xD69A, 0xD69A, 0xCE79, 0xCE79, 0xDEFB, 0xC618, 0x5ACB, 0x0000, 0x0000,
  0x0020, 0x0000, 0x0000, 0x0861, 0x73AE, 0xD69A, 0xDEDB, 0xCE59, 0xCE59, 0xDEDB, 0xD69A, 0x7BCF,
  0x0861, 0x0000, 0x0000, 0x0020, 0x0000, 0x0000, 0x0000, 0x630C, 0xC638, 0xDEFB, 0xCE79, 0xD6BA,
  0xDEFB, 0x94B2, 0x2104, 0x0000, 0xB800, 0xB800, 0xB800, 0xB800, 0xB800, 0xB800, 0xB800, 0xB800,
  0xB800, 0xB800, 0xB800, 0xB800, 0xB800, 0xB800, 0xB800, 0xB800, 0xB800, 0xB800, 0xB800, 0xB800,
  0xB800, 0xB800, 0xB800, 0xB800, 0xB800, 0xB800, 0xB800, 0xB800, 0xB800, 0xB800, 0xB800, 0xB800,
  0xB800, 0xB800, 0xB800, 0xB800, 0xB800, 0xB800, 0xB800, 0xB800, 0xB800, 0xB800, 0xB800, 0xB800,
  0xB800, 0xB800, 0xB800, 0xB800, 0xB800, 0xB800, 0xB800, 0xB800, 0xB800, 0xB800, 0xB800, 0xB800,
  0xB800, 0xB800, 0xB800, 0xB800, 0xB800, 0xB800, 0xB800, 0xB800, 0xB800, 0xB800, 0xB800, 0xB800,
  0xB800, 0xB800, 0xB800, 0xB800, 0xB800, 0xB800, 0xB800, 0xB800, 0xB800, 0xB800, 0xB800, 0xB800,
  0xB800, 0xB800, 0xB800, 0xC000, 0x6841, 0x0000, 0x18A2, 0xC638, 0xD69A, 0xCE79, 0xD69A, 0xD69A,
  0xD69A, 0xD69A, 0xD69A, 0xD69A, 0xD69A, 0xD69A, 0xD69A, 0xD69A, 0xD69A, 0xD69A, 0xD69A, 0xD69A,
  0xD69A, 0xD69A, 0xD69A, 0xD69A, 0xD69A, 0xD69A, 0xD69A, 0xD69A, 0xD69A, 0xD69A, 0xD69A, 0xD69A,
  0xD69A, 0xD69A, 0xD69A, 0xD69A, 0xD69A, 0xD69A, 0xD69A, 0xD69A, 0xD69A, 0xD69A, 0xD69A, 0xD69A,
  0xD679, 0xCEBA, 0xDDF7, 0xB0A2, 0xB800, 0xB800, 0xB800, 0xB800, 0xB800, 0xB800, 0xB800, 0xB800,
  0xB800, 0xB800, 0xB800, 0xB800, 0xB800, 0xB800, 0xB800, 0xB800, 0xB800, 0xB800, 0xB800, 0xB800,
  0xB800, 0xB800, 0xB800, 0xB800, 0xB800, 0xB800, 0xB800, 0xB800, 0xB800, 0xB800, 0xB800, 0xB800,
  0xB800, 0xB800, 0xB800, 0xB800, 0xB800, 0xB800, 0xB800, 0xB800, 0xB800, 0xB800, 0xB800, 0xB800,
  0xB800, 0xB800, 0xB800, 0xB800, 0xB800, 0xB800, 0xB800, 0xB800, 0xB800, 0xB800, 0xB800, 0xB800,
  0xB800, 0xB800, 0xB800, 0xB800, 0xB800, 0xB800, 0xB800, 0xB800, 0xB800, 0xB800, 0xB800, 0xB800,
  0xC000, 0x8820, 0x0000, 0x0000, 0x0000, 0x0000, 0x0000, 0x0000, 0x0000, 0x0000, 0x0000, 0x0000,
  0x0000, 0x0000, 0x0000, 0x630C, 0xDEFB, 0xCE79, 0xD69A, 0xD69A, 0xD69A, 0xD69A, 0xD69A, 0xCE59,
  0xD69A, 0xDEFB, 0xAD55, 0x31A6, 0x0000, 0x0000, 0x0020, 0x0000, 0x0000, 0x2124, 0x94B2, 0xDEDB,
  0xD6BA, 0xCE59, 0xCE79, 0xDEFB, 0xBDF7, 0x528A, 0x0000, 0x0000, 0x0000, 0x0000, 0x0000, 0x0000,
  0x10A2, 0x8430, 0xCE79, 0xCE79, 0xCE59, 0xDEDB, 0xD69A, 0x73AE, 0xB800, 0xB800, 0xB800, 0xB800,
  0xB800, 0xB800, 0xB800, 0xB800, 0xB800, 0xB800, 0xB800, 0xB800, 0xB800, 0xB800, 0xB800, 0xB800,
  0xB800, 0xB800, 0xB800, 0xB800, 0xB800, 0xB800, 0xB800, 0xB800, 0xB800, 0xB800, 0xB800, 0xB800,
  0xB800, 0xB800, 0xB800, 0xB800, 0xB800, 0xB800, 0xB800, 0xB800, 0xB800, 0xB800, 0xB800, 0xB800,
  0xB800, 0xB800, 0xB800, 0xB800, 0xB800, 0xB800, 0xB800, 0xB800, 0xB800, 0xB800, 0xB800, 0xB800,
  0xB800, 0xB800, 0xB800, 0xB800, 0xB800, 0xB800, 0xB800, 0xB800, 0xB800, 0xB800, 0xB800, 0xB800,
  0xB800, 0xB800, 0xB800, 0xB800, 0xB800, 0xB800, 0xB800, 0xB800, 0xB800, 0xB800, 0xB800, 0xB800,
  0xB800, 0xB800, 0xB800, 0xB800, 0xB800, 0xB800, 0xB800, 0xC000, 0x8041, 0x0000, 0x18A2, 0xC638,
  0xD69A, 0xCE79, 0xD69A, 0xD69A, 0xD69A, 0xD69A, 0xD69A, 0xD69A, 0xD69A, 0xD69A, 0xD69A, 0xD69A,
  0xD69A, 0xD69A, 0xD69A, 0xD69A, 0xD69A, 0xD69A, 0xD69A, 0xD69A, 0xD69A, 0xD69A, 0xD69A, 0xD69A,
  0xD69A, 0xD69A, 0xD69A, 0xD69A, 0xD69A, 0xD69A, 0xD69A, 0xD69A, 0xD69A, 0xD69A, 0xD69A, 0xD69A,
  0xD69A, 0xD69A, 0xD69A, 0xD69A, 0xD679, 0xD6FB, 0xD4B2, 0xB000, 0xB800, 0xB800, 0xB800, 0xB800,
  0xB800, 0xB800, 0xB800, 0xB800, 0xB800, 0xB800, 0xB800, 0xB800, 0xB800, 0xB800, 0xB800, 0xB800,
  0xB800, 0xB800, 0xB800, 0xB800, 0xB800, 0xB800, 0xB800, 0xB800, 0xB800, 0xB800, 0xB800, 0xB800,
  0xB800, 0xB800, 0xB800, 0xB800, 0xB800, 0xB800, 0xB800, 0xB800, 0xB800, 0xB800, 0xB800, 0xB800,
  0xB800, 0xB800, 0xB800, 0xB800, 0xB800, 0xB800, 0xB800, 0xB800, 0xB800, 0xB800, 0xB800, 0xB800,
  0xB800, 0xB800, 0xB800, 0xB800, 0xB800, 0xB800, 0xB800, 0xB800, 0xB800, 0xB800, 0xB800, 0xB800,
  0xB800, 0xB800, 0xB800, 0xB800, 0xC000, 0x9020, 0x0000, 0x0000, 0x0000, 0x0000, 0x0000, 0x0000,
  0x0000, 0x0000, 0x0000, 0x0000, 0x0000, 0x0000, 0x0000, 0x4A49, 0xE71C, 0xCE59, 0xD69A, 0xD69A,
  0xD69A, 0xD69A, 0xD69A, 0xD69A, 0xCE79, 0xCE79, 0xD6BA, 0xD6BA, 0x8430, 0x10A2, 0x0000, 0x0020,
  0x0020, 0x0000, 0x0000, 0x4228, 0xB5B6, 0xD69A, 0xCE79, 0xCE59, 0xD69A, 0xDEFB, 0x9CD3, 0x3186,
  0x0000, 0x0000, 0x0000, 0x0020, 0x0000, 0x0000, 0x632C, 0xDEDB, 0xCE59, 0xD69A, 0xD6BA, 0x630C,
  0xB800, 0xB800, 0xB800, 0xB800, 0xB800, 0xB800, 0xB800, 0xB800, 0xB800, 0xB800, 0xB800, 0xB800,
  0xB800, 0xB800, 0xB800, 0xB800, 0xB800, 0xB800, 0xB800, 0xB800, 0xB800, 0xB800, 0xB800, 0xB800,
  0xB800, 0xB800, 0xB800, 0xB800, 0xB800, 0xB800, 0xB800, 0xB800, 0xB800, 0xB800, 0xB800, 0xB800,
  0xB800, 0xB800, 0xB800, 0xB800, 0xB800, 0xB800, 0xB800, 0xB800, 0xB800, 0xB800, 0xB800, 0xB800,
  0xB800, 0xB800, 0xB800, 0xB800, 0xB800, 0xB800, 0xB800, 0xB800, 0xB800, 0xB800, 0xB800, 0xB800,
  0xB800, 0xB800, 0xB800, 0xB800, 0xB800, 0xB800, 0xB800, 0xB800, 0xB800, 0xB800, 0xB800, 0xB800,
  0xB800, 0xB800, 0xB800, 0xB800, 0xB800, 0xB800, 0xB800, 0xB800, 0xB800, 0xB800, 0xB800, 0xC000,
  0x9041, 0x0000, 0x18A2, 0xC638, 0xD69A, 0xCE79, 0xD69A, 0xD69A, 0xD69A, 0xD69A, 0xD69A, 0xD69A,
  0xD69A, 0xD69A, 0xD69A, 0xD69A, 0xD69A, 0xD69A, 0xD69A, 0xD69A, 0xD69A, 0xD69A, 0xD69A, 0xD69A,
  0xD69A, 0xD69A, 0xD69A, 0xD69A, 0xD69A, 0xD69A, 0xD69A, 0xD69A, 0xD69A, 0xD69A, 0xD69A, 0xD69A,
  0xD69A, 0xD69A, 0xD69A, 0xD69A, 0xD69A, 0xD69A, 0xD69A, 0xD69A, 0xCE79, 0xDEFB, 0xC36D, 0xB000,
  0xB800, 0xB800, 0xB800, 0xB800, 0xB800, 0xB800, 0xB800, 0xB800, 0xB800, 0xB800, 0xB800, 0xB800,
  0xB800, 0xB800, 0xB800, 0xB800, 0xB800, 0xB800, 0xB800, 0xB800, 0xB800, 0xB800, 0xB800, 0xB800,
  0xB800, 0xB800, 0xB800, 0xB800, 0xB800, 0xB800, 0xB800, 0xB800, 0xB800, 0xB800, 0xB800, 0xB800,
  0xB800, 0xB800, 0xB800, 0xB800, 0xB800, 0xB800, 0xB800, 0xB800, 0xB800, 0xB800, 0xB800, 0xB800,
  0xB800, 0xB800, 0xB800, 0xB800, 0xB800, 0xB800, 0xB800, 0xB800, 0xB800, 0xB800, 0xB800, 0xB800,
  0xB800, 0xB800, 0xB800, 0xB800, 0xB800, 0xB800, 0xB800, 0xB800, 0xC000, 0x8820, 0x0000, 0x0000,
  0x0000, 0x0000, 0x0000, 0x0000, 0x0000, 0x0000, 0x0000, 0x0000, 0x0000, 0x0000, 0x0000, 0x2104,
  0xBDD7, 0xDEFB, 0xCE79, 0xCE79, 0xD69A, 0xD69A, 0xD69A, 0xD69A, 0xD69A, 0xD69A, 0xCE79, 0xCE79,
  0xDEFB, 0xCE59, 0x5ACB, 0x0000, 0x0000, 0x0000, 0x0020, 0x0000, 0x0000, 0xAD75, 0xD6BA, 0xCE79,
  0xCE79, 0xCE59, 0xEF5D, 0xB596, 0x0841, 0x0000, 0x0020, 0x0000, 0x0000, 0x5AEB, 0xCE79, 0xCE79,
  0xDEDB, 0xC618, 0x3186, 0x0000, 0xB800, 0xB800, 0xB800, 0xB800, 0xB800, 0xB800, 0xB800, 0xB800,
  0xB800, 0xB800, 0xB800, 0xB800, 0xB800, 0xB800, 0xB800, 0xB800, 0xB800, 0xB800, 0xB800, 0xB800,
  0xB800, 0xB800, 0xB800, 0xB800, 0xB800, 0xB800, 0xB800, 0xB800, 0xB800, 0xB800, 0xB800, 0xB800,
  0xB800, 0xB800, 0xB800, 0xB800, 0xB800, 0xB800, 0xB800, 0xB800, 0xB800, 0xB800, 0xB800, 0xB800,
  0xB800, 0xB800, 0xB800, 0xB800, 0xB800, 0xB800, 0xB800, 0xB800, 0xB800, 0xB800, 0xB800, 0xB800,
  0xB800, 0xB800, 0xB800, 0xB800, 0xB800, 0xB800, 0xB800, 0xB800, 0xB800, 0xB800, 0xB800, 0xB800,
  0xB800, 0xB800, 0xB800, 0xB800, 0xB800, 0xB800, 0xB800, 0xB800, 0xB800, 0xB800, 0xB800, 0xB800,
  0xB800, 0xB800, 0xB800, 0xC000, 0xA041, 0x0800, 0x10A2, 0xC638, 0xD69A, 0xCE79, 0xD69A, 0xD69A,
  0xD69A, 0xD69A, 0xD69A, 0xD69A, 0xD69A, 0xD69A, 0xD69A, 0xD69A, 0xD69A, 0xD69A, 0xD69A, 0xD69A,
  0xD69A, 0xD69A, 0xD69A, 0xD69A, 0xD69A, 0xD69A, 0xD69A, 0xD69A, 0xD69A, 0xD69A, 0xD69A, 0xD69A,
  0xD69A, 0xD69A, 0xD69A, 0xD69A, 0xD69A, 0xD69A, 0xD69A, 0xD69A, 0xD69A, 0xD69A, 0xD69A, 0xD69A,
  0xCE79, 0xDEBA, 0xB9C7, 0xB000, 0xB800, 0xB800, 0xB800, 0xB800, 0xB800, 0xB800, 0xB800, 0xB800,
  0xB800, 0xB800, 0xB800, 0xB800, 0xB800, 0xB800, 0xB800, 0xB800, 0xB800, 0xB800, 0xB800, 0xB800,
  0xB800, 0xB800, 0xB800, 0xB800, 0xB800, 0xB800, 0xB800, 0xB800, 0xB800, 0xB800, 0xB800, 0xB800,
  0xB800, 0xB800, 0xB800, 0xB800, 0xB800, 0xB800, 0xB800, 0xB800, 0xB800, 0xB800, 0xB800, 0xB800,
  0xB800, 0xB800, 0xB800, 0xB800, 0xB800, 0xB800, 0xB800, 0xB800, 0xB800, 0xB800, 0xB800, 0xB800,
  0xB800, 0xB800, 0xB800, 0xB800, 0xB800, 0xB800, 0xB800, 0xB800, 0xB800, 0xB800, 0xB800, 0xB800,
  0xB800, 0x6841, 0x0000, 0x0000, 0x0000, 0x0000, 0x0000, 0x0000, 0x0000, 0x0000, 0x0000, 0x0000,
  0x0000, 0x0000, 0x0000, 0x0000, 0x0861, 0x7BCF, 0xD69A, 0xDEDB, 0xCE79, 0xCE79, 0xCE79, 0xD69A,
  0xD69A, 0xD69A, 0xD69A, 0xD69A, 0xCE59, 0xDEDB, 0x9CF3, 0x31A6, 0x0841, 0x0000, 0x0000, 0x0020,
  0x8C51, 0xD69A, 0xCE79, 0xCE79, 0xCE79, 0xE71C, 0x9CD3, 0x0861, 0x0000, 0x0020, 0x0000, 0x0000,
  0x7BEF, 0xDEFB, 0xCE79, 0xDEFB, 0xAD55, 0x18C3, 0x0000, 0x0841, 0xB800, 0xB800, 0xB800, 0xB800,
  0xB800, 0xB800, 0xB800, 0xB800, 0xB800, 0xB800, 0xB800, 0xB800, 0xB800, 0xB800, 0xB800, 0xB800,
  0xB800, 0xB800, 0xB800, 0xB800, 0xB800, 0xB800, 0xB800, 0xB800, 0xB800, 0xB800, 0xB800, 0xB800,
  0xB800, 0xB800, 0xB800, 0xB800, 0xB800, 0xB800, 0xB800, 0xB800, 0xB800, 0xB800, 0xB800, 0xB800,
  0xB800, 0xB800, 0xB800, 0xB800, 0xB800, 0xB800, 0xB800, 0xB800, 0xB800, 0xB800, 0xB800, 0xB800,
  0xB800, 0xB800, 0xB800, 0xB800, 0xB800, 0xB800, 0xB800, 0xB800, 0xB800, 0xB800, 0xB800, 0xB800,
  0xB800, 0xB800, 0xB800, 0xB800, 0xB800, 0xB800, 0xB800, 0xB800, 0xB800, 0xB800, 0xB800, 0xB800,
  0xB800, 0xB800, 0xB800, 0xB800, 0xB800, 0xB800, 0xB800, 0xC000, 0x9021, 0x0000, 0x10A2, 0xC638,
  0xD69A, 0xCE79, 0xD69A, 0xD69A, 0xD69A, 0xD69A, 0xD69A, 0xD69A, 0xD69A, 0xD69A, 0xD69A, 0xD69A,
  0xD69A, 0xD69A, 0xD69A, 0xD69A, 0xD69A, 0xD69A, 0xD69A, 0xD69A, 0xD69A, 0xD69A, 0xD69A, 0xD69A,
  0xD69A, 0xD69A, 0xD69A, 0xD69A, 0xD69A, 0xD69A, 0xD69A, 0xD69A, 0xD69A, 0xD69A, 0xD69A, 0xD69A,
  0xD69A, 0xD69A, 0xD69A, 0xCE99, 0xCEBA, 0xD618, 0xB0A2, 0xB000, 0xB800, 0xB800, 0xB800, 0xB800,
  0xB800, 0xB800, 0xB800, 0xB800, 0xB800, 0xB800, 0xB800, 0xB800, 0xB800, 0xB800, 0xB800, 0xB800,
  0xB800, 0xB800, 0xB800, 0xB800, 0xB800, 0xB800, 0xB800, 0xB800, 0xB800, 0xB800, 0xB800, 0xB800,
  0xB800, 0xB800, 0xB800, 0xB800, 0xB800, 0xB800, 0xB800, 0xB800, 0xB800, 0xB800, 0xB800, 0xB800,
  0xB800, 0xB800, 0xB800, 0xB800, 0xB800, 0xB800, 0xB800, 0xB800, 0xB800, 0xB800, 0xB800, 0xB800,
  0xB800, 0xB800, 0xB800, 0xB800, 0xB800, 0xB800, 0xB800, 0xB800, 0xB800, 0xB800, 0xB800, 0xB800,
  0xB800, 0xB800, 0xB800, 0xB800, 0xB040, 0x2820, 0x0000, 0x0000, 0x0000, 0x0000, 0x0000, 0x0000,
  0x0000, 0x0000, 0x0000, 0x0000, 0x0000, 0x0000, 0x0000, 0x0000, 0x0000, 0x0000, 0x2965, 0xA534,
  0xE71C, 0xD69A, 0xCE79, 0xCE79, 0xD69A, 0xD69A, 0xD69A, 0xD69A, 0xD69A, 0xCE79, 0xCE59, 0xE73C,
  0x4228, 0x0000, 0x1082, 0xA534, 0xDEFB, 0xCE79, 0xCE79, 0xCE79, 0xDEFB, 0x7BEF, 0x0000, 0x0000,
  0x0020, 0x0000, 0x1082, 0xA514, 0xDEFB, 0xCE79, 0xE71C, 0x8C71, 0x0020, 0x0000, 0x0841, 0x0000,
  0xB800, 0xB800, 0xB800, 0xB800, 0xB800, 0xB800, 0xB800, 0xB800, 0xB800, 0xB800, 0xB800, 0xB800,
  0xB800, 0xB800, 0xB800, 0xB800, 0xB800, 0xB800, 0xB800, 0xB800, 0xB800, 0xB800, 0xB800, 0xB800,
  0xB800, 0xB800, 0xB800, 0xB800, 0xB800, 0xB800, 0xB800, 0xB800, 0xB800, 0xB800, 0xB800, 0xB800,
  0xB800, 0xB800, 0xB800, 0xB800, 0xB800, 0xB800, 0xB800, 0xB800, 0xB800, 0xB800, 0xB800, 0xB800,
  0xB800, 0xB800, 0xB800, 0xB800, 0xB800, 0xB800, 0xB800, 0xB800, 0xB800, 0xB800, 0xB800, 0xB800,
  0xB800, 0xB800, 0xB800, 0xB800, 0xB800, 0xB800, 0xB800, 0xB800, 0xB800, 0xB800, 0xB800, 0xB800,
  0xB800, 0xB800, 0xB800, 0xB800, 0xB800, 0xB800, 0xB800, 0xB800, 0xB800, 0xB800, 0xB800, 0xB020,
  0x3821, 0x0000, 0x3186, 0xD69A, 0xCE79, 0xD69A, 0xD69A, 0xD69A, 0xD69A, 0xD69A, 0xD69A, 0xD69A,
  0xD69A, 0xD69A, 0xD69A, 0xD69A, 0xD69A, 0xD69A, 0xD69A, 0xD69A, 0xD69A, 0xD69A, 0xD69A, 0xD69A,
  0xD69A, 0xD69A, 0xD69A, 0xD69A, 0xD69A, 0xD69A, 0xD69A, 0xD69A, 0xD69A, 0xD69A, 0xD69A, 0xD69A,
  0xD69A, 0xD69A, 0xD69A, 0xD69A, 0xD69A, 0xD69A, 0xCE9A, 0xCE99, 0xD6DB, 0xD4D3, 0xB000, 0xB800,
  0xB800, 0xB800, 0xB800, 0xB800, 0xB800, 0xB800, 0xB800, 0xB800, 0xB800, 0xB800, 0xB800, 0xB800,
  0xB800, 0xB800, 0xB800, 0xB800, 0xB800, 0xB800, 0xB800, 0xB800, 0xB800, 0xB800, 0xB800, 0xB800,
  0xB800, 0xB800, 0xB800, 0xB800, 0xB800, 0xB800, 0xB800, 0xB800, 0xB800, 0xB800, 0xB800, 0xB800,
  0xB800, 0xB800, 0xB800, 0xB800, 0xB800, 0xB800, 0xB800, 0xB800, 0xB800, 0xB800, 0xB800, 0xB800,
  0xB800, 0xB800, 0xB800, 0xB800, 0xB800, 0xB800, 0xB800, 0xB800, 0xB800, 0xB800, 0xB800, 0xB800,
  0xB800, 0xB800, 0xB800, 0xB800, 0xB800, 0xB800, 0xB000, 0xC000, 0x7020, 0x0000, 0x0000, 0x0000,
  0x0000, 0x0000, 0x0000, 0x0000, 0x0000, 0x0000, 0x0000, 0x0000, 0x0000, 0x0000, 0x0000, 0x0000,
  0x0000, 0x0020, 0x0000, 0x0000, 0x5AEB, 0xC618, 0xD69A, 0xD69A, 0xCE79, 0xCE79, 0xD69A, 0xD69A,
  0xD69A, 0xD69A, 0xCE79, 0xDEDB, 0x8C71, 0x18E3, 0xBDF7, 0xDEFB, 0xCE59, 0xCE59, 0xD69A, 0xD6BA,
  0x5AEB, 0x0000, 0x0000, 0x0020, 0x0000, 0x2945, 0xBDD7, 0xD6BA, 0xCE59, 0xDEDB, 0x6B6D, 0x0000,
  0x0000, 0x0020, 0x0000, 0x18C3, 0xB800, 0xB800, 0xB800, 0xB800, 0xB800, 0xB800, 0xB800, 0xB800,
  0xB800, 0xB800, 0xB800, 0xB800, 0xB800, 0xB800, 0xB800, 0xB800, 0xB800, 0xB800, 0xB800, 0xB800,
  0xB800, 0xB800, 0xB800, 0xB800, 0xB800, 0xB800, 0xB800, 0xB800, 0xB800, 0xB800, 0xB800, 0xB800,
  0xB800, 0xB800, 0xB800, 0xB800, 0xB800, 0xB800, 0xB800, 0xB800, 0xB800, 0xB800, 0xB800, 0xB800,
  0xB800, 0xB800, 0xB800, 0xB800, 0xB800, 0xB800, 0xB800, 0xB800, 0xB800, 0xB800, 0xB800, 0xB800,
  0xB800, 0xB800, 0xB800, 0xB800, 0xB800, 0xB800, 0xB800, 0xB800, 0xB800, 0xB800, 0xB800, 0xB800,
  0xB800, 0xB800, 0xB800, 0xB800, 0xB800, 0xB800, 0xB800, 0xB800, 0xB800, 0xB800, 0xB800, 0xB800,
  0xB800, 0xB800, 0xB800, 0x7041, 0x0000, 0x0000, 0x9CD3, 0xDEFB, 0xCE79, 0xD69A, 0xD69A, 0xD69A,
  0xD69A, 0xD69A, 0xD69A, 0xD69A, 0xD69A, 0xD69A, 0xD69A, 0xD69A, 0xD69A, 0xD69A, 0xD69A, 0xD69A,
  0xD69A, 0xD69A, 0xD69A, 0xD69A, 0xD69A, 0xD69A, 0xD69A, 0xD69A, 0xD69A, 0xD69A, 0xD69A, 0xD69A,
  0xD69A, 0xD69A, 0xD69A, 0xD69A, 0xD69A, 0xD69A, 0xD69A, 0xD69A, 0xD69A, 0xD69A, 0xD69A, 0xCE79,
  0xDEFB, 0xCB4D, 0xB000, 0xB800, 0xB800, 0xB800, 0xB800, 0xB800, 0xB800, 0xB800, 0xB800, 0xB800,
  0xB800, 0xB800, 0xB800, 0xB800, 0xB800, 0xB800, 0xB800, 0xB800, 0xB800, 0xB800, 0xB800, 0xB800,
  0xB800, 0xB800, 0xB800, 0xB800, 0xB800, 0xB800, 0xB800, 0xB800, 0xB800, 0xB800, 0xB800, 0xB800,
  0xB800, 0xB800, 0xB800, 0xB800, 0xB800, 0xB800, 0xB800, 0xB800, 0xB800, 0xB800, 0xB800, 0xB800,
  0xB800, 0xB800, 0xB800, 0xB800, 0xB800, 0xB800, 0xB800, 0xB800, 0xB800, 0xB800, 0xB800, 0xB800,
  0xB800, 0xB800, 0xB800, 0xB800, 0xB800, 0xB800, 0xB800, 0xB800, 0xB800, 0xB800, 0xB800, 0xA841,
  0x2000, 0x0000, 0x0000, 0x0000, 0x0000, 0x0000, 0x0000, 0x0000, 0x0000, 0x0000, 0x0000, 0x0000,
  0x0000, 0x0000, 0x0000, 0x0000, 0x0000, 0x0000, 0x0020, 0x0000, 0x0000, 0x10A2, 0x18E3, 0x630C,
  0xE73C, 0xD69A, 0xCE79, 0xD69A, 0xCE79, 0xCE79, 0xD69A, 0xD69A, 0xCE59, 0xCE59, 0xDEDB, 0xCE79,
  0xCE59, 0xD6BA, 0xCE59, 0x39E7, 0x0000, 0x0020, 0x0000, 0x0000, 0x4A69, 0xD69A, 0xD69A, 0xD69A,
  0xD69A, 0x4A69, 0x0000, 0x0000, 0x0020, 0x0000, 0x2965, 0xC638, 0xB800, 0xB800, 0xB800, 0xB800,
  0xB800, 0xB800, 0xB800, 0xB800, 0xB800, 0xB800, 0xB800, 0xB800, 0xB800, 0xB800, 0xB800, 0xB800,
  0xB800, 0xB800, 0xB800, 0xB800, 0xB800, 0xB800, 0xB800, 0xB800, 0xB800, 0xB800, 0xB800, 0xB800,
  0xB800, 0xB800, 0xB800, 0xB800, 0xB800, 0xB800, 0xB800, 0xB800, 0xB800, 0xB800, 0xB800, 0xB800,
  0xB800, 0xB800, 0xB800, 0xB800, 0xB800, 0xB800, 0xB800, 0xB800, 0xB800, 0xB800, 0xB800, 0xB800,
  0xB800, 0xB800, 0xB800, 0xB800, 0xB800, 0xB800, 0xB800, 0xB800, 0xB800, 0xB800, 0xB800, 0xB800,
  0xB800, 0xB800, 0xB800, 0xB800, 0xB800, 0xB800, 0xB800, 0xB800, 0xB800, 0xB800, 0xB800, 0xB800,
  0xB800, 0xB800, 0xB800, 0xB800, 0xB800, 0xB800, 0xA821, 0x2041, 0x0000, 0x39E7, 0xDEFB, 0xCE79,
  0xD69A, 0xD69A, 0xD69A, 0xD69A, 0xD69A, 0xD69A, 0xD69A, 0xD69A, 0xD69A, 0xD69A, 0xD69A, 0xD69A,
  0xD69A, 0xD69A, 0xD69A, 0xD69A, 0xD69A, 0xD69A, 0xD69A, 0xD69A, 0xD69A, 0xD69A, 0xD69A, 0xD69A,
  0xD69A, 0xD69A, 0xD69A, 0xD69A, 0xD69A, 0xD69A, 0xD69A, 0xD69A, 0xD69A, 0xD69A, 0xD69A, 0xD69A,
  0xD69A, 0xD69A, 0xD69A, 0xCE79, 0xDEBB, 0xBA08, 0xB000, 0xB800, 0xB800, 0xB800, 0xB800, 0xB800,
  0xB800, 0xB800, 0xB800, 0xB800, 0xB800, 0xB800, 0xB800, 0xB800, 0xB800, 0xB800, 0xB800, 0xB800,
  0xB800, 0xB800, 0xB800, 0xB800, 0xB800, 0xB800, 0xB800, 0xB800, 0xB800, 0xB800, 0xB800, 0xB800,
  0xB800, 0xB800, 0xB800, 0xB800, 0xB800, 0xB800, 0xB800, 0xB800, 0xB800, 0xB800, 0xB800, 0xB800,
  0xB800, 0xB800, 0xB800, 0xB800, 0xB800, 0xB800, 0xB800, 0xB800, 0xB800, 0xB800, 0xB800, 0xB800,
  0xB800, 0xB800, 0xB800, 0xB800, 0xB800, 0xB800, 0xB800, 0xB800, 0xB800, 0xB800, 0xB800, 0xB800,
  0xB800, 0xB800, 0xB821, 0x5841, 0x0000, 0x0000, 0x0000, 0x0000, 0x0000, 0x0000, 0x0000, 0x0000,
  0x0000, 0x0000, 0x0000, 0x0000, 0x0000, 0x0000, 0x0000, 0x0000, 0x0000, 0x0000, 0x0000, 0x0000,
  0x0020, 0x0000, 0x0000, 0x0020, 0x8C71, 0xC638, 0xD69A, 0xCE79, 0xD69A, 0xD6BA, 0xCE79, 0xCE79,
  0xD69A, 0xD69A, 0xCE79, 0xCE59, 0xDEFB, 0xBDD7, 0x2104, 0x0000, 0x0841, 0x0000, 0x0000, 0x6B6D,
  0xDEDB, 0xCE79, 0xDEDB, 0xBDF7, 0x2965, 0x0000, 0x0020, 0x0020, 0x0000, 0x39E7, 0xD6BA, 0xCE79,
  0xB800, 0xB800, 0xB800, 0xB800, 0xB800, 0xB800, 0xB800, 0xB800, 0xB800, 0xB800, 0xB800, 0xB800,
  0xB800, 0xB800, 0xB800, 0xB800, 0xB800, 0xB800, 0xB800, 0xB800, 0xB800, 0xB800, 0xB800, 0xB800,
  0xB800, 0xB800, 0xB800, 0xB800, 0xB800, 0xB800, 0xB800, 0xB800, 0xB800, 0xB800, 0xB800, 0xB800,
  0xB800, 0xB800, 0xB800, 0xB800, 0xB800, 0xB800, 0xB800, 0xB800, 0xB800, 0xB800, 0xB800, 0xB800,
  0xB800, 0xB800, 0xB800, 0xB800, 0xB800, 0xB800, 0xB800, 0xB800, 0xB800, 0xB800, 0xB800, 0xB800,
  0xB800, 0xB800, 0xB800, 0xB800, 0xB800, 0xB800, 0xB800, 0xB800, 0xB800, 0xB800, 0xB800, 0xB800,
  0xB800, 0xB800, 0xB800, 0xB800, 0xB800, 0xB800, 0xB800, 0xB800, 0xB800, 0xC000, 0x6821, 0x0000,
  0x0000, 0xA554, 0xDEDA, 0xCE79, 0xD69A, 0xD69A, 0xD69A, 0xD69A, 0xD69A, 0xD69A, 0xD69A, 0xD69A,
  0xD69A, 0xD69A, 0xD69A, 0xD69A, 0xD69A, 0xD69A, 0xD69A, 0xD69A, 0xD69A, 0xD69A, 0xD69A, 0xD69A,
  0xD69A, 0xD69A, 0xD69A, 0xD69A, 0xD69A, 0xD69A, 0xD69A, 0xD69A, 0xD69A, 0xD69A, 0xD69A, 0xD69A,
  0xD69A, 0xD69A, 0xD69A, 0xD69A, 0xD69A, 0xD69A, 0xD679, 0xD69A, 0xDE18, 0xB0C3, 0xB800, 0xB800,
  0xB800, 0xB800, 0xB800, 0xB800, 0xB800, 0xB800, 0xB800, 0xB800, 0xB800, 0xB800, 0xB800, 0xB800,
  0xB800, 0xB800, 0xB800, 0xB800, 0xB800, 0xB800, 0xB800, 0xB800, 0xB800, 0xB800, 0xB800, 0xB800,
  0xB800, 0xB800, 0xB800, 0xB800, 0xB800, 0xB800, 0xB800, 0xB800, 0xB800, 0xB800, 0xB800, 0xB800,
  0xB800, 0xB800, 0xB800, 0xB800, 0xB800, 0xB800, 0xB800, 0xB800, 0xB800, 0xB800, 0xB800, 0xB800,
  0xB800, 0xB800, 0xB800, 0xB800, 0xB800, 0xB800, 0xB800, 0xB800, 0xB800, 0xB800, 0xB800, 0xB800,
  0xB800, 0xB800, 0xB800, 0xB000, 0xB800, 0xB821, 0x7041, 0x0000, 0x0000, 0x0000, 0x0000, 0x0000,
  0x0000, 0x0000, 0x0000, 0x0000, 0x0000, 0x0000, 0x0000, 0x0000, 0x0000, 0x0000, 0x0000, 0x0000,
  0x0000, 0x0000, 0x0000, 0x0000, 0x0000, 0x0000, 0x0000, 0x0000, 0x0000, 0x4208, 0xE71C, 0xD6BA,
  0xC638, 0xB5B6, 0xDEDB, 0xCE79, 0xCE79, 0xCE79, 0xCE79, 0xDEFB, 0x9CF3, 0x0861, 0x0000, 0x0020,
  0x0000, 0x0841, 0x8C71, 0xDEFB, 0xCE59, 0xDEDB, 0xAD55, 0x18C3, 0x0000, 0x0020, 0x0000, 0x0000,
  0x528A, 0xDEFB, 0xC618, 0x6B4D, 0xB800, 0xB800, 0xB800, 0xB800, 0xB800, 0xB800, 0xB800, 0xB800,
  0xB800, 0xB800, 0xB800, 0xB800, 0xB800, 0xB800, 0xB800, 0xB800, 0xB800, 0xB800, 0xB800, 0xB800,
  0xB800, 0xB800, 0xB800, 0xB800, 0xB800, 0xB800, 0xB800, 0xB800, 0xB800, 0xB800, 0xB800, 0xB800,
  0xB800, 0xB800, 0xB800, 0xB800, 0xB800, 0xB800, 0xB800, 0xB800, 0xB800, 0xB800, 0xB800, 0xB800,
  0xB800, 0xB800, 0xB800, 0xB800, 0xB800, 0xB800, 0xB800, 0xB800, 0xB800, 0xB800, 0xB800, 0xB800,
  0xB800, 0xB800, 0xB800, 0xB800, 0xB800, 0xB800, 0xB800, 0xB800, 0xB800, 0xB800, 0xB800, 0xB800,
  0xB800, 0xB800, 0xB800, 0xB800, 0xB800, 0xB800, 0xB800, 0xB800, 0xB800, 0xB800, 0xB800, 0xB800,
  0xB800, 0xA820, 0x2820, 0x0000, 0x4A69, 0xDEFB, 0xCE79, 0xD69A, 0xD69A, 0xD69A, 0xD69A, 0xD69A,
  0xD69A, 0xD69A, 0xD69A, 0xD69A, 0xD69A, 0xD69A, 0xD69A, 0xD69A, 0xD69A, 0xD69A, 0xD69A, 0xD69A,
  0xD69A, 0xD69A, 0xD69A, 0xD69A, 0xD69A, 0xD69A, 0xD69A, 0xD69A, 0xD69A, 0xD69A, 0xD69A, 0xD69A,
  0xD69A, 0xD69A, 0xD69A, 0xD69A, 0xD69A, 0xD69A, 0xD69A, 0xD69A, 0xD69A, 0xD69A, 0xD679, 0xD6DB,
  0xD514, 0xB000, 0xB800, 0xB800, 0xB800, 0xB800, 0xB800, 0xB800, 0xB800, 0xB800, 0xB800, 0xB800,
  0xB800, 0xB800, 0xB800, 0xB800, 0xB800, 0xB800, 0xB800, 0xB800, 0xB800, 0xB800, 0xB800, 0xB800,
  0xB800, 0xB800, 0xB800, 0xB800, 0xB800, 0xB800, 0xB800, 0xB800, 0xB800, 0xB800, 0xB800, 0xB800,
  0xB800, 0xB800, 0xB800, 0xB800, 0xB800, 0xB800, 0xB800, 0xB800, 0xB800, 0xB800, 0xB800, 0xB800,
  0xB800, 0xB800, 0xB800, 0xB800, 0xB800, 0xB800, 0xB800, 0xB800, 0xB800, 0xB800, 0xB800, 0xB800,
  0xB800, 0xB800, 0xB800, 0xB800, 0xB800, 0xB000, 0xB800, 0xB800, 0xB041, 0x5841, 0x0000, 0x0000,
  0x0000, 0x0000, 0x0000, 0x0000, 0x0000, 0x0000, 0x0000, 0x0000, 0x0000, 0x0000, 0x0000, 0x0000,
  0x0000, 0x0000, 0x0000, 0x0000, 0x0000, 0x0000, 0x0000, 0x0000, 0x0000, 0x0000, 0x0000, 0x0000,
  0x0000, 0x0020, 0x4A69, 0x31A6, 0x10A2, 0x0000, 0x738E, 0xD6BA, 0xCE79, 0xCE79, 0xD69A, 0x7BEF,
  0x0000, 0x0000, 0x0020, 0x0000, 0x18E3, 0xAD75, 0xDEDB, 0xCE59, 0xDEFB, 0x8C51, 0x0000, 0x0000,
  0x0020, 0x0000, 0x0000, 0x6B6D, 0xE71C, 0xB596, 0x630C, 0x52AA, 0xB800, 0xB800, 0xB800, 0xB800,
  0xB800, 0xB800, 0xB800, 0xB800, 0xB800, 0xB800, 0xB800, 0xB800, 0xB800, 0xB800, 0xB800, 0xB800,
  0xB800, 0xB800, 0xB800, 0xB800, 0xB800, 0xB800, 0xB800, 0xB800, 0xB800, 0xB800, 0xB800, 0xB800,
  0xB800, 0xB800, 0xB800, 0xB800, 0xB800, 0xB800, 0xB800, 0xB800, 0xB800, 0xB800, 0xB800, 0xB800,
  0xB800, 0xB800, 0xB800, 0xB800, 0xB800, 0xB800, 0xB800, 0xB800, 0xB800, 0xB800, 0xB800, 0xB800,
  0xB800, 0xB800, 0xB800, 0xB800, 0xB800, 0xB800, 0xB800, 0xB800, 0xB800, 0xB800, 0xB800, 0xB800,
  0xB800, 0xB800, 0xB800, 0xB800, 0xB800, 0xB800, 0xB800, 0xB800, 0xB800, 0xB800, 0xB800, 0xB800,
  0xB800, 0xB800, 0xB800, 0xB000, 0xC000, 0x7040, 0x0000, 0x0800, 0xB596, 0xD6DA, 0xCE79, 0xD69A,
  0xD69A, 0xD69A, 0xD69A, 0xD69A, 0xD69A, 0xD69A, 0xD69A, 0xD69A, 0xD69A, 0xD69A, 0xD69A, 0xD69A,
  0xD69A, 0xD69A, 0xD69A, 0xD69A, 0xD69A, 0xD69A, 0xD69A, 0xD69A, 0xD69A, 0xD69A, 0xD69A, 0xD69A,
  0xD69A, 0xD69A, 0xD69A, 0xD69A, 0xD69A, 0xD69A, 0xD69A, 0xD69A, 0xD69A, 0xD69A, 0xD69A, 0xD69A,
  0xD69A, 0xD69A, 0xCE79, 0xD6FB, 0xCB8E, 0xB000, 0xB800, 0xB800, 0xB800, 0xB800, 0xB800, 0xB800,
  0xB800, 0xB800, 0xB800, 0xB800, 0xB800, 0xB800, 0xB800, 0xB800, 0xB800, 0xB800, 0xB800, 0xB800,
  0xB800, 0xB800, 0xB800, 0xB800, 0xB800, 0xB800, 0xB800, 0xB800, 0xB800, 0xB800, 0xB800, 0xB800,
  0xB800, 0xB800, 0xB800, 0xB800, 0xB800, 0xB800, 0xB800, 0xB800, 0xB800, 0xB800, 0xB800, 0xB800,
  0xB800, 0xB800, 0xB800, 0xB800, 0xB800, 0xB800, 0xB800, 0xB800, 0xB800, 0xB800, 0xB800, 0xB800,
  0xB800, 0xB800, 0xB800, 0xB800, 0xB800, 0xB800, 0xB800, 0xB800, 0xB800, 0xC000, 0xB020, 0x8841,
  0x3020, 0x0000, 0x0000, 0x0000, 0x0000, 0x0000, 0x0000, 0x0000, 0x0000, 0x0000, 0x0000, 0x0000,
  0x0000, 0x0000, 0x0000, 0x0000, 0x0000, 0x0000, 0x0000, 0x0000, 0x0000, 0x0000, 0x0000, 0x0000,
  0x0000, 0x0000, 0x0000, 0x0000, 0x0000, 0x0000, 0x0000, 0x0000, 0x0000, 0x0000, 0x0000, 0x9CF3,
  0xD6BA, 0xD6BA, 0x9CF3, 0x0000, 0x0000, 0x0020, 0x0000, 0x39E7, 0xC638, 0xD6BA, 0xCE79, 0xDEDB,
  0x6B4D, 0x0000, 0x0000, 0x0020, 0x0000, 0x0000, 0x8410, 0xDEFB, 0x8C71, 0x52AA, 0x5ACB, 0xA514,
  0xB800, 0xB800, 0xB800, 0xB800, 0xB800, 0xB800, 0xB800, 0xB800, 0xB800, 0xB800, 0xB800, 0xB800,
  0xB800, 0xB800, 0xB800, 0xB800, 0xB800, 0xB800, 0xB800, 0xB800, 0xB800, 0xB800, 0xB800, 0xB800,
  0xB800, 0xB800, 0xB800, 0xB800, 0xB800, 0xB800, 0xB800, 0xB800, 0xB800, 0xB800, 0xB800, 0xB800,
  0xB800, 0xB800, 0xB800, 0xB800, 0xB800, 0xB800, 0xB800, 0xB800, 0xB800, 0xB800, 0xB800, 0xB800,
  0xB800, 0xB800, 0xB800, 0xB800, 0xB800, 0xB800, 0xB800, 0xB800, 0xB800, 0xB800, 0xB800, 0xB800,
  0xB800, 0xB800, 0xB800, 0xB800, 0xB800, 0xB800, 0xB800, 0xB800, 0xB800, 0xB800, 0xB800, 0xB800,
  0xB800, 0xB800, 0xB800, 0xB800, 0xB800, 0xB800, 0xB800, 0xB800, 0xB020, 0x2841, 0x0000, 0x52AA,
  0xDEFB, 0xCE79, 0xD69A, 0xD69A, 0xD69A, 0xD69A, 0xD69A, 0xD69A, 0xD69A, 0xD69A, 0xD69A, 0xD69A,
  0xD69A, 0xD69A, 0xD69A, 0xD69A, 0xD69A, 0xD69A, 0xD69A, 0xD69A, 0xD69A, 0xD69A, 0xD69A, 0xD69A,
  0xD69A, 0xD69A, 0xD69A, 0xD69A, 0xD69A, 0xD69A, 0xD69A, 0xD69A, 0xD69A, 0xD69A, 0xD69A, 0xD69A,
  0xD69A, 0xD69A, 0xD69A, 0xD69A, 0xD69A, 0xD69A, 0xCE79, 0xDEBB, 0xC229, 0xB000, 0xB800, 0xB800,
  0xB800, 0xB800, 0xB800, 0xB800, 0xB800, 0xB800, 0xB800, 0xB800, 0xB800, 0xB800, 0xB800, 0xB800,
  0xB800, 0xB800, 0xB800, 0xB800, 0xB800, 0xB800, 0xB800, 0xB800, 0xB800, 0xB800, 0xB800, 0xB800,
  0xB800, 0xB800, 0xB800, 0xB800, 0xB800, 0xB800, 0xB800, 0xB800, 0xB800, 0xB800, 0xB800, 0xB800,
  0xB800, 0xB800, 0xB800, 0xB800, 0xB800, 0xB800, 0xB800, 0xB800, 0xB800, 0xB800, 0xB800, 0xB800,
  0xB800, 0xB800, 0xB800, 0xB800, 0xB800, 0xB800, 0xB800, 0xB800, 0xB800, 0xB800, 0xC000, 0xC000,
  0xA841, 0x8841, 0x4820, 0x0800, 0x0000, 0x0000, 0x0000, 0x0000, 0x0000, 0x0000, 0x0000, 0x0000,
  0x0000, 0x0000, 0x0000, 0x0000, 0x0000, 0x0000, 0x0000, 0x0000, 0x0000, 0x0000, 0x0000, 0x0000,
  0x0000, 0x0000, 0x0000, 0x0000, 0x0000, 0x0000, 0x0000, 0x0000, 0x0000, 0x0000, 0x0000, 0x0000,
  0x0000, 0x0020, 0x0000, 0x528A, 0xDEFB, 0xCE79, 0xC638, 0x18E3, 0x0000, 0x0000, 0x5AEB, 0xD6BA,
  0xCE79, 0xD69A, 0xD69A, 0x4A49, 0x0000, 0x0000, 0x0020, 0x0000, 0x0020, 0x9CD3, 0xE73C, 0xD69A,
  0x8410, 0x62EC, 0xAD76, 0xDEFB, 0xB800, 0xB800, 0xB800, 0xB800, 0xB800, 0xB800, 0xB800, 0xB800,
  0xB800, 0xB800, 0xB800, 0xB800, 0xB800, 0xB800, 0xB800, 0xB800, 0xB800, 0xB800, 0xB800, 0xB800,
  0xB800, 0xB800, 0xB800, 0xB800, 0xB800, 0xB800, 0xB800, 0xB800, 0xB800, 0xB800, 0xB800, 0xB800,
  0xB800, 0xB800, 0xB800, 0xB800, 0xB800, 0xB800, 0xB800, 0xB800, 0xB800, 0xB800, 0xB800, 0xB800,
  0xB800, 0xB800, 0xB800, 0xB800, 0xB800, 0xB800, 0xB800, 0xB800, 0xB800, 0xB800, 0xB800, 0xB800,
  0xB800, 0xB800, 0xB800, 0xB800, 0xB800, 0xB800, 0xB800, 0xB800, 0xB800, 0xB800, 0xB800, 0xB800,
  0xB800, 0xB800, 0xB800, 0xB800, 0xB800, 0xB800, 0xB800, 0xB800, 0xB800, 0xB800, 0xB800, 0xC000,
  0x7821, 0x0000, 0x0020, 0xB596, 0xD6BA, 0xCE79, 0xD69A, 0xD69A, 0xD69A, 0xD69A, 0xD69A, 0xD69A,
  0xD69A, 0xD69A, 0xD69A, 0xD69A, 0xD69A, 0xD69A, 0xD69A, 0xD69A, 0xD69A, 0xD69A, 0xD69A, 0xD69A,
  0xD69A, 0xD69A, 0xD69A, 0xD69A, 0xD69A, 0xD69A, 0xD69A, 0xD69A, 0xD69A, 0xD69A, 0xD69A, 0xD69A,
  0xD69A, 0xD69A, 0xD69A, 0xD69A, 0xD69A, 0xD69A, 0xD69A, 0xD69A, 0xD69A, 0xD679, 0xCE9A, 0xDE38,
  0xB0E4, 0xB000, 0xB800, 0xB800, 0xB800, 0xB800, 0xB800, 0xB800, 0xB800, 0xB800, 0xB800, 0xB800,
  0xB800, 0xB800, 0xB800, 0xB800, 0xB800, 0xB800, 0xB800, 0xB800, 0xB800, 0xB800, 0xB800, 0xB800,
  0xB800, 0xB800, 0xB800, 0xB800, 0xB800, 0xB800, 0xB800, 0xB800, 0xB800, 0xB800, 0xB800, 0xB800,
  0xB800, 0xB800, 0xB800, 0xB800, 0xB800, 0xB800, 0xB800, 0xB800, 0xC000, 0xC000, 0xC000, 0xB800,
  0xB800, 0xB800, 0xB800, 0xB800, 0xB800, 0xB800, 0xB800, 0xB800, 0xB800, 0xB800, 0xB800, 0xB820,
  0xB820, 0xA820, 0x8841, 0x5820, 0x3020, 0x0800, 0x0000, 0x0000, 0x0000, 0x0000, 0x0000, 0x0000,
  0x0000, 0x0000, 0x0000, 0x0000, 0x0000, 0x0000, 0x0000, 0x0000, 0x0000, 0x0000, 0x0000, 0x0000,
  0x0000, 0x0000, 0x0000, 0x0000, 0x0000, 0x0000, 0x0000, 0x0000, 0x0000, 0x0000, 0x0000, 0x0000,
  0x0000, 0x0000, 0x0000, 0x0000, 0x0000, 0x0000, 0x0000, 0x0000, 0x9CD3, 0xD6BA, 0xDEFB, 0x630C,
  0x0000, 0x8410, 0xDEFB, 0xCE59, 0xDEDB, 0xBDF7, 0x2965, 0x0000, 0x0020, 0x0020, 0x0000, 0x1082,
  0xAD55, 0xD6BA, 0x7BEF, 0xAD55, 0xDEDB, 0xCE59, 0xDEDB, 0x8C51, 0xB800, 0xB800, 0xB800, 0xB800,
  0xB800, 0xB800, 0xB800, 0xB800, 0xB800, 0xB800, 0xB800, 0xB800, 0xB800, 0xB800, 0xB800, 0xB800,
  0xB800, 0xB800, 0xB800, 0xB800, 0xB800, 0xB800, 0xB800, 0xB800, 0xB800, 0xB800, 0xB800, 0xB800,
  0xB800, 0xB800, 0xB800, 0xB800, 0xB800, 0xB800, 0xB800, 0xB800, 0xB800, 0xB800, 0xB800, 0xB800,
  0xB800, 0xB800, 0xB800, 0xB800, 0xB800, 0xB800, 0xB800, 0xB800, 0xB800, 0xB800, 0xB800, 0xB800,
  0xB800, 0xB800, 0xB800, 0xB800, 0xB800, 0xB800, 0xB800, 0xB800, 0xB800, 0xB800, 0xB800, 0xB800,
  0xB800, 0xB800, 0xB800, 0xB800, 0xB800, 0xB800, 0xB800, 0xB800, 0xB800, 0xB800, 0xB800, 0xB800,
  0xB800, 0xB800, 0xB800, 0xB820, 0x3841, 0x0000, 0x5ACB, 0xDEFB, 0xCE79, 0xD69A, 0xD69A, 0xD69A,
  0xD69A, 0xD69A, 0xD69A, 0xD69A, 0xD69A, 0xD69A, 0xD69A, 0xD69A, 0xD69A, 0xD69A, 0xD69A, 0xD69A,
  0xD69A, 0xD69A, 0xD69A, 0xD69A, 0xD69A, 0xD69A, 0xD69A, 0xD69A, 0xD69A, 0xD69A, 0xD69A, 0xD69A,
  0xD69A, 0xD69A, 0xD69A, 0xD69A, 0xD69A, 0xD69A, 0xD69A, 0xD69A, 0xD69A, 0xD69A, 0xD69A, 0xD69A,
  0xD69A, 0xD679, 0xD6DB, 0xD535, 0xA800, 0xB800, 0xB800, 0xB800, 0xB800, 0xB800, 0xB800, 0xB800,
  0xB800, 0xB800, 0xB800, 0xB800, 0xB800, 0xB800, 0xB800, 0xB800, 0xB800, 0xB800, 0xB800, 0xB800,
  0xB800, 0xB800, 0xB800, 0xB800, 0xB800, 0xB800, 0xB800, 0xB800, 0xB800, 0xB800, 0xB800, 0xB800,
  0xB800, 0xB800, 0xB800, 0xB800, 0xB800, 0xB820, 0xA040, 0x9040, 0x9020, 0x9020, 0x9020, 0x9020,
  0x8020, 0x8020, 0x8040, 0x8841, 0x8841, 0x9820, 0xA020, 0xA820, 0xB021, 0xB021, 0xB021, 0xB020,
  0xA820, 0x9820, 0x8040, 0x6061, 0x3820, 0x2000, 0x1000, 0x0000, 0x0000, 0x0000, 0x0000, 0x0000,
  0x0000, 0x0000, 0x0000, 0x0000, 0x0000, 0x0000, 0x0000, 0x0000, 0x0000, 0x0000, 0x0000, 0x0000,
  0x0000, 0x0000, 0x0000, 0x0000, 0x0000, 0x0000, 0x0000, 0x0000, 0x0000, 0x0000, 0x0000, 0x0000,
  0x0000, 0x0000, 0x0000, 0x0000, 0x0000, 0x0000, 0x0000, 0x0000, 0x0000, 0x0000, 0x0000, 0x0000,
  0x2965, 0xD69A, 0xD6BA, 0xAD75, 0x9CF3, 0xDEFB, 0xCE59, 0xDEFB, 0xA514, 0x10A2, 0x0000, 0x0020,
  0x0020, 0x0000, 0x2124, 0xBDF7, 0xDEFB, 0xBDD7, 0x6B4D, 0x52AA, 0x94B2, 0xCE59, 0x7BF0, 0x528A,
  0xB800, 0xB800, 0xB800, 0xB800, 0xB800, 0xB800, 0xB800, 0xB800, 0xB800, 0xB800, 0xB800, 0xB800,
  0xB800, 0xB800, 0xB800, 0xB800, 0xB800, 0xB800, 0xB800, 0xB800, 0xB800, 0xB800, 0xB800, 0xB800,
  0xB800, 0xB800, 0xB800, 0xB800, 0xB800, 0xB800, 0xB800, 0xB800, 0xB800, 0xB800, 0xB800, 0xB800,
  0xB800, 0xB800, 0xB800, 0xB800, 0xB800, 0xB800, 0xB800, 0xB800, 0xB800, 0xB800, 0xB800, 0xB800,
  0xB800, 0xB800, 0xB800, 0xB800, 0xB800, 0xB800, 0xB800, 0xB800, 0xB800, 0xB800, 0xB800, 0xB800,
  0xB800, 0xB800, 0xB800, 0xB800, 0xB800, 0xB800, 0xB800, 0xB800, 0xB800, 0xB800, 0xB800, 0xB800,
  0xB800, 0xB800, 0xB800, 0xB800, 0xB800, 0xB800, 0xC000, 0x9041, 0x0800, 0x0020, 0xB5B6, 0xD6BA,
  0xCE79, 0xD69A, 0xD69A, 0xD69A, 0xD69A, 0xD69A, 0xD69A, 0xD69A, 0xD69A, 0xD69A, 0xD69A, 0xD69A,
  0xD69A, 0xD69A, 0xD69A, 0xD69A, 0xD69A, 0xD69A, 0xD69A, 0xD69A, 0xD69A, 0xD69A, 0xD69A, 0xD69A,
  0xD69A, 0xD69A, 0xD69A, 0xD69A, 0xD69A, 0xD69A, 0xD69A, 0xD69A, 0xD69A, 0xD69A, 0xD69A, 0xD69A,
  0xD69A, 0xD69A, 0xD69A, 0xD69A, 0xD69A, 0xD679, 0xD6FB, 0xCBCE, 0xB000, 0xB820, 0xB800, 0xB800,
  0xB800, 0xB800, 0xB800, 0xB800, 0xB800, 0xB800, 0xB800, 0xB800, 0xB800, 0xB800, 0xB800, 0xB800,
  0xB800, 0xB800, 0xB800, 0xB800, 0xB800, 0xB800, 0xB800, 0xB800, 0xB800, 0xB800, 0xB800, 0xB800,
  0xB800, 0xB800, 0xB800, 0xB000, 0xB000, 0xB800, 0xC000, 0xB041, 0x9041, 0x5041, 0x1800, 0x0800,
  0x0800, 0x0800, 0x0800, 0x0800, 0x0800, 0x0000, 0x0000, 0x0800, 0x0800, 0x0800, 0x1000, 0x2020,
  0x3041, 0x4021, 0x3821, 0x3021, 0x2800, 0x1000, 0x0800, 0x0000, 0x0000, 0x0000, 0x0000, 0x0000,
  0x0000, 0x0000, 0x0000, 0x0000, 0x0000, 0x0000, 0x0000, 0x0000, 0x0000, 0x0000, 0x0000, 0x0000,
  0x0000, 0x0000, 0x0000, 0x0000, 0x0000, 0x0000, 0x0000, 0x0000, 0x0000, 0x0000, 0x0000, 0x0000,
  0x0000, 0x0000, 0x0000, 0x0000, 0x0000, 0x0000, 0x0000, 0x0000, 0x0000, 0x0000, 0x0000, 0x0000,
  0x0000, 0x0000, 0x0000, 0x0000, 0x0000, 0x9CD3, 0xDEDB, 0xD69A, 0xD6BA, 0xCE79, 0xDEFB, 0x8430,
  0x0000, 0x0000, 0x0020, 0x0000, 0x0000, 0x39C7, 0xCE79, 0xCE59, 0xBDF7, 0xDEDB, 0xCE59, 0x7BF0,
  0x528A, 0x632D, 0x528A, 0x7BF0, 0xB800, 0xB800, 0xB800, 0xB800, 0xB800, 0xB800, 0xB800, 0xB800,
  0xB800, 0xB800, 0xB800, 0xB800, 0xB800, 0xB800, 0xB800, 0xB800, 0xB800, 0xB800, 0xB800, 0xB800,
  0xB800, 0xB800, 0xB800, 0xB800, 0xB800, 0xB800, 0xB800, 0xB800, 0xB800, 0xB800, 0xB800, 0xB800,
  0xB800, 0xB800, 0xB800, 0xB800, 0xB800, 0xB800, 0xB800, 0xB800, 0xB800, 0xB800, 0xB800, 0xB800,
  0xB800, 0xB800, 0xB800, 0xB800, 0xB800, 0xB800, 0xB800, 0xB800, 0xB800, 0xB800, 0xB800, 0xB800,
  0xB800, 0xB800, 0xB800, 0xB800, 0xB800, 0xB800, 0xB800, 0xB800, 0xB800, 0xB800, 0xB800, 0xB800,
  0xB800, 0xB800, 0xB800, 0xB800, 0xB800, 0xB800, 0xB800, 0xB800, 0xB800, 0xB800, 0xC000, 0x5041,
  0x0000, 0x528A, 0xDEFB, 0xCE79, 0xD69A, 0xD69A, 0xD69A, 0xD69A, 0xD69A, 0xD69A, 0xD69A, 0xD69A,
  0xD69A, 0xD69A, 0xD69A, 0xD69A, 0xD69A, 0xD69A, 0xD69A, 0xD69A, 0xD69A, 0xD69A, 0xD69A, 0xD69A,
  0xD69A, 0xD69A, 0xD69A, 0xD69A, 0xD69A, 0xD69A, 0xD69A, 0xD69A, 0xD69A, 0xD69A, 0xD69A, 0xD69A,
  0xD69A, 0xD69A, 0xD69A, 0xD69A, 0xD69A, 0xD69A, 0xD69A, 0xD69A, 0xD69A, 0xCE79, 0xDEDB, 0xBA49,
  0xB000, 0xB820, 0xB800, 0xB800, 0xB800, 0xB800, 0xB800, 0xB800, 0xB800, 0xB800, 0xB800, 0xB800,
  0xB800, 0xB800, 0xB800, 0xB800, 0xB800, 0xB800, 0xB800, 0xB800, 0xB800, 0xB800, 0xB800, 0xB800,
  0xB800, 0xB800, 0xB800, 0xB800, 0xB800, 0xB800, 0xB800, 0xB800, 0xC000, 0xB021, 0x8041, 0x4020,
  0x1000, 0x0000, 0x0000, 0x0000, 0x0000, 0x0000, 0x0000, 0x0000, 0x0000, 0x0000, 0x0000, 0x0000,
  0x0000, 0x0000, 0x0000, 0x0000, 0x0000, 0x0000, 0x0000, 0x0000, 0x0000, 0x0000, 0x0000, 0x0000,
  0x0000, 0x0000, 0x0000, 0x0000, 0x0000, 0x0000, 0x0000, 0x0000, 0x0000, 0x0000, 0x0000, 0x0000,
  0x0000, 0x0000, 0x0000, 0x0000, 0x0000, 0x0000, 0x0000, 0x0000, 0x0000, 0x0000, 0x0000, 0x0000,
  0x0000, 0x0000, 0x0000, 0x0000, 0x0000, 0x0000, 0x0000, 0x0000, 0x0000, 0x0000, 0x0000, 0x0000,
  0x0000, 0x0000, 0x0000, 0x0000, 0x0000, 0x0000, 0x0000, 0x0000, 0x0000, 0x2965, 0xCE79, 0xCE79,
  0xCE79, 0xCE79, 0x632C, 0x0000, 0x0000, 0x0020, 0x0000, 0x0000, 0x4A69, 0xDEDB, 0xD6BA, 0x6B4D,
  0x632C, 0xB5B6, 0xDEDB, 0xD6BA, 0x94B2, 0x52AB, 0x8C51, 0xD6BA, 0xB800, 0xB800, 0xB800, 0xB800,
  0xB800, 0xB800, 0xB800, 0xB800, 0xB800, 0xB800, 0xB800, 0xB800, 0xB800, 0xB800, 0xB800, 0xB800,
  0xB800, 0xB800, 0xB800, 0xB800, 0xB800, 0xB800, 0xB800, 0xB800, 0xB800, 0xB800, 0xB800, 0xB800,
  0xB800, 0xB800, 0xB800, 0xB800, 0xB800, 0xB800, 0xB800, 0xB800, 0xB800, 0xB800, 0xB800, 0xB800,
  0xB800, 0xB800, 0xB800, 0xB800, 0xB800, 0xB800, 0xB800, 0xB800, 0xB800, 0xB800, 0xB800, 0xB800,
  0xB800, 0xB800, 0xB800, 0xB800, 0xB800, 0xB800, 0xB800, 0xB800, 0xB800, 0xB800, 0xB800, 0xB800,
  0xB800, 0xB800, 0xB800, 0xB800, 0xB800, 0xB800, 0xB800, 0xB800, 0xB800, 0xB800, 0xB800, 0xB800,
  0xB800, 0xB800, 0xA820, 0x1800, 0x0000, 0xAD75, 0xD6BA, 0xCE79, 0xD69A, 0xD69A, 0xD69A, 0xD69A,
  0xD69A, 0xD69A, 0xD69A, 0xD69A, 0xD69A, 0xD69A, 0xD69A, 0xD69A, 0xD69A, 0xD69A, 0xD69A, 0xD69A,
  0xD69A, 0xD69A, 0xD69A, 0xD69A, 0xD69A, 0xD69A, 0xD69A, 0xD69A, 0xD69A, 0xD69A, 0xD69A, 0xD69A,
  0xD69A, 0xD69A, 0xD69A, 0xD69A, 0xD69A, 0xD69A, 0xD69A, 0xD69A, 0xD69A, 0xD69A, 0xD69A, 0xD69A,
  0xCE99, 0xCE9A, 0xD659, 0xB904, 0xB800, 0xB800, 0xB800, 0xB800, 0xB800, 0xB800, 0xB800, 0xB800,
  0xB800, 0xB800, 0xB800, 0xB800, 0xB800, 0xB800, 0xB800, 0xB800, 0xB800, 0xB800, 0xB800, 0xB800,
  0xB800, 0xB800, 0xB800, 0xB800, 0xB800, 0xB800, 0xB800, 0xB800, 0xB800, 0xB800, 0xB820, 0xA041,
  0x6041, 0x3000, 0x0000, 0x0000, 0x0000, 0x0000, 0x0000, 0x0000, 0x0000, 0x0000, 0x0000, 0x0000,
  0x0000, 0x0000, 0x0000, 0x0000, 0x0000, 0x0000, 0x0000, 0x0000, 0x0000, 0x0000, 0x0000, 0x0000,
  0x0000, 0x0000, 0x0000, 0x0000, 0x0000, 0x0000, 0x0000, 0x0000, 0x0000, 0x0000, 0x0000, 0x0000,
  0x0000, 0x0000, 0x0000, 0x0000, 0x0000, 0x0000, 0x0000, 0x0000, 0x0000, 0x0000, 0x0000, 0x0000,
  0x0000, 0x0000, 0x0000, 0x0000, 0x0000, 0x0000, 0x0000, 0x0000, 0x0000, 0x0000, 0x0000, 0x0000,
  0x0000, 0x0000, 0x0000, 0x0000, 0x0000, 0x0000, 0x0000, 0x0000, 0x0000, 0x0000, 0x0000, 0x0000,
  0x0000, 0x0000, 0xB596, 0xD69A, 0xDEDB, 0x8410, 0x0000, 0x0020, 0x0000, 0x0000, 0x0000, 0x630C,
  0xE71C, 0xBDF7, 0xC618, 0x738E, 0x5ACB, 0x5AEB, 0x9CF3, 0xD6BA, 0xD6BB, 0xB5B7, 0xD6BB, 0xCE59,
  0xB800, 0xB800, 0xB800, 0xB800, 0xB800, 0xB800, 0xB800, 0xB800, 0xB800, 0xB800, 0xB800, 0xB800,
  0xB800, 0xB800, 0xB800, 0xB800, 0xB800, 0xB800, 0xB800, 0xB800, 0xB800, 0xB800, 0xB800, 0xB800,
  0xB800, 0xB800, 0xB800, 0xB800, 0xB800, 0xB800, 0xB800, 0xB800, 0xB800, 0xB800, 0xB800, 0xB800,
  0xB800, 0xB800, 0xB800, 0xB800, 0xB800, 0xB800, 0xB800, 0xB800, 0xB800, 0xB800, 0xB800, 0xB800,
  0xB800, 0xB800, 0xB800, 0xB800, 0xB800, 0xB800, 0xB800, 0xB800, 0xB800, 0xB800, 0xB800, 0xB800,
  0xB800, 0xB800, 0xB800, 0xB800, 0xB800, 0xB800, 0xB800, 0xB800, 0xB800, 0xB800, 0xB800, 0xB800,
  0xB800, 0xB800, 0xB800, 0xB800, 0xB800, 0xC000, 0x7041, 0x0000, 0x4A29, 0xDEFB, 0xCE79, 0xD69A,
  0xD69A, 0xD69A, 0xD69A, 0xD69A, 0xD69A, 0xD69A, 0xD69A, 0xD69A, 0xD69A, 0xD69A, 0xD69A, 0xD69A,
  0xD69A, 0xD69A, 0xD69A, 0xD69A, 0xD69A, 0xD69A, 0xD69A, 0xD69A, 0xD69A, 0xD69A, 0xD69A, 0xD69A,
  0xD69A, 0xD69A, 0xD69A, 0xD69A, 0xD69A, 0xD69A, 0xD69A, 0xD69A, 0xD69A, 0xD69A, 0xD69A, 0xD69A,
  0xD69A, 0xD69A, 0xD69A, 0xD69A, 0xCE79, 0xD6DA, 0xD554, 0xB000, 0xB800, 0xB800, 0xB800, 0xB800,
  0xB800, 0xB800, 0xB800, 0xB800, 0xB800, 0xB800, 0xB800, 0xB800, 0xB800, 0xB800, 0xB800, 0xB800,
  0xB800, 0xB800, 0xB800, 0xB800, 0xB800, 0xB800, 0xB800, 0xB800, 0xB800, 0xB800, 0xB820, 0xB820,
  0xA820, 0x8841, 0x4821, 0x1800, 0x0000, 0x0000, 0x0000, 0x0000, 0x0000, 0x0000, 0x0000, 0x0000,
  0x0000, 0x0000, 0x0000, 0x0000, 0x0000, 0x0000, 0x0000, 0x0000, 0x0000, 0x0000, 0x0000, 0x0000,
  0x0000, 0x0000, 0x0000, 0x0000, 0x0000, 0x0000, 0x0000, 0x0000, 0x0000, 0x0000, 0x0000, 0x0000,
  0x0000, 0x0000, 0x0000, 0x0000, 0x0000, 0x0000, 0x0000, 0x0000, 0x0000, 0x0000, 0x0000, 0x0000,
  0x0000, 0x0000, 0x0000, 0x0000, 0x0000, 0x0000, 0x0000, 0x0000, 0x0000, 0x0000, 0x0000, 0x0000,
  0x0000, 0x0000, 0x0000, 0x0000, 0x0000, 0x0000, 0x0000, 0x0000, 0x0000, 0x0000, 0x0000, 0x0000,
  0x0000, 0x0000, 0x0000, 0x0000, 0x0000, 0x0000, 0xAD75, 0xD6BA, 0xCE79, 0xD69A, 0x4228, 0x0000,
  0x0000, 0x0000, 0x7BCF, 0xE73C, 0xB596, 0x5AEB, 0xC638, 0x7BCF, 0x8C51, 0x73AE, 0x4A69, 0x8C51,
  0xCE79, 0xDEFC, 0xC618, 0x6B4D, 0xB800, 0xB800, 0xB800, 0xB800, 0xB800, 0xB800, 0xB800, 0xB800,
  0xB800, 0xB800, 0xB800, 0xB800, 0xB800, 0xB800, 0xB800, 0xB800, 0xB800, 0xB800, 0xB800, 0xB800,
  0xB800, 0xB800, 0xB800, 0xB800, 0xB800, 0xB800, 0xB800, 0xB800, 0xB800, 0xB800, 0xB800, 0xB800,
  0xB800, 0xB800, 0xB800, 0xB800, 0xB800, 0xB800, 0xB800, 0xB800, 0xB800, 0xB800, 0xB800, 0xB800,
  0xB800, 0xB800, 0xB800, 0xB800, 0xB800, 0xB800, 0xB800, 0xB800, 0xB800, 0xB800, 0xB800, 0xB800,
  0xB800, 0xB800, 0xB800, 0xB800, 0xB800, 0xB800, 0xB800, 0xB800, 0xB800, 0xB800, 0xB800, 0xB800,
  0xB800, 0xB800, 0xB800, 0xB800, 0xB800, 0xB800, 0xB800, 0xB800, 0xB800, 0xB821, 0x3821, 0x0000,
  0xA4F4, 0xDEDB, 0xCE79, 0xD69A, 0xD69A, 0xD69A, 0xD69A, 0xD69A, 0xD69A, 0xD69A, 0xD69A, 0xD69A,
  0xD69A, 0xD69A, 0xD69A, 0xD69A, 0xD69A, 0xD69A, 0xD69A, 0xD69A, 0xD69A, 0xD69A, 0xD69A, 0xD69A,
  0xD69A, 0xD69A, 0xD69A, 0xD69A, 0xD69A, 0xD69A, 0xD69A, 0xD69A, 0xD69A, 0xD69A, 0xD69A, 0xD69A,
  0xD69A, 0xD69A, 0xD69A, 0xD69A, 0xD69A, 0xD69A, 0xD69A, 0xD69A, 0xCE79, 0xD6FB, 0xCBEF, 0xB000,
  0xB800, 0xB800, 0xB800, 0xB800, 0xB800, 0xB800, 0xB800, 0xB800, 0xB800, 0xB800, 0xB800, 0xB800,
  0xB800, 0xB800, 0xB800, 0xB800, 0xB800, 0xB800, 0xB800, 0xB800, 0xB800, 0xB800, 0xB800, 0xC000,
  0xB820, 0xA820, 0x8841, 0x5821, 0x2020, 0x0000, 0x0000, 0x0000, 0x0000, 0x0000, 0x0000, 0x0000,
  0x0000, 0x0000, 0x0000, 0x0000, 0x0000, 0x0000, 0x0000, 0x0000, 0x0000, 0x0000, 0x0000, 0x0000,
  0x0000, 0x0000, 0x0000, 0x0000, 0x0000, 0x0000, 0x0000, 0x0000, 0x0000, 0x0000, 0x0000, 0x0000,
  0x0000, 0x0000, 0x0000, 0x0000, 0x0000, 0x0000, 0x0000, 0x0000, 0x0000, 0x0000, 0x0000, 0x0000,
  0x0000, 0x0000, 0x0000, 0x0000, 0x0000, 0x0000, 0x0000, 0x0000, 0x0000, 0x0000, 0x0000, 0x0000,
  0x0000, 0x0000, 0x0000, 0x0000, 0x0000, 0x0000, 0x0000, 0x0000, 0x0000, 0x0000, 0x0000, 0x0000,
  0x0000, 0x0000, 0x0000, 0x0000, 0x0000, 0x0000, 0x0000, 0x0000, 0x0000, 0x0000, 0xA534, 0xD6BA,
  0xCE79, 0xD69A, 0xCE79, 0x2965, 0x0000, 0xA514, 0xEF5D, 0xDEDB, 0xAD55, 0x5ACB, 0xCE39, 0x8410,
  0x9492, 0xD69A, 0x7BCF, 0x4A69, 0x7BCF, 0xAD55, 0x632D, 0x5ACB, 0xB800, 0xB800, 0xB800, 0xB800,
  0xB800, 0xB800, 0xB800, 0xB800, 0xB800, 0xB800, 0xB800, 0xB800, 0xB800, 0xB800, 0xB800, 0xB800,
  0xB800, 0xB800, 0xB800, 0xB800, 0xB800, 0xB800, 0xB800, 0xB800, 0xB800, 0xB800, 0xB800, 0xB800,
  0xB800, 0xB800, 0xB800, 0xB800, 0xB800, 0xB800, 0xB800, 0xB800, 0xB800, 0xB800, 0xB800, 0xB800,
  0xB800, 0xB800, 0xB800, 0xB800, 0xB800, 0xB800, 0xB800, 0xB800, 0xB800, 0xB800, 0xB800, 0xB800,
  0xB800, 0xB800, 0xB800, 0xB800, 0xB800, 0xB800, 0xB800, 0xB800, 0xB800, 0xB800, 0xB800, 0xB800,
  0xB800, 0xB800, 0xB800, 0xB800, 0xB800, 0xB800, 0xB800, 0xB800, 0xB800, 0xB800, 0xB800, 0xB800,
  0xC000, 0xA041, 0x0800, 0x2986, 0xDEDB, 0xD69A, 0xD69A, 0xD69A, 0xD69A, 0xD69A, 0xD69A, 0xD69A,
  0xD69A, 0xD69A, 0xD69A, 0xD69A, 0xD69A, 0xD69A, 0xD69A, 0xD69A, 0xD69A, 0xD69A, 0xD69A, 0xD69A,
  0xD69A, 0xD69A, 0xD69A, 0xD69A, 0xD69A, 0xD69A, 0xD69A, 0xD69A, 0xD69A, 0xD69A, 0xD69A, 0xD69A,
  0xD69A, 0xD69A, 0xD69A, 0xD69A, 0xD69A, 0xD69A, 0xD69A, 0xD69A, 0xD69A, 0xD69A, 0xD69A, 0xD69A,
  0xD679, 0xDEDB, 0xBA89, 0xB000, 0xB800, 0xB800, 0xB800, 0xB800, 0xB800, 0xB800, 0xB800, 0xB800,
  0xB800, 0xB800, 0xB800, 0xB800, 0xB800, 0xB800, 0xB800, 0xB800, 0xB800, 0xB800, 0xB800, 0xB800,
  0xB820, 0xA841, 0x9841, 0x8041, 0x5821, 0x3020, 0x0800, 0x0000, 0x0000, 0x0000, 0x0000, 0x0000,
  0x0000, 0x0000, 0x0000, 0x0000, 0x0000, 0x0000, 0x0000, 0x0000, 0x0000, 0x0000, 0x0000, 0x0000,
  0x0000, 0x0000, 0x0000, 0x0000, 0x0000, 0x0000, 0x0000, 0x0000, 0x0000, 0x0000, 0x0000, 0x0000,
  0x0000, 0x0000, 0x0000, 0x0000, 0x0000, 0x0000, 0x0000, 0x0000, 0x0000, 0x0000, 0x0000, 0x0000,
  0x0000, 0x0000, 0x0000, 0x0000, 0x0000, 0x0000, 0x0000, 0x0000, 0x0000, 0x0000, 0x0000, 0x0000,
  0x0000, 0x0000, 0x0000, 0x0000, 0x0000, 0x0000, 0x0000, 0x0000, 0x0000, 0x0000, 0x0000, 0x0000,
  0x0000, 0x0000, 0x0000, 0x0000, 0x0000, 0x0000, 0x0000, 0x0000, 0x0000, 0x0000, 0x0000, 0x0000,
  0x0000, 0x0000, 0xA534, 0xD6BA, 0xCE79, 0xCE79, 0xD6BA, 0xC618, 0x2945, 0x31A6, 0x39C7, 0x528A,
  0x7BCF, 0x4208, 0xB596, 0x9CD3, 0x8431, 0xEF5D, 0xE71C, 0x9CD3, 0x5ACB, 0x52AA, 0x630C, 0xB596,
  0xB800, 0xB800, 0xB800, 0xB800, 0xB800, 0xB800, 0xB800, 0xB800, 0xB800, 0xB800, 0xB800, 0xB800,
  0xB800, 0xB800, 0xB800, 0xB800, 0xB800, 0xB800, 0xB800, 0xB800, 0xB800, 0xB800, 0xB800, 0xB800,
  0xB800, 0xB800, 0xB800, 0xB800, 0xB800, 0xB800, 0xB800, 0xB800, 0xB800, 0xB800, 0xB800, 0xB800,
  0xB800, 0xB800, 0xB800, 0xB800, 0xB800, 0xB800, 0xB800, 0xB800, 0xB800, 0xB800, 0xB800, 0xB800,
  0xB800, 0xB800, 0xB800, 0xB800, 0xB800, 0xB800, 0xB800, 0xB800, 0xB800, 0xB800, 0xB800, 0xB800,
  0xB800, 0xB800, 0xB800, 0xB800, 0xB800, 0xB800, 0xB800, 0xB800, 0xB800, 0xB800, 0xB800, 0xB800,
  0xB800, 0xB800, 0xB800, 0xB800, 0xC000, 0x7041, 0x0000, 0x8430, 0xDF1C, 0xCE79, 0xD69A, 0xD69A,
  0xD69A, 0xD69A, 0xD69A, 0xD69A, 0xD69A, 0xD69A, 0xD69A, 0xD69A, 0xD69A, 0xD69A, 0xD69A, 0xD69A,
  0xD69A, 0xD69A, 0xD69A, 0xD69A, 0xD69A, 0xD69A, 0xD69A, 0xD69A, 0xD69A, 0xD69A, 0xD69A, 0xD69A,
  0xD69A, 0xD69A, 0xD69A, 0xD69A, 0xD69A, 0xD69A, 0xD69A, 0xD69A, 0xD69A, 0xD69A, 0xD69A, 0xD69A,
  0xD69A, 0xD69A, 0xD69A, 0xD699, 0xCE9A, 0xD659, 0xB904, 0xB800, 0xB800, 0xB800, 0xB800, 0xB800,
  0xB800, 0xB800, 0xB800, 0xB800, 0xB800, 0xB800, 0xB800, 0xB800, 0xB800, 0xB800, 0xB800, 0xB800,
  0xB800, 0xB800, 0xC000, 0xA041, 0x5041, 0x2000, 0x1800, 0x0000, 0x0000, 0x0000, 0x0000, 0x0000,
  0x0000, 0x0000, 0x0000, 0x0000, 0x0000, 0x0000, 0x0000, 0x0000, 0x0000, 0x0000, 0x0000, 0x0000,
  0x0000, 0x0000, 0x0000, 0x0000, 0x0000, 0x0000, 0x0000, 0x0000, 0x0000, 0x0000, 0x0000, 0x0000,
  0x0000, 0x0000, 0x0000, 0x0000, 0x0000, 0x0000, 0x0000, 0x0000, 0x0000, 0x0000, 0x0000, 0x0000,
  0x0000, 0x0000, 0x0000, 0x0000, 0x0000, 0x0000, 0x0000, 0x0000, 0x0000, 0x0000, 0x0000, 0x0000,
  0x0000, 0x0000, 0x0000, 0x0000, 0x0000, 0x0000, 0x0000, 0x0000, 0x0000, 0x0000, 0x0000, 0x0000,
  0x0000, 0x0000, 0x0000, 0x0000, 0x0000, 0x0000, 0x0000, 0x0000, 0x0000, 0x0000, 0x0000, 0x0000,
  0x0000, 0x0000, 0x0000, 0x0000, 0x0000, 0x0000, 0x6B6D, 0xDEFB, 0xCE59, 0xCE79, 0xCE59, 0xD6BA,
  0xBDD7, 0x738E, 0x528A, 0x3186, 0x18E3, 0x0841, 0x0861, 0x1082, 0x18C3, 0x5ACB, 0x7BCF, 0xA514,
  0x8C71, 0x6B6E, 0xC639, 0xE71C, 0xB800, 0xB800, 0xB800, 0xB800, 0xB800, 0xB800, 0xB800, 0xB800,
  0xB800, 0xB800, 0xB800, 0xB800, 0xB800, 0xB800, 0xB800, 0xB800, 0xB800, 0xB800, 0xB800, 0xB800,
  0xB800, 0xB800, 0xB800, 0xB800, 0xB800, 0xB800, 0xB800, 0xB800, 0xB800, 0xB800, 0xB800, 0xB800,
  0xB800, 0xB800, 0xB800, 0xB800, 0xB800, 0xB800, 0xB800, 0xB800, 0xB800, 0xB800, 0xB800, 0xB800,
  0xB800, 0xB800, 0xB800, 0xB800, 0xB800, 0xB800, 0xB800, 0xB800, 0xB800, 0xB800, 0xB800, 0xB800,
  0xB800, 0xB800, 0xB800, 0xB800, 0xB800, 0xB800, 0xB800, 0xB800, 0xB800, 0xB800, 0xB800, 0xB800,
  0xB800, 0xB800, 0xB800, 0xB800, 0xB800, 0xB800, 0xB800, 0xB800, 0xC000, 0x3800, 0x0882, 0xC618,
  0xD6BA, 0xCE99, 0xCE9A, 0xD69A, 0xD69A, 0xD69A, 0xD69A, 0xD69A, 0xD69A, 0xD69A, 0xD69A, 0xD69A,
  0xD69A, 0xD69A, 0xD69A, 0xD69A, 0xD69A, 0xD69A, 0xD69A, 0xD69A, 0xD69A, 0xD69A, 0xD69A, 0xD69A,
  0xD69A, 0xD69A, 0xD69A, 0xD69A, 0xD69A, 0xD69A, 0xD69A, 0xD69A, 0xD69A, 0xD69A, 0xD69A, 0xD69A,
  0xD69A, 0xD69A, 0xD69A, 0xD69A, 0xD69A, 0xD69A, 0xD69A, 0xCE79, 0xD6BA, 0xD575, 0xB020, 0xB800,
  0xB800, 0xB800, 0xB800, 0xB800, 0xB800, 0xB800, 0xB800, 0xB800, 0xB800, 0xB800, 0xB800, 0xB800,
  0xB800, 0xB800, 0xB800, 0xB800, 0xB800, 0xB020, 0x7841, 0x1800, 0x0000, 0x0000, 0x0000, 0x0000,
  0x0000, 0x0000, 0x0000, 0x0000, 0x0000, 0x0000, 0x0000, 0x0000, 0x0000, 0x0000, 0x0000, 0x0000,
  0x0000, 0x0000, 0x0000, 0x0000, 0x0000, 0x0000, 0x0000, 0x0000, 0x0000, 0x0000, 0x0000, 0x0000,
  0x0000, 0x0000, 0x0000, 0x0000, 0x0000, 0x0000, 0x0000, 0x0000, 0x0000, 0x0000, 0x0000, 0x0000,
  0x0000, 0x0000, 0x0000, 0x0000, 0x0000, 0x0000, 0x0000, 0x0000, 0x0000, 0x0000, 0x0000, 0x0000,
  0x0000, 0x0000, 0x0000, 0x0000, 0x0000, 0x0000, 0x0000, 0x0000, 0x0000, 0x0000, 0x0000, 0x0000,
  0x0000, 0x0000, 0x0000, 0x0000, 0x0000, 0x0000, 0x0000, 0x0000, 0x0000, 0x0000, 0x0000, 0x0000,
  0x0000, 0x0000, 0x0000, 0x0000, 0x0000, 0x0000, 0x0000, 0x0000, 0x0000, 0x0000, 0x0000, 0xA514,
  0xDEDB, 0xCE79, 0xD69A, 0xCE79, 0xD6BA, 0xE71C, 0xE71C, 0xDEDB, 0xCE79, 0xBDD7, 0xA514, 0x7BEF,
  0x52AA, 0x2965, 0x1081, 0x0000, 0x0841, 0x0862, 0x3186, 0x39E7, 0xB800, 0xB800, 0xB800, 0xB800,
  0xB800, 0xB800, 0xB800, 0xB800, 0xB800, 0xB800, 0xB800, 0xB800, 0xB800, 0xB800, 0xB800, 0xB800,
  0xB800, 0xB800, 0xB800, 0xB800, 0xB800, 0xB800, 0xB800, 0xB800, 0xB800, 0xB800, 0xB800, 0xB800,
  0xB800, 0xB800, 0xB800, 0xB800, 0xB800, 0xB800, 0xB800, 0xB800, 0xB800, 0xB800, 0xB800, 0xB800,
  0xB800, 0xB800, 0xB800, 0xB800, 0xB800, 0xB800, 0xB800, 0xB800, 0xB800, 0xB800, 0xB800, 0xB800,
  0xB800, 0xB800, 0xB800, 0xB800, 0xB800, 0xB800, 0xB800, 0xB800, 0xB800, 0xB800, 0xB800, 0xB800,
  0xB800, 0xB800, 0xB800, 0xB800, 0xB800, 0xB800, 0xB800, 0xB800, 0xB800, 0xB800, 0xB800, 0xB800,
  0xB041, 0x1000, 0x4249, 0xE6DB, 0xCE79, 0xD699, 0xCE9A, 0xD69A, 0xD69A, 0xD69A, 0xD69A, 0xD69A,
  0xD69A, 0xD69A, 0xD69A, 0xD69A, 0xD69A, 0xD69A, 0xD69A, 0xD69A, 0xD69A, 0xD69A, 0xD69A, 0xD69A,
  0xD69A, 0xD69A, 0xD69A, 0xD69A, 0xD69A, 0xD69A, 0xD69A, 0xD69A, 0xD69A, 0xD69A, 0xD69A, 0xD69A,
  0xD69A, 0xD69A, 0xD69A, 0xD69A, 0xD69A, 0xD69A, 0xD69A, 0xD69A, 0xD69A, 0xD69A, 0xD69A, 0xCE79,
  0xD6FB, 0xCC10, 0xB000, 0xB800, 0xB800, 0xB800, 0xB800, 0xB800, 0xB800, 0xB800, 0xB800, 0xB800,
  0xB800, 0xB800, 0xB800, 0xB800, 0xB800, 0xB800, 0xB800, 0xC020, 0x9841, 0x3820, 0x0000, 0x0000,
  0x0000, 0x0000, 0x0000, 0x0000, 0x0000, 0x0000, 0x0000, 0x0000, 0x0000, 0x0000, 0x0000, 0x0000,
  0x0000, 0x0000, 0x0000, 0x0000, 0x0000, 0x0000, 0x0000, 0x0000, 0x0000, 0x0000, 0x0000, 0x0000,
  0x0000, 0x0000, 0x0000, 0x0000, 0x0000, 0x0000, 0x0000, 0x0000, 0x0000, 0x0000, 0x0000, 0x0000,
  0x0000, 0x0000, 0x0000, 0x0000, 0x0000, 0x0000, 0x0000, 0x0000, 0x0000, 0x0000, 0x0000, 0x0000,
  0x0000, 0x0000, 0x0000, 0x0000, 0x0000, 0x0000, 0x0000, 0x0000, 0x0000, 0x0000, 0x0000, 0x0000,
  0x0000, 0x0000, 0x0000, 0x0000, 0x0000, 0x0000, 0x0000, 0x0000, 0x0000, 0x0000, 0x0000, 0x0000,
  0x0000, 0x0000, 0x0000, 0x0000, 0x0000, 0x0000, 0x0000, 0x0000, 0x0000, 0x0000, 0x0000, 0x0000,
  0x0000, 0x0000, 0x0000, 0x2104, 0xCE59, 0xD69A, 0xCE79, 0xCE79, 0xCE79, 0xCE79, 0xCE59, 0xD6BA,
  0xDEFB, 0xDEDB, 0xDEDB, 0xDEFB, 0xDEDB, 0xDEDB, 0xCE79, 0xB5B6, 0x9CD3, 0x73AF, 0x4A6A, 0x2965,
  0xB800, 0xB800, 0xB800, 0xB800, 0xB800, 0xB800, 0xB800, 0xB800, 0xB800, 0xB800, 0xB800, 0xB800,
  0xB800, 0xB800, 0xB800, 0xB800, 0xB800, 0xB800, 0xB800, 0xB800, 0xB800, 0xB800, 0xB800, 0xB800,
  0xB800, 0xB800, 0xB800, 0xB800, 0xB800, 0xB800, 0xB800, 0xB800, 0xB800, 0xB800, 0xB800, 0xB800,
  0xB800, 0xB800, 0xB800, 0xB800, 0xB800, 0xB800, 0xB800, 0xB800, 0xB800, 0xB800, 0xB800, 0xB800,
  0xB800, 0xB800, 0xB800, 0xB800, 0xB800, 0xB800, 0xB800, 0xB800, 0xB800, 0xB800, 0xB800, 0xB800,
  0xB800, 0xB800, 0xB800, 0xB800, 0xB800, 0xB800, 0xB800, 0xB800, 0xB800, 0xB800, 0xB800, 0xB800,
  0xB800, 0xB800, 0xB800, 0xB800, 0x9041, 0x0000, 0x8C50, 0xDEDB, 0xCE79, 0xD699, 0xD69A, 0xD69A,
  0xD69A, 0xD69A, 0xD69A, 0xD69A, 0xD69A, 0xD69A, 0xD69A, 0xD69A, 0xD69A, 0xD69A, 0xD69A, 0xD69A,
  0xD69A, 0xD69A, 0xD69A, 0xD69A, 0xD69A, 0xD69A, 0xD69A, 0xD69A, 0xD69A, 0xD69A, 0xD69A, 0xD69A,
  0xD69A, 0xD69A, 0xD69A, 0xD69A, 0xD69A, 0xD69A, 0xD69A, 0xD69A, 0xD69A, 0xD69A, 0xD69A, 0xD69A,
  0xD69A, 0xD69A, 0xD69A, 0xCE79, 0xD6DB, 0xBA8A, 0xB000, 0xB800, 0xB800, 0xB800, 0xB800, 0xB800,
  0xB800, 0xB800, 0xB800, 0xB800, 0xB800, 0xB800, 0xB800, 0xB800, 0xB800, 0xB800, 0xB021, 0x7041,
  0x1000, 0x0000, 0x0000, 0x0000, 0x0000, 0x0000, 0x0000, 0x0000, 0x0000, 0x0000, 0x0000, 0x0000,
  0x0000, 0x0000, 0x0000, 0x0000, 0x0000, 0x0000, 0x0000, 0x0000, 0x0000, 0x0000, 0x0000, 0x0000,
  0x0000, 0x0000, 0x0000, 0x0000, 0x0000, 0x0000, 0x0000, 0x0000, 0x0000, 0x0000, 0x0000, 0x0000,
  0x0000, 0x0000, 0x0000, 0x0000, 0x0000, 0x0000, 0x0000, 0x0000, 0x0000, 0x0000, 0x0000, 0x0000,
  0x0000, 0x0000, 0x0000, 0x0000, 0x0000, 0x0000, 0x0000, 0x0000, 0x0000, 0x0000, 0x0000, 0x0000,
  0x0000, 0x0000, 0x0000, 0x0000, 0x0000, 0x0000, 0x0000, 0x0000, 0x0000, 0x0000, 0x0000, 0x0000,
  0x0000, 0x0000, 0x0000, 0x0000, 0x0000, 0x0000, 0x0000, 0x0000, 0x0000, 0x0000, 0x0000, 0x0000,
  0x0000, 0x0000, 0x0000, 0x0000, 0x0000, 0x0000, 0x0020, 0x0000, 0x632C, 0xDEFB, 0xCE79, 0xCE79,
  0xCE79, 0xCE79, 0xD6BA, 0xA514, 0x9CD3, 0xBDF7, 0xD69A, 0xDEDB, 0xDEDB, 0xDEDB, 0xD6BA, 0xD6BA,
  0xDEDB, 0xDEDB, 0xDEFB, 0xDEDB, 0xB800, 0xB800, 0xB800, 0xB800, 0xB800, 0xB800, 0xB800, 0xB800,
  0xB800, 0xB800, 0xB800, 0xB800, 0xB800, 0xB800, 0xB800, 0xB800, 0xB800, 0xB800, 0xB800, 0xB800,
  0xB800, 0xB800, 0xB800, 0xB800, 0xB800, 0xB800, 0xB800, 0xB800, 0xB800, 0xB800, 0xB800, 0xB800,
  0xB800, 0xB800, 0xB800, 0xB800, 0xB800, 0xB800, 0xB800, 0xB800, 0xB800, 0xB800, 0xB800, 0xB800,
  0xB800, 0xB800, 0xB800, 0xB800, 0xB800, 0xB800, 0xB800, 0xB800, 0xB800, 0xB800, 0xB800, 0xB800,
  0xB800, 0xB800, 0xB800, 0xB800, 0xB800, 0xB800, 0xB800, 0xB800, 0xB800, 0xB800, 0xB800, 0xB800,
  0xB800, 0xB800, 0xB800, 0xB800, 0xB800, 0xB800, 0xB800, 0xC020, 0x5800, 0x0041, 0xBDD7, 0xD6BA,
  0xCE79, 0xD69A, 0xD69A, 0xD69A, 0xD69A, 0xD69A, 0xD69A, 0xD69A, 0xD69A, 0xD69A, 0xD69A, 0xD69A,
  0xD69A, 0xD69A, 0xD69A, 0xD69A, 0xD69A, 0xD69A, 0xD69A, 0xD69A, 0xD69A, 0xD69A, 0xD69A, 0xD69A,
  0xD69A, 0xD69A, 0xD69A, 0xD69A, 0xD69A, 0xD69A, 0xD69A, 0xD69A, 0xD69A, 0xD69A, 0xD69A, 0xD69A,
  0xD69A, 0xD69A, 0xD69A, 0xD69A, 0xD69A, 0xD69A, 0xD699, 0xCE9A, 0xDE79, 0xB144, 0xB800, 0xB820,
  0xB800, 0xB800, 0xB800, 0xB800, 0xB800, 0xB800, 0xB800, 0xB800, 0xB800, 0xB800, 0xB800, 0xC000,
  0xA840, 0x7841, 0x3020, 0x0000, 0x0000, 0x0000, 0x0000, 0x0000, 0x0000, 0x0000, 0x0000, 0x0000,
  0x0000, 0x0000, 0x0000, 0x0000, 0x0000, 0x0000, 0x0000, 0x0000, 0x0000, 0x0000, 0x0000, 0x0000,
  0x0000, 0x0000, 0x0000, 0x0000, 0x0000, 0x0000, 0x0000, 0x0000, 0x0000, 0x0000, 0x0000, 0x0000,
  0x0000, 0x0000, 0x0000, 0x0000, 0x0000, 0x0000, 0x0000, 0x0000, 0x0000, 0x0000, 0x0000, 0x0000,
  0x0000, 0x0000, 0x0000, 0x0000, 0x0000, 0x0000, 0x0000, 0x0000, 0x0000, 0x0000, 0x0000, 0x0000,
  0x0000, 0x0000, 0x0000, 0x0000, 0x0000, 0x0000, 0x0000, 0x0000, 0x0000, 0x0000, 0x0000, 0x0000,
  0x0000, 0x0000, 0x0000, 0x0000, 0x0000, 0x0000, 0x0000, 0x0000, 0x0000, 0x0000, 0x0000, 0x0000,
  0x0000, 0x0000, 0x0000, 0x0000, 0x0000, 0x0000, 0x0000, 0x0000, 0x0000, 0x0000, 0x0000, 0x0000,
  0x0841, 0xAD55, 0xCE79, 0xD69A, 0xCE79, 0xCE79, 0xDEDB, 0x9CD3, 0x0000, 0x10A2, 0x2945, 0x4A49,
  0x738E, 0x9492, 0xB596, 0xCE59, 0xD6BA, 0xDEDB, 0xCE59, 0xCE59, 0xB800, 0xB800, 0xB800, 0xB800,
  0xB800, 0xB800, 0xB800, 0xB800, 0xB800, 0xB800, 0xB800, 0xB800, 0xB800, 0xB800, 0xB800, 0xB800,
  0xB800, 0xB800, 0xB800, 0xB800, 0xB800, 0xB800, 0xB800, 0xB800, 0xB800, 0xB800, 0xB800, 0xB800,
  0xB800, 0xB800, 0xB800, 0xB800, 0xB800, 0xB800, 0xB800, 0xB800, 0xB800, 0xB800, 0xB800, 0xB800,
  0xB800, 0xB800, 0xB800, 0xB800, 0xB800, 0xB800, 0xB800, 0xB800, 0xB800, 0xB800, 0xB800, 0xB800,
  0xB800, 0xB800, 0xB800, 0xB800, 0xB800, 0xB800, 0xB800, 0xB800, 0xB800, 0xB800, 0xB800, 0xB800,
  0xB800, 0xB800, 0xB800, 0xB800, 0xB800, 0xB800, 0xB800, 0xB800, 0xB800, 0xB800, 0xB800, 0xB041,
  0x1800, 0x2965, 0xD6BA, 0xCE79, 0xCE79, 0xD69A, 0xD69A, 0xD69A, 0xD69A, 0xD69A, 0xD69A, 0xD69A,
  0xD69A, 0xD69A, 0xD69A, 0xD69A, 0xD69A, 0xD69A, 0xD69A, 0xD69A, 0xD69A, 0xD69A, 0xD69A, 0xD69A,
  0xD69A, 0xD69A, 0xD69A, 0xD69A, 0xD69A, 0xD69A, 0xD69A, 0xD69A, 0xD69A, 0xD69A, 0xD69A, 0xD69A,
  0xD69A, 0xD69A, 0xD69A, 0xD69A, 0xD69A, 0xD69A, 0xD69A, 0xD69A, 0xD69A, 0xD69A, 0xD679, 0xD6BA,
  0xD596, 0xB041, 0xB800, 0xB800, 0xB800, 0xB800, 0xB800, 0xB800, 0xB800, 0xB800, 0xB800, 0xB800,
  0xC000, 0xC020, 0xA841, 0x7841, 0x3020, 0x0800, 0x0000, 0x0000, 0x0000, 0x0000, 0x0000, 0x0000,
  0x0000, 0x0000, 0x0000, 0x0000, 0x0000, 0x0000, 0x0000, 0x0000, 0x0000, 0x0000, 0x0000, 0x0000,
  0x0000, 0x0000, 0x0000, 0x0000, 0x0000, 0x0000, 0x0000, 0x0000, 0x0000, 0x0000, 0x0000, 0x0000,
  0x0000, 0x0000, 0x0000, 0x0000, 0x0000, 0x0000, 0x0000, 0x0000, 0x0000, 0x0000, 0x0000, 0x0000,
  0x0000, 0x0000, 0x0000, 0x0000, 0x0000, 0x0000, 0x0000, 0x0000, 0x0000, 0x0000, 0x0000, 0x0000,
  0x0000, 0x0000, 0x0000, 0x0000, 0x0000, 0x0000, 0x0000, 0x0000, 0x0000, 0x0000, 0x0000, 0x0000,
  0x0000, 0x0000, 0x0000, 0x0000, 0x0000, 0x0000, 0x0000, 0x0000, 0x0000, 0x0000, 0x0000, 0x0000,
  0x0000, 0x0000, 0x0000, 0x0000, 0x0000, 0x0000, 0x0000, 0x0000, 0x0000, 0x0000, 0x0000, 0x0000,
  0x0000, 0x0000, 0x0000, 0x0020, 0x0000, 0x528A, 0xA534, 0xD69A, 0xCE79, 0xCE79, 0xCE79, 0xDEFB,
  0x4228, 0x0000, 0x0000, 0x0000, 0x0000, 0x0000, 0x0020, 0x18C3, 0x39E7, 0x632C, 0xC638, 0xDEDB,
  0xB800, 0xB800, 0xB800, 0xB800, 0xB800, 0xB800, 0xB800, 0xB800, 0xB800, 0xB800, 0xB800, 0xB800,
  0xB800, 0xB800, 0xB800, 0xB800, 0xB800, 0xB800, 0xB800, 0xB800, 0xB800, 0xB800, 0xB800, 0xB800,
  0xB800, 0xB800, 0xB800, 0xB800, 0xB800, 0xB800, 0xB800, 0xB800, 0xB800, 0xB800, 0xB800, 0xB800,
  0xB800, 0xB800, 0xB800, 0xB800, 0xB800, 0xB800, 0xB800, 0xB800, 0xB800, 0xB800, 0xB800, 0xB800,
  0xB800, 0xB800, 0xB800, 0xB800, 0xB800, 0xB800, 0xB800, 0xB800, 0xB800, 0xB800, 0xB800, 0xB800,
  0xB800, 0xB800, 0xB800, 0xB800, 0xB800, 0xB800, 0xB800, 0xB800, 0xB800, 0xB800, 0xB800, 0xB800,
  0xB800, 0xB800, 0xC000, 0x8041, 0x0000, 0x5AEB, 0xDEFB, 0xCE79, 0xCE99, 0xD69A, 0xD69A, 0xD69A,
  0xD69A, 0xD69A, 0xD69A, 0xD69A, 0xD69A, 0xD69A, 0xD69A, 0xD69A, 0xD69A, 0xD69A, 0xD69A, 0xD69A,
  0xD69A, 0xD69A, 0xD69A, 0xD69A, 0xD69A, 0xD69A, 0xD69A, 0xD69A, 0xD69A, 0xD69A, 0xD69A, 0xD69A,
  0xD69A, 0xD69A, 0xD69A, 0xD69A, 0xD69A, 0xD69A, 0xD69A, 0xD69A, 0xD69A, 0xD69A, 0xD69A, 0xD69A,
  0xD69A, 0xD69A, 0xCE79, 0xD6FB, 0xC471, 0xB000, 0xC041, 0xC020, 0xC000, 0xC000, 0xB800, 0xB800,
  0xB800, 0xB800, 0xC000, 0xB820, 0x9841, 0x6841, 0x2820, 0x0000, 0x0000, 0x0000, 0x0000, 0x0000,
  0x0000, 0x0000, 0x0000, 0x0000, 0x0000, 0x0000, 0x0000, 0x0000, 0x0000, 0x0000, 0x0000, 0x0000,
  0x0000, 0x0000, 0x0000, 0x0000, 0x0000, 0x0000, 0x0000, 0x0000, 0x0000, 0x0000, 0x0000, 0x0000,
  0x0000, 0x0000, 0x0000, 0x0000, 0x0000, 0x0000, 0x0000, 0x0000, 0x0000, 0x0000, 0x0000, 0x0000,
  0x0000, 0x0000, 0x0000, 0x0000, 0x0000, 0x0000, 0x0000, 0x0000, 0x0000, 0x0000, 0x0000, 0x0000,
  0x0000, 0x0000, 0x0000, 0x0000, 0x0000, 0x0000, 0x0000, 0x0000, 0x0000, 0x0000, 0x0000, 0x0000,
  0x0000, 0x0000, 0x0000, 0x0000, 0x0000, 0x0000, 0x0000, 0x0000, 0x0000, 0x0000, 0x0000, 0x0000,
  0x0000, 0x0000, 0x0000, 0x0000, 0x0000, 0x0000, 0x0000, 0x0000, 0x0000, 0x0000, 0x0000, 0x0000,
  0x0000, 0x0000, 0x0000, 0x0000, 0x0000, 0x0000, 0x0000, 0x0000, 0x0000, 0x0861, 0x632C, 0xAD75,
  0xD6BA, 0xCE79, 0xCE79, 0xD6BA, 0xAD75, 0x2945, 0x1082, 0x0000, 0x0000, 0x0000, 0x0000, 0x0000,
  0x0000, 0x5ACB, 0xDEDB, 0xCE79, 0xB800, 0xB800, 0xB800, 0xB800, 0xB800, 0xB800, 0xB800, 0xB800,
  0xB800, 0xB800, 0xB800, 0xB800, 0xB800, 0xB800, 0xB800, 0xB800, 0xB800, 0xB800, 0xB800, 0xB800,
  0xB800, 0xB800, 0xB800, 0xB800, 0xB800, 0xB800, 0xB800, 0xB800, 0xB800, 0xB800, 0xB800, 0xB800,
  0xB800, 0xB800, 0xB800, 0xB800, 0xB800, 0xB800, 0xB800, 0xB800, 0xB800, 0xB800, 0xB800, 0xB800,
  0xB800, 0xB800, 0xB800, 0xB800, 0xB800, 0xB800, 0xB800, 0xB800, 0xB800, 0xB800, 0xB800, 0xB800,
  0xB800, 0xB800, 0xB800, 0xB800, 0xB800, 0xB800, 0xB800, 0xB800, 0xB800, 0xB800, 0xB800, 0xB800,
  0xB800, 0xB800, 0xB800, 0xB800, 0xB800, 0xB800, 0xB801, 0x4841, 0x0000, 0x8C51, 0xDEFB, 0xCE79,
  0xCE9A, 0xCE9A, 0xD69A, 0xD69A, 0xD69A, 0xD69A, 0xD69A, 0xD69A, 0xD69A, 0xD69A, 0xD69A, 0xD69A,
  0xD69A, 0xD69A, 0xD69A, 0xD69A, 0xD69A, 0xD69A, 0xD69A, 0xD69A, 0xD69A, 0xD69A, 0xD69A, 0xD69A,
  0xD69A, 0xD69A, 0xD69A, 0xD69A, 0xD69A, 0xD69A, 0xD69A, 0xD69A, 0xD69A, 0xD69A, 0xD69A, 0xD69A,
  0xD69A, 0xD69A, 0xD69A, 0xD69A, 0xD69A, 0xD69A, 0xCE79, 0xDEFB, 0x72CB, 0x3000, 0x5041, 0x5820,
  0x7041, 0x8841, 0x9841, 0xA841, 0xB021, 0xA841, 0x8041, 0x4820, 0x1800, 0x0000, 0x0000, 0x0000,
  0x0000, 0x0000, 0x0000, 0x0000, 0x0000, 0x0000, 0x0000, 0x0000, 0x0000, 0x0000, 0x0000, 0x0000,
  0x0000, 0x0000, 0x0000, 0x0000, 0x0000, 0x0000, 0x0000, 0x0000, 0x0000, 0x0000, 0x0000, 0x0000,
  0x0000, 0x0000, 0x0000, 0x0000, 0x0000, 0x0000, 0x0000, 0x0000, 0x0000, 0x0000, 0x0000, 0x0000,
  0x0000, 0x0000, 0x0000, 0x0000, 0x0000, 0x0000, 0x0000, 0x0000, 0x0000, 0x0000, 0x0000, 0x0000,
  0x0000, 0x0000, 0x0000, 0x0000, 0x0000, 0x0000, 0x0000, 0x0000, 0x0000, 0x0000, 0x0000, 0x0000,
  0x0000, 0x0000, 0x0000, 0x0000, 0x0000, 0x0000, 0x0000, 0x0000, 0x0000, 0x0000, 0x0000, 0x0000,
  0x0000, 0x0000, 0x0000, 0x0000, 0x0000, 0x0000, 0x0000, 0x0000, 0x0000, 0x0000, 0x0000, 0x0000,
  0x0000, 0x0000, 0x0000, 0x0000, 0x0000, 0x0000, 0x0000, 0x0000, 0x0000, 0x0000, 0x0000, 0x0000,
  0x0000, 0x0000, 0x0861, 0x4A49, 0xD6BA, 0xCE79, 0xCE79, 0xCE79, 0xD69A, 0xD6BA, 0xBDF7, 0xA534,
  0x8C71, 0x4228, 0x0000, 0x0000, 0x2965, 0xD69A, 0xE71C, 0x5ACB, 0xB800, 0xB800, 0xB800, 0xB800,
  0xB800, 0xB800, 0xB800, 0xB800, 0xB800, 0xB800, 0xB800, 0xB800, 0xB800, 0xB800, 0xB800, 0xB800,
  0xB800, 0xB800, 0xB800, 0xB800, 0xB800, 0xB800, 0xB800, 0xB800, 0xB800, 0xB800, 0xB800, 0xB800,
  0xB800, 0xB800, 0xB800, 0xB800, 0xB800, 0xB800, 0xB800, 0xB800, 0xB800, 0xB800, 0xB800, 0xB800,
  0xB800, 0xB800, 0xB800, 0xB800, 0xB800, 0xB800, 0xB800, 0xB800, 0xB800, 0xB800, 0xB800, 0xB800,
  0xB800, 0xB800, 0xB800, 0xB800, 0xB800, 0xB800, 0xB800, 0xB800, 0xB800, 0xB800, 0xB800, 0xB800,
  0xB800, 0xB800, 0xB800, 0xB800, 0xB800, 0xB800, 0xB800, 0xB800, 0xB800, 0xB800, 0xA041, 0x1000,
  0x0000, 0xAD75, 0xDEBA, 0xCE79, 0xCE9A, 0xCE9A, 0xD69A, 0xD69A, 0xD69A, 0xD69A, 0xD69A, 0xD69A,
  0xD69A, 0xD69A, 0xD69A, 0xD69A, 0xD69A, 0xD69A, 0xD69A, 0xD69A, 0xD69A, 0xD69A, 0xD69A, 0xD69A,
  0xD69A, 0xD69A, 0xD69A, 0xD69A, 0xD69A, 0xD69A, 0xD69A, 0xD69A, 0xD69A, 0xD69A, 0xD69A, 0xD69A,
  0xD69A, 0xD69A, 0xD69A, 0xD69A, 0xD69A, 0xD69A, 0xD69A, 0xD69A, 0xD69A, 0xD69A, 0xD67A, 0xD6BA,
  0x2165, 0x0000, 0x0000, 0x0000, 0x0000, 0x0800, 0x1800, 0x2000, 0x3000, 0x2020, 0x0800, 0x0000,
  0x0000, 0x0000, 0x0000, 0x0000, 0x0000, 0x0000, 0x0000, 0x0000, 0x0000, 0x0000, 0x0000, 0x0000,
  0x0000, 0x0000, 0x0000, 0x0000, 0x0000, 0x0000, 0x0000, 0x0000, 0x0000, 0x0000, 0x0000, 0x0000,
  0x0000, 0x0000, 0x0000, 0x0000, 0x0000, 0x0000, 0x0000, 0x0000, 0x0000, 0x0000, 0x0000, 0x0000,
  0x0000, 0x0000, 0x0000, 0x0000, 0x0000, 0x0000, 0x0000, 0x0000, 0x0000, 0x0000, 0x0000, 0x0000,
  0x0000, 0x0000, 0x0000, 0x0000, 0x0000, 0x0000, 0x0000, 0x0000, 0x0000, 0x0000, 0x0000, 0x0000,
  0x0000, 0x0000, 0x0000, 0x0000, 0x0000, 0x0000, 0x0000, 0x0000, 0x0000, 0x0000, 0x0000, 0x0000,
  0x0000, 0x0000, 0x0000, 0x0000, 0x0000, 0x0000, 0x0000, 0x0000, 0x0000, 0x0000, 0x0000, 0x0000,
  0x0000, 0x0000, 0x0000, 0x0000, 0x0000, 0x0000, 0x0000, 0x0000, 0x0000, 0x0000, 0x0000, 0x0000,
  0x0000, 0x0000, 0x0000, 0x0000, 0x0000, 0x0000, 0x0000, 0x0000, 0x9492, 0xDEDB, 0xCE79, 0xCE79,
  0xCE79, 0xCE79, 0xD69A, 0xD6BA, 0xE71C, 0x4208, 0x0000, 0x0020, 0xAD55, 0xE71C, 0xA534, 0x0861,
  0xB800, 0xB800, 0xB800, 0xB800, 0xB800, 0xB800, 0xB800, 0xB800, 0xB800, 0xB800, 0xB800, 0xB800,
  0xB800, 0xB800, 0xB800, 0xB800, 0xB800, 0xB800, 0xB800, 0xB800, 0xB800, 0xB800, 0xB800, 0xB800,
  0xB800, 0xB800, 0xB800, 0xB800, 0xB800, 0xB800, 0xB800, 0xB800, 0xB800, 0xB800, 0xB800, 0xB800,
  0xB800, 0xB800, 0xB800, 0xB800, 0xB800, 0xB800, 0xB800, 0xB800, 0xB800, 0xB800, 0xB800, 0xB800,
  0xB800, 0xB800, 0xB800, 0xB800, 0xB800, 0xB800, 0xB800, 0xB800, 0xB800, 0xB800, 0xB800, 0xB800,
  0xB800, 0xB800, 0xB800, 0xB800, 0xB800, 0xB800, 0xB800, 0xB800, 0xB800, 0xB800, 0xB800, 0xB800,
  0xB000, 0xB820, 0x6841, 0x0000, 0x18A3, 0xCE59, 0xD69A, 0xD679, 0xCE9A, 0xCE9A, 0xD69A, 0xD69A,
  0xD69A, 0xD69A, 0xD69A, 0xD69A, 0xD69A, 0xD69A, 0xD69A, 0xD69A, 0xD69A, 0xD69A, 0xD69A, 0xD69A,
  0xD69A, 0xD69A, 0xD69A, 0xD69A, 0xD69A, 0xD69A, 0xD69A, 0xD69A, 0xD69A, 0xD69A, 0xD69A, 0xD69A,
  0xD69A, 0xD69A, 0xD69A, 0xD69A, 0xD69A, 0xD69A, 0xD69A, 0xD69A, 0xD69A, 0xD69A, 0xD69A, 0xD69A,
  0xD69A, 0xCE79, 0xD6BA, 0xBDD7, 0x0841, 0x0000, 0x0000, 0x0000, 0x0000, 0x0000, 0x0000, 0x0000,
  0x0000, 0x0000, 0x0000, 0x0000, 0x0000, 0x0000, 0x0000, 0x0000, 0x0000, 0x0000, 0x0000, 0x0000,
  0x0000, 0x0000, 0x0000, 0x0000, 0x0000, 0x0000, 0x0000, 0x0000, 0x0000, 0x0000, 0x0000, 0x0000,
  0x0000, 0x0000, 0x0000, 0x0000, 0x0000, 0x0000, 0x0000, 0x0000, 0x0000, 0x0000, 0x0000, 0x0000,
  0x0000, 0x0000, 0x0000, 0x0000, 0x0000, 0x0000, 0x0000, 0x0000, 0x0000, 0x0000, 0x0000, 0x0000,
  0x0000, 0x0000, 0x0000, 0x0000, 0x0000, 0x0000, 0x0000, 0x0000, 0x0000, 0x0000, 0x0000, 0x0000,
  0x0000, 0x0000, 0x0000, 0x0000, 0x0000, 0x0000, 0x0000, 0x0000, 0x0000, 0x0000, 0x0000, 0x0000,
  0x0000, 0x0000, 0x0000, 0x0000, 0x0000, 0x0000, 0x0000, 0x0000, 0x0000, 0x0000, 0x0000, 0x0000,
  0x0000, 0x0000, 0x0000, 0x0000, 0x0000, 0x0000, 0x0000, 0x0000, 0x0000, 0x0000, 0x0000, 0x0000,
  0x0000, 0x0000, 0x0000, 0x0000, 0x0000, 0x0000, 0x0000, 0x0000, 0x0000, 0x0000, 0x0020, 0x0000,
  0x2965, 0xD6BA, 0xCE79, 0xCE79, 0xCE79, 0xCE79, 0xCE59, 0xDEFB, 0x6B4D, 0x0000, 0x0000, 0x738E,
  0xDEFB, 0xD69A, 0x2124, 0x2965, 0xB800, 0xB800, 0xB800, 0xB800, 0xB800, 0xB800, 0xB800, 0xB800,
  0xB800, 0xB800, 0xB800, 0xB800, 0xB800, 0xB800, 0xB800, 0xB800, 0xB800, 0xB800, 0xB800, 0xB800,
  0xB800, 0xB800, 0xB800, 0xB800, 0xB800, 0xB800, 0xB800, 0xB800, 0xB800, 0xB800, 0xB800, 0xB800,
  0xB800, 0xB800, 0xB800, 0xB800, 0xB800, 0xB800, 0xB800, 0xB800, 0xB800, 0xB800, 0xB800, 0xB800,
  0xB800, 0xB800, 0xB800, 0xB800, 0xB800, 0xB800, 0xB800, 0xB800, 0xB800, 0xB800, 0xB800, 0xB800,
  0xB800, 0xB800, 0xB800, 0xB800, 0xB800, 0xB800, 0xB800, 0xB800, 0xB800, 0xB800, 0xB800, 0xB800,
  0xB800, 0xB800, 0xB800, 0xB800, 0xB800, 0xB020, 0x3020, 0x0000, 0x39C7, 0xDEDB, 0xCE79, 0xD69A,
  0xD69A, 0xD69A, 0xD69A, 0xD69A, 0xD69A, 0xD69A, 0xD69A, 0xD69A, 0xD69A, 0xD69A, 0xD69A, 0xD69A,
  0xD69A, 0xD69A, 0xD69A, 0xD69A, 0xD69A, 0xD69A, 0xD69A, 0xD69A, 0xD69A, 0xD69A, 0xD69A, 0xD69A,
  0xD69A, 0xD69A, 0xD69A, 0xD69A, 0xD69A, 0xD69A, 0xD69A, 0xD69A, 0xD69A, 0xD69A, 0xD69A, 0xD69A,
  0xD69A, 0xD69A, 0xD69A, 0xD69A, 0xD69A, 0xCE79, 0xDEFB, 0x8C71, 0x0000, 0x0000, 0x0000, 0x0000,
  0x0000, 0x0000, 0x0000, 0x0000, 0x0000, 0x0000, 0x0000, 0x0000, 0x0000, 0x0000, 0x0000, 0x0000,
  0x0000, 0x0000, 0x0000, 0x0000, 0x0000, 0x0000, 0x0000, 0x0000, 0x0000, 0x0000, 0x0000, 0x0000,
  0x0000, 0x0000, 0x0000, 0x0000, 0x0000, 0x0000, 0x0000, 0x0000, 0x0000, 0x0000, 0x0000, 0x0000,
  0x0000, 0x0000, 0x0000, 0x0000, 0x0000, 0x0000, 0x0000, 0x0000, 0x0000, 0x0000, 0x0000, 0x0000,
  0x0000, 0x0000, 0x0000, 0x0000, 0x0000, 0x0000, 0x0000, 0x0000, 0x0000, 0x0000, 0x0000, 0x0000,
  0x0000, 0x0000, 0x0000, 0x0000, 0x0000, 0x0000, 0x0000, 0x0000, 0x0000, 0x0000, 0x0000, 0x0000,
  0x0000, 0x0000, 0x0000, 0x0000, 0x0000, 0x0000, 0x0000, 0x0000, 0x0000, 0x0000, 0x0000, 0x0000,
  0x0000, 0x0000, 0x0000, 0x0000, 0x0000, 0x0000, 0x0000, 0x0000, 0x0000, 0x0000, 0x0000, 0x0000,
  0x0000, 0x0000, 0x0000, 0x0000, 0x0000, 0x0000, 0x0000, 0x0000, 0x0000, 0x0000, 0x0000, 0x0000,
  0x0000, 0x0000, 0x0000, 0x0000, 0x0000, 0x8C71, 0xDEFB, 0xCE79, 0xCE79, 0xCE79, 0xDEDB, 0xA514,
  0x0000, 0x0000, 0x3186, 0xD69A, 0xDEFB, 0x6B6D, 0x0020, 0x632C, 0xB800, 0xB800, 0xB800, 0xB800,
  0xB800, 0xB800, 0xB800, 0xB800, 0xB800, 0xB800, 0xB800, 0xB800, 0xB800, 0xB800, 0xB800, 0xB800,
  0xB800, 0xB800, 0xB800, 0xB800, 0xB800, 0xB800, 0xB800, 0xB800, 0xB800, 0xB800, 0xB800, 0xB800,
  0xB800, 0xB800, 0xB800, 0xB800, 0xB800, 0xB800, 0xB800, 0xB800, 0xB800, 0xB800, 0xB800, 0xB800,
  0xB800, 0xB800, 0xB800, 0xB800, 0xB800, 0xB800, 0xB800, 0xB800, 0xB800, 0xB800, 0xB800, 0xB800,
  0xB800, 0xB800, 0xB800, 0xB800, 0xB800, 0xB800, 0xB800, 0xB800, 0xB800, 0xB800, 0xB800, 0xB800,
  0xB800, 0xB800, 0xB800, 0xB800, 0xB800, 0xB800, 0xB800, 0xB800, 0xC000, 0x8841, 0x0820, 0x0000,
  0x62EB, 0xDEFB, 0xCE79, 0xD69A, 0xD69A, 0xD69A, 0xD69A, 0xD69A, 0xD69A, 0xD69A, 0xD69A, 0xD69A,
  0xD69A, 0xD69A, 0xD69A, 0xD69A, 0xD69A, 0xD69A, 0xD69A, 0xD69A, 0xD69A, 0xD69A, 0xD69A, 0xD69A,
  0xD69A, 0xD69A, 0xD69A, 0xD69A, 0xD69A, 0xD69A, 0xD69A, 0xD69A, 0xD69A, 0xD69A, 0xD69A, 0xD69A,
  0xD69A, 0xD69A, 0xD69A, 0xD69A, 0xD69A, 0xD69A, 0xD69A, 0xD69A, 0xD69A, 0xCE79, 0xDEFB, 0x5AEB,
  0x0000, 0x0000, 0x0000, 0x0000, 0x0000, 0x0000, 0x0000, 0x0000, 0x0000, 0x0000, 0x0000, 0x0000,
  0x0000, 0x0000, 0x0000, 0x0000, 0x0000, 0x0000, 0x0000, 0x0000, 0x0000, 0x0000, 0x0000, 0x0000,
  0x0000, 0x0000, 0x0000, 0x0000, 0x0000, 0x0000, 0x0000, 0x0000, 0x0000, 0x0000, 0x0000, 0x0000,
  0x0000, 0x0000, 0x0000, 0x0000, 0x0000, 0x0000, 0x0000, 0x0000, 0x0000, 0x0000, 0x0000, 0x0000,
  0x0000, 0x0000, 0x0000, 0x0000, 0x0000, 0x0000, 0x0000, 0x0000, 0x0000, 0x0000, 0x0000, 0x0000,
  0x0000, 0x0000, 0x0000, 0x0000, 0x0000, 0x0000, 0x0000, 0x0000, 0x0000, 0x0000, 0x0000, 0x0000,
  0x0000, 0x0000, 0x0000, 0x0000, 0x0000, 0x0000, 0x0000, 0x0000, 0x0000, 0x0000, 0x0000, 0x0000,
  0x0000, 0x0000, 0x0000, 0x0000, 0x0000, 0x0000, 0x0000, 0x0000, 0x0000, 0x0000, 0x0000, 0x0000,
  0x0000, 0x0000, 0x0000, 0x0000, 0x0000, 0x0000, 0x0000, 0x0000, 0x0000, 0x0000, 0x0000, 0x0000,
  0x0000, 0x0000, 0x0000, 0x0000, 0x0000, 0x0000, 0x0000, 0x0000, 0x0000, 0x2945, 0xD69A, 0xD69A,
  0xD69A, 0xCE79, 0xD6BA, 0xAD75, 0x0020, 0x0000, 0xB596, 0xDEFB, 0xB596, 0x0020, 0x4A49, 0xB5B6,
  0xB800, 0xB800, 0xB800, 0xB800, 0xB800, 0xB800, 0xB800, 0xB800, 0xB800, 0xB800, 0xB800, 0xB800,
  0xB800, 0xB800, 0xB800, 0xB800, 0xB800, 0xB800, 0xB800, 0xB800, 0xB800, 0xB800, 0xB800, 0xB800,
  0xB800, 0xB800, 0xB800, 0xB800, 0xB800, 0xB800, 0xB800, 0xB800, 0xB800, 0xB800, 0xB800, 0xB800,
  0xB800, 0xB800, 0xB800, 0xB800, 0xB800, 0xB800, 0xB800, 0xB800, 0xB800, 0xB800, 0xB800, 0xB800,
  0xB800, 0xB800, 0xB800, 0xB800, 0xB800, 0xB800, 0xB800, 0xB800, 0xB800, 0xB800, 0xB800, 0xB800,
  0xB800, 0xB800, 0xB800, 0xB800, 0xB800, 0xB800, 0xB800, 0xB800, 0xB800, 0xB800, 0xB800, 0xB800,
  0xB800, 0x5021, 0x0020, 0x0000, 0x8430, 0xDEFB, 0xCE79, 0xD69A, 0xD69A, 0xD69A, 0xD69A, 0xD69A,
  0xD69A, 0xD69A, 0xD69A, 0xD69A, 0xD69A, 0xD69A, 0xD69A, 0xD69A, 0xD69A, 0xD69A, 0xD69A, 0xD69A,
  0xD69A, 0xD69A, 0xD69A, 0xD69A, 0xD69A, 0xD69A, 0xD69A, 0xD69A, 0xD69A, 0xD69A, 0xD69A, 0xD69A,
  0xD69A, 0xD69A, 0xD69A, 0xD69A, 0xD69A, 0xD69A, 0xD69A, 0xD69A, 0xD69A, 0xD69A, 0xD69A, 0xD69A,
  0xD69A, 0xCE79, 0xD6BA, 0x2965, 0x0000, 0x0000, 0x0000, 0x0000, 0x0000, 0x0000, 0x0000, 0x0000,
  0x0000, 0x0000, 0x0000, 0x0000, 0x0000, 0x0000, 0x0000, 0x0000, 0x0000, 0x0000, 0x0000, 0x0000,
  0x0000, 0x0000, 0x0000, 0x0000, 0x0000, 0x0000, 0x0000, 0x0000, 0x0000, 0x0000, 0x0000, 0x0000,
  0x0000, 0x0000, 0x0000, 0x0000, 0x0000, 0x0000, 0x0000, 0x0000, 0x0000, 0x0000, 0x0000, 0x0000,
  0x0000, 0x0000, 0x0000, 0x0000, 0x0000, 0x0000, 0x0000, 0x0000, 0x0000, 0x0000, 0x0000, 0x0000,
  0x0000, 0x0000, 0x0000, 0x0000, 0x0000, 0x0000, 0x0000, 0x0000, 0x0000, 0x0000, 0x0000, 0x0000,
  0x0000, 0x0000, 0x0000, 0x0000, 0x0000, 0x0000, 0x0000, 0x0000, 0x0000, 0x0000, 0x0000, 0x0000,
  0x0000, 0x0000, 0x0000, 0x0000, 0x0000, 0x0000, 0x0000, 0x0000, 0x0000, 0x0000, 0x0000, 0x0000,
  0x0000, 0x0000, 0x0000, 0x0000, 0x0000, 0x0000, 0x0000, 0x0000, 0x0000, 0x0000, 0x0000, 0x0000,
  0x0000, 0x0000, 0x0000, 0x0000, 0x0000, 0x0000, 0x0000, 0x0000, 0x0000, 0x0000, 0x0000, 0x0000,
  0x0020, 0x0000, 0x8C51, 0xDEFB, 0xCE79, 0xD69A, 0xCE79, 0xE71C, 0x8410, 0x73AE, 0xDEFB, 0xDEDB,
  0x31A6, 0x18C3, 0x7BEF, 0xD6BA, 0xB800, 0xB800, 0xB800, 0xB800, 0xB800, 0xB800, 0xB800, 0xB800,
  0xB800, 0xB800, 0xB800, 0xB800, 0xB800, 0xB800, 0xB800, 0xB800, 0xB800, 0xB800, 0xB800, 0xB800,
  0xB800, 0xB800, 0xB800, 0xB800, 0xB800, 0xB800, 0xB800, 0xB800, 0xB800, 0xB800, 0xB800, 0xB800,
  0xB800, 0xB800, 0xB800, 0xB800, 0xB800, 0xB800, 0xB800, 0xB800, 0xB800, 0xB800, 0xB800, 0xB800,
  0xB800, 0xB800, 0xB800, 0xB800, 0xB800, 0xB800, 0xB800, 0xB800, 0xB800, 0xB800, 0xB800, 0xB800,
  0xB800, 0xB800, 0xB800, 0xB800, 0xB800, 0xB800, 0xB800, 0xB800, 0xB800, 0xB800, 0xB800, 0xB800,
  0xB800, 0xB800, 0xB800, 0xB800, 0xA821, 0x2000, 0x0000, 0x0000, 0xAD75, 0xDEDB, 0xCE79, 0xD69A,
  0xD69A, 0xD69A, 0xD69A, 0xD69A, 0xD69A, 0xD69A, 0xD69A, 0xD69A, 0xD69A, 0xD69A, 0xD69A, 0xD69A,
  0xD69A, 0xD69A, 0xD69A, 0xD69A, 0xD69A, 0xD69A, 0xD69A, 0xD69A, 0xD69A, 0xD69A, 0xD69A, 0xD69A,
  0xD69A, 0xD69A, 0xD69A, 0xD69A, 0xD69A, 0xD69A, 0xD69A, 0xD69A, 0xD69A, 0xD69A, 0xD69A, 0xD69A,
  0xD69A, 0xD69A, 0xD69A, 0xD69A, 0xCE79, 0xD6BA, 0xBDF7, 0x0861, 0x0000, 0x0000, 0x0000, 0x0000,
  0x0000, 0x0000, 0x0000, 0x0000, 0x0000, 0x0000, 0x0000, 0x0000, 0x0000, 0x0000, 0x0000, 0x0000,
  0x0000, 0x0000, 0x0000, 0x0000, 0x0000, 0x0000, 0x0000, 0x0000, 0x0000, 0x0000, 0x0000, 0x0000,
  0x0000, 0x0000, 0x0000, 0x0000, 0x0000, 0x0000, 0x0000, 0x0000, 0x0000, 0x0000, 0x0000, 0x0000,
  0x0000, 0x0000, 0x0000, 0x0000, 0x0000, 0x0000, 0x0000, 0x0000, 0x0000, 0x0000, 0x0000, 0x0000,
  0x0000, 0x0000, 0x0000, 0x0000, 0x0000, 0x0000, 0x0000, 0x0000, 0x0000, 0x0000, 0x0000, 0x0000,
  0x0000, 0x0000, 0x0000, 0x0000, 0x0000, 0x0000, 0x0000, 0x0000, 0x0000, 0x0000, 0x0000, 0x0000,
  0x0000, 0x0000, 0x0000, 0x0000, 0x0000, 0x0000, 0x0000, 0x0000, 0x0000, 0x0000, 0x0000, 0x0000,
  0x0000, 0x0000, 0x0000, 0x0000, 0x0000, 0x0000, 0x0000, 0x0000, 0x0000, 0x0000, 0x0000, 0x0000,
  0x0000, 0x0000, 0x0000, 0x0000, 0x0000, 0x0000, 0x0000, 0x0000, 0x0000, 0x0000, 0x0000, 0x0000,
  0x0000, 0x0000, 0x0000, 0x0000, 0x0000, 0x0000, 0x2104, 0xCE79, 0xCE79, 0xCE79, 0xCE79, 0xCE79,
  0xD6BA, 0xD69A, 0xDEDB, 0x7BCF, 0x0000, 0x5ACB, 0x94B2, 0xD6BA, 0xB800, 0xB800, 0xB800, 0xB800,
  0xB800, 0xB800, 0xB800, 0xB800, 0xB800, 0xB800, 0xB800, 0xB800, 0xB800, 0xB800, 0xB800, 0xB800,
  0xB800, 0xB800, 0xB800, 0xB800, 0xB800, 0xB800, 0xB800, 0xB800, 0xB800, 0xB800, 0xB800, 0xB800,
  0xB800, 0xB800, 0xB800, 0xB800, 0xB800, 0xB800, 0xB800, 0xB800, 0xB800, 0xB800, 0xB800, 0xB800,
  0xB800, 0xB800, 0xB800, 0xB800, 0xB800, 0xB800, 0xB800, 0xB800, 0xB800, 0xB800, 0xB800, 0xB800,
  0xB800, 0xB800, 0xB800, 0xB800, 0xB800, 0xB800, 0xB800, 0xB800, 0xB800, 0xB800, 0xB800, 0xB800,
  0xB800, 0xB800, 0xB800, 0xB800, 0xB800, 0xB800, 0xB800, 0xC000, 0x7820, 0x0000, 0x0000, 0x18E3,
  0xCE79, 0xD69A, 0xCE79, 0xD69A, 0xD69A, 0xD69A, 0xD69A, 0xD69A, 0xD69A, 0xD69A, 0xD69A, 0xD69A,
  0xD69A, 0xD69A, 0xD69A, 0xD69A, 0xD69A, 0xD69A, 0xD69A, 0xD69A, 0xD69A, 0xD69A, 0xD69A, 0xD69A,
  0xD69A, 0xD69A, 0xD69A, 0xD69A, 0xD69A, 0xD69A, 0xD69A, 0xD69A, 0xD69A, 0xD69A, 0xD69A, 0xD69A,
  0xD69A, 0xD69A, 0xD69A, 0xD69A, 0xD69A, 0xD69A, 0xD69A, 0xD69A, 0xCE79, 0xDEFB, 0x94B2, 0x0000,
  0x0000, 0x0000, 0x0000, 0x0000, 0x0000, 0x0000, 0x0000, 0x0000, 0x0000, 0x0000, 0x0000, 0x0000,
  0x0000, 0x0000, 0x0000, 0x0000, 0x0000, 0x0000, 0x0000, 0x0000, 0x0000, 0x0000, 0x0000, 0x0000,
  0x0000, 0x0000, 0x0000, 0x0000, 0x0000, 0x0000, 0x0000, 0x0000, 0x0000, 0x0000, 0x0000, 0x0000,
  0x0000, 0x0000, 0x0000, 0x0000, 0x0000, 0x0000, 0x0000, 0x0000, 0x0000, 0x0000, 0x0000, 0x0000,
  0x0000, 0x0000, 0x0000, 0x0000, 0x0000, 0x0000, 0x0000, 0x0000, 0x0000, 0x0000, 0x0000, 0x0000,
  0x0000, 0x0000, 0x0000, 0x0000, 0x0000, 0x0000, 0x0000, 0x0000, 0x0000, 0x0000, 0x0000, 0x0000,
  0x0000, 0x0000, 0x0000, 0x0000, 0x0000, 0x0000, 0x0000, 0x0000, 0x0000, 0x0000, 0x0000, 0x0000,
  0x0000, 0x0000, 0x0000, 0x0000, 0x0000, 0x0000, 0x0000, 0x0000, 0x0000, 0x0000, 0x0000, 0x0000,
  0x0000, 0x0000, 0x0000, 0x0000, 0x0000, 0x0000, 0x0000, 0x0000, 0x0000, 0x0000, 0x0000, 0x0000,
  0x0000, 0x0000, 0x0000, 0x0000, 0x0000, 0x0000, 0x0000, 0x0000, 0x0000, 0x0000, 0x0000, 0x7BEF,
  0xDEFB, 0xCE59, 0xD69A, 0xD69A, 0xCE79, 0xCE79, 0xDEDB, 0x4208, 0x738E, 0x6B6D, 0xB5B6, 0xC618,
  0xB800, 0xB800, 0xB800, 0xB800, 0xB800, 0xB800, 0xB800, 0xB800, 0xB800, 0xB800, 0xB800, 0xB800,
  0xB800, 0xB800, 0xB800, 0xB800, 0xB800, 0xB800, 0xB800, 0xB800, 0xB800, 0xB800, 0xB800, 0xB800,
  0xB800, 0xB800, 0xB800, 0xB800, 0xB800, 0xB800, 0xB800, 0xB800, 0xB800, 0xB800, 0xB800, 0xB800,
  0xB800, 0xB800, 0xB800, 0xB800, 0xB800, 0xB800, 0xB800, 0xB800, 0xB800, 0xB800, 0xB800, 0xB800,
  0xB800, 0xB800, 0xB800, 0xB800, 0xB800, 0xB800, 0xB800, 0xB800, 0xB800, 0xB800, 0xB800, 0xB800,
  0xB800, 0xB800, 0xB800, 0xB800, 0xB800, 0xB800, 0xB800, 0xB800, 0xB800, 0xB800, 0xB800, 0xB820,
  0x4020, 0x0000, 0x0000, 0x4208, 0xDEFB, 0xCE79, 0xD69A, 0xD69A, 0xD69A, 0xD69A, 0xD69A, 0xD69A,
  0xD69A, 0xD69A, 0xD69A, 0xD69A, 0xD69A, 0xD69A, 0xD69A, 0xD69A, 0xD69A, 0xD69A, 0xD69A, 0xD69A,
  0xD69A, 0xD69A, 0xD69A, 0xD69A, 0xD69A, 0xD69A, 0xD69A, 0xD69A, 0xD69A, 0xD69A, 0xD69A, 0xD69A,
  0xD69A, 0xD69A, 0xD69A, 0xD69A, 0xD69A, 0xD69A, 0xD69A, 0xD69A, 0xD69A, 0xD69A, 0xD69A, 0xD69A,
  0xCE79, 0xDEFB, 0x630C, 0x0000, 0x0020, 0x0000, 0x0000, 0x0000, 0x0000, 0x0000, 0x0000, 0x0000,
  0x0000, 0x0000, 0x0000, 0x0000, 0x0000, 0x0000, 0x0000, 0x0000, 0x0000, 0x0000, 0x0000, 0x0000,
  0x0000, 0x0000, 0x0000, 0x0000, 0x0000, 0x0000, 0x0000, 0x0000, 0x0000, 0x0000, 0x0000, 0x0000,
  0x0000, 0x0000, 0x0000, 0x0000, 0x0000, 0x0000, 0x0000, 0x0000, 0x0000, 0x0000, 0x0000, 0x0000,
  0x0000, 0x0000, 0x0000, 0x0000, 0x0000, 0x0000, 0x0000, 0x0000, 0x0000, 0x0000, 0x0000, 0x0000,
  0x0000, 0x0000, 0x0000, 0x0000, 0x0000, 0x0000, 0x0000, 0x0000, 0x0000, 0x0000, 0x0000, 0x0000,
  0x0000, 0x0000, 0x0000, 0x0000, 0x0000, 0x0000, 0x0000, 0x0000, 0x0000, 0x0000, 0x0000, 0x0000,
  0x0000, 0x0000, 0x0000, 0x0000, 0x0000, 0x0000, 0x0000, 0x0000, 0x0000, 0x0000, 0x0000, 0x0000,
  0x0000, 0x0000, 0x0000, 0x0000, 0x0000, 0x0000, 0x0000, 0x0000, 0x0000, 0x0000, 0x0000, 0x0000,
  0x0000, 0x0000, 0x0000, 0x0000, 0x0000, 0x0000, 0x0000, 0x0000, 0x0000, 0x0000, 0x0000, 0x0000,
  0x0000, 0x0000, 0x0000, 0x1082, 0xBDF7, 0xD6BA, 0xCE79, 0xD69A, 0xD69A, 0xCE79, 0xD69A, 0xC638,
  0xD69A, 0x8C51, 0xCE79, 0x9CD3, 0xB800, 0xB800, 0xB800, 0xB800, 0xB800, 0xB800, 0xB800, 0xB800,
  0xB800, 0xB800, 0xB800, 0xB800, 0xB800, 0xB800, 0xB800, 0xB800, 0xB800, 0xB800, 0xB800, 0xB800,
  0xB800, 0xB800, 0xB800, 0xB800, 0xB800, 0xB800, 0xB800, 0xB800, 0xB800, 0xB800, 0xB800, 0xB800,
  0xB800, 0xB800, 0xB800, 0xB800, 0xB800, 0xB800, 0xB800, 0xB800, 0xB800, 0xB800, 0xB800, 0xB800,
  0xB800, 0xB800, 0xB800, 0xB800, 0xB800, 0xB800, 0xB800, 0xB800, 0xB800, 0xB800, 0xB800, 0xB800,
  0xB800, 0xB800, 0xB800, 0xB800, 0xB800, 0xB800, 0xB800, 0xB800, 0xB800, 0xB800, 0xB800, 0xB800,
  0xB800, 0xB800, 0xB800, 0xA041, 0x1000, 0x0000, 0x0000, 0x7BCF, 0xDEFB, 0xCE79, 0xD69A, 0xD69A,
  0xD69A, 0xD69A, 0xD69A, 0xD69A, 0xD69A, 0xD69A, 0xD69A, 0xD69A, 0xD69A, 0xD69A, 0xD69A, 0xD69A,
  0xD69A, 0xD69A, 0xD69A, 0xD69A, 0xD69A, 0xD69A, 0xD69A, 0xD69A, 0xD69A, 0xD69A, 0xD69A, 0xD69A,
  0xD69A, 0xD69A, 0xD69A, 0xD69A, 0xD69A, 0xD69A, 0xD69A, 0xD69A, 0xD69A, 0xD69A, 0xD69A, 0xD69A,
  0xD69A, 0xD69A, 0xD69A, 0xD69A, 0xCE79, 0xD6BA, 0x3186, 0x0000, 0x0000, 0x0000, 0x0000, 0x0000,
  0x0000, 0x0000, 0x0000, 0x0000, 0x0000, 0x0000, 0x0000, 0x0000, 0x0000, 0x0000, 0x0000, 0x0000,
  0x0000, 0x0000, 0x0000, 0x0000, 0x0000, 0x0000, 0x0000, 0x0000, 0x0000, 0x0000, 0x0000, 0x0000,
  0x0000, 0x0000, 0x0000, 0x0000, 0x0000, 0x0000, 0x0000, 0x0000, 0x0000, 0x0000, 0x0000, 0x0000,
  0x0000, 0x0000, 0x0000, 0x0000, 0x0000, 0x0000, 0x0000, 0x0000, 0x0000, 0x0000, 0x0000, 0x0000,
  0x0000, 0x0000, 0x0000, 0x0000, 0x0000, 0x0000, 0x0000, 0x0000, 0x0000, 0x0000, 0x0000, 0x0000,
  0x0000, 0x0000, 0x0000, 0x0000, 0x0000, 0x0000, 0x0000, 0x0000, 0x0000, 0x0000, 0x0000, 0x0000,
  0x0000, 0x0000, 0x0000, 0x0000, 0x0000, 0x0000, 0x0000, 0x0000, 0x0000, 0x0000, 0x0000, 0x0000,
  0x0000, 0x0000, 0x0000, 0x0000, 0x0000, 0x0000, 0x0000, 0x0000, 0x0000, 0x0000, 0x0000, 0x0000,
  0x0000, 0x0000, 0x0000, 0x0000, 0x0000, 0x0000, 0x0000, 0x0000, 0x0000, 0x0000, 0x0000, 0x0000,
  0x0000, 0x0000, 0x0000, 0x0000, 0x0000, 0x0000, 0x0000, 0x0000, 0x4228, 0xDEDB, 0xCE79, 0xD69A,
  0xCE79, 0xCE79, 0xCE79, 0xD69A, 0xD69A, 0xC638, 0xD6BA, 0x73AE, 0xB800, 0xB800, 0xB800, 0xB800,
  0xB800, 0xB800, 0xB800, 0xB800, 0xB800, 0xB800, 0xB800, 0xB800, 0xB800, 0xB800, 0xB800, 0xB800,
  0xB800, 0xB800, 0xB800, 0xB800, 0xB800, 0xB800, 0xB800, 0xB800, 0xB800, 0xB800, 0xB800, 0xB800,
  0xB800, 0xB800, 0xB800, 0xB800, 0xB800, 0xB800, 0xB800, 0xB800, 0xB800, 0xB800, 0xB800, 0xB800,
  0xB800, 0xB800, 0xB800, 0xB800, 0xB800, 0xB800, 0xB800, 0xB800, 0xB800, 0xB800, 0xB800, 0xB800,
  0xB800, 0xB800, 0xB800, 0xB800, 0xB800, 0xB800, 0xB800, 0xB800, 0xB800, 0xB800, 0xB800, 0xB800,
  0xB800, 0xB800, 0xB800, 0xB800, 0xB800, 0xB800, 0xC000, 0x7020, 0x0000, 0x0000, 0x0000, 0xA514,
  0xDEDB, 0xCE79, 0xD69A, 0xD69A, 0xD69A, 0xD69A, 0xD69A, 0xD69A, 0xD69A, 0xD69A, 0xD69A, 0xD69A,
  0xD69A, 0xD69A, 0xD69A, 0xD69A, 0xD69A, 0xD69A, 0xD69A, 0xD69A, 0xD69A, 0xD69A, 0xD69A, 0xD69A,
  0xD69A, 0xD69A, 0xD69A, 0xD69A, 0xD69A, 0xD69A, 0xD69A, 0xD69A, 0xD69A, 0xD69A, 0xD69A, 0xD69A,
  0xD69A, 0xD69A, 0xD69A, 0xD69A, 0xD69A, 0xD69A, 0xD69A, 0xCE79, 0xD6BA, 0xC618, 0x0861, 0x0000,
  0x0000, 0x0000, 0x0000, 0x0000, 0x0000, 0x0000, 0x0000, 0x0000, 0x0000, 0x0000, 0x0000, 0x0000,
  0x0000, 0x0000, 0x0000, 0x0000, 0x0000, 0x0000, 0x0000, 0x0000, 0x0000, 0x0000, 0x0000, 0x0000,
  0x0000, 0x0000, 0x0000, 0x0000, 0x0000, 0x0000, 0x0000, 0x0000, 0x0000, 0x0000, 0x0000, 0x0000,
  0x0000, 0x0000, 0x0000, 0x0000, 0x0000, 0x0000, 0x0000, 0x0000, 0x0000, 0x0000, 0x0000, 0x0000,
  0x0000, 0x0000, 0x0000, 0x0000, 0x0000, 0x0000, 0x0000, 0x0000, 0x0000, 0x0000, 0x0000, 0x0000,
  0x0000, 0x0000, 0x0000, 0x0000, 0x0000, 0x0000, 0x0000, 0x0000, 0x0000, 0x0000, 0x0000, 0x0000,
  0x0000, 0x0000, 0x0000, 0x0000, 0x0000, 0x0000, 0x0000, 0x0000, 0x0000, 0x0000, 0x0000, 0x0000,
  0x0000, 0x0000, 0x0000, 0x0000, 0x0000, 0x0000, 0x0000, 0x0000, 0x0000, 0x0000, 0x0000, 0x0000,
  0x0000, 0x0000, 0x0000, 0x0000, 0x0000, 0x0000, 0x0000, 0x0000, 0x0000, 0x0000, 0x0000, 0x0000,
  0x0000, 0x0000, 0x0000, 0x0000, 0x0000, 0x0000, 0x0000, 0x0000, 0x0000, 0x0000, 0x0000, 0x0000,
  0x0000, 0x8410, 0xDEFB, 0xCE79, 0xCE79, 0xCE79, 0xCE79, 0xCE79, 0xCE79, 0xD6BA, 0xC638, 0x632C,
  0xB800, 0xB800, 0xB800, 0xB800, 0xB800, 0xB800, 0xB800, 0xB800, 0xB800, 0xB800, 0xB800, 0xB800,
  0xB800, 0xB800, 0xB800, 0xB800, 0xB800, 0xB800, 0xB800, 0xB800, 0xB800, 0xB800, 0xB800, 0xB800,
  0xB800, 0xB800, 0xB800, 0xB800, 0xB800, 0xB800, 0xB800, 0xB800, 0xB800, 0xB800, 0xB800, 0xB800,
  0xB800, 0xB800, 0xB800, 0xB800, 0xB800, 0xB800, 0xB800, 0xB800, 0xB800, 0xB800, 0xB800, 0xB800,
  0xB800, 0xB800, 0xB800, 0xB800, 0xB800, 0xB800, 0xB800, 0xB800, 0xB800, 0xB800, 0xB800, 0xB800,
  0xB800, 0xB800, 0xB800, 0xB800, 0xB800, 0xB800, 0xB800, 0xB800, 0xB800, 0xB800, 0xC000, 0x4820,
  0x0000, 0x0000, 0x1082, 0xC618, 0xD69A, 0xCE79, 0xD69A, 0xD69A, 0xD69A, 0xD69A, 0xD69A, 0xD69A,
  0xD69A, 0xD69A, 0xD69A, 0xD69A, 0xD69A, 0xD69A, 0xD69A, 0xD69A, 0xD69A, 0xD69A, 0xD69A, 0xD69A,
  0xD69A, 0xD69A, 0xD69A, 0xD69A, 0xD69A, 0xD69A, 0xD69A, 0xD69A, 0xD69A, 0xD69A, 0xD69A, 0xD69A,
  0xD69A, 0xD69A, 0xD69A, 0xD69A, 0xD69A, 0xD69A, 0xD69A, 0xD69A, 0xD69A, 0xD69A, 0xD69A, 0xCE79,
  0xDEDB, 0x9CD3, 0x0000, 0x0000, 0x0000, 0x0000, 0x0000, 0x0000, 0x0000, 0x0000, 0x0000, 0x0000,
  0x0000, 0x0000, 0x0000, 0x0000, 0x0000, 0x0000, 0x0000, 0x0000, 0x0000, 0x0000, 0x0000, 0x0000,
  0x0000, 0x0000, 0x0000, 0x0000, 0x0000, 0x0000, 0x0000, 0x0000, 0x0000, 0x0000, 0x0000, 0x0000,
  0x0000, 0x0000, 0x0000, 0x0000, 0x0000, 0x0000, 0x0000, 0x0000, 0x0000, 0x0000, 0x0000, 0x0000,
  0x0000, 0x0000, 0x0000, 0x0000, 0x0000, 0x0000, 0x0000, 0x0000, 0x0000, 0x0000, 0x0000, 0x0000,
  0x0000, 0x0000, 0x0000, 0x0000, 0x0000, 0x0000, 0x0000, 0x0000, 0x0000, 0x0000, 0x0000, 0x0000,
  0x0000, 0x0000, 0x0000, 0x0000, 0x0000, 0x0000, 0x0000, 0x0000, 0x0000, 0x0000, 0x0000, 0x0000,
  0x0000, 0x0000, 0x0000, 0x0000, 0x0000, 0x0000, 0x0000, 0x0000, 0x0000, 0x0000, 0x0000, 0x0000,
  0x0000, 0x0000, 0x0000, 0x0000, 0x0000, 0x0000, 0x0000, 0x0000, 0x0000, 0x0000, 0x0000, 0x0000,
  0x0000, 0x0000, 0x0000, 0x0000, 0x0000, 0x0000, 0x0000, 0x0000, 0x0000, 0x0000, 0x0000, 0x0000,
  0x0000, 0x0000, 0x0000, 0x0000, 0x0000, 0x0861, 0xBDD7, 0xD69A, 0xCE79, 0xCE79, 0xCE79, 0xCE79,
  0xCE79, 0xD6BA, 0xAD55, 0x6B4D, 0xB800, 0xB800, 0xB800, 0xB800, 0xB800, 0xB800, 0xB800, 0xB800,
  0xB800, 0xB800, 0xB800, 0xB800, 0xB800, 0xB800, 0xB800, 0xB800, 0xB800, 0xB800, 0xB800, 0xB800,
  0xB800, 0xB800, 0xB800, 0xB800, 0xB800, 0xB800, 0xB800, 0xB800, 0xB800, 0xB800, 0xB800, 0xB800,
  0xB800, 0xB800, 0xB800, 0xB800, 0xB800, 0xB800, 0xB800, 0xB800, 0xB800, 0xB800, 0xB800, 0xB800,
  0xB800, 0xB800, 0xB800, 0xB800, 0xB800, 0xB800, 0xB800, 0xB800, 0xB800, 0xB800, 0xB800, 0xB800,
  0xB800, 0xB800, 0xB800, 0xB800, 0xB800, 0xB800, 0xB800, 0xB800, 0xB800, 0xB800, 0xB800, 0xB800,
  0xB800, 0xB800, 0xB020, 0x2820, 0x0000, 0x0000, 0x3186, 0xD6BA, 0xCE79, 0xD69A, 0xD69A, 0xD69A,
  0xD69A, 0xD69A, 0xD69A, 0xD69A, 0xD69A, 0xD69A, 0xD69A, 0xD69A, 0xD69A, 0xD69A, 0xD69A, 0xD69A,
  0xD69A, 0xD69A, 0xD69A, 0xD69A, 0xD69A, 0xD69A, 0xD69A, 0xD69A, 0xD69A, 0xD69A, 0xD69A, 0xD69A,
  0xD69A, 0xD69A, 0xD69A, 0xD69A, 0xD69A, 0xD69A, 0xD69A, 0xD69A, 0xD69A, 0xD69A, 0xD69A, 0xD69A,
  0xD69A, 0xD69A, 0xD69A, 0xCE79, 0xDEFB, 0x632C, 0x0000, 0x0020, 0x0000, 0x0000, 0x0000, 0x0000,
  0x0000, 0x0000, 0x0000, 0x0000, 0x0000, 0x0000, 0x0000, 0x0000, 0x0000, 0x0000, 0x0000, 0x0000,
  0x0000, 0x0000, 0x0000, 0x0000, 0x0000, 0x0000, 0x0000, 0x0000, 0x0000, 0x0000, 0x0000, 0x0000,
  0x0000, 0x0000, 0x0000, 0x0000, 0x0000, 0x0000, 0x0000, 0x0000, 0x0000, 0x0000, 0x0000, 0x0000,
  0x0000, 0x0000, 0x0000, 0x0000, 0x0000, 0x0000, 0x0000, 0x0000, 0x0000, 0x0000, 0x0000, 0x0000,
  0x0000, 0x0000, 0x0000, 0x0000, 0x0000, 0x0000, 0x0000, 0x0000, 0x0000, 0x0000, 0x0000, 0x0000,
  0x0000, 0x0000, 0x0000, 0x0000, 0x0000, 0x0000, 0x0000, 0x0000, 0x0000, 0x0000, 0x0000, 0x0000,
  0x0000, 0x0000, 0x0000, 0x0000, 0x0000, 0x0000, 0x0000, 0x0000, 0x0000, 0x0000, 0x0000, 0x0000,
  0x0000, 0x0000, 0x0000, 0x0000, 0x0000, 0x0000, 0x0000, 0x0000, 0x0000, 0x0000, 0x0000, 0x0000,
  0x0000, 0x0000, 0x0000, 0x0000, 0x0000, 0x0000, 0x0000, 0x0000, 0x0000, 0x0000, 0x0000, 0x0000,
  0x0000, 0x0000, 0x0000, 0x0000, 0x0000, 0x0000, 0x0000, 0x0000, 0x0000, 0x0000, 0x4228, 0xDEDB,
  0xCE79, 0xCE79, 0xCE79, 0xCE79, 0xCE79, 0xDEDB, 0x8430, 0x8430, 0xB800, 0xB800, 0xB800, 0xB800,
  0xB800, 0xB800, 0xB800, 0xB800, 0xB800, 0xB800, 0xB800, 0xB800, 0xB800, 0xB800, 0xB800, 0xB800,
  0xB800, 0xB800, 0xB800, 0xB800, 0xB800, 0xB800, 0xB800, 0xB800, 0xB800, 0xB800, 0xB800, 0xB800,
  0xB800, 0xB800, 0xB800, 0xB800, 0xB800, 0xB800, 0xB800, 0xB800, 0xB800, 0xB800, 0xB800, 0xB800,
  0xB800, 0xB800, 0xB800, 0xB800, 0xB800, 0xB800, 0xB800, 0xB800, 0xB800, 0xB800, 0xB800, 0xB800,
  0xB800, 0xB800, 0xB800, 0xB800, 0xB800, 0xB800, 0xB800, 0xB800, 0xB800, 0xB800, 0xB800, 0xB800,
  0xB800, 0xB800, 0xB800, 0xB800, 0xB800, 0xC000, 0xA021, 0x0800, 0x0020, 0x0000, 0x5ACB, 0xDEFB,
  0xCE79, 0xD69A, 0xD69A, 0xD69A, 0xD69A, 0xD69A, 0xD69A, 0xD69A, 0xD69A, 0xD69A, 0xD69A, 0xD69A,
  0xD69A, 0xD69A, 0xD69A, 0xD69A, 0xD69A, 0xD69A, 0xD69A, 0xD69A, 0xD69A, 0xD69A, 0xD69A, 0xD69A,
  0xD69A, 0xD69A, 0xD69A, 0xD69A, 0xD69A, 0xD69A, 0xD69A, 0xD69A, 0xD69A, 0xD69A, 0xD69A, 0xD69A,
  0xD69A, 0xD69A, 0xD69A, 0xD69A, 0xD69A, 0xD69A, 0xD69A, 0xCE79, 0xDEDB, 0x39C7, 0x0000, 0x0000,
  0x0000, 0x0000, 0x0000, 0x0000, 0x0000, 0x0000, 0x0000, 0x0000, 0x0000, 0x0000, 0x0000, 0x0000,
  0x0000, 0x0000, 0x0000, 0x0000, 0x0000, 0x0000, 0x0000, 0x0000, 0x0000, 0x0000, 0x0000, 0x0000,
  0x0000, 0x0000, 0x0000, 0x0000, 0x0000, 0x0000, 0x0000, 0x0000, 0x0000, 0x0000, 0x0000, 0x0000,
  0x0000, 0x0000, 0x0000, 0x0000, 0x0000, 0x0000, 0x0000, 0x0000, 0x0000, 0x0000, 0x0000, 0x0000,
  0x0000, 0x0000, 0x0000, 0x0000, 0x0000, 0x0000, 0x0000, 0x0000, 0x0000, 0x0000, 0x0000, 0x0000,
  0x0000, 0x0000, 0x0000, 0x0000, 0x0000, 0x0000, 0x0000, 0x0000, 0x0000, 0x0000, 0x0000, 0x0000,
  0x0000, 0x0000, 0x0000, 0x0000, 0x0000, 0x0000, 0x0000, 0x0000, 0x0000, 0x0000, 0x0000, 0x0000,
  0x0000, 0x0000, 0x0000, 0x0000, 0x0000, 0x0000, 0x0000, 0x0000, 0x0000, 0x0000, 0x0000, 0x0000,
  0x0000, 0x0000, 0x0000, 0x0000, 0x0000, 0x0000, 0x0000, 0x0000, 0x0000, 0x0000, 0x0000, 0x0000,
  0x0000, 0x0000, 0x0000, 0x0000, 0x0000, 0x0000, 0x0000, 0x0000, 0x0000, 0x0000, 0x0000, 0x0000,
  0x0000, 0x0000, 0x2104, 0xD6BA, 0xCE79, 0xCE79, 0xCE79, 0xCE79, 0xCE79, 0xD6BA, 0xAD75, 0xB5B6,
  0xB800, 0xB800, 0xB800, 0xB800, 0xB800, 0xB800, 0xB800, 0xB800, 0xB800, 0xB800, 0xB800, 0xB800,
  0xB800, 0xB800, 0xB800, 0xB800, 0xB800, 0xB800, 0xB800, 0xB800, 0xB800, 0xB800, 0xB800, 0xB800,
  0xB800, 0xB800, 0xB800, 0xB800, 0xB800, 0xB800, 0xB800, 0xB800, 0xB800, 0xB800, 0xB800, 0xB800,
  0xB800, 0xB800, 0xB800, 0xB800, 0xB800, 0xB800, 0xB800, 0xB800, 0xB800, 0xB800, 0xB800, 0xB800,
  0xB800, 0xB800, 0xB800, 0xB800, 0xB800, 0xB800, 0xB800, 0xB800, 0xB800, 0xB800, 0xB800, 0xB800,
  0xB800, 0xB800, 0xB800, 0xB800, 0xB800, 0xB800, 0xB800, 0xB800, 0xB800, 0xC000, 0x8021, 0x0000,
  0x0020, 0x0000, 0x8410, 0xE71C, 0xCE79, 0xD69A, 0xD69A, 0xD69A, 0xD69A, 0xD69A, 0xD69A, 0xD69A,
  0xD69A, 0xD69A, 0xD69A, 0xD69A, 0xD69A, 0xD69A, 0xD69A, 0xD69A, 0xD69A, 0xD69A, 0xD69A, 0xD69A,
  0xD69A, 0xD69A, 0xD69A, 0xD69A, 0xD69A, 0xD69A, 0xD69A, 0xD69A, 0xD69A, 0xD69A, 0xD69A, 0xD69A,
  0xD69A, 0xD69A, 0xD69A, 0xD69A, 0xD69A, 0xD69A, 0xD69A, 0xD69A, 0xD69A, 0xD69A, 0xCE79, 0xD6BA,
  0xC618, 0x1082, 0x0000, 0x0000, 0x0000, 0x0000, 0x0000, 0x0000, 0x0000, 0x0000, 0x0000, 0x0000,
  0x0000, 0x0000, 0x0000, 0x0000, 0x0000, 0x0000, 0x0000, 0x0000, 0x0000, 0x0000, 0x0000, 0x0000,
  0x0000, 0x0000, 0x0000, 0x0000, 0x0000, 0x0000, 0x0000, 0x0000, 0x0000, 0x0000, 0x0000, 0x0000,
  0x0000, 0x0000, 0x0000, 0x0000, 0x0000, 0x0000, 0x0000, 0x0000, 0x0000, 0x0000, 0x0000, 0x0000,
  0x0000, 0x0000, 0x0000, 0x0000, 0x0000, 0x0000, 0x0000, 0x0000, 0x0000, 0x0000, 0x0000, 0x0000,
  0x0000, 0x0000, 0x0000, 0x0000, 0x0000, 0x0000, 0x0000, 0x0000, 0x0000, 0x0000, 0x0000, 0x0000,
  0x0000, 0x0000, 0x0000, 0x0000, 0x0000, 0x0000, 0x0000, 0x0000, 0x0000, 0x0000, 0x0000, 0x0000,
  0x0000, 0x0000, 0x0000, 0x0000, 0x0000, 0x0000, 0x0000, 0x0000, 0x0000, 0x0000, 0x0000, 0x0000,
  0x0000, 0x0000, 0x0000, 0x0000, 0x0000, 0x0000, 0x0000, 0x0000, 0x0000, 0x0000, 0x0000, 0x0000,
  0x0000, 0x0000, 0x0000, 0x0000, 0x0000, 0x0000, 0x0000, 0x0000, 0x0000, 0x0000, 0x0000, 0x0000,
  0x0000, 0x0000, 0x0000, 0x0000, 0x0000, 0x0000, 0x0000, 0x9CD3, 0xDEDB, 0xCE79, 0xCE79, 0xCE79,
  0xCE79, 0xCE79, 0xD69A, 0xDEDB, 0xB800, 0xB800, 0xB800, 0xB800, 0xB800, 0xB800, 0xB800, 0xB800,
  0xB800, 0xB800, 0xB800, 0xB800, 0xB800, 0xB800, 0xB800, 0xB800, 0xB800, 0xB800, 0xB800, 0xB800,
  0xB800, 0xB800, 0xB800, 0xB800, 0xB800, 0xB800, 0xB800, 0xB800, 0xB800, 0xB800, 0xB800, 0xB800,
  0xB800, 0xB800, 0xB800, 0xB800, 0xB800, 0xB800, 0xB800, 0xB800, 0xB800, 0xB800, 0xB800, 0xB800,
  0xB800, 0xB800, 0xB800, 0xB800, 0xB800, 0xB800, 0xB800, 0xB800, 0xB800, 0xB800, 0xB800, 0xB800,
  0xB800, 0xB800, 0xB800, 0xB800, 0xB800, 0xB800, 0xB800, 0xB800, 0xB800, 0xB800, 0xB800, 0xB800,
  0xB800, 0xC000, 0x6820, 0x0000, 0x0000, 0x0000, 0xAD75, 0xDEDB, 0xCE79, 0xD69A, 0xD69A, 0xD69A,
  0xD69A, 0xD69A, 0xD69A, 0xD69A, 0xD69A, 0xD69A, 0xD69A, 0xD69A, 0xD69A, 0xD69A, 0xD69A, 0xD69A,
  0xD69A, 0xD69A, 0xD69A, 0xD69A, 0xD69A, 0xD69A, 0xD69A, 0xD69A, 0xD69A, 0xD69A, 0xD69A, 0xD69A,
  0xD69A, 0xD69A, 0xD69A, 0xD69A, 0xD69A, 0xD69A, 0xD69A, 0xD69A, 0xD69A, 0xD69A, 0xD69A, 0xD69A,
  0xD69A, 0xD69A, 0xCE79, 0xDEDB, 0x9CF3, 0x0000, 0x0000, 0x0000, 0x0000, 0x0000, 0x0000, 0x0000,
  0x0000, 0x0000, 0x0000, 0x0000, 0x0000, 0x0000, 0x0000, 0x0000, 0x0000, 0x0000, 0x0000, 0x0000,
  0x0000, 0x0000, 0x0000, 0x0000, 0x0000, 0x0000, 0x0000, 0x0000, 0x0000, 0x0000, 0x0000, 0x0000,
  0x0000, 0x0000, 0x0000, 0x0000, 0x0000, 0x0000, 0x0000, 0x0000, 0x0000, 0x0000, 0x0000, 0x0000,
  0x0000, 0x0000, 0x0000, 0x0000, 0x0000, 0x0000, 0x0000, 0x0000, 0x0000, 0x0000, 0x0000, 0x0000,
  0x0000, 0x0000, 0x0000, 0x0000, 0x0000, 0x0000, 0x0000, 0x0000, 0x0000, 0x0000, 0x0000, 0x0000,
  0x0000, 0x0000, 0x0000, 0x0000, 0x0000, 0x0000, 0x0000, 0x0000, 0x0000, 0x0000, 0x0000, 0x0000,
  0x0000, 0x0000, 0x0000, 0x0000, 0x0000, 0x0000, 0x0000, 0x0000, 0x0000, 0x0000, 0x0000, 0x0000,
  0x0000, 0x0000, 0x0000, 0x0000, 0x0000, 0x0000, 0x0000, 0x0000, 0x0000, 0x0000, 0x0000, 0x0000,
  0x0000, 0x0000, 0x0000, 0x0000, 0x0000, 0x0000, 0x0000, 0x0000, 0x0000, 0x0000, 0x0000, 0x0000,
  0x0000, 0x0000, 0x0000, 0x0000, 0x0000, 0x0000, 0x0000, 0x0000, 0x0000, 0x0000, 0x0000, 0x10A2,
  0xC638, 0xD69A, 0xCE79, 0xCE79, 0xCE79, 0xCE79, 0xCE79, 0xD69A, 0xB800, 0xB800, 0xB800, 0xB800,
  0xB800, 0xB800, 0xB800, 0xB800, 0xB800, 0xB800, 0xB800, 0xB800, 0xB800, 0xB800, 0xB800, 0xB800,
  0xB800, 0xB800, 0xB800, 0xB800, 0xB800, 0xB800, 0xB800, 0xB800, 0xB800, 0xB800, 0xB800, 0xB800,
  0xB800, 0xB800, 0xB800, 0xB800, 0xB800, 0xB800, 0xB800, 0xB800, 0xB800, 0xB800, 0xB800, 0xB800,
  0xB800, 0xB800, 0xB800, 0xB800, 0xB800, 0xB800, 0xB800, 0xB800, 0xB800, 0xB800, 0xB800, 0xB800,
  0xB800, 0xB800, 0xB800, 0xB800, 0xB800, 0xB800, 0xB800, 0xB800, 0xB800, 0xB800, 0xB800, 0xB800,
  0xB800, 0xB800, 0xB800, 0xB800, 0xB800, 0xC000, 0x6020, 0x0000, 0x0000, 0x2924, 0xD69A, 0xD69A,
  0xD69A, 0xD69A, 0xD69A, 0xD69A, 0xD69A, 0xD69A, 0xD69A, 0xD69A, 0xD69A, 0xD69A, 0xD69A, 0xD69A,
  0xD69A, 0xD69A, 0xD69A, 0xD69A, 0xD69A, 0xD69A, 0xD69A, 0xD69A, 0xD69A, 0xD69A, 0xD69A, 0xD69A,
  0xD69A, 0xD69A, 0xD69A, 0xD69A, 0xD69A, 0xD69A, 0xD69A, 0xD69A, 0xD69A, 0xD69A, 0xD69A, 0xD69A,
  0xD69A, 0xD69A, 0xD69A, 0xD69A, 0xD69A, 0xD69A, 0xCE79, 0xE71C, 0x6B6D, 0x0000, 0x0020, 0x0000,
  0x0000, 0x0000, 0x0000, 0x0000, 0x0000, 0x0000, 0x0000, 0x0000, 0x0000, 0x0000, 0x0000, 0x0000,
  0x0000, 0x0000, 0x0000, 0x0000, 0x0000, 0x0000, 0x0000, 0x0000, 0x0000, 0x0000, 0x0000, 0x0000,
  0x0000, 0x0000, 0x0000, 0x0000, 0x0000, 0x0000, 0x0000, 0x0000, 0x0000, 0x0000, 0x0000, 0x0000,
  0x0000, 0x0000, 0x0000, 0x0000, 0x0000, 0x0000, 0x0000, 0x0000, 0x0000, 0x0000, 0x0000, 0x0000,
  0x0000, 0x0000, 0x0000, 0x0000, 0x0000, 0x0000, 0x0000, 0x0000, 0x0000, 0x0000, 0x0000, 0x0000,
  0x0000, 0x0000, 0x0000, 0x0000, 0x0000, 0x0000, 0x0000, 0x0000, 0x0000, 0x0000, 0x0000, 0x0000,
  0x0000, 0x0000, 0x0000, 0x0000, 0x0000, 0x0000, 0x0000, 0x0000, 0x0000, 0x0000, 0x0000, 0x0000,
  0x0000, 0x0000, 0x0000, 0x0000, 0x0000, 0x0000, 0x0000, 0x0000, 0x0000, 0x0000, 0x0000, 0x0000,
  0x0000, 0x0000, 0x0000, 0x0000, 0x0000, 0x0000, 0x0000, 0x0000, 0x0000, 0x0000, 0x0000, 0x0000,
  0x0000, 0x0000, 0x0000, 0x0000, 0x0000, 0x0000, 0x0000, 0x0000, 0x0000, 0x0000, 0x0000, 0x0000,
  0x0000, 0x0000, 0x0020, 0x0000, 0x528A, 0xDEFB, 0xCE79, 0xCE79, 0xCE79, 0xCE79, 0xCE79, 0xD6BA,
  0xB800, 0xB800, 0xB800, 0xB800, 0xB800, 0xB800, 0xB800, 0xB800, 0xB800, 0xB800, 0xB800, 0xB800,
  0xB800, 0xB800, 0xB800, 0xB800, 0xB800, 0xB800, 0xB800, 0xB800, 0xB800, 0xB800, 0xB800, 0xB800,
  0xB800, 0xB800, 0xB800, 0xB800, 0xB800, 0xB800, 0xB800, 0xB800, 0xB800, 0xB800, 0xB800, 0xB800,
  0xB800, 0xB800, 0xB800, 0xB800, 0xB800, 0xB800, 0xB800, 0xB800, 0xB800, 0xB800, 0xB800, 0xB800,
  0xB800, 0xB800, 0xB800, 0xB800, 0xB800, 0xB800, 0xB800, 0xB800, 0xB800, 0xB800, 0xB800, 0xB800,
  0xB800, 0xB800, 0xB800, 0xB800, 0xB800, 0xB800, 0xB800, 0xB800, 0xB800, 0xC000, 0x5840, 0x0000,
  0x0000, 0x4228, 0xDEFB, 0xD69A, 0xD69A, 0xD69A, 0xD69A, 0xD69A, 0xD69A, 0xD69A, 0xD69A, 0xD69A,
  0xD69A, 0xD69A, 0xD69A, 0xD69A, 0xD69A, 0xD69A, 0xD69A, 0xD69A, 0xD69A, 0xD69A, 0xD69A, 0xD69A,
  0xD69A, 0xD69A, 0xD69A, 0xD69A, 0xD69A, 0xD69A, 0xD69A, 0xD69A, 0xD69A, 0xD69A, 0xD69A, 0xD69A,
  0xD69A, 0xD69A, 0xD69A, 0xD69A, 0xD69A, 0xD69A, 0xD69A, 0xD69A, 0xD69A, 0xD69A, 0xCE79, 0xDEDB,
  0x39C7, 0x0000, 0x0000, 0x0000, 0x0000, 0x0000, 0x0000, 0x0000, 0x0000, 0x0000, 0x0000, 0x0000,
  0x0000, 0x0000, 0x0000, 0x0000, 0x0000, 0x0000, 0x0000, 0x0000, 0x0000, 0x0000, 0x0000, 0x0000,
  0x0000, 0x0000, 0x0000, 0x0000, 0x0000, 0x0000, 0x0000, 0x0000, 0x0000, 0x0000, 0x0000, 0x0000,
  0x0000, 0x0000, 0x0000, 0x0000, 0x0000, 0x0000, 0x0000, 0x0000, 0x0000, 0x0000, 0x0000, 0x0000,
  0x0000, 0x0000, 0x0000, 0x0000, 0x0000, 0x0000, 0x0000, 0x0000, 0x0000, 0x0000, 0x0000, 0x0000,
  0x0000, 0x0000, 0x0000, 0x0000, 0x0000, 0x0000, 0x0000, 0x0000, 0x0000, 0x0000, 0x0000, 0x0000,
  0x0000, 0x0000, 0x0000, 0x0000, 0x0000, 0x0000, 0x0000, 0x0000, 0x0000, 0x0000, 0x0000, 0x0000,
  0x0000, 0x0000, 0x0000, 0x0000, 0x0000, 0x0000, 0x0000, 0x0000, 0x0000, 0x0000, 0x0000, 0x0000,
  0x0000, 0x0000, 0x0000, 0x0000, 0x0000, 0x0000, 0x0000, 0x0000, 0x0000, 0x0000, 0x0000, 0x0000,
  0x0000, 0x0000, 0x0000, 0x0000, 0x0000, 0x0000, 0x0000, 0x0000, 0x0000, 0x0000, 0x0000, 0x0000,
  0x0000, 0x0000, 0x0000, 0x0000, 0x0000, 0x0000, 0x0000, 0x0000, 0x0000, 0x9CD3, 0xDEDB, 0xCE79,
  0xD69A, 0xD69A, 0xD69A, 0xCE79, 0xB800, 0xB800, 0xB800, 0xB800, 0xB800, 0xB800, 0xB800, 0xB800,
  0xB800, 0xB800, 0xB800, 0xB800, 0xB800, 0xB800, 0xB800, 0xB800, 0xB800, 0xB800, 0xB800, 0xB800,
  0xB800, 0xB800, 0xB800, 0xB800, 0xB800, 0xB800, 0xB800, 0xB800, 0xB800, 0xB800, 0xB800, 0xB800,
  0xB800, 0xB800, 0xB800, 0xB800, 0xB800, 0xB800, 0xB800, 0xB800, 0xB800, 0xB800, 0xB800, 0xB800,
  0xB800, 0xB800, 0xB800, 0xB800, 0xB800, 0xB800, 0xB800, 0xB800, 0xB800, 0xB800, 0xB800, 0xB800,
  0xB800, 0xB800, 0xB800, 0xB800, 0xB800, 0xB800, 0xB800, 0xB800, 0xB800, 0xB800, 0xB800, 0xB800,
  0xB800, 0xC000, 0x5840, 0x0000, 0x0000, 0x4228, 0xDEFB, 0xCE79, 0xD69A, 0xD69A, 0xD69A, 0xD69A,
  0xD69A, 0xD69A, 0xD69A, 0xD69A, 0xD69A, 0xD69A, 0xD69A, 0xD69A, 0xD69A, 0xD69A, 0xD69A, 0xD69A,
  0xD69A, 0xD69A, 0xD69A, 0xD69A, 0xD69A, 0xD69A, 0xD69A, 0xD69A, 0xD69A, 0xD69A, 0xD69A, 0xD69A,
  0xD69A, 0xD69A, 0xD69A, 0xD69A, 0xD69A, 0xD69A, 0xD69A, 0xD69A, 0xD69A, 0xD69A, 0xD69A, 0xD69A,
  0xD69A, 0xCE79, 0xD69A, 0xC638, 0x10A2, 0x0000, 0x0000, 0x0000, 0x0000, 0x0000, 0x0000, 0x0000,
  0x0000, 0x0000, 0x0000, 0x0000, 0x0000, 0x0000, 0x0000, 0x0000, 0x0000, 0x0000, 0x0000, 0x0000,
  0x0000, 0x0000, 0x0000, 0x0000, 0x0000, 0x0000, 0x0000, 0x0000, 0x0000, 0x0000, 0x0000, 0x0000,
  0x0000, 0x0000, 0x0000, 0x0000, 0x0000, 0x0000, 0x0000, 0x0000, 0x0000, 0x0000, 0x0000, 0x0000,
  0x0000, 0x0000, 0x0000, 0x0000, 0x0000, 0x0000, 0x0000, 0x0000, 0x0000, 0x0000, 0x0000, 0x0000,
  0x0000, 0x0000, 0x0000, 0x0000, 0x0000, 0x0000, 0x0000, 0x0000, 0x0000, 0x0000, 0x0000, 0x0000,
  0x0000, 0x0000, 0x0000, 0x0000, 0x0000, 0x0000, 0x0000, 0x0000, 0x0000, 0x0000, 0x0000, 0x0000,
  0x0000, 0x0000, 0x0000, 0x0000, 0x0000, 0x0000, 0x0000, 0x0000, 0x0000, 0x0000, 0x0000, 0x0000,
  0x0000, 0x0000, 0x0000, 0x0000, 0x0000, 0x0000, 0x0000, 0x0000, 0x0000, 0x0000, 0x0000, 0x0000,
  0x0000, 0x0000, 0x0000, 0x0000, 0x0000, 0x0000, 0x0000, 0x0000, 0x0000, 0x0000, 0x0000, 0x0000,
  0x0000, 0x0000, 0x0000, 0x0000, 0x0000, 0x0000, 0x0000, 0x0000, 0x0000, 0x0000, 0x0000, 0x0000,
  0x0000, 0x2124, 0xD69A, 0xD69A, 0xCE79, 0xD69A, 0xD69A, 0xD69A, 0xB800, 0xB800, 0xB800, 0xB800,
  0xB800, 0xB800, 0xB800, 0xB800, 0xB800, 0xB800, 0xB800, 0xB800, 0xB800, 0xB800, 0xB800, 0xB800,
  0xB800, 0xB800, 0xB800, 0xB800, 0xB800, 0xB800, 0xB800, 0xB800, 0xB800, 0xB800, 0xB800, 0xB800,
  0xB800, 0xB800, 0xB800, 0xB800, 0xB800, 0xB800, 0xB800, 0xB800, 0xB800, 0xB800, 0xB800, 0xB800,
  0xB800, 0xB800, 0xB800, 0xB800, 0xB800, 0xB800, 0xB800, 0xB800, 0xB800, 0xB800, 0xB800, 0xB800,
  0xB800, 0xB800, 0xB800, 0xB800, 0xB800, 0xB800, 0xB800, 0xB800, 0xB800, 0xB800, 0xB800, 0xB800,
  0xB800, 0xB800, 0xB800, 0xB800, 0xB800, 0xC000, 0x5840, 0x0000, 0x0000, 0x4208, 0xDEDB, 0xCE79,
  0xD69A, 0xD69A, 0xD69A, 0xD69A, 0xD69A, 0xD69A, 0xD69A, 0xD69A, 0xD69A, 0xD69A, 0xD69A, 0xD69A,
  0xD69A, 0xD69A, 0xD69A, 0xD69A, 0xD69A, 0xD69A, 0xD69A, 0xD69A, 0xD69A, 0xD69A, 0xD69A, 0xD69A,
  0xD69A, 0xD69A, 0xD69A, 0xD69A, 0xD69A, 0xD69A, 0xD69A, 0xD69A, 0xD69A, 0xD69A, 0xD69A, 0xD69A,
  0xD69A, 0xD69A, 0xD69A, 0xD69A, 0xD69A, 0xCE79, 0xDEDB, 0xA514, 0x0000, 0x0000, 0x0000, 0x0000,
  0x0000, 0x0000, 0x0000, 0x0000, 0x0000, 0x0000, 0x0000, 0x0000, 0x0000, 0x0000, 0x0000, 0x0000,
  0x0000, 0x0000, 0x0000, 0x0000, 0x0000, 0x0000, 0x0000, 0x0000, 0x0000, 0x0000, 0x0000, 0x0000,
  0x0000, 0x0000, 0x0000, 0x0000, 0x0000, 0x0000, 0x0000, 0x0000, 0x0000, 0x0000, 0x0000, 0x0000,
  0x0000, 0x0000, 0x0000, 0x0000, 0x0000, 0x0000, 0x0000, 0x0000, 0x0000, 0x0000, 0x0000, 0x0000,
  0x0000, 0x0000, 0x0000, 0x0000, 0x0000, 0x0000, 0x0000, 0x0000, 0x0000, 0x0000, 0x0000, 0x0000,
  0x0000, 0x0000, 0x0000, 0x0000, 0x0000, 0x0000, 0x0000, 0x0000, 0x0000, 0x0000, 0x0000, 0x0000,
  0x0000, 0x0000, 0x0000, 0x0000, 0x0000, 0x0000, 0x0000, 0x0000, 0x0000, 0x0000, 0x0000, 0x0000,
  0x0000, 0x0000, 0x0000, 0x0000, 0x0000, 0x0000, 0x0000, 0x0000, 0x0000, 0x0000, 0x0000, 0x0000,
  0x0000, 0x0000, 0x0000, 0x0000, 0x0000, 0x0000, 0x0000, 0x0000, 0x0000, 0x0000, 0x0000, 0x0000,
  0x0000, 0x0000, 0x0000, 0x0000, 0x0000, 0x0000, 0x0000, 0x0000, 0x0000, 0x0000, 0x0000, 0x0000,
  0x0000, 0x0000, 0x0000, 0x0000, 0x0000, 0x0000, 0x73AE, 0xDEFB, 0xCE59, 0xCE79, 0xD69A, 0xD69A,
  0xB800, 0xB800, 0xB800, 0xB800, 0xB800, 0xB800, 0xB800, 0xB800, 0xB800, 0xB800, 0xB800, 0xB800,
  0xB800, 0xB800, 0xB800, 0xB800, 0xB800, 0xB800, 0xB800, 0xB800, 0xB800, 0xB800, 0xB800, 0xB800,
  0xB800, 0xB800, 0xB800, 0xB800, 0xB800, 0xB800, 0xB800, 0xB800, 0xB800, 0xB800, 0xB800, 0xB800,
  0xB800, 0xB800, 0xB800, 0xB800, 0xB800, 0xB800, 0xB800, 0xB800, 0xB800, 0xB800, 0xB800, 0xB800,
  0xB800, 0xB800, 0xB800, 0xB800, 0xB800, 0xB800, 0xB800, 0xB800, 0xB800, 0xB800, 0xB800, 0xB800,
  0xB800, 0xB800, 0xB800, 0xB800, 0xB800, 0xB800, 0xB800, 0xB800, 0xB800, 0xC000, 0x6820, 0x0000,
  0x0000, 0x39E7, 0xDEDB, 0xCE79, 0xD69A, 0xD69A, 0xD69A, 0xD69A, 0xD69A, 0xD69A, 0xD69A, 0xD69A,
  0xD69A, 0xD69A, 0xD69A, 0xD69A, 0xD69A, 0xD69A, 0xD69A, 0xD69A, 0xD69A, 0xD69A, 0xD69A, 0xD69A,
  0xD69A, 0xD69A, 0xD69A, 0xD69A, 0xD69A, 0xD69A, 0xD69A, 0xD69A, 0xD69A, 0xD69A, 0xD69A, 0xD69A,
  0xD69A, 0xD69A, 0xD69A, 0xD69A, 0xD69A, 0xD69A, 0xD69A, 0xD69A, 0xD69A, 0xCE79, 0xDEFB, 0x738E,
  0x0000, 0x0000, 0x0000, 0x0000, 0x0000, 0x0000, 0x0000, 0x0000, 0x0000, 0x0000, 0x0000, 0x0000,
  0x0000, 0x0000, 0x0000, 0x0000, 0x0000, 0x0000, 0x0000, 0x0000, 0x0000, 0x0000, 0x0000, 0x0000,
  0x0000, 0x0000, 0x0000, 0x0000, 0x0000, 0x0000, 0x0000, 0x0000, 0x0000, 0x0000, 0x0000, 0x0000,
  0x0000, 0x0000, 0x0000, 0x0000, 0x0000, 0x0000, 0x0000, 0x0000, 0x0000, 0x0000, 0x0000, 0x0000,
  0x0000, 0x0000, 0x0000, 0x0000, 0x0000, 0x0000, 0x0000, 0x0000, 0x0000, 0x0000, 0x0000, 0x0000,
  0x0000, 0x0000, 0x0000, 0x0000, 0x0000, 0x0000, 0x0000, 0x0000, 0x0000, 0x0000, 0x0000, 0x0000,
  0x0000, 0x0000, 0x0000, 0x0000, 0x0000, 0x0000, 0x0000, 0x0000, 0x0000, 0x0000, 0x0000, 0x0000,
  0x0000, 0x0000, 0x0000, 0x0000, 0x0000, 0x0000, 0x0000, 0x0000, 0x0000, 0x0000, 0x0000, 0x0000,
  0x0000, 0x0000, 0x0000, 0x0000, 0x0000, 0x0000, 0x0000, 0x0000, 0x0000, 0x0000, 0x0000, 0x0000,
  0x0000, 0x0000, 0x0000, 0x0000, 0x0000, 0x0000, 0x0000, 0x0000, 0x0000, 0x0000, 0x0000, 0x0000,
  0x0000, 0x0000, 0x0000, 0x0000, 0x0000, 0x0000, 0x0000, 0x0000, 0x0000, 0x0000, 0x1082, 0xC618,
  0xD69A, 0xCE79, 0xCE79, 0xD69A, 0xB800, 0xB800, 0xB800, 0xB800, 0xB800, 0xB800, 0xB800, 0xB800,
  0xB800, 0xB800, 0xB800, 0xB800, 0xB800, 0xB800, 0xB800, 0xB800, 0xB800, 0xB800, 0xB800, 0xB800,
  0xB800, 0xB800, 0xB800, 0xB800, 0xB800, 0xB800, 0xB800, 0xB800, 0xB800, 0xB800, 0xB800, 0xB800,
  0xB800, 0xB800, 0xB800, 0xB800, 0xB800, 0xB800, 0xB800, 0xB800, 0xB800, 0xB800, 0xB800, 0xB800,
  0xB800, 0xB800, 0xB800, 0xB800, 0xB800, 0xB800, 0xB800, 0xB800, 0xB800, 0xB800, 0xB800, 0xB800,
  0xB800, 0xB800, 0xB800, 0xB800, 0xB800, 0xB800, 0xB800, 0xB800, 0xB800, 0xB800, 0xB800, 0xB800,
  0xB800, 0xC000, 0x7020, 0x0000, 0x0000, 0x31A6, 0xDEDB, 0xCE79, 0xD69A, 0xD69A, 0xD69A, 0xD69A,
  0xD69A, 0xD69A, 0xD69A, 0xD69A, 0xD69A, 0xD69A, 0xD69A, 0xD69A, 0xD69A, 0xD69A, 0xD69A, 0xD69A,
  0xD69A, 0xD69A, 0xD69A, 0xD69A, 0xD69A, 0xD69A, 0xD69A, 0xD69A, 0xD69A, 0xD69A, 0xD69A, 0xD69A,
  0xD69A, 0xD69A, 0xD69A, 0xD69A, 0xD69A, 0xD69A, 0xD69A, 0xD69A, 0xD69A, 0xD69A, 0xD69A, 0xD69A,
  0xD69A, 0xCE79, 0xDEFB, 0x4208, 0x0000, 0x0000, 0x0000, 0x0000, 0x0000, 0x0000, 0x0000, 0x0000,
  0x0000, 0x0000, 0x0000, 0x0000, 0x0000, 0x0000, 0x0000, 0x0000, 0x0000, 0x0000, 0x0000, 0x0000,
  0x0000, 0x0000, 0x0000, 0x0000, 0x0000, 0x0000, 0x0000, 0x0000, 0x0000, 0x0000, 0x0000, 0x0000,
  0x0000, 0x0000, 0x0000, 0x0000, 0x0000, 0x0000, 0x0000, 0x0000, 0x0000, 0x0000, 0x0000, 0x0000,
  0x0000, 0x0000, 0x0000, 0x0000, 0x0000, 0x0000, 0x0000, 0x0000, 0x0000, 0x0000, 0x0000, 0x0000,
  0x0000, 0x0000, 0x0000, 0x0000, 0x0000, 0x0000, 0x0000, 0x0000, 0x0000, 0x0000, 0x0000, 0x0000,
  0x0000, 0x0000, 0x0000, 0x0000, 0x0000, 0x0000, 0x0000, 0x0000, 0x0000, 0x0000, 0x0000, 0x0000,
  0x0000, 0x0000, 0x0000, 0x0000, 0x0000, 0x0000, 0x0000, 0x0000, 0x0000, 0x0000, 0x0000, 0x0000,
  0x0000, 0x0000, 0x0000, 0x0000, 0x0000, 0x0000, 0x0000, 0x0000, 0x0000, 0x0000, 0x0000, 0x0000,
  0x0000, 0x0000, 0x0000, 0x0000, 0x0000, 0x0000, 0x0000, 0x0000, 0x0000, 0x0000, 0x0000, 0x0000,
  0x0000, 0x0000, 0x0000, 0x0000, 0x0000, 0x0000, 0x0000, 0x0000, 0x0000, 0x0000, 0x0000, 0x0000,
  0x0000, 0x0000, 0x0000, 0x5AEB, 0xDEFB, 0xCE59, 0xCE79, 0xD69A, 0xB800, 0xB800, 0xB800, 0xB800,
  0xB800, 0xB800, 0xB800, 0xB800, 0xB800, 0xB800, 0xB800, 0xB800, 0xB800, 0xB800, 0xB800, 0xB800,
  0xB800, 0xB800, 0xB800, 0xB800, 0xB800, 0xB800, 0xB800, 0xB800, 0xB800, 0xB800, 0xB800, 0xB800,
  0xB800, 0xB800, 0xB800, 0xB800, 0xB800, 0xB800, 0xB800, 0xB800, 0xB800, 0xB800, 0xB800, 0xB800,
  0xB800, 0xB800, 0xB800, 0xB800, 0xB800, 0xB800, 0xB800, 0xB800, 0xB800, 0xB800, 0xB800, 0xB800,
  0xB800, 0xB800, 0xB800, 0xB800, 0xB800, 0xB800, 0xB800, 0xB800, 0xB800, 0xB800, 0xB800, 0xB800,
  0xB800, 0xB800, 0xB800, 0xB800, 0xB800, 0xC000, 0x8020, 0x0000, 0x0000, 0x2965, 0xD6BA, 0xCE79,
  0xD69A, 0xD69A, 0xD69A, 0xD69A, 0xD69A, 0xD69A, 0xD69A, 0xD69A, 0xD69A, 0xD69A, 0xD69A, 0xD69A,
  0xD69A, 0xD69A, 0xD69A, 0xD69A, 0xD69A, 0xD69A, 0xD69A, 0xD69A, 0xD69A, 0xD69A, 0xD69A, 0xD69A,
  0xD69A, 0xD69A, 0xD69A, 0xD69A, 0xD69A, 0xD69A, 0xD69A, 0xD69A, 0xD69A, 0xD69A, 0xD69A, 0xD69A,
  0xD69A, 0xD69A, 0xD69A, 0xD69A, 0xCE79, 0xD69A, 0xC638, 0x10A2, 0x0000, 0x0000, 0x0000, 0x0000,
  0x0000, 0x0000, 0x0000, 0x0000, 0x0000, 0x0000, 0x0000, 0x0000, 0x0000, 0x0000, 0x0000, 0x0000,
  0x0000, 0x0000, 0x0000, 0x0000, 0x0000, 0x0000, 0x0000, 0x0000, 0x0000, 0x0000, 0x0000, 0x0000,
  0x0000, 0x0000, 0x0000, 0x0000, 0x0000, 0x0000, 0x0000, 0x0000, 0x0000, 0x0000, 0x0000, 0x0000,
  0x0000, 0x0000, 0x0000, 0x0000, 0x0000, 0x0000, 0x0000, 0x0000, 0x0000, 0x0000, 0x0000, 0x0000,
  0x0000, 0x0000, 0x0000, 0x0000, 0x0000, 0x0000, 0x0000, 0x0000, 0x0000, 0x0000, 0x0000, 0x0000,
  0x0000, 0x0000, 0x0000, 0x0000, 0x0000, 0x0000, 0x0000, 0x0000, 0x0000, 0x0000, 0x0000, 0x0000,
  0x0000, 0x0000, 0x0000, 0x0000, 0x0000, 0x0000, 0x0000, 0x0000, 0x0000, 0x0000, 0x0000, 0x0000,
  0x0000, 0x0000, 0x0000, 0x0000, 0x0000, 0x0000, 0x0000, 0x0000, 0x0000, 0x0000, 0x0000, 0x0000,
  0x0000, 0x0000, 0x0000, 0x0000, 0x0000, 0x0000, 0x0000, 0x0000, 0x0000, 0x0000, 0x0000, 0x0000,
  0x0000, 0x0000, 0x0000, 0x0000, 0x0000, 0x0000, 0x0000, 0x0000, 0x0000, 0x0000, 0x0000, 0x0000,
  0x0000, 0x0000, 0x0000, 0x0000, 0x0000, 0x0000, 0x0000, 0x0000, 0xB596, 0xD6BA, 0xCE79, 0xD69A,
  0xB800, 0xB800, 0xB800, 0xB800, 0xB800, 0xB800, 0xB800, 0xB800, 0xB800, 0xB800, 0xB800, 0xB800,
  0xB800, 0xB800, 0xB800, 0xB800, 0xB800, 0xB800, 0xB800, 0xB800, 0xB800, 0xB800, 0xB800, 0xB800,
  0xB800, 0xB800, 0xB800, 0xB800, 0xB800, 0xB800, 0xB800, 0xB800, 0xB800, 0xB800, 0xB800, 0xB800,
  0xB800, 0xB800, 0xB800, 0xB800, 0xB800, 0xB800, 0xB800, 0xB800, 0xB800, 0xB800, 0xB800, 0xB800,
  0xB800, 0xB800, 0xB800, 0xB800, 0xB800, 0xB800, 0xB800, 0xB800, 0xB800, 0xB800, 0xB800, 0xB800,
  0xB800, 0xB800, 0xB800, 0xB800, 0xB800, 0xB800, 0xB800, 0xB800, 0xB800, 0xC000, 0x8820, 0x0000,
  0x0000, 0x2104, 0xCE79, 0xD69A, 0xD69A, 0xD69A, 0xD69A, 0xD69A, 0xD69A, 0xD69A, 0xD69A, 0xD69A,
  0xD69A, 0xD69A, 0xD69A, 0xD69A, 0xD69A, 0xD69A, 0xD69A, 0xD69A, 0xD69A, 0xD69A, 0xD69A, 0xD69A,
  0xD69A, 0xD69A, 0xD69A, 0xD69A, 0xD69A, 0xD69A, 0xD69A, 0xD69A, 0xD69A, 0xD69A, 0xD69A, 0xD69A,
  0xD69A, 0xD69A, 0xD69A, 0xD69A, 0xD69A, 0xD69A, 0xD69A, 0xD69A, 0xCE79, 0xDEDB, 0xA534, 0x0000,
  0x0000, 0x0000, 0x0000, 0x0000, 0x0000, 0x0000, 0x0000, 0x0000, 0x0000, 0x0000, 0x0000, 0x0000,
  0x0000, 0x0000, 0x0000, 0x0000, 0x0000, 0x0000, 0x0000, 0x0000, 0x0000, 0x0000, 0x0000, 0x0000,
  0x0000, 0x0000, 0x0000, 0x0000, 0x0000, 0x0000, 0x0000, 0x0000, 0x0000, 0x0000, 0x0000, 0x0000,
  0x0000, 0x0000, 0x0000, 0x0000, 0x0000, 0x0000, 0x0000, 0x0000, 0x0000, 0x0000, 0x0000, 0x0000,
  0x0000, 0x0000, 0x0000, 0x0000, 0x0000, 0x0000, 0x0000, 0x0000, 0x0000, 0x0000, 0x0000, 0x0000,
  0x0000, 0x0000, 0x0000, 0x0000, 0x0000, 0x0000, 0x0000, 0x0000, 0x0000, 0x0000, 0x0000, 0x0000,
  0x0000, 0x0000, 0x0000, 0x0000, 0x0000, 0x0000, 0x0000, 0x0000, 0x0000, 0x0000, 0x0000, 0x0000,
  0x0000, 0x0000, 0x0000, 0x0000, 0x0000, 0x0000, 0x0000, 0x0000, 0x0000, 0x0000, 0x0000, 0x0000,
  0x0000, 0x0000, 0x0000, 0x0000, 0x0000, 0x0000, 0x0000, 0x0000, 0x0000, 0x0000, 0x0000, 0x0000,
  0x0000, 0x0000, 0x0000, 0x0000, 0x0000, 0x0000, 0x0000, 0x0000, 0x0000, 0x0000, 0x0000, 0x0000,
  0x0000, 0x0000, 0x0000, 0x0000, 0x0000, 0x0000, 0x0000, 0x0000, 0x0000, 0x0000, 0x0000, 0x0000,
  0x4208, 0xDEDB, 0xCE79, 0xD69A, 0xB800, 0xB800, 0xB800, 0xB800, 0xB800, 0xB800, 0xB800, 0xB800,
  0xB800, 0xB800, 0xB800, 0xB800, 0xB800, 0xB800, 0xB800, 0xB800, 0xB800, 0xB800, 0xB800, 0xB800,
  0xB800, 0xB800, 0xB800, 0xB800, 0xB800, 0xB800, 0xB800, 0xB800, 0xB800, 0xB800, 0xB800, 0xB800,
  0xB800, 0xB800, 0xB800, 0xB800, 0xB800, 0xB800, 0xB800, 0xB800, 0xB800, 0xB800, 0xB800, 0xB800,
  0xB800, 0xB800, 0xB800, 0xB800, 0xB800, 0xB800, 0xB800, 0xB800, 0xB800, 0xB800, 0xB800, 0xB800,
  0xB800, 0xB800, 0xB800, 0xB800, 0xB800, 0xB800, 0xB800, 0xB800, 0xB800, 0xB800, 0xB800, 0xB800,
  0xB800, 0xC000, 0x9041, 0x0800, 0x0000, 0x0861, 0xC618, 0xD6BA, 0xCE79, 0xD69A, 0xD69A, 0xD69A,
  0xD69A, 0xD69A, 0xD69A, 0xD69A, 0xD69A, 0xD69A, 0xD69A, 0xD69A, 0xD69A, 0xD69A, 0xD69A, 0xD69A,
  0xD69A, 0xD69A, 0xD69A, 0xD69A, 0xD69A, 0xD69A, 0xD69A, 0xD69A, 0xD69A, 0xD69A, 0xD69A, 0xD69A,
  0xD69A, 0xD69A, 0xD69A, 0xD69A, 0xD69A, 0xD69A, 0xD69A, 0xD69A, 0xD69A, 0xD69A, 0xD69A, 0xD69A,
  0xCE79, 0xDEFB, 0x73AE, 0x0000, 0x0000, 0x0000, 0x0000, 0x0000, 0x0000, 0x0000, 0x0000, 0x0000,
  0x0000, 0x0000, 0x0000, 0x0000, 0x0000, 0x0000, 0x0000, 0x0000, 0x0000, 0x0000, 0x0000, 0x0000,
  0x0000, 0x0000, 0x0000, 0x0000, 0x0000, 0x0000, 0x0000, 0x0000, 0x0000, 0x0000, 0x0000, 0x0000,
  0x0000, 0x0000, 0x0000, 0x0000, 0x0000, 0x0000, 0x0000, 0x0000, 0x0000, 0x0000, 0x0000, 0x0000,
  0x0000, 0x0000, 0x0000, 0x0000, 0x0000, 0x0000, 0x0000, 0x0000, 0x0000, 0x0000, 0x0000, 0x0000,
  0x0000, 0x0000, 0x0000, 0x0000, 0x0000, 0x0000, 0x0000, 0x0000, 0x0000, 0x0000, 0x0000, 0x0000,
  0x0000, 0x0000, 0x0000, 0x0000, 0x0000, 0x0000, 0x0000, 0x0000, 0x0000, 0x0000, 0x0000, 0x0000,
  0x0000, 0x0000, 0x0000, 0x0000, 0x0000, 0x0000, 0x0000, 0x0000, 0x0000, 0x0000, 0x0000, 0x0000,
  0x0000, 0x0000, 0x0000, 0x0000, 0x0000, 0x0000, 0x0000, 0x0000, 0x0000, 0x0000, 0x0000, 0x0000,
  0x0000, 0x0000, 0x0000, 0x0000, 0x0000, 0x0000, 0x0000, 0x0000, 0x0000, 0x0000, 0x0000, 0x0000,
  0x0000, 0x0000, 0x0000, 0x0000, 0x0000, 0x0000, 0x0000, 0x0000, 0x0000, 0x0000, 0x0000, 0x0000,
  0x0000, 0x0000, 0x0000, 0x0000, 0x0000, 0x9CD3, 0xDEDB, 0xCE79, 0xB800, 0xB800, 0xB800, 0xB800,
  0xB800, 0xB800, 0xB800, 0xB800, 0xB800, 0xB800, 0xB800, 0xB800, 0xB800, 0xB800, 0xB800, 0xB800,
  0xB800, 0xB800, 0xB800, 0xB800, 0xB800, 0xB800, 0xB800, 0xB800, 0xB800, 0xB800, 0xB800, 0xB800,
  0xB800, 0xB800, 0xB800, 0xB800, 0xB800, 0xB800, 0xB800, 0xB800, 0xB800, 0xB800, 0xB800, 0xB800,
  0xB800, 0xB800, 0xB800, 0xB800, 0xB800, 0xB800, 0xB800, 0xB800, 0xB800, 0xB800, 0xB800, 0xB800,
  0xB800, 0xB800, 0xB800, 0xB800, 0xB800, 0xB800, 0xB800, 0xB800, 0xB800, 0xB800, 0xB800, 0xB800,
  0xB800, 0xB800, 0xB800, 0xB800, 0xB800, 0xC000, 0x9840, 0x1020, 0x0000, 0x0000, 0xAD75, 0xD6BA,
  0xCE79, 0xD69A, 0xD69A, 0xD69A, 0xD69A, 0xD69A, 0xD69A, 0xD69A, 0xD69A, 0xD69A, 0xD69A, 0xD69A,
  0xD69A, 0xD69A, 0xD69A, 0xD69A, 0xD69A, 0xD69A, 0xD69A, 0xD69A, 0xD69A, 0xD69A, 0xD69A, 0xD69A,
  0xD69A, 0xD69A, 0xD69A, 0xD69A, 0xD69A, 0xD69A, 0xD69A, 0xD69A, 0xD69A, 0xD69A, 0xD69A, 0xD69A,
  0xD69A, 0xD69A, 0xD69A, 0xD69A, 0xCE79, 0xDEFB, 0x4208, 0x0000, 0x0000, 0x0000, 0x0000, 0x0000,
  0x0000, 0x0000, 0x0000, 0x0000, 0x0000, 0x0000, 0x0000, 0x0000, 0x0000, 0x0000, 0x0000, 0x0000,
  0x0000, 0x0000, 0x0000, 0x0000, 0x0000, 0x0000, 0x0000, 0x0000, 0x0000, 0x0000, 0x0000, 0x0000,
  0x0000, 0x0000, 0x0000, 0x0000, 0x0000, 0x0000, 0x0000, 0x0000, 0x0000, 0x0000, 0x0000, 0x0000,
  0x0000, 0x0000, 0x0000, 0x0000, 0x0000, 0x0000, 0x0000, 0x0000, 0x0000, 0x0000, 0x0000, 0x0000,
  0x0000, 0x0000, 0x0000, 0x0000, 0x0000, 0x0000, 0x0000, 0x0000, 0x0000, 0x0000, 0x0000, 0x0000,
  0x0000, 0x0000, 0x0000, 0x0000, 0x0000, 0x0000, 0x0000, 0x0000, 0x0000, 0x0000, 0x0000, 0x0000,
  0x0000, 0x0000, 0x0000, 0x0000, 0x0000, 0x0000, 0x0000, 0x0000, 0x0000, 0x0000, 0x0000, 0x0000,
  0x0000, 0x0000, 0x0000, 0x0000, 0x0000, 0x0000, 0x0000, 0x0000, 0x0000, 0x0000, 0x0000, 0x0000,
  0x0000, 0x0000, 0x0000, 0x0000, 0x0000, 0x0000, 0x0000, 0x0000, 0x0000, 0x0000, 0x0000, 0x0000,
  0x0000, 0x0000, 0x0000, 0x0000, 0x0000, 0x0000, 0x0000, 0x0000, 0x0000, 0x0000, 0x0000, 0x0000,
  0x0000, 0x0000, 0x0000, 0x0000, 0x0000, 0x0000, 0x0000, 0x0000, 0x0000, 0x2945, 0xD69A, 0xCE79
};
const int p5_width  = 256;
const int p5_height = 192;
