
F:/KiMusic_Project/KiMusicDevelopment/KiMusic/build/KiMusic.elf:     file format elf32-littlearm

Sections:
Idx Name          Size      VMA       LMA       File off  Algn
  0 .boot2        00000100  10000000  10000000  00001000  2**0
                  CONTENTS, ALLOC, LOAD, READONLY, CODE
  1 .text         00006a60  10000100  10000100  00001100  2**3
                  CONTENTS, ALLOC, LOAD, READONLY, CODE
  2 .rodata       000012bc  10006b60  10006b60  00007b60  2**3
                  CONTENTS, ALLOC, LOAD, READONLY, DATA
  3 .binary_info  00000024  10007e1c  10007e1c  00008e1c  2**2
                  CONTENTS, ALLOC, LOAD, READONLY, DATA
  4 .xip_ram      00000000  15000000  15000000  00009cc0  2**0
                  CONTENTS
  5 .ram_vector_table 000000c0  20000000  20000000  0000a000  2**2
                  ALLOC
  6 .uninitialized_data 00000000  200000c0  200000c0  00009cc0  2**0
                  CONTENTS
  7 .data         00000c00  200000c0  10007e40  000090c0  2**4
                  CONTENTS, ALLOC, LOAD, READONLY, CODE
  8 .tdata        00000000  20000cc0  20000cc0  00009cc0  2**0
                  CONTENTS, ALLOC, LOAD, DATA, THREAD_LOCAL
  9 .tbss         00000000  20000cc0  20000cc0  00000000  2**0
                  ALLOC, THREAD_LOCAL
 10 .tbss_space   00000000  20000cc0  20000cc0  00009cc0  2**0
                  CONTENTS
 11 .bss          00000c20  20000cc0  10008a40  00009cc0  2**3
                  ALLOC
 12 .tls0         00000000  200018e0  200018e0  00009cc0  2**0
                  CONTENTS
 13 .tls1         00000000  200018e0  200018e0  00009cc0  2**0
                  CONTENTS
 14 .persistent_data 00000000  200018e0  200018e0  00009cc0  2**0
                  CONTENTS
 15 .dummy_pre_heap 00000000  200018e0  200018e0  00009cc0  2**0
                  CONTENTS
 16 .heap         00000800  200018e0  200018e0  0000a000  2**2
                  ALLOC, READONLY
 17 .scratch_x    00000000  20040000  20040000  00009cc0  2**0
                  CONTENTS
 18 .scratch_y    00000000  20041000  20041000  00009cc0  2**0
                  CONTENTS
 19 .stack_dummy  00000800  20041000  20041000  0000a000  2**5
                  ALLOC, READONLY
 20 .debug_info   0002d3b2  00000000  00000000  00009cc0  2**0
                  CONTENTS, READONLY, DEBUGGING, OCTETS
 21 .debug_abbrev 000085ca  00000000  00000000  00037072  2**0
                  CONTENTS, READONLY, DEBUGGING, OCTETS
 22 .debug_loclists 00012bd1  00000000  00000000  0003f63c  2**0
                  CONTENTS, READONLY, DEBUGGING, OCTETS
 23 .debug_aranges 000018d0  00000000  00000000  00052210  2**3
                  CONTENTS, READONLY, DEBUGGING, OCTETS
 24 .debug_rnglists 00001b56  00000000  00000000  00053ae0  2**0
                  CONTENTS, READONLY, DEBUGGING, OCTETS
 25 .debug_line   0001c20c  00000000  00000000  00055636  2**0
                  CONTENTS, READONLY, DEBUGGING, OCTETS
 26 .debug_str    000098dd  00000000  00000000  00071842  2**0
                  CONTENTS, READONLY, DEBUGGING, OCTETS
 27 .comment      00000045  00000000  00000000  0007b11f  2**0
                  CONTENTS, READONLY
 28 .ARM.attributes 0000002a  00000000  00000000  0007b164  2**0
                  CONTENTS, READONLY
 29 .debug_frame  00003510  00000000  00000000  0007b190  2**2
                  CONTENTS, READONLY, DEBUGGING, OCTETS
 30 .debug_line_str 00000369  00000000  00000000  0007e6a0  2**0
                  CONTENTS, READONLY, DEBUGGING, OCTETS

F:/KiMusic_Project/KiMusicDevelopment/KiMusic/build/KiMusic.elf:     file format elf32-littlearm


Disassembly of section .boot2:

10000000 <__boot2_start__>:
10000000:	4b32b500 	.word	0x4b32b500
10000004:	60582021 	.word	0x60582021
10000008:	21026898 	.word	0x21026898
1000000c:	60984388 	.word	0x60984388
10000010:	611860d8 	.word	0x611860d8
10000014:	4b2e6158 	.word	0x4b2e6158
10000018:	60992100 	.word	0x60992100
1000001c:	61592102 	.word	0x61592102
10000020:	22f02101 	.word	0x22f02101
10000024:	492b5099 	.word	0x492b5099
10000028:	21016019 	.word	0x21016019
1000002c:	20356099 	.word	0x20356099
10000030:	f844f000 	.word	0xf844f000
10000034:	42902202 	.word	0x42902202
10000038:	2106d014 	.word	0x2106d014
1000003c:	f0006619 	.word	0xf0006619
10000040:	6e19f834 	.word	0x6e19f834
10000044:	66192101 	.word	0x66192101
10000048:	66182000 	.word	0x66182000
1000004c:	f000661a 	.word	0xf000661a
10000050:	6e19f82c 	.word	0x6e19f82c
10000054:	6e196e19 	.word	0x6e196e19
10000058:	f0002005 	.word	0xf0002005
1000005c:	2101f82f 	.word	0x2101f82f
10000060:	d1f94208 	.word	0xd1f94208
10000064:	60992100 	.word	0x60992100
10000068:	6019491b 	.word	0x6019491b
1000006c:	60592100 	.word	0x60592100
10000070:	481b491a 	.word	0x481b491a
10000074:	21016001 	.word	0x21016001
10000078:	21eb6099 	.word	0x21eb6099
1000007c:	21a06619 	.word	0x21a06619
10000080:	f0006619 	.word	0xf0006619
10000084:	2100f812 	.word	0x2100f812
10000088:	49166099 	.word	0x49166099
1000008c:	60014814 	.word	0x60014814
10000090:	60992101 	.word	0x60992101
10000094:	2800bc01 	.word	0x2800bc01
10000098:	4700d000 	.word	0x4700d000
1000009c:	49134812 	.word	0x49134812
100000a0:	c8036008 	.word	0xc8036008
100000a4:	8808f380 	.word	0x8808f380
100000a8:	b5034708 	.word	0xb5034708
100000ac:	20046a99 	.word	0x20046a99
100000b0:	d0fb4201 	.word	0xd0fb4201
100000b4:	42012001 	.word	0x42012001
100000b8:	bd03d1f8 	.word	0xbd03d1f8
100000bc:	6618b502 	.word	0x6618b502
100000c0:	f7ff6618 	.word	0xf7ff6618
100000c4:	6e18fff2 	.word	0x6e18fff2
100000c8:	bd026e18 	.word	0xbd026e18
100000cc:	40020000 	.word	0x40020000
100000d0:	18000000 	.word	0x18000000
100000d4:	00070000 	.word	0x00070000
100000d8:	005f0300 	.word	0x005f0300
100000dc:	00002221 	.word	0x00002221
100000e0:	180000f4 	.word	0x180000f4
100000e4:	a0002022 	.word	0xa0002022
100000e8:	10000100 	.word	0x10000100
100000ec:	e000ed08 	.word	0xe000ed08
	...
100000fc:	7a4eb274 	.word	0x7a4eb274

Disassembly of section .text:

10000100 <__VECTOR_TABLE>:
10000100:	20042000 	.word	0x20042000
10000104:	100001f7 	.word	0x100001f7
10000108:	100001cb 	.word	0x100001cb
1000010c:	100001cd 	.word	0x100001cd
10000110:	100001c9 	.word	0x100001c9
10000114:	100001c9 	.word	0x100001c9
10000118:	100001c9 	.word	0x100001c9
1000011c:	100001c9 	.word	0x100001c9
10000120:	100001c9 	.word	0x100001c9
10000124:	100001c9 	.word	0x100001c9
10000128:	100001c9 	.word	0x100001c9
1000012c:	100001cf 	.word	0x100001cf
10000130:	100001c9 	.word	0x100001c9
10000134:	100001c9 	.word	0x100001c9
10000138:	100001d1 	.word	0x100001d1
1000013c:	100001d3 	.word	0x100001d3
10000140:	100001c1 	.word	0x100001c1
10000144:	100001c1 	.word	0x100001c1
10000148:	100001c1 	.word	0x100001c1
1000014c:	100001c1 	.word	0x100001c1
10000150:	100001c1 	.word	0x100001c1
10000154:	100001c1 	.word	0x100001c1
10000158:	100001c1 	.word	0x100001c1
1000015c:	100001c1 	.word	0x100001c1
10000160:	100001c1 	.word	0x100001c1
10000164:	100001c1 	.word	0x100001c1
10000168:	100001c1 	.word	0x100001c1
1000016c:	100001c1 	.word	0x100001c1
10000170:	100001c1 	.word	0x100001c1
10000174:	100001c1 	.word	0x100001c1
10000178:	100001c1 	.word	0x100001c1
1000017c:	100001c1 	.word	0x100001c1
10000180:	100001c1 	.word	0x100001c1
10000184:	100001c1 	.word	0x100001c1
10000188:	100001c1 	.word	0x100001c1
1000018c:	100001c1 	.word	0x100001c1
10000190:	100001c1 	.word	0x100001c1
10000194:	100001c1 	.word	0x100001c1
10000198:	100001c1 	.word	0x100001c1
1000019c:	100001c1 	.word	0x100001c1
100001a0:	100001c1 	.word	0x100001c1
100001a4:	100001c1 	.word	0x100001c1
100001a8:	100001c1 	.word	0x100001c1
100001ac:	100001c1 	.word	0x100001c1
100001b0:	100001c1 	.word	0x100001c1
100001b4:	100001c1 	.word	0x100001c1
100001b8:	100001c1 	.word	0x100001c1
100001bc:	100001c1 	.word	0x100001c1

100001c0 <__unhandled_user_irq>:
100001c0:	f3ef 8005 	mrs	r0, IPSR
100001c4:	3810      	subs	r0, #16

100001c6 <unhandled_user_irq_num_in_r0>:
100001c6:	be00      	bkpt	0x0000

100001c8 <isr_invalid>:
100001c8:	be00      	bkpt	0x0000

100001ca <isr_nmi>:
100001ca:	be00      	bkpt	0x0000

100001cc <isr_hardfault>:
100001cc:	be00      	bkpt	0x0000

100001ce <isr_svcall>:
100001ce:	be00      	bkpt	0x0000

100001d0 <isr_pendsv>:
100001d0:	be00      	bkpt	0x0000

100001d2 <isr_systick>:
100001d2:	be00      	bkpt	0x0000

100001d4 <__default_isrs_end>:
100001d4:	7188ebf2 	.word	0x7188ebf2
100001d8:	10007e1c 	.word	0x10007e1c
100001dc:	10007e40 	.word	0x10007e40
100001e0:	10000238 	.word	0x10000238
100001e4:	e71aa390 	.word	0xe71aa390

100001e8 <_entry_point>:
100001e8:	2000      	movs	r0, #0

100001ea <_enter_vtable_in_r0>:
100001ea:	491e      	ldr	r1, [pc, #120]	@ (10000264 <data_cpy_table+0x2c>)
100001ec:	6008      	str	r0, [r1, #0]
100001ee:	c806      	ldmia	r0!, {r1, r2}
100001f0:	f381 8808 	msr	MSP, r1
100001f4:	4710      	bx	r2

100001f6 <_reset_handler>:
100001f6:	481c      	ldr	r0, [pc, #112]	@ (10000268 <data_cpy_table+0x30>)
100001f8:	6800      	ldr	r0, [r0, #0]
100001fa:	2800      	cmp	r0, #0
100001fc:	d001      	beq.n	10000202 <hold_non_core0_in_bootrom+0x4>

100001fe <hold_non_core0_in_bootrom>:
100001fe:	2000      	movs	r0, #0
10000200:	e7f3      	b.n	100001ea <_enter_vtable_in_r0>
10000202:	a40d      	add	r4, pc, #52	@ (adr r4, 10000238 <data_cpy_table>)
10000204:	cc0e      	ldmia	r4!, {r1, r2, r3}
10000206:	2900      	cmp	r1, #0
10000208:	d002      	beq.n	10000210 <hold_non_core0_in_bootrom+0x12>
1000020a:	f000 f812 	bl	10000232 <data_cpy>
1000020e:	e7f9      	b.n	10000204 <hold_non_core0_in_bootrom+0x6>
10000210:	4916      	ldr	r1, [pc, #88]	@ (1000026c <data_cpy_table+0x34>)
10000212:	4a17      	ldr	r2, [pc, #92]	@ (10000270 <data_cpy_table+0x38>)
10000214:	2000      	movs	r0, #0
10000216:	e000      	b.n	1000021a <bss_fill_test>

10000218 <bss_fill_loop>:
10000218:	c101      	stmia	r1!, {r0}

1000021a <bss_fill_test>:
1000021a:	4291      	cmp	r1, r2
1000021c:	d1fc      	bne.n	10000218 <bss_fill_loop>

1000021e <platform_entry>:
1000021e:	4915      	ldr	r1, [pc, #84]	@ (10000274 <data_cpy_table+0x3c>)
10000220:	4788      	blx	r1
10000222:	4915      	ldr	r1, [pc, #84]	@ (10000278 <data_cpy_table+0x40>)
10000224:	4788      	blx	r1
10000226:	4915      	ldr	r1, [pc, #84]	@ (1000027c <data_cpy_table+0x44>)
10000228:	4788      	blx	r1
1000022a:	be00      	bkpt	0x0000
1000022c:	e7fd      	b.n	1000022a <platform_entry+0xc>

1000022e <data_cpy_loop>:
1000022e:	c901      	ldmia	r1!, {r0}
10000230:	c201      	stmia	r2!, {r0}

10000232 <data_cpy>:
10000232:	429a      	cmp	r2, r3
10000234:	d3fb      	bcc.n	1000022e <data_cpy_loop>

10000236 <data_cpy_done>:
10000236:	4770      	bx	lr

10000238 <data_cpy_table>:
10000238:	10007e40 	.word	0x10007e40
1000023c:	200000c0 	.word	0x200000c0
10000240:	20000cc0 	.word	0x20000cc0
10000244:	10008a40 	.word	0x10008a40
10000248:	20040000 	.word	0x20040000
1000024c:	20040000 	.word	0x20040000
10000250:	10008a40 	.word	0x10008a40
10000254:	20041000 	.word	0x20041000
10000258:	20041000 	.word	0x20041000
1000025c:	00000000 	.word	0x00000000
10000260:	4770      	bx	lr
10000262:	0000      	.short	0x0000
10000264:	e000ed08 	.word	0xe000ed08
10000268:	d0000000 	.word	0xd0000000
1000026c:	20000cc0 	.word	0x20000cc0
10000270:	200018e0 	.word	0x200018e0
10000274:	10003c6d 	.word	0x10003c6d
10000278:	100005ed 	.word	0x100005ed
1000027c:	10003c2f 	.word	0x10003c2f

10000280 <_ZL24quadratureA_program_initP8pio_hw_tjjjj>:
10000280:	b5f0      	push	{r4, r5, r6, r7, lr}
10000282:	46c6      	mov	lr, r8
10000284:	b500      	push	{lr}
10000286:	b084      	sub	sp, #16
10000288:	0005      	movs	r5, r0
1000028a:	000f      	movs	r7, r1
1000028c:	0016      	movs	r6, r2
1000028e:	4698      	mov	r8, r3
10000290:	2210      	movs	r2, #16
10000292:	2100      	movs	r1, #0
10000294:	4668      	mov	r0, sp
10000296:	f002 fbc7 	bl	10002a28 <__wrap_memset>
1000029a:	2380      	movs	r3, #128	@ 0x80
1000029c:	025b      	lsls	r3, r3, #9
1000029e:	9300      	str	r3, [sp, #0]
100002a0:	23f8      	movs	r3, #248	@ 0xf8
100002a2:	025b      	lsls	r3, r3, #9
100002a4:	9301      	str	r3, [sp, #4]
100002a6:	2380      	movs	r3, #128	@ 0x80
100002a8:	02db      	lsls	r3, r3, #11
100002aa:	9302      	str	r3, [sp, #8]
100002ac:	23c0      	movs	r3, #192	@ 0xc0
100002ae:	031b      	lsls	r3, r3, #12
100002b0:	9302      	str	r3, [sp, #8]
100002b2:	0032      	movs	r2, r6
100002b4:	320d      	adds	r2, #13
100002b6:	01f3      	lsls	r3, r6, #7
100002b8:	0312      	lsls	r2, r2, #12
100002ba:	4313      	orrs	r3, r2
100002bc:	9301      	str	r3, [sp, #4]
100002be:	9a0a      	ldr	r2, [sp, #40]	@ 0x28
100002c0:	03d2      	lsls	r2, r2, #15
100002c2:	21f8      	movs	r1, #248	@ 0xf8
100002c4:	0309      	lsls	r1, r1, #12
100002c6:	400a      	ands	r2, r1
100002c8:	9203      	str	r2, [sp, #12]
100002ca:	4a0d      	ldr	r2, [pc, #52]	@ (10000300 <_ZL24quadratureA_program_initP8pio_hw_tjjjj+0x80>)
100002cc:	4013      	ands	r3, r2
100002ce:	4642      	mov	r2, r8
100002d0:	0612      	lsls	r2, r2, #24
100002d2:	21f8      	movs	r1, #248	@ 0xf8
100002d4:	0549      	lsls	r1, r1, #21
100002d6:	400a      	ands	r2, r1
100002d8:	4313      	orrs	r3, r2
100002da:	9301      	str	r3, [sp, #4]
100002dc:	2390      	movs	r3, #144	@ 0x90
100002de:	031b      	lsls	r3, r3, #12
100002e0:	9302      	str	r3, [sp, #8]
100002e2:	466b      	mov	r3, sp
100002e4:	0032      	movs	r2, r6
100002e6:	0039      	movs	r1, r7
100002e8:	0028      	movs	r0, r5
100002ea:	f006 fb25 	bl	10006938 <pio_sm_init>
100002ee:	682b      	ldr	r3, [r5, #0]
100002f0:	2201      	movs	r2, #1
100002f2:	40ba      	lsls	r2, r7
100002f4:	4313      	orrs	r3, r2
100002f6:	602b      	str	r3, [r5, #0]
100002f8:	b004      	add	sp, #16
100002fa:	bc80      	pop	{r7}
100002fc:	46b8      	mov	r8, r7
100002fe:	bdf0      	pop	{r4, r5, r6, r7, pc}
10000300:	e0ffffff 	.word	0xe0ffffff

10000304 <_ZN7EncoderC1Ev>:
10000304:	b530      	push	{r4, r5, lr}
10000306:	b083      	sub	sp, #12
10000308:	0004      	movs	r4, r0
1000030a:	2300      	movs	r3, #0
1000030c:	6103      	str	r3, [r0, #16]
1000030e:	3302      	adds	r3, #2
10000310:	6003      	str	r3, [r0, #0]
10000312:	3301      	adds	r3, #1
10000314:	6043      	str	r3, [r0, #4]
10000316:	480b      	ldr	r0, [pc, #44]	@ (10000344 <_ZN7EncoderC1Ev+0x40>)
10000318:	60a0      	str	r0, [r4, #8]
1000031a:	490b      	ldr	r1, [pc, #44]	@ (10000348 <_ZN7EncoderC1Ev+0x44>)
1000031c:	f006 faf4 	bl	10006908 <pio_add_program>
10000320:	0005      	movs	r5, r0
10000322:	68a0      	ldr	r0, [r4, #8]
10000324:	2101      	movs	r1, #1
10000326:	f006 fad3 	bl	100068d0 <pio_claim_unused_sm>
1000032a:	0001      	movs	r1, r0
1000032c:	60e0      	str	r0, [r4, #12]
1000032e:	6823      	ldr	r3, [r4, #0]
10000330:	68a0      	ldr	r0, [r4, #8]
10000332:	6862      	ldr	r2, [r4, #4]
10000334:	9200      	str	r2, [sp, #0]
10000336:	002a      	movs	r2, r5
10000338:	f7ff ffa2 	bl	10000280 <_ZL24quadratureA_program_initP8pio_hw_tjjjj>
1000033c:	0020      	movs	r0, r4
1000033e:	b003      	add	sp, #12
10000340:	bd30      	pop	{r4, r5, pc}
10000342:	46c0      	nop			@ (mov r8, r8)
10000344:	50200000 	.word	0x50200000
10000348:	10007894 	.word	0x10007894

1000034c <_ZN7Encoder10readRotateEv>:
1000034c:	b570      	push	{r4, r5, r6, lr}
1000034e:	0004      	movs	r4, r0
10000350:	6881      	ldr	r1, [r0, #8]
10000352:	68c2      	ldr	r2, [r0, #12]
10000354:	0053      	lsls	r3, r2, #1
10000356:	189b      	adds	r3, r3, r2
10000358:	00db      	lsls	r3, r3, #3
1000035a:	18cb      	adds	r3, r1, r3
1000035c:	33d8      	adds	r3, #216	@ 0xd8
1000035e:	4812      	ldr	r0, [pc, #72]	@ (100003a8 <_ZN7Encoder10readRotateEv+0x5c>)
10000360:	6018      	str	r0, [r3, #0]
10000362:	0053      	lsls	r3, r2, #1
10000364:	189b      	adds	r3, r3, r2
10000366:	00db      	lsls	r3, r3, #3
10000368:	18cb      	adds	r3, r1, r3
1000036a:	33cc      	adds	r3, #204	@ 0xcc
1000036c:	681b      	ldr	r3, [r3, #0]
1000036e:	2b00      	cmp	r3, #0
10000370:	dbf7      	blt.n	10000362 <_ZN7Encoder10readRotateEv+0x16>
10000372:	68a5      	ldr	r5, [r4, #8]
10000374:	68e0      	ldr	r0, [r4, #12]
10000376:	686a      	ldr	r2, [r5, #4]
10000378:	0001      	movs	r1, r0
1000037a:	3108      	adds	r1, #8
1000037c:	2301      	movs	r3, #1
1000037e:	408b      	lsls	r3, r1
10000380:	4213      	tst	r3, r2
10000382:	d1f8      	bne.n	10000376 <_ZN7Encoder10readRotateEv+0x2a>
10000384:	0088      	lsls	r0, r1, #2
10000386:	5941      	ldr	r1, [r0, r5]
10000388:	6925      	ldr	r5, [r4, #16]
1000038a:	428d      	cmp	r5, r1
1000038c:	d102      	bne.n	10000394 <_ZN7Encoder10readRotateEv+0x48>
1000038e:	2500      	movs	r5, #0
10000390:	0028      	movs	r0, r5
10000392:	bd70      	pop	{r4, r5, r6, pc}
10000394:	1b4d      	subs	r5, r1, r5
10000396:	6121      	str	r1, [r4, #16]
10000398:	4804      	ldr	r0, [pc, #16]	@ (100003ac <_ZN7Encoder10readRotateEv+0x60>)
1000039a:	f003 fdb7 	bl	10003f0c <__wrap_printf>
1000039e:	2032      	movs	r0, #50	@ 0x32
100003a0:	f001 f84e 	bl	10001440 <sleep_ms>
100003a4:	e7f4      	b.n	10000390 <_ZN7Encoder10readRotateEv+0x44>
100003a6:	46c0      	nop			@ (mov r8, r8)
100003a8:	00004020 	.word	0x00004020
100003ac:	10006b60 	.word	0x10006b60

100003b0 <_ZN6ButtonC1Ej>:
100003b0:	b510      	push	{r4, lr}
100003b2:	0004      	movs	r4, r0
100003b4:	0008      	movs	r0, r1
100003b6:	6021      	str	r1, [r4, #0]
100003b8:	2300      	movs	r3, #0
100003ba:	7123      	strb	r3, [r4, #4]
100003bc:	7163      	strb	r3, [r4, #5]
100003be:	f000 f957 	bl	10000670 <gpio_init>
100003c2:	6822      	ldr	r2, [r4, #0]
100003c4:	2301      	movs	r3, #1
100003c6:	4093      	lsls	r3, r2
100003c8:	22d0      	movs	r2, #208	@ 0xd0
100003ca:	0612      	lsls	r2, r2, #24
100003cc:	6293      	str	r3, [r2, #40]	@ 0x28
100003ce:	6820      	ldr	r0, [r4, #0]
100003d0:	2200      	movs	r2, #0
100003d2:	2101      	movs	r1, #1
100003d4:	f000 f932 	bl	1000063c <gpio_set_pulls>
100003d8:	0020      	movs	r0, r4
100003da:	bd10      	pop	{r4, pc}

100003dc <_ZN6Button10checkClickEv>:
100003dc:	b510      	push	{r4, lr}
100003de:	0003      	movs	r3, r0
100003e0:	6800      	ldr	r0, [r0, #0]
100003e2:	22d0      	movs	r2, #208	@ 0xd0
100003e4:	0612      	lsls	r2, r2, #24
100003e6:	6851      	ldr	r1, [r2, #4]
100003e8:	2201      	movs	r2, #1
100003ea:	4082      	lsls	r2, r0
100003ec:	420a      	tst	r2, r1
100003ee:	d102      	bne.n	100003f6 <_ZN6Button10checkClickEv+0x1a>
100003f0:	7919      	ldrb	r1, [r3, #4]
100003f2:	2900      	cmp	r1, #0
100003f4:	d00e      	beq.n	10000414 <_ZN6Button10checkClickEv+0x38>
100003f6:	21d0      	movs	r1, #208	@ 0xd0
100003f8:	0609      	lsls	r1, r1, #24
100003fa:	6849      	ldr	r1, [r1, #4]
100003fc:	4211      	tst	r1, r2
100003fe:	d014      	beq.n	1000042a <_ZN6Button10checkClickEv+0x4e>
10000400:	7918      	ldrb	r0, [r3, #4]
10000402:	2800      	cmp	r0, #0
10000404:	d012      	beq.n	1000042c <_ZN6Button10checkClickEv+0x50>
10000406:	2200      	movs	r2, #0
10000408:	711a      	strb	r2, [r3, #4]
1000040a:	2064      	movs	r0, #100	@ 0x64
1000040c:	f001 f818 	bl	10001440 <sleep_ms>
10000410:	2000      	movs	r0, #0
10000412:	e00b      	b.n	1000042c <_ZN6Button10checkClickEv+0x50>
10000414:	2201      	movs	r2, #1
10000416:	711a      	strb	r2, [r3, #4]
10000418:	795a      	ldrb	r2, [r3, #5]
1000041a:	2101      	movs	r1, #1
1000041c:	404a      	eors	r2, r1
1000041e:	715a      	strb	r2, [r3, #5]
10000420:	2064      	movs	r0, #100	@ 0x64
10000422:	f001 f80d 	bl	10001440 <sleep_ms>
10000426:	2001      	movs	r0, #1
10000428:	e000      	b.n	1000042c <_ZN6Button10checkClickEv+0x50>
1000042a:	2000      	movs	r0, #0
1000042c:	bd10      	pop	{r4, pc}

1000042e <_ZN6PlayerC1Ev>:
1000042e:	b510      	push	{r4, lr}
10000430:	0004      	movs	r4, r0
10000432:	2105      	movs	r1, #5
10000434:	f7ff ffbc 	bl	100003b0 <_ZN6ButtonC1Ej>
10000438:	0020      	movs	r0, r4
1000043a:	3008      	adds	r0, #8
1000043c:	2108      	movs	r1, #8
1000043e:	f7ff ffb7 	bl	100003b0 <_ZN6ButtonC1Ej>
10000442:	0020      	movs	r0, r4
10000444:	3010      	adds	r0, #16
10000446:	2109      	movs	r1, #9
10000448:	f7ff ffb2 	bl	100003b0 <_ZN6ButtonC1Ej>
1000044c:	0020      	movs	r0, r4
1000044e:	3018      	adds	r0, #24
10000450:	2106      	movs	r1, #6
10000452:	f7ff ffad 	bl	100003b0 <_ZN6ButtonC1Ej>
10000456:	0020      	movs	r0, r4
10000458:	3020      	adds	r0, #32
1000045a:	2107      	movs	r1, #7
1000045c:	f7ff ffa8 	bl	100003b0 <_ZN6ButtonC1Ej>
10000460:	0020      	movs	r0, r4
10000462:	3030      	adds	r0, #48	@ 0x30
10000464:	f7ff ff4e 	bl	10000304 <_ZN7EncoderC1Ev>
10000468:	2300      	movs	r3, #0
1000046a:	6463      	str	r3, [r4, #68]	@ 0x44
1000046c:	2228      	movs	r2, #40	@ 0x28
1000046e:	54a3      	strb	r3, [r4, r2]
10000470:	3201      	adds	r2, #1
10000472:	54a3      	strb	r3, [r4, r2]
10000474:	3201      	adds	r2, #1
10000476:	54a3      	strb	r3, [r4, r2]
10000478:	332b      	adds	r3, #43	@ 0x2b
1000047a:	3a29      	subs	r2, #41	@ 0x29
1000047c:	54e2      	strb	r2, [r4, r3]
1000047e:	3307      	adds	r3, #7
10000480:	62e3      	str	r3, [r4, #44]	@ 0x2c
10000482:	0020      	movs	r0, r4
10000484:	bd10      	pop	{r4, pc}
	...

10000488 <_ZN6Player9setVolumeEi>:
10000488:	b510      	push	{r4, lr}
1000048a:	6ac3      	ldr	r3, [r0, #44]	@ 0x2c
1000048c:	1859      	adds	r1, r3, r1
1000048e:	62c1      	str	r1, [r0, #44]	@ 0x2c
10000490:	2963      	cmp	r1, #99	@ 0x63
10000492:	d906      	bls.n	100004a2 <_ZN6Player9setVolumeEi+0x1a>
10000494:	2364      	movs	r3, #100	@ 0x64
10000496:	62c3      	str	r3, [r0, #44]	@ 0x2c
10000498:	6ac1      	ldr	r1, [r0, #44]	@ 0x2c
1000049a:	4804      	ldr	r0, [pc, #16]	@ (100004ac <_ZN6Player9setVolumeEi+0x24>)
1000049c:	f003 fd36 	bl	10003f0c <__wrap_printf>
100004a0:	bd10      	pop	{r4, pc}
100004a2:	2900      	cmp	r1, #0
100004a4:	d1f8      	bne.n	10000498 <_ZN6Player9setVolumeEi+0x10>
100004a6:	2300      	movs	r3, #0
100004a8:	62c3      	str	r3, [r0, #44]	@ 0x2c
100004aa:	e7f5      	b.n	10000498 <_ZN6Player9setVolumeEi+0x10>
100004ac:	10006b64 	.word	0x10006b64

100004b0 <_ZN6Player7controlEv>:
100004b0:	b570      	push	{r4, r5, r6, lr}
100004b2:	0004      	movs	r4, r0
100004b4:	3030      	adds	r0, #48	@ 0x30
100004b6:	f7ff ff49 	bl	1000034c <_ZN7Encoder10readRotateEv>
100004ba:	6460      	str	r0, [r4, #68]	@ 0x44
100004bc:	2329      	movs	r3, #41	@ 0x29
100004be:	5ce3      	ldrb	r3, [r4, r3]
100004c0:	2b00      	cmp	r3, #0
100004c2:	d001      	beq.n	100004c8 <_ZN6Player7controlEv+0x18>
100004c4:	2800      	cmp	r0, #0
100004c6:	d110      	bne.n	100004ea <_ZN6Player7controlEv+0x3a>
100004c8:	0020      	movs	r0, r4
100004ca:	f7ff ff87 	bl	100003dc <_ZN6Button10checkClickEv>
100004ce:	2800      	cmp	r0, #0
100004d0:	d014      	beq.n	100004fc <_ZN6Player7controlEv+0x4c>
100004d2:	2228      	movs	r2, #40	@ 0x28
100004d4:	5ca3      	ldrb	r3, [r4, r2]
100004d6:	2101      	movs	r1, #1
100004d8:	404b      	eors	r3, r1
100004da:	b2db      	uxtb	r3, r3
100004dc:	54a3      	strb	r3, [r4, r2]
100004de:	2b00      	cmp	r3, #0
100004e0:	d008      	beq.n	100004f4 <_ZN6Player7controlEv+0x44>
100004e2:	483b      	ldr	r0, [pc, #236]	@ (100005d0 <_ZN6Player7controlEv+0x120>)
100004e4:	f003 fce2 	bl	10003eac <__wrap_puts>
100004e8:	bd70      	pop	{r4, r5, r6, pc}
100004ea:	0001      	movs	r1, r0
100004ec:	0020      	movs	r0, r4
100004ee:	f7ff ffcb 	bl	10000488 <_ZN6Player9setVolumeEi>
100004f2:	e7e9      	b.n	100004c8 <_ZN6Player7controlEv+0x18>
100004f4:	4837      	ldr	r0, [pc, #220]	@ (100005d4 <_ZN6Player7controlEv+0x124>)
100004f6:	f003 fcd9 	bl	10003eac <__wrap_puts>
100004fa:	e7f5      	b.n	100004e8 <_ZN6Player7controlEv+0x38>
100004fc:	0020      	movs	r0, r4
100004fe:	3020      	adds	r0, #32
10000500:	f7ff ff6c 	bl	100003dc <_ZN6Button10checkClickEv>
10000504:	2800      	cmp	r0, #0
10000506:	d012      	beq.n	1000052e <_ZN6Player7controlEv+0x7e>
10000508:	2329      	movs	r3, #41	@ 0x29
1000050a:	5ce3      	ldrb	r3, [r4, r3]
1000050c:	2b00      	cmp	r3, #0
1000050e:	d10e      	bne.n	1000052e <_ZN6Player7controlEv+0x7e>
10000510:	222a      	movs	r2, #42	@ 0x2a
10000512:	5ca3      	ldrb	r3, [r4, r2]
10000514:	2101      	movs	r1, #1
10000516:	404b      	eors	r3, r1
10000518:	b2db      	uxtb	r3, r3
1000051a:	54a3      	strb	r3, [r4, r2]
1000051c:	2b00      	cmp	r3, #0
1000051e:	d12f      	bne.n	10000580 <_ZN6Player7controlEv+0xd0>
10000520:	482d      	ldr	r0, [pc, #180]	@ (100005d8 <_ZN6Player7controlEv+0x128>)
10000522:	f003 fcc3 	bl	10003eac <__wrap_puts>
10000526:	232b      	movs	r3, #43	@ 0x2b
10000528:	2201      	movs	r2, #1
1000052a:	54e2      	strb	r2, [r4, r3]
1000052c:	e7dc      	b.n	100004e8 <_ZN6Player7controlEv+0x38>
1000052e:	0020      	movs	r0, r4
10000530:	3018      	adds	r0, #24
10000532:	f7ff ff53 	bl	100003dc <_ZN6Button10checkClickEv>
10000536:	2800      	cmp	r0, #0
10000538:	d003      	beq.n	10000542 <_ZN6Player7controlEv+0x92>
1000053a:	232a      	movs	r3, #42	@ 0x2a
1000053c:	5ce3      	ldrb	r3, [r4, r3]
1000053e:	2b00      	cmp	r3, #0
10000540:	d025      	beq.n	1000058e <_ZN6Player7controlEv+0xde>
10000542:	0020      	movs	r0, r4
10000544:	3008      	adds	r0, #8
10000546:	f7ff ff49 	bl	100003dc <_ZN6Button10checkClickEv>
1000054a:	2800      	cmp	r0, #0
1000054c:	d003      	beq.n	10000556 <_ZN6Player7controlEv+0xa6>
1000054e:	232b      	movs	r3, #43	@ 0x2b
10000550:	5ce3      	ldrb	r3, [r4, r3]
10000552:	2b00      	cmp	r3, #0
10000554:	d131      	bne.n	100005ba <_ZN6Player7controlEv+0x10a>
10000556:	0020      	movs	r0, r4
10000558:	3010      	adds	r0, #16
1000055a:	f7ff ff3f 	bl	100003dc <_ZN6Button10checkClickEv>
1000055e:	2800      	cmp	r0, #0
10000560:	d0c2      	beq.n	100004e8 <_ZN6Player7controlEv+0x38>
10000562:	232b      	movs	r3, #43	@ 0x2b
10000564:	5ce3      	ldrb	r3, [r4, r3]
10000566:	2b00      	cmp	r3, #0
10000568:	d0be      	beq.n	100004e8 <_ZN6Player7controlEv+0x38>
1000056a:	2601      	movs	r6, #1
1000056c:	4073      	eors	r3, r6
1000056e:	252b      	movs	r5, #43	@ 0x2b
10000570:	5563      	strb	r3, [r4, r5]
10000572:	481a      	ldr	r0, [pc, #104]	@ (100005dc <_ZN6Player7controlEv+0x12c>)
10000574:	f003 fc9a 	bl	10003eac <__wrap_puts>
10000578:	5d63      	ldrb	r3, [r4, r5]
1000057a:	4073      	eors	r3, r6
1000057c:	5563      	strb	r3, [r4, r5]
1000057e:	e7b3      	b.n	100004e8 <_ZN6Player7controlEv+0x38>
10000580:	4817      	ldr	r0, [pc, #92]	@ (100005e0 <_ZN6Player7controlEv+0x130>)
10000582:	f003 fc93 	bl	10003eac <__wrap_puts>
10000586:	232b      	movs	r3, #43	@ 0x2b
10000588:	2200      	movs	r2, #0
1000058a:	54e2      	strb	r2, [r4, r3]
1000058c:	e7ac      	b.n	100004e8 <_ZN6Player7controlEv+0x38>
1000058e:	2229      	movs	r2, #41	@ 0x29
10000590:	5ca3      	ldrb	r3, [r4, r2]
10000592:	2101      	movs	r1, #1
10000594:	404b      	eors	r3, r1
10000596:	b2db      	uxtb	r3, r3
10000598:	54a3      	strb	r3, [r4, r2]
1000059a:	2b00      	cmp	r3, #0
1000059c:	d006      	beq.n	100005ac <_ZN6Player7controlEv+0xfc>
1000059e:	4811      	ldr	r0, [pc, #68]	@ (100005e4 <_ZN6Player7controlEv+0x134>)
100005a0:	f003 fc84 	bl	10003eac <__wrap_puts>
100005a4:	232b      	movs	r3, #43	@ 0x2b
100005a6:	2200      	movs	r2, #0
100005a8:	54e2      	strb	r2, [r4, r3]
100005aa:	e79d      	b.n	100004e8 <_ZN6Player7controlEv+0x38>
100005ac:	480a      	ldr	r0, [pc, #40]	@ (100005d8 <_ZN6Player7controlEv+0x128>)
100005ae:	f003 fc7d 	bl	10003eac <__wrap_puts>
100005b2:	232b      	movs	r3, #43	@ 0x2b
100005b4:	2201      	movs	r2, #1
100005b6:	54e2      	strb	r2, [r4, r3]
100005b8:	e796      	b.n	100004e8 <_ZN6Player7controlEv+0x38>
100005ba:	2601      	movs	r6, #1
100005bc:	4073      	eors	r3, r6
100005be:	252b      	movs	r5, #43	@ 0x2b
100005c0:	5563      	strb	r3, [r4, r5]
100005c2:	4809      	ldr	r0, [pc, #36]	@ (100005e8 <_ZN6Player7controlEv+0x138>)
100005c4:	f003 fc72 	bl	10003eac <__wrap_puts>
100005c8:	5d63      	ldrb	r3, [r4, r5]
100005ca:	4073      	eors	r3, r6
100005cc:	5563      	strb	r3, [r4, r5]
100005ce:	e78b      	b.n	100004e8 <_ZN6Player7controlEv+0x38>
100005d0:	10006b78 	.word	0x10006b78
100005d4:	10006b80 	.word	0x10006b80
100005d8:	10006b98 	.word	0x10006b98
100005dc:	10006bcc 	.word	0x10006bcc
100005e0:	10006b88 	.word	0x10006b88
100005e4:	10006ba8 	.word	0x10006ba8
100005e8:	10006bb8 	.word	0x10006bb8

100005ec <main>:
100005ec:	b500      	push	{lr}
100005ee:	b093      	sub	sp, #76	@ 0x4c
100005f0:	f003 fc58 	bl	10003ea4 <stdio_init_all>
100005f4:	4668      	mov	r0, sp
100005f6:	f7ff ff1a 	bl	1000042e <_ZN6PlayerC1Ev>
100005fa:	4668      	mov	r0, sp
100005fc:	f7ff ff58 	bl	100004b0 <_ZN6Player7controlEv>
10000600:	200a      	movs	r0, #10
10000602:	f000 ff1d 	bl	10001440 <sleep_ms>
10000606:	e7f8      	b.n	100005fa <main+0xe>

10000608 <gpio_set_function>:
10000608:	b510      	push	{r4, lr}
1000060a:	0083      	lsls	r3, r0, #2
1000060c:	4a08      	ldr	r2, [pc, #32]	@ (10000630 <gpio_set_function+0x28>)
1000060e:	189a      	adds	r2, r3, r2
10000610:	6812      	ldr	r2, [r2, #0]
10000612:	2440      	movs	r4, #64	@ 0x40
10000614:	4054      	eors	r4, r2
10000616:	22c0      	movs	r2, #192	@ 0xc0
10000618:	4022      	ands	r2, r4
1000061a:	4c06      	ldr	r4, [pc, #24]	@ (10000634 <gpio_set_function+0x2c>)
1000061c:	46a4      	mov	ip, r4
1000061e:	4463      	add	r3, ip
10000620:	601a      	str	r2, [r3, #0]
10000622:	00c0      	lsls	r0, r0, #3
10000624:	4b04      	ldr	r3, [pc, #16]	@ (10000638 <gpio_set_function+0x30>)
10000626:	469c      	mov	ip, r3
10000628:	4460      	add	r0, ip
1000062a:	6041      	str	r1, [r0, #4]
1000062c:	bd10      	pop	{r4, pc}
1000062e:	46c0      	nop			@ (mov r8, r8)
10000630:	4001c004 	.word	0x4001c004
10000634:	4001d004 	.word	0x4001d004
10000638:	40014000 	.word	0x40014000

1000063c <gpio_set_pulls>:
1000063c:	0080      	lsls	r0, r0, #2
1000063e:	4b0b      	ldr	r3, [pc, #44]	@ (1000066c <gpio_set_pulls+0x30>)
10000640:	469c      	mov	ip, r3
10000642:	4460      	add	r0, ip
10000644:	2900      	cmp	r1, #0
10000646:	d00e      	beq.n	10000666 <gpio_set_pulls+0x2a>
10000648:	2308      	movs	r3, #8
1000064a:	2a00      	cmp	r2, #0
1000064c:	d000      	beq.n	10000650 <gpio_set_pulls+0x14>
1000064e:	2204      	movs	r2, #4
10000650:	4313      	orrs	r3, r2
10000652:	6802      	ldr	r2, [r0, #0]
10000654:	4053      	eors	r3, r2
10000656:	220c      	movs	r2, #12
10000658:	4013      	ands	r3, r2
1000065a:	2280      	movs	r2, #128	@ 0x80
1000065c:	0152      	lsls	r2, r2, #5
1000065e:	4694      	mov	ip, r2
10000660:	4460      	add	r0, ip
10000662:	6003      	str	r3, [r0, #0]
10000664:	4770      	bx	lr
10000666:	2300      	movs	r3, #0
10000668:	e7ef      	b.n	1000064a <gpio_set_pulls+0xe>
1000066a:	46c0      	nop			@ (mov r8, r8)
1000066c:	4001c004 	.word	0x4001c004

10000670 <gpio_init>:
10000670:	b510      	push	{r4, lr}
10000672:	2301      	movs	r3, #1
10000674:	4083      	lsls	r3, r0
10000676:	22d0      	movs	r2, #208	@ 0xd0
10000678:	0612      	lsls	r2, r2, #24
1000067a:	6293      	str	r3, [r2, #40]	@ 0x28
1000067c:	6193      	str	r3, [r2, #24]
1000067e:	2105      	movs	r1, #5
10000680:	f7ff ffc2 	bl	10000608 <gpio_set_function>
10000684:	bd10      	pop	{r4, pc}
	...

10000688 <rp2040_chip_version>:
10000688:	b510      	push	{r4, lr}
1000068a:	2380      	movs	r3, #128	@ 0x80
1000068c:	05db      	lsls	r3, r3, #23
1000068e:	6818      	ldr	r0, [r3, #0]
10000690:	0503      	lsls	r3, r0, #20
10000692:	0d1b      	lsrs	r3, r3, #20
10000694:	4a0b      	ldr	r2, [pc, #44]	@ (100006c4 <rp2040_chip_version+0x3c>)
10000696:	4293      	cmp	r3, r2
10000698:	d107      	bne.n	100006aa <rp2040_chip_version+0x22>
1000069a:	4b0b      	ldr	r3, [pc, #44]	@ (100006c8 <rp2040_chip_version+0x40>)
1000069c:	4003      	ands	r3, r0
1000069e:	2280      	movs	r2, #128	@ 0x80
100006a0:	0192      	lsls	r2, r2, #6
100006a2:	4293      	cmp	r3, r2
100006a4:	d107      	bne.n	100006b6 <rp2040_chip_version+0x2e>
100006a6:	0f00      	lsrs	r0, r0, #28
100006a8:	bd10      	pop	{r4, pc}
100006aa:	4b08      	ldr	r3, [pc, #32]	@ (100006cc <rp2040_chip_version+0x44>)
100006ac:	4a08      	ldr	r2, [pc, #32]	@ (100006d0 <rp2040_chip_version+0x48>)
100006ae:	4809      	ldr	r0, [pc, #36]	@ (100006d4 <rp2040_chip_version+0x4c>)
100006b0:	2113      	movs	r1, #19
100006b2:	f003 fabf 	bl	10003c34 <__assert_func>
100006b6:	4b08      	ldr	r3, [pc, #32]	@ (100006d8 <rp2040_chip_version+0x50>)
100006b8:	4a05      	ldr	r2, [pc, #20]	@ (100006d0 <rp2040_chip_version+0x48>)
100006ba:	4806      	ldr	r0, [pc, #24]	@ (100006d4 <rp2040_chip_version+0x4c>)
100006bc:	2114      	movs	r1, #20
100006be:	f003 fab9 	bl	10003c34 <__assert_func>
100006c2:	46c0      	nop			@ (mov r8, r8)
100006c4:	00000927 	.word	0x00000927
100006c8:	0ffff000 	.word	0x0ffff000
100006cc:	10006bdc 	.word	0x10006bdc
100006d0:	100078b8 	.word	0x100078b8
100006d4:	10006c00 	.word	0x10006c00
100006d8:	10006c48 	.word	0x10006c48

100006dc <panic>:
100006dc:	b40f      	push	{r0, r1, r2, r3}
100006de:	b500      	push	{lr}
100006e0:	b083      	sub	sp, #12
100006e2:	4808      	ldr	r0, [pc, #32]	@ (10000704 <panic+0x28>)
100006e4:	f003 fbe2 	bl	10003eac <__wrap_puts>
100006e8:	9b04      	ldr	r3, [sp, #16]
100006ea:	2b00      	cmp	r3, #0
100006ec:	d007      	beq.n	100006fe <panic+0x22>
100006ee:	a905      	add	r1, sp, #20
100006f0:	9101      	str	r1, [sp, #4]
100006f2:	0018      	movs	r0, r3
100006f4:	f003 fbea 	bl	10003ecc <__wrap_vprintf>
100006f8:	4803      	ldr	r0, [pc, #12]	@ (10000708 <panic+0x2c>)
100006fa:	f003 fbd7 	bl	10003eac <__wrap_puts>
100006fe:	2001      	movs	r0, #1
10000700:	f003 fa92 	bl	10003c28 <_exit>
10000704:	10006c5c 	.word	0x10006c5c
10000708:	100072dc 	.word	0x100072dc

1000070c <hw_claim_lock>:
1000070c:	f3ef 8010 	mrs	r0, PRIMASK
10000710:	b672      	cpsid	i
10000712:	4b03      	ldr	r3, [pc, #12]	@ (10000720 <hw_claim_lock+0x14>)
10000714:	681b      	ldr	r3, [r3, #0]
10000716:	2b00      	cmp	r3, #0
10000718:	d0fb      	beq.n	10000712 <hw_claim_lock+0x6>
1000071a:	f3bf 8f5f 	dmb	sy
1000071e:	4770      	bx	lr
10000720:	d000012c 	.word	0xd000012c

10000724 <hw_claim_unlock>:
10000724:	f3bf 8f5f 	dmb	sy
10000728:	4b02      	ldr	r3, [pc, #8]	@ (10000734 <hw_claim_unlock+0x10>)
1000072a:	2200      	movs	r2, #0
1000072c:	601a      	str	r2, [r3, #0]
1000072e:	f380 8810 	msr	PRIMASK, r0
10000732:	4770      	bx	lr
10000734:	d000012c 	.word	0xd000012c

10000738 <hw_claim_or_assert>:
10000738:	b570      	push	{r4, r5, r6, lr}
1000073a:	0005      	movs	r5, r0
1000073c:	000c      	movs	r4, r1
1000073e:	0016      	movs	r6, r2
10000740:	f7ff ffe4 	bl	1000070c <hw_claim_lock>
10000744:	08e3      	lsrs	r3, r4, #3
10000746:	18ea      	adds	r2, r5, r3
10000748:	4694      	mov	ip, r2
1000074a:	5ce9      	ldrb	r1, [r5, r3]
1000074c:	2207      	movs	r2, #7
1000074e:	4022      	ands	r2, r4
10000750:	2301      	movs	r3, #1
10000752:	4093      	lsls	r3, r2
10000754:	420b      	tst	r3, r1
10000756:	d106      	bne.n	10000766 <hw_claim_or_assert+0x2e>
10000758:	b2db      	uxtb	r3, r3
1000075a:	430b      	orrs	r3, r1
1000075c:	4662      	mov	r2, ip
1000075e:	7013      	strb	r3, [r2, #0]
10000760:	f7ff ffe0 	bl	10000724 <hw_claim_unlock>
10000764:	bd70      	pop	{r4, r5, r6, pc}
10000766:	0021      	movs	r1, r4
10000768:	0030      	movs	r0, r6
1000076a:	f7ff ffb7 	bl	100006dc <panic>

1000076e <hw_claim_unused_from_range>:
1000076e:	b5f0      	push	{r4, r5, r6, r7, lr}
10000770:	b083      	sub	sp, #12
10000772:	0005      	movs	r5, r0
10000774:	9101      	str	r1, [sp, #4]
10000776:	0014      	movs	r4, r2
10000778:	001e      	movs	r6, r3
1000077a:	f7ff ffc7 	bl	1000070c <hw_claim_lock>
1000077e:	e000      	b.n	10000782 <hw_claim_unused_from_range+0x14>
10000780:	3401      	adds	r4, #1
10000782:	42b4      	cmp	r4, r6
10000784:	d80c      	bhi.n	100007a0 <hw_claim_unused_from_range+0x32>
10000786:	08e3      	lsrs	r3, r4, #3
10000788:	18ef      	adds	r7, r5, r3
1000078a:	5ceb      	ldrb	r3, [r5, r3]
1000078c:	2107      	movs	r1, #7
1000078e:	4021      	ands	r1, r4
10000790:	2201      	movs	r2, #1
10000792:	408a      	lsls	r2, r1
10000794:	421a      	tst	r2, r3
10000796:	d1f3      	bne.n	10000780 <hw_claim_unused_from_range+0x12>
10000798:	b2d2      	uxtb	r2, r2
1000079a:	431a      	orrs	r2, r3
1000079c:	703a      	strb	r2, [r7, #0]
1000079e:	e001      	b.n	100007a4 <hw_claim_unused_from_range+0x36>
100007a0:	2401      	movs	r4, #1
100007a2:	4264      	negs	r4, r4
100007a4:	f7ff ffbe 	bl	10000724 <hw_claim_unlock>
100007a8:	2c00      	cmp	r4, #0
100007aa:	db02      	blt.n	100007b2 <hw_claim_unused_from_range+0x44>
100007ac:	0020      	movs	r0, r4
100007ae:	b003      	add	sp, #12
100007b0:	bdf0      	pop	{r4, r5, r6, r7, pc}
100007b2:	9b01      	ldr	r3, [sp, #4]
100007b4:	2b00      	cmp	r3, #0
100007b6:	d0f9      	beq.n	100007ac <hw_claim_unused_from_range+0x3e>
100007b8:	9808      	ldr	r0, [sp, #32]
100007ba:	f7ff ff8f 	bl	100006dc <panic>
	...

100007c0 <next_striped_spin_lock_num>:
100007c0:	4a05      	ldr	r2, [pc, #20]	@ (100007d8 <next_striped_spin_lock_num+0x18>)
100007c2:	7810      	ldrb	r0, [r2, #0]
100007c4:	1c43      	adds	r3, r0, #1
100007c6:	b2db      	uxtb	r3, r3
100007c8:	7013      	strb	r3, [r2, #0]
100007ca:	2b17      	cmp	r3, #23
100007cc:	d902      	bls.n	100007d4 <next_striped_spin_lock_num+0x14>
100007ce:	0013      	movs	r3, r2
100007d0:	2210      	movs	r2, #16
100007d2:	701a      	strb	r2, [r3, #0]
100007d4:	4770      	bx	lr
100007d6:	46c0      	nop			@ (mov r8, r8)
100007d8:	20000bd0 	.word	0x20000bd0

100007dc <spin_lock_claim_unused>:
100007dc:	b500      	push	{lr}
100007de:	b083      	sub	sp, #12
100007e0:	0001      	movs	r1, r0
100007e2:	4804      	ldr	r0, [pc, #16]	@ (100007f4 <spin_lock_claim_unused+0x18>)
100007e4:	4b04      	ldr	r3, [pc, #16]	@ (100007f8 <spin_lock_claim_unused+0x1c>)
100007e6:	9300      	str	r3, [sp, #0]
100007e8:	231f      	movs	r3, #31
100007ea:	2218      	movs	r2, #24
100007ec:	f7ff ffbf 	bl	1000076e <hw_claim_unused_from_range>
100007f0:	b003      	add	sp, #12
100007f2:	bd00      	pop	{pc}
100007f4:	20001224 	.word	0x20001224
100007f8:	10006c6c 	.word	0x10006c6c

100007fc <spin_locks_reset>:
100007fc:	2300      	movs	r3, #0
100007fe:	e007      	b.n	10000810 <spin_locks_reset+0x14>
10000800:	4a05      	ldr	r2, [pc, #20]	@ (10000818 <spin_locks_reset+0x1c>)
10000802:	189a      	adds	r2, r3, r2
10000804:	0092      	lsls	r2, r2, #2
10000806:	f3bf 8f5f 	dmb	sy
1000080a:	2100      	movs	r1, #0
1000080c:	6011      	str	r1, [r2, #0]
1000080e:	3301      	adds	r3, #1
10000810:	2b1f      	cmp	r3, #31
10000812:	d9f5      	bls.n	10000800 <spin_locks_reset+0x4>
10000814:	4770      	bx	lr
10000816:	46c0      	nop			@ (mov r8, r8)
10000818:	34000040 	.word	0x34000040

1000081c <set_raw_irq_handler_and_unlock>:
1000081c:	4b07      	ldr	r3, [pc, #28]	@ (1000083c <set_raw_irq_handler_and_unlock+0x20>)
1000081e:	689b      	ldr	r3, [r3, #8]
10000820:	3010      	adds	r0, #16
10000822:	0080      	lsls	r0, r0, #2
10000824:	5019      	str	r1, [r3, r0]
10000826:	f3bf 8f5f 	dmb	sy
1000082a:	f3bf 8f5f 	dmb	sy
1000082e:	4b04      	ldr	r3, [pc, #16]	@ (10000840 <set_raw_irq_handler_and_unlock+0x24>)
10000830:	2100      	movs	r1, #0
10000832:	6019      	str	r1, [r3, #0]
10000834:	f382 8810 	msr	PRIMASK, r2
10000838:	4770      	bx	lr
1000083a:	46c0      	nop			@ (mov r8, r8)
1000083c:	e000ed00 	.word	0xe000ed00
10000840:	d0000124 	.word	0xd0000124

10000844 <nvic_ipr0>:
10000844:	4800      	ldr	r0, [pc, #0]	@ (10000848 <nvic_ipr0+0x4>)
10000846:	4770      	bx	lr
10000848:	e000e400 	.word	0xe000e400

1000084c <runtime_init_per_core_irq_priorities>:
1000084c:	b510      	push	{r4, lr}
1000084e:	f7ff fff9 	bl	10000844 <nvic_ipr0>
10000852:	2300      	movs	r3, #0
10000854:	e002      	b.n	1000085c <runtime_init_per_core_irq_priorities+0x10>
10000856:	4a03      	ldr	r2, [pc, #12]	@ (10000864 <runtime_init_per_core_irq_priorities+0x18>)
10000858:	c004      	stmia	r0!, {r2}
1000085a:	3301      	adds	r3, #1
1000085c:	2b07      	cmp	r3, #7
1000085e:	d9fa      	bls.n	10000856 <runtime_init_per_core_irq_priorities+0xa>
10000860:	bd10      	pop	{r4, pc}
10000862:	46c0      	nop			@ (mov r8, r8)
10000864:	80808080 	.word	0x80808080

10000868 <resolve_j_16>:
10000868:	b510      	push	{r4, lr}
1000086a:	8803      	ldrh	r3, [r0, #0]
1000086c:	0ada      	lsrs	r2, r3, #11
1000086e:	2a1c      	cmp	r2, #28
10000870:	d105      	bne.n	1000087e <resolve_j_16+0x16>
10000872:	055b      	lsls	r3, r3, #21
10000874:	155b      	asrs	r3, r3, #21
10000876:	3302      	adds	r3, #2
10000878:	005b      	lsls	r3, r3, #1
1000087a:	18c0      	adds	r0, r0, r3
1000087c:	bd10      	pop	{r4, pc}
1000087e:	4b03      	ldr	r3, [pc, #12]	@ (1000088c <resolve_j_16+0x24>)
10000880:	4a03      	ldr	r2, [pc, #12]	@ (10000890 <resolve_j_16+0x28>)
10000882:	2134      	movs	r1, #52	@ 0x34
10000884:	4803      	ldr	r0, [pc, #12]	@ (10000894 <resolve_j_16+0x2c>)
10000886:	31ff      	adds	r1, #255	@ 0xff
10000888:	f003 f9d4 	bl	10003c34 <__assert_func>
1000088c:	10006c88 	.word	0x10006c88
10000890:	100078f4 	.word	0x100078f4
10000894:	10006ca0 	.word	0x10006ca0

10000898 <make_j_16>:
10000898:	b510      	push	{r4, lr}
1000089a:	1a09      	subs	r1, r1, r0
1000089c:	1f0b      	subs	r3, r1, #4
1000089e:	4a0a      	ldr	r2, [pc, #40]	@ (100008c8 <make_j_16+0x30>)
100008a0:	1888      	adds	r0, r1, r2
100008a2:	4a0a      	ldr	r2, [pc, #40]	@ (100008cc <make_j_16+0x34>)
100008a4:	4290      	cmp	r0, r2
100008a6:	d808      	bhi.n	100008ba <make_j_16+0x22>
100008a8:	07c9      	lsls	r1, r1, #31
100008aa:	d406      	bmi.n	100008ba <make_j_16+0x22>
100008ac:	105b      	asrs	r3, r3, #1
100008ae:	055b      	lsls	r3, r3, #21
100008b0:	0d5b      	lsrs	r3, r3, #21
100008b2:	4807      	ldr	r0, [pc, #28]	@ (100008d0 <make_j_16+0x38>)
100008b4:	4318      	orrs	r0, r3
100008b6:	b280      	uxth	r0, r0
100008b8:	bd10      	pop	{r4, pc}
100008ba:	4b06      	ldr	r3, [pc, #24]	@ (100008d4 <make_j_16+0x3c>)
100008bc:	4a06      	ldr	r2, [pc, #24]	@ (100008d8 <make_j_16+0x40>)
100008be:	2126      	movs	r1, #38	@ 0x26
100008c0:	4806      	ldr	r0, [pc, #24]	@ (100008dc <make_j_16+0x44>)
100008c2:	31ff      	adds	r1, #255	@ 0xff
100008c4:	f003 f9b6 	bl	10003c34 <__assert_func>
100008c8:	000007fc 	.word	0x000007fc
100008cc:	00000ffe 	.word	0x00000ffe
100008d0:	ffffe000 	.word	0xffffe000
100008d4:	10006ce8 	.word	0x10006ce8
100008d8:	100078e8 	.word	0x100078e8
100008dc:	10006ca0 	.word	0x10006ca0

100008e0 <irq_is_enabled>:
100008e0:	2301      	movs	r3, #1
100008e2:	4083      	lsls	r3, r0
100008e4:	4a03      	ldr	r2, [pc, #12]	@ (100008f4 <irq_is_enabled+0x14>)
100008e6:	6810      	ldr	r0, [r2, #0]
100008e8:	4018      	ands	r0, r3
100008ea:	1e43      	subs	r3, r0, #1
100008ec:	4198      	sbcs	r0, r3
100008ee:	b2c0      	uxtb	r0, r0
100008f0:	4770      	bx	lr
100008f2:	46c0      	nop			@ (mov r8, r8)
100008f4:	e000e100 	.word	0xe000e100

100008f8 <irq_set_mask_n_enabled>:
100008f8:	2a00      	cmp	r2, #0
100008fa:	d005      	beq.n	10000908 <irq_set_mask_n_enabled+0x10>
100008fc:	4b04      	ldr	r3, [pc, #16]	@ (10000910 <irq_set_mask_n_enabled+0x18>)
100008fe:	22c0      	movs	r2, #192	@ 0xc0
10000900:	0052      	lsls	r2, r2, #1
10000902:	5099      	str	r1, [r3, r2]
10000904:	6019      	str	r1, [r3, #0]
10000906:	4770      	bx	lr
10000908:	4a01      	ldr	r2, [pc, #4]	@ (10000910 <irq_set_mask_n_enabled+0x18>)
1000090a:	2380      	movs	r3, #128	@ 0x80
1000090c:	50d1      	str	r1, [r2, r3]
1000090e:	e7fa      	b.n	10000906 <irq_set_mask_n_enabled+0xe>
10000910:	e000e100 	.word	0xe000e100

10000914 <irq_set_enabled>:
10000914:	b510      	push	{r4, lr}
10000916:	000a      	movs	r2, r1
10000918:	231f      	movs	r3, #31
1000091a:	4003      	ands	r3, r0
1000091c:	2101      	movs	r1, #1
1000091e:	4099      	lsls	r1, r3
10000920:	0940      	lsrs	r0, r0, #5
10000922:	f7ff ffe9 	bl	100008f8 <irq_set_mask_n_enabled>
10000926:	bd10      	pop	{r4, pc}

10000928 <irq_set_pending>:
10000928:	2301      	movs	r3, #1
1000092a:	4083      	lsls	r3, r0
1000092c:	4a01      	ldr	r2, [pc, #4]	@ (10000934 <irq_set_pending+0xc>)
1000092e:	6013      	str	r3, [r2, #0]
10000930:	4770      	bx	lr
10000932:	46c0      	nop			@ (mov r8, r8)
10000934:	e000e200 	.word	0xe000e200

10000938 <irq_get_vtable_handler>:
10000938:	4b02      	ldr	r3, [pc, #8]	@ (10000944 <irq_get_vtable_handler+0xc>)
1000093a:	689b      	ldr	r3, [r3, #8]
1000093c:	3010      	adds	r0, #16
1000093e:	0080      	lsls	r0, r0, #2
10000940:	58c0      	ldr	r0, [r0, r3]
10000942:	4770      	bx	lr
10000944:	e000ed00 	.word	0xe000ed00

10000948 <irq_has_shared_handler>:
10000948:	b510      	push	{r4, lr}
1000094a:	f7ff fff5 	bl	10000938 <irq_get_vtable_handler>
1000094e:	4b04      	ldr	r3, [pc, #16]	@ (10000960 <irq_has_shared_handler+0x18>)
10000950:	1ac3      	subs	r3, r0, r3
10000952:	2000      	movs	r0, #0
10000954:	2247      	movs	r2, #71	@ 0x47
10000956:	429a      	cmp	r2, r3
10000958:	4140      	adcs	r0, r0
1000095a:	b2c0      	uxtb	r0, r0
1000095c:	bd10      	pop	{r4, pc}
1000095e:	46c0      	nop			@ (mov r8, r8)
10000960:	20000bd4 	.word	0x20000bd4

10000964 <irq_set_exclusive_handler>:
10000964:	b570      	push	{r4, r5, r6, lr}
10000966:	0005      	movs	r5, r0
10000968:	000e      	movs	r6, r1
1000096a:	f3ef 8410 	mrs	r4, PRIMASK
1000096e:	b672      	cpsid	i
10000970:	4b0d      	ldr	r3, [pc, #52]	@ (100009a8 <irq_set_exclusive_handler+0x44>)
10000972:	681b      	ldr	r3, [r3, #0]
10000974:	2b00      	cmp	r3, #0
10000976:	d0fb      	beq.n	10000970 <irq_set_exclusive_handler+0xc>
10000978:	f3bf 8f5f 	dmb	sy
1000097c:	0028      	movs	r0, r5
1000097e:	f7ff ffdb 	bl	10000938 <irq_get_vtable_handler>
10000982:	4b0a      	ldr	r3, [pc, #40]	@ (100009ac <irq_set_exclusive_handler+0x48>)
10000984:	4298      	cmp	r0, r3
10000986:	d001      	beq.n	1000098c <irq_set_exclusive_handler+0x28>
10000988:	42b0      	cmp	r0, r6
1000098a:	d105      	bne.n	10000998 <irq_set_exclusive_handler+0x34>
1000098c:	0022      	movs	r2, r4
1000098e:	0031      	movs	r1, r6
10000990:	0028      	movs	r0, r5
10000992:	f7ff ff43 	bl	1000081c <set_raw_irq_handler_and_unlock>
10000996:	bd70      	pop	{r4, r5, r6, pc}
10000998:	4b05      	ldr	r3, [pc, #20]	@ (100009b0 <irq_set_exclusive_handler+0x4c>)
1000099a:	4a06      	ldr	r2, [pc, #24]	@ (100009b4 <irq_set_exclusive_handler+0x50>)
1000099c:	2182      	movs	r1, #130	@ 0x82
1000099e:	4806      	ldr	r0, [pc, #24]	@ (100009b8 <irq_set_exclusive_handler+0x54>)
100009a0:	0049      	lsls	r1, r1, #1
100009a2:	f003 f947 	bl	10003c34 <__assert_func>
100009a6:	46c0      	nop			@ (mov r8, r8)
100009a8:	d0000124 	.word	0xd0000124
100009ac:	100001c1 	.word	0x100001c1
100009b0:	10006d18 	.word	0x10006d18
100009b4:	1000791c 	.word	0x1000791c
100009b8:	10006ca0 	.word	0x10006ca0

100009bc <irq_add_shared_handler>:
100009bc:	b5f0      	push	{r4, r5, r6, r7, lr}
100009be:	46de      	mov	lr, fp
100009c0:	4657      	mov	r7, sl
100009c2:	464e      	mov	r6, r9
100009c4:	4645      	mov	r5, r8
100009c6:	b5e0      	push	{r5, r6, r7, lr}
100009c8:	b089      	sub	sp, #36	@ 0x24
100009ca:	4681      	mov	r9, r0
100009cc:	9101      	str	r1, [sp, #4]
100009ce:	0015      	movs	r5, r2
100009d0:	f3ef 8310 	mrs	r3, PRIMASK
100009d4:	b672      	cpsid	i
100009d6:	469a      	mov	sl, r3
100009d8:	4b6e      	ldr	r3, [pc, #440]	@ (10000b94 <irq_add_shared_handler+0x1d8>)
100009da:	681b      	ldr	r3, [r3, #0]
100009dc:	2b00      	cmp	r3, #0
100009de:	d0fb      	beq.n	100009d8 <irq_add_shared_handler+0x1c>
100009e0:	f3bf 8f5f 	dmb	sy
100009e4:	4b6c      	ldr	r3, [pc, #432]	@ (10000b98 <irq_add_shared_handler+0x1dc>)
100009e6:	2600      	movs	r6, #0
100009e8:	579e      	ldrsb	r6, [r3, r6]
100009ea:	2e00      	cmp	r6, #0
100009ec:	db40      	blt.n	10000a70 <irq_add_shared_handler+0xb4>
100009ee:	0074      	lsls	r4, r6, #1
100009f0:	19a4      	adds	r4, r4, r6
100009f2:	00a4      	lsls	r4, r4, #2
100009f4:	4869      	ldr	r0, [pc, #420]	@ (10000b9c <irq_add_shared_handler+0x1e0>)
100009f6:	1823      	adds	r3, r4, r0
100009f8:	469b      	mov	fp, r3
100009fa:	2206      	movs	r2, #6
100009fc:	569a      	ldrsb	r2, [r3, r2]
100009fe:	4b66      	ldr	r3, [pc, #408]	@ (10000b98 <irq_add_shared_handler+0x1dc>)
10000a00:	701a      	strb	r2, [r3, #0]
10000a02:	4b67      	ldr	r3, [pc, #412]	@ (10000ba0 <irq_add_shared_handler+0x1e4>)
10000a04:	689a      	ldr	r2, [r3, #8]
10000a06:	464b      	mov	r3, r9
10000a08:	3310      	adds	r3, #16
10000a0a:	009b      	lsls	r3, r3, #2
10000a0c:	58d7      	ldr	r7, [r2, r3]
10000a0e:	1a3b      	subs	r3, r7, r0
10000a10:	2b47      	cmp	r3, #71	@ 0x47
10000a12:	d93b      	bls.n	10000a8c <irq_add_shared_handler+0xd0>
10000a14:	4b63      	ldr	r3, [pc, #396]	@ (10000ba4 <irq_add_shared_handler+0x1e8>)
10000a16:	429f      	cmp	r7, r3
10000a18:	d131      	bne.n	10000a7e <irq_add_shared_handler+0xc2>
10000a1a:	af05      	add	r7, sp, #20
10000a1c:	4b62      	ldr	r3, [pc, #392]	@ (10000ba8 <irq_add_shared_handler+0x1ec>)
10000a1e:	803b      	strh	r3, [r7, #0]
10000a20:	4962      	ldr	r1, [pc, #392]	@ (10000bac <irq_add_shared_handler+0x1f0>)
10000a22:	0073      	lsls	r3, r6, #1
10000a24:	9302      	str	r3, [sp, #8]
10000a26:	1998      	adds	r0, r3, r6
10000a28:	0080      	lsls	r0, r0, #2
10000a2a:	4c5c      	ldr	r4, [pc, #368]	@ (10000b9c <irq_add_shared_handler+0x1e0>)
10000a2c:	1900      	adds	r0, r0, r4
10000a2e:	3002      	adds	r0, #2
10000a30:	f7ff ff32 	bl	10000898 <make_j_16>
10000a34:	8078      	strh	r0, [r7, #2]
10000a36:	4b5e      	ldr	r3, [pc, #376]	@ (10000bb0 <irq_add_shared_handler+0x1f4>)
10000a38:	80bb      	strh	r3, [r7, #4]
10000a3a:	23ff      	movs	r3, #255	@ 0xff
10000a3c:	71bb      	strb	r3, [r7, #6]
10000a3e:	71fd      	strb	r5, [r7, #7]
10000a40:	9a01      	ldr	r2, [sp, #4]
10000a42:	9207      	str	r2, [sp, #28]
10000a44:	9b02      	ldr	r3, [sp, #8]
10000a46:	199b      	adds	r3, r3, r6
10000a48:	009b      	lsls	r3, r3, #2
10000a4a:	18e3      	adds	r3, r4, r3
10000a4c:	cf07      	ldmia	r7!, {r0, r1, r2}
10000a4e:	c307      	stmia	r3!, {r0, r1, r2}
10000a50:	2701      	movs	r7, #1
10000a52:	465b      	mov	r3, fp
10000a54:	433b      	orrs	r3, r7
10000a56:	001f      	movs	r7, r3
10000a58:	4652      	mov	r2, sl
10000a5a:	0039      	movs	r1, r7
10000a5c:	4648      	mov	r0, r9
10000a5e:	f7ff fedd 	bl	1000081c <set_raw_irq_handler_and_unlock>
10000a62:	b009      	add	sp, #36	@ 0x24
10000a64:	bcf0      	pop	{r4, r5, r6, r7}
10000a66:	46bb      	mov	fp, r7
10000a68:	46b2      	mov	sl, r6
10000a6a:	46a9      	mov	r9, r5
10000a6c:	46a0      	mov	r8, r4
10000a6e:	bdf0      	pop	{r4, r5, r6, r7, pc}
10000a70:	4b50      	ldr	r3, [pc, #320]	@ (10000bb4 <irq_add_shared_handler+0x1f8>)
10000a72:	4a51      	ldr	r2, [pc, #324]	@ (10000bb8 <irq_add_shared_handler+0x1fc>)
10000a74:	2194      	movs	r1, #148	@ 0x94
10000a76:	4851      	ldr	r0, [pc, #324]	@ (10000bbc <irq_add_shared_handler+0x200>)
10000a78:	31ff      	adds	r1, #255	@ 0xff
10000a7a:	f003 f8db 	bl	10003c34 <__assert_func>
10000a7e:	4b50      	ldr	r3, [pc, #320]	@ (10000bc0 <irq_add_shared_handler+0x204>)
10000a80:	4a4d      	ldr	r2, [pc, #308]	@ (10000bb8 <irq_add_shared_handler+0x1fc>)
10000a82:	21cd      	movs	r1, #205	@ 0xcd
10000a84:	484d      	ldr	r0, [pc, #308]	@ (10000bbc <irq_add_shared_handler+0x200>)
10000a86:	0049      	lsls	r1, r1, #1
10000a88:	f003 f8d4 	bl	10003c34 <__assert_func>
10000a8c:	2301      	movs	r3, #1
10000a8e:	003a      	movs	r2, r7
10000a90:	439a      	bics	r2, r3
10000a92:	4690      	mov	r8, r2
10000a94:	1a10      	subs	r0, r2, r0
10000a96:	210c      	movs	r1, #12
10000a98:	f001 f8d0 	bl	10001c3c <__wrap___aeabi_uidiv>
10000a9c:	2900      	cmp	r1, #0
10000a9e:	d10f      	bne.n	10000ac0 <irq_add_shared_handler+0x104>
10000aa0:	4643      	mov	r3, r8
10000aa2:	2400      	movs	r4, #0
10000aa4:	79da      	ldrb	r2, [r3, #7]
10000aa6:	42aa      	cmp	r2, r5
10000aa8:	d912      	bls.n	10000ad0 <irq_add_shared_handler+0x114>
10000aaa:	2106      	movs	r1, #6
10000aac:	5659      	ldrsb	r1, [r3, r1]
10000aae:	2900      	cmp	r1, #0
10000ab0:	db0d      	blt.n	10000ace <irq_add_shared_handler+0x112>
10000ab2:	004a      	lsls	r2, r1, #1
10000ab4:	1852      	adds	r2, r2, r1
10000ab6:	0092      	lsls	r2, r2, #2
10000ab8:	4938      	ldr	r1, [pc, #224]	@ (10000b9c <irq_add_shared_handler+0x1e0>)
10000aba:	001c      	movs	r4, r3
10000abc:	188b      	adds	r3, r1, r2
10000abe:	e7f1      	b.n	10000aa4 <irq_add_shared_handler+0xe8>
10000ac0:	4b40      	ldr	r3, [pc, #256]	@ (10000bc4 <irq_add_shared_handler+0x208>)
10000ac2:	4a3d      	ldr	r2, [pc, #244]	@ (10000bb8 <irq_add_shared_handler+0x1fc>)
10000ac4:	21ac      	movs	r1, #172	@ 0xac
10000ac6:	483d      	ldr	r0, [pc, #244]	@ (10000bbc <irq_add_shared_handler+0x200>)
10000ac8:	31ff      	adds	r1, #255	@ 0xff
10000aca:	f003 f8b3 	bl	10003c34 <__assert_func>
10000ace:	001c      	movs	r4, r3
10000ad0:	2c00      	cmp	r4, #0
10000ad2:	d02d      	beq.n	10000b30 <irq_add_shared_handler+0x174>
10000ad4:	ab05      	add	r3, sp, #20
10000ad6:	4a3c      	ldr	r2, [pc, #240]	@ (10000bc8 <irq_add_shared_handler+0x20c>)
10000ad8:	801a      	strh	r2, [r3, #0]
10000ada:	3a81      	subs	r2, #129	@ 0x81
10000adc:	805a      	strh	r2, [r3, #2]
10000ade:	2306      	movs	r3, #6
10000ae0:	56e3      	ldrsb	r3, [r4, r3]
10000ae2:	4698      	mov	r8, r3
10000ae4:	2b00      	cmp	r3, #0
10000ae6:	da16      	bge.n	10000b16 <irq_add_shared_handler+0x15a>
10000ae8:	4838      	ldr	r0, [pc, #224]	@ (10000bcc <irq_add_shared_handler+0x210>)
10000aea:	ab04      	add	r3, sp, #16
10000aec:	8118      	strh	r0, [r3, #8]
10000aee:	4642      	mov	r2, r8
10000af0:	729a      	strb	r2, [r3, #10]
10000af2:	72dd      	strb	r5, [r3, #11]
10000af4:	9b01      	ldr	r3, [sp, #4]
10000af6:	9307      	str	r3, [sp, #28]
10000af8:	1d20      	adds	r0, r4, #4
10000afa:	4659      	mov	r1, fp
10000afc:	f7ff fecc 	bl	10000898 <make_j_16>
10000b00:	80a0      	strh	r0, [r4, #4]
10000b02:	71a6      	strb	r6, [r4, #6]
10000b04:	4b25      	ldr	r3, [pc, #148]	@ (10000b9c <irq_add_shared_handler+0x1e0>)
10000b06:	0072      	lsls	r2, r6, #1
10000b08:	1992      	adds	r2, r2, r6
10000b0a:	0092      	lsls	r2, r2, #2
10000b0c:	189b      	adds	r3, r3, r2
10000b0e:	aa05      	add	r2, sp, #20
10000b10:	ca13      	ldmia	r2!, {r0, r1, r4}
10000b12:	c313      	stmia	r3!, {r0, r1, r4}
10000b14:	e7a0      	b.n	10000a58 <irq_add_shared_handler+0x9c>
10000b16:	1d20      	adds	r0, r4, #4
10000b18:	f7ff fea6 	bl	10000868 <resolve_j_16>
10000b1c:	0001      	movs	r1, r0
10000b1e:	0070      	lsls	r0, r6, #1
10000b20:	1980      	adds	r0, r0, r6
10000b22:	0080      	lsls	r0, r0, #2
10000b24:	4b1d      	ldr	r3, [pc, #116]	@ (10000b9c <irq_add_shared_handler+0x1e0>)
10000b26:	18c0      	adds	r0, r0, r3
10000b28:	3004      	adds	r0, #4
10000b2a:	f7ff feb5 	bl	10000898 <make_j_16>
10000b2e:	e7dc      	b.n	10000aea <irq_add_shared_handler+0x12e>
10000b30:	af05      	add	r7, sp, #20
10000b32:	4b1d      	ldr	r3, [pc, #116]	@ (10000ba8 <irq_add_shared_handler+0x1ec>)
10000b34:	803b      	strh	r3, [r7, #0]
10000b36:	491d      	ldr	r1, [pc, #116]	@ (10000bac <irq_add_shared_handler+0x1f0>)
10000b38:	0073      	lsls	r3, r6, #1
10000b3a:	9302      	str	r3, [sp, #8]
10000b3c:	199b      	adds	r3, r3, r6
10000b3e:	009b      	lsls	r3, r3, #2
10000b40:	4c16      	ldr	r4, [pc, #88]	@ (10000b9c <irq_add_shared_handler+0x1e0>)
10000b42:	0018      	movs	r0, r3
10000b44:	46a4      	mov	ip, r4
10000b46:	4460      	add	r0, ip
10000b48:	9003      	str	r0, [sp, #12]
10000b4a:	3002      	adds	r0, #2
10000b4c:	f7ff fea4 	bl	10000898 <make_j_16>
10000b50:	8078      	strh	r0, [r7, #2]
10000b52:	9a03      	ldr	r2, [sp, #12]
10000b54:	1d10      	adds	r0, r2, #4
10000b56:	4641      	mov	r1, r8
10000b58:	f7ff fe9e 	bl	10000898 <make_j_16>
10000b5c:	80b8      	strh	r0, [r7, #4]
10000b5e:	4b1c      	ldr	r3, [pc, #112]	@ (10000bd0 <irq_add_shared_handler+0x214>)
10000b60:	4642      	mov	r2, r8
10000b62:	1b12      	subs	r2, r2, r4
10000b64:	4152      	adcs	r2, r2
10000b66:	4353      	muls	r3, r2
10000b68:	0d1b      	lsrs	r3, r3, #20
10000b6a:	71bb      	strb	r3, [r7, #6]
10000b6c:	71fd      	strb	r5, [r7, #7]
10000b6e:	9901      	ldr	r1, [sp, #4]
10000b70:	9107      	str	r1, [sp, #28]
10000b72:	9b02      	ldr	r3, [sp, #8]
10000b74:	199b      	adds	r3, r3, r6
10000b76:	009b      	lsls	r3, r3, #2
10000b78:	46a4      	mov	ip, r4
10000b7a:	4463      	add	r3, ip
10000b7c:	cf07      	ldmia	r7!, {r0, r1, r2}
10000b7e:	c307      	stmia	r3!, {r0, r1, r2}
10000b80:	4b11      	ldr	r3, [pc, #68]	@ (10000bc8 <irq_add_shared_handler+0x20c>)
10000b82:	4642      	mov	r2, r8
10000b84:	8013      	strh	r3, [r2, #0]
10000b86:	3b81      	subs	r3, #129	@ 0x81
10000b88:	8053      	strh	r3, [r2, #2]
10000b8a:	2701      	movs	r7, #1
10000b8c:	465b      	mov	r3, fp
10000b8e:	433b      	orrs	r3, r7
10000b90:	001f      	movs	r7, r3
10000b92:	e761      	b.n	10000a58 <irq_add_shared_handler+0x9c>
10000b94:	d0000124 	.word	0xd0000124
10000b98:	200018d9 	.word	0x200018d9
10000b9c:	20000bd4 	.word	0x20000bd4
10000ba0:	e000ed00 	.word	0xe000ed00
10000ba4:	100001c1 	.word	0x100001c1
10000ba8:	ffffa100 	.word	0xffffa100
10000bac:	20000c1c 	.word	0x20000c1c
10000bb0:	ffffbd01 	.word	0xffffbd01
10000bb4:	10006d50 	.word	0x10006d50
10000bb8:	10007904 	.word	0x10007904
10000bbc:	10006ca0 	.word	0x10006ca0
10000bc0:	10006d78 	.word	0x10006d78
10000bc4:	10006da0 	.word	0x10006da0
10000bc8:	00004801 	.word	0x00004801
10000bcc:	0000bd01 	.word	0x0000bd01
10000bd0:	0000aaaa 	.word	0x0000aaaa

10000bd4 <irq_add_tail_to_free_list>:
10000bd4:	b570      	push	{r4, r5, r6, lr}
10000bd6:	2201      	movs	r2, #1
10000bd8:	4302      	orrs	r2, r0
10000bda:	4b2d      	ldr	r3, [pc, #180]	@ (10000c90 <irq_add_tail_to_free_list+0xbc>)
10000bdc:	1ad3      	subs	r3, r2, r3
10000bde:	2b47      	cmp	r3, #71	@ 0x47
10000be0:	d829      	bhi.n	10000c36 <irq_add_tail_to_free_list+0x62>
10000be2:	f3ef 8305 	mrs	r3, IPSR
10000be6:	2b00      	cmp	r3, #0
10000be8:	d02b      	beq.n	10000c42 <irq_add_tail_to_free_list+0x6e>
10000bea:	f3ef 8110 	mrs	r1, PRIMASK
10000bee:	b672      	cpsid	i
10000bf0:	468c      	mov	ip, r1
10000bf2:	4928      	ldr	r1, [pc, #160]	@ (10000c94 <irq_add_tail_to_free_list+0xc0>)
10000bf4:	6809      	ldr	r1, [r1, #0]
10000bf6:	2900      	cmp	r1, #0
10000bf8:	d0fb      	beq.n	10000bf2 <irq_add_tail_to_free_list+0x1e>
10000bfa:	f3bf 8f5f 	dmb	sy
10000bfe:	4924      	ldr	r1, [pc, #144]	@ (10000c90 <irq_add_tail_to_free_list+0xbc>)
10000c00:	4c25      	ldr	r4, [pc, #148]	@ (10000c98 <irq_add_tail_to_free_list+0xc4>)
10000c02:	0005      	movs	r5, r0
10000c04:	1a6d      	subs	r5, r5, r1
10000c06:	416d      	adcs	r5, r5
10000c08:	436c      	muls	r4, r5
10000c0a:	0d24      	lsrs	r4, r4, #20
10000c0c:	b264      	sxtb	r4, r4
10000c0e:	4923      	ldr	r1, [pc, #140]	@ (10000c9c <irq_add_tail_to_free_list+0xc8>)
10000c10:	6889      	ldr	r1, [r1, #8]
10000c12:	009b      	lsls	r3, r3, #2
10000c14:	58c9      	ldr	r1, [r1, r3]
10000c16:	4291      	cmp	r1, r2
10000c18:	d019      	beq.n	10000c4e <irq_add_tail_to_free_list+0x7a>
10000c1a:	2100      	movs	r1, #0
10000c1c:	2905      	cmp	r1, #5
10000c1e:	d830      	bhi.n	10000c82 <irq_add_tail_to_free_list+0xae>
10000c20:	4b1b      	ldr	r3, [pc, #108]	@ (10000c90 <irq_add_tail_to_free_list+0xbc>)
10000c22:	004a      	lsls	r2, r1, #1
10000c24:	1852      	adds	r2, r2, r1
10000c26:	0092      	lsls	r2, r2, #2
10000c28:	189b      	adds	r3, r3, r2
10000c2a:	799b      	ldrb	r3, [r3, #6]
10000c2c:	b25b      	sxtb	r3, r3
10000c2e:	42a3      	cmp	r3, r4
10000c30:	d01d      	beq.n	10000c6e <irq_add_tail_to_free_list+0x9a>
10000c32:	3101      	adds	r1, #1
10000c34:	e7f2      	b.n	10000c1c <irq_add_tail_to_free_list+0x48>
10000c36:	4b1a      	ldr	r3, [pc, #104]	@ (10000ca0 <irq_add_tail_to_free_list+0xcc>)
10000c38:	4a1a      	ldr	r2, [pc, #104]	@ (10000ca4 <irq_add_tail_to_free_list+0xd0>)
10000c3a:	481b      	ldr	r0, [pc, #108]	@ (10000ca8 <irq_add_tail_to_free_list+0xd4>)
10000c3c:	491b      	ldr	r1, [pc, #108]	@ (10000cac <irq_add_tail_to_free_list+0xd8>)
10000c3e:	f002 fff9 	bl	10003c34 <__assert_func>
10000c42:	4b1b      	ldr	r3, [pc, #108]	@ (10000cb0 <irq_add_tail_to_free_list+0xdc>)
10000c44:	4a17      	ldr	r2, [pc, #92]	@ (10000ca4 <irq_add_tail_to_free_list+0xd0>)
10000c46:	4818      	ldr	r0, [pc, #96]	@ (10000ca8 <irq_add_tail_to_free_list+0xd4>)
10000c48:	491a      	ldr	r1, [pc, #104]	@ (10000cb4 <irq_add_tail_to_free_list+0xe0>)
10000c4a:	f002 fff3 	bl	10003c34 <__assert_func>
10000c4e:	4a13      	ldr	r2, [pc, #76]	@ (10000c9c <irq_add_tail_to_free_list+0xc8>)
10000c50:	6892      	ldr	r2, [r2, #8]
10000c52:	4919      	ldr	r1, [pc, #100]	@ (10000cb8 <irq_add_tail_to_free_list+0xe4>)
10000c54:	50d1      	str	r1, [r2, r3]
10000c56:	4b19      	ldr	r3, [pc, #100]	@ (10000cbc <irq_add_tail_to_free_list+0xe8>)
10000c58:	781a      	ldrb	r2, [r3, #0]
10000c5a:	7182      	strb	r2, [r0, #6]
10000c5c:	701c      	strb	r4, [r3, #0]
10000c5e:	f3bf 8f5f 	dmb	sy
10000c62:	4b0c      	ldr	r3, [pc, #48]	@ (10000c94 <irq_add_tail_to_free_list+0xc0>)
10000c64:	2200      	movs	r2, #0
10000c66:	601a      	str	r2, [r3, #0]
10000c68:	f38c 8810 	msr	PRIMASK, ip
10000c6c:	bd70      	pop	{r4, r5, r6, pc}
10000c6e:	4b08      	ldr	r3, [pc, #32]	@ (10000c90 <irq_add_tail_to_free_list+0xbc>)
10000c70:	004a      	lsls	r2, r1, #1
10000c72:	1855      	adds	r5, r2, r1
10000c74:	00ad      	lsls	r5, r5, #2
10000c76:	195d      	adds	r5, r3, r5
10000c78:	26ff      	movs	r6, #255	@ 0xff
10000c7a:	71ae      	strb	r6, [r5, #6]
10000c7c:	4a10      	ldr	r2, [pc, #64]	@ (10000cc0 <irq_add_tail_to_free_list+0xec>)
10000c7e:	80aa      	strh	r2, [r5, #4]
10000c80:	e7e9      	b.n	10000c56 <irq_add_tail_to_free_list+0x82>
10000c82:	4b10      	ldr	r3, [pc, #64]	@ (10000cc4 <irq_add_tail_to_free_list+0xf0>)
10000c84:	4a07      	ldr	r2, [pc, #28]	@ (10000ca4 <irq_add_tail_to_free_list+0xd0>)
10000c86:	4808      	ldr	r0, [pc, #32]	@ (10000ca8 <irq_add_tail_to_free_list+0xd4>)
10000c88:	490f      	ldr	r1, [pc, #60]	@ (10000cc8 <irq_add_tail_to_free_list+0xf4>)
10000c8a:	f002 ffd3 	bl	10003c34 <__assert_func>
10000c8e:	46c0      	nop			@ (mov r8, r8)
10000c90:	20000bd4 	.word	0x20000bd4
10000c94:	d0000124 	.word	0xd0000124
10000c98:	0000aaaa 	.word	0x0000aaaa
10000c9c:	e000ed00 	.word	0xe000ed00
10000ca0:	10006e24 	.word	0x10006e24
10000ca4:	100078cc 	.word	0x100078cc
10000ca8:	10006ca0 	.word	0x10006ca0
10000cac:	00000296 	.word	0x00000296
10000cb0:	10006e4c 	.word	0x10006e4c
10000cb4:	00000299 	.word	0x00000299
10000cb8:	100001c1 	.word	0x100001c1
10000cbc:	200018d9 	.word	0x200018d9
10000cc0:	ffffbd01 	.word	0xffffbd01
10000cc4:	10006e58 	.word	0x10006e58
10000cc8:	000002aa 	.word	0x000002aa

10000ccc <user_irq_claim_unused>:
10000ccc:	b500      	push	{lr}
10000cce:	b083      	sub	sp, #12
10000cd0:	0001      	movs	r1, r0
10000cd2:	4806      	ldr	r0, [pc, #24]	@ (10000cec <user_irq_claim_unused+0x20>)
10000cd4:	4b06      	ldr	r3, [pc, #24]	@ (10000cf0 <user_irq_claim_unused+0x24>)
10000cd6:	9300      	str	r3, [sp, #0]
10000cd8:	2305      	movs	r3, #5
10000cda:	2200      	movs	r2, #0
10000cdc:	f7ff fd47 	bl	1000076e <hw_claim_unused_from_range>
10000ce0:	2800      	cmp	r0, #0
10000ce2:	db01      	blt.n	10000ce8 <user_irq_claim_unused+0x1c>
10000ce4:	231f      	movs	r3, #31
10000ce6:	1a18      	subs	r0, r3, r0
10000ce8:	b003      	add	sp, #12
10000cea:	bd00      	pop	{pc}
10000cec:	200018dd 	.word	0x200018dd
10000cf0:	10006e60 	.word	0x10006e60

10000cf4 <lock_init>:
10000cf4:	4b02      	ldr	r3, [pc, #8]	@ (10000d00 <lock_init+0xc>)
10000cf6:	469c      	mov	ip, r3
10000cf8:	4461      	add	r1, ip
10000cfa:	0089      	lsls	r1, r1, #2
10000cfc:	6001      	str	r1, [r0, #0]
10000cfe:	4770      	bx	lr
10000d00:	34000040 	.word	0x34000040

10000d04 <mutex_init>:
10000d04:	b510      	push	{r4, lr}
10000d06:	0004      	movs	r4, r0
10000d08:	f7ff fd5a 	bl	100007c0 <next_striped_spin_lock_num>
10000d0c:	0001      	movs	r1, r0
10000d0e:	0020      	movs	r0, r4
10000d10:	f7ff fff0 	bl	10000cf4 <lock_init>
10000d14:	23ff      	movs	r3, #255	@ 0xff
10000d16:	7123      	strb	r3, [r4, #4]
10000d18:	f3bf 8f5f 	dmb	sy
10000d1c:	bd10      	pop	{r4, pc}

10000d1e <recursive_mutex_init>:
10000d1e:	b510      	push	{r4, lr}
10000d20:	0004      	movs	r4, r0
10000d22:	f7ff fd4d 	bl	100007c0 <next_striped_spin_lock_num>
10000d26:	0001      	movs	r1, r0
10000d28:	0020      	movs	r0, r4
10000d2a:	f7ff ffe3 	bl	10000cf4 <lock_init>
10000d2e:	23ff      	movs	r3, #255	@ 0xff
10000d30:	7123      	strb	r3, [r4, #4]
10000d32:	2300      	movs	r3, #0
10000d34:	7163      	strb	r3, [r4, #5]
10000d36:	f3bf 8f5f 	dmb	sy
10000d3a:	bd10      	pop	{r4, pc}

10000d3c <runtime_init_mutex>:
10000d3c:	b510      	push	{r4, lr}
10000d3e:	4c0d      	ldr	r4, [pc, #52]	@ (10000d74 <runtime_init_mutex+0x38>)
10000d40:	e009      	b.n	10000d56 <runtime_init_mutex+0x1a>
10000d42:	4b0d      	ldr	r3, [pc, #52]	@ (10000d78 <runtime_init_mutex+0x3c>)
10000d44:	4a0d      	ldr	r2, [pc, #52]	@ (10000d7c <runtime_init_mutex+0x40>)
10000d46:	480e      	ldr	r0, [pc, #56]	@ (10000d80 <runtime_init_mutex+0x44>)
10000d48:	211a      	movs	r1, #26
10000d4a:	f002 ff73 	bl	10003c34 <__assert_func>
10000d4e:	0020      	movs	r0, r4
10000d50:	f7ff ffd8 	bl	10000d04 <mutex_init>
10000d54:	3408      	adds	r4, #8
10000d56:	4b0b      	ldr	r3, [pc, #44]	@ (10000d84 <runtime_init_mutex+0x48>)
10000d58:	429c      	cmp	r4, r3
10000d5a:	d209      	bcs.n	10000d70 <runtime_init_mutex+0x34>
10000d5c:	6823      	ldr	r3, [r4, #0]
10000d5e:	2b00      	cmp	r3, #0
10000d60:	d0f5      	beq.n	10000d4e <runtime_init_mutex+0x12>
10000d62:	2b01      	cmp	r3, #1
10000d64:	d1ed      	bne.n	10000d42 <runtime_init_mutex+0x6>
10000d66:	0020      	movs	r0, r4
10000d68:	f7ff ffd9 	bl	10000d1e <recursive_mutex_init>
10000d6c:	3408      	adds	r4, #8
10000d6e:	e7f2      	b.n	10000d56 <runtime_init_mutex+0x1a>
10000d70:	bd10      	pop	{r4, pc}
10000d72:	46c0      	nop			@ (mov r8, r8)
10000d74:	20000cb8 	.word	0x20000cb8
10000d78:	10006e7c 	.word	0x10006e7c
10000d7c:	1000795c 	.word	0x1000795c
10000d80:	10006e9c 	.word	0x10006e9c
10000d84:	20000cc0 	.word	0x20000cc0

10000d88 <critical_section_init_with_lock_num>:
10000d88:	4b03      	ldr	r3, [pc, #12]	@ (10000d98 <critical_section_init_with_lock_num+0x10>)
10000d8a:	469c      	mov	ip, r3
10000d8c:	4461      	add	r1, ip
10000d8e:	0089      	lsls	r1, r1, #2
10000d90:	6001      	str	r1, [r0, #0]
10000d92:	f3bf 8f5f 	dmb	sy
10000d96:	4770      	bx	lr
10000d98:	34000040 	.word	0x34000040

10000d9c <critical_section_init>:
10000d9c:	b510      	push	{r4, lr}
10000d9e:	0004      	movs	r4, r0
10000da0:	2001      	movs	r0, #1
10000da2:	f7ff fd1b 	bl	100007dc <spin_lock_claim_unused>
10000da6:	0001      	movs	r1, r0
10000da8:	0020      	movs	r0, r4
10000daa:	f7ff ffed 	bl	10000d88 <critical_section_init_with_lock_num>
10000dae:	bd10      	pop	{r4, pc}

10000db0 <ta_set_timeout>:
10000db0:	b530      	push	{r4, r5, lr}
10000db2:	6a83      	ldr	r3, [r0, #40]	@ 0x28
10000db4:	469c      	mov	ip, r3
10000db6:	1ad4      	subs	r4, r2, r3
10000db8:	1d0b      	adds	r3, r1, #4
10000dba:	009b      	lsls	r3, r3, #2
10000dbc:	581b      	ldr	r3, [r3, r0]
10000dbe:	4665      	mov	r5, ip
10000dc0:	1b5b      	subs	r3, r3, r5
10000dc2:	429c      	cmp	r4, r3
10000dc4:	d304      	bcc.n	10000dd0 <ta_set_timeout+0x20>
10000dc6:	6a04      	ldr	r4, [r0, #32]
10000dc8:	2301      	movs	r3, #1
10000dca:	408b      	lsls	r3, r1
10000dcc:	4223      	tst	r3, r4
10000dce:	d102      	bne.n	10000dd6 <ta_set_timeout+0x26>
10000dd0:	3104      	adds	r1, #4
10000dd2:	0089      	lsls	r1, r1, #2
10000dd4:	500a      	str	r2, [r1, r0]
10000dd6:	bd30      	pop	{r4, r5, pc}

10000dd8 <make_alarm_id>:
10000dd8:	0400      	lsls	r0, r0, #16
10000dda:	4308      	orrs	r0, r1
10000ddc:	4770      	bx	lr
	...

10000de0 <sleep_until_callback>:
10000de0:	4b0a      	ldr	r3, [pc, #40]	@ (10000e0c <sleep_until_callback+0x2c>)
10000de2:	6819      	ldr	r1, [r3, #0]
10000de4:	f3ef 8310 	mrs	r3, PRIMASK
10000de8:	b672      	cpsid	i
10000dea:	680a      	ldr	r2, [r1, #0]
10000dec:	2a00      	cmp	r2, #0
10000dee:	d0fc      	beq.n	10000dea <sleep_until_callback+0xa>
10000df0:	f3bf 8f5f 	dmb	sy
10000df4:	4a05      	ldr	r2, [pc, #20]	@ (10000e0c <sleep_until_callback+0x2c>)
10000df6:	6812      	ldr	r2, [r2, #0]
10000df8:	f3bf 8f5f 	dmb	sy
10000dfc:	2100      	movs	r1, #0
10000dfe:	6011      	str	r1, [r2, #0]
10000e00:	f383 8810 	msr	PRIMASK, r3
10000e04:	bf40      	sev
10000e06:	2000      	movs	r0, #0
10000e08:	2100      	movs	r1, #0
10000e0a:	4770      	bx	lr
10000e0c:	200018b8 	.word	0x200018b8

10000e10 <alarm_pool_irq_handler>:
10000e10:	b5f0      	push	{r4, r5, r6, r7, lr}
10000e12:	46de      	mov	lr, fp
10000e14:	4657      	mov	r7, sl
10000e16:	464e      	mov	r6, r9
10000e18:	4645      	mov	r5, r8
10000e1a:	b5e0      	push	{r5, r6, r7, lr}
10000e1c:	b083      	sub	sp, #12
10000e1e:	f3ef 8305 	mrs	r3, IPSR
10000e22:	2203      	movs	r2, #3
10000e24:	401a      	ands	r2, r3
10000e26:	0011      	movs	r1, r2
10000e28:	9201      	str	r2, [sp, #4]
10000e2a:	4baf      	ldr	r3, [pc, #700]	@ (100010e8 <alarm_pool_irq_handler+0x2d8>)
10000e2c:	0092      	lsls	r2, r2, #2
10000e2e:	58d3      	ldr	r3, [r2, r3]
10000e30:	4698      	mov	r8, r3
10000e32:	781b      	ldrb	r3, [r3, #0]
10000e34:	428b      	cmp	r3, r1
10000e36:	d107      	bne.n	10000e48 <alarm_pool_irq_handler+0x38>
10000e38:	2301      	movs	r3, #1
10000e3a:	9a01      	ldr	r2, [sp, #4]
10000e3c:	4093      	lsls	r3, r2
10000e3e:	9300      	str	r3, [sp, #0]
10000e40:	4baa      	ldr	r3, [pc, #680]	@ (100010ec <alarm_pool_irq_handler+0x2dc>)
10000e42:	9a00      	ldr	r2, [sp, #0]
10000e44:	601a      	str	r2, [r3, #0]
10000e46:	e11f      	b.n	10001088 <alarm_pool_irq_handler+0x278>
10000e48:	4ba9      	ldr	r3, [pc, #676]	@ (100010f0 <alarm_pool_irq_handler+0x2e0>)
10000e4a:	4aaa      	ldr	r2, [pc, #680]	@ (100010f4 <alarm_pool_irq_handler+0x2e4>)
10000e4c:	48aa      	ldr	r0, [pc, #680]	@ (100010f8 <alarm_pool_irq_handler+0x2e8>)
10000e4e:	219c      	movs	r1, #156	@ 0x9c
10000e50:	f002 fef0 	bl	10003c34 <__assert_func>
10000e54:	4643      	mov	r3, r8
10000e56:	695a      	ldr	r2, [r3, #20]
10000e58:	464b      	mov	r3, r9
10000e5a:	005b      	lsls	r3, r3, #1
10000e5c:	444b      	add	r3, r9
10000e5e:	00db      	lsls	r3, r3, #3
10000e60:	4693      	mov	fp, r2
10000e62:	449b      	add	fp, r3
10000e64:	465b      	mov	r3, fp
10000e66:	689e      	ldr	r6, [r3, #8]
10000e68:	68df      	ldr	r7, [r3, #12]
10000e6a:	48a4      	ldr	r0, [pc, #656]	@ (100010fc <alarm_pool_irq_handler+0x2ec>)
10000e6c:	f000 fbbc 	bl	100015e8 <timer_time_us_64>
10000e70:	1b80      	subs	r0, r0, r6
10000e72:	41b9      	sbcs	r1, r7
10000e74:	2900      	cmp	r1, #0
10000e76:	da00      	bge.n	10000e7a <alarm_pool_irq_handler+0x6a>
10000e78:	e110      	b.n	1000109c <alarm_pool_irq_handler+0x28c>
10000e7a:	2f00      	cmp	r7, #0
10000e7c:	db61      	blt.n	10000f42 <alarm_pool_irq_handler+0x132>
10000e7e:	465b      	mov	r3, fp
10000e80:	691c      	ldr	r4, [r3, #16]
10000e82:	4b9f      	ldr	r3, [pc, #636]	@ (10001100 <alarm_pool_irq_handler+0x2f0>)
10000e84:	429c      	cmp	r4, r3
10000e86:	d047      	beq.n	10000f18 <alarm_pool_irq_handler+0x108>
10000e88:	4643      	mov	r3, r8
10000e8a:	2008      	movs	r0, #8
10000e8c:	5e18      	ldrsh	r0, [r3, r0]
10000e8e:	465b      	mov	r3, fp
10000e90:	8859      	ldrh	r1, [r3, #2]
10000e92:	b289      	uxth	r1, r1
10000e94:	f7ff ffa0 	bl	10000dd8 <make_alarm_id>
10000e98:	465b      	mov	r3, fp
10000e9a:	6959      	ldr	r1, [r3, #20]
10000e9c:	47a0      	blx	r4
10000e9e:	0004      	movs	r4, r0
10000ea0:	000d      	movs	r5, r1
10000ea2:	0023      	movs	r3, r4
10000ea4:	432b      	orrs	r3, r5
10000ea6:	d04c      	beq.n	10000f42 <alarm_pool_irq_handler+0x132>
10000ea8:	2d00      	cmp	r5, #0
10000eaa:	da3e      	bge.n	10000f2a <alarm_pool_irq_handler+0x11a>
10000eac:	0030      	movs	r0, r6
10000eae:	0039      	movs	r1, r7
10000eb0:	1b00      	subs	r0, r0, r4
10000eb2:	41a9      	sbcs	r1, r5
10000eb4:	465b      	mov	r3, fp
10000eb6:	6098      	str	r0, [r3, #8]
10000eb8:	60d9      	str	r1, [r3, #12]
10000eba:	2400      	movs	r4, #0
10000ebc:	5f1c      	ldrsh	r4, [r3, r4]
10000ebe:	2c00      	cmp	r4, #0
10000ec0:	da00      	bge.n	10000ec4 <alarm_pool_irq_handler+0xb4>
10000ec2:	e0eb      	b.n	1000109c <alarm_pool_irq_handler+0x28c>
10000ec4:	4643      	mov	r3, r8
10000ec6:	695a      	ldr	r2, [r3, #20]
10000ec8:	4692      	mov	sl, r2
10000eca:	0063      	lsls	r3, r4, #1
10000ecc:	191b      	adds	r3, r3, r4
10000ece:	00db      	lsls	r3, r3, #3
10000ed0:	4453      	add	r3, sl
10000ed2:	689a      	ldr	r2, [r3, #8]
10000ed4:	68db      	ldr	r3, [r3, #12]
10000ed6:	0005      	movs	r5, r0
10000ed8:	000e      	movs	r6, r1
10000eda:	1aad      	subs	r5, r5, r2
10000edc:	419e      	sbcs	r6, r3
10000ede:	2e00      	cmp	r6, #0
10000ee0:	da00      	bge.n	10000ee4 <alarm_pool_irq_handler+0xd4>
10000ee2:	e0db      	b.n	1000109c <alarm_pool_irq_handler+0x28c>
10000ee4:	4643      	mov	r3, r8
10000ee6:	811c      	strh	r4, [r3, #8]
10000ee8:	4647      	mov	r7, r8
10000eea:	3708      	adds	r7, #8
10000eec:	46bc      	mov	ip, r7
10000eee:	2c00      	cmp	r4, #0
10000ef0:	db21      	blt.n	10000f36 <alarm_pool_irq_handler+0x126>
10000ef2:	4663      	mov	r3, ip
10000ef4:	2200      	movs	r2, #0
10000ef6:	5e9b      	ldrsh	r3, [r3, r2]
10000ef8:	005d      	lsls	r5, r3, #1
10000efa:	18ed      	adds	r5, r5, r3
10000efc:	00ed      	lsls	r5, r5, #3
10000efe:	4455      	add	r5, sl
10000f00:	68aa      	ldr	r2, [r5, #8]
10000f02:	68eb      	ldr	r3, [r5, #12]
10000f04:	0006      	movs	r6, r0
10000f06:	000f      	movs	r7, r1
10000f08:	1ab6      	subs	r6, r6, r2
10000f0a:	419f      	sbcs	r7, r3
10000f0c:	2f00      	cmp	r7, #0
10000f0e:	db12      	blt.n	10000f36 <alarm_pool_irq_handler+0x126>
10000f10:	46ac      	mov	ip, r5
10000f12:	2300      	movs	r3, #0
10000f14:	5eec      	ldrsh	r4, [r5, r3]
10000f16:	e7ea      	b.n	10000eee <alarm_pool_irq_handler+0xde>
10000f18:	465b      	mov	r3, fp
10000f1a:	695c      	ldr	r4, [r3, #20]
10000f1c:	6923      	ldr	r3, [r4, #16]
10000f1e:	0020      	movs	r0, r4
10000f20:	4798      	blx	r3
10000f22:	2800      	cmp	r0, #0
10000f24:	d00d      	beq.n	10000f42 <alarm_pool_irq_handler+0x132>
10000f26:	cc30      	ldmia	r4, {r4, r5}
10000f28:	e7bb      	b.n	10000ea2 <alarm_pool_irq_handler+0x92>
10000f2a:	4874      	ldr	r0, [pc, #464]	@ (100010fc <alarm_pool_irq_handler+0x2ec>)
10000f2c:	f000 fb5c 	bl	100015e8 <timer_time_us_64>
10000f30:	1900      	adds	r0, r0, r4
10000f32:	4169      	adcs	r1, r5
10000f34:	e7be      	b.n	10000eb4 <alarm_pool_irq_handler+0xa4>
10000f36:	465b      	mov	r3, fp
10000f38:	801c      	strh	r4, [r3, #0]
10000f3a:	464b      	mov	r3, r9
10000f3c:	4662      	mov	r2, ip
10000f3e:	8013      	strh	r3, [r2, #0]
10000f40:	e0ac      	b.n	1000109c <alarm_pool_irq_handler+0x28c>
10000f42:	465b      	mov	r3, fp
10000f44:	2200      	movs	r2, #0
10000f46:	5e9b      	ldrsh	r3, [r3, r2]
10000f48:	4642      	mov	r2, r8
10000f4a:	8113      	strh	r3, [r2, #8]
10000f4c:	6912      	ldr	r2, [r2, #16]
10000f4e:	f3ef 8310 	mrs	r3, PRIMASK
10000f52:	b672      	cpsid	i
10000f54:	6811      	ldr	r1, [r2, #0]
10000f56:	2900      	cmp	r1, #0
10000f58:	d0fc      	beq.n	10000f54 <alarm_pool_irq_handler+0x144>
10000f5a:	f3bf 8f5f 	dmb	sy
10000f5e:	4642      	mov	r2, r8
10000f60:	2102      	movs	r1, #2
10000f62:	5e52      	ldrsh	r2, [r2, r1]
10000f64:	4659      	mov	r1, fp
10000f66:	800a      	strh	r2, [r1, #0]
10000f68:	4642      	mov	r2, r8
10000f6a:	4649      	mov	r1, r9
10000f6c:	8051      	strh	r1, [r2, #2]
10000f6e:	6912      	ldr	r2, [r2, #16]
10000f70:	f3bf 8f5f 	dmb	sy
10000f74:	2100      	movs	r1, #0
10000f76:	6011      	str	r1, [r2, #0]
10000f78:	f383 8810 	msr	PRIMASK, r3
10000f7c:	e08e      	b.n	1000109c <alarm_pool_irq_handler+0x28c>
10000f7e:	4643      	mov	r3, r8
10000f80:	6919      	ldr	r1, [r3, #16]
10000f82:	f3ef 8310 	mrs	r3, PRIMASK
10000f86:	b672      	cpsid	i
10000f88:	680a      	ldr	r2, [r1, #0]
10000f8a:	2a00      	cmp	r2, #0
10000f8c:	d0fc      	beq.n	10000f88 <alarm_pool_irq_handler+0x178>
10000f8e:	f3bf 8f5f 	dmb	sy
10000f92:	4642      	mov	r2, r8
10000f94:	8892      	ldrh	r2, [r2, #4]
10000f96:	b212      	sxth	r2, r2
10000f98:	4691      	mov	r9, r2
10000f9a:	2201      	movs	r2, #1
10000f9c:	4252      	negs	r2, r2
10000f9e:	4641      	mov	r1, r8
10000fa0:	808a      	strh	r2, [r1, #4]
10000fa2:	690a      	ldr	r2, [r1, #16]
10000fa4:	f3bf 8f5f 	dmb	sy
10000fa8:	2100      	movs	r1, #0
10000faa:	6011      	str	r1, [r2, #0]
10000fac:	f383 8810 	msr	PRIMASK, r3
10000fb0:	e01c      	b.n	10000fec <alarm_pool_irq_handler+0x1dc>
10000fb2:	469b      	mov	fp, r3
10000fb4:	2200      	movs	r2, #0
10000fb6:	5e9a      	ldrsh	r2, [r3, r2]
10000fb8:	2a00      	cmp	r2, #0
10000fba:	db0e      	blt.n	10000fda <alarm_pool_irq_handler+0x1ca>
10000fbc:	465b      	mov	r3, fp
10000fbe:	2100      	movs	r1, #0
10000fc0:	5e59      	ldrsh	r1, [r3, r1]
10000fc2:	004b      	lsls	r3, r1, #1
10000fc4:	185b      	adds	r3, r3, r1
10000fc6:	00db      	lsls	r3, r3, #3
10000fc8:	4453      	add	r3, sl
10000fca:	6898      	ldr	r0, [r3, #8]
10000fcc:	68d9      	ldr	r1, [r3, #12]
10000fce:	0026      	movs	r6, r4
10000fd0:	002f      	movs	r7, r5
10000fd2:	1a36      	subs	r6, r6, r0
10000fd4:	418f      	sbcs	r7, r1
10000fd6:	2f00      	cmp	r7, #0
10000fd8:	daeb      	bge.n	10000fb2 <alarm_pool_irq_handler+0x1a2>
10000fda:	464b      	mov	r3, r9
10000fdc:	4659      	mov	r1, fp
10000fde:	800b      	strh	r3, [r1, #0]
10000fe0:	4663      	mov	r3, ip
10000fe2:	2100      	movs	r1, #0
10000fe4:	5e5b      	ldrsh	r3, [r3, r1]
10000fe6:	4699      	mov	r9, r3
10000fe8:	4663      	mov	r3, ip
10000fea:	801a      	strh	r2, [r3, #0]
10000fec:	464b      	mov	r3, r9
10000fee:	2b00      	cmp	r3, #0
10000ff0:	db5a      	blt.n	100010a8 <alarm_pool_irq_handler+0x298>
10000ff2:	4643      	mov	r3, r8
10000ff4:	695a      	ldr	r2, [r3, #20]
10000ff6:	4692      	mov	sl, r2
10000ff8:	464b      	mov	r3, r9
10000ffa:	005b      	lsls	r3, r3, #1
10000ffc:	444b      	add	r3, r9
10000ffe:	00db      	lsls	r3, r3, #3
10001000:	469c      	mov	ip, r3
10001002:	44d4      	add	ip, sl
10001004:	4663      	mov	r3, ip
10001006:	689c      	ldr	r4, [r3, #8]
10001008:	68dd      	ldr	r5, [r3, #12]
1000100a:	4646      	mov	r6, r8
1000100c:	3608      	adds	r6, #8
1000100e:	46b3      	mov	fp, r6
10001010:	4643      	mov	r3, r8
10001012:	2208      	movs	r2, #8
10001014:	5e9a      	ldrsh	r2, [r3, r2]
10001016:	e7cf      	b.n	10000fb8 <alarm_pool_irq_handler+0x1a8>
10001018:	2300      	movs	r3, #0
1000101a:	4642      	mov	r2, r8
1000101c:	7193      	strb	r3, [r2, #6]
1000101e:	4641      	mov	r1, r8
10001020:	3108      	adds	r1, #8
10001022:	4643      	mov	r3, r8
10001024:	2008      	movs	r0, #8
10001026:	5e18      	ldrsh	r0, [r3, r0]
10001028:	e011      	b.n	1000104e <alarm_pool_irq_handler+0x23e>
1000102a:	2201      	movs	r2, #1
1000102c:	4252      	negs	r2, r2
1000102e:	17d3      	asrs	r3, r2, #31
10001030:	60a2      	str	r2, [r4, #8]
10001032:	60e3      	str	r3, [r4, #12]
10001034:	4643      	mov	r3, r8
10001036:	2208      	movs	r2, #8
10001038:	5e9b      	ldrsh	r3, [r3, r2]
1000103a:	4283      	cmp	r3, r0
1000103c:	d006      	beq.n	1000104c <alarm_pool_irq_handler+0x23c>
1000103e:	800d      	strh	r5, [r1, #0]
10001040:	4643      	mov	r3, r8
10001042:	2208      	movs	r2, #8
10001044:	5e9b      	ldrsh	r3, [r3, r2]
10001046:	8023      	strh	r3, [r4, #0]
10001048:	4643      	mov	r3, r8
1000104a:	8118      	strh	r0, [r3, #8]
1000104c:	0028      	movs	r0, r5
1000104e:	1c43      	adds	r3, r0, #1
10001050:	d02e      	beq.n	100010b0 <alarm_pool_irq_handler+0x2a0>
10001052:	4643      	mov	r3, r8
10001054:	695a      	ldr	r2, [r3, #20]
10001056:	0043      	lsls	r3, r0, #1
10001058:	181b      	adds	r3, r3, r0
1000105a:	00db      	lsls	r3, r3, #3
1000105c:	18d4      	adds	r4, r2, r3
1000105e:	5ed5      	ldrsh	r5, [r2, r3]
10001060:	8863      	ldrh	r3, [r4, #2]
10001062:	b21b      	sxth	r3, r3
10001064:	2b00      	cmp	r3, #0
10001066:	dbe0      	blt.n	1000102a <alarm_pool_irq_handler+0x21a>
10001068:	0021      	movs	r1, r4
1000106a:	e7ef      	b.n	1000104c <alarm_pool_irq_handler+0x23c>
1000106c:	0022      	movs	r2, r4
1000106e:	002b      	movs	r3, r5
10001070:	9901      	ldr	r1, [sp, #4]
10001072:	4822      	ldr	r0, [pc, #136]	@ (100010fc <alarm_pool_irq_handler+0x2ec>)
10001074:	f7ff fe9c 	bl	10000db0 <ta_set_timeout>
10001078:	4820      	ldr	r0, [pc, #128]	@ (100010fc <alarm_pool_irq_handler+0x2ec>)
1000107a:	f000 fab5 	bl	100015e8 <timer_time_us_64>
1000107e:	1a24      	subs	r4, r4, r0
10001080:	418d      	sbcs	r5, r1
10001082:	2d00      	cmp	r5, #0
10001084:	dc28      	bgt.n	100010d8 <alarm_pool_irq_handler+0x2c8>
10001086:	d025      	beq.n	100010d4 <alarm_pool_irq_handler+0x2c4>
10001088:	4b1c      	ldr	r3, [pc, #112]	@ (100010fc <alarm_pool_irq_handler+0x2ec>)
1000108a:	9a00      	ldr	r2, [sp, #0]
1000108c:	635a      	str	r2, [r3, #52]	@ 0x34
1000108e:	4643      	mov	r3, r8
10001090:	2208      	movs	r2, #8
10001092:	5e9b      	ldrsh	r3, [r3, r2]
10001094:	4699      	mov	r9, r3
10001096:	2b00      	cmp	r3, #0
10001098:	db00      	blt.n	1000109c <alarm_pool_irq_handler+0x28c>
1000109a:	e6db      	b.n	10000e54 <alarm_pool_irq_handler+0x44>
1000109c:	4643      	mov	r3, r8
1000109e:	889b      	ldrh	r3, [r3, #4]
100010a0:	b21b      	sxth	r3, r3
100010a2:	2b00      	cmp	r3, #0
100010a4:	db00      	blt.n	100010a8 <alarm_pool_irq_handler+0x298>
100010a6:	e76a      	b.n	10000f7e <alarm_pool_irq_handler+0x16e>
100010a8:	4643      	mov	r3, r8
100010aa:	799b      	ldrb	r3, [r3, #6]
100010ac:	2b00      	cmp	r3, #0
100010ae:	d1b3      	bne.n	10001018 <alarm_pool_irq_handler+0x208>
100010b0:	4643      	mov	r3, r8
100010b2:	2208      	movs	r2, #8
100010b4:	5e9a      	ldrsh	r2, [r3, r2]
100010b6:	2a00      	cmp	r2, #0
100010b8:	db0e      	blt.n	100010d8 <alarm_pool_irq_handler+0x2c8>
100010ba:	4643      	mov	r3, r8
100010bc:	6959      	ldr	r1, [r3, #20]
100010be:	0053      	lsls	r3, r2, #1
100010c0:	189b      	adds	r3, r3, r2
100010c2:	00db      	lsls	r3, r3, #3
100010c4:	18cb      	adds	r3, r1, r3
100010c6:	689c      	ldr	r4, [r3, #8]
100010c8:	68dd      	ldr	r5, [r3, #12]
100010ca:	1c63      	adds	r3, r4, #1
100010cc:	d1ce      	bne.n	1000106c <alarm_pool_irq_handler+0x25c>
100010ce:	1c6b      	adds	r3, r5, #1
100010d0:	d0d2      	beq.n	10001078 <alarm_pool_irq_handler+0x268>
100010d2:	e7cb      	b.n	1000106c <alarm_pool_irq_handler+0x25c>
100010d4:	2c00      	cmp	r4, #0
100010d6:	d0d7      	beq.n	10001088 <alarm_pool_irq_handler+0x278>
100010d8:	bf40      	sev
100010da:	b003      	add	sp, #12
100010dc:	bcf0      	pop	{r4, r5, r6, r7}
100010de:	46bb      	mov	fp, r7
100010e0:	46b2      	mov	sl, r6
100010e2:	46a9      	mov	r9, r5
100010e4:	46a0      	mov	r8, r4
100010e6:	bdf0      	pop	{r4, r5, r6, r7, pc}
100010e8:	2000169c 	.word	0x2000169c
100010ec:	4005703c 	.word	0x4005703c
100010f0:	10006f30 	.word	0x10006f30
100010f4:	10007988 	.word	0x10007988
100010f8:	10006f5c 	.word	0x10006f5c
100010fc:	40054000 	.word	0x40054000
10001100:	10000e11 	.word	0x10000e11

10001104 <ta_enable_irq_handler>:
10001104:	b570      	push	{r4, r5, r6, lr}
10001106:	0004      	movs	r4, r0
10001108:	000d      	movs	r5, r1
1000110a:	0011      	movs	r1, r2
1000110c:	2601      	movs	r6, #1
1000110e:	40ae      	lsls	r6, r5
10001110:	6206      	str	r6, [r0, #32]
10001112:	0028      	movs	r0, r5
10001114:	f7ff fc26 	bl	10000964 <irq_set_exclusive_handler>
10001118:	2101      	movs	r1, #1
1000111a:	0028      	movs	r0, r5
1000111c:	f7ff fbfa 	bl	10000914 <irq_set_enabled>
10001120:	4b02      	ldr	r3, [pc, #8]	@ (1000112c <ta_enable_irq_handler+0x28>)
10001122:	469c      	mov	ip, r3
10001124:	4464      	add	r4, ip
10001126:	6026      	str	r6, [r4, #0]
10001128:	bd70      	pop	{r4, r5, r6, pc}
1000112a:	46c0      	nop			@ (mov r8, r8)
1000112c:	00002038 	.word	0x00002038

10001130 <alarm_pool_post_alloc_init>:
10001130:	b5f8      	push	{r3, r4, r5, r6, r7, lr}
10001132:	0004      	movs	r4, r0
10001134:	000f      	movs	r7, r1
10001136:	0016      	movs	r6, r2
10001138:	001d      	movs	r5, r3
1000113a:	60c1      	str	r1, [r0, #12]
1000113c:	f7ff fb40 	bl	100007c0 <next_striped_spin_lock_num>
10001140:	4b12      	ldr	r3, [pc, #72]	@ (1000118c <alarm_pool_post_alloc_init+0x5c>)
10001142:	469c      	mov	ip, r3
10001144:	4460      	add	r0, ip
10001146:	0080      	lsls	r0, r0, #2
10001148:	6120      	str	r0, [r4, #16]
1000114a:	7026      	strb	r6, [r4, #0]
1000114c:	b2ab      	uxth	r3, r5
1000114e:	8163      	strh	r3, [r4, #10]
10001150:	22d0      	movs	r2, #208	@ 0xd0
10001152:	0612      	lsls	r2, r2, #24
10001154:	7812      	ldrb	r2, [r2, #0]
10001156:	7062      	strb	r2, [r4, #1]
10001158:	2201      	movs	r2, #1
1000115a:	4252      	negs	r2, r2
1000115c:	8122      	strh	r2, [r4, #8]
1000115e:	80a2      	strh	r2, [r4, #4]
10001160:	189b      	adds	r3, r3, r2
10001162:	8063      	strh	r3, [r4, #2]
10001164:	2300      	movs	r3, #0
10001166:	e006      	b.n	10001176 <alarm_pool_post_alloc_init+0x46>
10001168:	1e58      	subs	r0, r3, #1
1000116a:	6961      	ldr	r1, [r4, #20]
1000116c:	005a      	lsls	r2, r3, #1
1000116e:	18d2      	adds	r2, r2, r3
10001170:	00d2      	lsls	r2, r2, #3
10001172:	5288      	strh	r0, [r1, r2]
10001174:	3301      	adds	r3, #1
10001176:	42ab      	cmp	r3, r5
10001178:	d3f6      	bcc.n	10001168 <alarm_pool_post_alloc_init+0x38>
1000117a:	4b05      	ldr	r3, [pc, #20]	@ (10001190 <alarm_pool_post_alloc_init+0x60>)
1000117c:	00b2      	lsls	r2, r6, #2
1000117e:	50d4      	str	r4, [r2, r3]
10001180:	4a04      	ldr	r2, [pc, #16]	@ (10001194 <alarm_pool_post_alloc_init+0x64>)
10001182:	0031      	movs	r1, r6
10001184:	0038      	movs	r0, r7
10001186:	f7ff ffbd 	bl	10001104 <ta_enable_irq_handler>
1000118a:	bdf8      	pop	{r3, r4, r5, r6, r7, pc}
1000118c:	34000040 	.word	0x34000040
10001190:	2000169c 	.word	0x2000169c
10001194:	10000e11 	.word	0x10000e11

10001198 <alarm_pool_get_default>:
10001198:	b510      	push	{r4, lr}
1000119a:	4b06      	ldr	r3, [pc, #24]	@ (100011b4 <alarm_pool_get_default+0x1c>)
1000119c:	691b      	ldr	r3, [r3, #16]
1000119e:	2b00      	cmp	r3, #0
100011a0:	d001      	beq.n	100011a6 <alarm_pool_get_default+0xe>
100011a2:	4804      	ldr	r0, [pc, #16]	@ (100011b4 <alarm_pool_get_default+0x1c>)
100011a4:	bd10      	pop	{r4, pc}
100011a6:	4b04      	ldr	r3, [pc, #16]	@ (100011b8 <alarm_pool_get_default+0x20>)
100011a8:	4a04      	ldr	r2, [pc, #16]	@ (100011bc <alarm_pool_get_default+0x24>)
100011aa:	4805      	ldr	r0, [pc, #20]	@ (100011c0 <alarm_pool_get_default+0x28>)
100011ac:	2165      	movs	r1, #101	@ 0x65
100011ae:	f002 fd41 	bl	10003c34 <__assert_func>
100011b2:	46c0      	nop			@ (mov r8, r8)
100011b4:	20000c40 	.word	0x20000c40
100011b8:	10006f9c 	.word	0x10006f9c
100011bc:	10007970 	.word	0x10007970
100011c0:	10006f5c 	.word	0x10006f5c

100011c4 <alarm_pool_add_alarm_at_force_in_context>:
100011c4:	b5f8      	push	{r3, r4, r5, r6, r7, lr}
100011c6:	0004      	movs	r4, r0
100011c8:	6905      	ldr	r5, [r0, #16]
100011ca:	f3ef 8010 	mrs	r0, PRIMASK
100011ce:	b672      	cpsid	i
100011d0:	6829      	ldr	r1, [r5, #0]
100011d2:	2900      	cmp	r1, #0
100011d4:	d0fc      	beq.n	100011d0 <alarm_pool_add_alarm_at_force_in_context+0xc>
100011d6:	f3bf 8f5f 	dmb	sy
100011da:	2102      	movs	r1, #2
100011dc:	5e66      	ldrsh	r6, [r4, r1]
100011de:	6965      	ldr	r5, [r4, #20]
100011e0:	0071      	lsls	r1, r6, #1
100011e2:	1989      	adds	r1, r1, r6
100011e4:	00c9      	lsls	r1, r1, #3
100011e6:	186d      	adds	r5, r5, r1
100011e8:	2e00      	cmp	r6, #0
100011ea:	db02      	blt.n	100011f2 <alarm_pool_add_alarm_at_force_in_context+0x2e>
100011ec:	2700      	movs	r7, #0
100011ee:	5fe9      	ldrsh	r1, [r5, r7]
100011f0:	8061      	strh	r1, [r4, #2]
100011f2:	6921      	ldr	r1, [r4, #16]
100011f4:	f3bf 8f5f 	dmb	sy
100011f8:	2700      	movs	r7, #0
100011fa:	600f      	str	r7, [r1, #0]
100011fc:	f380 8810 	msr	PRIMASK, r0
10001200:	2e00      	cmp	r6, #0
10001202:	db2c      	blt.n	1000125e <alarm_pool_add_alarm_at_force_in_context+0x9a>
10001204:	9906      	ldr	r1, [sp, #24]
10001206:	6129      	str	r1, [r5, #16]
10001208:	9907      	ldr	r1, [sp, #28]
1000120a:	6169      	str	r1, [r5, #20]
1000120c:	60aa      	str	r2, [r5, #8]
1000120e:	60eb      	str	r3, [r5, #12]
10001210:	886b      	ldrh	r3, [r5, #2]
10001212:	3301      	adds	r3, #1
10001214:	045b      	lsls	r3, r3, #17
10001216:	0c59      	lsrs	r1, r3, #17
10001218:	2b00      	cmp	r3, #0
1000121a:	d100      	bne.n	1000121e <alarm_pool_add_alarm_at_force_in_context+0x5a>
1000121c:	2101      	movs	r1, #1
1000121e:	8069      	strh	r1, [r5, #2]
10001220:	0030      	movs	r0, r6
10001222:	f7ff fdd9 	bl	10000dd8 <make_alarm_id>
10001226:	6921      	ldr	r1, [r4, #16]
10001228:	f3ef 8310 	mrs	r3, PRIMASK
1000122c:	b672      	cpsid	i
1000122e:	680a      	ldr	r2, [r1, #0]
10001230:	2a00      	cmp	r2, #0
10001232:	d0fc      	beq.n	1000122e <alarm_pool_add_alarm_at_force_in_context+0x6a>
10001234:	f3bf 8f5f 	dmb	sy
10001238:	88a2      	ldrh	r2, [r4, #4]
1000123a:	802a      	strh	r2, [r5, #0]
1000123c:	80a6      	strh	r6, [r4, #4]
1000123e:	6922      	ldr	r2, [r4, #16]
10001240:	f3bf 8f5f 	dmb	sy
10001244:	2100      	movs	r1, #0
10001246:	6011      	str	r1, [r2, #0]
10001248:	f383 8810 	msr	PRIMASK, r3
1000124c:	68e3      	ldr	r3, [r4, #12]
1000124e:	7821      	ldrb	r1, [r4, #0]
10001250:	2201      	movs	r2, #1
10001252:	408a      	lsls	r2, r1
10001254:	4903      	ldr	r1, [pc, #12]	@ (10001264 <alarm_pool_add_alarm_at_force_in_context+0xa0>)
10001256:	468c      	mov	ip, r1
10001258:	4463      	add	r3, ip
1000125a:	601a      	str	r2, [r3, #0]
1000125c:	bdf8      	pop	{r3, r4, r5, r6, r7, pc}
1000125e:	2001      	movs	r0, #1
10001260:	4240      	negs	r0, r0
10001262:	e7fb      	b.n	1000125c <alarm_pool_add_alarm_at_force_in_context+0x98>
10001264:	0000203c 	.word	0x0000203c

10001268 <alarm_pool_add_alarm_at>:
10001268:	b570      	push	{r4, r5, r6, lr}
1000126a:	b082      	sub	sp, #8
1000126c:	0006      	movs	r6, r0
1000126e:	0014      	movs	r4, r2
10001270:	001d      	movs	r5, r3
10001272:	ab08      	add	r3, sp, #32
10001274:	781b      	ldrb	r3, [r3, #0]
10001276:	2b00      	cmp	r3, #0
10001278:	d107      	bne.n	1000128a <alarm_pool_add_alarm_at+0x22>
1000127a:	f000 f9cb 	bl	10001614 <time_us_64>
1000127e:	0022      	movs	r2, r4
10001280:	002b      	movs	r3, r5
10001282:	1a12      	subs	r2, r2, r0
10001284:	418b      	sbcs	r3, r1
10001286:	2b00      	cmp	r3, #0
10001288:	db0a      	blt.n	100012a0 <alarm_pool_add_alarm_at+0x38>
1000128a:	9b07      	ldr	r3, [sp, #28]
1000128c:	9301      	str	r3, [sp, #4]
1000128e:	9b06      	ldr	r3, [sp, #24]
10001290:	9300      	str	r3, [sp, #0]
10001292:	0022      	movs	r2, r4
10001294:	002b      	movs	r3, r5
10001296:	0030      	movs	r0, r6
10001298:	f7ff ff94 	bl	100011c4 <alarm_pool_add_alarm_at_force_in_context>
1000129c:	b002      	add	sp, #8
1000129e:	bd70      	pop	{r4, r5, r6, pc}
100012a0:	2000      	movs	r0, #0
100012a2:	e7fb      	b.n	1000129c <alarm_pool_add_alarm_at+0x34>

100012a4 <add_alarm_at>:
100012a4:	b5f0      	push	{r4, r5, r6, r7, lr}
100012a6:	46c6      	mov	lr, r8
100012a8:	b500      	push	{lr}
100012aa:	b084      	sub	sp, #16
100012ac:	4680      	mov	r8, r0
100012ae:	000f      	movs	r7, r1
100012b0:	0016      	movs	r6, r2
100012b2:	001d      	movs	r5, r3
100012b4:	ab0a      	add	r3, sp, #40	@ 0x28
100012b6:	781c      	ldrb	r4, [r3, #0]
100012b8:	f7ff ff6e 	bl	10001198 <alarm_pool_get_default>
100012bc:	9402      	str	r4, [sp, #8]
100012be:	9501      	str	r5, [sp, #4]
100012c0:	9600      	str	r6, [sp, #0]
100012c2:	4642      	mov	r2, r8
100012c4:	003b      	movs	r3, r7
100012c6:	f7ff ffcf 	bl	10001268 <alarm_pool_add_alarm_at>
100012ca:	b004      	add	sp, #16
100012cc:	bc80      	pop	{r7}
100012ce:	46b8      	mov	r8, r7
100012d0:	bdf0      	pop	{r4, r5, r6, r7, pc}
	...

100012d4 <alarm_pool_cancel_alarm>:
100012d4:	b530      	push	{r4, r5, lr}
100012d6:	0004      	movs	r4, r0
100012d8:	140a      	asrs	r2, r1, #16
100012da:	8943      	ldrh	r3, [r0, #10]
100012dc:	429a      	cmp	r2, r3
100012de:	da30      	bge.n	10001342 <alarm_pool_cancel_alarm+0x6e>
100012e0:	6940      	ldr	r0, [r0, #20]
100012e2:	0053      	lsls	r3, r2, #1
100012e4:	189b      	adds	r3, r3, r2
100012e6:	00db      	lsls	r3, r3, #3
100012e8:	18c3      	adds	r3, r0, r3
100012ea:	6922      	ldr	r2, [r4, #16]
100012ec:	4694      	mov	ip, r2
100012ee:	f3ef 8210 	mrs	r2, PRIMASK
100012f2:	b672      	cpsid	i
100012f4:	4660      	mov	r0, ip
100012f6:	6800      	ldr	r0, [r0, #0]
100012f8:	2800      	cmp	r0, #0
100012fa:	d0fb      	beq.n	100012f4 <alarm_pool_cancel_alarm+0x20>
100012fc:	f3bf 8f5f 	dmb	sy
10001300:	8858      	ldrh	r0, [r3, #2]
10001302:	b285      	uxth	r5, r0
10001304:	0409      	lsls	r1, r1, #16
10001306:	0c09      	lsrs	r1, r1, #16
10001308:	4288      	cmp	r0, r1
1000130a:	d012      	beq.n	10001332 <alarm_pool_cancel_alarm+0x5e>
1000130c:	2000      	movs	r0, #0
1000130e:	6923      	ldr	r3, [r4, #16]
10001310:	f3bf 8f5f 	dmb	sy
10001314:	2100      	movs	r1, #0
10001316:	6019      	str	r1, [r3, #0]
10001318:	f382 8810 	msr	PRIMASK, r2
1000131c:	2800      	cmp	r0, #0
1000131e:	d011      	beq.n	10001344 <alarm_pool_cancel_alarm+0x70>
10001320:	68e3      	ldr	r3, [r4, #12]
10001322:	7821      	ldrb	r1, [r4, #0]
10001324:	2201      	movs	r2, #1
10001326:	408a      	lsls	r2, r1
10001328:	4907      	ldr	r1, [pc, #28]	@ (10001348 <alarm_pool_cancel_alarm+0x74>)
1000132a:	468c      	mov	ip, r1
1000132c:	4463      	add	r3, ip
1000132e:	601a      	str	r2, [r3, #0]
10001330:	e008      	b.n	10001344 <alarm_pool_cancel_alarm+0x70>
10001332:	4906      	ldr	r1, [pc, #24]	@ (1000134c <alarm_pool_cancel_alarm+0x78>)
10001334:	4329      	orrs	r1, r5
10001336:	b289      	uxth	r1, r1
10001338:	8059      	strh	r1, [r3, #2]
1000133a:	2301      	movs	r3, #1
1000133c:	71a3      	strb	r3, [r4, #6]
1000133e:	2001      	movs	r0, #1
10001340:	e7e5      	b.n	1000130e <alarm_pool_cancel_alarm+0x3a>
10001342:	2000      	movs	r0, #0
10001344:	bd30      	pop	{r4, r5, pc}
10001346:	46c0      	nop			@ (mov r8, r8)
10001348:	0000203c 	.word	0x0000203c
1000134c:	ffff8000 	.word	0xffff8000

10001350 <cancel_alarm>:
10001350:	b510      	push	{r4, lr}
10001352:	0004      	movs	r4, r0
10001354:	f7ff ff20 	bl	10001198 <alarm_pool_get_default>
10001358:	0021      	movs	r1, r4
1000135a:	f7ff ffbb 	bl	100012d4 <alarm_pool_cancel_alarm>
1000135e:	bd10      	pop	{r4, pc}

10001360 <alarm_pool_core_num>:
10001360:	7840      	ldrb	r0, [r0, #1]
10001362:	4770      	bx	lr

10001364 <sleep_until>:
10001364:	b5f0      	push	{r4, r5, r6, r7, lr}
10001366:	b083      	sub	sp, #12
10001368:	0006      	movs	r6, r0
1000136a:	000f      	movs	r7, r1
1000136c:	f3ef 8305 	mrs	r3, IPSR
10001370:	2b00      	cmp	r3, #0
10001372:	d11a      	bne.n	100013aa <sleep_until+0x46>
10001374:	2406      	movs	r4, #6
10001376:	4264      	negs	r4, r4
10001378:	17e5      	asrs	r5, r4, #31
1000137a:	19a4      	adds	r4, r4, r6
1000137c:	417d      	adcs	r5, r7
1000137e:	428d      	cmp	r5, r1
10001380:	d802      	bhi.n	10001388 <sleep_until+0x24>
10001382:	d103      	bne.n	1000138c <sleep_until+0x28>
10001384:	4284      	cmp	r4, r0
10001386:	d901      	bls.n	1000138c <sleep_until+0x28>
10001388:	2400      	movs	r4, #0
1000138a:	2500      	movs	r5, #0
1000138c:	f000 f942 	bl	10001614 <time_us_64>
10001390:	0022      	movs	r2, r4
10001392:	002b      	movs	r3, r5
10001394:	1a12      	subs	r2, r2, r0
10001396:	418b      	sbcs	r3, r1
10001398:	2b00      	cmp	r3, #0
1000139a:	dc0b      	bgt.n	100013b4 <sleep_until+0x50>
1000139c:	d008      	beq.n	100013b0 <sleep_until+0x4c>
1000139e:	0030      	movs	r0, r6
100013a0:	0039      	movs	r1, r7
100013a2:	f000 f93f 	bl	10001624 <busy_wait_until>
100013a6:	b003      	add	sp, #12
100013a8:	bdf0      	pop	{r4, r5, r6, r7, pc}
100013aa:	4816      	ldr	r0, [pc, #88]	@ (10001404 <sleep_until+0xa0>)
100013ac:	f7ff f996 	bl	100006dc <panic>
100013b0:	2a00      	cmp	r2, #0
100013b2:	d0f4      	beq.n	1000139e <sleep_until+0x3a>
100013b4:	4a14      	ldr	r2, [pc, #80]	@ (10001408 <sleep_until+0xa4>)
100013b6:	2300      	movs	r3, #0
100013b8:	9300      	str	r3, [sp, #0]
100013ba:	0020      	movs	r0, r4
100013bc:	0029      	movs	r1, r5
100013be:	f7ff ff71 	bl	100012a4 <add_alarm_at>
100013c2:	2800      	cmp	r0, #0
100013c4:	da13      	bge.n	100013ee <sleep_until+0x8a>
100013c6:	e7ea      	b.n	1000139e <sleep_until+0x3a>
100013c8:	4b10      	ldr	r3, [pc, #64]	@ (1000140c <sleep_until+0xa8>)
100013ca:	6819      	ldr	r1, [r3, #0]
100013cc:	f3ef 8310 	mrs	r3, PRIMASK
100013d0:	b672      	cpsid	i
100013d2:	680a      	ldr	r2, [r1, #0]
100013d4:	2a00      	cmp	r2, #0
100013d6:	d0fc      	beq.n	100013d2 <sleep_until+0x6e>
100013d8:	f3bf 8f5f 	dmb	sy
100013dc:	4a0b      	ldr	r2, [pc, #44]	@ (1000140c <sleep_until+0xa8>)
100013de:	6812      	ldr	r2, [r2, #0]
100013e0:	f3bf 8f5f 	dmb	sy
100013e4:	2100      	movs	r1, #0
100013e6:	6011      	str	r1, [r2, #0]
100013e8:	f383 8810 	msr	PRIMASK, r3
100013ec:	bf20      	wfe
100013ee:	4b08      	ldr	r3, [pc, #32]	@ (10001410 <sleep_until+0xac>)
100013f0:	6a5b      	ldr	r3, [r3, #36]	@ 0x24
100013f2:	429d      	cmp	r5, r3
100013f4:	d8e8      	bhi.n	100013c8 <sleep_until+0x64>
100013f6:	4906      	ldr	r1, [pc, #24]	@ (10001410 <sleep_until+0xac>)
100013f8:	6a89      	ldr	r1, [r1, #40]	@ 0x28
100013fa:	42a1      	cmp	r1, r4
100013fc:	d2cf      	bcs.n	1000139e <sleep_until+0x3a>
100013fe:	429d      	cmp	r5, r3
10001400:	d1cd      	bne.n	1000139e <sleep_until+0x3a>
10001402:	e7e1      	b.n	100013c8 <sleep_until+0x64>
10001404:	10006fc0 	.word	0x10006fc0
10001408:	10000de1 	.word	0x10000de1
1000140c:	200018b8 	.word	0x200018b8
10001410:	40054000 	.word	0x40054000

10001414 <sleep_us>:
10001414:	b570      	push	{r4, r5, r6, lr}
10001416:	0004      	movs	r4, r0
10001418:	000d      	movs	r5, r1
1000141a:	f000 f8fb 	bl	10001614 <time_us_64>
1000141e:	0022      	movs	r2, r4
10001420:	002b      	movs	r3, r5
10001422:	1812      	adds	r2, r2, r0
10001424:	414b      	adcs	r3, r1
10001426:	0010      	movs	r0, r2
10001428:	1e19      	subs	r1, r3, #0
1000142a:	db02      	blt.n	10001432 <sleep_us+0x1e>
1000142c:	f7ff ff9a 	bl	10001364 <sleep_until>
10001430:	bd70      	pop	{r4, r5, r6, pc}
10001432:	2001      	movs	r0, #1
10001434:	4240      	negs	r0, r0
10001436:	4901      	ldr	r1, [pc, #4]	@ (1000143c <sleep_us+0x28>)
10001438:	e7f8      	b.n	1000142c <sleep_us+0x18>
1000143a:	46c0      	nop			@ (mov r8, r8)
1000143c:	7fffffff 	.word	0x7fffffff

10001440 <sleep_ms>:
10001440:	b510      	push	{r4, lr}
10001442:	22fa      	movs	r2, #250	@ 0xfa
10001444:	0092      	lsls	r2, r2, #2
10001446:	2300      	movs	r3, #0
10001448:	2100      	movs	r1, #0
1000144a:	f001 fa33 	bl	100028b4 <__wrap___aeabi_lmul>
1000144e:	f7ff ffe1 	bl	10001414 <sleep_us>
10001452:	bd10      	pop	{r4, pc}

10001454 <best_effort_wfe_or_timeout>:
10001454:	b5f0      	push	{r4, r5, r6, r7, lr}
10001456:	46c6      	mov	lr, r8
10001458:	b500      	push	{lr}
1000145a:	b084      	sub	sp, #16
1000145c:	4680      	mov	r8, r0
1000145e:	9103      	str	r1, [sp, #12]
10001460:	f3ef 8305 	mrs	r3, IPSR
10001464:	2b00      	cmp	r3, #0
10001466:	d12b      	bne.n	100014c0 <best_effort_wfe_or_timeout+0x6c>
10001468:	4b47      	ldr	r3, [pc, #284]	@ (10001588 <best_effort_wfe_or_timeout+0x134>)
1000146a:	681a      	ldr	r2, [r3, #0]
1000146c:	685b      	ldr	r3, [r3, #4]
1000146e:	4282      	cmp	r2, r0
10001470:	d039      	beq.n	100014e6 <best_effort_wfe_or_timeout+0x92>
10001472:	f7ff fe91 	bl	10001198 <alarm_pool_get_default>
10001476:	68c3      	ldr	r3, [r0, #12]
10001478:	001f      	movs	r7, r3
1000147a:	7806      	ldrb	r6, [r0, #0]
1000147c:	4642      	mov	r2, r8
1000147e:	0014      	movs	r4, r2
10001480:	9a03      	ldr	r2, [sp, #12]
10001482:	0015      	movs	r5, r2
10001484:	0018      	movs	r0, r3
10001486:	f000 f8af 	bl	100015e8 <timer_time_us_64>
1000148a:	0002      	movs	r2, r0
1000148c:	000b      	movs	r3, r1
1000148e:	1aa4      	subs	r4, r4, r2
10001490:	419d      	sbcs	r5, r3
10001492:	0022      	movs	r2, r4
10001494:	1d31      	adds	r1, r6, #4
10001496:	0089      	lsls	r1, r1, #2
10001498:	59c9      	ldr	r1, [r1, r7]
1000149a:	1a09      	subs	r1, r1, r0
1000149c:	2000      	movs	r0, #0
1000149e:	42a8      	cmp	r0, r5
100014a0:	dc27      	bgt.n	100014f2 <best_effort_wfe_or_timeout+0x9e>
100014a2:	d024      	beq.n	100014ee <best_effort_wfe_or_timeout+0x9a>
100014a4:	bf20      	wfe
100014a6:	9a03      	ldr	r2, [sp, #12]
100014a8:	4b38      	ldr	r3, [pc, #224]	@ (1000158c <best_effort_wfe_or_timeout+0x138>)
100014aa:	6a5b      	ldr	r3, [r3, #36]	@ 0x24
100014ac:	429a      	cmp	r2, r3
100014ae:	d84b      	bhi.n	10001548 <best_effort_wfe_or_timeout+0xf4>
100014b0:	4936      	ldr	r1, [pc, #216]	@ (1000158c <best_effort_wfe_or_timeout+0x138>)
100014b2:	6a89      	ldr	r1, [r1, #40]	@ 0x28
100014b4:	4541      	cmp	r1, r8
100014b6:	d24c      	bcs.n	10001552 <best_effort_wfe_or_timeout+0xfe>
100014b8:	429a      	cmp	r2, r3
100014ba:	d043      	beq.n	10001544 <best_effort_wfe_or_timeout+0xf0>
100014bc:	2001      	movs	r0, #1
100014be:	e044      	b.n	1000154a <best_effort_wfe_or_timeout+0xf6>
100014c0:	000b      	movs	r3, r1
100014c2:	4a32      	ldr	r2, [pc, #200]	@ (1000158c <best_effort_wfe_or_timeout+0x138>)
100014c4:	6a52      	ldr	r2, [r2, #36]	@ 0x24
100014c6:	428a      	cmp	r2, r1
100014c8:	d309      	bcc.n	100014de <best_effort_wfe_or_timeout+0x8a>
100014ca:	4930      	ldr	r1, [pc, #192]	@ (1000158c <best_effort_wfe_or_timeout+0x138>)
100014cc:	6a89      	ldr	r1, [r1, #40]	@ 0x28
100014ce:	4288      	cmp	r0, r1
100014d0:	d907      	bls.n	100014e2 <best_effort_wfe_or_timeout+0x8e>
100014d2:	429a      	cmp	r2, r3
100014d4:	d001      	beq.n	100014da <best_effort_wfe_or_timeout+0x86>
100014d6:	2001      	movs	r0, #1
100014d8:	e037      	b.n	1000154a <best_effort_wfe_or_timeout+0xf6>
100014da:	2000      	movs	r0, #0
100014dc:	e035      	b.n	1000154a <best_effort_wfe_or_timeout+0xf6>
100014de:	2000      	movs	r0, #0
100014e0:	e033      	b.n	1000154a <best_effort_wfe_or_timeout+0xf6>
100014e2:	2001      	movs	r0, #1
100014e4:	e031      	b.n	1000154a <best_effort_wfe_or_timeout+0xf6>
100014e6:	9a03      	ldr	r2, [sp, #12]
100014e8:	4293      	cmp	r3, r2
100014ea:	d1c2      	bne.n	10001472 <best_effort_wfe_or_timeout+0x1e>
100014ec:	e7da      	b.n	100014a4 <best_effort_wfe_or_timeout+0x50>
100014ee:	4291      	cmp	r1, r2
100014f0:	d9d8      	bls.n	100014a4 <best_effort_wfe_or_timeout+0x50>
100014f2:	4a27      	ldr	r2, [pc, #156]	@ (10001590 <best_effort_wfe_or_timeout+0x13c>)
100014f4:	2300      	movs	r3, #0
100014f6:	9300      	str	r3, [sp, #0]
100014f8:	4645      	mov	r5, r8
100014fa:	0028      	movs	r0, r5
100014fc:	9c03      	ldr	r4, [sp, #12]
100014fe:	0021      	movs	r1, r4
10001500:	f7ff fed0 	bl	100012a4 <add_alarm_at>
10001504:	2800      	cmp	r0, #0
10001506:	dd26      	ble.n	10001556 <best_effort_wfe_or_timeout+0x102>
10001508:	4b1f      	ldr	r3, [pc, #124]	@ (10001588 <best_effort_wfe_or_timeout+0x134>)
1000150a:	601d      	str	r5, [r3, #0]
1000150c:	9903      	ldr	r1, [sp, #12]
1000150e:	6059      	str	r1, [r3, #4]
10001510:	000d      	movs	r5, r1
10001512:	4b1e      	ldr	r3, [pc, #120]	@ (1000158c <best_effort_wfe_or_timeout+0x138>)
10001514:	6a5b      	ldr	r3, [r3, #36]	@ 0x24
10001516:	4299      	cmp	r1, r3
10001518:	d805      	bhi.n	10001526 <best_effort_wfe_or_timeout+0xd2>
1000151a:	4a1c      	ldr	r2, [pc, #112]	@ (1000158c <best_effort_wfe_or_timeout+0x138>)
1000151c:	6a92      	ldr	r2, [r2, #40]	@ 0x28
1000151e:	4542      	cmp	r2, r8
10001520:	d202      	bcs.n	10001528 <best_effort_wfe_or_timeout+0xd4>
10001522:	4299      	cmp	r1, r3
10001524:	d100      	bne.n	10001528 <best_effort_wfe_or_timeout+0xd4>
10001526:	bf20      	wfe
10001528:	f7ff ff12 	bl	10001350 <cancel_alarm>
1000152c:	4b17      	ldr	r3, [pc, #92]	@ (1000158c <best_effort_wfe_or_timeout+0x138>)
1000152e:	6a5b      	ldr	r3, [r3, #36]	@ 0x24
10001530:	429d      	cmp	r5, r3
10001532:	d824      	bhi.n	1000157e <best_effort_wfe_or_timeout+0x12a>
10001534:	4a15      	ldr	r2, [pc, #84]	@ (1000158c <best_effort_wfe_or_timeout+0x138>)
10001536:	6a92      	ldr	r2, [r2, #40]	@ 0x28
10001538:	4542      	cmp	r2, r8
1000153a:	d222      	bcs.n	10001582 <best_effort_wfe_or_timeout+0x12e>
1000153c:	429d      	cmp	r5, r3
1000153e:	d01c      	beq.n	1000157a <best_effort_wfe_or_timeout+0x126>
10001540:	2001      	movs	r0, #1
10001542:	e002      	b.n	1000154a <best_effort_wfe_or_timeout+0xf6>
10001544:	2000      	movs	r0, #0
10001546:	e000      	b.n	1000154a <best_effort_wfe_or_timeout+0xf6>
10001548:	2000      	movs	r0, #0
1000154a:	b004      	add	sp, #16
1000154c:	bc80      	pop	{r7}
1000154e:	46b8      	mov	r8, r7
10001550:	bdf0      	pop	{r4, r5, r6, r7, pc}
10001552:	2001      	movs	r0, #1
10001554:	e7f9      	b.n	1000154a <best_effort_wfe_or_timeout+0xf6>
10001556:	4b0d      	ldr	r3, [pc, #52]	@ (1000158c <best_effort_wfe_or_timeout+0x138>)
10001558:	6a5b      	ldr	r3, [r3, #36]	@ 0x24
1000155a:	429c      	cmp	r4, r3
1000155c:	d809      	bhi.n	10001572 <best_effort_wfe_or_timeout+0x11e>
1000155e:	490b      	ldr	r1, [pc, #44]	@ (1000158c <best_effort_wfe_or_timeout+0x138>)
10001560:	6a89      	ldr	r1, [r1, #40]	@ 0x28
10001562:	4541      	cmp	r1, r8
10001564:	d207      	bcs.n	10001576 <best_effort_wfe_or_timeout+0x122>
10001566:	429c      	cmp	r4, r3
10001568:	d001      	beq.n	1000156e <best_effort_wfe_or_timeout+0x11a>
1000156a:	2001      	movs	r0, #1
1000156c:	e7ed      	b.n	1000154a <best_effort_wfe_or_timeout+0xf6>
1000156e:	2000      	movs	r0, #0
10001570:	e7eb      	b.n	1000154a <best_effort_wfe_or_timeout+0xf6>
10001572:	2000      	movs	r0, #0
10001574:	e7e9      	b.n	1000154a <best_effort_wfe_or_timeout+0xf6>
10001576:	2001      	movs	r0, #1
10001578:	e7e7      	b.n	1000154a <best_effort_wfe_or_timeout+0xf6>
1000157a:	2000      	movs	r0, #0
1000157c:	e7e5      	b.n	1000154a <best_effort_wfe_or_timeout+0xf6>
1000157e:	2000      	movs	r0, #0
10001580:	e7e3      	b.n	1000154a <best_effort_wfe_or_timeout+0xf6>
10001582:	2001      	movs	r0, #1
10001584:	e7e1      	b.n	1000154a <best_effort_wfe_or_timeout+0xf6>
10001586:	46c0      	nop			@ (mov r8, r8)
10001588:	20000c38 	.word	0x20000c38
1000158c:	40054000 	.word	0x40054000
10001590:	10000de1 	.word	0x10000de1

10001594 <alarm_pool_get_default_timer>:
10001594:	4800      	ldr	r0, [pc, #0]	@ (10001598 <alarm_pool_get_default_timer+0x4>)
10001596:	4770      	bx	lr
10001598:	40054000 	.word	0x40054000

1000159c <runtime_init_default_alarm_pool>:
1000159c:	b510      	push	{r4, lr}
1000159e:	4b0b      	ldr	r3, [pc, #44]	@ (100015cc <runtime_init_default_alarm_pool+0x30>)
100015a0:	691b      	ldr	r3, [r3, #16]
100015a2:	2b00      	cmp	r3, #0
100015a4:	d004      	beq.n	100015b0 <runtime_init_default_alarm_pool+0x14>
100015a6:	480a      	ldr	r0, [pc, #40]	@ (100015d0 <runtime_init_default_alarm_pool+0x34>)
100015a8:	210a      	movs	r1, #10
100015aa:	f7ff fba3 	bl	10000cf4 <lock_init>
100015ae:	bd10      	pop	{r4, pc}
100015b0:	f7ff fff0 	bl	10001594 <alarm_pool_get_default_timer>
100015b4:	0004      	movs	r4, r0
100015b6:	2103      	movs	r1, #3
100015b8:	f000 f80c 	bl	100015d4 <timer_hardware_alarm_claim>
100015bc:	4803      	ldr	r0, [pc, #12]	@ (100015cc <runtime_init_default_alarm_pool+0x30>)
100015be:	2310      	movs	r3, #16
100015c0:	2203      	movs	r2, #3
100015c2:	0021      	movs	r1, r4
100015c4:	f7ff fdb4 	bl	10001130 <alarm_pool_post_alloc_init>
100015c8:	e7ed      	b.n	100015a6 <runtime_init_default_alarm_pool+0xa>
100015ca:	46c0      	nop			@ (mov r8, r8)
100015cc:	20000c40 	.word	0x20000c40
100015d0:	200018b8 	.word	0x200018b8

100015d4 <timer_hardware_alarm_claim>:
100015d4:	b510      	push	{r4, lr}
100015d6:	4a02      	ldr	r2, [pc, #8]	@ (100015e0 <timer_hardware_alarm_claim+0xc>)
100015d8:	4802      	ldr	r0, [pc, #8]	@ (100015e4 <timer_hardware_alarm_claim+0x10>)
100015da:	f7ff f8ad 	bl	10000738 <hw_claim_or_assert>
100015de:	bd10      	pop	{r4, pc}
100015e0:	10007010 	.word	0x10007010
100015e4:	20001228 	.word	0x20001228

100015e8 <timer_time_us_64>:
100015e8:	0002      	movs	r2, r0
100015ea:	6a43      	ldr	r3, [r0, #36]	@ 0x24
100015ec:	6a90      	ldr	r0, [r2, #40]	@ 0x28
100015ee:	0019      	movs	r1, r3
100015f0:	6a53      	ldr	r3, [r2, #36]	@ 0x24
100015f2:	4299      	cmp	r1, r3
100015f4:	d1fa      	bne.n	100015ec <timer_time_us_64+0x4>
100015f6:	4770      	bx	lr

100015f8 <timer_busy_wait_until>:
100015f8:	6a41      	ldr	r1, [r0, #36]	@ 0x24
100015fa:	e000      	b.n	100015fe <timer_busy_wait_until+0x6>
100015fc:	6a41      	ldr	r1, [r0, #36]	@ 0x24
100015fe:	4299      	cmp	r1, r3
10001600:	d3fc      	bcc.n	100015fc <timer_busy_wait_until+0x4>
10001602:	e000      	b.n	10001606 <timer_busy_wait_until+0xe>
10001604:	6a41      	ldr	r1, [r0, #36]	@ 0x24
10001606:	4299      	cmp	r1, r3
10001608:	d102      	bne.n	10001610 <timer_busy_wait_until+0x18>
1000160a:	6a81      	ldr	r1, [r0, #40]	@ 0x28
1000160c:	4291      	cmp	r1, r2
1000160e:	d3f9      	bcc.n	10001604 <timer_busy_wait_until+0xc>
10001610:	4770      	bx	lr
	...

10001614 <time_us_64>:
10001614:	b510      	push	{r4, lr}
10001616:	4802      	ldr	r0, [pc, #8]	@ (10001620 <time_us_64+0xc>)
10001618:	f7ff ffe6 	bl	100015e8 <timer_time_us_64>
1000161c:	bd10      	pop	{r4, pc}
1000161e:	46c0      	nop			@ (mov r8, r8)
10001620:	40054000 	.word	0x40054000

10001624 <busy_wait_until>:
10001624:	b510      	push	{r4, lr}
10001626:	0002      	movs	r2, r0
10001628:	000b      	movs	r3, r1
1000162a:	4802      	ldr	r0, [pc, #8]	@ (10001634 <busy_wait_until+0x10>)
1000162c:	f7ff ffe4 	bl	100015f8 <timer_busy_wait_until>
10001630:	bd10      	pop	{r4, pc}
10001632:	46c0      	nop			@ (mov r8, r8)
10001634:	40054000 	.word	0x40054000

10001638 <clock_configure_internal>:
10001638:	b5f8      	push	{r3, r4, r5, r6, r7, lr}
1000163a:	46ce      	mov	lr, r9
1000163c:	4647      	mov	r7, r8
1000163e:	b580      	push	{r7, lr}
10001640:	0005      	movs	r5, r0
10001642:	000e      	movs	r6, r1
10001644:	4690      	mov	r8, r2
10001646:	4699      	mov	r9, r3
10001648:	0044      	lsls	r4, r0, #1
1000164a:	1824      	adds	r4, r4, r0
1000164c:	00a4      	lsls	r4, r4, #2
1000164e:	4b28      	ldr	r3, [pc, #160]	@ (100016f0 <clock_configure_internal+0xb8>)
10001650:	469c      	mov	ip, r3
10001652:	4464      	add	r4, ip
10001654:	6863      	ldr	r3, [r4, #4]
10001656:	9a08      	ldr	r2, [sp, #32]
10001658:	4293      	cmp	r3, r2
1000165a:	d200      	bcs.n	1000165e <clock_configure_internal+0x26>
1000165c:	6062      	str	r2, [r4, #4]
1000165e:	1f2f      	subs	r7, r5, #4
10001660:	b2ff      	uxtb	r7, r7
10001662:	2f01      	cmp	r7, #1
10001664:	d92e      	bls.n	100016c4 <clock_configure_internal+0x8c>
10001666:	2280      	movs	r2, #128	@ 0x80
10001668:	0112      	lsls	r2, r2, #4
1000166a:	23c0      	movs	r3, #192	@ 0xc0
1000166c:	019b      	lsls	r3, r3, #6
1000166e:	18e3      	adds	r3, r4, r3
10001670:	601a      	str	r2, [r3, #0]
10001672:	4b20      	ldr	r3, [pc, #128]	@ (100016f4 <clock_configure_internal+0xbc>)
10001674:	00aa      	lsls	r2, r5, #2
10001676:	58d1      	ldr	r1, [r2, r3]
10001678:	2900      	cmp	r1, #0
1000167a:	d007      	beq.n	1000168c <clock_configure_internal+0x54>
1000167c:	6958      	ldr	r0, [r3, #20]
1000167e:	f000 fadd 	bl	10001c3c <__wrap___aeabi_uidiv>
10001682:	3001      	adds	r0, #1
10001684:	0043      	lsls	r3, r0, #1
10001686:	181b      	adds	r3, r3, r0
10001688:	3b03      	subs	r3, #3
1000168a:	d2fd      	bcs.n	10001688 <clock_configure_internal+0x50>
1000168c:	4643      	mov	r3, r8
1000168e:	015b      	lsls	r3, r3, #5
10001690:	6822      	ldr	r2, [r4, #0]
10001692:	4053      	eors	r3, r2
10001694:	22e0      	movs	r2, #224	@ 0xe0
10001696:	4013      	ands	r3, r2
10001698:	2280      	movs	r2, #128	@ 0x80
1000169a:	0152      	lsls	r2, r2, #5
1000169c:	18a2      	adds	r2, r4, r2
1000169e:	6013      	str	r3, [r2, #0]
100016a0:	2f01      	cmp	r7, #1
100016a2:	d91a      	bls.n	100016da <clock_configure_internal+0xa2>
100016a4:	2380      	movs	r3, #128	@ 0x80
100016a6:	019b      	lsls	r3, r3, #6
100016a8:	18e3      	adds	r3, r4, r3
100016aa:	2280      	movs	r2, #128	@ 0x80
100016ac:	0112      	lsls	r2, r2, #4
100016ae:	601a      	str	r2, [r3, #0]
100016b0:	9b08      	ldr	r3, [sp, #32]
100016b2:	6063      	str	r3, [r4, #4]
100016b4:	4b0f      	ldr	r3, [pc, #60]	@ (100016f4 <clock_configure_internal+0xbc>)
100016b6:	00ad      	lsls	r5, r5, #2
100016b8:	464a      	mov	r2, r9
100016ba:	50ea      	str	r2, [r5, r3]
100016bc:	bcc0      	pop	{r6, r7}
100016be:	46b9      	mov	r9, r7
100016c0:	46b0      	mov	r8, r6
100016c2:	bdf8      	pop	{r3, r4, r5, r6, r7, pc}
100016c4:	2e01      	cmp	r6, #1
100016c6:	d1ce      	bne.n	10001666 <clock_configure_internal+0x2e>
100016c8:	2203      	movs	r2, #3
100016ca:	23c0      	movs	r3, #192	@ 0xc0
100016cc:	019b      	lsls	r3, r3, #6
100016ce:	18e3      	adds	r3, r4, r3
100016d0:	601a      	str	r2, [r3, #0]
100016d2:	68a3      	ldr	r3, [r4, #8]
100016d4:	07db      	lsls	r3, r3, #31
100016d6:	d5fc      	bpl.n	100016d2 <clock_configure_internal+0x9a>
100016d8:	e7d8      	b.n	1000168c <clock_configure_internal+0x54>
100016da:	6821      	ldr	r1, [r4, #0]
100016dc:	4071      	eors	r1, r6
100016de:	2303      	movs	r3, #3
100016e0:	400b      	ands	r3, r1
100016e2:	6013      	str	r3, [r2, #0]
100016e4:	68a3      	ldr	r3, [r4, #8]
100016e6:	2201      	movs	r2, #1
100016e8:	40b2      	lsls	r2, r6
100016ea:	421a      	tst	r2, r3
100016ec:	d0fa      	beq.n	100016e4 <clock_configure_internal+0xac>
100016ee:	e7d9      	b.n	100016a4 <clock_configure_internal+0x6c>
100016f0:	40008000 	.word	0x40008000
100016f4:	20001230 	.word	0x20001230

100016f8 <clock_configure_int_divider>:
100016f8:	b570      	push	{r4, r5, r6, lr}
100016fa:	b082      	sub	sp, #8
100016fc:	0006      	movs	r6, r0
100016fe:	000d      	movs	r5, r1
10001700:	0014      	movs	r4, r2
10001702:	0018      	movs	r0, r3
10001704:	9906      	ldr	r1, [sp, #24]
10001706:	f000 fa99 	bl	10001c3c <__wrap___aeabi_uidiv>
1000170a:	0003      	movs	r3, r0
1000170c:	9a06      	ldr	r2, [sp, #24]
1000170e:	0211      	lsls	r1, r2, #8
10001710:	9100      	str	r1, [sp, #0]
10001712:	0022      	movs	r2, r4
10001714:	0029      	movs	r1, r5
10001716:	0030      	movs	r0, r6
10001718:	f7ff ff8e 	bl	10001638 <clock_configure_internal>
1000171c:	b002      	add	sp, #8
1000171e:	bd70      	pop	{r4, r5, r6, pc}

10001720 <clock_configure_undivided>:
10001720:	b510      	push	{r4, lr}
10001722:	b082      	sub	sp, #8
10001724:	2480      	movs	r4, #128	@ 0x80
10001726:	0064      	lsls	r4, r4, #1
10001728:	9400      	str	r4, [sp, #0]
1000172a:	f7ff ff85 	bl	10001638 <clock_configure_internal>
1000172e:	b002      	add	sp, #8
10001730:	bd10      	pop	{r4, pc}
	...

10001734 <clock_get_hz>:
10001734:	4b01      	ldr	r3, [pc, #4]	@ (1000173c <clock_get_hz+0x8>)
10001736:	0080      	lsls	r0, r0, #2
10001738:	58c0      	ldr	r0, [r0, r3]
1000173a:	4770      	bx	lr
1000173c:	20001230 	.word	0x20001230

10001740 <pll_init>:
10001740:	b5f0      	push	{r4, r5, r6, r7, lr}
10001742:	46c6      	mov	lr, r8
10001744:	b500      	push	{lr}
10001746:	0004      	movs	r4, r0
10001748:	000e      	movs	r6, r1
1000174a:	0017      	movs	r7, r2
1000174c:	001d      	movs	r5, r3
1000174e:	4837      	ldr	r0, [pc, #220]	@ (1000182c <pll_init+0xec>)
10001750:	f000 fa74 	bl	10001c3c <__wrap___aeabi_uidiv>
10001754:	4680      	mov	r8, r0
10001756:	4b36      	ldr	r3, [pc, #216]	@ (10001830 <pll_init+0xf0>)
10001758:	18fa      	adds	r2, r7, r3
1000175a:	4b36      	ldr	r3, [pc, #216]	@ (10001834 <pll_init+0xf4>)
1000175c:	429a      	cmp	r2, r3
1000175e:	d839      	bhi.n	100017d4 <pll_init+0x94>
10001760:	0001      	movs	r1, r0
10001762:	0038      	movs	r0, r7
10001764:	f000 fa6a 	bl	10001c3c <__wrap___aeabi_uidiv>
10001768:	0002      	movs	r2, r0
1000176a:	3a10      	subs	r2, #16
1000176c:	2398      	movs	r3, #152	@ 0x98
1000176e:	005b      	lsls	r3, r3, #1
10001770:	429a      	cmp	r2, r3
10001772:	d835      	bhi.n	100017e0 <pll_init+0xa0>
10001774:	1e6b      	subs	r3, r5, #1
10001776:	2b06      	cmp	r3, #6
10001778:	d838      	bhi.n	100017ec <pll_init+0xac>
1000177a:	9b06      	ldr	r3, [sp, #24]
1000177c:	3b01      	subs	r3, #1
1000177e:	2b06      	cmp	r3, #6
10001780:	d834      	bhi.n	100017ec <pll_init+0xac>
10001782:	093f      	lsrs	r7, r7, #4
10001784:	4547      	cmp	r7, r8
10001786:	d337      	bcc.n	100017f8 <pll_init+0xb8>
10001788:	042d      	lsls	r5, r5, #16
1000178a:	9b06      	ldr	r3, [sp, #24]
1000178c:	031b      	lsls	r3, r3, #12
1000178e:	431d      	orrs	r5, r3
10001790:	6823      	ldr	r3, [r4, #0]
10001792:	2b00      	cmp	r3, #0
10001794:	db36      	blt.n	10001804 <pll_init+0xc4>
10001796:	4b28      	ldr	r3, [pc, #160]	@ (10001838 <pll_init+0xf8>)
10001798:	429c      	cmp	r4, r3
1000179a:	d044      	beq.n	10001826 <pll_init+0xe6>
1000179c:	220c      	movs	r2, #12
1000179e:	2301      	movs	r3, #1
100017a0:	4093      	lsls	r3, r2
100017a2:	4a26      	ldr	r2, [pc, #152]	@ (1000183c <pll_init+0xfc>)
100017a4:	6013      	str	r3, [r2, #0]
100017a6:	4a26      	ldr	r2, [pc, #152]	@ (10001840 <pll_init+0x100>)
100017a8:	6013      	str	r3, [r2, #0]
100017aa:	4a26      	ldr	r2, [pc, #152]	@ (10001844 <pll_init+0x104>)
100017ac:	6812      	ldr	r2, [r2, #0]
100017ae:	0019      	movs	r1, r3
100017b0:	4391      	bics	r1, r2
100017b2:	1e0a      	subs	r2, r1, #0
100017b4:	d1f9      	bne.n	100017aa <pll_init+0x6a>
100017b6:	6026      	str	r6, [r4, #0]
100017b8:	60a0      	str	r0, [r4, #8]
100017ba:	4b23      	ldr	r3, [pc, #140]	@ (10001848 <pll_init+0x108>)
100017bc:	18e3      	adds	r3, r4, r3
100017be:	3221      	adds	r2, #33	@ 0x21
100017c0:	601a      	str	r2, [r3, #0]
100017c2:	6822      	ldr	r2, [r4, #0]
100017c4:	2a00      	cmp	r2, #0
100017c6:	dafc      	bge.n	100017c2 <pll_init+0x82>
100017c8:	60e5      	str	r5, [r4, #12]
100017ca:	2208      	movs	r2, #8
100017cc:	601a      	str	r2, [r3, #0]
100017ce:	bc80      	pop	{r7}
100017d0:	46b8      	mov	r8, r7
100017d2:	bdf0      	pop	{r4, r5, r6, r7, pc}
100017d4:	4b1d      	ldr	r3, [pc, #116]	@ (1000184c <pll_init+0x10c>)
100017d6:	4a1e      	ldr	r2, [pc, #120]	@ (10001850 <pll_init+0x110>)
100017d8:	481e      	ldr	r0, [pc, #120]	@ (10001854 <pll_init+0x114>)
100017da:	2111      	movs	r1, #17
100017dc:	f002 fa2a 	bl	10003c34 <__assert_func>
100017e0:	4b1d      	ldr	r3, [pc, #116]	@ (10001858 <pll_init+0x118>)
100017e2:	4a1b      	ldr	r2, [pc, #108]	@ (10001850 <pll_init+0x110>)
100017e4:	481b      	ldr	r0, [pc, #108]	@ (10001854 <pll_init+0x114>)
100017e6:	2119      	movs	r1, #25
100017e8:	f002 fa24 	bl	10003c34 <__assert_func>
100017ec:	4b1b      	ldr	r3, [pc, #108]	@ (1000185c <pll_init+0x11c>)
100017ee:	4a18      	ldr	r2, [pc, #96]	@ (10001850 <pll_init+0x110>)
100017f0:	4818      	ldr	r0, [pc, #96]	@ (10001854 <pll_init+0x114>)
100017f2:	211c      	movs	r1, #28
100017f4:	f002 fa1e 	bl	10003c34 <__assert_func>
100017f8:	4b19      	ldr	r3, [pc, #100]	@ (10001860 <pll_init+0x120>)
100017fa:	4a15      	ldr	r2, [pc, #84]	@ (10001850 <pll_init+0x110>)
100017fc:	4815      	ldr	r0, [pc, #84]	@ (10001854 <pll_init+0x114>)
100017fe:	2123      	movs	r1, #35	@ 0x23
10001800:	f002 fa18 	bl	10003c34 <__assert_func>
10001804:	6822      	ldr	r2, [r4, #0]
10001806:	233f      	movs	r3, #63	@ 0x3f
10001808:	4013      	ands	r3, r2
1000180a:	42b3      	cmp	r3, r6
1000180c:	d1c3      	bne.n	10001796 <pll_init+0x56>
1000180e:	68a3      	ldr	r3, [r4, #8]
10001810:	051b      	lsls	r3, r3, #20
10001812:	0d1b      	lsrs	r3, r3, #20
10001814:	4283      	cmp	r3, r0
10001816:	d1be      	bne.n	10001796 <pll_init+0x56>
10001818:	68e3      	ldr	r3, [r4, #12]
1000181a:	22ee      	movs	r2, #238	@ 0xee
1000181c:	02d2      	lsls	r2, r2, #11
1000181e:	4013      	ands	r3, r2
10001820:	42ab      	cmp	r3, r5
10001822:	d1b8      	bne.n	10001796 <pll_init+0x56>
10001824:	e7d3      	b.n	100017ce <pll_init+0x8e>
10001826:	220d      	movs	r2, #13
10001828:	e7b9      	b.n	1000179e <pll_init+0x5e>
1000182a:	46c0      	nop			@ (mov r8, r8)
1000182c:	00b71b00 	.word	0x00b71b00
10001830:	d34be880 	.word	0xd34be880
10001834:	32a9f880 	.word	0x32a9f880
10001838:	4002c000 	.word	0x4002c000
1000183c:	4000e000 	.word	0x4000e000
10001840:	4000f000 	.word	0x4000f000
10001844:	4000c008 	.word	0x4000c008
10001848:	00003004 	.word	0x00003004
1000184c:	10007034 	.word	0x10007034
10001850:	100079a0 	.word	0x100079a0
10001854:	10007084 	.word	0x10007084
10001858:	100070cc 	.word	0x100070cc
1000185c:	100070e8 	.word	0x100070e8
10001860:	10007134 	.word	0x10007134

10001864 <watchdog_update>:
10001864:	4b02      	ldr	r3, [pc, #8]	@ (10001870 <watchdog_update+0xc>)
10001866:	681a      	ldr	r2, [r3, #0]
10001868:	4b02      	ldr	r3, [pc, #8]	@ (10001874 <watchdog_update+0x10>)
1000186a:	605a      	str	r2, [r3, #4]
1000186c:	4770      	bx	lr
1000186e:	46c0      	nop			@ (mov r8, r8)
10001870:	2000168c 	.word	0x2000168c
10001874:	40058000 	.word	0x40058000

10001878 <_watchdog_enable>:
10001878:	b510      	push	{r4, lr}
1000187a:	4b17      	ldr	r3, [pc, #92]	@ (100018d8 <_watchdog_enable+0x60>)
1000187c:	2280      	movs	r2, #128	@ 0x80
1000187e:	05d2      	lsls	r2, r2, #23
10001880:	601a      	str	r2, [r3, #0]
10001882:	4b16      	ldr	r3, [pc, #88]	@ (100018dc <_watchdog_enable+0x64>)
10001884:	4a16      	ldr	r2, [pc, #88]	@ (100018e0 <_watchdog_enable+0x68>)
10001886:	601a      	str	r2, [r3, #0]
10001888:	2900      	cmp	r1, #0
1000188a:	d00a      	beq.n	100018a2 <_watchdog_enable+0x2a>
1000188c:	4b15      	ldr	r3, [pc, #84]	@ (100018e4 <_watchdog_enable+0x6c>)
1000188e:	22e0      	movs	r2, #224	@ 0xe0
10001890:	04d2      	lsls	r2, r2, #19
10001892:	601a      	str	r2, [r3, #0]
10001894:	2800      	cmp	r0, #0
10001896:	d109      	bne.n	100018ac <_watchdog_enable+0x34>
10001898:	4b12      	ldr	r3, [pc, #72]	@ (100018e4 <_watchdog_enable+0x6c>)
1000189a:	2280      	movs	r2, #128	@ 0x80
1000189c:	0612      	lsls	r2, r2, #24
1000189e:	601a      	str	r2, [r3, #0]
100018a0:	bd10      	pop	{r4, pc}
100018a2:	4b0d      	ldr	r3, [pc, #52]	@ (100018d8 <_watchdog_enable+0x60>)
100018a4:	22e0      	movs	r2, #224	@ 0xe0
100018a6:	04d2      	lsls	r2, r2, #19
100018a8:	601a      	str	r2, [r3, #0]
100018aa:	e7f3      	b.n	10001894 <_watchdog_enable+0x1c>
100018ac:	0143      	lsls	r3, r0, #5
100018ae:	1a1b      	subs	r3, r3, r0
100018b0:	009b      	lsls	r3, r3, #2
100018b2:	1818      	adds	r0, r3, r0
100018b4:	0100      	lsls	r0, r0, #4
100018b6:	4b0c      	ldr	r3, [pc, #48]	@ (100018e8 <_watchdog_enable+0x70>)
100018b8:	6018      	str	r0, [r3, #0]
100018ba:	2380      	movs	r3, #128	@ 0x80
100018bc:	045b      	lsls	r3, r3, #17
100018be:	4298      	cmp	r0, r3
100018c0:	d302      	bcc.n	100018c8 <_watchdog_enable+0x50>
100018c2:	4b09      	ldr	r3, [pc, #36]	@ (100018e8 <_watchdog_enable+0x70>)
100018c4:	4a09      	ldr	r2, [pc, #36]	@ (100018ec <_watchdog_enable+0x74>)
100018c6:	601a      	str	r2, [r3, #0]
100018c8:	f7ff ffcc 	bl	10001864 <watchdog_update>
100018cc:	4b05      	ldr	r3, [pc, #20]	@ (100018e4 <_watchdog_enable+0x6c>)
100018ce:	2280      	movs	r2, #128	@ 0x80
100018d0:	05d2      	lsls	r2, r2, #23
100018d2:	601a      	str	r2, [r3, #0]
100018d4:	e7e4      	b.n	100018a0 <_watchdog_enable+0x28>
100018d6:	46c0      	nop			@ (mov r8, r8)
100018d8:	4005b000 	.word	0x4005b000
100018dc:	40012008 	.word	0x40012008
100018e0:	0001fffc 	.word	0x0001fffc
100018e4:	4005a000 	.word	0x4005a000
100018e8:	2000168c 	.word	0x2000168c
100018ec:	00ffffff 	.word	0x00ffffff

100018f0 <watchdog_reboot>:
100018f0:	b510      	push	{r4, lr}
100018f2:	0003      	movs	r3, r0
100018f4:	000c      	movs	r4, r1
100018f6:	0010      	movs	r0, r2
100018f8:	4a0b      	ldr	r2, [pc, #44]	@ (10001928 <watchdog_reboot+0x38>)
100018fa:	2180      	movs	r1, #128	@ 0x80
100018fc:	05c9      	lsls	r1, r1, #23
100018fe:	6011      	str	r1, [r2, #0]
10001900:	2b00      	cmp	r3, #0
10001902:	d00d      	beq.n	10001920 <watchdog_reboot+0x30>
10001904:	2201      	movs	r2, #1
10001906:	4313      	orrs	r3, r2
10001908:	4a08      	ldr	r2, [pc, #32]	@ (1000192c <watchdog_reboot+0x3c>)
1000190a:	4909      	ldr	r1, [pc, #36]	@ (10001930 <watchdog_reboot+0x40>)
1000190c:	61d1      	str	r1, [r2, #28]
1000190e:	4909      	ldr	r1, [pc, #36]	@ (10001934 <watchdog_reboot+0x44>)
10001910:	4059      	eors	r1, r3
10001912:	6211      	str	r1, [r2, #32]
10001914:	6254      	str	r4, [r2, #36]	@ 0x24
10001916:	6293      	str	r3, [r2, #40]	@ 0x28
10001918:	2100      	movs	r1, #0
1000191a:	f7ff ffad 	bl	10001878 <_watchdog_enable>
1000191e:	bd10      	pop	{r4, pc}
10001920:	4b02      	ldr	r3, [pc, #8]	@ (1000192c <watchdog_reboot+0x3c>)
10001922:	2200      	movs	r2, #0
10001924:	61da      	str	r2, [r3, #28]
10001926:	e7f7      	b.n	10001918 <watchdog_reboot+0x28>
10001928:	4005b000 	.word	0x4005b000
1000192c:	40058000 	.word	0x40058000
10001930:	b007c0d3 	.word	0xb007c0d3
10001934:	4ff83f2d 	.word	0x4ff83f2d

10001938 <tick_start>:
10001938:	2380      	movs	r3, #128	@ 0x80
1000193a:	009b      	lsls	r3, r3, #2
1000193c:	430b      	orrs	r3, r1
1000193e:	4a01      	ldr	r2, [pc, #4]	@ (10001944 <tick_start+0xc>)
10001940:	62d3      	str	r3, [r2, #44]	@ 0x2c
10001942:	4770      	bx	lr
10001944:	40058000 	.word	0x40058000

10001948 <rom_func_lookup>:
10001948:	b510      	push	{r4, lr}
1000194a:	0001      	movs	r1, r0
1000194c:	2318      	movs	r3, #24
1000194e:	881b      	ldrh	r3, [r3, #0]
10001950:	2214      	movs	r2, #20
10001952:	8810      	ldrh	r0, [r2, #0]
10001954:	4798      	blx	r3
10001956:	bd10      	pop	{r4, pc}

10001958 <rom_data_lookup>:
10001958:	b510      	push	{r4, lr}
1000195a:	0001      	movs	r1, r0
1000195c:	2318      	movs	r3, #24
1000195e:	881b      	ldrh	r3, [r3, #0]
10001960:	2216      	movs	r2, #22
10001962:	8810      	ldrh	r0, [r2, #0]
10001964:	4798      	blx	r3
10001966:	bd10      	pop	{r4, pc}

10001968 <rom_funcs_lookup>:
10001968:	b5f0      	push	{r4, r5, r6, r7, lr}
1000196a:	46c6      	mov	lr, r8
1000196c:	b500      	push	{lr}
1000196e:	0007      	movs	r7, r0
10001970:	000e      	movs	r6, r1
10001972:	2500      	movs	r5, #0
10001974:	2301      	movs	r3, #1
10001976:	4698      	mov	r8, r3
10001978:	e000      	b.n	1000197c <rom_funcs_lookup+0x14>
1000197a:	3501      	adds	r5, #1
1000197c:	42b5      	cmp	r5, r6
1000197e:	d20a      	bcs.n	10001996 <rom_funcs_lookup+0x2e>
10001980:	00ac      	lsls	r4, r5, #2
10001982:	193c      	adds	r4, r7, r4
10001984:	6820      	ldr	r0, [r4, #0]
10001986:	f7ff ffdf 	bl	10001948 <rom_func_lookup>
1000198a:	6020      	str	r0, [r4, #0]
1000198c:	2800      	cmp	r0, #0
1000198e:	d1f4      	bne.n	1000197a <rom_funcs_lookup+0x12>
10001990:	2300      	movs	r3, #0
10001992:	4698      	mov	r8, r3
10001994:	e7f1      	b.n	1000197a <rom_funcs_lookup+0x12>
10001996:	4640      	mov	r0, r8
10001998:	bc80      	pop	{r7}
1000199a:	46b8      	mov	r8, r7
1000199c:	bdf0      	pop	{r4, r5, r6, r7, pc}
	...

100019a0 <rom_reset_usb_boot_extra>:
100019a0:	b570      	push	{r4, r5, r6, lr}
100019a2:	0004      	movs	r4, r0
100019a4:	000d      	movs	r5, r1
100019a6:	4806      	ldr	r0, [pc, #24]	@ (100019c0 <rom_reset_usb_boot_extra+0x20>)
100019a8:	f7ff ffce 	bl	10001948 <rom_func_lookup>
100019ac:	0003      	movs	r3, r0
100019ae:	2c00      	cmp	r4, #0
100019b0:	db03      	blt.n	100019ba <rom_reset_usb_boot_extra+0x1a>
100019b2:	2001      	movs	r0, #1
100019b4:	40a0      	lsls	r0, r4
100019b6:	0029      	movs	r1, r5
100019b8:	4798      	blx	r3
100019ba:	2000      	movs	r0, #0
100019bc:	e7fb      	b.n	100019b6 <rom_reset_usb_boot_extra+0x16>
100019be:	46c0      	nop			@ (mov r8, r8)
100019c0:	00004255 	.word	0x00004255

100019c4 <xosc_init>:
100019c4:	4b07      	ldr	r3, [pc, #28]	@ (100019e4 <xosc_init+0x20>)
100019c6:	22aa      	movs	r2, #170	@ 0xaa
100019c8:	0112      	lsls	r2, r2, #4
100019ca:	601a      	str	r2, [r3, #0]
100019cc:	228d      	movs	r2, #141	@ 0x8d
100019ce:	0052      	lsls	r2, r2, #1
100019d0:	60da      	str	r2, [r3, #12]
100019d2:	4b05      	ldr	r3, [pc, #20]	@ (100019e8 <xosc_init+0x24>)
100019d4:	4a05      	ldr	r2, [pc, #20]	@ (100019ec <xosc_init+0x28>)
100019d6:	601a      	str	r2, [r3, #0]
100019d8:	4b02      	ldr	r3, [pc, #8]	@ (100019e4 <xosc_init+0x20>)
100019da:	685b      	ldr	r3, [r3, #4]
100019dc:	2b00      	cmp	r3, #0
100019de:	dafb      	bge.n	100019d8 <xosc_init+0x14>
100019e0:	4770      	bx	lr
100019e2:	46c0      	nop			@ (mov r8, r8)
100019e4:	40024000 	.word	0x40024000
100019e8:	40026000 	.word	0x40026000
100019ec:	00fab000 	.word	0x00fab000

100019f0 <runtime_run_initializers_from>:
100019f0:	b510      	push	{r4, lr}
100019f2:	0004      	movs	r4, r0
100019f4:	e001      	b.n	100019fa <runtime_run_initializers_from+0xa>
100019f6:	cc08      	ldmia	r4!, {r3}
100019f8:	4798      	blx	r3
100019fa:	4b02      	ldr	r3, [pc, #8]	@ (10001a04 <runtime_run_initializers_from+0x14>)
100019fc:	429c      	cmp	r4, r3
100019fe:	d3fa      	bcc.n	100019f6 <runtime_run_initializers_from+0x6>
10001a00:	bd10      	pop	{r4, pc}
10001a02:	46c0      	nop			@ (mov r8, r8)
10001a04:	10006b5c 	.word	0x10006b5c

10001a08 <first_per_core_initializer>:
10001a08:	4770      	bx	lr
	...

10001a0c <runtime_run_initializers>:
10001a0c:	b510      	push	{r4, lr}
10001a0e:	4802      	ldr	r0, [pc, #8]	@ (10001a18 <runtime_run_initializers+0xc>)
10001a10:	f7ff ffee 	bl	100019f0 <runtime_run_initializers_from>
10001a14:	bd10      	pop	{r4, pc}
10001a16:	46c0      	nop			@ (mov r8, r8)
10001a18:	10006b20 	.word	0x10006b20

10001a1c <runtime_init_early_resets>:
10001a1c:	4b05      	ldr	r3, [pc, #20]	@ (10001a34 <runtime_init_early_resets+0x18>)
10001a1e:	4a06      	ldr	r2, [pc, #24]	@ (10001a38 <runtime_init_early_resets+0x1c>)
10001a20:	601a      	str	r2, [r3, #0]
10001a22:	4b06      	ldr	r3, [pc, #24]	@ (10001a3c <runtime_init_early_resets+0x20>)
10001a24:	4a06      	ldr	r2, [pc, #24]	@ (10001a40 <runtime_init_early_resets+0x24>)
10001a26:	601a      	str	r2, [r3, #0]
10001a28:	4b06      	ldr	r3, [pc, #24]	@ (10001a44 <runtime_init_early_resets+0x28>)
10001a2a:	681a      	ldr	r2, [r3, #0]
10001a2c:	4b04      	ldr	r3, [pc, #16]	@ (10001a40 <runtime_init_early_resets+0x24>)
10001a2e:	4393      	bics	r3, r2
10001a30:	d1fa      	bne.n	10001a28 <runtime_init_early_resets+0xc>
10001a32:	4770      	bx	lr
10001a34:	4000e000 	.word	0x4000e000
10001a38:	fefbcdbf 	.word	0xfefbcdbf
10001a3c:	4000f000 	.word	0x4000f000
10001a40:	003c7ffe 	.word	0x003c7ffe
10001a44:	4000c008 	.word	0x4000c008

10001a48 <runtime_init_usb_power_down>:
10001a48:	4b04      	ldr	r3, [pc, #16]	@ (10001a5c <runtime_init_usb_power_down+0x14>)
10001a4a:	6cdb      	ldr	r3, [r3, #76]	@ 0x4c
10001a4c:	2b00      	cmp	r3, #0
10001a4e:	d103      	bne.n	10001a58 <runtime_init_usb_power_down+0x10>
10001a50:	4b03      	ldr	r3, [pc, #12]	@ (10001a60 <runtime_init_usb_power_down+0x18>)
10001a52:	2280      	movs	r2, #128	@ 0x80
10001a54:	02d2      	lsls	r2, r2, #11
10001a56:	601a      	str	r2, [r3, #0]
10001a58:	4770      	bx	lr
10001a5a:	46c0      	nop			@ (mov r8, r8)
10001a5c:	50110000 	.word	0x50110000
10001a60:	5011204c 	.word	0x5011204c

10001a64 <runtime_init_post_clock_resets>:
10001a64:	4b04      	ldr	r3, [pc, #16]	@ (10001a78 <runtime_init_post_clock_resets+0x14>)
10001a66:	4a05      	ldr	r2, [pc, #20]	@ (10001a7c <runtime_init_post_clock_resets+0x18>)
10001a68:	601a      	str	r2, [r3, #0]
10001a6a:	4b05      	ldr	r3, [pc, #20]	@ (10001a80 <runtime_init_post_clock_resets+0x1c>)
10001a6c:	681b      	ldr	r3, [r3, #0]
10001a6e:	43db      	mvns	r3, r3
10001a70:	01db      	lsls	r3, r3, #7
10001a72:	d1fa      	bne.n	10001a6a <runtime_init_post_clock_resets+0x6>
10001a74:	4770      	bx	lr
10001a76:	46c0      	nop			@ (mov r8, r8)
10001a78:	4000f000 	.word	0x4000f000
10001a7c:	01ffffff 	.word	0x01ffffff
10001a80:	4000c008 	.word	0x4000c008

10001a84 <runtime_init_rp2040_gpio_ie_disable>:
10001a84:	4b03      	ldr	r3, [pc, #12]	@ (10001a94 <runtime_init_rp2040_gpio_ie_disable+0x10>)
10001a86:	2240      	movs	r2, #64	@ 0x40
10001a88:	679a      	str	r2, [r3, #120]	@ 0x78
10001a8a:	675a      	str	r2, [r3, #116]	@ 0x74
10001a8c:	671a      	str	r2, [r3, #112]	@ 0x70
10001a8e:	66da      	str	r2, [r3, #108]	@ 0x6c
10001a90:	4770      	bx	lr
10001a92:	46c0      	nop			@ (mov r8, r8)
10001a94:	4001f000 	.word	0x4001f000

10001a98 <runtime_init_spin_locks_reset>:
10001a98:	b510      	push	{r4, lr}
10001a9a:	f7fe feaf 	bl	100007fc <spin_locks_reset>
10001a9e:	bd10      	pop	{r4, pc}

10001aa0 <runtime_init_install_ram_vector_table>:
10001aa0:	b510      	push	{r4, lr}
10001aa2:	4c0c      	ldr	r4, [pc, #48]	@ (10001ad4 <runtime_init_install_ram_vector_table+0x34>)
10001aa4:	4b0c      	ldr	r3, [pc, #48]	@ (10001ad8 <runtime_init_install_ram_vector_table+0x38>)
10001aa6:	1ae4      	subs	r4, r4, r3
10001aa8:	08a4      	lsrs	r4, r4, #2
10001aaa:	0022      	movs	r2, r4
10001aac:	2c30      	cmp	r4, #48	@ 0x30
10001aae:	d900      	bls.n	10001ab2 <runtime_init_install_ram_vector_table+0x12>
10001ab0:	2230      	movs	r2, #48	@ 0x30
10001ab2:	0092      	lsls	r2, r2, #2
10001ab4:	4809      	ldr	r0, [pc, #36]	@ (10001adc <runtime_init_install_ram_vector_table+0x3c>)
10001ab6:	4908      	ldr	r1, [pc, #32]	@ (10001ad8 <runtime_init_install_ram_vector_table+0x38>)
10001ab8:	f000 ffbc 	bl	10002a34 <__wrap___aeabi_memcpy>
10001abc:	e004      	b.n	10001ac8 <runtime_init_install_ram_vector_table+0x28>
10001abe:	4a08      	ldr	r2, [pc, #32]	@ (10001ae0 <runtime_init_install_ram_vector_table+0x40>)
10001ac0:	4b06      	ldr	r3, [pc, #24]	@ (10001adc <runtime_init_install_ram_vector_table+0x3c>)
10001ac2:	00a1      	lsls	r1, r4, #2
10001ac4:	50ca      	str	r2, [r1, r3]
10001ac6:	3401      	adds	r4, #1
10001ac8:	2c2f      	cmp	r4, #47	@ 0x2f
10001aca:	d9f8      	bls.n	10001abe <runtime_init_install_ram_vector_table+0x1e>
10001acc:	4b03      	ldr	r3, [pc, #12]	@ (10001adc <runtime_init_install_ram_vector_table+0x3c>)
10001ace:	4a05      	ldr	r2, [pc, #20]	@ (10001ae4 <runtime_init_install_ram_vector_table+0x44>)
10001ad0:	6093      	str	r3, [r2, #8]
10001ad2:	bd10      	pop	{r4, pc}
10001ad4:	100001c0 	.word	0x100001c0
10001ad8:	10000100 	.word	0x10000100
10001adc:	20000000 	.word	0x20000000
10001ae0:	100001c1 	.word	0x100001c1
10001ae4:	e000ed00 	.word	0xe000ed00

10001ae8 <start_all_ticks>:
10001ae8:	b570      	push	{r4, r5, r6, lr}
10001aea:	2004      	movs	r0, #4
10001aec:	f7ff fe22 	bl	10001734 <clock_get_hz>
10001af0:	4906      	ldr	r1, [pc, #24]	@ (10001b0c <start_all_ticks+0x24>)
10001af2:	f000 f8a3 	bl	10001c3c <__wrap___aeabi_uidiv>
10001af6:	0005      	movs	r5, r0
10001af8:	2400      	movs	r4, #0
10001afa:	2c00      	cmp	r4, #0
10001afc:	dd00      	ble.n	10001b00 <start_all_ticks+0x18>
10001afe:	bd70      	pop	{r4, r5, r6, pc}
10001b00:	b2e0      	uxtb	r0, r4
10001b02:	0029      	movs	r1, r5
10001b04:	f7ff ff18 	bl	10001938 <tick_start>
10001b08:	3401      	adds	r4, #1
10001b0a:	e7f6      	b.n	10001afa <start_all_ticks+0x12>
10001b0c:	000f4240 	.word	0x000f4240

10001b10 <runtime_init_clocks>:
10001b10:	b530      	push	{r4, r5, lr}
10001b12:	b083      	sub	sp, #12
10001b14:	4b27      	ldr	r3, [pc, #156]	@ (10001bb4 <runtime_init_clocks+0xa4>)
10001b16:	2200      	movs	r2, #0
10001b18:	679a      	str	r2, [r3, #120]	@ 0x78
10001b1a:	f7ff ff53 	bl	100019c4 <xosc_init>
10001b1e:	4b26      	ldr	r3, [pc, #152]	@ (10001bb8 <runtime_init_clocks+0xa8>)
10001b20:	2201      	movs	r2, #1
10001b22:	601a      	str	r2, [r3, #0]
10001b24:	4b23      	ldr	r3, [pc, #140]	@ (10001bb4 <runtime_init_clocks+0xa4>)
10001b26:	6c5b      	ldr	r3, [r3, #68]	@ 0x44
10001b28:	2b01      	cmp	r3, #1
10001b2a:	d1fb      	bne.n	10001b24 <runtime_init_clocks+0x14>
10001b2c:	4b23      	ldr	r3, [pc, #140]	@ (10001bbc <runtime_init_clocks+0xac>)
10001b2e:	2203      	movs	r2, #3
10001b30:	601a      	str	r2, [r3, #0]
10001b32:	4b20      	ldr	r3, [pc, #128]	@ (10001bb4 <runtime_init_clocks+0xa4>)
10001b34:	6b9b      	ldr	r3, [r3, #56]	@ 0x38
10001b36:	2b01      	cmp	r3, #1
10001b38:	d1fb      	bne.n	10001b32 <runtime_init_clocks+0x22>
10001b3a:	3301      	adds	r3, #1
10001b3c:	9300      	str	r3, [sp, #0]
10001b3e:	3304      	adds	r3, #4
10001b40:	4a1f      	ldr	r2, [pc, #124]	@ (10001bc0 <runtime_init_clocks+0xb0>)
10001b42:	2101      	movs	r1, #1
10001b44:	481f      	ldr	r0, [pc, #124]	@ (10001bc4 <runtime_init_clocks+0xb4>)
10001b46:	f7ff fdfb 	bl	10001740 <pll_init>
10001b4a:	2305      	movs	r3, #5
10001b4c:	9300      	str	r3, [sp, #0]
10001b4e:	4a1e      	ldr	r2, [pc, #120]	@ (10001bc8 <runtime_init_clocks+0xb8>)
10001b50:	2101      	movs	r1, #1
10001b52:	481e      	ldr	r0, [pc, #120]	@ (10001bcc <runtime_init_clocks+0xbc>)
10001b54:	f7ff fdf4 	bl	10001740 <pll_init>
10001b58:	4b1d      	ldr	r3, [pc, #116]	@ (10001bd0 <runtime_init_clocks+0xc0>)
10001b5a:	2200      	movs	r2, #0
10001b5c:	2102      	movs	r1, #2
10001b5e:	2004      	movs	r0, #4
10001b60:	f7ff fdde 	bl	10001720 <clock_configure_undivided>
10001b64:	4d1b      	ldr	r5, [pc, #108]	@ (10001bd4 <runtime_init_clocks+0xc4>)
10001b66:	002b      	movs	r3, r5
10001b68:	2200      	movs	r2, #0
10001b6a:	2101      	movs	r1, #1
10001b6c:	2005      	movs	r0, #5
10001b6e:	f7ff fdd7 	bl	10001720 <clock_configure_undivided>
10001b72:	4c19      	ldr	r4, [pc, #100]	@ (10001bd8 <runtime_init_clocks+0xc8>)
10001b74:	0023      	movs	r3, r4
10001b76:	2200      	movs	r2, #0
10001b78:	2100      	movs	r1, #0
10001b7a:	2007      	movs	r0, #7
10001b7c:	f7ff fdd0 	bl	10001720 <clock_configure_undivided>
10001b80:	0023      	movs	r3, r4
10001b82:	2200      	movs	r2, #0
10001b84:	2100      	movs	r1, #0
10001b86:	2008      	movs	r0, #8
10001b88:	f7ff fdca 	bl	10001720 <clock_configure_undivided>
10001b8c:	2380      	movs	r3, #128	@ 0x80
10001b8e:	00db      	lsls	r3, r3, #3
10001b90:	9300      	str	r3, [sp, #0]
10001b92:	0023      	movs	r3, r4
10001b94:	2200      	movs	r2, #0
10001b96:	2100      	movs	r1, #0
10001b98:	2009      	movs	r0, #9
10001b9a:	f7ff fdad 	bl	100016f8 <clock_configure_int_divider>
10001b9e:	002b      	movs	r3, r5
10001ba0:	2200      	movs	r2, #0
10001ba2:	2100      	movs	r1, #0
10001ba4:	2006      	movs	r0, #6
10001ba6:	f7ff fdbb 	bl	10001720 <clock_configure_undivided>
10001baa:	f7ff ff9d 	bl	10001ae8 <start_all_ticks>
10001bae:	b003      	add	sp, #12
10001bb0:	bd30      	pop	{r4, r5, pc}
10001bb2:	46c0      	nop			@ (mov r8, r8)
10001bb4:	40008000 	.word	0x40008000
10001bb8:	4000b03c 	.word	0x4000b03c
10001bbc:	4000b030 	.word	0x4000b030
10001bc0:	59682f00 	.word	0x59682f00
10001bc4:	40028000 	.word	0x40028000
10001bc8:	47868c00 	.word	0x47868c00
10001bcc:	4002c000 	.word	0x4002c000
10001bd0:	00b71b00 	.word	0x00b71b00
10001bd4:	07735940 	.word	0x07735940
10001bd8:	02dc6c00 	.word	0x02dc6c00

10001bdc <__aeabi_bits_init>:
10001bdc:	4801      	ldr	r0, [pc, #4]	@ (10001be4 <__aeabi_bits_init+0x8>)
10001bde:	2104      	movs	r1, #4
10001be0:	4b01      	ldr	r3, [pc, #4]	@ (10001be8 <__aeabi_bits_init+0xc>)
10001be2:	4718      	bx	r3
10001be4:	20000c60 	.word	0x20000c60
10001be8:	10001969 	.word	0x10001969

10001bec <__wrap___aeabi_idiv>:
10001bec:	4a12      	ldr	r2, [pc, #72]	@ (10001c38 <divmod_s32s32_savestate+0x18>)
10001bee:	6f93      	ldr	r3, [r2, #120]	@ 0x78
10001bf0:	089b      	lsrs	r3, r3, #2
10001bf2:	d215      	bcs.n	10001c20 <divmod_s32s32_savestate>

10001bf4 <divmod_s32s32_core>:
10001bf4:	6690      	str	r0, [r2, #104]	@ 0x68
10001bf6:	66d1      	str	r1, [r2, #108]	@ 0x6c
10001bf8:	2900      	cmp	r1, #0
10001bfa:	d005      	beq.n	10001c08 <divmod_s32s32_core+0x14>
10001bfc:	e7ff      	b.n	10001bfe <divmod_s32s32_core+0xa>
10001bfe:	e7ff      	b.n	10001c00 <divmod_s32s32_core+0xc>
10001c00:	e7ff      	b.n	10001c02 <divmod_s32s32_core+0xe>
10001c02:	6f51      	ldr	r1, [r2, #116]	@ 0x74
10001c04:	6f10      	ldr	r0, [r2, #112]	@ 0x70
10001c06:	4770      	bx	lr
10001c08:	b504      	push	{r2, lr}
10001c0a:	2180      	movs	r1, #128	@ 0x80
10001c0c:	0609      	lsls	r1, r1, #24
10001c0e:	17c2      	asrs	r2, r0, #31
10001c10:	4051      	eors	r1, r2
10001c12:	2800      	cmp	r0, #0
10001c14:	d000      	beq.n	10001c18 <divmod_s32s32_core+0x24>
10001c16:	43c8      	mvns	r0, r1
10001c18:	f004 ff2a 	bl	10006a70 <____aeabi_idiv0_veneer>
10001c1c:	2100      	movs	r1, #0
10001c1e:	bd04      	pop	{r2, pc}

10001c20 <divmod_s32s32_savestate>:
10001c20:	b5f0      	push	{r4, r5, r6, r7, lr}
10001c22:	6e14      	ldr	r4, [r2, #96]	@ 0x60
10001c24:	6e55      	ldr	r5, [r2, #100]	@ 0x64
10001c26:	6f57      	ldr	r7, [r2, #116]	@ 0x74
10001c28:	6f16      	ldr	r6, [r2, #112]	@ 0x70
10001c2a:	f7ff ffe3 	bl	10001bf4 <divmod_s32s32_core>
10001c2e:	6614      	str	r4, [r2, #96]	@ 0x60
10001c30:	6655      	str	r5, [r2, #100]	@ 0x64
10001c32:	6757      	str	r7, [r2, #116]	@ 0x74
10001c34:	6716      	str	r6, [r2, #112]	@ 0x70
10001c36:	bdf0      	pop	{r4, r5, r6, r7, pc}
10001c38:	d0000000 	.word	0xd0000000

10001c3c <__wrap___aeabi_uidiv>:
10001c3c:	4a11      	ldr	r2, [pc, #68]	@ (10001c84 <divmod_u32u32_savestate+0x18>)
10001c3e:	6f93      	ldr	r3, [r2, #120]	@ 0x78
10001c40:	089b      	lsrs	r3, r3, #2
10001c42:	d213      	bcs.n	10001c6c <divmod_u32u32_savestate>

10001c44 <divmod_u32u32_core>:
10001c44:	6610      	str	r0, [r2, #96]	@ 0x60
10001c46:	6651      	str	r1, [r2, #100]	@ 0x64
10001c48:	2900      	cmp	r1, #0
10001c4a:	d005      	beq.n	10001c58 <divmod_u32u32_core+0x14>
10001c4c:	e7ff      	b.n	10001c4e <divmod_u32u32_core+0xa>
10001c4e:	e7ff      	b.n	10001c50 <divmod_u32u32_core+0xc>
10001c50:	e7ff      	b.n	10001c52 <divmod_u32u32_core+0xe>
10001c52:	6f51      	ldr	r1, [r2, #116]	@ 0x74
10001c54:	6f10      	ldr	r0, [r2, #112]	@ 0x70
10001c56:	4770      	bx	lr
10001c58:	b504      	push	{r2, lr}
10001c5a:	2800      	cmp	r0, #0
10001c5c:	d001      	beq.n	10001c62 <divmod_u32u32_core+0x1e>
10001c5e:	2000      	movs	r0, #0
10001c60:	43c0      	mvns	r0, r0
10001c62:	f004 ff05 	bl	10006a70 <____aeabi_idiv0_veneer>
10001c66:	2100      	movs	r1, #0
10001c68:	bd04      	pop	{r2, pc}
10001c6a:	46c0      	nop			@ (mov r8, r8)

10001c6c <divmod_u32u32_savestate>:
10001c6c:	b5f0      	push	{r4, r5, r6, r7, lr}
10001c6e:	6e14      	ldr	r4, [r2, #96]	@ 0x60
10001c70:	6e55      	ldr	r5, [r2, #100]	@ 0x64
10001c72:	6f57      	ldr	r7, [r2, #116]	@ 0x74
10001c74:	6f16      	ldr	r6, [r2, #112]	@ 0x70
10001c76:	f7ff ffe5 	bl	10001c44 <divmod_u32u32_core>
10001c7a:	6614      	str	r4, [r2, #96]	@ 0x60
10001c7c:	6655      	str	r5, [r2, #100]	@ 0x64
10001c7e:	6757      	str	r7, [r2, #116]	@ 0x74
10001c80:	6716      	str	r6, [r2, #112]	@ 0x70
10001c82:	bdf0      	pop	{r4, r5, r6, r7, pc}
10001c84:	d0000000 	.word	0xd0000000

10001c88 <__wrap___aeabi_ldivmod>:
10001c88:	4694      	mov	ip, r2
10001c8a:	4a4a      	ldr	r2, [pc, #296]	@ (10001db4 <udiv0+0x1a>)
10001c8c:	6f92      	ldr	r2, [r2, #120]	@ 0x78
10001c8e:	0892      	lsrs	r2, r2, #2
10001c90:	4662      	mov	r2, ip
10001c92:	d201      	bcs.n	10001c98 <divmod_s64s64_savestate>
10001c94:	e028      	b.n	10001ce8 <divmod_s64s64_unsafe>
10001c96:	46c0      	nop			@ (mov r8, r8)

10001c98 <divmod_s64s64_savestate>:
10001c98:	b5f0      	push	{r4, r5, r6, r7, lr}
10001c9a:	4e46      	ldr	r6, [pc, #280]	@ (10001db4 <udiv0+0x1a>)
10001c9c:	6e34      	ldr	r4, [r6, #96]	@ 0x60
10001c9e:	6e75      	ldr	r5, [r6, #100]	@ 0x64
10001ca0:	6f77      	ldr	r7, [r6, #116]	@ 0x74
10001ca2:	6f36      	ldr	r6, [r6, #112]	@ 0x70
10001ca4:	f000 f820 	bl	10001ce8 <divmod_s64s64_unsafe>
10001ca8:	4694      	mov	ip, r2
10001caa:	4a42      	ldr	r2, [pc, #264]	@ (10001db4 <udiv0+0x1a>)
10001cac:	6614      	str	r4, [r2, #96]	@ 0x60
10001cae:	6655      	str	r5, [r2, #100]	@ 0x64
10001cb0:	6757      	str	r7, [r2, #116]	@ 0x74
10001cb2:	6716      	str	r6, [r2, #112]	@ 0x70
10001cb4:	4662      	mov	r2, ip
10001cb6:	bdf0      	pop	{r4, r5, r6, r7, pc}

10001cb8 <__wrap___aeabi_uldivmod>:
10001cb8:	4694      	mov	ip, r2
10001cba:	4a3e      	ldr	r2, [pc, #248]	@ (10001db4 <udiv0+0x1a>)
10001cbc:	6f92      	ldr	r2, [r2, #120]	@ 0x78
10001cbe:	0892      	lsrs	r2, r2, #2
10001cc0:	4662      	mov	r2, ip
10001cc2:	d201      	bcs.n	10001cc8 <divmod_u64u64_savestate>
10001cc4:	e054      	b.n	10001d70 <divmod_u64u64_unsafe>
10001cc6:	46c0      	nop			@ (mov r8, r8)

10001cc8 <divmod_u64u64_savestate>:
10001cc8:	b5f0      	push	{r4, r5, r6, r7, lr}
10001cca:	4e3a      	ldr	r6, [pc, #232]	@ (10001db4 <udiv0+0x1a>)
10001ccc:	6e34      	ldr	r4, [r6, #96]	@ 0x60
10001cce:	6e75      	ldr	r5, [r6, #100]	@ 0x64
10001cd0:	6f77      	ldr	r7, [r6, #116]	@ 0x74
10001cd2:	6f36      	ldr	r6, [r6, #112]	@ 0x70
10001cd4:	f000 f84c 	bl	10001d70 <divmod_u64u64_unsafe>
10001cd8:	4694      	mov	ip, r2
10001cda:	4a36      	ldr	r2, [pc, #216]	@ (10001db4 <udiv0+0x1a>)
10001cdc:	6614      	str	r4, [r2, #96]	@ 0x60
10001cde:	6655      	str	r5, [r2, #100]	@ 0x64
10001ce0:	6757      	str	r7, [r2, #116]	@ 0x74
10001ce2:	6716      	str	r6, [r2, #112]	@ 0x70
10001ce4:	4662      	mov	r2, ip
10001ce6:	bdf0      	pop	{r4, r5, r6, r7, pc}

10001ce8 <divmod_s64s64_unsafe>:
10001ce8:	2b00      	cmp	r3, #0
10001cea:	db24      	blt.n	10001d36 <l46_1+0x26>
10001cec:	d011      	beq.n	10001d12 <l46_1+0x2>
10001cee:	2900      	cmp	r1, #0
10001cf0:	da3e      	bge.n	10001d70 <divmod_u64u64_unsafe>
10001cf2:	b500      	push	{lr}
10001cf4:	43c9      	mvns	r1, r1
10001cf6:	4240      	negs	r0, r0
10001cf8:	d100      	bne.n	10001cfc <l44_1>
10001cfa:	3101      	adds	r1, #1

10001cfc <l44_1>:
10001cfc:	f000 f838 	bl	10001d70 <divmod_u64u64_unsafe>
10001d00:	43c9      	mvns	r1, r1
10001d02:	4240      	negs	r0, r0
10001d04:	d100      	bne.n	10001d08 <l45_1>
10001d06:	3101      	adds	r1, #1

10001d08 <l45_1>:
10001d08:	43db      	mvns	r3, r3
10001d0a:	4252      	negs	r2, r2
10001d0c:	d100      	bne.n	10001d10 <l46_1>
10001d0e:	3301      	adds	r3, #1

10001d10 <l46_1>:
10001d10:	bd00      	pop	{pc}
10001d12:	2a00      	cmp	r2, #0
10001d14:	d1eb      	bne.n	10001cee <divmod_s64s64_unsafe+0x6>
10001d16:	2800      	cmp	r0, #0
10001d18:	d101      	bne.n	10001d1e <l46_1+0xe>
10001d1a:	2900      	cmp	r1, #0
10001d1c:	d005      	beq.n	10001d2a <l46_1+0x1a>
10001d1e:	2000      	movs	r0, #0
10001d20:	0fc9      	lsrs	r1, r1, #31
10001d22:	07c9      	lsls	r1, r1, #31
10001d24:	d101      	bne.n	10001d2a <l46_1+0x1a>
10001d26:	43c0      	mvns	r0, r0
10001d28:	0841      	lsrs	r1, r0, #1
10001d2a:	b500      	push	{lr}
10001d2c:	f004 fee0 	bl	10006af0 <____aeabi_ldiv0_veneer>
10001d30:	2200      	movs	r2, #0
10001d32:	2300      	movs	r3, #0
10001d34:	bd00      	pop	{pc}
10001d36:	b500      	push	{lr}
10001d38:	2900      	cmp	r1, #0
10001d3a:	db0a      	blt.n	10001d52 <l48_1+0x2>
10001d3c:	43db      	mvns	r3, r3
10001d3e:	4252      	negs	r2, r2
10001d40:	d100      	bne.n	10001d44 <l47_1>
10001d42:	3301      	adds	r3, #1

10001d44 <l47_1>:
10001d44:	f000 f814 	bl	10001d70 <divmod_u64u64_unsafe>
10001d48:	43c9      	mvns	r1, r1
10001d4a:	4240      	negs	r0, r0
10001d4c:	d100      	bne.n	10001d50 <l48_1>
10001d4e:	3101      	adds	r1, #1

10001d50 <l48_1>:
10001d50:	bd00      	pop	{pc}
10001d52:	43c9      	mvns	r1, r1
10001d54:	4240      	negs	r0, r0
10001d56:	d100      	bne.n	10001d5a <l49_1>
10001d58:	3101      	adds	r1, #1

10001d5a <l49_1>:
10001d5a:	43db      	mvns	r3, r3
10001d5c:	4252      	negs	r2, r2
10001d5e:	d100      	bne.n	10001d62 <l50_1>
10001d60:	3301      	adds	r3, #1

10001d62 <l50_1>:
10001d62:	f000 f805 	bl	10001d70 <divmod_u64u64_unsafe>
10001d66:	43db      	mvns	r3, r3
10001d68:	4252      	negs	r2, r2
10001d6a:	d100      	bne.n	10001d6e <l51_1>
10001d6c:	3301      	adds	r3, #1

10001d6e <l51_1>:
10001d6e:	bd00      	pop	{pc}

10001d70 <divmod_u64u64_unsafe>:
10001d70:	2900      	cmp	r1, #0
10001d72:	d123      	bne.n	10001dbc <y64>
10001d74:	2b00      	cmp	r3, #0
10001d76:	d118      	bne.n	10001daa <udiv0+0x10>
10001d78:	2a00      	cmp	r2, #0
10001d7a:	d00c      	beq.n	10001d96 <divmod_u64u64_unsafe+0x26>
10001d7c:	46bc      	mov	ip, r7
10001d7e:	4f0d      	ldr	r7, [pc, #52]	@ (10001db4 <udiv0+0x1a>)
10001d80:	6638      	str	r0, [r7, #96]	@ 0x60
10001d82:	667a      	str	r2, [r7, #100]	@ 0x64
10001d84:	2100      	movs	r1, #0
10001d86:	2300      	movs	r3, #0
10001d88:	e7ff      	b.n	10001d8a <divmod_u64u64_unsafe+0x1a>
10001d8a:	e7ff      	b.n	10001d8c <divmod_u64u64_unsafe+0x1c>
10001d8c:	e7ff      	b.n	10001d8e <divmod_u64u64_unsafe+0x1e>
10001d8e:	6f7a      	ldr	r2, [r7, #116]	@ 0x74
10001d90:	6f38      	ldr	r0, [r7, #112]	@ 0x70
10001d92:	4667      	mov	r7, ip
10001d94:	4770      	bx	lr
10001d96:	2800      	cmp	r0, #0
10001d98:	d001      	beq.n	10001d9e <udiv0+0x4>

10001d9a <udiv0>:
10001d9a:	4807      	ldr	r0, [pc, #28]	@ (10001db8 <udiv0+0x1e>)
10001d9c:	0001      	movs	r1, r0
10001d9e:	b500      	push	{lr}
10001da0:	f004 fea6 	bl	10006af0 <____aeabi_ldiv0_veneer>
10001da4:	2200      	movs	r2, #0
10001da6:	2300      	movs	r3, #0
10001da8:	bd00      	pop	{pc}
10001daa:	0002      	movs	r2, r0
10001dac:	000b      	movs	r3, r1
10001dae:	2000      	movs	r0, #0
10001db0:	2100      	movs	r1, #0
10001db2:	4770      	bx	lr
10001db4:	d0000000 	.word	0xd0000000
10001db8:	ffffffff 	.word	0xffffffff

10001dbc <y64>:
10001dbc:	2b00      	cmp	r3, #0
10001dbe:	d000      	beq.n	10001dc2 <y64+0x6>
10001dc0:	e0bf      	b.n	10001f42 <y64_x48>
10001dc2:	0c13      	lsrs	r3, r2, #16
10001dc4:	d128      	bne.n	10001e18 <y64_x32>
10001dc6:	2a00      	cmp	r2, #0
10001dc8:	d0e7      	beq.n	10001d9a <udiv0>
10001dca:	b480      	push	{r7}
10001dcc:	4f11      	ldr	r7, [pc, #68]	@ (10001e14 <y64+0x58>)
10001dce:	6639      	str	r1, [r7, #96]	@ 0x60
10001dd0:	667a      	str	r2, [r7, #100]	@ 0x64
10001dd2:	e7ff      	b.n	10001dd4 <y64+0x18>
10001dd4:	e7ff      	b.n	10001dd6 <y64+0x1a>
10001dd6:	b430      	push	{r4, r5}
10001dd8:	0c04      	lsrs	r4, r0, #16
10001dda:	6f7b      	ldr	r3, [r7, #116]	@ 0x74
10001ddc:	6f39      	ldr	r1, [r7, #112]	@ 0x70
10001dde:	041b      	lsls	r3, r3, #16
10001de0:	4323      	orrs	r3, r4
10001de2:	663b      	str	r3, [r7, #96]	@ 0x60
10001de4:	667a      	str	r2, [r7, #100]	@ 0x64
10001de6:	e7ff      	b.n	10001de8 <y64+0x2c>
10001de8:	e7ff      	b.n	10001dea <y64+0x2e>
10001dea:	e7ff      	b.n	10001dec <y64+0x30>
10001dec:	46c0      	nop			@ (mov r8, r8)
10001dee:	b284      	uxth	r4, r0
10001df0:	6f7b      	ldr	r3, [r7, #116]	@ 0x74
10001df2:	6f3d      	ldr	r5, [r7, #112]	@ 0x70
10001df4:	041b      	lsls	r3, r3, #16
10001df6:	4323      	orrs	r3, r4
10001df8:	663b      	str	r3, [r7, #96]	@ 0x60
10001dfa:	667a      	str	r2, [r7, #100]	@ 0x64
10001dfc:	e7ff      	b.n	10001dfe <y64+0x42>
10001dfe:	e7ff      	b.n	10001e00 <y64+0x44>
10001e00:	46c0      	nop			@ (mov r8, r8)
10001e02:	2300      	movs	r3, #0
10001e04:	042c      	lsls	r4, r5, #16
10001e06:	0c2d      	lsrs	r5, r5, #16
10001e08:	6f7a      	ldr	r2, [r7, #116]	@ 0x74
10001e0a:	6f38      	ldr	r0, [r7, #112]	@ 0x70
10001e0c:	1900      	adds	r0, r0, r4
10001e0e:	4169      	adcs	r1, r5
10001e10:	bcb0      	pop	{r4, r5, r7}
10001e12:	4770      	bx	lr
10001e14:	d0000000 	.word	0xd0000000

10001e18 <y64_x32>:
10001e18:	b5f0      	push	{r4, r5, r6, r7, lr}
10001e1a:	4694      	mov	ip, r2
10001e1c:	2500      	movs	r5, #0
10001e1e:	0e14      	lsrs	r4, r2, #24
10001e20:	d101      	bne.n	10001e26 <y64_x32+0xe>
10001e22:	0212      	lsls	r2, r2, #8
10001e24:	3508      	adds	r5, #8
10001e26:	0f14      	lsrs	r4, r2, #28
10001e28:	d101      	bne.n	10001e2e <y64_x32+0x16>
10001e2a:	0112      	lsls	r2, r2, #4
10001e2c:	3504      	adds	r5, #4
10001e2e:	0f94      	lsrs	r4, r2, #30
10001e30:	d101      	bne.n	10001e36 <y64_x32+0x1e>
10001e32:	0092      	lsls	r2, r2, #2
10001e34:	3502      	adds	r5, #2
10001e36:	0fd4      	lsrs	r4, r2, #31
10001e38:	d101      	bne.n	10001e3e <y64_x32+0x26>
10001e3a:	0052      	lsls	r2, r2, #1
10001e3c:	3501      	adds	r5, #1
10001e3e:	0bd4      	lsrs	r4, r2, #15
10001e40:	3401      	adds	r4, #1
10001e42:	4f25      	ldr	r7, [pc, #148]	@ (10001ed8 <y64_x32+0xc0>)
10001e44:	667c      	str	r4, [r7, #100]	@ 0x64
10001e46:	4c25      	ldr	r4, [pc, #148]	@ (10001edc <y64_x32+0xc4>)
10001e48:	663c      	str	r4, [r7, #96]	@ 0x60
10001e4a:	0c0e      	lsrs	r6, r1, #16
10001e4c:	b293      	uxth	r3, r2
10001e4e:	e7ff      	b.n	10001e50 <y64_x32+0x38>
10001e50:	e7ff      	b.n	10001e52 <y64_x32+0x3a>
10001e52:	e7ff      	b.n	10001e54 <y64_x32+0x3c>
10001e54:	6f3c      	ldr	r4, [r7, #112]	@ 0x70
10001e56:	4366      	muls	r6, r4
10001e58:	0c36      	lsrs	r6, r6, #16
10001e5a:	0377      	lsls	r7, r6, #13
10001e5c:	46be      	mov	lr, r7
10001e5e:	4373      	muls	r3, r6
10001e60:	0bdf      	lsrs	r7, r3, #15
10001e62:	045b      	lsls	r3, r3, #17
10001e64:	1ac0      	subs	r0, r0, r3
10001e66:	41b9      	sbcs	r1, r7
10001e68:	0c13      	lsrs	r3, r2, #16
10001e6a:	4373      	muls	r3, r6
10001e6c:	18db      	adds	r3, r3, r3
10001e6e:	1ac9      	subs	r1, r1, r3
10001e70:	08ce      	lsrs	r6, r1, #3
10001e72:	4366      	muls	r6, r4
10001e74:	0c36      	lsrs	r6, r6, #16
10001e76:	44b6      	add	lr, r6
10001e78:	b293      	uxth	r3, r2
10001e7a:	4373      	muls	r3, r6
10001e7c:	0f1f      	lsrs	r7, r3, #28
10001e7e:	011b      	lsls	r3, r3, #4
10001e80:	1ac0      	subs	r0, r0, r3
10001e82:	41b9      	sbcs	r1, r7
10001e84:	0c13      	lsrs	r3, r2, #16
10001e86:	4373      	muls	r3, r6
10001e88:	0b1f      	lsrs	r7, r3, #12
10001e8a:	051b      	lsls	r3, r3, #20
10001e8c:	1ac0      	subs	r0, r0, r3
10001e8e:	41b9      	sbcs	r1, r7
10001e90:	0d86      	lsrs	r6, r0, #22
10001e92:	028f      	lsls	r7, r1, #10
10001e94:	433e      	orrs	r6, r7
10001e96:	4366      	muls	r6, r4
10001e98:	0c36      	lsrs	r6, r6, #16
10001e9a:	2d09      	cmp	r5, #9
10001e9c:	db24      	blt.n	10001ee8 <last0>
10001e9e:	0a52      	lsrs	r2, r2, #9
10001ea0:	4372      	muls	r2, r6
10001ea2:	1a80      	subs	r0, r0, r2
10001ea4:	0377      	lsls	r7, r6, #13
10001ea6:	0a46      	lsrs	r6, r0, #9
10001ea8:	4366      	muls	r6, r4
10001eaa:	0c36      	lsrs	r6, r6, #16
10001eac:	2316      	movs	r3, #22
10001eae:	1b5b      	subs	r3, r3, r5
10001eb0:	40de      	lsrs	r6, r3
10001eb2:	40df      	lsrs	r7, r3
10001eb4:	19bf      	adds	r7, r7, r6
10001eb6:	4664      	mov	r4, ip
10001eb8:	4366      	muls	r6, r4
10001eba:	1b82      	subs	r2, r0, r6
10001ebc:	4670      	mov	r0, lr
10001ebe:	3504      	adds	r5, #4
10001ec0:	3306      	adds	r3, #6
10001ec2:	0001      	movs	r1, r0
10001ec4:	40d9      	lsrs	r1, r3
10001ec6:	40a8      	lsls	r0, r5
10001ec8:	19c0      	adds	r0, r0, r7
10001eca:	d300      	bcc.n	10001ece <y64_x32+0xb6>
10001ecc:	3101      	adds	r1, #1
10001ece:	42a2      	cmp	r2, r4
10001ed0:	d206      	bcs.n	10001ee0 <y64_x32+0xc8>
10001ed2:	2300      	movs	r3, #0
10001ed4:	bdf0      	pop	{r4, r5, r6, r7, pc}
10001ed6:	0000      	.short	0x0000
10001ed8:	d0000000 	.word	0xd0000000
10001edc:	ffffffff 	.word	0xffffffff
10001ee0:	1b12      	subs	r2, r2, r4
10001ee2:	3001      	adds	r0, #1
10001ee4:	d3f3      	bcc.n	10001ece <y64_x32+0xb6>
10001ee6:	e7f1      	b.n	10001ecc <y64_x32+0xb4>

10001ee8 <last0>:
10001ee8:	2709      	movs	r7, #9
10001eea:	1b7f      	subs	r7, r7, r5
10001eec:	40fe      	lsrs	r6, r7
10001eee:	4664      	mov	r4, ip
10001ef0:	b2a2      	uxth	r2, r4
10001ef2:	4372      	muls	r2, r6
10001ef4:	1a80      	subs	r0, r0, r2
10001ef6:	d200      	bcs.n	10001efa <last0+0x12>
10001ef8:	3901      	subs	r1, #1
10001efa:	0c22      	lsrs	r2, r4, #16
10001efc:	4372      	muls	r2, r6
10001efe:	0c13      	lsrs	r3, r2, #16
10001f00:	0412      	lsls	r2, r2, #16
10001f02:	1a82      	subs	r2, r0, r2
10001f04:	4199      	sbcs	r1, r3
10001f06:	000b      	movs	r3, r1
10001f08:	4670      	mov	r0, lr
10001f0a:	3504      	adds	r5, #4
10001f0c:	3713      	adds	r7, #19
10001f0e:	0001      	movs	r1, r0
10001f10:	40f9      	lsrs	r1, r7
10001f12:	40a8      	lsls	r0, r5
10001f14:	1980      	adds	r0, r0, r6
10001f16:	d300      	bcc.n	10001f1a <last0+0x32>
10001f18:	3101      	adds	r1, #1
10001f1a:	2b00      	cmp	r3, #0
10001f1c:	d102      	bne.n	10001f24 <last0+0x3c>
10001f1e:	42a2      	cmp	r2, r4
10001f20:	d20a      	bcs.n	10001f38 <last0+0x50>
10001f22:	bdf0      	pop	{r4, r5, r6, r7, pc}
10001f24:	3001      	adds	r0, #1
10001f26:	d300      	bcc.n	10001f2a <last0+0x42>
10001f28:	3101      	adds	r1, #1
10001f2a:	1b12      	subs	r2, r2, r4
10001f2c:	d2fa      	bcs.n	10001f24 <last0+0x3c>
10001f2e:	3b01      	subs	r3, #1
10001f30:	d1f8      	bne.n	10001f24 <last0+0x3c>
10001f32:	42a2      	cmp	r2, r4
10001f34:	d200      	bcs.n	10001f38 <last0+0x50>
10001f36:	bdf0      	pop	{r4, r5, r6, r7, pc}
10001f38:	3001      	adds	r0, #1
10001f3a:	d300      	bcc.n	10001f3e <last0+0x56>
10001f3c:	3101      	adds	r1, #1
10001f3e:	1b12      	subs	r2, r2, r4
10001f40:	e7f7      	b.n	10001f32 <last0+0x4a>

10001f42 <y64_x48>:
10001f42:	b5f0      	push	{r4, r5, r6, r7, lr}
10001f44:	0c1c      	lsrs	r4, r3, #16
10001f46:	d000      	beq.n	10001f4a <y64_x48+0x8>
10001f48:	e080      	b.n	1000204c <y64_x64>
10001f4a:	b40c      	push	{r2, r3}
10001f4c:	2500      	movs	r5, #0
10001f4e:	0a1c      	lsrs	r4, r3, #8
10001f50:	d104      	bne.n	10001f5c <y64_x48+0x1a>
10001f52:	021b      	lsls	r3, r3, #8
10001f54:	0e16      	lsrs	r6, r2, #24
10001f56:	4333      	orrs	r3, r6
10001f58:	0212      	lsls	r2, r2, #8
10001f5a:	3508      	adds	r5, #8
10001f5c:	0b1c      	lsrs	r4, r3, #12
10001f5e:	d104      	bne.n	10001f6a <y64_x48+0x28>
10001f60:	011b      	lsls	r3, r3, #4
10001f62:	0f16      	lsrs	r6, r2, #28
10001f64:	4333      	orrs	r3, r6
10001f66:	0112      	lsls	r2, r2, #4
10001f68:	3504      	adds	r5, #4
10001f6a:	0b9c      	lsrs	r4, r3, #14
10001f6c:	d104      	bne.n	10001f78 <y64_x48+0x36>
10001f6e:	009b      	lsls	r3, r3, #2
10001f70:	0f96      	lsrs	r6, r2, #30
10001f72:	4333      	orrs	r3, r6
10001f74:	0092      	lsls	r2, r2, #2
10001f76:	3502      	adds	r5, #2
10001f78:	0bdc      	lsrs	r4, r3, #15
10001f7a:	d102      	bne.n	10001f82 <y64_x48+0x40>
10001f7c:	1892      	adds	r2, r2, r2
10001f7e:	415b      	adcs	r3, r3
10001f80:	3501      	adds	r5, #1
10001f82:	001c      	movs	r4, r3
10001f84:	1897      	adds	r7, r2, r2
10001f86:	4164      	adcs	r4, r4
10001f88:	3401      	adds	r4, #1
10001f8a:	4f46      	ldr	r7, [pc, #280]	@ (100020a4 <y64_x64+0x58>)
10001f8c:	667c      	str	r4, [r7, #100]	@ 0x64
10001f8e:	4c46      	ldr	r4, [pc, #280]	@ (100020a8 <y64_x64+0x5c>)
10001f90:	663c      	str	r4, [r7, #96]	@ 0x60
10001f92:	0c0e      	lsrs	r6, r1, #16
10001f94:	e7ff      	b.n	10001f96 <y64_x48+0x54>
10001f96:	e7ff      	b.n	10001f98 <y64_x48+0x56>
10001f98:	e7ff      	b.n	10001f9a <y64_x48+0x58>
10001f9a:	46c0      	nop			@ (mov r8, r8)
10001f9c:	6f3c      	ldr	r4, [r7, #112]	@ 0x70
10001f9e:	4366      	muls	r6, r4
10001fa0:	0c36      	lsrs	r6, r6, #16
10001fa2:	0377      	lsls	r7, r6, #13
10001fa4:	46be      	mov	lr, r7
10001fa6:	b297      	uxth	r7, r2
10001fa8:	4377      	muls	r7, r6
10001faa:	1bc0      	subs	r0, r0, r7
10001fac:	d200      	bcs.n	10001fb0 <y64_x48+0x6e>
10001fae:	3901      	subs	r1, #1
10001fb0:	1bc0      	subs	r0, r0, r7
10001fb2:	d200      	bcs.n	10001fb6 <y64_x48+0x74>
10001fb4:	3901      	subs	r1, #1
10001fb6:	b29f      	uxth	r7, r3
10001fb8:	4377      	muls	r7, r6
10001fba:	1bc9      	subs	r1, r1, r7
10001fbc:	1bc9      	subs	r1, r1, r7
10001fbe:	0c17      	lsrs	r7, r2, #16
10001fc0:	4377      	muls	r7, r6
10001fc2:	047e      	lsls	r6, r7, #17
10001fc4:	0bff      	lsrs	r7, r7, #15
10001fc6:	1b80      	subs	r0, r0, r6
10001fc8:	41b9      	sbcs	r1, r7
10001fca:	08ce      	lsrs	r6, r1, #3
10001fcc:	4366      	muls	r6, r4
10001fce:	0c36      	lsrs	r6, r6, #16
10001fd0:	2d0c      	cmp	r5, #12
10001fd2:	db33      	blt.n	1000203c <last1>
10001fd4:	44b6      	add	lr, r6
10001fd6:	0b12      	lsrs	r2, r2, #12
10001fd8:	051f      	lsls	r7, r3, #20
10001fda:	433a      	orrs	r2, r7
10001fdc:	0b1b      	lsrs	r3, r3, #12
10001fde:	b297      	uxth	r7, r2
10001fe0:	4377      	muls	r7, r6
10001fe2:	1bc0      	subs	r0, r0, r7
10001fe4:	d200      	bcs.n	10001fe8 <y64_x48+0xa6>
10001fe6:	3901      	subs	r1, #1
10001fe8:	b29f      	uxth	r7, r3
10001fea:	4377      	muls	r7, r6
10001fec:	1bc9      	subs	r1, r1, r7
10001fee:	0c17      	lsrs	r7, r2, #16
10001ff0:	4377      	muls	r7, r6
10001ff2:	043e      	lsls	r6, r7, #16
10001ff4:	0c3f      	lsrs	r7, r7, #16
10001ff6:	1b80      	subs	r0, r0, r6
10001ff8:	41b9      	sbcs	r1, r7
10001ffa:	0d86      	lsrs	r6, r0, #22
10001ffc:	028f      	lsls	r7, r1, #10
10001ffe:	433e      	orrs	r6, r7
10002000:	4366      	muls	r6, r4
10002002:	2729      	movs	r7, #41	@ 0x29
10002004:	1b7f      	subs	r7, r7, r5
10002006:	40fe      	lsrs	r6, r7
10002008:	3d0c      	subs	r5, #12
1000200a:	4677      	mov	r7, lr
1000200c:	40af      	lsls	r7, r5
1000200e:	19bf      	adds	r7, r7, r6
10002010:	bc30      	pop	{r4, r5}
10002012:	b2a2      	uxth	r2, r4
10002014:	b2ab      	uxth	r3, r5
10002016:	4372      	muls	r2, r6
10002018:	4373      	muls	r3, r6
1000201a:	1a80      	subs	r0, r0, r2
1000201c:	4199      	sbcs	r1, r3
1000201e:	0c22      	lsrs	r2, r4, #16
10002020:	4372      	muls	r2, r6
10002022:	0c13      	lsrs	r3, r2, #16
10002024:	0412      	lsls	r2, r2, #16
10002026:	1a80      	subs	r0, r0, r2
10002028:	4199      	sbcs	r1, r3
1000202a:	0002      	movs	r2, r0
1000202c:	000b      	movs	r3, r1
1000202e:	3701      	adds	r7, #1
10002030:	1b00      	subs	r0, r0, r4
10002032:	41a9      	sbcs	r1, r5
10002034:	d2f9      	bcs.n	1000202a <y64_x48+0xe8>
10002036:	1e78      	subs	r0, r7, #1
10002038:	2100      	movs	r1, #0
1000203a:	bdf0      	pop	{r4, r5, r6, r7, pc}

1000203c <last1>:
1000203c:	270c      	movs	r7, #12
1000203e:	1b7f      	subs	r7, r7, r5
10002040:	40fe      	lsrs	r6, r7
10002042:	4677      	mov	r7, lr
10002044:	0b7f      	lsrs	r7, r7, #13
10002046:	40af      	lsls	r7, r5
10002048:	19ff      	adds	r7, r7, r7
1000204a:	e7e0      	b.n	1000200e <y64_x48+0xcc>

1000204c <y64_x64>:
1000204c:	2400      	movs	r4, #0
1000204e:	1c5d      	adds	r5, r3, #1
10002050:	d007      	beq.n	10002062 <y64_x64+0x16>
10002052:	4f14      	ldr	r7, [pc, #80]	@ (100020a4 <y64_x64+0x58>)
10002054:	667d      	str	r5, [r7, #100]	@ 0x64
10002056:	6639      	str	r1, [r7, #96]	@ 0x60
10002058:	e7ff      	b.n	1000205a <y64_x64+0xe>
1000205a:	e7ff      	b.n	1000205c <y64_x64+0x10>
1000205c:	e7ff      	b.n	1000205e <y64_x64+0x12>
1000205e:	e7ff      	b.n	10002060 <y64_x64+0x14>
10002060:	6f3c      	ldr	r4, [r7, #112]	@ 0x70
10002062:	b295      	uxth	r5, r2
10002064:	b29e      	uxth	r6, r3
10002066:	4365      	muls	r5, r4
10002068:	4366      	muls	r6, r4
1000206a:	1b40      	subs	r0, r0, r5
1000206c:	41b1      	sbcs	r1, r6
1000206e:	0c15      	lsrs	r5, r2, #16
10002070:	0c1e      	lsrs	r6, r3, #16
10002072:	4365      	muls	r5, r4
10002074:	4366      	muls	r6, r4
10002076:	0436      	lsls	r6, r6, #16
10002078:	0c2f      	lsrs	r7, r5, #16
1000207a:	433e      	orrs	r6, r7
1000207c:	042d      	lsls	r5, r5, #16
1000207e:	1b40      	subs	r0, r0, r5
10002080:	41b1      	sbcs	r1, r6
10002082:	4299      	cmp	r1, r3
10002084:	d204      	bcs.n	10002090 <y64_x64+0x44>
10002086:	0002      	movs	r2, r0
10002088:	000b      	movs	r3, r1
1000208a:	0020      	movs	r0, r4
1000208c:	2100      	movs	r1, #0
1000208e:	bdf0      	pop	{r4, r5, r6, r7, pc}
10002090:	d101      	bne.n	10002096 <y64_x64+0x4a>
10002092:	4290      	cmp	r0, r2
10002094:	d3f7      	bcc.n	10002086 <y64_x64+0x3a>
10002096:	1a80      	subs	r0, r0, r2
10002098:	4199      	sbcs	r1, r3
1000209a:	3401      	adds	r4, #1
1000209c:	4299      	cmp	r1, r3
1000209e:	d3f2      	bcc.n	10002086 <y64_x64+0x3a>
100020a0:	e7f6      	b.n	10002090 <y64_x64+0x44>
100020a2:	0000      	.short	0x0000
100020a4:	d0000000 	.word	0xd0000000
100020a8:	ffffffff 	.word	0xffffffff

100020ac <__wrap___aeabi_drsub>:
100020ac:	4048      	eors	r0, r1
100020ae:	4041      	eors	r1, r0
100020b0:	4048      	eors	r0, r1

100020b2 <__wrap___aeabi_dsub>:
100020b2:	b418      	push	{r3, r4}
100020b4:	4b1b      	ldr	r3, [pc, #108]	@ (10002124 <__wrap___aeabi_dmul+0x12>)
100020b6:	685b      	ldr	r3, [r3, #4]
100020b8:	46fc      	mov	ip, pc
100020ba:	9301      	str	r3, [sp, #4]
100020bc:	bd08      	pop	{r3, pc}
100020be:	df04      	.short	0xdf04
100020c0:	10002387 	.word	0x10002387

100020c4 <__wrap___aeabi_dadd>:
100020c4:	b418      	push	{r3, r4}
100020c6:	4b17      	ldr	r3, [pc, #92]	@ (10002124 <__wrap___aeabi_dmul+0x12>)
100020c8:	681b      	ldr	r3, [r3, #0]
100020ca:	46fc      	mov	ip, pc
100020cc:	9301      	str	r3, [sp, #4]
100020ce:	bd08      	pop	{r3, pc}
100020d0:	2391df00 	.word	0x2391df00
100020d4:	1000      	.short	0x1000

100020d6 <__wrap___aeabi_ddiv>:
100020d6:	4694      	mov	ip, r2
100020d8:	4a13      	ldr	r2, [pc, #76]	@ (10002128 <__wrap___aeabi_dmul+0x16>)
100020da:	6f92      	ldr	r2, [r2, #120]	@ 0x78
100020dc:	0892      	lsrs	r2, r2, #2
100020de:	d209      	bcs.n	100020f4 <ddiv_save_state>
100020e0:	4662      	mov	r2, ip

100020e2 <ddiv_shim_call>:
100020e2:	b418      	push	{r3, r4}
100020e4:	4b0f      	ldr	r3, [pc, #60]	@ (10002124 <__wrap___aeabi_dmul+0x12>)
100020e6:	68db      	ldr	r3, [r3, #12]
100020e8:	46fc      	mov	ip, pc
100020ea:	9301      	str	r3, [sp, #4]
100020ec:	bd08      	pop	{r3, pc}
100020ee:	df0c      	.short	0xdf0c
100020f0:	10002649 	.word	0x10002649

100020f4 <ddiv_save_state>:
100020f4:	4a0c      	ldr	r2, [pc, #48]	@ (10002128 <__wrap___aeabi_dmul+0x16>)
100020f6:	b5f0      	push	{r4, r5, r6, r7, lr}
100020f8:	6e14      	ldr	r4, [r2, #96]	@ 0x60
100020fa:	6e55      	ldr	r5, [r2, #100]	@ 0x64
100020fc:	6f57      	ldr	r7, [r2, #116]	@ 0x74
100020fe:	6f16      	ldr	r6, [r2, #112]	@ 0x70
10002100:	4662      	mov	r2, ip
10002102:	f7ff ffee 	bl	100020e2 <ddiv_shim_call>
10002106:	4a08      	ldr	r2, [pc, #32]	@ (10002128 <__wrap___aeabi_dmul+0x16>)
10002108:	6614      	str	r4, [r2, #96]	@ 0x60
1000210a:	6655      	str	r5, [r2, #100]	@ 0x64
1000210c:	6757      	str	r7, [r2, #116]	@ 0x74
1000210e:	6716      	str	r6, [r2, #112]	@ 0x70
10002110:	bdf0      	pop	{r4, r5, r6, r7, pc}

10002112 <__wrap___aeabi_dmul>:
10002112:	b418      	push	{r3, r4}
10002114:	4b03      	ldr	r3, [pc, #12]	@ (10002124 <__wrap___aeabi_dmul+0x12>)
10002116:	689b      	ldr	r3, [r3, #8]
10002118:	46fc      	mov	ip, pc
1000211a:	9301      	str	r3, [sp, #4]
1000211c:	bd08      	pop	{r3, pc}
1000211e:	df08      	.short	0xdf08
10002120:	100024ed 	.word	0x100024ed
10002124:	200016b4 	.word	0x200016b4
10002128:	d0000000 	.word	0xd0000000

1000212c <__wrap___aeabi_cdrcmple>:
1000212c:	b5ff      	push	{r0, r1, r2, r3, r4, r5, r6, r7, lr}
1000212e:	4050      	eors	r0, r2
10002130:	4042      	eors	r2, r0
10002132:	4050      	eors	r0, r2
10002134:	4059      	eors	r1, r3
10002136:	404b      	eors	r3, r1
10002138:	4059      	eors	r1, r3
1000213a:	e000      	b.n	1000213e <__aeabi_dfcmple_guts>

1000213c <__wrap___aeabi_cdcmpeq>:
1000213c:	b5ff      	push	{r0, r1, r2, r3, r4, r5, r6, r7, lr}

1000213e <__aeabi_dfcmple_guts>:
1000213e:	4f15      	ldr	r7, [pc, #84]	@ (10002194 <__aeabi_dfcmple_guts+0x56>)
10002140:	004c      	lsls	r4, r1, #1
10002142:	0d64      	lsrs	r4, r4, #21
10002144:	d003      	beq.n	1000214e <__aeabi_dfcmple_guts+0x10>
10002146:	42bc      	cmp	r4, r7
10002148:	d104      	bne.n	10002154 <__aeabi_dfcmple_guts+0x16>
1000214a:	030c      	lsls	r4, r1, #12
1000214c:	d814      	bhi.n	10002178 <__aeabi_dfcmple_guts+0x3a>
1000214e:	2000      	movs	r0, #0
10002150:	0d09      	lsrs	r1, r1, #20
10002152:	0509      	lsls	r1, r1, #20
10002154:	005c      	lsls	r4, r3, #1
10002156:	0d64      	lsrs	r4, r4, #21
10002158:	d003      	beq.n	10002162 <__aeabi_dfcmple_guts+0x24>
1000215a:	42bc      	cmp	r4, r7
1000215c:	d104      	bne.n	10002168 <__aeabi_dfcmple_guts+0x2a>
1000215e:	031c      	lsls	r4, r3, #12
10002160:	d80a      	bhi.n	10002178 <__aeabi_dfcmple_guts+0x3a>
10002162:	2200      	movs	r2, #0
10002164:	0d1b      	lsrs	r3, r3, #20
10002166:	051b      	lsls	r3, r3, #20
10002168:	2601      	movs	r6, #1
1000216a:	404b      	eors	r3, r1
1000216c:	d409      	bmi.n	10002182 <__aeabi_dfcmple_guts+0x44>
1000216e:	404b      	eors	r3, r1
10002170:	d503      	bpl.n	1000217a <__aeabi_dfcmple_guts+0x3c>
10002172:	428b      	cmp	r3, r1
10002174:	d100      	bne.n	10002178 <__aeabi_dfcmple_guts+0x3a>
10002176:	4282      	cmp	r2, r0
10002178:	bdff      	pop	{r0, r1, r2, r3, r4, r5, r6, r7, pc}
1000217a:	4299      	cmp	r1, r3
1000217c:	d1fc      	bne.n	10002178 <__aeabi_dfcmple_guts+0x3a>
1000217e:	4290      	cmp	r0, r2
10002180:	bdff      	pop	{r0, r1, r2, r3, r4, r5, r6, r7, pc}
10002182:	430b      	orrs	r3, r1
10002184:	18db      	adds	r3, r3, r3
10002186:	4303      	orrs	r3, r0
10002188:	4313      	orrs	r3, r2
1000218a:	d0f5      	beq.n	10002178 <__aeabi_dfcmple_guts+0x3a>
1000218c:	43c9      	mvns	r1, r1
1000218e:	1849      	adds	r1, r1, r1
10002190:	bdff      	pop	{r0, r1, r2, r3, r4, r5, r6, r7, pc}
10002192:	0000      	.short	0x0000
10002194:	000007ff 	.word	0x000007ff

10002198 <__wrap___aeabi_dcmplt>:
10002198:	b500      	push	{lr}
1000219a:	f7ff ffcf 	bl	1000213c <__wrap___aeabi_cdcmpeq>
1000219e:	4180      	sbcs	r0, r0
100021a0:	bd00      	pop	{pc}
100021a2:	46c0      	nop			@ (mov r8, r8)

100021a4 <__wrap___aeabi_dcmple>:
100021a4:	b500      	push	{lr}
100021a6:	f7ff ffc9 	bl	1000213c <__wrap___aeabi_cdcmpeq>
100021aa:	d901      	bls.n	100021b0 <__wrap___aeabi_dcmple+0xc>
100021ac:	2000      	movs	r0, #0
100021ae:	bd00      	pop	{pc}
100021b0:	2001      	movs	r0, #1
100021b2:	bd00      	pop	{pc}

100021b4 <__wrap___aeabi_dcmpge>:
100021b4:	b500      	push	{lr}
100021b6:	f7ff ffb9 	bl	1000212c <__wrap___aeabi_cdrcmple>
100021ba:	d901      	bls.n	100021c0 <__wrap___aeabi_dcmpge+0xc>
100021bc:	2000      	movs	r0, #0
100021be:	bd00      	pop	{pc}
100021c0:	2001      	movs	r0, #1
100021c2:	bd00      	pop	{pc}

100021c4 <__wrap___aeabi_dcmpgt>:
100021c4:	b500      	push	{lr}
100021c6:	f7ff ffb1 	bl	1000212c <__wrap___aeabi_cdrcmple>
100021ca:	4180      	sbcs	r0, r0
100021cc:	bd00      	pop	{pc}

100021ce <__wrap___aeabi_dcmpun>:
100021ce:	2001      	movs	r0, #1
100021d0:	0540      	lsls	r0, r0, #21
100021d2:	004a      	lsls	r2, r1, #1
100021d4:	1812      	adds	r2, r2, r0
100021d6:	d804      	bhi.n	100021e2 <__wrap___aeabi_dcmpun+0x14>
100021d8:	005a      	lsls	r2, r3, #1
100021da:	1812      	adds	r2, r2, r0
100021dc:	d801      	bhi.n	100021e2 <__wrap___aeabi_dcmpun+0x14>
100021de:	2000      	movs	r0, #0
100021e0:	4770      	bx	lr
100021e2:	2001      	movs	r0, #1
100021e4:	4770      	bx	lr
	...

100021e8 <__wrap___aeabi_ui2d>:
100021e8:	2100      	movs	r1, #0
100021ea:	2800      	cmp	r0, #0
100021ec:	d105      	bne.n	100021fa <__wrap___aeabi_i2d+0xa>
100021ee:	4770      	bx	lr

100021f0 <__wrap___aeabi_i2d>:
100021f0:	17c1      	asrs	r1, r0, #31
100021f2:	4048      	eors	r0, r1
100021f4:	1a40      	subs	r0, r0, r1
100021f6:	d0fa      	beq.n	100021ee <__wrap___aeabi_ui2d+0x6>
100021f8:	07c9      	lsls	r1, r1, #31
100021fa:	b513      	push	{r0, r1, r4, lr}
100021fc:	4b06      	ldr	r3, [pc, #24]	@ (10002218 <__wrap___aeabi_i2d+0x28>)
100021fe:	681b      	ldr	r3, [r3, #0]
10002200:	4798      	blx	r3
10002202:	bc0c      	pop	{r2, r3}
10002204:	1c44      	adds	r4, r0, #1
10002206:	40a2      	lsls	r2, r4
10002208:	0510      	lsls	r0, r2, #20
1000220a:	0b12      	lsrs	r2, r2, #12
1000220c:	4903      	ldr	r1, [pc, #12]	@ (1000221c <__wrap___aeabi_i2d+0x2c>)
1000220e:	1b09      	subs	r1, r1, r4
10002210:	0509      	lsls	r1, r1, #20
10002212:	4319      	orrs	r1, r3
10002214:	4311      	orrs	r1, r2
10002216:	bd10      	pop	{r4, pc}
10002218:	200017b4 	.word	0x200017b4
1000221c:	0000041f 	.word	0x0000041f

10002220 <__wrap___aeabi_d2iz>:
10002220:	b510      	push	{r4, lr}
10002222:	004c      	lsls	r4, r1, #1
10002224:	0d62      	lsrs	r2, r4, #21
10002226:	2380      	movs	r3, #128	@ 0x80
10002228:	18d2      	adds	r2, r2, r3
1000222a:	00db      	lsls	r3, r3, #3
1000222c:	1ad2      	subs	r2, r2, r3
1000222e:	055b      	lsls	r3, r3, #21
10002230:	2a7e      	cmp	r2, #126	@ 0x7e
10002232:	dd10      	ble.n	10002256 <__wrap___aeabi_d2iz+0x36>
10002234:	3a9e      	subs	r2, #158	@ 0x9e
10002236:	da13      	bge.n	10002260 <__wrap___aeabi_d2iz+0x40>
10002238:	17cc      	asrs	r4, r1, #31
1000223a:	0309      	lsls	r1, r1, #12
1000223c:	0849      	lsrs	r1, r1, #1
1000223e:	4319      	orrs	r1, r3
10002240:	4252      	negs	r2, r2
10002242:	40d1      	lsrs	r1, r2
10002244:	0064      	lsls	r4, r4, #1
10002246:	3401      	adds	r4, #1
10002248:	3215      	adds	r2, #21
1000224a:	2a20      	cmp	r2, #32
1000224c:	da05      	bge.n	1000225a <__wrap___aeabi_d2iz+0x3a>
1000224e:	40d0      	lsrs	r0, r2
10002250:	4308      	orrs	r0, r1
10002252:	4360      	muls	r0, r4
10002254:	bd10      	pop	{r4, pc}
10002256:	2000      	movs	r0, #0
10002258:	bd10      	pop	{r4, pc}
1000225a:	4608      	mov	r0, r1
1000225c:	4360      	muls	r0, r4
1000225e:	bd10      	pop	{r4, pc}
10002260:	0fc8      	lsrs	r0, r1, #31
10002262:	18c0      	adds	r0, r0, r3
10002264:	3801      	subs	r0, #1
10002266:	bd10      	pop	{r4, pc}

10002268 <__wrap___aeabi_d2uiz>:
10002268:	b418      	push	{r3, r4}
1000226a:	4b04      	ldr	r3, [pc, #16]	@ (1000227c <__wrap___aeabi_d2uiz+0x14>)
1000226c:	6a5b      	ldr	r3, [r3, #36]	@ 0x24
1000226e:	46fc      	mov	ip, pc
10002270:	9301      	str	r3, [sp, #4]
10002272:	bd08      	pop	{r3, pc}
10002274:	27f9df24 	.word	0x27f9df24
10002278:	00001000 	.word	0x00001000
1000227c:	200016b4 	.word	0x200016b4

10002280 <__aeabi_double_init>:
10002280:	b570      	push	{r4, r5, r6, lr}
10002282:	2313      	movs	r3, #19
10002284:	781c      	ldrb	r4, [r3, #0]
10002286:	2c01      	cmp	r4, #1
10002288:	d012      	beq.n	100022b0 <__aeabi_double_init+0x30>
1000228a:	2c01      	cmp	r4, #1
1000228c:	dc12      	bgt.n	100022b4 <__aeabi_double_init+0x34>
1000228e:	4b21      	ldr	r3, [pc, #132]	@ (10002314 <__aeabi_double_init+0x94>)
10002290:	4a21      	ldr	r2, [pc, #132]	@ (10002318 <__aeabi_double_init+0x98>)
10002292:	6493      	str	r3, [r2, #72]	@ 0x48
10002294:	4821      	ldr	r0, [pc, #132]	@ (1000231c <__aeabi_double_init+0x9c>)
10002296:	f7ff fb57 	bl	10001948 <rom_func_lookup>
1000229a:	4b21      	ldr	r3, [pc, #132]	@ (10002320 <__aeabi_double_init+0xa0>)
1000229c:	6018      	str	r0, [r3, #0]
1000229e:	bd70      	pop	{r4, r5, r6, pc}
100022a0:	491c      	ldr	r1, [pc, #112]	@ (10002314 <__aeabi_double_init+0x94>)
100022a2:	4a1d      	ldr	r2, [pc, #116]	@ (10002318 <__aeabi_double_init+0x98>)
100022a4:	0098      	lsls	r0, r3, #2
100022a6:	5081      	str	r1, [r0, r2]
100022a8:	3301      	adds	r3, #1
100022aa:	2b1f      	cmp	r3, #31
100022ac:	d9f8      	bls.n	100022a0 <__aeabi_double_init+0x20>
100022ae:	e7ec      	b.n	1000228a <__aeabi_double_init+0xa>
100022b0:	2300      	movs	r3, #0
100022b2:	e7fa      	b.n	100022aa <__aeabi_double_init+0x2a>
100022b4:	481b      	ldr	r0, [pc, #108]	@ (10002324 <__aeabi_double_init+0xa4>)
100022b6:	f7ff fb4f 	bl	10001958 <rom_data_lookup>
100022ba:	0005      	movs	r5, r0
100022bc:	481a      	ldr	r0, [pc, #104]	@ (10002328 <__aeabi_double_init+0xa8>)
100022be:	f7ff fb4b 	bl	10001958 <rom_data_lookup>
100022c2:	3802      	subs	r0, #2
100022c4:	7803      	ldrb	r3, [r0, #0]
100022c6:	009b      	lsls	r3, r3, #2
100022c8:	2b7f      	cmp	r3, #127	@ 0x7f
100022ca:	dd09      	ble.n	100022e0 <__aeabi_double_init+0x60>
100022cc:	4812      	ldr	r0, [pc, #72]	@ (10002318 <__aeabi_double_init+0x98>)
100022ce:	2280      	movs	r2, #128	@ 0x80
100022d0:	0029      	movs	r1, r5
100022d2:	f000 fbaf 	bl	10002a34 <__wrap___aeabi_memcpy>
100022d6:	2c02      	cmp	r4, #2
100022d8:	d008      	beq.n	100022ec <__aeabi_double_init+0x6c>
100022da:	2c02      	cmp	r4, #2
100022dc:	dcda      	bgt.n	10002294 <__aeabi_double_init+0x14>
100022de:	e7d6      	b.n	1000228e <__aeabi_double_init+0xe>
100022e0:	4b12      	ldr	r3, [pc, #72]	@ (1000232c <__aeabi_double_init+0xac>)
100022e2:	4a13      	ldr	r2, [pc, #76]	@ (10002330 <__aeabi_double_init+0xb0>)
100022e4:	4813      	ldr	r0, [pc, #76]	@ (10002334 <__aeabi_double_init+0xb4>)
100022e6:	2134      	movs	r1, #52	@ 0x34
100022e8:	f001 fca4 	bl	10003c34 <__assert_func>
100022ec:	4b12      	ldr	r3, [pc, #72]	@ (10002338 <__aeabi_double_init+0xb8>)
100022ee:	881a      	ldrh	r2, [r3, #0]
100022f0:	23b5      	movs	r3, #181	@ 0xb5
100022f2:	021b      	lsls	r3, r3, #8
100022f4:	429a      	cmp	r2, r3
100022f6:	d109      	bne.n	1000230c <__aeabi_double_init+0x8c>
100022f8:	4b10      	ldr	r3, [pc, #64]	@ (1000233c <__aeabi_double_init+0xbc>)
100022fa:	881a      	ldrh	r2, [r3, #0]
100022fc:	4b10      	ldr	r3, [pc, #64]	@ (10002340 <__aeabi_double_init+0xc0>)
100022fe:	429a      	cmp	r2, r3
10002300:	d104      	bne.n	1000230c <__aeabi_double_init+0x8c>
10002302:	4b10      	ldr	r3, [pc, #64]	@ (10002344 <__aeabi_double_init+0xc4>)
10002304:	881a      	ldrh	r2, [r3, #0]
10002306:	4b10      	ldr	r3, [pc, #64]	@ (10002348 <__aeabi_double_init+0xc8>)
10002308:	429a      	cmp	r2, r3
1000230a:	d0e6      	beq.n	100022da <__aeabi_double_init+0x5a>
1000230c:	2000      	movs	r0, #0
1000230e:	f7fe f9e5 	bl	100006dc <panic>
10002312:	46c0      	nop			@ (mov r8, r8)
10002314:	1000234d 	.word	0x1000234d
10002318:	200016b4 	.word	0x200016b4
1000231c:	0000334c 	.word	0x0000334c
10002320:	200017b4 	.word	0x200017b4
10002324:	00004453 	.word	0x00004453
10002328:	00004653 	.word	0x00004653
1000232c:	10007150 	.word	0x10007150
10002330:	100079ac 	.word	0x100079ac
10002334:	10007194 	.word	0x10007194
10002338:	00003854 	.word	0x00003854
1000233c:	000038d8 	.word	0x000038d8
10002340:	00004649 	.word	0x00004649
10002344:	0000389c 	.word	0x0000389c
10002348:	00004659 	.word	0x00004659

1000234c <double_table_shim_on_use_helper>:
1000234c:	b507      	push	{r0, r1, r2, lr}
1000234e:	4660      	mov	r0, ip
10002350:	2800      	cmp	r0, #0
10002352:	d100      	bne.n	10002356 <double_table_shim_on_use_helper+0xa>
10002354:	be00      	bkpt	0x0000
10002356:	8801      	ldrh	r1, [r0, #0]
10002358:	0a0a      	lsrs	r2, r1, #8
1000235a:	3002      	adds	r0, #2
1000235c:	2adf      	cmp	r2, #223	@ 0xdf
1000235e:	d1fa      	bne.n	10002356 <double_table_shim_on_use_helper+0xa>
10002360:	b2c9      	uxtb	r1, r1
10002362:	0882      	lsrs	r2, r0, #2
10002364:	d304      	bcc.n	10002370 <double_table_shim_on_use_helper+0x24>
10002366:	8802      	ldrh	r2, [r0, #0]
10002368:	8840      	ldrh	r0, [r0, #2]
1000236a:	0400      	lsls	r0, r0, #16
1000236c:	4310      	orrs	r0, r2
1000236e:	e000      	b.n	10002372 <double_table_shim_on_use_helper+0x26>
10002370:	6800      	ldr	r0, [r0, #0]
10002372:	4a02      	ldr	r2, [pc, #8]	@ (1000237c <double_table_shim_on_use_helper+0x30>)
10002374:	5050      	str	r0, [r2, r1]
10002376:	9003      	str	r0, [sp, #12]
10002378:	bd07      	pop	{r0, r1, r2, pc}
1000237a:	0000      	.short	0x0000
1000237c:	200016b4 	.word	0x200016b4

10002380 <drsub_shim>:
10002380:	b40f      	push	{r0, r1, r2, r3}
10002382:	bc03      	pop	{r0, r1}
10002384:	bc0c      	pop	{r2, r3}

10002386 <dsub_shim>:
10002386:	b5f0      	push	{r4, r5, r6, r7, lr}
10002388:	2401      	movs	r4, #1
1000238a:	07e4      	lsls	r4, r4, #31
1000238c:	4063      	eors	r3, r4
1000238e:	e000      	b.n	10002392 <da_entry>

10002390 <dadd_shim>:
10002390:	b5f0      	push	{r4, r5, r6, r7, lr}

10002392 <da_entry>:
10002392:	0d0c      	lsrs	r4, r1, #20
10002394:	0fcf      	lsrs	r7, r1, #31
10002396:	1e66      	subs	r6, r4, #1
10002398:	0536      	lsls	r6, r6, #20
1000239a:	1b89      	subs	r1, r1, r6
1000239c:	0564      	lsls	r4, r4, #21
1000239e:	d303      	bcc.n	100023a8 <l8_1>
100023a0:	43c9      	mvns	r1, r1
100023a2:	4240      	negs	r0, r0
100023a4:	d300      	bcc.n	100023a8 <l8_1>
100023a6:	3101      	adds	r1, #1

100023a8 <l8_1>:
100023a8:	0d64      	lsrs	r4, r4, #21
100023aa:	d003      	beq.n	100023b4 <l8_2>
100023ac:	1c66      	adds	r6, r4, #1
100023ae:	0af6      	lsrs	r6, r6, #11
100023b0:	d007      	beq.n	100023c2 <l8_3>
100023b2:	1be4      	subs	r4, r4, r7

100023b4 <l8_2>:
100023b4:	2000      	movs	r0, #0
100023b6:	007f      	lsls	r7, r7, #1
100023b8:	1c79      	adds	r1, r7, #1
100023ba:	0789      	lsls	r1, r1, #30
100023bc:	1289      	asrs	r1, r1, #10
100023be:	3c80      	subs	r4, #128	@ 0x80
100023c0:	0324      	lsls	r4, r4, #12

100023c2 <l8_3>:
100023c2:	0d1d      	lsrs	r5, r3, #20
100023c4:	0fdf      	lsrs	r7, r3, #31
100023c6:	1e6e      	subs	r6, r5, #1
100023c8:	0536      	lsls	r6, r6, #20
100023ca:	1b9b      	subs	r3, r3, r6
100023cc:	056d      	lsls	r5, r5, #21
100023ce:	d303      	bcc.n	100023d8 <l9_1>
100023d0:	43db      	mvns	r3, r3
100023d2:	4252      	negs	r2, r2
100023d4:	d300      	bcc.n	100023d8 <l9_1>
100023d6:	3301      	adds	r3, #1

100023d8 <l9_1>:
100023d8:	0d6d      	lsrs	r5, r5, #21
100023da:	d003      	beq.n	100023e4 <l9_2>
100023dc:	1c6e      	adds	r6, r5, #1
100023de:	0af6      	lsrs	r6, r6, #11
100023e0:	d007      	beq.n	100023f2 <l9_3>
100023e2:	1bed      	subs	r5, r5, r7

100023e4 <l9_2>:
100023e4:	2200      	movs	r2, #0
100023e6:	007f      	lsls	r7, r7, #1
100023e8:	1c7b      	adds	r3, r7, #1
100023ea:	079b      	lsls	r3, r3, #30
100023ec:	129b      	asrs	r3, r3, #10
100023ee:	3d80      	subs	r5, #128	@ 0x80
100023f0:	032d      	lsls	r5, r5, #12

100023f2 <l9_3>:
100023f2:	1b2f      	subs	r7, r5, r4
100023f4:	1b66      	subs	r6, r4, r5
100023f6:	d458      	bmi.n	100024aa <da_ygtx>
100023f8:	46a4      	mov	ip, r4
100023fa:	2e20      	cmp	r6, #32
100023fc:	da46      	bge.n	1000248c <da_xrgty>
100023fe:	3720      	adds	r7, #32
10002400:	0014      	movs	r4, r2
10002402:	40bc      	lsls	r4, r7

10002404 <da_xgty0>:
10002404:	001d      	movs	r5, r3
10002406:	40bd      	lsls	r5, r7
10002408:	40f2      	lsrs	r2, r6
1000240a:	4133      	asrs	r3, r6
1000240c:	432a      	orrs	r2, r5

1000240e <da_add>:
1000240e:	1880      	adds	r0, r0, r2
10002410:	4159      	adcs	r1, r3

10002412 <da_pack>:
10002412:	0fcb      	lsrs	r3, r1, #31
10002414:	d005      	beq.n	10002422 <da_pack+0x10>
10002416:	43c9      	mvns	r1, r1
10002418:	43c0      	mvns	r0, r0
1000241a:	2200      	movs	r2, #0
1000241c:	4264      	negs	r4, r4
1000241e:	4150      	adcs	r0, r2
10002420:	4151      	adcs	r1, r2
10002422:	4662      	mov	r2, ip
10002424:	0d4d      	lsrs	r5, r1, #21
10002426:	d128      	bne.n	1000247a <da_0>
10002428:	0d0d      	lsrs	r5, r1, #20
1000242a:	d107      	bne.n	1000243c <da_1>
1000242c:	2800      	cmp	r0, #0
1000242e:	d01f      	beq.n	10002470 <da_5>

10002430 <da_2>:
10002430:	1924      	adds	r4, r4, r4
10002432:	4140      	adcs	r0, r0
10002434:	4149      	adcs	r1, r1
10002436:	3a01      	subs	r2, #1
10002438:	0d0d      	lsrs	r5, r1, #20
1000243a:	d0f9      	beq.n	10002430 <da_2>

1000243c <da_1>:
1000243c:	0064      	lsls	r4, r4, #1
1000243e:	d306      	bcc.n	1000244e <da_3>

10002440 <da_4>:
10002440:	3001      	adds	r0, #1
10002442:	d300      	bcc.n	10002446 <da_4+0x6>
10002444:	3101      	adds	r1, #1
10002446:	2c00      	cmp	r4, #0
10002448:	d101      	bne.n	1000244e <da_3>
1000244a:	0840      	lsrs	r0, r0, #1
1000244c:	0040      	lsls	r0, r0, #1

1000244e <da_3>:
1000244e:	3a01      	subs	r2, #1
10002450:	d40b      	bmi.n	1000246a <da_6>
10002452:	1c94      	adds	r4, r2, #2
10002454:	0ae4      	lsrs	r4, r4, #11
10002456:	d104      	bne.n	10002462 <da_7>
10002458:	0512      	lsls	r2, r2, #20
1000245a:	4411      	add	r1, r2
1000245c:	07db      	lsls	r3, r3, #31
1000245e:	4419      	add	r1, r3
10002460:	bdf0      	pop	{r4, r5, r6, r7, pc}

10002462 <da_7>:
10002462:	07d9      	lsls	r1, r3, #31
10002464:	4b20      	ldr	r3, [pc, #128]	@ (100024e8 <da_xmgty+0x4>)
10002466:	4319      	orrs	r1, r3
10002468:	e000      	b.n	1000246c <da_6+0x2>

1000246a <da_6>:
1000246a:	07d9      	lsls	r1, r3, #31
1000246c:	2000      	movs	r0, #0
1000246e:	bdf0      	pop	{r4, r5, r6, r7, pc}

10002470 <da_5>:
10002470:	2900      	cmp	r1, #0
10002472:	d1dd      	bne.n	10002430 <da_2>
10002474:	2c00      	cmp	r4, #0
10002476:	d1db      	bne.n	10002430 <da_2>
10002478:	bdf0      	pop	{r4, r5, r6, r7, pc}

1000247a <da_0>:
1000247a:	3201      	adds	r2, #1
1000247c:	07c6      	lsls	r6, r0, #31
1000247e:	0840      	lsrs	r0, r0, #1
10002480:	07cd      	lsls	r5, r1, #31
10002482:	4328      	orrs	r0, r5
10002484:	0849      	lsrs	r1, r1, #1
10002486:	2e00      	cmp	r6, #0
10002488:	d0e1      	beq.n	1000244e <da_3>
1000248a:	e7d9      	b.n	10002440 <da_4>

1000248c <da_xrgty>:
1000248c:	2e3c      	cmp	r6, #60	@ 0x3c
1000248e:	da29      	bge.n	100024e4 <da_xmgty>
10002490:	3e20      	subs	r6, #32
10002492:	3740      	adds	r7, #64	@ 0x40
10002494:	0014      	movs	r4, r2
10002496:	40bc      	lsls	r4, r7
10002498:	d000      	beq.n	1000249c <da_xrgty+0x10>
1000249a:	2401      	movs	r4, #1
1000249c:	40f2      	lsrs	r2, r6
1000249e:	4314      	orrs	r4, r2
100024a0:	001a      	movs	r2, r3
100024a2:	40bb      	lsls	r3, r7
100024a4:	431c      	orrs	r4, r3
100024a6:	17d3      	asrs	r3, r2, #31
100024a8:	e7ac      	b.n	10002404 <da_xgty0>

100024aa <da_ygtx>:
100024aa:	46ac      	mov	ip, r5
100024ac:	2f20      	cmp	r7, #32
100024ae:	da08      	bge.n	100024c2 <da_yrgtx>
100024b0:	3620      	adds	r6, #32
100024b2:	0004      	movs	r4, r0
100024b4:	40b4      	lsls	r4, r6

100024b6 <da_ygtx0>:
100024b6:	000d      	movs	r5, r1
100024b8:	40b5      	lsls	r5, r6
100024ba:	40f8      	lsrs	r0, r7
100024bc:	4139      	asrs	r1, r7
100024be:	4328      	orrs	r0, r5
100024c0:	e7a5      	b.n	1000240e <da_add>

100024c2 <da_yrgtx>:
100024c2:	2f3c      	cmp	r7, #60	@ 0x3c
100024c4:	da0c      	bge.n	100024e0 <da_ymgtx>
100024c6:	3f20      	subs	r7, #32
100024c8:	3640      	adds	r6, #64	@ 0x40
100024ca:	0004      	movs	r4, r0
100024cc:	40b4      	lsls	r4, r6
100024ce:	d000      	beq.n	100024d2 <da_yrgtx+0x10>
100024d0:	2401      	movs	r4, #1
100024d2:	40f8      	lsrs	r0, r7
100024d4:	4304      	orrs	r4, r0
100024d6:	0008      	movs	r0, r1
100024d8:	40b1      	lsls	r1, r6
100024da:	430c      	orrs	r4, r1
100024dc:	17c1      	asrs	r1, r0, #31
100024de:	e7ea      	b.n	100024b6 <da_ygtx0>

100024e0 <da_ymgtx>:
100024e0:	0010      	movs	r0, r2
100024e2:	0019      	movs	r1, r3

100024e4 <da_xmgty>:
100024e4:	2400      	movs	r4, #0
100024e6:	e794      	b.n	10002412 <da_pack>
100024e8:	7ff00000 	.word	0x7ff00000

100024ec <dmul_shim>:
100024ec:	b5f0      	push	{r4, r5, r6, r7, lr}
100024ee:	0d0c      	lsrs	r4, r1, #20
100024f0:	1e66      	subs	r6, r4, #1
100024f2:	0536      	lsls	r6, r6, #20
100024f4:	1b89      	subs	r1, r1, r6
100024f6:	0ae6      	lsrs	r6, r4, #11
100024f8:	0564      	lsls	r4, r4, #21
100024fa:	0d64      	lsrs	r4, r4, #21
100024fc:	d002      	beq.n	10002504 <l12_1>
100024fe:	1c65      	adds	r5, r4, #1
10002500:	0aed      	lsrs	r5, r5, #11
10002502:	d004      	beq.n	1000250e <l12_2>

10002504 <l12_1>:
10002504:	2000      	movs	r0, #0
10002506:	2101      	movs	r1, #1
10002508:	0509      	lsls	r1, r1, #20
1000250a:	3c80      	subs	r4, #128	@ 0x80
1000250c:	0324      	lsls	r4, r4, #12

1000250e <l12_2>:
1000250e:	46a4      	mov	ip, r4
10002510:	0d1c      	lsrs	r4, r3, #20
10002512:	1e67      	subs	r7, r4, #1
10002514:	053f      	lsls	r7, r7, #20
10002516:	1bdb      	subs	r3, r3, r7
10002518:	0ae7      	lsrs	r7, r4, #11
1000251a:	0564      	lsls	r4, r4, #21
1000251c:	0d64      	lsrs	r4, r4, #21
1000251e:	d002      	beq.n	10002526 <l13_1>
10002520:	1c65      	adds	r5, r4, #1
10002522:	0aed      	lsrs	r5, r5, #11
10002524:	d004      	beq.n	10002530 <l13_2>

10002526 <l13_1>:
10002526:	2200      	movs	r2, #0
10002528:	2301      	movs	r3, #1
1000252a:	051b      	lsls	r3, r3, #20
1000252c:	3c80      	subs	r4, #128	@ 0x80
1000252e:	0324      	lsls	r4, r4, #12

10002530 <l13_2>:
10002530:	4077      	eors	r7, r6
10002532:	4464      	add	r4, ip
10002534:	b497      	push	{r0, r1, r2, r4, r7}
10002536:	b284      	uxth	r4, r0
10002538:	b296      	uxth	r6, r2
1000253a:	4374      	muls	r4, r6
1000253c:	0c07      	lsrs	r7, r0, #16
1000253e:	437e      	muls	r6, r7
10002540:	0c15      	lsrs	r5, r2, #16
10002542:	436f      	muls	r7, r5
10002544:	b280      	uxth	r0, r0
10002546:	4368      	muls	r0, r5
10002548:	1836      	adds	r6, r6, r0
1000254a:	d302      	bcc.n	10002552 <l14_1>
1000254c:	2001      	movs	r0, #1
1000254e:	0400      	lsls	r0, r0, #16
10002550:	183f      	adds	r7, r7, r0

10002552 <l14_1>:
10002552:	0430      	lsls	r0, r6, #16
10002554:	0c35      	lsrs	r5, r6, #16
10002556:	1900      	adds	r0, r0, r4
10002558:	417d      	adcs	r5, r7
1000255a:	4684      	mov	ip, r0
1000255c:	b288      	uxth	r0, r1
1000255e:	b29a      	uxth	r2, r3
10002560:	4350      	muls	r0, r2
10002562:	0c0c      	lsrs	r4, r1, #16
10002564:	4362      	muls	r2, r4
10002566:	0c1f      	lsrs	r7, r3, #16
10002568:	437c      	muls	r4, r7
1000256a:	b28e      	uxth	r6, r1
1000256c:	437e      	muls	r6, r7
1000256e:	1992      	adds	r2, r2, r6
10002570:	d302      	bcc.n	10002578 <l15_1>
10002572:	2601      	movs	r6, #1
10002574:	0436      	lsls	r6, r6, #16
10002576:	19a4      	adds	r4, r4, r6

10002578 <l15_1>:
10002578:	0416      	lsls	r6, r2, #16
1000257a:	0c17      	lsrs	r7, r2, #16
1000257c:	1836      	adds	r6, r6, r0
1000257e:	4167      	adcs	r7, r4
10002580:	bc01      	pop	{r0}
10002582:	b281      	uxth	r1, r0
10002584:	b29a      	uxth	r2, r3
10002586:	4351      	muls	r1, r2
10002588:	0c04      	lsrs	r4, r0, #16
1000258a:	4362      	muls	r2, r4
1000258c:	0c1b      	lsrs	r3, r3, #16
1000258e:	435c      	muls	r4, r3
10002590:	b280      	uxth	r0, r0
10002592:	4358      	muls	r0, r3
10002594:	1812      	adds	r2, r2, r0
10002596:	d302      	bcc.n	1000259e <l16_1>
10002598:	2001      	movs	r0, #1
1000259a:	0400      	lsls	r0, r0, #16
1000259c:	1824      	adds	r4, r4, r0

1000259e <l16_1>:
1000259e:	0410      	lsls	r0, r2, #16
100025a0:	0c13      	lsrs	r3, r2, #16
100025a2:	1840      	adds	r0, r0, r1
100025a4:	4163      	adcs	r3, r4
100025a6:	182d      	adds	r5, r5, r0
100025a8:	415e      	adcs	r6, r3
100025aa:	2000      	movs	r0, #0
100025ac:	4147      	adcs	r7, r0
100025ae:	bc06      	pop	{r1, r2}
100025b0:	b288      	uxth	r0, r1
100025b2:	b293      	uxth	r3, r2
100025b4:	4358      	muls	r0, r3
100025b6:	0c0c      	lsrs	r4, r1, #16
100025b8:	4363      	muls	r3, r4
100025ba:	0c12      	lsrs	r2, r2, #16
100025bc:	4354      	muls	r4, r2
100025be:	b289      	uxth	r1, r1
100025c0:	4351      	muls	r1, r2
100025c2:	185b      	adds	r3, r3, r1
100025c4:	d302      	bcc.n	100025cc <l17_1>
100025c6:	2101      	movs	r1, #1
100025c8:	0409      	lsls	r1, r1, #16
100025ca:	1864      	adds	r4, r4, r1

100025cc <l17_1>:
100025cc:	0419      	lsls	r1, r3, #16
100025ce:	0c1a      	lsrs	r2, r3, #16
100025d0:	1809      	adds	r1, r1, r0
100025d2:	4162      	adcs	r2, r4
100025d4:	186d      	adds	r5, r5, r1
100025d6:	4156      	adcs	r6, r2
100025d8:	2000      	movs	r0, #0
100025da:	4147      	adcs	r7, r0
100025dc:	bc18      	pop	{r3, r4}
100025de:	02f9      	lsls	r1, r7, #11
100025e0:	0d72      	lsrs	r2, r6, #21
100025e2:	4311      	orrs	r1, r2
100025e4:	02f0      	lsls	r0, r6, #11
100025e6:	0d6a      	lsrs	r2, r5, #21
100025e8:	4310      	orrs	r0, r2
100025ea:	02ed      	lsls	r5, r5, #11
100025ec:	0d0a      	lsrs	r2, r1, #20
100025ee:	d103      	bne.n	100025f8 <l17_1+0x2c>
100025f0:	196d      	adds	r5, r5, r5
100025f2:	4140      	adcs	r0, r0
100025f4:	4149      	adcs	r1, r1
100025f6:	3b01      	subs	r3, #1
100025f8:	4e12      	ldr	r6, [pc, #72]	@ (10002644 <dm_1+0xa>)
100025fa:	1b9b      	subs	r3, r3, r6
100025fc:	0076      	lsls	r6, r6, #1
100025fe:	42b3      	cmp	r3, r6
10002600:	d20e      	bcs.n	10002620 <dm_0>
10002602:	006d      	lsls	r5, r5, #1
10002604:	d307      	bcc.n	10002616 <l17_1+0x4a>
10002606:	3001      	adds	r0, #1
10002608:	2600      	movs	r6, #0
1000260a:	4171      	adcs	r1, r6
1000260c:	4666      	mov	r6, ip
1000260e:	4335      	orrs	r5, r6
10002610:	d101      	bne.n	10002616 <l17_1+0x4a>
10002612:	0840      	lsrs	r0, r0, #1
10002614:	0040      	lsls	r0, r0, #1
10002616:	051b      	lsls	r3, r3, #20
10002618:	18c9      	adds	r1, r1, r3

1000261a <dm_2>:
1000261a:	07e4      	lsls	r4, r4, #31
1000261c:	4421      	add	r1, r4
1000261e:	bdf0      	pop	{r4, r5, r6, r7, pc}

10002620 <dm_0>:
10002620:	da0b      	bge.n	1000263a <dm_1>
10002622:	3301      	adds	r3, #1
10002624:	d106      	bne.n	10002634 <dm_0+0x14>
10002626:	3001      	adds	r0, #1
10002628:	d104      	bne.n	10002634 <dm_0+0x14>
1000262a:	3101      	adds	r1, #1
1000262c:	0d4f      	lsrs	r7, r1, #21
1000262e:	d001      	beq.n	10002634 <dm_0+0x14>
10002630:	0849      	lsrs	r1, r1, #1
10002632:	e7f2      	b.n	1000261a <dm_2>
10002634:	07e1      	lsls	r1, r4, #31
10002636:	2000      	movs	r0, #0
10002638:	bdf0      	pop	{r4, r5, r6, r7, pc}

1000263a <dm_1>:
1000263a:	3601      	adds	r6, #1
1000263c:	0531      	lsls	r1, r6, #20
1000263e:	2000      	movs	r0, #0
10002640:	e7eb      	b.n	1000261a <dm_2>
10002642:	0000      	.short	0x0000
10002644:	000003ff 	.word	0x000003ff

10002648 <ddiv_shim>:
10002648:	b5f0      	push	{r4, r5, r6, r7, lr}

1000264a <ddiv0>:
1000264a:	0d1c      	lsrs	r4, r3, #20
1000264c:	1e67      	subs	r7, r4, #1
1000264e:	053f      	lsls	r7, r7, #20
10002650:	1bdb      	subs	r3, r3, r7
10002652:	0ae7      	lsrs	r7, r4, #11
10002654:	0564      	lsls	r4, r4, #21
10002656:	0d64      	lsrs	r4, r4, #21
10002658:	d002      	beq.n	10002660 <l20_1>
1000265a:	1c66      	adds	r6, r4, #1
1000265c:	0af6      	lsrs	r6, r6, #11
1000265e:	d004      	beq.n	1000266a <l20_2>

10002660 <l20_1>:
10002660:	2200      	movs	r2, #0
10002662:	2301      	movs	r3, #1
10002664:	051b      	lsls	r3, r3, #20
10002666:	3c80      	subs	r4, #128	@ 0x80
10002668:	0324      	lsls	r4, r4, #12

1000266a <l20_2>:
1000266a:	25d0      	movs	r5, #208	@ 0xd0
1000266c:	062d      	lsls	r5, r5, #24
1000266e:	2600      	movs	r6, #0
10002670:	43f6      	mvns	r6, r6
10002672:	662e      	str	r6, [r5, #96]	@ 0x60
10002674:	091e      	lsrs	r6, r3, #4
10002676:	666e      	str	r6, [r5, #100]	@ 0x64
10002678:	0fce      	lsrs	r6, r1, #31
1000267a:	19f6      	adds	r6, r6, r7
1000267c:	46b4      	mov	ip, r6
1000267e:	0049      	lsls	r1, r1, #1
10002680:	0d4f      	lsrs	r7, r1, #21
10002682:	d002      	beq.n	1000268a <l20_2+0x20>
10002684:	1c7e      	adds	r6, r7, #1
10002686:	0af6      	lsrs	r6, r6, #11
10002688:	d003      	beq.n	10002692 <l20_2+0x28>
1000268a:	2000      	movs	r0, #0
1000268c:	2100      	movs	r1, #0
1000268e:	3f40      	subs	r7, #64	@ 0x40
10002690:	033f      	lsls	r7, r7, #12
10002692:	1b3e      	subs	r6, r7, r4
10002694:	00b6      	lsls	r6, r6, #2
10002696:	44b4      	add	ip, r6
10002698:	3f01      	subs	r7, #1
1000269a:	057f      	lsls	r7, r7, #21
1000269c:	1bc9      	subs	r1, r1, r7
1000269e:	0849      	lsrs	r1, r1, #1
100026a0:	6f2e      	ldr	r6, [r5, #112]	@ 0x70
100026a2:	3601      	adds	r6, #1
100026a4:	0876      	lsrs	r6, r6, #1
100026a6:	029c      	lsls	r4, r3, #10
100026a8:	0d95      	lsrs	r5, r2, #22
100026aa:	4325      	orrs	r5, r4
100026ac:	4375      	muls	r5, r6
100026ae:	13ed      	asrs	r5, r5, #15
100026b0:	4375      	muls	r5, r6
100026b2:	13ad      	asrs	r5, r5, #14
100026b4:	3501      	adds	r5, #1
100026b6:	106d      	asrs	r5, r5, #1
100026b8:	03f6      	lsls	r6, r6, #15
100026ba:	1b76      	subs	r6, r6, r5
100026bc:	b40c      	push	{r2, r3}
100026be:	02cc      	lsls	r4, r1, #11
100026c0:	0d45      	lsrs	r5, r0, #21
100026c2:	432c      	orrs	r4, r5
100026c4:	b2a2      	uxth	r2, r4
100026c6:	b2b3      	uxth	r3, r6
100026c8:	435a      	muls	r2, r3
100026ca:	0c27      	lsrs	r7, r4, #16
100026cc:	437b      	muls	r3, r7
100026ce:	0c35      	lsrs	r5, r6, #16
100026d0:	436f      	muls	r7, r5
100026d2:	b2a4      	uxth	r4, r4
100026d4:	436c      	muls	r4, r5
100026d6:	191b      	adds	r3, r3, r4
100026d8:	d302      	bcc.n	100026e0 <l21_1>
100026da:	2401      	movs	r4, #1
100026dc:	0424      	lsls	r4, r4, #16
100026de:	193f      	adds	r7, r7, r4

100026e0 <l21_1>:
100026e0:	041c      	lsls	r4, r3, #16
100026e2:	0c1d      	lsrs	r5, r3, #16
100026e4:	18a4      	adds	r4, r4, r2
100026e6:	417d      	adcs	r5, r7
100026e8:	1924      	adds	r4, r4, r4
100026ea:	416d      	adcs	r5, r5
100026ec:	9a00      	ldr	r2, [sp, #0]
100026ee:	b291      	uxth	r1, r2
100026f0:	b2ac      	uxth	r4, r5
100026f2:	4361      	muls	r1, r4
100026f4:	0c17      	lsrs	r7, r2, #16
100026f6:	437c      	muls	r4, r7
100026f8:	0c2b      	lsrs	r3, r5, #16
100026fa:	435f      	muls	r7, r3
100026fc:	b292      	uxth	r2, r2
100026fe:	435a      	muls	r2, r3
10002700:	18a4      	adds	r4, r4, r2
10002702:	d302      	bcc.n	1000270a <l22_1>
10002704:	2201      	movs	r2, #1
10002706:	0412      	lsls	r2, r2, #16
10002708:	18bf      	adds	r7, r7, r2

1000270a <l22_1>:
1000270a:	0422      	lsls	r2, r4, #16
1000270c:	0c23      	lsrs	r3, r4, #16
1000270e:	1852      	adds	r2, r2, r1
10002710:	417b      	adcs	r3, r7
10002712:	9c01      	ldr	r4, [sp, #4]
10002714:	436c      	muls	r4, r5
10002716:	191b      	adds	r3, r3, r4
10002718:	0e52      	lsrs	r2, r2, #25
1000271a:	01d9      	lsls	r1, r3, #7
1000271c:	430a      	orrs	r2, r1
1000271e:	0144      	lsls	r4, r0, #5
10002720:	1aa0      	subs	r0, r4, r2
10002722:	b281      	uxth	r1, r0
10002724:	b2b2      	uxth	r2, r6
10002726:	4351      	muls	r1, r2
10002728:	1403      	asrs	r3, r0, #16
1000272a:	435a      	muls	r2, r3
1000272c:	0c36      	lsrs	r6, r6, #16
1000272e:	4373      	muls	r3, r6
10002730:	b287      	uxth	r7, r0
10002732:	4377      	muls	r7, r6
10002734:	17d6      	asrs	r6, r2, #31
10002736:	19d2      	adds	r2, r2, r7
10002738:	2700      	movs	r7, #0
1000273a:	417e      	adcs	r6, r7
1000273c:	0436      	lsls	r6, r6, #16
1000273e:	199b      	adds	r3, r3, r6
10002740:	0417      	lsls	r7, r2, #16
10002742:	0c16      	lsrs	r6, r2, #16
10002744:	187f      	adds	r7, r7, r1
10002746:	415e      	adcs	r6, r3
10002748:	1673      	asrs	r3, r6, #25
1000274a:	18ed      	adds	r5, r5, r3
1000274c:	01f3      	lsls	r3, r6, #7
1000274e:	2600      	movs	r6, #0
10002750:	3380      	adds	r3, #128	@ 0x80
10002752:	4175      	adcs	r5, r6
10002754:	0fa9      	lsrs	r1, r5, #30
10002756:	d106      	bne.n	10002766 <dd_0>
10002758:	0064      	lsls	r4, r4, #1
1000275a:	0a69      	lsrs	r1, r5, #9
1000275c:	05e8      	lsls	r0, r5, #23
1000275e:	0a5b      	lsrs	r3, r3, #9
10002760:	4318      	orrs	r0, r3
10002762:	d209      	bcs.n	10002778 <dd_1>
10002764:	e02f      	b.n	100027c6 <dd_2>

10002766 <dd_0>:
10002766:	2204      	movs	r2, #4
10002768:	4494      	add	ip, r2
1000276a:	3380      	adds	r3, #128	@ 0x80
1000276c:	4175      	adcs	r5, r6
1000276e:	0aa9      	lsrs	r1, r5, #10
10002770:	05a8      	lsls	r0, r5, #22
10002772:	0a9b      	lsrs	r3, r3, #10
10002774:	4318      	orrs	r0, r3
10002776:	d326      	bcc.n	100027c6 <dd_2>

10002778 <dd_1>:
10002778:	4140      	adcs	r0, r0
1000277a:	4149      	adcs	r1, r1
1000277c:	0424      	lsls	r4, r4, #16
1000277e:	9a00      	ldr	r2, [sp, #0]
10002780:	9b01      	ldr	r3, [sp, #4]
10002782:	000d      	movs	r5, r1
10002784:	4355      	muls	r5, r2
10002786:	1b64      	subs	r4, r4, r5
10002788:	4343      	muls	r3, r0
1000278a:	1ae4      	subs	r4, r4, r3
1000278c:	b295      	uxth	r5, r2
1000278e:	b286      	uxth	r6, r0
10002790:	4375      	muls	r5, r6
10002792:	0c17      	lsrs	r7, r2, #16
10002794:	437e      	muls	r6, r7
10002796:	0c03      	lsrs	r3, r0, #16
10002798:	435f      	muls	r7, r3
1000279a:	b292      	uxth	r2, r2
1000279c:	435a      	muls	r2, r3
1000279e:	18b6      	adds	r6, r6, r2
100027a0:	d302      	bcc.n	100027a8 <l24_1>
100027a2:	2201      	movs	r2, #1
100027a4:	0412      	lsls	r2, r2, #16
100027a6:	18bf      	adds	r7, r7, r2

100027a8 <l24_1>:
100027a8:	0432      	lsls	r2, r6, #16
100027aa:	0c33      	lsrs	r3, r6, #16
100027ac:	1952      	adds	r2, r2, r5
100027ae:	417b      	adcs	r3, r7
100027b0:	4252      	negs	r2, r2
100027b2:	419c      	sbcs	r4, r3
100027b4:	2c00      	cmp	r4, #0
100027b6:	d402      	bmi.n	100027be <l24_1+0x16>
100027b8:	2200      	movs	r2, #0
100027ba:	3001      	adds	r0, #1
100027bc:	4151      	adcs	r1, r2
100027be:	0840      	lsrs	r0, r0, #1
100027c0:	07ca      	lsls	r2, r1, #31
100027c2:	4310      	orrs	r0, r2
100027c4:	0849      	lsrs	r1, r1, #1

100027c6 <dd_2>:
100027c6:	b002      	add	sp, #8
100027c8:	4662      	mov	r2, ip
100027ca:	07d7      	lsls	r7, r2, #31
100027cc:	1092      	asrs	r2, r2, #2
100027ce:	4b08      	ldr	r3, [pc, #32]	@ (100027f0 <dd_4+0x6>)
100027d0:	18d2      	adds	r2, r2, r3
100027d2:	4b08      	ldr	r3, [pc, #32]	@ (100027f4 <dd_4+0xa>)
100027d4:	429a      	cmp	r2, r3
100027d6:	d203      	bcs.n	100027e0 <dd_3>
100027d8:	0512      	lsls	r2, r2, #20
100027da:	1889      	adds	r1, r1, r2

100027dc <dd_5>:
100027dc:	19c9      	adds	r1, r1, r7
100027de:	bdf0      	pop	{r4, r5, r6, r7, pc}

100027e0 <dd_3>:
100027e0:	2000      	movs	r0, #0
100027e2:	2a00      	cmp	r2, #0
100027e4:	dc01      	bgt.n	100027ea <dd_4>
100027e6:	0039      	movs	r1, r7
100027e8:	bdf0      	pop	{r4, r5, r6, r7, pc}

100027ea <dd_4>:
100027ea:	3301      	adds	r3, #1
100027ec:	0519      	lsls	r1, r3, #20
100027ee:	e7f5      	b.n	100027dc <dd_5>
100027f0:	000003fd 	.word	0x000003fd
100027f4:	000007fe 	.word	0x000007fe

100027f8 <double2uint_shim>:
100027f8:	2200      	movs	r2, #0

100027fa <double2ufix_shim>:
100027fa:	b500      	push	{lr}
100027fc:	3220      	adds	r2, #32
100027fe:	f000 f804 	bl	1000280a <double2ufix64_shim>
10002802:	0008      	movs	r0, r1
10002804:	bd00      	pop	{pc}
	...

10002808 <double2uint64_shim>:
10002808:	2200      	movs	r2, #0

1000280a <double2ufix64_shim>:
1000280a:	150b      	asrs	r3, r1, #20
1000280c:	d40a      	bmi.n	10002824 <ret_dzero>

1000280e <d2fix>:
1000280e:	b510      	push	{r4, lr}
10002810:	4694      	mov	ip, r2
10002812:	f000 f831 	bl	10002878 <dunpacks>
10002816:	1414      	asrs	r4, r2, #16
10002818:	3401      	adds	r4, #1
1000281a:	da00      	bge.n	1000281e <d2fix+0x10>
1000281c:	2100      	movs	r1, #0
1000281e:	17cb      	asrs	r3, r1, #31
10002820:	4c14      	ldr	r4, [pc, #80]	@ (10002874 <d2fix_a+0x4a>)
10002822:	4720      	bx	r4

10002824 <ret_dzero>:
10002824:	2000      	movs	r0, #0
10002826:	2100      	movs	r1, #0
10002828:	4770      	bx	lr

1000282a <d2fix_a>:
1000282a:	4462      	add	r2, ip
1000282c:	3a34      	subs	r2, #52	@ 0x34
1000282e:	d40c      	bmi.n	1000284a <d2fix_a+0x20>
10002830:	2a0c      	cmp	r2, #12
10002832:	da07      	bge.n	10002844 <d2fix_a+0x1a>
10002834:	0004      	movs	r4, r0
10002836:	4091      	lsls	r1, r2
10002838:	4090      	lsls	r0, r2
1000283a:	4252      	negs	r2, r2
1000283c:	3220      	adds	r2, #32
1000283e:	40d4      	lsrs	r4, r2
10002840:	4321      	orrs	r1, r4
10002842:	bd10      	pop	{r4, pc}
10002844:	43d8      	mvns	r0, r3
10002846:	43d9      	mvns	r1, r3
10002848:	bd10      	pop	{r4, pc}
1000284a:	3220      	adds	r2, #32
1000284c:	d407      	bmi.n	1000285e <d2fix_a+0x34>
1000284e:	460c      	mov	r4, r1
10002850:	4094      	lsls	r4, r2
10002852:	4252      	negs	r2, r2
10002854:	3220      	adds	r2, #32
10002856:	4111      	asrs	r1, r2
10002858:	40d0      	lsrs	r0, r2
1000285a:	4320      	orrs	r0, r4
1000285c:	bd10      	pop	{r4, pc}
1000285e:	0008      	movs	r0, r1
10002860:	17c9      	asrs	r1, r1, #31
10002862:	3220      	adds	r2, #32
10002864:	d403      	bmi.n	1000286e <d2fix_a+0x44>
10002866:	4252      	negs	r2, r2
10002868:	3220      	adds	r2, #32
1000286a:	4110      	asrs	r0, r2
1000286c:	bd10      	pop	{r4, pc}
1000286e:	0018      	movs	r0, r3
10002870:	0019      	movs	r1, r3
10002872:	bd10      	pop	{r4, pc}
10002874:	1000282b 	.word	0x1000282b

10002878 <dunpacks>:
10002878:	0d0a      	lsrs	r2, r1, #20
1000287a:	0fcc      	lsrs	r4, r1, #31
1000287c:	1e53      	subs	r3, r2, #1
1000287e:	051b      	lsls	r3, r3, #20
10002880:	1ac9      	subs	r1, r1, r3
10002882:	0552      	lsls	r2, r2, #21
10002884:	d303      	bcc.n	1000288e <l60_1>
10002886:	43c9      	mvns	r1, r1
10002888:	4240      	negs	r0, r0
1000288a:	d300      	bcc.n	1000288e <l60_1>
1000288c:	3101      	adds	r1, #1

1000288e <l60_1>:
1000288e:	0d52      	lsrs	r2, r2, #21
10002890:	d003      	beq.n	1000289a <l60_2>
10002892:	1c53      	adds	r3, r2, #1
10002894:	0adb      	lsrs	r3, r3, #11
10002896:	d007      	beq.n	100028a8 <l60_3>
10002898:	1b12      	subs	r2, r2, r4

1000289a <l60_2>:
1000289a:	2000      	movs	r0, #0
1000289c:	0064      	lsls	r4, r4, #1
1000289e:	1c61      	adds	r1, r4, #1
100028a0:	0789      	lsls	r1, r1, #30
100028a2:	1289      	asrs	r1, r1, #10
100028a4:	3a80      	subs	r2, #128	@ 0x80
100028a6:	0312      	lsls	r2, r2, #12

100028a8 <l60_3>:
100028a8:	4b01      	ldr	r3, [pc, #4]	@ (100028b0 <l60_3+0x8>)
100028aa:	1ad2      	subs	r2, r2, r3
100028ac:	4770      	bx	lr
100028ae:	0000      	.short	0x0000
100028b0:	000003ff 	.word	0x000003ff

100028b4 <__wrap___aeabi_lmul>:
100028b4:	4351      	muls	r1, r2
100028b6:	4343      	muls	r3, r0
100028b8:	18c9      	adds	r1, r1, r3
100028ba:	468c      	mov	ip, r1
100028bc:	0c11      	lsrs	r1, r2, #16
100028be:	b283      	uxth	r3, r0
100028c0:	434b      	muls	r3, r1
100028c2:	b410      	push	{r4}
100028c4:	0c04      	lsrs	r4, r0, #16
100028c6:	4361      	muls	r1, r4
100028c8:	b292      	uxth	r2, r2
100028ca:	b280      	uxth	r0, r0
100028cc:	4350      	muls	r0, r2
100028ce:	4362      	muls	r2, r4
100028d0:	041c      	lsls	r4, r3, #16
100028d2:	0c1b      	lsrs	r3, r3, #16
100028d4:	1900      	adds	r0, r0, r4
100028d6:	bc10      	pop	{r4}
100028d8:	4159      	adcs	r1, r3
100028da:	0413      	lsls	r3, r2, #16
100028dc:	0c12      	lsrs	r2, r2, #16
100028de:	18c0      	adds	r0, r0, r3
100028e0:	4151      	adcs	r1, r2
100028e2:	4461      	add	r1, ip
100028e4:	4770      	bx	lr
	...

100028e8 <__aeabi_float_init>:
100028e8:	b570      	push	{r4, r5, r6, lr}
100028ea:	2313      	movs	r3, #19
100028ec:	781c      	ldrb	r4, [r3, #0]
100028ee:	482a      	ldr	r0, [pc, #168]	@ (10002998 <__aeabi_float_init+0xb0>)
100028f0:	f7ff f832 	bl	10001958 <rom_data_lookup>
100028f4:	0005      	movs	r5, r0
100028f6:	2c01      	cmp	r4, #1
100028f8:	d012      	beq.n	10002920 <__aeabi_float_init+0x38>
100028fa:	2c01      	cmp	r4, #1
100028fc:	dd0a      	ble.n	10002914 <__aeabi_float_init+0x2c>
100028fe:	002b      	movs	r3, r5
10002900:	3b02      	subs	r3, #2
10002902:	781b      	ldrb	r3, [r3, #0]
10002904:	009b      	lsls	r3, r3, #2
10002906:	2b7f      	cmp	r3, #127	@ 0x7f
10002908:	dd40      	ble.n	1000298c <__aeabi_float_init+0xa4>
1000290a:	4824      	ldr	r0, [pc, #144]	@ (1000299c <__aeabi_float_init+0xb4>)
1000290c:	2280      	movs	r2, #128	@ 0x80
1000290e:	0029      	movs	r1, r5
10002910:	f000 f890 	bl	10002a34 <__wrap___aeabi_memcpy>
10002914:	4822      	ldr	r0, [pc, #136]	@ (100029a0 <__aeabi_float_init+0xb8>)
10002916:	f7ff f817 	bl	10001948 <rom_func_lookup>
1000291a:	4b22      	ldr	r3, [pc, #136]	@ (100029a4 <__aeabi_float_init+0xbc>)
1000291c:	6018      	str	r0, [r3, #0]
1000291e:	bd70      	pop	{r4, r5, r6, pc}
10002920:	481e      	ldr	r0, [pc, #120]	@ (1000299c <__aeabi_float_init+0xb4>)
10002922:	2254      	movs	r2, #84	@ 0x54
10002924:	0029      	movs	r1, r5
10002926:	f000 f885 	bl	10002a34 <__wrap___aeabi_memcpy>
1000292a:	4b1f      	ldr	r3, [pc, #124]	@ (100029a8 <__aeabi_float_init+0xc0>)
1000292c:	881a      	ldrh	r2, [r3, #0]
1000292e:	4b1f      	ldr	r3, [pc, #124]	@ (100029ac <__aeabi_float_init+0xc4>)
10002930:	429a      	cmp	r2, r3
10002932:	d11c      	bne.n	1000296e <__aeabi_float_init+0x86>
10002934:	23a7      	movs	r3, #167	@ 0xa7
10002936:	019b      	lsls	r3, r3, #6
10002938:	881a      	ldrh	r2, [r3, #0]
1000293a:	4b1d      	ldr	r3, [pc, #116]	@ (100029b0 <__aeabi_float_init+0xc8>)
1000293c:	429a      	cmp	r2, r3
1000293e:	d116      	bne.n	1000296e <__aeabi_float_init+0x86>
10002940:	4b1c      	ldr	r3, [pc, #112]	@ (100029b4 <__aeabi_float_init+0xcc>)
10002942:	881a      	ldrh	r2, [r3, #0]
10002944:	4b1c      	ldr	r3, [pc, #112]	@ (100029b8 <__aeabi_float_init+0xd0>)
10002946:	429a      	cmp	r2, r3
10002948:	d111      	bne.n	1000296e <__aeabi_float_init+0x86>
1000294a:	4b1c      	ldr	r3, [pc, #112]	@ (100029bc <__aeabi_float_init+0xd4>)
1000294c:	881a      	ldrh	r2, [r3, #0]
1000294e:	2394      	movs	r3, #148	@ 0x94
10002950:	019b      	lsls	r3, r3, #6
10002952:	429a      	cmp	r2, r3
10002954:	d10b      	bne.n	1000296e <__aeabi_float_init+0x86>
10002956:	4b1a      	ldr	r3, [pc, #104]	@ (100029c0 <__aeabi_float_init+0xd8>)
10002958:	881a      	ldrh	r2, [r3, #0]
1000295a:	4b1a      	ldr	r3, [pc, #104]	@ (100029c4 <__aeabi_float_init+0xdc>)
1000295c:	429a      	cmp	r2, r3
1000295e:	d106      	bne.n	1000296e <__aeabi_float_init+0x86>
10002960:	4b19      	ldr	r3, [pc, #100]	@ (100029c8 <__aeabi_float_init+0xe0>)
10002962:	681a      	ldr	r2, [r3, #0]
10002964:	4b19      	ldr	r3, [pc, #100]	@ (100029cc <__aeabi_float_init+0xe4>)
10002966:	429a      	cmp	r2, r3
10002968:	d101      	bne.n	1000296e <__aeabi_float_init+0x86>
1000296a:	2315      	movs	r3, #21
1000296c:	e007      	b.n	1000297e <__aeabi_float_init+0x96>
1000296e:	4818      	ldr	r0, [pc, #96]	@ (100029d0 <__aeabi_float_init+0xe8>)
10002970:	f7fd feb4 	bl	100006dc <panic>
10002974:	4917      	ldr	r1, [pc, #92]	@ (100029d4 <__aeabi_float_init+0xec>)
10002976:	4a09      	ldr	r2, [pc, #36]	@ (1000299c <__aeabi_float_init+0xb4>)
10002978:	0098      	lsls	r0, r3, #2
1000297a:	5081      	str	r1, [r0, r2]
1000297c:	3301      	adds	r3, #1
1000297e:	2b1f      	cmp	r3, #31
10002980:	d9f8      	bls.n	10002974 <__aeabi_float_init+0x8c>
10002982:	4b14      	ldr	r3, [pc, #80]	@ (100029d4 <__aeabi_float_init+0xec>)
10002984:	4a05      	ldr	r2, [pc, #20]	@ (1000299c <__aeabi_float_init+0xb4>)
10002986:	6213      	str	r3, [r2, #32]
10002988:	61d3      	str	r3, [r2, #28]
1000298a:	e7b6      	b.n	100028fa <__aeabi_float_init+0x12>
1000298c:	4b12      	ldr	r3, [pc, #72]	@ (100029d8 <__aeabi_float_init+0xf0>)
1000298e:	4a13      	ldr	r2, [pc, #76]	@ (100029dc <__aeabi_float_init+0xf4>)
10002990:	4813      	ldr	r0, [pc, #76]	@ (100029e0 <__aeabi_float_init+0xf8>)
10002992:	2143      	movs	r1, #67	@ 0x43
10002994:	f001 f94e 	bl	10003c34 <__assert_func>
10002998:	00004653 	.word	0x00004653
1000299c:	200017b8 	.word	0x200017b8
100029a0:	0000334c 	.word	0x0000334c
100029a4:	200017b4 	.word	0x200017b4
100029a8:	000029ee 	.word	0x000029ee
100029ac:	00000fc4 	.word	0x00000fc4
100029b0:	00000dc2 	.word	0x00000dc2
100029b4:	00002b96 	.word	0x00002b96
100029b8:	0000b5c0 	.word	0x0000b5c0
100029bc:	00002b18 	.word	0x00002b18
100029c0:	00002acc 	.word	0x00002acc
100029c4:	0000b510 	.word	0x0000b510
100029c8:	00002cfc 	.word	0x00002cfc
100029cc:	6487ed51 	.word	0x6487ed51
100029d0:	100072dc 	.word	0x100072dc
100029d4:	100029e5 	.word	0x100029e5
100029d8:	100071ec 	.word	0x100071ec
100029dc:	100079c0 	.word	0x100079c0
100029e0:	10007220 	.word	0x10007220

100029e4 <float_table_shim_on_use_helper>:
100029e4:	b507      	push	{r0, r1, r2, lr}
100029e6:	4660      	mov	r0, ip
100029e8:	2800      	cmp	r0, #0
100029ea:	d100      	bne.n	100029ee <float_table_shim_on_use_helper+0xa>
100029ec:	be00      	bkpt	0x0000
100029ee:	8801      	ldrh	r1, [r0, #0]
100029f0:	0a0a      	lsrs	r2, r1, #8
100029f2:	3002      	adds	r0, #2
100029f4:	2adf      	cmp	r2, #223	@ 0xdf
100029f6:	d1fa      	bne.n	100029ee <float_table_shim_on_use_helper+0xa>
100029f8:	b2c9      	uxtb	r1, r1
100029fa:	0882      	lsrs	r2, r0, #2
100029fc:	d304      	bcc.n	10002a08 <float_table_shim_on_use_helper+0x24>
100029fe:	8802      	ldrh	r2, [r0, #0]
10002a00:	8840      	ldrh	r0, [r0, #2]
10002a02:	0400      	lsls	r0, r0, #16
10002a04:	4310      	orrs	r0, r2
10002a06:	e000      	b.n	10002a0a <float_table_shim_on_use_helper+0x26>
10002a08:	6800      	ldr	r0, [r0, #0]
10002a0a:	4a02      	ldr	r2, [pc, #8]	@ (10002a14 <float_table_shim_on_use_helper+0x30>)
10002a0c:	5050      	str	r0, [r2, r1]
10002a0e:	9003      	str	r0, [sp, #12]
10002a10:	bd07      	pop	{r0, r1, r2, pc}
10002a12:	0000      	.short	0x0000
10002a14:	200017b8 	.word	0x200017b8

10002a18 <__aeabi_mem_init>:
10002a18:	4801      	ldr	r0, [pc, #4]	@ (10002a20 <__aeabi_mem_init+0x8>)
10002a1a:	2104      	movs	r1, #4
10002a1c:	4b01      	ldr	r3, [pc, #4]	@ (10002a24 <__aeabi_mem_init+0xc>)
10002a1e:	4718      	bx	r3
10002a20:	20000c70 	.word	0x20000c70
10002a24:	10001969 	.word	0x10001969

10002a28 <__wrap_memset>:
10002a28:	4b01      	ldr	r3, [pc, #4]	@ (10002a30 <__wrap_memset+0x8>)
10002a2a:	681b      	ldr	r3, [r3, #0]
10002a2c:	4718      	bx	r3
10002a2e:	0000      	.short	0x0000
10002a30:	20000c70 	.word	0x20000c70

10002a34 <__wrap___aeabi_memcpy>:
10002a34:	4b01      	ldr	r3, [pc, #4]	@ (10002a3c <__wrap___aeabi_memcpy+0x8>)
10002a36:	685b      	ldr	r3, [r3, #4]
10002a38:	4718      	bx	r3
10002a3a:	0000      	.short	0x0000
10002a3c:	20000c70 	.word	0x20000c70

10002a40 <_out_null>:
10002a40:	4770      	bx	lr

10002a42 <_out_fct>:
10002a42:	b510      	push	{r4, lr}
10002a44:	2800      	cmp	r0, #0
10002a46:	d002      	beq.n	10002a4e <_out_fct+0xc>
10002a48:	680b      	ldr	r3, [r1, #0]
10002a4a:	6849      	ldr	r1, [r1, #4]
10002a4c:	4798      	blx	r3
10002a4e:	bd10      	pop	{r4, pc}

10002a50 <_atoi>:
10002a50:	0001      	movs	r1, r0
10002a52:	2000      	movs	r0, #0
10002a54:	e007      	b.n	10002a66 <_atoi+0x16>
10002a56:	0083      	lsls	r3, r0, #2
10002a58:	181b      	adds	r3, r3, r0
10002a5a:	005b      	lsls	r3, r3, #1
10002a5c:	1c50      	adds	r0, r2, #1
10002a5e:	6008      	str	r0, [r1, #0]
10002a60:	7810      	ldrb	r0, [r2, #0]
10002a62:	18c0      	adds	r0, r0, r3
10002a64:	3830      	subs	r0, #48	@ 0x30
10002a66:	680a      	ldr	r2, [r1, #0]
10002a68:	7813      	ldrb	r3, [r2, #0]
10002a6a:	3b30      	subs	r3, #48	@ 0x30
10002a6c:	b2db      	uxtb	r3, r3
10002a6e:	2b09      	cmp	r3, #9
10002a70:	d9f1      	bls.n	10002a56 <_atoi+0x6>
10002a72:	4770      	bx	lr

10002a74 <_out_rev>:
10002a74:	b5f0      	push	{r4, r5, r6, r7, lr}
10002a76:	46d6      	mov	lr, sl
10002a78:	464f      	mov	r7, r9
10002a7a:	4646      	mov	r6, r8
10002a7c:	b5c0      	push	{r6, r7, lr}
10002a7e:	0005      	movs	r5, r0
10002a80:	000e      	movs	r6, r1
10002a82:	0010      	movs	r0, r2
10002a84:	4691      	mov	r9, r2
10002a86:	001f      	movs	r7, r3
10002a88:	9c09      	ldr	r4, [sp, #36]	@ 0x24
10002a8a:	9b0b      	ldr	r3, [sp, #44]	@ 0x2c
10002a8c:	2202      	movs	r2, #2
10002a8e:	0011      	movs	r1, r2
10002a90:	4019      	ands	r1, r3
10002a92:	468a      	mov	sl, r1
10002a94:	421a      	tst	r2, r3
10002a96:	d134      	bne.n	10002b02 <_out_rev+0x8e>
10002a98:	07db      	lsls	r3, r3, #31
10002a9a:	d516      	bpl.n	10002aca <_out_rev+0x56>
10002a9c:	0002      	movs	r2, r0
10002a9e:	46b8      	mov	r8, r7
10002aa0:	0037      	movs	r7, r6
10002aa2:	002e      	movs	r6, r5
10002aa4:	e01f      	b.n	10002ae6 <_out_rev+0x72>
10002aa6:	1c55      	adds	r5, r2, #1
10002aa8:	0033      	movs	r3, r6
10002aaa:	4641      	mov	r1, r8
10002aac:	2020      	movs	r0, #32
10002aae:	47b8      	blx	r7
10002ab0:	3401      	adds	r4, #1
10002ab2:	002a      	movs	r2, r5
10002ab4:	9b0a      	ldr	r3, [sp, #40]	@ 0x28
10002ab6:	429c      	cmp	r4, r3
10002ab8:	d3f5      	bcc.n	10002aa6 <_out_rev+0x32>
10002aba:	003d      	movs	r5, r7
10002abc:	0037      	movs	r7, r6
10002abe:	4646      	mov	r6, r8
10002ac0:	9c09      	ldr	r4, [sp, #36]	@ 0x24
10002ac2:	46b8      	mov	r8, r7
10002ac4:	0037      	movs	r7, r6
10002ac6:	002e      	movs	r6, r5
10002ac8:	e00d      	b.n	10002ae6 <_out_rev+0x72>
10002aca:	0002      	movs	r2, r0
10002acc:	46b0      	mov	r8, r6
10002ace:	003e      	movs	r6, r7
10002ad0:	002f      	movs	r7, r5
10002ad2:	9409      	str	r4, [sp, #36]	@ 0x24
10002ad4:	e7ee      	b.n	10002ab4 <_out_rev+0x40>
10002ad6:	3c01      	subs	r4, #1
10002ad8:	1c55      	adds	r5, r2, #1
10002ada:	9b08      	ldr	r3, [sp, #32]
10002adc:	5d18      	ldrb	r0, [r3, r4]
10002ade:	4643      	mov	r3, r8
10002ae0:	0039      	movs	r1, r7
10002ae2:	47b0      	blx	r6
10002ae4:	002a      	movs	r2, r5
10002ae6:	2c00      	cmp	r4, #0
10002ae8:	d1f5      	bne.n	10002ad6 <_out_rev+0x62>
10002aea:	0035      	movs	r5, r6
10002aec:	003e      	movs	r6, r7
10002aee:	4647      	mov	r7, r8
10002af0:	4653      	mov	r3, sl
10002af2:	2b00      	cmp	r3, #0
10002af4:	d116      	bne.n	10002b24 <_out_rev+0xb0>
10002af6:	0010      	movs	r0, r2
10002af8:	bce0      	pop	{r5, r6, r7}
10002afa:	46ba      	mov	sl, r7
10002afc:	46b1      	mov	r9, r6
10002afe:	46a8      	mov	r8, r5
10002b00:	bdf0      	pop	{r4, r5, r6, r7, pc}
10002b02:	0002      	movs	r2, r0
10002b04:	46b8      	mov	r8, r7
10002b06:	0037      	movs	r7, r6
10002b08:	002e      	movs	r6, r5
10002b0a:	e7ec      	b.n	10002ae6 <_out_rev+0x72>
10002b0c:	1c54      	adds	r4, r2, #1
10002b0e:	0033      	movs	r3, r6
10002b10:	0029      	movs	r1, r5
10002b12:	2020      	movs	r0, #32
10002b14:	47b8      	blx	r7
10002b16:	0022      	movs	r2, r4
10002b18:	464b      	mov	r3, r9
10002b1a:	1ad3      	subs	r3, r2, r3
10002b1c:	990a      	ldr	r1, [sp, #40]	@ 0x28
10002b1e:	428b      	cmp	r3, r1
10002b20:	d3f4      	bcc.n	10002b0c <_out_rev+0x98>
10002b22:	e7e8      	b.n	10002af6 <_out_rev+0x82>
10002b24:	003b      	movs	r3, r7
10002b26:	002f      	movs	r7, r5
10002b28:	0035      	movs	r5, r6
10002b2a:	001e      	movs	r6, r3
10002b2c:	e7f4      	b.n	10002b18 <_out_rev+0xa4>

10002b2e <_ntoa_format>:
10002b2e:	b5f0      	push	{r4, r5, r6, r7, lr}
10002b30:	46ce      	mov	lr, r9
10002b32:	4647      	mov	r7, r8
10002b34:	b580      	push	{r7, lr}
10002b36:	b085      	sub	sp, #20
10002b38:	0006      	movs	r6, r0
10002b3a:	000f      	movs	r7, r1
10002b3c:	4690      	mov	r8, r2
10002b3e:	4699      	mov	r9, r3
10002b40:	9a0c      	ldr	r2, [sp, #48]	@ 0x30
10002b42:	9b0d      	ldr	r3, [sp, #52]	@ 0x34
10002b44:	a90e      	add	r1, sp, #56	@ 0x38
10002b46:	7809      	ldrb	r1, [r1, #0]
10002b48:	468c      	mov	ip, r1
10002b4a:	9d10      	ldr	r5, [sp, #64]	@ 0x40
10002b4c:	9c11      	ldr	r4, [sp, #68]	@ 0x44
10002b4e:	9912      	ldr	r1, [sp, #72]	@ 0x48
10002b50:	0788      	lsls	r0, r1, #30
10002b52:	d41c      	bmi.n	10002b8e <_ntoa_format+0x60>
10002b54:	2c00      	cmp	r4, #0
10002b56:	d00c      	beq.n	10002b72 <_ntoa_format+0x44>
10002b58:	07c8      	lsls	r0, r1, #31
10002b5a:	d50a      	bpl.n	10002b72 <_ntoa_format+0x44>
10002b5c:	4660      	mov	r0, ip
10002b5e:	2800      	cmp	r0, #0
10002b60:	d102      	bne.n	10002b68 <_ntoa_format+0x3a>
10002b62:	300c      	adds	r0, #12
10002b64:	4208      	tst	r0, r1
10002b66:	d004      	beq.n	10002b72 <_ntoa_format+0x44>
10002b68:	3c01      	subs	r4, #1
10002b6a:	e002      	b.n	10002b72 <_ntoa_format+0x44>
10002b6c:	2030      	movs	r0, #48	@ 0x30
10002b6e:	54d0      	strb	r0, [r2, r3]
10002b70:	3301      	adds	r3, #1
10002b72:	42ab      	cmp	r3, r5
10002b74:	d201      	bcs.n	10002b7a <_ntoa_format+0x4c>
10002b76:	2b1f      	cmp	r3, #31
10002b78:	d9f8      	bls.n	10002b6c <_ntoa_format+0x3e>
10002b7a:	07c8      	lsls	r0, r1, #31
10002b7c:	d507      	bpl.n	10002b8e <_ntoa_format+0x60>
10002b7e:	42a3      	cmp	r3, r4
10002b80:	d205      	bcs.n	10002b8e <_ntoa_format+0x60>
10002b82:	2b1f      	cmp	r3, #31
10002b84:	d803      	bhi.n	10002b8e <_ntoa_format+0x60>
10002b86:	2030      	movs	r0, #48	@ 0x30
10002b88:	54d0      	strb	r0, [r2, r3]
10002b8a:	3301      	adds	r3, #1
10002b8c:	e7f5      	b.n	10002b7a <_ntoa_format+0x4c>
10002b8e:	06c8      	lsls	r0, r1, #27
10002b90:	d512      	bpl.n	10002bb8 <_ntoa_format+0x8a>
10002b92:	0548      	lsls	r0, r1, #21
10002b94:	d405      	bmi.n	10002ba2 <_ntoa_format+0x74>
10002b96:	2b00      	cmp	r3, #0
10002b98:	d003      	beq.n	10002ba2 <_ntoa_format+0x74>
10002b9a:	42ab      	cmp	r3, r5
10002b9c:	d023      	beq.n	10002be6 <_ntoa_format+0xb8>
10002b9e:	42a3      	cmp	r3, r4
10002ba0:	d021      	beq.n	10002be6 <_ntoa_format+0xb8>
10002ba2:	980f      	ldr	r0, [sp, #60]	@ 0x3c
10002ba4:	2810      	cmp	r0, #16
10002ba6:	d031      	beq.n	10002c0c <_ntoa_format+0xde>
10002ba8:	980f      	ldr	r0, [sp, #60]	@ 0x3c
10002baa:	2802      	cmp	r0, #2
10002bac:	d038      	beq.n	10002c20 <_ntoa_format+0xf2>
10002bae:	2b1f      	cmp	r3, #31
10002bb0:	d80a      	bhi.n	10002bc8 <_ntoa_format+0x9a>
10002bb2:	2030      	movs	r0, #48	@ 0x30
10002bb4:	54d0      	strb	r0, [r2, r3]
10002bb6:	3301      	adds	r3, #1
10002bb8:	2b1f      	cmp	r3, #31
10002bba:	d805      	bhi.n	10002bc8 <_ntoa_format+0x9a>
10002bbc:	4660      	mov	r0, ip
10002bbe:	2800      	cmp	r0, #0
10002bc0:	d034      	beq.n	10002c2c <_ntoa_format+0xfe>
10002bc2:	202d      	movs	r0, #45	@ 0x2d
10002bc4:	54d0      	strb	r0, [r2, r3]
10002bc6:	3301      	adds	r3, #1
10002bc8:	9103      	str	r1, [sp, #12]
10002bca:	9402      	str	r4, [sp, #8]
10002bcc:	9301      	str	r3, [sp, #4]
10002bce:	9200      	str	r2, [sp, #0]
10002bd0:	464b      	mov	r3, r9
10002bd2:	4642      	mov	r2, r8
10002bd4:	0039      	movs	r1, r7
10002bd6:	0030      	movs	r0, r6
10002bd8:	f7ff ff4c 	bl	10002a74 <_out_rev>
10002bdc:	b005      	add	sp, #20
10002bde:	bcc0      	pop	{r6, r7}
10002be0:	46b9      	mov	r9, r7
10002be2:	46b0      	mov	r8, r6
10002be4:	bdf0      	pop	{r4, r5, r6, r7, pc}
10002be6:	1e58      	subs	r0, r3, #1
10002be8:	2b01      	cmp	r3, #1
10002bea:	d017      	beq.n	10002c1c <_ntoa_format+0xee>
10002bec:	9d0f      	ldr	r5, [sp, #60]	@ 0x3c
10002bee:	2d10      	cmp	r5, #16
10002bf0:	d00b      	beq.n	10002c0a <_ntoa_format+0xdc>
10002bf2:	0003      	movs	r3, r0
10002bf4:	980f      	ldr	r0, [sp, #60]	@ 0x3c
10002bf6:	2810      	cmp	r0, #16
10002bf8:	d1d6      	bne.n	10002ba8 <_ntoa_format+0x7a>
10002bfa:	0688      	lsls	r0, r1, #26
10002bfc:	d5d4      	bpl.n	10002ba8 <_ntoa_format+0x7a>
10002bfe:	2b1f      	cmp	r3, #31
10002c00:	d8d2      	bhi.n	10002ba8 <_ntoa_format+0x7a>
10002c02:	2058      	movs	r0, #88	@ 0x58
10002c04:	54d0      	strb	r0, [r2, r3]
10002c06:	3301      	adds	r3, #1
10002c08:	e7d1      	b.n	10002bae <_ntoa_format+0x80>
10002c0a:	3b02      	subs	r3, #2
10002c0c:	0688      	lsls	r0, r1, #26
10002c0e:	d4f1      	bmi.n	10002bf4 <_ntoa_format+0xc6>
10002c10:	2b1f      	cmp	r3, #31
10002c12:	d8ef      	bhi.n	10002bf4 <_ntoa_format+0xc6>
10002c14:	2078      	movs	r0, #120	@ 0x78
10002c16:	54d0      	strb	r0, [r2, r3]
10002c18:	3301      	adds	r3, #1
10002c1a:	e7c8      	b.n	10002bae <_ntoa_format+0x80>
10002c1c:	0003      	movs	r3, r0
10002c1e:	e7c0      	b.n	10002ba2 <_ntoa_format+0x74>
10002c20:	2b1f      	cmp	r3, #31
10002c22:	d8d1      	bhi.n	10002bc8 <_ntoa_format+0x9a>
10002c24:	3060      	adds	r0, #96	@ 0x60
10002c26:	54d0      	strb	r0, [r2, r3]
10002c28:	3301      	adds	r3, #1
10002c2a:	e7c0      	b.n	10002bae <_ntoa_format+0x80>
10002c2c:	0748      	lsls	r0, r1, #29
10002c2e:	d503      	bpl.n	10002c38 <_ntoa_format+0x10a>
10002c30:	202b      	movs	r0, #43	@ 0x2b
10002c32:	54d0      	strb	r0, [r2, r3]
10002c34:	3301      	adds	r3, #1
10002c36:	e7c7      	b.n	10002bc8 <_ntoa_format+0x9a>
10002c38:	0708      	lsls	r0, r1, #28
10002c3a:	d5c5      	bpl.n	10002bc8 <_ntoa_format+0x9a>
10002c3c:	2020      	movs	r0, #32
10002c3e:	54d0      	strb	r0, [r2, r3]
10002c40:	3301      	adds	r3, #1
10002c42:	e7c1      	b.n	10002bc8 <_ntoa_format+0x9a>

10002c44 <_ntoa_long>:
10002c44:	b5f0      	push	{r4, r5, r6, r7, lr}
10002c46:	46de      	mov	lr, fp
10002c48:	4657      	mov	r7, sl
10002c4a:	464e      	mov	r6, r9
10002c4c:	4645      	mov	r5, r8
10002c4e:	b5e0      	push	{r5, r6, r7, lr}
10002c50:	b093      	sub	sp, #76	@ 0x4c
10002c52:	4680      	mov	r8, r0
10002c54:	4689      	mov	r9, r1
10002c56:	4692      	mov	sl, r2
10002c58:	469b      	mov	fp, r3
10002c5a:	ab1c      	add	r3, sp, #112	@ 0x70
10002c5c:	cb10      	ldmia	r3!, {r4}
10002c5e:	781b      	ldrb	r3, [r3, #0]
10002c60:	9309      	str	r3, [sp, #36]	@ 0x24
10002c62:	9d1e      	ldr	r5, [sp, #120]	@ 0x78
10002c64:	2c00      	cmp	r4, #0
10002c66:	d103      	bne.n	10002c70 <_ntoa_long+0x2c>
10002c68:	2310      	movs	r3, #16
10002c6a:	9a21      	ldr	r2, [sp, #132]	@ 0x84
10002c6c:	439a      	bics	r2, r3
10002c6e:	9221      	str	r2, [sp, #132]	@ 0x84
10002c70:	2380      	movs	r3, #128	@ 0x80
10002c72:	00db      	lsls	r3, r3, #3
10002c74:	9e21      	ldr	r6, [sp, #132]	@ 0x84
10002c76:	401e      	ands	r6, r3
10002c78:	9a21      	ldr	r2, [sp, #132]	@ 0x84
10002c7a:	421a      	tst	r2, r3
10002c7c:	d018      	beq.n	10002cb0 <_ntoa_long+0x6c>
10002c7e:	2c00      	cmp	r4, #0
10002c80:	d022      	beq.n	10002cc8 <_ntoa_long+0x84>
10002c82:	2600      	movs	r6, #0
10002c84:	e014      	b.n	10002cb0 <_ntoa_long+0x6c>
10002c86:	9a21      	ldr	r2, [sp, #132]	@ 0x84
10002c88:	0692      	lsls	r2, r2, #26
10002c8a:	d51b      	bpl.n	10002cc4 <_ntoa_long+0x80>
10002c8c:	2141      	movs	r1, #65	@ 0x41
10002c8e:	18c9      	adds	r1, r1, r3
10002c90:	b2c9      	uxtb	r1, r1
10002c92:	390a      	subs	r1, #10
10002c94:	b2c9      	uxtb	r1, r1
10002c96:	1c77      	adds	r7, r6, #1
10002c98:	ab0a      	add	r3, sp, #40	@ 0x28
10002c9a:	5599      	strb	r1, [r3, r6]
10002c9c:	0029      	movs	r1, r5
10002c9e:	0020      	movs	r0, r4
10002ca0:	f7fe ffcc 	bl	10001c3c <__wrap___aeabi_uidiv>
10002ca4:	42ac      	cmp	r4, r5
10002ca6:	d310      	bcc.n	10002cca <_ntoa_long+0x86>
10002ca8:	2f1f      	cmp	r7, #31
10002caa:	d80e      	bhi.n	10002cca <_ntoa_long+0x86>
10002cac:	003e      	movs	r6, r7
10002cae:	0004      	movs	r4, r0
10002cb0:	0029      	movs	r1, r5
10002cb2:	0020      	movs	r0, r4
10002cb4:	f7fe ffc2 	bl	10001c3c <__wrap___aeabi_uidiv>
10002cb8:	b2cb      	uxtb	r3, r1
10002cba:	2b09      	cmp	r3, #9
10002cbc:	d8e3      	bhi.n	10002c86 <_ntoa_long+0x42>
10002cbe:	3330      	adds	r3, #48	@ 0x30
10002cc0:	b2d9      	uxtb	r1, r3
10002cc2:	e7e8      	b.n	10002c96 <_ntoa_long+0x52>
10002cc4:	2161      	movs	r1, #97	@ 0x61
10002cc6:	e7e2      	b.n	10002c8e <_ntoa_long+0x4a>
10002cc8:	0027      	movs	r7, r4
10002cca:	9b21      	ldr	r3, [sp, #132]	@ 0x84
10002ccc:	9306      	str	r3, [sp, #24]
10002cce:	9b20      	ldr	r3, [sp, #128]	@ 0x80
10002cd0:	9305      	str	r3, [sp, #20]
10002cd2:	9b1f      	ldr	r3, [sp, #124]	@ 0x7c
10002cd4:	9304      	str	r3, [sp, #16]
10002cd6:	9503      	str	r5, [sp, #12]
10002cd8:	9b09      	ldr	r3, [sp, #36]	@ 0x24
10002cda:	9302      	str	r3, [sp, #8]
10002cdc:	9701      	str	r7, [sp, #4]
10002cde:	ab0a      	add	r3, sp, #40	@ 0x28
10002ce0:	9300      	str	r3, [sp, #0]
10002ce2:	465b      	mov	r3, fp
10002ce4:	4652      	mov	r2, sl
10002ce6:	4649      	mov	r1, r9
10002ce8:	4640      	mov	r0, r8
10002cea:	f7ff ff20 	bl	10002b2e <_ntoa_format>
10002cee:	b013      	add	sp, #76	@ 0x4c
10002cf0:	bcf0      	pop	{r4, r5, r6, r7}
10002cf2:	46bb      	mov	fp, r7
10002cf4:	46b2      	mov	sl, r6
10002cf6:	46a9      	mov	r9, r5
10002cf8:	46a0      	mov	r8, r4
10002cfa:	bdf0      	pop	{r4, r5, r6, r7, pc}

10002cfc <_ntoa_long_long>:
10002cfc:	b5f0      	push	{r4, r5, r6, r7, lr}
10002cfe:	46de      	mov	lr, fp
10002d00:	4657      	mov	r7, sl
10002d02:	464e      	mov	r6, r9
10002d04:	4645      	mov	r5, r8
10002d06:	b5e0      	push	{r5, r6, r7, lr}
10002d08:	b095      	sub	sp, #84	@ 0x54
10002d0a:	4683      	mov	fp, r0
10002d0c:	9108      	str	r1, [sp, #32]
10002d0e:	9209      	str	r2, [sp, #36]	@ 0x24
10002d10:	930a      	str	r3, [sp, #40]	@ 0x28
10002d12:	9b1e      	ldr	r3, [sp, #120]	@ 0x78
10002d14:	4699      	mov	r9, r3
10002d16:	9f1f      	ldr	r7, [sp, #124]	@ 0x7c
10002d18:	ab20      	add	r3, sp, #128	@ 0x80
10002d1a:	781b      	ldrb	r3, [r3, #0]
10002d1c:	930b      	str	r3, [sp, #44]	@ 0x2c
10002d1e:	9b22      	ldr	r3, [sp, #136]	@ 0x88
10002d20:	4698      	mov	r8, r3
10002d22:	9c23      	ldr	r4, [sp, #140]	@ 0x8c
10002d24:	464b      	mov	r3, r9
10002d26:	433b      	orrs	r3, r7
10002d28:	d103      	bne.n	10002d32 <_ntoa_long_long+0x36>
10002d2a:	3310      	adds	r3, #16
10002d2c:	9a26      	ldr	r2, [sp, #152]	@ 0x98
10002d2e:	439a      	bics	r2, r3
10002d30:	9226      	str	r2, [sp, #152]	@ 0x98
10002d32:	2380      	movs	r3, #128	@ 0x80
10002d34:	00db      	lsls	r3, r3, #3
10002d36:	9d26      	ldr	r5, [sp, #152]	@ 0x98
10002d38:	401d      	ands	r5, r3
10002d3a:	9a26      	ldr	r2, [sp, #152]	@ 0x98
10002d3c:	421a      	tst	r2, r3
10002d3e:	d008      	beq.n	10002d52 <_ntoa_long_long+0x56>
10002d40:	464b      	mov	r3, r9
10002d42:	433b      	orrs	r3, r7
10002d44:	d039      	beq.n	10002dba <_ntoa_long_long+0xbe>
10002d46:	2500      	movs	r5, #0
10002d48:	464e      	mov	r6, r9
10002d4a:	0023      	movs	r3, r4
10002d4c:	002c      	movs	r4, r5
10002d4e:	001d      	movs	r5, r3
10002d50:	e01f      	b.n	10002d92 <_ntoa_long_long+0x96>
10002d52:	464e      	mov	r6, r9
10002d54:	0023      	movs	r3, r4
10002d56:	002c      	movs	r4, r5
10002d58:	001d      	movs	r5, r3
10002d5a:	e01a      	b.n	10002d92 <_ntoa_long_long+0x96>
10002d5c:	9a26      	ldr	r2, [sp, #152]	@ 0x98
10002d5e:	0692      	lsls	r2, r2, #26
10002d60:	d523      	bpl.n	10002daa <_ntoa_long_long+0xae>
10002d62:	2241      	movs	r2, #65	@ 0x41
10002d64:	18d2      	adds	r2, r2, r3
10002d66:	b2d2      	uxtb	r2, r2
10002d68:	3a0a      	subs	r2, #10
10002d6a:	b2d2      	uxtb	r2, r2
10002d6c:	1c63      	adds	r3, r4, #1
10002d6e:	469a      	mov	sl, r3
10002d70:	ab0c      	add	r3, sp, #48	@ 0x30
10002d72:	551a      	strb	r2, [r3, r4]
10002d74:	4642      	mov	r2, r8
10002d76:	002b      	movs	r3, r5
10002d78:	0030      	movs	r0, r6
10002d7a:	0039      	movs	r1, r7
10002d7c:	f7fe ff9c 	bl	10001cb8 <__wrap___aeabi_uldivmod>
10002d80:	42bd      	cmp	r5, r7
10002d82:	d81c      	bhi.n	10002dbe <_ntoa_long_long+0xc2>
10002d84:	d013      	beq.n	10002dae <_ntoa_long_long+0xb2>
10002d86:	4653      	mov	r3, sl
10002d88:	2b1f      	cmp	r3, #31
10002d8a:	d814      	bhi.n	10002db6 <_ntoa_long_long+0xba>
10002d8c:	4654      	mov	r4, sl
10002d8e:	0006      	movs	r6, r0
10002d90:	000f      	movs	r7, r1
10002d92:	4642      	mov	r2, r8
10002d94:	002b      	movs	r3, r5
10002d96:	0030      	movs	r0, r6
10002d98:	0039      	movs	r1, r7
10002d9a:	f7fe ff8d 	bl	10001cb8 <__wrap___aeabi_uldivmod>
10002d9e:	b2d3      	uxtb	r3, r2
10002da0:	2b09      	cmp	r3, #9
10002da2:	d8db      	bhi.n	10002d5c <_ntoa_long_long+0x60>
10002da4:	3330      	adds	r3, #48	@ 0x30
10002da6:	b2da      	uxtb	r2, r3
10002da8:	e7e0      	b.n	10002d6c <_ntoa_long_long+0x70>
10002daa:	2261      	movs	r2, #97	@ 0x61
10002dac:	e7da      	b.n	10002d64 <_ntoa_long_long+0x68>
10002dae:	45b0      	cmp	r8, r6
10002db0:	d9e9      	bls.n	10002d86 <_ntoa_long_long+0x8a>
10002db2:	4656      	mov	r6, sl
10002db4:	e004      	b.n	10002dc0 <_ntoa_long_long+0xc4>
10002db6:	4656      	mov	r6, sl
10002db8:	e002      	b.n	10002dc0 <_ntoa_long_long+0xc4>
10002dba:	2600      	movs	r6, #0
10002dbc:	e000      	b.n	10002dc0 <_ntoa_long_long+0xc4>
10002dbe:	4656      	mov	r6, sl
10002dc0:	9b26      	ldr	r3, [sp, #152]	@ 0x98
10002dc2:	9306      	str	r3, [sp, #24]
10002dc4:	9b25      	ldr	r3, [sp, #148]	@ 0x94
10002dc6:	9305      	str	r3, [sp, #20]
10002dc8:	9b24      	ldr	r3, [sp, #144]	@ 0x90
10002dca:	9304      	str	r3, [sp, #16]
10002dcc:	4643      	mov	r3, r8
10002dce:	9303      	str	r3, [sp, #12]
10002dd0:	9b0b      	ldr	r3, [sp, #44]	@ 0x2c
10002dd2:	9302      	str	r3, [sp, #8]
10002dd4:	9601      	str	r6, [sp, #4]
10002dd6:	ab0c      	add	r3, sp, #48	@ 0x30
10002dd8:	9300      	str	r3, [sp, #0]
10002dda:	9b0a      	ldr	r3, [sp, #40]	@ 0x28
10002ddc:	9a09      	ldr	r2, [sp, #36]	@ 0x24
10002dde:	9908      	ldr	r1, [sp, #32]
10002de0:	4658      	mov	r0, fp
10002de2:	f7ff fea4 	bl	10002b2e <_ntoa_format>
10002de6:	b015      	add	sp, #84	@ 0x54
10002de8:	bcf0      	pop	{r4, r5, r6, r7}
10002dea:	46bb      	mov	fp, r7
10002dec:	46b2      	mov	sl, r6
10002dee:	46a9      	mov	r9, r5
10002df0:	46a0      	mov	r8, r4
10002df2:	bdf0      	pop	{r4, r5, r6, r7, pc}

10002df4 <_etoa>:
10002df4:	b5f0      	push	{r4, r5, r6, r7, lr}
10002df6:	46de      	mov	lr, fp
10002df8:	4657      	mov	r7, sl
10002dfa:	464e      	mov	r6, r9
10002dfc:	4645      	mov	r5, r8
10002dfe:	b5e0      	push	{r5, r6, r7, lr}
10002e00:	b095      	sub	sp, #84	@ 0x54
10002e02:	0004      	movs	r4, r0
10002e04:	468a      	mov	sl, r1
10002e06:	4693      	mov	fp, r2
10002e08:	4699      	mov	r9, r3
10002e0a:	9e1e      	ldr	r6, [sp, #120]	@ 0x78
10002e0c:	9f1f      	ldr	r7, [sp, #124]	@ 0x7c
10002e0e:	0032      	movs	r2, r6
10002e10:	003b      	movs	r3, r7
10002e12:	0030      	movs	r0, r6
10002e14:	0039      	movs	r1, r7
10002e16:	f7ff f9da 	bl	100021ce <__wrap___aeabi_dcmpun>
10002e1a:	2800      	cmp	r0, #0
10002e1c:	d000      	beq.n	10002e20 <_etoa+0x2c>
10002e1e:	e0fb      	b.n	10003018 <_etoa+0x224>
10002e20:	2201      	movs	r2, #1
10002e22:	4252      	negs	r2, r2
10002e24:	4bd6      	ldr	r3, [pc, #856]	@ (10003180 <_etoa+0x38c>)
10002e26:	0030      	movs	r0, r6
10002e28:	0039      	movs	r1, r7
10002e2a:	f7ff f9cb 	bl	100021c4 <__wrap___aeabi_dcmpgt>
10002e2e:	2800      	cmp	r0, #0
10002e30:	d000      	beq.n	10002e34 <_etoa+0x40>
10002e32:	e0f1      	b.n	10003018 <_etoa+0x224>
10002e34:	2201      	movs	r2, #1
10002e36:	4252      	negs	r2, r2
10002e38:	4bd2      	ldr	r3, [pc, #840]	@ (10003184 <_etoa+0x390>)
10002e3a:	0030      	movs	r0, r6
10002e3c:	0039      	movs	r1, r7
10002e3e:	f7ff f9ab 	bl	10002198 <__wrap___aeabi_dcmplt>
10002e42:	2800      	cmp	r0, #0
10002e44:	d000      	beq.n	10002e48 <_etoa+0x54>
10002e46:	e0e7      	b.n	10003018 <_etoa+0x224>
10002e48:	2200      	movs	r2, #0
10002e4a:	2300      	movs	r3, #0
10002e4c:	0030      	movs	r0, r6
10002e4e:	0039      	movs	r1, r7
10002e50:	f7ff f9a2 	bl	10002198 <__wrap___aeabi_dcmplt>
10002e54:	2800      	cmp	r0, #0
10002e56:	d000      	beq.n	10002e5a <_etoa+0x66>
10002e58:	e0f3      	b.n	10003042 <_etoa+0x24e>
10002e5a:	9606      	str	r6, [sp, #24]
10002e5c:	9707      	str	r7, [sp, #28]
10002e5e:	2380      	movs	r3, #128	@ 0x80
10002e60:	00db      	lsls	r3, r3, #3
10002e62:	9a22      	ldr	r2, [sp, #136]	@ 0x88
10002e64:	401a      	ands	r2, r3
10002e66:	9211      	str	r2, [sp, #68]	@ 0x44
10002e68:	9a22      	ldr	r2, [sp, #136]	@ 0x88
10002e6a:	421a      	tst	r2, r3
10002e6c:	d101      	bne.n	10002e72 <_etoa+0x7e>
10002e6e:	2306      	movs	r3, #6
10002e70:	9320      	str	r3, [sp, #128]	@ 0x80
10002e72:	9806      	ldr	r0, [sp, #24]
10002e74:	9907      	ldr	r1, [sp, #28]
10002e76:	0002      	movs	r2, r0
10002e78:	000b      	movs	r3, r1
10002e7a:	920a      	str	r2, [sp, #40]	@ 0x28
10002e7c:	930b      	str	r3, [sp, #44]	@ 0x2c
10002e7e:	0003      	movs	r3, r0
10002e80:	000a      	movs	r2, r1
10002e82:	4302      	orrs	r2, r0
10002e84:	d100      	bne.n	10002e88 <_etoa+0x94>
10002e86:	e0e8      	b.n	1000305a <_etoa+0x266>
10002e88:	0d08      	lsrs	r0, r1, #20
10002e8a:	0540      	lsls	r0, r0, #21
10002e8c:	0d40      	lsrs	r0, r0, #21
10002e8e:	4dbe      	ldr	r5, [pc, #760]	@ (10003188 <_etoa+0x394>)
10002e90:	46ac      	mov	ip, r5
10002e92:	4460      	add	r0, ip
10002e94:	0005      	movs	r5, r0
10002e96:	9807      	ldr	r0, [sp, #28]
10002e98:	0302      	lsls	r2, r0, #12
10002e9a:	0b12      	lsrs	r2, r2, #12
10002e9c:	2000      	movs	r0, #0
10002e9e:	2100      	movs	r1, #0
10002ea0:	9008      	str	r0, [sp, #32]
10002ea2:	9109      	str	r1, [sp, #36]	@ 0x24
10002ea4:	9308      	str	r3, [sp, #32]
10002ea6:	4bb9      	ldr	r3, [pc, #740]	@ (1000318c <_etoa+0x398>)
10002ea8:	4313      	orrs	r3, r2
10002eaa:	9309      	str	r3, [sp, #36]	@ 0x24
10002eac:	0028      	movs	r0, r5
10002eae:	f7ff f99f 	bl	100021f0 <__wrap___aeabi_i2d>
10002eb2:	4ab7      	ldr	r2, [pc, #732]	@ (10003190 <_etoa+0x39c>)
10002eb4:	4bb7      	ldr	r3, [pc, #732]	@ (10003194 <_etoa+0x3a0>)
10002eb6:	f7ff f92c 	bl	10002112 <__wrap___aeabi_dmul>
10002eba:	4ab7      	ldr	r2, [pc, #732]	@ (10003198 <_etoa+0x3a4>)
10002ebc:	4bb7      	ldr	r3, [pc, #732]	@ (1000319c <_etoa+0x3a8>)
10002ebe:	f7ff f901 	bl	100020c4 <__wrap___aeabi_dadd>
10002ec2:	900a      	str	r0, [sp, #40]	@ 0x28
10002ec4:	910b      	str	r1, [sp, #44]	@ 0x2c
10002ec6:	2200      	movs	r2, #0
10002ec8:	4bb5      	ldr	r3, [pc, #724]	@ (100031a0 <_etoa+0x3ac>)
10002eca:	9808      	ldr	r0, [sp, #32]
10002ecc:	9909      	ldr	r1, [sp, #36]	@ 0x24
10002ece:	f7ff f8f0 	bl	100020b2 <__wrap___aeabi_dsub>
10002ed2:	4ab4      	ldr	r2, [pc, #720]	@ (100031a4 <_etoa+0x3b0>)
10002ed4:	4bb4      	ldr	r3, [pc, #720]	@ (100031a8 <_etoa+0x3b4>)
10002ed6:	f7ff f91c 	bl	10002112 <__wrap___aeabi_dmul>
10002eda:	0002      	movs	r2, r0
10002edc:	000b      	movs	r3, r1
10002ede:	980a      	ldr	r0, [sp, #40]	@ 0x28
10002ee0:	990b      	ldr	r1, [sp, #44]	@ 0x2c
10002ee2:	f7ff f8ef 	bl	100020c4 <__wrap___aeabi_dadd>
10002ee6:	f7ff f99b 	bl	10002220 <__wrap___aeabi_d2iz>
10002eea:	4680      	mov	r8, r0
10002eec:	9008      	str	r0, [sp, #32]
10002eee:	f7ff f97f 	bl	100021f0 <__wrap___aeabi_i2d>
10002ef2:	4aae      	ldr	r2, [pc, #696]	@ (100031ac <_etoa+0x3b8>)
10002ef4:	4bae      	ldr	r3, [pc, #696]	@ (100031b0 <_etoa+0x3bc>)
10002ef6:	900a      	str	r0, [sp, #40]	@ 0x28
10002ef8:	910b      	str	r1, [sp, #44]	@ 0x2c
10002efa:	f7ff f90a 	bl	10002112 <__wrap___aeabi_dmul>
10002efe:	2200      	movs	r2, #0
10002f00:	4bac      	ldr	r3, [pc, #688]	@ (100031b4 <_etoa+0x3c0>)
10002f02:	f7ff f8df 	bl	100020c4 <__wrap___aeabi_dadd>
10002f06:	f7ff f98b 	bl	10002220 <__wrap___aeabi_d2iz>
10002f0a:	0005      	movs	r5, r0
10002f0c:	4aaa      	ldr	r2, [pc, #680]	@ (100031b8 <_etoa+0x3c4>)
10002f0e:	4bab      	ldr	r3, [pc, #684]	@ (100031bc <_etoa+0x3c8>)
10002f10:	980a      	ldr	r0, [sp, #40]	@ 0x28
10002f12:	990b      	ldr	r1, [sp, #44]	@ 0x2c
10002f14:	f7ff f8fd 	bl	10002112 <__wrap___aeabi_dmul>
10002f18:	900a      	str	r0, [sp, #40]	@ 0x28
10002f1a:	910b      	str	r1, [sp, #44]	@ 0x2c
10002f1c:	0028      	movs	r0, r5
10002f1e:	f7ff f967 	bl	100021f0 <__wrap___aeabi_i2d>
10002f22:	4aa7      	ldr	r2, [pc, #668]	@ (100031c0 <_etoa+0x3cc>)
10002f24:	4ba7      	ldr	r3, [pc, #668]	@ (100031c4 <_etoa+0x3d0>)
10002f26:	f7ff f8f4 	bl	10002112 <__wrap___aeabi_dmul>
10002f2a:	0002      	movs	r2, r0
10002f2c:	000b      	movs	r3, r1
10002f2e:	980a      	ldr	r0, [sp, #40]	@ 0x28
10002f30:	990b      	ldr	r1, [sp, #44]	@ 0x2c
10002f32:	f7ff f8be 	bl	100020b2 <__wrap___aeabi_dsub>
10002f36:	0002      	movs	r2, r0
10002f38:	000b      	movs	r3, r1
10002f3a:	900a      	str	r0, [sp, #40]	@ 0x28
10002f3c:	910b      	str	r1, [sp, #44]	@ 0x2c
10002f3e:	f7ff f8e8 	bl	10002112 <__wrap___aeabi_dmul>
10002f42:	900e      	str	r0, [sp, #56]	@ 0x38
10002f44:	910f      	str	r1, [sp, #60]	@ 0x3c
10002f46:	002b      	movs	r3, r5
10002f48:	4d9f      	ldr	r5, [pc, #636]	@ (100031c8 <_etoa+0x3d4>)
10002f4a:	46ac      	mov	ip, r5
10002f4c:	4463      	add	r3, ip
10002f4e:	2100      	movs	r1, #0
10002f50:	2200      	movs	r2, #0
10002f52:	910c      	str	r1, [sp, #48]	@ 0x30
10002f54:	920d      	str	r2, [sp, #52]	@ 0x34
10002f56:	051b      	lsls	r3, r3, #20
10002f58:	930d      	str	r3, [sp, #52]	@ 0x34
10002f5a:	2300      	movs	r3, #0
10002f5c:	930c      	str	r3, [sp, #48]	@ 0x30
10002f5e:	980a      	ldr	r0, [sp, #40]	@ 0x28
10002f60:	990b      	ldr	r1, [sp, #44]	@ 0x2c
10002f62:	0002      	movs	r2, r0
10002f64:	000b      	movs	r3, r1
10002f66:	f7ff f8ad 	bl	100020c4 <__wrap___aeabi_dadd>
10002f6a:	9012      	str	r0, [sp, #72]	@ 0x48
10002f6c:	9113      	str	r1, [sp, #76]	@ 0x4c
10002f6e:	9a0a      	ldr	r2, [sp, #40]	@ 0x28
10002f70:	9b0b      	ldr	r3, [sp, #44]	@ 0x2c
10002f72:	2000      	movs	r0, #0
10002f74:	2180      	movs	r1, #128	@ 0x80
10002f76:	05c9      	lsls	r1, r1, #23
10002f78:	f7ff f89b 	bl	100020b2 <__wrap___aeabi_dsub>
10002f7c:	900a      	str	r0, [sp, #40]	@ 0x28
10002f7e:	910b      	str	r1, [sp, #44]	@ 0x2c
10002f80:	2200      	movs	r2, #0
10002f82:	4b92      	ldr	r3, [pc, #584]	@ (100031cc <_etoa+0x3d8>)
10002f84:	980e      	ldr	r0, [sp, #56]	@ 0x38
10002f86:	990f      	ldr	r1, [sp, #60]	@ 0x3c
10002f88:	f7ff f8a5 	bl	100020d6 <__wrap___aeabi_ddiv>
10002f8c:	2200      	movs	r2, #0
10002f8e:	4b90      	ldr	r3, [pc, #576]	@ (100031d0 <_etoa+0x3dc>)
10002f90:	f7ff f898 	bl	100020c4 <__wrap___aeabi_dadd>
10002f94:	0002      	movs	r2, r0
10002f96:	000b      	movs	r3, r1
10002f98:	980e      	ldr	r0, [sp, #56]	@ 0x38
10002f9a:	990f      	ldr	r1, [sp, #60]	@ 0x3c
10002f9c:	f7ff f89b 	bl	100020d6 <__wrap___aeabi_ddiv>
10002fa0:	2200      	movs	r2, #0
10002fa2:	4b8c      	ldr	r3, [pc, #560]	@ (100031d4 <_etoa+0x3e0>)
10002fa4:	f7ff f88e 	bl	100020c4 <__wrap___aeabi_dadd>
10002fa8:	0002      	movs	r2, r0
10002faa:	000b      	movs	r3, r1
10002fac:	980e      	ldr	r0, [sp, #56]	@ 0x38
10002fae:	990f      	ldr	r1, [sp, #60]	@ 0x3c
10002fb0:	f7ff f891 	bl	100020d6 <__wrap___aeabi_ddiv>
10002fb4:	0002      	movs	r2, r0
10002fb6:	000b      	movs	r3, r1
10002fb8:	980a      	ldr	r0, [sp, #40]	@ 0x28
10002fba:	990b      	ldr	r1, [sp, #44]	@ 0x2c
10002fbc:	f7ff f882 	bl	100020c4 <__wrap___aeabi_dadd>
10002fc0:	0002      	movs	r2, r0
10002fc2:	000b      	movs	r3, r1
10002fc4:	9812      	ldr	r0, [sp, #72]	@ 0x48
10002fc6:	9913      	ldr	r1, [sp, #76]	@ 0x4c
10002fc8:	f7ff f885 	bl	100020d6 <__wrap___aeabi_ddiv>
10002fcc:	2200      	movs	r2, #0
10002fce:	4b6f      	ldr	r3, [pc, #444]	@ (1000318c <_etoa+0x398>)
10002fd0:	f7ff f878 	bl	100020c4 <__wrap___aeabi_dadd>
10002fd4:	9a0c      	ldr	r2, [sp, #48]	@ 0x30
10002fd6:	9b0d      	ldr	r3, [sp, #52]	@ 0x34
10002fd8:	f7ff f89b 	bl	10002112 <__wrap___aeabi_dmul>
10002fdc:	0002      	movs	r2, r0
10002fde:	000b      	movs	r3, r1
10002fe0:	920a      	str	r2, [sp, #40]	@ 0x28
10002fe2:	930b      	str	r3, [sp, #44]	@ 0x2c
10002fe4:	9a06      	ldr	r2, [sp, #24]
10002fe6:	9b07      	ldr	r3, [sp, #28]
10002fe8:	900c      	str	r0, [sp, #48]	@ 0x30
10002fea:	910d      	str	r1, [sp, #52]	@ 0x34
10002fec:	f7ff f8ea 	bl	100021c4 <__wrap___aeabi_dcmpgt>
10002ff0:	2800      	cmp	r0, #0
10002ff2:	d00a      	beq.n	1000300a <_etoa+0x216>
10002ff4:	4643      	mov	r3, r8
10002ff6:	3b01      	subs	r3, #1
10002ff8:	9308      	str	r3, [sp, #32]
10002ffa:	2200      	movs	r2, #0
10002ffc:	4b74      	ldr	r3, [pc, #464]	@ (100031d0 <_etoa+0x3dc>)
10002ffe:	980c      	ldr	r0, [sp, #48]	@ 0x30
10003000:	990d      	ldr	r1, [sp, #52]	@ 0x34
10003002:	f7ff f868 	bl	100020d6 <__wrap___aeabi_ddiv>
10003006:	900a      	str	r0, [sp, #40]	@ 0x28
10003008:	910b      	str	r1, [sp, #44]	@ 0x2c
1000300a:	9b08      	ldr	r3, [sp, #32]
1000300c:	3363      	adds	r3, #99	@ 0x63
1000300e:	2bc6      	cmp	r3, #198	@ 0xc6
10003010:	d849      	bhi.n	100030a6 <_etoa+0x2b2>
10003012:	2304      	movs	r3, #4
10003014:	001d      	movs	r5, r3
10003016:	e024      	b.n	10003062 <_etoa+0x26e>
10003018:	9b22      	ldr	r3, [sp, #136]	@ 0x88
1000301a:	9304      	str	r3, [sp, #16]
1000301c:	9b21      	ldr	r3, [sp, #132]	@ 0x84
1000301e:	9303      	str	r3, [sp, #12]
10003020:	9b20      	ldr	r3, [sp, #128]	@ 0x80
10003022:	9302      	str	r3, [sp, #8]
10003024:	9600      	str	r6, [sp, #0]
10003026:	9701      	str	r7, [sp, #4]
10003028:	464b      	mov	r3, r9
1000302a:	465a      	mov	r2, fp
1000302c:	4651      	mov	r1, sl
1000302e:	0020      	movs	r0, r4
10003030:	f000 f904 	bl	1000323c <_ftoa>
10003034:	b015      	add	sp, #84	@ 0x54
10003036:	bcf0      	pop	{r4, r5, r6, r7}
10003038:	46bb      	mov	fp, r7
1000303a:	46b2      	mov	sl, r6
1000303c:	46a9      	mov	r9, r5
1000303e:	46a0      	mov	r8, r4
10003040:	bdf0      	pop	{r4, r5, r6, r7, pc}
10003042:	2100      	movs	r1, #0
10003044:	2200      	movs	r2, #0
10003046:	9106      	str	r1, [sp, #24]
10003048:	9207      	str	r2, [sp, #28]
1000304a:	9606      	str	r6, [sp, #24]
1000304c:	2380      	movs	r3, #128	@ 0x80
1000304e:	061b      	lsls	r3, r3, #24
10003050:	469c      	mov	ip, r3
10003052:	44bc      	add	ip, r7
10003054:	4663      	mov	r3, ip
10003056:	9307      	str	r3, [sp, #28]
10003058:	e701      	b.n	10002e5e <_etoa+0x6a>
1000305a:	2300      	movs	r3, #0
1000305c:	9308      	str	r3, [sp, #32]
1000305e:	3304      	adds	r3, #4
10003060:	001d      	movs	r5, r3
10003062:	9b22      	ldr	r3, [sp, #136]	@ 0x88
10003064:	051b      	lsls	r3, r3, #20
10003066:	d52b      	bpl.n	100030c0 <_etoa+0x2cc>
10003068:	9a0a      	ldr	r2, [sp, #40]	@ 0x28
1000306a:	9b0b      	ldr	r3, [sp, #44]	@ 0x2c
1000306c:	0019      	movs	r1, r3
1000306e:	4311      	orrs	r1, r2
10003070:	d011      	beq.n	10003096 <_etoa+0x2a2>
10003072:	4a59      	ldr	r2, [pc, #356]	@ (100031d8 <_etoa+0x3e4>)
10003074:	4b59      	ldr	r3, [pc, #356]	@ (100031dc <_etoa+0x3e8>)
10003076:	9806      	ldr	r0, [sp, #24]
10003078:	9907      	ldr	r1, [sp, #28]
1000307a:	f7ff f89b 	bl	100021b4 <__wrap___aeabi_dcmpge>
1000307e:	2800      	cmp	r0, #0
10003080:	d100      	bne.n	10003084 <_etoa+0x290>
10003082:	e0b1      	b.n	100031e8 <_etoa+0x3f4>
10003084:	2200      	movs	r2, #0
10003086:	4b56      	ldr	r3, [pc, #344]	@ (100031e0 <_etoa+0x3ec>)
10003088:	9806      	ldr	r0, [sp, #24]
1000308a:	9907      	ldr	r1, [sp, #28]
1000308c:	f7ff f884 	bl	10002198 <__wrap___aeabi_dcmplt>
10003090:	2800      	cmp	r0, #0
10003092:	d100      	bne.n	10003096 <_etoa+0x2a2>
10003094:	e0a8      	b.n	100031e8 <_etoa+0x3f4>
10003096:	9a20      	ldr	r2, [sp, #128]	@ 0x80
10003098:	9b08      	ldr	r3, [sp, #32]
1000309a:	429a      	cmp	r2, r3
1000309c:	dd06      	ble.n	100030ac <_etoa+0x2b8>
1000309e:	1ad3      	subs	r3, r2, r3
100030a0:	3b01      	subs	r3, #1
100030a2:	9320      	str	r3, [sp, #128]	@ 0x80
100030a4:	e004      	b.n	100030b0 <_etoa+0x2bc>
100030a6:	2305      	movs	r3, #5
100030a8:	001d      	movs	r5, r3
100030aa:	e7da      	b.n	10003062 <_etoa+0x26e>
100030ac:	2300      	movs	r3, #0
100030ae:	9320      	str	r3, [sp, #128]	@ 0x80
100030b0:	2380      	movs	r3, #128	@ 0x80
100030b2:	00db      	lsls	r3, r3, #3
100030b4:	9a22      	ldr	r2, [sp, #136]	@ 0x88
100030b6:	431a      	orrs	r2, r3
100030b8:	9222      	str	r2, [sp, #136]	@ 0x88
100030ba:	2300      	movs	r3, #0
100030bc:	001d      	movs	r5, r3
100030be:	9308      	str	r3, [sp, #32]
100030c0:	9a21      	ldr	r2, [sp, #132]	@ 0x84
100030c2:	4295      	cmp	r5, r2
100030c4:	d300      	bcc.n	100030c8 <_etoa+0x2d4>
100030c6:	e09b      	b.n	10003200 <_etoa+0x40c>
100030c8:	1b53      	subs	r3, r2, r5
100030ca:	4698      	mov	r8, r3
100030cc:	2302      	movs	r3, #2
100030ce:	9a22      	ldr	r2, [sp, #136]	@ 0x88
100030d0:	401a      	ands	r2, r3
100030d2:	920c      	str	r2, [sp, #48]	@ 0x30
100030d4:	9a22      	ldr	r2, [sp, #136]	@ 0x88
100030d6:	4213      	tst	r3, r2
100030d8:	d003      	beq.n	100030e2 <_etoa+0x2ee>
100030da:	2d00      	cmp	r5, #0
100030dc:	d001      	beq.n	100030e2 <_etoa+0x2ee>
100030de:	2300      	movs	r3, #0
100030e0:	4698      	mov	r8, r3
100030e2:	9b08      	ldr	r3, [sp, #32]
100030e4:	2b00      	cmp	r3, #0
100030e6:	d007      	beq.n	100030f8 <_etoa+0x304>
100030e8:	9a0a      	ldr	r2, [sp, #40]	@ 0x28
100030ea:	9b0b      	ldr	r3, [sp, #44]	@ 0x2c
100030ec:	9806      	ldr	r0, [sp, #24]
100030ee:	9907      	ldr	r1, [sp, #28]
100030f0:	f7fe fff1 	bl	100020d6 <__wrap___aeabi_ddiv>
100030f4:	9006      	str	r0, [sp, #24]
100030f6:	9107      	str	r1, [sp, #28]
100030f8:	2200      	movs	r2, #0
100030fa:	2300      	movs	r3, #0
100030fc:	0030      	movs	r0, r6
100030fe:	0039      	movs	r1, r7
10003100:	f7ff f84a 	bl	10002198 <__wrap___aeabi_dcmplt>
10003104:	2800      	cmp	r0, #0
10003106:	d000      	beq.n	1000310a <_etoa+0x316>
10003108:	e07d      	b.n	10003206 <_etoa+0x412>
1000310a:	4b36      	ldr	r3, [pc, #216]	@ (100031e4 <_etoa+0x3f0>)
1000310c:	9a22      	ldr	r2, [sp, #136]	@ 0x88
1000310e:	4013      	ands	r3, r2
10003110:	9304      	str	r3, [sp, #16]
10003112:	4643      	mov	r3, r8
10003114:	9303      	str	r3, [sp, #12]
10003116:	9b20      	ldr	r3, [sp, #128]	@ 0x80
10003118:	9302      	str	r3, [sp, #8]
1000311a:	9a06      	ldr	r2, [sp, #24]
1000311c:	9b07      	ldr	r3, [sp, #28]
1000311e:	9200      	str	r2, [sp, #0]
10003120:	9301      	str	r3, [sp, #4]
10003122:	464b      	mov	r3, r9
10003124:	465a      	mov	r2, fp
10003126:	4651      	mov	r1, sl
10003128:	0020      	movs	r0, r4
1000312a:	f000 f887 	bl	1000323c <_ftoa>
1000312e:	2d00      	cmp	r5, #0
10003130:	d100      	bne.n	10003134 <_etoa+0x340>
10003132:	e77f      	b.n	10003034 <_etoa+0x240>
10003134:	9b22      	ldr	r3, [sp, #136]	@ 0x88
10003136:	069b      	lsls	r3, r3, #26
10003138:	d571      	bpl.n	1000321e <_etoa+0x42a>
1000313a:	2745      	movs	r7, #69	@ 0x45
1000313c:	1c46      	adds	r6, r0, #1
1000313e:	464b      	mov	r3, r9
10003140:	0002      	movs	r2, r0
10003142:	4651      	mov	r1, sl
10003144:	0038      	movs	r0, r7
10003146:	47a0      	blx	r4
10003148:	9808      	ldr	r0, [sp, #32]
1000314a:	17c3      	asrs	r3, r0, #31
1000314c:	18c2      	adds	r2, r0, r3
1000314e:	405a      	eors	r2, r3
10003150:	2305      	movs	r3, #5
10003152:	9305      	str	r3, [sp, #20]
10003154:	3d01      	subs	r5, #1
10003156:	9504      	str	r5, [sp, #16]
10003158:	2300      	movs	r3, #0
1000315a:	9303      	str	r3, [sp, #12]
1000315c:	330a      	adds	r3, #10
1000315e:	9302      	str	r3, [sp, #8]
10003160:	0fc3      	lsrs	r3, r0, #31
10003162:	9301      	str	r3, [sp, #4]
10003164:	9200      	str	r2, [sp, #0]
10003166:	464b      	mov	r3, r9
10003168:	0032      	movs	r2, r6
1000316a:	4651      	mov	r1, sl
1000316c:	0020      	movs	r0, r4
1000316e:	f7ff fd69 	bl	10002c44 <_ntoa_long>
10003172:	9b0c      	ldr	r3, [sp, #48]	@ 0x30
10003174:	2b00      	cmp	r3, #0
10003176:	d100      	bne.n	1000317a <_etoa+0x386>
10003178:	e75c      	b.n	10003034 <_etoa+0x240>
1000317a:	0002      	movs	r2, r0
1000317c:	9f21      	ldr	r7, [sp, #132]	@ 0x84
1000317e:	e056      	b.n	1000322e <_etoa+0x43a>
10003180:	7fefffff 	.word	0x7fefffff
10003184:	ffefffff 	.word	0xffefffff
10003188:	fffffc01 	.word	0xfffffc01
1000318c:	3ff00000 	.word	0x3ff00000
10003190:	509f79fb 	.word	0x509f79fb
10003194:	3fd34413 	.word	0x3fd34413
10003198:	8b60c8b3 	.word	0x8b60c8b3
1000319c:	3fc68a28 	.word	0x3fc68a28
100031a0:	3ff80000 	.word	0x3ff80000
100031a4:	636f4361 	.word	0x636f4361
100031a8:	3fd287a7 	.word	0x3fd287a7
100031ac:	0979a371 	.word	0x0979a371
100031b0:	400a934f 	.word	0x400a934f
100031b4:	3fe00000 	.word	0x3fe00000
100031b8:	bbb55516 	.word	0xbbb55516
100031bc:	40026bb1 	.word	0x40026bb1
100031c0:	fefa39ef 	.word	0xfefa39ef
100031c4:	3fe62e42 	.word	0x3fe62e42
100031c8:	000003ff 	.word	0x000003ff
100031cc:	402c0000 	.word	0x402c0000
100031d0:	40240000 	.word	0x40240000
100031d4:	40180000 	.word	0x40180000
100031d8:	eb1c432d 	.word	0xeb1c432d
100031dc:	3f1a36e2 	.word	0x3f1a36e2
100031e0:	412e8480 	.word	0x412e8480
100031e4:	fffff7ff 	.word	0xfffff7ff
100031e8:	9b20      	ldr	r3, [sp, #128]	@ 0x80
100031ea:	2b00      	cmp	r3, #0
100031ec:	d100      	bne.n	100031f0 <_etoa+0x3fc>
100031ee:	e767      	b.n	100030c0 <_etoa+0x2cc>
100031f0:	9b11      	ldr	r3, [sp, #68]	@ 0x44
100031f2:	2b00      	cmp	r3, #0
100031f4:	d100      	bne.n	100031f8 <_etoa+0x404>
100031f6:	e763      	b.n	100030c0 <_etoa+0x2cc>
100031f8:	9b20      	ldr	r3, [sp, #128]	@ 0x80
100031fa:	3b01      	subs	r3, #1
100031fc:	9320      	str	r3, [sp, #128]	@ 0x80
100031fe:	e75f      	b.n	100030c0 <_etoa+0x2cc>
10003200:	2300      	movs	r3, #0
10003202:	4698      	mov	r8, r3
10003204:	e762      	b.n	100030cc <_etoa+0x2d8>
10003206:	9e06      	ldr	r6, [sp, #24]
10003208:	9f07      	ldr	r7, [sp, #28]
1000320a:	0032      	movs	r2, r6
1000320c:	0039      	movs	r1, r7
1000320e:	2080      	movs	r0, #128	@ 0x80
10003210:	0600      	lsls	r0, r0, #24
10003212:	4684      	mov	ip, r0
10003214:	4461      	add	r1, ip
10003216:	000b      	movs	r3, r1
10003218:	9206      	str	r2, [sp, #24]
1000321a:	9307      	str	r3, [sp, #28]
1000321c:	e775      	b.n	1000310a <_etoa+0x316>
1000321e:	2765      	movs	r7, #101	@ 0x65
10003220:	e78c      	b.n	1000313c <_etoa+0x348>
10003222:	1c56      	adds	r6, r2, #1
10003224:	464b      	mov	r3, r9
10003226:	4651      	mov	r1, sl
10003228:	2020      	movs	r0, #32
1000322a:	47a0      	blx	r4
1000322c:	0032      	movs	r2, r6
1000322e:	465b      	mov	r3, fp
10003230:	1ad3      	subs	r3, r2, r3
10003232:	42bb      	cmp	r3, r7
10003234:	d3f5      	bcc.n	10003222 <_etoa+0x42e>
10003236:	0010      	movs	r0, r2
10003238:	e6fc      	b.n	10003034 <_etoa+0x240>
1000323a:	46c0      	nop			@ (mov r8, r8)

1000323c <_ftoa>:
1000323c:	b5f0      	push	{r4, r5, r6, r7, lr}
1000323e:	46de      	mov	lr, fp
10003240:	4657      	mov	r7, sl
10003242:	464e      	mov	r6, r9
10003244:	4645      	mov	r5, r8
10003246:	b5e0      	push	{r5, r6, r7, lr}
10003248:	b095      	sub	sp, #84	@ 0x54
1000324a:	4681      	mov	r9, r0
1000324c:	468a      	mov	sl, r1
1000324e:	4693      	mov	fp, r2
10003250:	930a      	str	r3, [sp, #40]	@ 0x28
10003252:	9f20      	ldr	r7, [sp, #128]	@ 0x80
10003254:	9a1e      	ldr	r2, [sp, #120]	@ 0x78
10003256:	9b1f      	ldr	r3, [sp, #124]	@ 0x7c
10003258:	0010      	movs	r0, r2
1000325a:	0019      	movs	r1, r3
1000325c:	f7fe ffb7 	bl	100021ce <__wrap___aeabi_dcmpun>
10003260:	2800      	cmp	r0, #0
10003262:	d131      	bne.n	100032c8 <_ftoa+0x8c>
10003264:	2201      	movs	r2, #1
10003266:	4252      	negs	r2, r2
10003268:	4bba      	ldr	r3, [pc, #744]	@ (10003554 <_ftoa+0x318>)
1000326a:	981e      	ldr	r0, [sp, #120]	@ 0x78
1000326c:	991f      	ldr	r1, [sp, #124]	@ 0x7c
1000326e:	f7fe ff93 	bl	10002198 <__wrap___aeabi_dcmplt>
10003272:	2800      	cmp	r0, #0
10003274:	d137      	bne.n	100032e6 <_ftoa+0xaa>
10003276:	2201      	movs	r2, #1
10003278:	4252      	negs	r2, r2
1000327a:	4bb7      	ldr	r3, [pc, #732]	@ (10003558 <_ftoa+0x31c>)
1000327c:	981e      	ldr	r0, [sp, #120]	@ 0x78
1000327e:	991f      	ldr	r1, [sp, #124]	@ 0x7c
10003280:	f7fe ffa0 	bl	100021c4 <__wrap___aeabi_dcmpgt>
10003284:	2800      	cmp	r0, #0
10003286:	d13d      	bne.n	10003304 <_ftoa+0xc8>
10003288:	2200      	movs	r2, #0
1000328a:	4bb4      	ldr	r3, [pc, #720]	@ (1000355c <_ftoa+0x320>)
1000328c:	981e      	ldr	r0, [sp, #120]	@ 0x78
1000328e:	991f      	ldr	r1, [sp, #124]	@ 0x7c
10003290:	f7fe ff98 	bl	100021c4 <__wrap___aeabi_dcmpgt>
10003294:	2800      	cmp	r0, #0
10003296:	d14a      	bne.n	1000332e <_ftoa+0xf2>
10003298:	2200      	movs	r2, #0
1000329a:	4bb1      	ldr	r3, [pc, #708]	@ (10003560 <_ftoa+0x324>)
1000329c:	981e      	ldr	r0, [sp, #120]	@ 0x78
1000329e:	991f      	ldr	r1, [sp, #124]	@ 0x7c
100032a0:	f7fe ff7a 	bl	10002198 <__wrap___aeabi_dcmplt>
100032a4:	2800      	cmp	r0, #0
100032a6:	d142      	bne.n	1000332e <_ftoa+0xf2>
100032a8:	2200      	movs	r2, #0
100032aa:	2300      	movs	r3, #0
100032ac:	981e      	ldr	r0, [sp, #120]	@ 0x78
100032ae:	991f      	ldr	r1, [sp, #124]	@ 0x7c
100032b0:	f7fe ff72 	bl	10002198 <__wrap___aeabi_dcmplt>
100032b4:	2800      	cmp	r0, #0
100032b6:	d14a      	bne.n	1000334e <_ftoa+0x112>
100032b8:	2300      	movs	r3, #0
100032ba:	930b      	str	r3, [sp, #44]	@ 0x2c
100032bc:	9b22      	ldr	r3, [sp, #136]	@ 0x88
100032be:	055b      	lsls	r3, r3, #21
100032c0:	d400      	bmi.n	100032c4 <_ftoa+0x88>
100032c2:	e0af      	b.n	10003424 <_ftoa+0x1e8>
100032c4:	2400      	movs	r4, #0
100032c6:	e052      	b.n	1000336e <_ftoa+0x132>
100032c8:	9b22      	ldr	r3, [sp, #136]	@ 0x88
100032ca:	9303      	str	r3, [sp, #12]
100032cc:	9b21      	ldr	r3, [sp, #132]	@ 0x84
100032ce:	9302      	str	r3, [sp, #8]
100032d0:	2303      	movs	r3, #3
100032d2:	9301      	str	r3, [sp, #4]
100032d4:	4ba3      	ldr	r3, [pc, #652]	@ (10003564 <_ftoa+0x328>)
100032d6:	9300      	str	r3, [sp, #0]
100032d8:	9b0a      	ldr	r3, [sp, #40]	@ 0x28
100032da:	465a      	mov	r2, fp
100032dc:	4651      	mov	r1, sl
100032de:	4648      	mov	r0, r9
100032e0:	f7ff fbc8 	bl	10002a74 <_out_rev>
100032e4:	e11f      	b.n	10003526 <_ftoa+0x2ea>
100032e6:	9b22      	ldr	r3, [sp, #136]	@ 0x88
100032e8:	9303      	str	r3, [sp, #12]
100032ea:	9b21      	ldr	r3, [sp, #132]	@ 0x84
100032ec:	9302      	str	r3, [sp, #8]
100032ee:	2304      	movs	r3, #4
100032f0:	9301      	str	r3, [sp, #4]
100032f2:	4b9d      	ldr	r3, [pc, #628]	@ (10003568 <_ftoa+0x32c>)
100032f4:	9300      	str	r3, [sp, #0]
100032f6:	9b0a      	ldr	r3, [sp, #40]	@ 0x28
100032f8:	465a      	mov	r2, fp
100032fa:	4651      	mov	r1, sl
100032fc:	4648      	mov	r0, r9
100032fe:	f7ff fbb9 	bl	10002a74 <_out_rev>
10003302:	e110      	b.n	10003526 <_ftoa+0x2ea>
10003304:	9b22      	ldr	r3, [sp, #136]	@ 0x88
10003306:	075b      	lsls	r3, r3, #29
10003308:	d50e      	bpl.n	10003328 <_ftoa+0xec>
1000330a:	4b98      	ldr	r3, [pc, #608]	@ (1000356c <_ftoa+0x330>)
1000330c:	2204      	movs	r2, #4
1000330e:	9922      	ldr	r1, [sp, #136]	@ 0x88
10003310:	9103      	str	r1, [sp, #12]
10003312:	9921      	ldr	r1, [sp, #132]	@ 0x84
10003314:	9102      	str	r1, [sp, #8]
10003316:	9201      	str	r2, [sp, #4]
10003318:	9300      	str	r3, [sp, #0]
1000331a:	9b0a      	ldr	r3, [sp, #40]	@ 0x28
1000331c:	465a      	mov	r2, fp
1000331e:	4651      	mov	r1, sl
10003320:	4648      	mov	r0, r9
10003322:	f7ff fba7 	bl	10002a74 <_out_rev>
10003326:	e0fe      	b.n	10003526 <_ftoa+0x2ea>
10003328:	4b91      	ldr	r3, [pc, #580]	@ (10003570 <_ftoa+0x334>)
1000332a:	2203      	movs	r2, #3
1000332c:	e7ef      	b.n	1000330e <_ftoa+0xd2>
1000332e:	9b22      	ldr	r3, [sp, #136]	@ 0x88
10003330:	9304      	str	r3, [sp, #16]
10003332:	9b21      	ldr	r3, [sp, #132]	@ 0x84
10003334:	9303      	str	r3, [sp, #12]
10003336:	9702      	str	r7, [sp, #8]
10003338:	9b1e      	ldr	r3, [sp, #120]	@ 0x78
1000333a:	9c1f      	ldr	r4, [sp, #124]	@ 0x7c
1000333c:	9300      	str	r3, [sp, #0]
1000333e:	9401      	str	r4, [sp, #4]
10003340:	9b0a      	ldr	r3, [sp, #40]	@ 0x28
10003342:	465a      	mov	r2, fp
10003344:	4651      	mov	r1, sl
10003346:	4648      	mov	r0, r9
10003348:	f7ff fd54 	bl	10002df4 <_etoa>
1000334c:	e0eb      	b.n	10003526 <_ftoa+0x2ea>
1000334e:	9a1e      	ldr	r2, [sp, #120]	@ 0x78
10003350:	9b1f      	ldr	r3, [sp, #124]	@ 0x7c
10003352:	2000      	movs	r0, #0
10003354:	2100      	movs	r1, #0
10003356:	f7fe feac 	bl	100020b2 <__wrap___aeabi_dsub>
1000335a:	901e      	str	r0, [sp, #120]	@ 0x78
1000335c:	911f      	str	r1, [sp, #124]	@ 0x7c
1000335e:	2301      	movs	r3, #1
10003360:	930b      	str	r3, [sp, #44]	@ 0x2c
10003362:	e7ab      	b.n	100032bc <_ftoa+0x80>
10003364:	ab0c      	add	r3, sp, #48	@ 0x30
10003366:	2230      	movs	r2, #48	@ 0x30
10003368:	551a      	strb	r2, [r3, r4]
1000336a:	3f01      	subs	r7, #1
1000336c:	3401      	adds	r4, #1
1000336e:	2c1f      	cmp	r4, #31
10003370:	d801      	bhi.n	10003376 <_ftoa+0x13a>
10003372:	2f09      	cmp	r7, #9
10003374:	d8f6      	bhi.n	10003364 <_ftoa+0x128>
10003376:	981e      	ldr	r0, [sp, #120]	@ 0x78
10003378:	991f      	ldr	r1, [sp, #124]	@ 0x7c
1000337a:	f7fe ff51 	bl	10002220 <__wrap___aeabi_d2iz>
1000337e:	0005      	movs	r5, r0
10003380:	f7fe ff36 	bl	100021f0 <__wrap___aeabi_i2d>
10003384:	0002      	movs	r2, r0
10003386:	000b      	movs	r3, r1
10003388:	981e      	ldr	r0, [sp, #120]	@ 0x78
1000338a:	991f      	ldr	r1, [sp, #124]	@ 0x7c
1000338c:	f7fe fe91 	bl	100020b2 <__wrap___aeabi_dsub>
10003390:	4b78      	ldr	r3, [pc, #480]	@ (10003574 <_ftoa+0x338>)
10003392:	00fa      	lsls	r2, r7, #3
10003394:	189b      	adds	r3, r3, r2
10003396:	cb0c      	ldmia	r3, {r2, r3}
10003398:	9208      	str	r2, [sp, #32]
1000339a:	9309      	str	r3, [sp, #36]	@ 0x24
1000339c:	f7fe feb9 	bl	10002112 <__wrap___aeabi_dmul>
100033a0:	9006      	str	r0, [sp, #24]
100033a2:	9107      	str	r1, [sp, #28]
100033a4:	f7fe ff60 	bl	10002268 <__wrap___aeabi_d2uiz>
100033a8:	0006      	movs	r6, r0
100033aa:	f7fe ff1d 	bl	100021e8 <__wrap___aeabi_ui2d>
100033ae:	0002      	movs	r2, r0
100033b0:	000b      	movs	r3, r1
100033b2:	9806      	ldr	r0, [sp, #24]
100033b4:	9907      	ldr	r1, [sp, #28]
100033b6:	f7fe fe7c 	bl	100020b2 <__wrap___aeabi_dsub>
100033ba:	9006      	str	r0, [sp, #24]
100033bc:	9107      	str	r1, [sp, #28]
100033be:	2200      	movs	r2, #0
100033c0:	4b6d      	ldr	r3, [pc, #436]	@ (10003578 <_ftoa+0x33c>)
100033c2:	f7fe feff 	bl	100021c4 <__wrap___aeabi_dcmpgt>
100033c6:	2800      	cmp	r0, #0
100033c8:	d02e      	beq.n	10003428 <_ftoa+0x1ec>
100033ca:	3601      	adds	r6, #1
100033cc:	0030      	movs	r0, r6
100033ce:	f7fe ff0b 	bl	100021e8 <__wrap___aeabi_ui2d>
100033d2:	0002      	movs	r2, r0
100033d4:	000b      	movs	r3, r1
100033d6:	9808      	ldr	r0, [sp, #32]
100033d8:	9909      	ldr	r1, [sp, #36]	@ 0x24
100033da:	f7fe fee3 	bl	100021a4 <__wrap___aeabi_dcmple>
100033de:	2800      	cmp	r0, #0
100033e0:	d001      	beq.n	100033e6 <_ftoa+0x1aa>
100033e2:	3501      	adds	r5, #1
100033e4:	2600      	movs	r6, #0
100033e6:	2f00      	cmp	r7, #0
100033e8:	d12c      	bne.n	10003444 <_ftoa+0x208>
100033ea:	0028      	movs	r0, r5
100033ec:	f7fe ff00 	bl	100021f0 <__wrap___aeabi_i2d>
100033f0:	0002      	movs	r2, r0
100033f2:	000b      	movs	r3, r1
100033f4:	981e      	ldr	r0, [sp, #120]	@ 0x78
100033f6:	991f      	ldr	r1, [sp, #124]	@ 0x7c
100033f8:	f7fe fe5b 	bl	100020b2 <__wrap___aeabi_dsub>
100033fc:	0006      	movs	r6, r0
100033fe:	000f      	movs	r7, r1
10003400:	2200      	movs	r2, #0
10003402:	4b5d      	ldr	r3, [pc, #372]	@ (10003578 <_ftoa+0x33c>)
10003404:	f7fe fec8 	bl	10002198 <__wrap___aeabi_dcmplt>
10003408:	2800      	cmp	r0, #0
1000340a:	d146      	bne.n	1000349a <_ftoa+0x25e>
1000340c:	2200      	movs	r2, #0
1000340e:	4b5a      	ldr	r3, [pc, #360]	@ (10003578 <_ftoa+0x33c>)
10003410:	0030      	movs	r0, r6
10003412:	0039      	movs	r1, r7
10003414:	f7fe fed6 	bl	100021c4 <__wrap___aeabi_dcmpgt>
10003418:	2800      	cmp	r0, #0
1000341a:	d13e      	bne.n	1000349a <_ftoa+0x25e>
1000341c:	07eb      	lsls	r3, r5, #31
1000341e:	d53c      	bpl.n	1000349a <_ftoa+0x25e>
10003420:	3501      	adds	r5, #1
10003422:	e03a      	b.n	1000349a <_ftoa+0x25e>
10003424:	2706      	movs	r7, #6
10003426:	e74d      	b.n	100032c4 <_ftoa+0x88>
10003428:	2200      	movs	r2, #0
1000342a:	4b53      	ldr	r3, [pc, #332]	@ (10003578 <_ftoa+0x33c>)
1000342c:	9806      	ldr	r0, [sp, #24]
1000342e:	9907      	ldr	r1, [sp, #28]
10003430:	f7fe feb2 	bl	10002198 <__wrap___aeabi_dcmplt>
10003434:	2800      	cmp	r0, #0
10003436:	d1d6      	bne.n	100033e6 <_ftoa+0x1aa>
10003438:	2e00      	cmp	r6, #0
1000343a:	d001      	beq.n	10003440 <_ftoa+0x204>
1000343c:	07f3      	lsls	r3, r6, #31
1000343e:	d5d2      	bpl.n	100033e6 <_ftoa+0x1aa>
10003440:	3601      	adds	r6, #1
10003442:	e7d0      	b.n	100033e6 <_ftoa+0x1aa>
10003444:	46a8      	mov	r8, r5
10003446:	2c1f      	cmp	r4, #31
10003448:	d811      	bhi.n	1000346e <_ftoa+0x232>
1000344a:	3f01      	subs	r7, #1
1000344c:	210a      	movs	r1, #10
1000344e:	0030      	movs	r0, r6
10003450:	f7fe fbf4 	bl	10001c3c <__wrap___aeabi_uidiv>
10003454:	1c65      	adds	r5, r4, #1
10003456:	3130      	adds	r1, #48	@ 0x30
10003458:	ab0c      	add	r3, sp, #48	@ 0x30
1000345a:	5519      	strb	r1, [r3, r4]
1000345c:	210a      	movs	r1, #10
1000345e:	0030      	movs	r0, r6
10003460:	f7fe fbec 	bl	10001c3c <__wrap___aeabi_uidiv>
10003464:	2e09      	cmp	r6, #9
10003466:	d90e      	bls.n	10003486 <_ftoa+0x24a>
10003468:	0006      	movs	r6, r0
1000346a:	002c      	movs	r4, r5
1000346c:	e7eb      	b.n	10003446 <_ftoa+0x20a>
1000346e:	4645      	mov	r5, r8
10003470:	2c1f      	cmp	r4, #31
10003472:	d80c      	bhi.n	1000348e <_ftoa+0x252>
10003474:	1e7b      	subs	r3, r7, #1
10003476:	2f00      	cmp	r7, #0
10003478:	d009      	beq.n	1000348e <_ftoa+0x252>
1000347a:	aa0c      	add	r2, sp, #48	@ 0x30
1000347c:	2130      	movs	r1, #48	@ 0x30
1000347e:	5511      	strb	r1, [r2, r4]
10003480:	001f      	movs	r7, r3
10003482:	3401      	adds	r4, #1
10003484:	e7f4      	b.n	10003470 <_ftoa+0x234>
10003486:	002b      	movs	r3, r5
10003488:	4645      	mov	r5, r8
1000348a:	001c      	movs	r4, r3
1000348c:	e7f0      	b.n	10003470 <_ftoa+0x234>
1000348e:	2c1f      	cmp	r4, #31
10003490:	d803      	bhi.n	1000349a <_ftoa+0x25e>
10003492:	ab0c      	add	r3, sp, #48	@ 0x30
10003494:	222e      	movs	r2, #46	@ 0x2e
10003496:	551a      	strb	r2, [r3, r4]
10003498:	3401      	adds	r4, #1
1000349a:	2c1f      	cmp	r4, #31
1000349c:	d810      	bhi.n	100034c0 <_ftoa+0x284>
1000349e:	210a      	movs	r1, #10
100034a0:	0028      	movs	r0, r5
100034a2:	f7fe fba3 	bl	10001bec <__wrap___aeabi_idiv>
100034a6:	1c66      	adds	r6, r4, #1
100034a8:	3130      	adds	r1, #48	@ 0x30
100034aa:	ab0c      	add	r3, sp, #48	@ 0x30
100034ac:	5519      	strb	r1, [r3, r4]
100034ae:	210a      	movs	r1, #10
100034b0:	0028      	movs	r0, r5
100034b2:	f7fe fb9b 	bl	10001bec <__wrap___aeabi_idiv>
100034b6:	1e05      	subs	r5, r0, #0
100034b8:	d001      	beq.n	100034be <_ftoa+0x282>
100034ba:	0034      	movs	r4, r6
100034bc:	e7ed      	b.n	1000349a <_ftoa+0x25e>
100034be:	0034      	movs	r4, r6
100034c0:	9b22      	ldr	r3, [sp, #136]	@ 0x88
100034c2:	079b      	lsls	r3, r3, #30
100034c4:	d419      	bmi.n	100034fa <_ftoa+0x2be>
100034c6:	9b22      	ldr	r3, [sp, #136]	@ 0x88
100034c8:	07db      	lsls	r3, r3, #31
100034ca:	d516      	bpl.n	100034fa <_ftoa+0x2be>
100034cc:	9b21      	ldr	r3, [sp, #132]	@ 0x84
100034ce:	2b00      	cmp	r3, #0
100034d0:	d00e      	beq.n	100034f0 <_ftoa+0x2b4>
100034d2:	9b0b      	ldr	r3, [sp, #44]	@ 0x2c
100034d4:	2b00      	cmp	r3, #0
100034d6:	d103      	bne.n	100034e0 <_ftoa+0x2a4>
100034d8:	330c      	adds	r3, #12
100034da:	9a22      	ldr	r2, [sp, #136]	@ 0x88
100034dc:	4213      	tst	r3, r2
100034de:	d007      	beq.n	100034f0 <_ftoa+0x2b4>
100034e0:	9b21      	ldr	r3, [sp, #132]	@ 0x84
100034e2:	3b01      	subs	r3, #1
100034e4:	9321      	str	r3, [sp, #132]	@ 0x84
100034e6:	e003      	b.n	100034f0 <_ftoa+0x2b4>
100034e8:	ab0c      	add	r3, sp, #48	@ 0x30
100034ea:	2230      	movs	r2, #48	@ 0x30
100034ec:	551a      	strb	r2, [r3, r4]
100034ee:	3401      	adds	r4, #1
100034f0:	9b21      	ldr	r3, [sp, #132]	@ 0x84
100034f2:	429c      	cmp	r4, r3
100034f4:	d201      	bcs.n	100034fa <_ftoa+0x2be>
100034f6:	2c1f      	cmp	r4, #31
100034f8:	d9f6      	bls.n	100034e8 <_ftoa+0x2ac>
100034fa:	2c1f      	cmp	r4, #31
100034fc:	d806      	bhi.n	1000350c <_ftoa+0x2d0>
100034fe:	9b0b      	ldr	r3, [sp, #44]	@ 0x2c
10003500:	2b00      	cmp	r3, #0
10003502:	d017      	beq.n	10003534 <_ftoa+0x2f8>
10003504:	ab0c      	add	r3, sp, #48	@ 0x30
10003506:	222d      	movs	r2, #45	@ 0x2d
10003508:	551a      	strb	r2, [r3, r4]
1000350a:	3401      	adds	r4, #1
1000350c:	9b22      	ldr	r3, [sp, #136]	@ 0x88
1000350e:	9303      	str	r3, [sp, #12]
10003510:	9b21      	ldr	r3, [sp, #132]	@ 0x84
10003512:	9302      	str	r3, [sp, #8]
10003514:	9401      	str	r4, [sp, #4]
10003516:	ab0c      	add	r3, sp, #48	@ 0x30
10003518:	9300      	str	r3, [sp, #0]
1000351a:	9b0a      	ldr	r3, [sp, #40]	@ 0x28
1000351c:	465a      	mov	r2, fp
1000351e:	4651      	mov	r1, sl
10003520:	4648      	mov	r0, r9
10003522:	f7ff faa7 	bl	10002a74 <_out_rev>
10003526:	b015      	add	sp, #84	@ 0x54
10003528:	bcf0      	pop	{r4, r5, r6, r7}
1000352a:	46bb      	mov	fp, r7
1000352c:	46b2      	mov	sl, r6
1000352e:	46a9      	mov	r9, r5
10003530:	46a0      	mov	r8, r4
10003532:	bdf0      	pop	{r4, r5, r6, r7, pc}
10003534:	9b22      	ldr	r3, [sp, #136]	@ 0x88
10003536:	075b      	lsls	r3, r3, #29
10003538:	d504      	bpl.n	10003544 <_ftoa+0x308>
1000353a:	ab0c      	add	r3, sp, #48	@ 0x30
1000353c:	222b      	movs	r2, #43	@ 0x2b
1000353e:	551a      	strb	r2, [r3, r4]
10003540:	3401      	adds	r4, #1
10003542:	e7e3      	b.n	1000350c <_ftoa+0x2d0>
10003544:	9b22      	ldr	r3, [sp, #136]	@ 0x88
10003546:	071b      	lsls	r3, r3, #28
10003548:	d5e0      	bpl.n	1000350c <_ftoa+0x2d0>
1000354a:	ab0c      	add	r3, sp, #48	@ 0x30
1000354c:	2220      	movs	r2, #32
1000354e:	551a      	strb	r2, [r3, r4]
10003550:	3401      	adds	r4, #1
10003552:	e7db      	b.n	1000350c <_ftoa+0x2d0>
10003554:	ffefffff 	.word	0xffefffff
10003558:	7fefffff 	.word	0x7fefffff
1000355c:	41cdcd65 	.word	0x41cdcd65
10003560:	c1cdcd65 	.word	0xc1cdcd65
10003564:	100072c4 	.word	0x100072c4
10003568:	100072c8 	.word	0x100072c8
1000356c:	100072b8 	.word	0x100072b8
10003570:	100072c0 	.word	0x100072c0
10003574:	10007a38 	.word	0x10007a38
10003578:	3fe00000 	.word	0x3fe00000

1000357c <_vsnprintf>:
1000357c:	b5f0      	push	{r4, r5, r6, r7, lr}
1000357e:	46de      	mov	lr, fp
10003580:	4657      	mov	r7, sl
10003582:	464e      	mov	r6, r9
10003584:	4645      	mov	r5, r8
10003586:	b5e0      	push	{r5, r6, r7, lr}
10003588:	b093      	sub	sp, #76	@ 0x4c
1000358a:	4683      	mov	fp, r0
1000358c:	468a      	mov	sl, r1
1000358e:	4690      	mov	r8, r2
10003590:	9311      	str	r3, [sp, #68]	@ 0x44
10003592:	2900      	cmp	r1, #0
10003594:	d100      	bne.n	10003598 <_vsnprintf+0x1c>
10003596:	e31a      	b.n	10003bce <_vsnprintf+0x652>
10003598:	2500      	movs	r5, #0
1000359a:	465e      	mov	r6, fp
1000359c:	9b11      	ldr	r3, [sp, #68]	@ 0x44
1000359e:	7818      	ldrb	r0, [r3, #0]
100035a0:	2800      	cmp	r0, #0
100035a2:	d100      	bne.n	100035a6 <_vsnprintf+0x2a>
100035a4:	e316      	b.n	10003bd4 <_vsnprintf+0x658>
100035a6:	2825      	cmp	r0, #37	@ 0x25
100035a8:	d009      	beq.n	100035be <_vsnprintf+0x42>
100035aa:	1c6c      	adds	r4, r5, #1
100035ac:	4643      	mov	r3, r8
100035ae:	002a      	movs	r2, r5
100035b0:	4651      	mov	r1, sl
100035b2:	47b0      	blx	r6
100035b4:	9b11      	ldr	r3, [sp, #68]	@ 0x44
100035b6:	3301      	adds	r3, #1
100035b8:	9311      	str	r3, [sp, #68]	@ 0x44
100035ba:	0025      	movs	r5, r4
100035bc:	e7ee      	b.n	1000359c <_vsnprintf+0x20>
100035be:	3301      	adds	r3, #1
100035c0:	9311      	str	r3, [sp, #68]	@ 0x44
100035c2:	2700      	movs	r7, #0
100035c4:	e012      	b.n	100035ec <_vsnprintf+0x70>
100035c6:	2a20      	cmp	r2, #32
100035c8:	d025      	beq.n	10003616 <_vsnprintf+0x9a>
100035ca:	2a23      	cmp	r2, #35	@ 0x23
100035cc:	d105      	bne.n	100035da <_vsnprintf+0x5e>
100035ce:	2210      	movs	r2, #16
100035d0:	4317      	orrs	r7, r2
100035d2:	3301      	adds	r3, #1
100035d4:	9311      	str	r3, [sp, #68]	@ 0x44
100035d6:	2401      	movs	r4, #1
100035d8:	e006      	b.n	100035e8 <_vsnprintf+0x6c>
100035da:	2400      	movs	r4, #0
100035dc:	e004      	b.n	100035e8 <_vsnprintf+0x6c>
100035de:	2202      	movs	r2, #2
100035e0:	4317      	orrs	r7, r2
100035e2:	3301      	adds	r3, #1
100035e4:	9311      	str	r3, [sp, #68]	@ 0x44
100035e6:	2401      	movs	r4, #1
100035e8:	2c00      	cmp	r4, #0
100035ea:	d01c      	beq.n	10003626 <_vsnprintf+0xaa>
100035ec:	9b11      	ldr	r3, [sp, #68]	@ 0x44
100035ee:	781a      	ldrb	r2, [r3, #0]
100035f0:	2a2b      	cmp	r2, #43	@ 0x2b
100035f2:	d00a      	beq.n	1000360a <_vsnprintf+0x8e>
100035f4:	d9e7      	bls.n	100035c6 <_vsnprintf+0x4a>
100035f6:	2a2d      	cmp	r2, #45	@ 0x2d
100035f8:	d0f1      	beq.n	100035de <_vsnprintf+0x62>
100035fa:	2a30      	cmp	r2, #48	@ 0x30
100035fc:	d111      	bne.n	10003622 <_vsnprintf+0xa6>
100035fe:	3a2f      	subs	r2, #47	@ 0x2f
10003600:	4317      	orrs	r7, r2
10003602:	3301      	adds	r3, #1
10003604:	9311      	str	r3, [sp, #68]	@ 0x44
10003606:	2401      	movs	r4, #1
10003608:	e7ee      	b.n	100035e8 <_vsnprintf+0x6c>
1000360a:	2204      	movs	r2, #4
1000360c:	4317      	orrs	r7, r2
1000360e:	3301      	adds	r3, #1
10003610:	9311      	str	r3, [sp, #68]	@ 0x44
10003612:	2401      	movs	r4, #1
10003614:	e7e8      	b.n	100035e8 <_vsnprintf+0x6c>
10003616:	2208      	movs	r2, #8
10003618:	4317      	orrs	r7, r2
1000361a:	3301      	adds	r3, #1
1000361c:	9311      	str	r3, [sp, #68]	@ 0x44
1000361e:	2401      	movs	r4, #1
10003620:	e7e2      	b.n	100035e8 <_vsnprintf+0x6c>
10003622:	2400      	movs	r4, #0
10003624:	e7e0      	b.n	100035e8 <_vsnprintf+0x6c>
10003626:	9b11      	ldr	r3, [sp, #68]	@ 0x44
10003628:	781a      	ldrb	r2, [r3, #0]
1000362a:	0013      	movs	r3, r2
1000362c:	3b30      	subs	r3, #48	@ 0x30
1000362e:	b2db      	uxtb	r3, r3
10003630:	2b09      	cmp	r3, #9
10003632:	d915      	bls.n	10003660 <_vsnprintf+0xe4>
10003634:	2a2a      	cmp	r2, #42	@ 0x2a
10003636:	d018      	beq.n	1000366a <_vsnprintf+0xee>
10003638:	940b      	str	r4, [sp, #44]	@ 0x2c
1000363a:	9b11      	ldr	r3, [sp, #68]	@ 0x44
1000363c:	781a      	ldrb	r2, [r3, #0]
1000363e:	2a2e      	cmp	r2, #46	@ 0x2e
10003640:	d023      	beq.n	1000368a <_vsnprintf+0x10e>
10003642:	9b11      	ldr	r3, [sp, #68]	@ 0x44
10003644:	781a      	ldrb	r2, [r3, #0]
10003646:	2a6c      	cmp	r2, #108	@ 0x6c
10003648:	d047      	beq.n	100036da <_vsnprintf+0x15e>
1000364a:	d93c      	bls.n	100036c6 <_vsnprintf+0x14a>
1000364c:	2a74      	cmp	r2, #116	@ 0x74
1000364e:	d062      	beq.n	10003716 <_vsnprintf+0x19a>
10003650:	2a7a      	cmp	r2, #122	@ 0x7a
10003652:	d165      	bne.n	10003720 <_vsnprintf+0x1a4>
10003654:	2280      	movs	r2, #128	@ 0x80
10003656:	0052      	lsls	r2, r2, #1
10003658:	4317      	orrs	r7, r2
1000365a:	3301      	adds	r3, #1
1000365c:	9311      	str	r3, [sp, #68]	@ 0x44
1000365e:	e05f      	b.n	10003720 <_vsnprintf+0x1a4>
10003660:	a811      	add	r0, sp, #68	@ 0x44
10003662:	f7ff f9f5 	bl	10002a50 <_atoi>
10003666:	900b      	str	r0, [sp, #44]	@ 0x2c
10003668:	e7e7      	b.n	1000363a <_vsnprintf+0xbe>
1000366a:	9b1c      	ldr	r3, [sp, #112]	@ 0x70
1000366c:	1d1a      	adds	r2, r3, #4
1000366e:	921c      	str	r2, [sp, #112]	@ 0x70
10003670:	681b      	ldr	r3, [r3, #0]
10003672:	2b00      	cmp	r3, #0
10003674:	db04      	blt.n	10003680 <_vsnprintf+0x104>
10003676:	930b      	str	r3, [sp, #44]	@ 0x2c
10003678:	9b11      	ldr	r3, [sp, #68]	@ 0x44
1000367a:	3301      	adds	r3, #1
1000367c:	9311      	str	r3, [sp, #68]	@ 0x44
1000367e:	e7dc      	b.n	1000363a <_vsnprintf+0xbe>
10003680:	2202      	movs	r2, #2
10003682:	4317      	orrs	r7, r2
10003684:	425b      	negs	r3, r3
10003686:	930b      	str	r3, [sp, #44]	@ 0x2c
10003688:	e7f6      	b.n	10003678 <_vsnprintf+0xfc>
1000368a:	2280      	movs	r2, #128	@ 0x80
1000368c:	00d2      	lsls	r2, r2, #3
1000368e:	4317      	orrs	r7, r2
10003690:	1c5a      	adds	r2, r3, #1
10003692:	9211      	str	r2, [sp, #68]	@ 0x44
10003694:	785a      	ldrb	r2, [r3, #1]
10003696:	0013      	movs	r3, r2
10003698:	3b30      	subs	r3, #48	@ 0x30
1000369a:	b2db      	uxtb	r3, r3
1000369c:	2b09      	cmp	r3, #9
1000369e:	d90b      	bls.n	100036b8 <_vsnprintf+0x13c>
100036a0:	2a2a      	cmp	r2, #42	@ 0x2a
100036a2:	d1ce      	bne.n	10003642 <_vsnprintf+0xc6>
100036a4:	9b1c      	ldr	r3, [sp, #112]	@ 0x70
100036a6:	1d1a      	adds	r2, r3, #4
100036a8:	921c      	str	r2, [sp, #112]	@ 0x70
100036aa:	681c      	ldr	r4, [r3, #0]
100036ac:	2c00      	cmp	r4, #0
100036ae:	db08      	blt.n	100036c2 <_vsnprintf+0x146>
100036b0:	9b11      	ldr	r3, [sp, #68]	@ 0x44
100036b2:	3301      	adds	r3, #1
100036b4:	9311      	str	r3, [sp, #68]	@ 0x44
100036b6:	e7c4      	b.n	10003642 <_vsnprintf+0xc6>
100036b8:	a811      	add	r0, sp, #68	@ 0x44
100036ba:	f7ff f9c9 	bl	10002a50 <_atoi>
100036be:	0004      	movs	r4, r0
100036c0:	e7bf      	b.n	10003642 <_vsnprintf+0xc6>
100036c2:	2400      	movs	r4, #0
100036c4:	e7f4      	b.n	100036b0 <_vsnprintf+0x134>
100036c6:	2a68      	cmp	r2, #104	@ 0x68
100036c8:	d017      	beq.n	100036fa <_vsnprintf+0x17e>
100036ca:	2a6a      	cmp	r2, #106	@ 0x6a
100036cc:	d128      	bne.n	10003720 <_vsnprintf+0x1a4>
100036ce:	2280      	movs	r2, #128	@ 0x80
100036d0:	0092      	lsls	r2, r2, #2
100036d2:	4317      	orrs	r7, r2
100036d4:	3301      	adds	r3, #1
100036d6:	9311      	str	r3, [sp, #68]	@ 0x44
100036d8:	e022      	b.n	10003720 <_vsnprintf+0x1a4>
100036da:	2280      	movs	r2, #128	@ 0x80
100036dc:	0052      	lsls	r2, r2, #1
100036de:	433a      	orrs	r2, r7
100036e0:	1c59      	adds	r1, r3, #1
100036e2:	9111      	str	r1, [sp, #68]	@ 0x44
100036e4:	7859      	ldrb	r1, [r3, #1]
100036e6:	296c      	cmp	r1, #108	@ 0x6c
100036e8:	d001      	beq.n	100036ee <_vsnprintf+0x172>
100036ea:	0017      	movs	r7, r2
100036ec:	e018      	b.n	10003720 <_vsnprintf+0x1a4>
100036ee:	22c0      	movs	r2, #192	@ 0xc0
100036f0:	0092      	lsls	r2, r2, #2
100036f2:	4317      	orrs	r7, r2
100036f4:	3302      	adds	r3, #2
100036f6:	9311      	str	r3, [sp, #68]	@ 0x44
100036f8:	e012      	b.n	10003720 <_vsnprintf+0x1a4>
100036fa:	2280      	movs	r2, #128	@ 0x80
100036fc:	433a      	orrs	r2, r7
100036fe:	1c59      	adds	r1, r3, #1
10003700:	9111      	str	r1, [sp, #68]	@ 0x44
10003702:	7859      	ldrb	r1, [r3, #1]
10003704:	2968      	cmp	r1, #104	@ 0x68
10003706:	d001      	beq.n	1000370c <_vsnprintf+0x190>
10003708:	0017      	movs	r7, r2
1000370a:	e009      	b.n	10003720 <_vsnprintf+0x1a4>
1000370c:	22c0      	movs	r2, #192	@ 0xc0
1000370e:	4317      	orrs	r7, r2
10003710:	3302      	adds	r3, #2
10003712:	9311      	str	r3, [sp, #68]	@ 0x44
10003714:	e004      	b.n	10003720 <_vsnprintf+0x1a4>
10003716:	2280      	movs	r2, #128	@ 0x80
10003718:	0052      	lsls	r2, r2, #1
1000371a:	4317      	orrs	r7, r2
1000371c:	3301      	adds	r3, #1
1000371e:	9311      	str	r3, [sp, #68]	@ 0x44
10003720:	9b11      	ldr	r3, [sp, #68]	@ 0x44
10003722:	7818      	ldrb	r0, [r3, #0]
10003724:	2865      	cmp	r0, #101	@ 0x65
10003726:	d040      	beq.n	100037aa <_vsnprintf+0x22e>
10003728:	d877      	bhi.n	1000381a <_vsnprintf+0x29e>
1000372a:	2846      	cmp	r0, #70	@ 0x46
1000372c:	d100      	bne.n	10003730 <_vsnprintf+0x1b4>
1000372e:	e08b      	b.n	10003848 <_vsnprintf+0x2cc>
10003730:	d91b      	bls.n	1000376a <_vsnprintf+0x1ee>
10003732:	2863      	cmp	r0, #99	@ 0x63
10003734:	d131      	bne.n	1000379a <_vsnprintf+0x21e>
10003736:	2302      	movs	r3, #2
10003738:	001a      	movs	r2, r3
1000373a:	403a      	ands	r2, r7
1000373c:	4691      	mov	r9, r2
1000373e:	423b      	tst	r3, r7
10003740:	d100      	bne.n	10003744 <_vsnprintf+0x1c8>
10003742:	e1b0      	b.n	10003aa6 <_vsnprintf+0x52a>
10003744:	2401      	movs	r4, #1
10003746:	9b1c      	ldr	r3, [sp, #112]	@ 0x70
10003748:	1d1a      	adds	r2, r3, #4
1000374a:	921c      	str	r2, [sp, #112]	@ 0x70
1000374c:	1c6f      	adds	r7, r5, #1
1000374e:	7818      	ldrb	r0, [r3, #0]
10003750:	4643      	mov	r3, r8
10003752:	002a      	movs	r2, r5
10003754:	4651      	mov	r1, sl
10003756:	47b0      	blx	r6
10003758:	464b      	mov	r3, r9
1000375a:	2b00      	cmp	r3, #0
1000375c:	d000      	beq.n	10003760 <_vsnprintf+0x1e4>
1000375e:	e1a6      	b.n	10003aae <_vsnprintf+0x532>
10003760:	9b11      	ldr	r3, [sp, #68]	@ 0x44
10003762:	3301      	adds	r3, #1
10003764:	9311      	str	r3, [sp, #68]	@ 0x44
10003766:	003d      	movs	r5, r7
10003768:	e718      	b.n	1000359c <_vsnprintf+0x20>
1000376a:	2825      	cmp	r0, #37	@ 0x25
1000376c:	d109      	bne.n	10003782 <_vsnprintf+0x206>
1000376e:	1c6c      	adds	r4, r5, #1
10003770:	4643      	mov	r3, r8
10003772:	002a      	movs	r2, r5
10003774:	4651      	mov	r1, sl
10003776:	47b0      	blx	r6
10003778:	9b11      	ldr	r3, [sp, #68]	@ 0x44
1000377a:	3301      	adds	r3, #1
1000377c:	9311      	str	r3, [sp, #68]	@ 0x44
1000377e:	0025      	movs	r5, r4
10003780:	e70c      	b.n	1000359c <_vsnprintf+0x20>
10003782:	2845      	cmp	r0, #69	@ 0x45
10003784:	d011      	beq.n	100037aa <_vsnprintf+0x22e>
10003786:	1c6c      	adds	r4, r5, #1
10003788:	4643      	mov	r3, r8
1000378a:	002a      	movs	r2, r5
1000378c:	4651      	mov	r1, sl
1000378e:	47b0      	blx	r6
10003790:	9b11      	ldr	r3, [sp, #68]	@ 0x44
10003792:	3301      	adds	r3, #1
10003794:	9311      	str	r3, [sp, #68]	@ 0x44
10003796:	0025      	movs	r5, r4
10003798:	e700      	b.n	1000359c <_vsnprintf+0x20>
1000379a:	2863      	cmp	r0, #99	@ 0x63
1000379c:	d82b      	bhi.n	100037f6 <_vsnprintf+0x27a>
1000379e:	2858      	cmp	r0, #88	@ 0x58
100037a0:	d02b      	beq.n	100037fa <_vsnprintf+0x27e>
100037a2:	2862      	cmp	r0, #98	@ 0x62
100037a4:	d029      	beq.n	100037fa <_vsnprintf+0x27e>
100037a6:	2847      	cmp	r0, #71	@ 0x47
100037a8:	d1ed      	bne.n	10003786 <_vsnprintf+0x20a>
100037aa:	2867      	cmp	r0, #103	@ 0x67
100037ac:	d001      	beq.n	100037b2 <_vsnprintf+0x236>
100037ae:	2847      	cmp	r0, #71	@ 0x47
100037b0:	d102      	bne.n	100037b8 <_vsnprintf+0x23c>
100037b2:	2380      	movs	r3, #128	@ 0x80
100037b4:	011b      	lsls	r3, r3, #4
100037b6:	431f      	orrs	r7, r3
100037b8:	2845      	cmp	r0, #69	@ 0x45
100037ba:	d001      	beq.n	100037c0 <_vsnprintf+0x244>
100037bc:	2847      	cmp	r0, #71	@ 0x47
100037be:	d101      	bne.n	100037c4 <_vsnprintf+0x248>
100037c0:	2320      	movs	r3, #32
100037c2:	431f      	orrs	r7, r3
100037c4:	9b1c      	ldr	r3, [sp, #112]	@ 0x70
100037c6:	3307      	adds	r3, #7
100037c8:	2207      	movs	r2, #7
100037ca:	4393      	bics	r3, r2
100037cc:	001a      	movs	r2, r3
100037ce:	3208      	adds	r2, #8
100037d0:	921c      	str	r2, [sp, #112]	@ 0x70
100037d2:	9704      	str	r7, [sp, #16]
100037d4:	9a0b      	ldr	r2, [sp, #44]	@ 0x2c
100037d6:	9203      	str	r2, [sp, #12]
100037d8:	9402      	str	r4, [sp, #8]
100037da:	cb0c      	ldmia	r3, {r2, r3}
100037dc:	9200      	str	r2, [sp, #0]
100037de:	9301      	str	r3, [sp, #4]
100037e0:	4643      	mov	r3, r8
100037e2:	002a      	movs	r2, r5
100037e4:	4651      	mov	r1, sl
100037e6:	0030      	movs	r0, r6
100037e8:	f7ff fb04 	bl	10002df4 <_etoa>
100037ec:	0005      	movs	r5, r0
100037ee:	9b11      	ldr	r3, [sp, #68]	@ 0x44
100037f0:	3301      	adds	r3, #1
100037f2:	9311      	str	r3, [sp, #68]	@ 0x44
100037f4:	e6d2      	b.n	1000359c <_vsnprintf+0x20>
100037f6:	2864      	cmp	r0, #100	@ 0x64
100037f8:	d1c5      	bne.n	10003786 <_vsnprintf+0x20a>
100037fa:	2878      	cmp	r0, #120	@ 0x78
100037fc:	d04d      	beq.n	1000389a <_vsnprintf+0x31e>
100037fe:	2858      	cmp	r0, #88	@ 0x58
10003800:	d100      	bne.n	10003804 <_vsnprintf+0x288>
10003802:	e07c      	b.n	100038fe <_vsnprintf+0x382>
10003804:	286f      	cmp	r0, #111	@ 0x6f
10003806:	d100      	bne.n	1000380a <_vsnprintf+0x28e>
10003808:	e07c      	b.n	10003904 <_vsnprintf+0x388>
1000380a:	2862      	cmp	r0, #98	@ 0x62
1000380c:	d100      	bne.n	10003810 <_vsnprintf+0x294>
1000380e:	e07c      	b.n	1000390a <_vsnprintf+0x38e>
10003810:	2310      	movs	r3, #16
10003812:	439f      	bics	r7, r3
10003814:	3b06      	subs	r3, #6
10003816:	469c      	mov	ip, r3
10003818:	e041      	b.n	1000389e <_vsnprintf+0x322>
1000381a:	2870      	cmp	r0, #112	@ 0x70
1000381c:	d100      	bne.n	10003820 <_vsnprintf+0x2a4>
1000381e:	e1bc      	b.n	10003b9a <_vsnprintf+0x61e>
10003820:	d90d      	bls.n	1000383e <_vsnprintf+0x2c2>
10003822:	2873      	cmp	r0, #115	@ 0x73
10003824:	d131      	bne.n	1000388a <_vsnprintf+0x30e>
10003826:	9b1c      	ldr	r3, [sp, #112]	@ 0x70
10003828:	1d1a      	adds	r2, r3, #4
1000382a:	921c      	str	r2, [sp, #112]	@ 0x70
1000382c:	681b      	ldr	r3, [r3, #0]
1000382e:	469b      	mov	fp, r3
10003830:	2c00      	cmp	r4, #0
10003832:	d000      	beq.n	10003836 <_vsnprintf+0x2ba>
10003834:	e16e      	b.n	10003b14 <_vsnprintf+0x598>
10003836:	2201      	movs	r2, #1
10003838:	4252      	negs	r2, r2
1000383a:	465b      	mov	r3, fp
1000383c:	e14a      	b.n	10003ad4 <_vsnprintf+0x558>
1000383e:	2867      	cmp	r0, #103	@ 0x67
10003840:	d0b3      	beq.n	100037aa <_vsnprintf+0x22e>
10003842:	d81d      	bhi.n	10003880 <_vsnprintf+0x304>
10003844:	2866      	cmp	r0, #102	@ 0x66
10003846:	d19e      	bne.n	10003786 <_vsnprintf+0x20a>
10003848:	2846      	cmp	r0, #70	@ 0x46
1000384a:	d100      	bne.n	1000384e <_vsnprintf+0x2d2>
1000384c:	e11c      	b.n	10003a88 <_vsnprintf+0x50c>
1000384e:	9b1c      	ldr	r3, [sp, #112]	@ 0x70
10003850:	3307      	adds	r3, #7
10003852:	2207      	movs	r2, #7
10003854:	4393      	bics	r3, r2
10003856:	001a      	movs	r2, r3
10003858:	3208      	adds	r2, #8
1000385a:	921c      	str	r2, [sp, #112]	@ 0x70
1000385c:	9704      	str	r7, [sp, #16]
1000385e:	9a0b      	ldr	r2, [sp, #44]	@ 0x2c
10003860:	9203      	str	r2, [sp, #12]
10003862:	9402      	str	r4, [sp, #8]
10003864:	cb0c      	ldmia	r3, {r2, r3}
10003866:	9200      	str	r2, [sp, #0]
10003868:	9301      	str	r3, [sp, #4]
1000386a:	4643      	mov	r3, r8
1000386c:	002a      	movs	r2, r5
1000386e:	4651      	mov	r1, sl
10003870:	0030      	movs	r0, r6
10003872:	f7ff fce3 	bl	1000323c <_ftoa>
10003876:	0005      	movs	r5, r0
10003878:	9b11      	ldr	r3, [sp, #68]	@ 0x44
1000387a:	3301      	adds	r3, #1
1000387c:	9311      	str	r3, [sp, #68]	@ 0x44
1000387e:	e68d      	b.n	1000359c <_vsnprintf+0x20>
10003880:	2869      	cmp	r0, #105	@ 0x69
10003882:	d0ba      	beq.n	100037fa <_vsnprintf+0x27e>
10003884:	286f      	cmp	r0, #111	@ 0x6f
10003886:	d0b8      	beq.n	100037fa <_vsnprintf+0x27e>
10003888:	e77d      	b.n	10003786 <_vsnprintf+0x20a>
1000388a:	2873      	cmp	r0, #115	@ 0x73
1000388c:	d200      	bcs.n	10003890 <_vsnprintf+0x314>
1000388e:	e77a      	b.n	10003786 <_vsnprintf+0x20a>
10003890:	2875      	cmp	r0, #117	@ 0x75
10003892:	d0b2      	beq.n	100037fa <_vsnprintf+0x27e>
10003894:	2878      	cmp	r0, #120	@ 0x78
10003896:	d0b0      	beq.n	100037fa <_vsnprintf+0x27e>
10003898:	e775      	b.n	10003786 <_vsnprintf+0x20a>
1000389a:	2310      	movs	r3, #16
1000389c:	469c      	mov	ip, r3
1000389e:	2858      	cmp	r0, #88	@ 0x58
100038a0:	d036      	beq.n	10003910 <_vsnprintf+0x394>
100038a2:	2869      	cmp	r0, #105	@ 0x69
100038a4:	d003      	beq.n	100038ae <_vsnprintf+0x332>
100038a6:	2864      	cmp	r0, #100	@ 0x64
100038a8:	d001      	beq.n	100038ae <_vsnprintf+0x332>
100038aa:	220c      	movs	r2, #12
100038ac:	4397      	bics	r7, r2
100038ae:	057a      	lsls	r2, r7, #21
100038b0:	d501      	bpl.n	100038b6 <_vsnprintf+0x33a>
100038b2:	2201      	movs	r2, #1
100038b4:	4397      	bics	r7, r2
100038b6:	2869      	cmp	r0, #105	@ 0x69
100038b8:	d02d      	beq.n	10003916 <_vsnprintf+0x39a>
100038ba:	2864      	cmp	r0, #100	@ 0x64
100038bc:	d02b      	beq.n	10003916 <_vsnprintf+0x39a>
100038be:	05ba      	lsls	r2, r7, #22
100038c0:	d500      	bpl.n	100038c4 <_vsnprintf+0x348>
100038c2:	e0a3      	b.n	10003a0c <_vsnprintf+0x490>
100038c4:	05fa      	lsls	r2, r7, #23
100038c6:	d500      	bpl.n	100038ca <_vsnprintf+0x34e>
100038c8:	e0bb      	b.n	10003a42 <_vsnprintf+0x4c6>
100038ca:	067a      	lsls	r2, r7, #25
100038cc:	d400      	bmi.n	100038d0 <_vsnprintf+0x354>
100038ce:	e0cd      	b.n	10003a6c <_vsnprintf+0x4f0>
100038d0:	9a1c      	ldr	r2, [sp, #112]	@ 0x70
100038d2:	1d11      	adds	r1, r2, #4
100038d4:	911c      	str	r1, [sp, #112]	@ 0x70
100038d6:	6811      	ldr	r1, [r2, #0]
100038d8:	22ff      	movs	r2, #255	@ 0xff
100038da:	400a      	ands	r2, r1
100038dc:	9705      	str	r7, [sp, #20]
100038de:	9b0b      	ldr	r3, [sp, #44]	@ 0x2c
100038e0:	9304      	str	r3, [sp, #16]
100038e2:	9403      	str	r4, [sp, #12]
100038e4:	4663      	mov	r3, ip
100038e6:	9302      	str	r3, [sp, #8]
100038e8:	2300      	movs	r3, #0
100038ea:	9301      	str	r3, [sp, #4]
100038ec:	9200      	str	r2, [sp, #0]
100038ee:	4643      	mov	r3, r8
100038f0:	002a      	movs	r2, r5
100038f2:	4651      	mov	r1, sl
100038f4:	0030      	movs	r0, r6
100038f6:	f7ff f9a5 	bl	10002c44 <_ntoa_long>
100038fa:	0005      	movs	r5, r0
100038fc:	e02a      	b.n	10003954 <_vsnprintf+0x3d8>
100038fe:	2310      	movs	r3, #16
10003900:	469c      	mov	ip, r3
10003902:	e7cc      	b.n	1000389e <_vsnprintf+0x322>
10003904:	2308      	movs	r3, #8
10003906:	469c      	mov	ip, r3
10003908:	e7c9      	b.n	1000389e <_vsnprintf+0x322>
1000390a:	2302      	movs	r3, #2
1000390c:	469c      	mov	ip, r3
1000390e:	e7c6      	b.n	1000389e <_vsnprintf+0x322>
10003910:	2220      	movs	r2, #32
10003912:	4317      	orrs	r7, r2
10003914:	e7c5      	b.n	100038a2 <_vsnprintf+0x326>
10003916:	05ba      	lsls	r2, r7, #22
10003918:	d420      	bmi.n	1000395c <_vsnprintf+0x3e0>
1000391a:	05fa      	lsls	r2, r7, #23
1000391c:	d451      	bmi.n	100039c2 <_vsnprintf+0x446>
1000391e:	067a      	lsls	r2, r7, #25
10003920:	d567      	bpl.n	100039f2 <_vsnprintf+0x476>
10003922:	9a1c      	ldr	r2, [sp, #112]	@ 0x70
10003924:	1d11      	adds	r1, r2, #4
10003926:	911c      	str	r1, [sp, #112]	@ 0x70
10003928:	6811      	ldr	r1, [r2, #0]
1000392a:	22ff      	movs	r2, #255	@ 0xff
1000392c:	400a      	ands	r2, r1
1000392e:	17d0      	asrs	r0, r2, #31
10003930:	1811      	adds	r1, r2, r0
10003932:	4041      	eors	r1, r0
10003934:	9705      	str	r7, [sp, #20]
10003936:	9b0b      	ldr	r3, [sp, #44]	@ 0x2c
10003938:	9304      	str	r3, [sp, #16]
1000393a:	9403      	str	r4, [sp, #12]
1000393c:	4663      	mov	r3, ip
1000393e:	9302      	str	r3, [sp, #8]
10003940:	0fd2      	lsrs	r2, r2, #31
10003942:	9201      	str	r2, [sp, #4]
10003944:	9100      	str	r1, [sp, #0]
10003946:	4643      	mov	r3, r8
10003948:	002a      	movs	r2, r5
1000394a:	4651      	mov	r1, sl
1000394c:	0030      	movs	r0, r6
1000394e:	f7ff f979 	bl	10002c44 <_ntoa_long>
10003952:	0005      	movs	r5, r0
10003954:	9b11      	ldr	r3, [sp, #68]	@ 0x44
10003956:	3301      	adds	r3, #1
10003958:	9311      	str	r3, [sp, #68]	@ 0x44
1000395a:	e61f      	b.n	1000359c <_vsnprintf+0x20>
1000395c:	9a1c      	ldr	r2, [sp, #112]	@ 0x70
1000395e:	3207      	adds	r2, #7
10003960:	2107      	movs	r1, #7
10003962:	438a      	bics	r2, r1
10003964:	0011      	movs	r1, r2
10003966:	3108      	adds	r1, #8
10003968:	911c      	str	r1, [sp, #112]	@ 0x70
1000396a:	6811      	ldr	r1, [r2, #0]
1000396c:	6853      	ldr	r3, [r2, #4]
1000396e:	4699      	mov	r9, r3
10003970:	17db      	asrs	r3, r3, #31
10003972:	930c      	str	r3, [sp, #48]	@ 0x30
10003974:	930d      	str	r3, [sp, #52]	@ 0x34
10003976:	9a0c      	ldr	r2, [sp, #48]	@ 0x30
10003978:	9b0d      	ldr	r3, [sp, #52]	@ 0x34
1000397a:	0010      	movs	r0, r2
1000397c:	4048      	eors	r0, r1
1000397e:	900e      	str	r0, [sp, #56]	@ 0x38
10003980:	9b0d      	ldr	r3, [sp, #52]	@ 0x34
10003982:	4649      	mov	r1, r9
10003984:	404b      	eors	r3, r1
10003986:	930f      	str	r3, [sp, #60]	@ 0x3c
10003988:	980e      	ldr	r0, [sp, #56]	@ 0x38
1000398a:	990f      	ldr	r1, [sp, #60]	@ 0x3c
1000398c:	9a0c      	ldr	r2, [sp, #48]	@ 0x30
1000398e:	9b0d      	ldr	r3, [sp, #52]	@ 0x34
10003990:	1a80      	subs	r0, r0, r2
10003992:	4199      	sbcs	r1, r3
10003994:	900e      	str	r0, [sp, #56]	@ 0x38
10003996:	910f      	str	r1, [sp, #60]	@ 0x3c
10003998:	9708      	str	r7, [sp, #32]
1000399a:	9b0b      	ldr	r3, [sp, #44]	@ 0x2c
1000399c:	9307      	str	r3, [sp, #28]
1000399e:	9406      	str	r4, [sp, #24]
100039a0:	4663      	mov	r3, ip
100039a2:	9304      	str	r3, [sp, #16]
100039a4:	2300      	movs	r3, #0
100039a6:	9305      	str	r3, [sp, #20]
100039a8:	464b      	mov	r3, r9
100039aa:	0fda      	lsrs	r2, r3, #31
100039ac:	9202      	str	r2, [sp, #8]
100039ae:	9000      	str	r0, [sp, #0]
100039b0:	9101      	str	r1, [sp, #4]
100039b2:	4643      	mov	r3, r8
100039b4:	002a      	movs	r2, r5
100039b6:	4651      	mov	r1, sl
100039b8:	0030      	movs	r0, r6
100039ba:	f7ff f99f 	bl	10002cfc <_ntoa_long_long>
100039be:	0005      	movs	r5, r0
100039c0:	e7c8      	b.n	10003954 <_vsnprintf+0x3d8>
100039c2:	9a1c      	ldr	r2, [sp, #112]	@ 0x70
100039c4:	1d11      	adds	r1, r2, #4
100039c6:	911c      	str	r1, [sp, #112]	@ 0x70
100039c8:	6812      	ldr	r2, [r2, #0]
100039ca:	17d0      	asrs	r0, r2, #31
100039cc:	1811      	adds	r1, r2, r0
100039ce:	4041      	eors	r1, r0
100039d0:	9705      	str	r7, [sp, #20]
100039d2:	9b0b      	ldr	r3, [sp, #44]	@ 0x2c
100039d4:	9304      	str	r3, [sp, #16]
100039d6:	9403      	str	r4, [sp, #12]
100039d8:	4663      	mov	r3, ip
100039da:	9302      	str	r3, [sp, #8]
100039dc:	0fd2      	lsrs	r2, r2, #31
100039de:	9201      	str	r2, [sp, #4]
100039e0:	9100      	str	r1, [sp, #0]
100039e2:	4643      	mov	r3, r8
100039e4:	002a      	movs	r2, r5
100039e6:	4651      	mov	r1, sl
100039e8:	0030      	movs	r0, r6
100039ea:	f7ff f92b 	bl	10002c44 <_ntoa_long>
100039ee:	0005      	movs	r5, r0
100039f0:	e7b0      	b.n	10003954 <_vsnprintf+0x3d8>
100039f2:	063a      	lsls	r2, r7, #24
100039f4:	d505      	bpl.n	10003a02 <_vsnprintf+0x486>
100039f6:	9a1c      	ldr	r2, [sp, #112]	@ 0x70
100039f8:	1d11      	adds	r1, r2, #4
100039fa:	911c      	str	r1, [sp, #112]	@ 0x70
100039fc:	2300      	movs	r3, #0
100039fe:	5ed2      	ldrsh	r2, [r2, r3]
10003a00:	e795      	b.n	1000392e <_vsnprintf+0x3b2>
10003a02:	9a1c      	ldr	r2, [sp, #112]	@ 0x70
10003a04:	1d11      	adds	r1, r2, #4
10003a06:	911c      	str	r1, [sp, #112]	@ 0x70
10003a08:	6812      	ldr	r2, [r2, #0]
10003a0a:	e790      	b.n	1000392e <_vsnprintf+0x3b2>
10003a0c:	9a1c      	ldr	r2, [sp, #112]	@ 0x70
10003a0e:	3207      	adds	r2, #7
10003a10:	2107      	movs	r1, #7
10003a12:	438a      	bics	r2, r1
10003a14:	0011      	movs	r1, r2
10003a16:	3108      	adds	r1, #8
10003a18:	911c      	str	r1, [sp, #112]	@ 0x70
10003a1a:	9708      	str	r7, [sp, #32]
10003a1c:	9b0b      	ldr	r3, [sp, #44]	@ 0x2c
10003a1e:	9307      	str	r3, [sp, #28]
10003a20:	9406      	str	r4, [sp, #24]
10003a22:	4663      	mov	r3, ip
10003a24:	9304      	str	r3, [sp, #16]
10003a26:	2300      	movs	r3, #0
10003a28:	9305      	str	r3, [sp, #20]
10003a2a:	9302      	str	r3, [sp, #8]
10003a2c:	ca0c      	ldmia	r2, {r2, r3}
10003a2e:	9200      	str	r2, [sp, #0]
10003a30:	9301      	str	r3, [sp, #4]
10003a32:	4643      	mov	r3, r8
10003a34:	002a      	movs	r2, r5
10003a36:	4651      	mov	r1, sl
10003a38:	0030      	movs	r0, r6
10003a3a:	f7ff f95f 	bl	10002cfc <_ntoa_long_long>
10003a3e:	0005      	movs	r5, r0
10003a40:	e788      	b.n	10003954 <_vsnprintf+0x3d8>
10003a42:	9a1c      	ldr	r2, [sp, #112]	@ 0x70
10003a44:	1d11      	adds	r1, r2, #4
10003a46:	911c      	str	r1, [sp, #112]	@ 0x70
10003a48:	9705      	str	r7, [sp, #20]
10003a4a:	9b0b      	ldr	r3, [sp, #44]	@ 0x2c
10003a4c:	9304      	str	r3, [sp, #16]
10003a4e:	9403      	str	r4, [sp, #12]
10003a50:	4663      	mov	r3, ip
10003a52:	9302      	str	r3, [sp, #8]
10003a54:	2300      	movs	r3, #0
10003a56:	9301      	str	r3, [sp, #4]
10003a58:	6813      	ldr	r3, [r2, #0]
10003a5a:	9300      	str	r3, [sp, #0]
10003a5c:	4643      	mov	r3, r8
10003a5e:	002a      	movs	r2, r5
10003a60:	4651      	mov	r1, sl
10003a62:	0030      	movs	r0, r6
10003a64:	f7ff f8ee 	bl	10002c44 <_ntoa_long>
10003a68:	0005      	movs	r5, r0
10003a6a:	e773      	b.n	10003954 <_vsnprintf+0x3d8>
10003a6c:	063a      	lsls	r2, r7, #24
10003a6e:	d506      	bpl.n	10003a7e <_vsnprintf+0x502>
10003a70:	9a1c      	ldr	r2, [sp, #112]	@ 0x70
10003a72:	1d11      	adds	r1, r2, #4
10003a74:	911c      	str	r1, [sp, #112]	@ 0x70
10003a76:	6812      	ldr	r2, [r2, #0]
10003a78:	0412      	lsls	r2, r2, #16
10003a7a:	0c12      	lsrs	r2, r2, #16
10003a7c:	e72e      	b.n	100038dc <_vsnprintf+0x360>
10003a7e:	9a1c      	ldr	r2, [sp, #112]	@ 0x70
10003a80:	1d11      	adds	r1, r2, #4
10003a82:	911c      	str	r1, [sp, #112]	@ 0x70
10003a84:	6812      	ldr	r2, [r2, #0]
10003a86:	e729      	b.n	100038dc <_vsnprintf+0x360>
10003a88:	2320      	movs	r3, #32
10003a8a:	431f      	orrs	r7, r3
10003a8c:	e6df      	b.n	1000384e <_vsnprintf+0x2d2>
10003a8e:	1c57      	adds	r7, r2, #1
10003a90:	4643      	mov	r3, r8
10003a92:	4651      	mov	r1, sl
10003a94:	2020      	movs	r0, #32
10003a96:	47b0      	blx	r6
10003a98:	0023      	movs	r3, r4
10003a9a:	003a      	movs	r2, r7
10003a9c:	1c5c      	adds	r4, r3, #1
10003a9e:	429d      	cmp	r5, r3
10003aa0:	d8f5      	bhi.n	10003a8e <_vsnprintf+0x512>
10003aa2:	0015      	movs	r5, r2
10003aa4:	e64f      	b.n	10003746 <_vsnprintf+0x1ca>
10003aa6:	2301      	movs	r3, #1
10003aa8:	002a      	movs	r2, r5
10003aaa:	9d0b      	ldr	r5, [sp, #44]	@ 0x2c
10003aac:	e7f6      	b.n	10003a9c <_vsnprintf+0x520>
10003aae:	003a      	movs	r2, r7
10003ab0:	46b1      	mov	r9, r6
10003ab2:	9e0b      	ldr	r6, [sp, #44]	@ 0x2c
10003ab4:	e006      	b.n	10003ac4 <_vsnprintf+0x548>
10003ab6:	1c57      	adds	r7, r2, #1
10003ab8:	4643      	mov	r3, r8
10003aba:	4651      	mov	r1, sl
10003abc:	2020      	movs	r0, #32
10003abe:	47c8      	blx	r9
10003ac0:	002c      	movs	r4, r5
10003ac2:	003a      	movs	r2, r7
10003ac4:	1c65      	adds	r5, r4, #1
10003ac6:	42a6      	cmp	r6, r4
10003ac8:	d8f5      	bhi.n	10003ab6 <_vsnprintf+0x53a>
10003aca:	0017      	movs	r7, r2
10003acc:	464e      	mov	r6, r9
10003ace:	e647      	b.n	10003760 <_vsnprintf+0x1e4>
10003ad0:	3301      	adds	r3, #1
10003ad2:	000a      	movs	r2, r1
10003ad4:	7819      	ldrb	r1, [r3, #0]
10003ad6:	2900      	cmp	r1, #0
10003ad8:	d002      	beq.n	10003ae0 <_vsnprintf+0x564>
10003ada:	1e51      	subs	r1, r2, #1
10003adc:	2a00      	cmp	r2, #0
10003ade:	d1f7      	bne.n	10003ad0 <_vsnprintf+0x554>
10003ae0:	465a      	mov	r2, fp
10003ae2:	1a9b      	subs	r3, r3, r2
10003ae4:	2280      	movs	r2, #128	@ 0x80
10003ae6:	00d2      	lsls	r2, r2, #3
10003ae8:	0039      	movs	r1, r7
10003aea:	4011      	ands	r1, r2
10003aec:	4689      	mov	r9, r1
10003aee:	4217      	tst	r7, r2
10003af0:	d002      	beq.n	10003af8 <_vsnprintf+0x57c>
10003af2:	42a3      	cmp	r3, r4
10003af4:	d900      	bls.n	10003af8 <_vsnprintf+0x57c>
10003af6:	0023      	movs	r3, r4
10003af8:	2202      	movs	r2, #2
10003afa:	0011      	movs	r1, r2
10003afc:	4039      	ands	r1, r7
10003afe:	9110      	str	r1, [sp, #64]	@ 0x40
10003b00:	423a      	tst	r2, r7
10003b02:	d009      	beq.n	10003b18 <_vsnprintf+0x59c>
10003b04:	002a      	movs	r2, r5
10003b06:	0025      	movs	r5, r4
10003b08:	465f      	mov	r7, fp
10003b0a:	469b      	mov	fp, r3
10003b0c:	0033      	movs	r3, r6
10003b0e:	464e      	mov	r6, r9
10003b10:	4699      	mov	r9, r3
10003b12:	e021      	b.n	10003b58 <_vsnprintf+0x5dc>
10003b14:	0022      	movs	r2, r4
10003b16:	e690      	b.n	1000383a <_vsnprintf+0x2be>
10003b18:	002a      	movs	r2, r5
10003b1a:	4655      	mov	r5, sl
10003b1c:	46a2      	mov	sl, r4
10003b1e:	e006      	b.n	10003b2e <_vsnprintf+0x5b2>
10003b20:	1c54      	adds	r4, r2, #1
10003b22:	4643      	mov	r3, r8
10003b24:	0029      	movs	r1, r5
10003b26:	2020      	movs	r0, #32
10003b28:	47b0      	blx	r6
10003b2a:	003b      	movs	r3, r7
10003b2c:	0022      	movs	r2, r4
10003b2e:	1c5f      	adds	r7, r3, #1
10003b30:	990b      	ldr	r1, [sp, #44]	@ 0x2c
10003b32:	4299      	cmp	r1, r3
10003b34:	d8f4      	bhi.n	10003b20 <_vsnprintf+0x5a4>
10003b36:	4654      	mov	r4, sl
10003b38:	46aa      	mov	sl, r5
10003b3a:	003b      	movs	r3, r7
10003b3c:	0025      	movs	r5, r4
10003b3e:	465f      	mov	r7, fp
10003b40:	469b      	mov	fp, r3
10003b42:	0033      	movs	r3, r6
10003b44:	464e      	mov	r6, r9
10003b46:	4699      	mov	r9, r3
10003b48:	e006      	b.n	10003b58 <_vsnprintf+0x5dc>
10003b4a:	001d      	movs	r5, r3
10003b4c:	3701      	adds	r7, #1
10003b4e:	1c54      	adds	r4, r2, #1
10003b50:	4643      	mov	r3, r8
10003b52:	4651      	mov	r1, sl
10003b54:	47c8      	blx	r9
10003b56:	0022      	movs	r2, r4
10003b58:	7838      	ldrb	r0, [r7, #0]
10003b5a:	2800      	cmp	r0, #0
10003b5c:	d004      	beq.n	10003b68 <_vsnprintf+0x5ec>
10003b5e:	2e00      	cmp	r6, #0
10003b60:	d0f4      	beq.n	10003b4c <_vsnprintf+0x5d0>
10003b62:	1e6b      	subs	r3, r5, #1
10003b64:	2d00      	cmp	r5, #0
10003b66:	d1f0      	bne.n	10003b4a <_vsnprintf+0x5ce>
10003b68:	0015      	movs	r5, r2
10003b6a:	465b      	mov	r3, fp
10003b6c:	464e      	mov	r6, r9
10003b6e:	9a10      	ldr	r2, [sp, #64]	@ 0x40
10003b70:	2a00      	cmp	r2, #0
10003b72:	d103      	bne.n	10003b7c <_vsnprintf+0x600>
10003b74:	9b11      	ldr	r3, [sp, #68]	@ 0x44
10003b76:	3301      	adds	r3, #1
10003b78:	9311      	str	r3, [sp, #68]	@ 0x44
10003b7a:	e50f      	b.n	1000359c <_vsnprintf+0x20>
10003b7c:	002a      	movs	r2, r5
10003b7e:	9f0b      	ldr	r7, [sp, #44]	@ 0x2c
10003b80:	e006      	b.n	10003b90 <_vsnprintf+0x614>
10003b82:	1c55      	adds	r5, r2, #1
10003b84:	4643      	mov	r3, r8
10003b86:	4651      	mov	r1, sl
10003b88:	2020      	movs	r0, #32
10003b8a:	47b0      	blx	r6
10003b8c:	0023      	movs	r3, r4
10003b8e:	002a      	movs	r2, r5
10003b90:	1c5c      	adds	r4, r3, #1
10003b92:	429f      	cmp	r7, r3
10003b94:	d8f5      	bhi.n	10003b82 <_vsnprintf+0x606>
10003b96:	0015      	movs	r5, r2
10003b98:	e7ec      	b.n	10003b74 <_vsnprintf+0x5f8>
10003b9a:	2321      	movs	r3, #33	@ 0x21
10003b9c:	433b      	orrs	r3, r7
10003b9e:	9a1c      	ldr	r2, [sp, #112]	@ 0x70
10003ba0:	1d11      	adds	r1, r2, #4
10003ba2:	911c      	str	r1, [sp, #112]	@ 0x70
10003ba4:	6812      	ldr	r2, [r2, #0]
10003ba6:	9305      	str	r3, [sp, #20]
10003ba8:	2308      	movs	r3, #8
10003baa:	9304      	str	r3, [sp, #16]
10003bac:	9403      	str	r4, [sp, #12]
10003bae:	3308      	adds	r3, #8
10003bb0:	9302      	str	r3, [sp, #8]
10003bb2:	2300      	movs	r3, #0
10003bb4:	9301      	str	r3, [sp, #4]
10003bb6:	9200      	str	r2, [sp, #0]
10003bb8:	4643      	mov	r3, r8
10003bba:	002a      	movs	r2, r5
10003bbc:	4651      	mov	r1, sl
10003bbe:	0030      	movs	r0, r6
10003bc0:	f7ff f840 	bl	10002c44 <_ntoa_long>
10003bc4:	0005      	movs	r5, r0
10003bc6:	9b11      	ldr	r3, [sp, #68]	@ 0x44
10003bc8:	3301      	adds	r3, #1
10003bca:	9311      	str	r3, [sp, #68]	@ 0x44
10003bcc:	e4e6      	b.n	1000359c <_vsnprintf+0x20>
10003bce:	4b0b      	ldr	r3, [pc, #44]	@ (10003bfc <_vsnprintf+0x680>)
10003bd0:	469b      	mov	fp, r3
10003bd2:	e4e1      	b.n	10003598 <_vsnprintf+0x1c>
10003bd4:	46b3      	mov	fp, r6
10003bd6:	4545      	cmp	r5, r8
10003bd8:	d30d      	bcc.n	10003bf6 <_vsnprintf+0x67a>
10003bda:	4643      	mov	r3, r8
10003bdc:	1e5a      	subs	r2, r3, #1
10003bde:	4643      	mov	r3, r8
10003be0:	4651      	mov	r1, sl
10003be2:	2000      	movs	r0, #0
10003be4:	47d8      	blx	fp
10003be6:	0028      	movs	r0, r5
10003be8:	b013      	add	sp, #76	@ 0x4c
10003bea:	bcf0      	pop	{r4, r5, r6, r7}
10003bec:	46bb      	mov	fp, r7
10003bee:	46b2      	mov	sl, r6
10003bf0:	46a9      	mov	r9, r5
10003bf2:	46a0      	mov	r8, r4
10003bf4:	bdf0      	pop	{r4, r5, r6, r7, pc}
10003bf6:	002a      	movs	r2, r5
10003bf8:	e7f1      	b.n	10003bde <_vsnprintf+0x662>
10003bfa:	46c0      	nop			@ (mov r8, r8)
10003bfc:	10002a41 	.word	0x10002a41

10003c00 <vfctprintf>:
10003c00:	b500      	push	{lr}
10003c02:	b085      	sub	sp, #20
10003c04:	468c      	mov	ip, r1
10003c06:	a902      	add	r1, sp, #8
10003c08:	9002      	str	r0, [sp, #8]
10003c0a:	4660      	mov	r0, ip
10003c0c:	6048      	str	r0, [r1, #4]
10003c0e:	2001      	movs	r0, #1
10003c10:	4684      	mov	ip, r0
10003c12:	4804      	ldr	r0, [pc, #16]	@ (10003c24 <vfctprintf+0x24>)
10003c14:	9300      	str	r3, [sp, #0]
10003c16:	0013      	movs	r3, r2
10003c18:	4662      	mov	r2, ip
10003c1a:	4252      	negs	r2, r2
10003c1c:	f7ff fcae 	bl	1000357c <_vsnprintf>
10003c20:	b005      	add	sp, #20
10003c22:	bd00      	pop	{pc}
10003c24:	10002a43 	.word	0x10002a43

10003c28 <_exit>:
10003c28:	be00      	bkpt	0x0000
10003c2a:	e7fd      	b.n	10003c28 <_exit>

10003c2c <_fini>:
10003c2c:	4770      	bx	lr

10003c2e <exit>:
10003c2e:	b510      	push	{r4, lr}
10003c30:	f7ff fffa 	bl	10003c28 <_exit>

10003c34 <__assert_func>:
10003c34:	b510      	push	{r4, lr}
10003c36:	b082      	sub	sp, #8
10003c38:	4684      	mov	ip, r0
10003c3a:	000c      	movs	r4, r1
10003c3c:	0019      	movs	r1, r3
10003c3e:	2a00      	cmp	r2, #0
10003c40:	d00a      	beq.n	10003c58 <__assert_func+0x24>
10003c42:	4b07      	ldr	r3, [pc, #28]	@ (10003c60 <__assert_func+0x2c>)
10003c44:	4807      	ldr	r0, [pc, #28]	@ (10003c64 <__assert_func+0x30>)
10003c46:	9201      	str	r2, [sp, #4]
10003c48:	9300      	str	r3, [sp, #0]
10003c4a:	0023      	movs	r3, r4
10003c4c:	4662      	mov	r2, ip
10003c4e:	f000 f95d 	bl	10003f0c <__wrap_printf>
10003c52:	2001      	movs	r0, #1
10003c54:	f7ff ffe8 	bl	10003c28 <_exit>
10003c58:	4b03      	ldr	r3, [pc, #12]	@ (10003c68 <__assert_func+0x34>)
10003c5a:	001a      	movs	r2, r3
10003c5c:	e7f2      	b.n	10003c44 <__assert_func+0x10>
10003c5e:	46c0      	nop			@ (mov r8, r8)
10003c60:	100072d0 	.word	0x100072d0
10003c64:	100072e0 	.word	0x100072e0
10003c68:	100072dc 	.word	0x100072dc

10003c6c <runtime_init>:
10003c6c:	b510      	push	{r4, lr}
10003c6e:	f3ef 8305 	mrs	r3, IPSR
10003c72:	2b00      	cmp	r3, #0
10003c74:	d000      	beq.n	10003c78 <runtime_init+0xc>
10003c76:	be00      	bkpt	0x0000
10003c78:	f7fd fec8 	bl	10001a0c <runtime_run_initializers>
10003c7c:	4c03      	ldr	r4, [pc, #12]	@ (10003c8c <runtime_init+0x20>)
10003c7e:	e001      	b.n	10003c84 <runtime_init+0x18>
10003c80:	cc08      	ldmia	r4!, {r3}
10003c82:	4798      	blx	r3
10003c84:	4b02      	ldr	r3, [pc, #8]	@ (10003c90 <runtime_init+0x24>)
10003c86:	429c      	cmp	r4, r3
10003c88:	d3fa      	bcc.n	10003c80 <runtime_init+0x14>
10003c8a:	bd10      	pop	{r4, pc}
10003c8c:	10006b5c 	.word	0x10006b5c
10003c90:	10006b60 	.word	0x10006b60

10003c94 <stdio_out_chars_no_crlf>:
10003c94:	b510      	push	{r4, lr}
10003c96:	0003      	movs	r3, r0
10003c98:	0008      	movs	r0, r1
10003c9a:	0011      	movs	r1, r2
10003c9c:	681b      	ldr	r3, [r3, #0]
10003c9e:	4798      	blx	r3
10003ca0:	bd10      	pop	{r4, pc}
	...

10003ca4 <stdio_out_chars_crlf>:
10003ca4:	b5f8      	push	{r3, r4, r5, r6, r7, lr}
10003ca6:	0007      	movs	r7, r0
10003ca8:	000d      	movs	r5, r1
10003caa:	0016      	movs	r6, r2
10003cac:	7d43      	ldrb	r3, [r0, #21]
10003cae:	2b00      	cmp	r3, #0
10003cb0:	d002      	beq.n	10003cb8 <stdio_out_chars_crlf+0x14>
10003cb2:	2400      	movs	r4, #0
10003cb4:	2000      	movs	r0, #0
10003cb6:	e00c      	b.n	10003cd2 <stdio_out_chars_crlf+0x2e>
10003cb8:	6803      	ldr	r3, [r0, #0]
10003cba:	0011      	movs	r1, r2
10003cbc:	0028      	movs	r0, r5
10003cbe:	4798      	blx	r3
10003cc0:	e02b      	b.n	10003d1a <stdio_out_chars_crlf+0x76>
10003cc2:	7d3b      	ldrb	r3, [r7, #20]
10003cc4:	e00f      	b.n	10003ce6 <stdio_out_chars_crlf+0x42>
10003cc6:	683b      	ldr	r3, [r7, #0]
10003cc8:	4814      	ldr	r0, [pc, #80]	@ (10003d1c <stdio_out_chars_crlf+0x78>)
10003cca:	2102      	movs	r1, #2
10003ccc:	4798      	blx	r3
10003cce:	1c60      	adds	r0, r4, #1
10003cd0:	3401      	adds	r4, #1
10003cd2:	42b4      	cmp	r4, r6
10003cd4:	da13      	bge.n	10003cfe <stdio_out_chars_crlf+0x5a>
10003cd6:	2c00      	cmp	r4, #0
10003cd8:	ddf3      	ble.n	10003cc2 <stdio_out_chars_crlf+0x1e>
10003cda:	1e63      	subs	r3, r4, #1
10003cdc:	5ceb      	ldrb	r3, [r5, r3]
10003cde:	3b0d      	subs	r3, #13
10003ce0:	425a      	negs	r2, r3
10003ce2:	4153      	adcs	r3, r2
10003ce4:	b2db      	uxtb	r3, r3
10003ce6:	5d2a      	ldrb	r2, [r5, r4]
10003ce8:	2a0a      	cmp	r2, #10
10003cea:	d1f1      	bne.n	10003cd0 <stdio_out_chars_crlf+0x2c>
10003cec:	2b00      	cmp	r3, #0
10003cee:	d1ef      	bne.n	10003cd0 <stdio_out_chars_crlf+0x2c>
10003cf0:	42a0      	cmp	r0, r4
10003cf2:	dae8      	bge.n	10003cc6 <stdio_out_chars_crlf+0x22>
10003cf4:	683b      	ldr	r3, [r7, #0]
10003cf6:	1a21      	subs	r1, r4, r0
10003cf8:	1828      	adds	r0, r5, r0
10003cfa:	4798      	blx	r3
10003cfc:	e7e3      	b.n	10003cc6 <stdio_out_chars_crlf+0x22>
10003cfe:	42b0      	cmp	r0, r6
10003d00:	da03      	bge.n	10003d0a <stdio_out_chars_crlf+0x66>
10003d02:	683b      	ldr	r3, [r7, #0]
10003d04:	1a31      	subs	r1, r6, r0
10003d06:	1828      	adds	r0, r5, r0
10003d08:	4798      	blx	r3
10003d0a:	2e00      	cmp	r6, #0
10003d0c:	dd05      	ble.n	10003d1a <stdio_out_chars_crlf+0x76>
10003d0e:	3e01      	subs	r6, #1
10003d10:	5dab      	ldrb	r3, [r5, r6]
10003d12:	3b0d      	subs	r3, #13
10003d14:	425a      	negs	r2, r3
10003d16:	4153      	adcs	r3, r2
10003d18:	753b      	strb	r3, [r7, #20]
10003d1a:	bdf8      	pop	{r3, r4, r5, r6, r7, pc}
10003d1c:	10007a88 	.word	0x10007a88

10003d20 <stdio_stack_buffer_flush>:
10003d20:	b570      	push	{r4, r5, r6, lr}
10003d22:	0005      	movs	r5, r0
10003d24:	6803      	ldr	r3, [r0, #0]
10003d26:	2b00      	cmp	r3, #0
10003d28:	d016      	beq.n	10003d58 <stdio_stack_buffer_flush+0x38>
10003d2a:	4b0c      	ldr	r3, [pc, #48]	@ (10003d5c <stdio_stack_buffer_flush+0x3c>)
10003d2c:	681c      	ldr	r4, [r3, #0]
10003d2e:	e005      	b.n	10003d3c <stdio_stack_buffer_flush+0x1c>
10003d30:	0029      	movs	r1, r5
10003d32:	c904      	ldmia	r1!, {r2}
10003d34:	0020      	movs	r0, r4
10003d36:	f7ff ffb5 	bl	10003ca4 <stdio_out_chars_crlf>
10003d3a:	6924      	ldr	r4, [r4, #16]
10003d3c:	2c00      	cmp	r4, #0
10003d3e:	d009      	beq.n	10003d54 <stdio_stack_buffer_flush+0x34>
10003d40:	6823      	ldr	r3, [r4, #0]
10003d42:	2b00      	cmp	r3, #0
10003d44:	d0f9      	beq.n	10003d3a <stdio_stack_buffer_flush+0x1a>
10003d46:	4b06      	ldr	r3, [pc, #24]	@ (10003d60 <stdio_stack_buffer_flush+0x40>)
10003d48:	681b      	ldr	r3, [r3, #0]
10003d4a:	2b00      	cmp	r3, #0
10003d4c:	d0f0      	beq.n	10003d30 <stdio_stack_buffer_flush+0x10>
10003d4e:	42a3      	cmp	r3, r4
10003d50:	d1f3      	bne.n	10003d3a <stdio_stack_buffer_flush+0x1a>
10003d52:	e7ed      	b.n	10003d30 <stdio_stack_buffer_flush+0x10>
10003d54:	2300      	movs	r3, #0
10003d56:	602b      	str	r3, [r5, #0]
10003d58:	bd70      	pop	{r4, r5, r6, pc}
10003d5a:	46c0      	nop			@ (mov r8, r8)
10003d5c:	20001280 	.word	0x20001280
10003d60:	20001288 	.word	0x20001288

10003d64 <stdio_buffered_printer>:
10003d64:	b510      	push	{r4, lr}
10003d66:	680b      	ldr	r3, [r1, #0]
10003d68:	1c5a      	adds	r2, r3, #1
10003d6a:	600a      	str	r2, [r1, #0]
10003d6c:	18cb      	adds	r3, r1, r3
10003d6e:	7118      	strb	r0, [r3, #4]
10003d70:	2a80      	cmp	r2, #128	@ 0x80
10003d72:	d000      	beq.n	10003d76 <stdio_buffered_printer+0x12>
10003d74:	bd10      	pop	{r4, pc}
10003d76:	0008      	movs	r0, r1
10003d78:	f7ff ffd2 	bl	10003d20 <stdio_stack_buffer_flush>
10003d7c:	e7fa      	b.n	10003d74 <stdio_buffered_printer+0x10>
	...

10003d80 <stdout_serialize_begin>:
10003d80:	b510      	push	{r4, lr}
10003d82:	f7fd fc47 	bl	10001614 <time_us_64>
10003d86:	4a07      	ldr	r2, [pc, #28]	@ (10003da4 <stdout_serialize_begin+0x24>)
10003d88:	2300      	movs	r3, #0
10003d8a:	1812      	adds	r2, r2, r0
10003d8c:	414b      	adcs	r3, r1
10003d8e:	2b00      	cmp	r3, #0
10003d90:	db03      	blt.n	10003d9a <stdout_serialize_begin+0x1a>
10003d92:	4805      	ldr	r0, [pc, #20]	@ (10003da8 <stdout_serialize_begin+0x28>)
10003d94:	f002 fe74 	bl	10006a80 <__mutex_try_enter_block_until_veneer>
10003d98:	bd10      	pop	{r4, pc}
10003d9a:	2201      	movs	r2, #1
10003d9c:	4252      	negs	r2, r2
10003d9e:	4b03      	ldr	r3, [pc, #12]	@ (10003dac <stdout_serialize_begin+0x2c>)
10003da0:	e7f7      	b.n	10003d92 <stdout_serialize_begin+0x12>
10003da2:	46c0      	nop			@ (mov r8, r8)
10003da4:	000f4240 	.word	0x000f4240
10003da8:	20000cb8 	.word	0x20000cb8
10003dac:	7fffffff 	.word	0x7fffffff

10003db0 <stdout_serialize_end>:
10003db0:	b510      	push	{r4, lr}
10003db2:	4802      	ldr	r0, [pc, #8]	@ (10003dbc <stdout_serialize_end+0xc>)
10003db4:	f002 feac 	bl	10006b10 <__mutex_exit_veneer>
10003db8:	bd10      	pop	{r4, pc}
10003dba:	46c0      	nop			@ (mov r8, r8)
10003dbc:	20000cb8 	.word	0x20000cb8

10003dc0 <stdio_put_string>:
10003dc0:	b5f0      	push	{r4, r5, r6, r7, lr}
10003dc2:	46ce      	mov	lr, r9
10003dc4:	4647      	mov	r7, r8
10003dc6:	b580      	push	{r7, lr}
10003dc8:	b083      	sub	sp, #12
10003dca:	4680      	mov	r8, r0
10003dcc:	000d      	movs	r5, r1
10003dce:	0016      	movs	r6, r2
10003dd0:	001c      	movs	r4, r3
10003dd2:	f7ff ffd5 	bl	10003d80 <stdout_serialize_begin>
10003dd6:	4681      	mov	r9, r0
10003dd8:	1c6b      	adds	r3, r5, #1
10003dda:	d005      	beq.n	10003de8 <stdio_put_string+0x28>
10003ddc:	2c00      	cmp	r4, #0
10003dde:	d008      	beq.n	10003df2 <stdio_put_string+0x32>
10003de0:	4f18      	ldr	r7, [pc, #96]	@ (10003e44 <stdio_put_string+0x84>)
10003de2:	4b19      	ldr	r3, [pc, #100]	@ (10003e48 <stdio_put_string+0x88>)
10003de4:	681c      	ldr	r4, [r3, #0]
10003de6:	e007      	b.n	10003df8 <stdio_put_string+0x38>
10003de8:	4640      	mov	r0, r8
10003dea:	f002 fdff 	bl	100069ec <strlen>
10003dee:	0005      	movs	r5, r0
10003df0:	e7f4      	b.n	10003ddc <stdio_put_string+0x1c>
10003df2:	4f16      	ldr	r7, [pc, #88]	@ (10003e4c <stdio_put_string+0x8c>)
10003df4:	e7f5      	b.n	10003de2 <stdio_put_string+0x22>
10003df6:	6924      	ldr	r4, [r4, #16]
10003df8:	2c00      	cmp	r4, #0
10003dfa:	d016      	beq.n	10003e2a <stdio_put_string+0x6a>
10003dfc:	6823      	ldr	r3, [r4, #0]
10003dfe:	2b00      	cmp	r3, #0
10003e00:	d0f9      	beq.n	10003df6 <stdio_put_string+0x36>
10003e02:	4b13      	ldr	r3, [pc, #76]	@ (10003e50 <stdio_put_string+0x90>)
10003e04:	681b      	ldr	r3, [r3, #0]
10003e06:	2b00      	cmp	r3, #0
10003e08:	d001      	beq.n	10003e0e <stdio_put_string+0x4e>
10003e0a:	42a3      	cmp	r3, r4
10003e0c:	d1f3      	bne.n	10003df6 <stdio_put_string+0x36>
10003e0e:	002a      	movs	r2, r5
10003e10:	4641      	mov	r1, r8
10003e12:	0020      	movs	r0, r4
10003e14:	47b8      	blx	r7
10003e16:	2e00      	cmp	r6, #0
10003e18:	d0ed      	beq.n	10003df6 <stdio_put_string+0x36>
10003e1a:	466b      	mov	r3, sp
10003e1c:	1dd9      	adds	r1, r3, #7
10003e1e:	230a      	movs	r3, #10
10003e20:	700b      	strb	r3, [r1, #0]
10003e22:	2201      	movs	r2, #1
10003e24:	0020      	movs	r0, r4
10003e26:	47b8      	blx	r7
10003e28:	e7e5      	b.n	10003df6 <stdio_put_string+0x36>
10003e2a:	464b      	mov	r3, r9
10003e2c:	2b00      	cmp	r3, #0
10003e2e:	d105      	bne.n	10003e3c <stdio_put_string+0x7c>
10003e30:	0028      	movs	r0, r5
10003e32:	b003      	add	sp, #12
10003e34:	bcc0      	pop	{r6, r7}
10003e36:	46b9      	mov	r9, r7
10003e38:	46b0      	mov	r8, r6
10003e3a:	bdf0      	pop	{r4, r5, r6, r7, pc}
10003e3c:	f7ff ffb8 	bl	10003db0 <stdout_serialize_end>
10003e40:	e7f6      	b.n	10003e30 <stdio_put_string+0x70>
10003e42:	46c0      	nop			@ (mov r8, r8)
10003e44:	10003ca5 	.word	0x10003ca5
10003e48:	20001280 	.word	0x20001280
10003e4c:	10003c95 	.word	0x10003c95
10003e50:	20001288 	.word	0x20001288

10003e54 <stdio_set_driver_enabled>:
10003e54:	4a0a      	ldr	r2, [pc, #40]	@ (10003e80 <stdio_set_driver_enabled+0x2c>)
10003e56:	6813      	ldr	r3, [r2, #0]
10003e58:	e002      	b.n	10003e60 <stdio_set_driver_enabled+0xc>
10003e5a:	001a      	movs	r2, r3
10003e5c:	3210      	adds	r2, #16
10003e5e:	691b      	ldr	r3, [r3, #16]
10003e60:	2b00      	cmp	r3, #0
10003e62:	d009      	beq.n	10003e78 <stdio_set_driver_enabled+0x24>
10003e64:	6813      	ldr	r3, [r2, #0]
10003e66:	4283      	cmp	r3, r0
10003e68:	d1f7      	bne.n	10003e5a <stdio_set_driver_enabled+0x6>
10003e6a:	2900      	cmp	r1, #0
10003e6c:	d107      	bne.n	10003e7e <stdio_set_driver_enabled+0x2a>
10003e6e:	6903      	ldr	r3, [r0, #16]
10003e70:	6013      	str	r3, [r2, #0]
10003e72:	2300      	movs	r3, #0
10003e74:	6103      	str	r3, [r0, #16]
10003e76:	e002      	b.n	10003e7e <stdio_set_driver_enabled+0x2a>
10003e78:	2900      	cmp	r1, #0
10003e7a:	d000      	beq.n	10003e7e <stdio_set_driver_enabled+0x2a>
10003e7c:	6010      	str	r0, [r2, #0]
10003e7e:	4770      	bx	lr
10003e80:	20001280 	.word	0x20001280

10003e84 <stdio_flush>:
10003e84:	b510      	push	{r4, lr}
10003e86:	4b06      	ldr	r3, [pc, #24]	@ (10003ea0 <stdio_flush+0x1c>)
10003e88:	681c      	ldr	r4, [r3, #0]
10003e8a:	e000      	b.n	10003e8e <stdio_flush+0xa>
10003e8c:	6924      	ldr	r4, [r4, #16]
10003e8e:	2c00      	cmp	r4, #0
10003e90:	d004      	beq.n	10003e9c <stdio_flush+0x18>
10003e92:	6863      	ldr	r3, [r4, #4]
10003e94:	2b00      	cmp	r3, #0
10003e96:	d0f9      	beq.n	10003e8c <stdio_flush+0x8>
10003e98:	4798      	blx	r3
10003e9a:	e7f7      	b.n	10003e8c <stdio_flush+0x8>
10003e9c:	bd10      	pop	{r4, pc}
10003e9e:	46c0      	nop			@ (mov r8, r8)
10003ea0:	20001280 	.word	0x20001280

10003ea4 <stdio_init_all>:
10003ea4:	b510      	push	{r4, lr}
10003ea6:	f000 f93d 	bl	10004124 <stdio_usb_init>
10003eaa:	bd10      	pop	{r4, pc}

10003eac <__wrap_puts>:
10003eac:	b570      	push	{r4, r5, r6, lr}
10003eae:	0005      	movs	r5, r0
10003eb0:	f002 fd9c 	bl	100069ec <strlen>
10003eb4:	0004      	movs	r4, r0
10003eb6:	2301      	movs	r3, #1
10003eb8:	2201      	movs	r2, #1
10003eba:	0001      	movs	r1, r0
10003ebc:	0028      	movs	r0, r5
10003ebe:	f7ff ff7f 	bl	10003dc0 <stdio_put_string>
10003ec2:	f7ff ffdf 	bl	10003e84 <stdio_flush>
10003ec6:	0020      	movs	r0, r4
10003ec8:	bd70      	pop	{r4, r5, r6, pc}
	...

10003ecc <__wrap_vprintf>:
10003ecc:	b5f0      	push	{r4, r5, r6, r7, lr}
10003ece:	b0a3      	sub	sp, #140	@ 0x8c
10003ed0:	0007      	movs	r7, r0
10003ed2:	000e      	movs	r6, r1
10003ed4:	f7ff ff54 	bl	10003d80 <stdout_serialize_begin>
10003ed8:	0005      	movs	r5, r0
10003eda:	ac01      	add	r4, sp, #4
10003edc:	2300      	movs	r3, #0
10003ede:	9301      	str	r3, [sp, #4]
10003ee0:	4809      	ldr	r0, [pc, #36]	@ (10003f08 <__wrap_vprintf+0x3c>)
10003ee2:	0033      	movs	r3, r6
10003ee4:	003a      	movs	r2, r7
10003ee6:	0021      	movs	r1, r4
10003ee8:	f7ff fe8a 	bl	10003c00 <vfctprintf>
10003eec:	0006      	movs	r6, r0
10003eee:	0020      	movs	r0, r4
10003ef0:	f7ff ff16 	bl	10003d20 <stdio_stack_buffer_flush>
10003ef4:	f7ff ffc6 	bl	10003e84 <stdio_flush>
10003ef8:	2d00      	cmp	r5, #0
10003efa:	d102      	bne.n	10003f02 <__wrap_vprintf+0x36>
10003efc:	0030      	movs	r0, r6
10003efe:	b023      	add	sp, #140	@ 0x8c
10003f00:	bdf0      	pop	{r4, r5, r6, r7, pc}
10003f02:	f7ff ff55 	bl	10003db0 <stdout_serialize_end>
10003f06:	e7f9      	b.n	10003efc <__wrap_vprintf+0x30>
10003f08:	10003d65 	.word	0x10003d65

10003f0c <__wrap_printf>:
10003f0c:	b40f      	push	{r0, r1, r2, r3}
10003f0e:	b500      	push	{lr}
10003f10:	b083      	sub	sp, #12
10003f12:	a904      	add	r1, sp, #16
10003f14:	c901      	ldmia	r1!, {r0}
10003f16:	9101      	str	r1, [sp, #4]
10003f18:	f7ff ffd8 	bl	10003ecc <__wrap_vprintf>
10003f1c:	b003      	add	sp, #12
10003f1e:	bc08      	pop	{r3}
10003f20:	b004      	add	sp, #16
10003f22:	4718      	bx	r3

10003f24 <stdio_usb_set_chars_available_callback>:
10003f24:	4b02      	ldr	r3, [pc, #8]	@ (10003f30 <stdio_usb_set_chars_available_callback+0xc>)
10003f26:	6018      	str	r0, [r3, #0]
10003f28:	4b02      	ldr	r3, [pc, #8]	@ (10003f34 <stdio_usb_set_chars_available_callback+0x10>)
10003f2a:	6019      	str	r1, [r3, #0]
10003f2c:	4770      	bx	lr
10003f2e:	46c0      	nop			@ (mov r8, r8)
10003f30:	2000121c 	.word	0x2000121c
10003f34:	20001220 	.word	0x20001220

10003f38 <stdio_usb_out_flush>:
10003f38:	b510      	push	{r4, lr}
10003f3a:	f7fd fb6b 	bl	10001614 <time_us_64>
10003f3e:	4a0e      	ldr	r2, [pc, #56]	@ (10003f78 <stdio_usb_out_flush+0x40>)
10003f40:	2300      	movs	r3, #0
10003f42:	1812      	adds	r2, r2, r0
10003f44:	414b      	adcs	r3, r1
10003f46:	2b00      	cmp	r3, #0
10003f48:	db12      	blt.n	10003f70 <stdio_usb_out_flush+0x38>
10003f4a:	480c      	ldr	r0, [pc, #48]	@ (10003f7c <stdio_usb_out_flush+0x44>)
10003f4c:	f002 fd98 	bl	10006a80 <__mutex_try_enter_block_until_veneer>
10003f50:	2800      	cmp	r0, #0
10003f52:	d00c      	beq.n	10003f6e <stdio_usb_out_flush+0x36>
10003f54:	2001      	movs	r0, #1
10003f56:	2100      	movs	r1, #0
10003f58:	4240      	negs	r0, r0
10003f5a:	f001 faad 	bl	100054b8 <tud_task_ext>
10003f5e:	2000      	movs	r0, #0
10003f60:	f001 fd5c 	bl	10005a1c <tud_cdc_n_write_flush>
10003f64:	2800      	cmp	r0, #0
10003f66:	d1f5      	bne.n	10003f54 <stdio_usb_out_flush+0x1c>
10003f68:	4804      	ldr	r0, [pc, #16]	@ (10003f7c <stdio_usb_out_flush+0x44>)
10003f6a:	f002 fdd1 	bl	10006b10 <__mutex_exit_veneer>
10003f6e:	bd10      	pop	{r4, pc}
10003f70:	2201      	movs	r2, #1
10003f72:	4252      	negs	r2, r2
10003f74:	4b02      	ldr	r3, [pc, #8]	@ (10003f80 <stdio_usb_out_flush+0x48>)
10003f76:	e7e8      	b.n	10003f4a <stdio_usb_out_flush+0x12>
10003f78:	000f4240 	.word	0x000f4240
10003f7c:	200018bc 	.word	0x200018bc
10003f80:	7fffffff 	.word	0x7fffffff

10003f84 <usb_irq>:
10003f84:	b510      	push	{r4, lr}
10003f86:	4b02      	ldr	r3, [pc, #8]	@ (10003f90 <usb_irq+0xc>)
10003f88:	7818      	ldrb	r0, [r3, #0]
10003f8a:	f7fc fccd 	bl	10000928 <irq_set_pending>
10003f8e:	bd10      	pop	{r4, pc}
10003f90:	200018db 	.word	0x200018db

10003f94 <timer_task>:
10003f94:	b570      	push	{r4, r5, r6, lr}
10003f96:	4b1a      	ldr	r3, [pc, #104]	@ (10004000 <timer_task+0x6c>)
10003f98:	681b      	ldr	r3, [r3, #0]
10003f9a:	2b00      	cmp	r3, #0
10003f9c:	d024      	beq.n	10003fe8 <timer_task+0x54>
10003f9e:	f3ef 8210 	mrs	r2, PRIMASK
10003fa2:	b672      	cpsid	i
10003fa4:	0010      	movs	r0, r2
10003fa6:	6819      	ldr	r1, [r3, #0]
10003fa8:	2900      	cmp	r1, #0
10003faa:	d0fc      	beq.n	10003fa6 <timer_task+0x12>
10003fac:	f3bf 8f5f 	dmb	sy
10003fb0:	4913      	ldr	r1, [pc, #76]	@ (10004000 <timer_task+0x6c>)
10003fb2:	604a      	str	r2, [r1, #4]
10003fb4:	4b13      	ldr	r3, [pc, #76]	@ (10004004 <timer_task+0x70>)
10003fb6:	2200      	movs	r2, #0
10003fb8:	701a      	strb	r2, [r3, #0]
10003fba:	680b      	ldr	r3, [r1, #0]
10003fbc:	f3bf 8f5f 	dmb	sy
10003fc0:	601a      	str	r2, [r3, #0]
10003fc2:	f380 8810 	msr	PRIMASK, r0
10003fc6:	2200      	movs	r2, #0
10003fc8:	2300      	movs	r3, #0
10003fca:	0014      	movs	r4, r2
10003fcc:	001d      	movs	r5, r3
10003fce:	4b0e      	ldr	r3, [pc, #56]	@ (10004008 <timer_task+0x74>)
10003fd0:	7818      	ldrb	r0, [r3, #0]
10003fd2:	f7fc fc85 	bl	100008e0 <irq_is_enabled>
10003fd6:	2800      	cmp	r0, #0
10003fd8:	d10c      	bne.n	10003ff4 <timer_task+0x60>
10003fda:	2200      	movs	r2, #0
10003fdc:	2300      	movs	r3, #0
10003fde:	0014      	movs	r4, r2
10003fe0:	001d      	movs	r5, r3
10003fe2:	0020      	movs	r0, r4
10003fe4:	0029      	movs	r1, r5
10003fe6:	bd70      	pop	{r4, r5, r6, pc}
10003fe8:	22fa      	movs	r2, #250	@ 0xfa
10003fea:	0092      	lsls	r2, r2, #2
10003fec:	2300      	movs	r3, #0
10003fee:	0014      	movs	r4, r2
10003ff0:	001d      	movs	r5, r3
10003ff2:	e7ec      	b.n	10003fce <timer_task+0x3a>
10003ff4:	4b04      	ldr	r3, [pc, #16]	@ (10004008 <timer_task+0x74>)
10003ff6:	7818      	ldrb	r0, [r3, #0]
10003ff8:	f7fc fc96 	bl	10000928 <irq_set_pending>
10003ffc:	e7f1      	b.n	10003fe2 <timer_task+0x4e>
10003ffe:	46c0      	nop			@ (mov r8, r8)
10004000:	20001694 	.word	0x20001694
10004004:	200018dc 	.word	0x200018dc
10004008:	200018db 	.word	0x200018db

1000400c <alarm_pool_add_alarm_in_us>:
1000400c:	b5f0      	push	{r4, r5, r6, r7, lr}
1000400e:	b085      	sub	sp, #20
10004010:	0007      	movs	r7, r0
10004012:	0015      	movs	r5, r2
10004014:	001e      	movs	r6, r3
10004016:	ab0c      	add	r3, sp, #48	@ 0x30
10004018:	781c      	ldrb	r4, [r3, #0]
1000401a:	f7fd fafb 	bl	10001614 <time_us_64>
1000401e:	002a      	movs	r2, r5
10004020:	0033      	movs	r3, r6
10004022:	1812      	adds	r2, r2, r0
10004024:	414b      	adcs	r3, r1
10004026:	2b00      	cmp	r3, #0
10004028:	db09      	blt.n	1000403e <alarm_pool_add_alarm_in_us+0x32>
1000402a:	9402      	str	r4, [sp, #8]
1000402c:	990b      	ldr	r1, [sp, #44]	@ 0x2c
1000402e:	9101      	str	r1, [sp, #4]
10004030:	990a      	ldr	r1, [sp, #40]	@ 0x28
10004032:	9100      	str	r1, [sp, #0]
10004034:	0038      	movs	r0, r7
10004036:	f7fd f917 	bl	10001268 <alarm_pool_add_alarm_at>
1000403a:	b005      	add	sp, #20
1000403c:	bdf0      	pop	{r4, r5, r6, r7, pc}
1000403e:	2201      	movs	r2, #1
10004040:	4252      	negs	r2, r2
10004042:	4b01      	ldr	r3, [pc, #4]	@ (10004048 <alarm_pool_add_alarm_in_us+0x3c>)
10004044:	e7f1      	b.n	1000402a <alarm_pool_add_alarm_in_us+0x1e>
10004046:	46c0      	nop			@ (mov r8, r8)
10004048:	7fffffff 	.word	0x7fffffff

1000404c <add_alarm_in_us>:
1000404c:	b5f0      	push	{r4, r5, r6, r7, lr}
1000404e:	46c6      	mov	lr, r8
10004050:	b500      	push	{lr}
10004052:	b084      	sub	sp, #16
10004054:	4680      	mov	r8, r0
10004056:	000f      	movs	r7, r1
10004058:	0016      	movs	r6, r2
1000405a:	001d      	movs	r5, r3
1000405c:	ab0a      	add	r3, sp, #40	@ 0x28
1000405e:	781c      	ldrb	r4, [r3, #0]
10004060:	f7fd f89a 	bl	10001198 <alarm_pool_get_default>
10004064:	9402      	str	r4, [sp, #8]
10004066:	9501      	str	r5, [sp, #4]
10004068:	9600      	str	r6, [sp, #0]
1000406a:	4642      	mov	r2, r8
1000406c:	003b      	movs	r3, r7
1000406e:	f7ff ffcd 	bl	1000400c <alarm_pool_add_alarm_in_us>
10004072:	b004      	add	sp, #16
10004074:	bc80      	pop	{r7}
10004076:	46b8      	mov	r8, r7
10004078:	bdf0      	pop	{r4, r5, r6, r7, pc}
	...

1000407c <low_priority_worker_irq>:
1000407c:	b510      	push	{r4, lr}
1000407e:	b082      	sub	sp, #8
10004080:	4822      	ldr	r0, [pc, #136]	@ (1000410c <low_priority_worker_irq+0x90>)
10004082:	2100      	movs	r1, #0
10004084:	f002 fd1c 	bl	10006ac0 <__mutex_try_enter_veneer>
10004088:	2800      	cmp	r0, #0
1000408a:	d11e      	bne.n	100040ca <low_priority_worker_irq+0x4e>
1000408c:	4b20      	ldr	r3, [pc, #128]	@ (10004110 <low_priority_worker_irq+0x94>)
1000408e:	681b      	ldr	r3, [r3, #0]
10004090:	2b00      	cmp	r3, #0
10004092:	d018      	beq.n	100040c6 <low_priority_worker_irq+0x4a>
10004094:	f3ef 8110 	mrs	r1, PRIMASK
10004098:	b672      	cpsid	i
1000409a:	0008      	movs	r0, r1
1000409c:	681a      	ldr	r2, [r3, #0]
1000409e:	2a00      	cmp	r2, #0
100040a0:	d0fc      	beq.n	1000409c <low_priority_worker_irq+0x20>
100040a2:	f3bf 8f5f 	dmb	sy
100040a6:	4a1a      	ldr	r2, [pc, #104]	@ (10004110 <low_priority_worker_irq+0x94>)
100040a8:	6051      	str	r1, [r2, #4]
100040aa:	491a      	ldr	r1, [pc, #104]	@ (10004114 <low_priority_worker_irq+0x98>)
100040ac:	780b      	ldrb	r3, [r1, #0]
100040ae:	b2db      	uxtb	r3, r3
100040b0:	2401      	movs	r4, #1
100040b2:	700c      	strb	r4, [r1, #0]
100040b4:	6812      	ldr	r2, [r2, #0]
100040b6:	f3bf 8f5f 	dmb	sy
100040ba:	2100      	movs	r1, #0
100040bc:	6011      	str	r1, [r2, #0]
100040be:	f380 8810 	msr	PRIMASK, r0
100040c2:	2b00      	cmp	r3, #0
100040c4:	d017      	beq.n	100040f6 <low_priority_worker_irq+0x7a>
100040c6:	b002      	add	sp, #8
100040c8:	bd10      	pop	{r4, pc}
100040ca:	2001      	movs	r0, #1
100040cc:	2100      	movs	r1, #0
100040ce:	4240      	negs	r0, r0
100040d0:	f001 f9f2 	bl	100054b8 <tud_task_ext>
100040d4:	2000      	movs	r0, #0
100040d6:	f001 fc79 	bl	100059cc <tud_cdc_n_available>
100040da:	0004      	movs	r4, r0
100040dc:	480b      	ldr	r0, [pc, #44]	@ (1000410c <low_priority_worker_irq+0x90>)
100040de:	f002 fd17 	bl	10006b10 <__mutex_exit_veneer>
100040e2:	2c00      	cmp	r4, #0
100040e4:	d0ef      	beq.n	100040c6 <low_priority_worker_irq+0x4a>
100040e6:	4b0c      	ldr	r3, [pc, #48]	@ (10004118 <low_priority_worker_irq+0x9c>)
100040e8:	681b      	ldr	r3, [r3, #0]
100040ea:	2b00      	cmp	r3, #0
100040ec:	d0eb      	beq.n	100040c6 <low_priority_worker_irq+0x4a>
100040ee:	4a0b      	ldr	r2, [pc, #44]	@ (1000411c <low_priority_worker_irq+0xa0>)
100040f0:	6810      	ldr	r0, [r2, #0]
100040f2:	4798      	blx	r3
100040f4:	e7e7      	b.n	100040c6 <low_priority_worker_irq+0x4a>
100040f6:	4a0a      	ldr	r2, [pc, #40]	@ (10004120 <low_priority_worker_irq+0xa4>)
100040f8:	3301      	adds	r3, #1
100040fa:	9300      	str	r3, [sp, #0]
100040fc:	2300      	movs	r3, #0
100040fe:	20fa      	movs	r0, #250	@ 0xfa
10004100:	0080      	lsls	r0, r0, #2
10004102:	2100      	movs	r1, #0
10004104:	f7ff ffa2 	bl	1000404c <add_alarm_in_us>
10004108:	e7dd      	b.n	100040c6 <low_priority_worker_irq+0x4a>
1000410a:	46c0      	nop			@ (mov r8, r8)
1000410c:	200018bc 	.word	0x200018bc
10004110:	20001694 	.word	0x20001694
10004114:	200018dc 	.word	0x200018dc
10004118:	2000121c 	.word	0x2000121c
1000411c:	20001220 	.word	0x20001220
10004120:	10003f95 	.word	0x10003f95

10004124 <stdio_usb_init>:
10004124:	b510      	push	{r4, lr}
10004126:	b082      	sub	sp, #8
10004128:	23d0      	movs	r3, #208	@ 0xd0
1000412a:	061b      	lsls	r3, r3, #24
1000412c:	681c      	ldr	r4, [r3, #0]
1000412e:	f7fd f833 	bl	10001198 <alarm_pool_get_default>
10004132:	f7fd f915 	bl	10001360 <alarm_pool_core_num>
10004136:	42a0      	cmp	r0, r4
10004138:	d130      	bne.n	1000419c <stdio_usb_init+0x78>
1000413a:	4b27      	ldr	r3, [pc, #156]	@ (100041d8 <stdio_usb_init+0xb4>)
1000413c:	781b      	ldrb	r3, [r3, #0]
1000413e:	2100      	movs	r1, #0
10004140:	2000      	movs	r0, #0
10004142:	f001 ff6b 	bl	1000601c <tusb_rhport_init>
10004146:	4b25      	ldr	r3, [pc, #148]	@ (100041dc <stdio_usb_init+0xb8>)
10004148:	681b      	ldr	r3, [r3, #0]
1000414a:	2b00      	cmp	r3, #0
1000414c:	d02c      	beq.n	100041a8 <stdio_usb_init+0x84>
1000414e:	2001      	movs	r0, #1
10004150:	f7fc fdbc 	bl	10000ccc <user_irq_claim_unused>
10004154:	4c22      	ldr	r4, [pc, #136]	@ (100041e0 <stdio_usb_init+0xbc>)
10004156:	7020      	strb	r0, [r4, #0]
10004158:	4922      	ldr	r1, [pc, #136]	@ (100041e4 <stdio_usb_init+0xc0>)
1000415a:	23ff      	movs	r3, #255	@ 0xff
1000415c:	4018      	ands	r0, r3
1000415e:	f7fc fc01 	bl	10000964 <irq_set_exclusive_handler>
10004162:	7820      	ldrb	r0, [r4, #0]
10004164:	2101      	movs	r1, #1
10004166:	f7fc fbd5 	bl	10000914 <irq_set_enabled>
1000416a:	2005      	movs	r0, #5
1000416c:	f7fc fbec 	bl	10000948 <irq_has_shared_handler>
10004170:	1e04      	subs	r4, r0, #0
10004172:	d01d      	beq.n	100041b0 <stdio_usb_init+0x8c>
10004174:	2001      	movs	r0, #1
10004176:	f7fc fb31 	bl	100007dc <spin_lock_claim_unused>
1000417a:	0001      	movs	r1, r0
1000417c:	4b1a      	ldr	r3, [pc, #104]	@ (100041e8 <stdio_usb_init+0xc4>)
1000417e:	0018      	movs	r0, r3
10004180:	f7fc fe02 	bl	10000d88 <critical_section_init_with_lock_num>
10004184:	4919      	ldr	r1, [pc, #100]	@ (100041ec <stdio_usb_init+0xc8>)
10004186:	2200      	movs	r2, #0
10004188:	2005      	movs	r0, #5
1000418a:	f7fc fc17 	bl	100009bc <irq_add_shared_handler>
1000418e:	4818      	ldr	r0, [pc, #96]	@ (100041f0 <stdio_usb_init+0xcc>)
10004190:	2101      	movs	r1, #1
10004192:	f7ff fe5f 	bl	10003e54 <stdio_set_driver_enabled>
10004196:	0020      	movs	r0, r4
10004198:	b002      	add	sp, #8
1000419a:	bd10      	pop	{r4, pc}
1000419c:	4b15      	ldr	r3, [pc, #84]	@ (100041f4 <stdio_usb_init+0xd0>)
1000419e:	4a16      	ldr	r2, [pc, #88]	@ (100041f8 <stdio_usb_init+0xd4>)
100041a0:	4816      	ldr	r0, [pc, #88]	@ (100041fc <stdio_usb_init+0xd8>)
100041a2:	21c8      	movs	r1, #200	@ 0xc8
100041a4:	f7ff fd46 	bl	10003c34 <__assert_func>
100041a8:	480c      	ldr	r0, [pc, #48]	@ (100041dc <stdio_usb_init+0xb8>)
100041aa:	f7fc fdab 	bl	10000d04 <mutex_init>
100041ae:	e7ce      	b.n	1000414e <stdio_usb_init+0x2a>
100041b0:	480d      	ldr	r0, [pc, #52]	@ (100041e8 <stdio_usb_init+0xc4>)
100041b2:	2208      	movs	r2, #8
100041b4:	2100      	movs	r1, #0
100041b6:	f7fe fc37 	bl	10002a28 <__wrap_memset>
100041ba:	4a11      	ldr	r2, [pc, #68]	@ (10004200 <stdio_usb_init+0xdc>)
100041bc:	2301      	movs	r3, #1
100041be:	9300      	str	r3, [sp, #0]
100041c0:	2300      	movs	r3, #0
100041c2:	20fa      	movs	r0, #250	@ 0xfa
100041c4:	0080      	lsls	r0, r0, #2
100041c6:	2100      	movs	r1, #0
100041c8:	f7ff ff40 	bl	1000404c <add_alarm_in_us>
100041cc:	43c0      	mvns	r0, r0
100041ce:	0fc4      	lsrs	r4, r0, #31
100041d0:	2800      	cmp	r0, #0
100041d2:	dae0      	bge.n	10004196 <stdio_usb_init+0x72>
100041d4:	e7db      	b.n	1000418e <stdio_usb_init+0x6a>
100041d6:	46c0      	nop			@ (mov r8, r8)
100041d8:	10007e3c 	.word	0x10007e3c
100041dc:	200018bc 	.word	0x200018bc
100041e0:	200018db 	.word	0x200018db
100041e4:	1000407d 	.word	0x1000407d
100041e8:	20001694 	.word	0x20001694
100041ec:	10003f85 	.word	0x10003f85
100041f0:	20000c80 	.word	0x20000c80
100041f4:	10007310 	.word	0x10007310
100041f8:	10007a98 	.word	0x10007a98
100041fc:	10007318 	.word	0x10007318
10004200:	10003f95 	.word	0x10003f95

10004204 <stdio_usb_connected>:
10004204:	b510      	push	{r4, lr}
10004206:	2000      	movs	r0, #0
10004208:	f001 fbc6 	bl	10005998 <tud_cdc_n_connected>
1000420c:	bd10      	pop	{r4, pc}
	...

10004210 <stdio_usb_in_chars>:
10004210:	b570      	push	{r4, r5, r6, lr}
10004212:	0004      	movs	r4, r0
10004214:	000d      	movs	r5, r1
10004216:	f7ff fff5 	bl	10004204 <stdio_usb_connected>
1000421a:	2800      	cmp	r0, #0
1000421c:	d036      	beq.n	1000428c <stdio_usb_in_chars+0x7c>
1000421e:	2000      	movs	r0, #0
10004220:	f001 fbd4 	bl	100059cc <tud_cdc_n_available>
10004224:	2800      	cmp	r0, #0
10004226:	d035      	beq.n	10004294 <stdio_usb_in_chars+0x84>
10004228:	f7fd f9f4 	bl	10001614 <time_us_64>
1000422c:	4a1d      	ldr	r2, [pc, #116]	@ (100042a4 <stdio_usb_in_chars+0x94>)
1000422e:	2300      	movs	r3, #0
10004230:	1812      	adds	r2, r2, r0
10004232:	414b      	adcs	r3, r1
10004234:	2b00      	cmp	r3, #0
10004236:	db1a      	blt.n	1000426e <stdio_usb_in_chars+0x5e>
10004238:	481b      	ldr	r0, [pc, #108]	@ (100042a8 <stdio_usb_in_chars+0x98>)
1000423a:	f002 fc21 	bl	10006a80 <__mutex_try_enter_block_until_veneer>
1000423e:	2800      	cmp	r0, #0
10004240:	d02c      	beq.n	1000429c <stdio_usb_in_chars+0x8c>
10004242:	f7ff ffdf 	bl	10004204 <stdio_usb_connected>
10004246:	2800      	cmp	r0, #0
10004248:	d004      	beq.n	10004254 <stdio_usb_in_chars+0x44>
1000424a:	2000      	movs	r0, #0
1000424c:	f001 fbbe 	bl	100059cc <tud_cdc_n_available>
10004250:	2800      	cmp	r0, #0
10004252:	d110      	bne.n	10004276 <stdio_usb_in_chars+0x66>
10004254:	2001      	movs	r0, #1
10004256:	2100      	movs	r1, #0
10004258:	4240      	negs	r0, r0
1000425a:	f001 f92d 	bl	100054b8 <tud_task_ext>
1000425e:	2303      	movs	r3, #3
10004260:	425b      	negs	r3, r3
10004262:	001c      	movs	r4, r3
10004264:	4810      	ldr	r0, [pc, #64]	@ (100042a8 <stdio_usb_in_chars+0x98>)
10004266:	f002 fc53 	bl	10006b10 <__mutex_exit_veneer>
1000426a:	0020      	movs	r0, r4
1000426c:	bd70      	pop	{r4, r5, r6, pc}
1000426e:	2201      	movs	r2, #1
10004270:	4252      	negs	r2, r2
10004272:	4b0e      	ldr	r3, [pc, #56]	@ (100042ac <stdio_usb_in_chars+0x9c>)
10004274:	e7e0      	b.n	10004238 <stdio_usb_in_chars+0x28>
10004276:	002a      	movs	r2, r5
10004278:	0021      	movs	r1, r4
1000427a:	2000      	movs	r0, #0
1000427c:	f001 fbb2 	bl	100059e4 <tud_cdc_n_read>
10004280:	1e04      	subs	r4, r0, #0
10004282:	d1ef      	bne.n	10004264 <stdio_usb_in_chars+0x54>
10004284:	2303      	movs	r3, #3
10004286:	425b      	negs	r3, r3
10004288:	001c      	movs	r4, r3
1000428a:	e7eb      	b.n	10004264 <stdio_usb_in_chars+0x54>
1000428c:	2303      	movs	r3, #3
1000428e:	425b      	negs	r3, r3
10004290:	001c      	movs	r4, r3
10004292:	e7ea      	b.n	1000426a <stdio_usb_in_chars+0x5a>
10004294:	2303      	movs	r3, #3
10004296:	425b      	negs	r3, r3
10004298:	001c      	movs	r4, r3
1000429a:	e7e6      	b.n	1000426a <stdio_usb_in_chars+0x5a>
1000429c:	2303      	movs	r3, #3
1000429e:	425b      	negs	r3, r3
100042a0:	001c      	movs	r4, r3
100042a2:	e7e2      	b.n	1000426a <stdio_usb_in_chars+0x5a>
100042a4:	000f4240 	.word	0x000f4240
100042a8:	200018bc 	.word	0x200018bc
100042ac:	7fffffff 	.word	0x7fffffff

100042b0 <stdio_usb_out_chars>:
100042b0:	b5f0      	push	{r4, r5, r6, r7, lr}
100042b2:	b083      	sub	sp, #12
100042b4:	0005      	movs	r5, r0
100042b6:	000c      	movs	r4, r1
100042b8:	f7fd f9ac 	bl	10001614 <time_us_64>
100042bc:	4a31      	ldr	r2, [pc, #196]	@ (10004384 <stdio_usb_out_chars+0xd4>)
100042be:	2300      	movs	r3, #0
100042c0:	1812      	adds	r2, r2, r0
100042c2:	414b      	adcs	r3, r1
100042c4:	2b00      	cmp	r3, #0
100042c6:	db06      	blt.n	100042d6 <stdio_usb_out_chars+0x26>
100042c8:	482f      	ldr	r0, [pc, #188]	@ (10004388 <stdio_usb_out_chars+0xd8>)
100042ca:	f002 fbd9 	bl	10006a80 <__mutex_try_enter_block_until_veneer>
100042ce:	2800      	cmp	r0, #0
100042d0:	d105      	bne.n	100042de <stdio_usb_out_chars+0x2e>
100042d2:	b003      	add	sp, #12
100042d4:	bdf0      	pop	{r4, r5, r6, r7, pc}
100042d6:	2201      	movs	r2, #1
100042d8:	4252      	negs	r2, r2
100042da:	4b2c      	ldr	r3, [pc, #176]	@ (1000438c <stdio_usb_out_chars+0xdc>)
100042dc:	e7f4      	b.n	100042c8 <stdio_usb_out_chars+0x18>
100042de:	f7ff ff91 	bl	10004204 <stdio_usb_connected>
100042e2:	2800      	cmp	r0, #0
100042e4:	d14b      	bne.n	1000437e <stdio_usb_out_chars+0xce>
100042e6:	4b2a      	ldr	r3, [pc, #168]	@ (10004390 <stdio_usb_out_chars+0xe0>)
100042e8:	2000      	movs	r0, #0
100042ea:	2100      	movs	r1, #0
100042ec:	6018      	str	r0, [r3, #0]
100042ee:	6059      	str	r1, [r3, #4]
100042f0:	4825      	ldr	r0, [pc, #148]	@ (10004388 <stdio_usb_out_chars+0xd8>)
100042f2:	f002 fc0d 	bl	10006b10 <__mutex_exit_veneer>
100042f6:	e7ec      	b.n	100042d2 <stdio_usb_out_chars+0x22>
100042f8:	2001      	movs	r0, #1
100042fa:	2100      	movs	r1, #0
100042fc:	4240      	negs	r0, r0
100042fe:	f001 f8db 	bl	100054b8 <tud_task_ext>
10004302:	2000      	movs	r0, #0
10004304:	f001 fb8a 	bl	10005a1c <tud_cdc_n_write_flush>
10004308:	f7ff ff7c 	bl	10004204 <stdio_usb_connected>
1000430c:	2800      	cmp	r0, #0
1000430e:	d0ef      	beq.n	100042f0 <stdio_usb_out_chars+0x40>
10004310:	2000      	movs	r0, #0
10004312:	f001 fbfb 	bl	10005b0c <tud_cdc_n_write_available>
10004316:	2800      	cmp	r0, #0
10004318:	d01f      	beq.n	1000435a <stdio_usb_out_chars+0xaa>
1000431a:	42a6      	cmp	r6, r4
1000431c:	dae8      	bge.n	100042f0 <stdio_usb_out_chars+0x40>
1000431e:	1ba7      	subs	r7, r4, r6
10004320:	2000      	movs	r0, #0
10004322:	f001 fbf3 	bl	10005b0c <tud_cdc_n_write_available>
10004326:	0002      	movs	r2, r0
10004328:	4287      	cmp	r7, r0
1000432a:	dc00      	bgt.n	1000432e <stdio_usb_out_chars+0x7e>
1000432c:	003a      	movs	r2, r7
1000432e:	2a00      	cmp	r2, #0
10004330:	d0e2      	beq.n	100042f8 <stdio_usb_out_chars+0x48>
10004332:	19a9      	adds	r1, r5, r6
10004334:	2000      	movs	r0, #0
10004336:	f001 fbc5 	bl	10005ac4 <tud_cdc_n_write>
1000433a:	0007      	movs	r7, r0
1000433c:	2001      	movs	r0, #1
1000433e:	2100      	movs	r1, #0
10004340:	4240      	negs	r0, r0
10004342:	f001 f8b9 	bl	100054b8 <tud_task_ext>
10004346:	2000      	movs	r0, #0
10004348:	f001 fb68 	bl	10005a1c <tud_cdc_n_write_flush>
1000434c:	19f6      	adds	r6, r6, r7
1000434e:	f7fd f961 	bl	10001614 <time_us_64>
10004352:	4b0f      	ldr	r3, [pc, #60]	@ (10004390 <stdio_usb_out_chars+0xe0>)
10004354:	6018      	str	r0, [r3, #0]
10004356:	6059      	str	r1, [r3, #4]
10004358:	e7df      	b.n	1000431a <stdio_usb_out_chars+0x6a>
1000435a:	f7fd f95b 	bl	10001614 <time_us_64>
1000435e:	9001      	str	r0, [sp, #4]
10004360:	000f      	movs	r7, r1
10004362:	4b0b      	ldr	r3, [pc, #44]	@ (10004390 <stdio_usb_out_chars+0xe0>)
10004364:	6818      	ldr	r0, [r3, #0]
10004366:	6859      	ldr	r1, [r3, #4]
10004368:	4a0a      	ldr	r2, [pc, #40]	@ (10004394 <stdio_usb_out_chars+0xe4>)
1000436a:	2300      	movs	r3, #0
1000436c:	1812      	adds	r2, r2, r0
1000436e:	414b      	adcs	r3, r1
10004370:	429f      	cmp	r7, r3
10004372:	d8bd      	bhi.n	100042f0 <stdio_usb_out_chars+0x40>
10004374:	d1d1      	bne.n	1000431a <stdio_usb_out_chars+0x6a>
10004376:	9901      	ldr	r1, [sp, #4]
10004378:	4291      	cmp	r1, r2
1000437a:	d9ce      	bls.n	1000431a <stdio_usb_out_chars+0x6a>
1000437c:	e7b8      	b.n	100042f0 <stdio_usb_out_chars+0x40>
1000437e:	2600      	movs	r6, #0
10004380:	e7cb      	b.n	1000431a <stdio_usb_out_chars+0x6a>
10004382:	46c0      	nop			@ (mov r8, r8)
10004384:	000f4240 	.word	0x000f4240
10004388:	200018bc 	.word	0x200018bc
1000438c:	7fffffff 	.word	0x7fffffff
10004390:	20000e40 	.word	0x20000e40
10004394:	0007a120 	.word	0x0007a120

10004398 <tud_descriptor_device_cb>:
10004398:	4800      	ldr	r0, [pc, #0]	@ (1000439c <tud_descriptor_device_cb+0x4>)
1000439a:	4770      	bx	lr
1000439c:	10007b14 	.word	0x10007b14

100043a0 <tud_descriptor_configuration_cb>:
100043a0:	4800      	ldr	r0, [pc, #0]	@ (100043a4 <tud_descriptor_configuration_cb+0x4>)
100043a2:	4770      	bx	lr
100043a4:	10007ac0 	.word	0x10007ac0

100043a8 <tud_descriptor_string_cb>:
100043a8:	b510      	push	{r4, lr}
100043aa:	0004      	movs	r4, r0
100043ac:	4b15      	ldr	r3, [pc, #84]	@ (10004404 <tud_descriptor_string_cb+0x5c>)
100043ae:	781b      	ldrb	r3, [r3, #0]
100043b0:	2b00      	cmp	r3, #0
100043b2:	d00e      	beq.n	100043d2 <tud_descriptor_string_cb+0x2a>
100043b4:	2c00      	cmp	r4, #0
100043b6:	d111      	bne.n	100043dc <tud_descriptor_string_cb+0x34>
100043b8:	4b13      	ldr	r3, [pc, #76]	@ (10004408 <tud_descriptor_string_cb+0x60>)
100043ba:	4a14      	ldr	r2, [pc, #80]	@ (1000440c <tud_descriptor_string_cb+0x64>)
100043bc:	805a      	strh	r2, [r3, #2]
100043be:	2301      	movs	r3, #1
100043c0:	3301      	adds	r3, #1
100043c2:	005b      	lsls	r3, r3, #1
100043c4:	b29b      	uxth	r3, r3
100043c6:	4810      	ldr	r0, [pc, #64]	@ (10004408 <tud_descriptor_string_cb+0x60>)
100043c8:	22c0      	movs	r2, #192	@ 0xc0
100043ca:	0092      	lsls	r2, r2, #2
100043cc:	4313      	orrs	r3, r2
100043ce:	8003      	strh	r3, [r0, #0]
100043d0:	bd10      	pop	{r4, pc}
100043d2:	480c      	ldr	r0, [pc, #48]	@ (10004404 <tud_descriptor_string_cb+0x5c>)
100043d4:	2111      	movs	r1, #17
100043d6:	f000 f825 	bl	10004424 <pico_get_unique_board_id_string>
100043da:	e7eb      	b.n	100043b4 <tud_descriptor_string_cb+0xc>
100043dc:	2c05      	cmp	r4, #5
100043de:	d80e      	bhi.n	100043fe <tud_descriptor_string_cb+0x56>
100043e0:	4b0b      	ldr	r3, [pc, #44]	@ (10004410 <tud_descriptor_string_cb+0x68>)
100043e2:	00a4      	lsls	r4, r4, #2
100043e4:	58e4      	ldr	r4, [r4, r3]
100043e6:	2300      	movs	r3, #0
100043e8:	2b12      	cmp	r3, #18
100043ea:	d8e9      	bhi.n	100043c0 <tud_descriptor_string_cb+0x18>
100043ec:	5ce1      	ldrb	r1, [r4, r3]
100043ee:	2900      	cmp	r1, #0
100043f0:	d0e6      	beq.n	100043c0 <tud_descriptor_string_cb+0x18>
100043f2:	3301      	adds	r3, #1
100043f4:	4a04      	ldr	r2, [pc, #16]	@ (10004408 <tud_descriptor_string_cb+0x60>)
100043f6:	0058      	lsls	r0, r3, #1
100043f8:	5281      	strh	r1, [r0, r2]
100043fa:	b2db      	uxtb	r3, r3
100043fc:	e7f4      	b.n	100043e8 <tud_descriptor_string_cb+0x40>
100043fe:	2000      	movs	r0, #0
10004400:	e7e6      	b.n	100043d0 <tud_descriptor_string_cb+0x28>
10004402:	46c0      	nop			@ (mov r8, r8)
10004404:	200018c4 	.word	0x200018c4
10004408:	20001258 	.word	0x20001258
1000440c:	00000409 	.word	0x00000409
10004410:	10007aa8 	.word	0x10007aa8

10004414 <_retrieve_unique_id_on_boot>:
10004414:	b510      	push	{r4, lr}
10004416:	4802      	ldr	r0, [pc, #8]	@ (10004420 <_retrieve_unique_id_on_boot+0xc>)
10004418:	f000 f830 	bl	1000447c <flash_get_unique_id>
1000441c:	bd10      	pop	{r4, pc}
1000441e:	46c0      	nop			@ (mov r8, r8)
10004420:	200016ac 	.word	0x200016ac

10004424 <pico_get_unique_board_id_string>:
10004424:	b510      	push	{r4, lr}
10004426:	1e0c      	subs	r4, r1, #0
10004428:	d001      	beq.n	1000442e <pico_get_unique_board_id_string+0xa>
1000442a:	2300      	movs	r3, #0
1000442c:	e008      	b.n	10004440 <pico_get_unique_board_id_string+0x1c>
1000442e:	4b0f      	ldr	r3, [pc, #60]	@ (1000446c <pico_get_unique_board_id_string+0x48>)
10004430:	4a0f      	ldr	r2, [pc, #60]	@ (10004470 <pico_get_unique_board_id_string+0x4c>)
10004432:	4810      	ldr	r0, [pc, #64]	@ (10004474 <pico_get_unique_board_id_string+0x50>)
10004434:	213b      	movs	r1, #59	@ 0x3b
10004436:	f7ff fbfd 	bl	10003c34 <__assert_func>
1000443a:	3237      	adds	r2, #55	@ 0x37
1000443c:	54c2      	strb	r2, [r0, r3]
1000443e:	3301      	adds	r3, #1
10004440:	1e62      	subs	r2, r4, #1
10004442:	429a      	cmp	r2, r3
10004444:	d90e      	bls.n	10004464 <pico_get_unique_board_id_string+0x40>
10004446:	2b0f      	cmp	r3, #15
10004448:	d80c      	bhi.n	10004464 <pico_get_unique_board_id_string+0x40>
1000444a:	085a      	lsrs	r2, r3, #1
1000444c:	490a      	ldr	r1, [pc, #40]	@ (10004478 <pico_get_unique_board_id_string+0x54>)
1000444e:	5c89      	ldrb	r1, [r1, r2]
10004450:	2201      	movs	r2, #1
10004452:	439a      	bics	r2, r3
10004454:	0092      	lsls	r2, r2, #2
10004456:	4111      	asrs	r1, r2
10004458:	220f      	movs	r2, #15
1000445a:	400a      	ands	r2, r1
1000445c:	2a09      	cmp	r2, #9
1000445e:	dcec      	bgt.n	1000443a <pico_get_unique_board_id_string+0x16>
10004460:	3230      	adds	r2, #48	@ 0x30
10004462:	e7eb      	b.n	1000443c <pico_get_unique_board_id_string+0x18>
10004464:	18c0      	adds	r0, r0, r3
10004466:	2300      	movs	r3, #0
10004468:	7003      	strb	r3, [r0, #0]
1000446a:	bd10      	pop	{r4, pc}
1000446c:	100073a8 	.word	0x100073a8
10004470:	10007b28 	.word	0x10007b28
10004474:	100073b0 	.word	0x100073b0
10004478:	200016ac 	.word	0x200016ac

1000447c <flash_get_unique_id>:
1000447c:	b570      	push	{r4, r5, r6, lr}
1000447e:	b088      	sub	sp, #32
10004480:	0004      	movs	r4, r0
10004482:	ad04      	add	r5, sp, #16
10004484:	220d      	movs	r2, #13
10004486:	2100      	movs	r1, #0
10004488:	0028      	movs	r0, r5
1000448a:	f7fe facd 	bl	10002a28 <__wrap_memset>
1000448e:	220d      	movs	r2, #13
10004490:	2100      	movs	r1, #0
10004492:	4668      	mov	r0, sp
10004494:	f7fe fac8 	bl	10002a28 <__wrap_memset>
10004498:	234b      	movs	r3, #75	@ 0x4b
1000449a:	702b      	strb	r3, [r5, #0]
1000449c:	2300      	movs	r3, #0
1000449e:	220d      	movs	r2, #13
100044a0:	4669      	mov	r1, sp
100044a2:	0028      	movs	r0, r5
100044a4:	f002 fb1c 	bl	10006ae0 <__flash_do_cmd_cs_veneer>
100044a8:	2300      	movs	r3, #0
100044aa:	e004      	b.n	100044b6 <flash_get_unique_id+0x3a>
100044ac:	1d5a      	adds	r2, r3, #5
100044ae:	4669      	mov	r1, sp
100044b0:	5c8a      	ldrb	r2, [r1, r2]
100044b2:	54e2      	strb	r2, [r4, r3]
100044b4:	3301      	adds	r3, #1
100044b6:	2b07      	cmp	r3, #7
100044b8:	ddf8      	ble.n	100044ac <flash_get_unique_id+0x30>
100044ba:	b008      	add	sp, #32
100044bc:	bd70      	pop	{r4, r5, r6, pc}

100044be <usb_reset_interface_init>:
100044be:	4770      	bx	lr

100044c0 <usb_reset_interface_reset>:
100044c0:	4b01      	ldr	r3, [pc, #4]	@ (100044c8 <usb_reset_interface_reset+0x8>)
100044c2:	2200      	movs	r2, #0
100044c4:	701a      	strb	r2, [r3, #0]
100044c6:	4770      	bx	lr
100044c8:	200018da 	.word	0x200018da

100044cc <usb_reset_interface_open>:
100044cc:	794b      	ldrb	r3, [r1, #5]
100044ce:	2bff      	cmp	r3, #255	@ 0xff
100044d0:	d10c      	bne.n	100044ec <usb_reset_interface_open+0x20>
100044d2:	798b      	ldrb	r3, [r1, #6]
100044d4:	2b00      	cmp	r3, #0
100044d6:	d10b      	bne.n	100044f0 <usb_reset_interface_open+0x24>
100044d8:	79cb      	ldrb	r3, [r1, #7]
100044da:	2b01      	cmp	r3, #1
100044dc:	d10a      	bne.n	100044f4 <usb_reset_interface_open+0x28>
100044de:	2a08      	cmp	r2, #8
100044e0:	d90a      	bls.n	100044f8 <usb_reset_interface_open+0x2c>
100044e2:	788a      	ldrb	r2, [r1, #2]
100044e4:	4b05      	ldr	r3, [pc, #20]	@ (100044fc <usb_reset_interface_open+0x30>)
100044e6:	701a      	strb	r2, [r3, #0]
100044e8:	2009      	movs	r0, #9
100044ea:	e000      	b.n	100044ee <usb_reset_interface_open+0x22>
100044ec:	2000      	movs	r0, #0
100044ee:	4770      	bx	lr
100044f0:	2000      	movs	r0, #0
100044f2:	e7fc      	b.n	100044ee <usb_reset_interface_open+0x22>
100044f4:	2000      	movs	r0, #0
100044f6:	e7fa      	b.n	100044ee <usb_reset_interface_open+0x22>
100044f8:	2000      	movs	r0, #0
100044fa:	e7f8      	b.n	100044ee <usb_reset_interface_open+0x22>
100044fc:	200018da 	.word	0x200018da

10004500 <usb_reset_interface_xfer_cb>:
10004500:	2001      	movs	r0, #1
10004502:	4770      	bx	lr

10004504 <usb_reset_interface_control_xfer_cb>:
10004504:	b510      	push	{r4, lr}
10004506:	2901      	cmp	r1, #1
10004508:	d128      	bne.n	1000455c <usb_reset_interface_control_xfer_cb+0x58>
1000450a:	7911      	ldrb	r1, [r2, #4]
1000450c:	7953      	ldrb	r3, [r2, #5]
1000450e:	021b      	lsls	r3, r3, #8
10004510:	430b      	orrs	r3, r1
10004512:	4913      	ldr	r1, [pc, #76]	@ (10004560 <usb_reset_interface_control_xfer_cb+0x5c>)
10004514:	7809      	ldrb	r1, [r1, #0]
10004516:	428b      	cmp	r3, r1
10004518:	d001      	beq.n	1000451e <usb_reset_interface_control_xfer_cb+0x1a>
1000451a:	2000      	movs	r0, #0
1000451c:	e01f      	b.n	1000455e <usb_reset_interface_control_xfer_cb+0x5a>
1000451e:	7853      	ldrb	r3, [r2, #1]
10004520:	2b01      	cmp	r3, #1
10004522:	d003      	beq.n	1000452c <usb_reset_interface_control_xfer_cb+0x28>
10004524:	2b02      	cmp	r3, #2
10004526:	d012      	beq.n	1000454e <usb_reset_interface_control_xfer_cb+0x4a>
10004528:	2000      	movs	r0, #0
1000452a:	e018      	b.n	1000455e <usb_reset_interface_control_xfer_cb+0x5a>
1000452c:	7891      	ldrb	r1, [r2, #2]
1000452e:	78d3      	ldrb	r3, [r2, #3]
10004530:	021b      	lsls	r3, r3, #8
10004532:	4319      	orrs	r1, r3
10004534:	05db      	lsls	r3, r3, #23
10004536:	d506      	bpl.n	10004546 <usb_reset_interface_control_xfer_cb+0x42>
10004538:	060a      	lsls	r2, r1, #24
1000453a:	0fd2      	lsrs	r2, r2, #31
1000453c:	0a48      	lsrs	r0, r1, #9
1000453e:	2303      	movs	r3, #3
10004540:	4019      	ands	r1, r3
10004542:	f7fd fa2d 	bl	100019a0 <rom_reset_usb_boot_extra>
10004546:	2200      	movs	r2, #0
10004548:	2001      	movs	r0, #1
1000454a:	4240      	negs	r0, r0
1000454c:	e7f7      	b.n	1000453e <usb_reset_interface_control_xfer_cb+0x3a>
1000454e:	2264      	movs	r2, #100	@ 0x64
10004550:	2100      	movs	r1, #0
10004552:	2000      	movs	r0, #0
10004554:	f7fd f9cc 	bl	100018f0 <watchdog_reboot>
10004558:	2001      	movs	r0, #1
1000455a:	e000      	b.n	1000455e <usb_reset_interface_control_xfer_cb+0x5a>
1000455c:	2001      	movs	r0, #1
1000455e:	bd10      	pop	{r4, pc}
10004560:	200018da 	.word	0x200018da

10004564 <tud_descriptor_bos_cb>:
10004564:	4800      	ldr	r0, [pc, #0]	@ (10004568 <tud_descriptor_bos_cb+0x4>)
10004566:	4770      	bx	lr
10004568:	10007c00 	.word	0x10007c00

1000456c <tud_vendor_control_xfer_cb>:
1000456c:	b510      	push	{r4, lr}
1000456e:	0004      	movs	r4, r0
10004570:	0010      	movs	r0, r2
10004572:	2901      	cmp	r1, #1
10004574:	d111      	bne.n	1000459a <tud_vendor_control_xfer_cb+0x2e>
10004576:	7853      	ldrb	r3, [r2, #1]
10004578:	2b01      	cmp	r3, #1
1000457a:	d110      	bne.n	1000459e <tud_vendor_control_xfer_cb+0x32>
1000457c:	7912      	ldrb	r2, [r2, #4]
1000457e:	7943      	ldrb	r3, [r0, #5]
10004580:	021b      	lsls	r3, r3, #8
10004582:	4313      	orrs	r3, r2
10004584:	2b07      	cmp	r3, #7
10004586:	d001      	beq.n	1000458c <tud_vendor_control_xfer_cb+0x20>
10004588:	2000      	movs	r0, #0
1000458a:	e007      	b.n	1000459c <tud_vendor_control_xfer_cb+0x30>
1000458c:	4a05      	ldr	r2, [pc, #20]	@ (100045a4 <tud_vendor_control_xfer_cb+0x38>)
1000458e:	339f      	adds	r3, #159	@ 0x9f
10004590:	0001      	movs	r1, r0
10004592:	0020      	movs	r0, r4
10004594:	f001 f8d4 	bl	10005740 <tud_control_xfer>
10004598:	e000      	b.n	1000459c <tud_vendor_control_xfer_cb+0x30>
1000459a:	2001      	movs	r0, #1
1000459c:	bd10      	pop	{r4, pc}
1000459e:	2000      	movs	r0, #0
100045a0:	e7fc      	b.n	1000459c <tud_vendor_control_xfer_cb+0x30>
100045a2:	46c0      	nop			@ (mov r8, r8)
100045a4:	10007b58 	.word	0x10007b58

100045a8 <usbd_app_driver_get_cb>:
100045a8:	2301      	movs	r3, #1
100045aa:	7003      	strb	r3, [r0, #0]
100045ac:	4800      	ldr	r0, [pc, #0]	@ (100045b0 <usbd_app_driver_get_cb+0x8>)
100045ae:	4770      	bx	lr
100045b0:	10007c24 	.word	0x10007c24

100045b4 <tud_cdc_line_coding_cb>:
100045b4:	b510      	push	{r4, lr}
100045b6:	780a      	ldrb	r2, [r1, #0]
100045b8:	784b      	ldrb	r3, [r1, #1]
100045ba:	021b      	lsls	r3, r3, #8
100045bc:	4313      	orrs	r3, r2
100045be:	788a      	ldrb	r2, [r1, #2]
100045c0:	0412      	lsls	r2, r2, #16
100045c2:	431a      	orrs	r2, r3
100045c4:	78cb      	ldrb	r3, [r1, #3]
100045c6:	061b      	lsls	r3, r3, #24
100045c8:	4313      	orrs	r3, r2
100045ca:	2296      	movs	r2, #150	@ 0x96
100045cc:	00d2      	lsls	r2, r2, #3
100045ce:	4293      	cmp	r3, r2
100045d0:	d000      	beq.n	100045d4 <tud_cdc_line_coding_cb+0x20>
100045d2:	bd10      	pop	{r4, pc}
100045d4:	2001      	movs	r0, #1
100045d6:	2200      	movs	r2, #0
100045d8:	0011      	movs	r1, r2
100045da:	4240      	negs	r0, r0
100045dc:	f7fd f9e0 	bl	100019a0 <rom_reset_usb_boot_extra>

100045e0 <hw_endpoint_init>:
100045e0:	b530      	push	{r4, r5, lr}
100045e2:	b083      	sub	sp, #12
100045e4:	0004      	movs	r4, r0
100045e6:	000d      	movs	r5, r1
100045e8:	4694      	mov	ip, r2
100045ea:	237f      	movs	r3, #127	@ 0x7f
100045ec:	4003      	ands	r3, r0
100045ee:	09c2      	lsrs	r2, r0, #7
100045f0:	4829      	ldr	r0, [pc, #164]	@ (10004698 <hw_endpoint_init+0xb8>)
100045f2:	0059      	lsls	r1, r3, #1
100045f4:	1889      	adds	r1, r1, r2
100045f6:	0149      	lsls	r1, r1, #5
100045f8:	1840      	adds	r0, r0, r1
100045fa:	7084      	strb	r4, [r0, #2]
100045fc:	4251      	negs	r1, r2
100045fe:	4151      	adcs	r1, r2
10004600:	7041      	strb	r1, [r0, #1]
10004602:	2100      	movs	r1, #0
10004604:	70c1      	strb	r1, [r0, #3]
10004606:	8305      	strh	r5, [r0, #24]
10004608:	4661      	mov	r1, ip
1000460a:	76c1      	strb	r1, [r0, #27]
1000460c:	2a01      	cmp	r2, #1
1000460e:	d01e      	beq.n	1000464e <hw_endpoint_init+0x6e>
10004610:	00dc      	lsls	r4, r3, #3
10004612:	4922      	ldr	r1, [pc, #136]	@ (1000469c <hw_endpoint_init+0xbc>)
10004614:	468c      	mov	ip, r1
10004616:	4464      	add	r4, ip
10004618:	491f      	ldr	r1, [pc, #124]	@ (10004698 <hw_endpoint_init+0xb8>)
1000461a:	0058      	lsls	r0, r3, #1
1000461c:	1880      	adds	r0, r0, r2
1000461e:	0140      	lsls	r0, r0, #5
10004620:	1809      	adds	r1, r1, r0
10004622:	608c      	str	r4, [r1, #8]
10004624:	491c      	ldr	r1, [pc, #112]	@ (10004698 <hw_endpoint_init+0xb8>)
10004626:	0058      	lsls	r0, r3, #1
10004628:	1880      	adds	r0, r0, r2
1000462a:	0140      	lsls	r0, r0, #5
1000462c:	1809      	adds	r1, r1, r0
1000462e:	6889      	ldr	r1, [r1, #8]
10004630:	2000      	movs	r0, #0
10004632:	6008      	str	r0, [r1, #0]
10004634:	2b00      	cmp	r3, #0
10004636:	d115      	bne.n	10004664 <hw_endpoint_init+0x84>
10004638:	4917      	ldr	r1, [pc, #92]	@ (10004698 <hw_endpoint_init+0xb8>)
1000463a:	005b      	lsls	r3, r3, #1
1000463c:	189b      	adds	r3, r3, r2
1000463e:	015b      	lsls	r3, r3, #5
10004640:	18cb      	adds	r3, r1, r3
10004642:	2200      	movs	r2, #0
10004644:	605a      	str	r2, [r3, #4]
10004646:	4a16      	ldr	r2, [pc, #88]	@ (100046a0 <hw_endpoint_init+0xc0>)
10004648:	60da      	str	r2, [r3, #12]
1000464a:	b003      	add	sp, #12
1000464c:	bd30      	pop	{r4, r5, pc}
1000464e:	00dc      	lsls	r4, r3, #3
10004650:	4914      	ldr	r1, [pc, #80]	@ (100046a4 <hw_endpoint_init+0xc4>)
10004652:	468c      	mov	ip, r1
10004654:	4464      	add	r4, ip
10004656:	4910      	ldr	r1, [pc, #64]	@ (10004698 <hw_endpoint_init+0xb8>)
10004658:	0058      	lsls	r0, r3, #1
1000465a:	1880      	adds	r0, r0, r2
1000465c:	0140      	lsls	r0, r0, #5
1000465e:	1809      	adds	r1, r1, r0
10004660:	608c      	str	r4, [r1, #8]
10004662:	e7df      	b.n	10004624 <hw_endpoint_init+0x44>
10004664:	2a01      	cmp	r2, #1
10004666:	d00b      	beq.n	10004680 <hw_endpoint_init+0xa0>
10004668:	1e58      	subs	r0, r3, #1
1000466a:	00c0      	lsls	r0, r0, #3
1000466c:	490e      	ldr	r1, [pc, #56]	@ (100046a8 <hw_endpoint_init+0xc8>)
1000466e:	468c      	mov	ip, r1
10004670:	4460      	add	r0, ip
10004672:	4909      	ldr	r1, [pc, #36]	@ (10004698 <hw_endpoint_init+0xb8>)
10004674:	005b      	lsls	r3, r3, #1
10004676:	189b      	adds	r3, r3, r2
10004678:	015b      	lsls	r3, r3, #5
1000467a:	18c9      	adds	r1, r1, r3
1000467c:	6048      	str	r0, [r1, #4]
1000467e:	e7e4      	b.n	1000464a <hw_endpoint_init+0x6a>
10004680:	1e58      	subs	r0, r3, #1
10004682:	00c0      	lsls	r0, r0, #3
10004684:	4909      	ldr	r1, [pc, #36]	@ (100046ac <hw_endpoint_init+0xcc>)
10004686:	468c      	mov	ip, r1
10004688:	4460      	add	r0, ip
1000468a:	4903      	ldr	r1, [pc, #12]	@ (10004698 <hw_endpoint_init+0xb8>)
1000468c:	005b      	lsls	r3, r3, #1
1000468e:	189b      	adds	r3, r3, r2
10004690:	015b      	lsls	r3, r3, #5
10004692:	18c9      	adds	r1, r1, r3
10004694:	6048      	str	r0, [r1, #4]
10004696:	e7d8      	b.n	1000464a <hw_endpoint_init+0x6a>
10004698:	2000128c 	.word	0x2000128c
1000469c:	50100084 	.word	0x50100084
100046a0:	50100100 	.word	0x50100100
100046a4:	50100080 	.word	0x50100080
100046a8:	5010000c 	.word	0x5010000c
100046ac:	50100008 	.word	0x50100008

100046b0 <hw_endpoint_alloc>:
100046b0:	b510      	push	{r4, lr}
100046b2:	8b03      	ldrh	r3, [r0, #24]
100046b4:	333f      	adds	r3, #63	@ 0x3f
100046b6:	099b      	lsrs	r3, r3, #6
100046b8:	0199      	lsls	r1, r3, #6
100046ba:	7ec2      	ldrb	r2, [r0, #27]
100046bc:	2a02      	cmp	r2, #2
100046be:	d008      	beq.n	100046d2 <hw_endpoint_alloc+0x22>
100046c0:	4a08      	ldr	r2, [pc, #32]	@ (100046e4 <hw_endpoint_alloc+0x34>)
100046c2:	6813      	ldr	r3, [r2, #0]
100046c4:	60c3      	str	r3, [r0, #12]
100046c6:	185b      	adds	r3, r3, r1
100046c8:	6013      	str	r3, [r2, #0]
100046ca:	4a07      	ldr	r2, [pc, #28]	@ (100046e8 <hw_endpoint_alloc+0x38>)
100046cc:	4293      	cmp	r3, r2
100046ce:	d802      	bhi.n	100046d6 <hw_endpoint_alloc+0x26>
100046d0:	bd10      	pop	{r4, pc}
100046d2:	01d9      	lsls	r1, r3, #7
100046d4:	e7f4      	b.n	100046c0 <hw_endpoint_alloc+0x10>
100046d6:	4b05      	ldr	r3, [pc, #20]	@ (100046ec <hw_endpoint_alloc+0x3c>)
100046d8:	4a05      	ldr	r2, [pc, #20]	@ (100046f0 <hw_endpoint_alloc+0x40>)
100046da:	4806      	ldr	r0, [pc, #24]	@ (100046f4 <hw_endpoint_alloc+0x44>)
100046dc:	2152      	movs	r1, #82	@ 0x52
100046de:	f7ff faa9 	bl	10003c34 <__assert_func>
100046e2:	46c0      	nop			@ (mov r8, r8)
100046e4:	20001690 	.word	0x20001690
100046e8:	50100fff 	.word	0x50100fff
100046ec:	10007608 	.word	0x10007608
100046f0:	10007c74 	.word	0x10007c74
100046f4:	1000764c 	.word	0x1000764c

100046f8 <hw_endpoint_open>:
100046f8:	b5f8      	push	{r3, r4, r5, r6, r7, lr}
100046fa:	247f      	movs	r4, #127	@ 0x7f
100046fc:	4004      	ands	r4, r0
100046fe:	09c5      	lsrs	r5, r0, #7
10004700:	0063      	lsls	r3, r4, #1
10004702:	195b      	adds	r3, r3, r5
10004704:	015b      	lsls	r3, r3, #5
10004706:	4e0f      	ldr	r6, [pc, #60]	@ (10004744 <hw_endpoint_open+0x4c>)
10004708:	46b4      	mov	ip, r6
1000470a:	4463      	add	r3, ip
1000470c:	001e      	movs	r6, r3
1000470e:	f7ff ff67 	bl	100045e0 <hw_endpoint_init>
10004712:	2c00      	cmp	r4, #0
10004714:	d100      	bne.n	10004718 <hw_endpoint_open+0x20>
10004716:	bdf8      	pop	{r3, r4, r5, r6, r7, pc}
10004718:	4b0a      	ldr	r3, [pc, #40]	@ (10004744 <hw_endpoint_open+0x4c>)
1000471a:	0064      	lsls	r4, r4, #1
1000471c:	1964      	adds	r4, r4, r5
1000471e:	0164      	lsls	r4, r4, #5
10004720:	191c      	adds	r4, r3, r4
10004722:	8b21      	ldrh	r1, [r4, #24]
10004724:	0030      	movs	r0, r6
10004726:	f7ff ffc3 	bl	100046b0 <hw_endpoint_alloc>
1000472a:	7ee3      	ldrb	r3, [r4, #27]
1000472c:	069b      	lsls	r3, r3, #26
1000472e:	68e1      	ldr	r1, [r4, #12]
10004730:	4a05      	ldr	r2, [pc, #20]	@ (10004748 <hw_endpoint_open+0x50>)
10004732:	404a      	eors	r2, r1
10004734:	4313      	orrs	r3, r2
10004736:	2280      	movs	r2, #128	@ 0x80
10004738:	0612      	lsls	r2, r2, #24
1000473a:	4313      	orrs	r3, r2
1000473c:	6862      	ldr	r2, [r4, #4]
1000473e:	6013      	str	r3, [r2, #0]
10004740:	e7e9      	b.n	10004716 <hw_endpoint_open+0x1e>
10004742:	46c0      	nop			@ (mov r8, r8)
10004744:	2000128c 	.word	0x2000128c
10004748:	50100000 	.word	0x50100000

1000474c <hw_endpoint_xfer>:
1000474c:	b510      	push	{r4, lr}
1000474e:	0003      	movs	r3, r0
10004750:	207f      	movs	r0, #127	@ 0x7f
10004752:	4018      	ands	r0, r3
10004754:	09db      	lsrs	r3, r3, #7
10004756:	469c      	mov	ip, r3
10004758:	0040      	lsls	r0, r0, #1
1000475a:	4460      	add	r0, ip
1000475c:	0140      	lsls	r0, r0, #5
1000475e:	4b02      	ldr	r3, [pc, #8]	@ (10004768 <hw_endpoint_xfer+0x1c>)
10004760:	18c0      	adds	r0, r0, r3
10004762:	f000 f92f 	bl	100049c4 <hw_endpoint_xfer_start>
10004766:	bd10      	pop	{r4, pc}
10004768:	2000128c 	.word	0x2000128c

1000476c <dcd_int_enable>:
1000476c:	b510      	push	{r4, lr}
1000476e:	2800      	cmp	r0, #0
10004770:	d104      	bne.n	1000477c <dcd_int_enable+0x10>
10004772:	2101      	movs	r1, #1
10004774:	2005      	movs	r0, #5
10004776:	f7fc f8cd 	bl	10000914 <irq_set_enabled>
1000477a:	bd10      	pop	{r4, pc}
1000477c:	4b03      	ldr	r3, [pc, #12]	@ (1000478c <dcd_int_enable+0x20>)
1000477e:	4a04      	ldr	r2, [pc, #16]	@ (10004790 <dcd_int_enable+0x24>)
10004780:	2198      	movs	r1, #152	@ 0x98
10004782:	4804      	ldr	r0, [pc, #16]	@ (10004794 <dcd_int_enable+0x28>)
10004784:	31ff      	adds	r1, #255	@ 0xff
10004786:	f7ff fa55 	bl	10003c34 <__assert_func>
1000478a:	46c0      	nop			@ (mov r8, r8)
1000478c:	100076bc 	.word	0x100076bc
10004790:	10007c64 	.word	0x10007c64
10004794:	1000764c 	.word	0x1000764c

10004798 <dcd_set_address>:
10004798:	b510      	push	{r4, lr}
1000479a:	2800      	cmp	r0, #0
1000479c:	d105      	bne.n	100047aa <dcd_set_address+0x12>
1000479e:	2200      	movs	r2, #0
100047a0:	2100      	movs	r1, #0
100047a2:	2080      	movs	r0, #128	@ 0x80
100047a4:	f7ff ffd2 	bl	1000474c <hw_endpoint_xfer>
100047a8:	bd10      	pop	{r4, pc}
100047aa:	4b03      	ldr	r3, [pc, #12]	@ (100047b8 <dcd_set_address+0x20>)
100047ac:	4a03      	ldr	r2, [pc, #12]	@ (100047bc <dcd_set_address+0x24>)
100047ae:	21a2      	movs	r1, #162	@ 0xa2
100047b0:	4803      	ldr	r0, [pc, #12]	@ (100047c0 <dcd_set_address+0x28>)
100047b2:	31ff      	adds	r1, #255	@ 0xff
100047b4:	f7ff fa3e 	bl	10003c34 <__assert_func>
100047b8:	100076bc 	.word	0x100076bc
100047bc:	10007c54 	.word	0x10007c54
100047c0:	1000764c 	.word	0x1000764c

100047c4 <dcd_connect>:
100047c4:	4b02      	ldr	r3, [pc, #8]	@ (100047d0 <dcd_connect+0xc>)
100047c6:	2280      	movs	r2, #128	@ 0x80
100047c8:	0252      	lsls	r2, r2, #9
100047ca:	64da      	str	r2, [r3, #76]	@ 0x4c
100047cc:	4770      	bx	lr
100047ce:	46c0      	nop			@ (mov r8, r8)
100047d0:	50112000 	.word	0x50112000

100047d4 <dcd_init>:
100047d4:	b570      	push	{r4, r5, r6, lr}
100047d6:	1e04      	subs	r4, r0, #0
100047d8:	d127      	bne.n	1000482a <dcd_init+0x56>
100047da:	f000 f8d1 	bl	10004980 <rp2040_usb_init>
100047de:	4d16      	ldr	r5, [pc, #88]	@ (10004838 <dcd_init+0x64>)
100047e0:	230c      	movs	r3, #12
100047e2:	67ab      	str	r3, [r5, #120]	@ 0x78
100047e4:	4915      	ldr	r1, [pc, #84]	@ (1000483c <dcd_init+0x68>)
100047e6:	22ff      	movs	r2, #255	@ 0xff
100047e8:	2005      	movs	r0, #5
100047ea:	f7fc f8e7 	bl	100009bc <irq_add_shared_handler>
100047ee:	4814      	ldr	r0, [pc, #80]	@ (10004840 <dcd_init+0x6c>)
100047f0:	2240      	movs	r2, #64	@ 0x40
100047f2:	2100      	movs	r1, #0
100047f4:	f7fe f918 	bl	10002a28 <__wrap_memset>
100047f8:	2200      	movs	r2, #0
100047fa:	2140      	movs	r1, #64	@ 0x40
100047fc:	2000      	movs	r0, #0
100047fe:	f7ff ff7b 	bl	100046f8 <hw_endpoint_open>
10004802:	2200      	movs	r2, #0
10004804:	2140      	movs	r1, #64	@ 0x40
10004806:	2080      	movs	r0, #128	@ 0x80
10004808:	f7ff ff76 	bl	100046f8 <hw_endpoint_open>
1000480c:	f002 f948 	bl	10006aa0 <__reset_non_control_endpoints_veneer>
10004810:	2301      	movs	r3, #1
10004812:	642b      	str	r3, [r5, #64]	@ 0x40
10004814:	2380      	movs	r3, #128	@ 0x80
10004816:	059b      	lsls	r3, r3, #22
10004818:	64eb      	str	r3, [r5, #76]	@ 0x4c
1000481a:	2390      	movs	r3, #144	@ 0x90
1000481c:	4a09      	ldr	r2, [pc, #36]	@ (10004844 <dcd_init+0x70>)
1000481e:	50ea      	str	r2, [r5, r3]
10004820:	0020      	movs	r0, r4
10004822:	f7ff ffcf 	bl	100047c4 <dcd_connect>
10004826:	2001      	movs	r0, #1
10004828:	bd70      	pop	{r4, r5, r6, pc}
1000482a:	4b07      	ldr	r3, [pc, #28]	@ (10004848 <dcd_init+0x74>)
1000482c:	4a07      	ldr	r2, [pc, #28]	@ (1000484c <dcd_init+0x78>)
1000482e:	2164      	movs	r1, #100	@ 0x64
10004830:	4807      	ldr	r0, [pc, #28]	@ (10004850 <dcd_init+0x7c>)
10004832:	31ff      	adds	r1, #255	@ 0xff
10004834:	f7ff f9fe 	bl	10003c34 <__assert_func>
10004838:	50110000 	.word	0x50110000
1000483c:	200004ad 	.word	0x200004ad
10004840:	2000128c 	.word	0x2000128c
10004844:	0001d010 	.word	0x0001d010
10004848:	100076bc 	.word	0x100076bc
1000484c:	10007c88 	.word	0x10007c88
10004850:	1000764c 	.word	0x1000764c

10004854 <dcd_sof_enable>:
10004854:	4b04      	ldr	r3, [pc, #16]	@ (10004868 <dcd_sof_enable+0x14>)
10004856:	7019      	strb	r1, [r3, #0]
10004858:	2900      	cmp	r1, #0
1000485a:	d004      	beq.n	10004866 <dcd_sof_enable+0x12>
1000485c:	4a03      	ldr	r2, [pc, #12]	@ (1000486c <dcd_sof_enable+0x18>)
1000485e:	2390      	movs	r3, #144	@ 0x90
10004860:	2180      	movs	r1, #128	@ 0x80
10004862:	0289      	lsls	r1, r1, #10
10004864:	50d1      	str	r1, [r2, r3]
10004866:	4770      	bx	lr
10004868:	200018d6 	.word	0x200018d6
1000486c:	50112000 	.word	0x50112000

10004870 <dcd_edpt0_status_complete>:
10004870:	780b      	ldrb	r3, [r1, #0]
10004872:	06da      	lsls	r2, r3, #27
10004874:	d105      	bne.n	10004882 <dcd_edpt0_status_complete+0x12>
10004876:	2260      	movs	r2, #96	@ 0x60
10004878:	421a      	tst	r2, r3
1000487a:	d102      	bne.n	10004882 <dcd_edpt0_status_complete+0x12>
1000487c:	784b      	ldrb	r3, [r1, #1]
1000487e:	2b05      	cmp	r3, #5
10004880:	d000      	beq.n	10004884 <dcd_edpt0_status_complete+0x14>
10004882:	4770      	bx	lr
10004884:	788a      	ldrb	r2, [r1, #2]
10004886:	78cb      	ldrb	r3, [r1, #3]
10004888:	021b      	lsls	r3, r3, #8
1000488a:	4313      	orrs	r3, r2
1000488c:	22ff      	movs	r2, #255	@ 0xff
1000488e:	4013      	ands	r3, r2
10004890:	4a01      	ldr	r2, [pc, #4]	@ (10004898 <dcd_edpt0_status_complete+0x28>)
10004892:	6013      	str	r3, [r2, #0]
10004894:	e7f5      	b.n	10004882 <dcd_edpt0_status_complete+0x12>
10004896:	46c0      	nop			@ (mov r8, r8)
10004898:	50110000 	.word	0x50110000

1000489c <dcd_edpt_open>:
1000489c:	b510      	push	{r4, lr}
1000489e:	78ca      	ldrb	r2, [r1, #3]
100048a0:	0792      	lsls	r2, r2, #30
100048a2:	0f92      	lsrs	r2, r2, #30
100048a4:	2a01      	cmp	r2, #1
100048a6:	d00a      	beq.n	100048be <dcd_edpt_open+0x22>
100048a8:	7888      	ldrb	r0, [r1, #2]
100048aa:	790b      	ldrb	r3, [r1, #4]
100048ac:	7949      	ldrb	r1, [r1, #5]
100048ae:	0209      	lsls	r1, r1, #8
100048b0:	4319      	orrs	r1, r3
100048b2:	0549      	lsls	r1, r1, #21
100048b4:	0d49      	lsrs	r1, r1, #21
100048b6:	f7ff ff1f 	bl	100046f8 <hw_endpoint_open>
100048ba:	2001      	movs	r0, #1
100048bc:	bd10      	pop	{r4, pc}
100048be:	2000      	movs	r0, #0
100048c0:	e7fc      	b.n	100048bc <dcd_edpt_open+0x20>

100048c2 <dcd_edpt_close_all>:
100048c2:	b510      	push	{r4, lr}
100048c4:	f002 f8ec 	bl	10006aa0 <__reset_non_control_endpoints_veneer>
100048c8:	bd10      	pop	{r4, pc}
	...

100048cc <dcd_edpt_xfer>:
100048cc:	b510      	push	{r4, lr}
100048ce:	4684      	mov	ip, r0
100048d0:	0008      	movs	r0, r1
100048d2:	0011      	movs	r1, r2
100048d4:	001a      	movs	r2, r3
100048d6:	4663      	mov	r3, ip
100048d8:	2b00      	cmp	r3, #0
100048da:	d103      	bne.n	100048e4 <dcd_edpt_xfer+0x18>
100048dc:	f7ff ff36 	bl	1000474c <hw_endpoint_xfer>
100048e0:	2001      	movs	r0, #1
100048e2:	bd10      	pop	{r4, pc}
100048e4:	4b03      	ldr	r3, [pc, #12]	@ (100048f4 <dcd_edpt_xfer+0x28>)
100048e6:	4a04      	ldr	r2, [pc, #16]	@ (100048f8 <dcd_edpt_xfer+0x2c>)
100048e8:	2181      	movs	r1, #129	@ 0x81
100048ea:	4804      	ldr	r0, [pc, #16]	@ (100048fc <dcd_edpt_xfer+0x30>)
100048ec:	0089      	lsls	r1, r1, #2
100048ee:	f7ff f9a1 	bl	10003c34 <__assert_func>
100048f2:	46c0      	nop			@ (mov r8, r8)
100048f4:	100076bc 	.word	0x100076bc
100048f8:	10007c44 	.word	0x10007c44
100048fc:	1000764c 	.word	0x1000764c

10004900 <dcd_edpt_stall>:
10004900:	b510      	push	{r4, lr}
10004902:	237f      	movs	r3, #127	@ 0x7f
10004904:	0018      	movs	r0, r3
10004906:	4008      	ands	r0, r1
10004908:	420b      	tst	r3, r1
1000490a:	d105      	bne.n	10004918 <dcd_edpt_stall+0x18>
1000490c:	09cb      	lsrs	r3, r1, #7
1000490e:	2b01      	cmp	r3, #1
10004910:	d00e      	beq.n	10004930 <dcd_edpt_stall+0x30>
10004912:	2202      	movs	r2, #2
10004914:	4b07      	ldr	r3, [pc, #28]	@ (10004934 <dcd_edpt_stall+0x34>)
10004916:	669a      	str	r2, [r3, #104]	@ 0x68
10004918:	09c9      	lsrs	r1, r1, #7
1000491a:	0040      	lsls	r0, r0, #1
1000491c:	1840      	adds	r0, r0, r1
1000491e:	0140      	lsls	r0, r0, #5
10004920:	4b05      	ldr	r3, [pc, #20]	@ (10004938 <dcd_edpt_stall+0x38>)
10004922:	18c0      	adds	r0, r0, r3
10004924:	2280      	movs	r2, #128	@ 0x80
10004926:	0112      	lsls	r2, r2, #4
10004928:	2100      	movs	r1, #0
1000492a:	f002 f899 	bl	10006a60 <___hw_endpoint_buffer_control_update32_veneer>
1000492e:	bd10      	pop	{r4, pc}
10004930:	2201      	movs	r2, #1
10004932:	e7ef      	b.n	10004914 <dcd_edpt_stall+0x14>
10004934:	50112000 	.word	0x50112000
10004938:	2000128c 	.word	0x2000128c

1000493c <dcd_edpt_clear_stall>:
1000493c:	b510      	push	{r4, lr}
1000493e:	227f      	movs	r2, #127	@ 0x7f
10004940:	0010      	movs	r0, r2
10004942:	4008      	ands	r0, r1
10004944:	420a      	tst	r2, r1
10004946:	d100      	bne.n	1000494a <dcd_edpt_clear_stall+0xe>
10004948:	bd10      	pop	{r4, pc}
1000494a:	09c9      	lsrs	r1, r1, #7
1000494c:	0040      	lsls	r0, r0, #1
1000494e:	1840      	adds	r0, r0, r1
10004950:	0140      	lsls	r0, r0, #5
10004952:	4b04      	ldr	r3, [pc, #16]	@ (10004964 <dcd_edpt_clear_stall+0x28>)
10004954:	18c0      	adds	r0, r0, r3
10004956:	2300      	movs	r3, #0
10004958:	70c3      	strb	r3, [r0, #3]
1000495a:	2200      	movs	r2, #0
1000495c:	4902      	ldr	r1, [pc, #8]	@ (10004968 <dcd_edpt_clear_stall+0x2c>)
1000495e:	f002 f87f 	bl	10006a60 <___hw_endpoint_buffer_control_update32_veneer>
10004962:	e7f1      	b.n	10004948 <dcd_edpt_clear_stall+0xc>
10004964:	2000128c 	.word	0x2000128c
10004968:	fffff7ff 	.word	0xfffff7ff

1000496c <unaligned_memcpy>:
1000496c:	e004      	b.n	10004978 <unaligned_memcpy+0xc>
1000496e:	780a      	ldrb	r2, [r1, #0]
10004970:	7002      	strb	r2, [r0, #0]
10004972:	3101      	adds	r1, #1
10004974:	3001      	adds	r0, #1
10004976:	001a      	movs	r2, r3
10004978:	1e53      	subs	r3, r2, #1
1000497a:	2a00      	cmp	r2, #0
1000497c:	d1f7      	bne.n	1000496e <unaligned_memcpy+0x2>
1000497e:	4770      	bx	lr

10004980 <rp2040_usb_init>:
10004980:	b510      	push	{r4, lr}
10004982:	2380      	movs	r3, #128	@ 0x80
10004984:	045b      	lsls	r3, r3, #17
10004986:	4a0a      	ldr	r2, [pc, #40]	@ (100049b0 <rp2040_usb_init+0x30>)
10004988:	6013      	str	r3, [r2, #0]
1000498a:	4a0a      	ldr	r2, [pc, #40]	@ (100049b4 <rp2040_usb_init+0x34>)
1000498c:	6013      	str	r3, [r2, #0]
1000498e:	4b0a      	ldr	r3, [pc, #40]	@ (100049b8 <rp2040_usb_init+0x38>)
10004990:	681a      	ldr	r2, [r3, #0]
10004992:	2380      	movs	r3, #128	@ 0x80
10004994:	045b      	lsls	r3, r3, #17
10004996:	4393      	bics	r3, r2
10004998:	d1f9      	bne.n	1000498e <rp2040_usb_init+0xe>
1000499a:	2280      	movs	r2, #128	@ 0x80
1000499c:	0152      	lsls	r2, r2, #5
1000499e:	2100      	movs	r1, #0
100049a0:	4806      	ldr	r0, [pc, #24]	@ (100049bc <rp2040_usb_init+0x3c>)
100049a2:	f7fe f841 	bl	10002a28 <__wrap_memset>
100049a6:	4b06      	ldr	r3, [pc, #24]	@ (100049c0 <rp2040_usb_init+0x40>)
100049a8:	2209      	movs	r2, #9
100049aa:	675a      	str	r2, [r3, #116]	@ 0x74
100049ac:	bd10      	pop	{r4, pc}
100049ae:	46c0      	nop			@ (mov r8, r8)
100049b0:	4000e000 	.word	0x4000e000
100049b4:	4000f000 	.word	0x4000f000
100049b8:	4000c008 	.word	0x4000c008
100049bc:	50100000 	.word	0x50100000
100049c0:	50110000 	.word	0x50110000

100049c4 <hw_endpoint_xfer_start>:
100049c4:	b570      	push	{r4, r5, r6, lr}
100049c6:	0004      	movs	r4, r0
100049c8:	000d      	movs	r5, r1
100049ca:	0016      	movs	r6, r2
100049cc:	7e83      	ldrb	r3, [r0, #26]
100049ce:	2b00      	cmp	r3, #0
100049d0:	d117      	bne.n	10004a02 <hw_endpoint_xfer_start+0x3e>
100049d2:	82a6      	strh	r6, [r4, #20]
100049d4:	2300      	movs	r3, #0
100049d6:	82e3      	strh	r3, [r4, #22]
100049d8:	3301      	adds	r3, #1
100049da:	76a3      	strb	r3, [r4, #26]
100049dc:	6125      	str	r5, [r4, #16]
100049de:	0020      	movs	r0, r4
100049e0:	f002 f88e 	bl	10006b00 <__e15_is_bulkin_ep_veneer>
100049e4:	2800      	cmp	r0, #0
100049e6:	d004      	beq.n	100049f2 <hw_endpoint_xfer_start+0x2e>
100049e8:	4a0c      	ldr	r2, [pc, #48]	@ (10004a1c <hw_endpoint_xfer_start+0x58>)
100049ea:	2390      	movs	r3, #144	@ 0x90
100049ec:	2180      	movs	r1, #128	@ 0x80
100049ee:	0289      	lsls	r1, r1, #10
100049f0:	50d1      	str	r1, [r2, r3]
100049f2:	0020      	movs	r0, r4
100049f4:	f002 f85c 	bl	10006ab0 <__e15_is_critical_frame_period_veneer>
100049f8:	2800      	cmp	r0, #0
100049fa:	d00a      	beq.n	10004a12 <hw_endpoint_xfer_start+0x4e>
100049fc:	2301      	movs	r3, #1
100049fe:	7723      	strb	r3, [r4, #28]
10004a00:	bd70      	pop	{r4, r5, r6, pc}
10004a02:	7881      	ldrb	r1, [r0, #2]
10004a04:	4806      	ldr	r0, [pc, #24]	@ (10004a20 <hw_endpoint_xfer_start+0x5c>)
10004a06:	f7ff fa81 	bl	10003f0c <__wrap_printf>
10004a0a:	0020      	movs	r0, r4
10004a0c:	f002 f860 	bl	10006ad0 <__hw_endpoint_reset_transfer_veneer>
10004a10:	e7df      	b.n	100049d2 <hw_endpoint_xfer_start+0xe>
10004a12:	0020      	movs	r0, r4
10004a14:	f002 f83c 	bl	10006a90 <__hw_endpoint_start_next_buffer_veneer>
10004a18:	e7f2      	b.n	10004a00 <hw_endpoint_xfer_start+0x3c>
10004a1a:	46c0      	nop			@ (mov r8, r8)
10004a1c:	50112000 	.word	0x50112000
10004a20:	100077ac 	.word	0x100077ac

10004a24 <configuration_reset>:
10004a24:	b570      	push	{r4, r5, r6, lr}
10004a26:	0005      	movs	r5, r0
10004a28:	2400      	movs	r4, #0
10004a2a:	e008      	b.n	10004a3e <configuration_reset+0x1a>
10004a2c:	1ae3      	subs	r3, r4, r3
10004a2e:	015b      	lsls	r3, r3, #5
10004a30:	4a14      	ldr	r2, [pc, #80]	@ (10004a84 <configuration_reset+0x60>)
10004a32:	189b      	adds	r3, r3, r2
10004a34:	68db      	ldr	r3, [r3, #12]
10004a36:	0028      	movs	r0, r5
10004a38:	4798      	blx	r3
10004a3a:	3401      	adds	r4, #1
10004a3c:	b2e4      	uxtb	r4, r4
10004a3e:	4b12      	ldr	r3, [pc, #72]	@ (10004a88 <configuration_reset+0x64>)
10004a40:	781b      	ldrb	r3, [r3, #0]
10004a42:	42a3      	cmp	r3, r4
10004a44:	d30c      	bcc.n	10004a60 <configuration_reset+0x3c>
10004a46:	d9f1      	bls.n	10004a2c <configuration_reset+0x8>
10004a48:	4b10      	ldr	r3, [pc, #64]	@ (10004a8c <configuration_reset+0x68>)
10004a4a:	681b      	ldr	r3, [r3, #0]
10004a4c:	0162      	lsls	r2, r4, #5
10004a4e:	189b      	adds	r3, r3, r2
10004a50:	2b00      	cmp	r3, #0
10004a52:	d1ef      	bne.n	10004a34 <configuration_reset+0x10>
10004a54:	490e      	ldr	r1, [pc, #56]	@ (10004a90 <configuration_reset+0x6c>)
10004a56:	480f      	ldr	r0, [pc, #60]	@ (10004a94 <configuration_reset+0x70>)
10004a58:	4a0f      	ldr	r2, [pc, #60]	@ (10004a98 <configuration_reset+0x74>)
10004a5a:	f7ff fa57 	bl	10003f0c <__wrap_printf>
10004a5e:	e010      	b.n	10004a82 <configuration_reset+0x5e>
10004a60:	4c0e      	ldr	r4, [pc, #56]	@ (10004a9c <configuration_reset+0x78>)
10004a62:	2254      	movs	r2, #84	@ 0x54
10004a64:	2100      	movs	r1, #0
10004a66:	0020      	movs	r0, r4
10004a68:	f7fd ffde 	bl	10002a28 <__wrap_memset>
10004a6c:	1d20      	adds	r0, r4, #4
10004a6e:	2210      	movs	r2, #16
10004a70:	21ff      	movs	r1, #255	@ 0xff
10004a72:	f7fd ffd9 	bl	10002a28 <__wrap_memset>
10004a76:	0020      	movs	r0, r4
10004a78:	3014      	adds	r0, #20
10004a7a:	2220      	movs	r2, #32
10004a7c:	21ff      	movs	r1, #255	@ 0xff
10004a7e:	f7fd ffd3 	bl	10002a28 <__wrap_memset>
10004a82:	bd70      	pop	{r4, r5, r6, pc}
10004a84:	10007d5c 	.word	0x10007d5c
10004a88:	200018d5 	.word	0x200018d5
10004a8c:	20000e48 	.word	0x20000e48
10004a90:	10007d28 	.word	0x10007d28
10004a94:	100077e4 	.word	0x100077e4
10004a98:	00000225 	.word	0x00000225
10004a9c:	20000ff8 	.word	0x20000ff8

10004aa0 <usbd_reset>:
10004aa0:	b510      	push	{r4, lr}
10004aa2:	f7ff ffbf 	bl	10004a24 <configuration_reset>
10004aa6:	f000 fe97 	bl	100057d8 <usbd_control_reset>
10004aaa:	bd10      	pop	{r4, pc}

10004aac <invoke_class_control>:
10004aac:	b570      	push	{r4, r5, r6, lr}
10004aae:	0006      	movs	r6, r0
10004ab0:	000c      	movs	r4, r1
10004ab2:	0015      	movs	r5, r2
10004ab4:	6948      	ldr	r0, [r1, #20]
10004ab6:	f000 fe99 	bl	100057ec <usbd_control_set_complete_callback>
10004aba:	6963      	ldr	r3, [r4, #20]
10004abc:	002a      	movs	r2, r5
10004abe:	2101      	movs	r1, #1
10004ac0:	0030      	movs	r0, r6
10004ac2:	4798      	blx	r3
10004ac4:	bd70      	pop	{r4, r5, r6, pc}
	...

10004ac8 <process_set_config>:
10004ac8:	b5f0      	push	{r4, r5, r6, r7, lr}
10004aca:	46de      	mov	lr, fp
10004acc:	4657      	mov	r7, sl
10004ace:	464e      	mov	r6, r9
10004ad0:	4645      	mov	r5, r8
10004ad2:	b5e0      	push	{r5, r6, r7, lr}
10004ad4:	b083      	sub	sp, #12
10004ad6:	4681      	mov	r9, r0
10004ad8:	3901      	subs	r1, #1
10004ada:	b2c8      	uxtb	r0, r1
10004adc:	f7ff fc60 	bl	100043a0 <tud_descriptor_configuration_cb>
10004ae0:	2800      	cmp	r0, #0
10004ae2:	d003      	beq.n	10004aec <process_set_config+0x24>
10004ae4:	7843      	ldrb	r3, [r0, #1]
10004ae6:	469b      	mov	fp, r3
10004ae8:	2b02      	cmp	r3, #2
10004aea:	d00c      	beq.n	10004b06 <process_set_config+0x3e>
10004aec:	494e      	ldr	r1, [pc, #312]	@ (10004c28 <process_set_config+0x160>)
10004aee:	484f      	ldr	r0, [pc, #316]	@ (10004c2c <process_set_config+0x164>)
10004af0:	4a4f      	ldr	r2, [pc, #316]	@ (10004c30 <process_set_config+0x168>)
10004af2:	f7ff fa0b 	bl	10003f0c <__wrap_printf>
10004af6:	2000      	movs	r0, #0
10004af8:	b003      	add	sp, #12
10004afa:	bcf0      	pop	{r4, r5, r6, r7}
10004afc:	46bb      	mov	fp, r7
10004afe:	46b2      	mov	sl, r6
10004b00:	46a9      	mov	r9, r5
10004b02:	46a0      	mov	r8, r4
10004b04:	bdf0      	pop	{r4, r5, r6, r7, pc}
10004b06:	79c5      	ldrb	r5, [r0, #7]
10004b08:	116c      	asrs	r4, r5, #5
10004b0a:	2201      	movs	r2, #1
10004b0c:	4b49      	ldr	r3, [pc, #292]	@ (10004c34 <process_set_config+0x16c>)
10004b0e:	4014      	ands	r4, r2
10004b10:	0124      	lsls	r4, r4, #4
10004b12:	7819      	ldrb	r1, [r3, #0]
10004b14:	2610      	movs	r6, #16
10004b16:	43b1      	bics	r1, r6
10004b18:	4321      	orrs	r1, r4
10004b1a:	7019      	strb	r1, [r3, #0]
10004b1c:	11ad      	asrs	r5, r5, #6
10004b1e:	402a      	ands	r2, r5
10004b20:	0152      	lsls	r2, r2, #5
10004b22:	b2c9      	uxtb	r1, r1
10004b24:	2420      	movs	r4, #32
10004b26:	43a1      	bics	r1, r4
10004b28:	430a      	orrs	r2, r1
10004b2a:	701a      	strb	r2, [r3, #0]
10004b2c:	0006      	movs	r6, r0
10004b2e:	3609      	adds	r6, #9
10004b30:	7882      	ldrb	r2, [r0, #2]
10004b32:	78c3      	ldrb	r3, [r0, #3]
10004b34:	021b      	lsls	r3, r3, #8
10004b36:	4313      	orrs	r3, r2
10004b38:	18c3      	adds	r3, r0, r3
10004b3a:	469a      	mov	sl, r3
10004b3c:	e05b      	b.n	10004bf6 <process_set_config+0x12e>
10004b3e:	78f3      	ldrb	r3, [r6, #3]
10004b40:	4698      	mov	r8, r3
10004b42:	7833      	ldrb	r3, [r6, #0]
10004b44:	18f6      	adds	r6, r6, r3
10004b46:	e05d      	b.n	10004c04 <process_set_config+0x13c>
10004b48:	4937      	ldr	r1, [pc, #220]	@ (10004c28 <process_set_config+0x160>)
10004b4a:	4838      	ldr	r0, [pc, #224]	@ (10004c2c <process_set_config+0x164>)
10004b4c:	4a3a      	ldr	r2, [pc, #232]	@ (10004c38 <process_set_config+0x170>)
10004b4e:	f7ff f9dd 	bl	10003f0c <__wrap_printf>
10004b52:	2000      	movs	r0, #0
10004b54:	e7d0      	b.n	10004af8 <process_set_config+0x30>
10004b56:	1b2c      	subs	r4, r5, r4
10004b58:	0164      	lsls	r4, r4, #5
10004b5a:	4b38      	ldr	r3, [pc, #224]	@ (10004c3c <process_set_config+0x174>)
10004b5c:	18e4      	adds	r4, r4, r3
10004b5e:	6923      	ldr	r3, [r4, #16]
10004b60:	003a      	movs	r2, r7
10004b62:	0031      	movs	r1, r6
10004b64:	4648      	mov	r0, r9
10004b66:	4798      	blx	r3
10004b68:	9001      	str	r0, [sp, #4]
10004b6a:	2808      	cmp	r0, #8
10004b6c:	d901      	bls.n	10004b72 <process_set_config+0xaa>
10004b6e:	4287      	cmp	r7, r0
10004b70:	d213      	bcs.n	10004b9a <process_set_config+0xd2>
10004b72:	3501      	adds	r5, #1
10004b74:	b2ed      	uxtb	r5, r5
10004b76:	4b32      	ldr	r3, [pc, #200]	@ (10004c40 <process_set_config+0x178>)
10004b78:	781c      	ldrb	r4, [r3, #0]
10004b7a:	42ac      	cmp	r4, r5
10004b7c:	d337      	bcc.n	10004bee <process_set_config+0x126>
10004b7e:	d9ea      	bls.n	10004b56 <process_set_config+0x8e>
10004b80:	4b30      	ldr	r3, [pc, #192]	@ (10004c44 <process_set_config+0x17c>)
10004b82:	681c      	ldr	r4, [r3, #0]
10004b84:	016b      	lsls	r3, r5, #5
10004b86:	18e4      	adds	r4, r4, r3
10004b88:	2c00      	cmp	r4, #0
10004b8a:	d1e8      	bne.n	10004b5e <process_set_config+0x96>
10004b8c:	4926      	ldr	r1, [pc, #152]	@ (10004c28 <process_set_config+0x160>)
10004b8e:	4827      	ldr	r0, [pc, #156]	@ (10004c2c <process_set_config+0x164>)
10004b90:	4a2d      	ldr	r2, [pc, #180]	@ (10004c48 <process_set_config+0x180>)
10004b92:	f7ff f9bb 	bl	10003f0c <__wrap_printf>
10004b96:	2000      	movs	r0, #0
10004b98:	e7ae      	b.n	10004af8 <process_set_config+0x30>
10004b9a:	4643      	mov	r3, r8
10004b9c:	2b01      	cmp	r3, #1
10004b9e:	d010      	beq.n	10004bc2 <process_set_config+0xfa>
10004ba0:	2200      	movs	r2, #0
10004ba2:	4590      	cmp	r8, r2
10004ba4:	d91a      	bls.n	10004bdc <process_set_config+0x114>
10004ba6:	78b3      	ldrb	r3, [r6, #2]
10004ba8:	189b      	adds	r3, r3, r2
10004baa:	b2db      	uxtb	r3, r3
10004bac:	4921      	ldr	r1, [pc, #132]	@ (10004c34 <process_set_config+0x16c>)
10004bae:	18c9      	adds	r1, r1, r3
10004bb0:	7909      	ldrb	r1, [r1, #4]
10004bb2:	29ff      	cmp	r1, #255	@ 0xff
10004bb4:	d10b      	bne.n	10004bce <process_set_config+0x106>
10004bb6:	491f      	ldr	r1, [pc, #124]	@ (10004c34 <process_set_config+0x16c>)
10004bb8:	18cb      	adds	r3, r1, r3
10004bba:	711d      	strb	r5, [r3, #4]
10004bbc:	3201      	adds	r2, #1
10004bbe:	b2d2      	uxtb	r2, r2
10004bc0:	e7ef      	b.n	10004ba2 <process_set_config+0xda>
10004bc2:	6922      	ldr	r2, [r4, #16]
10004bc4:	4b21      	ldr	r3, [pc, #132]	@ (10004c4c <process_set_config+0x184>)
10004bc6:	429a      	cmp	r2, r3
10004bc8:	d1ea      	bne.n	10004ba0 <process_set_config+0xd8>
10004bca:	46d8      	mov	r8, fp
10004bcc:	e7e8      	b.n	10004ba0 <process_set_config+0xd8>
10004bce:	4916      	ldr	r1, [pc, #88]	@ (10004c28 <process_set_config+0x160>)
10004bd0:	4816      	ldr	r0, [pc, #88]	@ (10004c2c <process_set_config+0x164>)
10004bd2:	4a1f      	ldr	r2, [pc, #124]	@ (10004c50 <process_set_config+0x188>)
10004bd4:	f7ff f99a 	bl	10003f0c <__wrap_printf>
10004bd8:	2000      	movs	r0, #0
10004bda:	e78d      	b.n	10004af8 <process_set_config+0x30>
10004bdc:	481d      	ldr	r0, [pc, #116]	@ (10004c54 <process_set_config+0x18c>)
10004bde:	002b      	movs	r3, r5
10004be0:	9c01      	ldr	r4, [sp, #4]
10004be2:	0022      	movs	r2, r4
10004be4:	0031      	movs	r1, r6
10004be6:	f001 faf9 	bl	100061dc <tu_edpt_bind_driver>
10004bea:	46a4      	mov	ip, r4
10004bec:	4466      	add	r6, ip
10004bee:	4b14      	ldr	r3, [pc, #80]	@ (10004c40 <process_set_config+0x178>)
10004bf0:	781b      	ldrb	r3, [r3, #0]
10004bf2:	42ab      	cmp	r3, r5
10004bf4:	d30e      	bcc.n	10004c14 <process_set_config+0x14c>
10004bf6:	4556      	cmp	r6, sl
10004bf8:	d214      	bcs.n	10004c24 <process_set_config+0x15c>
10004bfa:	7873      	ldrb	r3, [r6, #1]
10004bfc:	2b0b      	cmp	r3, #11
10004bfe:	d09e      	beq.n	10004b3e <process_set_config+0x76>
10004c00:	2301      	movs	r3, #1
10004c02:	4698      	mov	r8, r3
10004c04:	7873      	ldrb	r3, [r6, #1]
10004c06:	2b04      	cmp	r3, #4
10004c08:	d19e      	bne.n	10004b48 <process_set_config+0x80>
10004c0a:	4653      	mov	r3, sl
10004c0c:	1b9f      	subs	r7, r3, r6
10004c0e:	b2bf      	uxth	r7, r7
10004c10:	2500      	movs	r5, #0
10004c12:	e7b0      	b.n	10004b76 <process_set_config+0xae>
10004c14:	2285      	movs	r2, #133	@ 0x85
10004c16:	4904      	ldr	r1, [pc, #16]	@ (10004c28 <process_set_config+0x160>)
10004c18:	4804      	ldr	r0, [pc, #16]	@ (10004c2c <process_set_config+0x164>)
10004c1a:	00d2      	lsls	r2, r2, #3
10004c1c:	f7ff f976 	bl	10003f0c <__wrap_printf>
10004c20:	2000      	movs	r0, #0
10004c22:	e769      	b.n	10004af8 <process_set_config+0x30>
10004c24:	2001      	movs	r0, #1
10004c26:	e767      	b.n	10004af8 <process_set_config+0x30>
10004c28:	10007cfc 	.word	0x10007cfc
10004c2c:	100077e4 	.word	0x100077e4
10004c30:	000003d6 	.word	0x000003d6
10004c34:	20000ff8 	.word	0x20000ff8
10004c38:	000003f1 	.word	0x000003f1
10004c3c:	10007d5c 	.word	0x10007d5c
10004c40:	200018d5 	.word	0x200018d5
10004c44:	20000e48 	.word	0x20000e48
10004c48:	000003fa 	.word	0x000003fa
10004c4c:	10005c85 	.word	0x10005c85
10004c50:	00000419 	.word	0x00000419
10004c54:	2000100c 	.word	0x2000100c

10004c58 <tud_event_hook_cb>:
10004c58:	4770      	bx	lr

10004c5a <tud_sof_cb>:
10004c5a:	4770      	bx	lr

10004c5c <tud_descriptor_device_qualifier_cb>:
10004c5c:	2000      	movs	r0, #0
10004c5e:	4770      	bx	lr

10004c60 <tud_descriptor_other_speed_configuration_cb>:
10004c60:	2000      	movs	r0, #0
10004c62:	4770      	bx	lr

10004c64 <process_get_descriptor>:
10004c64:	b570      	push	{r4, r5, r6, lr}
10004c66:	0005      	movs	r5, r0
10004c68:	000c      	movs	r4, r1
10004c6a:	7888      	ldrb	r0, [r1, #2]
10004c6c:	78cb      	ldrb	r3, [r1, #3]
10004c6e:	021b      	lsls	r3, r3, #8
10004c70:	0a1a      	lsrs	r2, r3, #8
10004c72:	0013      	movs	r3, r2
10004c74:	2a06      	cmp	r2, #6
10004c76:	d054      	beq.n	10004d22 <process_get_descriptor+0xbe>
10004c78:	d811      	bhi.n	10004c9e <process_get_descriptor+0x3a>
10004c7a:	2a02      	cmp	r2, #2
10004c7c:	d029      	beq.n	10004cd2 <process_get_descriptor+0x6e>
10004c7e:	2a03      	cmp	r2, #3
10004c80:	d041      	beq.n	10004d06 <process_get_descriptor+0xa2>
10004c82:	2a01      	cmp	r2, #1
10004c84:	d109      	bne.n	10004c9a <process_get_descriptor+0x36>
10004c86:	f7ff fb87 	bl	10004398 <tud_descriptor_device_cb>
10004c8a:	1e02      	subs	r2, r0, #0
10004c8c:	d01a      	beq.n	10004cc4 <process_get_descriptor+0x60>
10004c8e:	2312      	movs	r3, #18
10004c90:	0021      	movs	r1, r4
10004c92:	0028      	movs	r0, r5
10004c94:	f000 fd54 	bl	10005740 <tud_control_xfer>
10004c98:	e029      	b.n	10004cee <process_get_descriptor+0x8a>
10004c9a:	2000      	movs	r0, #0
10004c9c:	e027      	b.n	10004cee <process_get_descriptor+0x8a>
10004c9e:	2a07      	cmp	r2, #7
10004ca0:	d017      	beq.n	10004cd2 <process_get_descriptor+0x6e>
10004ca2:	2a0f      	cmp	r2, #15
10004ca4:	d10c      	bne.n	10004cc0 <process_get_descriptor+0x5c>
10004ca6:	f7ff fc5d 	bl	10004564 <tud_descriptor_bos_cb>
10004caa:	1e02      	subs	r2, r0, #0
10004cac:	d043      	beq.n	10004d36 <process_get_descriptor+0xd2>
10004cae:	7881      	ldrb	r1, [r0, #2]
10004cb0:	78c3      	ldrb	r3, [r0, #3]
10004cb2:	021b      	lsls	r3, r3, #8
10004cb4:	430b      	orrs	r3, r1
10004cb6:	0021      	movs	r1, r4
10004cb8:	0028      	movs	r0, r5
10004cba:	f000 fd41 	bl	10005740 <tud_control_xfer>
10004cbe:	e016      	b.n	10004cee <process_get_descriptor+0x8a>
10004cc0:	2000      	movs	r0, #0
10004cc2:	e014      	b.n	10004cee <process_get_descriptor+0x8a>
10004cc4:	4920      	ldr	r1, [pc, #128]	@ (10004d48 <process_get_descriptor+0xe4>)
10004cc6:	4821      	ldr	r0, [pc, #132]	@ (10004d4c <process_get_descriptor+0xe8>)
10004cc8:	4a21      	ldr	r2, [pc, #132]	@ (10004d50 <process_get_descriptor+0xec>)
10004cca:	f7ff f91f 	bl	10003f0c <__wrap_printf>
10004cce:	2000      	movs	r0, #0
10004cd0:	e00d      	b.n	10004cee <process_get_descriptor+0x8a>
10004cd2:	2b02      	cmp	r3, #2
10004cd4:	d00c      	beq.n	10004cf0 <process_get_descriptor+0x8c>
10004cd6:	f7ff ffc3 	bl	10004c60 <tud_descriptor_other_speed_configuration_cb>
10004cda:	1e02      	subs	r2, r0, #0
10004cdc:	d02d      	beq.n	10004d3a <process_get_descriptor+0xd6>
10004cde:	7891      	ldrb	r1, [r2, #2]
10004ce0:	78d3      	ldrb	r3, [r2, #3]
10004ce2:	021b      	lsls	r3, r3, #8
10004ce4:	430b      	orrs	r3, r1
10004ce6:	0021      	movs	r1, r4
10004ce8:	0028      	movs	r0, r5
10004cea:	f000 fd29 	bl	10005740 <tud_control_xfer>
10004cee:	bd70      	pop	{r4, r5, r6, pc}
10004cf0:	f7ff fb56 	bl	100043a0 <tud_descriptor_configuration_cb>
10004cf4:	1e02      	subs	r2, r0, #0
10004cf6:	d1f2      	bne.n	10004cde <process_get_descriptor+0x7a>
10004cf8:	4913      	ldr	r1, [pc, #76]	@ (10004d48 <process_get_descriptor+0xe4>)
10004cfa:	4814      	ldr	r0, [pc, #80]	@ (10004d4c <process_get_descriptor+0xe8>)
10004cfc:	4a15      	ldr	r2, [pc, #84]	@ (10004d54 <process_get_descriptor+0xf0>)
10004cfe:	f7ff f905 	bl	10003f0c <__wrap_printf>
10004d02:	2000      	movs	r0, #0
10004d04:	e7f3      	b.n	10004cee <process_get_descriptor+0x8a>
10004d06:	790b      	ldrb	r3, [r1, #4]
10004d08:	7949      	ldrb	r1, [r1, #5]
10004d0a:	0209      	lsls	r1, r1, #8
10004d0c:	4319      	orrs	r1, r3
10004d0e:	f7ff fb4b 	bl	100043a8 <tud_descriptor_string_cb>
10004d12:	1e02      	subs	r2, r0, #0
10004d14:	d013      	beq.n	10004d3e <process_get_descriptor+0xda>
10004d16:	7803      	ldrb	r3, [r0, #0]
10004d18:	0021      	movs	r1, r4
10004d1a:	0028      	movs	r0, r5
10004d1c:	f000 fd10 	bl	10005740 <tud_control_xfer>
10004d20:	e7e5      	b.n	10004cee <process_get_descriptor+0x8a>
10004d22:	f7ff ff9b 	bl	10004c5c <tud_descriptor_device_qualifier_cb>
10004d26:	1e02      	subs	r2, r0, #0
10004d28:	d00b      	beq.n	10004d42 <process_get_descriptor+0xde>
10004d2a:	7803      	ldrb	r3, [r0, #0]
10004d2c:	0021      	movs	r1, r4
10004d2e:	0028      	movs	r0, r5
10004d30:	f000 fd06 	bl	10005740 <tud_control_xfer>
10004d34:	e7db      	b.n	10004cee <process_get_descriptor+0x8a>
10004d36:	2000      	movs	r0, #0
10004d38:	e7d9      	b.n	10004cee <process_get_descriptor+0x8a>
10004d3a:	2000      	movs	r0, #0
10004d3c:	e7d7      	b.n	10004cee <process_get_descriptor+0x8a>
10004d3e:	2000      	movs	r0, #0
10004d40:	e7d5      	b.n	10004cee <process_get_descriptor+0x8a>
10004d42:	2000      	movs	r0, #0
10004d44:	e7d3      	b.n	10004cee <process_get_descriptor+0x8a>
10004d46:	46c0      	nop			@ (mov r8, r8)
10004d48:	10007ce4 	.word	0x10007ce4
10004d4c:	100077e4 	.word	0x100077e4
10004d50:	0000043a 	.word	0x0000043a
10004d54:	00000461 	.word	0x00000461

10004d58 <tud_mount_cb>:
10004d58:	4770      	bx	lr

10004d5a <tud_umount_cb>:
10004d5a:	4770      	bx	lr

10004d5c <tud_suspend_cb>:
10004d5c:	4770      	bx	lr

10004d5e <tud_resume_cb>:
10004d5e:	4770      	bx	lr

10004d60 <tud_mounted>:
10004d60:	4b02      	ldr	r3, [pc, #8]	@ (10004d6c <tud_mounted+0xc>)
10004d62:	7858      	ldrb	r0, [r3, #1]
10004d64:	1e43      	subs	r3, r0, #1
10004d66:	4198      	sbcs	r0, r3
10004d68:	b2c0      	uxtb	r0, r0
10004d6a:	4770      	bx	lr
10004d6c:	20000ff8 	.word	0x20000ff8

10004d70 <tud_suspended>:
10004d70:	4b02      	ldr	r3, [pc, #8]	@ (10004d7c <tud_suspended+0xc>)
10004d72:	7818      	ldrb	r0, [r3, #0]
10004d74:	0740      	lsls	r0, r0, #29
10004d76:	0fc0      	lsrs	r0, r0, #31
10004d78:	4770      	bx	lr
10004d7a:	46c0      	nop			@ (mov r8, r8)
10004d7c:	20000ff8 	.word	0x20000ff8

10004d80 <tud_inited>:
10004d80:	4b03      	ldr	r3, [pc, #12]	@ (10004d90 <tud_inited+0x10>)
10004d82:	7818      	ldrb	r0, [r3, #0]
10004d84:	38ff      	subs	r0, #255	@ 0xff
10004d86:	1e43      	subs	r3, r0, #1
10004d88:	4198      	sbcs	r0, r3
10004d8a:	b2c0      	uxtb	r0, r0
10004d8c:	4770      	bx	lr
10004d8e:	46c0      	nop			@ (mov r8, r8)
10004d90:	20000cb4 	.word	0x20000cb4

10004d94 <tud_rhport_init>:
10004d94:	b5f8      	push	{r3, r4, r5, r6, r7, lr}
10004d96:	0006      	movs	r6, r0
10004d98:	000c      	movs	r4, r1
10004d9a:	000f      	movs	r7, r1
10004d9c:	f7ff fff0 	bl	10004d80 <tud_inited>
10004da0:	1e05      	subs	r5, r0, #0
10004da2:	d145      	bne.n	10004e30 <tud_rhport_init+0x9c>
10004da4:	2c00      	cmp	r4, #0
10004da6:	d021      	beq.n	10004dec <tud_rhport_init+0x58>
10004da8:	482c      	ldr	r0, [pc, #176]	@ (10004e5c <tud_rhport_init+0xc8>)
10004daa:	2254      	movs	r2, #84	@ 0x54
10004dac:	2100      	movs	r1, #0
10004dae:	f7fd fe3b 	bl	10002a28 <__wrap_memset>
10004db2:	4b2b      	ldr	r3, [pc, #172]	@ (10004e60 <tud_rhport_init+0xcc>)
10004db4:	2200      	movs	r2, #0
10004db6:	701a      	strb	r2, [r3, #0]
10004db8:	4c2a      	ldr	r4, [pc, #168]	@ (10004e64 <tud_rhport_init+0xd0>)
10004dba:	0020      	movs	r0, r4
10004dbc:	f7fb ffa2 	bl	10000d04 <mutex_init>
10004dc0:	4b29      	ldr	r3, [pc, #164]	@ (10004e68 <tud_rhport_init+0xd4>)
10004dc2:	601c      	str	r4, [r3, #0]
10004dc4:	4c29      	ldr	r4, [pc, #164]	@ (10004e6c <tud_rhport_init+0xd8>)
10004dc6:	0020      	movs	r0, r4
10004dc8:	f7fb ffe8 	bl	10000d9c <critical_section_init>
10004dcc:	3c14      	subs	r4, #20
10004dce:	0020      	movs	r0, r4
10004dd0:	f001 fc84 	bl	100066dc <tu_fifo_clear>
10004dd4:	4b26      	ldr	r3, [pc, #152]	@ (10004e70 <tud_rhport_init+0xdc>)
10004dd6:	601c      	str	r4, [r3, #0]
10004dd8:	4b26      	ldr	r3, [pc, #152]	@ (10004e74 <tud_rhport_init+0xe0>)
10004dda:	2b00      	cmp	r3, #0
10004ddc:	d004      	beq.n	10004de8 <tud_rhport_init+0x54>
10004dde:	4826      	ldr	r0, [pc, #152]	@ (10004e78 <tud_rhport_init+0xe4>)
10004de0:	f7ff fbe2 	bl	100045a8 <usbd_app_driver_get_cb>
10004de4:	4b25      	ldr	r3, [pc, #148]	@ (10004e7c <tud_rhport_init+0xe8>)
10004de6:	6018      	str	r0, [r3, #0]
10004de8:	2400      	movs	r4, #0
10004dea:	e010      	b.n	10004e0e <tud_rhport_init+0x7a>
10004dec:	22e9      	movs	r2, #233	@ 0xe9
10004dee:	4924      	ldr	r1, [pc, #144]	@ (10004e80 <tud_rhport_init+0xec>)
10004df0:	4824      	ldr	r0, [pc, #144]	@ (10004e84 <tud_rhport_init+0xf0>)
10004df2:	0052      	lsls	r2, r2, #1
10004df4:	f7ff f88a 	bl	10003f0c <__wrap_printf>
10004df8:	e01a      	b.n	10004e30 <tud_rhport_init+0x9c>
10004dfa:	1ae3      	subs	r3, r4, r3
10004dfc:	015b      	lsls	r3, r3, #5
10004dfe:	4a22      	ldr	r2, [pc, #136]	@ (10004e88 <tud_rhport_init+0xf4>)
10004e00:	189b      	adds	r3, r3, r2
10004e02:	685b      	ldr	r3, [r3, #4]
10004e04:	2b00      	cmp	r3, #0
10004e06:	d00d      	beq.n	10004e24 <tud_rhport_init+0x90>
10004e08:	4798      	blx	r3
10004e0a:	3401      	adds	r4, #1
10004e0c:	b2e4      	uxtb	r4, r4
10004e0e:	4b1a      	ldr	r3, [pc, #104]	@ (10004e78 <tud_rhport_init+0xe4>)
10004e10:	781b      	ldrb	r3, [r3, #0]
10004e12:	42a3      	cmp	r3, r4
10004e14:	d30e      	bcc.n	10004e34 <tud_rhport_init+0xa0>
10004e16:	d9f0      	bls.n	10004dfa <tud_rhport_init+0x66>
10004e18:	4b18      	ldr	r3, [pc, #96]	@ (10004e7c <tud_rhport_init+0xe8>)
10004e1a:	681b      	ldr	r3, [r3, #0]
10004e1c:	0162      	lsls	r2, r4, #5
10004e1e:	189b      	adds	r3, r3, r2
10004e20:	2b00      	cmp	r3, #0
10004e22:	d1ee      	bne.n	10004e02 <tud_rhport_init+0x6e>
10004e24:	22f8      	movs	r2, #248	@ 0xf8
10004e26:	4916      	ldr	r1, [pc, #88]	@ (10004e80 <tud_rhport_init+0xec>)
10004e28:	4816      	ldr	r0, [pc, #88]	@ (10004e84 <tud_rhport_init+0xf0>)
10004e2a:	0052      	lsls	r2, r2, #1
10004e2c:	f7ff f86e 	bl	10003f0c <__wrap_printf>
10004e30:	0028      	movs	r0, r5
10004e32:	bdf8      	pop	{r3, r4, r5, r6, r7, pc}
10004e34:	4b15      	ldr	r3, [pc, #84]	@ (10004e8c <tud_rhport_init+0xf8>)
10004e36:	701e      	strb	r6, [r3, #0]
10004e38:	0039      	movs	r1, r7
10004e3a:	0030      	movs	r0, r6
10004e3c:	f7ff fcca 	bl	100047d4 <dcd_init>
10004e40:	1e05      	subs	r5, r0, #0
10004e42:	d003      	beq.n	10004e4c <tud_rhport_init+0xb8>
10004e44:	0030      	movs	r0, r6
10004e46:	f7ff fc91 	bl	1000476c <dcd_int_enable>
10004e4a:	e7f1      	b.n	10004e30 <tud_rhport_init+0x9c>
10004e4c:	22fc      	movs	r2, #252	@ 0xfc
10004e4e:	490c      	ldr	r1, [pc, #48]	@ (10004e80 <tud_rhport_init+0xec>)
10004e50:	480c      	ldr	r0, [pc, #48]	@ (10004e84 <tud_rhport_init+0xf0>)
10004e52:	0052      	lsls	r2, r2, #1
10004e54:	f7ff f85a 	bl	10003f0c <__wrap_printf>
10004e58:	e7ea      	b.n	10004e30 <tud_rhport_init+0x9c>
10004e5a:	46c0      	nop			@ (mov r8, r8)
10004e5c:	20000ff8 	.word	0x20000ff8
10004e60:	200018d7 	.word	0x200018d7
10004e64:	20000ff0 	.word	0x20000ff0
10004e68:	2000104c 	.word	0x2000104c
10004e6c:	20000cac 	.word	0x20000cac
10004e70:	20001050 	.word	0x20001050
10004e74:	100045a9 	.word	0x100045a9
10004e78:	200018d5 	.word	0x200018d5
10004e7c:	20000e48 	.word	0x20000e48
10004e80:	10007d4c 	.word	0x10007d4c
10004e84:	100077e4 	.word	0x100077e4
10004e88:	10007d5c 	.word	0x10007d5c
10004e8c:	20000cb4 	.word	0x20000cb4

10004e90 <usbd_edpt_open>:
10004e90:	b570      	push	{r4, r5, r6, lr}
10004e92:	000c      	movs	r4, r1
10004e94:	4b11      	ldr	r3, [pc, #68]	@ (10004edc <usbd_edpt_open+0x4c>)
10004e96:	781b      	ldrb	r3, [r3, #0]
10004e98:	001e      	movs	r6, r3
10004e9a:	788b      	ldrb	r3, [r1, #2]
10004e9c:	2270      	movs	r2, #112	@ 0x70
10004e9e:	421a      	tst	r2, r3
10004ea0:	d10d      	bne.n	10004ebe <usbd_edpt_open+0x2e>
10004ea2:	4b0f      	ldr	r3, [pc, #60]	@ (10004ee0 <usbd_edpt_open+0x50>)
10004ea4:	7899      	ldrb	r1, [r3, #2]
10004ea6:	0020      	movs	r0, r4
10004ea8:	f001 f942 	bl	10006130 <tu_edpt_validate>
10004eac:	1e05      	subs	r5, r0, #0
10004eae:	d00e      	beq.n	10004ece <usbd_edpt_open+0x3e>
10004eb0:	0021      	movs	r1, r4
10004eb2:	0030      	movs	r0, r6
10004eb4:	f7ff fcf2 	bl	1000489c <dcd_edpt_open>
10004eb8:	0005      	movs	r5, r0
10004eba:	0028      	movs	r0, r5
10004ebc:	bd70      	pop	{r4, r5, r6, pc}
10004ebe:	4909      	ldr	r1, [pc, #36]	@ (10004ee4 <usbd_edpt_open+0x54>)
10004ec0:	4809      	ldr	r0, [pc, #36]	@ (10004ee8 <usbd_edpt_open+0x58>)
10004ec2:	4a0a      	ldr	r2, [pc, #40]	@ (10004eec <usbd_edpt_open+0x5c>)
10004ec4:	f7ff f822 	bl	10003f0c <__wrap_printf>
10004ec8:	2300      	movs	r3, #0
10004eca:	001d      	movs	r5, r3
10004ecc:	e7f5      	b.n	10004eba <usbd_edpt_open+0x2a>
10004ece:	4905      	ldr	r1, [pc, #20]	@ (10004ee4 <usbd_edpt_open+0x54>)
10004ed0:	4805      	ldr	r0, [pc, #20]	@ (10004ee8 <usbd_edpt_open+0x58>)
10004ed2:	4a07      	ldr	r2, [pc, #28]	@ (10004ef0 <usbd_edpt_open+0x60>)
10004ed4:	f7ff f81a 	bl	10003f0c <__wrap_printf>
10004ed8:	e7ef      	b.n	10004eba <usbd_edpt_open+0x2a>
10004eda:	46c0      	nop			@ (mov r8, r8)
10004edc:	20000cb4 	.word	0x20000cb4
10004ee0:	20000ff8 	.word	0x20000ff8
10004ee4:	10007cb4 	.word	0x10007cb4
10004ee8:	100077e4 	.word	0x100077e4
10004eec:	0000050b 	.word	0x0000050b
10004ef0:	0000050c 	.word	0x0000050c

10004ef4 <usbd_open_edpt_pair>:
10004ef4:	b5f8      	push	{r3, r4, r5, r6, r7, lr}
10004ef6:	46ce      	mov	lr, r9
10004ef8:	4647      	mov	r7, r8
10004efa:	b580      	push	{r7, lr}
10004efc:	4680      	mov	r8, r0
10004efe:	000c      	movs	r4, r1
10004f00:	0016      	movs	r6, r2
10004f02:	4699      	mov	r9, r3
10004f04:	2500      	movs	r5, #0
10004f06:	e016      	b.n	10004f36 <usbd_open_edpt_pair+0x42>
10004f08:	4917      	ldr	r1, [pc, #92]	@ (10004f68 <usbd_open_edpt_pair+0x74>)
10004f0a:	4818      	ldr	r0, [pc, #96]	@ (10004f6c <usbd_open_edpt_pair+0x78>)
10004f0c:	4a18      	ldr	r2, [pc, #96]	@ (10004f70 <usbd_open_edpt_pair+0x7c>)
10004f0e:	f7fe fffd 	bl	10003f0c <__wrap_printf>
10004f12:	2700      	movs	r7, #0
10004f14:	0038      	movs	r0, r7
10004f16:	bcc0      	pop	{r6, r7}
10004f18:	46b9      	mov	r9, r7
10004f1a:	46b0      	mov	r8, r6
10004f1c:	bdf8      	pop	{r3, r4, r5, r6, r7, pc}
10004f1e:	229d      	movs	r2, #157	@ 0x9d
10004f20:	4911      	ldr	r1, [pc, #68]	@ (10004f68 <usbd_open_edpt_pair+0x74>)
10004f22:	4812      	ldr	r0, [pc, #72]	@ (10004f6c <usbd_open_edpt_pair+0x78>)
10004f24:	00d2      	lsls	r2, r2, #3
10004f26:	f7fe fff1 	bl	10003f0c <__wrap_printf>
10004f2a:	e7f3      	b.n	10004f14 <usbd_open_edpt_pair+0x20>
10004f2c:	9a09      	ldr	r2, [sp, #36]	@ 0x24
10004f2e:	7013      	strb	r3, [r2, #0]
10004f30:	7823      	ldrb	r3, [r4, #0]
10004f32:	18e4      	adds	r4, r4, r3
10004f34:	3501      	adds	r5, #1
10004f36:	42ae      	cmp	r6, r5
10004f38:	dd14      	ble.n	10004f64 <usbd_open_edpt_pair+0x70>
10004f3a:	7863      	ldrb	r3, [r4, #1]
10004f3c:	2b05      	cmp	r3, #5
10004f3e:	d1e3      	bne.n	10004f08 <usbd_open_edpt_pair+0x14>
10004f40:	78e1      	ldrb	r1, [r4, #3]
10004f42:	0789      	lsls	r1, r1, #30
10004f44:	0f89      	lsrs	r1, r1, #30
10004f46:	4549      	cmp	r1, r9
10004f48:	d1de      	bne.n	10004f08 <usbd_open_edpt_pair+0x14>
10004f4a:	0021      	movs	r1, r4
10004f4c:	4640      	mov	r0, r8
10004f4e:	f7ff ff9f 	bl	10004e90 <usbd_edpt_open>
10004f52:	1e07      	subs	r7, r0, #0
10004f54:	d0e3      	beq.n	10004f1e <usbd_open_edpt_pair+0x2a>
10004f56:	78a3      	ldrb	r3, [r4, #2]
10004f58:	09da      	lsrs	r2, r3, #7
10004f5a:	2a01      	cmp	r2, #1
10004f5c:	d0e6      	beq.n	10004f2c <usbd_open_edpt_pair+0x38>
10004f5e:	9a08      	ldr	r2, [sp, #32]
10004f60:	7013      	strb	r3, [r2, #0]
10004f62:	e7e5      	b.n	10004f30 <usbd_open_edpt_pair+0x3c>
10004f64:	2701      	movs	r7, #1
10004f66:	e7d5      	b.n	10004f14 <usbd_open_edpt_pair+0x20>
10004f68:	10007cc4 	.word	0x10007cc4
10004f6c:	100077e4 	.word	0x100077e4
10004f70:	000004e7 	.word	0x000004e7

10004f74 <usbd_edpt_claim>:
10004f74:	b510      	push	{r4, lr}
10004f76:	207f      	movs	r0, #127	@ 0x7f
10004f78:	4008      	ands	r0, r1
10004f7a:	09c9      	lsrs	r1, r1, #7
10004f7c:	0040      	lsls	r0, r0, #1
10004f7e:	1840      	adds	r0, r0, r1
10004f80:	3030      	adds	r0, #48	@ 0x30
10004f82:	4b04      	ldr	r3, [pc, #16]	@ (10004f94 <usbd_edpt_claim+0x20>)
10004f84:	18c0      	adds	r0, r0, r3
10004f86:	3004      	adds	r0, #4
10004f88:	4b03      	ldr	r3, [pc, #12]	@ (10004f98 <usbd_edpt_claim+0x24>)
10004f8a:	6819      	ldr	r1, [r3, #0]
10004f8c:	f001 f884 	bl	10006098 <tu_edpt_claim>
10004f90:	bd10      	pop	{r4, pc}
10004f92:	46c0      	nop			@ (mov r8, r8)
10004f94:	20000ff8 	.word	0x20000ff8
10004f98:	2000104c 	.word	0x2000104c

10004f9c <usbd_edpt_release>:
10004f9c:	b510      	push	{r4, lr}
10004f9e:	207f      	movs	r0, #127	@ 0x7f
10004fa0:	4008      	ands	r0, r1
10004fa2:	09c9      	lsrs	r1, r1, #7
10004fa4:	0040      	lsls	r0, r0, #1
10004fa6:	1840      	adds	r0, r0, r1
10004fa8:	3030      	adds	r0, #48	@ 0x30
10004faa:	4b04      	ldr	r3, [pc, #16]	@ (10004fbc <usbd_edpt_release+0x20>)
10004fac:	18c0      	adds	r0, r0, r3
10004fae:	3004      	adds	r0, #4
10004fb0:	4b03      	ldr	r3, [pc, #12]	@ (10004fc0 <usbd_edpt_release+0x24>)
10004fb2:	6819      	ldr	r1, [r3, #0]
10004fb4:	f001 f89b 	bl	100060ee <tu_edpt_release>
10004fb8:	bd10      	pop	{r4, pc}
10004fba:	46c0      	nop			@ (mov r8, r8)
10004fbc:	20000ff8 	.word	0x20000ff8
10004fc0:	2000104c 	.word	0x2000104c

10004fc4 <usbd_edpt_xfer>:
10004fc4:	b5f0      	push	{r4, r5, r6, r7, lr}
10004fc6:	b083      	sub	sp, #12
10004fc8:	9301      	str	r3, [sp, #4]
10004fca:	4b19      	ldr	r3, [pc, #100]	@ (10005030 <usbd_edpt_xfer+0x6c>)
10004fcc:	7818      	ldrb	r0, [r3, #0]
10004fce:	247f      	movs	r4, #127	@ 0x7f
10004fd0:	400c      	ands	r4, r1
10004fd2:	09cd      	lsrs	r5, r1, #7
10004fd4:	4b17      	ldr	r3, [pc, #92]	@ (10005034 <usbd_edpt_xfer+0x70>)
10004fd6:	0066      	lsls	r6, r4, #1
10004fd8:	46b4      	mov	ip, r6
10004fda:	4463      	add	r3, ip
10004fdc:	195b      	adds	r3, r3, r5
10004fde:	3330      	adds	r3, #48	@ 0x30
10004fe0:	791b      	ldrb	r3, [r3, #4]
10004fe2:	07db      	lsls	r3, r3, #31
10004fe4:	d41c      	bmi.n	10005020 <usbd_edpt_xfer+0x5c>
10004fe6:	4b13      	ldr	r3, [pc, #76]	@ (10005034 <usbd_edpt_xfer+0x70>)
10004fe8:	0066      	lsls	r6, r4, #1
10004fea:	46b4      	mov	ip, r6
10004fec:	4463      	add	r3, ip
10004fee:	195b      	adds	r3, r3, r5
10004ff0:	3330      	adds	r3, #48	@ 0x30
10004ff2:	791e      	ldrb	r6, [r3, #4]
10004ff4:	2701      	movs	r7, #1
10004ff6:	433e      	orrs	r6, r7
10004ff8:	711e      	strb	r6, [r3, #4]
10004ffa:	9b01      	ldr	r3, [sp, #4]
10004ffc:	f7ff fc66 	bl	100048cc <dcd_edpt_xfer>
10005000:	2800      	cmp	r0, #0
10005002:	d113      	bne.n	1000502c <usbd_edpt_xfer+0x68>
10005004:	4b0b      	ldr	r3, [pc, #44]	@ (10005034 <usbd_edpt_xfer+0x70>)
10005006:	0064      	lsls	r4, r4, #1
10005008:	191b      	adds	r3, r3, r4
1000500a:	195b      	adds	r3, r3, r5
1000500c:	3330      	adds	r3, #48	@ 0x30
1000500e:	791a      	ldrb	r2, [r3, #4]
10005010:	2101      	movs	r1, #1
10005012:	438a      	bics	r2, r1
10005014:	711a      	strb	r2, [r3, #4]
10005016:	791a      	ldrb	r2, [r3, #4]
10005018:	3103      	adds	r1, #3
1000501a:	438a      	bics	r2, r1
1000501c:	711a      	strb	r2, [r3, #4]
1000501e:	e005      	b.n	1000502c <usbd_edpt_xfer+0x68>
10005020:	4905      	ldr	r1, [pc, #20]	@ (10005038 <usbd_edpt_xfer+0x74>)
10005022:	4806      	ldr	r0, [pc, #24]	@ (1000503c <usbd_edpt_xfer+0x78>)
10005024:	4a06      	ldr	r2, [pc, #24]	@ (10005040 <usbd_edpt_xfer+0x7c>)
10005026:	f7fe ff71 	bl	10003f0c <__wrap_printf>
1000502a:	2000      	movs	r0, #0
1000502c:	b003      	add	sp, #12
1000502e:	bdf0      	pop	{r4, r5, r6, r7, pc}
10005030:	20000cb4 	.word	0x20000cb4
10005034:	20000ff8 	.word	0x20000ff8
10005038:	10007ca4 	.word	0x10007ca4
1000503c:	100077e4 	.word	0x100077e4
10005040:	00000539 	.word	0x00000539

10005044 <usbd_edpt_stall>:
10005044:	b570      	push	{r4, r5, r6, lr}
10005046:	4b0a      	ldr	r3, [pc, #40]	@ (10005070 <usbd_edpt_stall+0x2c>)
10005048:	7818      	ldrb	r0, [r3, #0]
1000504a:	247f      	movs	r4, #127	@ 0x7f
1000504c:	400c      	ands	r4, r1
1000504e:	09cd      	lsrs	r5, r1, #7
10005050:	f7ff fc56 	bl	10004900 <dcd_edpt_stall>
10005054:	4a07      	ldr	r2, [pc, #28]	@ (10005074 <usbd_edpt_stall+0x30>)
10005056:	0064      	lsls	r4, r4, #1
10005058:	1913      	adds	r3, r2, r4
1000505a:	195b      	adds	r3, r3, r5
1000505c:	3330      	adds	r3, #48	@ 0x30
1000505e:	791a      	ldrb	r2, [r3, #4]
10005060:	2102      	movs	r1, #2
10005062:	430a      	orrs	r2, r1
10005064:	711a      	strb	r2, [r3, #4]
10005066:	791a      	ldrb	r2, [r3, #4]
10005068:	2101      	movs	r1, #1
1000506a:	430a      	orrs	r2, r1
1000506c:	711a      	strb	r2, [r3, #4]
1000506e:	bd70      	pop	{r4, r5, r6, pc}
10005070:	20000cb4 	.word	0x20000cb4
10005074:	20000ff8 	.word	0x20000ff8

10005078 <usbd_edpt_clear_stall>:
10005078:	b570      	push	{r4, r5, r6, lr}
1000507a:	4b0a      	ldr	r3, [pc, #40]	@ (100050a4 <usbd_edpt_clear_stall+0x2c>)
1000507c:	7818      	ldrb	r0, [r3, #0]
1000507e:	247f      	movs	r4, #127	@ 0x7f
10005080:	400c      	ands	r4, r1
10005082:	09cd      	lsrs	r5, r1, #7
10005084:	f7ff fc5a 	bl	1000493c <dcd_edpt_clear_stall>
10005088:	4a07      	ldr	r2, [pc, #28]	@ (100050a8 <usbd_edpt_clear_stall+0x30>)
1000508a:	0064      	lsls	r4, r4, #1
1000508c:	1913      	adds	r3, r2, r4
1000508e:	195b      	adds	r3, r3, r5
10005090:	3330      	adds	r3, #48	@ 0x30
10005092:	791a      	ldrb	r2, [r3, #4]
10005094:	2102      	movs	r1, #2
10005096:	438a      	bics	r2, r1
10005098:	711a      	strb	r2, [r3, #4]
1000509a:	791a      	ldrb	r2, [r3, #4]
1000509c:	3901      	subs	r1, #1
1000509e:	438a      	bics	r2, r1
100050a0:	711a      	strb	r2, [r3, #4]
100050a2:	bd70      	pop	{r4, r5, r6, pc}
100050a4:	20000cb4 	.word	0x20000cb4
100050a8:	20000ff8 	.word	0x20000ff8

100050ac <usbd_edpt_stalled>:
100050ac:	227f      	movs	r2, #127	@ 0x7f
100050ae:	400a      	ands	r2, r1
100050b0:	09c9      	lsrs	r1, r1, #7
100050b2:	4b04      	ldr	r3, [pc, #16]	@ (100050c4 <usbd_edpt_stalled+0x18>)
100050b4:	0052      	lsls	r2, r2, #1
100050b6:	189b      	adds	r3, r3, r2
100050b8:	185b      	adds	r3, r3, r1
100050ba:	3330      	adds	r3, #48	@ 0x30
100050bc:	7918      	ldrb	r0, [r3, #4]
100050be:	0780      	lsls	r0, r0, #30
100050c0:	0fc0      	lsrs	r0, r0, #31
100050c2:	4770      	bx	lr
100050c4:	20000ff8 	.word	0x20000ff8

100050c8 <process_control_request>:
100050c8:	b5f0      	push	{r4, r5, r6, r7, lr}
100050ca:	46c6      	mov	lr, r8
100050cc:	b500      	push	{lr}
100050ce:	b084      	sub	sp, #16
100050d0:	9001      	str	r0, [sp, #4]
100050d2:	000c      	movs	r4, r1
100050d4:	2000      	movs	r0, #0
100050d6:	f000 fb89 	bl	100057ec <usbd_control_set_complete_callback>
100050da:	7823      	ldrb	r3, [r4, #0]
100050dc:	2260      	movs	r2, #96	@ 0x60
100050de:	401a      	ands	r2, r3
100050e0:	2a60      	cmp	r2, #96	@ 0x60
100050e2:	d032      	beq.n	1000514a <process_control_request+0x82>
100050e4:	2a40      	cmp	r2, #64	@ 0x40
100050e6:	d039      	beq.n	1000515c <process_control_request+0x94>
100050e8:	7823      	ldrb	r3, [r4, #0]
100050ea:	06db      	lsls	r3, r3, #27
100050ec:	0edb      	lsrs	r3, r3, #27
100050ee:	2b01      	cmp	r3, #1
100050f0:	d100      	bne.n	100050f4 <process_control_request+0x2c>
100050f2:	e0f4      	b.n	100052de <process_control_request+0x216>
100050f4:	2b02      	cmp	r3, #2
100050f6:	d100      	bne.n	100050fa <process_control_request+0x32>
100050f8:	e13a      	b.n	10005370 <process_control_request+0x2a8>
100050fa:	2b00      	cmp	r3, #0
100050fc:	d000      	beq.n	10005100 <process_control_request+0x38>
100050fe:	e1b9      	b.n	10005474 <process_control_request+0x3ac>
10005100:	2a20      	cmp	r2, #32
10005102:	d035      	beq.n	10005170 <process_control_request+0xa8>
10005104:	2a00      	cmp	r2, #0
10005106:	d000      	beq.n	1000510a <process_control_request+0x42>
10005108:	e1c1      	b.n	1000548e <process_control_request+0x3c6>
1000510a:	7863      	ldrb	r3, [r4, #1]
1000510c:	2b05      	cmp	r3, #5
1000510e:	d067      	beq.n	100051e0 <process_control_request+0x118>
10005110:	d857      	bhi.n	100051c2 <process_control_request+0xfa>
10005112:	2b01      	cmp	r3, #1
10005114:	d100      	bne.n	10005118 <process_control_request+0x50>
10005116:	e0cd      	b.n	100052b4 <process_control_request+0x1ec>
10005118:	2b03      	cmp	r3, #3
1000511a:	d100      	bne.n	1000511e <process_control_request+0x56>
1000511c:	e0b5      	b.n	1000528a <process_control_request+0x1c2>
1000511e:	2b00      	cmp	r3, #0
10005120:	d14c      	bne.n	100051bc <process_control_request+0xf4>
10005122:	4bcc      	ldr	r3, [pc, #816]	@ (10005454 <process_control_request+0x38c>)
10005124:	781a      	ldrb	r2, [r3, #0]
10005126:	0951      	lsrs	r1, r2, #5
10005128:	0892      	lsrs	r2, r2, #2
1000512a:	2302      	movs	r3, #2
1000512c:	4013      	ands	r3, r2
1000512e:	2201      	movs	r2, #1
10005130:	400a      	ands	r2, r1
10005132:	4313      	orrs	r3, r2
10005134:	aa02      	add	r2, sp, #8
10005136:	3206      	adds	r2, #6
10005138:	8013      	strh	r3, [r2, #0]
1000513a:	2302      	movs	r3, #2
1000513c:	0021      	movs	r1, r4
1000513e:	9801      	ldr	r0, [sp, #4]
10005140:	f000 fafe 	bl	10005740 <tud_control_xfer>
10005144:	2301      	movs	r3, #1
10005146:	001d      	movs	r5, r3
10005148:	e196      	b.n	10005478 <process_control_request+0x3b0>
1000514a:	3255      	adds	r2, #85	@ 0x55
1000514c:	49c2      	ldr	r1, [pc, #776]	@ (10005458 <process_control_request+0x390>)
1000514e:	48c3      	ldr	r0, [pc, #780]	@ (1000545c <process_control_request+0x394>)
10005150:	0092      	lsls	r2, r2, #2
10005152:	f7fe fedb 	bl	10003f0c <__wrap_printf>
10005156:	2300      	movs	r3, #0
10005158:	001d      	movs	r5, r3
1000515a:	e18d      	b.n	10005478 <process_control_request+0x3b0>
1000515c:	48c0      	ldr	r0, [pc, #768]	@ (10005460 <process_control_request+0x398>)
1000515e:	f000 fb45 	bl	100057ec <usbd_control_set_complete_callback>
10005162:	0022      	movs	r2, r4
10005164:	2101      	movs	r1, #1
10005166:	9801      	ldr	r0, [sp, #4]
10005168:	f7ff fa00 	bl	1000456c <tud_vendor_control_xfer_cb>
1000516c:	0005      	movs	r5, r0
1000516e:	e183      	b.n	10005478 <process_control_request+0x3b0>
10005170:	7922      	ldrb	r2, [r4, #4]
10005172:	7963      	ldrb	r3, [r4, #5]
10005174:	021b      	lsls	r3, r3, #8
10005176:	4313      	orrs	r3, r2
10005178:	2a0f      	cmp	r2, #15
1000517a:	d900      	bls.n	1000517e <process_control_request+0xb6>
1000517c:	e181      	b.n	10005482 <process_control_request+0x3ba>
1000517e:	4ab5      	ldr	r2, [pc, #724]	@ (10005454 <process_control_request+0x38c>)
10005180:	21ff      	movs	r1, #255	@ 0xff
10005182:	400b      	ands	r3, r1
10005184:	18d2      	adds	r2, r2, r3
10005186:	7913      	ldrb	r3, [r2, #4]
10005188:	4ab6      	ldr	r2, [pc, #728]	@ (10005464 <process_control_request+0x39c>)
1000518a:	7812      	ldrb	r2, [r2, #0]
1000518c:	4293      	cmp	r3, r2
1000518e:	d208      	bcs.n	100051a2 <process_control_request+0xda>
10005190:	4ab5      	ldr	r2, [pc, #724]	@ (10005468 <process_control_request+0x3a0>)
10005192:	6811      	ldr	r1, [r2, #0]
10005194:	015b      	lsls	r3, r3, #5
10005196:	18c9      	adds	r1, r1, r3
10005198:	2900      	cmp	r1, #0
1000519a:	d109      	bne.n	100051b0 <process_control_request+0xe8>
1000519c:	2300      	movs	r3, #0
1000519e:	001d      	movs	r5, r3
100051a0:	e16a      	b.n	10005478 <process_control_request+0x3b0>
100051a2:	4293      	cmp	r3, r2
100051a4:	d900      	bls.n	100051a8 <process_control_request+0xe0>
100051a6:	e16f      	b.n	10005488 <process_control_request+0x3c0>
100051a8:	1a9b      	subs	r3, r3, r2
100051aa:	015b      	lsls	r3, r3, #5
100051ac:	49af      	ldr	r1, [pc, #700]	@ (1000546c <process_control_request+0x3a4>)
100051ae:	1859      	adds	r1, r3, r1
100051b0:	0022      	movs	r2, r4
100051b2:	9801      	ldr	r0, [sp, #4]
100051b4:	f7ff fc7a 	bl	10004aac <invoke_class_control>
100051b8:	0005      	movs	r5, r0
100051ba:	e15d      	b.n	10005478 <process_control_request+0x3b0>
100051bc:	2300      	movs	r3, #0
100051be:	001d      	movs	r5, r3
100051c0:	e15a      	b.n	10005478 <process_control_request+0x3b0>
100051c2:	2b08      	cmp	r3, #8
100051c4:	d01b      	beq.n	100051fe <process_control_request+0x136>
100051c6:	2b09      	cmp	r3, #9
100051c8:	d026      	beq.n	10005218 <process_control_request+0x150>
100051ca:	2b06      	cmp	r3, #6
100051cc:	d105      	bne.n	100051da <process_control_request+0x112>
100051ce:	0021      	movs	r1, r4
100051d0:	9801      	ldr	r0, [sp, #4]
100051d2:	f7ff fd47 	bl	10004c64 <process_get_descriptor>
100051d6:	0005      	movs	r5, r0
100051d8:	e14e      	b.n	10005478 <process_control_request+0x3b0>
100051da:	2300      	movs	r3, #0
100051dc:	001d      	movs	r5, r3
100051de:	e14b      	b.n	10005478 <process_control_request+0x3b0>
100051e0:	0020      	movs	r0, r4
100051e2:	f000 fb09 	bl	100057f8 <usbd_control_set_request>
100051e6:	78a1      	ldrb	r1, [r4, #2]
100051e8:	9801      	ldr	r0, [sp, #4]
100051ea:	f7ff fad5 	bl	10004798 <dcd_set_address>
100051ee:	4a99      	ldr	r2, [pc, #612]	@ (10005454 <process_control_request+0x38c>)
100051f0:	7813      	ldrb	r3, [r2, #0]
100051f2:	2102      	movs	r1, #2
100051f4:	430b      	orrs	r3, r1
100051f6:	7013      	strb	r3, [r2, #0]
100051f8:	2301      	movs	r3, #1
100051fa:	001d      	movs	r5, r3
100051fc:	e13c      	b.n	10005478 <process_control_request+0x3b0>
100051fe:	4b95      	ldr	r3, [pc, #596]	@ (10005454 <process_control_request+0x38c>)
10005200:	785b      	ldrb	r3, [r3, #1]
10005202:	aa02      	add	r2, sp, #8
10005204:	3206      	adds	r2, #6
10005206:	7013      	strb	r3, [r2, #0]
10005208:	2301      	movs	r3, #1
1000520a:	0021      	movs	r1, r4
1000520c:	9801      	ldr	r0, [sp, #4]
1000520e:	f000 fa97 	bl	10005740 <tud_control_xfer>
10005212:	2301      	movs	r3, #1
10005214:	001d      	movs	r5, r3
10005216:	e12f      	b.n	10005478 <process_control_request+0x3b0>
10005218:	78a2      	ldrb	r2, [r4, #2]
1000521a:	4690      	mov	r8, r2
1000521c:	4b8d      	ldr	r3, [pc, #564]	@ (10005454 <process_control_request+0x38c>)
1000521e:	785b      	ldrb	r3, [r3, #1]
10005220:	4293      	cmp	r3, r2
10005222:	d02b      	beq.n	1000527c <process_control_request+0x1b4>
10005224:	4b8b      	ldr	r3, [pc, #556]	@ (10005454 <process_control_request+0x38c>)
10005226:	785b      	ldrb	r3, [r3, #1]
10005228:	2b00      	cmp	r3, #0
1000522a:	d10c      	bne.n	10005246 <process_control_request+0x17e>
1000522c:	4b89      	ldr	r3, [pc, #548]	@ (10005454 <process_control_request+0x38c>)
1000522e:	4641      	mov	r1, r8
10005230:	7059      	strb	r1, [r3, #1]
10005232:	2900      	cmp	r1, #0
10005234:	d020      	beq.n	10005278 <process_control_request+0x1b0>
10005236:	9801      	ldr	r0, [sp, #4]
10005238:	f7ff fc46 	bl	10004ac8 <process_set_config>
1000523c:	1e05      	subs	r5, r0, #0
1000523e:	d011      	beq.n	10005264 <process_control_request+0x19c>
10005240:	f7ff fd8a 	bl	10004d58 <tud_mount_cb>
10005244:	e01a      	b.n	1000527c <process_control_request+0x1b4>
10005246:	2100      	movs	r1, #0
10005248:	9d01      	ldr	r5, [sp, #4]
1000524a:	0028      	movs	r0, r5
1000524c:	f7ff fb02 	bl	10004854 <dcd_sof_enable>
10005250:	0028      	movs	r0, r5
10005252:	f7ff fb36 	bl	100048c2 <dcd_edpt_close_all>
10005256:	4e7f      	ldr	r6, [pc, #508]	@ (10005454 <process_control_request+0x38c>)
10005258:	78b7      	ldrb	r7, [r6, #2]
1000525a:	0028      	movs	r0, r5
1000525c:	f7ff fbe2 	bl	10004a24 <configuration_reset>
10005260:	70b7      	strb	r7, [r6, #2]
10005262:	e7e3      	b.n	1000522c <process_control_request+0x164>
10005264:	22c9      	movs	r2, #201	@ 0xc9
10005266:	497c      	ldr	r1, [pc, #496]	@ (10005458 <process_control_request+0x390>)
10005268:	487c      	ldr	r0, [pc, #496]	@ (1000545c <process_control_request+0x394>)
1000526a:	0092      	lsls	r2, r2, #2
1000526c:	f7fe fe4e 	bl	10003f0c <__wrap_printf>
10005270:	4b78      	ldr	r3, [pc, #480]	@ (10005454 <process_control_request+0x38c>)
10005272:	2200      	movs	r2, #0
10005274:	705a      	strb	r2, [r3, #1]
10005276:	e0ff      	b.n	10005478 <process_control_request+0x3b0>
10005278:	f7ff fd6f 	bl	10004d5a <tud_umount_cb>
1000527c:	0021      	movs	r1, r4
1000527e:	9801      	ldr	r0, [sp, #4]
10005280:	f000 fa4a 	bl	10005718 <tud_control_status>
10005284:	2301      	movs	r3, #1
10005286:	001d      	movs	r5, r3
10005288:	e0f6      	b.n	10005478 <process_control_request+0x3b0>
1000528a:	78a2      	ldrb	r2, [r4, #2]
1000528c:	78e3      	ldrb	r3, [r4, #3]
1000528e:	021b      	lsls	r3, r3, #8
10005290:	4313      	orrs	r3, r2
10005292:	2b01      	cmp	r3, #1
10005294:	d002      	beq.n	1000529c <process_control_request+0x1d4>
10005296:	2300      	movs	r3, #0
10005298:	001d      	movs	r5, r3
1000529a:	e0ed      	b.n	10005478 <process_control_request+0x3b0>
1000529c:	4a6d      	ldr	r2, [pc, #436]	@ (10005454 <process_control_request+0x38c>)
1000529e:	7813      	ldrb	r3, [r2, #0]
100052a0:	2108      	movs	r1, #8
100052a2:	430b      	orrs	r3, r1
100052a4:	7013      	strb	r3, [r2, #0]
100052a6:	0021      	movs	r1, r4
100052a8:	9801      	ldr	r0, [sp, #4]
100052aa:	f000 fa35 	bl	10005718 <tud_control_status>
100052ae:	2301      	movs	r3, #1
100052b0:	001d      	movs	r5, r3
100052b2:	e0e1      	b.n	10005478 <process_control_request+0x3b0>
100052b4:	78a2      	ldrb	r2, [r4, #2]
100052b6:	78e3      	ldrb	r3, [r4, #3]
100052b8:	021b      	lsls	r3, r3, #8
100052ba:	4313      	orrs	r3, r2
100052bc:	2b01      	cmp	r3, #1
100052be:	d002      	beq.n	100052c6 <process_control_request+0x1fe>
100052c0:	2300      	movs	r3, #0
100052c2:	001d      	movs	r5, r3
100052c4:	e0d8      	b.n	10005478 <process_control_request+0x3b0>
100052c6:	4a63      	ldr	r2, [pc, #396]	@ (10005454 <process_control_request+0x38c>)
100052c8:	7813      	ldrb	r3, [r2, #0]
100052ca:	2108      	movs	r1, #8
100052cc:	438b      	bics	r3, r1
100052ce:	7013      	strb	r3, [r2, #0]
100052d0:	0021      	movs	r1, r4
100052d2:	9801      	ldr	r0, [sp, #4]
100052d4:	f000 fa20 	bl	10005718 <tud_control_status>
100052d8:	2301      	movs	r3, #1
100052da:	001d      	movs	r5, r3
100052dc:	e0cc      	b.n	10005478 <process_control_request+0x3b0>
100052de:	7922      	ldrb	r2, [r4, #4]
100052e0:	7963      	ldrb	r3, [r4, #5]
100052e2:	021b      	lsls	r3, r3, #8
100052e4:	4313      	orrs	r3, r2
100052e6:	2a0f      	cmp	r2, #15
100052e8:	d900      	bls.n	100052ec <process_control_request+0x224>
100052ea:	e0d3      	b.n	10005494 <process_control_request+0x3cc>
100052ec:	4a59      	ldr	r2, [pc, #356]	@ (10005454 <process_control_request+0x38c>)
100052ee:	21ff      	movs	r1, #255	@ 0xff
100052f0:	400b      	ands	r3, r1
100052f2:	18d2      	adds	r2, r2, r3
100052f4:	7913      	ldrb	r3, [r2, #4]
100052f6:	4a5b      	ldr	r2, [pc, #364]	@ (10005464 <process_control_request+0x39c>)
100052f8:	7812      	ldrb	r2, [r2, #0]
100052fa:	4293      	cmp	r3, r2
100052fc:	d224      	bcs.n	10005348 <process_control_request+0x280>
100052fe:	4a5a      	ldr	r2, [pc, #360]	@ (10005468 <process_control_request+0x3a0>)
10005300:	6811      	ldr	r1, [r2, #0]
10005302:	015b      	lsls	r3, r3, #5
10005304:	18c9      	adds	r1, r1, r3
10005306:	2900      	cmp	r1, #0
10005308:	d100      	bne.n	1000530c <process_control_request+0x244>
1000530a:	e0c6      	b.n	1000549a <process_control_request+0x3d2>
1000530c:	0022      	movs	r2, r4
1000530e:	9801      	ldr	r0, [sp, #4]
10005310:	f7ff fbcc 	bl	10004aac <invoke_class_control>
10005314:	1e05      	subs	r5, r0, #0
10005316:	d000      	beq.n	1000531a <process_control_request+0x252>
10005318:	e0ae      	b.n	10005478 <process_control_request+0x3b0>
1000531a:	7823      	ldrb	r3, [r4, #0]
1000531c:	2260      	movs	r2, #96	@ 0x60
1000531e:	421a      	tst	r2, r3
10005320:	d000      	beq.n	10005324 <process_control_request+0x25c>
10005322:	e0a9      	b.n	10005478 <process_control_request+0x3b0>
10005324:	7863      	ldrb	r3, [r4, #1]
10005326:	3b0a      	subs	r3, #10
10005328:	2b01      	cmp	r3, #1
1000532a:	d900      	bls.n	1000532e <process_control_request+0x266>
1000532c:	e0a4      	b.n	10005478 <process_control_request+0x3b0>
1000532e:	2000      	movs	r0, #0
10005330:	f000 fa5c 	bl	100057ec <usbd_control_set_complete_callback>
10005334:	7863      	ldrb	r3, [r4, #1]
10005336:	2b0a      	cmp	r3, #10
10005338:	d00e      	beq.n	10005358 <process_control_request+0x290>
1000533a:	0021      	movs	r1, r4
1000533c:	9801      	ldr	r0, [sp, #4]
1000533e:	f000 f9eb 	bl	10005718 <tud_control_status>
10005342:	2301      	movs	r3, #1
10005344:	001d      	movs	r5, r3
10005346:	e097      	b.n	10005478 <process_control_request+0x3b0>
10005348:	4293      	cmp	r3, r2
1000534a:	d900      	bls.n	1000534e <process_control_request+0x286>
1000534c:	e0a8      	b.n	100054a0 <process_control_request+0x3d8>
1000534e:	1a9b      	subs	r3, r3, r2
10005350:	015b      	lsls	r3, r3, #5
10005352:	4946      	ldr	r1, [pc, #280]	@ (1000546c <process_control_request+0x3a4>)
10005354:	1859      	adds	r1, r3, r1
10005356:	e7d9      	b.n	1000530c <process_control_request+0x244>
10005358:	ab02      	add	r3, sp, #8
1000535a:	1d9a      	adds	r2, r3, #6
1000535c:	2300      	movs	r3, #0
1000535e:	7013      	strb	r3, [r2, #0]
10005360:	3301      	adds	r3, #1
10005362:	0021      	movs	r1, r4
10005364:	9801      	ldr	r0, [sp, #4]
10005366:	f000 f9eb 	bl	10005740 <tud_control_xfer>
1000536a:	2301      	movs	r3, #1
1000536c:	001d      	movs	r5, r3
1000536e:	e083      	b.n	10005478 <process_control_request+0x3b0>
10005370:	7921      	ldrb	r1, [r4, #4]
10005372:	207f      	movs	r0, #127	@ 0x7f
10005374:	4008      	ands	r0, r1
10005376:	09cb      	lsrs	r3, r1, #7
10005378:	469c      	mov	ip, r3
1000537a:	2370      	movs	r3, #112	@ 0x70
1000537c:	420b      	tst	r3, r1
1000537e:	d118      	bne.n	100053b2 <process_control_request+0x2ea>
10005380:	4b34      	ldr	r3, [pc, #208]	@ (10005454 <process_control_request+0x38c>)
10005382:	0040      	lsls	r0, r0, #1
10005384:	181b      	adds	r3, r3, r0
10005386:	4463      	add	r3, ip
10005388:	7d1b      	ldrb	r3, [r3, #20]
1000538a:	4836      	ldr	r0, [pc, #216]	@ (10005464 <process_control_request+0x39c>)
1000538c:	7800      	ldrb	r0, [r0, #0]
1000538e:	4283      	cmp	r3, r0
10005390:	d217      	bcs.n	100053c2 <process_control_request+0x2fa>
10005392:	4835      	ldr	r0, [pc, #212]	@ (10005468 <process_control_request+0x3a0>)
10005394:	6800      	ldr	r0, [r0, #0]
10005396:	015b      	lsls	r3, r3, #5
10005398:	18c3      	adds	r3, r0, r3
1000539a:	001d      	movs	r5, r3
1000539c:	2a00      	cmp	r2, #0
1000539e:	d01b      	beq.n	100053d8 <process_control_request+0x310>
100053a0:	1e29      	subs	r1, r5, #0
100053a2:	d100      	bne.n	100053a6 <process_control_request+0x2de>
100053a4:	e07f      	b.n	100054a6 <process_control_request+0x3de>
100053a6:	0022      	movs	r2, r4
100053a8:	9801      	ldr	r0, [sp, #4]
100053aa:	f7ff fb7f 	bl	10004aac <invoke_class_control>
100053ae:	0005      	movs	r5, r0
100053b0:	e062      	b.n	10005478 <process_control_request+0x3b0>
100053b2:	4929      	ldr	r1, [pc, #164]	@ (10005458 <process_control_request+0x390>)
100053b4:	4829      	ldr	r0, [pc, #164]	@ (1000545c <process_control_request+0x394>)
100053b6:	4a2e      	ldr	r2, [pc, #184]	@ (10005470 <process_control_request+0x3a8>)
100053b8:	f7fe fda8 	bl	10003f0c <__wrap_printf>
100053bc:	2300      	movs	r3, #0
100053be:	001d      	movs	r5, r3
100053c0:	e05a      	b.n	10005478 <process_control_request+0x3b0>
100053c2:	4283      	cmp	r3, r0
100053c4:	d805      	bhi.n	100053d2 <process_control_request+0x30a>
100053c6:	1a1b      	subs	r3, r3, r0
100053c8:	015b      	lsls	r3, r3, #5
100053ca:	4828      	ldr	r0, [pc, #160]	@ (1000546c <process_control_request+0x3a4>)
100053cc:	181b      	adds	r3, r3, r0
100053ce:	001d      	movs	r5, r3
100053d0:	e7e4      	b.n	1000539c <process_control_request+0x2d4>
100053d2:	2300      	movs	r3, #0
100053d4:	001d      	movs	r5, r3
100053d6:	e7e1      	b.n	1000539c <process_control_request+0x2d4>
100053d8:	7863      	ldrb	r3, [r4, #1]
100053da:	2b01      	cmp	r3, #1
100053dc:	d012      	beq.n	10005404 <process_control_request+0x33c>
100053de:	2b03      	cmp	r3, #3
100053e0:	d010      	beq.n	10005404 <process_control_request+0x33c>
100053e2:	2b00      	cmp	r3, #0
100053e4:	d162      	bne.n	100054ac <process_control_request+0x3e4>
100053e6:	9d01      	ldr	r5, [sp, #4]
100053e8:	0028      	movs	r0, r5
100053ea:	f7ff fe5f 	bl	100050ac <usbd_edpt_stalled>
100053ee:	ab02      	add	r3, sp, #8
100053f0:	1d9a      	adds	r2, r3, #6
100053f2:	8010      	strh	r0, [r2, #0]
100053f4:	2302      	movs	r3, #2
100053f6:	0021      	movs	r1, r4
100053f8:	0028      	movs	r0, r5
100053fa:	f000 f9a1 	bl	10005740 <tud_control_xfer>
100053fe:	2301      	movs	r3, #1
10005400:	001d      	movs	r5, r3
10005402:	e039      	b.n	10005478 <process_control_request+0x3b0>
10005404:	78a0      	ldrb	r0, [r4, #2]
10005406:	78e2      	ldrb	r2, [r4, #3]
10005408:	0212      	lsls	r2, r2, #8
1000540a:	4302      	orrs	r2, r0
1000540c:	d104      	bne.n	10005418 <process_control_request+0x350>
1000540e:	2b01      	cmp	r3, #1
10005410:	d01b      	beq.n	1000544a <process_control_request+0x382>
10005412:	9801      	ldr	r0, [sp, #4]
10005414:	f7ff fe16 	bl	10005044 <usbd_edpt_stall>
10005418:	2d00      	cmp	r5, #0
1000541a:	d04a      	beq.n	100054b2 <process_control_request+0x3ea>
1000541c:	0022      	movs	r2, r4
1000541e:	0029      	movs	r1, r5
10005420:	9801      	ldr	r0, [sp, #4]
10005422:	f7ff fb43 	bl	10004aac <invoke_class_control>
10005426:	2000      	movs	r0, #0
10005428:	f000 f9e0 	bl	100057ec <usbd_control_set_complete_callback>
1000542c:	4b09      	ldr	r3, [pc, #36]	@ (10005454 <process_control_request+0x38c>)
1000542e:	2235      	movs	r2, #53	@ 0x35
10005430:	5c9b      	ldrb	r3, [r3, r2]
10005432:	07db      	lsls	r3, r3, #31
10005434:	0fda      	lsrs	r2, r3, #31
10005436:	0015      	movs	r5, r2
10005438:	2b00      	cmp	r3, #0
1000543a:	d11d      	bne.n	10005478 <process_control_request+0x3b0>
1000543c:	0021      	movs	r1, r4
1000543e:	9801      	ldr	r0, [sp, #4]
10005440:	f000 f96a 	bl	10005718 <tud_control_status>
10005444:	2301      	movs	r3, #1
10005446:	001d      	movs	r5, r3
10005448:	e016      	b.n	10005478 <process_control_request+0x3b0>
1000544a:	9801      	ldr	r0, [sp, #4]
1000544c:	f7ff fe14 	bl	10005078 <usbd_edpt_clear_stall>
10005450:	e7e2      	b.n	10005418 <process_control_request+0x350>
10005452:	46c0      	nop			@ (mov r8, r8)
10005454:	20000ff8 	.word	0x20000ff8
10005458:	10007d10 	.word	0x10007d10
1000545c:	100077e4 	.word	0x100077e4
10005460:	1000456d 	.word	0x1000456d
10005464:	200018d5 	.word	0x200018d5
10005468:	20000e48 	.word	0x20000e48
1000546c:	10007d5c 	.word	0x10007d5c
10005470:	00000395 	.word	0x00000395
10005474:	2300      	movs	r3, #0
10005476:	001d      	movs	r5, r3
10005478:	0028      	movs	r0, r5
1000547a:	b004      	add	sp, #16
1000547c:	bc80      	pop	{r7}
1000547e:	46b8      	mov	r8, r7
10005480:	bdf0      	pop	{r4, r5, r6, r7, pc}
10005482:	2300      	movs	r3, #0
10005484:	001d      	movs	r5, r3
10005486:	e7f7      	b.n	10005478 <process_control_request+0x3b0>
10005488:	2300      	movs	r3, #0
1000548a:	001d      	movs	r5, r3
1000548c:	e7f4      	b.n	10005478 <process_control_request+0x3b0>
1000548e:	2300      	movs	r3, #0
10005490:	001d      	movs	r5, r3
10005492:	e7f1      	b.n	10005478 <process_control_request+0x3b0>
10005494:	2300      	movs	r3, #0
10005496:	001d      	movs	r5, r3
10005498:	e7ee      	b.n	10005478 <process_control_request+0x3b0>
1000549a:	2300      	movs	r3, #0
1000549c:	001d      	movs	r5, r3
1000549e:	e7eb      	b.n	10005478 <process_control_request+0x3b0>
100054a0:	2300      	movs	r3, #0
100054a2:	001d      	movs	r5, r3
100054a4:	e7e8      	b.n	10005478 <process_control_request+0x3b0>
100054a6:	2300      	movs	r3, #0
100054a8:	001d      	movs	r5, r3
100054aa:	e7e5      	b.n	10005478 <process_control_request+0x3b0>
100054ac:	2300      	movs	r3, #0
100054ae:	001d      	movs	r5, r3
100054b0:	e7e2      	b.n	10005478 <process_control_request+0x3b0>
100054b2:	2301      	movs	r3, #1
100054b4:	001d      	movs	r5, r3
100054b6:	e7df      	b.n	10005478 <process_control_request+0x3b0>

100054b8 <tud_task_ext>:
100054b8:	b530      	push	{r4, r5, lr}
100054ba:	b085      	sub	sp, #20
100054bc:	f7ff fc60 	bl	10004d80 <tud_inited>
100054c0:	2800      	cmp	r0, #0
100054c2:	d14e      	bne.n	10005562 <tud_task_ext+0xaa>
100054c4:	b005      	add	sp, #20
100054c6:	bd30      	pop	{r4, r5, pc}
100054c8:	2b04      	cmp	r3, #4
100054ca:	d14a      	bne.n	10005562 <tud_task_ext+0xaa>
100054cc:	4b6a      	ldr	r3, [pc, #424]	@ (10005678 <tud_task_ext+0x1c0>)
100054ce:	781b      	ldrb	r3, [r3, #0]
100054d0:	07db      	lsls	r3, r3, #31
100054d2:	d546      	bpl.n	10005562 <tud_task_ext+0xaa>
100054d4:	4b68      	ldr	r3, [pc, #416]	@ (10005678 <tud_task_ext+0x1c0>)
100054d6:	7818      	ldrb	r0, [r3, #0]
100054d8:	0700      	lsls	r0, r0, #28
100054da:	0fc0      	lsrs	r0, r0, #31
100054dc:	f7ff fc3e 	bl	10004d5c <tud_suspend_cb>
100054e0:	e03f      	b.n	10005562 <tud_task_ext+0xaa>
100054e2:	2b07      	cmp	r3, #7
100054e4:	d071      	beq.n	100055ca <tud_task_ext+0x112>
100054e6:	2b08      	cmp	r3, #8
100054e8:	d100      	bne.n	100054ec <tud_task_ext+0x34>
100054ea:	e0b5      	b.n	10005658 <tud_task_ext+0x1a0>
100054ec:	2b06      	cmp	r3, #6
100054ee:	d138      	bne.n	10005562 <tud_task_ext+0xaa>
100054f0:	4b62      	ldr	r3, [pc, #392]	@ (1000567c <tud_task_ext+0x1c4>)
100054f2:	781b      	ldrb	r3, [r3, #0]
100054f4:	2b00      	cmp	r3, #0
100054f6:	d062      	beq.n	100055be <tud_task_ext+0x106>
100054f8:	4a60      	ldr	r2, [pc, #384]	@ (1000567c <tud_task_ext+0x1c4>)
100054fa:	7813      	ldrb	r3, [r2, #0]
100054fc:	3b01      	subs	r3, #1
100054fe:	b2db      	uxtb	r3, r3
10005500:	7013      	strb	r3, [r2, #0]
10005502:	7813      	ldrb	r3, [r2, #0]
10005504:	2b00      	cmp	r3, #0
10005506:	d12c      	bne.n	10005562 <tud_task_ext+0xaa>
10005508:	4b5b      	ldr	r3, [pc, #364]	@ (10005678 <tud_task_ext+0x1c0>)
1000550a:	781a      	ldrb	r2, [r3, #0]
1000550c:	2401      	movs	r4, #1
1000550e:	2101      	movs	r1, #1
10005510:	430a      	orrs	r2, r1
10005512:	701a      	strb	r2, [r3, #0]
10005514:	2234      	movs	r2, #52	@ 0x34
10005516:	5c99      	ldrb	r1, [r3, r2]
10005518:	43a1      	bics	r1, r4
1000551a:	5499      	strb	r1, [r3, r2]
1000551c:	5c99      	ldrb	r1, [r3, r2]
1000551e:	2004      	movs	r0, #4
10005520:	4381      	bics	r1, r0
10005522:	5499      	strb	r1, [r3, r2]
10005524:	3201      	adds	r2, #1
10005526:	5c99      	ldrb	r1, [r3, r2]
10005528:	43a1      	bics	r1, r4
1000552a:	5499      	strb	r1, [r3, r2]
1000552c:	5c99      	ldrb	r1, [r3, r2]
1000552e:	4381      	bics	r1, r0
10005530:	5499      	strb	r1, [r3, r2]
10005532:	ab01      	add	r3, sp, #4
10005534:	7818      	ldrb	r0, [r3, #0]
10005536:	a902      	add	r1, sp, #8
10005538:	f7ff fdc6 	bl	100050c8 <process_control_request>
1000553c:	2800      	cmp	r0, #0
1000553e:	d110      	bne.n	10005562 <tud_task_ext+0xaa>
10005540:	ac01      	add	r4, sp, #4
10005542:	7820      	ldrb	r0, [r4, #0]
10005544:	2100      	movs	r1, #0
10005546:	f7ff f9db 	bl	10004900 <dcd_edpt_stall>
1000554a:	7820      	ldrb	r0, [r4, #0]
1000554c:	2180      	movs	r1, #128	@ 0x80
1000554e:	f7ff f9d7 	bl	10004900 <dcd_edpt_stall>
10005552:	e006      	b.n	10005562 <tud_task_ext+0xaa>
10005554:	ac01      	add	r4, sp, #4
10005556:	7820      	ldrb	r0, [r4, #0]
10005558:	f7ff faa2 	bl	10004aa0 <usbd_reset>
1000555c:	7922      	ldrb	r2, [r4, #4]
1000555e:	4b46      	ldr	r3, [pc, #280]	@ (10005678 <tud_task_ext+0x1c0>)
10005560:	709a      	strb	r2, [r3, #2]
10005562:	4b47      	ldr	r3, [pc, #284]	@ (10005680 <tud_task_ext+0x1c8>)
10005564:	681c      	ldr	r4, [r3, #0]
10005566:	6962      	ldr	r2, [r4, #20]
10005568:	f3ef 8110 	mrs	r1, PRIMASK
1000556c:	b672      	cpsid	i
1000556e:	6813      	ldr	r3, [r2, #0]
10005570:	2b00      	cmp	r3, #0
10005572:	d0fc      	beq.n	1000556e <tud_task_ext+0xb6>
10005574:	f3bf 8f5f 	dmb	sy
10005578:	61a1      	str	r1, [r4, #24]
1000557a:	a901      	add	r1, sp, #4
1000557c:	0020      	movs	r0, r4
1000557e:	f001 f84f 	bl	10006620 <tu_fifo_read>
10005582:	6962      	ldr	r2, [r4, #20]
10005584:	69a3      	ldr	r3, [r4, #24]
10005586:	f3bf 8f5f 	dmb	sy
1000558a:	2100      	movs	r1, #0
1000558c:	6011      	str	r1, [r2, #0]
1000558e:	f383 8810 	msr	PRIMASK, r3
10005592:	2800      	cmp	r0, #0
10005594:	d100      	bne.n	10005598 <tud_task_ext+0xe0>
10005596:	e795      	b.n	100054c4 <tud_task_ext+0xc>
10005598:	ab01      	add	r3, sp, #4
1000559a:	785b      	ldrb	r3, [r3, #1]
1000559c:	2b05      	cmp	r3, #5
1000559e:	d053      	beq.n	10005648 <tud_task_ext+0x190>
100055a0:	d89f      	bhi.n	100054e2 <tud_task_ext+0x2a>
100055a2:	2b03      	cmp	r3, #3
100055a4:	d05f      	beq.n	10005666 <tud_task_ext+0x1ae>
100055a6:	d88f      	bhi.n	100054c8 <tud_task_ext+0x10>
100055a8:	2b01      	cmp	r3, #1
100055aa:	d0d3      	beq.n	10005554 <tud_task_ext+0x9c>
100055ac:	2b02      	cmp	r3, #2
100055ae:	d1d8      	bne.n	10005562 <tud_task_ext+0xaa>
100055b0:	ab01      	add	r3, sp, #4
100055b2:	7818      	ldrb	r0, [r3, #0]
100055b4:	f7ff fa74 	bl	10004aa0 <usbd_reset>
100055b8:	f7ff fbcf 	bl	10004d5a <tud_umount_cb>
100055bc:	e7d1      	b.n	10005562 <tud_task_ext+0xaa>
100055be:	4931      	ldr	r1, [pc, #196]	@ (10005684 <tud_task_ext+0x1cc>)
100055c0:	4831      	ldr	r0, [pc, #196]	@ (10005688 <tud_task_ext+0x1d0>)
100055c2:	4a32      	ldr	r2, [pc, #200]	@ (1000568c <tud_task_ext+0x1d4>)
100055c4:	f7fe fca2 	bl	10003f0c <__wrap_printf>
100055c8:	e77c      	b.n	100054c4 <tud_task_ext+0xc>
100055ca:	ab01      	add	r3, sp, #4
100055cc:	7919      	ldrb	r1, [r3, #4]
100055ce:	227f      	movs	r2, #127	@ 0x7f
100055d0:	400a      	ands	r2, r1
100055d2:	09cc      	lsrs	r4, r1, #7
100055d4:	4b28      	ldr	r3, [pc, #160]	@ (10005678 <tud_task_ext+0x1c0>)
100055d6:	0050      	lsls	r0, r2, #1
100055d8:	181b      	adds	r3, r3, r0
100055da:	191b      	adds	r3, r3, r4
100055dc:	3330      	adds	r3, #48	@ 0x30
100055de:	7918      	ldrb	r0, [r3, #4]
100055e0:	2501      	movs	r5, #1
100055e2:	43a8      	bics	r0, r5
100055e4:	7118      	strb	r0, [r3, #4]
100055e6:	7918      	ldrb	r0, [r3, #4]
100055e8:	3503      	adds	r5, #3
100055ea:	43a8      	bics	r0, r5
100055ec:	7118      	strb	r0, [r3, #4]
100055ee:	2a00      	cmp	r2, #0
100055f0:	d015      	beq.n	1000561e <tud_task_ext+0x166>
100055f2:	4b21      	ldr	r3, [pc, #132]	@ (10005678 <tud_task_ext+0x1c0>)
100055f4:	0052      	lsls	r2, r2, #1
100055f6:	189b      	adds	r3, r3, r2
100055f8:	191b      	adds	r3, r3, r4
100055fa:	7d1b      	ldrb	r3, [r3, #20]
100055fc:	4a24      	ldr	r2, [pc, #144]	@ (10005690 <tud_task_ext+0x1d8>)
100055fe:	7812      	ldrb	r2, [r2, #0]
10005600:	4293      	cmp	r3, r2
10005602:	d213      	bcs.n	1000562c <tud_task_ext+0x174>
10005604:	4a23      	ldr	r2, [pc, #140]	@ (10005694 <tud_task_ext+0x1dc>)
10005606:	6812      	ldr	r2, [r2, #0]
10005608:	015b      	lsls	r3, r3, #5
1000560a:	18d3      	adds	r3, r2, r3
1000560c:	2b00      	cmp	r3, #0
1000560e:	d014      	beq.n	1000563a <tud_task_ext+0x182>
10005610:	699c      	ldr	r4, [r3, #24]
10005612:	a801      	add	r0, sp, #4
10005614:	7942      	ldrb	r2, [r0, #5]
10005616:	9b03      	ldr	r3, [sp, #12]
10005618:	7800      	ldrb	r0, [r0, #0]
1000561a:	47a0      	blx	r4
1000561c:	e7a1      	b.n	10005562 <tud_task_ext+0xaa>
1000561e:	a801      	add	r0, sp, #4
10005620:	7942      	ldrb	r2, [r0, #5]
10005622:	9b03      	ldr	r3, [sp, #12]
10005624:	7800      	ldrb	r0, [r0, #0]
10005626:	f000 f8f5 	bl	10005814 <usbd_control_xfer_cb>
1000562a:	e79a      	b.n	10005562 <tud_task_ext+0xaa>
1000562c:	4293      	cmp	r3, r2
1000562e:	d804      	bhi.n	1000563a <tud_task_ext+0x182>
10005630:	1a9b      	subs	r3, r3, r2
10005632:	015b      	lsls	r3, r3, #5
10005634:	4a18      	ldr	r2, [pc, #96]	@ (10005698 <tud_task_ext+0x1e0>)
10005636:	189b      	adds	r3, r3, r2
10005638:	e7ea      	b.n	10005610 <tud_task_ext+0x158>
1000563a:	22a4      	movs	r2, #164	@ 0xa4
1000563c:	4911      	ldr	r1, [pc, #68]	@ (10005684 <tud_task_ext+0x1cc>)
1000563e:	4812      	ldr	r0, [pc, #72]	@ (10005688 <tud_task_ext+0x1d0>)
10005640:	0092      	lsls	r2, r2, #2
10005642:	f7fe fc63 	bl	10003f0c <__wrap_printf>
10005646:	e73d      	b.n	100054c4 <tud_task_ext+0xc>
10005648:	4b0b      	ldr	r3, [pc, #44]	@ (10005678 <tud_task_ext+0x1c0>)
1000564a:	781b      	ldrb	r3, [r3, #0]
1000564c:	07db      	lsls	r3, r3, #31
1000564e:	d400      	bmi.n	10005652 <tud_task_ext+0x19a>
10005650:	e787      	b.n	10005562 <tud_task_ext+0xaa>
10005652:	f7ff fb84 	bl	10004d5e <tud_resume_cb>
10005656:	e784      	b.n	10005562 <tud_task_ext+0xaa>
10005658:	9b02      	ldr	r3, [sp, #8]
1000565a:	2b00      	cmp	r3, #0
1000565c:	d100      	bne.n	10005660 <tud_task_ext+0x1a8>
1000565e:	e780      	b.n	10005562 <tud_task_ext+0xaa>
10005660:	9803      	ldr	r0, [sp, #12]
10005662:	4798      	blx	r3
10005664:	e77d      	b.n	10005562 <tud_task_ext+0xaa>
10005666:	4b04      	ldr	r3, [pc, #16]	@ (10005678 <tud_task_ext+0x1c0>)
10005668:	78db      	ldrb	r3, [r3, #3]
1000566a:	07db      	lsls	r3, r3, #31
1000566c:	d400      	bmi.n	10005670 <tud_task_ext+0x1b8>
1000566e:	e778      	b.n	10005562 <tud_task_ext+0xaa>
10005670:	9802      	ldr	r0, [sp, #8]
10005672:	f7ff faf2 	bl	10004c5a <tud_sof_cb>
10005676:	e774      	b.n	10005562 <tud_task_ext+0xaa>
10005678:	20000ff8 	.word	0x20000ff8
1000567c:	200018d7 	.word	0x200018d7
10005680:	20001050 	.word	0x20001050
10005684:	10007d3c 	.word	0x10007d3c
10005688:	100077e4 	.word	0x100077e4
1000568c:	00000265 	.word	0x00000265
10005690:	200018d5 	.word	0x200018d5
10005694:	20000e48 	.word	0x20000e48
10005698:	10007d5c 	.word	0x10007d5c

1000569c <status_stage_xact>:
1000569c:	b510      	push	{r4, lr}
1000569e:	2300      	movs	r3, #0
100056a0:	56cb      	ldrsb	r3, [r1, r3]
100056a2:	2b00      	cmp	r3, #0
100056a4:	db05      	blt.n	100056b2 <status_stage_xact+0x16>
100056a6:	2180      	movs	r1, #128	@ 0x80
100056a8:	2300      	movs	r3, #0
100056aa:	2200      	movs	r2, #0
100056ac:	f7ff fc8a 	bl	10004fc4 <usbd_edpt_xfer>
100056b0:	bd10      	pop	{r4, pc}
100056b2:	2100      	movs	r1, #0
100056b4:	e7f8      	b.n	100056a8 <status_stage_xact+0xc>
	...

100056b8 <data_stage_xact>:
100056b8:	b5f8      	push	{r3, r4, r5, r6, r7, lr}
100056ba:	0007      	movs	r7, r0
100056bc:	4b14      	ldr	r3, [pc, #80]	@ (10005710 <data_stage_xact+0x58>)
100056be:	899e      	ldrh	r6, [r3, #12]
100056c0:	89dd      	ldrh	r5, [r3, #14]
100056c2:	1b73      	subs	r3, r6, r5
100056c4:	b29b      	uxth	r3, r3
100056c6:	1c1c      	adds	r4, r3, #0
100056c8:	2b40      	cmp	r3, #64	@ 0x40
100056ca:	d900      	bls.n	100056ce <data_stage_xact+0x16>
100056cc:	2440      	movs	r4, #64	@ 0x40
100056ce:	b2a4      	uxth	r4, r4
100056d0:	4b0f      	ldr	r3, [pc, #60]	@ (10005710 <data_stage_xact+0x58>)
100056d2:	781b      	ldrb	r3, [r3, #0]
100056d4:	b25b      	sxtb	r3, r3
100056d6:	2b00      	cmp	r3, #0
100056d8:	db08      	blt.n	100056ec <data_stage_xact+0x34>
100056da:	2100      	movs	r1, #0
100056dc:	42ae      	cmp	r6, r5
100056de:	d013      	beq.n	10005708 <data_stage_xact+0x50>
100056e0:	4a0c      	ldr	r2, [pc, #48]	@ (10005714 <data_stage_xact+0x5c>)
100056e2:	0023      	movs	r3, r4
100056e4:	0038      	movs	r0, r7
100056e6:	f7ff fc6d 	bl	10004fc4 <usbd_edpt_xfer>
100056ea:	bdf8      	pop	{r3, r4, r5, r6, r7, pc}
100056ec:	42ae      	cmp	r6, r5
100056ee:	d009      	beq.n	10005704 <data_stage_xact+0x4c>
100056f0:	4b07      	ldr	r3, [pc, #28]	@ (10005710 <data_stage_xact+0x58>)
100056f2:	6899      	ldr	r1, [r3, #8]
100056f4:	2c40      	cmp	r4, #64	@ 0x40
100056f6:	d809      	bhi.n	1000570c <data_stage_xact+0x54>
100056f8:	4806      	ldr	r0, [pc, #24]	@ (10005714 <data_stage_xact+0x5c>)
100056fa:	0022      	movs	r2, r4
100056fc:	f7fd f99a 	bl	10002a34 <__wrap___aeabi_memcpy>
10005700:	2180      	movs	r1, #128	@ 0x80
10005702:	e7eb      	b.n	100056dc <data_stage_xact+0x24>
10005704:	2180      	movs	r1, #128	@ 0x80
10005706:	e7e9      	b.n	100056dc <data_stage_xact+0x24>
10005708:	2200      	movs	r2, #0
1000570a:	e7ea      	b.n	100056e2 <data_stage_xact+0x2a>
1000570c:	2000      	movs	r0, #0
1000570e:	e7ec      	b.n	100056ea <data_stage_xact+0x32>
10005710:	20000fd8 	.word	0x20000fd8
10005714:	20000f98 	.word	0x20000f98

10005718 <tud_control_status>:
10005718:	b570      	push	{r4, r5, r6, lr}
1000571a:	0006      	movs	r6, r0
1000571c:	000d      	movs	r5, r1
1000571e:	4c07      	ldr	r4, [pc, #28]	@ (1000573c <tud_control_status+0x24>)
10005720:	2208      	movs	r2, #8
10005722:	0020      	movs	r0, r4
10005724:	f7fd f986 	bl	10002a34 <__wrap___aeabi_memcpy>
10005728:	2300      	movs	r3, #0
1000572a:	60a3      	str	r3, [r4, #8]
1000572c:	81e3      	strh	r3, [r4, #14]
1000572e:	81a3      	strh	r3, [r4, #12]
10005730:	0029      	movs	r1, r5
10005732:	0030      	movs	r0, r6
10005734:	f7ff ffb2 	bl	1000569c <status_stage_xact>
10005738:	bd70      	pop	{r4, r5, r6, pc}
1000573a:	46c0      	nop			@ (mov r8, r8)
1000573c:	20000fd8 	.word	0x20000fd8

10005740 <tud_control_xfer>:
10005740:	b5f0      	push	{r4, r5, r6, r7, lr}
10005742:	46c6      	mov	lr, r8
10005744:	b500      	push	{lr}
10005746:	4680      	mov	r8, r0
10005748:	000c      	movs	r4, r1
1000574a:	0017      	movs	r7, r2
1000574c:	001e      	movs	r6, r3
1000574e:	4d1f      	ldr	r5, [pc, #124]	@ (100057cc <tud_control_xfer+0x8c>)
10005750:	2208      	movs	r2, #8
10005752:	0028      	movs	r0, r5
10005754:	f7fd f96e 	bl	10002a34 <__wrap___aeabi_memcpy>
10005758:	60af      	str	r7, [r5, #8]
1000575a:	2300      	movs	r3, #0
1000575c:	81eb      	strh	r3, [r5, #14]
1000575e:	79a3      	ldrb	r3, [r4, #6]
10005760:	79e1      	ldrb	r1, [r4, #7]
10005762:	0209      	lsls	r1, r1, #8
10005764:	4319      	orrs	r1, r3
10005766:	1c0b      	adds	r3, r1, #0
10005768:	42b1      	cmp	r1, r6
1000576a:	d900      	bls.n	1000576e <tud_control_xfer+0x2e>
1000576c:	1c33      	adds	r3, r6, #0
1000576e:	b299      	uxth	r1, r3
10005770:	4a16      	ldr	r2, [pc, #88]	@ (100057cc <tud_control_xfer+0x8c>)
10005772:	8193      	strh	r3, [r2, #12]
10005774:	79a2      	ldrb	r2, [r4, #6]
10005776:	79e3      	ldrb	r3, [r4, #7]
10005778:	021b      	lsls	r3, r3, #8
1000577a:	4313      	orrs	r3, r2
1000577c:	d019      	beq.n	100057b2 <tud_control_xfer+0x72>
1000577e:	2900      	cmp	r1, #0
10005780:	d001      	beq.n	10005786 <tud_control_xfer+0x46>
10005782:	2f00      	cmp	r7, #0
10005784:	d008      	beq.n	10005798 <tud_control_xfer+0x58>
10005786:	4640      	mov	r0, r8
10005788:	f7ff ff96 	bl	100056b8 <data_stage_xact>
1000578c:	1e04      	subs	r4, r0, #0
1000578e:	d00a      	beq.n	100057a6 <tud_control_xfer+0x66>
10005790:	0020      	movs	r0, r4
10005792:	bc80      	pop	{r7}
10005794:	46b8      	mov	r8, r7
10005796:	bdf0      	pop	{r4, r5, r6, r7, pc}
10005798:	490d      	ldr	r1, [pc, #52]	@ (100057d0 <tud_control_xfer+0x90>)
1000579a:	480e      	ldr	r0, [pc, #56]	@ (100057d4 <tud_control_xfer+0x94>)
1000579c:	2272      	movs	r2, #114	@ 0x72
1000579e:	f7fe fbb5 	bl	10003f0c <__wrap_printf>
100057a2:	2400      	movs	r4, #0
100057a4:	e7f4      	b.n	10005790 <tud_control_xfer+0x50>
100057a6:	490a      	ldr	r1, [pc, #40]	@ (100057d0 <tud_control_xfer+0x90>)
100057a8:	480a      	ldr	r0, [pc, #40]	@ (100057d4 <tud_control_xfer+0x94>)
100057aa:	2274      	movs	r2, #116	@ 0x74
100057ac:	f7fe fbae 	bl	10003f0c <__wrap_printf>
100057b0:	e7ee      	b.n	10005790 <tud_control_xfer+0x50>
100057b2:	0021      	movs	r1, r4
100057b4:	4640      	mov	r0, r8
100057b6:	f7ff ff71 	bl	1000569c <status_stage_xact>
100057ba:	1e04      	subs	r4, r0, #0
100057bc:	d1e8      	bne.n	10005790 <tud_control_xfer+0x50>
100057be:	4904      	ldr	r1, [pc, #16]	@ (100057d0 <tud_control_xfer+0x90>)
100057c0:	4804      	ldr	r0, [pc, #16]	@ (100057d4 <tud_control_xfer+0x94>)
100057c2:	2276      	movs	r2, #118	@ 0x76
100057c4:	f7fe fba2 	bl	10003f0c <__wrap_printf>
100057c8:	e7e2      	b.n	10005790 <tud_control_xfer+0x50>
100057ca:	46c0      	nop			@ (mov r8, r8)
100057cc:	20000fd8 	.word	0x20000fd8
100057d0:	10007d94 	.word	0x10007d94
100057d4:	100077e4 	.word	0x100077e4

100057d8 <usbd_control_reset>:
100057d8:	b510      	push	{r4, lr}
100057da:	4803      	ldr	r0, [pc, #12]	@ (100057e8 <usbd_control_reset+0x10>)
100057dc:	2214      	movs	r2, #20
100057de:	2100      	movs	r1, #0
100057e0:	f7fd f922 	bl	10002a28 <__wrap_memset>
100057e4:	bd10      	pop	{r4, pc}
100057e6:	46c0      	nop			@ (mov r8, r8)
100057e8:	20000fd8 	.word	0x20000fd8

100057ec <usbd_control_set_complete_callback>:
100057ec:	4b01      	ldr	r3, [pc, #4]	@ (100057f4 <usbd_control_set_complete_callback+0x8>)
100057ee:	6118      	str	r0, [r3, #16]
100057f0:	4770      	bx	lr
100057f2:	46c0      	nop			@ (mov r8, r8)
100057f4:	20000fd8 	.word	0x20000fd8

100057f8 <usbd_control_set_request>:
100057f8:	b510      	push	{r4, lr}
100057fa:	0001      	movs	r1, r0
100057fc:	4c04      	ldr	r4, [pc, #16]	@ (10005810 <usbd_control_set_request+0x18>)
100057fe:	2208      	movs	r2, #8
10005800:	0020      	movs	r0, r4
10005802:	f7fd f917 	bl	10002a34 <__wrap___aeabi_memcpy>
10005806:	2300      	movs	r3, #0
10005808:	60a3      	str	r3, [r4, #8]
1000580a:	81e3      	strh	r3, [r4, #14]
1000580c:	81a3      	strh	r3, [r4, #12]
1000580e:	bd10      	pop	{r4, pc}
10005810:	20000fd8 	.word	0x20000fd8

10005814 <usbd_control_xfer_cb>:
10005814:	b570      	push	{r4, r5, r6, lr}
10005816:	0005      	movs	r5, r0
10005818:	001a      	movs	r2, r3
1000581a:	001c      	movs	r4, r3
1000581c:	09c9      	lsrs	r1, r1, #7
1000581e:	4b34      	ldr	r3, [pc, #208]	@ (100058f0 <usbd_control_xfer_cb+0xdc>)
10005820:	781b      	ldrb	r3, [r3, #0]
10005822:	09db      	lsrs	r3, r3, #7
10005824:	428b      	cmp	r3, r1
10005826:	d019      	beq.n	1000585c <usbd_control_xfer_cb+0x48>
10005828:	2a00      	cmp	r2, #0
1000582a:	d008      	beq.n	1000583e <usbd_control_xfer_cb+0x2a>
1000582c:	4931      	ldr	r1, [pc, #196]	@ (100058f4 <usbd_control_xfer_cb+0xe0>)
1000582e:	4832      	ldr	r0, [pc, #200]	@ (100058f8 <usbd_control_xfer_cb+0xe4>)
10005830:	229d      	movs	r2, #157	@ 0x9d
10005832:	f7fe fb6b 	bl	10003f0c <__wrap_printf>
10005836:	2300      	movs	r3, #0
10005838:	001c      	movs	r4, r3
1000583a:	0020      	movs	r0, r4
1000583c:	bd70      	pop	{r4, r5, r6, pc}
1000583e:	4b2c      	ldr	r3, [pc, #176]	@ (100058f0 <usbd_control_xfer_cb+0xdc>)
10005840:	001c      	movs	r4, r3
10005842:	0019      	movs	r1, r3
10005844:	f7ff f814 	bl	10004870 <dcd_edpt0_status_complete>
10005848:	6923      	ldr	r3, [r4, #16]
1000584a:	2b00      	cmp	r3, #0
1000584c:	d003      	beq.n	10005856 <usbd_control_xfer_cb+0x42>
1000584e:	4a28      	ldr	r2, [pc, #160]	@ (100058f0 <usbd_control_xfer_cb+0xdc>)
10005850:	2103      	movs	r1, #3
10005852:	0028      	movs	r0, r5
10005854:	4798      	blx	r3
10005856:	2301      	movs	r3, #1
10005858:	001c      	movs	r4, r3
1000585a:	e7ee      	b.n	1000583a <usbd_control_xfer_cb+0x26>
1000585c:	4b24      	ldr	r3, [pc, #144]	@ (100058f0 <usbd_control_xfer_cb+0xdc>)
1000585e:	781b      	ldrb	r3, [r3, #0]
10005860:	b25b      	sxtb	r3, r3
10005862:	2b00      	cmp	r3, #0
10005864:	db06      	blt.n	10005874 <usbd_control_xfer_cb+0x60>
10005866:	4b22      	ldr	r3, [pc, #136]	@ (100058f0 <usbd_control_xfer_cb+0xdc>)
10005868:	6898      	ldr	r0, [r3, #8]
1000586a:	2800      	cmp	r0, #0
1000586c:	d03d      	beq.n	100058ea <usbd_control_xfer_cb+0xd6>
1000586e:	4923      	ldr	r1, [pc, #140]	@ (100058fc <usbd_control_xfer_cb+0xe8>)
10005870:	f7fd f8e0 	bl	10002a34 <__wrap___aeabi_memcpy>
10005874:	4a1e      	ldr	r2, [pc, #120]	@ (100058f0 <usbd_control_xfer_cb+0xdc>)
10005876:	89d3      	ldrh	r3, [r2, #14]
10005878:	b2a1      	uxth	r1, r4
1000587a:	185b      	adds	r3, r3, r1
1000587c:	b29b      	uxth	r3, r3
1000587e:	81d3      	strh	r3, [r2, #14]
10005880:	6891      	ldr	r1, [r2, #8]
10005882:	46a4      	mov	ip, r4
10005884:	4461      	add	r1, ip
10005886:	6091      	str	r1, [r2, #8]
10005888:	88d2      	ldrh	r2, [r2, #6]
1000588a:	4293      	cmp	r3, r2
1000588c:	d001      	beq.n	10005892 <usbd_control_xfer_cb+0x7e>
1000588e:	2c3f      	cmp	r4, #63	@ 0x3f
10005890:	d820      	bhi.n	100058d4 <usbd_control_xfer_cb+0xc0>
10005892:	4b17      	ldr	r3, [pc, #92]	@ (100058f0 <usbd_control_xfer_cb+0xdc>)
10005894:	691b      	ldr	r3, [r3, #16]
10005896:	2b00      	cmp	r3, #0
10005898:	d005      	beq.n	100058a6 <usbd_control_xfer_cb+0x92>
1000589a:	4a15      	ldr	r2, [pc, #84]	@ (100058f0 <usbd_control_xfer_cb+0xdc>)
1000589c:	2102      	movs	r1, #2
1000589e:	0028      	movs	r0, r5
100058a0:	4798      	blx	r3
100058a2:	2800      	cmp	r0, #0
100058a4:	d00b      	beq.n	100058be <usbd_control_xfer_cb+0xaa>
100058a6:	4912      	ldr	r1, [pc, #72]	@ (100058f0 <usbd_control_xfer_cb+0xdc>)
100058a8:	0028      	movs	r0, r5
100058aa:	f7ff fef7 	bl	1000569c <status_stage_xact>
100058ae:	1e04      	subs	r4, r0, #0
100058b0:	d1c3      	bne.n	1000583a <usbd_control_xfer_cb+0x26>
100058b2:	4910      	ldr	r1, [pc, #64]	@ (100058f4 <usbd_control_xfer_cb+0xe0>)
100058b4:	4810      	ldr	r0, [pc, #64]	@ (100058f8 <usbd_control_xfer_cb+0xe4>)
100058b6:	22c5      	movs	r2, #197	@ 0xc5
100058b8:	f7fe fb28 	bl	10003f0c <__wrap_printf>
100058bc:	e7bd      	b.n	1000583a <usbd_control_xfer_cb+0x26>
100058be:	2100      	movs	r1, #0
100058c0:	0028      	movs	r0, r5
100058c2:	f7ff f81d 	bl	10004900 <dcd_edpt_stall>
100058c6:	2180      	movs	r1, #128	@ 0x80
100058c8:	0028      	movs	r0, r5
100058ca:	f7ff f819 	bl	10004900 <dcd_edpt_stall>
100058ce:	2301      	movs	r3, #1
100058d0:	001c      	movs	r4, r3
100058d2:	e7b2      	b.n	1000583a <usbd_control_xfer_cb+0x26>
100058d4:	0028      	movs	r0, r5
100058d6:	f7ff feef 	bl	100056b8 <data_stage_xact>
100058da:	1e04      	subs	r4, r0, #0
100058dc:	d1ad      	bne.n	1000583a <usbd_control_xfer_cb+0x26>
100058de:	4905      	ldr	r1, [pc, #20]	@ (100058f4 <usbd_control_xfer_cb+0xe0>)
100058e0:	4805      	ldr	r0, [pc, #20]	@ (100058f8 <usbd_control_xfer_cb+0xe4>)
100058e2:	22cd      	movs	r2, #205	@ 0xcd
100058e4:	f7fe fb12 	bl	10003f0c <__wrap_printf>
100058e8:	e7a7      	b.n	1000583a <usbd_control_xfer_cb+0x26>
100058ea:	2300      	movs	r3, #0
100058ec:	001c      	movs	r4, r3
100058ee:	e7a4      	b.n	1000583a <usbd_control_xfer_cb+0x26>
100058f0:	20000fd8 	.word	0x20000fd8
100058f4:	10007d7c 	.word	0x10007d7c
100058f8:	100077e4 	.word	0x100077e4
100058fc:	20000f98 	.word	0x20000f98

10005900 <_prep_out_transaction>:
10005900:	b570      	push	{r4, r5, r6, lr}
10005902:	0004      	movs	r4, r0
10005904:	f7ff fa2c 	bl	10004d60 <tud_mounted>
10005908:	2800      	cmp	r0, #0
1000590a:	d103      	bne.n	10005914 <_prep_out_transaction+0x14>
1000590c:	2300      	movs	r3, #0
1000590e:	001e      	movs	r6, r3
10005910:	0030      	movs	r0, r6
10005912:	bd70      	pop	{r4, r5, r6, pc}
10005914:	f7ff fa2c 	bl	10004d70 <tud_suspended>
10005918:	1e06      	subs	r6, r0, #0
1000591a:	d1f7      	bne.n	1000590c <_prep_out_transaction+0xc>
1000591c:	4b1c      	ldr	r3, [pc, #112]	@ (10005990 <_prep_out_transaction+0x90>)
1000591e:	22c8      	movs	r2, #200	@ 0xc8
10005920:	4362      	muls	r2, r4
10005922:	189b      	adds	r3, r3, r2
10005924:	78db      	ldrb	r3, [r3, #3]
10005926:	2b00      	cmp	r3, #0
10005928:	d0f0      	beq.n	1000590c <_prep_out_transaction+0xc>
1000592a:	23c8      	movs	r3, #200	@ 0xc8
1000592c:	4363      	muls	r3, r4
1000592e:	3310      	adds	r3, #16
10005930:	4a17      	ldr	r2, [pc, #92]	@ (10005990 <_prep_out_transaction+0x90>)
10005932:	189b      	adds	r3, r3, r2
10005934:	001d      	movs	r5, r3
10005936:	0018      	movs	r0, r3
10005938:	f000 fe5b 	bl	100065f2 <tu_fifo_remaining>
1000593c:	283f      	cmp	r0, #63	@ 0x3f
1000593e:	d9e7      	bls.n	10005910 <_prep_out_transaction+0x10>
10005940:	4b13      	ldr	r3, [pc, #76]	@ (10005990 <_prep_out_transaction+0x90>)
10005942:	22c8      	movs	r2, #200	@ 0xc8
10005944:	4362      	muls	r2, r4
10005946:	189b      	adds	r3, r3, r2
10005948:	78d9      	ldrb	r1, [r3, #3]
1000594a:	2000      	movs	r0, #0
1000594c:	f7ff fb12 	bl	10004f74 <usbd_edpt_claim>
10005950:	2800      	cmp	r0, #0
10005952:	d101      	bne.n	10005958 <_prep_out_transaction+0x58>
10005954:	0006      	movs	r6, r0
10005956:	e7db      	b.n	10005910 <_prep_out_transaction+0x10>
10005958:	0028      	movs	r0, r5
1000595a:	f000 fe4a 	bl	100065f2 <tu_fifo_remaining>
1000595e:	283f      	cmp	r0, #63	@ 0x3f
10005960:	d90d      	bls.n	1000597e <_prep_out_transaction+0x7e>
10005962:	01e2      	lsls	r2, r4, #7
10005964:	4b0b      	ldr	r3, [pc, #44]	@ (10005994 <_prep_out_transaction+0x94>)
10005966:	18d2      	adds	r2, r2, r3
10005968:	4b09      	ldr	r3, [pc, #36]	@ (10005990 <_prep_out_transaction+0x90>)
1000596a:	21c8      	movs	r1, #200	@ 0xc8
1000596c:	4361      	muls	r1, r4
1000596e:	185b      	adds	r3, r3, r1
10005970:	78d9      	ldrb	r1, [r3, #3]
10005972:	2340      	movs	r3, #64	@ 0x40
10005974:	2000      	movs	r0, #0
10005976:	f7ff fb25 	bl	10004fc4 <usbd_edpt_xfer>
1000597a:	0006      	movs	r6, r0
1000597c:	e7c8      	b.n	10005910 <_prep_out_transaction+0x10>
1000597e:	4b04      	ldr	r3, [pc, #16]	@ (10005990 <_prep_out_transaction+0x90>)
10005980:	22c8      	movs	r2, #200	@ 0xc8
10005982:	4362      	muls	r2, r4
10005984:	189b      	adds	r3, r3, r2
10005986:	78d9      	ldrb	r1, [r3, #3]
10005988:	2000      	movs	r0, #0
1000598a:	f7ff fb07 	bl	10004f9c <usbd_edpt_release>
1000598e:	e7bf      	b.n	10005910 <_prep_out_transaction+0x10>
10005990:	20000ed0 	.word	0x20000ed0
10005994:	20000e4c 	.word	0x20000e4c

10005998 <tud_cdc_n_connected>:
10005998:	b510      	push	{r4, lr}
1000599a:	0004      	movs	r4, r0
1000599c:	f7ff f9e0 	bl	10004d60 <tud_mounted>
100059a0:	2800      	cmp	r0, #0
100059a2:	d100      	bne.n	100059a6 <tud_cdc_n_connected+0xe>
100059a4:	bd10      	pop	{r4, pc}
100059a6:	f7ff f9e3 	bl	10004d70 <tud_suspended>
100059aa:	2800      	cmp	r0, #0
100059ac:	d108      	bne.n	100059c0 <tud_cdc_n_connected+0x28>
100059ae:	4b06      	ldr	r3, [pc, #24]	@ (100059c8 <tud_cdc_n_connected+0x30>)
100059b0:	22c8      	movs	r2, #200	@ 0xc8
100059b2:	4362      	muls	r2, r4
100059b4:	189b      	adds	r3, r3, r2
100059b6:	791b      	ldrb	r3, [r3, #4]
100059b8:	07db      	lsls	r3, r3, #31
100059ba:	d503      	bpl.n	100059c4 <tud_cdc_n_connected+0x2c>
100059bc:	3001      	adds	r0, #1
100059be:	e7f1      	b.n	100059a4 <tud_cdc_n_connected+0xc>
100059c0:	2000      	movs	r0, #0
100059c2:	e7ef      	b.n	100059a4 <tud_cdc_n_connected+0xc>
100059c4:	2000      	movs	r0, #0
100059c6:	e7ed      	b.n	100059a4 <tud_cdc_n_connected+0xc>
100059c8:	20000ed0 	.word	0x20000ed0

100059cc <tud_cdc_n_available>:
100059cc:	b510      	push	{r4, lr}
100059ce:	23c8      	movs	r3, #200	@ 0xc8
100059d0:	4343      	muls	r3, r0
100059d2:	3310      	adds	r3, #16
100059d4:	4802      	ldr	r0, [pc, #8]	@ (100059e0 <tud_cdc_n_available+0x14>)
100059d6:	1818      	adds	r0, r3, r0
100059d8:	f000 fdd7 	bl	1000658a <tu_fifo_count>
100059dc:	bd10      	pop	{r4, pc}
100059de:	46c0      	nop			@ (mov r8, r8)
100059e0:	20000ed0 	.word	0x20000ed0

100059e4 <tud_cdc_n_read>:
100059e4:	b570      	push	{r4, r5, r6, lr}
100059e6:	0004      	movs	r4, r0
100059e8:	20c8      	movs	r0, #200	@ 0xc8
100059ea:	4360      	muls	r0, r4
100059ec:	0003      	movs	r3, r0
100059ee:	3310      	adds	r3, #16
100059f0:	4807      	ldr	r0, [pc, #28]	@ (10005a10 <tud_cdc_n_read+0x2c>)
100059f2:	1818      	adds	r0, r3, r0
100059f4:	4b07      	ldr	r3, [pc, #28]	@ (10005a14 <tud_cdc_n_read+0x30>)
100059f6:	429a      	cmp	r2, r3
100059f8:	d808      	bhi.n	10005a0c <tud_cdc_n_read+0x28>
100059fa:	b292      	uxth	r2, r2
100059fc:	f000 fe31 	bl	10006662 <tu_fifo_read_n>
10005a00:	0005      	movs	r5, r0
10005a02:	0020      	movs	r0, r4
10005a04:	f7ff ff7c 	bl	10005900 <_prep_out_transaction>
10005a08:	0028      	movs	r0, r5
10005a0a:	bd70      	pop	{r4, r5, r6, pc}
10005a0c:	4a02      	ldr	r2, [pc, #8]	@ (10005a18 <tud_cdc_n_read+0x34>)
10005a0e:	e7f5      	b.n	100059fc <tud_cdc_n_read+0x18>
10005a10:	20000ed0 	.word	0x20000ed0
10005a14:	0000fffe 	.word	0x0000fffe
10005a18:	0000ffff 	.word	0x0000ffff

10005a1c <tud_cdc_n_write_flush>:
10005a1c:	b570      	push	{r4, r5, r6, lr}
10005a1e:	0004      	movs	r4, r0
10005a20:	f7ff f99e 	bl	10004d60 <tud_mounted>
10005a24:	2800      	cmp	r0, #0
10005a26:	d101      	bne.n	10005a2c <tud_cdc_n_write_flush+0x10>
10005a28:	2000      	movs	r0, #0
10005a2a:	bd70      	pop	{r4, r5, r6, pc}
10005a2c:	f7ff f9a0 	bl	10004d70 <tud_suspended>
10005a30:	2800      	cmp	r0, #0
10005a32:	d1f9      	bne.n	10005a28 <tud_cdc_n_write_flush+0xc>
10005a34:	23c8      	movs	r3, #200	@ 0xc8
10005a36:	4363      	muls	r3, r4
10005a38:	3320      	adds	r3, #32
10005a3a:	4a1e      	ldr	r2, [pc, #120]	@ (10005ab4 <tud_cdc_n_write_flush+0x98>)
10005a3c:	189b      	adds	r3, r3, r2
10005a3e:	3304      	adds	r3, #4
10005a40:	001e      	movs	r6, r3
10005a42:	0018      	movs	r0, r3
10005a44:	f000 fda1 	bl	1000658a <tu_fifo_count>
10005a48:	2800      	cmp	r0, #0
10005a4a:	d0ee      	beq.n	10005a2a <tud_cdc_n_write_flush+0xe>
10005a4c:	4b19      	ldr	r3, [pc, #100]	@ (10005ab4 <tud_cdc_n_write_flush+0x98>)
10005a4e:	22c8      	movs	r2, #200	@ 0xc8
10005a50:	4362      	muls	r2, r4
10005a52:	189b      	adds	r3, r3, r2
10005a54:	7899      	ldrb	r1, [r3, #2]
10005a56:	2000      	movs	r0, #0
10005a58:	f7ff fa8c 	bl	10004f74 <usbd_edpt_claim>
10005a5c:	2800      	cmp	r0, #0
10005a5e:	d0e4      	beq.n	10005a2a <tud_cdc_n_write_flush+0xe>
10005a60:	01e3      	lsls	r3, r4, #7
10005a62:	3340      	adds	r3, #64	@ 0x40
10005a64:	4a14      	ldr	r2, [pc, #80]	@ (10005ab8 <tud_cdc_n_write_flush+0x9c>)
10005a66:	189b      	adds	r3, r3, r2
10005a68:	001d      	movs	r5, r3
10005a6a:	2240      	movs	r2, #64	@ 0x40
10005a6c:	0019      	movs	r1, r3
10005a6e:	0030      	movs	r0, r6
10005a70:	f000 fdf7 	bl	10006662 <tu_fifo_read_n>
10005a74:	1e06      	subs	r6, r0, #0
10005a76:	d014      	beq.n	10005aa2 <tud_cdc_n_write_flush+0x86>
10005a78:	4b0e      	ldr	r3, [pc, #56]	@ (10005ab4 <tud_cdc_n_write_flush+0x98>)
10005a7a:	22c8      	movs	r2, #200	@ 0xc8
10005a7c:	4362      	muls	r2, r4
10005a7e:	189b      	adds	r3, r3, r2
10005a80:	7899      	ldrb	r1, [r3, #2]
10005a82:	0003      	movs	r3, r0
10005a84:	002a      	movs	r2, r5
10005a86:	2000      	movs	r0, #0
10005a88:	f7ff fa9c 	bl	10004fc4 <usbd_edpt_xfer>
10005a8c:	2800      	cmp	r0, #0
10005a8e:	d001      	beq.n	10005a94 <tud_cdc_n_write_flush+0x78>
10005a90:	0030      	movs	r0, r6
10005a92:	e7ca      	b.n	10005a2a <tud_cdc_n_write_flush+0xe>
10005a94:	4909      	ldr	r1, [pc, #36]	@ (10005abc <tud_cdc_n_write_flush+0xa0>)
10005a96:	480a      	ldr	r0, [pc, #40]	@ (10005ac0 <tud_cdc_n_write_flush+0xa4>)
10005a98:	22d5      	movs	r2, #213	@ 0xd5
10005a9a:	f7fe fa37 	bl	10003f0c <__wrap_printf>
10005a9e:	2000      	movs	r0, #0
10005aa0:	e7c3      	b.n	10005a2a <tud_cdc_n_write_flush+0xe>
10005aa2:	4b04      	ldr	r3, [pc, #16]	@ (10005ab4 <tud_cdc_n_write_flush+0x98>)
10005aa4:	22c8      	movs	r2, #200	@ 0xc8
10005aa6:	4362      	muls	r2, r4
10005aa8:	189b      	adds	r3, r3, r2
10005aaa:	7899      	ldrb	r1, [r3, #2]
10005aac:	f7ff fa76 	bl	10004f9c <usbd_edpt_release>
10005ab0:	2000      	movs	r0, #0
10005ab2:	e7ba      	b.n	10005a2a <tud_cdc_n_write_flush+0xe>
10005ab4:	20000ed0 	.word	0x20000ed0
10005ab8:	20000e4c 	.word	0x20000e4c
10005abc:	10007dc4 	.word	0x10007dc4
10005ac0:	100077e4 	.word	0x100077e4

10005ac4 <tud_cdc_n_write>:
10005ac4:	b570      	push	{r4, r5, r6, lr}
10005ac6:	0006      	movs	r6, r0
10005ac8:	24c8      	movs	r4, #200	@ 0xc8
10005aca:	4344      	muls	r4, r0
10005acc:	3420      	adds	r4, #32
10005ace:	4b0c      	ldr	r3, [pc, #48]	@ (10005b00 <tud_cdc_n_write+0x3c>)
10005ad0:	18e4      	adds	r4, r4, r3
10005ad2:	3404      	adds	r4, #4
10005ad4:	4b0b      	ldr	r3, [pc, #44]	@ (10005b04 <tud_cdc_n_write+0x40>)
10005ad6:	429a      	cmp	r2, r3
10005ad8:	d80b      	bhi.n	10005af2 <tud_cdc_n_write+0x2e>
10005ada:	b292      	uxth	r2, r2
10005adc:	0020      	movs	r0, r4
10005ade:	f000 fdf8 	bl	100066d2 <tu_fifo_write_n>
10005ae2:	0005      	movs	r5, r0
10005ae4:	0020      	movs	r0, r4
10005ae6:	f000 fd50 	bl	1000658a <tu_fifo_count>
10005aea:	283f      	cmp	r0, #63	@ 0x3f
10005aec:	d803      	bhi.n	10005af6 <tud_cdc_n_write+0x32>
10005aee:	0028      	movs	r0, r5
10005af0:	bd70      	pop	{r4, r5, r6, pc}
10005af2:	4a05      	ldr	r2, [pc, #20]	@ (10005b08 <tud_cdc_n_write+0x44>)
10005af4:	e7f2      	b.n	10005adc <tud_cdc_n_write+0x18>
10005af6:	0030      	movs	r0, r6
10005af8:	f7ff ff90 	bl	10005a1c <tud_cdc_n_write_flush>
10005afc:	e7f7      	b.n	10005aee <tud_cdc_n_write+0x2a>
10005afe:	46c0      	nop			@ (mov r8, r8)
10005b00:	20000ed0 	.word	0x20000ed0
10005b04:	0000fffe 	.word	0x0000fffe
10005b08:	0000ffff 	.word	0x0000ffff

10005b0c <tud_cdc_n_write_available>:
10005b0c:	b510      	push	{r4, lr}
10005b0e:	23c8      	movs	r3, #200	@ 0xc8
10005b10:	4358      	muls	r0, r3
10005b12:	3020      	adds	r0, #32
10005b14:	4b02      	ldr	r3, [pc, #8]	@ (10005b20 <tud_cdc_n_write_available+0x14>)
10005b16:	18c0      	adds	r0, r0, r3
10005b18:	3004      	adds	r0, #4
10005b1a:	f000 fd6a 	bl	100065f2 <tu_fifo_remaining>
10005b1e:	bd10      	pop	{r4, pc}
10005b20:	20000ed0 	.word	0x20000ed0

10005b24 <cdcd_init>:
10005b24:	b5f0      	push	{r4, r5, r6, r7, lr}
10005b26:	46c6      	mov	lr, r8
10005b28:	b500      	push	{lr}
10005b2a:	b082      	sub	sp, #8
10005b2c:	4824      	ldr	r0, [pc, #144]	@ (10005bc0 <cdcd_init+0x9c>)
10005b2e:	22c8      	movs	r2, #200	@ 0xc8
10005b30:	2100      	movs	r1, #0
10005b32:	f7fc ff79 	bl	10002a28 <__wrap_memset>
10005b36:	4b23      	ldr	r3, [pc, #140]	@ (10005bc4 <cdcd_init+0xa0>)
10005b38:	2200      	movs	r2, #0
10005b3a:	701a      	strb	r2, [r3, #0]
10005b3c:	2700      	movs	r7, #0
10005b3e:	2f00      	cmp	r7, #0
10005b40:	d003      	beq.n	10005b4a <cdcd_init+0x26>
10005b42:	b002      	add	sp, #8
10005b44:	bc80      	pop	{r7}
10005b46:	46b8      	mov	r8, r7
10005b48:	bdf0      	pop	{r4, r5, r6, r7, pc}
10005b4a:	4e1d      	ldr	r6, [pc, #116]	@ (10005bc0 <cdcd_init+0x9c>)
10005b4c:	24c8      	movs	r4, #200	@ 0xc8
10005b4e:	437c      	muls	r4, r7
10005b50:	1935      	adds	r5, r6, r4
10005b52:	23ff      	movs	r3, #255	@ 0xff
10005b54:	716b      	strb	r3, [r5, #5]
10005b56:	23e1      	movs	r3, #225	@ 0xe1
10005b58:	025b      	lsls	r3, r3, #9
10005b5a:	60ab      	str	r3, [r5, #8]
10005b5c:	2200      	movs	r2, #0
10005b5e:	732a      	strb	r2, [r5, #12]
10005b60:	736a      	strb	r2, [r5, #13]
10005b62:	2308      	movs	r3, #8
10005b64:	73ab      	strb	r3, [r5, #14]
10005b66:	0021      	movs	r1, r4
10005b68:	3138      	adds	r1, #56	@ 0x38
10005b6a:	1989      	adds	r1, r1, r6
10005b6c:	0020      	movs	r0, r4
10005b6e:	3010      	adds	r0, #16
10005b70:	1980      	adds	r0, r0, r6
10005b72:	9200      	str	r2, [sp, #0]
10005b74:	3b07      	subs	r3, #7
10005b76:	3240      	adds	r2, #64	@ 0x40
10005b78:	f000 fcc6 	bl	10006508 <tu_fifo_config>
10005b7c:	0021      	movs	r1, r4
10005b7e:	3178      	adds	r1, #120	@ 0x78
10005b80:	1989      	adds	r1, r1, r6
10005b82:	0020      	movs	r0, r4
10005b84:	3020      	adds	r0, #32
10005b86:	1980      	adds	r0, r0, r6
10005b88:	3004      	adds	r0, #4
10005b8a:	2301      	movs	r3, #1
10005b8c:	9300      	str	r3, [sp, #0]
10005b8e:	2240      	movs	r2, #64	@ 0x40
10005b90:	f000 fcba 	bl	10006508 <tu_fifo_config>
10005b94:	0023      	movs	r3, r4
10005b96:	33b8      	adds	r3, #184	@ 0xb8
10005b98:	199b      	adds	r3, r3, r6
10005b9a:	4698      	mov	r8, r3
10005b9c:	0018      	movs	r0, r3
10005b9e:	f7fb f8b1 	bl	10000d04 <mutex_init>
10005ba2:	34c0      	adds	r4, #192	@ 0xc0
10005ba4:	19a4      	adds	r4, r4, r6
10005ba6:	0020      	movs	r0, r4
10005ba8:	f7fb f8ac 	bl	10000d04 <mutex_init>
10005bac:	2200      	movs	r2, #0
10005bae:	61ea      	str	r2, [r5, #28]
10005bb0:	4643      	mov	r3, r8
10005bb2:	622b      	str	r3, [r5, #32]
10005bb4:	632c      	str	r4, [r5, #48]	@ 0x30
10005bb6:	636a      	str	r2, [r5, #52]	@ 0x34
10005bb8:	3701      	adds	r7, #1
10005bba:	b2ff      	uxtb	r7, r7
10005bbc:	e7bf      	b.n	10005b3e <cdcd_init+0x1a>
10005bbe:	46c0      	nop			@ (mov r8, r8)
10005bc0:	20000ed0 	.word	0x20000ed0
10005bc4:	20000ecc 	.word	0x20000ecc

10005bc8 <cdcd_deinit>:
10005bc8:	2300      	movs	r3, #0
10005bca:	2b00      	cmp	r3, #0
10005bcc:	d001      	beq.n	10005bd2 <cdcd_deinit+0xa>
10005bce:	2001      	movs	r0, #1
10005bd0:	4770      	bx	lr
10005bd2:	0019      	movs	r1, r3
10005bd4:	4a0e      	ldr	r2, [pc, #56]	@ (10005c10 <cdcd_deinit+0x48>)
10005bd6:	20c8      	movs	r0, #200	@ 0xc8
10005bd8:	4358      	muls	r0, r3
10005bda:	1812      	adds	r2, r2, r0
10005bdc:	6a10      	ldr	r0, [r2, #32]
10005bde:	6b12      	ldr	r2, [r2, #48]	@ 0x30
10005be0:	4694      	mov	ip, r2
10005be2:	2800      	cmp	r0, #0
10005be4:	d006      	beq.n	10005bf4 <cdcd_deinit+0x2c>
10005be6:	4a0a      	ldr	r2, [pc, #40]	@ (10005c10 <cdcd_deinit+0x48>)
10005be8:	20c8      	movs	r0, #200	@ 0xc8
10005bea:	4358      	muls	r0, r3
10005bec:	1812      	adds	r2, r2, r0
10005bee:	2000      	movs	r0, #0
10005bf0:	61d0      	str	r0, [r2, #28]
10005bf2:	6210      	str	r0, [r2, #32]
10005bf4:	4662      	mov	r2, ip
10005bf6:	2a00      	cmp	r2, #0
10005bf8:	d006      	beq.n	10005c08 <cdcd_deinit+0x40>
10005bfa:	4a05      	ldr	r2, [pc, #20]	@ (10005c10 <cdcd_deinit+0x48>)
10005bfc:	20c8      	movs	r0, #200	@ 0xc8
10005bfe:	4341      	muls	r1, r0
10005c00:	1852      	adds	r2, r2, r1
10005c02:	2100      	movs	r1, #0
10005c04:	6311      	str	r1, [r2, #48]	@ 0x30
10005c06:	6351      	str	r1, [r2, #52]	@ 0x34
10005c08:	3301      	adds	r3, #1
10005c0a:	b2db      	uxtb	r3, r3
10005c0c:	e7dd      	b.n	10005bca <cdcd_deinit+0x2>
10005c0e:	46c0      	nop			@ (mov r8, r8)
10005c10:	20000ed0 	.word	0x20000ed0

10005c14 <cdcd_reset>:
10005c14:	b570      	push	{r4, r5, r6, lr}
10005c16:	2400      	movs	r4, #0
10005c18:	2c00      	cmp	r4, #0
10005c1a:	d000      	beq.n	10005c1e <cdcd_reset+0xa>
10005c1c:	bd70      	pop	{r4, r5, r6, pc}
10005c1e:	0025      	movs	r5, r4
10005c20:	20c8      	movs	r0, #200	@ 0xc8
10005c22:	4360      	muls	r0, r4
10005c24:	4b15      	ldr	r3, [pc, #84]	@ (10005c7c <cdcd_reset+0x68>)
10005c26:	18c0      	adds	r0, r0, r3
10005c28:	2205      	movs	r2, #5
10005c2a:	2100      	movs	r1, #0
10005c2c:	f7fc fefc 	bl	10002a28 <__wrap_memset>
10005c30:	4b13      	ldr	r3, [pc, #76]	@ (10005c80 <cdcd_reset+0x6c>)
10005c32:	781b      	ldrb	r3, [r3, #0]
10005c34:	07db      	lsls	r3, r3, #31
10005c36:	d50f      	bpl.n	10005c58 <cdcd_reset+0x44>
10005c38:	4b11      	ldr	r3, [pc, #68]	@ (10005c80 <cdcd_reset+0x6c>)
10005c3a:	781b      	ldrb	r3, [r3, #0]
10005c3c:	079b      	lsls	r3, r3, #30
10005c3e:	d513      	bpl.n	10005c68 <cdcd_reset+0x54>
10005c40:	20c8      	movs	r0, #200	@ 0xc8
10005c42:	4368      	muls	r0, r5
10005c44:	3020      	adds	r0, #32
10005c46:	4b0d      	ldr	r3, [pc, #52]	@ (10005c7c <cdcd_reset+0x68>)
10005c48:	18c0      	adds	r0, r0, r3
10005c4a:	3004      	adds	r0, #4
10005c4c:	2101      	movs	r1, #1
10005c4e:	f000 fd64 	bl	1000671a <tu_fifo_set_overwritable>
10005c52:	3401      	adds	r4, #1
10005c54:	b2e4      	uxtb	r4, r4
10005c56:	e7df      	b.n	10005c18 <cdcd_reset+0x4>
10005c58:	20c8      	movs	r0, #200	@ 0xc8
10005c5a:	4360      	muls	r0, r4
10005c5c:	3010      	adds	r0, #16
10005c5e:	4b07      	ldr	r3, [pc, #28]	@ (10005c7c <cdcd_reset+0x68>)
10005c60:	18c0      	adds	r0, r0, r3
10005c62:	f000 fd3b 	bl	100066dc <tu_fifo_clear>
10005c66:	e7e7      	b.n	10005c38 <cdcd_reset+0x24>
10005c68:	20c8      	movs	r0, #200	@ 0xc8
10005c6a:	4368      	muls	r0, r5
10005c6c:	3020      	adds	r0, #32
10005c6e:	4b03      	ldr	r3, [pc, #12]	@ (10005c7c <cdcd_reset+0x68>)
10005c70:	18c0      	adds	r0, r0, r3
10005c72:	3004      	adds	r0, #4
10005c74:	f000 fd32 	bl	100066dc <tu_fifo_clear>
10005c78:	e7e2      	b.n	10005c40 <cdcd_reset+0x2c>
10005c7a:	46c0      	nop			@ (mov r8, r8)
10005c7c:	20000ed0 	.word	0x20000ed0
10005c80:	20000ecc 	.word	0x20000ecc

10005c84 <cdcd_open>:
10005c84:	b5f0      	push	{r4, r5, r6, r7, lr}
10005c86:	46c6      	mov	lr, r8
10005c88:	b500      	push	{lr}
10005c8a:	b082      	sub	sp, #8
10005c8c:	0007      	movs	r7, r0
10005c8e:	794b      	ldrb	r3, [r1, #5]
10005c90:	2b02      	cmp	r3, #2
10005c92:	d16b      	bne.n	10005d6c <cdcd_open+0xe8>
10005c94:	798b      	ldrb	r3, [r1, #6]
10005c96:	2b02      	cmp	r3, #2
10005c98:	d000      	beq.n	10005c9c <cdcd_open+0x18>
10005c9a:	e06d      	b.n	10005d78 <cdcd_open+0xf4>
10005c9c:	2300      	movs	r3, #0
10005c9e:	001e      	movs	r6, r3
10005ca0:	2e00      	cmp	r6, #0
10005ca2:	d008      	beq.n	10005cb6 <cdcd_open+0x32>
10005ca4:	2e00      	cmp	r6, #0
10005ca6:	d113      	bne.n	10005cd0 <cdcd_open+0x4c>
10005ca8:	788b      	ldrb	r3, [r1, #2]
10005caa:	4640      	mov	r0, r8
10005cac:	7003      	strb	r3, [r0, #0]
10005cae:	780c      	ldrb	r4, [r1, #0]
10005cb0:	190c      	adds	r4, r1, r4
10005cb2:	2509      	movs	r5, #9
10005cb4:	e018      	b.n	10005ce8 <cdcd_open+0x64>
10005cb6:	23c8      	movs	r3, #200	@ 0xc8
10005cb8:	4373      	muls	r3, r6
10005cba:	4830      	ldr	r0, [pc, #192]	@ (10005d7c <cdcd_open+0xf8>)
10005cbc:	181b      	adds	r3, r3, r0
10005cbe:	4698      	mov	r8, r3
10005cc0:	789b      	ldrb	r3, [r3, #2]
10005cc2:	2b00      	cmp	r3, #0
10005cc4:	d0ee      	beq.n	10005ca4 <cdcd_open+0x20>
10005cc6:	0033      	movs	r3, r6
10005cc8:	3301      	adds	r3, #1
10005cca:	b2db      	uxtb	r3, r3
10005ccc:	001e      	movs	r6, r3
10005cce:	e7e7      	b.n	10005ca0 <cdcd_open+0x1c>
10005cd0:	2242      	movs	r2, #66	@ 0x42
10005cd2:	492b      	ldr	r1, [pc, #172]	@ (10005d80 <cdcd_open+0xfc>)
10005cd4:	482b      	ldr	r0, [pc, #172]	@ (10005d84 <cdcd_open+0x100>)
10005cd6:	32ff      	adds	r2, #255	@ 0xff
10005cd8:	f7fe f918 	bl	10003f0c <__wrap_printf>
10005cdc:	2500      	movs	r5, #0
10005cde:	e046      	b.n	10005d6e <cdcd_open+0xea>
10005ce0:	7823      	ldrb	r3, [r4, #0]
10005ce2:	195d      	adds	r5, r3, r5
10005ce4:	b2ad      	uxth	r5, r5
10005ce6:	18e4      	adds	r4, r4, r3
10005ce8:	7863      	ldrb	r3, [r4, #1]
10005cea:	2b24      	cmp	r3, #36	@ 0x24
10005cec:	d101      	bne.n	10005cf2 <cdcd_open+0x6e>
10005cee:	4295      	cmp	r5, r2
10005cf0:	d9f6      	bls.n	10005ce0 <cdcd_open+0x5c>
10005cf2:	2b05      	cmp	r3, #5
10005cf4:	d009      	beq.n	10005d0a <cdcd_open+0x86>
10005cf6:	7863      	ldrb	r3, [r4, #1]
10005cf8:	2b04      	cmp	r3, #4
10005cfa:	d102      	bne.n	10005d02 <cdcd_open+0x7e>
10005cfc:	7963      	ldrb	r3, [r4, #5]
10005cfe:	2b0a      	cmp	r3, #10
10005d00:	d019      	beq.n	10005d36 <cdcd_open+0xb2>
10005d02:	0030      	movs	r0, r6
10005d04:	f7ff fdfc 	bl	10005900 <_prep_out_transaction>
10005d08:	e031      	b.n	10005d6e <cdcd_open+0xea>
10005d0a:	0021      	movs	r1, r4
10005d0c:	0038      	movs	r0, r7
10005d0e:	f7ff f8bf 	bl	10004e90 <usbd_edpt_open>
10005d12:	2800      	cmp	r0, #0
10005d14:	d007      	beq.n	10005d26 <cdcd_open+0xa2>
10005d16:	78a3      	ldrb	r3, [r4, #2]
10005d18:	4642      	mov	r2, r8
10005d1a:	7053      	strb	r3, [r2, #1]
10005d1c:	7823      	ldrb	r3, [r4, #0]
10005d1e:	195d      	adds	r5, r3, r5
10005d20:	b2ad      	uxth	r5, r5
10005d22:	18e4      	adds	r4, r4, r3
10005d24:	e7e7      	b.n	10005cf6 <cdcd_open+0x72>
10005d26:	2254      	movs	r2, #84	@ 0x54
10005d28:	4915      	ldr	r1, [pc, #84]	@ (10005d80 <cdcd_open+0xfc>)
10005d2a:	4816      	ldr	r0, [pc, #88]	@ (10005d84 <cdcd_open+0x100>)
10005d2c:	32ff      	adds	r2, #255	@ 0xff
10005d2e:	f7fe f8ed 	bl	10003f0c <__wrap_printf>
10005d32:	2500      	movs	r5, #0
10005d34:	e01b      	b.n	10005d6e <cdcd_open+0xea>
10005d36:	7821      	ldrb	r1, [r4, #0]
10005d38:	194d      	adds	r5, r1, r5
10005d3a:	b2ad      	uxth	r5, r5
10005d3c:	1861      	adds	r1, r4, r1
10005d3e:	4642      	mov	r2, r8
10005d40:	1c93      	adds	r3, r2, #2
10005d42:	9301      	str	r3, [sp, #4]
10005d44:	1cd3      	adds	r3, r2, #3
10005d46:	9300      	str	r3, [sp, #0]
10005d48:	2302      	movs	r3, #2
10005d4a:	2202      	movs	r2, #2
10005d4c:	0038      	movs	r0, r7
10005d4e:	f7ff f8d1 	bl	10004ef4 <usbd_open_edpt_pair>
10005d52:	2800      	cmp	r0, #0
10005d54:	d002      	beq.n	10005d5c <cdcd_open+0xd8>
10005d56:	350e      	adds	r5, #14
10005d58:	b2ad      	uxth	r5, r5
10005d5a:	e7d2      	b.n	10005d02 <cdcd_open+0x7e>
10005d5c:	22b1      	movs	r2, #177	@ 0xb1
10005d5e:	4908      	ldr	r1, [pc, #32]	@ (10005d80 <cdcd_open+0xfc>)
10005d60:	4808      	ldr	r0, [pc, #32]	@ (10005d84 <cdcd_open+0x100>)
10005d62:	0052      	lsls	r2, r2, #1
10005d64:	f7fe f8d2 	bl	10003f0c <__wrap_printf>
10005d68:	2500      	movs	r5, #0
10005d6a:	e000      	b.n	10005d6e <cdcd_open+0xea>
10005d6c:	2500      	movs	r5, #0
10005d6e:	0028      	movs	r0, r5
10005d70:	b002      	add	sp, #8
10005d72:	bc80      	pop	{r7}
10005d74:	46b8      	mov	r8, r7
10005d76:	bdf0      	pop	{r4, r5, r6, r7, pc}
10005d78:	2500      	movs	r5, #0
10005d7a:	e7f8      	b.n	10005d6e <cdcd_open+0xea>
10005d7c:	20000ed0 	.word	0x20000ed0
10005d80:	10007db8 	.word	0x10007db8
10005d84:	100077e4 	.word	0x100077e4

10005d88 <cdcd_control_xfer_cb>:
10005d88:	b570      	push	{r4, r5, r6, lr}
10005d8a:	0006      	movs	r6, r0
10005d8c:	000d      	movs	r5, r1
10005d8e:	0011      	movs	r1, r2
10005d90:	7812      	ldrb	r2, [r2, #0]
10005d92:	2360      	movs	r3, #96	@ 0x60
10005d94:	4013      	ands	r3, r2
10005d96:	2b20      	cmp	r3, #32
10005d98:	d000      	beq.n	10005d9c <cdcd_control_xfer_cb+0x14>
10005d9a:	e087      	b.n	10005eac <cdcd_control_xfer_cb+0x124>
10005d9c:	2400      	movs	r4, #0
10005d9e:	2c00      	cmp	r4, #0
10005da0:	d00f      	beq.n	10005dc2 <cdcd_control_xfer_cb+0x3a>
10005da2:	2c00      	cmp	r4, #0
10005da4:	d000      	beq.n	10005da8 <cdcd_control_xfer_cb+0x20>
10005da6:	e083      	b.n	10005eb0 <cdcd_control_xfer_cb+0x128>
10005da8:	784b      	ldrb	r3, [r1, #1]
10005daa:	2b22      	cmp	r3, #34	@ 0x22
10005dac:	d045      	beq.n	10005e3a <cdcd_control_xfer_cb+0xb2>
10005dae:	d819      	bhi.n	10005de4 <cdcd_control_xfer_cb+0x5c>
10005db0:	2b20      	cmp	r3, #32
10005db2:	d021      	beq.n	10005df8 <cdcd_control_xfer_cb+0x70>
10005db4:	2b21      	cmp	r3, #33	@ 0x21
10005db6:	d113      	bne.n	10005de0 <cdcd_control_xfer_cb+0x58>
10005db8:	002b      	movs	r3, r5
10005dba:	2d01      	cmp	r5, #1
10005dbc:	d035      	beq.n	10005e2a <cdcd_control_xfer_cb+0xa2>
10005dbe:	2001      	movs	r0, #1
10005dc0:	e075      	b.n	10005eae <cdcd_control_xfer_cb+0x126>
10005dc2:	23c8      	movs	r3, #200	@ 0xc8
10005dc4:	4363      	muls	r3, r4
10005dc6:	4a3e      	ldr	r2, [pc, #248]	@ (10005ec0 <cdcd_control_xfer_cb+0x138>)
10005dc8:	1898      	adds	r0, r3, r2
10005dca:	4684      	mov	ip, r0
10005dcc:	5cd2      	ldrb	r2, [r2, r3]
10005dce:	7908      	ldrb	r0, [r1, #4]
10005dd0:	794b      	ldrb	r3, [r1, #5]
10005dd2:	021b      	lsls	r3, r3, #8
10005dd4:	4303      	orrs	r3, r0
10005dd6:	429a      	cmp	r2, r3
10005dd8:	d0e3      	beq.n	10005da2 <cdcd_control_xfer_cb+0x1a>
10005dda:	3401      	adds	r4, #1
10005ddc:	b2e4      	uxtb	r4, r4
10005dde:	e7de      	b.n	10005d9e <cdcd_control_xfer_cb+0x16>
10005de0:	2000      	movs	r0, #0
10005de2:	e064      	b.n	10005eae <cdcd_control_xfer_cb+0x126>
10005de4:	2b23      	cmp	r3, #35	@ 0x23
10005de6:	d105      	bne.n	10005df4 <cdcd_control_xfer_cb+0x6c>
10005de8:	2d01      	cmp	r5, #1
10005dea:	d04e      	beq.n	10005e8a <cdcd_control_xfer_cb+0x102>
10005dec:	2d03      	cmp	r5, #3
10005dee:	d051      	beq.n	10005e94 <cdcd_control_xfer_cb+0x10c>
10005df0:	2001      	movs	r0, #1
10005df2:	e05c      	b.n	10005eae <cdcd_control_xfer_cb+0x126>
10005df4:	2000      	movs	r0, #0
10005df6:	e05a      	b.n	10005eae <cdcd_control_xfer_cb+0x126>
10005df8:	002b      	movs	r3, r5
10005dfa:	2d01      	cmp	r5, #1
10005dfc:	d003      	beq.n	10005e06 <cdcd_control_xfer_cb+0x7e>
10005dfe:	2d03      	cmp	r5, #3
10005e00:	d009      	beq.n	10005e16 <cdcd_control_xfer_cb+0x8e>
10005e02:	2001      	movs	r0, #1
10005e04:	e053      	b.n	10005eae <cdcd_control_xfer_cb+0x126>
10005e06:	4662      	mov	r2, ip
10005e08:	3208      	adds	r2, #8
10005e0a:	3306      	adds	r3, #6
10005e0c:	0030      	movs	r0, r6
10005e0e:	f7ff fc97 	bl	10005740 <tud_control_xfer>
10005e12:	2001      	movs	r0, #1
10005e14:	e04b      	b.n	10005eae <cdcd_control_xfer_cb+0x126>
10005e16:	4b2b      	ldr	r3, [pc, #172]	@ (10005ec4 <cdcd_control_xfer_cb+0x13c>)
10005e18:	2b00      	cmp	r3, #0
10005e1a:	d04b      	beq.n	10005eb4 <cdcd_control_xfer_cb+0x12c>
10005e1c:	4661      	mov	r1, ip
10005e1e:	3108      	adds	r1, #8
10005e20:	0020      	movs	r0, r4
10005e22:	f7fe fbc7 	bl	100045b4 <tud_cdc_line_coding_cb>
10005e26:	2001      	movs	r0, #1
10005e28:	e041      	b.n	10005eae <cdcd_control_xfer_cb+0x126>
10005e2a:	4662      	mov	r2, ip
10005e2c:	3208      	adds	r2, #8
10005e2e:	3306      	adds	r3, #6
10005e30:	0030      	movs	r0, r6
10005e32:	f7ff fc85 	bl	10005740 <tud_control_xfer>
10005e36:	2001      	movs	r0, #1
10005e38:	e039      	b.n	10005eae <cdcd_control_xfer_cb+0x126>
10005e3a:	2d01      	cmp	r5, #1
10005e3c:	d003      	beq.n	10005e46 <cdcd_control_xfer_cb+0xbe>
10005e3e:	2d03      	cmp	r5, #3
10005e40:	d006      	beq.n	10005e50 <cdcd_control_xfer_cb+0xc8>
10005e42:	2001      	movs	r0, #1
10005e44:	e033      	b.n	10005eae <cdcd_control_xfer_cb+0x126>
10005e46:	0030      	movs	r0, r6
10005e48:	f7ff fc66 	bl	10005718 <tud_control_status>
10005e4c:	2001      	movs	r0, #1
10005e4e:	e02e      	b.n	10005eae <cdcd_control_xfer_cb+0x126>
10005e50:	788a      	ldrb	r2, [r1, #2]
10005e52:	78cb      	ldrb	r3, [r1, #3]
10005e54:	021b      	lsls	r3, r3, #8
10005e56:	4313      	orrs	r3, r2
10005e58:	2201      	movs	r2, #1
10005e5a:	0015      	movs	r5, r2
10005e5c:	401d      	ands	r5, r3
10005e5e:	0859      	lsrs	r1, r3, #1
10005e60:	400a      	ands	r2, r1
10005e62:	0016      	movs	r6, r2
10005e64:	4662      	mov	r2, ip
10005e66:	7113      	strb	r3, [r2, #4]
10005e68:	2101      	movs	r1, #1
10005e6a:	4069      	eors	r1, r5
10005e6c:	b2c9      	uxtb	r1, r1
10005e6e:	4660      	mov	r0, ip
10005e70:	3024      	adds	r0, #36	@ 0x24
10005e72:	f000 fc52 	bl	1000671a <tu_fifo_set_overwritable>
10005e76:	4b14      	ldr	r3, [pc, #80]	@ (10005ec8 <cdcd_control_xfer_cb+0x140>)
10005e78:	2b00      	cmp	r3, #0
10005e7a:	d01d      	beq.n	10005eb8 <cdcd_control_xfer_cb+0x130>
10005e7c:	0032      	movs	r2, r6
10005e7e:	0029      	movs	r1, r5
10005e80:	0020      	movs	r0, r4
10005e82:	e000      	b.n	10005e86 <cdcd_control_xfer_cb+0xfe>
10005e84:	bf00      	nop
10005e86:	2001      	movs	r0, #1
10005e88:	e011      	b.n	10005eae <cdcd_control_xfer_cb+0x126>
10005e8a:	0030      	movs	r0, r6
10005e8c:	f7ff fc44 	bl	10005718 <tud_control_status>
10005e90:	2001      	movs	r0, #1
10005e92:	e00c      	b.n	10005eae <cdcd_control_xfer_cb+0x126>
10005e94:	4b0d      	ldr	r3, [pc, #52]	@ (10005ecc <cdcd_control_xfer_cb+0x144>)
10005e96:	2b00      	cmp	r3, #0
10005e98:	d010      	beq.n	10005ebc <cdcd_control_xfer_cb+0x134>
10005e9a:	788b      	ldrb	r3, [r1, #2]
10005e9c:	78c9      	ldrb	r1, [r1, #3]
10005e9e:	0209      	lsls	r1, r1, #8
10005ea0:	4319      	orrs	r1, r3
10005ea2:	0020      	movs	r0, r4
10005ea4:	e000      	b.n	10005ea8 <cdcd_control_xfer_cb+0x120>
10005ea6:	bf00      	nop
10005ea8:	2001      	movs	r0, #1
10005eaa:	e000      	b.n	10005eae <cdcd_control_xfer_cb+0x126>
10005eac:	2000      	movs	r0, #0
10005eae:	bd70      	pop	{r4, r5, r6, pc}
10005eb0:	2000      	movs	r0, #0
10005eb2:	e7fc      	b.n	10005eae <cdcd_control_xfer_cb+0x126>
10005eb4:	2001      	movs	r0, #1
10005eb6:	e7fa      	b.n	10005eae <cdcd_control_xfer_cb+0x126>
10005eb8:	2001      	movs	r0, #1
10005eba:	e7f8      	b.n	10005eae <cdcd_control_xfer_cb+0x126>
10005ebc:	2001      	movs	r0, #1
10005ebe:	e7f6      	b.n	10005eae <cdcd_control_xfer_cb+0x126>
10005ec0:	20000ed0 	.word	0x20000ed0
10005ec4:	100045b5 	.word	0x100045b5
	...

10005ed0 <cdcd_xfer_cb>:
10005ed0:	b5f0      	push	{r4, r5, r6, r7, lr}
10005ed2:	46ce      	mov	lr, r9
10005ed4:	4647      	mov	r7, r8
10005ed6:	b580      	push	{r7, lr}
10005ed8:	b083      	sub	sp, #12
10005eda:	9001      	str	r0, [sp, #4]
10005edc:	000e      	movs	r6, r1
10005ede:	9300      	str	r3, [sp, #0]
10005ee0:	2400      	movs	r4, #0
10005ee2:	2c00      	cmp	r4, #0
10005ee4:	d00f      	beq.n	10005f06 <cdcd_xfer_cb+0x36>
10005ee6:	2c00      	cmp	r4, #0
10005ee8:	d11a      	bne.n	10005f20 <cdcd_xfer_cb+0x50>
10005eea:	46a0      	mov	r8, r4
10005eec:	78eb      	ldrb	r3, [r5, #3]
10005eee:	42b3      	cmp	r3, r6
10005ef0:	d01e      	beq.n	10005f30 <cdcd_xfer_cb+0x60>
10005ef2:	78ab      	ldrb	r3, [r5, #2]
10005ef4:	42b3      	cmp	r3, r6
10005ef6:	d055      	beq.n	10005fa4 <cdcd_xfer_cb+0xd4>
10005ef8:	2401      	movs	r4, #1
10005efa:	0020      	movs	r0, r4
10005efc:	b003      	add	sp, #12
10005efe:	bcc0      	pop	{r6, r7}
10005f00:	46b9      	mov	r9, r7
10005f02:	46b0      	mov	r8, r6
10005f04:	bdf0      	pop	{r4, r5, r6, r7, pc}
10005f06:	25c8      	movs	r5, #200	@ 0xc8
10005f08:	4365      	muls	r5, r4
10005f0a:	4b3d      	ldr	r3, [pc, #244]	@ (10006000 <cdcd_xfer_cb+0x130>)
10005f0c:	18ed      	adds	r5, r5, r3
10005f0e:	78eb      	ldrb	r3, [r5, #3]
10005f10:	42b3      	cmp	r3, r6
10005f12:	d0e8      	beq.n	10005ee6 <cdcd_xfer_cb+0x16>
10005f14:	78ab      	ldrb	r3, [r5, #2]
10005f16:	42b3      	cmp	r3, r6
10005f18:	d0e5      	beq.n	10005ee6 <cdcd_xfer_cb+0x16>
10005f1a:	3401      	adds	r4, #1
10005f1c:	b2e4      	uxtb	r4, r4
10005f1e:	e7e0      	b.n	10005ee2 <cdcd_xfer_cb+0x12>
10005f20:	22e6      	movs	r2, #230	@ 0xe6
10005f22:	4938      	ldr	r1, [pc, #224]	@ (10006004 <cdcd_xfer_cb+0x134>)
10005f24:	4838      	ldr	r0, [pc, #224]	@ (10006008 <cdcd_xfer_cb+0x138>)
10005f26:	0052      	lsls	r2, r2, #1
10005f28:	f7fd fff0 	bl	10003f0c <__wrap_printf>
10005f2c:	2400      	movs	r4, #0
10005f2e:	e7e4      	b.n	10005efa <cdcd_xfer_cb+0x2a>
10005f30:	2310      	movs	r3, #16
10005f32:	469c      	mov	ip, r3
10005f34:	44ac      	add	ip, r5
10005f36:	4660      	mov	r0, ip
10005f38:	46e1      	mov	r9, ip
10005f3a:	01e1      	lsls	r1, r4, #7
10005f3c:	4b33      	ldr	r3, [pc, #204]	@ (1000600c <cdcd_xfer_cb+0x13c>)
10005f3e:	18c9      	adds	r1, r1, r3
10005f40:	466b      	mov	r3, sp
10005f42:	881a      	ldrh	r2, [r3, #0]
10005f44:	f000 fbc5 	bl	100066d2 <tu_fifo_write_n>
10005f48:	4b31      	ldr	r3, [pc, #196]	@ (10006010 <cdcd_xfer_cb+0x140>)
10005f4a:	2b00      	cmp	r3, #0
10005f4c:	d01a      	beq.n	10005f84 <cdcd_xfer_cb+0xb4>
10005f4e:	796b      	ldrb	r3, [r5, #5]
10005f50:	2bff      	cmp	r3, #255	@ 0xff
10005f52:	d017      	beq.n	10005f84 <cdcd_xfer_cb+0xb4>
10005f54:	2700      	movs	r7, #0
10005f56:	e000      	b.n	10005f5a <cdcd_xfer_cb+0x8a>
10005f58:	3701      	adds	r7, #1
10005f5a:	9b00      	ldr	r3, [sp, #0]
10005f5c:	429f      	cmp	r7, r3
10005f5e:	d211      	bcs.n	10005f84 <cdcd_xfer_cb+0xb4>
10005f60:	796a      	ldrb	r2, [r5, #5]
10005f62:	4b2a      	ldr	r3, [pc, #168]	@ (1000600c <cdcd_xfer_cb+0x13c>)
10005f64:	4641      	mov	r1, r8
10005f66:	01c9      	lsls	r1, r1, #7
10005f68:	185b      	adds	r3, r3, r1
10005f6a:	5ddb      	ldrb	r3, [r3, r7]
10005f6c:	429a      	cmp	r2, r3
10005f6e:	d1f3      	bne.n	10005f58 <cdcd_xfer_cb+0x88>
10005f70:	4648      	mov	r0, r9
10005f72:	f000 fb20 	bl	100065b6 <tu_fifo_empty>
10005f76:	2800      	cmp	r0, #0
10005f78:	d1ee      	bne.n	10005f58 <cdcd_xfer_cb+0x88>
10005f7a:	7969      	ldrb	r1, [r5, #5]
10005f7c:	0020      	movs	r0, r4
10005f7e:	e000      	b.n	10005f82 <cdcd_xfer_cb+0xb2>
10005f80:	bf00      	nop
10005f82:	e7e9      	b.n	10005f58 <cdcd_xfer_cb+0x88>
10005f84:	4b23      	ldr	r3, [pc, #140]	@ (10006014 <cdcd_xfer_cb+0x144>)
10005f86:	2b00      	cmp	r3, #0
10005f88:	d004      	beq.n	10005f94 <cdcd_xfer_cb+0xc4>
10005f8a:	4648      	mov	r0, r9
10005f8c:	f000 fb13 	bl	100065b6 <tu_fifo_empty>
10005f90:	2800      	cmp	r0, #0
10005f92:	d003      	beq.n	10005f9c <cdcd_xfer_cb+0xcc>
10005f94:	0020      	movs	r0, r4
10005f96:	f7ff fcb3 	bl	10005900 <_prep_out_transaction>
10005f9a:	e7aa      	b.n	10005ef2 <cdcd_xfer_cb+0x22>
10005f9c:	0020      	movs	r0, r4
10005f9e:	e000      	b.n	10005fa2 <cdcd_xfer_cb+0xd2>
10005fa0:	bf00      	nop
10005fa2:	e7f7      	b.n	10005f94 <cdcd_xfer_cb+0xc4>
10005fa4:	4b1c      	ldr	r3, [pc, #112]	@ (10006018 <cdcd_xfer_cb+0x148>)
10005fa6:	2b00      	cmp	r3, #0
10005fa8:	d002      	beq.n	10005fb0 <cdcd_xfer_cb+0xe0>
10005faa:	0020      	movs	r0, r4
10005fac:	e000      	b.n	10005fb0 <cdcd_xfer_cb+0xe0>
10005fae:	bf00      	nop
10005fb0:	0020      	movs	r0, r4
10005fb2:	f7ff fd33 	bl	10005a1c <tud_cdc_n_write_flush>
10005fb6:	2800      	cmp	r0, #0
10005fb8:	d001      	beq.n	10005fbe <cdcd_xfer_cb+0xee>
10005fba:	2401      	movs	r4, #1
10005fbc:	e79d      	b.n	10005efa <cdcd_xfer_cb+0x2a>
10005fbe:	0028      	movs	r0, r5
10005fc0:	3024      	adds	r0, #36	@ 0x24
10005fc2:	f000 fae2 	bl	1000658a <tu_fifo_count>
10005fc6:	2800      	cmp	r0, #0
10005fc8:	d115      	bne.n	10005ff6 <cdcd_xfer_cb+0x126>
10005fca:	9b00      	ldr	r3, [sp, #0]
10005fcc:	2b00      	cmp	r3, #0
10005fce:	d014      	beq.n	10005ffa <cdcd_xfer_cb+0x12a>
10005fd0:	069b      	lsls	r3, r3, #26
10005fd2:	d001      	beq.n	10005fd8 <cdcd_xfer_cb+0x108>
10005fd4:	2401      	movs	r4, #1
10005fd6:	e790      	b.n	10005efa <cdcd_xfer_cb+0x2a>
10005fd8:	78a9      	ldrb	r1, [r5, #2]
10005fda:	9801      	ldr	r0, [sp, #4]
10005fdc:	f7fe ffca 	bl	10004f74 <usbd_edpt_claim>
10005fe0:	1e04      	subs	r4, r0, #0
10005fe2:	d101      	bne.n	10005fe8 <cdcd_xfer_cb+0x118>
10005fe4:	2401      	movs	r4, #1
10005fe6:	e788      	b.n	10005efa <cdcd_xfer_cb+0x2a>
10005fe8:	78a9      	ldrb	r1, [r5, #2]
10005fea:	2300      	movs	r3, #0
10005fec:	2200      	movs	r2, #0
10005fee:	9801      	ldr	r0, [sp, #4]
10005ff0:	f7fe ffe8 	bl	10004fc4 <usbd_edpt_xfer>
10005ff4:	e781      	b.n	10005efa <cdcd_xfer_cb+0x2a>
10005ff6:	2401      	movs	r4, #1
10005ff8:	e77f      	b.n	10005efa <cdcd_xfer_cb+0x2a>
10005ffa:	2401      	movs	r4, #1
10005ffc:	e77d      	b.n	10005efa <cdcd_xfer_cb+0x2a>
10005ffe:	46c0      	nop			@ (mov r8, r8)
10006000:	20000ed0 	.word	0x20000ed0
10006004:	10007da8 	.word	0x10007da8
10006008:	100077e4 	.word	0x100077e4
1000600c:	20000e4c 	.word	0x20000e4c
	...

1000601c <tusb_rhport_init>:
1000601c:	b510      	push	{r4, lr}
1000601e:	b082      	sub	sp, #8
10006020:	2900      	cmp	r1, #0
10006022:	d00b      	beq.n	1000603c <tusb_rhport_init+0x20>
10006024:	2801      	cmp	r0, #1
10006026:	d81d      	bhi.n	10006064 <tusb_rhport_init+0x48>
10006028:	780b      	ldrb	r3, [r1, #0]
1000602a:	2b00      	cmp	r3, #0
1000602c:	d01a      	beq.n	10006064 <tusb_rhport_init+0x48>
1000602e:	4a17      	ldr	r2, [pc, #92]	@ (1000608c <tusb_rhport_init+0x70>)
10006030:	5413      	strb	r3, [r2, r0]
10006032:	2b01      	cmp	r3, #1
10006034:	d020      	beq.n	10006078 <tusb_rhport_init+0x5c>
10006036:	2301      	movs	r3, #1
10006038:	001c      	movs	r4, r3
1000603a:	e01a      	b.n	10006072 <tusb_rhport_init+0x56>
1000603c:	a901      	add	r1, sp, #4
1000603e:	2301      	movs	r3, #1
10006040:	700b      	strb	r3, [r1, #0]
10006042:	2300      	movs	r3, #0
10006044:	704b      	strb	r3, [r1, #1]
10006046:	2000      	movs	r0, #0
10006048:	f7fe fea4 	bl	10004d94 <tud_rhport_init>
1000604c:	1e04      	subs	r4, r0, #0
1000604e:	d003      	beq.n	10006058 <tusb_rhport_init+0x3c>
10006050:	4b0e      	ldr	r3, [pc, #56]	@ (1000608c <tusb_rhport_init+0x70>)
10006052:	2201      	movs	r2, #1
10006054:	701a      	strb	r2, [r3, #0]
10006056:	e00c      	b.n	10006072 <tusb_rhport_init+0x56>
10006058:	490d      	ldr	r1, [pc, #52]	@ (10006090 <tusb_rhport_init+0x74>)
1000605a:	480e      	ldr	r0, [pc, #56]	@ (10006094 <tusb_rhport_init+0x78>)
1000605c:	2247      	movs	r2, #71	@ 0x47
1000605e:	f7fd ff55 	bl	10003f0c <__wrap_printf>
10006062:	e006      	b.n	10006072 <tusb_rhport_init+0x56>
10006064:	490a      	ldr	r1, [pc, #40]	@ (10006090 <tusb_rhport_init+0x74>)
10006066:	480b      	ldr	r0, [pc, #44]	@ (10006094 <tusb_rhport_init+0x78>)
10006068:	225a      	movs	r2, #90	@ 0x5a
1000606a:	f7fd ff4f 	bl	10003f0c <__wrap_printf>
1000606e:	2300      	movs	r3, #0
10006070:	001c      	movs	r4, r3
10006072:	0020      	movs	r0, r4
10006074:	b002      	add	sp, #8
10006076:	bd10      	pop	{r4, pc}
10006078:	f7fe fe8c 	bl	10004d94 <tud_rhport_init>
1000607c:	1e04      	subs	r4, r0, #0
1000607e:	d1f8      	bne.n	10006072 <tusb_rhport_init+0x56>
10006080:	4903      	ldr	r1, [pc, #12]	@ (10006090 <tusb_rhport_init+0x74>)
10006082:	4804      	ldr	r0, [pc, #16]	@ (10006094 <tusb_rhport_init+0x78>)
10006084:	225f      	movs	r2, #95	@ 0x5f
10006086:	f7fd ff41 	bl	10003f0c <__wrap_printf>
1000608a:	e7f2      	b.n	10006072 <tusb_rhport_init+0x56>
1000608c:	20000fec 	.word	0x20000fec
10006090:	10007df0 	.word	0x10007df0
10006094:	100077e4 	.word	0x100077e4

10006098 <tu_edpt_claim>:
10006098:	b570      	push	{r4, r5, r6, lr}
1000609a:	0004      	movs	r4, r0
1000609c:	000a      	movs	r2, r1
1000609e:	000d      	movs	r5, r1
100060a0:	7803      	ldrb	r3, [r0, #0]
100060a2:	07db      	lsls	r3, r3, #31
100060a4:	0fd8      	lsrs	r0, r3, #31
100060a6:	2b00      	cmp	r3, #0
100060a8:	d11f      	bne.n	100060ea <tu_edpt_claim+0x52>
100060aa:	7823      	ldrb	r3, [r4, #0]
100060ac:	075b      	lsls	r3, r3, #29
100060ae:	0fd9      	lsrs	r1, r3, #31
100060b0:	000e      	movs	r6, r1
100060b2:	2b00      	cmp	r3, #0
100060b4:	db1a      	blt.n	100060ec <tu_edpt_claim+0x54>
100060b6:	2101      	movs	r1, #1
100060b8:	4249      	negs	r1, r1
100060ba:	0010      	movs	r0, r2
100060bc:	f000 fcc8 	bl	10006a50 <__mutex_enter_timeout_ms_veneer>
100060c0:	7823      	ldrb	r3, [r4, #0]
100060c2:	07db      	lsls	r3, r3, #31
100060c4:	0fda      	lsrs	r2, r3, #31
100060c6:	2b00      	cmp	r3, #0
100060c8:	d108      	bne.n	100060dc <tu_edpt_claim+0x44>
100060ca:	7823      	ldrb	r3, [r4, #0]
100060cc:	075b      	lsls	r3, r3, #29
100060ce:	d40a      	bmi.n	100060e6 <tu_edpt_claim+0x4e>
100060d0:	7823      	ldrb	r3, [r4, #0]
100060d2:	2204      	movs	r2, #4
100060d4:	4313      	orrs	r3, r2
100060d6:	7023      	strb	r3, [r4, #0]
100060d8:	2301      	movs	r3, #1
100060da:	001e      	movs	r6, r3
100060dc:	0028      	movs	r0, r5
100060de:	f000 fd17 	bl	10006b10 <__mutex_exit_veneer>
100060e2:	0030      	movs	r0, r6
100060e4:	e002      	b.n	100060ec <tu_edpt_claim+0x54>
100060e6:	0016      	movs	r6, r2
100060e8:	e7f8      	b.n	100060dc <tu_edpt_claim+0x44>
100060ea:	2000      	movs	r0, #0
100060ec:	bd70      	pop	{r4, r5, r6, pc}

100060ee <tu_edpt_release>:
100060ee:	b570      	push	{r4, r5, r6, lr}
100060f0:	0004      	movs	r4, r0
100060f2:	0006      	movs	r6, r0
100060f4:	000a      	movs	r2, r1
100060f6:	000d      	movs	r5, r1
100060f8:	2101      	movs	r1, #1
100060fa:	4249      	negs	r1, r1
100060fc:	0010      	movs	r0, r2
100060fe:	f000 fca7 	bl	10006a50 <__mutex_enter_timeout_ms_veneer>
10006102:	7823      	ldrb	r3, [r4, #0]
10006104:	075b      	lsls	r3, r3, #29
10006106:	0fda      	lsrs	r2, r3, #31
10006108:	0014      	movs	r4, r2
1000610a:	2b00      	cmp	r3, #0
1000610c:	db04      	blt.n	10006118 <tu_edpt_release+0x2a>
1000610e:	0028      	movs	r0, r5
10006110:	f000 fcfe 	bl	10006b10 <__mutex_exit_veneer>
10006114:	0020      	movs	r0, r4
10006116:	bd70      	pop	{r4, r5, r6, pc}
10006118:	7833      	ldrb	r3, [r6, #0]
1000611a:	07db      	lsls	r3, r3, #31
1000611c:	d404      	bmi.n	10006128 <tu_edpt_release+0x3a>
1000611e:	7833      	ldrb	r3, [r6, #0]
10006120:	2204      	movs	r2, #4
10006122:	4393      	bics	r3, r2
10006124:	7033      	strb	r3, [r6, #0]
10006126:	e7f2      	b.n	1000610e <tu_edpt_release+0x20>
10006128:	2300      	movs	r3, #0
1000612a:	001c      	movs	r4, r3
1000612c:	e7ef      	b.n	1000610e <tu_edpt_release+0x20>
	...

10006130 <tu_edpt_validate>:
10006130:	b510      	push	{r4, lr}
10006132:	7902      	ldrb	r2, [r0, #4]
10006134:	7943      	ldrb	r3, [r0, #5]
10006136:	021b      	lsls	r3, r3, #8
10006138:	4313      	orrs	r3, r2
1000613a:	055b      	lsls	r3, r3, #21
1000613c:	0d5b      	lsrs	r3, r3, #21
1000613e:	78c2      	ldrb	r2, [r0, #3]
10006140:	0792      	lsls	r2, r2, #30
10006142:	0f92      	lsrs	r2, r2, #30
10006144:	2a02      	cmp	r2, #2
10006146:	d014      	beq.n	10006172 <tu_edpt_validate+0x42>
10006148:	2a03      	cmp	r2, #3
1000614a:	d02d      	beq.n	100061a8 <tu_edpt_validate+0x78>
1000614c:	2a01      	cmp	r2, #1
1000614e:	d13c      	bne.n	100061ca <tu_edpt_validate+0x9a>
10006150:	2902      	cmp	r1, #2
10006152:	d004      	beq.n	1000615e <tu_edpt_validate+0x2e>
10006154:	4a1e      	ldr	r2, [pc, #120]	@ (100061d0 <tu_edpt_validate+0xa0>)
10006156:	429a      	cmp	r2, r3
10006158:	d304      	bcc.n	10006164 <tu_edpt_validate+0x34>
1000615a:	2001      	movs	r0, #1
1000615c:	e036      	b.n	100061cc <tu_edpt_validate+0x9c>
1000615e:	2280      	movs	r2, #128	@ 0x80
10006160:	00d2      	lsls	r2, r2, #3
10006162:	e7f8      	b.n	10006156 <tu_edpt_validate+0x26>
10006164:	491b      	ldr	r1, [pc, #108]	@ (100061d4 <tu_edpt_validate+0xa4>)
10006166:	481c      	ldr	r0, [pc, #112]	@ (100061d8 <tu_edpt_validate+0xa8>)
10006168:	22d1      	movs	r2, #209	@ 0xd1
1000616a:	f7fd fecf 	bl	10003f0c <__wrap_printf>
1000616e:	2000      	movs	r0, #0
10006170:	e02c      	b.n	100061cc <tu_edpt_validate+0x9c>
10006172:	2902      	cmp	r1, #2
10006174:	d003      	beq.n	1000617e <tu_edpt_validate+0x4e>
10006176:	2b40      	cmp	r3, #64	@ 0x40
10006178:	d80f      	bhi.n	1000619a <tu_edpt_validate+0x6a>
1000617a:	2001      	movs	r0, #1
1000617c:	e026      	b.n	100061cc <tu_edpt_validate+0x9c>
1000617e:	2280      	movs	r2, #128	@ 0x80
10006180:	0092      	lsls	r2, r2, #2
10006182:	4293      	cmp	r3, r2
10006184:	d101      	bne.n	1000618a <tu_edpt_validate+0x5a>
10006186:	2001      	movs	r0, #1
10006188:	e020      	b.n	100061cc <tu_edpt_validate+0x9c>
1000618a:	4912      	ldr	r1, [pc, #72]	@ (100061d4 <tu_edpt_validate+0xa4>)
1000618c:	4812      	ldr	r0, [pc, #72]	@ (100061d8 <tu_edpt_validate+0xa8>)
1000618e:	3a29      	subs	r2, #41	@ 0x29
10006190:	3aff      	subs	r2, #255	@ 0xff
10006192:	f7fd febb 	bl	10003f0c <__wrap_printf>
10006196:	2000      	movs	r0, #0
10006198:	e018      	b.n	100061cc <tu_edpt_validate+0x9c>
1000619a:	490e      	ldr	r1, [pc, #56]	@ (100061d4 <tu_edpt_validate+0xa4>)
1000619c:	480e      	ldr	r0, [pc, #56]	@ (100061d8 <tu_edpt_validate+0xa8>)
1000619e:	22db      	movs	r2, #219	@ 0xdb
100061a0:	f7fd feb4 	bl	10003f0c <__wrap_printf>
100061a4:	2000      	movs	r0, #0
100061a6:	e011      	b.n	100061cc <tu_edpt_validate+0x9c>
100061a8:	2902      	cmp	r1, #2
100061aa:	d004      	beq.n	100061b6 <tu_edpt_validate+0x86>
100061ac:	2240      	movs	r2, #64	@ 0x40
100061ae:	429a      	cmp	r2, r3
100061b0:	d304      	bcc.n	100061bc <tu_edpt_validate+0x8c>
100061b2:	2001      	movs	r0, #1
100061b4:	e00a      	b.n	100061cc <tu_edpt_validate+0x9c>
100061b6:	2280      	movs	r2, #128	@ 0x80
100061b8:	00d2      	lsls	r2, r2, #3
100061ba:	e7f8      	b.n	100061ae <tu_edpt_validate+0x7e>
100061bc:	4905      	ldr	r1, [pc, #20]	@ (100061d4 <tu_edpt_validate+0xa4>)
100061be:	4806      	ldr	r0, [pc, #24]	@ (100061d8 <tu_edpt_validate+0xa8>)
100061c0:	22e1      	movs	r2, #225	@ 0xe1
100061c2:	f7fd fea3 	bl	10003f0c <__wrap_printf>
100061c6:	2000      	movs	r0, #0
100061c8:	e000      	b.n	100061cc <tu_edpt_validate+0x9c>
100061ca:	2000      	movs	r0, #0
100061cc:	bd10      	pop	{r4, pc}
100061ce:	46c0      	nop			@ (mov r8, r8)
100061d0:	000003ff 	.word	0x000003ff
100061d4:	10007ddc 	.word	0x10007ddc
100061d8:	100077e4 	.word	0x100077e4

100061dc <tu_edpt_bind_driver>:
100061dc:	b510      	push	{r4, lr}
100061de:	4684      	mov	ip, r0
100061e0:	001c      	movs	r4, r3
100061e2:	188b      	adds	r3, r1, r2
100061e4:	e001      	b.n	100061ea <tu_edpt_bind_driver+0xe>
100061e6:	780a      	ldrb	r2, [r1, #0]
100061e8:	1889      	adds	r1, r1, r2
100061ea:	4299      	cmp	r1, r3
100061ec:	d20a      	bcs.n	10006204 <tu_edpt_bind_driver+0x28>
100061ee:	784a      	ldrb	r2, [r1, #1]
100061f0:	2a05      	cmp	r2, #5
100061f2:	d1f8      	bne.n	100061e6 <tu_edpt_bind_driver+0xa>
100061f4:	7888      	ldrb	r0, [r1, #2]
100061f6:	327a      	adds	r2, #122	@ 0x7a
100061f8:	4002      	ands	r2, r0
100061fa:	0052      	lsls	r2, r2, #1
100061fc:	4462      	add	r2, ip
100061fe:	09c0      	lsrs	r0, r0, #7
10006200:	5414      	strb	r4, [r2, r0]
10006202:	e7f0      	b.n	100061e6 <tu_edpt_bind_driver+0xa>
10006204:	bd10      	pop	{r4, pc}

10006206 <advance_index>:
10006206:	0003      	movs	r3, r0
10006208:	188a      	adds	r2, r1, r2
1000620a:	b290      	uxth	r0, r2
1000620c:	4281      	cmp	r1, r0
1000620e:	d802      	bhi.n	10006216 <advance_index+0x10>
10006210:	005a      	lsls	r2, r3, #1
10006212:	4290      	cmp	r0, r2
10006214:	db03      	blt.n	1000621e <advance_index+0x18>
10006216:	005b      	lsls	r3, r3, #1
10006218:	b29b      	uxth	r3, r3
1000621a:	1ac0      	subs	r0, r0, r3
1000621c:	b280      	uxth	r0, r0
1000621e:	4770      	bx	lr

10006220 <_tu_fifo_peek>:
10006220:	b570      	push	{r4, r5, r6, lr}
10006222:	000e      	movs	r6, r1
10006224:	0014      	movs	r4, r2
10006226:	8881      	ldrh	r1, [r0, #4]
10006228:	429a      	cmp	r2, r3
1000622a:	d30b      	bcc.n	10006244 <_tu_fifo_peek+0x24>
1000622c:	1ad2      	subs	r2, r2, r3
1000622e:	b292      	uxth	r2, r2
10006230:	2a00      	cmp	r2, #0
10006232:	d020      	beq.n	10006276 <_tu_fifo_peek+0x56>
10006234:	4291      	cmp	r1, r2
10006236:	d211      	bcs.n	1000625c <_tu_fifo_peek+0x3c>
10006238:	42a1      	cmp	r1, r4
1000623a:	d80a      	bhi.n	10006252 <_tu_fifo_peek+0x32>
1000623c:	1a64      	subs	r4, r4, r1
1000623e:	b2a3      	uxth	r3, r4
10006240:	8143      	strh	r3, [r0, #10]
10006242:	e00b      	b.n	1000625c <_tu_fifo_peek+0x3c>
10006244:	1ad2      	subs	r2, r2, r3
10006246:	b292      	uxth	r2, r2
10006248:	004d      	lsls	r5, r1, #1
1000624a:	46ac      	mov	ip, r5
1000624c:	4462      	add	r2, ip
1000624e:	b292      	uxth	r2, r2
10006250:	e7ee      	b.n	10006230 <_tu_fifo_peek+0x10>
10006252:	190c      	adds	r4, r1, r4
10006254:	b2a3      	uxth	r3, r4
10006256:	e7f3      	b.n	10006240 <_tu_fifo_peek+0x20>
10006258:	1a5b      	subs	r3, r3, r1
1000625a:	b29b      	uxth	r3, r3
1000625c:	4299      	cmp	r1, r3
1000625e:	d9fb      	bls.n	10006258 <_tu_fifo_peek+0x38>
10006260:	6801      	ldr	r1, [r0, #0]
10006262:	88c2      	ldrh	r2, [r0, #6]
10006264:	0452      	lsls	r2, r2, #17
10006266:	0c52      	lsrs	r2, r2, #17
10006268:	4353      	muls	r3, r2
1000626a:	18c9      	adds	r1, r1, r3
1000626c:	0030      	movs	r0, r6
1000626e:	f7fc fbe1 	bl	10002a34 <__wrap___aeabi_memcpy>
10006272:	2001      	movs	r0, #1
10006274:	bd70      	pop	{r4, r5, r6, pc}
10006276:	2000      	movs	r0, #0
10006278:	e7fc      	b.n	10006274 <_tu_fifo_peek+0x54>

1000627a <_ff_pull_n>:
1000627a:	b5f8      	push	{r3, r4, r5, r6, r7, lr}
1000627c:	46ce      	mov	lr, r9
1000627e:	4647      	mov	r7, r8
10006280:	b580      	push	{r7, lr}
10006282:	0004      	movs	r4, r0
10006284:	000f      	movs	r7, r1
10006286:	0018      	movs	r0, r3
10006288:	ab08      	add	r3, sp, #32
1000628a:	781b      	ldrb	r3, [r3, #0]
1000628c:	469c      	mov	ip, r3
1000628e:	88a3      	ldrh	r3, [r4, #4]
10006290:	1a19      	subs	r1, r3, r0
10006292:	b289      	uxth	r1, r1
10006294:	1ac3      	subs	r3, r0, r3
10006296:	18d3      	adds	r3, r2, r3
10006298:	b29b      	uxth	r3, r3
1000629a:	88e5      	ldrh	r5, [r4, #6]
1000629c:	046d      	lsls	r5, r5, #17
1000629e:	0c6d      	lsrs	r5, r5, #17
100062a0:	000e      	movs	r6, r1
100062a2:	436e      	muls	r6, r5
100062a4:	b2b6      	uxth	r6, r6
100062a6:	46b0      	mov	r8, r6
100062a8:	436b      	muls	r3, r5
100062aa:	b29b      	uxth	r3, r3
100062ac:	4699      	mov	r9, r3
100062ae:	6823      	ldr	r3, [r4, #0]
100062b0:	4368      	muls	r0, r5
100062b2:	181b      	adds	r3, r3, r0
100062b4:	4666      	mov	r6, ip
100062b6:	2e00      	cmp	r6, #0
100062b8:	d106      	bne.n	100062c8 <_ff_pull_n+0x4e>
100062ba:	4291      	cmp	r1, r2
100062bc:	d308      	bcc.n	100062d0 <_ff_pull_n+0x56>
100062be:	436a      	muls	r2, r5
100062c0:	0019      	movs	r1, r3
100062c2:	0038      	movs	r0, r7
100062c4:	f7fc fbb6 	bl	10002a34 <__wrap___aeabi_memcpy>
100062c8:	bcc0      	pop	{r6, r7}
100062ca:	46b9      	mov	r9, r7
100062cc:	46b0      	mov	r8, r6
100062ce:	bdf8      	pop	{r3, r4, r5, r6, r7, pc}
100062d0:	4646      	mov	r6, r8
100062d2:	0032      	movs	r2, r6
100062d4:	0019      	movs	r1, r3
100062d6:	0038      	movs	r0, r7
100062d8:	f7fc fbac 	bl	10002a34 <__wrap___aeabi_memcpy>
100062dc:	6821      	ldr	r1, [r4, #0]
100062de:	0038      	movs	r0, r7
100062e0:	4440      	add	r0, r8
100062e2:	464a      	mov	r2, r9
100062e4:	f7fc fba6 	bl	10002a34 <__wrap___aeabi_memcpy>
100062e8:	e7ee      	b.n	100062c8 <_ff_pull_n+0x4e>

100062ea <_tu_fifo_peek_n>:
100062ea:	b5f0      	push	{r4, r5, r6, r7, lr}
100062ec:	46c6      	mov	lr, r8
100062ee:	b500      	push	{lr}
100062f0:	b082      	sub	sp, #8
100062f2:	000e      	movs	r6, r1
100062f4:	0017      	movs	r7, r2
100062f6:	0019      	movs	r1, r3
100062f8:	ab08      	add	r3, sp, #32
100062fa:	881b      	ldrh	r3, [r3, #0]
100062fc:	aa09      	add	r2, sp, #36	@ 0x24
100062fe:	7812      	ldrb	r2, [r2, #0]
10006300:	4694      	mov	ip, r2
10006302:	8882      	ldrh	r2, [r0, #4]
10006304:	4299      	cmp	r1, r3
10006306:	d30f      	bcc.n	10006328 <_tu_fifo_peek_n+0x3e>
10006308:	1acc      	subs	r4, r1, r3
1000630a:	b2a4      	uxth	r4, r4
1000630c:	2c00      	cmp	r4, #0
1000630e:	d01f      	beq.n	10006350 <_tu_fifo_peek_n+0x66>
10006310:	42a2      	cmp	r2, r4
10006312:	d205      	bcs.n	10006320 <_tu_fifo_peek_n+0x36>
10006314:	428a      	cmp	r2, r1
10006316:	d80e      	bhi.n	10006336 <_tu_fifo_peek_n+0x4c>
10006318:	1a8b      	subs	r3, r1, r2
1000631a:	b29b      	uxth	r3, r3
1000631c:	8143      	strh	r3, [r0, #10]
1000631e:	0014      	movs	r4, r2
10006320:	42bc      	cmp	r4, r7
10006322:	d30d      	bcc.n	10006340 <_tu_fifo_peek_n+0x56>
10006324:	003c      	movs	r4, r7
10006326:	e00b      	b.n	10006340 <_tu_fifo_peek_n+0x56>
10006328:	1acc      	subs	r4, r1, r3
1000632a:	b2a4      	uxth	r4, r4
1000632c:	0055      	lsls	r5, r2, #1
1000632e:	46a8      	mov	r8, r5
10006330:	4444      	add	r4, r8
10006332:	b2a4      	uxth	r4, r4
10006334:	e7ea      	b.n	1000630c <_tu_fifo_peek_n+0x22>
10006336:	1851      	adds	r1, r2, r1
10006338:	b28b      	uxth	r3, r1
1000633a:	e7ef      	b.n	1000631c <_tu_fifo_peek_n+0x32>
1000633c:	1a9b      	subs	r3, r3, r2
1000633e:	b29b      	uxth	r3, r3
10006340:	429a      	cmp	r2, r3
10006342:	d9fb      	bls.n	1000633c <_tu_fifo_peek_n+0x52>
10006344:	4662      	mov	r2, ip
10006346:	9200      	str	r2, [sp, #0]
10006348:	0022      	movs	r2, r4
1000634a:	0031      	movs	r1, r6
1000634c:	f7ff ff95 	bl	1000627a <_ff_pull_n>
10006350:	0020      	movs	r0, r4
10006352:	b002      	add	sp, #8
10006354:	bc80      	pop	{r7}
10006356:	46b8      	mov	r8, r7
10006358:	bdf0      	pop	{r4, r5, r6, r7, pc}

1000635a <_tu_fifo_read_n>:
1000635a:	b5f0      	push	{r4, r5, r6, r7, lr}
1000635c:	b083      	sub	sp, #12
1000635e:	0004      	movs	r4, r0
10006360:	000d      	movs	r5, r1
10006362:	0016      	movs	r6, r2
10006364:	001f      	movs	r7, r3
10006366:	6900      	ldr	r0, [r0, #16]
10006368:	2800      	cmp	r0, #0
1000636a:	d003      	beq.n	10006374 <_tu_fifo_read_n+0x1a>
1000636c:	2101      	movs	r1, #1
1000636e:	4249      	negs	r1, r1
10006370:	f000 fb6e 	bl	10006a50 <__mutex_enter_timeout_ms_veneer>
10006374:	8923      	ldrh	r3, [r4, #8]
10006376:	b29b      	uxth	r3, r3
10006378:	8962      	ldrh	r2, [r4, #10]
1000637a:	9701      	str	r7, [sp, #4]
1000637c:	9200      	str	r2, [sp, #0]
1000637e:	0032      	movs	r2, r6
10006380:	0029      	movs	r1, r5
10006382:	0020      	movs	r0, r4
10006384:	f7ff ffb1 	bl	100062ea <_tu_fifo_peek_n>
10006388:	0002      	movs	r2, r0
1000638a:	0005      	movs	r5, r0
1000638c:	8961      	ldrh	r1, [r4, #10]
1000638e:	b289      	uxth	r1, r1
10006390:	88a0      	ldrh	r0, [r4, #4]
10006392:	f7ff ff38 	bl	10006206 <advance_index>
10006396:	8160      	strh	r0, [r4, #10]
10006398:	6920      	ldr	r0, [r4, #16]
1000639a:	2800      	cmp	r0, #0
1000639c:	d001      	beq.n	100063a2 <_tu_fifo_read_n+0x48>
1000639e:	f000 fbb7 	bl	10006b10 <__mutex_exit_veneer>
100063a2:	0028      	movs	r0, r5
100063a4:	b003      	add	sp, #12
100063a6:	bdf0      	pop	{r4, r5, r6, r7, pc}

100063a8 <_ff_push_n>:
100063a8:	b5f8      	push	{r3, r4, r5, r6, r7, lr}
100063aa:	46ce      	mov	lr, r9
100063ac:	4647      	mov	r7, r8
100063ae:	b580      	push	{r7, lr}
100063b0:	0004      	movs	r4, r0
100063b2:	000f      	movs	r7, r1
100063b4:	0019      	movs	r1, r3
100063b6:	ab08      	add	r3, sp, #32
100063b8:	781b      	ldrb	r3, [r3, #0]
100063ba:	469c      	mov	ip, r3
100063bc:	8883      	ldrh	r3, [r0, #4]
100063be:	1a58      	subs	r0, r3, r1
100063c0:	b280      	uxth	r0, r0
100063c2:	1acb      	subs	r3, r1, r3
100063c4:	18d3      	adds	r3, r2, r3
100063c6:	b29b      	uxth	r3, r3
100063c8:	88e5      	ldrh	r5, [r4, #6]
100063ca:	046d      	lsls	r5, r5, #17
100063cc:	0c6d      	lsrs	r5, r5, #17
100063ce:	0006      	movs	r6, r0
100063d0:	436e      	muls	r6, r5
100063d2:	b2b6      	uxth	r6, r6
100063d4:	46b0      	mov	r8, r6
100063d6:	436b      	muls	r3, r5
100063d8:	b29b      	uxth	r3, r3
100063da:	4699      	mov	r9, r3
100063dc:	6823      	ldr	r3, [r4, #0]
100063de:	4369      	muls	r1, r5
100063e0:	185b      	adds	r3, r3, r1
100063e2:	4666      	mov	r6, ip
100063e4:	2e00      	cmp	r6, #0
100063e6:	d106      	bne.n	100063f6 <_ff_push_n+0x4e>
100063e8:	4290      	cmp	r0, r2
100063ea:	d308      	bcc.n	100063fe <_ff_push_n+0x56>
100063ec:	436a      	muls	r2, r5
100063ee:	0039      	movs	r1, r7
100063f0:	0018      	movs	r0, r3
100063f2:	f7fc fb1f 	bl	10002a34 <__wrap___aeabi_memcpy>
100063f6:	bcc0      	pop	{r6, r7}
100063f8:	46b9      	mov	r9, r7
100063fa:	46b0      	mov	r8, r6
100063fc:	bdf8      	pop	{r3, r4, r5, r6, r7, pc}
100063fe:	4646      	mov	r6, r8
10006400:	0032      	movs	r2, r6
10006402:	0039      	movs	r1, r7
10006404:	0018      	movs	r0, r3
10006406:	f7fc fb15 	bl	10002a34 <__wrap___aeabi_memcpy>
1000640a:	6820      	ldr	r0, [r4, #0]
1000640c:	0039      	movs	r1, r7
1000640e:	4441      	add	r1, r8
10006410:	464a      	mov	r2, r9
10006412:	f7fc fb0f 	bl	10002a34 <__wrap___aeabi_memcpy>
10006416:	e7ee      	b.n	100063f6 <_ff_push_n+0x4e>

10006418 <_tu_fifo_write_n>:
10006418:	b5f0      	push	{r4, r5, r6, r7, lr}
1000641a:	b085      	sub	sp, #20
1000641c:	0004      	movs	r4, r0
1000641e:	9103      	str	r1, [sp, #12]
10006420:	1e15      	subs	r5, r2, #0
10006422:	9302      	str	r3, [sp, #8]
10006424:	d100      	bne.n	10006428 <_tu_fifo_write_n+0x10>
10006426:	e06d      	b.n	10006504 <_tu_fifo_write_n+0xec>
10006428:	68c0      	ldr	r0, [r0, #12]
1000642a:	2800      	cmp	r0, #0
1000642c:	d003      	beq.n	10006436 <_tu_fifo_write_n+0x1e>
1000642e:	2101      	movs	r1, #1
10006430:	4249      	negs	r1, r1
10006432:	f000 fb0d 	bl	10006a50 <__mutex_enter_timeout_ms_veneer>
10006436:	8927      	ldrh	r7, [r4, #8]
10006438:	b2bf      	uxth	r7, r7
1000643a:	8961      	ldrh	r1, [r4, #10]
1000643c:	b289      	uxth	r1, r1
1000643e:	79e3      	ldrb	r3, [r4, #7]
10006440:	09db      	lsrs	r3, r3, #7
10006442:	d118      	bne.n	10006476 <_tu_fifo_write_n+0x5e>
10006444:	88a3      	ldrh	r3, [r4, #4]
10006446:	428f      	cmp	r7, r1
10006448:	d30f      	bcc.n	1000646a <_tu_fifo_write_n+0x52>
1000644a:	1a79      	subs	r1, r7, r1
1000644c:	b289      	uxth	r1, r1
1000644e:	428b      	cmp	r3, r1
10006450:	d956      	bls.n	10006500 <_tu_fifo_write_n+0xe8>
10006452:	1a5b      	subs	r3, r3, r1
10006454:	b29b      	uxth	r3, r3
10006456:	1c2e      	adds	r6, r5, #0
10006458:	429d      	cmp	r5, r3
1000645a:	d900      	bls.n	1000645e <_tu_fifo_write_n+0x46>
1000645c:	1c1e      	adds	r6, r3, #0
1000645e:	b2b6      	uxth	r6, r6
10006460:	2e00      	cmp	r6, #0
10006462:	d045      	beq.n	100064f0 <_tu_fifo_write_n+0xd8>
10006464:	88a2      	ldrh	r2, [r4, #4]
10006466:	003b      	movs	r3, r7
10006468:	e033      	b.n	100064d2 <_tu_fifo_write_n+0xba>
1000646a:	1a79      	subs	r1, r7, r1
1000646c:	b289      	uxth	r1, r1
1000646e:	005a      	lsls	r2, r3, #1
10006470:	1889      	adds	r1, r1, r2
10006472:	b289      	uxth	r1, r1
10006474:	e7eb      	b.n	1000644e <_tu_fifo_write_n+0x36>
10006476:	88a6      	ldrh	r6, [r4, #4]
10006478:	42ae      	cmp	r6, r5
1000647a:	d80e      	bhi.n	1000649a <_tu_fifo_write_n+0x82>
1000647c:	9b02      	ldr	r3, [sp, #8]
1000647e:	2b00      	cmp	r3, #0
10006480:	d121      	bne.n	100064c6 <_tu_fifo_write_n+0xae>
10006482:	1bab      	subs	r3, r5, r6
10006484:	88e5      	ldrh	r5, [r4, #6]
10006486:	046d      	lsls	r5, r5, #17
10006488:	0c6d      	lsrs	r5, r5, #17
1000648a:	435d      	muls	r5, r3
1000648c:	9b03      	ldr	r3, [sp, #12]
1000648e:	469c      	mov	ip, r3
10006490:	44ac      	add	ip, r5
10006492:	4663      	mov	r3, ip
10006494:	9303      	str	r3, [sp, #12]
10006496:	000f      	movs	r7, r1
10006498:	e7e2      	b.n	10006460 <_tu_fifo_write_n+0x48>
1000649a:	428f      	cmp	r7, r1
1000649c:	d30d      	bcc.n	100064ba <_tu_fifo_write_n+0xa2>
1000649e:	1a7b      	subs	r3, r7, r1
100064a0:	b29b      	uxth	r3, r3
100064a2:	195b      	adds	r3, r3, r5
100064a4:	0072      	lsls	r2, r6, #1
100064a6:	4293      	cmp	r3, r2
100064a8:	db0f      	blt.n	100064ca <_tu_fifo_write_n+0xb2>
100064aa:	1b72      	subs	r2, r6, r5
100064ac:	b292      	uxth	r2, r2
100064ae:	0030      	movs	r0, r6
100064b0:	f7ff fea9 	bl	10006206 <advance_index>
100064b4:	0007      	movs	r7, r0
100064b6:	002e      	movs	r6, r5
100064b8:	e7d2      	b.n	10006460 <_tu_fifo_write_n+0x48>
100064ba:	1a7b      	subs	r3, r7, r1
100064bc:	b29b      	uxth	r3, r3
100064be:	0072      	lsls	r2, r6, #1
100064c0:	189b      	adds	r3, r3, r2
100064c2:	b29b      	uxth	r3, r3
100064c4:	e7ed      	b.n	100064a2 <_tu_fifo_write_n+0x8a>
100064c6:	000f      	movs	r7, r1
100064c8:	e7ca      	b.n	10006460 <_tu_fifo_write_n+0x48>
100064ca:	002e      	movs	r6, r5
100064cc:	e7c8      	b.n	10006460 <_tu_fifo_write_n+0x48>
100064ce:	1a9b      	subs	r3, r3, r2
100064d0:	b29b      	uxth	r3, r3
100064d2:	429a      	cmp	r2, r3
100064d4:	d9fb      	bls.n	100064ce <_tu_fifo_write_n+0xb6>
100064d6:	9a02      	ldr	r2, [sp, #8]
100064d8:	9200      	str	r2, [sp, #0]
100064da:	0032      	movs	r2, r6
100064dc:	9903      	ldr	r1, [sp, #12]
100064de:	0020      	movs	r0, r4
100064e0:	f7ff ff62 	bl	100063a8 <_ff_push_n>
100064e4:	88a0      	ldrh	r0, [r4, #4]
100064e6:	0032      	movs	r2, r6
100064e8:	0039      	movs	r1, r7
100064ea:	f7ff fe8c 	bl	10006206 <advance_index>
100064ee:	8120      	strh	r0, [r4, #8]
100064f0:	68e0      	ldr	r0, [r4, #12]
100064f2:	2800      	cmp	r0, #0
100064f4:	d001      	beq.n	100064fa <_tu_fifo_write_n+0xe2>
100064f6:	f000 fb0b 	bl	10006b10 <__mutex_exit_veneer>
100064fa:	0030      	movs	r0, r6
100064fc:	b005      	add	sp, #20
100064fe:	bdf0      	pop	{r4, r5, r6, r7, pc}
10006500:	2600      	movs	r6, #0
10006502:	e7f5      	b.n	100064f0 <_tu_fifo_write_n+0xd8>
10006504:	0016      	movs	r6, r2
10006506:	e7f8      	b.n	100064fa <_tu_fifo_write_n+0xe2>

10006508 <tu_fifo_config>:
10006508:	b5f0      	push	{r4, r5, r6, r7, lr}
1000650a:	46c6      	mov	lr, r8
1000650c:	b500      	push	{lr}
1000650e:	0004      	movs	r4, r0
10006510:	000d      	movs	r5, r1
10006512:	0016      	movs	r6, r2
10006514:	001f      	movs	r7, r3
10006516:	ab06      	add	r3, sp, #24
10006518:	781b      	ldrb	r3, [r3, #0]
1000651a:	4698      	mov	r8, r3
1000651c:	2380      	movs	r3, #128	@ 0x80
1000651e:	021b      	lsls	r3, r3, #8
10006520:	429a      	cmp	r2, r3
10006522:	d82e      	bhi.n	10006582 <tu_fifo_config+0x7a>
10006524:	68c0      	ldr	r0, [r0, #12]
10006526:	2800      	cmp	r0, #0
10006528:	d003      	beq.n	10006532 <tu_fifo_config+0x2a>
1000652a:	2101      	movs	r1, #1
1000652c:	4249      	negs	r1, r1
1000652e:	f000 fa8f 	bl	10006a50 <__mutex_enter_timeout_ms_veneer>
10006532:	6920      	ldr	r0, [r4, #16]
10006534:	2800      	cmp	r0, #0
10006536:	d003      	beq.n	10006540 <tu_fifo_config+0x38>
10006538:	2101      	movs	r1, #1
1000653a:	4249      	negs	r1, r1
1000653c:	f000 fa88 	bl	10006a50 <__mutex_enter_timeout_ms_veneer>
10006540:	6025      	str	r5, [r4, #0]
10006542:	80a6      	strh	r6, [r4, #4]
10006544:	047a      	lsls	r2, r7, #17
10006546:	0c52      	lsrs	r2, r2, #17
10006548:	88e3      	ldrh	r3, [r4, #6]
1000654a:	0bdb      	lsrs	r3, r3, #15
1000654c:	03db      	lsls	r3, r3, #15
1000654e:	4313      	orrs	r3, r2
10006550:	80e3      	strh	r3, [r4, #6]
10006552:	4643      	mov	r3, r8
10006554:	01da      	lsls	r2, r3, #7
10006556:	79e1      	ldrb	r1, [r4, #7]
10006558:	237f      	movs	r3, #127	@ 0x7f
1000655a:	400b      	ands	r3, r1
1000655c:	4313      	orrs	r3, r2
1000655e:	71e3      	strb	r3, [r4, #7]
10006560:	2300      	movs	r3, #0
10006562:	8163      	strh	r3, [r4, #10]
10006564:	8123      	strh	r3, [r4, #8]
10006566:	68e0      	ldr	r0, [r4, #12]
10006568:	2800      	cmp	r0, #0
1000656a:	d001      	beq.n	10006570 <tu_fifo_config+0x68>
1000656c:	f000 fad0 	bl	10006b10 <__mutex_exit_veneer>
10006570:	6920      	ldr	r0, [r4, #16]
10006572:	2800      	cmp	r0, #0
10006574:	d007      	beq.n	10006586 <tu_fifo_config+0x7e>
10006576:	f000 facb 	bl	10006b10 <__mutex_exit_veneer>
1000657a:	2001      	movs	r0, #1
1000657c:	bc80      	pop	{r7}
1000657e:	46b8      	mov	r8, r7
10006580:	bdf0      	pop	{r4, r5, r6, r7, pc}
10006582:	2000      	movs	r0, #0
10006584:	e7fa      	b.n	1000657c <tu_fifo_config+0x74>
10006586:	2001      	movs	r0, #1
10006588:	e7f8      	b.n	1000657c <tu_fifo_config+0x74>

1000658a <tu_fifo_count>:
1000658a:	b510      	push	{r4, lr}
1000658c:	8882      	ldrh	r2, [r0, #4]
1000658e:	8901      	ldrh	r1, [r0, #8]
10006590:	b28b      	uxth	r3, r1
10006592:	8940      	ldrh	r0, [r0, #10]
10006594:	b284      	uxth	r4, r0
10006596:	4288      	cmp	r0, r1
10006598:	d807      	bhi.n	100065aa <tu_fifo_count+0x20>
1000659a:	1b1b      	subs	r3, r3, r4
1000659c:	b29b      	uxth	r3, r3
1000659e:	1c10      	adds	r0, r2, #0
100065a0:	429a      	cmp	r2, r3
100065a2:	d900      	bls.n	100065a6 <tu_fifo_count+0x1c>
100065a4:	1c18      	adds	r0, r3, #0
100065a6:	b280      	uxth	r0, r0
100065a8:	bd10      	pop	{r4, pc}
100065aa:	1b1b      	subs	r3, r3, r4
100065ac:	b29b      	uxth	r3, r3
100065ae:	0051      	lsls	r1, r2, #1
100065b0:	185b      	adds	r3, r3, r1
100065b2:	b29b      	uxth	r3, r3
100065b4:	e7f3      	b.n	1000659e <tu_fifo_count+0x14>

100065b6 <tu_fifo_empty>:
100065b6:	8903      	ldrh	r3, [r0, #8]
100065b8:	8940      	ldrh	r0, [r0, #10]
100065ba:	1a18      	subs	r0, r3, r0
100065bc:	4243      	negs	r3, r0
100065be:	4158      	adcs	r0, r3
100065c0:	b2c0      	uxtb	r0, r0
100065c2:	4770      	bx	lr

100065c4 <tu_fifo_full>:
100065c4:	8883      	ldrh	r3, [r0, #4]
100065c6:	469c      	mov	ip, r3
100065c8:	8902      	ldrh	r2, [r0, #8]
100065ca:	b293      	uxth	r3, r2
100065cc:	8941      	ldrh	r1, [r0, #10]
100065ce:	b288      	uxth	r0, r1
100065d0:	4291      	cmp	r1, r2
100065d2:	d807      	bhi.n	100065e4 <tu_fifo_full+0x20>
100065d4:	1a1b      	subs	r3, r3, r0
100065d6:	b29b      	uxth	r3, r3
100065d8:	2000      	movs	r0, #0
100065da:	4662      	mov	r2, ip
100065dc:	4293      	cmp	r3, r2
100065de:	4140      	adcs	r0, r0
100065e0:	b2c0      	uxtb	r0, r0
100065e2:	4770      	bx	lr
100065e4:	1a1b      	subs	r3, r3, r0
100065e6:	b29b      	uxth	r3, r3
100065e8:	4662      	mov	r2, ip
100065ea:	0052      	lsls	r2, r2, #1
100065ec:	189b      	adds	r3, r3, r2
100065ee:	b29b      	uxth	r3, r3
100065f0:	e7f2      	b.n	100065d8 <tu_fifo_full+0x14>

100065f2 <tu_fifo_remaining>:
100065f2:	b510      	push	{r4, lr}
100065f4:	8882      	ldrh	r2, [r0, #4]
100065f6:	8901      	ldrh	r1, [r0, #8]
100065f8:	b28b      	uxth	r3, r1
100065fa:	8940      	ldrh	r0, [r0, #10]
100065fc:	b284      	uxth	r4, r0
100065fe:	4288      	cmp	r0, r1
10006600:	d806      	bhi.n	10006610 <tu_fifo_remaining+0x1e>
10006602:	1b1b      	subs	r3, r3, r4
10006604:	b29b      	uxth	r3, r3
10006606:	429a      	cmp	r2, r3
10006608:	d908      	bls.n	1000661c <tu_fifo_remaining+0x2a>
1000660a:	1ad0      	subs	r0, r2, r3
1000660c:	b280      	uxth	r0, r0
1000660e:	bd10      	pop	{r4, pc}
10006610:	1b1b      	subs	r3, r3, r4
10006612:	b29b      	uxth	r3, r3
10006614:	0051      	lsls	r1, r2, #1
10006616:	185b      	adds	r3, r3, r1
10006618:	b29b      	uxth	r3, r3
1000661a:	e7f4      	b.n	10006606 <tu_fifo_remaining+0x14>
1000661c:	2000      	movs	r0, #0
1000661e:	e7f6      	b.n	1000660e <tu_fifo_remaining+0x1c>

10006620 <tu_fifo_read>:
10006620:	b570      	push	{r4, r5, r6, lr}
10006622:	0004      	movs	r4, r0
10006624:	000d      	movs	r5, r1
10006626:	6900      	ldr	r0, [r0, #16]
10006628:	2800      	cmp	r0, #0
1000662a:	d003      	beq.n	10006634 <tu_fifo_read+0x14>
1000662c:	2101      	movs	r1, #1
1000662e:	4249      	negs	r1, r1
10006630:	f000 fa0e 	bl	10006a50 <__mutex_enter_timeout_ms_veneer>
10006634:	8922      	ldrh	r2, [r4, #8]
10006636:	b292      	uxth	r2, r2
10006638:	8963      	ldrh	r3, [r4, #10]
1000663a:	b29b      	uxth	r3, r3
1000663c:	0029      	movs	r1, r5
1000663e:	0020      	movs	r0, r4
10006640:	f7ff fdee 	bl	10006220 <_tu_fifo_peek>
10006644:	0002      	movs	r2, r0
10006646:	0005      	movs	r5, r0
10006648:	8961      	ldrh	r1, [r4, #10]
1000664a:	b289      	uxth	r1, r1
1000664c:	88a0      	ldrh	r0, [r4, #4]
1000664e:	f7ff fdda 	bl	10006206 <advance_index>
10006652:	8160      	strh	r0, [r4, #10]
10006654:	6920      	ldr	r0, [r4, #16]
10006656:	2800      	cmp	r0, #0
10006658:	d001      	beq.n	1000665e <tu_fifo_read+0x3e>
1000665a:	f000 fa59 	bl	10006b10 <__mutex_exit_veneer>
1000665e:	0028      	movs	r0, r5
10006660:	bd70      	pop	{r4, r5, r6, pc}

10006662 <tu_fifo_read_n>:
10006662:	b510      	push	{r4, lr}
10006664:	2300      	movs	r3, #0
10006666:	f7ff fe78 	bl	1000635a <_tu_fifo_read_n>
1000666a:	bd10      	pop	{r4, pc}

1000666c <tu_fifo_write>:
1000666c:	b5f8      	push	{r3, r4, r5, r6, r7, lr}
1000666e:	0004      	movs	r4, r0
10006670:	000f      	movs	r7, r1
10006672:	68c0      	ldr	r0, [r0, #12]
10006674:	2800      	cmp	r0, #0
10006676:	d003      	beq.n	10006680 <tu_fifo_write+0x14>
10006678:	2101      	movs	r1, #1
1000667a:	4249      	negs	r1, r1
1000667c:	f000 f9e8 	bl	10006a50 <__mutex_enter_timeout_ms_veneer>
10006680:	8923      	ldrh	r3, [r4, #8]
10006682:	b29b      	uxth	r3, r3
10006684:	001e      	movs	r6, r3
10006686:	0020      	movs	r0, r4
10006688:	f7ff ff9c 	bl	100065c4 <tu_fifo_full>
1000668c:	2800      	cmp	r0, #0
1000668e:	d002      	beq.n	10006696 <tu_fifo_write+0x2a>
10006690:	79e5      	ldrb	r5, [r4, #7]
10006692:	09ed      	lsrs	r5, r5, #7
10006694:	d016      	beq.n	100066c4 <tu_fifo_write+0x58>
10006696:	88a2      	ldrh	r2, [r4, #4]
10006698:	0033      	movs	r3, r6
1000669a:	e001      	b.n	100066a0 <tu_fifo_write+0x34>
1000669c:	1a9b      	subs	r3, r3, r2
1000669e:	b29b      	uxth	r3, r3
100066a0:	429a      	cmp	r2, r3
100066a2:	d9fb      	bls.n	1000669c <tu_fifo_write+0x30>
100066a4:	6820      	ldr	r0, [r4, #0]
100066a6:	88e2      	ldrh	r2, [r4, #6]
100066a8:	0452      	lsls	r2, r2, #17
100066aa:	0c52      	lsrs	r2, r2, #17
100066ac:	4353      	muls	r3, r2
100066ae:	18c0      	adds	r0, r0, r3
100066b0:	0039      	movs	r1, r7
100066b2:	f7fc f9bf 	bl	10002a34 <__wrap___aeabi_memcpy>
100066b6:	88a0      	ldrh	r0, [r4, #4]
100066b8:	2201      	movs	r2, #1
100066ba:	0031      	movs	r1, r6
100066bc:	f7ff fda3 	bl	10006206 <advance_index>
100066c0:	8120      	strh	r0, [r4, #8]
100066c2:	2501      	movs	r5, #1
100066c4:	68e0      	ldr	r0, [r4, #12]
100066c6:	2800      	cmp	r0, #0
100066c8:	d001      	beq.n	100066ce <tu_fifo_write+0x62>
100066ca:	f000 fa21 	bl	10006b10 <__mutex_exit_veneer>
100066ce:	0028      	movs	r0, r5
100066d0:	bdf8      	pop	{r3, r4, r5, r6, r7, pc}

100066d2 <tu_fifo_write_n>:
100066d2:	b510      	push	{r4, lr}
100066d4:	2300      	movs	r3, #0
100066d6:	f7ff fe9f 	bl	10006418 <_tu_fifo_write_n>
100066da:	bd10      	pop	{r4, pc}

100066dc <tu_fifo_clear>:
100066dc:	b510      	push	{r4, lr}
100066de:	0004      	movs	r4, r0
100066e0:	68c0      	ldr	r0, [r0, #12]
100066e2:	2800      	cmp	r0, #0
100066e4:	d003      	beq.n	100066ee <tu_fifo_clear+0x12>
100066e6:	2101      	movs	r1, #1
100066e8:	4249      	negs	r1, r1
100066ea:	f000 f9b1 	bl	10006a50 <__mutex_enter_timeout_ms_veneer>
100066ee:	6920      	ldr	r0, [r4, #16]
100066f0:	2800      	cmp	r0, #0
100066f2:	d003      	beq.n	100066fc <tu_fifo_clear+0x20>
100066f4:	2101      	movs	r1, #1
100066f6:	4249      	negs	r1, r1
100066f8:	f000 f9aa 	bl	10006a50 <__mutex_enter_timeout_ms_veneer>
100066fc:	2300      	movs	r3, #0
100066fe:	8163      	strh	r3, [r4, #10]
10006700:	8123      	strh	r3, [r4, #8]
10006702:	68e0      	ldr	r0, [r4, #12]
10006704:	2800      	cmp	r0, #0
10006706:	d001      	beq.n	1000670c <tu_fifo_clear+0x30>
10006708:	f000 fa02 	bl	10006b10 <__mutex_exit_veneer>
1000670c:	6920      	ldr	r0, [r4, #16]
1000670e:	2800      	cmp	r0, #0
10006710:	d001      	beq.n	10006716 <tu_fifo_clear+0x3a>
10006712:	f000 f9fd 	bl	10006b10 <__mutex_exit_veneer>
10006716:	2001      	movs	r0, #1
10006718:	bd10      	pop	{r4, pc}

1000671a <tu_fifo_set_overwritable>:
1000671a:	b570      	push	{r4, r5, r6, lr}
1000671c:	0004      	movs	r4, r0
1000671e:	000d      	movs	r5, r1
10006720:	68c0      	ldr	r0, [r0, #12]
10006722:	2800      	cmp	r0, #0
10006724:	d003      	beq.n	1000672e <tu_fifo_set_overwritable+0x14>
10006726:	2101      	movs	r1, #1
10006728:	4249      	negs	r1, r1
1000672a:	f000 f991 	bl	10006a50 <__mutex_enter_timeout_ms_veneer>
1000672e:	6920      	ldr	r0, [r4, #16]
10006730:	2800      	cmp	r0, #0
10006732:	d003      	beq.n	1000673c <tu_fifo_set_overwritable+0x22>
10006734:	2101      	movs	r1, #1
10006736:	4249      	negs	r1, r1
10006738:	f000 f98a 	bl	10006a50 <__mutex_enter_timeout_ms_veneer>
1000673c:	01eb      	lsls	r3, r5, #7
1000673e:	79e2      	ldrb	r2, [r4, #7]
10006740:	217f      	movs	r1, #127	@ 0x7f
10006742:	4011      	ands	r1, r2
10006744:	4319      	orrs	r1, r3
10006746:	71e1      	strb	r1, [r4, #7]
10006748:	68e0      	ldr	r0, [r4, #12]
1000674a:	2800      	cmp	r0, #0
1000674c:	d001      	beq.n	10006752 <tu_fifo_set_overwritable+0x38>
1000674e:	f000 f9df 	bl	10006b10 <__mutex_exit_veneer>
10006752:	6920      	ldr	r0, [r4, #16]
10006754:	2800      	cmp	r0, #0
10006756:	d001      	beq.n	1000675c <tu_fifo_set_overwritable+0x42>
10006758:	f000 f9da 	bl	10006b10 <__mutex_exit_veneer>
1000675c:	2001      	movs	r0, #1
1000675e:	bd70      	pop	{r4, r5, r6, pc}

10006760 <pio_get_default_sm_config>:
10006760:	b510      	push	{r4, lr}
10006762:	0004      	movs	r4, r0
10006764:	2210      	movs	r2, #16
10006766:	2100      	movs	r1, #0
10006768:	f7fc f95e 	bl	10002a28 <__wrap_memset>
1000676c:	2380      	movs	r3, #128	@ 0x80
1000676e:	025b      	lsls	r3, r3, #9
10006770:	6023      	str	r3, [r4, #0]
10006772:	23f8      	movs	r3, #248	@ 0xf8
10006774:	025b      	lsls	r3, r3, #9
10006776:	6063      	str	r3, [r4, #4]
10006778:	2380      	movs	r3, #128	@ 0x80
1000677a:	02db      	lsls	r3, r3, #11
1000677c:	60a3      	str	r3, [r4, #8]
1000677e:	23c0      	movs	r3, #192	@ 0xc0
10006780:	031b      	lsls	r3, r3, #12
10006782:	60a3      	str	r3, [r4, #8]
10006784:	0020      	movs	r0, r4
10006786:	bd10      	pop	{r4, pc}

10006788 <is_program_gpio_compatible>:
10006788:	2001      	movs	r0, #1
1000678a:	4770      	bx	lr

1000678c <add_program_at_offset_check>:
1000678c:	b570      	push	{r4, r5, r6, lr}
1000678e:	0006      	movs	r6, r0
10006790:	000c      	movs	r4, r1
10006792:	0015      	movs	r5, r2
10006794:	798b      	ldrb	r3, [r1, #6]
10006796:	2b00      	cmp	r3, #0
10006798:	d11d      	bne.n	100067d6 <add_program_at_offset_check+0x4a>
1000679a:	f7ff fff5 	bl	10006788 <is_program_gpio_compatible>
1000679e:	2800      	cmp	r0, #0
100067a0:	d01c      	beq.n	100067dc <add_program_at_offset_check+0x50>
100067a2:	2305      	movs	r3, #5
100067a4:	56e3      	ldrsb	r3, [r4, r3]
100067a6:	2b00      	cmp	r3, #0
100067a8:	db01      	blt.n	100067ae <add_program_at_offset_check+0x22>
100067aa:	42ab      	cmp	r3, r5
100067ac:	d119      	bne.n	100067e2 <add_program_at_offset_check+0x56>
100067ae:	0030      	movs	r0, r6
100067b0:	4b0d      	ldr	r3, [pc, #52]	@ (100067e8 <add_program_at_offset_check+0x5c>)
100067b2:	469c      	mov	ip, r3
100067b4:	4460      	add	r0, ip
100067b6:	0d00      	lsrs	r0, r0, #20
100067b8:	4b0c      	ldr	r3, [pc, #48]	@ (100067ec <add_program_at_offset_check+0x60>)
100067ba:	0080      	lsls	r0, r0, #2
100067bc:	58c2      	ldr	r2, [r0, r3]
100067be:	7921      	ldrb	r1, [r4, #4]
100067c0:	2301      	movs	r3, #1
100067c2:	408b      	lsls	r3, r1
100067c4:	3b01      	subs	r3, #1
100067c6:	40ab      	lsls	r3, r5
100067c8:	421a      	tst	r2, r3
100067ca:	d101      	bne.n	100067d0 <add_program_at_offset_check+0x44>
100067cc:	2000      	movs	r0, #0
100067ce:	bd70      	pop	{r4, r5, r6, pc}
100067d0:	2009      	movs	r0, #9
100067d2:	4240      	negs	r0, r0
100067d4:	e7fb      	b.n	100067ce <add_program_at_offset_check+0x42>
100067d6:	2014      	movs	r0, #20
100067d8:	4240      	negs	r0, r0
100067da:	e7f8      	b.n	100067ce <add_program_at_offset_check+0x42>
100067dc:	200b      	movs	r0, #11
100067de:	4240      	negs	r0, r0
100067e0:	e7f5      	b.n	100067ce <add_program_at_offset_check+0x42>
100067e2:	200b      	movs	r0, #11
100067e4:	4240      	negs	r0, r0
100067e6:	e7f2      	b.n	100067ce <add_program_at_offset_check+0x42>
100067e8:	afe00000 	.word	0xafe00000
100067ec:	20001114 	.word	0x20001114

100067f0 <add_program_at_offset>:
100067f0:	b570      	push	{r4, r5, r6, lr}
100067f2:	0005      	movs	r5, r0
100067f4:	000c      	movs	r4, r1
100067f6:	0016      	movs	r6, r2
100067f8:	f7ff ffc8 	bl	1000678c <add_program_at_offset_check>
100067fc:	2800      	cmp	r0, #0
100067fe:	d122      	bne.n	10006846 <add_program_at_offset+0x56>
10006800:	2200      	movs	r2, #0
10006802:	e005      	b.n	10006810 <add_program_at_offset+0x20>
10006804:	1999      	adds	r1, r3, r6
10006806:	1993      	adds	r3, r2, r6
10006808:	3312      	adds	r3, #18
1000680a:	009b      	lsls	r3, r3, #2
1000680c:	5159      	str	r1, [r3, r5]
1000680e:	3201      	adds	r2, #1
10006810:	7923      	ldrb	r3, [r4, #4]
10006812:	4293      	cmp	r3, r2
10006814:	d908      	bls.n	10006828 <add_program_at_offset+0x38>
10006816:	6821      	ldr	r1, [r4, #0]
10006818:	0053      	lsls	r3, r2, #1
1000681a:	5acb      	ldrh	r3, [r1, r3]
1000681c:	2180      	movs	r1, #128	@ 0x80
1000681e:	0189      	lsls	r1, r1, #6
10006820:	428b      	cmp	r3, r1
10006822:	d3ef      	bcc.n	10006804 <add_program_at_offset+0x14>
10006824:	0019      	movs	r1, r3
10006826:	e7ee      	b.n	10006806 <add_program_at_offset+0x16>
10006828:	2201      	movs	r2, #1
1000682a:	409a      	lsls	r2, r3
1000682c:	0013      	movs	r3, r2
1000682e:	3b01      	subs	r3, #1
10006830:	4a05      	ldr	r2, [pc, #20]	@ (10006848 <add_program_at_offset+0x58>)
10006832:	4694      	mov	ip, r2
10006834:	4465      	add	r5, ip
10006836:	0d2d      	lsrs	r5, r5, #20
10006838:	4a04      	ldr	r2, [pc, #16]	@ (1000684c <add_program_at_offset+0x5c>)
1000683a:	00ad      	lsls	r5, r5, #2
1000683c:	58a9      	ldr	r1, [r5, r2]
1000683e:	40b3      	lsls	r3, r6
10006840:	430b      	orrs	r3, r1
10006842:	50ab      	str	r3, [r5, r2]
10006844:	0030      	movs	r0, r6
10006846:	bd70      	pop	{r4, r5, r6, pc}
10006848:	afe00000 	.word	0xafe00000
1000684c:	20001114 	.word	0x20001114

10006850 <find_offset_for_program>:
10006850:	b510      	push	{r4, lr}
10006852:	000a      	movs	r2, r1
10006854:	790c      	ldrb	r4, [r1, #4]
10006856:	2c20      	cmp	r4, #32
10006858:	d819      	bhi.n	1000688e <find_offset_for_program+0x3e>
1000685a:	4b18      	ldr	r3, [pc, #96]	@ (100068bc <find_offset_for_program+0x6c>)
1000685c:	469c      	mov	ip, r3
1000685e:	4460      	add	r0, ip
10006860:	0d00      	lsrs	r0, r0, #20
10006862:	4b17      	ldr	r3, [pc, #92]	@ (100068c0 <find_offset_for_program+0x70>)
10006864:	0080      	lsls	r0, r0, #2
10006866:	58c1      	ldr	r1, [r0, r3]
10006868:	2301      	movs	r3, #1
1000686a:	40a3      	lsls	r3, r4
1000686c:	3b01      	subs	r3, #1
1000686e:	7952      	ldrb	r2, [r2, #5]
10006870:	b252      	sxtb	r2, r2
10006872:	2a00      	cmp	r2, #0
10006874:	db11      	blt.n	1000689a <find_offset_for_program+0x4a>
10006876:	2020      	movs	r0, #32
10006878:	1b00      	subs	r0, r0, r4
1000687a:	b2d4      	uxtb	r4, r2
1000687c:	4284      	cmp	r4, r0
1000687e:	d819      	bhi.n	100068b4 <find_offset_for_program+0x64>
10006880:	0010      	movs	r0, r2
10006882:	4093      	lsls	r3, r2
10006884:	4219      	tst	r1, r3
10006886:	d001      	beq.n	1000688c <find_offset_for_program+0x3c>
10006888:	2001      	movs	r0, #1
1000688a:	4240      	negs	r0, r0
1000688c:	bd10      	pop	{r4, pc}
1000688e:	4b0d      	ldr	r3, [pc, #52]	@ (100068c4 <find_offset_for_program+0x74>)
10006890:	4a0d      	ldr	r2, [pc, #52]	@ (100068c8 <find_offset_for_program+0x78>)
10006892:	480e      	ldr	r0, [pc, #56]	@ (100068cc <find_offset_for_program+0x7c>)
10006894:	2143      	movs	r1, #67	@ 0x43
10006896:	f7fd f9cd 	bl	10003c34 <__assert_func>
1000689a:	2020      	movs	r0, #32
1000689c:	1b00      	subs	r0, r0, r4
1000689e:	2800      	cmp	r0, #0
100068a0:	db05      	blt.n	100068ae <find_offset_for_program+0x5e>
100068a2:	001a      	movs	r2, r3
100068a4:	4082      	lsls	r2, r0
100068a6:	4211      	tst	r1, r2
100068a8:	d0f0      	beq.n	1000688c <find_offset_for_program+0x3c>
100068aa:	3801      	subs	r0, #1
100068ac:	e7f7      	b.n	1000689e <find_offset_for_program+0x4e>
100068ae:	2009      	movs	r0, #9
100068b0:	4240      	negs	r0, r0
100068b2:	e7eb      	b.n	1000688c <find_offset_for_program+0x3c>
100068b4:	2001      	movs	r0, #1
100068b6:	4240      	negs	r0, r0
100068b8:	e7e8      	b.n	1000688c <find_offset_for_program+0x3c>
100068ba:	46c0      	nop			@ (mov r8, r8)
100068bc:	afe00000 	.word	0xafe00000
100068c0:	20001114 	.word	0x20001114
100068c4:	100077fc 	.word	0x100077fc
100068c8:	10007e04 	.word	0x10007e04
100068cc:	10007828 	.word	0x10007828

100068d0 <pio_claim_unused_sm>:
100068d0:	b510      	push	{r4, lr}
100068d2:	b082      	sub	sp, #8
100068d4:	4b09      	ldr	r3, [pc, #36]	@ (100068fc <pio_claim_unused_sm+0x2c>)
100068d6:	18c4      	adds	r4, r0, r3
100068d8:	0d24      	lsrs	r4, r4, #20
100068da:	00a4      	lsls	r4, r4, #2
100068dc:	1ce3      	adds	r3, r4, #3
100068de:	4808      	ldr	r0, [pc, #32]	@ (10006900 <pio_claim_unused_sm+0x30>)
100068e0:	4a08      	ldr	r2, [pc, #32]	@ (10006904 <pio_claim_unused_sm+0x34>)
100068e2:	9200      	str	r2, [sp, #0]
100068e4:	0022      	movs	r2, r4
100068e6:	f7f9 ff42 	bl	1000076e <hw_claim_unused_from_range>
100068ea:	4284      	cmp	r4, r0
100068ec:	dc02      	bgt.n	100068f4 <pio_claim_unused_sm+0x24>
100068ee:	1b00      	subs	r0, r0, r4
100068f0:	b002      	add	sp, #8
100068f2:	bd10      	pop	{r4, pc}
100068f4:	2001      	movs	r0, #1
100068f6:	4240      	negs	r0, r0
100068f8:	e7fa      	b.n	100068f0 <pio_claim_unused_sm+0x20>
100068fa:	46c0      	nop			@ (mov r8, r8)
100068fc:	afe00000 	.word	0xafe00000
10006900:	2000122c 	.word	0x2000122c
10006904:	10007870 	.word	0x10007870

10006908 <pio_add_program>:
10006908:	b5f8      	push	{r3, r4, r5, r6, r7, lr}
1000690a:	0005      	movs	r5, r0
1000690c:	000e      	movs	r6, r1
1000690e:	f7f9 fefd 	bl	1000070c <hw_claim_lock>
10006912:	0007      	movs	r7, r0
10006914:	0031      	movs	r1, r6
10006916:	0028      	movs	r0, r5
10006918:	f7ff ff9a 	bl	10006850 <find_offset_for_program>
1000691c:	1e04      	subs	r4, r0, #0
1000691e:	da04      	bge.n	1000692a <pio_add_program+0x22>
10006920:	0038      	movs	r0, r7
10006922:	f7f9 feff 	bl	10000724 <hw_claim_unlock>
10006926:	0020      	movs	r0, r4
10006928:	bdf8      	pop	{r3, r4, r5, r6, r7, pc}
1000692a:	0002      	movs	r2, r0
1000692c:	0031      	movs	r1, r6
1000692e:	0028      	movs	r0, r5
10006930:	f7ff ff5e 	bl	100067f0 <add_program_at_offset>
10006934:	0004      	movs	r4, r0
10006936:	e7f3      	b.n	10006920 <pio_add_program+0x18>

10006938 <pio_sm_init>:
10006938:	b5f0      	push	{r4, r5, r6, r7, lr}
1000693a:	b085      	sub	sp, #20
1000693c:	0004      	movs	r4, r0
1000693e:	000d      	movs	r5, r1
10006940:	0017      	movs	r7, r2
10006942:	6802      	ldr	r2, [r0, #0]
10006944:	2101      	movs	r1, #1
10006946:	40a9      	lsls	r1, r5
10006948:	438a      	bics	r2, r1
1000694a:	6002      	str	r2, [r0, #0]
1000694c:	2b00      	cmp	r3, #0
1000694e:	d036      	beq.n	100069be <pio_sm_init+0x86>
10006950:	6818      	ldr	r0, [r3, #0]
10006952:	006a      	lsls	r2, r5, #1
10006954:	1952      	adds	r2, r2, r5
10006956:	00d2      	lsls	r2, r2, #3
10006958:	18a2      	adds	r2, r4, r2
1000695a:	0011      	movs	r1, r2
1000695c:	31c8      	adds	r1, #200	@ 0xc8
1000695e:	6008      	str	r0, [r1, #0]
10006960:	6898      	ldr	r0, [r3, #8]
10006962:	3108      	adds	r1, #8
10006964:	6008      	str	r0, [r1, #0]
10006966:	6858      	ldr	r0, [r3, #4]
10006968:	3904      	subs	r1, #4
1000696a:	6008      	str	r0, [r1, #0]
1000696c:	68db      	ldr	r3, [r3, #12]
1000696e:	32dc      	adds	r2, #220	@ 0xdc
10006970:	6013      	str	r3, [r2, #0]
10006972:	006a      	lsls	r2, r5, #1
10006974:	1953      	adds	r3, r2, r5
10006976:	00db      	lsls	r3, r3, #3
10006978:	33d0      	adds	r3, #208	@ 0xd0
1000697a:	18e3      	adds	r3, r4, r3
1000697c:	2180      	movs	r1, #128	@ 0x80
1000697e:	0149      	lsls	r1, r1, #5
10006980:	468c      	mov	ip, r1
10006982:	4463      	add	r3, ip
10006984:	2180      	movs	r1, #128	@ 0x80
10006986:	0609      	lsls	r1, r1, #24
10006988:	6019      	str	r1, [r3, #0]
1000698a:	6019      	str	r1, [r3, #0]
1000698c:	4b16      	ldr	r3, [pc, #88]	@ (100069e8 <pio_sm_init+0xb0>)
1000698e:	40ab      	lsls	r3, r5
10006990:	60a3      	str	r3, [r4, #8]
10006992:	1d29      	adds	r1, r5, #4
10006994:	2301      	movs	r3, #1
10006996:	0018      	movs	r0, r3
10006998:	4088      	lsls	r0, r1
1000699a:	2180      	movs	r1, #128	@ 0x80
1000699c:	0189      	lsls	r1, r1, #6
1000699e:	1861      	adds	r1, r4, r1
100069a0:	6008      	str	r0, [r1, #0]
100069a2:	0028      	movs	r0, r5
100069a4:	3008      	adds	r0, #8
100069a6:	4083      	lsls	r3, r0
100069a8:	600b      	str	r3, [r1, #0]
100069aa:	231f      	movs	r3, #31
100069ac:	403b      	ands	r3, r7
100069ae:	1952      	adds	r2, r2, r5
100069b0:	00d2      	lsls	r2, r2, #3
100069b2:	18a4      	adds	r4, r4, r2
100069b4:	34d8      	adds	r4, #216	@ 0xd8
100069b6:	6023      	str	r3, [r4, #0]
100069b8:	2000      	movs	r0, #0
100069ba:	b005      	add	sp, #20
100069bc:	bdf0      	pop	{r4, r5, r6, r7, pc}
100069be:	4668      	mov	r0, sp
100069c0:	f7ff fece 	bl	10006760 <pio_get_default_sm_config>
100069c4:	9900      	ldr	r1, [sp, #0]
100069c6:	006b      	lsls	r3, r5, #1
100069c8:	195b      	adds	r3, r3, r5
100069ca:	00db      	lsls	r3, r3, #3
100069cc:	18e3      	adds	r3, r4, r3
100069ce:	001a      	movs	r2, r3
100069d0:	32c8      	adds	r2, #200	@ 0xc8
100069d2:	6011      	str	r1, [r2, #0]
100069d4:	9902      	ldr	r1, [sp, #8]
100069d6:	3208      	adds	r2, #8
100069d8:	6011      	str	r1, [r2, #0]
100069da:	9901      	ldr	r1, [sp, #4]
100069dc:	3a04      	subs	r2, #4
100069de:	6011      	str	r1, [r2, #0]
100069e0:	9a03      	ldr	r2, [sp, #12]
100069e2:	33dc      	adds	r3, #220	@ 0xdc
100069e4:	601a      	str	r2, [r3, #0]
100069e6:	e7c4      	b.n	10006972 <pio_sm_init+0x3a>
100069e8:	01010101 	.word	0x01010101

100069ec <strlen>:
100069ec:	0003      	movs	r3, r0
100069ee:	4684      	mov	ip, r0
100069f0:	079b      	lsls	r3, r3, #30
100069f2:	d00b      	beq.n	10006a0c <strlen+0x20>
100069f4:	0003      	movs	r3, r0
100069f6:	2103      	movs	r1, #3
100069f8:	e002      	b.n	10006a00 <strlen+0x14>
100069fa:	3301      	adds	r3, #1
100069fc:	420b      	tst	r3, r1
100069fe:	d006      	beq.n	10006a0e <strlen+0x22>
10006a00:	781a      	ldrb	r2, [r3, #0]
10006a02:	2a00      	cmp	r2, #0
10006a04:	d1f9      	bne.n	100069fa <strlen+0xe>
10006a06:	4662      	mov	r2, ip
10006a08:	1a98      	subs	r0, r3, r2
10006a0a:	4770      	bx	lr
10006a0c:	0003      	movs	r3, r0
10006a0e:	6819      	ldr	r1, [r3, #0]
10006a10:	4a0c      	ldr	r2, [pc, #48]	@ (10006a44 <strlen+0x58>)
10006a12:	480d      	ldr	r0, [pc, #52]	@ (10006a48 <strlen+0x5c>)
10006a14:	188a      	adds	r2, r1, r2
10006a16:	438a      	bics	r2, r1
10006a18:	4202      	tst	r2, r0
10006a1a:	d10f      	bne.n	10006a3c <strlen+0x50>
10006a1c:	6859      	ldr	r1, [r3, #4]
10006a1e:	4a09      	ldr	r2, [pc, #36]	@ (10006a44 <strlen+0x58>)
10006a20:	3304      	adds	r3, #4
10006a22:	188a      	adds	r2, r1, r2
10006a24:	438a      	bics	r2, r1
10006a26:	4202      	tst	r2, r0
10006a28:	d108      	bne.n	10006a3c <strlen+0x50>
10006a2a:	6859      	ldr	r1, [r3, #4]
10006a2c:	4a05      	ldr	r2, [pc, #20]	@ (10006a44 <strlen+0x58>)
10006a2e:	3304      	adds	r3, #4
10006a30:	188a      	adds	r2, r1, r2
10006a32:	438a      	bics	r2, r1
10006a34:	4202      	tst	r2, r0
10006a36:	d0f1      	beq.n	10006a1c <strlen+0x30>
10006a38:	e000      	b.n	10006a3c <strlen+0x50>
10006a3a:	3301      	adds	r3, #1
10006a3c:	781a      	ldrb	r2, [r3, #0]
10006a3e:	2a00      	cmp	r2, #0
10006a40:	d1fb      	bne.n	10006a3a <strlen+0x4e>
10006a42:	e7e0      	b.n	10006a06 <strlen+0x1a>
10006a44:	fefefeff 	.word	0xfefefeff
10006a48:	80808080 	.word	0x80808080
10006a4c:	00000000 	.word	0x00000000

10006a50 <__mutex_enter_timeout_ms_veneer>:
10006a50:	b401      	push	{r0}
10006a52:	4802      	ldr	r0, [pc, #8]	@ (10006a5c <__mutex_enter_timeout_ms_veneer+0xc>)
10006a54:	4684      	mov	ip, r0
10006a56:	bc01      	pop	{r0}
10006a58:	4760      	bx	ip
10006a5a:	bf00      	nop
10006a5c:	200001bd 	.word	0x200001bd

10006a60 <___hw_endpoint_buffer_control_update32_veneer>:
10006a60:	b401      	push	{r0}
10006a62:	4802      	ldr	r0, [pc, #8]	@ (10006a6c <___hw_endpoint_buffer_control_update32_veneer+0xc>)
10006a64:	4684      	mov	ip, r0
10006a66:	bc01      	pop	{r0}
10006a68:	4760      	bx	ip
10006a6a:	bf00      	nop
10006a6c:	2000081d 	.word	0x2000081d

10006a70 <____aeabi_idiv0_veneer>:
10006a70:	b401      	push	{r0}
10006a72:	4802      	ldr	r0, [pc, #8]	@ (10006a7c <____aeabi_idiv0_veneer+0xc>)
10006a74:	4684      	mov	ip, r0
10006a76:	bc01      	pop	{r0}
10006a78:	4760      	bx	ip
10006a7a:	bf00      	nop
10006a7c:	20000b19 	.word	0x20000b19

10006a80 <__mutex_try_enter_block_until_veneer>:
10006a80:	b401      	push	{r0}
10006a82:	4802      	ldr	r0, [pc, #8]	@ (10006a8c <__mutex_try_enter_block_until_veneer+0xc>)
10006a84:	4684      	mov	ip, r0
10006a86:	bc01      	pop	{r0}
10006a88:	4760      	bx	ip
10006a8a:	bf00      	nop
10006a8c:	20000189 	.word	0x20000189

10006a90 <__hw_endpoint_start_next_buffer_veneer>:
10006a90:	b401      	push	{r0}
10006a92:	4802      	ldr	r0, [pc, #8]	@ (10006a9c <__hw_endpoint_start_next_buffer_veneer+0xc>)
10006a94:	4684      	mov	ip, r0
10006a96:	bc01      	pop	{r0}
10006a98:	4760      	bx	ip
10006a9a:	bf00      	nop
10006a9c:	20000869 	.word	0x20000869

10006aa0 <__reset_non_control_endpoints_veneer>:
10006aa0:	b401      	push	{r0}
10006aa2:	4802      	ldr	r0, [pc, #8]	@ (10006aac <__reset_non_control_endpoints_veneer+0xc>)
10006aa4:	4684      	mov	ip, r0
10006aa6:	bc01      	pop	{r0}
10006aa8:	4760      	bx	ip
10006aaa:	bf00      	nop
10006aac:	200003d1 	.word	0x200003d1

10006ab0 <__e15_is_critical_frame_period_veneer>:
10006ab0:	b401      	push	{r0}
10006ab2:	4802      	ldr	r0, [pc, #8]	@ (10006abc <__e15_is_critical_frame_period_veneer+0xc>)
10006ab4:	4684      	mov	ip, r0
10006ab6:	bc01      	pop	{r0}
10006ab8:	4760      	bx	ip
10006aba:	bf00      	nop
10006abc:	20000741 	.word	0x20000741

10006ac0 <__mutex_try_enter_veneer>:
10006ac0:	b401      	push	{r0}
10006ac2:	4802      	ldr	r0, [pc, #8]	@ (10006acc <__mutex_try_enter_veneer+0xc>)
10006ac4:	4684      	mov	ip, r0
10006ac6:	bc01      	pop	{r0}
10006ac8:	4760      	bx	ip
10006aca:	bf00      	nop
10006acc:	200000c1 	.word	0x200000c1

10006ad0 <__hw_endpoint_reset_transfer_veneer>:
10006ad0:	b401      	push	{r0}
10006ad2:	4802      	ldr	r0, [pc, #8]	@ (10006adc <__hw_endpoint_reset_transfer_veneer+0xc>)
10006ad4:	4684      	mov	ip, r0
10006ad6:	bc01      	pop	{r0}
10006ad8:	4760      	bx	ip
10006ada:	bf00      	nop
10006adc:	20000811 	.word	0x20000811

10006ae0 <__flash_do_cmd_cs_veneer>:
10006ae0:	b401      	push	{r0}
10006ae2:	4802      	ldr	r0, [pc, #8]	@ (10006aec <__flash_do_cmd_cs_veneer+0xc>)
10006ae4:	4684      	mov	ip, r0
10006ae6:	bc01      	pop	{r0}
10006ae8:	4760      	bx	ip
10006aea:	bf00      	nop
10006aec:	200002cd 	.word	0x200002cd

10006af0 <____aeabi_ldiv0_veneer>:
10006af0:	b401      	push	{r0}
10006af2:	4802      	ldr	r0, [pc, #8]	@ (10006afc <____aeabi_ldiv0_veneer+0xc>)
10006af4:	4684      	mov	ip, r0
10006af6:	bc01      	pop	{r0}
10006af8:	4760      	bx	ip
10006afa:	bf00      	nop
10006afc:	20000b19 	.word	0x20000b19

10006b00 <__e15_is_bulkin_ep_veneer>:
10006b00:	b401      	push	{r0}
10006b02:	4802      	ldr	r0, [pc, #8]	@ (10006b0c <__e15_is_bulkin_ep_veneer+0xc>)
10006b04:	4684      	mov	ip, r0
10006b06:	bc01      	pop	{r0}
10006b08:	4760      	bx	ip
10006b0a:	bf00      	nop
10006b0c:	20000715 	.word	0x20000715

10006b10 <__mutex_exit_veneer>:
10006b10:	b401      	push	{r0}
10006b12:	4802      	ldr	r0, [pc, #8]	@ (10006b1c <__mutex_exit_veneer+0xc>)
10006b14:	4684      	mov	ip, r0
10006b16:	bc01      	pop	{r0}
10006b18:	4760      	bx	ip
10006b1a:	bf00      	nop
10006b1c:	200001f9 	.word	0x200001f9

10006b20 <__pre_init_runtime_init_early_resets>:
10006b20:	10001a1d                                ....

10006b24 <__pre_init_runtime_init_usb_power_down>:
10006b24:	10001a49 10001bdd 10002a19 10002281     I........*..."..
10006b34:	100028e9                                .(..

10006b38 <__pre_init_runtime_init_clocks>:
10006b38:	10001b11                                ....

10006b3c <__pre_init_runtime_init_post_clock_resets>:
10006b3c:	10001a65                                e...

10006b40 <__pre_init_runtime_init_rp2040_gpio_ie_disable>:
10006b40:	10001a85                                ....

10006b44 <__pre_init_runtime_init_spin_locks_reset>:
10006b44:	10001a99                                ....

10006b48 <__pre_init_runtime_init_mutex>:
10006b48:	10000d3d                                =...

10006b4c <__pre_init_runtime_init_install_ram_vector_table>:
10006b4c:	10001aa1                                ....

10006b50 <__pre_init_runtime_init_default_alarm_pool>:
10006b50:	1000159d                                ....

10006b54 <__pre_init_first_per_core_initializer>:
10006b54:	10001a09                                ....

10006b58 <__pre_init_runtime_init_per_core_irq_priorities>:
10006b58:	1000084d                                M...

10006b5c <__init_array_start>:
10006b5c:	10004415 	.word	0x10004415

Disassembly of section .data:

200000c0 <mutex_try_enter>:
200000c0:	0003      	movs	r3, r0
200000c2:	6802      	ldr	r2, [r0, #0]
200000c4:	4694      	mov	ip, r2
200000c6:	f3ef 8210 	mrs	r2, PRIMASK
200000ca:	b672      	cpsid	i
200000cc:	4660      	mov	r0, ip
200000ce:	6800      	ldr	r0, [r0, #0]
200000d0:	2800      	cmp	r0, #0
200000d2:	d0fb      	beq.n	200000cc <mutex_try_enter+0xc>
200000d4:	f3bf 8f5f 	dmb	sy
200000d8:	2004      	movs	r0, #4
200000da:	5618      	ldrsb	r0, [r3, r0]
200000dc:	2800      	cmp	r0, #0
200000de:	db0b      	blt.n	200000f8 <mutex_try_enter+0x38>
200000e0:	2900      	cmp	r1, #0
200000e2:	d010      	beq.n	20000106 <mutex_try_enter+0x46>
200000e4:	6008      	str	r0, [r1, #0]
200000e6:	2000      	movs	r0, #0
200000e8:	681b      	ldr	r3, [r3, #0]
200000ea:	f3bf 8f5f 	dmb	sy
200000ee:	2100      	movs	r1, #0
200000f0:	6019      	str	r1, [r3, #0]
200000f2:	f382 8810 	msr	PRIMASK, r2
200000f6:	4770      	bx	lr
200000f8:	21d0      	movs	r1, #208	@ 0xd0
200000fa:	0609      	lsls	r1, r1, #24
200000fc:	7809      	ldrb	r1, [r1, #0]
200000fe:	b249      	sxtb	r1, r1
20000100:	7119      	strb	r1, [r3, #4]
20000102:	2001      	movs	r0, #1
20000104:	e7f0      	b.n	200000e8 <mutex_try_enter+0x28>
20000106:	2000      	movs	r0, #0
20000108:	e7ee      	b.n	200000e8 <mutex_try_enter+0x28>
	...

2000010c <mutex_enter_block_until>:
2000010c:	b5f8      	push	{r3, r4, r5, r6, r7, lr}
2000010e:	0004      	movs	r4, r0
20000110:	0015      	movs	r5, r2
20000112:	001e      	movs	r6, r3
20000114:	6803      	ldr	r3, [r0, #0]
20000116:	2b00      	cmp	r3, #0
20000118:	d020      	beq.n	2000015c <mutex_enter_block_until+0x50>
2000011a:	23d0      	movs	r3, #208	@ 0xd0
2000011c:	061b      	lsls	r3, r3, #24
2000011e:	781b      	ldrb	r3, [r3, #0]
20000120:	b25b      	sxtb	r3, r3
20000122:	001f      	movs	r7, r3
20000124:	6823      	ldr	r3, [r4, #0]
20000126:	f3ef 8110 	mrs	r1, PRIMASK
2000012a:	b672      	cpsid	i
2000012c:	6818      	ldr	r0, [r3, #0]
2000012e:	2800      	cmp	r0, #0
20000130:	d0fc      	beq.n	2000012c <mutex_enter_block_until+0x20>
20000132:	f3bf 8f5f 	dmb	sy
20000136:	2304      	movs	r3, #4
20000138:	56e3      	ldrsb	r3, [r4, r3]
2000013a:	2b00      	cmp	r3, #0
2000013c:	db14      	blt.n	20000168 <mutex_enter_block_until+0x5c>
2000013e:	6823      	ldr	r3, [r4, #0]
20000140:	f3bf 8f5f 	dmb	sy
20000144:	2200      	movs	r2, #0
20000146:	601a      	str	r2, [r3, #0]
20000148:	f381 8810 	msr	PRIMASK, r1
2000014c:	0028      	movs	r0, r5
2000014e:	0031      	movs	r1, r6
20000150:	f000 fd1e 	bl	20000b90 <__best_effort_wfe_or_timeout_veneer>
20000154:	2800      	cmp	r0, #0
20000156:	d0e5      	beq.n	20000124 <mutex_enter_block_until+0x18>
20000158:	2000      	movs	r0, #0
2000015a:	e00e      	b.n	2000017a <mutex_enter_block_until+0x6e>
2000015c:	4b07      	ldr	r3, [pc, #28]	@ (2000017c <mutex_enter_block_until+0x70>)
2000015e:	4a08      	ldr	r2, [pc, #32]	@ (20000180 <mutex_enter_block_until+0x74>)
20000160:	4808      	ldr	r0, [pc, #32]	@ (20000184 <mutex_enter_block_until+0x78>)
20000162:	21a6      	movs	r1, #166	@ 0xa6
20000164:	f000 fd04 	bl	20000b70 <____assert_func_veneer>
20000168:	7127      	strb	r7, [r4, #4]
2000016a:	6823      	ldr	r3, [r4, #0]
2000016c:	f3bf 8f5f 	dmb	sy
20000170:	2200      	movs	r2, #0
20000172:	601a      	str	r2, [r3, #0]
20000174:	f381 8810 	msr	PRIMASK, r1
20000178:	2001      	movs	r0, #1
2000017a:	bdf8      	pop	{r3, r4, r5, r6, r7, pc}
2000017c:	10006ee4 	.word	0x10006ee4
20000180:	10007944 	.word	0x10007944
20000184:	10006e9c 	.word	0x10006e9c

20000188 <mutex_try_enter_block_until>:
20000188:	b570      	push	{r4, r5, r6, lr}
2000018a:	b082      	sub	sp, #8
2000018c:	0006      	movs	r6, r0
2000018e:	0015      	movs	r5, r2
20000190:	001c      	movs	r4, r3
20000192:	a901      	add	r1, sp, #4
20000194:	f7ff ff94 	bl	200000c0 <mutex_try_enter>
20000198:	2800      	cmp	r0, #0
2000019a:	d107      	bne.n	200001ac <mutex_try_enter_block_until+0x24>
2000019c:	9b01      	ldr	r3, [sp, #4]
2000019e:	b25b      	sxtb	r3, r3
200001a0:	22d0      	movs	r2, #208	@ 0xd0
200001a2:	0612      	lsls	r2, r2, #24
200001a4:	7812      	ldrb	r2, [r2, #0]
200001a6:	b252      	sxtb	r2, r2
200001a8:	4293      	cmp	r3, r2
200001aa:	d101      	bne.n	200001b0 <mutex_try_enter_block_until+0x28>
200001ac:	b002      	add	sp, #8
200001ae:	bd70      	pop	{r4, r5, r6, pc}
200001b0:	002a      	movs	r2, r5
200001b2:	0023      	movs	r3, r4
200001b4:	0030      	movs	r0, r6
200001b6:	f7ff ffa9 	bl	2000010c <mutex_enter_block_until>
200001ba:	e7f7      	b.n	200001ac <mutex_try_enter_block_until+0x24>

200001bc <mutex_enter_timeout_ms>:
200001bc:	b5f8      	push	{r3, r4, r5, r6, r7, lr}
200001be:	0007      	movs	r7, r0
200001c0:	000c      	movs	r4, r1
200001c2:	f000 fced 	bl	20000ba0 <__time_us_64_veneer>
200001c6:	0005      	movs	r5, r0
200001c8:	000e      	movs	r6, r1
200001ca:	22fa      	movs	r2, #250	@ 0xfa
200001cc:	0092      	lsls	r2, r2, #2
200001ce:	2300      	movs	r3, #0
200001d0:	0020      	movs	r0, r4
200001d2:	2100      	movs	r1, #0
200001d4:	f000 fcf4 	bl	20000bc0 <____wrap___aeabi_lmul_veneer>
200001d8:	002a      	movs	r2, r5
200001da:	0033      	movs	r3, r6
200001dc:	1812      	adds	r2, r2, r0
200001de:	414b      	adcs	r3, r1
200001e0:	2b00      	cmp	r3, #0
200001e2:	db03      	blt.n	200001ec <mutex_enter_timeout_ms+0x30>
200001e4:	0038      	movs	r0, r7
200001e6:	f7ff ff91 	bl	2000010c <mutex_enter_block_until>
200001ea:	bdf8      	pop	{r3, r4, r5, r6, r7, pc}
200001ec:	2201      	movs	r2, #1
200001ee:	4252      	negs	r2, r2
200001f0:	4b00      	ldr	r3, [pc, #0]	@ (200001f4 <mutex_enter_timeout_ms+0x38>)
200001f2:	e7f7      	b.n	200001e4 <mutex_enter_timeout_ms+0x28>
200001f4:	7fffffff 	.word	0x7fffffff

200001f8 <mutex_exit>:
200001f8:	b510      	push	{r4, lr}
200001fa:	6801      	ldr	r1, [r0, #0]
200001fc:	f3ef 8310 	mrs	r3, PRIMASK
20000200:	b672      	cpsid	i
20000202:	680a      	ldr	r2, [r1, #0]
20000204:	2a00      	cmp	r2, #0
20000206:	d0fc      	beq.n	20000202 <mutex_exit+0xa>
20000208:	f3bf 8f5f 	dmb	sy
2000020c:	2204      	movs	r2, #4
2000020e:	5682      	ldrsb	r2, [r0, r2]
20000210:	2a00      	cmp	r2, #0
20000212:	db0a      	blt.n	2000022a <mutex_exit+0x32>
20000214:	22ff      	movs	r2, #255	@ 0xff
20000216:	7102      	strb	r2, [r0, #4]
20000218:	6802      	ldr	r2, [r0, #0]
2000021a:	f3bf 8f5f 	dmb	sy
2000021e:	2100      	movs	r1, #0
20000220:	6011      	str	r1, [r2, #0]
20000222:	f383 8810 	msr	PRIMASK, r3
20000226:	bf40      	sev
20000228:	bd10      	pop	{r4, pc}
2000022a:	4b03      	ldr	r3, [pc, #12]	@ (20000238 <mutex_exit+0x40>)
2000022c:	4a03      	ldr	r2, [pc, #12]	@ (2000023c <mutex_exit+0x44>)
2000022e:	4804      	ldr	r0, [pc, #16]	@ (20000240 <mutex_exit+0x48>)
20000230:	21d5      	movs	r1, #213	@ 0xd5
20000232:	f000 fc9d 	bl	20000b70 <____assert_func_veneer>
20000236:	46c0      	nop			@ (mov r8, r8)
20000238:	10006ef8 	.word	0x10006ef8
2000023c:	10007938 	.word	0x10007938
20000240:	10006e9c 	.word	0x10006e9c

20000244 <flash_init_boot2_copyout>:
20000244:	4b09      	ldr	r3, [pc, #36]	@ (2000026c <flash_init_boot2_copyout+0x28>)
20000246:	781b      	ldrb	r3, [r3, #0]
20000248:	2b00      	cmp	r3, #0
2000024a:	d008      	beq.n	2000025e <flash_init_boot2_copyout+0x1a>
2000024c:	e00c      	b.n	20000268 <flash_init_boot2_copyout+0x24>
2000024e:	009a      	lsls	r2, r3, #2
20000250:	2180      	movs	r1, #128	@ 0x80
20000252:	0549      	lsls	r1, r1, #21
20000254:	1851      	adds	r1, r2, r1
20000256:	6808      	ldr	r0, [r1, #0]
20000258:	4905      	ldr	r1, [pc, #20]	@ (20000270 <flash_init_boot2_copyout+0x2c>)
2000025a:	5050      	str	r0, [r2, r1]
2000025c:	3301      	adds	r3, #1
2000025e:	2b3f      	cmp	r3, #63	@ 0x3f
20000260:	ddf5      	ble.n	2000024e <flash_init_boot2_copyout+0xa>
20000262:	4b02      	ldr	r3, [pc, #8]	@ (2000026c <flash_init_boot2_copyout+0x28>)
20000264:	2201      	movs	r2, #1
20000266:	701a      	strb	r2, [r3, #0]
20000268:	4770      	bx	lr
2000026a:	46c0      	nop			@ (mov r8, r8)
2000026c:	200018d8 	.word	0x200018d8
20000270:	2000111c 	.word	0x2000111c

20000274 <flash_enable_xip_via_boot2>:
20000274:	b510      	push	{r4, lr}
20000276:	4b01      	ldr	r3, [pc, #4]	@ (2000027c <flash_enable_xip_via_boot2+0x8>)
20000278:	4798      	blx	r3
2000027a:	bd10      	pop	{r4, pc}
2000027c:	2000111d 	.word	0x2000111d

20000280 <flash_save_hardware_state>:
20000280:	2200      	movs	r2, #0
20000282:	e006      	b.n	20000292 <flash_save_hardware_state+0x12>
20000284:	0093      	lsls	r3, r2, #2
20000286:	4906      	ldr	r1, [pc, #24]	@ (200002a0 <flash_save_hardware_state+0x20>)
20000288:	1859      	adds	r1, r3, r1
2000028a:	6849      	ldr	r1, [r1, #4]
2000028c:	18c3      	adds	r3, r0, r3
2000028e:	6059      	str	r1, [r3, #4]
20000290:	3201      	adds	r2, #1
20000292:	2a05      	cmp	r2, #5
20000294:	d9f6      	bls.n	20000284 <flash_save_hardware_state+0x4>
20000296:	23a0      	movs	r3, #160	@ 0xa0
20000298:	055b      	lsls	r3, r3, #21
2000029a:	681b      	ldr	r3, [r3, #0]
2000029c:	6003      	str	r3, [r0, #0]
2000029e:	4770      	bx	lr
200002a0:	40020000 	.word	0x40020000

200002a4 <flash_restore_hardware_state>:
200002a4:	b510      	push	{r4, lr}
200002a6:	2200      	movs	r2, #0
200002a8:	e007      	b.n	200002ba <flash_restore_hardware_state+0x16>
200002aa:	0093      	lsls	r3, r2, #2
200002ac:	18c1      	adds	r1, r0, r3
200002ae:	6849      	ldr	r1, [r1, #4]
200002b0:	4c05      	ldr	r4, [pc, #20]	@ (200002c8 <flash_restore_hardware_state+0x24>)
200002b2:	46a4      	mov	ip, r4
200002b4:	4463      	add	r3, ip
200002b6:	6059      	str	r1, [r3, #4]
200002b8:	3201      	adds	r2, #1
200002ba:	2a05      	cmp	r2, #5
200002bc:	d9f5      	bls.n	200002aa <flash_restore_hardware_state+0x6>
200002be:	6802      	ldr	r2, [r0, #0]
200002c0:	23a0      	movs	r3, #160	@ 0xa0
200002c2:	055b      	lsls	r3, r3, #21
200002c4:	601a      	str	r2, [r3, #0]
200002c6:	bd10      	pop	{r4, pc}
200002c8:	40020000 	.word	0x40020000

200002cc <flash_do_cmd_cs>:
200002cc:	b5f0      	push	{r4, r5, r6, r7, lr}
200002ce:	46d6      	mov	lr, sl
200002d0:	464f      	mov	r7, r9
200002d2:	4646      	mov	r6, r8
200002d4:	b5c0      	push	{r6, r7, lr}
200002d6:	b088      	sub	sp, #32
200002d8:	4682      	mov	sl, r0
200002da:	000d      	movs	r5, r1
200002dc:	0014      	movs	r4, r2
200002de:	2618      	movs	r6, #24
200002e0:	8833      	ldrh	r3, [r6, #0]
200002e2:	2714      	movs	r7, #20
200002e4:	8838      	ldrh	r0, [r7, #0]
200002e6:	4932      	ldr	r1, [pc, #200]	@ (200003b0 <flash_do_cmd_cs+0xe4>)
200002e8:	4798      	blx	r3
200002ea:	4681      	mov	r9, r0
200002ec:	8833      	ldrh	r3, [r6, #0]
200002ee:	8838      	ldrh	r0, [r7, #0]
200002f0:	4930      	ldr	r1, [pc, #192]	@ (200003b4 <flash_do_cmd_cs+0xe8>)
200002f2:	4798      	blx	r3
200002f4:	4680      	mov	r8, r0
200002f6:	8833      	ldrh	r3, [r6, #0]
200002f8:	8838      	ldrh	r0, [r7, #0]
200002fa:	492f      	ldr	r1, [pc, #188]	@ (200003b8 <flash_do_cmd_cs+0xec>)
200002fc:	4798      	blx	r3
200002fe:	0007      	movs	r7, r0
20000300:	464b      	mov	r3, r9
20000302:	2b00      	cmp	r3, #0
20000304:	d017      	beq.n	20000336 <flash_do_cmd_cs+0x6a>
20000306:	4643      	mov	r3, r8
20000308:	2b00      	cmp	r3, #0
2000030a:	d014      	beq.n	20000336 <flash_do_cmd_cs+0x6a>
2000030c:	2800      	cmp	r0, #0
2000030e:	d012      	beq.n	20000336 <flash_do_cmd_cs+0x6a>
20000310:	f7ff ff98 	bl	20000244 <flash_init_boot2_copyout>
20000314:	a801      	add	r0, sp, #4
20000316:	f7ff ffb3 	bl	20000280 <flash_save_hardware_state>
2000031a:	47c8      	blx	r9
2000031c:	47c0      	blx	r8
2000031e:	4b27      	ldr	r3, [pc, #156]	@ (200003bc <flash_do_cmd_cs+0xf0>)
20000320:	681a      	ldr	r2, [r3, #0]
20000322:	2380      	movs	r3, #128	@ 0x80
20000324:	009b      	lsls	r3, r3, #2
20000326:	4053      	eors	r3, r2
20000328:	22c0      	movs	r2, #192	@ 0xc0
2000032a:	0092      	lsls	r2, r2, #2
2000032c:	4013      	ands	r3, r2
2000032e:	4a24      	ldr	r2, [pc, #144]	@ (200003c0 <flash_do_cmd_cs+0xf4>)
20000330:	6013      	str	r3, [r2, #0]
20000332:	0021      	movs	r1, r4
20000334:	e010      	b.n	20000358 <flash_do_cmd_cs+0x8c>
20000336:	4b23      	ldr	r3, [pc, #140]	@ (200003c4 <flash_do_cmd_cs+0xf8>)
20000338:	4a23      	ldr	r2, [pc, #140]	@ (200003c8 <flash_do_cmd_cs+0xfc>)
2000033a:	212a      	movs	r1, #42	@ 0x2a
2000033c:	4823      	ldr	r0, [pc, #140]	@ (200003cc <flash_do_cmd_cs+0x100>)
2000033e:	31ff      	adds	r1, #255	@ 0xff
20000340:	f000 fc16 	bl	20000b70 <____assert_func_veneer>
20000344:	2b00      	cmp	r3, #0
20000346:	d007      	beq.n	20000358 <flash_do_cmd_cs+0x8c>
20000348:	2900      	cmp	r1, #0
2000034a:	d005      	beq.n	20000358 <flash_do_cmd_cs+0x8c>
2000034c:	23c0      	movs	r3, #192	@ 0xc0
2000034e:	055b      	lsls	r3, r3, #21
20000350:	6e1b      	ldr	r3, [r3, #96]	@ 0x60
20000352:	702b      	strb	r3, [r5, #0]
20000354:	3901      	subs	r1, #1
20000356:	3501      	adds	r5, #1
20000358:	0023      	movs	r3, r4
2000035a:	430b      	orrs	r3, r1
2000035c:	d014      	beq.n	20000388 <flash_do_cmd_cs+0xbc>
2000035e:	23c0      	movs	r3, #192	@ 0xc0
20000360:	055b      	lsls	r3, r3, #21
20000362:	6a9a      	ldr	r2, [r3, #40]	@ 0x28
20000364:	2308      	movs	r3, #8
20000366:	4013      	ands	r3, r2
20000368:	0792      	lsls	r2, r2, #30
2000036a:	d5eb      	bpl.n	20000344 <flash_do_cmd_cs+0x78>
2000036c:	2c00      	cmp	r4, #0
2000036e:	d0e9      	beq.n	20000344 <flash_do_cmd_cs+0x78>
20000370:	1b0a      	subs	r2, r1, r4
20000372:	2a0d      	cmp	r2, #13
20000374:	d8e6      	bhi.n	20000344 <flash_do_cmd_cs+0x78>
20000376:	4656      	mov	r6, sl
20000378:	7830      	ldrb	r0, [r6, #0]
2000037a:	22c0      	movs	r2, #192	@ 0xc0
2000037c:	0552      	lsls	r2, r2, #21
2000037e:	6610      	str	r0, [r2, #96]	@ 0x60
20000380:	3c01      	subs	r4, #1
20000382:	1c72      	adds	r2, r6, #1
20000384:	4692      	mov	sl, r2
20000386:	e7dd      	b.n	20000344 <flash_do_cmd_cs+0x78>
20000388:	4b0c      	ldr	r3, [pc, #48]	@ (200003bc <flash_do_cmd_cs+0xf0>)
2000038a:	681a      	ldr	r2, [r3, #0]
2000038c:	23c0      	movs	r3, #192	@ 0xc0
2000038e:	009b      	lsls	r3, r3, #2
20000390:	4393      	bics	r3, r2
20000392:	4a0b      	ldr	r2, [pc, #44]	@ (200003c0 <flash_do_cmd_cs+0xf4>)
20000394:	6013      	str	r3, [r2, #0]
20000396:	47b8      	blx	r7
20000398:	f7ff ff6c 	bl	20000274 <flash_enable_xip_via_boot2>
2000039c:	a801      	add	r0, sp, #4
2000039e:	f7ff ff81 	bl	200002a4 <flash_restore_hardware_state>
200003a2:	b008      	add	sp, #32
200003a4:	bce0      	pop	{r5, r6, r7}
200003a6:	46ba      	mov	sl, r7
200003a8:	46b1      	mov	r9, r6
200003aa:	46a8      	mov	r8, r5
200003ac:	bdf0      	pop	{r4, r5, r6, r7, pc}
200003ae:	46c0      	nop			@ (mov r8, r8)
200003b0:	00004649 	.word	0x00004649
200003b4:	00005845 	.word	0x00005845
200003b8:	00004346 	.word	0x00004346
200003bc:	4001800c 	.word	0x4001800c
200003c0:	4001900c 	.word	0x4001900c
200003c4:	100075b8 	.word	0x100075b8
200003c8:	10007b48 	.word	0x10007b48
200003cc:	1000746c 	.word	0x1000746c

200003d0 <reset_non_control_endpoints>:
200003d0:	b510      	push	{r4, lr}
200003d2:	2300      	movs	r3, #0
200003d4:	e008      	b.n	200003e8 <reset_non_control_endpoints+0x18>
200003d6:	3301      	adds	r3, #1
200003d8:	00da      	lsls	r2, r3, #3
200003da:	2100      	movs	r1, #0
200003dc:	4808      	ldr	r0, [pc, #32]	@ (20000400 <reset_non_control_endpoints+0x30>)
200003de:	5011      	str	r1, [r2, r0]
200003e0:	4684      	mov	ip, r0
200003e2:	4462      	add	r2, ip
200003e4:	6051      	str	r1, [r2, #4]
200003e6:	b2db      	uxtb	r3, r3
200003e8:	2b0e      	cmp	r3, #14
200003ea:	d9f4      	bls.n	200003d6 <reset_non_control_endpoints+0x6>
200003ec:	4805      	ldr	r0, [pc, #20]	@ (20000404 <reset_non_control_endpoints+0x34>)
200003ee:	22f0      	movs	r2, #240	@ 0xf0
200003f0:	0092      	lsls	r2, r2, #2
200003f2:	2100      	movs	r1, #0
200003f4:	f000 fbb4 	bl	20000b60 <____wrap_memset_veneer>
200003f8:	4b03      	ldr	r3, [pc, #12]	@ (20000408 <reset_non_control_endpoints+0x38>)
200003fa:	4a04      	ldr	r2, [pc, #16]	@ (2000040c <reset_non_control_endpoints+0x3c>)
200003fc:	601a      	str	r2, [r3, #0]
200003fe:	bd10      	pop	{r4, pc}
20000400:	50100000 	.word	0x50100000
20000404:	200012cc 	.word	0x200012cc
20000408:	20001690 	.word	0x20001690
2000040c:	50100180 	.word	0x50100180

20000410 <hw_handle_buff_status>:
20000410:	b5f0      	push	{r4, r5, r6, r7, lr}
20000412:	46ce      	mov	lr, r9
20000414:	4647      	mov	r7, r8
20000416:	b580      	push	{r7, lr}
20000418:	b085      	sub	sp, #20
2000041a:	4b21      	ldr	r3, [pc, #132]	@ (200004a0 <hw_handle_buff_status+0x90>)
2000041c:	6d9f      	ldr	r7, [r3, #88]	@ 0x58
2000041e:	2400      	movs	r4, #0
20000420:	2601      	movs	r6, #1
20000422:	e003      	b.n	2000042c <hw_handle_buff_status+0x1c>
20000424:	43b7      	bics	r7, r6
20000426:	0076      	lsls	r6, r6, #1
20000428:	3401      	adds	r4, #1
2000042a:	b2e4      	uxtb	r4, r4
2000042c:	2f00      	cmp	r7, #0
2000042e:	d031      	beq.n	20000494 <hw_handle_buff_status+0x84>
20000430:	2c1f      	cmp	r4, #31
20000432:	d82f      	bhi.n	20000494 <hw_handle_buff_status+0x84>
20000434:	423e      	tst	r6, r7
20000436:	d0f6      	beq.n	20000426 <hw_handle_buff_status+0x16>
20000438:	4b1a      	ldr	r3, [pc, #104]	@ (200004a4 <hw_handle_buff_status+0x94>)
2000043a:	659e      	str	r6, [r3, #88]	@ 0x58
2000043c:	0863      	lsrs	r3, r4, #1
2000043e:	4699      	mov	r9, r3
20000440:	2301      	movs	r3, #1
20000442:	4023      	ands	r3, r4
20000444:	2201      	movs	r2, #1
20000446:	4053      	eors	r3, r2
20000448:	b2db      	uxtb	r3, r3
2000044a:	4698      	mov	r8, r3
2000044c:	464b      	mov	r3, r9
2000044e:	005d      	lsls	r5, r3, #1
20000450:	4445      	add	r5, r8
20000452:	016d      	lsls	r5, r5, #5
20000454:	4b14      	ldr	r3, [pc, #80]	@ (200004a8 <hw_handle_buff_status+0x98>)
20000456:	18ed      	adds	r5, r5, r3
20000458:	0028      	movs	r0, r5
2000045a:	f000 fa43 	bl	200008e4 <hw_endpoint_xfer_continue>
2000045e:	2800      	cmp	r0, #0
20000460:	d0e0      	beq.n	20000424 <hw_handle_buff_status+0x14>
20000462:	4a11      	ldr	r2, [pc, #68]	@ (200004a8 <hw_handle_buff_status+0x98>)
20000464:	464b      	mov	r3, r9
20000466:	005b      	lsls	r3, r3, #1
20000468:	4443      	add	r3, r8
2000046a:	015b      	lsls	r3, r3, #5
2000046c:	18d3      	adds	r3, r2, r3
2000046e:	7899      	ldrb	r1, [r3, #2]
20000470:	8ada      	ldrh	r2, [r3, #22]
20000472:	a801      	add	r0, sp, #4
20000474:	2300      	movs	r3, #0
20000476:	4698      	mov	r8, r3
20000478:	7003      	strb	r3, [r0, #0]
2000047a:	3307      	adds	r3, #7
2000047c:	7043      	strb	r3, [r0, #1]
2000047e:	7101      	strb	r1, [r0, #4]
20000480:	6082      	str	r2, [r0, #8]
20000482:	4643      	mov	r3, r8
20000484:	7143      	strb	r3, [r0, #5]
20000486:	2101      	movs	r1, #1
20000488:	f000 fa4c 	bl	20000924 <dcd_event_handler>
2000048c:	0028      	movs	r0, r5
2000048e:	f000 f9bf 	bl	20000810 <hw_endpoint_reset_transfer>
20000492:	e7c7      	b.n	20000424 <hw_handle_buff_status+0x14>
20000494:	b005      	add	sp, #20
20000496:	bcc0      	pop	{r6, r7}
20000498:	46b9      	mov	r9, r7
2000049a:	46b0      	mov	r8, r6
2000049c:	bdf0      	pop	{r4, r5, r6, r7, pc}
2000049e:	46c0      	nop			@ (mov r8, r8)
200004a0:	50110000 	.word	0x50110000
200004a4:	50113000 	.word	0x50113000
200004a8:	2000128c 	.word	0x2000128c

200004ac <dcd_rp2040_irq>:
200004ac:	b5f0      	push	{r4, r5, r6, r7, lr}
200004ae:	46ce      	mov	lr, r9
200004b0:	4647      	mov	r7, r8
200004b2:	b580      	push	{r7, lr}
200004b4:	b085      	sub	sp, #20
200004b6:	4a73      	ldr	r2, [pc, #460]	@ (20000684 <dcd_rp2040_irq+0x1d8>)
200004b8:	2398      	movs	r3, #152	@ 0x98
200004ba:	58d5      	ldr	r5, [r2, r3]
200004bc:	2380      	movs	r3, #128	@ 0x80
200004be:	029b      	lsls	r3, r3, #10
200004c0:	002f      	movs	r7, r5
200004c2:	401f      	ands	r7, r3
200004c4:	421d      	tst	r5, r3
200004c6:	d045      	beq.n	20000554 <dcd_rp2040_irq+0xa8>
200004c8:	4b6f      	ldr	r3, [pc, #444]	@ (20000688 <dcd_rp2040_irq+0x1dc>)
200004ca:	6a9a      	ldr	r2, [r3, #40]	@ 0x28
200004cc:	4b6f      	ldr	r3, [pc, #444]	@ (2000068c <dcd_rp2040_irq+0x1e0>)
200004ce:	601a      	str	r2, [r3, #0]
200004d0:	2400      	movs	r4, #0
200004d2:	2100      	movs	r1, #0
200004d4:	e009      	b.n	200004ea <dcd_rp2040_irq+0x3e>
200004d6:	4b6e      	ldr	r3, [pc, #440]	@ (20000690 <dcd_rp2040_irq+0x1e4>)
200004d8:	185b      	adds	r3, r3, r1
200004da:	333c      	adds	r3, #60	@ 0x3c
200004dc:	2200      	movs	r2, #0
200004de:	701a      	strb	r2, [r3, #0]
200004e0:	f000 f9c2 	bl	20000868 <hw_endpoint_start_next_buffer>
200004e4:	0031      	movs	r1, r6
200004e6:	3401      	adds	r4, #1
200004e8:	b2e4      	uxtb	r4, r4
200004ea:	2c0f      	cmp	r4, #15
200004ec:	d818      	bhi.n	20000520 <dcd_rp2040_irq+0x74>
200004ee:	01a6      	lsls	r6, r4, #6
200004f0:	0030      	movs	r0, r6
200004f2:	3020      	adds	r0, #32
200004f4:	4b66      	ldr	r3, [pc, #408]	@ (20000690 <dcd_rp2040_irq+0x1e4>)
200004f6:	18c0      	adds	r0, r0, r3
200004f8:	199b      	adds	r3, r3, r6
200004fa:	333b      	adds	r3, #59	@ 0x3b
200004fc:	781b      	ldrb	r3, [r3, #0]
200004fe:	2b02      	cmp	r3, #2
20000500:	d1f1      	bne.n	200004e6 <dcd_rp2040_irq+0x3a>
20000502:	4b63      	ldr	r3, [pc, #396]	@ (20000690 <dcd_rp2040_irq+0x1e4>)
20000504:	199b      	adds	r3, r3, r6
20000506:	333a      	adds	r3, #58	@ 0x3a
20000508:	781e      	ldrb	r6, [r3, #0]
2000050a:	2e00      	cmp	r6, #0
2000050c:	d0eb      	beq.n	200004e6 <dcd_rp2040_irq+0x3a>
2000050e:	4b60      	ldr	r3, [pc, #384]	@ (20000690 <dcd_rp2040_irq+0x1e4>)
20000510:	01a1      	lsls	r1, r4, #6
20000512:	185b      	adds	r3, r3, r1
20000514:	333c      	adds	r3, #60	@ 0x3c
20000516:	781b      	ldrb	r3, [r3, #0]
20000518:	2b00      	cmp	r3, #0
2000051a:	d1dc      	bne.n	200004d6 <dcd_rp2040_irq+0x2a>
2000051c:	0031      	movs	r1, r6
2000051e:	e7e2      	b.n	200004e6 <dcd_rp2040_irq+0x3a>
20000520:	2900      	cmp	r1, #0
20000522:	d108      	bne.n	20000536 <dcd_rp2040_irq+0x8a>
20000524:	4b5b      	ldr	r3, [pc, #364]	@ (20000694 <dcd_rp2040_irq+0x1e8>)
20000526:	781b      	ldrb	r3, [r3, #0]
20000528:	2b00      	cmp	r3, #0
2000052a:	d104      	bne.n	20000536 <dcd_rp2040_irq+0x8a>
2000052c:	4a5a      	ldr	r2, [pc, #360]	@ (20000698 <dcd_rp2040_irq+0x1ec>)
2000052e:	3390      	adds	r3, #144	@ 0x90
20000530:	2180      	movs	r1, #128	@ 0x80
20000532:	0289      	lsls	r1, r1, #10
20000534:	50d1      	str	r1, [r2, r3]
20000536:	4b53      	ldr	r3, [pc, #332]	@ (20000684 <dcd_rp2040_irq+0x1d8>)
20000538:	6c9b      	ldr	r3, [r3, #72]	@ 0x48
2000053a:	055b      	lsls	r3, r3, #21
2000053c:	0d5b      	lsrs	r3, r3, #21
2000053e:	a801      	add	r0, sp, #4
20000540:	2200      	movs	r2, #0
20000542:	7002      	strb	r2, [r0, #0]
20000544:	3203      	adds	r2, #3
20000546:	7042      	strb	r2, [r0, #1]
20000548:	6043      	str	r3, [r0, #4]
2000054a:	2101      	movs	r1, #1
2000054c:	f000 f9ea 	bl	20000924 <dcd_event_handler>
20000550:	2780      	movs	r7, #128	@ 0x80
20000552:	02bf      	lsls	r7, r7, #10
20000554:	06eb      	lsls	r3, r5, #27
20000556:	d406      	bmi.n	20000566 <dcd_rp2040_irq+0xba>
20000558:	03eb      	lsls	r3, r5, #15
2000055a:	d54d      	bpl.n	200005f8 <dcd_rp2040_irq+0x14c>
2000055c:	2380      	movs	r3, #128	@ 0x80
2000055e:	025b      	lsls	r3, r3, #9
20000560:	431f      	orrs	r7, r3
20000562:	2400      	movs	r4, #0
20000564:	e016      	b.n	20000594 <dcd_rp2040_irq+0xe8>
20000566:	2310      	movs	r3, #16
20000568:	431f      	orrs	r7, r3
2000056a:	f7ff ff51 	bl	20000410 <hw_handle_buff_status>
2000056e:	e7f3      	b.n	20000558 <dcd_rp2040_irq+0xac>
20000570:	2602      	movs	r6, #2
20000572:	e01c      	b.n	200005ae <dcd_rp2040_irq+0x102>
20000574:	4b49      	ldr	r3, [pc, #292]	@ (2000069c <dcd_rp2040_irq+0x1f0>)
20000576:	661e      	str	r6, [r3, #96]	@ 0x60
20000578:	4b42      	ldr	r3, [pc, #264]	@ (20000684 <dcd_rp2040_irq+0x1d8>)
2000057a:	6e5b      	ldr	r3, [r3, #100]	@ 0x64
2000057c:	4033      	ands	r3, r6
2000057e:	429e      	cmp	r6, r3
20000580:	d1fa      	bne.n	20000578 <dcd_rp2040_irq+0xcc>
20000582:	e018      	b.n	200005b6 <dcd_rp2040_irq+0x10a>
20000584:	4b42      	ldr	r3, [pc, #264]	@ (20000690 <dcd_rp2040_irq+0x1e4>)
20000586:	464a      	mov	r2, r9
20000588:	0152      	lsls	r2, r2, #5
2000058a:	189b      	adds	r3, r3, r2
2000058c:	2201      	movs	r2, #1
2000058e:	70da      	strb	r2, [r3, #3]
20000590:	3401      	adds	r4, #1
20000592:	b2e4      	uxtb	r4, r4
20000594:	2c01      	cmp	r4, #1
20000596:	d81f      	bhi.n	200005d8 <dcd_rp2040_irq+0x12c>
20000598:	46a1      	mov	r9, r4
2000059a:	0166      	lsls	r6, r4, #5
2000059c:	4b3c      	ldr	r3, [pc, #240]	@ (20000690 <dcd_rp2040_irq+0x1e4>)
2000059e:	18f3      	adds	r3, r6, r3
200005a0:	4698      	mov	r8, r3
200005a2:	7e9b      	ldrb	r3, [r3, #26]
200005a4:	2b00      	cmp	r3, #0
200005a6:	d0ed      	beq.n	20000584 <dcd_rp2040_irq+0xd8>
200005a8:	2c00      	cmp	r4, #0
200005aa:	d0e1      	beq.n	20000570 <dcd_rp2040_irq+0xc4>
200005ac:	2601      	movs	r6, #1
200005ae:	f000 facf 	bl	20000b50 <__rp2040_chip_version_veneer>
200005b2:	2801      	cmp	r0, #1
200005b4:	d8de      	bhi.n	20000574 <dcd_rp2040_irq+0xc8>
200005b6:	22c0      	movs	r2, #192	@ 0xc0
200005b8:	0192      	lsls	r2, r2, #6
200005ba:	2100      	movs	r1, #0
200005bc:	4640      	mov	r0, r8
200005be:	f000 f92d 	bl	2000081c <_hw_endpoint_buffer_control_update32>
200005c2:	4640      	mov	r0, r8
200005c4:	f000 f924 	bl	20000810 <hw_endpoint_reset_transfer>
200005c8:	f000 fac2 	bl	20000b50 <__rp2040_chip_version_veneer>
200005cc:	2801      	cmp	r0, #1
200005ce:	d9d9      	bls.n	20000584 <dcd_rp2040_irq+0xd8>
200005d0:	4b31      	ldr	r3, [pc, #196]	@ (20000698 <dcd_rp2040_irq+0x1ec>)
200005d2:	665e      	str	r6, [r3, #100]	@ 0x64
200005d4:	661e      	str	r6, [r3, #96]	@ 0x60
200005d6:	e7d5      	b.n	20000584 <dcd_rp2040_irq+0xd8>
200005d8:	a801      	add	r0, sp, #4
200005da:	2300      	movs	r3, #0
200005dc:	7003      	strb	r3, [r0, #0]
200005de:	3306      	adds	r3, #6
200005e0:	7043      	strb	r3, [r0, #1]
200005e2:	4a2f      	ldr	r2, [pc, #188]	@ (200006a0 <dcd_rp2040_irq+0x1f4>)
200005e4:	ab02      	add	r3, sp, #8
200005e6:	ca12      	ldmia	r2!, {r1, r4}
200005e8:	c312      	stmia	r3!, {r1, r4}
200005ea:	2101      	movs	r1, #1
200005ec:	f000 f99a 	bl	20000924 <dcd_event_handler>
200005f0:	4b29      	ldr	r3, [pc, #164]	@ (20000698 <dcd_rp2040_irq+0x1ec>)
200005f2:	2280      	movs	r2, #128	@ 0x80
200005f4:	0292      	lsls	r2, r2, #10
200005f6:	651a      	str	r2, [r3, #80]	@ 0x50
200005f8:	04eb      	lsls	r3, r5, #19
200005fa:	d40a      	bmi.n	20000612 <dcd_rp2040_irq+0x166>
200005fc:	046b      	lsls	r3, r5, #17
200005fe:	d41d      	bmi.n	2000063c <dcd_rp2040_irq+0x190>
20000600:	042b      	lsls	r3, r5, #16
20000602:	d42a      	bmi.n	2000065a <dcd_rp2040_irq+0x1ae>
20000604:	42af      	cmp	r7, r5
20000606:	d138      	bne.n	2000067a <dcd_rp2040_irq+0x1ce>
20000608:	b005      	add	sp, #20
2000060a:	bcc0      	pop	{r6, r7}
2000060c:	46b9      	mov	r9, r7
2000060e:	46b0      	mov	r8, r6
20000610:	bdf0      	pop	{r4, r5, r6, r7, pc}
20000612:	2380      	movs	r3, #128	@ 0x80
20000614:	015b      	lsls	r3, r3, #5
20000616:	431f      	orrs	r7, r3
20000618:	2400      	movs	r4, #0
2000061a:	4b1a      	ldr	r3, [pc, #104]	@ (20000684 <dcd_rp2040_irq+0x1d8>)
2000061c:	601c      	str	r4, [r3, #0]
2000061e:	f7ff fed7 	bl	200003d0 <reset_non_control_endpoints>
20000622:	a801      	add	r0, sp, #4
20000624:	7004      	strb	r4, [r0, #0]
20000626:	2301      	movs	r3, #1
20000628:	7043      	strb	r3, [r0, #1]
2000062a:	7104      	strb	r4, [r0, #4]
2000062c:	2101      	movs	r1, #1
2000062e:	f000 f979 	bl	20000924 <dcd_event_handler>
20000632:	4b19      	ldr	r3, [pc, #100]	@ (20000698 <dcd_rp2040_irq+0x1ec>)
20000634:	2280      	movs	r2, #128	@ 0x80
20000636:	0312      	lsls	r2, r2, #12
20000638:	651a      	str	r2, [r3, #80]	@ 0x50
2000063a:	e7df      	b.n	200005fc <dcd_rp2040_irq+0x150>
2000063c:	2380      	movs	r3, #128	@ 0x80
2000063e:	01db      	lsls	r3, r3, #7
20000640:	431f      	orrs	r7, r3
20000642:	a801      	add	r0, sp, #4
20000644:	2300      	movs	r3, #0
20000646:	7003      	strb	r3, [r0, #0]
20000648:	3304      	adds	r3, #4
2000064a:	7043      	strb	r3, [r0, #1]
2000064c:	2101      	movs	r1, #1
2000064e:	f000 f969 	bl	20000924 <dcd_event_handler>
20000652:	4b11      	ldr	r3, [pc, #68]	@ (20000698 <dcd_rp2040_irq+0x1ec>)
20000654:	2210      	movs	r2, #16
20000656:	651a      	str	r2, [r3, #80]	@ 0x50
20000658:	e7d2      	b.n	20000600 <dcd_rp2040_irq+0x154>
2000065a:	2380      	movs	r3, #128	@ 0x80
2000065c:	021b      	lsls	r3, r3, #8
2000065e:	431f      	orrs	r7, r3
20000660:	a801      	add	r0, sp, #4
20000662:	2300      	movs	r3, #0
20000664:	7003      	strb	r3, [r0, #0]
20000666:	3305      	adds	r3, #5
20000668:	7043      	strb	r3, [r0, #1]
2000066a:	2101      	movs	r1, #1
2000066c:	f000 f95a 	bl	20000924 <dcd_event_handler>
20000670:	4b09      	ldr	r3, [pc, #36]	@ (20000698 <dcd_rp2040_irq+0x1ec>)
20000672:	2280      	movs	r2, #128	@ 0x80
20000674:	0112      	lsls	r2, r2, #4
20000676:	651a      	str	r2, [r3, #80]	@ 0x50
20000678:	e7c4      	b.n	20000604 <dcd_rp2040_irq+0x158>
2000067a:	0039      	movs	r1, r7
2000067c:	4069      	eors	r1, r5
2000067e:	4809      	ldr	r0, [pc, #36]	@ (200006a4 <dcd_rp2040_irq+0x1f8>)
20000680:	f000 fa5e 	bl	20000b40 <__panic_veneer>
20000684:	50110000 	.word	0x50110000
20000688:	40054000 	.word	0x40054000
2000068c:	20001284 	.word	0x20001284
20000690:	2000128c 	.word	0x2000128c
20000694:	200018d6 	.word	0x200018d6
20000698:	50113000 	.word	0x50113000
2000069c:	50112000 	.word	0x50112000
200006a0:	50100000 	.word	0x50100000
200006a4:	100076a8 	.word	0x100076a8

200006a8 <prepare_ep_buffer>:
200006a8:	b5f8      	push	{r3, r4, r5, r6, r7, lr}
200006aa:	0004      	movs	r4, r0
200006ac:	000f      	movs	r7, r1
200006ae:	8a83      	ldrh	r3, [r0, #20]
200006b0:	8b02      	ldrh	r2, [r0, #24]
200006b2:	1c1e      	adds	r6, r3, #0
200006b4:	4293      	cmp	r3, r2
200006b6:	d900      	bls.n	200006ba <prepare_ep_buffer+0x12>
200006b8:	1c16      	adds	r6, r2, #0
200006ba:	b2b6      	uxth	r6, r6
200006bc:	1b9b      	subs	r3, r3, r6
200006be:	82a3      	strh	r3, [r4, #20]
200006c0:	2280      	movs	r2, #128	@ 0x80
200006c2:	00d2      	lsls	r2, r2, #3
200006c4:	4332      	orrs	r2, r6
200006c6:	78e3      	ldrb	r3, [r4, #3]
200006c8:	2b00      	cmp	r3, #0
200006ca:	d013      	beq.n	200006f4 <prepare_ep_buffer+0x4c>
200006cc:	2580      	movs	r5, #128	@ 0x80
200006ce:	01ad      	lsls	r5, r5, #6
200006d0:	4315      	orrs	r5, r2
200006d2:	2201      	movs	r2, #1
200006d4:	4053      	eors	r3, r2
200006d6:	70e3      	strb	r3, [r4, #3]
200006d8:	7863      	ldrb	r3, [r4, #1]
200006da:	2b00      	cmp	r3, #0
200006dc:	d00c      	beq.n	200006f8 <prepare_ep_buffer+0x50>
200006de:	8aa3      	ldrh	r3, [r4, #20]
200006e0:	2b00      	cmp	r3, #0
200006e2:	d102      	bne.n	200006ea <prepare_ep_buffer+0x42>
200006e4:	2380      	movs	r3, #128	@ 0x80
200006e6:	01db      	lsls	r3, r3, #7
200006e8:	431d      	orrs	r5, r3
200006ea:	2f00      	cmp	r7, #0
200006ec:	d000      	beq.n	200006f0 <prepare_ep_buffer+0x48>
200006ee:	042d      	lsls	r5, r5, #16
200006f0:	0028      	movs	r0, r5
200006f2:	bdf8      	pop	{r3, r4, r5, r6, r7, pc}
200006f4:	2500      	movs	r5, #0
200006f6:	e7eb      	b.n	200006d0 <prepare_ep_buffer+0x28>
200006f8:	68e0      	ldr	r0, [r4, #12]
200006fa:	01bb      	lsls	r3, r7, #6
200006fc:	18c0      	adds	r0, r0, r3
200006fe:	6921      	ldr	r1, [r4, #16]
20000700:	0032      	movs	r2, r6
20000702:	f000 fa0d 	bl	20000b20 <__unaligned_memcpy_veneer>
20000706:	6923      	ldr	r3, [r4, #16]
20000708:	199b      	adds	r3, r3, r6
2000070a:	6123      	str	r3, [r4, #16]
2000070c:	2380      	movs	r3, #128	@ 0x80
2000070e:	021b      	lsls	r3, r3, #8
20000710:	431d      	orrs	r5, r3
20000712:	e7e4      	b.n	200006de <prepare_ep_buffer+0x36>

20000714 <e15_is_bulkin_ep>:
20000714:	4b09      	ldr	r3, [pc, #36]	@ (2000073c <e15_is_bulkin_ep+0x28>)
20000716:	6c1b      	ldr	r3, [r3, #64]	@ 0x40
20000718:	079b      	lsls	r3, r3, #30
2000071a:	d40c      	bmi.n	20000736 <e15_is_bulkin_ep+0x22>
2000071c:	7883      	ldrb	r3, [r0, #2]
2000071e:	09db      	lsrs	r3, r3, #7
20000720:	2b01      	cmp	r3, #1
20000722:	d001      	beq.n	20000728 <e15_is_bulkin_ep+0x14>
20000724:	2000      	movs	r0, #0
20000726:	e007      	b.n	20000738 <e15_is_bulkin_ep+0x24>
20000728:	7ec3      	ldrb	r3, [r0, #27]
2000072a:	2b02      	cmp	r3, #2
2000072c:	d001      	beq.n	20000732 <e15_is_bulkin_ep+0x1e>
2000072e:	2000      	movs	r0, #0
20000730:	e002      	b.n	20000738 <e15_is_bulkin_ep+0x24>
20000732:	2001      	movs	r0, #1
20000734:	e000      	b.n	20000738 <e15_is_bulkin_ep+0x24>
20000736:	2000      	movs	r0, #0
20000738:	4770      	bx	lr
2000073a:	46c0      	nop			@ (mov r8, r8)
2000073c:	50110000 	.word	0x50110000

20000740 <e15_is_critical_frame_period>:
20000740:	b510      	push	{r4, lr}
20000742:	f7ff ffe7 	bl	20000714 <e15_is_bulkin_ep>
20000746:	2800      	cmp	r0, #0
20000748:	d009      	beq.n	2000075e <e15_is_critical_frame_period+0x1e>
2000074a:	4b06      	ldr	r3, [pc, #24]	@ (20000764 <e15_is_critical_frame_period+0x24>)
2000074c:	6a9b      	ldr	r3, [r3, #40]	@ 0x28
2000074e:	4a06      	ldr	r2, [pc, #24]	@ (20000768 <e15_is_critical_frame_period+0x28>)
20000750:	6812      	ldr	r2, [r2, #0]
20000752:	1a9b      	subs	r3, r3, r2
20000754:	4a05      	ldr	r2, [pc, #20]	@ (2000076c <e15_is_critical_frame_period+0x2c>)
20000756:	4694      	mov	ip, r2
20000758:	4463      	add	r3, ip
2000075a:	2bc6      	cmp	r3, #198	@ 0xc6
2000075c:	d800      	bhi.n	20000760 <e15_is_critical_frame_period+0x20>
2000075e:	bd10      	pop	{r4, pc}
20000760:	2000      	movs	r0, #0
20000762:	e7fc      	b.n	2000075e <e15_is_critical_frame_period+0x1e>
20000764:	40054000 	.word	0x40054000
20000768:	20001284 	.word	0x20001284
2000076c:	fffffce0 	.word	0xfffffce0

20000770 <sync_ep_buffer>:
20000770:	b570      	push	{r4, r5, r6, lr}
20000772:	0004      	movs	r4, r0
20000774:	6883      	ldr	r3, [r0, #8]
20000776:	681b      	ldr	r3, [r3, #0]
20000778:	2900      	cmp	r1, #0
2000077a:	d000      	beq.n	2000077e <sync_ep_buffer+0xe>
2000077c:	0c1b      	lsrs	r3, r3, #16
2000077e:	059d      	lsls	r5, r3, #22
20000780:	0dad      	lsrs	r5, r5, #22
20000782:	7862      	ldrb	r2, [r4, #1]
20000784:	2a00      	cmp	r2, #0
20000786:	d111      	bne.n	200007ac <sync_ep_buffer+0x3c>
20000788:	041b      	lsls	r3, r3, #16
2000078a:	d409      	bmi.n	200007a0 <sync_ep_buffer+0x30>
2000078c:	8ae3      	ldrh	r3, [r4, #22]
2000078e:	195b      	adds	r3, r3, r5
20000790:	82e3      	strh	r3, [r4, #22]
20000792:	8b23      	ldrh	r3, [r4, #24]
20000794:	42ab      	cmp	r3, r5
20000796:	d901      	bls.n	2000079c <sync_ep_buffer+0x2c>
20000798:	2300      	movs	r3, #0
2000079a:	82a3      	strh	r3, [r4, #20]
2000079c:	0028      	movs	r0, r5
2000079e:	bd70      	pop	{r4, r5, r6, pc}
200007a0:	4b0d      	ldr	r3, [pc, #52]	@ (200007d8 <sync_ep_buffer+0x68>)
200007a2:	4a0e      	ldr	r2, [pc, #56]	@ (200007dc <sync_ep_buffer+0x6c>)
200007a4:	480e      	ldr	r0, [pc, #56]	@ (200007e0 <sync_ep_buffer+0x70>)
200007a6:	21e8      	movs	r1, #232	@ 0xe8
200007a8:	f000 f9e2 	bl	20000b70 <____assert_func_veneer>
200007ac:	041b      	lsls	r3, r3, #16
200007ae:	d50d      	bpl.n	200007cc <sync_ep_buffer+0x5c>
200007b0:	6920      	ldr	r0, [r4, #16]
200007b2:	68e3      	ldr	r3, [r4, #12]
200007b4:	0189      	lsls	r1, r1, #6
200007b6:	1859      	adds	r1, r3, r1
200007b8:	002a      	movs	r2, r5
200007ba:	f000 f9b1 	bl	20000b20 <__unaligned_memcpy_veneer>
200007be:	8ae3      	ldrh	r3, [r4, #22]
200007c0:	195b      	adds	r3, r3, r5
200007c2:	82e3      	strh	r3, [r4, #22]
200007c4:	6923      	ldr	r3, [r4, #16]
200007c6:	195b      	adds	r3, r3, r5
200007c8:	6123      	str	r3, [r4, #16]
200007ca:	e7e2      	b.n	20000792 <sync_ep_buffer+0x22>
200007cc:	4b05      	ldr	r3, [pc, #20]	@ (200007e4 <sync_ep_buffer+0x74>)
200007ce:	4a03      	ldr	r2, [pc, #12]	@ (200007dc <sync_ep_buffer+0x6c>)
200007d0:	4803      	ldr	r0, [pc, #12]	@ (200007e0 <sync_ep_buffer+0x70>)
200007d2:	21ee      	movs	r1, #238	@ 0xee
200007d4:	f000 f9cc 	bl	20000b70 <____assert_func_veneer>
200007d8:	100076c8 	.word	0x100076c8
200007dc:	10007c94 	.word	0x10007c94
200007e0:	100076e8 	.word	0x100076e8
200007e4:	10007744 	.word	0x10007744

200007e8 <_hw_endpoint_xfer_sync>:
200007e8:	b510      	push	{r4, lr}
200007ea:	0004      	movs	r4, r0
200007ec:	6883      	ldr	r3, [r0, #8]
200007ee:	681b      	ldr	r3, [r3, #0]
200007f0:	2100      	movs	r1, #0
200007f2:	f7ff ffbd 	bl	20000770 <sync_ep_buffer>
200007f6:	6863      	ldr	r3, [r4, #4]
200007f8:	681b      	ldr	r3, [r3, #0]
200007fa:	005b      	lsls	r3, r3, #1
200007fc:	d502      	bpl.n	20000804 <_hw_endpoint_xfer_sync+0x1c>
200007fe:	8b23      	ldrh	r3, [r4, #24]
20000800:	4283      	cmp	r3, r0
20000802:	d000      	beq.n	20000806 <_hw_endpoint_xfer_sync+0x1e>
20000804:	bd10      	pop	{r4, pc}
20000806:	2101      	movs	r1, #1
20000808:	0020      	movs	r0, r4
2000080a:	f7ff ffb1 	bl	20000770 <sync_ep_buffer>
2000080e:	e7f9      	b.n	20000804 <_hw_endpoint_xfer_sync+0x1c>

20000810 <hw_endpoint_reset_transfer>:
20000810:	2300      	movs	r3, #0
20000812:	7683      	strb	r3, [r0, #26]
20000814:	8283      	strh	r3, [r0, #20]
20000816:	82c3      	strh	r3, [r0, #22]
20000818:	6103      	str	r3, [r0, #16]
2000081a:	4770      	bx	lr

2000081c <_hw_endpoint_buffer_control_update32>:
2000081c:	b510      	push	{r4, lr}
2000081e:	2900      	cmp	r1, #0
20000820:	d002      	beq.n	20000828 <_hw_endpoint_buffer_control_update32+0xc>
20000822:	6883      	ldr	r3, [r0, #8]
20000824:	681b      	ldr	r3, [r3, #0]
20000826:	4019      	ands	r1, r3
20000828:	2a00      	cmp	r2, #0
2000082a:	d010      	beq.n	2000084e <_hw_endpoint_buffer_control_update32+0x32>
2000082c:	4311      	orrs	r1, r2
2000082e:	0552      	lsls	r2, r2, #21
20000830:	d50d      	bpl.n	2000084e <_hw_endpoint_buffer_control_update32+0x32>
20000832:	6882      	ldr	r2, [r0, #8]
20000834:	6813      	ldr	r3, [r2, #0]
20000836:	055b      	lsls	r3, r3, #21
20000838:	d40c      	bmi.n	20000854 <_hw_endpoint_buffer_control_update32+0x38>
2000083a:	4b08      	ldr	r3, [pc, #32]	@ (2000085c <_hw_endpoint_buffer_control_update32+0x40>)
2000083c:	400b      	ands	r3, r1
2000083e:	6013      	str	r3, [r2, #0]
20000840:	4b07      	ldr	r3, [pc, #28]	@ (20000860 <_hw_endpoint_buffer_control_update32+0x44>)
20000842:	6c1b      	ldr	r3, [r3, #64]	@ 0x40
20000844:	079b      	lsls	r3, r3, #30
20000846:	d402      	bmi.n	2000084e <_hw_endpoint_buffer_control_update32+0x32>
20000848:	230c      	movs	r3, #12
2000084a:	3b03      	subs	r3, #3
2000084c:	d2fd      	bcs.n	2000084a <_hw_endpoint_buffer_control_update32+0x2e>
2000084e:	6883      	ldr	r3, [r0, #8]
20000850:	6019      	str	r1, [r3, #0]
20000852:	bd10      	pop	{r4, pc}
20000854:	7881      	ldrb	r1, [r0, #2]
20000856:	4803      	ldr	r0, [pc, #12]	@ (20000864 <_hw_endpoint_buffer_control_update32+0x48>)
20000858:	f000 f972 	bl	20000b40 <__panic_veneer>
2000085c:	fffffbff 	.word	0xfffffbff
20000860:	50110000 	.word	0x50110000
20000864:	10007764 	.word	0x10007764

20000868 <hw_endpoint_start_next_buffer>:
20000868:	b570      	push	{r4, r5, r6, lr}
2000086a:	0004      	movs	r4, r0
2000086c:	6843      	ldr	r3, [r0, #4]
2000086e:	681e      	ldr	r6, [r3, #0]
20000870:	2100      	movs	r1, #0
20000872:	f7ff ff19 	bl	200006a8 <prepare_ep_buffer>
20000876:	2580      	movs	r5, #128	@ 0x80
20000878:	016d      	lsls	r5, r5, #5
2000087a:	4305      	orrs	r5, r0
2000087c:	4b16      	ldr	r3, [pc, #88]	@ (200008d8 <hw_endpoint_start_next_buffer+0x70>)
2000087e:	6c1b      	ldr	r3, [r3, #64]	@ 0x40
20000880:	079b      	lsls	r3, r3, #30
20000882:	d515      	bpl.n	200008b0 <hw_endpoint_start_next_buffer+0x48>
20000884:	78a3      	ldrb	r3, [r4, #2]
20000886:	065b      	lsls	r3, r3, #25
20000888:	d117      	bne.n	200008ba <hw_endpoint_start_next_buffer+0x52>
2000088a:	2300      	movs	r3, #0
2000088c:	8aa2      	ldrh	r2, [r4, #20]
2000088e:	2a00      	cmp	r2, #0
20000890:	d001      	beq.n	20000896 <hw_endpoint_start_next_buffer+0x2e>
20000892:	2b00      	cmp	r3, #0
20000894:	d015      	beq.n	200008c2 <hw_endpoint_start_next_buffer+0x5a>
20000896:	4b11      	ldr	r3, [pc, #68]	@ (200008dc <hw_endpoint_start_next_buffer+0x74>)
20000898:	401e      	ands	r6, r3
2000089a:	2380      	movs	r3, #128	@ 0x80
2000089c:	059b      	lsls	r3, r3, #22
2000089e:	4333      	orrs	r3, r6
200008a0:	6862      	ldr	r2, [r4, #4]
200008a2:	6013      	str	r3, [r2, #0]
200008a4:	002a      	movs	r2, r5
200008a6:	2100      	movs	r1, #0
200008a8:	0020      	movs	r0, r4
200008aa:	f7ff ffb7 	bl	2000081c <_hw_endpoint_buffer_control_update32>
200008ae:	bd70      	pop	{r4, r5, r6, pc}
200008b0:	78a3      	ldrb	r3, [r4, #2]
200008b2:	09db      	lsrs	r3, r3, #7
200008b4:	d103      	bne.n	200008be <hw_endpoint_start_next_buffer+0x56>
200008b6:	3301      	adds	r3, #1
200008b8:	e7e8      	b.n	2000088c <hw_endpoint_start_next_buffer+0x24>
200008ba:	2301      	movs	r3, #1
200008bc:	e7e6      	b.n	2000088c <hw_endpoint_start_next_buffer+0x24>
200008be:	2300      	movs	r3, #0
200008c0:	e7e4      	b.n	2000088c <hw_endpoint_start_next_buffer+0x24>
200008c2:	2101      	movs	r1, #1
200008c4:	0020      	movs	r0, r4
200008c6:	f7ff feef 	bl	200006a8 <prepare_ep_buffer>
200008ca:	4305      	orrs	r5, r0
200008cc:	4a04      	ldr	r2, [pc, #16]	@ (200008e0 <hw_endpoint_start_next_buffer+0x78>)
200008ce:	4032      	ands	r2, r6
200008d0:	23a0      	movs	r3, #160	@ 0xa0
200008d2:	05db      	lsls	r3, r3, #23
200008d4:	4313      	orrs	r3, r2
200008d6:	e7e3      	b.n	200008a0 <hw_endpoint_start_next_buffer+0x38>
200008d8:	50110000 	.word	0x50110000
200008dc:	afffffff 	.word	0xafffffff
200008e0:	dfffffff 	.word	0xdfffffff

200008e4 <hw_endpoint_xfer_continue>:
200008e4:	b570      	push	{r4, r5, r6, lr}
200008e6:	0004      	movs	r4, r0
200008e8:	7e85      	ldrb	r5, [r0, #26]
200008ea:	2d00      	cmp	r5, #0
200008ec:	d006      	beq.n	200008fc <hw_endpoint_xfer_continue+0x18>
200008ee:	f7ff ff7b 	bl	200007e8 <_hw_endpoint_xfer_sync>
200008f2:	8aa3      	ldrh	r3, [r4, #20]
200008f4:	2b00      	cmp	r3, #0
200008f6:	d105      	bne.n	20000904 <hw_endpoint_xfer_continue+0x20>
200008f8:	0028      	movs	r0, r5
200008fa:	bd70      	pop	{r4, r5, r6, pc}
200008fc:	7881      	ldrb	r1, [r0, #2]
200008fe:	4808      	ldr	r0, [pc, #32]	@ (20000920 <hw_endpoint_xfer_continue+0x3c>)
20000900:	f000 f91e 	bl	20000b40 <__panic_veneer>
20000904:	0020      	movs	r0, r4
20000906:	f7ff ff1b 	bl	20000740 <e15_is_critical_frame_period>
2000090a:	1e05      	subs	r5, r0, #0
2000090c:	d003      	beq.n	20000916 <hw_endpoint_xfer_continue+0x32>
2000090e:	2301      	movs	r3, #1
20000910:	7723      	strb	r3, [r4, #28]
20000912:	2500      	movs	r5, #0
20000914:	e7f0      	b.n	200008f8 <hw_endpoint_xfer_continue+0x14>
20000916:	0020      	movs	r0, r4
20000918:	f7ff ffa6 	bl	20000868 <hw_endpoint_start_next_buffer>
2000091c:	e7ec      	b.n	200008f8 <hw_endpoint_xfer_continue+0x14>
2000091e:	46c0      	nop			@ (mov r8, r8)
20000920:	10007784 	.word	0x10007784

20000924 <dcd_event_handler>:
20000924:	b570      	push	{r4, r5, r6, lr}
20000926:	b084      	sub	sp, #16
20000928:	0005      	movs	r5, r0
2000092a:	000e      	movs	r6, r1
2000092c:	7843      	ldrb	r3, [r0, #1]
2000092e:	2b04      	cmp	r3, #4
20000930:	d041      	beq.n	200009b6 <dcd_event_handler+0x92>
20000932:	d909      	bls.n	20000948 <dcd_event_handler+0x24>
20000934:	2b05      	cmp	r3, #5
20000936:	d048      	beq.n	200009ca <dcd_event_handler+0xa6>
20000938:	2b06      	cmp	r3, #6
2000093a:	d11a      	bne.n	20000972 <dcd_event_handler+0x4e>
2000093c:	4a6e      	ldr	r2, [pc, #440]	@ (20000af8 <dcd_event_handler+0x1d4>)
2000093e:	7813      	ldrb	r3, [r2, #0]
20000940:	3301      	adds	r3, #1
20000942:	b2db      	uxtb	r3, r3
20000944:	7013      	strb	r3, [r2, #0]
20000946:	e014      	b.n	20000972 <dcd_event_handler+0x4e>
20000948:	2b02      	cmp	r3, #2
2000094a:	d003      	beq.n	20000954 <dcd_event_handler+0x30>
2000094c:	2b03      	cmp	r3, #3
2000094e:	d110      	bne.n	20000972 <dcd_event_handler+0x4e>
20000950:	2400      	movs	r4, #0
20000952:	e050      	b.n	200009f6 <dcd_event_handler+0xd2>
20000954:	4b69      	ldr	r3, [pc, #420]	@ (20000afc <dcd_event_handler+0x1d8>)
20000956:	781a      	ldrb	r2, [r3, #0]
20000958:	2101      	movs	r1, #1
2000095a:	438a      	bics	r2, r1
2000095c:	701a      	strb	r2, [r3, #0]
2000095e:	781a      	ldrb	r2, [r3, #0]
20000960:	3101      	adds	r1, #1
20000962:	438a      	bics	r2, r1
20000964:	701a      	strb	r2, [r3, #0]
20000966:	2200      	movs	r2, #0
20000968:	705a      	strb	r2, [r3, #1]
2000096a:	781a      	ldrb	r2, [r3, #0]
2000096c:	3102      	adds	r1, #2
2000096e:	438a      	bics	r2, r1
20000970:	701a      	strb	r2, [r3, #0]
20000972:	4b63      	ldr	r3, [pc, #396]	@ (20000b00 <dcd_event_handler+0x1dc>)
20000974:	681c      	ldr	r4, [r3, #0]
20000976:	6962      	ldr	r2, [r4, #20]
20000978:	f3ef 8110 	mrs	r1, PRIMASK
2000097c:	b672      	cpsid	i
2000097e:	6813      	ldr	r3, [r2, #0]
20000980:	2b00      	cmp	r3, #0
20000982:	d0fc      	beq.n	2000097e <dcd_event_handler+0x5a>
20000984:	f3bf 8f5f 	dmb	sy
20000988:	61a1      	str	r1, [r4, #24]
2000098a:	0029      	movs	r1, r5
2000098c:	0020      	movs	r0, r4
2000098e:	f000 f8cf 	bl	20000b30 <__tu_fifo_write_veneer>
20000992:	6962      	ldr	r2, [r4, #20]
20000994:	69a3      	ldr	r3, [r4, #24]
20000996:	f3bf 8f5f 	dmb	sy
2000099a:	2100      	movs	r1, #0
2000099c:	6011      	str	r1, [r2, #0]
2000099e:	f383 8810 	msr	PRIMASK, r3
200009a2:	2800      	cmp	r0, #0
200009a4:	d100      	bne.n	200009a8 <dcd_event_handler+0x84>
200009a6:	e0a0      	b.n	20000aea <dcd_event_handler+0x1c6>
200009a8:	7828      	ldrb	r0, [r5, #0]
200009aa:	7869      	ldrb	r1, [r5, #1]
200009ac:	0032      	movs	r2, r6
200009ae:	f000 f8ff 	bl	20000bb0 <__tud_event_hook_cb_veneer>
200009b2:	b004      	add	sp, #16
200009b4:	bd70      	pop	{r4, r5, r6, pc}
200009b6:	4b51      	ldr	r3, [pc, #324]	@ (20000afc <dcd_event_handler+0x1d8>)
200009b8:	781b      	ldrb	r3, [r3, #0]
200009ba:	07db      	lsls	r3, r3, #31
200009bc:	d5f9      	bpl.n	200009b2 <dcd_event_handler+0x8e>
200009be:	4a4f      	ldr	r2, [pc, #316]	@ (20000afc <dcd_event_handler+0x1d8>)
200009c0:	7813      	ldrb	r3, [r2, #0]
200009c2:	2104      	movs	r1, #4
200009c4:	430b      	orrs	r3, r1
200009c6:	7013      	strb	r3, [r2, #0]
200009c8:	e7d3      	b.n	20000972 <dcd_event_handler+0x4e>
200009ca:	4b4c      	ldr	r3, [pc, #304]	@ (20000afc <dcd_event_handler+0x1d8>)
200009cc:	781b      	ldrb	r3, [r3, #0]
200009ce:	07db      	lsls	r3, r3, #31
200009d0:	d5ef      	bpl.n	200009b2 <dcd_event_handler+0x8e>
200009d2:	4a4a      	ldr	r2, [pc, #296]	@ (20000afc <dcd_event_handler+0x1d8>)
200009d4:	7813      	ldrb	r3, [r2, #0]
200009d6:	2104      	movs	r1, #4
200009d8:	438b      	bics	r3, r1
200009da:	7013      	strb	r3, [r2, #0]
200009dc:	e7c9      	b.n	20000972 <dcd_event_handler+0x4e>
200009de:	1ae3      	subs	r3, r4, r3
200009e0:	015b      	lsls	r3, r3, #5
200009e2:	4a48      	ldr	r2, [pc, #288]	@ (20000b04 <dcd_event_handler+0x1e0>)
200009e4:	189b      	adds	r3, r3, r2
200009e6:	69db      	ldr	r3, [r3, #28]
200009e8:	2b00      	cmp	r3, #0
200009ea:	d002      	beq.n	200009f2 <dcd_event_handler+0xce>
200009ec:	7828      	ldrb	r0, [r5, #0]
200009ee:	6869      	ldr	r1, [r5, #4]
200009f0:	4798      	blx	r3
200009f2:	3401      	adds	r4, #1
200009f4:	b2e4      	uxtb	r4, r4
200009f6:	4b44      	ldr	r3, [pc, #272]	@ (20000b08 <dcd_event_handler+0x1e4>)
200009f8:	781b      	ldrb	r3, [r3, #0]
200009fa:	42a3      	cmp	r3, r4
200009fc:	d307      	bcc.n	20000a0e <dcd_event_handler+0xea>
200009fe:	d9ee      	bls.n	200009de <dcd_event_handler+0xba>
20000a00:	4b42      	ldr	r3, [pc, #264]	@ (20000b0c <dcd_event_handler+0x1e8>)
20000a02:	681b      	ldr	r3, [r3, #0]
20000a04:	0162      	lsls	r2, r4, #5
20000a06:	189b      	adds	r3, r3, r2
20000a08:	2b00      	cmp	r3, #0
20000a0a:	d1ec      	bne.n	200009e6 <dcd_event_handler+0xc2>
20000a0c:	e7f1      	b.n	200009f2 <dcd_event_handler+0xce>
20000a0e:	4b3b      	ldr	r3, [pc, #236]	@ (20000afc <dcd_event_handler+0x1d8>)
20000a10:	781b      	ldrb	r3, [r3, #0]
20000a12:	075b      	lsls	r3, r3, #29
20000a14:	d52e      	bpl.n	20000a74 <dcd_event_handler+0x150>
20000a16:	4a39      	ldr	r2, [pc, #228]	@ (20000afc <dcd_event_handler+0x1d8>)
20000a18:	7813      	ldrb	r3, [r2, #0]
20000a1a:	2104      	movs	r1, #4
20000a1c:	438b      	bics	r3, r1
20000a1e:	7013      	strb	r3, [r2, #0]
20000a20:	ac01      	add	r4, sp, #4
20000a22:	220c      	movs	r2, #12
20000a24:	2100      	movs	r1, #0
20000a26:	0020      	movs	r0, r4
20000a28:	f000 f89a 	bl	20000b60 <____wrap_memset_veneer>
20000a2c:	782b      	ldrb	r3, [r5, #0]
20000a2e:	7023      	strb	r3, [r4, #0]
20000a30:	2305      	movs	r3, #5
20000a32:	7063      	strb	r3, [r4, #1]
20000a34:	4b32      	ldr	r3, [pc, #200]	@ (20000b00 <dcd_event_handler+0x1dc>)
20000a36:	681c      	ldr	r4, [r3, #0]
20000a38:	6962      	ldr	r2, [r4, #20]
20000a3a:	f3ef 8110 	mrs	r1, PRIMASK
20000a3e:	b672      	cpsid	i
20000a40:	6813      	ldr	r3, [r2, #0]
20000a42:	2b00      	cmp	r3, #0
20000a44:	d0fc      	beq.n	20000a40 <dcd_event_handler+0x11c>
20000a46:	f3bf 8f5f 	dmb	sy
20000a4a:	61a1      	str	r1, [r4, #24]
20000a4c:	a901      	add	r1, sp, #4
20000a4e:	0020      	movs	r0, r4
20000a50:	f000 f86e 	bl	20000b30 <__tu_fifo_write_veneer>
20000a54:	6962      	ldr	r2, [r4, #20]
20000a56:	69a3      	ldr	r3, [r4, #24]
20000a58:	f3bf 8f5f 	dmb	sy
20000a5c:	2100      	movs	r1, #0
20000a5e:	6011      	str	r1, [r2, #0]
20000a60:	f383 8810 	msr	PRIMASK, r3
20000a64:	2800      	cmp	r0, #0
20000a66:	d032      	beq.n	20000ace <dcd_event_handler+0x1aa>
20000a68:	ab01      	add	r3, sp, #4
20000a6a:	7818      	ldrb	r0, [r3, #0]
20000a6c:	7859      	ldrb	r1, [r3, #1]
20000a6e:	0032      	movs	r2, r6
20000a70:	f000 f89e 	bl	20000bb0 <__tud_event_hook_cb_veneer>
20000a74:	4b21      	ldr	r3, [pc, #132]	@ (20000afc <dcd_event_handler+0x1d8>)
20000a76:	78db      	ldrb	r3, [r3, #3]
20000a78:	07db      	lsls	r3, r3, #31
20000a7a:	d400      	bmi.n	20000a7e <dcd_event_handler+0x15a>
20000a7c:	e799      	b.n	200009b2 <dcd_event_handler+0x8e>
20000a7e:	782a      	ldrb	r2, [r5, #0]
20000a80:	ab01      	add	r3, sp, #4
20000a82:	701a      	strb	r2, [r3, #0]
20000a84:	2203      	movs	r2, #3
20000a86:	705a      	strb	r2, [r3, #1]
20000a88:	686a      	ldr	r2, [r5, #4]
20000a8a:	9202      	str	r2, [sp, #8]
20000a8c:	4b1c      	ldr	r3, [pc, #112]	@ (20000b00 <dcd_event_handler+0x1dc>)
20000a8e:	681c      	ldr	r4, [r3, #0]
20000a90:	6962      	ldr	r2, [r4, #20]
20000a92:	f3ef 8110 	mrs	r1, PRIMASK
20000a96:	b672      	cpsid	i
20000a98:	6813      	ldr	r3, [r2, #0]
20000a9a:	2b00      	cmp	r3, #0
20000a9c:	d0fc      	beq.n	20000a98 <dcd_event_handler+0x174>
20000a9e:	f3bf 8f5f 	dmb	sy
20000aa2:	61a1      	str	r1, [r4, #24]
20000aa4:	a901      	add	r1, sp, #4
20000aa6:	0020      	movs	r0, r4
20000aa8:	f000 f842 	bl	20000b30 <__tu_fifo_write_veneer>
20000aac:	6962      	ldr	r2, [r4, #20]
20000aae:	69a3      	ldr	r3, [r4, #24]
20000ab0:	f3bf 8f5f 	dmb	sy
20000ab4:	2100      	movs	r1, #0
20000ab6:	6011      	str	r1, [r2, #0]
20000ab8:	f383 8810 	msr	PRIMASK, r3
20000abc:	2800      	cmp	r0, #0
20000abe:	d00d      	beq.n	20000adc <dcd_event_handler+0x1b8>
20000ac0:	ab01      	add	r3, sp, #4
20000ac2:	7818      	ldrb	r0, [r3, #0]
20000ac4:	7859      	ldrb	r1, [r3, #1]
20000ac6:	0032      	movs	r2, r6
20000ac8:	f000 f872 	bl	20000bb0 <__tud_event_hook_cb_veneer>
20000acc:	e771      	b.n	200009b2 <dcd_event_handler+0x8e>
20000ace:	2266      	movs	r2, #102	@ 0x66
20000ad0:	490f      	ldr	r1, [pc, #60]	@ (20000b10 <dcd_event_handler+0x1ec>)
20000ad2:	4810      	ldr	r0, [pc, #64]	@ (20000b14 <dcd_event_handler+0x1f0>)
20000ad4:	32ff      	adds	r2, #255	@ 0xff
20000ad6:	f000 f853 	bl	20000b80 <____wrap_printf_veneer>
20000ada:	e7cb      	b.n	20000a74 <dcd_event_handler+0x150>
20000adc:	2266      	movs	r2, #102	@ 0x66
20000ade:	490c      	ldr	r1, [pc, #48]	@ (20000b10 <dcd_event_handler+0x1ec>)
20000ae0:	480c      	ldr	r0, [pc, #48]	@ (20000b14 <dcd_event_handler+0x1f0>)
20000ae2:	32ff      	adds	r2, #255	@ 0xff
20000ae4:	f000 f84c 	bl	20000b80 <____wrap_printf_veneer>
20000ae8:	e763      	b.n	200009b2 <dcd_event_handler+0x8e>
20000aea:	2266      	movs	r2, #102	@ 0x66
20000aec:	4908      	ldr	r1, [pc, #32]	@ (20000b10 <dcd_event_handler+0x1ec>)
20000aee:	4809      	ldr	r0, [pc, #36]	@ (20000b14 <dcd_event_handler+0x1f0>)
20000af0:	32ff      	adds	r2, #255	@ 0xff
20000af2:	f000 f845 	bl	20000b80 <____wrap_printf_veneer>
20000af6:	e75c      	b.n	200009b2 <dcd_event_handler+0x8e>
20000af8:	200018d7 	.word	0x200018d7
20000afc:	20000ff8 	.word	0x20000ff8
20000b00:	20001050 	.word	0x20001050
20000b04:	10007d5c 	.word	0x10007d5c
20000b08:	200018d5 	.word	0x200018d5
20000b0c:	20000e48 	.word	0x20000e48
20000b10:	10007cd8 	.word	0x10007cd8
20000b14:	100077e4 	.word	0x100077e4

20000b18 <__aeabi_idiv0>:
20000b18:	4770      	bx	lr
20000b1a:	46c0      	nop			@ (mov r8, r8)
20000b1c:	0000      	movs	r0, r0
	...

20000b20 <__unaligned_memcpy_veneer>:
20000b20:	b401      	push	{r0}
20000b22:	4802      	ldr	r0, [pc, #8]	@ (20000b2c <__unaligned_memcpy_veneer+0xc>)
20000b24:	4684      	mov	ip, r0
20000b26:	bc01      	pop	{r0}
20000b28:	4760      	bx	ip
20000b2a:	bf00      	nop
20000b2c:	1000496d 	.word	0x1000496d

20000b30 <__tu_fifo_write_veneer>:
20000b30:	b401      	push	{r0}
20000b32:	4802      	ldr	r0, [pc, #8]	@ (20000b3c <__tu_fifo_write_veneer+0xc>)
20000b34:	4684      	mov	ip, r0
20000b36:	bc01      	pop	{r0}
20000b38:	4760      	bx	ip
20000b3a:	bf00      	nop
20000b3c:	1000666d 	.word	0x1000666d

20000b40 <__panic_veneer>:
20000b40:	b401      	push	{r0}
20000b42:	4802      	ldr	r0, [pc, #8]	@ (20000b4c <__panic_veneer+0xc>)
20000b44:	4684      	mov	ip, r0
20000b46:	bc01      	pop	{r0}
20000b48:	4760      	bx	ip
20000b4a:	bf00      	nop
20000b4c:	100006dd 	.word	0x100006dd

20000b50 <__rp2040_chip_version_veneer>:
20000b50:	b401      	push	{r0}
20000b52:	4802      	ldr	r0, [pc, #8]	@ (20000b5c <__rp2040_chip_version_veneer+0xc>)
20000b54:	4684      	mov	ip, r0
20000b56:	bc01      	pop	{r0}
20000b58:	4760      	bx	ip
20000b5a:	bf00      	nop
20000b5c:	10000689 	.word	0x10000689

20000b60 <____wrap_memset_veneer>:
20000b60:	b401      	push	{r0}
20000b62:	4802      	ldr	r0, [pc, #8]	@ (20000b6c <____wrap_memset_veneer+0xc>)
20000b64:	4684      	mov	ip, r0
20000b66:	bc01      	pop	{r0}
20000b68:	4760      	bx	ip
20000b6a:	bf00      	nop
20000b6c:	10002a29 	.word	0x10002a29

20000b70 <____assert_func_veneer>:
20000b70:	b401      	push	{r0}
20000b72:	4802      	ldr	r0, [pc, #8]	@ (20000b7c <____assert_func_veneer+0xc>)
20000b74:	4684      	mov	ip, r0
20000b76:	bc01      	pop	{r0}
20000b78:	4760      	bx	ip
20000b7a:	bf00      	nop
20000b7c:	10003c35 	.word	0x10003c35

20000b80 <____wrap_printf_veneer>:
20000b80:	b401      	push	{r0}
20000b82:	4802      	ldr	r0, [pc, #8]	@ (20000b8c <____wrap_printf_veneer+0xc>)
20000b84:	4684      	mov	ip, r0
20000b86:	bc01      	pop	{r0}
20000b88:	4760      	bx	ip
20000b8a:	bf00      	nop
20000b8c:	10003f0d 	.word	0x10003f0d

20000b90 <__best_effort_wfe_or_timeout_veneer>:
20000b90:	b401      	push	{r0}
20000b92:	4802      	ldr	r0, [pc, #8]	@ (20000b9c <__best_effort_wfe_or_timeout_veneer+0xc>)
20000b94:	4684      	mov	ip, r0
20000b96:	bc01      	pop	{r0}
20000b98:	4760      	bx	ip
20000b9a:	bf00      	nop
20000b9c:	10001455 	.word	0x10001455

20000ba0 <__time_us_64_veneer>:
20000ba0:	b401      	push	{r0}
20000ba2:	4802      	ldr	r0, [pc, #8]	@ (20000bac <__time_us_64_veneer+0xc>)
20000ba4:	4684      	mov	ip, r0
20000ba6:	bc01      	pop	{r0}
20000ba8:	4760      	bx	ip
20000baa:	bf00      	nop
20000bac:	10001615 	.word	0x10001615

20000bb0 <__tud_event_hook_cb_veneer>:
20000bb0:	b401      	push	{r0}
20000bb2:	4802      	ldr	r0, [pc, #8]	@ (20000bbc <__tud_event_hook_cb_veneer+0xc>)
20000bb4:	4684      	mov	ip, r0
20000bb6:	bc01      	pop	{r0}
20000bb8:	4760      	bx	ip
20000bba:	bf00      	nop
20000bbc:	10004c59 	.word	0x10004c59

20000bc0 <____wrap___aeabi_lmul_veneer>:
20000bc0:	b401      	push	{r0}
20000bc2:	4802      	ldr	r0, [pc, #8]	@ (20000bcc <____wrap___aeabi_lmul_veneer+0xc>)
20000bc4:	4684      	mov	ip, r0
20000bc6:	bc01      	pop	{r0}
20000bc8:	4760      	bx	ip
20000bca:	bf00      	nop
20000bcc:	100028b5 	.word	0x100028b5

20000bd0 <striped_spin_lock_num>:
20000bd0:	00000010                                ....

20000bd4 <irq_handler_chain_slots>:
20000bd4:	00000000 	.word	0x00000000
20000bd8:	00010000 	.word	0x00010000
	...
20000be4:	00020000 	.word	0x00020000
	...
20000bf0:	00030000 	.word	0x00030000
	...
20000bfc:	00040000 	.word	0x00040000
	...
20000c08:	00050000 	.word	0x00050000
	...
20000c14:	00ff0000 	.word	0x00ff0000
20000c18:	00000000 	.word	0x00000000

20000c1c <irq_handler_chain_first_slot>:
20000c1c:	b501      	push	{r0, lr}
20000c1e:	6848      	ldr	r0, [r1, #4]
20000c20:	3101      	adds	r1, #1
20000c22:	468e      	mov	lr, r1
20000c24:	4700      	bx	r0

20000c26 <irq_handler_chain_remove_tail>:
20000c26:	4670      	mov	r0, lr
20000c28:	3809      	subs	r0, #9
20000c2a:	4901      	ldr	r1, [pc, #4]	@ (20000c30 <irq_handler_chain_remove_tail+0xa>)
20000c2c:	4788      	blx	r1
20000c2e:	bd01      	pop	{r0, pc}
20000c30:	10000bd5 	.word	0x10000bd5
20000c34:	00000000 	.word	0x00000000

20000c38 <last_added.0>:
20000c38:	ffffffff 7fffffff                       ........

20000c40 <default_alarm_pool>:
	...
20000c54:	20000cc0 00000000 00000000              ... ........

20000c60 <aeabi_bits_funcs>:
20000c60:	00003350 	.word	0x00003350
20000c64:	0000334c 	.word	0x0000334c
20000c68:	00003354 	.word	0x00003354
20000c6c:	00003352 	.word	0x00003352

20000c70 <aeabi_bits_funcs_end>:
20000c70:	0000534d 	.word	0x0000534d
20000c74:	0000434d 	.word	0x0000434d
20000c78:	00003453 	.word	0x00003453
20000c7c:	00003443 	.word	0x00003443

20000c80 <stdio_usb>:
20000c80:	100042b1 10003f39 10004211 10003f25     .B..9?...B..%?..
20000c90:	00000000 00000100                       ........

20000c98 <_usbd_qdef>:
20000c98:	20001054 000c0010 00000000 00000000     T.. ............
	...

20000cb4 <_usbd_rhport>:
20000cb4:	000000ff                                ....

20000cb8 <print_mutex>:
	...
